game_id,iter_idx,converged,rounds,duration_sec,player_count,quality_scores_json,final_datasizes_json,final_payoffs_json
1,1,1,812,6.138950,20,"{""C01"": 1.047603, ""C02"": 0.956679, ""C03"": 1.015103, ""C04"": 0.938601, ""C05"": 0.962299, ""C06"": 1.063518, ""C07"": 1.012883, ""C08"": 0.998551, ""C09"": 0.936481, ""C10"": 0.990521, ""C11"": 0.935623, ""C12"": 0.953884, ""C13"": 0.993367, ""C14"": 1.027162, ""C15"": 0.940598, ""C16"": 0.945826, ""C17"": 1.046354, ""C18"": 0.934852, ""C19"": 1.001597, ""C20"": 0.955508}","{""C01"": 0, ""C02"": 0, ""C03"": 0, ""C04"": 0, ""C05"": 0, ""C06"": 2014, ""C07"": 0, ""C08"": 0, ""C09"": 0, ""C10"": 0, ""C11"": 0, ""C12"": 0, ""C13"": 0, ""C14"": 0, ""C15"": 0, ""C16"": 0, ""C17"": 0, ""C18"": 0, ""C19"": 0, ""C20"": 0}","{""C01"": 0.024798163785476335, ""C02"": 0.024798163785476335, ""C03"": 0.024798163785476335, ""C04"": 0.024798163785476335, ""C05"": 0.024798163785476335, ""C06"": 0.023631839223706545, ""C07"": 0.024798163785476335, ""C08"": 0.024798163785476335, ""C09"": 0.024798163785476335, ""C10"": 0.024798163785476335, ""C11"": 0.024798163785476335, ""C12"": 0.024798163785476335, ""C13"": 0.024798163785476335, ""C14"": 0.024798163785476335, ""C15"": 0.024798163785476335, ""C16"": 0.024798163785476335, ""C17"": 0.024798163785476335, ""C18"": 0.024798163785476335, ""C19"": 0.024798163785476335, ""C20"": 0.024798163785476335}"
2,2,1,530,4.186912,20,"{""C01"": 1.047603, ""C02"": 0.991318, ""C03"": 1.015103, ""C04"": 0.938601, ""C05"": 0.962299, ""C06"": 1.063518, ""C07"": 1.012883, ""C08"": 0.998551, ""C09"": 0.936481, ""C10"": 0.990521, ""C11"": 0.961545, ""C12"": 0.953884, ""C13"": 0.993367, ""C14"": 1.027162, ""C15"": 0.964211, ""C16"": 0.945826, ""C17"": 1.072702, ""C18"": 0.985086, ""C19"": 1.119899, ""C20"": 1.08207}","{""C01"": 0, ""C02"": 0, ""C03"": 0, ""C04"": 0, ""C05"": 0, ""C06"": 0, ""C07"": 0, ""C08"": 0, ""C09"": 0, ""C10"": 0, ""C11"": 0, ""C12"": 0, ""C13"": 0, ""C14"": 0, ""C15"": 0, ""C16"": 0, ""C17"": 0, ""C18"": 0, ""C19"": 1982, ""C20"": 0}","{""C01"": 0.02483968932714946, ""C02"": 0.02483968932714946, ""C03"": 0.02483968932714946, ""C04"": 0.02483968932714946, ""C05"": 0.02483968932714946, ""C06"": 0.02483968932714946, ""C07"": 0.02483968932714946, ""C08"": 0.02483968932714946, ""C09"": 0.02483968932714946, ""C10"": 0.02483968932714946, ""C11"": 0.02483968932714946, ""C12"": 0.02483968932714946, ""C13"": 0.02483968932714946, ""C14"": 0.02483968932714946, ""C15"": 0.02483968932714946, ""C16"": 0.02483968932714946, ""C17"": 0.02483968932714946, ""C18"": 0.02483968932714946, ""C19"": 0.02369189637244886, ""C20"": 0.02483968932714946}"
3,3,1,538,4.281887,20,"{""C01"": 1.047603, ""C02"": 0.991318, ""C03"": 1.015103, ""C04"": 0.938601, ""C05"": 0.962299, ""C06"": 1.063518, ""C07"": 1.012883, ""C08"": 0.998551, ""C09"": 0.978284, ""C10"": 0.990521, ""C11"": 0.961545, ""C12"": 0.953884, ""C13"": 0.993656, ""C14"": 1.032251, ""C15"": 0.964211, ""C16"": 1.02067, ""C17"": 1.186139, ""C18"": 1.206589, ""C19"": 1.176055, ""C20"": 1.203122}","{""C01"": 0, ""C02"": 0, ""C03"": 0, ""C04"": 0, ""C05"": 0, ""C06"": 0, ""C07"": 0, ""C08"": 0, ""C09"": 0, ""C10"": 0, ""C11"": 0, ""C12"": 0, ""C13"": 0, ""C14"": 0, ""C15"": 0, ""C16"": 0, ""C17"": 0, ""C18"": 1185, ""C19"": 0, ""C20"": 754}","{""C01"": 0.024898539112747795, ""C02"": 0.024898539112747795, ""C03"": 0.024898539112747795, ""C04"": 0.024898539112747795, ""C05"": 0.024898539112747795, ""C06"": 0.024898539112747795, ""C07"": 0.024898539112747795, ""C08"": 0.024898539112747795, ""C09"": 0.024898539112747795, ""C10"": 0.024898539112747795, ""C11"": 0.024898539112747795, ""C12"": 0.024898539112747795, ""C13"": 0.024898539112747795, ""C14"": 0.024898539112747795, ""C15"": 0.024898539112747795, ""C16"": 0.024898539112747795, ""C17"": 0.024898539112747795, ""C18"": 0.024212302292250337, ""C19"": 0.024898539112747795, ""C20"": 0.024461890124416057}"
4,4,1,1021,7.033912,20,"{""C01"": 1.047603, ""C02"": 0.991318, ""C03"": 1.015103, ""C04"": 0.938601, ""C05"": 1.007827, ""C06"": 1.063518, ""C07"": 1.028314, ""C08"": 0.998551, ""C09"": 1.026362, ""C10"": 1.019653, ""C11"": 1.037744, ""C12"": 1.097461, ""C13"": 1.041582, ""C14"": 1.080355, ""C15"": 1.003737, ""C16"": 1.069128, ""C17"": 1.309009, ""C18"": 1.34665, ""C19"": 1.28858, ""C20"": 1.331291}","{""C01"": 0, ""C02"": 0, ""C03"": 0, ""C04"": 0, ""C05"": 0, ""C06"": 0, ""C07"": 0, ""C08"": 0, ""C09"": 0, ""C10"": 0, ""C11"": 0, ""C12"": 0, ""C13"": 0, ""C14"": 0, ""C15"": 0, ""C16"": 0, ""C17"": 0, ""C18"": 1871, ""C19"": 0, ""C20"": 0}","{""C01"": 0.024982088097513677, ""C02"": 0.024982088097513677, ""C03"": 0.024982088097513677, ""C04"": 0.024982088097513677, ""C05"": 0.024982088097513677, ""C06"": 0.024982088097513677, ""C07"": 0.024982088097513677, ""C08"": 0.024982088097513677, ""C09"": 0.024982088097513677, ""C10"": 0.024982088097513677, ""C11"": 0.024982088097513677, ""C12"": 0.024982088097513677, ""C13"": 0.024982088097513677, ""C14"": 0.024982088097513677, ""C15"": 0.024982088097513677, ""C16"": 0.024982088097513677, ""C17"": 0.024982088097513677, ""C18"": 0.023898578759901607, ""C19"": 0.024982088097513677, ""C20"": 0.024982088097513677}"
5,5,1,630,3.873012,20,"{""C01"": 1.047603, ""C02"": 1.058476, ""C03"": 1.022502, ""C04"": 1.062607, ""C05"": 1.194452, ""C06"": 1.162317, ""C07"": 1.130771, ""C08"": 1.107116, ""C09"": 1.20033, ""C10"": 1.122636, ""C11"": 1.184311, ""C12"": 1.200795, ""C13"": 1.20856, ""C14"": 1.18404, ""C15"": 1.183903, ""C16"": 1.173164, ""C17"": 1.475425, ""C18"": 1.535939, ""C19"": 1.540344, ""C20"": 1.518925}","{""C01"": 0, ""C02"": 0, ""C03"": 0, ""C04"": 0, ""C05"": 0, ""C06"": 0, ""C07"": 0, ""C08"": 0, ""C09"": 0, ""C10"": 0, ""C11"": 0, ""C12"": 0, ""C13"": 0, ""C14"": 0, ""C15"": 0, ""C16"": 0, ""C17"": 0, ""C18"": 650, ""C19"": 1146, ""C20"": 0}","{""C01"": 0.025080914803300755, ""C02"": 0.025080914803300755, ""C03"": 0.025080914803300755, ""C04"": 0.025080914803300755, ""C05"": 0.025080914803300755, ""C06"": 0.025080914803300755, ""C07"": 0.025080914803300755, ""C08"": 0.025080914803300755, ""C09"": 0.025080914803300755, ""C10"": 0.025080914803300755, ""C11"": 0.025080914803300755, ""C12"": 0.025080914803300755, ""C13"": 0.025080914803300755, ""C14"": 0.025080914803300755, ""C15"": 0.025080914803300755, ""C16"": 0.025080914803300755, ""C17"": 0.025080914803300755, ""C18"": 0.024704495546502336, ""C19"": 0.024417265473047355, ""C20"": 0.025080914803300755}"
6,6,1,442,3.969366,20,"{""C01"": 1.154446, ""C02"": 1.161873, ""C03"": 1.147581, ""C04"": 1.166439, ""C05"": 1.32164, ""C06"": 1.28968, ""C07"": 1.294243, ""C08"": 1.248689, ""C09"": 1.328213, ""C10"": 1.252347, ""C11"": 1.332658, ""C12"": 1.329199, ""C13"": 1.337137, ""C14"": 1.31279, ""C15"": 1.352534, ""C16"": 1.312172, ""C17"": 1.707295, ""C18"": 1.750711, ""C19"": 1.740199, ""C20"": 1.711269}","{""C01"": 0, ""C02"": 0, ""C03"": 0, ""C04"": 0, ""C05"": 0, ""C06"": 0, ""C07"": 0, ""C08"": 0, ""C09"": 0, ""C10"": 0, ""C11"": 0, ""C12"": 0, ""C13"": 0, ""C14"": 0, ""C15"": 0, ""C16"": 0, ""C17"": 0, ""C18"": 960, ""C19"": 768, ""C20"": 0}","{""C01"": 0.025170996111359756, ""C02"": 0.025170996111359756, ""C03"": 0.025170996111359756, ""C04"": 0.025170996111359756, ""C05"": 0.025170996111359756, ""C06"": 0.025170996111359756, ""C07"": 0.025170996111359756, ""C08"": 0.025170996111359756, ""C09"": 0.025170996111359756, ""C10"": 0.025170996111359756, ""C11"": 0.025170996111359756, ""C12"": 0.025170996111359756, ""C13"": 0.025170996111359756, ""C14"": 0.025170996111359756, ""C15"": 0.025170996111359756, ""C16"": 0.025170996111359756, ""C17"": 0.025170996111359756, ""C18"": 0.02461506323381389, ""C19"": 0.024726234360548976, ""C20"": 0.025170996111359756}"
7,7,1,1079,9.270557,20,"{""C01"": 1.238264, ""C02"": 1.245905, ""C03"": 1.231828, ""C04"": 1.2509, ""C05"": 1.429213, ""C06"": 1.397423, ""C07"": 1.457871, ""C08"": 1.356776, ""C09"": 1.436472, ""C10"": 1.360778, ""C11"": 1.441261, ""C12"": 1.437973, ""C13"": 1.446082, ""C14"": 1.421908, ""C15"": 1.461823, ""C16"": 1.422109, ""C17"": 1.90847, ""C18"": 1.921747, ""C19"": 1.948064, ""C20"": 1.883306}","{""C01"": 0, ""C02"": 0, ""C03"": 0, ""C04"": 0, ""C05"": 0, ""C06"": 0, ""C07"": 0, ""C08"": 0, ""C09"": 0, ""C10"": 0, ""C11"": 0, ""C12"": 0, ""C13"": 0, ""C14"": 0, ""C15"": 0, ""C16"": 0, ""C17"": 0, ""C18"": 0, ""C19"": 1666, ""C20"": 0}","{""C01"": 0.025243156302698147, ""C02"": 0.025243156302698147, ""C03"": 0.025243156302698147, ""C04"": 0.025243156302698147, ""C05"": 0.025243156302698147, ""C06"": 0.025243156302698147, ""C07"": 0.025243156302698147, ""C08"": 0.025243156302698147, ""C09"": 0.025243156302698147, ""C10"": 0.025243156302698147, ""C11"": 0.025243156302698147, ""C12"": 0.025243156302698147, ""C13"": 0.025243156302698147, ""C14"": 0.025243156302698147, ""C15"": 0.025243156302698147, ""C16"": 0.025243156302698147, ""C17"": 0.025243156302698147, ""C18"": 0.025243156302698147, ""C19"": 0.02427836794039659, ""C20"": 0.025243156302698147}"
8,8,1,632,4.858558,20,"{""C01"": 1.266064, ""C02"": 1.273918, ""C03"": 1.260054, ""C04"": 1.279338, ""C05"": 1.480513, ""C06"": 1.490131, ""C07"": 1.509511, ""C08"": 1.486114, ""C09"": 1.510385, ""C10"": 1.412928, ""C11"": 1.493581, ""C12"": 1.490463, ""C13"": 1.498742, ""C14"": 1.474737, ""C15"": 1.514822, ""C16"": 1.475278, ""C17"": 2.107418, ""C18"": 2.077373, ""C19"": 2.110099, ""C20"": 2.050263}","{""C01"": 0, ""C02"": 0, ""C03"": 0, ""C04"": 0, ""C05"": 0, ""C06"": 0, ""C07"": 0, ""C08"": 0, ""C09"": 0, ""C10"": 0, ""C11"": 0, ""C12"": 0, ""C13"": 0, ""C14"": 0, ""C15"": 0, ""C16"": 0, ""C17"": 629, ""C18"": 0, ""C19"": 996, ""C20"": 0}","{""C01"": 0.02529550643160662, ""C02"": 0.02529550643160662, ""C03"": 0.02529550643160662, ""C04"": 0.02529550643160662, ""C05"": 0.02529550643160662, ""C06"": 0.02529550643160662, ""C07"": 0.02529550643160662, ""C08"": 0.02529550643160662, ""C09"": 0.02529550643160662, ""C10"": 0.02529550643160662, ""C11"": 0.02529550643160662, ""C12"": 0.02529550643160662, ""C13"": 0.02529550643160662, ""C14"": 0.02529550643160662, ""C15"": 0.02529550643160662, ""C16"": 0.02529550643160662, ""C17"": 0.02493125876273083, ""C18"": 0.02529550643160662, ""C19"": 0.024718728889934448, ""C20"": 0.02529550643160662}"
9,9,1,463,4.152228,20,"{""C01"": 1.266064, ""C02"": 1.273918, ""C03"": 1.260054, ""C04"": 1.279338, ""C05"": 1.498108, ""C06"": 1.490131, ""C07"": 1.509547, ""C08"": 1.486114, ""C09"": 1.510385, ""C10"": 1.50754, ""C11"": 1.493581, ""C12"": 1.490463, ""C13"": 1.498742, ""C14"": 1.51063, ""C15"": 1.514822, ""C16"": 1.475278, ""C17"": 2.15375, ""C18"": 2.124195, ""C19"": 2.157411, ""C20"": 2.115182}","{""C01"": 0, ""C02"": 0, ""C03"": 0, ""C04"": 0, ""C05"": 0, ""C06"": 0, ""C07"": 0, ""C08"": 0, ""C09"": 0, ""C10"": 0, ""C11"": 0, ""C12"": 0, ""C13"": 0, ""C14"": 0, ""C15"": 0, ""C16"": 0, ""C17"": 790, ""C18"": 0, ""C19"": 824, ""C20"": 0}","{""C01"": 0.025309729562646724, ""C02"": 0.025309729562646724, ""C03"": 0.025309729562646724, ""C04"": 0.025309729562646724, ""C05"": 0.025309729562646724, ""C06"": 0.025309729562646724, ""C07"": 0.025309729562646724, ""C08"": 0.025309729562646724, ""C09"": 0.025309729562646724, ""C10"": 0.025309729562646724, ""C11"": 0.025309729562646724, ""C12"": 0.025309729562646724, ""C13"": 0.025309729562646724, ""C14"": 0.025309729562646724, ""C15"": 0.025309729562646724, ""C16"": 0.025309729562646724, ""C17"": 0.024852242550103706, ""C18"": 0.025309729562646724, ""C19"": 0.024832561349229097, ""C20"": 0.025309729562646724}"
10,10,1,468,3.648864,20,"{""C01"": 1.266064, ""C02"": 1.273918, ""C03"": 1.260054, ""C04"": 1.279338, ""C05"": 1.498108, ""C06"": 1.490131, ""C07"": 1.509547, ""C08"": 1.486114, ""C09"": 1.510385, ""C10"": 1.50754, ""C11"": 1.493581, ""C12"": 1.490463, ""C13"": 1.498742, ""C14"": 1.51063, ""C15"": 1.514822, ""C16"": 1.475278, ""C17"": 2.153932, ""C18"": 2.147493, ""C19"": 2.158562, ""C20"": 2.170705}","{""C01"": 0, ""C02"": 0, ""C03"": 0, ""C04"": 0, ""C05"": 0, ""C06"": 0, ""C07"": 0, ""C08"": 0, ""C09"": 0, ""C10"": 0, ""C11"": 0, ""C12"": 0, ""C13"": 0, ""C14"": 0, ""C15"": 0, ""C16"": 0, ""C17"": 399, ""C18"": 0, ""C19"": 409, ""C20"": 807}","{""C01"": 0.025313741671535717, ""C02"": 0.025313741671535717, ""C03"": 0.025313741671535717, ""C04"": 0.025313741671535717, ""C05"": 0.025313741671535717, ""C06"": 0.025313741671535717, ""C07"": 0.025313741671535717, ""C08"": 0.025313741671535717, ""C09"": 0.025313741671535717, ""C10"": 0.025313741671535717, ""C11"": 0.025313741671535717, ""C12"": 0.025313741671535717, ""C13"": 0.025313741671535717, ""C14"": 0.025313741671535717, ""C15"": 0.025313741671535717, ""C16"": 0.025313741671535717, ""C17"": 0.025082673862872742, ""C18"": 0.025313741671535717, ""C19"": 0.025076885536528783, ""C20"": 0.02484641801809394}"
11,11,1,469,3.849010,20,"{""C01"": 1.266064, ""C02"": 1.273918, ""C03"": 1.260054, ""C04"": 1.279338, ""C05"": 1.498108, ""C06"": 1.490131, ""C07"": 1.509547, ""C08"": 1.486114, ""C09"": 1.510385, ""C10"": 1.50754, ""C11"": 1.493581, ""C12"": 1.490463, ""C13"": 1.498742, ""C14"": 1.51063, ""C15"": 1.514822, ""C16"": 1.475278, ""C17"": 2.153932, ""C18"": 2.147493, ""C19"": 2.178591, ""C20"": 2.176468}","{""C01"": 0, ""C02"": 0, ""C03"": 0, ""C04"": 0, ""C05"": 0, ""C06"": 0, ""C07"": 0, ""C08"": 0, ""C09"": 0, ""C10"": 0, ""C11"": 0, ""C12"": 0, ""C13"": 0, ""C14"": 0, ""C15"": 0, ""C16"": 0, ""C17"": 0, ""C18"": 0, ""C19"": 818, ""C20"": 791}","{""C01"": 0.025316332094223654, ""C02"": 0.025316332094223654, ""C03"": 0.025316332094223654, ""C04"": 0.025316332094223654, ""C05"": 0.025316332094223654, ""C06"": 0.025316332094223654, ""C07"": 0.025316332094223654, ""C08"": 0.025316332094223654, ""C09"": 0.025316332094223654, ""C10"": 0.025316332094223654, ""C11"": 0.025316332094223654, ""C12"": 0.025316332094223654, ""C13"": 0.025316332094223654, ""C14"": 0.025316332094223654, ""C15"": 0.025316332094223654, ""C16"": 0.025316332094223654, ""C17"": 0.025316332094223654, ""C18"": 0.025316332094223654, ""C19"": 0.024842636043298495, ""C20"": 0.024858267303016796}"
12,12,1,213,2.036625,20,"{""C01"": 1.266064, ""C02"": 1.273918, ""C03"": 1.260054, ""C04"": 1.279338, ""C05"": 1.498108, ""C06"": 1.490131, ""C07"": 1.509547, ""C08"": 1.486114, ""C09"": 1.510385, ""C10"": 1.50754, ""C11"": 1.493581, ""C12"": 1.490463, ""C13"": 1.498742, ""C14"": 1.51063, ""C15"": 1.514822, ""C16"": 1.475278, ""C17"": 2.185086, ""C18"": 2.199059, ""C19"": 2.315119, ""C20"": 2.301059}","{""C01"": 0, ""C02"": 0, ""C03"": 0, ""C04"": 0, ""C05"": 0, ""C06"": 0, ""C07"": 0, ""C08"": 0, ""C09"": 0, ""C10"": 0, ""C11"": 0, ""C12"": 0, ""C13"": 0, ""C14"": 0, ""C15"": 0, ""C16"": 0, ""C17"": 0, ""C18"": 0, ""C19"": 851, ""C20"": 731}","{""C01"": 0.02535496637993309, ""C02"": 0.02535496637993309, ""C03"": 0.02535496637993309, ""C04"": 0.02535496637993309, ""C05"": 0.02535496637993309, ""C06"": 0.02535496637993309, ""C07"": 0.02535496637993309, ""C08"": 0.02535496637993309, ""C09"": 0.02535496637993309, ""C10"": 0.02535496637993309, ""C11"": 0.02535496637993309, ""C12"": 0.02535496637993309, ""C13"": 0.02535496637993309, ""C14"": 0.02535496637993309, ""C15"": 0.02535496637993309, ""C16"": 0.02535496637993309, ""C17"": 0.02535496637993309, ""C18"": 0.02535496637993309, ""C19"": 0.024862159771853968, ""C20"": 0.02493163277668213}"
13,13,1,1006,8.316880,20,"{""C01"": 1.266064, ""C02"": 1.273918, ""C03"": 1.260054, ""C04"": 1.279338, ""C05"": 1.498108, ""C06"": 1.490131, ""C07"": 1.509547, ""C08"": 1.486114, ""C09"": 1.510385, ""C10"": 1.50754, ""C11"": 1.493581, ""C12"": 1.490463, ""C13"": 1.498742, ""C14"": 1.51063, ""C15"": 1.514822, ""C16"": 1.475278, ""C17"": 2.334399, ""C18"": 2.368008, ""C19"": 2.429397, ""C20"": 2.393139}","{""C01"": 0, ""C02"": 0, ""C03"": 0, ""C04"": 0, ""C05"": 0, ""C06"": 0, ""C07"": 0, ""C08"": 0, ""C09"": 0, ""C10"": 0, ""C11"": 0, ""C12"": 0, ""C13"": 0, ""C14"": 0, ""C15"": 0, ""C16"": 0, ""C17"": 0, ""C18"": 0, ""C19"": 1553, ""C20"": 0}","{""C01"": 0.025384681766155492, ""C02"": 0.025384681766155492, ""C03"": 0.025384681766155492, ""C04"": 0.025384681766155492, ""C05"": 0.025384681766155492, ""C06"": 0.025384681766155492, ""C07"": 0.025384681766155492, ""C08"": 0.025384681766155492, ""C09"": 0.025384681766155492, ""C10"": 0.025384681766155492, ""C11"": 0.025384681766155492, ""C12"": 0.025384681766155492, ""C13"": 0.025384681766155492, ""C14"": 0.025384681766155492, ""C15"": 0.025384681766155492, ""C16"": 0.025384681766155492, ""C17"": 0.025384681766155492, ""C18"": 0.025384681766155492, ""C19"": 0.02448533760612214, ""C20"": 0.025384681766155492}"
14,14,1,322,2.008299,20,"{""C01"": 1.266064, ""C02"": 1.273918, ""C03"": 1.260054, ""C04"": 1.279338, ""C05"": 1.498108, ""C06"": 1.490131, ""C07"": 1.509547, ""C08"": 1.504059, ""C09"": 1.510385, ""C10"": 1.527407, ""C11"": 1.503608, ""C12"": 1.510672, ""C13"": 1.498742, ""C14"": 1.51063, ""C15"": 1.514822, ""C16"": 1.480799, ""C17"": 2.532604, ""C18"": 2.506438, ""C19"": 2.602446, ""C20"": 2.613509}","{""C01"": 0, ""C02"": 0, ""C03"": 0, ""C04"": 0, ""C05"": 0, ""C06"": 0, ""C07"": 0, ""C08"": 0, ""C09"": 0, ""C10"": 0, ""C11"": 0, ""C12"": 0, ""C13"": 0, ""C14"": 0, ""C15"": 0, ""C16"": 0, ""C17"": 0, ""C18"": 0, ""C19"": 697, ""C20"": 824}","{""C01"": 0.02542980533450513, ""C02"": 0.02542980533450513, ""C03"": 0.02542980533450513, ""C04"": 0.02542980533450513, ""C05"": 0.02542980533450513, ""C06"": 0.02542980533450513, ""C07"": 0.02542980533450513, ""C08"": 0.02542980533450513, ""C09"": 0.02542980533450513, ""C10"": 0.02542980533450513, ""C11"": 0.02542980533450513, ""C12"": 0.02542980533450513, ""C13"": 0.02542980533450513, ""C14"": 0.02542980533450513, ""C15"": 0.02542980533450513, ""C16"": 0.02542980533450513, ""C17"": 0.02542980533450513, ""C18"": 0.02542980533450513, ""C19"": 0.025026166131901537, ""C20"": 0.02495263543230281}"
15,15,1,496,3.087109,20,"{""C01"": 1.266064, ""C02"": 1.273918, ""C03"": 1.260054, ""C04"": 1.279338, ""C05"": 1.575072, ""C06"": 1.559183, ""C07"": 1.563692, ""C08"": 1.59701, ""C09"": 1.604366, ""C10"": 1.620672, ""C11"": 1.603895, ""C12"": 1.625867, ""C13"": 1.574054, ""C14"": 1.591702, ""C15"": 1.604251, ""C16"": 1.597366, ""C17"": 2.68266, ""C18"": 2.710679, ""C19"": 2.753417, ""C20"": 2.764939}","{""C01"": 0, ""C02"": 0, ""C03"": 0, ""C04"": 0, ""C05"": 0, ""C06"": 0, ""C07"": 0, ""C08"": 0, ""C09"": 0, ""C10"": 0, ""C11"": 0, ""C12"": 0, ""C13"": 0, ""C14"": 0, ""C15"": 0, ""C16"": 0, ""C17"": 0, ""C18"": 0, ""C19"": 574, ""C20"": 919}","{""C01"": 0.02546328573980179, ""C02"": 0.02546328573980179, ""C03"": 0.02546328573980179, ""C04"": 0.02546328573980179, ""C05"": 0.02546328573980179, ""C06"": 0.02546328573980179, ""C07"": 0.02546328573980179, ""C08"": 0.02546328573980179, ""C09"": 0.02546328573980179, ""C10"": 0.02546328573980179, ""C11"": 0.02546328573980179, ""C12"": 0.02546328573980179, ""C13"": 0.02546328573980179, ""C14"": 0.02546328573980179, ""C15"": 0.02546328573980179, ""C16"": 0.02546328573980179, ""C17"": 0.02546328573980179, ""C18"": 0.02546328573980179, ""C19"": 0.025130880115306942, ""C20"": 0.024931102482199964}"
16,16,1,246,1.658283,20,"{""C01"": 1.266064, ""C02"": 1.273918, ""C03"": 1.260054, ""C04"": 1.279338, ""C05"": 1.638929, ""C06"": 1.623195, ""C07"": 1.631075, ""C08"": 1.684514, ""C09"": 1.668843, ""C10"": 1.685305, ""C11"": 1.668683, ""C12"": 1.69081, ""C13"": 1.639153, ""C14"": 1.656956, ""C15"": 1.66966, ""C16"": 1.66293, ""C17"": 2.892742, ""C18"": 2.831892, ""C19"": 2.907552, ""C20"": 2.887056}","{""C01"": 0, ""C02"": 0, ""C03"": 0, ""C04"": 0, ""C05"": 0, ""C06"": 0, ""C07"": 0, ""C08"": 0, ""C09"": 0, ""C10"": 0, ""C11"": 0, ""C12"": 0, ""C13"": 0, ""C14"": 0, ""C15"": 0, ""C16"": 0, ""C17"": 532, ""C18"": 0, ""C19"": 565, ""C20"": 375}","{""C01"": 0.025492757422196158, ""C02"": 0.025492757422196158, ""C03"": 0.025492757422196158, ""C04"": 0.025492757422196158, ""C05"": 0.025492757422196158, ""C06"": 0.025492757422196158, ""C07"": 0.025492757422196158, ""C08"": 0.025492757422196158, ""C09"": 0.025492757422196158, ""C10"": 0.025492757422196158, ""C11"": 0.025492757422196158, ""C12"": 0.025492757422196158, ""C13"": 0.025492757422196158, ""C14"": 0.025492757422196158, ""C15"": 0.025492757422196158, ""C16"": 0.025492757422196158, ""C17"": 0.02518467298781413, ""C18"": 0.025492757422196158, ""C19"": 0.02516558380226103, ""C20"": 0.025275590192111418}"
17,17,1,1128,9.785173,20,"{""C01"": 1.266064, ""C02"": 1.273918, ""C03"": 1.260054, ""C04"": 1.279338, ""C05"": 1.648378, ""C06"": 1.643606, ""C07"": 1.663675, ""C08"": 1.694424, ""C09"": 1.678907, ""C10"": 1.695521, ""C11"": 1.679052, ""C12"": 1.725922, ""C13"": 1.655695, ""C14"": 1.686784, ""C15"": 1.718356, ""C16"": 1.67417, ""C17"": 2.958421, ""C18"": 2.946619, ""C19"": 2.974125, ""C20"": 3.010202}","{""C01"": 0, ""C02"": 0, ""C03"": 0, ""C04"": 0, ""C05"": 0, ""C06"": 0, ""C07"": 0, ""C08"": 0, ""C09"": 0, ""C10"": 0, ""C11"": 0, ""C12"": 0, ""C13"": 0, ""C14"": 0, ""C15"": 0, ""C16"": 0, ""C17"": 0, ""C18"": 0, ""C19"": 0, ""C20"": 1451}","{""C01"": 0.025513204636781195, ""C02"": 0.025513204636781195, ""C03"": 0.025513204636781195, ""C04"": 0.025513204636781195, ""C05"": 0.025513204636781195, ""C06"": 0.025513204636781195, ""C07"": 0.025513204636781195, ""C08"": 0.025513204636781195, ""C09"": 0.025513204636781195, ""C10"": 0.025513204636781195, ""C11"": 0.025513204636781195, ""C12"": 0.025513204636781195, ""C13"": 0.025513204636781195, ""C14"": 0.025513204636781195, ""C15"": 0.025513204636781195, ""C16"": 0.025513204636781195, ""C17"": 0.025513204636781195, ""C18"": 0.025513204636781195, ""C19"": 0.025513204636781195, ""C20"": 0.02467293001415767}"
18,18,1,795,6.727977,20,"{""C01"": 1.266064, ""C02"": 1.273918, ""C03"": 1.260054, ""C04"": 1.279338, ""C05"": 1.648378, ""C06"": 1.643606, ""C07"": 1.663675, ""C08"": 1.694424, ""C09"": 1.678907, ""C10"": 1.695521, ""C11"": 1.679052, ""C12"": 1.725922, ""C13"": 1.655695, ""C14"": 1.689936, ""C15"": 1.718356, ""C16"": 1.67417, ""C17"": 2.972549, ""C18"": 3.025054, ""C19"": 2.989137, ""C20"": 3.07438}","{""C01"": 0, ""C02"": 0, ""C03"": 0, ""C04"": 0, ""C05"": 0, ""C06"": 0, ""C07"": 0, ""C08"": 0, ""C09"": 0, ""C10"": 0, ""C11"": 0, ""C12"": 0, ""C13"": 0, ""C14"": 0, ""C15"": 0, ""C16"": 0, ""C17"": 0, ""C18"": 0, ""C19"": 0, ""C20"": 1441}","{""C01"": 0.0255251944013532, ""C02"": 0.0255251944013532, ""C03"": 0.0255251944013532, ""C04"": 0.0255251944013532, ""C05"": 0.0255251944013532, ""C06"": 0.0255251944013532, ""C07"": 0.0255251944013532, ""C08"": 0.0255251944013532, ""C09"": 0.0255251944013532, ""C10"": 0.0255251944013532, ""C11"": 0.0255251944013532, ""C12"": 0.0255251944013532, ""C13"": 0.0255251944013532, ""C14"": 0.0255251944013532, ""C15"": 0.0255251944013532, ""C16"": 0.0255251944013532, ""C17"": 0.0255251944013532, ""C18"": 0.0255251944013532, ""C19"": 0.0255251944013532, ""C20"": 0.02469071254962406}"
19,19,1,408,4.062184,20,"{""C01"": 1.266064, ""C02"": 1.273918, ""C03"": 1.260054, ""C04"": 1.279338, ""C05"": 1.648378, ""C06"": 1.643606, ""C07"": 1.663675, ""C08"": 1.694424, ""C09"": 1.678907, ""C10"": 1.695521, ""C11"": 1.679052, ""C12"": 1.725922, ""C13"": 1.655695, ""C14"": 1.689936, ""C15"": 1.718356, ""C16"": 1.67417, ""C17"": 3.062651, ""C18"": 3.025054, ""C19"": 3.062476, ""C20"": 3.07438}","{""C01"": 0, ""C02"": 0, ""C03"": 0, ""C04"": 0, ""C05"": 0, ""C06"": 0, ""C07"": 0, ""C08"": 0, ""C09"": 0, ""C10"": 0, ""C11"": 0, ""C12"": 0, ""C13"": 0, ""C14"": 0, ""C15"": 0, ""C16"": 0, ""C17"": 369, ""C18"": 0, ""C19"": 368, ""C20"": 707}","{""C01"": 0.025525292258173765, ""C02"": 0.025525292258173765, ""C03"": 0.025525292258173765, ""C04"": 0.025525292258173765, ""C05"": 0.025525292258173765, ""C06"": 0.025525292258173765, ""C07"": 0.025525292258173765, ""C08"": 0.025525292258173765, ""C09"": 0.025525292258173765, ""C10"": 0.025525292258173765, ""C11"": 0.025525292258173765, ""C12"": 0.025525292258173765, ""C13"": 0.025525292258173765, ""C14"": 0.025525292258173765, ""C15"": 0.025525292258173765, ""C16"": 0.025525292258173765, ""C17"": 0.025311607199311012, ""C18"": 0.025525292258173765, ""C19"": 0.025312186151907983, ""C20"": 0.02511588226118977}"
20,20,1,82,0.501020,20,"{""C01"": 1.266064, ""C02"": 1.273918, ""C03"": 1.260054, ""C04"": 1.279338, ""C05"": 1.648378, ""C06"": 1.643606, ""C07"": 1.663675, ""C08"": 1.694424, ""C09"": 1.678907, ""C10"": 1.695521, ""C11"": 1.679052, ""C12"": 1.725922, ""C13"": 1.655695, ""C14"": 1.689936, ""C15"": 1.718356, ""C16"": 1.67417, ""C17"": 3.080139, ""C18"": 3.085451, ""C19"": 3.084581, ""C20"": 3.103858}","{""C01"": 0, ""C02"": 0, ""C03"": 0, ""C04"": 0, ""C05"": 0, ""C06"": 0, ""C07"": 0, ""C08"": 0, ""C09"": 0, ""C10"": 0, ""C11"": 0, ""C12"": 0, ""C13"": 0, ""C14"": 0, ""C15"": 0, ""C16"": 0, ""C17"": 351, ""C18"": 357, ""C19"": 356, ""C20"": 380}","{""C01"": 0.0255308787220222, ""C02"": 0.0255308787220222, ""C03"": 0.0255308787220222, ""C04"": 0.0255308787220222, ""C05"": 0.0255308787220222, ""C06"": 0.0255308787220222, ""C07"": 0.0255308787220222, ""C08"": 0.0255308787220222, ""C09"": 0.0255308787220222, ""C10"": 0.0255308787220222, ""C11"": 0.0255308787220222, ""C12"": 0.0255308787220222, ""C13"": 0.0255308787220222, ""C14"": 0.0255308787220222, ""C15"": 0.0255308787220222, ""C16"": 0.0255308787220222, ""C17"": 0.02532760898625877, ""C18"": 0.02532413700323099, ""C19"": 0.025324715631295434, ""C20"": 0.02531083935964999}"
21,21,1,80,0.489466,20,"{""C01"": 1.266064, ""C02"": 1.273918, ""C03"": 1.260054, ""C04"": 1.279338, ""C05"": 1.648378, ""C06"": 1.643606, ""C07"": 1.663675, ""C08"": 1.694424, ""C09"": 1.678907, ""C10"": 1.695521, ""C11"": 1.679052, ""C12"": 1.725922, ""C13"": 1.655695, ""C14"": 1.689936, ""C15"": 1.718356, ""C16"": 1.67417, ""C17"": 3.177122, ""C18"": 3.160256, ""C19"": 3.159811, ""C20"": 3.179514}","{""C01"": 0, ""C02"": 0, ""C03"": 0, ""C04"": 0, ""C05"": 0, ""C06"": 0, ""C07"": 0, ""C08"": 0, ""C09"": 0, ""C10"": 0, ""C11"": 0, ""C12"": 0, ""C13"": 0, ""C14"": 0, ""C15"": 0, ""C16"": 0, ""C17"": 366, ""C18"": 348, ""C19"": 348, ""C20"": 369}","{""C01"": 0.02554487762565716, ""C02"": 0.02554487762565716, ""C03"": 0.02554487762565716, ""C04"": 0.02554487762565716, ""C05"": 0.02554487762565716, ""C06"": 0.02554487762565716, ""C07"": 0.02554487762565716, ""C08"": 0.02554487762565716, ""C09"": 0.02554487762565716, ""C10"": 0.02554487762565716, ""C11"": 0.02554487762565716, ""C12"": 0.02554487762565716, ""C13"": 0.02554487762565716, ""C14"": 0.02554487762565716, ""C15"": 0.02554487762565716, ""C16"": 0.02554487762565716, ""C17"": 0.025332939875748056, ""C18"": 0.02534334676244939, ""C19"": 0.02534334659920439, ""C20"": 0.02533120600964845}"
22,22,1,1085,6.675467,20,"{""C01"": 1.266064, ""C02"": 1.273918, ""C03"": 1.260054, ""C04"": 1.279338, ""C05"": 1.687287, ""C06"": 1.652185, ""C07"": 1.698788, ""C08"": 1.713634, ""C09"": 1.729942, ""C10"": 1.695521, ""C11"": 1.679648, ""C12"": 1.725922, ""C13"": 1.704106, ""C14"": 1.702937, ""C15"": 1.718356, ""C16"": 1.735378, ""C17"": 3.350214, ""C18"": 3.332003, ""C19"": 3.342881, ""C20"": 3.401422}","{""C01"": 0, ""C02"": 0, ""C03"": 0, ""C04"": 0, ""C05"": 0, ""C06"": 0, ""C07"": 0, ""C08"": 0, ""C09"": 0, ""C10"": 0, ""C11"": 0, ""C12"": 0, ""C13"": 0, ""C14"": 0, ""C15"": 0, ""C16"": 0, ""C17"": 0, ""C18"": 0, ""C19"": 0, ""C20"": 1395}","{""C01"": 0.02558213336008651, ""C02"": 0.02558213336008651, ""C03"": 0.02558213336008651, ""C04"": 0.02558213336008651, ""C05"": 0.02558213336008651, ""C06"": 0.02558213336008651, ""C07"": 0.02558213336008651, ""C08"": 0.02558213336008651, ""C09"": 0.02558213336008651, ""C10"": 0.02558213336008651, ""C11"": 0.02558213336008651, ""C12"": 0.02558213336008651, ""C13"": 0.02558213336008651, ""C14"": 0.02558213336008651, ""C15"": 0.02558213336008651, ""C16"": 0.02558213336008651, ""C17"": 0.02558213336008651, ""C18"": 0.02558213336008651, ""C19"": 0.02558213336008651, ""C20"": 0.024774292955010338}"
23,23,1,735,5.617840,20,"{""C01"": 1.266064, ""C02"": 1.273918, ""C03"": 1.260054, ""C04"": 1.279338, ""C05"": 1.810444, ""C06"": 1.775484, ""C07"": 1.824146, ""C08"": 1.849389, ""C09"": 1.853669, ""C10"": 1.815173, ""C11"": 1.803659, ""C12"": 1.849953, ""C13"": 1.828402, ""C14"": 1.827375, ""C15"": 1.85651, ""C16"": 1.860101, ""C17"": 3.525559, ""C18"": 3.545047, ""C19"": 3.519058, ""C20"": 3.578013}","{""C01"": 0, ""C02"": 0, ""C03"": 0, ""C04"": 0, ""C05"": 0, ""C06"": 0, ""C07"": 0, ""C08"": 0, ""C09"": 0, ""C10"": 0, ""C11"": 0, ""C12"": 0, ""C13"": 0, ""C14"": 0, ""C15"": 0, ""C16"": 0, ""C17"": 0, ""C18"": 347, ""C19"": 0, ""C20"": 1029}","{""C01"": 0.025610129430403847, ""C02"": 0.025610129430403847, ""C03"": 0.025610129430403847, ""C04"": 0.025610129430403847, ""C05"": 0.025610129430403847, ""C06"": 0.025610129430403847, ""C07"": 0.025610129430403847, ""C08"": 0.025610129430403847, ""C09"": 0.025610129430403847, ""C10"": 0.025610129430403847, ""C11"": 0.025610129430403847, ""C12"": 0.025610129430403847, ""C13"": 0.025610129430403847, ""C14"": 0.025610129430403847, ""C15"": 0.025610129430403847, ""C16"": 0.025610129430403847, ""C17"": 0.025610129430403847, ""C18"": 0.025409175422587235, ""C19"": 0.025610129430403847, ""C20"": 0.02501424555287344}"
24,24,1,705,4.381251,20,"{""C01"": 1.275476, ""C02"": 1.278631, ""C03"": 1.284683, ""C04"": 1.279338, ""C05"": 1.928601, ""C06"": 1.893782, ""C07"": 1.942584, ""C08"": 1.967968, ""C09"": 1.972388, ""C10"": 1.934033, ""C11"": 1.922659, ""C12"": 1.969094, ""C13"": 1.986721, ""C14"": 1.989277, ""C15"": 1.976072, ""C16"": 1.979804, ""C17"": 3.749961, ""C18"": 3.715129, ""C19"": 3.68968, ""C20"": 3.776033}","{""C01"": 0, ""C02"": 0, ""C03"": 0, ""C04"": 0, ""C05"": 0, ""C06"": 0, ""C07"": 0, ""C08"": 0, ""C09"": 0, ""C10"": 0, ""C11"": 0, ""C12"": 0, ""C13"": 0, ""C14"": 0, ""C15"": 0, ""C16"": 0, ""C17"": 355, ""C18"": 0, ""C19"": 0, ""C20"": 997}","{""C01"": 0.025639422334824538, ""C02"": 0.025639422334824538, ""C03"": 0.025639422334824538, ""C04"": 0.025639422334824538, ""C05"": 0.025639422334824538, ""C06"": 0.025639422334824538, ""C07"": 0.025639422334824538, ""C08"": 0.025639422334824538, ""C09"": 0.025639422334824538, ""C10"": 0.025639422334824538, ""C11"": 0.025639422334824538, ""C12"": 0.025639422334824538, ""C13"": 0.025639422334824538, ""C14"": 0.025639422334824538, ""C15"": 0.025639422334824538, ""C16"": 0.025639422334824538, ""C17"": 0.025433838294692354, ""C18"": 0.025639422334824538, ""C19"": 0.025639422334824538, ""C20"": 0.02506206944692901}"
25,25,1,383,2.362337,20,"{""C01"": 1.328484, ""C02"": 1.331813, ""C03"": 1.338038, ""C04"": 1.355491, ""C05"": 2.000791, ""C06"": 2.004643, ""C07"": 2.015051, ""C08"": 2.040573, ""C09"": 2.045132, ""C10"": 2.022374, ""C11"": 2.058345, ""C12"": 2.042254, ""C13"": 2.06002, ""C14"": 2.062715, ""C15"": 2.060581, ""C16"": 2.053519, ""C17"": 3.876996, ""C18"": 3.838564, ""C19"": 3.906488, ""C20"": 3.900278}","{""C01"": 0, ""C02"": 0, ""C03"": 0, ""C04"": 0, ""C05"": 0, ""C06"": 0, ""C07"": 0, ""C08"": 0, ""C09"": 0, ""C10"": 0, ""C11"": 0, ""C12"": 0, ""C13"": 0, ""C14"": 0, ""C15"": 0, ""C16"": 0, ""C17"": 332, ""C18"": 0, ""C19"": 654, ""C20"": 352}","{""C01"": 0.02565754506864895, ""C02"": 0.02565754506864895, ""C03"": 0.02565754506864895, ""C04"": 0.02565754506864895, ""C05"": 0.02565754506864895, ""C06"": 0.02565754506864895, ""C07"": 0.02565754506864895, ""C08"": 0.02565754506864895, ""C09"": 0.02565754506864895, ""C10"": 0.02565754506864895, ""C11"": 0.02565754506864895, ""C12"": 0.02565754506864895, ""C13"": 0.02565754506864895, ""C14"": 0.02565754506864895, ""C15"": 0.02565754506864895, ""C16"": 0.02565754506864895, ""C17"": 0.0254652797692199, ""C18"": 0.02565754506864895, ""C19"": 0.025278830042099985, ""C20"": 0.02545371544729737}"
26,26,1,391,2.418443,20,"{""C01"": 1.328484, ""C02"": 1.331813, ""C03"": 1.338038, ""C04"": 1.355491, ""C05"": 2.034571, ""C06"": 2.06218, ""C07"": 2.023475, ""C08"": 2.049134, ""C09"": 2.05383, ""C10"": 2.066129, ""C11"": 2.067315, ""C12"": 2.051362, ""C13"": 2.069264, ""C14"": 2.072097, ""C15"": 2.070099, ""C16"": 2.098026, ""C17"": 3.942406, ""C18"": 3.914018, ""C19"": 3.965605, ""C20"": 3.959793}","{""C01"": 0, ""C02"": 0, ""C03"": 0, ""C04"": 0, ""C05"": 0, ""C06"": 0, ""C07"": 0, ""C08"": 0, ""C09"": 0, ""C10"": 0, ""C11"": 0, ""C12"": 0, ""C13"": 0, ""C14"": 0, ""C15"": 0, ""C16"": 0, ""C17"": 329, ""C18"": 0, ""C19"": 657, ""C20"": 345}","{""C01"": 0.02566552521220125, ""C02"": 0.02566552521220125, ""C03"": 0.02566552521220125, ""C04"": 0.02566552521220125, ""C05"": 0.02566552521220125, ""C06"": 0.02566552521220125, ""C07"": 0.02566552521220125, ""C08"": 0.02566552521220125, ""C09"": 0.02566552521220125, ""C10"": 0.02566552521220125, ""C11"": 0.02566552521220125, ""C12"": 0.02566552521220125, ""C13"": 0.02566552521220125, ""C14"": 0.02566552521220125, ""C15"": 0.02566552521220125, ""C16"": 0.02566552521220125, ""C17"": 0.02547500060460877, ""C18"": 0.02566552521220125, ""C19"": 0.025285072682744034, ""C20"": 0.025465750187947892}"
27,27,1,82,0.507650,20,"{""C01"": 1.328484, ""C02"": 1.331813, ""C03"": 1.338038, ""C04"": 1.355491, ""C05"": 2.034571, ""C06"": 2.06218, ""C07"": 2.023475, ""C08"": 2.049134, ""C09"": 2.05383, ""C10"": 2.066129, ""C11"": 2.067315, ""C12"": 2.051362, ""C13"": 2.069264, ""C14"": 2.072097, ""C15"": 2.070099, ""C16"": 2.098026, ""C17"": 4.022835, ""C18"": 4.021035, ""C19"": 4.021848, ""C20"": 4.04989}","{""C01"": 0, ""C02"": 0, ""C03"": 0, ""C04"": 0, ""C05"": 0, ""C06"": 0, ""C07"": 0, ""C08"": 0, ""C09"": 0, ""C10"": 0, ""C11"": 0, ""C12"": 0, ""C13"": 0, ""C14"": 0, ""C15"": 0, ""C16"": 0, ""C17"": 327, ""C18"": 324, ""C19"": 325, ""C20"": 350}","{""C01"": 0.025676370700383533, ""C02"": 0.025676370700383533, ""C03"": 0.025676370700383533, ""C04"": 0.025676370700383533, ""C05"": 0.025676370700383533, ""C06"": 0.025676370700383533, ""C07"": 0.025676370700383533, ""C08"": 0.025676370700383533, ""C09"": 0.025676370700383533, ""C10"": 0.025676370700383533, ""C11"": 0.025676370700383533, ""C12"": 0.025676370700383533, ""C13"": 0.025676370700383533, ""C14"": 0.025676370700383533, ""C15"": 0.025676370700383533, ""C16"": 0.025676370700383533, ""C17"": 0.025487003351872567, ""C18"": 0.02548873992840143, ""C19"": 0.025488161161622606, ""C20"": 0.025473709855380073}"
28,28,1,82,0.508318,20,"{""C01"": 1.328484, ""C02"": 1.331813, ""C03"": 1.338038, ""C04"": 1.355491, ""C05"": 2.034571, ""C06"": 2.06218, ""C07"": 2.023475, ""C08"": 2.049134, ""C09"": 2.05383, ""C10"": 2.066129, ""C11"": 2.067315, ""C12"": 2.051362, ""C13"": 2.069264, ""C14"": 2.072097, ""C15"": 2.070099, ""C16"": 2.098026, ""C17"": 4.022835, ""C18"": 4.021035, ""C19"": 4.021848, ""C20"": 4.04989}","{""C01"": 0, ""C02"": 0, ""C03"": 0, ""C04"": 0, ""C05"": 0, ""C06"": 0, ""C07"": 0, ""C08"": 0, ""C09"": 0, ""C10"": 0, ""C11"": 0, ""C12"": 0, ""C13"": 0, ""C14"": 0, ""C15"": 0, ""C16"": 0, ""C17"": 327, ""C18"": 324, ""C19"": 325, ""C20"": 350}","{""C01"": 0.025676370700383533, ""C02"": 0.025676370700383533, ""C03"": 0.025676370700383533, ""C04"": 0.025676370700383533, ""C05"": 0.025676370700383533, ""C06"": 0.025676370700383533, ""C07"": 0.025676370700383533, ""C08"": 0.025676370700383533, ""C09"": 0.025676370700383533, ""C10"": 0.025676370700383533, ""C11"": 0.025676370700383533, ""C12"": 0.025676370700383533, ""C13"": 0.025676370700383533, ""C14"": 0.025676370700383533, ""C15"": 0.025676370700383533, ""C16"": 0.025676370700383533, ""C17"": 0.025487003351872567, ""C18"": 0.02548873992840143, ""C19"": 0.025488161161622606, ""C20"": 0.025473709855380073}"
29,29,1,711,5.300743,20,"{""C01"": 1.328484, ""C02"": 1.331813, ""C03"": 1.338038, ""C04"": 1.355491, ""C05"": 2.034571, ""C06"": 2.06218, ""C07"": 2.023475, ""C08"": 2.049134, ""C09"": 2.05383, ""C10"": 2.066129, ""C11"": 2.067315, ""C12"": 2.051362, ""C13"": 2.069264, ""C14"": 2.072097, ""C15"": 2.070099, ""C16"": 2.098026, ""C17"": 4.036579, ""C18"": 4.035551, ""C19"": 4.056351, ""C20"": 4.091969}","{""C01"": 0, ""C02"": 0, ""C03"": 0, ""C04"": 0, ""C05"": 0, ""C06"": 0, ""C07"": 0, ""C08"": 0, ""C09"": 0, ""C10"": 0, ""C11"": 0, ""C12"": 0, ""C13"": 0, ""C14"": 0, ""C15"": 0, ""C16"": 0, ""C17"": 0, ""C18"": 0, ""C19"": 329, ""C20"": 989}","{""C01"": 0.025681928521571265, ""C02"": 0.025681928521571265, ""C03"": 0.025681928521571265, ""C04"": 0.025681928521571265, ""C05"": 0.025681928521571265, ""C06"": 0.025681928521571265, ""C07"": 0.025681928521571265, ""C08"": 0.025681928521571265, ""C09"": 0.025681928521571265, ""C10"": 0.025681928521571265, ""C11"": 0.025681928521571265, ""C12"": 0.025681928521571265, ""C13"": 0.025681928521571265, ""C14"": 0.025681928521571265, ""C15"": 0.025681928521571265, ""C16"": 0.025681928521571265, ""C17"": 0.025681928521571265, ""C18"": 0.025681928521571265, ""C19"": 0.025491399389262717, ""C20"": 0.025109209812103978}"
30,30,1,79,0.869890,20,"{""C01"": 1.328484, ""C02"": 1.331813, ""C03"": 1.338038, ""C04"": 1.355491, ""C05"": 2.034571, ""C06"": 2.06218, ""C07"": 2.023475, ""C08"": 2.049134, ""C09"": 2.05383, ""C10"": 2.066129, ""C11"": 2.067315, ""C12"": 2.051362, ""C13"": 2.069264, ""C14"": 2.072097, ""C15"": 2.070099, ""C16"": 2.098026, ""C17"": 4.152992, ""C18"": 4.159089, ""C19"": 4.169084, ""C20"": 4.166668}","{""C01"": 0, ""C02"": 0, ""C03"": 0, ""C04"": 0, ""C05"": 0, ""C06"": 0, ""C07"": 0, ""C08"": 0, ""C09"": 0, ""C10"": 0, ""C11"": 0, ""C12"": 0, ""C13"": 0, ""C14"": 0, ""C15"": 0, ""C16"": 0, ""C17"": 324, ""C18"": 327, ""C19"": 330, ""C20"": 329}","{""C01"": 0.025691948100196343, ""C02"": 0.025691948100196343, ""C03"": 0.025691948100196343, ""C04"": 0.025691948100196343, ""C05"": 0.025691948100196343, ""C06"": 0.025691948100196343, ""C07"": 0.025691948100196343, ""C08"": 0.025691948100196343, ""C09"": 0.025691948100196343, ""C10"": 0.025691948100196343, ""C11"": 0.025691948100196343, ""C12"": 0.025691948100196343, ""C13"": 0.025691948100196343, ""C14"": 0.025691948100196343, ""C15"": 0.025691948100196343, ""C16"": 0.025691948100196343, ""C17"": 0.02550432377975732, ""C18"": 0.025502591576798024, ""C19"": 0.025500865539884475, ""C20"": 0.025501441630990055}"
31,31,1,991,6.267334,20,"{""C01"": 1.328484, ""C02"": 1.331813, ""C03"": 1.338038, ""C04"": 1.355491, ""C05"": 2.034571, ""C06"": 2.06218, ""C07"": 2.03552, ""C08"": 2.056607, ""C09"": 2.05383, ""C10"": 2.077333, ""C11"": 2.080115, ""C12"": 2.104203, ""C13"": 2.069264, ""C14"": 2.119201, ""C15"": 2.126399, ""C16"": 2.098026, ""C17"": 4.274444, ""C18"": 4.280913, ""C19"": 4.330103, ""C20"": 4.289235}","{""C01"": 0, ""C02"": 0, ""C03"": 0, ""C04"": 0, ""C05"": 0, ""C06"": 0, ""C07"": 0, ""C08"": 0, ""C09"": 0, ""C10"": 0, ""C11"": 0, ""C12"": 0, ""C13"": 0, ""C14"": 0, ""C15"": 0, ""C16"": 0, ""C17"": 0, ""C18"": 0, ""C19"": 969, ""C20"": 326}","{""C01"": 0.025711491787353505, ""C02"": 0.025711491787353505, ""C03"": 0.025711491787353505, ""C04"": 0.025711491787353505, ""C05"": 0.025711491787353505, ""C06"": 0.025711491787353505, ""C07"": 0.025711491787353505, ""C08"": 0.025711491787353505, ""C09"": 0.025711491787353505, ""C10"": 0.025711491787353505, ""C11"": 0.025711491787353505, ""C12"": 0.025711491787353505, ""C13"": 0.025711491787353505, ""C14"": 0.025711491787353505, ""C15"": 0.025711491787353505, ""C16"": 0.025711491787353505, ""C17"": 0.025711491787353505, ""C18"": 0.025711491787353505, ""C19"": 0.025150353270090957, ""C20"": 0.025522699261277957}"
32,32,1,388,2.363454,20,"{""C01"": 1.328484, ""C02"": 1.331813, ""C03"": 1.338038, ""C04"": 1.355491, ""C05"": 2.150568, ""C06"": 2.129239, ""C07"": 2.127083, ""C08"": 2.148296, ""C09"": 2.146443, ""C10"": 2.184619, ""C11"": 2.172182, ""C12"": 2.196396, ""C13"": 2.141798, ""C14"": 2.211644, ""C15"": 2.218968, ""C16"": 2.183385, ""C17"": 4.411883, ""C18"": 4.423683, ""C19"": 4.468276, ""C20"": 4.432789}","{""C01"": 0, ""C02"": 0, ""C03"": 0, ""C04"": 0, ""C05"": 0, ""C06"": 0, ""C07"": 0, ""C08"": 0, ""C09"": 0, ""C10"": 0, ""C11"": 0, ""C12"": 0, ""C13"": 0, ""C14"": 0, ""C15"": 0, ""C16"": 0, ""C17"": 0, ""C18"": 318, ""C19"": 643, ""C20"": 323}","{""C01"": 0.02572712314827119, ""C02"": 0.02572712314827119, ""C03"": 0.02572712314827119, ""C04"": 0.02572712314827119, ""C05"": 0.02572712314827119, ""C06"": 0.02572712314827119, ""C07"": 0.02572712314827119, ""C08"": 0.02572712314827119, ""C09"": 0.02572712314827119, ""C10"": 0.02572712314827119, ""C11"": 0.02572712314827119, ""C12"": 0.02572712314827119, ""C13"": 0.02572712314827119, ""C14"": 0.02572712314827119, ""C15"": 0.02572712314827119, ""C16"": 0.02572712314827119, ""C17"": 0.02572712314827119, ""C18"": 0.02554296356762081, ""C19"": 0.02535478158447898, ""C20"": 0.02554007035557765}"
33,33,1,370,2.261589,20,"{""C01"": 1.328484, ""C02"": 1.331813, ""C03"": 1.338038, ""C04"": 1.355491, ""C05"": 2.216285, ""C06"": 2.195079, ""C07"": 2.234081, ""C08"": 2.249419, ""C09"": 2.212656, ""C10"": 2.250955, ""C11"": 2.238642, ""C12"": 2.26298, ""C13"": 2.212029, ""C14"": 2.278476, ""C15"": 2.285925, ""C16"": 2.250465, ""C17"": 4.523054, ""C18"": 4.539568, ""C19"": 4.64566, ""C20"": 4.630194}","{""C01"": 0, ""C02"": 0, ""C03"": 0, ""C04"": 0, ""C05"": 0, ""C06"": 0, ""C07"": 0, ""C08"": 0, ""C09"": 0, ""C10"": 0, ""C11"": 0, ""C12"": 0, ""C13"": 0, ""C14"": 0, ""C15"": 0, ""C16"": 0, ""C17"": 0, ""C18"": 0, ""C19"": 644, ""C20"": 621}","{""C01"": 0.02574710876559952, ""C02"": 0.02574710876559952, ""C03"": 0.02574710876559952, ""C04"": 0.02574710876559952, ""C05"": 0.02574710876559952, ""C06"": 0.02574710876559952, ""C07"": 0.02574710876559952, ""C08"": 0.02574710876559952, ""C09"": 0.02574710876559952, ""C10"": 0.02574710876559952, ""C11"": 0.02574710876559952, ""C12"": 0.02574710876559952, ""C13"": 0.02574710876559952, ""C14"": 0.02574710876559952, ""C15"": 0.02574710876559952, ""C16"": 0.02574710876559952, ""C17"": 0.02574710876559952, ""C18"": 0.02574710876559952, ""C19"": 0.02537418498467294, ""C20"": 0.025387489718011396}"
34,34,1,79,0.482824,20,"{""C01"": 1.328484, ""C02"": 1.331813, ""C03"": 1.338038, ""C04"": 1.355491, ""C05"": 2.225905, ""C06"": 2.216608, ""C07"": 2.243945, ""C08"": 2.259406, ""C09"": 2.23096, ""C10"": 2.261186, ""C11"": 2.248995, ""C12"": 2.273454, ""C13"": 2.222626, ""C14"": 2.316798, ""C15"": 2.296766, ""C16"": 2.324232, ""C17"": 4.671446, ""C18"": 4.703069, ""C19"": 4.700774, ""C20"": 4.685664}","{""C01"": 0, ""C02"": 0, ""C03"": 0, ""C04"": 0, ""C05"": 0, ""C06"": 0, ""C07"": 0, ""C08"": 0, ""C09"": 0, ""C10"": 0, ""C11"": 0, ""C12"": 0, ""C13"": 0, ""C14"": 0, ""C15"": 0, ""C16"": 0, ""C17"": 303, ""C18"": 323, ""C19"": 322, ""C20"": 314}","{""C01"": 0.025753659200001083, ""C02"": 0.025753659200001083, ""C03"": 0.025753659200001083, ""C04"": 0.025753659200001083, ""C05"": 0.025753659200001083, ""C06"": 0.025753659200001083, ""C07"": 0.025753659200001083, ""C08"": 0.025753659200001083, ""C09"": 0.025753659200001083, ""C10"": 0.025753659200001083, ""C11"": 0.025753659200001083, ""C12"": 0.025753659200001083, ""C13"": 0.025753659200001083, ""C14"": 0.025753659200001083, ""C15"": 0.025753659200001083, ""C16"": 0.025753659200001083, ""C17"": 0.025578188675570733, ""C18"": 0.025566628273379386, ""C19"": 0.025567205129489456, ""C20"": 0.02557182556221882}"
35,35,1,79,0.481953,20,"{""C01"": 1.328484, ""C02"": 1.331813, ""C03"": 1.338038, ""C04"": 1.355491, ""C05"": 2.225905, ""C06"": 2.216608, ""C07"": 2.243945, ""C08"": 2.259406, ""C09"": 2.231189, ""C10"": 2.261186, ""C11"": 2.248995, ""C12"": 2.273454, ""C13"": 2.222626, ""C14"": 2.316798, ""C15"": 2.296766, ""C16"": 2.324232, ""C17"": 4.671446, ""C18"": 4.703069, ""C19"": 4.700774, ""C20"": 4.700651}","{""C01"": 0, ""C02"": 0, ""C03"": 0, ""C04"": 0, ""C05"": 0, ""C06"": 0, ""C07"": 0, ""C08"": 0, ""C09"": 0, ""C10"": 0, ""C11"": 0, ""C12"": 0, ""C13"": 0, ""C14"": 0, ""C15"": 0, ""C16"": 0, ""C17"": 301, ""C18"": 321, ""C19"": 320, ""C20"": 320}","{""C01"": 0.025754250701921402, ""C02"": 0.025754250701921402, ""C03"": 0.025754250701921402, ""C04"": 0.025754250701921402, ""C05"": 0.025754250701921402, ""C06"": 0.025754250701921402, ""C07"": 0.025754250701921402, ""C08"": 0.025754250701921402, ""C09"": 0.025754250701921402, ""C10"": 0.025754250701921402, ""C11"": 0.025754250701921402, ""C12"": 0.025754250701921402, ""C13"": 0.025754250701921402, ""C14"": 0.025754250701921402, ""C15"": 0.025754250701921402, ""C16"": 0.025754250701921402, ""C17"": 0.02557993692336867, ""C18"": 0.02556837254921173, ""C19"": 0.02556894968810835, ""C20"": 0.025568949582028953}"
36,36,1,379,2.348040,20,"{""C01"": 1.328484, ""C02"": 1.331813, ""C03"": 1.338038, ""C04"": 1.355491, ""C05"": 2.225905, ""C06"": 2.216608, ""C07"": 2.243945, ""C08"": 2.259406, ""C09"": 2.231189, ""C10"": 2.261186, ""C11"": 2.248995, ""C12"": 2.273454, ""C13"": 2.222626, ""C14"": 2.316798, ""C15"": 2.296766, ""C16"": 2.324232, ""C17"": 4.678881, ""C18"": 4.706325, ""C19"": 4.700774, ""C20"": 4.745741}","{""C01"": 0, ""C02"": 0, ""C03"": 0, ""C04"": 0, ""C05"": 0, ""C06"": 0, ""C07"": 0, ""C08"": 0, ""C09"": 0, ""C10"": 0, ""C11"": 0, ""C12"": 0, ""C13"": 0, ""C14"": 0, ""C15"": 0, ""C16"": 0, ""C17"": 0, ""C18"": 316, ""C19"": 313, ""C20"": 631}","{""C01"": 0.025757822315623402, ""C02"": 0.025757822315623402, ""C03"": 0.025757822315623402, ""C04"": 0.025757822315623402, ""C05"": 0.025757822315623402, ""C06"": 0.025757822315623402, ""C07"": 0.025757822315623402, ""C08"": 0.025757822315623402, ""C09"": 0.025757822315623402, ""C10"": 0.025757822315623402, ""C11"": 0.025757822315623402, ""C12"": 0.025757822315623402, ""C13"": 0.025757822315623402, ""C14"": 0.025757822315623402, ""C15"": 0.025757822315623402, ""C16"": 0.025757822315623402, ""C17"": 0.025757822315623402, ""C18"": 0.025574821937630242, ""C19"": 0.025576558325863752, ""C20"": 0.025392426624624796}"
37,37,1,379,2.328489,20,"{""C01"": 1.328484, ""C02"": 1.331813, ""C03"": 1.338038, ""C04"": 1.355491, ""C05"": 2.225905, ""C06"": 2.216608, ""C07"": 2.243945, ""C08"": 2.259406, ""C09"": 2.231189, ""C10"": 2.261186, ""C11"": 2.248995, ""C12"": 2.273454, ""C13"": 2.222626, ""C14"": 2.316798, ""C15"": 2.296766, ""C16"": 2.324232, ""C17"": 4.678881, ""C18"": 4.706325, ""C19"": 4.700774, ""C20"": 4.745741}","{""C01"": 0, ""C02"": 0, ""C03"": 0, ""C04"": 0, ""C05"": 0, ""C06"": 0, ""C07"": 0, ""C08"": 0, ""C09"": 0, ""C10"": 0, ""C11"": 0, ""C12"": 0, ""C13"": 0, ""C14"": 0, ""C15"": 0, ""C16"": 0, ""C17"": 0, ""C18"": 316, ""C19"": 313, ""C20"": 631}","{""C01"": 0.025757822315623402, ""C02"": 0.025757822315623402, ""C03"": 0.025757822315623402, ""C04"": 0.025757822315623402, ""C05"": 0.025757822315623402, ""C06"": 0.025757822315623402, ""C07"": 0.025757822315623402, ""C08"": 0.025757822315623402, ""C09"": 0.025757822315623402, ""C10"": 0.025757822315623402, ""C11"": 0.025757822315623402, ""C12"": 0.025757822315623402, ""C13"": 0.025757822315623402, ""C14"": 0.025757822315623402, ""C15"": 0.025757822315623402, ""C16"": 0.025757822315623402, ""C17"": 0.025757822315623402, ""C18"": 0.025574821937630242, ""C19"": 0.025576558325863752, ""C20"": 0.025392426624624796}"
38,38,1,79,0.483709,20,"{""C01"": 1.328484, ""C02"": 1.331813, ""C03"": 1.338038, ""C04"": 1.355491, ""C05"": 2.225905, ""C06"": 2.216608, ""C07"": 2.243945, ""C08"": 2.259406, ""C09"": 2.231189, ""C10"": 2.261186, ""C11"": 2.248995, ""C12"": 2.273454, ""C13"": 2.222626, ""C14"": 2.316798, ""C15"": 2.296766, ""C16"": 2.324232, ""C17"": 4.730051, ""C18"": 4.751261, ""C19"": 4.757103, ""C20"": 4.750579}","{""C01"": 0, ""C02"": 0, ""C03"": 0, ""C04"": 0, ""C05"": 0, ""C06"": 0, ""C07"": 0, ""C08"": 0, ""C09"": 0, ""C10"": 0, ""C11"": 0, ""C12"": 0, ""C13"": 0, ""C14"": 0, ""C15"": 0, ""C16"": 0, ""C17"": 301, ""C18"": 317, ""C19"": 321, ""C20"": 317}","{""C01"": 0.025759023953238563, ""C02"": 0.025759023953238563, ""C03"": 0.025759023953238563, ""C04"": 0.025759023953238563, ""C05"": 0.025759023953238563, ""C06"": 0.025759023953238563, ""C07"": 0.025759023953238563, ""C08"": 0.025759023953238563, ""C09"": 0.025759023953238563, ""C10"": 0.025759023953238563, ""C11"": 0.025759023953238563, ""C12"": 0.025759023953238563, ""C13"": 0.025759023953238563, ""C14"": 0.025759023953238563, ""C15"": 0.025759023953238563, ""C16"": 0.025759023953238563, ""C17"": 0.02558471528095766, ""C18"": 0.025575465204905903, ""C19"": 0.025573154802200834, ""C20"": 0.0255754642798021}"
39,39,1,1175,7.208339,20,"{""C01"": 1.328484, ""C02"": 1.331813, ""C03"": 1.338038, ""C04"": 1.355491, ""C05"": 2.225905, ""C06"": 2.216608, ""C07"": 2.243945, ""C08"": 2.259406, ""C09"": 2.231189, ""C10"": 2.261186, ""C11"": 2.248995, ""C12"": 2.273454, ""C13"": 2.222626, ""C14"": 2.316798, ""C15"": 2.296766, ""C16"": 2.324232, ""C17"": 4.843043, ""C18"": 4.844398, ""C19"": 4.850569, ""C20"": 4.910117}","{""C01"": 0, ""C02"": 0, ""C03"": 0, ""C04"": 0, ""C05"": 0, ""C06"": 0, ""C07"": 0, ""C08"": 0, ""C09"": 0, ""C10"": 0, ""C11"": 0, ""C12"": 0, ""C13"": 0, ""C14"": 0, ""C15"": 0, ""C16"": 0, ""C17"": 0, ""C18"": 0, ""C19"": 0, ""C20"": 1240}","{""C01"": 0.025774251991480576, ""C02"": 0.025774251991480576, ""C03"": 0.025774251991480576, ""C04"": 0.025774251991480576, ""C05"": 0.025774251991480576, ""C06"": 0.025774251991480576, ""C07"": 0.025774251991480576, ""C08"": 0.025774251991480576, ""C09"": 0.025774251991480576, ""C10"": 0.025774251991480576, ""C11"": 0.025774251991480576, ""C12"": 0.025774251991480576, ""C13"": 0.025774251991480576, ""C14"": 0.025774251991480576, ""C15"": 0.025774251991480576, ""C16"": 0.025774251991480576, ""C17"": 0.025774251991480576, ""C18"": 0.025774251991480576, ""C19"": 0.025774251991480576, ""C20"": 0.025056178229063916}"
40,40,1,1274,7.829319,20,"{""C01"": 1.328484, ""C02"": 1.331813, ""C03"": 1.338038, ""C04"": 1.355491, ""C05"": 2.225905, ""C06"": 2.221588, ""C07"": 2.243945, ""C08"": 2.259406, ""C09"": 2.231189, ""C10"": 2.261186, ""C11"": 2.248995, ""C12"": 2.280598, ""C13"": 2.268364, ""C14"": 2.316798, ""C15"": 2.296766, ""C16"": 2.324232, ""C17"": 4.984251, ""C18"": 4.98593, ""C19"": 4.992425, ""C20"": 5.052298}","{""C01"": 0, ""C02"": 0, ""C03"": 0, ""C04"": 0, ""C05"": 0, ""C06"": 0, ""C07"": 0, ""C08"": 0, ""C09"": 0, ""C10"": 0, ""C11"": 0, ""C12"": 0, ""C13"": 0, ""C14"": 0, ""C15"": 0, ""C16"": 0, ""C17"": 0, ""C18"": 0, ""C19"": 0, ""C20"": 1229}","{""C01"": 0.02578845065726132, ""C02"": 0.02578845065726132, ""C03"": 0.02578845065726132, ""C04"": 0.02578845065726132, ""C05"": 0.02578845065726132, ""C06"": 0.02578845065726132, ""C07"": 0.02578845065726132, ""C08"": 0.02578845065726132, ""C09"": 0.02578845065726132, ""C10"": 0.02578845065726132, ""C11"": 0.02578845065726132, ""C12"": 0.02578845065726132, ""C13"": 0.02578845065726132, ""C14"": 0.02578845065726132, ""C15"": 0.02578845065726132, ""C16"": 0.02578845065726132, ""C17"": 0.02578845065726132, ""C18"": 0.02578845065726132, ""C19"": 0.02578845065726132, ""C20"": 0.025076745314688575}"
41,41,1,928,5.743342,20,"{""C01"": 1.328484, ""C02"": 1.331813, ""C03"": 1.338038, ""C04"": 1.355491, ""C05"": 2.321178, ""C06"": 2.357225, ""C07"": 2.344542, ""C08"": 2.353181, ""C09"": 2.333064, ""C10"": 2.333963, ""C11"": 2.342879, ""C12"": 2.390783, ""C13"": 2.41606, ""C14"": 2.374186, ""C15"": 2.397173, ""C16"": 2.397613, ""C17"": 5.140001, ""C18"": 5.135737, ""C19"": 5.149178, ""C20"": 5.202741}","{""C01"": 0, ""C02"": 0, ""C03"": 0, ""C04"": 0, ""C05"": 0, ""C06"": 0, ""C07"": 0, ""C08"": 0, ""C09"": 0, ""C10"": 0, ""C11"": 0, ""C12"": 0, ""C13"": 0, ""C14"": 0, ""C15"": 0, ""C16"": 0, ""C17"": 0, ""C18"": 0, ""C19"": 305, ""C20"": 916}","{""C01"": 0.025802948186361904, ""C02"": 0.025802948186361904, ""C03"": 0.025802948186361904, ""C04"": 0.025802948186361904, ""C05"": 0.025802948186361904, ""C06"": 0.025802948186361904, ""C07"": 0.025802948186361904, ""C08"": 0.025802948186361904, ""C09"": 0.025802948186361904, ""C10"": 0.025802948186361904, ""C11"": 0.025802948186361904, ""C12"": 0.025802948186361904, ""C13"": 0.025802948186361904, ""C14"": 0.025802948186361904, ""C15"": 0.025802948186361904, ""C16"": 0.025802948186361904, ""C17"": 0.025802948186361904, ""C18"": 0.025802948186361904, ""C19"": 0.02562631714202742, ""C20"": 0.025272504455047543}"
42,42,1,358,2.195603,20,"{""C01"": 1.328484, ""C02"": 1.342289, ""C03"": 1.358257, ""C04"": 1.355491, ""C05"": 2.396892, ""C06"": 2.433046, ""C07"": 2.431814, ""C08"": 2.429217, ""C09"": 2.409207, ""C10"": 2.410213, ""C11"": 2.46186, ""C12"": 2.467249, ""C13"": 2.492633, ""C14"": 2.453185, ""C15"": 2.498266, ""C16"": 2.513756, ""C17"": 5.266457, ""C18"": 5.345591, ""C19"": 5.333441, ""C20"": 5.318789}","{""C01"": 0, ""C02"": 0, ""C03"": 0, ""C04"": 0, ""C05"": 0, ""C06"": 0, ""C07"": 0, ""C08"": 0, ""C09"": 0, ""C10"": 0, ""C11"": 0, ""C12"": 0, ""C13"": 0, ""C14"": 0, ""C15"": 0, ""C16"": 0, ""C17"": 0, ""C18"": 591, ""C19"": 311, ""C20"": 307}","{""C01"": 0.025815675115796355, ""C02"": 0.025815675115796355, ""C03"": 0.025815675115796355, ""C04"": 0.025815675115796355, ""C05"": 0.025815675115796355, ""C06"": 0.025815675115796355, ""C07"": 0.025815675115796355, ""C08"": 0.025815675115796355, ""C09"": 0.025815675115796355, ""C10"": 0.025815675115796355, ""C11"": 0.025815675115796355, ""C12"": 0.025815675115796355, ""C13"": 0.025815675115796355, ""C14"": 0.025815675115796355, ""C15"": 0.025815675115796355, ""C16"": 0.025815675115796355, ""C17"": 0.025815675115796355, ""C18"": 0.025473448368777865, ""C19"": 0.025635590026538254, ""C20"": 0.025637896138674576}"
43,43,1,350,2.136299,20,"{""C01"": 1.328484, ""C02"": 1.345969, ""C03"": 1.362069, ""C04"": 1.355643, ""C05"": 2.454519, ""C06"": 2.451308, ""C07"": 2.450182, ""C08"": 2.450276, ""C09"": 2.427786, ""C10"": 2.428898, ""C11"": 2.480649, ""C12"": 2.486145, ""C13"": 2.511635, ""C14"": 2.472293, ""C15"": 2.519942, ""C16"": 2.533074, ""C17"": 5.323334, ""C18"": 5.402776, ""C19"": 5.446619, ""C20"": 5.383302}","{""C01"": 0, ""C02"": 0, ""C03"": 0, ""C04"": 0, ""C05"": 0, ""C06"": 0, ""C07"": 0, ""C08"": 0, ""C09"": 0, ""C10"": 0, ""C11"": 0, ""C12"": 0, ""C13"": 0, ""C14"": 0, ""C15"": 0, ""C16"": 0, ""C17"": 0, ""C18"": 310, ""C19"": 599, ""C20"": 296}","{""C01"": 0.025824367224558525, ""C02"": 0.025824367224558525, ""C03"": 0.025824367224558525, ""C04"": 0.025824367224558525, ""C05"": 0.025824367224558525, ""C06"": 0.025824367224558525, ""C07"": 0.025824367224558525, ""C08"": 0.025824367224558525, ""C09"": 0.025824367224558525, ""C10"": 0.025824367224558525, ""C11"": 0.025824367224558525, ""C12"": 0.025824367224558525, ""C13"": 0.025824367224558525, ""C14"": 0.025824367224558525, ""C15"": 0.025824367224558525, ""C16"": 0.025824367224558525, ""C17"": 0.025824367224558525, ""C18"": 0.02564484457529434, ""C19"": 0.025477510455324752, ""C20"": 0.025652948243827352}"
44,44,1,84,0.519809,20,"{""C01"": 1.328484, ""C02"": 1.345969, ""C03"": 1.362069, ""C04"": 1.355643, ""C05"": 2.454519, ""C06"": 2.451308, ""C07"": 2.450182, ""C08"": 2.450276, ""C09"": 2.427786, ""C10"": 2.431317, ""C11"": 2.480649, ""C12"": 2.486145, ""C13"": 2.511635, ""C14"": 2.472293, ""C15"": 2.519942, ""C16"": 2.533074, ""C17"": 5.391676, ""C18"": 5.408281, ""C19"": 5.452426, ""C20"": 5.389412}","{""C01"": 0, ""C02"": 0, ""C03"": 0, ""C04"": 0, ""C05"": 0, ""C06"": 0, ""C07"": 0, ""C08"": 0, ""C09"": 0, ""C10"": 0, ""C11"": 0, ""C12"": 0, ""C13"": 0, ""C14"": 0, ""C15"": 0, ""C16"": 0, ""C17"": 292, ""C18"": 302, ""C19"": 325, ""C20"": 289}","{""C01"": 0.02582505621561057, ""C02"": 0.02582505621561057, ""C03"": 0.02582505621561057, ""C04"": 0.02582505621561057, ""C05"": 0.02582505621561057, ""C06"": 0.02582505621561057, ""C07"": 0.02582505621561057, ""C08"": 0.02582505621561057, ""C09"": 0.02582505621561057, ""C10"": 0.02582505621561057, ""C11"": 0.02582505621561057, ""C12"": 0.02582505621561057, ""C13"": 0.02582505621561057, ""C14"": 0.02582505621561057, ""C15"": 0.02582505621561057, ""C16"": 0.02582505621561057, ""C17"": 0.02565595370759198, ""C18"": 0.025650165774656307, ""C19"": 0.025636875851347562, ""C20"": 0.02565769106212642}"
45,45,1,80,0.489185,20,"{""C01"": 1.328484, ""C02"": 1.345969, ""C03"": 1.362069, ""C04"": 1.355643, ""C05"": 2.454519, ""C06"": 2.451308, ""C07"": 2.450182, ""C08"": 2.450276, ""C09"": 2.427786, ""C10"": 2.431317, ""C11"": 2.480649, ""C12"": 2.486145, ""C13"": 2.511635, ""C14"": 2.472293, ""C15"": 2.519942, ""C16"": 2.533074, ""C17"": 5.391676, ""C18"": 5.433696, ""C19"": 5.452426, ""C20"": 5.442091}","{""C01"": 0, ""C02"": 0, ""C03"": 0, ""C04"": 0, ""C05"": 0, ""C06"": 0, ""C07"": 0, ""C08"": 0, ""C09"": 0, ""C10"": 0, ""C11"": 0, ""C12"": 0, ""C13"": 0, ""C14"": 0, ""C15"": 0, ""C16"": 0, ""C17"": 281, ""C18"": 303, ""C19"": 312, ""C20"": 308}","{""C01"": 0.025825222023386787, ""C02"": 0.025825222023386787, ""C03"": 0.025825222023386787, ""C04"": 0.025825222023386787, ""C05"": 0.025825222023386787, ""C06"": 0.025825222023386787, ""C07"": 0.025825222023386787, ""C08"": 0.025825222023386787, ""C09"": 0.025825222023386787, ""C10"": 0.025825222023386787, ""C11"": 0.025825222023386787, ""C12"": 0.025825222023386787, ""C13"": 0.025825222023386787, ""C14"": 0.025825222023386787, ""C15"": 0.025825222023386787, ""C16"": 0.025825222023386787, ""C17"": 0.025662489815327802, ""C18"": 0.0256497644488833, ""C19"": 0.025644568382141287, ""C20"": 0.02564687518197609}"
46,46,1,356,2.190826,20,"{""C01"": 1.328484, ""C02"": 1.345969, ""C03"": 1.362069, ""C04"": 1.355643, ""C05"": 2.454519, ""C06"": 2.451308, ""C07"": 2.450182, ""C08"": 2.450276, ""C09"": 2.427786, ""C10"": 2.431317, ""C11"": 2.480649, ""C12"": 2.486145, ""C13"": 2.511635, ""C14"": 2.472293, ""C15"": 2.519942, ""C16"": 2.533074, ""C17"": 5.391676, ""C18"": 5.443534, ""C19"": 5.494896, ""C20"": 5.452512}","{""C01"": 0, ""C02"": 0, ""C03"": 0, ""C04"": 0, ""C05"": 0, ""C06"": 0, ""C07"": 0, ""C08"": 0, ""C09"": 0, ""C10"": 0, ""C11"": 0, ""C12"": 0, ""C13"": 0, ""C14"": 0, ""C15"": 0, ""C16"": 0, ""C17"": 0, ""C18"": 300, ""C19"": 597, ""C20"": 304}","{""C01"": 0.025828678133561253, ""C02"": 0.025828678133561253, ""C03"": 0.025828678133561253, ""C04"": 0.025828678133561253, ""C05"": 0.025828678133561253, ""C06"": 0.025828678133561253, ""C07"": 0.025828678133561253, ""C08"": 0.025828678133561253, ""C09"": 0.025828678133561253, ""C10"": 0.025828678133561253, ""C11"": 0.025828678133561253, ""C12"": 0.025828678133561253, ""C13"": 0.025828678133561253, ""C14"": 0.025828678133561253, ""C15"": 0.025828678133561253, ""C16"": 0.025828678133561253, ""C17"": 0.025828678133561253, ""C18"": 0.02565494428059782, ""C19"": 0.025482978434992892, ""C20"": 0.025652630413085725}"
47,47,1,635,3.880810,20,"{""C01"": 1.328484, ""C02"": 1.345969, ""C03"": 1.362069, ""C04"": 1.355643, ""C05"": 2.454519, ""C06"": 2.451308, ""C07"": 2.450182, ""C08"": 2.450276, ""C09"": 2.427786, ""C10"": 2.431317, ""C11"": 2.480649, ""C12"": 2.486145, ""C13"": 2.511635, ""C14"": 2.472293, ""C15"": 2.519942, ""C16"": 2.533074, ""C17"": 5.448971, ""C18"": 5.505101, ""C19"": 5.583022, ""C20"": 5.542248}","{""C01"": 0, ""C02"": 0, ""C03"": 0, ""C04"": 0, ""C05"": 0, ""C06"": 0, ""C07"": 0, ""C08"": 0, ""C09"": 0, ""C10"": 0, ""C11"": 0, ""C12"": 0, ""C13"": 0, ""C14"": 0, ""C15"": 0, ""C16"": 0, ""C17"": 0, ""C18"": 0, ""C19"": 880, ""C20"": 312}","{""C01"": 0.025836208798233062, ""C02"": 0.025836208798233062, ""C03"": 0.025836208798233062, ""C04"": 0.025836208798233062, ""C05"": 0.025836208798233062, ""C06"": 0.025836208798233062, ""C07"": 0.025836208798233062, ""C08"": 0.025836208798233062, ""C09"": 0.025836208798233062, ""C10"": 0.025836208798233062, ""C11"": 0.025836208798233062, ""C12"": 0.025836208798233062, ""C13"": 0.025836208798233062, ""C14"": 0.025836208798233062, ""C15"": 0.025836208798233062, ""C16"": 0.025836208798233062, ""C17"": 0.025836208798233062, ""C18"": 0.025836208798233062, ""C19"": 0.02532661886499011, ""C20"": 0.025655528954121837}"
48,48,1,582,3.646391,20,"{""C01"": 1.328484, ""C02"": 1.345969, ""C03"": 1.362069, ""C04"": 1.355643, ""C05"": 2.454519, ""C06"": 2.451308, ""C07"": 2.461367, ""C08"": 2.463462, ""C09"": 2.475155, ""C10"": 2.489191, ""C11"": 2.489418, ""C12"": 2.533959, ""C13"": 2.511635, ""C14"": 2.517261, ""C15"": 2.519942, ""C16"": 2.537349, ""C17"": 5.596498, ""C18"": 5.61867, ""C19"": 5.696872, ""C20"": 5.684505}","{""C01"": 0, ""C02"": 0, ""C03"": 0, ""C04"": 0, ""C05"": 0, ""C06"": 0, ""C07"": 0, ""C08"": 0, ""C09"": 0, ""C10"": 0, ""C11"": 0, ""C12"": 0, ""C13"": 0, ""C14"": 0, ""C15"": 0, ""C16"": 0, ""C17"": 0, ""C18"": 0, ""C19"": 820, ""C20"": 363}","{""C01"": 0.025845839196515355, ""C02"": 0.025845839196515355, ""C03"": 0.025845839196515355, ""C04"": 0.025845839196515355, ""C05"": 0.025845839196515355, ""C06"": 0.025845839196515355, ""C07"": 0.025845839196515355, ""C08"": 0.025845839196515355, ""C09"": 0.025845839196515355, ""C10"": 0.025845839196515355, ""C11"": 0.025845839196515355, ""C12"": 0.025845839196515355, ""C13"": 0.025845839196515355, ""C14"": 0.025845839196515355, ""C15"": 0.025845839196515355, ""C16"": 0.025845839196515355, ""C17"": 0.025845839196515355, ""C18"": 0.025845839196515355, ""C19"": 0.02537099515917076, ""C20"": 0.025635641082065997}"
49,49,1,398,2.497830,20,"{""C01"": 1.342768, ""C02"": 1.358566, ""C03"": 1.37541, ""C04"": 1.383192, ""C05"": 2.555943, ""C06"": 2.553455, ""C07"": 2.56344, ""C08"": 2.609286, ""C09"": 2.577417, ""C10"": 2.591548, ""C11"": 2.606866, ""C12"": 2.636505, ""C13"": 2.610562, ""C14"": 2.619996, ""C15"": 2.620059, ""C16"": 2.640273, ""C17"": 5.733062, ""C18"": 5.763139, ""C19"": 5.833988, ""C20"": 5.829496}","{""C01"": 0, ""C02"": 0, ""C03"": 0, ""C04"": 0, ""C05"": 0, ""C06"": 0, ""C07"": 0, ""C08"": 0, ""C09"": 0, ""C10"": 0, ""C11"": 0, ""C12"": 0, ""C13"": 0, ""C14"": 0, ""C15"": 0, ""C16"": 0, ""C17"": 0, ""C18"": 244, ""C19"": 558, ""C20"": 374}","{""C01"": 0.025856708392951122, ""C02"": 0.025856708392951122, ""C03"": 0.025856708392951122, ""C04"": 0.025856708392951122, ""C05"": 0.025856708392951122, ""C06"": 0.025856708392951122, ""C07"": 0.025856708392951122, ""C08"": 0.025856708392951122, ""C09"": 0.025856708392951122, ""C10"": 0.025856708392951122, ""C11"": 0.025856708392951122, ""C12"": 0.025856708392951122, ""C13"": 0.025856708392951122, ""C14"": 0.025856708392951122, ""C15"": 0.025856708392951122, ""C16"": 0.025856708392951122, ""C17"": 0.025856708392951122, ""C18"": 0.025715403557483533, ""C19"": 0.025533596325317195, ""C20"": 0.02564015005197249}"
50,50,1,339,2.133942,20,"{""C01"": 1.412389, ""C02"": 1.428303, ""C03"": 1.445262, ""C04"": 1.470122, ""C05"": 2.638393, ""C06"": 2.635998, ""C07"": 2.680705, ""C08"": 2.692014, ""C09"": 2.685627, ""C10"": 2.674462, ""C11"": 2.689873, ""C12"": 2.719605, ""C13"": 2.698948, ""C14"": 2.70328, ""C15"": 2.703437, ""C16"": 2.723745, ""C17"": 5.87688, ""C18"": 5.966544, ""C19"": 5.950986, ""C20"": 6.003525}","{""C01"": 0, ""C02"": 0, ""C03"": 0, ""C04"": 0, ""C05"": 0, ""C06"": 0, ""C07"": 0, ""C08"": 0, ""C09"": 0, ""C10"": 0, ""C11"": 0, ""C12"": 0, ""C13"": 0, ""C14"": 0, ""C15"": 0, ""C16"": 0, ""C17"": 0, ""C18"": 302, ""C19"": 292, ""C20"": 573}","{""C01"": 0.025870357392971666, ""C02"": 0.025870357392971666, ""C03"": 0.025870357392971666, ""C04"": 0.025870357392971666, ""C05"": 0.025870357392971666, ""C06"": 0.025870357392971666, ""C07"": 0.025870357392971666, ""C08"": 0.025870357392971666, ""C09"": 0.025870357392971666, ""C10"": 0.025870357392971666, ""C11"": 0.025870357392971666, ""C12"": 0.025870357392971666, ""C13"": 0.025870357392971666, ""C14"": 0.025870357392971666, ""C15"": 0.025870357392971666, ""C16"": 0.025870357392971666, ""C17"": 0.025870357392971666, ""C18"": 0.02569547089691899, ""C19"": 0.025701256911293914, ""C20"": 0.025538554650205447}"
51,51,1,340,2.130345,20,"{""C01"": 1.426834, ""C02"": 1.45989, ""C03"": 1.459935, ""C04"": 1.484908, ""C05"": 2.665413, ""C06"": 2.66311, ""C07"": 2.707908, ""C08"": 2.719307, ""C09"": 2.713012, ""C10"": 2.701937, ""C11"": 2.717439, ""C12"": 2.762513, ""C13"": 2.726696, ""C14"": 2.731119, ""C15"": 2.764748, ""C16"": 2.797128, ""C17"": 5.937234, ""C18"": 6.027163, ""C19"": 6.01187, ""C20"": 6.064674}","{""C01"": 0, ""C02"": 0, ""C03"": 0, ""C04"": 0, ""C05"": 0, ""C06"": 0, ""C07"": 0, ""C08"": 0, ""C09"": 0, ""C10"": 0, ""C11"": 0, ""C12"": 0, ""C13"": 0, ""C14"": 0, ""C15"": 0, ""C16"": 0, ""C17"": 0, ""C18"": 301, ""C19"": 291, ""C20"": 571}","{""C01"": 0.025874917984628404, ""C02"": 0.025874917984628404, ""C03"": 0.025874917984628404, ""C04"": 0.025874917984628404, ""C05"": 0.025874917984628404, ""C06"": 0.025874917984628404, ""C07"": 0.025874917984628404, ""C08"": 0.025874917984628404, ""C09"": 0.025874917984628404, ""C10"": 0.025874917984628404, ""C11"": 0.025874917984628404, ""C12"": 0.025874917984628404, ""C13"": 0.025874917984628404, ""C14"": 0.025874917984628404, ""C15"": 0.025874917984628404, ""C16"": 0.025874917984628404, ""C17"": 0.025874917984628404, ""C18"": 0.025700611149058784, ""C19"": 0.02570639697854935, ""C20"": 0.025544274777392576}"
52,52,1,340,2.088062,20,"{""C01"": 1.426834, ""C02"": 1.45989, ""C03"": 1.459935, ""C04"": 1.484908, ""C05"": 2.665413, ""C06"": 2.66311, ""C07"": 2.707908, ""C08"": 2.719307, ""C09"": 2.713012, ""C10"": 2.701937, ""C11"": 2.717439, ""C12"": 2.762513, ""C13"": 2.726696, ""C14"": 2.731119, ""C15"": 2.764748, ""C16"": 2.797128, ""C17"": 5.937234, ""C18"": 6.027163, ""C19"": 6.01187, ""C20"": 6.064674}","{""C01"": 0, ""C02"": 0, ""C03"": 0, ""C04"": 0, ""C05"": 0, ""C06"": 0, ""C07"": 0, ""C08"": 0, ""C09"": 0, ""C10"": 0, ""C11"": 0, ""C12"": 0, ""C13"": 0, ""C14"": 0, ""C15"": 0, ""C16"": 0, ""C17"": 0, ""C18"": 301, ""C19"": 291, ""C20"": 571}","{""C01"": 0.025874917984628404, ""C02"": 0.025874917984628404, ""C03"": 0.025874917984628404, ""C04"": 0.025874917984628404, ""C05"": 0.025874917984628404, ""C06"": 0.025874917984628404, ""C07"": 0.025874917984628404, ""C08"": 0.025874917984628404, ""C09"": 0.025874917984628404, ""C10"": 0.025874917984628404, ""C11"": 0.025874917984628404, ""C12"": 0.025874917984628404, ""C13"": 0.025874917984628404, ""C14"": 0.025874917984628404, ""C15"": 0.025874917984628404, ""C16"": 0.025874917984628404, ""C17"": 0.025874917984628404, ""C18"": 0.025700611149058784, ""C19"": 0.02570639697854935, ""C20"": 0.025544274777392576}"
53,53,1,350,2.148712,20,"{""C01"": 1.426834, ""C02"": 1.45989, ""C03"": 1.459935, ""C04"": 1.484908, ""C05"": 2.665413, ""C06"": 2.66311, ""C07"": 2.707908, ""C08"": 2.719307, ""C09"": 2.713012, ""C10"": 2.701937, ""C11"": 2.717439, ""C12"": 2.762513, ""C13"": 2.726696, ""C14"": 2.731119, ""C15"": 2.764748, ""C16"": 2.797128, ""C17"": 5.962034, ""C18"": 6.027163, ""C19"": 6.01187, ""C20"": 6.064674}","{""C01"": 0, ""C02"": 0, ""C03"": 0, ""C04"": 0, ""C05"": 0, ""C06"": 0, ""C07"": 0, ""C08"": 0, ""C09"": 0, ""C10"": 0, ""C11"": 0, ""C12"": 0, ""C13"": 0, ""C14"": 0, ""C15"": 0, ""C16"": 0, ""C17"": 0, ""C18"": 294, ""C19"": 290, ""C20"": 579}","{""C01"": 0.02587494846484746, ""C02"": 0.02587494846484746, ""C03"": 0.02587494846484746, ""C04"": 0.02587494846484746, ""C05"": 0.02587494846484746, ""C06"": 0.02587494846484746, ""C07"": 0.02587494846484746, ""C08"": 0.02587494846484746, ""C09"": 0.02587494846484746, ""C10"": 0.02587494846484746, ""C11"": 0.02587494846484746, ""C12"": 0.02587494846484746, ""C13"": 0.02587494846484746, ""C14"": 0.02587494846484746, ""C15"": 0.02587494846484746, ""C16"": 0.02587494846484746, ""C17"": 0.02587494846484746, ""C18"": 0.02570469530327874, ""C19"": 0.025707006500356358, ""C20"": 0.025539671967072863}"
54,54,1,350,2.130239,20,"{""C01"": 1.426834, ""C02"": 1.45989, ""C03"": 1.459935, ""C04"": 1.484908, ""C05"": 2.665413, ""C06"": 2.66311, ""C07"": 2.707908, ""C08"": 2.719307, ""C09"": 2.713012, ""C10"": 2.701937, ""C11"": 2.717439, ""C12"": 2.762513, ""C13"": 2.726696, ""C14"": 2.731119, ""C15"": 2.764748, ""C16"": 2.797128, ""C17"": 5.962034, ""C18"": 6.027163, ""C19"": 6.01187, ""C20"": 6.064674}","{""C01"": 0, ""C02"": 0, ""C03"": 0, ""C04"": 0, ""C05"": 0, ""C06"": 0, ""C07"": 0, ""C08"": 0, ""C09"": 0, ""C10"": 0, ""C11"": 0, ""C12"": 0, ""C13"": 0, ""C14"": 0, ""C15"": 0, ""C16"": 0, ""C17"": 0, ""C18"": 294, ""C19"": 290, ""C20"": 579}","{""C01"": 0.02587494846484746, ""C02"": 0.02587494846484746, ""C03"": 0.02587494846484746, ""C04"": 0.02587494846484746, ""C05"": 0.02587494846484746, ""C06"": 0.02587494846484746, ""C07"": 0.02587494846484746, ""C08"": 0.02587494846484746, ""C09"": 0.02587494846484746, ""C10"": 0.02587494846484746, ""C11"": 0.02587494846484746, ""C12"": 0.02587494846484746, ""C13"": 0.02587494846484746, ""C14"": 0.02587494846484746, ""C15"": 0.02587494846484746, ""C16"": 0.02587494846484746, ""C17"": 0.02587494846484746, ""C18"": 0.02570469530327874, ""C19"": 0.025707006500356358, ""C20"": 0.025539671967072863}"
55,55,1,350,2.144451,20,"{""C01"": 1.426834, ""C02"": 1.45989, ""C03"": 1.459935, ""C04"": 1.484908, ""C05"": 2.665413, ""C06"": 2.66311, ""C07"": 2.707908, ""C08"": 2.719307, ""C09"": 2.713012, ""C10"": 2.701937, ""C11"": 2.717439, ""C12"": 2.762513, ""C13"": 2.726696, ""C14"": 2.731119, ""C15"": 2.764748, ""C16"": 2.797128, ""C17"": 5.962034, ""C18"": 6.027163, ""C19"": 6.01187, ""C20"": 6.064674}","{""C01"": 0, ""C02"": 0, ""C03"": 0, ""C04"": 0, ""C05"": 0, ""C06"": 0, ""C07"": 0, ""C08"": 0, ""C09"": 0, ""C10"": 0, ""C11"": 0, ""C12"": 0, ""C13"": 0, ""C14"": 0, ""C15"": 0, ""C16"": 0, ""C17"": 0, ""C18"": 294, ""C19"": 290, ""C20"": 579}","{""C01"": 0.02587494846484746, ""C02"": 0.02587494846484746, ""C03"": 0.02587494846484746, ""C04"": 0.02587494846484746, ""C05"": 0.02587494846484746, ""C06"": 0.02587494846484746, ""C07"": 0.02587494846484746, ""C08"": 0.02587494846484746, ""C09"": 0.02587494846484746, ""C10"": 0.02587494846484746, ""C11"": 0.02587494846484746, ""C12"": 0.02587494846484746, ""C13"": 0.02587494846484746, ""C14"": 0.02587494846484746, ""C15"": 0.02587494846484746, ""C16"": 0.02587494846484746, ""C17"": 0.02587494846484746, ""C18"": 0.02570469530327874, ""C19"": 0.025707006500356358, ""C20"": 0.025539671967072863}"
56,56,1,346,2.130487,20,"{""C01"": 1.426834, ""C02"": 1.45989, ""C03"": 1.459935, ""C04"": 1.484908, ""C05"": 2.665413, ""C06"": 2.66311, ""C07"": 2.707908, ""C08"": 2.719307, ""C09"": 2.713012, ""C10"": 2.701937, ""C11"": 2.717439, ""C12"": 2.762513, ""C13"": 2.726696, ""C14"": 2.731119, ""C15"": 2.764748, ""C16"": 2.797128, ""C17"": 5.967566, ""C18"": 6.027163, ""C19"": 6.030217, ""C20"": 6.075999}","{""C01"": 0, ""C02"": 0, ""C03"": 0, ""C04"": 0, ""C05"": 0, ""C06"": 0, ""C07"": 0, ""C08"": 0, ""C09"": 0, ""C10"": 0, ""C11"": 0, ""C12"": 0, ""C13"": 0, ""C14"": 0, ""C15"": 0, ""C16"": 0, ""C17"": 0, ""C18"": 291, ""C19"": 293, ""C20"": 578}","{""C01"": 0.025875509709923042, ""C02"": 0.025875509709923042, ""C03"": 0.025875509709923042, ""C04"": 0.025875509709923042, ""C05"": 0.025875509709923042, ""C06"": 0.025875509709923042, ""C07"": 0.025875509709923042, ""C08"": 0.025875509709923042, ""C09"": 0.025875509709923042, ""C10"": 0.025875509709923042, ""C11"": 0.025875509709923042, ""C12"": 0.025875509709923042, ""C13"": 0.025875509709923042, ""C14"": 0.025875509709923042, ""C15"": 0.025875509709923042, ""C16"": 0.025875509709923042, ""C17"": 0.025875509709923042, ""C18"": 0.025706990986939217, ""C19"": 0.025705834019184207, ""C20"": 0.02554081570523028}"
57,57,1,630,3.945618,20,"{""C01"": 1.426834, ""C02"": 1.45989, ""C03"": 1.459935, ""C04"": 1.484908, ""C05"": 2.665413, ""C06"": 2.66311, ""C07"": 2.707908, ""C08"": 2.719307, ""C09"": 2.713012, ""C10"": 2.701937, ""C11"": 2.717439, ""C12"": 2.762513, ""C13"": 2.726696, ""C14"": 2.731119, ""C15"": 2.764748, ""C16"": 2.797128, ""C17"": 6.068864, ""C18"": 6.073569, ""C19"": 6.131472, ""C20"": 6.204049}","{""C01"": 0, ""C02"": 0, ""C03"": 0, ""C04"": 0, ""C05"": 0, ""C06"": 0, ""C07"": 0, ""C08"": 0, ""C09"": 0, ""C10"": 0, ""C11"": 0, ""C12"": 0, ""C13"": 0, ""C14"": 0, ""C15"": 0, ""C16"": 0, ""C17"": 0, ""C18"": 0, ""C19"": 285, ""C20"": 868}","{""C01"": 0.025885052802609748, ""C02"": 0.025885052802609748, ""C03"": 0.025885052802609748, ""C04"": 0.025885052802609748, ""C05"": 0.025885052802609748, ""C06"": 0.025885052802609748, ""C07"": 0.025885052802609748, ""C08"": 0.025885052802609748, ""C09"": 0.025885052802609748, ""C10"": 0.025885052802609748, ""C11"": 0.025885052802609748, ""C12"": 0.025885052802609748, ""C13"": 0.025885052802609748, ""C14"": 0.025885052802609748, ""C15"": 0.025885052802609748, ""C16"": 0.025885052802609748, ""C17"": 0.025885052802609748, ""C18"": 0.025885052802609748, ""C19"": 0.02572000412183818, ""C20"": 0.025382414832775663}"
58,58,1,610,3.820995,20,"{""C01"": 1.426834, ""C02"": 1.45989, ""C03"": 1.459935, ""C04"": 1.484908, ""C05"": 2.665413, ""C06"": 2.66311, ""C07"": 2.707908, ""C08"": 2.719307, ""C09"": 2.713012, ""C10"": 2.701937, ""C11"": 2.717439, ""C12"": 2.762513, ""C13"": 2.726696, ""C14"": 2.747409, ""C15"": 2.764748, ""C16"": 2.797128, ""C17"": 6.186847, ""C18"": 6.206371, ""C19"": 6.274011, ""C20"": 6.322714}","{""C01"": 0, ""C02"": 0, ""C03"": 0, ""C04"": 0, ""C05"": 0, ""C06"": 0, ""C07"": 0, ""C08"": 0, ""C09"": 0, ""C10"": 0, ""C11"": 0, ""C12"": 0, ""C13"": 0, ""C14"": 0, ""C15"": 0, ""C16"": 0, ""C17"": 0, ""C18"": 0, ""C19"": 298, ""C20"": 847}","{""C01"": 0.02589370700661471, ""C02"": 0.02589370700661471, ""C03"": 0.02589370700661471, ""C04"": 0.02589370700661471, ""C05"": 0.02589370700661471, ""C06"": 0.02589370700661471, ""C07"": 0.02589370700661471, ""C08"": 0.02589370700661471, ""C09"": 0.02589370700661471, ""C10"": 0.02589370700661471, ""C11"": 0.02589370700661471, ""C12"": 0.02589370700661471, ""C13"": 0.02589370700661471, ""C14"": 0.02589370700661471, ""C15"": 0.02589370700661471, ""C16"": 0.02589370700661471, ""C17"": 0.02589370700661471, ""C18"": 0.02589370700661471, ""C19"": 0.025721135168464634, ""C20"": 0.02540323032770795}"
59,59,1,602,3.787885,20,"{""C01"": 1.426834, ""C02"": 1.45989, ""C03"": 1.459935, ""C04"": 1.484908, ""C05"": 2.700936, ""C06"": 2.708878, ""C07"": 2.7255, ""C08"": 2.734651, ""C09"": 2.730369, ""C10"": 2.733472, ""C11"": 2.769335, ""C12"": 2.774162, ""C13"": 2.805005, ""C14"": 2.812878, ""C15"": 2.779776, ""C16"": 2.806215, ""C17"": 6.279577, ""C18"": 6.353818, ""C19"": 6.4004, ""C20"": 6.456085}","{""C01"": 0, ""C02"": 0, ""C03"": 0, ""C04"": 0, ""C05"": 0, ""C06"": 0, ""C07"": 0, ""C08"": 0, ""C09"": 0, ""C10"": 0, ""C11"": 0, ""C12"": 0, ""C13"": 0, ""C14"": 0, ""C15"": 0, ""C16"": 0, ""C17"": 0, ""C18"": 0, ""C19"": 298, ""C20"": 840}","{""C01"": 0.025903384289208686, ""C02"": 0.025903384289208686, ""C03"": 0.025903384289208686, ""C04"": 0.025903384289208686, ""C05"": 0.025903384289208686, ""C06"": 0.025903384289208686, ""C07"": 0.025903384289208686, ""C08"": 0.025903384289208686, ""C09"": 0.025903384289208686, ""C10"": 0.025903384289208686, ""C11"": 0.025903384289208686, ""C12"": 0.025903384289208686, ""C13"": 0.025903384289208686, ""C14"": 0.025903384289208686, ""C15"": 0.025903384289208686, ""C16"": 0.025903384289208686, ""C17"": 0.025903384289208686, ""C18"": 0.025903384289208686, ""C19"": 0.0257308097849605, ""C20"": 0.02541695886517247}"
60,60,1,612,3.836057,20,"{""C01"": 1.426834, ""C02"": 1.45989, ""C03"": 1.459935, ""C04"": 1.484908, ""C05"": 2.713336, ""C06"": 2.751137, ""C07"": 2.752702, ""C08"": 2.747275, ""C09"": 2.768535, ""C10"": 2.746244, ""C11"": 2.782181, ""C12"": 2.812099, ""C13"": 2.818, ""C14"": 2.825948, ""C15"": 2.79292, ""C16"": 2.819434, ""C17"": 6.342957, ""C18"": 6.393708, ""C19"": 6.440507, ""C20"": 6.496408}","{""C01"": 0, ""C02"": 0, ""C03"": 0, ""C04"": 0, ""C05"": 0, ""C06"": 0, ""C07"": 0, ""C08"": 0, ""C09"": 0, ""C10"": 0, ""C11"": 0, ""C12"": 0, ""C13"": 0, ""C14"": 0, ""C15"": 0, ""C16"": 0, ""C17"": 0, ""C18"": 0, ""C19"": 295, ""C20"": 841}","{""C01"": 0.025906370955028263, ""C02"": 0.025906370955028263, ""C03"": 0.025906370955028263, ""C04"": 0.025906370955028263, ""C05"": 0.025906370955028263, ""C06"": 0.025906370955028263, ""C07"": 0.025906370955028263, ""C08"": 0.025906370955028263, ""C09"": 0.025906370955028263, ""C10"": 0.025906370955028263, ""C11"": 0.025906370955028263, ""C12"": 0.025906370955028263, ""C13"": 0.025906370955028263, ""C14"": 0.025906370955028263, ""C15"": 0.025906370955028263, ""C16"": 0.025906370955028263, ""C17"": 0.025906370955028263, ""C18"": 0.025906370955028263, ""C19"": 0.02573553337838415, ""C20"": 0.025419364334427267}"
61,61,1,327,2.057873,20,"{""C01"": 1.426834, ""C02"": 1.45989, ""C03"": 1.459935, ""C04"": 1.484908, ""C05"": 2.713336, ""C06"": 2.751137, ""C07"": 2.752702, ""C08"": 2.747275, ""C09"": 2.768535, ""C10"": 2.746244, ""C11"": 2.782181, ""C12"": 2.812099, ""C13"": 2.818, ""C14"": 2.825948, ""C15"": 2.79292, ""C16"": 2.819434, ""C17"": 6.342957, ""C18"": 6.460618, ""C19"": 6.440507, ""C20"": 6.496408}","{""C01"": 0, ""C02"": 0, ""C03"": 0, ""C04"": 0, ""C05"": 0, ""C06"": 0, ""C07"": 0, ""C08"": 0, ""C09"": 0, ""C10"": 0, ""C11"": 0, ""C12"": 0, ""C13"": 0, ""C14"": 0, ""C15"": 0, ""C16"": 0, ""C17"": 0, ""C18"": 295, ""C19"": 290, ""C20"": 552}","{""C01"": 0.025906029633465374, ""C02"": 0.025906029633465374, ""C03"": 0.025906029633465374, ""C04"": 0.025906029633465374, ""C05"": 0.025906029633465374, ""C06"": 0.025906029633465374, ""C07"": 0.025906029633465374, ""C08"": 0.025906029633465374, ""C09"": 0.025906029633465374, ""C10"": 0.025906029633465374, ""C11"": 0.025906029633465374, ""C12"": 0.025906029633465374, ""C13"": 0.025906029633465374, ""C14"": 0.025906029633465374, ""C15"": 0.025906029633465374, ""C16"": 0.025906029633465374, ""C17"": 0.025906029633465374, ""C18"": 0.02573520110873232, ""C19"": 0.025738088987083494, ""C20"": 0.025586392118713552}"
62,62,1,326,2.054006,20,"{""C01"": 1.426834, ""C02"": 1.45989, ""C03"": 1.459935, ""C04"": 1.484908, ""C05"": 2.713336, ""C06"": 2.751137, ""C07"": 2.752702, ""C08"": 2.747275, ""C09"": 2.768535, ""C10"": 2.746244, ""C11"": 2.782181, ""C12"": 2.812099, ""C13"": 2.818, ""C14"": 2.825948, ""C15"": 2.79292, ""C16"": 2.819434, ""C17"": 6.342957, ""C18"": 6.460618, ""C19"": 6.452939, ""C20"": 6.496408}","{""C01"": 0, ""C02"": 0, ""C03"": 0, ""C04"": 0, ""C05"": 0, ""C06"": 0, ""C07"": 0, ""C08"": 0, ""C09"": 0, ""C10"": 0, ""C11"": 0, ""C12"": 0, ""C13"": 0, ""C14"": 0, ""C15"": 0, ""C16"": 0, ""C17"": 0, ""C18"": 294, ""C19"": 293, ""C20"": 550}","{""C01"": 0.025906346464268634, ""C02"": 0.025906346464268634, ""C03"": 0.025906346464268634, ""C04"": 0.025906346464268634, ""C05"": 0.025906346464268634, ""C06"": 0.025906346464268634, ""C07"": 0.025906346464268634, ""C08"": 0.025906346464268634, ""C09"": 0.025906346464268634, ""C10"": 0.025906346464268634, ""C11"": 0.025906346464268634, ""C12"": 0.025906346464268634, ""C13"": 0.025906346464268634, ""C14"": 0.025906346464268634, ""C15"": 0.025906346464268634, ""C16"": 0.025906346464268634, ""C17"": 0.025906346464268634, ""C18"": 0.025736094657591278, ""C19"": 0.025736671018928875, ""C20"": 0.02558786351703487}"
63,63,1,326,2.044499,20,"{""C01"": 1.426834, ""C02"": 1.45989, ""C03"": 1.459935, ""C04"": 1.484908, ""C05"": 2.713336, ""C06"": 2.751137, ""C07"": 2.752702, ""C08"": 2.747275, ""C09"": 2.768535, ""C10"": 2.746244, ""C11"": 2.782181, ""C12"": 2.812099, ""C13"": 2.818, ""C14"": 2.825948, ""C15"": 2.79292, ""C16"": 2.819434, ""C17"": 6.344515, ""C18"": 6.460618, ""C19"": 6.452939, ""C20"": 6.496408}","{""C01"": 0, ""C02"": 0, ""C03"": 0, ""C04"": 0, ""C05"": 0, ""C06"": 0, ""C07"": 0, ""C08"": 0, ""C09"": 0, ""C10"": 0, ""C11"": 0, ""C12"": 0, ""C13"": 0, ""C14"": 0, ""C15"": 0, ""C16"": 0, ""C17"": 0, ""C18"": 294, ""C19"": 293, ""C20"": 550}","{""C01"": 0.025906346464268634, ""C02"": 0.025906346464268634, ""C03"": 0.025906346464268634, ""C04"": 0.025906346464268634, ""C05"": 0.025906346464268634, ""C06"": 0.025906346464268634, ""C07"": 0.025906346464268634, ""C08"": 0.025906346464268634, ""C09"": 0.025906346464268634, ""C10"": 0.025906346464268634, ""C11"": 0.025906346464268634, ""C12"": 0.025906346464268634, ""C13"": 0.025906346464268634, ""C14"": 0.025906346464268634, ""C15"": 0.025906346464268634, ""C16"": 0.025906346464268634, ""C17"": 0.025906346464268634, ""C18"": 0.025736094657591278, ""C19"": 0.025736671018928875, ""C20"": 0.02558786351703487}"
64,64,1,338,2.121139,20,"{""C01"": 1.426834, ""C02"": 1.45989, ""C03"": 1.459935, ""C04"": 1.484908, ""C05"": 2.713336, ""C06"": 2.751137, ""C07"": 2.752702, ""C08"": 2.747275, ""C09"": 2.768535, ""C10"": 2.746244, ""C11"": 2.782181, ""C12"": 2.812099, ""C13"": 2.818, ""C14"": 2.825948, ""C15"": 2.79292, ""C16"": 2.819434, ""C17"": 6.382104, ""C18"": 6.460618, ""C19"": 6.476107, ""C20"": 6.496408}","{""C01"": 0, ""C02"": 0, ""C03"": 0, ""C04"": 0, ""C05"": 0, ""C06"": 0, ""C07"": 0, ""C08"": 0, ""C09"": 0, ""C10"": 0, ""C11"": 0, ""C12"": 0, ""C13"": 0, ""C14"": 0, ""C15"": 0, ""C16"": 0, ""C17"": 0, ""C18"": 290, ""C19"": 292, ""C20"": 554}","{""C01"": 0.025906387535880163, ""C02"": 0.025906387535880163, ""C03"": 0.025906387535880163, ""C04"": 0.025906387535880163, ""C05"": 0.025906387535880163, ""C06"": 0.025906387535880163, ""C07"": 0.025906387535880163, ""C08"": 0.025906387535880163, ""C09"": 0.025906387535880163, ""C10"": 0.025906387535880163, ""C11"": 0.025906387535880163, ""C12"": 0.025906387535880163, ""C13"": 0.025906387535880163, ""C14"": 0.025906387535880163, ""C15"": 0.025906387535880163, ""C16"": 0.025906387535880163, ""C17"": 0.025906387535880163, ""C18"": 0.025738451990614288, ""C19"": 0.0257373019517799, ""C20"": 0.025585587640458155}"
65,65,1,331,2.087686,20,"{""C01"": 1.426834, ""C02"": 1.45989, ""C03"": 1.459935, ""C04"": 1.484908, ""C05"": 2.713336, ""C06"": 2.751137, ""C07"": 2.752702, ""C08"": 2.747275, ""C09"": 2.768535, ""C10"": 2.759099, ""C11"": 2.782181, ""C12"": 2.812099, ""C13"": 2.818, ""C14"": 2.825948, ""C15"": 2.813465, ""C16"": 2.819434, ""C17"": 6.478969, ""C18"": 6.578967, ""C19"": 6.573351, ""C20"": 6.612143}","{""C01"": 0, ""C02"": 0, ""C03"": 0, ""C04"": 0, ""C05"": 0, ""C06"": 0, ""C07"": 0, ""C08"": 0, ""C09"": 0, ""C10"": 0, ""C11"": 0, ""C12"": 0, ""C13"": 0, ""C14"": 0, ""C15"": 0, ""C16"": 0, ""C17"": 0, ""C18"": 291, ""C19"": 290, ""C20"": 549}","{""C01"": 0.02591418624599294, ""C02"": 0.02591418624599294, ""C03"": 0.02591418624599294, ""C04"": 0.02591418624599294, ""C05"": 0.02591418624599294, ""C06"": 0.02591418624599294, ""C07"": 0.02591418624599294, ""C08"": 0.02591418624599294, ""C09"": 0.02591418624599294, ""C10"": 0.02591418624599294, ""C11"": 0.02591418624599294, ""C12"": 0.02591418624599294, ""C13"": 0.02591418624599294, ""C14"": 0.02591418624599294, ""C15"": 0.02591418624599294, ""C16"": 0.02591418624599294, ""C17"": 0.02591418624599294, ""C18"": 0.02574567421322149, ""C19"": 0.025746250585482168, ""C20"": 0.025596283460863015}"
66,66,1,323,2.028715,20,"{""C01"": 1.426834, ""C02"": 1.45989, ""C03"": 1.459935, ""C04"": 1.484908, ""C05"": 2.821186, ""C06"": 2.832597, ""C07"": 2.822048, ""C08"": 2.803008, ""C09"": 2.850373, ""C10"": 2.868101, ""C11"": 2.839138, ""C12"": 2.891182, ""C13"": 2.900458, ""C14"": 2.884127, ""C15"": 2.922784, ""C16"": 2.888103, ""C17"": 6.610886, ""C18"": 6.724048, ""C19"": 6.745412, ""C20"": 6.744616}","{""C01"": 0, ""C02"": 0, ""C03"": 0, ""C04"": 0, ""C05"": 0, ""C06"": 0, ""C07"": 0, ""C08"": 0, ""C09"": 0, ""C10"": 0, ""C11"": 0, ""C12"": 0, ""C13"": 0, ""C14"": 0, ""C15"": 0, ""C16"": 0, ""C17"": 0, ""C18"": 289, ""C19"": 425, ""C20"": 406}","{""C01"": 0.025922752050778416, ""C02"": 0.025922752050778416, ""C03"": 0.025922752050778416, ""C04"": 0.025922752050778416, ""C05"": 0.025922752050778416, ""C06"": 0.025922752050778416, ""C07"": 0.025922752050778416, ""C08"": 0.025922752050778416, ""C09"": 0.025922752050778416, ""C10"": 0.025922752050778416, ""C11"": 0.025922752050778416, ""C12"": 0.025922752050778416, ""C13"": 0.025922752050778416, ""C14"": 0.025922752050778416, ""C15"": 0.025922752050778416, ""C16"": 0.025922752050778416, ""C17"": 0.025922752050778416, ""C18"": 0.025755408194736523, ""C19"": 0.02567666391071442, ""C20"": 0.025687666540308567}"
67,67,1,333,2.087433,20,"{""C01"": 1.434236, ""C02"": 1.45989, ""C03"": 1.474893, ""C04"": 1.485085, ""C05"": 2.922304, ""C06"": 2.933776, ""C07"": 2.923289, ""C08"": 2.904311, ""C09"": 2.951738, ""C10"": 2.969526, ""C11"": 2.940625, ""C12"": 2.994173, ""C13"": 3.002068, ""C14"": 2.985799, ""C15"": 3.024517, ""C16"": 3.000137, ""C17"": 6.769402, ""C18"": 6.847905, ""C19"": 6.869448, ""C20"": 6.905558}","{""C01"": 0, ""C02"": 0, ""C03"": 0, ""C04"": 0, ""C05"": 0, ""C06"": 0, ""C07"": 0, ""C08"": 0, ""C09"": 0, ""C10"": 0, ""C11"": 0, ""C12"": 0, ""C13"": 0, ""C14"": 0, ""C15"": 0, ""C16"": 0, ""C17"": 0, ""C18"": 278, ""C19"": 287, ""C20"": 550}","{""C01"": 0.025933488366128882, ""C02"": 0.025933488366128882, ""C03"": 0.025933488366128882, ""C04"": 0.025933488366128882, ""C05"": 0.025933488366128882, ""C06"": 0.025933488366128882, ""C07"": 0.025933488366128882, ""C08"": 0.025933488366128882, ""C09"": 0.025933488366128882, ""C10"": 0.025933488366128882, ""C11"": 0.025933488366128882, ""C12"": 0.025933488366128882, ""C13"": 0.025933488366128882, ""C14"": 0.025933488366128882, ""C15"": 0.025933488366128882, ""C16"": 0.025933488366128882, ""C17"": 0.025933488366128882, ""C18"": 0.02577249650537415, ""C19"": 0.02576729231407636, ""C20"": 0.02561500649137189}"
68,68,1,486,3.048117,20,"{""C01"": 1.478577, ""C02"": 1.501471, ""C03"": 1.519382, ""C04"": 1.529649, ""C05"": 2.974901, ""C06"": 2.986433, ""C07"": 2.976745, ""C08"": 2.972064, ""C09"": 3.004573, ""C10"": 3.022422, ""C11"": 3.007867, ""C12"": 3.047188, ""C13"": 3.055142, ""C14"": 3.038934, ""C15"": 3.077711, ""C16"": 3.089463, ""C17"": 6.895196, ""C18"": 6.922562, ""C19"": 6.991185, ""C20"": 6.980563}","{""C01"": 0, ""C02"": 0, ""C03"": 0, ""C04"": 0, ""C05"": 0, ""C06"": 0, ""C07"": 0, ""C08"": 0, ""C09"": 0, ""C10"": 0, ""C11"": 0, ""C12"": 0, ""C13"": 0, ""C14"": 0, ""C15"": 0, ""C16"": 0, ""C17"": 0, ""C18"": 267, ""C19"": 553, ""C20"": 290}","{""C01"": 0.025939015062907023, ""C02"": 0.025939015062907023, ""C03"": 0.025939015062907023, ""C04"": 0.025939015062907023, ""C05"": 0.025939015062907023, ""C06"": 0.025939015062907023, ""C07"": 0.025939015062907023, ""C08"": 0.025939015062907023, ""C09"": 0.025939015062907023, ""C10"": 0.025939015062907023, ""C11"": 0.025939015062907023, ""C12"": 0.025939015062907023, ""C13"": 0.025939015062907023, ""C14"": 0.025939015062907023, ""C15"": 0.025939015062907023, ""C16"": 0.025939015062907023, ""C17"": 0.025939015062907023, ""C18"": 0.025784391412420584, ""C19"": 0.025618794679704376, ""C20"": 0.02577109487530138}"
69,69,1,477,2.982879,20,"{""C01"": 1.478577, ""C02"": 1.501471, ""C03"": 1.519382, ""C04"": 1.529649, ""C05"": 2.974901, ""C06"": 2.986433, ""C07"": 2.994044, ""C08"": 2.972064, ""C09"": 3.004573, ""C10"": 3.022422, ""C11"": 3.007867, ""C12"": 3.047188, ""C13"": 3.055142, ""C14"": 3.038934, ""C15"": 3.077711, ""C16"": 3.089463, ""C17"": 6.902214, ""C18"": 6.929748, ""C19"": 6.99854, ""C20"": 6.988087}","{""C01"": 0, ""C02"": 0, ""C03"": 0, ""C04"": 0, ""C05"": 0, ""C06"": 0, ""C07"": 0, ""C08"": 0, ""C09"": 0, ""C10"": 0, ""C11"": 0, ""C12"": 0, ""C13"": 0, ""C14"": 0, ""C15"": 0, ""C16"": 0, ""C17"": 0, ""C18"": 267, ""C19"": 553, ""C20"": 289}","{""C01"": 0.025939113973107678, ""C02"": 0.025939113973107678, ""C03"": 0.025939113973107678, ""C04"": 0.025939113973107678, ""C05"": 0.025939113973107678, ""C06"": 0.025939113973107678, ""C07"": 0.025939113973107678, ""C08"": 0.025939113973107678, ""C09"": 0.025939113973107678, ""C10"": 0.025939113973107678, ""C11"": 0.025939113973107678, ""C12"": 0.025939113973107678, ""C13"": 0.025939113973107678, ""C14"": 0.025939113973107678, ""C15"": 0.025939113973107678, ""C16"": 0.025939113973107678, ""C17"": 0.025939113973107678, ""C18"": 0.025784491404159074, ""C19"": 0.025618897900116094, ""C20"": 0.025771777218552658}"
70,70,1,477,2.940398,20,"{""C01"": 1.478577, ""C02"": 1.501471, ""C03"": 1.519382, ""C04"": 1.529649, ""C05"": 2.974901, ""C06"": 2.986433, ""C07"": 2.994044, ""C08"": 2.972064, ""C09"": 3.004573, ""C10"": 3.022422, ""C11"": 3.007867, ""C12"": 3.047188, ""C13"": 3.055142, ""C14"": 3.038934, ""C15"": 3.077711, ""C16"": 3.089463, ""C17"": 6.902214, ""C18"": 6.929748, ""C19"": 6.99854, ""C20"": 6.988087}","{""C01"": 0, ""C02"": 0, ""C03"": 0, ""C04"": 0, ""C05"": 0, ""C06"": 0, ""C07"": 0, ""C08"": 0, ""C09"": 0, ""C10"": 0, ""C11"": 0, ""C12"": 0, ""C13"": 0, ""C14"": 0, ""C15"": 0, ""C16"": 0, ""C17"": 0, ""C18"": 267, ""C19"": 553, ""C20"": 289}","{""C01"": 0.025939113973107678, ""C02"": 0.025939113973107678, ""C03"": 0.025939113973107678, ""C04"": 0.025939113973107678, ""C05"": 0.025939113973107678, ""C06"": 0.025939113973107678, ""C07"": 0.025939113973107678, ""C08"": 0.025939113973107678, ""C09"": 0.025939113973107678, ""C10"": 0.025939113973107678, ""C11"": 0.025939113973107678, ""C12"": 0.025939113973107678, ""C13"": 0.025939113973107678, ""C14"": 0.025939113973107678, ""C15"": 0.025939113973107678, ""C16"": 0.025939113973107678, ""C17"": 0.025939113973107678, ""C18"": 0.025784491404159074, ""C19"": 0.025618897900116094, ""C20"": 0.025771777218552658}"
71,71,1,477,2.981184,20,"{""C01"": 1.478577, ""C02"": 1.501471, ""C03"": 1.519382, ""C04"": 1.529649, ""C05"": 2.974901, ""C06"": 2.986433, ""C07"": 2.994044, ""C08"": 2.972064, ""C09"": 3.004573, ""C10"": 3.022422, ""C11"": 3.007867, ""C12"": 3.047188, ""C13"": 3.055142, ""C14"": 3.038934, ""C15"": 3.077711, ""C16"": 3.089463, ""C17"": 6.902214, ""C18"": 6.929748, ""C19"": 6.99854, ""C20"": 6.988087}","{""C01"": 0, ""C02"": 0, ""C03"": 0, ""C04"": 0, ""C05"": 0, ""C06"": 0, ""C07"": 0, ""C08"": 0, ""C09"": 0, ""C10"": 0, ""C11"": 0, ""C12"": 0, ""C13"": 0, ""C14"": 0, ""C15"": 0, ""C16"": 0, ""C17"": 0, ""C18"": 267, ""C19"": 553, ""C20"": 289}","{""C01"": 0.025939113973107678, ""C02"": 0.025939113973107678, ""C03"": 0.025939113973107678, ""C04"": 0.025939113973107678, ""C05"": 0.025939113973107678, ""C06"": 0.025939113973107678, ""C07"": 0.025939113973107678, ""C08"": 0.025939113973107678, ""C09"": 0.025939113973107678, ""C10"": 0.025939113973107678, ""C11"": 0.025939113973107678, ""C12"": 0.025939113973107678, ""C13"": 0.025939113973107678, ""C14"": 0.025939113973107678, ""C15"": 0.025939113973107678, ""C16"": 0.025939113973107678, ""C17"": 0.025939113973107678, ""C18"": 0.025784491404159074, ""C19"": 0.025618897900116094, ""C20"": 0.025771777218552658}"
72,72,1,477,2.937289,20,"{""C01"": 1.478577, ""C02"": 1.501471, ""C03"": 1.519382, ""C04"": 1.529649, ""C05"": 2.974901, ""C06"": 2.986433, ""C07"": 2.994044, ""C08"": 2.972064, ""C09"": 3.004573, ""C10"": 3.022422, ""C11"": 3.007867, ""C12"": 3.047188, ""C13"": 3.055142, ""C14"": 3.038934, ""C15"": 3.077711, ""C16"": 3.089463, ""C17"": 6.902214, ""C18"": 6.929748, ""C19"": 6.99854, ""C20"": 6.988087}","{""C01"": 0, ""C02"": 0, ""C03"": 0, ""C04"": 0, ""C05"": 0, ""C06"": 0, ""C07"": 0, ""C08"": 0, ""C09"": 0, ""C10"": 0, ""C11"": 0, ""C12"": 0, ""C13"": 0, ""C14"": 0, ""C15"": 0, ""C16"": 0, ""C17"": 0, ""C18"": 267, ""C19"": 553, ""C20"": 289}","{""C01"": 0.025939113973107678, ""C02"": 0.025939113973107678, ""C03"": 0.025939113973107678, ""C04"": 0.025939113973107678, ""C05"": 0.025939113973107678, ""C06"": 0.025939113973107678, ""C07"": 0.025939113973107678, ""C08"": 0.025939113973107678, ""C09"": 0.025939113973107678, ""C10"": 0.025939113973107678, ""C11"": 0.025939113973107678, ""C12"": 0.025939113973107678, ""C13"": 0.025939113973107678, ""C14"": 0.025939113973107678, ""C15"": 0.025939113973107678, ""C16"": 0.025939113973107678, ""C17"": 0.025939113973107678, ""C18"": 0.025784491404159074, ""C19"": 0.025618897900116094, ""C20"": 0.025771777218552658}"
73,73,1,477,2.938629,20,"{""C01"": 1.478577, ""C02"": 1.501471, ""C03"": 1.519382, ""C04"": 1.529649, ""C05"": 2.974901, ""C06"": 2.986433, ""C07"": 2.994044, ""C08"": 2.972064, ""C09"": 3.004573, ""C10"": 3.022422, ""C11"": 3.007867, ""C12"": 3.047188, ""C13"": 3.055142, ""C14"": 3.038934, ""C15"": 3.077711, ""C16"": 3.089463, ""C17"": 6.902214, ""C18"": 6.929748, ""C19"": 6.99854, ""C20"": 6.988087}","{""C01"": 0, ""C02"": 0, ""C03"": 0, ""C04"": 0, ""C05"": 0, ""C06"": 0, ""C07"": 0, ""C08"": 0, ""C09"": 0, ""C10"": 0, ""C11"": 0, ""C12"": 0, ""C13"": 0, ""C14"": 0, ""C15"": 0, ""C16"": 0, ""C17"": 0, ""C18"": 267, ""C19"": 553, ""C20"": 289}","{""C01"": 0.025939113973107678, ""C02"": 0.025939113973107678, ""C03"": 0.025939113973107678, ""C04"": 0.025939113973107678, ""C05"": 0.025939113973107678, ""C06"": 0.025939113973107678, ""C07"": 0.025939113973107678, ""C08"": 0.025939113973107678, ""C09"": 0.025939113973107678, ""C10"": 0.025939113973107678, ""C11"": 0.025939113973107678, ""C12"": 0.025939113973107678, ""C13"": 0.025939113973107678, ""C14"": 0.025939113973107678, ""C15"": 0.025939113973107678, ""C16"": 0.025939113973107678, ""C17"": 0.025939113973107678, ""C18"": 0.025784491404159074, ""C19"": 0.025618897900116094, ""C20"": 0.025771777218552658}"
74,74,1,410,2.535278,20,"{""C01"": 1.478577, ""C02"": 1.501471, ""C03"": 1.519382, ""C04"": 1.529649, ""C05"": 2.974901, ""C06"": 2.986433, ""C07"": 2.994044, ""C08"": 2.972064, ""C09"": 3.004573, ""C10"": 3.022422, ""C11"": 3.007867, ""C12"": 3.047188, ""C13"": 3.055142, ""C14"": 3.038934, ""C15"": 3.077711, ""C16"": 3.089463, ""C17"": 6.902214, ""C18"": 6.935804, ""C19"": 6.99854, ""C20"": 6.996558}","{""C01"": 0, ""C02"": 0, ""C03"": 0, ""C04"": 0, ""C05"": 0, ""C06"": 0, ""C07"": 0, ""C08"": 0, ""C09"": 0, ""C10"": 0, ""C11"": 0, ""C12"": 0, ""C13"": 0, ""C14"": 0, ""C15"": 0, ""C16"": 0, ""C17"": 0, ""C18"": 269, ""C19"": 443, ""C20"": 397}","{""C01"": 0.025939426150314346, ""C02"": 0.025939426150314346, ""C03"": 0.025939426150314346, ""C04"": 0.025939426150314346, ""C05"": 0.025939426150314346, ""C06"": 0.025939426150314346, ""C07"": 0.025939426150314346, ""C08"": 0.025939426150314346, ""C09"": 0.025939426150314346, ""C10"": 0.025939426150314346, ""C11"": 0.025939426150314346, ""C12"": 0.025939426150314346, ""C13"": 0.025939426150314346, ""C14"": 0.025939426150314346, ""C15"": 0.025939426150314346, ""C16"": 0.025939426150314346, ""C17"": 0.025939426150314346, ""C18"": 0.02578364553554283, ""C19"": 0.02568290937307749, ""C20"": 0.025709546958114456}"
75,75,1,340,2.145921,20,"{""C01"": 1.478577, ""C02"": 1.501471, ""C03"": 1.519382, ""C04"": 1.529649, ""C05"": 2.974901, ""C06"": 2.986433, ""C07"": 2.994044, ""C08"": 2.972064, ""C09"": 3.004573, ""C10"": 3.022422, ""C11"": 3.007867, ""C12"": 3.047188, ""C13"": 3.055142, ""C14"": 3.038934, ""C15"": 3.077711, ""C16"": 3.089463, ""C17"": 6.978838, ""C18"": 7.027927, ""C19"": 7.038233, ""C20"": 7.088954}","{""C01"": 0, ""C02"": 0, ""C03"": 0, ""C04"": 0, ""C05"": 0, ""C06"": 0, ""C07"": 0, ""C08"": 0, ""C09"": 0, ""C10"": 0, ""C11"": 0, ""C12"": 0, ""C13"": 0, ""C14"": 0, ""C15"": 0, ""C16"": 0, ""C17"": 0, ""C18"": 274, ""C19"": 279, ""C20"": 553}","{""C01"": 0.025944902956007182, ""C02"": 0.025944902956007182, ""C03"": 0.025944902956007182, ""C04"": 0.025944902956007182, ""C05"": 0.025944902956007182, ""C06"": 0.025944902956007182, ""C07"": 0.025944902956007182, ""C08"": 0.025944902956007182, ""C09"": 0.025944902956007182, ""C10"": 0.025944902956007182, ""C11"": 0.025944902956007182, ""C12"": 0.025944902956007182, ""C13"": 0.025944902956007182, ""C14"": 0.025944902956007182, ""C15"": 0.025944902956007182, ""C16"": 0.025944902956007182, ""C17"": 0.025944902956007182, ""C18"": 0.02578622759367043, ""C19"": 0.025783335344344425, ""C20"": 0.025624685003222195}"
76,76,1,81,0.515374,20,"{""C01"": 1.478577, ""C02"": 1.501471, ""C03"": 1.519382, ""C04"": 1.529649, ""C05"": 2.974901, ""C06"": 2.986433, ""C07"": 2.994044, ""C08"": 2.99747, ""C09"": 3.004573, ""C10"": 3.022422, ""C11"": 3.028512, ""C12"": 3.047188, ""C13"": 3.055142, ""C14"": 3.040713, ""C15"": 3.077711, ""C16"": 3.093102, ""C17"": 7.076143, ""C18"": 7.142827, ""C19"": 7.109926, ""C20"": 7.160779}","{""C01"": 0, ""C02"": 0, ""C03"": 0, ""C04"": 0, ""C05"": 0, ""C06"": 0, ""C07"": 0, ""C08"": 0, ""C09"": 0, ""C10"": 0, ""C11"": 0, ""C12"": 0, ""C13"": 0, ""C14"": 0, ""C15"": 0, ""C16"": 0, ""C17"": 259, ""C18"": 284, ""C19"": 271, ""C20"": 290}","{""C01"": 0.025949444947530403, ""C02"": 0.025949444947530403, ""C03"": 0.025949444947530403, ""C04"": 0.025949444947530403, ""C05"": 0.025949444947530403, ""C06"": 0.025949444947530403, ""C07"": 0.025949444947530403, ""C08"": 0.025949444947530403, ""C09"": 0.025949444947530403, ""C10"": 0.025949444947530403, ""C11"": 0.025949444947530403, ""C12"": 0.025949444947530403, ""C13"": 0.025949444947530403, ""C14"": 0.025949444947530403, ""C15"": 0.025949444947530403, ""C16"": 0.025949444947530403, ""C17"": 0.025799453339390627, ""C18"": 0.02578499611722336, ""C19"": 0.02579250941739884, ""C20"": 0.025781533443275082}"
77,77,1,81,0.513137,20,"{""C01"": 1.478577, ""C02"": 1.501471, ""C03"": 1.519382, ""C04"": 1.529649, ""C05"": 2.974901, ""C06"": 2.986433, ""C07"": 2.994044, ""C08"": 3.001348, ""C09"": 3.025672, ""C10"": 3.025928, ""C11"": 3.03252, ""C12"": 3.047188, ""C13"": 3.055142, ""C14"": 3.069117, ""C15"": 3.077711, ""C16"": 3.097325, ""C17"": 7.095717, ""C18"": 7.162526, ""C19"": 7.129751, ""C20"": 7.18073}","{""C01"": 0, ""C02"": 0, ""C03"": 0, ""C04"": 0, ""C05"": 0, ""C06"": 0, ""C07"": 0, ""C08"": 0, ""C09"": 0, ""C10"": 0, ""C11"": 0, ""C12"": 0, ""C13"": 0, ""C14"": 0, ""C15"": 0, ""C16"": 0, ""C17"": 260, ""C18"": 284, ""C19"": 270, ""C20"": 289}","{""C01"": 0.025950639295837075, ""C02"": 0.025950639295837075, ""C03"": 0.025950639295837075, ""C04"": 0.025950639295837075, ""C05"": 0.025950639295837075, ""C06"": 0.025950639295837075, ""C07"": 0.025950639295837075, ""C08"": 0.025950639295837075, ""C09"": 0.025950639295837075, ""C10"": 0.025950639295837075, ""C11"": 0.025950639295837075, ""C12"": 0.025950639295837075, ""C13"": 0.025950639295837075, ""C14"": 0.025950639295837075, ""C15"": 0.025950639295837075, ""C16"": 0.025950639295837075, ""C17"": 0.025800068569519153, ""C18"": 0.025786190531312744, ""C19"": 0.025794282969150158, ""C20"": 0.025783307135041154}"
78,78,1,81,0.509966,20,"{""C01"": 1.478577, ""C02"": 1.501471, ""C03"": 1.519382, ""C04"": 1.529649, ""C05"": 2.974901, ""C06"": 2.986433, ""C07"": 2.994044, ""C08"": 3.001348, ""C09"": 3.025672, ""C10"": 3.025928, ""C11"": 3.03252, ""C12"": 3.047188, ""C13"": 3.055142, ""C14"": 3.069117, ""C15"": 3.077711, ""C16"": 3.097325, ""C17"": 7.095717, ""C18"": 7.162526, ""C19"": 7.129751, ""C20"": 7.18073}","{""C01"": 0, ""C02"": 0, ""C03"": 0, ""C04"": 0, ""C05"": 0, ""C06"": 0, ""C07"": 0, ""C08"": 0, ""C09"": 0, ""C10"": 0, ""C11"": 0, ""C12"": 0, ""C13"": 0, ""C14"": 0, ""C15"": 0, ""C16"": 0, ""C17"": 260, ""C18"": 284, ""C19"": 270, ""C20"": 289}","{""C01"": 0.025950639295837075, ""C02"": 0.025950639295837075, ""C03"": 0.025950639295837075, ""C04"": 0.025950639295837075, ""C05"": 0.025950639295837075, ""C06"": 0.025950639295837075, ""C07"": 0.025950639295837075, ""C08"": 0.025950639295837075, ""C09"": 0.025950639295837075, ""C10"": 0.025950639295837075, ""C11"": 0.025950639295837075, ""C12"": 0.025950639295837075, ""C13"": 0.025950639295837075, ""C14"": 0.025950639295837075, ""C15"": 0.025950639295837075, ""C16"": 0.025950639295837075, ""C17"": 0.025800068569519153, ""C18"": 0.025786190531312744, ""C19"": 0.025794282969150158, ""C20"": 0.025783307135041154}"
79,79,1,81,0.510942,20,"{""C01"": 1.478577, ""C02"": 1.501471, ""C03"": 1.519382, ""C04"": 1.529649, ""C05"": 2.974901, ""C06"": 2.986433, ""C07"": 2.994044, ""C08"": 3.001348, ""C09"": 3.025672, ""C10"": 3.025928, ""C11"": 3.03252, ""C12"": 3.047188, ""C13"": 3.055142, ""C14"": 3.069117, ""C15"": 3.077711, ""C16"": 3.097325, ""C17"": 7.095717, ""C18"": 7.162526, ""C19"": 7.129751, ""C20"": 7.18073}","{""C01"": 0, ""C02"": 0, ""C03"": 0, ""C04"": 0, ""C05"": 0, ""C06"": 0, ""C07"": 0, ""C08"": 0, ""C09"": 0, ""C10"": 0, ""C11"": 0, ""C12"": 0, ""C13"": 0, ""C14"": 0, ""C15"": 0, ""C16"": 0, ""C17"": 260, ""C18"": 284, ""C19"": 270, ""C20"": 289}","{""C01"": 0.025950639295837075, ""C02"": 0.025950639295837075, ""C03"": 0.025950639295837075, ""C04"": 0.025950639295837075, ""C05"": 0.025950639295837075, ""C06"": 0.025950639295837075, ""C07"": 0.025950639295837075, ""C08"": 0.025950639295837075, ""C09"": 0.025950639295837075, ""C10"": 0.025950639295837075, ""C11"": 0.025950639295837075, ""C12"": 0.025950639295837075, ""C13"": 0.025950639295837075, ""C14"": 0.025950639295837075, ""C15"": 0.025950639295837075, ""C16"": 0.025950639295837075, ""C17"": 0.025800068569519153, ""C18"": 0.025786190531312744, ""C19"": 0.025794282969150158, ""C20"": 0.025783307135041154}"
80,80,1,81,0.512287,20,"{""C01"": 1.478577, ""C02"": 1.501471, ""C03"": 1.519382, ""C04"": 1.529649, ""C05"": 2.974901, ""C06"": 2.986433, ""C07"": 2.994044, ""C08"": 3.001348, ""C09"": 3.025672, ""C10"": 3.025928, ""C11"": 3.03252, ""C12"": 3.047188, ""C13"": 3.055142, ""C14"": 3.069117, ""C15"": 3.077711, ""C16"": 3.097325, ""C17"": 7.095717, ""C18"": 7.162526, ""C19"": 7.129751, ""C20"": 7.18073}","{""C01"": 0, ""C02"": 0, ""C03"": 0, ""C04"": 0, ""C05"": 0, ""C06"": 0, ""C07"": 0, ""C08"": 0, ""C09"": 0, ""C10"": 0, ""C11"": 0, ""C12"": 0, ""C13"": 0, ""C14"": 0, ""C15"": 0, ""C16"": 0, ""C17"": 260, ""C18"": 284, ""C19"": 270, ""C20"": 289}","{""C01"": 0.025950639295837075, ""C02"": 0.025950639295837075, ""C03"": 0.025950639295837075, ""C04"": 0.025950639295837075, ""C05"": 0.025950639295837075, ""C06"": 0.025950639295837075, ""C07"": 0.025950639295837075, ""C08"": 0.025950639295837075, ""C09"": 0.025950639295837075, ""C10"": 0.025950639295837075, ""C11"": 0.025950639295837075, ""C12"": 0.025950639295837075, ""C13"": 0.025950639295837075, ""C14"": 0.025950639295837075, ""C15"": 0.025950639295837075, ""C16"": 0.025950639295837075, ""C17"": 0.025800068569519153, ""C18"": 0.025786190531312744, ""C19"": 0.025794282969150158, ""C20"": 0.025783307135041154}"
81,81,1,81,0.510472,20,"{""C01"": 1.478577, ""C02"": 1.501471, ""C03"": 1.519382, ""C04"": 1.529649, ""C05"": 2.974901, ""C06"": 2.986433, ""C07"": 2.994044, ""C08"": 3.001348, ""C09"": 3.025672, ""C10"": 3.025928, ""C11"": 3.03252, ""C12"": 3.047188, ""C13"": 3.055142, ""C14"": 3.069117, ""C15"": 3.077711, ""C16"": 3.097325, ""C17"": 7.095717, ""C18"": 7.162526, ""C19"": 7.129751, ""C20"": 7.18073}","{""C01"": 0, ""C02"": 0, ""C03"": 0, ""C04"": 0, ""C05"": 0, ""C06"": 0, ""C07"": 0, ""C08"": 0, ""C09"": 0, ""C10"": 0, ""C11"": 0, ""C12"": 0, ""C13"": 0, ""C14"": 0, ""C15"": 0, ""C16"": 0, ""C17"": 260, ""C18"": 284, ""C19"": 270, ""C20"": 289}","{""C01"": 0.025950639295837075, ""C02"": 0.025950639295837075, ""C03"": 0.025950639295837075, ""C04"": 0.025950639295837075, ""C05"": 0.025950639295837075, ""C06"": 0.025950639295837075, ""C07"": 0.025950639295837075, ""C08"": 0.025950639295837075, ""C09"": 0.025950639295837075, ""C10"": 0.025950639295837075, ""C11"": 0.025950639295837075, ""C12"": 0.025950639295837075, ""C13"": 0.025950639295837075, ""C14"": 0.025950639295837075, ""C15"": 0.025950639295837075, ""C16"": 0.025950639295837075, ""C17"": 0.025800068569519153, ""C18"": 0.025786190531312744, ""C19"": 0.025794282969150158, ""C20"": 0.025783307135041154}"
82,82,1,81,0.510461,20,"{""C01"": 1.478577, ""C02"": 1.501471, ""C03"": 1.519382, ""C04"": 1.529649, ""C05"": 2.974901, ""C06"": 2.986433, ""C07"": 2.994044, ""C08"": 3.001348, ""C09"": 3.025672, ""C10"": 3.025928, ""C11"": 3.03252, ""C12"": 3.047188, ""C13"": 3.055142, ""C14"": 3.069117, ""C15"": 3.077711, ""C16"": 3.097325, ""C17"": 7.095717, ""C18"": 7.162526, ""C19"": 7.129751, ""C20"": 7.18073}","{""C01"": 0, ""C02"": 0, ""C03"": 0, ""C04"": 0, ""C05"": 0, ""C06"": 0, ""C07"": 0, ""C08"": 0, ""C09"": 0, ""C10"": 0, ""C11"": 0, ""C12"": 0, ""C13"": 0, ""C14"": 0, ""C15"": 0, ""C16"": 0, ""C17"": 260, ""C18"": 284, ""C19"": 270, ""C20"": 289}","{""C01"": 0.025950639295837075, ""C02"": 0.025950639295837075, ""C03"": 0.025950639295837075, ""C04"": 0.025950639295837075, ""C05"": 0.025950639295837075, ""C06"": 0.025950639295837075, ""C07"": 0.025950639295837075, ""C08"": 0.025950639295837075, ""C09"": 0.025950639295837075, ""C10"": 0.025950639295837075, ""C11"": 0.025950639295837075, ""C12"": 0.025950639295837075, ""C13"": 0.025950639295837075, ""C14"": 0.025950639295837075, ""C15"": 0.025950639295837075, ""C16"": 0.025950639295837075, ""C17"": 0.025800068569519153, ""C18"": 0.025786190531312744, ""C19"": 0.025794282969150158, ""C20"": 0.025783307135041154}"
83,83,1,78,0.491826,20,"{""C01"": 1.478577, ""C02"": 1.501471, ""C03"": 1.519382, ""C04"": 1.529649, ""C05"": 2.974901, ""C06"": 2.986433, ""C07"": 2.994044, ""C08"": 3.001348, ""C09"": 3.025672, ""C10"": 3.025928, ""C11"": 3.03252, ""C12"": 3.047188, ""C13"": 3.055142, ""C14"": 3.069117, ""C15"": 3.077711, ""C16"": 3.097325, ""C17"": 7.170805, ""C18"": 7.217685, ""C19"": 7.211055, ""C20"": 7.238088}","{""C01"": 0, ""C02"": 0, ""C03"": 0, ""C04"": 0, ""C05"": 0, ""C06"": 0, ""C07"": 0, ""C08"": 0, ""C09"": 0, ""C10"": 0, ""C11"": 0, ""C12"": 0, ""C13"": 0, ""C14"": 0, ""C15"": 0, ""C16"": 0, ""C17"": 260, ""C18"": 278, ""C19"": 275, ""C20"": 285}","{""C01"": 0.025953691543127072, ""C02"": 0.025953691543127072, ""C03"": 0.025953691543127072, ""C04"": 0.025953691543127072, ""C05"": 0.025953691543127072, ""C06"": 0.025953691543127072, ""C07"": 0.025953691543127072, ""C08"": 0.025953691543127072, ""C09"": 0.025953691543127072, ""C10"": 0.025953691543127072, ""C11"": 0.025953691543127072, ""C12"": 0.025953691543127072, ""C13"": 0.025953691543127072, ""C14"": 0.025953691543127072, ""C15"": 0.025953691543127072, ""C16"": 0.025953691543127072, ""C17"": 0.025803123850249847, ""C18"": 0.025792720179788186, ""C19"": 0.02579445380648167, ""C20"": 0.02578868078396209}"
84,84,1,79,0.505680,20,"{""C01"": 1.478577, ""C02"": 1.501471, ""C03"": 1.519382, ""C04"": 1.529649, ""C05"": 3.015965, ""C06"": 3.021268, ""C07"": 3.013262, ""C08"": 3.038701, ""C09"": 3.063275, ""C10"": 3.063782, ""C11"": 3.09486, ""C12"": 3.088627, ""C13"": 3.101391, ""C14"": 3.113765, ""C15"": 3.124662, ""C16"": 3.145785, ""C17"": 7.287277, ""C18"": 7.334245, ""C19"": 7.327703, ""C20"": 7.354825}","{""C01"": 0, ""C02"": 0, ""C03"": 0, ""C04"": 0, ""C05"": 0, ""C06"": 0, ""C07"": 0, ""C08"": 0, ""C09"": 0, ""C10"": 0, ""C11"": 0, ""C12"": 0, ""C13"": 0, ""C14"": 0, ""C15"": 0, ""C16"": 0, ""C17"": 258, ""C18"": 278, ""C19"": 274, ""C20"": 283}","{""C01"": 0.025961041646185554, ""C02"": 0.025961041646185554, ""C03"": 0.025961041646185554, ""C04"": 0.025961041646185554, ""C05"": 0.025961041646185554, ""C06"": 0.025961041646185554, ""C07"": 0.025961041646185554, ""C08"": 0.025961041646185554, ""C09"": 0.025961041646185554, ""C10"": 0.025961041646185554, ""C11"": 0.025961041646185554, ""C12"": 0.025961041646185554, ""C13"": 0.025961041646185554, ""C14"": 0.025961041646185554, ""C15"": 0.025961041646185554, ""C16"": 0.025961041646185554, ""C17"": 0.025811631248994663, ""C18"": 0.025800066543171806, ""C19"": 0.02580237943427645, ""C20"": 0.0257971841672837}"
85,85,1,81,0.514378,20,"{""C01"": 1.478577, ""C02"": 1.501471, ""C03"": 1.519382, ""C04"": 1.529649, ""C05"": 3.085079, ""C06"": 3.109861, ""C07"": 3.082433, ""C08"": 3.1079, ""C09"": 3.132503, ""C10"": 3.133038, ""C11"": 3.164145, ""C12"": 3.157939, ""C13"": 3.170733, ""C14"": 3.183135, ""C15"": 3.194061, ""C16"": 3.215212, ""C17"": 7.366829, ""C18"": 7.41388, ""C19"": 7.407421, ""C20"": 7.457165}","{""C01"": 0, ""C02"": 0, ""C03"": 0, ""C04"": 0, ""C05"": 0, ""C06"": 0, ""C07"": 0, ""C08"": 0, ""C09"": 0, ""C10"": 0, ""C11"": 0, ""C12"": 0, ""C13"": 0, ""C14"": 0, ""C15"": 0, ""C16"": 0, ""C17"": 256, ""C18"": 273, ""C19"": 271, ""C20"": 290}","{""C01"": 0.025966715644024543, ""C02"": 0.025966715644024543, ""C03"": 0.025966715644024543, ""C04"": 0.025966715644024543, ""C05"": 0.025966715644024543, ""C06"": 0.025966715644024543, ""C07"": 0.025966715644024543, ""C08"": 0.025966715644024543, ""C09"": 0.025966715644024543, ""C10"": 0.025966715644024543, ""C11"": 0.025966715644024543, ""C12"": 0.025966715644024543, ""C13"": 0.025966715644024543, ""C14"": 0.025966715644024543, ""C15"": 0.025966715644024543, ""C16"": 0.025966715644024543, ""C17"": 0.025818461390419205, ""C18"": 0.025808627617140763, ""C19"": 0.02580978315121739, ""C20"": 0.025798807829902796}"
86,86,1,79,0.501494,20,"{""C01"": 1.478577, ""C02"": 1.501471, ""C03"": 1.519382, ""C04"": 1.529649, ""C05"": 3.092726, ""C06"": 3.117535, ""C07"": 3.090133, ""C08"": 3.115628, ""C09"": 3.140257, ""C10"": 3.140819, ""C11"": 3.171952, ""C12"": 3.165773, ""C13"": 3.178593, ""C14"": 3.191022, ""C15"": 3.201974, ""C16"": 3.223152, ""C17"": 7.38424, ""C18"": 7.431369, ""C19"": 7.465387, ""C20"": 7.47481}","{""C01"": 0, ""C02"": 0, ""C03"": 0, ""C04"": 0, ""C05"": 0, ""C06"": 0, ""C07"": 0, ""C08"": 0, ""C09"": 0, ""C10"": 0, ""C11"": 0, ""C12"": 0, ""C13"": 0, ""C14"": 0, ""C15"": 0, ""C16"": 0, ""C17"": 254, ""C18"": 270, ""C19"": 279, ""C20"": 285}","{""C01"": 0.02596792123559495, ""C02"": 0.02596792123559495, ""C03"": 0.02596792123559495, ""C04"": 0.02596792123559495, ""C05"": 0.02596792123559495, ""C06"": 0.02596792123559495, ""C07"": 0.02596792123559495, ""C08"": 0.02596792123559495, ""C09"": 0.02596792123559495, ""C10"": 0.02596792123559495, ""C11"": 0.02596792123559495, ""C12"": 0.02596792123559495, ""C13"": 0.02596792123559495, ""C14"": 0.02596792123559495, ""C15"": 0.02596792123559495, ""C16"": 0.02596792123559495, ""C17"": 0.025820825218345906, ""C18"": 0.025811569281547278, ""C19"": 0.025806374941071856, ""C20"": 0.02580290672897937}"
87,87,1,79,0.517106,20,"{""C01"": 1.478577, ""C02"": 1.501471, ""C03"": 1.519382, ""C04"": 1.529649, ""C05"": 3.092726, ""C06"": 3.117535, ""C07"": 3.090133, ""C08"": 3.115628, ""C09"": 3.140257, ""C10"": 3.140819, ""C11"": 3.171952, ""C12"": 3.165773, ""C13"": 3.178593, ""C14"": 3.191022, ""C15"": 3.201974, ""C16"": 3.223152, ""C17"": 7.38424, ""C18"": 7.431369, ""C19"": 7.465387, ""C20"": 7.47481}","{""C01"": 0, ""C02"": 0, ""C03"": 0, ""C04"": 0, ""C05"": 0, ""C06"": 0, ""C07"": 0, ""C08"": 0, ""C09"": 0, ""C10"": 0, ""C11"": 0, ""C12"": 0, ""C13"": 0, ""C14"": 0, ""C15"": 0, ""C16"": 0, ""C17"": 254, ""C18"": 270, ""C19"": 279, ""C20"": 285}","{""C01"": 0.02596792123559495, ""C02"": 0.02596792123559495, ""C03"": 0.02596792123559495, ""C04"": 0.02596792123559495, ""C05"": 0.02596792123559495, ""C06"": 0.02596792123559495, ""C07"": 0.02596792123559495, ""C08"": 0.02596792123559495, ""C09"": 0.02596792123559495, ""C10"": 0.02596792123559495, ""C11"": 0.02596792123559495, ""C12"": 0.02596792123559495, ""C13"": 0.02596792123559495, ""C14"": 0.02596792123559495, ""C15"": 0.02596792123559495, ""C16"": 0.02596792123559495, ""C17"": 0.025820825218345906, ""C18"": 0.025811569281547278, ""C19"": 0.025806374941071856, ""C20"": 0.02580290672897937}"
88,88,1,79,0.485623,20,"{""C01"": 1.478577, ""C02"": 1.501471, ""C03"": 1.519382, ""C04"": 1.529649, ""C05"": 3.092726, ""C06"": 3.117535, ""C07"": 3.090133, ""C08"": 3.115628, ""C09"": 3.140257, ""C10"": 3.140819, ""C11"": 3.171952, ""C12"": 3.165773, ""C13"": 3.178593, ""C14"": 3.191022, ""C15"": 3.201974, ""C16"": 3.223152, ""C17"": 7.38424, ""C18"": 7.431369, ""C19"": 7.465387, ""C20"": 7.47481}","{""C01"": 0, ""C02"": 0, ""C03"": 0, ""C04"": 0, ""C05"": 0, ""C06"": 0, ""C07"": 0, ""C08"": 0, ""C09"": 0, ""C10"": 0, ""C11"": 0, ""C12"": 0, ""C13"": 0, ""C14"": 0, ""C15"": 0, ""C16"": 0, ""C17"": 254, ""C18"": 270, ""C19"": 279, ""C20"": 285}","{""C01"": 0.02596792123559495, ""C02"": 0.02596792123559495, ""C03"": 0.02596792123559495, ""C04"": 0.02596792123559495, ""C05"": 0.02596792123559495, ""C06"": 0.02596792123559495, ""C07"": 0.02596792123559495, ""C08"": 0.02596792123559495, ""C09"": 0.02596792123559495, ""C10"": 0.02596792123559495, ""C11"": 0.02596792123559495, ""C12"": 0.02596792123559495, ""C13"": 0.02596792123559495, ""C14"": 0.02596792123559495, ""C15"": 0.02596792123559495, ""C16"": 0.02596792123559495, ""C17"": 0.025820825218345906, ""C18"": 0.025811569281547278, ""C19"": 0.025806374941071856, ""C20"": 0.02580290672897937}"
89,89,1,79,0.499534,20,"{""C01"": 1.478577, ""C02"": 1.501471, ""C03"": 1.519382, ""C04"": 1.529649, ""C05"": 3.092726, ""C06"": 3.117535, ""C07"": 3.090133, ""C08"": 3.115628, ""C09"": 3.140257, ""C10"": 3.140819, ""C11"": 3.171952, ""C12"": 3.165773, ""C13"": 3.178593, ""C14"": 3.191022, ""C15"": 3.201974, ""C16"": 3.223152, ""C17"": 7.38424, ""C18"": 7.431369, ""C19"": 7.465387, ""C20"": 7.47481}","{""C01"": 0, ""C02"": 0, ""C03"": 0, ""C04"": 0, ""C05"": 0, ""C06"": 0, ""C07"": 0, ""C08"": 0, ""C09"": 0, ""C10"": 0, ""C11"": 0, ""C12"": 0, ""C13"": 0, ""C14"": 0, ""C15"": 0, ""C16"": 0, ""C17"": 254, ""C18"": 270, ""C19"": 279, ""C20"": 285}","{""C01"": 0.02596792123559495, ""C02"": 0.02596792123559495, ""C03"": 0.02596792123559495, ""C04"": 0.02596792123559495, ""C05"": 0.02596792123559495, ""C06"": 0.02596792123559495, ""C07"": 0.02596792123559495, ""C08"": 0.02596792123559495, ""C09"": 0.02596792123559495, ""C10"": 0.02596792123559495, ""C11"": 0.02596792123559495, ""C12"": 0.02596792123559495, ""C13"": 0.02596792123559495, ""C14"": 0.02596792123559495, ""C15"": 0.02596792123559495, ""C16"": 0.02596792123559495, ""C17"": 0.025820825218345906, ""C18"": 0.025811569281547278, ""C19"": 0.025806374941071856, ""C20"": 0.02580290672897937}"
90,90,1,79,0.491575,20,"{""C01"": 1.478577, ""C02"": 1.501471, ""C03"": 1.519382, ""C04"": 1.529649, ""C05"": 3.092726, ""C06"": 3.117535, ""C07"": 3.090133, ""C08"": 3.115628, ""C09"": 3.140257, ""C10"": 3.140819, ""C11"": 3.171952, ""C12"": 3.165773, ""C13"": 3.178593, ""C14"": 3.191022, ""C15"": 3.201974, ""C16"": 3.223152, ""C17"": 7.38424, ""C18"": 7.431369, ""C19"": 7.465387, ""C20"": 7.47481}","{""C01"": 0, ""C02"": 0, ""C03"": 0, ""C04"": 0, ""C05"": 0, ""C06"": 0, ""C07"": 0, ""C08"": 0, ""C09"": 0, ""C10"": 0, ""C11"": 0, ""C12"": 0, ""C13"": 0, ""C14"": 0, ""C15"": 0, ""C16"": 0, ""C17"": 254, ""C18"": 270, ""C19"": 279, ""C20"": 285}","{""C01"": 0.02596792123559495, ""C02"": 0.02596792123559495, ""C03"": 0.02596792123559495, ""C04"": 0.02596792123559495, ""C05"": 0.02596792123559495, ""C06"": 0.02596792123559495, ""C07"": 0.02596792123559495, ""C08"": 0.02596792123559495, ""C09"": 0.02596792123559495, ""C10"": 0.02596792123559495, ""C11"": 0.02596792123559495, ""C12"": 0.02596792123559495, ""C13"": 0.02596792123559495, ""C14"": 0.02596792123559495, ""C15"": 0.02596792123559495, ""C16"": 0.02596792123559495, ""C17"": 0.025820825218345906, ""C18"": 0.025811569281547278, ""C19"": 0.025806374941071856, ""C20"": 0.02580290672897937}"
91,91,1,79,0.489891,20,"{""C01"": 1.478577, ""C02"": 1.501471, ""C03"": 1.519382, ""C04"": 1.529649, ""C05"": 3.092726, ""C06"": 3.117535, ""C07"": 3.090133, ""C08"": 3.115628, ""C09"": 3.140257, ""C10"": 3.140819, ""C11"": 3.171952, ""C12"": 3.165773, ""C13"": 3.178593, ""C14"": 3.191022, ""C15"": 3.201974, ""C16"": 3.223152, ""C17"": 7.38424, ""C18"": 7.431369, ""C19"": 7.465387, ""C20"": 7.47481}","{""C01"": 0, ""C02"": 0, ""C03"": 0, ""C04"": 0, ""C05"": 0, ""C06"": 0, ""C07"": 0, ""C08"": 0, ""C09"": 0, ""C10"": 0, ""C11"": 0, ""C12"": 0, ""C13"": 0, ""C14"": 0, ""C15"": 0, ""C16"": 0, ""C17"": 254, ""C18"": 270, ""C19"": 279, ""C20"": 285}","{""C01"": 0.02596792123559495, ""C02"": 0.02596792123559495, ""C03"": 0.02596792123559495, ""C04"": 0.02596792123559495, ""C05"": 0.02596792123559495, ""C06"": 0.02596792123559495, ""C07"": 0.02596792123559495, ""C08"": 0.02596792123559495, ""C09"": 0.02596792123559495, ""C10"": 0.02596792123559495, ""C11"": 0.02596792123559495, ""C12"": 0.02596792123559495, ""C13"": 0.02596792123559495, ""C14"": 0.02596792123559495, ""C15"": 0.02596792123559495, ""C16"": 0.02596792123559495, ""C17"": 0.025820825218345906, ""C18"": 0.025811569281547278, ""C19"": 0.025806374941071856, ""C20"": 0.02580290672897937}"
92,92,1,139,0.872082,20,"{""C01"": 1.478577, ""C02"": 1.501471, ""C03"": 1.519382, ""C04"": 1.529649, ""C05"": 3.092726, ""C06"": 3.117535, ""C07"": 3.090133, ""C08"": 3.115628, ""C09"": 3.140257, ""C10"": 3.140819, ""C11"": 3.171952, ""C12"": 3.165773, ""C13"": 3.178593, ""C14"": 3.191022, ""C15"": 3.201974, ""C16"": 3.223152, ""C17"": 7.436318, ""C18"": 7.4461, ""C19"": 7.495234, ""C20"": 7.534268}","{""C01"": 0, ""C02"": 0, ""C03"": 0, ""C04"": 0, ""C05"": 0, ""C06"": 0, ""C07"": 0, ""C08"": 0, ""C09"": 0, ""C10"": 0, ""C11"": 0, ""C12"": 0, ""C13"": 0, ""C14"": 0, ""C15"": 0, ""C16"": 0, ""C17"": 228, ""C18"": 261, ""C19"": 276, ""C20"": 322}","{""C01"": 0.025970923736392773, ""C02"": 0.025970923736392773, ""C03"": 0.025970923736392773, ""C04"": 0.025970923736392773, ""C05"": 0.025970923736392773, ""C06"": 0.025970923736392773, ""C07"": 0.025970923736392773, ""C08"": 0.025970923736392773, ""C09"": 0.025970923736392773, ""C10"": 0.025970923736392773, ""C11"": 0.025970923736392773, ""C12"": 0.025970923736392773, ""C13"": 0.025970923736392773, ""C14"": 0.025970923736392773, ""C15"": 0.025970923736392773, ""C16"": 0.025970923736392773, ""C17"": 0.02583888479177552, ""C18"": 0.025819774551898107, ""C19"": 0.025811102185435645, ""C20"": 0.025784486737296445}"
93,93,1,135,0.851203,20,"{""C01"": 1.478577, ""C02"": 1.501471, ""C03"": 1.519382, ""C04"": 1.529649, ""C05"": 3.123301, ""C06"": 3.131691, ""C07"": 3.135694, ""C08"": 3.154943, ""C09"": 3.149945, ""C10"": 3.163722, ""C11"": 3.184055, ""C12"": 3.207181, ""C13"": 3.188821, ""C14"": 3.201385, ""C15"": 3.231606, ""C16"": 3.249608, ""C17"": 7.500816, ""C18"": 7.510638, ""C19"": 7.559812, ""C20"": 7.599277}","{""C01"": 0, ""C02"": 0, ""C03"": 0, ""C04"": 0, ""C05"": 0, ""C06"": 0, ""C07"": 0, ""C08"": 0, ""C09"": 0, ""C10"": 0, ""C11"": 0, ""C12"": 0, ""C13"": 0, ""C14"": 0, ""C15"": 0, ""C16"": 0, ""C17"": 230, ""C18"": 260, ""C19"": 276, ""C20"": 318}","{""C01"": 0.025974601186613863, ""C02"": 0.025974601186613863, ""C03"": 0.025974601186613863, ""C04"": 0.025974601186613863, ""C05"": 0.025974601186613863, ""C06"": 0.025974601186613863, ""C07"": 0.025974601186613863, ""C08"": 0.025974601186613863, ""C09"": 0.025974601186613863, ""C10"": 0.025974601186613863, ""C11"": 0.025974601186613863, ""C12"": 0.025974601186613863, ""C13"": 0.025974601186613863, ""C14"": 0.025974601186613863, ""C15"": 0.025974601186613863, ""C16"": 0.025974601186613863, ""C17"": 0.025841404005640316, ""C18"": 0.025824031158087242, ""C19"": 0.02581477965180432, ""C20"": 0.02579048071925761}"
94,94,1,470,2.964361,20,"{""C01"": 1.478649, ""C02"": 1.501471, ""C03"": 1.519382, ""C04"": 1.529649, ""C05"": 3.131159, ""C06"": 3.139561, ""C07"": 3.143576, ""C08"": 3.162837, ""C09"": 3.157851, ""C10"": 3.17164, ""C11"": 3.191985, ""C12"": 3.215123, ""C13"": 3.210286, ""C14"": 3.209351, ""C15"": 3.239583, ""C16"": 3.264176, ""C17"": 7.513052, ""C18"": 7.522909, ""C19"": 7.572117, ""C20"": 7.621612}","{""C01"": 0, ""C02"": 0, ""C03"": 0, ""C04"": 0, ""C05"": 0, ""C06"": 0, ""C07"": 0, ""C08"": 0, ""C09"": 0, ""C10"": 0, ""C11"": 0, ""C12"": 0, ""C13"": 0, ""C14"": 0, ""C15"": 0, ""C16"": 0, ""C17"": 0, ""C18"": 253, ""C19"": 275, ""C20"": 553}","{""C01"": 0.025976093236281264, ""C02"": 0.025976093236281264, ""C03"": 0.025976093236281264, ""C04"": 0.025976093236281264, ""C05"": 0.025976093236281264, ""C06"": 0.025976093236281264, ""C07"": 0.025976093236281264, ""C08"": 0.025976093236281264, ""C09"": 0.025976093236281264, ""C10"": 0.025976093236281264, ""C11"": 0.025976093236281264, ""C12"": 0.025976093236281264, ""C13"": 0.025976093236281264, ""C14"": 0.025976093236281264, ""C15"": 0.025976093236281264, ""C16"": 0.025976093236281264, ""C17"": 0.025976093236281264, ""C18"": 0.025829576337210364, ""C19"": 0.02581684463691634, ""C20"": 0.025655877110104183}"
95,95,1,470,2.938429,20,"{""C01"": 1.478649, ""C02"": 1.501471, ""C03"": 1.519382, ""C04"": 1.529649, ""C05"": 3.131159, ""C06"": 3.139561, ""C07"": 3.143576, ""C08"": 3.162837, ""C09"": 3.157851, ""C10"": 3.17164, ""C11"": 3.191985, ""C12"": 3.215123, ""C13"": 3.210286, ""C14"": 3.209351, ""C15"": 3.239583, ""C16"": 3.264176, ""C17"": 7.513052, ""C18"": 7.522909, ""C19"": 7.572117, ""C20"": 7.621612}","{""C01"": 0, ""C02"": 0, ""C03"": 0, ""C04"": 0, ""C05"": 0, ""C06"": 0, ""C07"": 0, ""C08"": 0, ""C09"": 0, ""C10"": 0, ""C11"": 0, ""C12"": 0, ""C13"": 0, ""C14"": 0, ""C15"": 0, ""C16"": 0, ""C17"": 0, ""C18"": 253, ""C19"": 275, ""C20"": 553}","{""C01"": 0.025976093236281264, ""C02"": 0.025976093236281264, ""C03"": 0.025976093236281264, ""C04"": 0.025976093236281264, ""C05"": 0.025976093236281264, ""C06"": 0.025976093236281264, ""C07"": 0.025976093236281264, ""C08"": 0.025976093236281264, ""C09"": 0.025976093236281264, ""C10"": 0.025976093236281264, ""C11"": 0.025976093236281264, ""C12"": 0.025976093236281264, ""C13"": 0.025976093236281264, ""C14"": 0.025976093236281264, ""C15"": 0.025976093236281264, ""C16"": 0.025976093236281264, ""C17"": 0.025976093236281264, ""C18"": 0.025829576337210364, ""C19"": 0.02581684463691634, ""C20"": 0.025655877110104183}"
96,96,1,470,2.909068,20,"{""C01"": 1.478649, ""C02"": 1.501471, ""C03"": 1.519382, ""C04"": 1.529649, ""C05"": 3.131159, ""C06"": 3.139561, ""C07"": 3.143576, ""C08"": 3.162837, ""C09"": 3.157851, ""C10"": 3.17164, ""C11"": 3.191985, ""C12"": 3.215123, ""C13"": 3.210286, ""C14"": 3.209351, ""C15"": 3.239583, ""C16"": 3.264176, ""C17"": 7.513052, ""C18"": 7.522909, ""C19"": 7.572117, ""C20"": 7.621612}","{""C01"": 0, ""C02"": 0, ""C03"": 0, ""C04"": 0, ""C05"": 0, ""C06"": 0, ""C07"": 0, ""C08"": 0, ""C09"": 0, ""C10"": 0, ""C11"": 0, ""C12"": 0, ""C13"": 0, ""C14"": 0, ""C15"": 0, ""C16"": 0, ""C17"": 0, ""C18"": 253, ""C19"": 275, ""C20"": 553}","{""C01"": 0.025976093236281264, ""C02"": 0.025976093236281264, ""C03"": 0.025976093236281264, ""C04"": 0.025976093236281264, ""C05"": 0.025976093236281264, ""C06"": 0.025976093236281264, ""C07"": 0.025976093236281264, ""C08"": 0.025976093236281264, ""C09"": 0.025976093236281264, ""C10"": 0.025976093236281264, ""C11"": 0.025976093236281264, ""C12"": 0.025976093236281264, ""C13"": 0.025976093236281264, ""C14"": 0.025976093236281264, ""C15"": 0.025976093236281264, ""C16"": 0.025976093236281264, ""C17"": 0.025976093236281264, ""C18"": 0.025829576337210364, ""C19"": 0.02581684463691634, ""C20"": 0.025655877110104183}"
97,97,1,470,2.961357,20,"{""C01"": 1.478649, ""C02"": 1.501471, ""C03"": 1.519382, ""C04"": 1.529649, ""C05"": 3.131159, ""C06"": 3.139561, ""C07"": 3.143576, ""C08"": 3.162837, ""C09"": 3.157851, ""C10"": 3.17164, ""C11"": 3.191985, ""C12"": 3.215123, ""C13"": 3.210286, ""C14"": 3.209351, ""C15"": 3.239583, ""C16"": 3.264176, ""C17"": 7.513052, ""C18"": 7.522909, ""C19"": 7.572117, ""C20"": 7.621612}","{""C01"": 0, ""C02"": 0, ""C03"": 0, ""C04"": 0, ""C05"": 0, ""C06"": 0, ""C07"": 0, ""C08"": 0, ""C09"": 0, ""C10"": 0, ""C11"": 0, ""C12"": 0, ""C13"": 0, ""C14"": 0, ""C15"": 0, ""C16"": 0, ""C17"": 0, ""C18"": 253, ""C19"": 275, ""C20"": 553}","{""C01"": 0.025976093236281264, ""C02"": 0.025976093236281264, ""C03"": 0.025976093236281264, ""C04"": 0.025976093236281264, ""C05"": 0.025976093236281264, ""C06"": 0.025976093236281264, ""C07"": 0.025976093236281264, ""C08"": 0.025976093236281264, ""C09"": 0.025976093236281264, ""C10"": 0.025976093236281264, ""C11"": 0.025976093236281264, ""C12"": 0.025976093236281264, ""C13"": 0.025976093236281264, ""C14"": 0.025976093236281264, ""C15"": 0.025976093236281264, ""C16"": 0.025976093236281264, ""C17"": 0.025976093236281264, ""C18"": 0.025829576337210364, ""C19"": 0.02581684463691634, ""C20"": 0.025655877110104183}"
98,98,1,470,2.964292,20,"{""C01"": 1.478649, ""C02"": 1.501471, ""C03"": 1.519382, ""C04"": 1.529649, ""C05"": 3.131159, ""C06"": 3.139561, ""C07"": 3.143576, ""C08"": 3.162837, ""C09"": 3.157851, ""C10"": 3.17164, ""C11"": 3.191985, ""C12"": 3.215123, ""C13"": 3.210286, ""C14"": 3.209351, ""C15"": 3.239583, ""C16"": 3.264176, ""C17"": 7.513052, ""C18"": 7.522909, ""C19"": 7.572117, ""C20"": 7.621612}","{""C01"": 0, ""C02"": 0, ""C03"": 0, ""C04"": 0, ""C05"": 0, ""C06"": 0, ""C07"": 0, ""C08"": 0, ""C09"": 0, ""C10"": 0, ""C11"": 0, ""C12"": 0, ""C13"": 0, ""C14"": 0, ""C15"": 0, ""C16"": 0, ""C17"": 0, ""C18"": 253, ""C19"": 275, ""C20"": 553}","{""C01"": 0.025976093236281264, ""C02"": 0.025976093236281264, ""C03"": 0.025976093236281264, ""C04"": 0.025976093236281264, ""C05"": 0.025976093236281264, ""C06"": 0.025976093236281264, ""C07"": 0.025976093236281264, ""C08"": 0.025976093236281264, ""C09"": 0.025976093236281264, ""C10"": 0.025976093236281264, ""C11"": 0.025976093236281264, ""C12"": 0.025976093236281264, ""C13"": 0.025976093236281264, ""C14"": 0.025976093236281264, ""C15"": 0.025976093236281264, ""C16"": 0.025976093236281264, ""C17"": 0.025976093236281264, ""C18"": 0.025829576337210364, ""C19"": 0.02581684463691634, ""C20"": 0.025655877110104183}"
99,99,1,470,3.009122,20,"{""C01"": 1.478649, ""C02"": 1.501471, ""C03"": 1.519382, ""C04"": 1.529649, ""C05"": 3.131159, ""C06"": 3.139561, ""C07"": 3.143576, ""C08"": 3.162837, ""C09"": 3.157851, ""C10"": 3.17164, ""C11"": 3.191985, ""C12"": 3.215123, ""C13"": 3.210286, ""C14"": 3.209351, ""C15"": 3.239583, ""C16"": 3.264176, ""C17"": 7.513052, ""C18"": 7.522909, ""C19"": 7.572117, ""C20"": 7.621612}","{""C01"": 0, ""C02"": 0, ""C03"": 0, ""C04"": 0, ""C05"": 0, ""C06"": 0, ""C07"": 0, ""C08"": 0, ""C09"": 0, ""C10"": 0, ""C11"": 0, ""C12"": 0, ""C13"": 0, ""C14"": 0, ""C15"": 0, ""C16"": 0, ""C17"": 0, ""C18"": 253, ""C19"": 275, ""C20"": 553}","{""C01"": 0.025976093236281264, ""C02"": 0.025976093236281264, ""C03"": 0.025976093236281264, ""C04"": 0.025976093236281264, ""C05"": 0.025976093236281264, ""C06"": 0.025976093236281264, ""C07"": 0.025976093236281264, ""C08"": 0.025976093236281264, ""C09"": 0.025976093236281264, ""C10"": 0.025976093236281264, ""C11"": 0.025976093236281264, ""C12"": 0.025976093236281264, ""C13"": 0.025976093236281264, ""C14"": 0.025976093236281264, ""C15"": 0.025976093236281264, ""C16"": 0.025976093236281264, ""C17"": 0.025976093236281264, ""C18"": 0.025829576337210364, ""C19"": 0.02581684463691634, ""C20"": 0.025655877110104183}"
100,100,1,470,2.995350,20,"{""C01"": 1.478649, ""C02"": 1.501471, ""C03"": 1.519382, ""C04"": 1.529649, ""C05"": 3.131159, ""C06"": 3.139561, ""C07"": 3.143576, ""C08"": 3.162837, ""C09"": 3.157851, ""C10"": 3.17164, ""C11"": 3.191985, ""C12"": 3.215123, ""C13"": 3.210286, ""C14"": 3.209351, ""C15"": 3.239583, ""C16"": 3.264176, ""C17"": 7.513052, ""C18"": 7.522909, ""C19"": 7.572117, ""C20"": 7.621612}","{""C01"": 0, ""C02"": 0, ""C03"": 0, ""C04"": 0, ""C05"": 0, ""C06"": 0, ""C07"": 0, ""C08"": 0, ""C09"": 0, ""C10"": 0, ""C11"": 0, ""C12"": 0, ""C13"": 0, ""C14"": 0, ""C15"": 0, ""C16"": 0, ""C17"": 0, ""C18"": 253, ""C19"": 275, ""C20"": 553}","{""C01"": 0.025976093236281264, ""C02"": 0.025976093236281264, ""C03"": 0.025976093236281264, ""C04"": 0.025976093236281264, ""C05"": 0.025976093236281264, ""C06"": 0.025976093236281264, ""C07"": 0.025976093236281264, ""C08"": 0.025976093236281264, ""C09"": 0.025976093236281264, ""C10"": 0.025976093236281264, ""C11"": 0.025976093236281264, ""C12"": 0.025976093236281264, ""C13"": 0.025976093236281264, ""C14"": 0.025976093236281264, ""C15"": 0.025976093236281264, ""C16"": 0.025976093236281264, ""C17"": 0.025976093236281264, ""C18"": 0.025829576337210364, ""C19"": 0.02581684463691634, ""C20"": 0.025655877110104183}"
