game_id,iter_idx,converged,rounds,duration_sec,player_count,quality_scores_json,final_datasizes_json,final_payoffs_json
1,1,0,2000,14.471006,20,"{""C01"": 1.0, ""C02"": 1.0, ""C03"": 1.0, ""C04"": 1.0, ""C05"": 1.0, ""C06"": 1.0, ""C07"": 1.0, ""C08"": 1.0, ""C09"": 1.0, ""C10"": 1.0, ""C11"": 1.0, ""C12"": 1.0, ""C13"": 1.0, ""C14"": 1.0, ""C15"": 1.0, ""C16"": 1.0, ""C17"": 1.0, ""C18"": 1.0, ""C19"": 1.0, ""C20"": 1.0}","{""C01"": 101, ""C02"": 101, ""C03"": 101, ""C04"": 101, ""C05"": 101, ""C06"": 101, ""C07"": 101, ""C08"": 101, ""C09"": 101, ""C10"": 101, ""C11"": 101, ""C12"": 101, ""C13"": 101, ""C14"": 101, ""C15"": 101, ""C16"": 101, ""C17"": 101, ""C18"": 101, ""C19"": 101, ""C20"": 101}","{""C01"": 0.024714316149549418, ""C02"": 0.024714316149549418, ""C03"": 0.024714316149549418, ""C04"": 0.024714316149549418, ""C05"": 0.024714316149549418, ""C06"": 0.024714316149549418, ""C07"": 0.024714316149549418, ""C08"": 0.024714316149549418, ""C09"": 0.024714316149549418, ""C10"": 0.024714316149549418, ""C11"": 0.024714316149549418, ""C12"": 0.024714316149549418, ""C13"": 0.024714316149549418, ""C14"": 0.024714316149549418, ""C15"": 0.024714316149549418, ""C16"": 0.024714316149549418, ""C17"": 0.024714316149549418, ""C18"": 0.024714316149549418, ""C19"": 0.024714316149549418, ""C20"": 0.024714316149549418}"
2,2,1,101,0.662471,20,"{""C01"": 1.005628, ""C02"": 1.005929, ""C03"": 1.006231, ""C04"": 1.006532, ""C05"": 1.038994, ""C06"": 1.039235, ""C07"": 1.039476, ""C08"": 1.039718, ""C09"": 1.039959, ""C10"": 1.0402, ""C11"": 1.040441, ""C12"": 1.040682, ""C13"": 1.040924, ""C14"": 1.041165, ""C15"": 1.041406, ""C16"": 1.041647, ""C17"": 1.127434, ""C18"": 1.128137, ""C19"": 1.128841, ""C20"": 1.129544}","{""C01"": 0, ""C02"": 0, ""C03"": 0, ""C04"": 0, ""C05"": 0, ""C06"": 0, ""C07"": 0, ""C08"": 0, ""C09"": 0, ""C10"": 0, ""C11"": 0, ""C12"": 0, ""C13"": 0, ""C14"": 0, ""C15"": 0, ""C16"": 0, ""C17"": 490, ""C18"": 494, ""C19"": 497, ""C20"": 498}","{""C01"": 0.02484676554944533, ""C02"": 0.02484676554944533, ""C03"": 0.02484676554944533, ""C04"": 0.02484676554944533, ""C05"": 0.02484676554944533, ""C06"": 0.02484676554944533, ""C07"": 0.02484676554944533, ""C08"": 0.02484676554944533, ""C09"": 0.02484676554944533, ""C10"": 0.02484676554944533, ""C11"": 0.02484676554944533, ""C12"": 0.02484676554944533, ""C13"": 0.02484676554944533, ""C14"": 0.02484676554944533, ""C15"": 0.02484676554944533, ""C16"": 0.02484676554944533, ""C17"": 0.024563006699586887, ""C18"": 0.02456069278100323, ""C19"": 0.024558958280308057, ""C20"": 0.024558382306916732}"
3,3,1,86,0.555401,20,"{""C01"": 1.011199, ""C02"": 1.011799, ""C03"": 1.012399, ""C04"": 1.012999, ""C05"": 1.077592, ""C06"": 1.078072, ""C07"": 1.078552, ""C08"": 1.079032, ""C09"": 1.079512, ""C10"": 1.079992, ""C11"": 1.080472, ""C12"": 1.080952, ""C13"": 1.081432, ""C14"": 1.081912, ""C15"": 1.082392, ""C16"": 1.082872, ""C17"": 1.253574, ""C18"": 1.254974, ""C19"": 1.256374, ""C20"": 1.257774}","{""C01"": 0, ""C02"": 0, ""C03"": 0, ""C04"": 0, ""C05"": 0, ""C06"": 0, ""C07"": 0, ""C08"": 0, ""C09"": 0, ""C10"": 0, ""C11"": 0, ""C12"": 0, ""C13"": 0, ""C14"": 0, ""C15"": 0, ""C16"": 0, ""C17"": 471, ""C18"": 478, ""C19"": 481, ""C20"": 485}","{""C01"": 0.024930577569417994, ""C02"": 0.024930577569417994, ""C03"": 0.024930577569417994, ""C04"": 0.024930577569417994, ""C05"": 0.024930577569417994, ""C06"": 0.024930577569417994, ""C07"": 0.024930577569417994, ""C08"": 0.024930577569417994, ""C09"": 0.024930577569417994, ""C10"": 0.024930577569417994, ""C11"": 0.024930577569417994, ""C12"": 0.024930577569417994, ""C13"": 0.024930577569417994, ""C14"": 0.024930577569417994, ""C15"": 0.024930577569417994, ""C16"": 0.024930577569417994, ""C17"": 0.02465781781591621, ""C18"": 0.024653767692649098, ""C19"": 0.024652034759257754, ""C20"": 0.02464972386428443}"
4,4,1,82,0.527021,20,"{""C01"": 1.016713, ""C02"": 1.017608, ""C03"": 1.018503, ""C04"": 1.019399, ""C05"": 1.115794, ""C06"": 1.116511, ""C07"": 1.117227, ""C08"": 1.117943, ""C09"": 1.118659, ""C10"": 1.119376, ""C11"": 1.120092, ""C12"": 1.120808, ""C13"": 1.121524, ""C14"": 1.122241, ""C15"": 1.122957, ""C16"": 1.123673, ""C17"": 1.378421, ""C18"": 1.38051, ""C19"": 1.382599, ""C20"": 1.384688}","{""C01"": 0, ""C02"": 0, ""C03"": 0, ""C04"": 0, ""C05"": 0, ""C06"": 0, ""C07"": 0, ""C08"": 0, ""C09"": 0, ""C10"": 0, ""C11"": 0, ""C12"": 0, ""C13"": 0, ""C14"": 0, ""C15"": 0, ""C16"": 0, ""C17"": 459, ""C18"": 461, ""C19"": 465, ""C20"": 474}","{""C01"": 0.025002929739159893, ""C02"": 0.025002929739159893, ""C03"": 0.025002929739159893, ""C04"": 0.025002929739159893, ""C05"": 0.025002929739159893, ""C06"": 0.025002929739159893, ""C07"": 0.025002929739159893, ""C08"": 0.025002929739159893, ""C09"": 0.025002929739159893, ""C10"": 0.025002929739159893, ""C11"": 0.025002929739159893, ""C12"": 0.025002929739159893, ""C13"": 0.025002929739159893, ""C14"": 0.025002929739159893, ""C15"": 0.025002929739159893, ""C16"": 0.025002929739159893, ""C17"": 0.02473711755454326, ""C18"": 0.024735963485092948, ""C19"": 0.024733652867620064, ""C20"": 0.024728448335917596}"
5,5,1,81,0.519271,20,"{""C01"": 1.022169, ""C02"": 1.023357, ""C03"": 1.024544, ""C04"": 1.025732, ""C05"": 1.153601, ""C06"": 1.154551, ""C07"": 1.155501, ""C08"": 1.156451, ""C09"": 1.157401, ""C10"": 1.158351, ""C11"": 1.159301, ""C12"": 1.160251, ""C13"": 1.161202, ""C14"": 1.162152, ""C15"": 1.163102, ""C16"": 1.164052, ""C17"": 1.501973, ""C18"": 1.504744, ""C19"": 1.507516, ""C20"": 1.510287}","{""C01"": 0, ""C02"": 0, ""C03"": 0, ""C04"": 0, ""C05"": 0, ""C06"": 0, ""C07"": 0, ""C08"": 0, ""C09"": 0, ""C10"": 0, ""C11"": 0, ""C12"": 0, ""C13"": 0, ""C14"": 0, ""C15"": 0, ""C16"": 0, ""C17"": 444, ""C18"": 449, ""C19"": 456, ""C20"": 461}","{""C01"": 0.025066599647891236, ""C02"": 0.025066599647891236, ""C03"": 0.025066599647891236, ""C04"": 0.025066599647891236, ""C05"": 0.025066599647891236, ""C06"": 0.025066599647891236, ""C07"": 0.025066599647891236, ""C08"": 0.025066599647891236, ""C09"": 0.025066599647891236, ""C10"": 0.025066599647891236, ""C11"": 0.025066599647891236, ""C12"": 0.025066599647891236, ""C13"": 0.025066599647891236, ""C14"": 0.025066599647891236, ""C15"": 0.025066599647891236, ""C16"": 0.025066599647891236, ""C17"": 0.024809472671463106, ""C18"": 0.0248065809892709, ""C19"": 0.024802533793754925, ""C20"": 0.024799647022456413}"
6,6,1,81,0.525515,20,"{""C01"": 1.027569, ""C02"": 1.029046, ""C03"": 1.030522, ""C04"": 1.031999, ""C05"": 1.191011, ""C06"": 1.192193, ""C07"": 1.193374, ""C08"": 1.194556, ""C09"": 1.195737, ""C10"": 1.196919, ""C11"": 1.1981, ""C12"": 1.199282, ""C13"": 1.200463, ""C14"": 1.201645, ""C15"": 1.202826, ""C16"": 1.204008, ""C17"": 1.624232, ""C18"": 1.627678, ""C19"": 1.631124, ""C20"": 1.63457}","{""C01"": 0, ""C02"": 0, ""C03"": 0, ""C04"": 0, ""C05"": 0, ""C06"": 0, ""C07"": 0, ""C08"": 0, ""C09"": 0, ""C10"": 0, ""C11"": 0, ""C12"": 0, ""C13"": 0, ""C14"": 0, ""C15"": 0, ""C16"": 0, ""C17"": 434, ""C18"": 438, ""C19"": 444, ""C20"": 450}","{""C01"": 0.025122851044237268, ""C02"": 0.025122851044237268, ""C03"": 0.025122851044237268, ""C04"": 0.025122851044237268, ""C05"": 0.025122851044237268, ""C06"": 0.025122851044237268, ""C07"": 0.025122851044237268, ""C08"": 0.025122851044237268, ""C09"": 0.025122851044237268, ""C10"": 0.025122851044237268, ""C11"": 0.025122851044237268, ""C12"": 0.025122851044237268, ""C13"": 0.025122851044237268, ""C14"": 0.025122851044237268, ""C15"": 0.025122851044237268, ""C16"": 0.025122851044237268, ""C17"": 0.024871514764722286, ""C18"": 0.024869202307625782, ""C19"": 0.02486573493351535, ""C20"": 0.02486227045704007}"
7,7,1,82,0.528324,20,"{""C01"": 1.032911, ""C02"": 1.034674, ""C03"": 1.036437, ""C04"": 1.0382, ""C05"": 1.228026, ""C06"": 1.229436, ""C07"": 1.230847, ""C08"": 1.232257, ""C09"": 1.233668, ""C10"": 1.235078, ""C11"": 1.236489, ""C12"": 1.237899, ""C13"": 1.239309, ""C14"": 1.24072, ""C15"": 1.24213, ""C16"": 1.243541, ""C17"": 1.745197, ""C18"": 1.749311, ""C19"": 1.753425, ""C20"": 1.757539}","{""C01"": 0, ""C02"": 0, ""C03"": 0, ""C04"": 0, ""C05"": 0, ""C06"": 0, ""C07"": 0, ""C08"": 0, ""C09"": 0, ""C10"": 0, ""C11"": 0, ""C12"": 0, ""C13"": 0, ""C14"": 0, ""C15"": 0, ""C16"": 0, ""C17"": 416, ""C18"": 426, ""C19"": 437, ""C20"": 448}","{""C01"": 0.025173550652511284, ""C02"": 0.025173550652511284, ""C03"": 0.025173550652511284, ""C04"": 0.025173550652511284, ""C05"": 0.025173550652511284, ""C06"": 0.025173550652511284, ""C07"": 0.025173550652511284, ""C08"": 0.025173550652511284, ""C09"": 0.025173550652511284, ""C10"": 0.025173550652511284, ""C11"": 0.025173550652511284, ""C12"": 0.025173550652511284, ""C13"": 0.025173550652511284, ""C14"": 0.025173550652511284, ""C15"": 0.025173550652511284, ""C16"": 0.025173550652511284, ""C17"": 0.024932637755481376, ""C18"": 0.02492684973405168, ""C19"": 0.02492048663034139, ""C20"": 0.024914127254154636}"
8,8,1,82,0.574153,20,"{""C01"": 1.038196, ""C02"": 1.040242, ""C03"": 1.042289, ""C04"": 1.044335, ""C05"": 1.264644, ""C06"": 1.266281, ""C07"": 1.267918, ""C08"": 1.269555, ""C09"": 1.271192, ""C10"": 1.272829, ""C11"": 1.274466, ""C12"": 1.276103, ""C13"": 1.27774, ""C14"": 1.279377, ""C15"": 1.281014, ""C16"": 1.282651, ""C17"": 1.864869, ""C18"": 1.869643, ""C19"": 1.874418, ""C20"": 1.879192}","{""C01"": 0, ""C02"": 0, ""C03"": 0, ""C04"": 0, ""C05"": 0, ""C06"": 0, ""C07"": 0, ""C08"": 0, ""C09"": 0, ""C10"": 0, ""C11"": 0, ""C12"": 0, ""C13"": 0, ""C14"": 0, ""C15"": 0, ""C16"": 0, ""C17"": 407, ""C18"": 417, ""C19"": 428, ""C20"": 439}","{""C01"": 0.02521885691158543, ""C02"": 0.02521885691158543, ""C03"": 0.02521885691158543, ""C04"": 0.02521885691158543, ""C05"": 0.02521885691158543, ""C06"": 0.02521885691158543, ""C07"": 0.02521885691158543, ""C08"": 0.02521885691158543, ""C09"": 0.02521885691158543, ""C10"": 0.02521885691158543, ""C11"": 0.02521885691158543, ""C12"": 0.02521885691158543, ""C13"": 0.02521885691158543, ""C14"": 0.02521885691158543, ""C15"": 0.02521885691158543, ""C16"": 0.02521885691158543, ""C17"": 0.02498315581308007, ""C18"": 0.024977368232245615, ""C19"": 0.024971005909372217, ""C20"": 0.02496464791058183}"
9,9,1,82,0.521125,20,"{""C01"": 1.043424, ""C02"": 1.04575, ""C03"": 1.048077, ""C04"": 1.050403, ""C05"": 1.300867, ""C06"": 1.302728, ""C07"": 1.304589, ""C08"": 1.30645, ""C09"": 1.308311, ""C10"": 1.310172, ""C11"": 1.312033, ""C12"": 1.313895, ""C13"": 1.315756, ""C14"": 1.317617, ""C15"": 1.319478, ""C16"": 1.321339, ""C17"": 1.983247, ""C18"": 1.988675, ""C19"": 1.994103, ""C20"": 1.999531}","{""C01"": 0, ""C02"": 0, ""C03"": 0, ""C04"": 0, ""C05"": 0, ""C06"": 0, ""C07"": 0, ""C08"": 0, ""C09"": 0, ""C10"": 0, ""C11"": 0, ""C12"": 0, ""C13"": 0, ""C14"": 0, ""C15"": 0, ""C16"": 0, ""C17"": 398, ""C18"": 408, ""C19"": 422, ""C20"": 431}","{""C01"": 0.025260477478446605, ""C02"": 0.025260477478446605, ""C03"": 0.025260477478446605, ""C04"": 0.025260477478446605, ""C05"": 0.025260477478446605, ""C06"": 0.025260477478446605, ""C07"": 0.025260477478446605, ""C08"": 0.025260477478446605, ""C09"": 0.025260477478446605, ""C10"": 0.025260477478446605, ""C11"": 0.025260477478446605, ""C12"": 0.025260477478446605, ""C13"": 0.025260477478446605, ""C14"": 0.025260477478446605, ""C15"": 0.025260477478446605, ""C16"": 0.025260477478446605, ""C17"": 0.025029988443544555, ""C18"": 0.025024199844621658, ""C19"": 0.025016099665666102, ""C20"": 0.025010899915622095}"
10,10,1,82,0.581717,20,"{""C01"": 1.048595, ""C02"": 1.051198, ""C03"": 1.053802, ""C04"": 1.056405, ""C05"": 1.336694, ""C06"": 1.338777, ""C07"": 1.34086, ""C08"": 1.342942, ""C09"": 1.345025, ""C10"": 1.347107, ""C11"": 1.34919, ""C12"": 1.351273, ""C13"": 1.353355, ""C14"": 1.355438, ""C15"": 1.357521, ""C16"": 1.359603, ""C17"": 2.100331, ""C18"": 2.106405, ""C19"": 2.112479, ""C20"": 2.118554}","{""C01"": 0, ""C02"": 0, ""C03"": 0, ""C04"": 0, ""C05"": 0, ""C06"": 0, ""C07"": 0, ""C08"": 0, ""C09"": 0, ""C10"": 0, ""C11"": 0, ""C12"": 0, ""C13"": 0, ""C14"": 0, ""C15"": 0, ""C16"": 0, ""C17"": 391, ""C18"": 399, ""C19"": 415, ""C20"": 424}","{""C01"": 0.025298105207896326, ""C02"": 0.025298105207896326, ""C03"": 0.025298105207896326, ""C04"": 0.025298105207896326, ""C05"": 0.025298105207896326, ""C06"": 0.025298105207896326, ""C07"": 0.025298105207896326, ""C08"": 0.025298105207896326, ""C09"": 0.025298105207896326, ""C10"": 0.025298105207896326, ""C11"": 0.025298105207896326, ""C12"": 0.025298105207896326, ""C13"": 0.025298105207896326, ""C14"": 0.025298105207896326, ""C15"": 0.025298105207896326, ""C16"": 0.025298105207896326, ""C17"": 0.025071670000241297, ""C18"": 0.025067039777767544, ""C19"": 0.02505778195041892, ""C20"": 0.025052583233704375}"
11,11,1,145,0.971904,20,"{""C01"": 1.053709, ""C02"": 1.056586, ""C03"": 1.059463, ""C04"": 1.062341, ""C05"": 1.372125, ""C06"": 1.374427, ""C07"": 1.376729, ""C08"": 1.379031, ""C09"": 1.381333, ""C10"": 1.383634, ""C11"": 1.385936, ""C12"": 1.388238, ""C13"": 1.39054, ""C14"": 1.392842, ""C15"": 1.395143, ""C16"": 1.397445, ""C17"": 2.216121, ""C18"": 2.222834, ""C19"": 2.229548, ""C20"": 2.236262}","{""C01"": 0, ""C02"": 0, ""C03"": 0, ""C04"": 0, ""C05"": 0, ""C06"": 0, ""C07"": 0, ""C08"": 0, ""C09"": 0, ""C10"": 0, ""C11"": 0, ""C12"": 0, ""C13"": 0, ""C14"": 0, ""C15"": 0, ""C16"": 0, ""C17"": 350, ""C18"": 392, ""C19"": 410, ""C20"": 449}","{""C01"": 0.025332614093989056, ""C02"": 0.025332614093989056, ""C03"": 0.025332614093989056, ""C04"": 0.025332614093989056, ""C05"": 0.025332614093989056, ""C06"": 0.025332614093989056, ""C07"": 0.025332614093989056, ""C08"": 0.025332614093989056, ""C09"": 0.025332614093989056, ""C10"": 0.025332614093989056, ""C11"": 0.025332614093989056, ""C12"": 0.025332614093989056, ""C13"": 0.025332614093989056, ""C14"": 0.025332614093989056, ""C15"": 0.025332614093989056, ""C16"": 0.025332614093989056, ""C17"": 0.025129922731638006, ""C18"": 0.025105602786243377, ""C19"": 0.025095187410045884, ""C20"": 0.025072616220811795}"
12,12,1,791,5.099067,20,"{""C01"": 1.058765, ""C02"": 1.061914, ""C03"": 1.065062, ""C04"": 1.06821, ""C05"": 1.40716, ""C06"": 1.409679, ""C07"": 1.412198, ""C08"": 1.414716, ""C09"": 1.417235, ""C10"": 1.419753, ""C11"": 1.422272, ""C12"": 1.42479, ""C13"": 1.427309, ""C14"": 1.429827, ""C15"": 1.432346, ""C16"": 1.434864, ""C17"": 2.330617, ""C18"": 2.337963, ""C19"": 2.345309, ""C20"": 2.352654}","{""C01"": 0, ""C02"": 0, ""C03"": 0, ""C04"": 0, ""C05"": 0, ""C06"": 0, ""C07"": 0, ""C08"": 0, ""C09"": 0, ""C10"": 0, ""C11"": 0, ""C12"": 0, ""C13"": 0, ""C14"": 0, ""C15"": 0, ""C16"": 0, ""C17"": 0, ""C18"": 387, ""C19"": 397, ""C20"": 789}","{""C01"": 0.025364949095128236, ""C02"": 0.025364949095128236, ""C03"": 0.025364949095128236, ""C04"": 0.025364949095128236, ""C05"": 0.025364949095128236, ""C06"": 0.025364949095128236, ""C07"": 0.025364949095128236, ""C08"": 0.025364949095128236, ""C09"": 0.025364949095128236, ""C10"": 0.025364949095128236, ""C11"": 0.025364949095128236, ""C12"": 0.025364949095128236, ""C13"": 0.025364949095128236, ""C14"": 0.025364949095128236, ""C15"": 0.025364949095128236, ""C16"": 0.025364949095128236, ""C17"": 0.025364949095128236, ""C18"": 0.02514083219401862, ""C19"": 0.0251350491468291, ""C20"": 0.024908048845337163}"
13,13,1,685,4.420043,20,"{""C01"": 1.063765, ""C02"": 1.067181, ""C03"": 1.070597, ""C04"": 1.074013, ""C05"": 1.4418, ""C06"": 1.444533, ""C07"": 1.447265, ""C08"": 1.449998, ""C09"": 1.452731, ""C10"": 1.455464, ""C11"": 1.458197, ""C12"": 1.460929, ""C13"": 1.463662, ""C14"": 1.466395, ""C15"": 1.469128, ""C16"": 1.47186, ""C17"": 2.44382, ""C18"": 2.451791, ""C19"": 2.459761, ""C20"": 2.467732}","{""C01"": 0, ""C02"": 0, ""C03"": 0, ""C04"": 0, ""C05"": 0, ""C06"": 0, ""C07"": 0, ""C08"": 0, ""C09"": 0, ""C10"": 0, ""C11"": 0, ""C12"": 0, ""C13"": 0, ""C14"": 0, ""C15"": 0, ""C16"": 0, ""C17"": 0, ""C18"": 381, ""C19"": 393, ""C20"": 775}","{""C01"": 0.025394340146812244, ""C02"": 0.025394340146812244, ""C03"": 0.025394340146812244, ""C04"": 0.025394340146812244, ""C05"": 0.025394340146812244, ""C06"": 0.025394340146812244, ""C07"": 0.025394340146812244, ""C08"": 0.025394340146812244, ""C09"": 0.025394340146812244, ""C10"": 0.025394340146812244, ""C11"": 0.025394340146812244, ""C12"": 0.025394340146812244, ""C13"": 0.025394340146812244, ""C14"": 0.025394340146812244, ""C15"": 0.025394340146812244, ""C16"": 0.025394340146812244, ""C17"": 0.025394340146812244, ""C18"": 0.02517369864403279, ""C19"": 0.025166758124739834, ""C20"": 0.024945550185079164}"
14,14,1,617,5.506312,20,"{""C01"": 1.068707, ""C02"": 1.072388, ""C03"": 1.076069, ""C04"": 1.07975, ""C05"": 1.476043, ""C06"": 1.478988, ""C07"": 1.481932, ""C08"": 1.484877, ""C09"": 1.487822, ""C10"": 1.490766, ""C11"": 1.493711, ""C12"": 1.496655, ""C13"": 1.4996, ""C14"": 1.502545, ""C15"": 1.505489, ""C16"": 1.508434, ""C17"": 2.555729, ""C18"": 2.564317, ""C19"": 2.572906, ""C20"": 2.581494}","{""C01"": 0, ""C02"": 0, ""C03"": 0, ""C04"": 0, ""C05"": 0, ""C06"": 0, ""C07"": 0, ""C08"": 0, ""C09"": 0, ""C10"": 0, ""C11"": 0, ""C12"": 0, ""C13"": 0, ""C14"": 0, ""C15"": 0, ""C16"": 0, ""C17"": 0, ""C18"": 376, ""C19"": 386, ""C20"": 765}","{""C01"": 0.025421869501229197, ""C02"": 0.025421869501229197, ""C03"": 0.025421869501229197, ""C04"": 0.025421869501229197, ""C05"": 0.025421869501229197, ""C06"": 0.025421869501229197, ""C07"": 0.025421869501229197, ""C08"": 0.025421869501229197, ""C09"": 0.025421869501229197, ""C10"": 0.025421869501229197, ""C11"": 0.025421869501229197, ""C12"": 0.025421869501229197, ""C13"": 0.025421869501229197, ""C14"": 0.025421869501229197, ""C15"": 0.025421869501229197, ""C16"": 0.025421869501229197, ""C17"": 0.025421869501229197, ""C18"": 0.025204123571992806, ""C19"": 0.02519834154150154, ""C20"": 0.02497887147081359}"
15,15,1,590,6.727796,20,"{""C01"": 1.073592, ""C02"": 1.077535, ""C03"": 1.081477, ""C04"": 1.08542, ""C05"": 1.509891, ""C06"": 1.513045, ""C07"": 1.516199, ""C08"": 1.519353, ""C09"": 1.522507, ""C10"": 1.525661, ""C11"": 1.528815, ""C12"": 1.531969, ""C13"": 1.535123, ""C14"": 1.538277, ""C15"": 1.54143, ""C16"": 1.544584, ""C17"": 2.666344, ""C18"": 2.675543, ""C19"": 2.684742, ""C20"": 2.693941}","{""C01"": 0, ""C02"": 0, ""C03"": 0, ""C04"": 0, ""C05"": 0, ""C06"": 0, ""C07"": 0, ""C08"": 0, ""C09"": 0, ""C10"": 0, ""C11"": 0, ""C12"": 0, ""C13"": 0, ""C14"": 0, ""C15"": 0, ""C16"": 0, ""C17"": 0, ""C18"": 369, ""C19"": 382, ""C20"": 756}","{""C01"": 0.02544787044297951, ""C02"": 0.02544787044297951, ""C03"": 0.02544787044297951, ""C04"": 0.02544787044297951, ""C05"": 0.02544787044297951, ""C06"": 0.02544787044297951, ""C07"": 0.02544787044297951, ""C08"": 0.02544787044297951, ""C09"": 0.02544787044297951, ""C10"": 0.02544787044297951, ""C11"": 0.02544787044297951, ""C12"": 0.02544787044297951, ""C13"": 0.02544787044297951, ""C14"": 0.02544787044297951, ""C15"": 0.02544787044297951, ""C16"": 0.02544787044297951, ""C17"": 0.02544787044297951, ""C18"": 0.02523417743878769, ""C19"": 0.02522665704761819, ""C20"": 0.02501008236473823}"
16,16,1,540,3.818538,20,"{""C01"": 1.078421, ""C02"": 1.082622, ""C03"": 1.086823, ""C04"": 1.091024, ""C05"": 1.543343, ""C06"": 1.546703, ""C07"": 1.550064, ""C08"": 1.553425, ""C09"": 1.556786, ""C10"": 1.560147, ""C11"": 1.563508, ""C12"": 1.566869, ""C13"": 1.57023, ""C14"": 1.57359, ""C15"": 1.576951, ""C16"": 1.580312, ""C17"": 2.775666, ""C18"": 2.785468, ""C19"": 2.795271, ""C20"": 2.805073}","{""C01"": 0, ""C02"": 0, ""C03"": 0, ""C04"": 0, ""C05"": 0, ""C06"": 0, ""C07"": 0, ""C08"": 0, ""C09"": 0, ""C10"": 0, ""C11"": 0, ""C12"": 0, ""C13"": 0, ""C14"": 0, ""C15"": 0, ""C16"": 0, ""C17"": 0, ""C18"": 365, ""C19"": 379, ""C20"": 744}","{""C01"": 0.025472025001964604, ""C02"": 0.025472025001964604, ""C03"": 0.025472025001964604, ""C04"": 0.025472025001964604, ""C05"": 0.025472025001964604, ""C06"": 0.025472025001964604, ""C07"": 0.025472025001964604, ""C08"": 0.025472025001964604, ""C09"": 0.025472025001964604, ""C10"": 0.025472025001964604, ""C11"": 0.025472025001964604, ""C12"": 0.025472025001964604, ""C13"": 0.025472025001964604, ""C14"": 0.025472025001964604, ""C15"": 0.025472025001964604, ""C16"": 0.025472025001964604, ""C17"": 0.025472025001964604, ""C18"": 0.0252606482116766, ""C19"": 0.025252548492229934, ""C20"": 0.025041185780371924}"
17,17,1,502,3.296957,20,"{""C01"": 1.083192, ""C02"": 1.087648, ""C03"": 1.092105, ""C04"": 1.096562, ""C05"": 1.576398, ""C06"": 1.579964, ""C07"": 1.583529, ""C08"": 1.587094, ""C09"": 1.59066, ""C10"": 1.594225, ""C11"": 1.59779, ""C12"": 1.601356, ""C13"": 1.604921, ""C14"": 1.608486, ""C15"": 1.612052, ""C16"": 1.615617, ""C17"": 2.883694, ""C18"": 2.894092, ""C19"": 2.904491, ""C20"": 2.91489}","{""C01"": 0, ""C02"": 0, ""C03"": 0, ""C04"": 0, ""C05"": 0, ""C06"": 0, ""C07"": 0, ""C08"": 0, ""C09"": 0, ""C10"": 0, ""C11"": 0, ""C12"": 0, ""C13"": 0, ""C14"": 0, ""C15"": 0, ""C16"": 0, ""C17"": 0, ""C18"": 360, ""C19"": 373, ""C20"": 737}","{""C01"": 0.02549459920026563, ""C02"": 0.02549459920026563, ""C03"": 0.02549459920026563, ""C04"": 0.02549459920026563, ""C05"": 0.02549459920026563, ""C06"": 0.02549459920026563, ""C07"": 0.02549459920026563, ""C08"": 0.02549459920026563, ""C09"": 0.02549459920026563, ""C10"": 0.02549459920026563, ""C11"": 0.02549459920026563, ""C12"": 0.02549459920026563, ""C13"": 0.02549459920026563, ""C14"": 0.02549459920026563, ""C15"": 0.02549459920026563, ""C16"": 0.02549459920026563, ""C17"": 0.02549459920026563, ""C18"": 0.02528611791923632, ""C19"": 0.025278597355003384, ""C20"": 0.025067813979215224}"
18,18,1,467,3.025175,20,"{""C01"": 1.087905, ""C02"": 1.092615, ""C03"": 1.097324, ""C04"": 1.102033, ""C05"": 1.609058, ""C06"": 1.612826, ""C07"": 1.616593, ""C08"": 1.62036, ""C09"": 1.624128, ""C10"": 1.627895, ""C11"": 1.631662, ""C12"": 1.63543, ""C13"": 1.639197, ""C14"": 1.642965, ""C15"": 1.646732, ""C16"": 1.650499, ""C17"": 2.990428, ""C18"": 3.001416, ""C19"": 3.012404, ""C20"": 3.023392}","{""C01"": 0, ""C02"": 0, ""C03"": 0, ""C04"": 0, ""C05"": 0, ""C06"": 0, ""C07"": 0, ""C08"": 0, ""C09"": 0, ""C10"": 0, ""C11"": 0, ""C12"": 0, ""C13"": 0, ""C14"": 0, ""C15"": 0, ""C16"": 0, ""C17"": 0, ""C18"": 357, ""C19"": 368, ""C20"": 728}","{""C01"": 0.02551578129198015, ""C02"": 0.02551578129198015, ""C03"": 0.02551578129198015, ""C04"": 0.02551578129198015, ""C05"": 0.02551578129198015, ""C06"": 0.02551578129198015, ""C07"": 0.02551578129198015, ""C08"": 0.02551578129198015, ""C09"": 0.02551578129198015, ""C10"": 0.02551578129198015, ""C11"": 0.02551578129198015, ""C12"": 0.02551578129198015, ""C13"": 0.02551578129198015, ""C14"": 0.02551578129198015, ""C15"": 0.02551578129198015, ""C16"": 0.02551578129198015, ""C17"": 0.02551578129198015, ""C18"": 0.025309037377651795, ""C19"": 0.025302675212098055, ""C20"": 0.025094208673605675}"
19,19,1,440,2.888632,20,"{""C01"": 1.092562, ""C02"": 1.097521, ""C03"": 1.102479, ""C04"": 1.107438, ""C05"": 1.641322, ""C06"": 1.645289, ""C07"": 1.649256, ""C08"": 1.653223, ""C09"": 1.65719, ""C10"": 1.661157, ""C11"": 1.665124, ""C12"": 1.669091, ""C13"": 1.673058, ""C14"": 1.677025, ""C15"": 1.680992, ""C16"": 1.684959, ""C17"": 3.095868, ""C18"": 3.107438, ""C19"": 3.119008, ""C20"": 3.130579}","{""C01"": 0, ""C02"": 0, ""C03"": 0, ""C04"": 0, ""C05"": 0, ""C06"": 0, ""C07"": 0, ""C08"": 0, ""C09"": 0, ""C10"": 0, ""C11"": 0, ""C12"": 0, ""C13"": 0, ""C14"": 0, ""C15"": 0, ""C16"": 0, ""C17"": 0, ""C18"": 354, ""C19"": 365, ""C20"": 718}","{""C01"": 0.025535757926546276, ""C02"": 0.025535757926546276, ""C03"": 0.025535757926546276, ""C04"": 0.025535757926546276, ""C05"": 0.025535757926546276, ""C06"": 0.025535757926546276, ""C07"": 0.025535757926546276, ""C08"": 0.025535757926546276, ""C09"": 0.025535757926546276, ""C10"": 0.025535757926546276, ""C11"": 0.025535757926546276, ""C12"": 0.025535757926546276, ""C13"": 0.025535757926546276, ""C14"": 0.025535757926546276, ""C15"": 0.025535757926546276, ""C16"": 0.025535757926546276, ""C17"": 0.025535757926546276, ""C18"": 0.025330751348422147, ""C19"": 0.025324389285658767, ""C20"": 0.025119976845223865}"
20,20,1,419,2.837704,20,"{""C01"": 1.097162, ""C02"": 1.102367, ""C03"": 1.107572, ""C04"": 1.112777, ""C05"": 1.67319, ""C06"": 1.677355, ""C07"": 1.681519, ""C08"": 1.685683, ""C09"": 1.689847, ""C10"": 1.694011, ""C11"": 1.698175, ""C12"": 1.702339, ""C13"": 1.706503, ""C14"": 1.710667, ""C15"": 1.714831, ""C16"": 1.718995, ""C17"": 3.200014, ""C18"": 3.212159, ""C19"": 3.224305, ""C20"": 3.23645}","{""C01"": 0, ""C02"": 0, ""C03"": 0, ""C04"": 0, ""C05"": 0, ""C06"": 0, ""C07"": 0, ""C08"": 0, ""C09"": 0, ""C10"": 0, ""C11"": 0, ""C12"": 0, ""C13"": 0, ""C14"": 0, ""C15"": 0, ""C16"": 0, ""C17"": 0, ""C18"": 351, ""C19"": 361, ""C20"": 710}","{""C01"": 0.025554693554038693, ""C02"": 0.025554693554038693, ""C03"": 0.025554693554038693, ""C04"": 0.025554693554038693, ""C05"": 0.025554693554038693, ""C06"": 0.025554693554038693, ""C07"": 0.025554693554038693, ""C08"": 0.025554693554038693, ""C09"": 0.025554693554038693, ""C10"": 0.025554693554038693, ""C11"": 0.025554693554038693, ""C12"": 0.025554693554038693, ""C13"": 0.025554693554038693, ""C14"": 0.025554693554038693, ""C15"": 0.025554693554038693, ""C16"": 0.025554693554038693, ""C17"": 0.025554693554038693, ""C18"": 0.025351423916616517, ""C19"": 0.025345641093030676, ""C20"": 0.025143545070241864}"
21,21,1,416,3.276894,20,"{""C01"": 1.101704, ""C02"": 1.107152, ""C03"": 1.112601, ""C04"": 1.118049, ""C05"": 1.704663, ""C06"": 1.709022, ""C07"": 1.71338, ""C08"": 1.717739, ""C09"": 1.722098, ""C10"": 1.726456, ""C11"": 1.730815, ""C12"": 1.735174, ""C13"": 1.739533, ""C14"": 1.743891, ""C15"": 1.74825, ""C16"": 1.752609, ""C17"": 3.302867, ""C18"": 3.31558, ""C19"": 3.328293, ""C20"": 3.341006}","{""C01"": 0, ""C02"": 0, ""C03"": 0, ""C04"": 0, ""C05"": 0, ""C06"": 0, ""C07"": 0, ""C08"": 0, ""C09"": 0, ""C10"": 0, ""C11"": 0, ""C12"": 0, ""C13"": 0, ""C14"": 0, ""C15"": 0, ""C16"": 0, ""C17"": 0, ""C18"": 345, ""C19"": 357, ""C20"": 705}","{""C01"": 0.02557215322123413, ""C02"": 0.02557215322123413, ""C03"": 0.02557215322123413, ""C04"": 0.02557215322123413, ""C05"": 0.02557215322123413, ""C06"": 0.02557215322123413, ""C07"": 0.02557215322123413, ""C08"": 0.02557215322123413, ""C09"": 0.02557215322123413, ""C10"": 0.02557215322123413, ""C11"": 0.02557215322123413, ""C12"": 0.02557215322123413, ""C13"": 0.02557215322123413, ""C14"": 0.02557215322123413, ""C15"": 0.02557215322123413, ""C16"": 0.02557215322123413, ""C17"": 0.02557215322123413, ""C18"": 0.0253723593230301, ""C19"": 0.025365419739280762, ""C20"": 0.025163904202995493}"
22,22,1,413,3.652601,20,"{""C01"": 1.106189, ""C02"": 1.111878, ""C03"": 1.117567, ""C04"": 1.123255, ""C05"": 1.735739, ""C06"": 1.74029, ""C07"": 1.744841, ""C08"": 1.749392, ""C09"": 1.753943, ""C10"": 1.758494, ""C11"": 1.763045, ""C12"": 1.767596, ""C13"": 1.772147, ""C14"": 1.776698, ""C15"": 1.781249, ""C16"": 1.7858, ""C17"": 3.404426, ""C18"": 3.4177, ""C19"": 3.430973, ""C20"": 3.444247}","{""C01"": 0, ""C02"": 0, ""C03"": 0, ""C04"": 0, ""C05"": 0, ""C06"": 0, ""C07"": 0, ""C08"": 0, ""C09"": 0, ""C10"": 0, ""C11"": 0, ""C12"": 0, ""C13"": 0, ""C14"": 0, ""C15"": 0, ""C16"": 0, ""C17"": 0, ""C18"": 340, ""C19"": 354, ""C20"": 700}","{""C01"": 0.025589409114861336, ""C02"": 0.025589409114861336, ""C03"": 0.025589409114861336, ""C04"": 0.025589409114861336, ""C05"": 0.025589409114861336, ""C06"": 0.025589409114861336, ""C07"": 0.025589409114861336, ""C08"": 0.025589409114861336, ""C09"": 0.025589409114861336, ""C10"": 0.025589409114861336, ""C11"": 0.025589409114861336, ""C12"": 0.025589409114861336, ""C13"": 0.025589409114861336, ""C14"": 0.025589409114861336, ""C15"": 0.025589409114861336, ""C16"": 0.025589409114861336, ""C17"": 0.025589409114861336, ""C18"": 0.02539250980964851, ""C19"": 0.02538441081613001, ""C20"": 0.025184052726087616}"
23,23,1,410,2.667171,20,"{""C01"": 1.110617, ""C02"": 1.116543, ""C03"": 1.122469, ""C04"": 1.128395, ""C05"": 1.76642, ""C06"": 1.77116, ""C07"": 1.775901, ""C08"": 1.780642, ""C09"": 1.785383, ""C10"": 1.790123, ""C11"": 1.794864, ""C12"": 1.799605, ""C13"": 1.804346, ""C14"": 1.809086, ""C15"": 1.813827, ""C16"": 1.818568, ""C17"": 3.504691, ""C18"": 3.518519, ""C19"": 3.532346, ""C20"": 3.546173}","{""C01"": 0, ""C02"": 0, ""C03"": 0, ""C04"": 0, ""C05"": 0, ""C06"": 0, ""C07"": 0, ""C08"": 0, ""C09"": 0, ""C10"": 0, ""C11"": 0, ""C12"": 0, ""C13"": 0, ""C14"": 0, ""C15"": 0, ""C16"": 0, ""C17"": 0, ""C18"": 339, ""C19"": 350, ""C20"": 692}","{""C01"": 0.025605390248268453, ""C02"": 0.025605390248268453, ""C03"": 0.025605390248268453, ""C04"": 0.025605390248268453, ""C05"": 0.025605390248268453, ""C06"": 0.025605390248268453, ""C07"": 0.025605390248268453, ""C08"": 0.025605390248268453, ""C09"": 0.025605390248268453, ""C10"": 0.025605390248268453, ""C11"": 0.025605390248268453, ""C12"": 0.025605390248268453, ""C13"": 0.025605390248268453, ""C14"": 0.025605390248268453, ""C15"": 0.025605390248268453, ""C16"": 0.025605390248268453, ""C17"": 0.025605390248268453, ""C18"": 0.025409070463086963, ""C19"": 0.025402708843789805, ""C20"": 0.025204667695349754}"
24,24,1,407,4.040632,20,"{""C01"": 1.114988, ""C02"": 1.121148, ""C03"": 1.127308, ""C04"": 1.133469, ""C05"": 1.796704, ""C06"": 1.801632, ""C07"": 1.806561, ""C08"": 1.811489, ""C09"": 1.816417, ""C10"": 1.821345, ""C11"": 1.826273, ""C12"": 1.831201, ""C13"": 1.836129, ""C14"": 1.841057, ""C15"": 1.845985, ""C16"": 1.850913, ""C17"": 3.603663, ""C18"": 3.618036, ""C19"": 3.63241, ""C20"": 3.646783}","{""C01"": 0, ""C02"": 0, ""C03"": 0, ""C04"": 0, ""C05"": 0, ""C06"": 0, ""C07"": 0, ""C08"": 0, ""C09"": 0, ""C10"": 0, ""C11"": 0, ""C12"": 0, ""C13"": 0, ""C14"": 0, ""C15"": 0, ""C16"": 0, ""C17"": 0, ""C18"": 338, ""C19"": 346, ""C20"": 685}","{""C01"": 0.025620793060166222, ""C02"": 0.025620793060166222, ""C03"": 0.025620793060166222, ""C04"": 0.025620793060166222, ""C05"": 0.025620793060166222, ""C06"": 0.025620793060166222, ""C07"": 0.025620793060166222, ""C08"": 0.025620793060166222, ""C09"": 0.025620793060166222, ""C10"": 0.025620793060166222, ""C11"": 0.025620793060166222, ""C12"": 0.025620793060166222, ""C13"": 0.025620793060166222, ""C14"": 0.025620793060166222, ""C15"": 0.025620793060166222, ""C16"": 0.025620793060166222, ""C17"": 0.025620793060166222, ""C18"": 0.025425051901167332, ""C19"": 0.025420427399596473, ""C20"": 0.025224123141080093}"
25,25,1,403,2.653985,20,"{""C01"": 1.119302, ""C02"": 1.125693, ""C03"": 1.132084, ""C04"": 1.138476, ""C05"": 1.826593, ""C06"": 1.831706, ""C07"": 1.836819, ""C08"": 1.841932, ""C09"": 1.847045, ""C10"": 1.852158, ""C11"": 1.857271, ""C12"": 1.862384, ""C13"": 1.867497, ""C14"": 1.87261, ""C15"": 1.877723, ""C16"": 1.882836, ""C17"": 3.701341, ""C18"": 3.716253, ""C19"": 3.731166, ""C20"": 3.746079}","{""C01"": 0, ""C02"": 0, ""C03"": 0, ""C04"": 0, ""C05"": 0, ""C06"": 0, ""C07"": 0, ""C08"": 0, ""C09"": 0, ""C10"": 0, ""C11"": 0, ""C12"": 0, ""C13"": 0, ""C14"": 0, ""C15"": 0, ""C16"": 0, ""C17"": 0, ""C18"": 337, ""C19"": 344, ""C20"": 676}","{""C01"": 0.025635114293750413, ""C02"": 0.025635114293750413, ""C03"": 0.025635114293750413, ""C04"": 0.025635114293750413, ""C05"": 0.025635114293750413, ""C06"": 0.025635114293750413, ""C07"": 0.025635114293750413, ""C08"": 0.025635114293750413, ""C09"": 0.025635114293750413, ""C10"": 0.025635114293750413, ""C11"": 0.025635114293750413, ""C12"": 0.025635114293750413, ""C13"": 0.025635114293750413, ""C14"": 0.025635114293750413, ""C15"": 0.025635114293750413, ""C16"": 0.025635114293750413, ""C17"": 0.025635114293750413, ""C18"": 0.02543995283520887, ""C19"": 0.025435907981320498, ""C20"": 0.025243658549310148}"
26,26,1,399,2.670060,20,"{""C01"": 1.123559, ""C02"": 1.130178, ""C03"": 1.136797, ""C04"": 1.143416, ""C05"": 1.856086, ""C06"": 1.861381, ""C07"": 1.866677, ""C08"": 1.871972, ""C09"": 1.877268, ""C10"": 1.882563, ""C11"": 1.887858, ""C12"": 1.893154, ""C13"": 1.898449, ""C14"": 1.903745, ""C15"": 1.90904, ""C16"": 1.914335, ""C17"": 3.797725, ""C18"": 3.81317, ""C19"": 3.828614, ""C20"": 3.844059}","{""C01"": 0, ""C02"": 0, ""C03"": 0, ""C04"": 0, ""C05"": 0, ""C06"": 0, ""C07"": 0, ""C08"": 0, ""C09"": 0, ""C10"": 0, ""C11"": 0, ""C12"": 0, ""C13"": 0, ""C14"": 0, ""C15"": 0, ""C16"": 0, ""C17"": 0, ""C18"": 334, ""C19"": 342, ""C20"": 670}","{""C01"": 0.025649029633914397, ""C02"": 0.025649029633914397, ""C03"": 0.025649029633914397, ""C04"": 0.025649029633914397, ""C05"": 0.025649029633914397, ""C06"": 0.025649029633914397, ""C07"": 0.025649029633914397, ""C08"": 0.025649029633914397, ""C09"": 0.025649029633914397, ""C10"": 0.025649029633914397, ""C11"": 0.025649029633914397, ""C12"": 0.025649029633914397, ""C13"": 0.025649029633914397, ""C14"": 0.025649029633914397, ""C15"": 0.025649029633914397, ""C16"": 0.025649029633914397, ""C17"": 0.025649029633914397, ""C18"": 0.025455605071722533, ""C19"": 0.025450981182761262, ""C20"": 0.02526104802084732}"
27,27,1,394,2.952173,20,"{""C01"": 1.127758, ""C02"": 1.134603, ""C03"": 1.141447, ""C04"": 1.148291, ""C05"": 1.885183, ""C06"": 1.890659, ""C07"": 1.896134, ""C08"": 1.901609, ""C09"": 1.907085, ""C10"": 1.91256, ""C11"": 1.918035, ""C12"": 1.923511, ""C13"": 1.928986, ""C14"": 1.934461, ""C15"": 1.939937, ""C16"": 1.945412, ""C17"": 3.892815, ""C18"": 3.908785, ""C19"": 3.924755, ""C20"": 3.940724}","{""C01"": 0, ""C02"": 0, ""C03"": 0, ""C04"": 0, ""C05"": 0, ""C06"": 0, ""C07"": 0, ""C08"": 0, ""C09"": 0, ""C10"": 0, ""C11"": 0, ""C12"": 0, ""C13"": 0, ""C14"": 0, ""C15"": 0, ""C16"": 0, ""C17"": 0, ""C18"": 332, ""C19"": 343, ""C20"": 660}","{""C01"": 0.025662002203120912, ""C02"": 0.025662002203120912, ""C03"": 0.025662002203120912, ""C04"": 0.025662002203120912, ""C05"": 0.025662002203120912, ""C06"": 0.025662002203120912, ""C07"": 0.025662002203120912, ""C08"": 0.025662002203120912, ""C09"": 0.025662002203120912, ""C10"": 0.025662002203120912, ""C11"": 0.025662002203120912, ""C12"": 0.025662002203120912, ""C13"": 0.025662002203120912, ""C14"": 0.025662002203120912, ""C15"": 0.025662002203120912, ""C16"": 0.025662002203120912, ""C17"": 0.025662002203120912, ""C18"": 0.02546973664968388, ""C19"": 0.025463376272155468, ""C20"": 0.025279814188607495}"
28,28,1,393,3.760165,20,"{""C01"": 1.131901, ""C02"": 1.138967, ""C03"": 1.146033, ""C04"": 1.153099, ""C05"": 1.913884, ""C06"": 1.919537, ""C07"": 1.92519, ""C08"": 1.930843, ""C09"": 1.936496, ""C10"": 1.942149, ""C11"": 1.947802, ""C12"": 1.953455, ""C13"": 1.959107, ""C14"": 1.96476, ""C15"": 1.970413, ""C16"": 1.976066, ""C17"": 3.986612, ""C18"": 4.003099, ""C19"": 4.019587, ""C20"": 4.036074}","{""C01"": 0, ""C02"": 0, ""C03"": 0, ""C04"": 0, ""C05"": 0, ""C06"": 0, ""C07"": 0, ""C08"": 0, ""C09"": 0, ""C10"": 0, ""C11"": 0, ""C12"": 0, ""C13"": 0, ""C14"": 0, ""C15"": 0, ""C16"": 0, ""C17"": 0, ""C18"": 329, ""C19"": 338, ""C20"": 658}","{""C01"": 0.025674710380423682, ""C02"": 0.025674710380423682, ""C03"": 0.025674710380423682, ""C04"": 0.025674710380423682, ""C05"": 0.025674710380423682, ""C06"": 0.025674710380423682, ""C07"": 0.025674710380423682, ""C08"": 0.025674710380423682, ""C09"": 0.025674710380423682, ""C10"": 0.025674710380423682, ""C11"": 0.025674710380423682, ""C12"": 0.025674710380423682, ""C13"": 0.025674710380423682, ""C14"": 0.025674710380423682, ""C15"": 0.025674710380423682, ""C16"": 0.025674710380423682, ""C17"": 0.025674710380423682, ""C18"": 0.025484181958877392, ""C19"": 0.025478979196613034, ""C20"": 0.025293679784440876}"
29,29,1,392,4.388489,20,"{""C01"": 1.135986, ""C02"": 1.143271, ""C03"": 1.150556, ""C04"": 1.157841, ""C05"": 1.94219, ""C06"": 1.948018, ""C07"": 1.953846, ""C08"": 1.959674, ""C09"": 1.965501, ""C10"": 1.971329, ""C11"": 1.977157, ""C12"": 1.982985, ""C13"": 1.988813, ""C14"": 1.994641, ""C15"": 2.000469, ""C16"": 2.006297, ""C17"": 4.079114, ""C18"": 4.096113, ""C19"": 4.113111, ""C20"": 4.130109}","{""C01"": 0, ""C02"": 0, ""C03"": 0, ""C04"": 0, ""C05"": 0, ""C06"": 0, ""C07"": 0, ""C08"": 0, ""C09"": 0, ""C10"": 0, ""C11"": 0, ""C12"": 0, ""C13"": 0, ""C14"": 0, ""C15"": 0, ""C16"": 0, ""C17"": 0, ""C18"": 324, ""C19"": 335, ""C20"": 656}","{""C01"": 0.025686611489015007, ""C02"": 0.025686611489015007, ""C03"": 0.025686611489015007, ""C04"": 0.025686611489015007, ""C05"": 0.025686611489015007, ""C06"": 0.025686611489015007, ""C07"": 0.025686611489015007, ""C08"": 0.025686611489015007, ""C09"": 0.025686611489015007, ""C10"": 0.025686611489015007, ""C11"": 0.025686611489015007, ""C12"": 0.025686611489015007, ""C13"": 0.025686611489015007, ""C14"": 0.025686611489015007, ""C15"": 0.025686611489015007, ""C16"": 0.025686611489015007, ""C17"": 0.025686611489015007, ""C18"": 0.02549897899379625, ""C19"": 0.02549261894643265, ""C20"": 0.025306740810654326}"
30,30,1,390,3.949844,20,"{""C01"": 1.140014, ""C02"": 1.147515, ""C03"": 1.155016, ""C04"": 1.162517, ""C05"": 1.970099, ""C06"": 1.9761, ""C07"": 1.9821, ""C08"": 1.988101, ""C09"": 1.994101, ""C10"": 2.000102, ""C11"": 2.006103, ""C12"": 2.012103, ""C13"": 2.018104, ""C14"": 2.024104, ""C15"": 2.030105, ""C16"": 2.036106, ""C17"": 4.170323, ""C18"": 4.187825, ""C19"": 4.205327, ""C20"": 4.222829}","{""C01"": 0, ""C02"": 0, ""C03"": 0, ""C04"": 0, ""C05"": 0, ""C06"": 0, ""C07"": 0, ""C08"": 0, ""C09"": 0, ""C10"": 0, ""C11"": 0, ""C12"": 0, ""C13"": 0, ""C14"": 0, ""C15"": 0, ""C16"": 0, ""C17"": 0, ""C18"": 322, ""C19"": 333, ""C20"": 651}","{""C01"": 0.025698320336367902, ""C02"": 0.025698320336367902, ""C03"": 0.025698320336367902, ""C04"": 0.025698320336367902, ""C05"": 0.025698320336367902, ""C06"": 0.025698320336367902, ""C07"": 0.025698320336367902, ""C08"": 0.025698320336367902, ""C09"": 0.025698320336367902, ""C10"": 0.025698320336367902, ""C11"": 0.025698320336367902, ""C12"": 0.025698320336367902, ""C13"": 0.025698320336367902, ""C14"": 0.025698320336367902, ""C15"": 0.025698320336367902, ""C16"": 0.025698320336367902, ""C17"": 0.025698320336367902, ""C18"": 0.025511845688630668, ""C19"": 0.025505484712744796, ""C20"": 0.025321343652590072}"
31,31,1,388,4.099150,20,"{""C01"": 1.143985, ""C02"": 1.151699, ""C03"": 1.159412, ""C04"": 1.167126, ""C05"": 1.997612, ""C06"": 2.003783, ""C07"": 2.009954, ""C08"": 2.016125, ""C09"": 2.022296, ""C10"": 2.028466, ""C11"": 2.034637, ""C12"": 2.040808, ""C13"": 2.046979, ""C14"": 2.05315, ""C15"": 2.05932, ""C16"": 2.065491, ""C17"": 4.260239, ""C18"": 4.278237, ""C19"": 4.296235, ""C20"": 4.314233}","{""C01"": 0, ""C02"": 0, ""C03"": 0, ""C04"": 0, ""C05"": 0, ""C06"": 0, ""C07"": 0, ""C08"": 0, ""C09"": 0, ""C10"": 0, ""C11"": 0, ""C12"": 0, ""C13"": 0, ""C14"": 0, ""C15"": 0, ""C16"": 0, ""C17"": 0, ""C18"": 320, ""C19"": 331, ""C20"": 646}","{""C01"": 0.02570931493303079, ""C02"": 0.02570931493303079, ""C03"": 0.02570931493303079, ""C04"": 0.02570931493303079, ""C05"": 0.02570931493303079, ""C06"": 0.02570931493303079, ""C07"": 0.02570931493303079, ""C08"": 0.02570931493303079, ""C09"": 0.02570931493303079, ""C10"": 0.02570931493303079, ""C11"": 0.02570931493303079, ""C12"": 0.02570931493303079, ""C13"": 0.02570931493303079, ""C14"": 0.02570931493303079, ""C15"": 0.02570931493303079, ""C16"": 0.02570931493303079, ""C17"": 0.02570931493303079, ""C18"": 0.02552399863854355, ""C19"": 0.02551763788391173, ""C20"": 0.025335234508718676}"
32,32,1,384,4.125809,20,"{""C01"": 1.147899, ""C02"": 1.155822, ""C03"": 1.163746, ""C04"": 1.171669, ""C05"": 2.02473, ""C06"": 2.031069, ""C07"": 2.037407, ""C08"": 2.043746, ""C09"": 2.050084, ""C10"": 2.056423, ""C11"": 2.062761, ""C12"": 2.0691, ""C13"": 2.075438, ""C14"": 2.081777, ""C15"": 2.088115, ""C16"": 2.094454, ""C17"": 4.34886, ""C18"": 4.367348, ""C19"": 4.385835, ""C20"": 4.404323}","{""C01"": 0, ""C02"": 0, ""C03"": 0, ""C04"": 0, ""C05"": 0, ""C06"": 0, ""C07"": 0, ""C08"": 0, ""C09"": 0, ""C10"": 0, ""C11"": 0, ""C12"": 0, ""C13"": 0, ""C14"": 0, ""C15"": 0, ""C16"": 0, ""C17"": 0, ""C18"": 317, ""C19"": 329, ""C20"": 642}","{""C01"": 0.025719642779046356, ""C02"": 0.025719642779046356, ""C03"": 0.025719642779046356, ""C04"": 0.025719642779046356, ""C05"": 0.025719642779046356, ""C06"": 0.025719642779046356, ""C07"": 0.025719642779046356, ""C08"": 0.025719642779046356, ""C09"": 0.025719642779046356, ""C10"": 0.025719642779046356, ""C11"": 0.025719642779046356, ""C12"": 0.025719642779046356, ""C13"": 0.025719642779046356, ""C14"": 0.025719642779046356, ""C15"": 0.025719642779046356, ""C16"": 0.025719642779046356, ""C17"": 0.025719642779046356, ""C18"": 0.025536064430445732, ""C19"": 0.025529126028103945, ""C20"": 0.025347881624671904}"
33,33,1,383,2.474270,20,"{""C01"": 1.151756, ""C02"": 1.159886, ""C03"": 1.168016, ""C04"": 1.176145, ""C05"": 2.051452, ""C06"": 2.057956, ""C07"": 2.06446, ""C08"": 2.070963, ""C09"": 2.077467, ""C10"": 2.083971, ""C11"": 2.090475, ""C12"": 2.096979, ""C13"": 2.103483, ""C14"": 2.109986, ""C15"": 2.11649, ""C16"": 2.122994, ""C17"": 4.436188, ""C18"": 4.455158, ""C19"": 4.474127, ""C20"": 4.493097}","{""C01"": 0, ""C02"": 0, ""C03"": 0, ""C04"": 0, ""C05"": 0, ""C06"": 0, ""C07"": 0, ""C08"": 0, ""C09"": 0, ""C10"": 0, ""C11"": 0, ""C12"": 0, ""C13"": 0, ""C14"": 0, ""C15"": 0, ""C16"": 0, ""C17"": 0, ""C18"": 314, ""C19"": 329, ""C20"": 637}","{""C01"": 0.02572991843978578, ""C02"": 0.02572991843978578, ""C03"": 0.02572991843978578, ""C04"": 0.02572991843978578, ""C05"": 0.02572991843978578, ""C06"": 0.02572991843978578, ""C07"": 0.02572991843978578, ""C08"": 0.02572991843978578, ""C09"": 0.02572991843978578, ""C10"": 0.02572991843978578, ""C11"": 0.02572991843978578, ""C12"": 0.02572991843978578, ""C13"": 0.02572991843978578, ""C14"": 0.02572991843978578, ""C15"": 0.02572991843978578, ""C16"": 0.02572991843978578, ""C17"": 0.02572991843978578, ""C18"": 0.02554807718122904, ""C19"": 0.025539400929099145, ""C20"": 0.025361051803972707}"
34,34,1,379,3.277129,20,"{""C01"": 1.155556, ""C02"": 1.163889, ""C03"": 1.172222, ""C04"": 1.180556, ""C05"": 2.077778, ""C06"": 2.084444, ""C07"": 2.091111, ""C08"": 2.097778, ""C09"": 2.104444, ""C10"": 2.111111, ""C11"": 2.117778, ""C12"": 2.124444, ""C13"": 2.131111, ""C14"": 2.137778, ""C15"": 2.144444, ""C16"": 2.151111, ""C17"": 4.522222, ""C18"": 4.541667, ""C19"": 4.561111, ""C20"": 4.580556}","{""C01"": 0, ""C02"": 0, ""C03"": 0, ""C04"": 0, ""C05"": 0, ""C06"": 0, ""C07"": 0, ""C08"": 0, ""C09"": 0, ""C10"": 0, ""C11"": 0, ""C12"": 0, ""C13"": 0, ""C14"": 0, ""C15"": 0, ""C16"": 0, ""C17"": 0, ""C18"": 314, ""C19"": 328, ""C20"": 630}","{""C01"": 0.025739584470979113, ""C02"": 0.025739584470979113, ""C03"": 0.025739584470979113, ""C04"": 0.025739584470979113, ""C05"": 0.025739584470979113, ""C06"": 0.025739584470979113, ""C07"": 0.025739584470979113, ""C08"": 0.025739584470979113, ""C09"": 0.025739584470979113, ""C10"": 0.025739584470979113, ""C11"": 0.025739584470979113, ""C12"": 0.025739584470979113, ""C13"": 0.025739584470979113, ""C14"": 0.025739584470979113, ""C15"": 0.025739584470979113, ""C16"": 0.025739584470979113, ""C17"": 0.025739584470979113, ""C18"": 0.025557743409213372, ""C19"": 0.025549646700166153, ""C20"": 0.025374772660065686}"
35,35,1,379,4.008426,20,"{""C01"": 1.159298, ""C02"": 1.167832, ""C03"": 1.176366, ""C04"": 1.1849, ""C05"": 2.103708, ""C06"": 2.110535, ""C07"": 2.117362, ""C08"": 2.124189, ""C09"": 2.131016, ""C10"": 2.137843, ""C11"": 2.14467, ""C12"": 2.151497, ""C13"": 2.158324, ""C14"": 2.165151, ""C15"": 2.171978, ""C16"": 2.178805, ""C17"": 4.606963, ""C18"": 4.626875, ""C19"": 4.646787, ""C20"": 4.666699}","{""C01"": 0, ""C02"": 0, ""C03"": 0, ""C04"": 0, ""C05"": 0, ""C06"": 0, ""C07"": 0, ""C08"": 0, ""C09"": 0, ""C10"": 0, ""C11"": 0, ""C12"": 0, ""C13"": 0, ""C14"": 0, ""C15"": 0, ""C16"": 0, ""C17"": 0, ""C18"": 312, ""C19"": 324, ""C20"": 629}","{""C01"": 0.025749288987170466, ""C02"": 0.025749288987170466, ""C03"": 0.025749288987170466, ""C04"": 0.025749288987170466, ""C05"": 0.025749288987170466, ""C06"": 0.025749288987170466, ""C07"": 0.025749288987170466, ""C08"": 0.025749288987170466, ""C09"": 0.025749288987170466, ""C10"": 0.025749288987170466, ""C11"": 0.025749288987170466, ""C12"": 0.025749288987170466, ""C13"": 0.025749288987170466, ""C14"": 0.025749288987170466, ""C15"": 0.025749288987170466, ""C16"": 0.025749288987170466, ""C17"": 0.025749288987170466, ""C18"": 0.025568605085001778, ""C19"": 0.02556166528398669, ""C20"": 0.025385052895138132}"
36,36,1,377,2.888576,20,"{""C01"": 1.162983, ""C02"": 1.171715, ""C03"": 1.180446, ""C04"": 1.189177, ""C05"": 2.129242, ""C06"": 2.136227, ""C07"": 2.143212, ""C08"": 2.150197, ""C09"": 2.157182, ""C10"": 2.164167, ""C11"": 2.171152, ""C12"": 2.178137, ""C13"": 2.185122, ""C14"": 2.192107, ""C15"": 2.199092, ""C16"": 2.206077, ""C17"": 4.690409, ""C18"": 4.710782, ""C19"": 4.731155, ""C20"": 4.751528}","{""C01"": 0, ""C02"": 0, ""C03"": 0, ""C04"": 0, ""C05"": 0, ""C06"": 0, ""C07"": 0, ""C08"": 0, ""C09"": 0, ""C10"": 0, ""C11"": 0, ""C12"": 0, ""C13"": 0, ""C14"": 0, ""C15"": 0, ""C16"": 0, ""C17"": 0, ""C18"": 309, ""C19"": 323, ""C20"": 626}","{""C01"": 0.025758456767603063, ""C02"": 0.025758456767603063, ""C03"": 0.025758456767603063, ""C04"": 0.025758456767603063, ""C05"": 0.025758456767603063, ""C06"": 0.025758456767603063, ""C07"": 0.025758456767603063, ""C08"": 0.025758456767603063, ""C09"": 0.025758456767603063, ""C10"": 0.025758456767603063, ""C11"": 0.025758456767603063, ""C12"": 0.025758456767603063, ""C13"": 0.025758456767603063, ""C14"": 0.025758456767603063, ""C15"": 0.025758456767603063, ""C16"": 0.025758456767603063, ""C17"": 0.025758456767603063, ""C18"": 0.025579510029356493, ""C19"": 0.025571411250762614, ""C20"": 0.025395956389569128}"
37,37,1,375,2.428787,20,"{""C01"": 1.166612, ""C02"": 1.175537, ""C03"": 1.184463, ""C04"": 1.193388, ""C05"": 2.15438, ""C06"": 2.161521, ""C07"": 2.168661, ""C08"": 2.175802, ""C09"": 2.182942, ""C10"": 2.190083, ""C11"": 2.197223, ""C12"": 2.204364, ""C13"": 2.211504, ""C14"": 2.218645, ""C15"": 2.225785, ""C16"": 2.232926, ""C17"": 4.772562, ""C18"": 4.793388, ""C19"": 4.814215, ""C20"": 4.835041}","{""C01"": 0, ""C02"": 0, ""C03"": 0, ""C04"": 0, ""C05"": 0, ""C06"": 0, ""C07"": 0, ""C08"": 0, ""C09"": 0, ""C10"": 0, ""C11"": 0, ""C12"": 0, ""C13"": 0, ""C14"": 0, ""C15"": 0, ""C16"": 0, ""C17"": 0, ""C18"": 310, ""C19"": 320, ""C20"": 621}","{""C01"": 0.02576710292679983, ""C02"": 0.02576710292679983, ""C03"": 0.02576710292679983, ""C04"": 0.02576710292679983, ""C05"": 0.02576710292679983, ""C06"": 0.02576710292679983, ""C07"": 0.02576710292679983, ""C08"": 0.02576710292679983, ""C09"": 0.02576710292679983, ""C10"": 0.02576710292679983, ""C11"": 0.02576710292679983, ""C12"": 0.02576710292679983, ""C13"": 0.02576710292679983, ""C14"": 0.02576710292679983, ""C15"": 0.02576710292679983, ""C16"": 0.02576710292679983, ""C17"": 0.02576710292679983, ""C18"": 0.025587577083692838, ""C19"": 0.0255817948508502, ""C20"": 0.025407498328146684}"
38,38,1,373,2.405247,20,"{""C01"": 1.170183, ""C02"": 1.1793, ""C03"": 1.188416, ""C04"": 1.197533, ""C05"": 2.179123, ""C06"": 2.186416, ""C07"": 2.19371, ""C08"": 2.201003, ""C09"": 2.208297, ""C10"": 2.21559, ""C11"": 2.222884, ""C12"": 2.230177, ""C13"": 2.237471, ""C14"": 2.244764, ""C15"": 2.252058, ""C16"": 2.259351, ""C17"": 4.853421, ""C18"": 4.874694, ""C19"": 4.895967, ""C20"": 4.91724}","{""C01"": 0, ""C02"": 0, ""C03"": 0, ""C04"": 0, ""C05"": 0, ""C06"": 0, ""C07"": 0, ""C08"": 0, ""C09"": 0, ""C10"": 0, ""C11"": 0, ""C12"": 0, ""C13"": 0, ""C14"": 0, ""C15"": 0, ""C16"": 0, ""C17"": 0, ""C18"": 305, ""C19"": 320, ""C20"": 619}","{""C01"": 0.025775291065104636, ""C02"": 0.025775291065104636, ""C03"": 0.025775291065104636, ""C04"": 0.025775291065104636, ""C05"": 0.025775291065104636, ""C06"": 0.025775291065104636, ""C07"": 0.025775291065104636, ""C08"": 0.025775291065104636, ""C09"": 0.025775291065104636, ""C10"": 0.025775291065104636, ""C11"": 0.025775291065104636, ""C12"": 0.025775291065104636, ""C13"": 0.025775291065104636, ""C14"": 0.025775291065104636, ""C15"": 0.025775291065104636, ""C16"": 0.025775291065104636, ""C17"": 0.025775291065104636, ""C18"": 0.025598660979667502, ""C19"": 0.02558998384081758, ""C20"": 0.025416846267411808}"
39,39,1,373,3.742646,20,"{""C01"": 1.173697, ""C02"": 1.183002, ""C03"": 1.192307, ""C04"": 1.201612, ""C05"": 2.203469, ""C06"": 2.210913, ""C07"": 2.218357, ""C08"": 2.225801, ""C09"": 2.233246, ""C10"": 2.24069, ""C11"": 2.248134, ""C12"": 2.255578, ""C13"": 2.263022, ""C14"": 2.270466, ""C15"": 2.27791, ""C16"": 2.285355, ""C17"": 4.932986, ""C18"": 4.954699, ""C19"": 4.976411, ""C20"": 4.998123}","{""C01"": 0, ""C02"": 0, ""C03"": 0, ""C04"": 0, ""C05"": 0, ""C06"": 0, ""C07"": 0, ""C08"": 0, ""C09"": 0, ""C10"": 0, ""C11"": 0, ""C12"": 0, ""C13"": 0, ""C14"": 0, ""C15"": 0, ""C16"": 0, ""C17"": 0, ""C18"": 304, ""C19"": 316, ""C20"": 617}","{""C01"": 0.025783011808307485, ""C02"": 0.025783011808307485, ""C03"": 0.025783011808307485, ""C04"": 0.025783011808307485, ""C05"": 0.025783011808307485, ""C06"": 0.025783011808307485, ""C07"": 0.025783011808307485, ""C08"": 0.025783011808307485, ""C09"": 0.025783011808307485, ""C10"": 0.025783011808307485, ""C11"": 0.025783011808307485, ""C12"": 0.025783011808307485, ""C13"": 0.025783011808307485, ""C14"": 0.025783011808307485, ""C15"": 0.025783011808307485, ""C16"": 0.025783011808307485, ""C17"": 0.025783011808307485, ""C18"": 0.02560696182075533, ""C19"": 0.025600023250497574, ""C20"": 0.025425728480787373}"
40,40,1,370,2.502275,20,"{""C01"": 1.177153, ""C02"": 1.186644, ""C03"": 1.196134, ""C04"": 1.205624, ""C05"": 2.22742, ""C06"": 2.235012, ""C07"": 2.242604, ""C08"": 2.250197, ""C09"": 2.257789, ""C10"": 2.265381, ""C11"": 2.272973, ""C12"": 2.280566, ""C13"": 2.288158, ""C14"": 2.29575, ""C15"": 2.303343, ""C16"": 2.310935, ""C17"": 5.011258, ""C18"": 5.033402, ""C19"": 5.055546, ""C20"": 5.077691}","{""C01"": 0, ""C02"": 0, ""C03"": 0, ""C04"": 0, ""C05"": 0, ""C06"": 0, ""C07"": 0, ""C08"": 0, ""C09"": 0, ""C10"": 0, ""C11"": 0, ""C12"": 0, ""C13"": 0, ""C14"": 0, ""C15"": 0, ""C16"": 0, ""C17"": 0, ""C18"": 302, ""C19"": 317, ""C20"": 612}","{""C01"": 0.02579087535950768, ""C02"": 0.02579087535950768, ""C03"": 0.02579087535950768, ""C04"": 0.02579087535950768, ""C05"": 0.02579087535950768, ""C06"": 0.02579087535950768, ""C07"": 0.02579087535950768, ""C08"": 0.02579087535950768, ""C09"": 0.02579087535950768, ""C10"": 0.02579087535950768, ""C11"": 0.02579087535950768, ""C12"": 0.02579087535950768, ""C13"": 0.02579087535950768, ""C14"": 0.02579087535950768, ""C15"": 0.02579087535950768, ""C16"": 0.02579087535950768, ""C17"": 0.02579087535950768, ""C18"": 0.025615983276013003, ""C19"": 0.025607306461921824, ""C20"": 0.025436486192541238}"
41,41,1,370,2.551517,20,"{""C01"": 1.180553, ""C02"": 1.190225, ""C03"": 1.199898, ""C04"": 1.20957, ""C05"": 2.250974, ""C06"": 2.258712, ""C07"": 2.26645, ""C08"": 2.274188, ""C09"": 2.281926, ""C10"": 2.289664, ""C11"": 2.297402, ""C12"": 2.30514, ""C13"": 2.312878, ""C14"": 2.320616, ""C15"": 2.328354, ""C16"": 2.336092, ""C17"": 5.088236, ""C18"": 5.110805, ""C19"": 5.133374, ""C20"": 5.155943}","{""C01"": 0, ""C02"": 0, ""C03"": 0, ""C04"": 0, ""C05"": 0, ""C06"": 0, ""C07"": 0, ""C08"": 0, ""C09"": 0, ""C10"": 0, ""C11"": 0, ""C12"": 0, ""C13"": 0, ""C14"": 0, ""C15"": 0, ""C16"": 0, ""C17"": 0, ""C18"": 299, ""C19"": 315, ""C20"": 611}","{""C01"": 0.025798336908714803, ""C02"": 0.025798336908714803, ""C03"": 0.025798336908714803, ""C04"": 0.025798336908714803, ""C05"": 0.025798336908714803, ""C06"": 0.025798336908714803, ""C07"": 0.025798336908714803, ""C08"": 0.025798336908714803, ""C09"": 0.025798336908714803, ""C10"": 0.025798336908714803, ""C11"": 0.025798336908714803, ""C12"": 0.025798336908714803, ""C13"": 0.025798336908714803, ""C14"": 0.025798336908714803, ""C15"": 0.025798336908714803, ""C16"": 0.025798336908714803, ""C17"": 0.025798336908714803, ""C18"": 0.025625182129378903, ""C19"": 0.025615926143109816, ""C20"": 0.02544452669335113}"
42,42,1,368,2.507747,20,"{""C01"": 1.183896, ""C02"": 1.193747, ""C03"": 1.203599, ""C04"": 1.21345, ""C05"": 2.274133, ""C06"": 2.282014, ""C07"": 2.289896, ""C08"": 2.297777, ""C09"": 2.305658, ""C10"": 2.313539, ""C11"": 2.321421, ""C12"": 2.329302, ""C13"": 2.337183, ""C14"": 2.345064, ""C15"": 2.352946, ""C16"": 2.360827, ""C17"": 5.16392, ""C18"": 5.186907, ""C19"": 5.209894, ""C20"": 5.232881}","{""C01"": 0, ""C02"": 0, ""C03"": 0, ""C04"": 0, ""C05"": 0, ""C06"": 0, ""C07"": 0, ""C08"": 0, ""C09"": 0, ""C10"": 0, ""C11"": 0, ""C12"": 0, ""C13"": 0, ""C14"": 0, ""C15"": 0, ""C16"": 0, ""C17"": 0, ""C18"": 298, ""C19"": 313, ""C20"": 608}","{""C01"": 0.02580539247767609, ""C02"": 0.02580539247767609, ""C03"": 0.02580539247767609, ""C04"": 0.02580539247767609, ""C05"": 0.02580539247767609, ""C06"": 0.02580539247767609, ""C07"": 0.02580539247767609, ""C08"": 0.02580539247767609, ""C09"": 0.02580539247767609, ""C10"": 0.02580539247767609, ""C11"": 0.02580539247767609, ""C12"": 0.02580539247767609, ""C13"": 0.02580539247767609, ""C14"": 0.02580539247767609, ""C15"": 0.02580539247767609, ""C16"": 0.02580539247767609, ""C17"": 0.02580539247767609, ""C18"": 0.025632817092598868, ""C19"": 0.02562414065991397, ""C20"": 0.025453320918273445}"
43,43,1,368,3.518288,20,"{""C01"": 1.187181, ""C02"": 1.197208, ""C03"": 1.207236, ""C04"": 1.217264, ""C05"": 2.296896, ""C06"": 2.304918, ""C07"": 2.31294, ""C08"": 2.320962, ""C09"": 2.328984, ""C10"": 2.337006, ""C11"": 2.345028, ""C12"": 2.353051, ""C13"": 2.361073, ""C14"": 2.369095, ""C15"": 2.377117, ""C16"": 2.385139, ""C17"": 5.23831, ""C18"": 5.261708, ""C19"": 5.285106, ""C20"": 5.308503}","{""C01"": 0, ""C02"": 0, ""C03"": 0, ""C04"": 0, ""C05"": 0, ""C06"": 0, ""C07"": 0, ""C08"": 0, ""C09"": 0, ""C10"": 0, ""C11"": 0, ""C12"": 0, ""C13"": 0, ""C14"": 0, ""C15"": 0, ""C16"": 0, ""C17"": 0, ""C18"": 296, ""C19"": 309, ""C20"": 608}","{""C01"": 0.025812080044146604, ""C02"": 0.025812080044146604, ""C03"": 0.025812080044146604, ""C04"": 0.025812080044146604, ""C05"": 0.025812080044146604, ""C06"": 0.025812080044146604, ""C07"": 0.025812080044146604, ""C08"": 0.025812080044146604, ""C09"": 0.025812080044146604, ""C10"": 0.025812080044146604, ""C11"": 0.025812080044146604, ""C12"": 0.025812080044146604, ""C13"": 0.025812080044146604, ""C14"": 0.025812080044146604, ""C15"": 0.025812080044146604, ""C16"": 0.025812080044146604, ""C17"": 0.025812080044146604, ""C18"": 0.025640663440361106, ""C19"": 0.025633146689397136, ""C20"": 0.02546001099285547}"
44,44,1,373,2.474499,20,"{""C01"": 1.190409, ""C02"": 1.20061, ""C03"": 1.21081, ""C04"": 1.221011, ""C05"": 2.319263, ""C06"": 2.327424, ""C07"": 2.335584, ""C08"": 2.343745, ""C09"": 2.351905, ""C10"": 2.360065, ""C11"": 2.368226, ""C12"": 2.376386, ""C13"": 2.384546, ""C14"": 2.392707, ""C15"": 2.400867, ""C16"": 2.409028, ""C17"": 5.311407, ""C18"": 5.335208, ""C19"": 5.359009, ""C20"": 5.38281}","{""C01"": 0, ""C02"": 0, ""C03"": 0, ""C04"": 0, ""C05"": 0, ""C06"": 0, ""C07"": 0, ""C08"": 0, ""C09"": 0, ""C10"": 0, ""C11"": 0, ""C12"": 0, ""C13"": 0, ""C14"": 0, ""C15"": 0, ""C16"": 0, ""C17"": 0, ""C18"": 296, ""C19"": 307, ""C20"": 605}","{""C01"": 0.025818976381302983, ""C02"": 0.025818976381302983, ""C03"": 0.025818976381302983, ""C04"": 0.025818976381302983, ""C05"": 0.025818976381302983, ""C06"": 0.025818976381302983, ""C07"": 0.025818976381302983, ""C08"": 0.025818976381302983, ""C09"": 0.025818976381302983, ""C10"": 0.025818976381302983, ""C11"": 0.025818976381302983, ""C12"": 0.025818976381302983, ""C13"": 0.025818976381302983, ""C14"": 0.025818976381302983, ""C15"": 0.025818976381302983, ""C16"": 0.025818976381302983, ""C17"": 0.025818976381302983, ""C18"": 0.025647559228212425, ""C19"": 0.0256411992979237, ""C20"": 0.02546864225602561}"
45,45,1,374,2.443456,20,"{""C01"": 1.19358, ""C02"": 1.203951, ""C03"": 1.214321, ""C04"": 1.224691, ""C05"": 2.341235, ""C06"": 2.349531, ""C07"": 2.357827, ""C08"": 2.366123, ""C09"": 2.37442, ""C10"": 2.382716, ""C11"": 2.391012, ""C12"": 2.399309, ""C13"": 2.407605, ""C14"": 2.415901, ""C15"": 2.424198, ""C16"": 2.432494, ""C17"": 5.38321, ""C18"": 5.407407, ""C19"": 5.431605, ""C20"": 5.455802}","{""C01"": 0, ""C02"": 0, ""C03"": 0, ""C04"": 0, ""C05"": 0, ""C06"": 0, ""C07"": 0, ""C08"": 0, ""C09"": 0, ""C10"": 0, ""C11"": 0, ""C12"": 0, ""C13"": 0, ""C14"": 0, ""C15"": 0, ""C16"": 0, ""C17"": 0, ""C18"": 295, ""C19"": 306, ""C20"": 602}","{""C01"": 0.02582552889989778, ""C02"": 0.02582552889989778, ""C03"": 0.02582552889989778, ""C04"": 0.02582552889989778, ""C05"": 0.02582552889989778, ""C06"": 0.02582552889989778, ""C07"": 0.02582552889989778, ""C08"": 0.02582552889989778, ""C09"": 0.02582552889989778, ""C10"": 0.02582552889989778, ""C11"": 0.02582552889989778, ""C12"": 0.02582552889989778, ""C13"": 0.02582552889989778, ""C14"": 0.02582552889989778, ""C15"": 0.02582552889989778, ""C16"": 0.02582552889989778, ""C17"": 0.02582552889989778, ""C18"": 0.02565469057337788, ""C19"": 0.02564833022132503, ""C20"": 0.025476930858698524}"
46,46,1,377,2.457313,20,"{""C01"": 1.196694, ""C02"": 1.207231, ""C03"": 1.217769, ""C04"": 1.228306, ""C05"": 2.36281, ""C06"": 2.37124, ""C07"": 2.379669, ""C08"": 2.388099, ""C09"": 2.396529, ""C10"": 2.404959, ""C11"": 2.413388, ""C12"": 2.421818, ""C13"": 2.430248, ""C14"": 2.438678, ""C15"": 2.447107, ""C16"": 2.455537, ""C17"": 5.453719, ""C18"": 5.478306, ""C19"": 5.502893, ""C20"": 5.527479}","{""C01"": 0, ""C02"": 0, ""C03"": 0, ""C04"": 0, ""C05"": 0, ""C06"": 0, ""C07"": 0, ""C08"": 0, ""C09"": 0, ""C10"": 0, ""C11"": 0, ""C12"": 0, ""C13"": 0, ""C14"": 0, ""C15"": 0, ""C16"": 0, ""C17"": 0, ""C18"": 293, ""C19"": 307, ""C20"": 598}","{""C01"": 0.025831749441782917, ""C02"": 0.025831749441782917, ""C03"": 0.025831749441782917, ""C04"": 0.025831749441782917, ""C05"": 0.025831749441782917, ""C06"": 0.025831749441782917, ""C07"": 0.025831749441782917, ""C08"": 0.025831749441782917, ""C09"": 0.025831749441782917, ""C10"": 0.025831749441782917, ""C11"": 0.025831749441782917, ""C12"": 0.025831749441782917, ""C13"": 0.025831749441782917, ""C14"": 0.025831749441782917, ""C15"": 0.025831749441782917, ""C16"": 0.025831749441782917, ""C17"": 0.025831749441782917, ""C18"": 0.025662069316348103, ""C19"": 0.02565397157182504, ""C20"": 0.025485467754089806}"
47,47,1,380,2.537193,20,"{""C01"": 1.199751, ""C02"": 1.210452, ""C03"": 1.221153, ""C04"": 1.231854, ""C05"": 2.383989, ""C06"": 2.39255, ""C07"": 2.401111, ""C08"": 2.409672, ""C09"": 2.418232, ""C10"": 2.426793, ""C11"": 2.435354, ""C12"": 2.443915, ""C13"": 2.452475, ""C14"": 2.461036, ""C15"": 2.469597, ""C16"": 2.478158, ""C17"": 5.522934, ""C18"": 5.547903, ""C19"": 5.572872, ""C20"": 5.597841}","{""C01"": 0, ""C02"": 0, ""C03"": 0, ""C04"": 0, ""C05"": 0, ""C06"": 0, ""C07"": 0, ""C08"": 0, ""C09"": 0, ""C10"": 0, ""C11"": 0, ""C12"": 0, ""C13"": 0, ""C14"": 0, ""C15"": 0, ""C16"": 0, ""C17"": 0, ""C18"": 293, ""C19"": 305, ""C20"": 595}","{""C01"": 0.025837648728316273, ""C02"": 0.025837648728316273, ""C03"": 0.025837648728316273, ""C04"": 0.025837648728316273, ""C05"": 0.025837648728316273, ""C06"": 0.025837648728316273, ""C07"": 0.025837648728316273, ""C08"": 0.025837648728316273, ""C09"": 0.025837648728316273, ""C10"": 0.025837648728316273, ""C11"": 0.025837648728316273, ""C12"": 0.025837648728316273, ""C13"": 0.025837648728316273, ""C14"": 0.025837648728316273, ""C15"": 0.025837648728316273, ""C16"": 0.025837648728316273, ""C17"": 0.025837648728316273, ""C18"": 0.025667968822987143, ""C19"": 0.025661029659891508, ""C20"": 0.02549310542503978}"
48,48,1,383,2.530611,20,"{""C01"": 1.202751, ""C02"": 1.213612, ""C03"": 1.224474, ""C04"": 1.235336, ""C05"": 2.404773, ""C06"": 2.413462, ""C07"": 2.422152, ""C08"": 2.430841, ""C09"": 2.43953, ""C10"": 2.44822, ""C11"": 2.456909, ""C12"": 2.465598, ""C13"": 2.474288, ""C14"": 2.482977, ""C15"": 2.491666, ""C16"": 2.500355, ""C17"": 5.590856, ""C18"": 5.6162, ""C19"": 5.641544, ""C20"": 5.666888}","{""C01"": 0, ""C02"": 0, ""C03"": 0, ""C04"": 0, ""C05"": 0, ""C06"": 0, ""C07"": 0, ""C08"": 0, ""C09"": 0, ""C10"": 0, ""C11"": 0, ""C12"": 0, ""C13"": 0, ""C14"": 0, ""C15"": 0, ""C16"": 0, ""C17"": 0, ""C18"": 290, ""C19"": 304, ""C20"": 594}","{""C01"": 0.025843255103081414, ""C02"": 0.025843255103081414, ""C03"": 0.025843255103081414, ""C04"": 0.025843255103081414, ""C05"": 0.025843255103081414, ""C06"": 0.025843255103081414, ""C07"": 0.025843255103081414, ""C08"": 0.025843255103081414, ""C09"": 0.025843255103081414, ""C10"": 0.025843255103081414, ""C11"": 0.025843255103081414, ""C12"": 0.025843255103081414, ""C13"": 0.025843255103081414, ""C14"": 0.025843255103081414, ""C15"": 0.025843255103081414, ""C16"": 0.025843255103081414, ""C17"": 0.025843255103081414, ""C18"": 0.025675312982797474, ""C19"": 0.025667216708608154, ""C20"": 0.025499292892554988}"
49,49,1,386,2.484923,20,"{""C01"": 1.205693, ""C02"": 1.216713, ""C03"": 1.227732, ""C04"": 1.238751, ""C05"": 2.425161, ""C06"": 2.433976, ""C07"": 2.442792, ""C08"": 2.451607, ""C09"": 2.460422, ""C10"": 2.469238, ""C11"": 2.478053, ""C12"": 2.486869, ""C13"": 2.495684, ""C14"": 2.5045, ""C15"": 2.513315, ""C16"": 2.52213, ""C17"": 5.657484, ""C18"": 5.683196, ""C19"": 5.708907, ""C20"": 5.734619}","{""C01"": 0, ""C02"": 0, ""C03"": 0, ""C04"": 0, ""C05"": 0, ""C06"": 0, ""C07"": 0, ""C08"": 0, ""C09"": 0, ""C10"": 0, ""C11"": 0, ""C12"": 0, ""C13"": 0, ""C14"": 0, ""C15"": 0, ""C16"": 0, ""C17"": 0, ""C18"": 288, ""C19"": 304, ""C20"": 592}","{""C01"": 0.025849145313345576, ""C02"": 0.025849145313345576, ""C03"": 0.025849145313345576, ""C04"": 0.025849145313345576, ""C05"": 0.025849145313345576, ""C06"": 0.025849145313345576, ""C07"": 0.025849145313345576, ""C08"": 0.025849145313345576, ""C09"": 0.025849145313345576, ""C10"": 0.025849145313345576, ""C11"": 0.025849145313345576, ""C12"": 0.025849145313345576, ""C13"": 0.025849145313345576, ""C14"": 0.025849145313345576, ""C15"": 0.025849145313345576, ""C16"": 0.025849145313345576, ""C17"": 0.025849145313345576, ""C18"": 0.025682360331771896, ""C19"": 0.02567310456434348, ""C20"": 0.025506337945397476}"
50,50,1,389,3.183539,20,"{""C01"": 1.208579, ""C02"": 1.219753, ""C03"": 1.230926, ""C04"": 1.2421, ""C05"": 2.445153, ""C06"": 2.454092, ""C07"": 2.463031, ""C08"": 2.47197, ""C09"": 2.480909, ""C10"": 2.489848, ""C11"": 2.498787, ""C12"": 2.507726, ""C13"": 2.516665, ""C14"": 2.525604, ""C15"": 2.534543, ""C16"": 2.543483, ""C17"": 5.722818, ""C18"": 5.74889, ""C19"": 5.774963, ""C20"": 5.801035}","{""C01"": 0, ""C02"": 0, ""C03"": 0, ""C04"": 0, ""C05"": 0, ""C06"": 0, ""C07"": 0, ""C08"": 0, ""C09"": 0, ""C10"": 0, ""C11"": 0, ""C12"": 0, ""C13"": 0, ""C14"": 0, ""C15"": 0, ""C16"": 0, ""C17"": 0, ""C18"": 286, ""C19"": 304, ""C20"": 589}","{""C01"": 0.025854166367010586, ""C02"": 0.025854166367010586, ""C03"": 0.025854166367010586, ""C04"": 0.025854166367010586, ""C05"": 0.025854166367010586, ""C06"": 0.025854166367010586, ""C07"": 0.025854166367010586, ""C08"": 0.025854166367010586, ""C09"": 0.025854166367010586, ""C10"": 0.025854166367010586, ""C11"": 0.025854166367010586, ""C12"": 0.025854166367010586, ""C13"": 0.025854166367010586, ""C14"": 0.025854166367010586, ""C15"": 0.025854166367010586, ""C16"": 0.025854166367010586, ""C17"": 0.025854166367010586, ""C18"": 0.025688540869271793, ""C19"": 0.025678128434637435, ""C20"": 0.02551310048215396}"
51,51,1,395,2.732069,20,"{""C01"": 1.211407, ""C02"": 1.222732, ""C03"": 1.234058, ""C04"": 1.245383, ""C05"": 2.464748, ""C06"": 2.473809, ""C07"": 2.482869, ""C08"": 2.491929, ""C09"": 2.50099, ""C10"": 2.51005, ""C11"": 2.51911, ""C12"": 2.528171, ""C13"": 2.537231, ""C14"": 2.546291, ""C15"": 2.555351, ""C16"": 2.564412, ""C17"": 5.786858, ""C18"": 5.813284, ""C19"": 5.83971, ""C20"": 5.866136}","{""C01"": 0, ""C02"": 0, ""C03"": 0, ""C04"": 0, ""C05"": 0, ""C06"": 0, ""C07"": 0, ""C08"": 0, ""C09"": 0, ""C10"": 0, ""C11"": 0, ""C12"": 0, ""C13"": 0, ""C14"": 0, ""C15"": 0, ""C16"": 0, ""C17"": 0, ""C18"": 285, ""C19"": 304, ""C20"": 586}","{""C01"": 0.02585949541561365, ""C02"": 0.02585949541561365, ""C03"": 0.02585949541561365, ""C04"": 0.02585949541561365, ""C05"": 0.02585949541561365, ""C06"": 0.02585949541561365, ""C07"": 0.02585949541561365, ""C08"": 0.02585949541561365, ""C09"": 0.02585949541561365, ""C10"": 0.02585949541561365, ""C11"": 0.02585949541561365, ""C12"": 0.02585949541561365, ""C13"": 0.02585949541561365, ""C14"": 0.02585949541561365, ""C15"": 0.02585949541561365, ""C16"": 0.02585949541561365, ""C17"": 0.02585949541561365, ""C18"": 0.02569444872630307, ""C19"": 0.02568345655830462, ""C20"": 0.02552016551488913}"
52,52,1,398,2.695182,20,"{""C01"": 1.214178, ""C02"": 1.225652, ""C03"": 1.237126, ""C04"": 1.2486, ""C05"": 2.483949, ""C06"": 2.493128, ""C07"": 2.502307, ""C08"": 2.511486, ""C09"": 2.520665, ""C10"": 2.529844, ""C11"": 2.539023, ""C12"": 2.548202, ""C13"": 2.557381, ""C14"": 2.56656, ""C15"": 2.575739, ""C16"": 2.584918, ""C17"": 5.849605, ""C18"": 5.876377, ""C19"": 5.90315, ""C20"": 5.929922}","{""C01"": 0, ""C02"": 0, ""C03"": 0, ""C04"": 0, ""C05"": 0, ""C06"": 0, ""C07"": 0, ""C08"": 0, ""C09"": 0, ""C10"": 0, ""C11"": 0, ""C12"": 0, ""C13"": 0, ""C14"": 0, ""C15"": 0, ""C16"": 0, ""C17"": 0, ""C18"": 285, ""C19"": 302, ""C20"": 584}","{""C01"": 0.025864561431161254, ""C02"": 0.025864561431161254, ""C03"": 0.025864561431161254, ""C04"": 0.025864561431161254, ""C05"": 0.025864561431161254, ""C06"": 0.025864561431161254, ""C07"": 0.025864561431161254, ""C08"": 0.025864561431161254, ""C09"": 0.025864561431161254, ""C10"": 0.025864561431161254, ""C11"": 0.025864561431161254, ""C12"": 0.025864561431161254, ""C13"": 0.025864561431161254, ""C14"": 0.025864561431161254, ""C15"": 0.025864561431161254, ""C16"": 0.025864561431161254, ""C17"": 0.025864561431161254, ""C18"": 0.02569951463994648, ""C19"": 0.025689680197687758, ""C20"": 0.02552638933130284}"
53,53,1,399,2.761850,20,"{""C01"": 1.216892, ""C02"": 1.228511, ""C03"": 1.240131, ""C04"": 1.25175, ""C05"": 2.502753, ""C06"": 2.512048, ""C07"": 2.521344, ""C08"": 2.530639, ""C09"": 2.539934, ""C10"": 2.54923, ""C11"": 2.558525, ""C12"": 2.56782, ""C13"": 2.577116, ""C14"": 2.586411, ""C15"": 2.595707, ""C16"": 2.605002, ""C17"": 5.911058, ""C18"": 5.93817, ""C19"": 5.965281, ""C20"": 5.992393}","{""C01"": 0, ""C02"": 0, ""C03"": 0, ""C04"": 0, ""C05"": 0, ""C06"": 0, ""C07"": 0, ""C08"": 0, ""C09"": 0, ""C10"": 0, ""C11"": 0, ""C12"": 0, ""C13"": 0, ""C14"": 0, ""C15"": 0, ""C16"": 0, ""C17"": 0, ""C18"": 284, ""C19"": 302, ""C20"": 581}","{""C01"": 0.025869373585694355, ""C02"": 0.025869373585694355, ""C03"": 0.025869373585694355, ""C04"": 0.025869373585694355, ""C05"": 0.025869373585694355, ""C06"": 0.025869373585694355, ""C07"": 0.025869373585694355, ""C08"": 0.025869373585694355, ""C09"": 0.025869373585694355, ""C10"": 0.025869373585694355, ""C11"": 0.025869373585694355, ""C12"": 0.025869373585694355, ""C13"": 0.025869373585694355, ""C14"": 0.025869373585694355, ""C15"": 0.025869373585694355, ""C16"": 0.025869373585694355, ""C17"": 0.025869373585694355, ""C18"": 0.02570490601372534, ""C19"": 0.025694492613954453, ""C20"": 0.025532939317088377}"
54,54,1,400,2.762643,20,"{""C01"": 1.219549, ""C02"": 1.231311, ""C03"": 1.243072, ""C04"": 1.254834, ""C05"": 2.521161, ""C06"": 2.53057, ""C07"": 2.53998, ""C08"": 2.549389, ""C09"": 2.558798, ""C10"": 2.568207, ""C11"": 2.577617, ""C12"": 2.587026, ""C13"": 2.596435, ""C14"": 2.605844, ""C15"": 2.615254, ""C16"": 2.624663, ""C17"": 5.971217, ""C18"": 5.998661, ""C19"": 6.026104, ""C20"": 6.053548}","{""C01"": 0, ""C02"": 0, ""C03"": 0, ""C04"": 0, ""C05"": 0, ""C06"": 0, ""C07"": 0, ""C08"": 0, ""C09"": 0, ""C10"": 0, ""C11"": 0, ""C12"": 0, ""C13"": 0, ""C14"": 0, ""C15"": 0, ""C16"": 0, ""C17"": 0, ""C18"": 283, ""C19"": 300, ""C20"": 580}","{""C01"": 0.02587394573821432, ""C02"": 0.02587394573821432, ""C03"": 0.02587394573821432, ""C04"": 0.02587394573821432, ""C05"": 0.02587394573821432, ""C06"": 0.02587394573821432, ""C07"": 0.02587394573821432, ""C08"": 0.02587394573821432, ""C09"": 0.02587394573821432, ""C10"": 0.02587394573821432, ""C11"": 0.02587394573821432, ""C12"": 0.02587394573821432, ""C13"": 0.02587394573821432, ""C14"": 0.02587394573821432, ""C15"": 0.02587394573821432, ""C16"": 0.02587394573821432, ""C17"": 0.02587394573821432, ""C18"": 0.025710057570165337, ""C19"": 0.025700224219394906, ""C20"": 0.025538091895269566}"
55,55,1,391,2.667136,20,"{""C01"": 1.222149, ""C02"": 1.23405, ""C03"": 1.24595, ""C04"": 1.257851, ""C05"": 2.539174, ""C06"": 2.548694, ""C07"": 2.558215, ""C08"": 2.567736, ""C09"": 2.577256, ""C10"": 2.586777, ""C11"": 2.596298, ""C12"": 2.605818, ""C13"": 2.615339, ""C14"": 2.62486, ""C15"": 2.63438, ""C16"": 2.643901, ""C17"": 6.030083, ""C18"": 6.057851, ""C19"": 6.08562, ""C20"": 6.113388}","{""C01"": 0, ""C02"": 0, ""C03"": 0, ""C04"": 0, ""C05"": 0, ""C06"": 0, ""C07"": 0, ""C08"": 0, ""C09"": 0, ""C10"": 0, ""C11"": 0, ""C12"": 0, ""C13"": 0, ""C14"": 0, ""C15"": 0, ""C16"": 0, ""C17"": 0, ""C18"": 283, ""C19"": 300, ""C20"": 577}","{""C01"": 0.025878856338753767, ""C02"": 0.025878856338753767, ""C03"": 0.025878856338753767, ""C04"": 0.025878856338753767, ""C05"": 0.025878856338753767, ""C06"": 0.025878856338753767, ""C07"": 0.025878856338753767, ""C08"": 0.025878856338753767, ""C09"": 0.025878856338753767, ""C10"": 0.025878856338753767, ""C11"": 0.025878856338753767, ""C12"": 0.025878856338753767, ""C13"": 0.025878856338753767, ""C14"": 0.025878856338753767, ""C15"": 0.025878856338753767, ""C16"": 0.025878856338753767, ""C17"": 0.025878856338753767, ""C18"": 0.025714966912663346, ""C19"": 0.025705131906503594, ""C20"": 0.025544735493933678}"
56,56,1,407,2.754754,20,"{""C01"": 1.224691, ""C02"": 1.236728, ""C03"": 1.248765, ""C04"": 1.260802, ""C05"": 2.55679, ""C06"": 2.56642, ""C07"": 2.576049, ""C08"": 2.585679, ""C09"": 2.595309, ""C10"": 2.604938, ""C11"": 2.614568, ""C12"": 2.624198, ""C13"": 2.633827, ""C14"": 2.643457, ""C15"": 2.653086, ""C16"": 2.662716, ""C17"": 6.087654, ""C18"": 6.115741, ""C19"": 6.143827, ""C20"": 6.171914}","{""C01"": 0, ""C02"": 0, ""C03"": 0, ""C04"": 0, ""C05"": 0, ""C06"": 0, ""C07"": 0, ""C08"": 0, ""C09"": 0, ""C10"": 0, ""C11"": 0, ""C12"": 0, ""C13"": 0, ""C14"": 0, ""C15"": 0, ""C16"": 0, ""C17"": 0, ""C18"": 282, ""C19"": 299, ""C20"": 575}","{""C01"": 0.02588295957246728, ""C02"": 0.02588295957246728, ""C03"": 0.02588295957246728, ""C04"": 0.02588295957246728, ""C05"": 0.02588295957246728, ""C06"": 0.02588295957246728, ""C07"": 0.02588295957246728, ""C08"": 0.02588295957246728, ""C09"": 0.02588295957246728, ""C10"": 0.02588295957246728, ""C11"": 0.02588295957246728, ""C12"": 0.02588295957246728, ""C13"": 0.02588295957246728, ""C14"": 0.02588295957246728, ""C15"": 0.02588295957246728, ""C16"": 0.02588295957246728, ""C17"": 0.02588295957246728, ""C18"": 0.025719650221564076, ""C19"": 0.02570981594138858, ""C20"": 0.025549999997887998}"
57,57,1,394,2.741077,20,"{""C01"": 1.227177, ""C02"": 1.239347, ""C03"": 1.251517, ""C04"": 1.263687, ""C05"": 2.574011, ""C06"": 2.583747, ""C07"": 2.593483, ""C08"": 2.603219, ""C09"": 2.612955, ""C10"": 2.622692, ""C11"": 2.632428, ""C12"": 2.642164, ""C13"": 2.6519, ""C14"": 2.661636, ""C15"": 2.671372, ""C16"": 2.681108, ""C17"": 6.143932, ""C18"": 6.172329, ""C19"": 6.200726, ""C20"": 6.229124}","{""C01"": 0, ""C02"": 0, ""C03"": 0, ""C04"": 0, ""C05"": 0, ""C06"": 0, ""C07"": 0, ""C08"": 0, ""C09"": 0, ""C10"": 0, ""C11"": 0, ""C12"": 0, ""C13"": 0, ""C14"": 0, ""C15"": 0, ""C16"": 0, ""C17"": 0, ""C18"": 282, ""C19"": 297, ""C20"": 574}","{""C01"": 0.025887423961109754, ""C02"": 0.025887423961109754, ""C03"": 0.025887423961109754, ""C04"": 0.025887423961109754, ""C05"": 0.025887423961109754, ""C06"": 0.025887423961109754, ""C07"": 0.025887423961109754, ""C08"": 0.025887423961109754, ""C09"": 0.025887423961109754, ""C10"": 0.025887423961109754, ""C11"": 0.025887423961109754, ""C12"": 0.025887423961109754, ""C13"": 0.025887423961109754, ""C14"": 0.025887423961109754, ""C15"": 0.025887423961109754, ""C16"": 0.025887423961109754, ""C17"": 0.025887423961109754, ""C18"": 0.025724113678165676, ""C19"": 0.025715437011409034, ""C20"": 0.025555040707201396}"
58,58,1,413,2.805957,20,"{""C01"": 1.229605, ""C02"": 1.241905, ""C03"": 1.254206, ""C04"": 1.266506, ""C05"": 2.590836, ""C06"": 2.600676, ""C07"": 2.610516, ""C08"": 2.620356, ""C09"": 2.630197, ""C10"": 2.640037, ""C11"": 2.649877, ""C12"": 2.659717, ""C13"": 2.669557, ""C14"": 2.679398, ""C15"": 2.689238, ""C16"": 2.699078, ""C17"": 6.198916, ""C18"": 6.227617, ""C19"": 6.256318, ""C20"": 6.285018}","{""C01"": 0, ""C02"": 0, ""C03"": 0, ""C04"": 0, ""C05"": 0, ""C06"": 0, ""C07"": 0, ""C08"": 0, ""C09"": 0, ""C10"": 0, ""C11"": 0, ""C12"": 0, ""C13"": 0, ""C14"": 0, ""C15"": 0, ""C16"": 0, ""C17"": 0, ""C18"": 281, ""C19"": 296, ""C20"": 572}","{""C01"": 0.025891089651590704, ""C02"": 0.025891089651590704, ""C03"": 0.025891089651590704, ""C04"": 0.025891089651590704, ""C05"": 0.025891089651590704, ""C06"": 0.025891089651590704, ""C07"": 0.025891089651590704, ""C08"": 0.025891089651590704, ""C09"": 0.025891089651590704, ""C10"": 0.025891089651590704, ""C11"": 0.025891089651590704, ""C12"": 0.025891089651590704, ""C13"": 0.025891089651590704, ""C14"": 0.025891089651590704, ""C15"": 0.025891089651590704, ""C16"": 0.025891089651590704, ""C17"": 0.025891089651590704, ""C18"": 0.025728359825329054, ""C19"": 0.02571968493047891, ""C20"": 0.02555986929123156}"
59,59,1,418,2.827552,20,"{""C01"": 1.231976, ""C02"": 1.244404, ""C03"": 1.256831, ""C04"": 1.269258, ""C05"": 2.607265, ""C06"": 2.617206, ""C07"": 2.627148, ""C08"": 2.63709, ""C09"": 2.647032, ""C10"": 2.656974, ""C11"": 2.666916, ""C12"": 2.676857, ""C13"": 2.686799, ""C14"": 2.696741, ""C15"": 2.706683, ""C16"": 2.716625, ""C17"": 6.252607, ""C18"": 6.281604, ""C19"": 6.310601, ""C20"": 6.339598}","{""C01"": 0, ""C02"": 0, ""C03"": 0, ""C04"": 0, ""C05"": 0, ""C06"": 0, ""C07"": 0, ""C08"": 0, ""C09"": 0, ""C10"": 0, ""C11"": 0, ""C12"": 0, ""C13"": 0, ""C14"": 0, ""C15"": 0, ""C16"": 0, ""C17"": 0, ""C18"": 280, ""C19"": 294, ""C20"": 572}","{""C01"": 0.025895135409006703, ""C02"": 0.025895135409006703, ""C03"": 0.025895135409006703, ""C04"": 0.025895135409006703, ""C05"": 0.025895135409006703, ""C06"": 0.025895135409006703, ""C07"": 0.025895135409006703, ""C08"": 0.025895135409006703, ""C09"": 0.025895135409006703, ""C10"": 0.025895135409006703, ""C11"": 0.025895135409006703, ""C12"": 0.025895135409006703, ""C13"": 0.025895135409006703, ""C14"": 0.025895135409006703, ""C15"": 0.025895135409006703, ""C16"": 0.025895135409006703, ""C17"": 0.025895135409006703, ""C18"": 0.025732984407174215, ""C19"": 0.025724888043546355, ""C20"": 0.025563913736672196}"
60,60,1,422,2.916751,20,"{""C01"": 1.23429, ""C02"": 1.246842, ""C03"": 1.259393, ""C04"": 1.271944, ""C05"": 2.623298, ""C06"": 2.633339, ""C07"": 2.64338, ""C08"": 2.653421, ""C09"": 2.663462, ""C10"": 2.673503, ""C11"": 2.683544, ""C12"": 2.693585, ""C13"": 2.703626, ""C14"": 2.713667, ""C15"": 2.723708, ""C16"": 2.733749, ""C17"": 6.305004, ""C18"": 6.33429, ""C19"": 6.363576, ""C20"": 6.392862}","{""C01"": 0, ""C02"": 0, ""C03"": 0, ""C04"": 0, ""C05"": 0, ""C06"": 0, ""C07"": 0, ""C08"": 0, ""C09"": 0, ""C10"": 0, ""C11"": 0, ""C12"": 0, ""C13"": 0, ""C14"": 0, ""C15"": 0, ""C16"": 0, ""C17"": 0, ""C18"": 278, ""C19"": 293, ""C20"": 572}","{""C01"": 0.025898981071536667, ""C02"": 0.025898981071536667, ""C03"": 0.025898981071536667, ""C04"": 0.025898981071536667, ""C05"": 0.025898981071536667, ""C06"": 0.025898981071536667, ""C07"": 0.025898981071536667, ""C08"": 0.025898981071536667, ""C09"": 0.025898981071536667, ""C10"": 0.025898981071536667, ""C11"": 0.025898981071536667, ""C12"": 0.025898981071536667, ""C13"": 0.025898981071536667, ""C14"": 0.025898981071536667, ""C15"": 0.025898981071536667, ""C16"": 0.025898981071536667, ""C17"": 0.025898981071536667, ""C18"": 0.025737988170182954, ""C19"": 0.02572931211699678, ""C20"": 0.025567758797043545}"
61,61,1,423,2.957012,20,"{""C01"": 1.236547, ""C02"": 1.249219, ""C03"": 1.261892, ""C04"": 1.274564, ""C05"": 2.638935, ""C06"": 2.649073, ""C07"": 2.65921, ""C08"": 2.669348, ""C09"": 2.679486, ""C10"": 2.689624, ""C11"": 2.699761, ""C12"": 2.709899, ""C13"": 2.720037, ""C14"": 2.730174, ""C15"": 2.740312, ""C16"": 2.75045, ""C17"": 6.356107, ""C18"": 6.385675, ""C19"": 6.415243, ""C20"": 6.444812}","{""C01"": 0, ""C02"": 0, ""C03"": 0, ""C04"": 0, ""C05"": 0, ""C06"": 0, ""C07"": 0, ""C08"": 0, ""C09"": 0, ""C10"": 0, ""C11"": 0, ""C12"": 0, ""C13"": 0, ""C14"": 0, ""C15"": 0, ""C16"": 0, ""C17"": 0, ""C18"": 278, ""C19"": 292, ""C20"": 570}","{""C01"": 0.025902619098475785, ""C02"": 0.025902619098475785, ""C03"": 0.025902619098475785, ""C04"": 0.025902619098475785, ""C05"": 0.025902619098475785, ""C06"": 0.025902619098475785, ""C07"": 0.025902619098475785, ""C08"": 0.025902619098475785, ""C09"": 0.025902619098475785, ""C10"": 0.025902619098475785, ""C11"": 0.025902619098475785, ""C12"": 0.025902619098475785, ""C13"": 0.025902619098475785, ""C14"": 0.025902619098475785, ""C15"": 0.025902619098475785, ""C16"": 0.025902619098475785, ""C17"": 0.025902619098475785, ""C18"": 0.025741626249812674, ""C19"": 0.02573352939926883, ""C20"": 0.025572555308075787}"
62,62,1,426,2.945119,20,"{""C01"": 1.238747, ""C02"": 1.251537, ""C03"": 1.264327, ""C04"": 1.277117, ""C05"": 2.654176, ""C06"": 2.664408, ""C07"": 2.67464, ""C08"": 2.684872, ""C09"": 2.695104, ""C10"": 2.705336, ""C11"": 2.715568, ""C12"": 2.7258, ""C13"": 2.736032, ""C14"": 2.746264, ""C15"": 2.756496, ""C16"": 2.766728, ""C17"": 6.405916, ""C18"": 6.435759, ""C19"": 6.465602, ""C20"": 6.495446}","{""C01"": 0, ""C02"": 0, ""C03"": 0, ""C04"": 0, ""C05"": 0, ""C06"": 0, ""C07"": 0, ""C08"": 0, ""C09"": 0, ""C10"": 0, ""C11"": 0, ""C12"": 0, ""C13"": 0, ""C14"": 0, ""C15"": 0, ""C16"": 0, ""C17"": 0, ""C18"": 276, ""C19"": 291, ""C20"": 570}","{""C01"": 0.02590607633551198, ""C02"": 0.02590607633551198, ""C03"": 0.02590607633551198, ""C04"": 0.02590607633551198, ""C05"": 0.02590607633551198, ""C06"": 0.02590607633551198, ""C07"": 0.02590607633551198, ""C08"": 0.02590607633551198, ""C09"": 0.02590607633551198, ""C10"": 0.02590607633551198, ""C11"": 0.02590607633551198, ""C12"": 0.02590607633551198, ""C13"": 0.02590607633551198, ""C14"": 0.02590607633551198, ""C15"": 0.02590607633551198, ""C16"": 0.02590607633551198, ""C17"": 0.02590607633551198, ""C18"": 0.02574624190654825, ""C19"": 0.025737566626318917, ""C20"": 0.025576013380134533}"
63,63,1,419,2.953931,20,"{""C01"": 1.24089, ""C02"": 1.253795, ""C03"": 1.266699, ""C04"": 1.279604, ""C05"": 2.669022, ""C06"": 2.679345, ""C07"": 2.689669, ""C08"": 2.699993, ""C09"": 2.710317, ""C10"": 2.720641, ""C11"": 2.730965, ""C12"": 2.741288, ""C13"": 2.751612, ""C14"": 2.761936, ""C15"": 2.77226, ""C16"": 2.782584, ""C17"": 6.454431, ""C18"": 6.484542, ""C19"": 6.514654, ""C20"": 6.544765}","{""C01"": 0, ""C02"": 0, ""C03"": 0, ""C04"": 0, ""C05"": 0, ""C06"": 0, ""C07"": 0, ""C08"": 0, ""C09"": 0, ""C10"": 0, ""C11"": 0, ""C12"": 0, ""C13"": 0, ""C14"": 0, ""C15"": 0, ""C16"": 0, ""C17"": 0, ""C18"": 276, ""C19"": 292, ""C20"": 566}","{""C01"": 0.025909331058883628, ""C02"": 0.025909331058883628, ""C03"": 0.025909331058883628, ""C04"": 0.025909331058883628, ""C05"": 0.025909331058883628, ""C06"": 0.025909331058883628, ""C07"": 0.025909331058883628, ""C08"": 0.025909331058883628, ""C09"": 0.025909331058883628, ""C10"": 0.025909331058883628, ""C11"": 0.025909331058883628, ""C12"": 0.025909331058883628, ""C13"": 0.025909331058883628, ""C14"": 0.025909331058883628, ""C15"": 0.025909331058883628, ""C16"": 0.025909331058883628, ""C17"": 0.025909331058883628, ""C18"": 0.025749497009930962, ""C19"": 0.025740243372461964, ""C20"": 0.025581586296963228}"
64,64,1,420,3.411097,20,"{""C01"": 1.242975, ""C02"": 1.255992, ""C03"": 1.269008, ""C04"": 1.282025, ""C05"": 2.683471, ""C06"": 2.693884, ""C07"": 2.704298, ""C08"": 2.714711, ""C09"": 2.725124, ""C10"": 2.735537, ""C11"": 2.74595, ""C12"": 2.756364, ""C13"": 2.766777, ""C14"": 2.77719, ""C15"": 2.787603, ""C16"": 2.798017, ""C17"": 6.501653, ""C18"": 6.532025, ""C19"": 6.562397, ""C20"": 6.592769}","{""C01"": 0, ""C02"": 0, ""C03"": 0, ""C04"": 0, ""C05"": 0, ""C06"": 0, ""C07"": 0, ""C08"": 0, ""C09"": 0, ""C10"": 0, ""C11"": 0, ""C12"": 0, ""C13"": 0, ""C14"": 0, ""C15"": 0, ""C16"": 0, ""C17"": 0, ""C18"": 274, ""C19"": 291, ""C20"": 567}","{""C01"": 0.025913006848971937, ""C02"": 0.025913006848971937, ""C03"": 0.025913006848971937, ""C04"": 0.025913006848971937, ""C05"": 0.025913006848971937, ""C06"": 0.025913006848971937, ""C07"": 0.025913006848971937, ""C08"": 0.025913006848971937, ""C09"": 0.025913006848971937, ""C10"": 0.025913006848971937, ""C11"": 0.025913006848971937, ""C12"": 0.025913006848971937, ""C13"": 0.025913006848971937, ""C14"": 0.025913006848971937, ""C15"": 0.025913006848971937, ""C16"": 0.025913006848971937, ""C17"": 0.025913006848971937, ""C18"": 0.0257543300133285, ""C19"": 0.02574449513113115, ""C20"": 0.02558467836406985}"
65,65,1,435,3.851775,20,"{""C01"": 1.245004, ""C02"": 1.258129, ""C03"": 1.271254, ""C04"": 1.284379, ""C05"": 2.697525, ""C06"": 2.708025, ""C07"": 2.718525, ""C08"": 2.729025, ""C09"": 2.739525, ""C10"": 2.750026, ""C11"": 2.760526, ""C12"": 2.771026, ""C13"": 2.781526, ""C14"": 2.792026, ""C15"": 2.802526, ""C16"": 2.813026, ""C17"": 6.547581, ""C18"": 6.578206, ""C19"": 6.608832, ""C20"": 6.639457}","{""C01"": 0, ""C02"": 0, ""C03"": 0, ""C04"": 0, ""C05"": 0, ""C06"": 0, ""C07"": 0, ""C08"": 0, ""C09"": 0, ""C10"": 0, ""C11"": 0, ""C12"": 0, ""C13"": 0, ""C14"": 0, ""C15"": 0, ""C16"": 0, ""C17"": 0, ""C18"": 275, ""C19"": 290, ""C20"": 564}","{""C01"": 0.025915903274609062, ""C02"": 0.025915903274609062, ""C03"": 0.025915903274609062, ""C04"": 0.025915903274609062, ""C05"": 0.025915903274609062, ""C06"": 0.025915903274609062, ""C07"": 0.025915903274609062, ""C08"": 0.025915903274609062, ""C09"": 0.025915903274609062, ""C10"": 0.025915903274609062, ""C11"": 0.025915903274609062, ""C12"": 0.025915903274609062, ""C13"": 0.025915903274609062, ""C14"": 0.025915903274609062, ""C15"": 0.025915903274609062, ""C16"": 0.025915903274609062, ""C17"": 0.025915903274609062, ""C18"": 0.02575664799862139, ""C19"": 0.02574797278774683, ""C20"": 0.025589315205353486}"
66,66,1,420,2.968370,20,"{""C01"": 1.246975, ""C02"": 1.260206, ""C03"": 1.273436, ""C04"": 1.286667, ""C05"": 2.711183, ""C06"": 2.721767, ""C07"": 2.732352, ""C08"": 2.742936, ""C09"": 2.753521, ""C10"": 2.764106, ""C11"": 2.77469, ""C12"": 2.785275, ""C13"": 2.79586, ""C14"": 2.806444, ""C15"": 2.817029, ""C16"": 2.827614, ""C17"": 6.592215, ""C18"": 6.623087, ""C19"": 6.653959, ""C20"": 6.684831}","{""C01"": 0, ""C02"": 0, ""C03"": 0, ""C04"": 0, ""C05"": 0, ""C06"": 0, ""C07"": 0, ""C08"": 0, ""C09"": 0, ""C10"": 0, ""C11"": 0, ""C12"": 0, ""C13"": 0, ""C14"": 0, ""C15"": 0, ""C16"": 0, ""C17"": 0, ""C18"": 274, ""C19"": 290, ""C20"": 563}","{""C01"": 0.02591922165117022, ""C02"": 0.02591922165117022, ""C03"": 0.02591922165117022, ""C04"": 0.02591922165117022, ""C05"": 0.02591922165117022, ""C06"": 0.02591922165117022, ""C07"": 0.02591922165117022, ""C08"": 0.02591922165117022, ""C09"": 0.02591922165117022, ""C10"": 0.02591922165117022, ""C11"": 0.02591922165117022, ""C12"": 0.02591922165117022, ""C13"": 0.02591922165117022, ""C14"": 0.02591922165117022, ""C15"": 0.02591922165117022, ""C16"": 0.02591922165117022, ""C17"": 0.02591922165117022, ""C18"": 0.025760544776843728, ""C19"": 0.025751288962338116, ""C20"": 0.025593209475883935}"
67,67,1,437,3.107766,20,"{""C01"": 1.248889, ""C02"": 1.262222, ""C03"": 1.275556, ""C04"": 1.288889, ""C05"": 2.724444, ""C06"": 2.735111, ""C07"": 2.745778, ""C08"": 2.756444, ""C09"": 2.767111, ""C10"": 2.777778, ""C11"": 2.788444, ""C12"": 2.799111, ""C13"": 2.809778, ""C14"": 2.820444, ""C15"": 2.831111, ""C16"": 2.841778, ""C17"": 6.635556, ""C18"": 6.666667, ""C19"": 6.697778, ""C20"": 6.728889}","{""C01"": 0, ""C02"": 0, ""C03"": 0, ""C04"": 0, ""C05"": 0, ""C06"": 0, ""C07"": 0, ""C08"": 0, ""C09"": 0, ""C10"": 0, ""C11"": 0, ""C12"": 0, ""C13"": 0, ""C14"": 0, ""C15"": 0, ""C16"": 0, ""C17"": 0, ""C18"": 272, ""C19"": 289, ""C20"": 563}","{""C01"": 0.02592179356191006, ""C02"": 0.02592179356191006, ""C03"": 0.02592179356191006, ""C04"": 0.02592179356191006, ""C05"": 0.02592179356191006, ""C06"": 0.02592179356191006, ""C07"": 0.02592179356191006, ""C08"": 0.02592179356191006, ""C09"": 0.02592179356191006, ""C10"": 0.02592179356191006, ""C11"": 0.02592179356191006, ""C12"": 0.02592179356191006, ""C13"": 0.02592179356191006, ""C14"": 0.02592179356191006, ""C15"": 0.02592179356191006, ""C16"": 0.02592179356191006, ""C17"": 0.02592179356191006, ""C18"": 0.025764275847144785, ""C19"": 0.025754442811730345, ""C20"": 0.025595785551901687}"
68,68,1,442,3.021253,20,"{""C01"": 1.250746, ""C02"": 1.264179, ""C03"": 1.277611, ""C04"": 1.291044, ""C05"": 2.73731, ""C06"": 2.748057, ""C07"": 2.758803, ""C08"": 2.769549, ""C09"": 2.780295, ""C10"": 2.791042, ""C11"": 2.801788, ""C12"": 2.812534, ""C13"": 2.82328, ""C14"": 2.834027, ""C15"": 2.844773, ""C16"": 2.855519, ""C17"": 6.677602, ""C18"": 6.708946, ""C19"": 6.740289, ""C20"": 6.771632}","{""C01"": 0, ""C02"": 0, ""C03"": 0, ""C04"": 0, ""C05"": 0, ""C06"": 0, ""C07"": 0, ""C08"": 0, ""C09"": 0, ""C10"": 0, ""C11"": 0, ""C12"": 0, ""C13"": 0, ""C14"": 0, ""C15"": 0, ""C16"": 0, ""C17"": 0, ""C18"": 272, ""C19"": 289, ""C20"": 561}","{""C01"": 0.02592477385605957, ""C02"": 0.02592477385605957, ""C03"": 0.02592477385605957, ""C04"": 0.02592477385605957, ""C05"": 0.02592477385605957, ""C06"": 0.02592477385605957, ""C07"": 0.02592477385605957, ""C08"": 0.02592477385605957, ""C09"": 0.02592477385605957, ""C10"": 0.02592477385605957, ""C11"": 0.02592477385605957, ""C12"": 0.02592477385605957, ""C13"": 0.02592477385605957, ""C14"": 0.02592477385605957, ""C15"": 0.02592477385605957, ""C16"": 0.02592477385605957, ""C17"": 0.02592477385605957, ""C18"": 0.025767255714376335, ""C19"": 0.02575742153426005, ""C20"": 0.02559992216190473}"
69,69,1,432,2.937617,20,"{""C01"": 1.252546, ""C02"": 1.266075, ""C03"": 1.279604, ""C04"": 1.293133, ""C05"": 2.749781, ""C06"": 2.760604, ""C07"": 2.771427, ""C08"": 2.782251, ""C09"": 2.793074, ""C10"": 2.803898, ""C11"": 2.814721, ""C12"": 2.825544, ""C13"": 2.836368, ""C14"": 2.847191, ""C15"": 2.858014, ""C16"": 2.868838, ""C17"": 6.718355, ""C18"": 6.749923, ""C19"": 6.781492, ""C20"": 6.81306}","{""C01"": 0, ""C02"": 0, ""C03"": 0, ""C04"": 0, ""C05"": 0, ""C06"": 0, ""C07"": 0, ""C08"": 0, ""C09"": 0, ""C10"": 0, ""C11"": 0, ""C12"": 0, ""C13"": 0, ""C14"": 0, ""C15"": 0, ""C16"": 0, ""C17"": 0, ""C18"": 273, ""C19"": 289, ""C20"": 558}","{""C01"": 0.025927587977217545, ""C02"": 0.025927587977217545, ""C03"": 0.025927587977217545, ""C04"": 0.025927587977217545, ""C05"": 0.025927587977217545, ""C06"": 0.025927587977217545, ""C07"": 0.025927587977217545, ""C08"": 0.025927587977217545, ""C09"": 0.025927587977217545, ""C10"": 0.025927587977217545, ""C11"": 0.025927587977217545, ""C12"": 0.025927587977217545, ""C13"": 0.025927587977217545, ""C14"": 0.025927587977217545, ""C15"": 0.025927587977217545, ""C16"": 0.025927587977217545, ""C17"": 0.025927587977217545, ""C18"": 0.025769490437670226, ""C19"": 0.02576023495862815, ""C20"": 0.02560447238115174}"
70,70,1,427,2.880798,20,"{""C01"": 1.254288, ""C02"": 1.267911, ""C03"": 1.281534, ""C04"": 1.295156, ""C05"": 2.761855, ""C06"": 2.772753, ""C07"": 2.783651, ""C08"": 2.794549, ""C09"": 2.805447, ""C10"": 2.816345, ""C11"": 2.827243, ""C12"": 2.838141, ""C13"": 2.849039, ""C14"": 2.859938, ""C15"": 2.870836, ""C16"": 2.881734, ""C17"": 6.757815, ""C18"": 6.789601, ""C19"": 6.821387, ""C20"": 6.853173}","{""C01"": 0, ""C02"": 0, ""C03"": 0, ""C04"": 0, ""C05"": 0, ""C06"": 0, ""C07"": 0, ""C08"": 0, ""C09"": 0, ""C10"": 0, ""C11"": 0, ""C12"": 0, ""C13"": 0, ""C14"": 0, ""C15"": 0, ""C16"": 0, ""C17"": 0, ""C18"": 273, ""C19"": 288, ""C20"": 557}","{""C01"": 0.025930253127451966, ""C02"": 0.025930253127451966, ""C03"": 0.025930253127451966, ""C04"": 0.025930253127451966, ""C05"": 0.025930253127451966, ""C06"": 0.025930253127451966, ""C07"": 0.025930253127451966, ""C08"": 0.025930253127451966, ""C09"": 0.025930253127451966, ""C10"": 0.025930253127451966, ""C11"": 0.025930253127451966, ""C12"": 0.025930253127451966, ""C13"": 0.025930253127451966, ""C14"": 0.025930253127451966, ""C15"": 0.025930253127451966, ""C16"": 0.025930253127451966, ""C17"": 0.025930253127451966, ""C18"": 0.025772155418142692, ""C19"": 0.02576347880442623, ""C20"": 0.02560771588673817}"
71,71,1,426,2.964029,20,"{""C01"": 1.255974, ""C02"": 1.269687, ""C03"": 1.2834, ""C04"": 1.297113, ""C05"": 2.773533, ""C06"": 2.784504, ""C07"": 2.795474, ""C08"": 2.806444, ""C09"": 2.817415, ""C10"": 2.828385, ""C11"": 2.839355, ""C12"": 2.850325, ""C13"": 2.861296, ""C14"": 2.872266, ""C15"": 2.883236, ""C16"": 2.894207, ""C17"": 6.79598, ""C18"": 6.827977, ""C19"": 6.859973, ""C20"": 6.89197}","{""C01"": 0, ""C02"": 0, ""C03"": 0, ""C04"": 0, ""C05"": 0, ""C06"": 0, ""C07"": 0, ""C08"": 0, ""C09"": 0, ""C10"": 0, ""C11"": 0, ""C12"": 0, ""C13"": 0, ""C14"": 0, ""C15"": 0, ""C16"": 0, ""C17"": 0, ""C18"": 272, ""C19"": 288, ""C20"": 556}","{""C01"": 0.025932767093056114, ""C02"": 0.025932767093056114, ""C03"": 0.025932767093056114, ""C04"": 0.025932767093056114, ""C05"": 0.025932767093056114, ""C06"": 0.025932767093056114, ""C07"": 0.025932767093056114, ""C08"": 0.025932767093056114, ""C09"": 0.025932767093056114, ""C10"": 0.025932767093056114, ""C11"": 0.025932767093056114, ""C12"": 0.025932767093056114, ""C13"": 0.025932767093056114, ""C14"": 0.025932767093056114, ""C15"": 0.025932767093056114, ""C16"": 0.025932767093056114, ""C17"": 0.025932767093056114, ""C18"": 0.02577524808132691, ""C19"": 0.02576599265214276, ""C20"": 0.02561080875633804}"
72,72,1,431,3.005083,20,"{""C01"": 1.257602, ""C02"": 1.271402, ""C03"": 1.285203, ""C04"": 1.299003, ""C05"": 2.784816, ""C06"": 2.795856, ""C07"": 2.806896, ""C08"": 2.817936, ""C09"": 2.828976, ""C10"": 2.840016, ""C11"": 2.851056, ""C12"": 2.862097, ""C13"": 2.873137, ""C14"": 2.884177, ""C15"": 2.895217, ""C16"": 2.906257, ""C17"": 6.832852, ""C18"": 6.865052, ""C19"": 6.897252, ""C20"": 6.929453}","{""C01"": 0, ""C02"": 0, ""C03"": 0, ""C04"": 0, ""C05"": 0, ""C06"": 0, ""C07"": 0, ""C08"": 0, ""C09"": 0, ""C10"": 0, ""C11"": 0, ""C12"": 0, ""C13"": 0, ""C14"": 0, ""C15"": 0, ""C16"": 0, ""C17"": 0, ""C18"": 270, ""C19"": 287, ""C20"": 557}","{""C01"": 0.025935138650490214, ""C02"": 0.025935138650490214, ""C03"": 0.025935138650490214, ""C04"": 0.025935138650490214, ""C05"": 0.025935138650490214, ""C06"": 0.025935138650490214, ""C07"": 0.025935138650490214, ""C08"": 0.025935138650490214, ""C09"": 0.025935138650490214, ""C10"": 0.025935138650490214, ""C11"": 0.025935138650490214, ""C12"": 0.025935138650490214, ""C13"": 0.025935138650490214, ""C14"": 0.025935138650490214, ""C15"": 0.025935138650490214, ""C16"": 0.025935138650490214, ""C17"": 0.025935138650490214, ""C18"": 0.025778778304974763, ""C19"": 0.025768943473595846, ""C20"": 0.025612601456246536}"
73,73,1,442,2.969879,20,"{""C01"": 1.259174, ""C02"": 1.273058, ""C03"": 1.286942, ""C04"": 1.300826, ""C05"": 2.795702, ""C06"": 2.80681, ""C07"": 2.817917, ""C08"": 2.829025, ""C09"": 2.840132, ""C10"": 2.85124, ""C11"": 2.862347, ""C12"": 2.873455, ""C13"": 2.884562, ""C14"": 2.895669, ""C15"": 2.906777, ""C16"": 2.917884, ""C17"": 6.86843, ""C18"": 6.900826, ""C19"": 6.933223, ""C20"": 6.96562}","{""C01"": 0, ""C02"": 0, ""C03"": 0, ""C04"": 0, ""C05"": 0, ""C06"": 0, ""C07"": 0, ""C08"": 0, ""C09"": 0, ""C10"": 0, ""C11"": 0, ""C12"": 0, ""C13"": 0, ""C14"": 0, ""C15"": 0, ""C16"": 0, ""C17"": 0, ""C18"": 270, ""C19"": 288, ""C20"": 554}","{""C01"": 0.025937346136435335, ""C02"": 0.025937346136435335, ""C03"": 0.025937346136435335, ""C04"": 0.025937346136435335, ""C05"": 0.025937346136435335, ""C06"": 0.025937346136435335, ""C07"": 0.025937346136435335, ""C08"": 0.025937346136435335, ""C09"": 0.025937346136435335, ""C10"": 0.025937346136435335, ""C11"": 0.025937346136435335, ""C12"": 0.025937346136435335, ""C13"": 0.025937346136435335, ""C14"": 0.025937346136435335, ""C15"": 0.025937346136435335, ""C16"": 0.025937346136435335, ""C17"": 0.025937346136435335, ""C18"": 0.0257809860162058, ""C19"": 0.02577057240776383, ""C20"": 0.025616547313841238}"
74,74,1,454,3.059069,20,"{""C01"": 1.260688, ""C02"": 1.274653, ""C03"": 1.288619, ""C04"": 1.302584, ""C05"": 2.806193, ""C06"": 2.817366, ""C07"": 2.828538, ""C08"": 2.83971, ""C09"": 2.850883, ""C10"": 2.862055, ""C11"": 2.873227, ""C12"": 2.8844, ""C13"": 2.895572, ""C14"": 2.906744, ""C15"": 2.917917, ""C16"": 2.929089, ""C17"": 6.902714, ""C18"": 6.9353, ""C19"": 6.967886, ""C20"": 7.000472}","{""C01"": 0, ""C02"": 0, ""C03"": 0, ""C04"": 0, ""C05"": 0, ""C06"": 0, ""C07"": 0, ""C08"": 0, ""C09"": 0, ""C10"": 0, ""C11"": 0, ""C12"": 0, ""C13"": 0, ""C14"": 0, ""C15"": 0, ""C16"": 0, ""C17"": 0, ""C18"": 269, ""C19"": 287, ""C20"": 554}","{""C01"": 0.02593941965419641, ""C02"": 0.02593941965419641, ""C03"": 0.02593941965419641, ""C04"": 0.02593941965419641, ""C05"": 0.02593941965419641, ""C06"": 0.02593941965419641, ""C07"": 0.02593941965419641, ""C08"": 0.02593941965419641, ""C09"": 0.02593941965419641, ""C10"": 0.02593941965419641, ""C11"": 0.02593941965419641, ""C12"": 0.02593941965419641, ""C13"": 0.02593941965419641, ""C14"": 0.02593941965419641, ""C15"": 0.02593941965419641, ""C16"": 0.02593941965419641, ""C17"": 0.02593941965419641, ""C18"": 0.025783638972314078, ""C19"": 0.025773225847108894, ""C20"": 0.025618622275472545}"
75,75,1,446,2.959375,20,"{""C01"": 1.262145, ""C02"": 1.276188, ""C03"": 1.290232, ""C04"": 1.304275, ""C05"": 2.816288, ""C06"": 2.827523, ""C07"": 2.838758, ""C08"": 2.849992, ""C09"": 2.861227, ""C10"": 2.872462, ""C11"": 2.883697, ""C12"": 2.894932, ""C13"": 2.906166, ""C14"": 2.917401, ""C15"": 2.928636, ""C16"": 2.939871, ""C17"": 6.935705, ""C18"": 6.968473, ""C19"": 7.001241, ""C20"": 7.034009}","{""C01"": 0, ""C02"": 0, ""C03"": 0, ""C04"": 0, ""C05"": 0, ""C06"": 0, ""C07"": 0, ""C08"": 0, ""C09"": 0, ""C10"": 0, ""C11"": 0, ""C12"": 0, ""C13"": 0, ""C14"": 0, ""C15"": 0, ""C16"": 0, ""C17"": 0, ""C18"": 270, ""C19"": 286, ""C20"": 552}","{""C01"": 0.02594133997802532, ""C02"": 0.02594133997802532, ""C03"": 0.02594133997802532, ""C04"": 0.02594133997802532, ""C05"": 0.02594133997802532, ""C06"": 0.02594133997802532, ""C07"": 0.02594133997802532, ""C08"": 0.02594133997802532, ""C09"": 0.02594133997802532, ""C10"": 0.02594133997802532, ""C11"": 0.02594133997802532, ""C12"": 0.02594133997802532, ""C13"": 0.02594133997802532, ""C14"": 0.02594133997802532, ""C15"": 0.02594133997802532, ""C16"": 0.02594133997802532, ""C17"": 0.02594133997802532, ""C18"": 0.025784980648780813, ""C19"": 0.02577572702051778, ""C20"": 0.025621702958399772}"
76,76,1,438,2.902019,20,"{""C01"": 1.263545, ""C02"": 1.277663, ""C03"": 1.291781, ""C04"": 1.3059, ""C05"": 2.825987, ""C06"": 2.837282, ""C07"": 2.848577, ""C08"": 2.859871, ""C09"": 2.871166, ""C10"": 2.882461, ""C11"": 2.893756, ""C12"": 2.905051, ""C13"": 2.916345, ""C14"": 2.92764, ""C15"": 2.938935, ""C16"": 2.95023, ""C17"": 6.967401, ""C18"": 7.000344, ""C19"": 7.033287, ""C20"": 7.06623}","{""C01"": 0, ""C02"": 0, ""C03"": 0, ""C04"": 0, ""C05"": 0, ""C06"": 0, ""C07"": 0, ""C08"": 0, ""C09"": 0, ""C10"": 0, ""C11"": 0, ""C12"": 0, ""C13"": 0, ""C14"": 0, ""C15"": 0, ""C16"": 0, ""C17"": 0, ""C18"": 268, ""C19"": 288, ""C20"": 551}","{""C01"": 0.025943715132648093, ""C02"": 0.025943715132648093, ""C03"": 0.025943715132648093, ""C04"": 0.025943715132648093, ""C05"": 0.025943715132648093, ""C06"": 0.025943715132648093, ""C07"": 0.025943715132648093, ""C08"": 0.025943715132648093, ""C09"": 0.025943715132648093, ""C10"": 0.025943715132648093, ""C11"": 0.025943715132648093, ""C12"": 0.025943715132648093, ""C13"": 0.025943715132648093, ""C14"": 0.025943715132648093, ""C15"": 0.025943715132648093, ""C16"": 0.025943715132648093, ""C17"": 0.025943715132648093, ""C18"": 0.025788513060500118, ""C19"": 0.02577694093805487, ""C20"": 0.02562465281828649}"
77,77,1,459,4.340150,20,"{""C01"": 1.264887, ""C02"": 1.279078, ""C03"": 1.293268, ""C04"": 1.307458, ""C05"": 2.83529, ""C06"": 2.846643, ""C07"": 2.857995, ""C08"": 2.869347, ""C09"": 2.8807, ""C10"": 2.892052, ""C11"": 2.903404, ""C12"": 2.914756, ""C13"": 2.926109, ""C14"": 2.937461, ""C15"": 2.948813, ""C16"": 2.960166, ""C17"": 6.997804, ""C18"": 7.030915, ""C19"": 7.064026, ""C20"": 7.097137}","{""C01"": 0, ""C02"": 0, ""C03"": 0, ""C04"": 0, ""C05"": 0, ""C06"": 0, ""C07"": 0, ""C08"": 0, ""C09"": 0, ""C10"": 0, ""C11"": 0, ""C12"": 0, ""C13"": 0, ""C14"": 0, ""C15"": 0, ""C16"": 0, ""C17"": 0, ""C18"": 269, ""C19"": 285, ""C20"": 551}","{""C01"": 0.02594536395326305, ""C02"": 0.02594536395326305, ""C03"": 0.02594536395326305, ""C04"": 0.02594536395326305, ""C05"": 0.02594536395326305, ""C06"": 0.02594536395326305, ""C07"": 0.02594536395326305, ""C08"": 0.02594536395326305, ""C09"": 0.02594536395326305, ""C10"": 0.02594536395326305, ""C11"": 0.02594536395326305, ""C12"": 0.02594536395326305, ""C13"": 0.02594536395326305, ""C14"": 0.02594536395326305, ""C15"": 0.02594536395326305, ""C16"": 0.02594536395326305, ""C17"": 0.02594536395326305, ""C18"": 0.025789583455288857, ""C19"": 0.025780329250276346, ""C20"": 0.02562630476002443}"
78,78,1,436,2.839274,20,"{""C01"": 1.266173, ""C02"": 1.280432, ""C03"": 1.294691, ""C04"": 1.308951, ""C05"": 2.844198, ""C06"": 2.855605, ""C07"": 2.867012, ""C08"": 2.87842, ""C09"": 2.889827, ""C10"": 2.901235, ""C11"": 2.912642, ""C12"": 2.924049, ""C13"": 2.935457, ""C14"": 2.946864, ""C15"": 2.958272, ""C16"": 2.969679, ""C17"": 7.026914, ""C18"": 7.060185, ""C19"": 7.093457, ""C20"": 7.126728}","{""C01"": 0, ""C02"": 0, ""C03"": 0, ""C04"": 0, ""C05"": 0, ""C06"": 0, ""C07"": 0, ""C08"": 0, ""C09"": 0, ""C10"": 0, ""C11"": 0, ""C12"": 0, ""C13"": 0, ""C14"": 0, ""C15"": 0, ""C16"": 0, ""C17"": 0, ""C18"": 269, ""C19"": 287, ""C20"": 548}","{""C01"": 0.0259474557573435, ""C02"": 0.0259474557573435, ""C03"": 0.0259474557573435, ""C04"": 0.0259474557573435, ""C05"": 0.0259474557573435, ""C06"": 0.0259474557573435, ""C07"": 0.0259474557573435, ""C08"": 0.0259474557573435, ""C09"": 0.0259474557573435, ""C10"": 0.0259474557573435, ""C11"": 0.0259474557573435, ""C12"": 0.0259474557573435, ""C13"": 0.0259474557573435, ""C14"": 0.0259474557573435, ""C15"": 0.0259474557573435, ""C16"": 0.0259474557573435, ""C17"": 0.0259474557573435, ""C18"": 0.025791674538154136, ""C19"": 0.025781260611886445, ""C20"": 0.025630130668008722}"
79,79,1,457,2.981296,20,"{""C01"": 1.267401, ""C02"": 1.281726, ""C03"": 1.296051, ""C04"": 1.310376, ""C05"": 2.852709, ""C06"": 2.864169, ""C07"": 2.875629, ""C08"": 2.887089, ""C09"": 2.898549, ""C10"": 2.910009, ""C11"": 2.921469, ""C12"": 2.932929, ""C13"": 2.944389, ""C14"": 2.955849, ""C15"": 2.967309, ""C16"": 2.97877, ""C17"": 7.054729, ""C18"": 7.088154, ""C19"": 7.121579, ""C20"": 7.155005}","{""C01"": 0, ""C02"": 0, ""C03"": 0, ""C04"": 0, ""C05"": 0, ""C06"": 0, ""C07"": 0, ""C08"": 0, ""C09"": 0, ""C10"": 0, ""C11"": 0, ""C12"": 0, ""C13"": 0, ""C14"": 0, ""C15"": 0, ""C16"": 0, ""C17"": 0, ""C18"": 267, ""C19"": 285, ""C20"": 550}","{""C01"": 0.02594885015558679, ""C02"": 0.02594885015558679, ""C03"": 0.02594885015558679, ""C04"": 0.02594885015558679, ""C05"": 0.02594885015558679, ""C06"": 0.02594885015558679, ""C07"": 0.02594885015558679, ""C08"": 0.02594885015558679, ""C09"": 0.02594885015558679, ""C10"": 0.02594885015558679, ""C11"": 0.02594885015558679, ""C12"": 0.02594885015558679, ""C13"": 0.02594885015558679, ""C14"": 0.02594885015558679, ""C15"": 0.02594885015558679, ""C16"": 0.02594885015558679, ""C17"": 0.02594885015558679, ""C18"": 0.025794228059473456, ""C19"": 0.025783815946307617, ""C20"": 0.025630370827033296}"
80,80,1,458,3.019424,20,"{""C01"": 1.268573, ""C02"": 1.28296, ""C03"": 1.297348, ""C04"": 1.311736, ""C05"": 2.860824, ""C06"": 2.872335, ""C07"": 2.883845, ""C08"": 2.895355, ""C09"": 2.906865, ""C10"": 2.918376, ""C11"": 2.929886, ""C12"": 2.941396, ""C13"": 2.952906, ""C14"": 2.964417, ""C15"": 2.975927, ""C16"": 2.987437, ""C17"": 7.081251, ""C18"": 7.114822, ""C19"": 7.148394, ""C20"": 7.181966}","{""C01"": 0, ""C02"": 0, ""C03"": 0, ""C04"": 0, ""C05"": 0, ""C06"": 0, ""C07"": 0, ""C08"": 0, ""C09"": 0, ""C10"": 0, ""C11"": 0, ""C12"": 0, ""C13"": 0, ""C14"": 0, ""C15"": 0, ""C16"": 0, ""C17"": 0, ""C18"": 268, ""C19"": 284, ""C20"": 549}","{""C01"": 0.02595068077030556, ""C02"": 0.02595068077030556, ""C03"": 0.02595068077030556, ""C04"": 0.02595068077030556, ""C05"": 0.02595068077030556, ""C06"": 0.02595068077030556, ""C07"": 0.02595068077030556, ""C08"": 0.02595068077030556, ""C09"": 0.02595068077030556, ""C10"": 0.02595068077030556, ""C11"": 0.02595068077030556, ""C12"": 0.02595068077030556, ""C13"": 0.02595068077030556, ""C14"": 0.02595068077030556, ""C15"": 0.02595068077030556, ""C16"": 0.02595068077030556, ""C17"": 0.02595068077030556, ""C18"": 0.025795479051130193, ""C19"": 0.025786223937839838, ""C20"": 0.02563277828440769}"
81,81,1,440,3.478492,20,"{""C01"": 1.269687, ""C02"": 1.284134, ""C03"": 1.298582, ""C04"": 1.313029, ""C05"": 2.868544, ""C06"": 2.880102, ""C07"": 2.89166, ""C08"": 2.903218, ""C09"": 2.914776, ""C10"": 2.926334, ""C11"": 2.937892, ""C12"": 2.94945, ""C13"": 2.961008, ""C14"": 2.972566, ""C15"": 2.984124, ""C16"": 2.995682, ""C17"": 7.106479, ""C18"": 7.14019, ""C19"": 7.173901, ""C20"": 7.207611}","{""C01"": 0, ""C02"": 0, ""C03"": 0, ""C04"": 0, ""C05"": 0, ""C06"": 0, ""C07"": 0, ""C08"": 0, ""C09"": 0, ""C10"": 0, ""C11"": 0, ""C12"": 0, ""C13"": 0, ""C14"": 0, ""C15"": 0, ""C16"": 0, ""C17"": 0, ""C18"": 266, ""C19"": 285, ""C20"": 549}","{""C01"": 0.025952393126379203, ""C02"": 0.025952393126379203, ""C03"": 0.025952393126379203, ""C04"": 0.025952393126379203, ""C05"": 0.025952393126379203, ""C06"": 0.025952393126379203, ""C07"": 0.025952393126379203, ""C08"": 0.025952393126379203, ""C09"": 0.025952393126379203, ""C10"": 0.025952393126379203, ""C11"": 0.025952393126379203, ""C12"": 0.025952393126379203, ""C13"": 0.025952393126379203, ""C14"": 0.025952393126379203, ""C15"": 0.025952393126379203, ""C16"": 0.025952393126379203, ""C17"": 0.025952393126379203, ""C18"": 0.025798348840820405, ""C19"": 0.025787356114665188, ""C20"": 0.025634488726971733}"
82,82,1,447,3.686514,20,"{""C01"": 1.270744, ""C02"": 1.285248, ""C03"": 1.299752, ""C04"": 1.314256, ""C05"": 2.875868, ""C06"": 2.887471, ""C07"": 2.899074, ""C08"": 2.910678, ""C09"": 2.922281, ""C10"": 2.933884, ""C11"": 2.945488, ""C12"": 2.957091, ""C13"": 2.968694, ""C14"": 2.980298, ""C15"": 2.991901, ""C16"": 3.003504, ""C17"": 7.130413, ""C18"": 7.164256, ""C19"": 7.198099, ""C20"": 7.231942}","{""C01"": 0, ""C02"": 0, ""C03"": 0, ""C04"": 0, ""C05"": 0, ""C06"": 0, ""C07"": 0, ""C08"": 0, ""C09"": 0, ""C10"": 0, ""C11"": 0, ""C12"": 0, ""C13"": 0, ""C14"": 0, ""C15"": 0, ""C16"": 0, ""C17"": 0, ""C18"": 266, ""C19"": 284, ""C20"": 548}","{""C01"": 0.02595338620957513, ""C02"": 0.02595338620957513, ""C03"": 0.02595338620957513, ""C04"": 0.02595338620957513, ""C05"": 0.02595338620957513, ""C06"": 0.02595338620957513, ""C07"": 0.02595338620957513, ""C08"": 0.02595338620957513, ""C09"": 0.02595338620957513, ""C10"": 0.02595338620957513, ""C11"": 0.02595338620957513, ""C12"": 0.02595338620957513, ""C13"": 0.02595338620957513, ""C14"": 0.02595338620957513, ""C15"": 0.02595338620957513, ""C16"": 0.02595338620957513, ""C17"": 0.02595338620957513, ""C18"": 0.02579934356097804, ""C19"": 0.02578893210274585, ""C20"": 0.0256360666004354}"
83,83,1,456,3.046064,20,"{""C01"": 1.271744, ""C02"": 1.286301, ""C03"": 1.300859, ""C04"": 1.315417, ""C05"": 2.882796, ""C06"": 2.894442, ""C07"": 2.906088, ""C08"": 2.917734, ""C09"": 2.92938, ""C10"": 2.941026, ""C11"": 2.952673, ""C12"": 2.964319, ""C13"": 2.975965, ""C14"": 2.987611, ""C15"": 2.999257, ""C16"": 3.010903, ""C17"": 7.153054, ""C18"": 7.187022, ""C19"": 7.22099, ""C20"": 7.254958}","{""C01"": 0, ""C02"": 0, ""C03"": 0, ""C04"": 0, ""C05"": 0, ""C06"": 0, ""C07"": 0, ""C08"": 0, ""C09"": 0, ""C10"": 0, ""C11"": 0, ""C12"": 0, ""C13"": 0, ""C14"": 0, ""C15"": 0, ""C16"": 0, ""C17"": 0, ""C18"": 266, ""C19"": 284, ""C20"": 547}","{""C01"": 0.02595483732658943, ""C02"": 0.02595483732658943, ""C03"": 0.02595483732658943, ""C04"": 0.02595483732658943, ""C05"": 0.02595483732658943, ""C06"": 0.02595483732658943, ""C07"": 0.02595483732658943, ""C08"": 0.02595483732658943, ""C09"": 0.02595483732658943, ""C10"": 0.02595483732658943, ""C11"": 0.02595483732658943, ""C12"": 0.02595483732658943, ""C13"": 0.02595483732658943, ""C14"": 0.02595483732658943, ""C15"": 0.02595483732658943, ""C16"": 0.02595483732658943, ""C17"": 0.02595483732658943, ""C18"": 0.02580079449214084, ""C19"": 0.02579038266078824, ""C20"": 0.025638095997547405}"
84,84,1,461,3.168188,20,"{""C01"": 1.272686, ""C02"": 1.287295, ""C03"": 1.301903, ""C04"": 1.316511, ""C05"": 2.889328, ""C06"": 2.901014, ""C07"": 2.912701, ""C08"": 2.924387, ""C09"": 2.936074, ""C10"": 2.94776, ""C11"": 2.959447, ""C12"": 2.971134, ""C13"": 2.98282, ""C14"": 2.994507, ""C15"": 3.006193, ""C16"": 3.01788, ""C17"": 7.174401, ""C18"": 7.208486, ""C19"": 7.242572, ""C20"": 7.276658}","{""C01"": 0, ""C02"": 0, ""C03"": 0, ""C04"": 0, ""C05"": 0, ""C06"": 0, ""C07"": 0, ""C08"": 0, ""C09"": 0, ""C10"": 0, ""C11"": 0, ""C12"": 0, ""C13"": 0, ""C14"": 0, ""C15"": 0, ""C16"": 0, ""C17"": 0, ""C18"": 266, ""C19"": 283, ""C20"": 547}","{""C01"": 0.02595616685405039, ""C02"": 0.02595616685405039, ""C03"": 0.02595616685405039, ""C04"": 0.02595616685405039, ""C05"": 0.02595616685405039, ""C06"": 0.02595616685405039, ""C07"": 0.02595616685405039, ""C08"": 0.02595616685405039, ""C09"": 0.02595616685405039, ""C10"": 0.02595616685405039, ""C11"": 0.02595616685405039, ""C12"": 0.02595616685405039, ""C13"": 0.02595616685405039, ""C14"": 0.02595616685405039, ""C15"": 0.02595616685405039, ""C16"": 0.02595616685405039, ""C17"": 0.02595616685405039, ""C18"": 0.025802123932815554, ""C19"": 0.02579229104483772, ""C20"": 0.02563942513355562}"
85,85,1,461,3.211267,20,"{""C01"": 1.273572, ""C02"": 1.288228, ""C03"": 1.302883, ""C04"": 1.317539, ""C05"": 2.895464, ""C06"": 2.907188, ""C07"": 2.918913, ""C08"": 2.930637, ""C09"": 2.942362, ""C10"": 2.954086, ""C11"": 2.965811, ""C12"": 2.977535, ""C13"": 2.98926, ""C14"": 3.000984, ""C15"": 3.012709, ""C16"": 3.024433, ""C17"": 7.194454, ""C18"": 7.22865, ""C19"": 7.262847, ""C20"": 7.297043}","{""C01"": 0, ""C02"": 0, ""C03"": 0, ""C04"": 0, ""C05"": 0, ""C06"": 0, ""C07"": 0, ""C08"": 0, ""C09"": 0, ""C10"": 0, ""C11"": 0, ""C12"": 0, ""C13"": 0, ""C14"": 0, ""C15"": 0, ""C16"": 0, ""C17"": 0, ""C18"": 266, ""C19"": 282, ""C20"": 547}","{""C01"": 0.025957373612085097, ""C02"": 0.025957373612085097, ""C03"": 0.025957373612085097, ""C04"": 0.025957373612085097, ""C05"": 0.025957373612085097, ""C06"": 0.025957373612085097, ""C07"": 0.025957373612085097, ""C08"": 0.025957373612085097, ""C09"": 0.025957373612085097, ""C10"": 0.025957373612085097, ""C11"": 0.025957373612085097, ""C12"": 0.025957373612085097, ""C13"": 0.025957373612085097, ""C14"": 0.025957373612085097, ""C15"": 0.025957373612085097, ""C16"": 0.025957373612085097, ""C17"": 0.025957373612085097, ""C18"": 0.025803330709480276, ""C19"": 0.02579407697589795, ""C20"": 0.025640631974669745}"
86,86,1,457,3.141278,20,"{""C01"": 1.274401, ""C02"": 1.289101, ""C03"": 1.303801, ""C04"": 1.318501, ""C05"": 2.901204, ""C06"": 2.912964, ""C07"": 2.924724, ""C08"": 2.936484, ""C09"": 2.948244, ""C10"": 2.960004, ""C11"": 2.971764, ""C12"": 2.983524, ""C13"": 2.995284, ""C14"": 3.007044, ""C15"": 3.018804, ""C16"": 3.030564, ""C17"": 7.213213, ""C18"": 7.247513, ""C19"": 7.281813, ""C20"": 7.316113}","{""C01"": 0, ""C02"": 0, ""C03"": 0, ""C04"": 0, ""C05"": 0, ""C06"": 0, ""C07"": 0, ""C08"": 0, ""C09"": 0, ""C10"": 0, ""C11"": 0, ""C12"": 0, ""C13"": 0, ""C14"": 0, ""C15"": 0, ""C16"": 0, ""C17"": 0, ""C18"": 265, ""C19"": 283, ""C20"": 546}","{""C01"": 0.025958458854742877, ""C02"": 0.025958458854742877, ""C03"": 0.025958458854742877, ""C04"": 0.025958458854742877, ""C05"": 0.025958458854742877, ""C06"": 0.025958458854742877, ""C07"": 0.025958458854742877, ""C08"": 0.025958458854742877, ""C09"": 0.025958458854742877, ""C10"": 0.025958458854742877, ""C11"": 0.025958458854742877, ""C12"": 0.025958458854742877, ""C13"": 0.025958458854742877, ""C14"": 0.025958458854742877, ""C15"": 0.025958458854742877, ""C16"": 0.025958458854742877, ""C17"": 0.025958458854742877, ""C18"": 0.025804995193545253, ""C19"": 0.0257945834687393, ""C20"": 0.025642296890172982}"
87,87,1,447,3.082320,20,"{""C01"": 1.275172, ""C02"": 1.289913, ""C03"": 1.304655, ""C04"": 1.319396, ""C05"": 2.906548, ""C06"": 2.918341, ""C07"": 2.930134, ""C08"": 2.941928, ""C09"": 2.953721, ""C10"": 2.965514, ""C11"": 2.977307, ""C12"": 2.9891, ""C13"": 3.000893, ""C14"": 3.012686, ""C15"": 3.024479, ""C16"": 3.036272, ""C17"": 7.230679, ""C18"": 7.265075, ""C19"": 7.299471, ""C20"": 7.333868}","{""C01"": 0, ""C02"": 0, ""C03"": 0, ""C04"": 0, ""C05"": 0, ""C06"": 0, ""C07"": 0, ""C08"": 0, ""C09"": 0, ""C10"": 0, ""C11"": 0, ""C12"": 0, ""C13"": 0, ""C14"": 0, ""C15"": 0, ""C16"": 0, ""C17"": 0, ""C18"": 266, ""C19"": 282, ""C20"": 545}","{""C01"": 0.025959418312462568, ""C02"": 0.025959418312462568, ""C03"": 0.025959418312462568, ""C04"": 0.025959418312462568, ""C05"": 0.025959418312462568, ""C06"": 0.025959418312462568, ""C07"": 0.025959418312462568, ""C08"": 0.025959418312462568, ""C09"": 0.025959418312462568, ""C10"": 0.025959418312462568, ""C11"": 0.025959418312462568, ""C12"": 0.025959418312462568, ""C13"": 0.025959418312462568, ""C14"": 0.025959418312462568, ""C15"": 0.025959418312462568, ""C16"": 0.025959418312462568, ""C17"": 0.025959418312462568, ""C18"": 0.025805375774829133, ""C19"": 0.02579612276874566, ""C20"": 0.025643836555043147}"
88,88,1,448,4.284285,20,"{""C01"": 1.275886, ""C02"": 1.290666, ""C03"": 1.305445, ""C04"": 1.320225, ""C05"": 2.911497, ""C06"": 2.92332, ""C07"": 2.935144, ""C08"": 2.946968, ""C09"": 2.958792, ""C10"": 2.970615, ""C11"": 2.982439, ""C12"": 2.994263, ""C13"": 3.006086, ""C14"": 3.01791, ""C15"": 3.029734, ""C16"": 3.041557, ""C17"": 7.24685, ""C18"": 7.281336, ""C19"": 7.315822, ""C20"": 7.350308}","{""C01"": 0, ""C02"": 0, ""C03"": 0, ""C04"": 0, ""C05"": 0, ""C06"": 0, ""C07"": 0, ""C08"": 0, ""C09"": 0, ""C10"": 0, ""C11"": 0, ""C12"": 0, ""C13"": 0, ""C14"": 0, ""C15"": 0, ""C16"": 0, ""C17"": 0, ""C18"": 267, ""C19"": 283, ""C20"": 543}","{""C01"": 0.025960839740662794, ""C02"": 0.025960839740662794, ""C03"": 0.025960839740662794, ""C04"": 0.025960839740662794, ""C05"": 0.025960839740662794, ""C06"": 0.025960839740662794, ""C07"": 0.025960839740662794, ""C08"": 0.025960839740662794, ""C09"": 0.025960839740662794, ""C10"": 0.025960839740662794, ""C11"": 0.025960839740662794, ""C12"": 0.025960839740662794, ""C13"": 0.025960839740662794, ""C14"": 0.025960839740662794, ""C15"": 0.025960839740662794, ""C16"": 0.025960839740662794, ""C17"": 0.025960839740662794, ""C18"": 0.02580621687500416, ""C19"": 0.025796961370405606, ""C20"": 0.025646410766628176}"
89,89,1,468,3.171374,20,"{""C01"": 1.276543, ""C02"": 1.291358, ""C03"": 1.306173, ""C04"": 1.320988, ""C05"": 2.916049, ""C06"": 2.927901, ""C07"": 2.939753, ""C08"": 2.951605, ""C09"": 2.963457, ""C10"": 2.975309, ""C11"": 2.98716, ""C12"": 2.999012, ""C13"": 3.010864, ""C14"": 3.022716, ""C15"": 3.034568, ""C16"": 3.04642, ""C17"": 7.261728, ""C18"": 7.296296, ""C19"": 7.330864, ""C20"": 7.365432}","{""C01"": 0, ""C02"": 0, ""C03"": 0, ""C04"": 0, ""C05"": 0, ""C06"": 0, ""C07"": 0, ""C08"": 0, ""C09"": 0, ""C10"": 0, ""C11"": 0, ""C12"": 0, ""C13"": 0, ""C14"": 0, ""C15"": 0, ""C16"": 0, ""C17"": 0, ""C18"": 266, ""C19"": 282, ""C20"": 544}","{""C01"": 0.025961573030691826, ""C02"": 0.025961573030691826, ""C03"": 0.025961573030691826, ""C04"": 0.025961573030691826, ""C05"": 0.025961573030691826, ""C06"": 0.025961573030691826, ""C07"": 0.025961573030691826, ""C08"": 0.025961573030691826, ""C09"": 0.025961573030691826, ""C10"": 0.025961573030691826, ""C11"": 0.025961573030691826, ""C12"": 0.025961573030691826, ""C13"": 0.025961573030691826, ""C14"": 0.025961573030691826, ""C15"": 0.025961573030691826, ""C16"": 0.025961573030691826, ""C17"": 0.025961573030691826, ""C18"": 0.025807529699345837, ""C19"": 0.025798274820816026, ""C20"": 0.025646566813120962}"
90,90,1,461,3.162499,20,"{""C01"": 1.277143, ""C02"": 1.29199, ""C03"": 1.306837, ""C04"": 1.321684, ""C05"": 2.920206, ""C06"": 2.932084, ""C07"": 2.943961, ""C08"": 2.955839, ""C09"": 2.967716, ""C10"": 2.979594, ""C11"": 2.991471, ""C12"": 3.003349, ""C13"": 3.015227, ""C14"": 3.027104, ""C15"": 3.038982, ""C16"": 3.050859, ""C17"": 7.275313, ""C18"": 7.309956, ""C19"": 7.344599, ""C20"": 7.379241}","{""C01"": 0, ""C02"": 0, ""C03"": 0, ""C04"": 0, ""C05"": 0, ""C06"": 0, ""C07"": 0, ""C08"": 0, ""C09"": 0, ""C10"": 0, ""C11"": 0, ""C12"": 0, ""C13"": 0, ""C14"": 0, ""C15"": 0, ""C16"": 0, ""C17"": 0, ""C18"": 266, ""C19"": 282, ""C20"": 543}","{""C01"": 0.025962180893574063, ""C02"": 0.025962180893574063, ""C03"": 0.025962180893574063, ""C04"": 0.025962180893574063, ""C05"": 0.025962180893574063, ""C06"": 0.025962180893574063, ""C07"": 0.025962180893574063, ""C08"": 0.025962180893574063, ""C09"": 0.025962180893574063, ""C10"": 0.025962180893574063, ""C11"": 0.025962180893574063, ""C12"": 0.025962180893574063, ""C13"": 0.025962180893574063, ""C14"": 0.025962180893574063, ""C15"": 0.025962180893574063, ""C16"": 0.025962180893574063, ""C17"": 0.025962180893574063, ""C18"": 0.025808138102426253, ""C19"": 0.025798884586571886, ""C20"": 0.025647756227455302}"
91,91,1,450,3.246239,20,"{""C01"": 1.277686, ""C02"": 1.292562, ""C03"": 1.307438, ""C04"": 1.322314, ""C05"": 2.923967, ""C06"": 2.935868, ""C07"": 2.947769, ""C08"": 2.959669, ""C09"": 2.97157, ""C10"": 2.983471, ""C11"": 2.995372, ""C12"": 3.007273, ""C13"": 3.019174, ""C14"": 3.031074, ""C15"": 3.042975, ""C16"": 3.054876, ""C17"": 7.287603, ""C18"": 7.322314, ""C19"": 7.357025, ""C20"": 7.391736}","{""C01"": 0, ""C02"": 0, ""C03"": 0, ""C04"": 0, ""C05"": 0, ""C06"": 0, ""C07"": 0, ""C08"": 0, ""C09"": 0, ""C10"": 0, ""C11"": 0, ""C12"": 0, ""C13"": 0, ""C14"": 0, ""C15"": 0, ""C16"": 0, ""C17"": 0, ""C18"": 266, ""C19"": 282, ""C20"": 543}","{""C01"": 0.025963258997980562, ""C02"": 0.025963258997980562, ""C03"": 0.025963258997980562, ""C04"": 0.025963258997980562, ""C05"": 0.025963258997980562, ""C06"": 0.025963258997980562, ""C07"": 0.025963258997980562, ""C08"": 0.025963258997980562, ""C09"": 0.025963258997980562, ""C10"": 0.025963258997980562, ""C11"": 0.025963258997980562, ""C12"": 0.025963258997980562, ""C13"": 0.025963258997980562, ""C14"": 0.025963258997980562, ""C15"": 0.025963258997980562, ""C16"": 0.025963258997980562, ""C17"": 0.025963258997980562, ""C18"": 0.02580921527600821, ""C19"": 0.025799959811154034, ""C20"": 0.025648830137095475}"
92,92,1,469,4.385429,20,"{""C01"": 1.278172, ""C02"": 1.293074, ""C03"": 1.307976, ""C04"": 1.322878, ""C05"": 2.927332, ""C06"": 2.939254, ""C07"": 2.951175, ""C08"": 2.963097, ""C09"": 2.975018, ""C10"": 2.98694, ""C11"": 2.998862, ""C12"": 3.010783, ""C13"": 3.022705, ""C14"": 3.034627, ""C15"": 3.046548, ""C16"": 3.05847, ""C17"": 7.2986, ""C18"": 7.333372, ""C19"": 7.368143, ""C20"": 7.402914}","{""C01"": 0, ""C02"": 0, ""C03"": 0, ""C04"": 0, ""C05"": 0, ""C06"": 0, ""C07"": 0, ""C08"": 0, ""C09"": 0, ""C10"": 0, ""C11"": 0, ""C12"": 0, ""C13"": 0, ""C14"": 0, ""C15"": 0, ""C16"": 0, ""C17"": 0, ""C18"": 267, ""C19"": 281, ""C20"": 542}","{""C01"": 0.025963632295005812, ""C02"": 0.025963632295005812, ""C03"": 0.025963632295005812, ""C04"": 0.025963632295005812, ""C05"": 0.025963632295005812, ""C06"": 0.025963632295005812, ""C07"": 0.025963632295005812, ""C08"": 0.025963632295005812, ""C09"": 0.025963632295005812, ""C10"": 0.025963632295005812, ""C11"": 0.025963632295005812, ""C12"": 0.025963632295005812, ""C13"": 0.025963632295005812, ""C14"": 0.025963632295005812, ""C15"": 0.025963632295005812, ""C16"": 0.025963632295005812, ""C17"": 0.025963632295005812, ""C18"": 0.025809010202926377, ""C19"": 0.025800914556000965, ""C20"": 0.02564978592218828}"
93,93,1,454,2.940236,20,"{""C01"": 1.2786, ""C02"": 1.293525, ""C03"": 1.30845, ""C04"": 1.323375, ""C05"": 2.930301, ""C06"": 2.942241, ""C07"": 2.954181, ""C08"": 2.966121, ""C09"": 2.978061, ""C10"": 2.990001, ""C11"": 3.001941, ""C12"": 3.013881, ""C13"": 3.025821, ""C14"": 3.037761, ""C15"": 3.049701, ""C16"": 3.061641, ""C17"": 7.308303, ""C18"": 7.343128, ""C19"": 7.377953, ""C20"": 7.412778}","{""C01"": 0, ""C02"": 0, ""C03"": 0, ""C04"": 0, ""C05"": 0, ""C06"": 0, ""C07"": 0, ""C08"": 0, ""C09"": 0, ""C10"": 0, ""C11"": 0, ""C12"": 0, ""C13"": 0, ""C14"": 0, ""C15"": 0, ""C16"": 0, ""C17"": 0, ""C18"": 266, ""C19"": 282, ""C20"": 542}","{""C01"": 0.025964482746958215, ""C02"": 0.025964482746958215, ""C03"": 0.025964482746958215, ""C04"": 0.025964482746958215, ""C05"": 0.025964482746958215, ""C06"": 0.025964482746958215, ""C07"": 0.025964482746958215, ""C08"": 0.025964482746958215, ""C09"": 0.025964482746958215, ""C10"": 0.025964482746958215, ""C11"": 0.025964482746958215, ""C12"": 0.025964482746958215, ""C13"": 0.025964482746958215, ""C14"": 0.025964482746958215, ""C15"": 0.025964482746958215, ""C16"": 0.025964482746958215, ""C17"": 0.025964482746958215, ""C18"": 0.025810439033065524, ""C19"": 0.025801183580918974, ""C20"": 0.025650633039222964}"
94,94,1,459,2.972537,20,"{""C01"": 1.278972, ""C02"": 1.293916, ""C03"": 1.308861, ""C04"": 1.323806, ""C05"": 2.932874, ""C06"": 2.94483, ""C07"": 2.956786, ""C08"": 2.968742, ""C09"": 2.980698, ""C10"": 2.992654, ""C11"": 3.00461, ""C12"": 3.016566, ""C13"": 3.028522, ""C14"": 3.040478, ""C15"": 3.052433, ""C16"": 3.064389, ""C17"": 7.316713, ""C18"": 7.351584, ""C19"": 7.386455, ""C20"": 7.421327}","{""C01"": 0, ""C02"": 0, ""C03"": 0, ""C04"": 0, ""C05"": 0, ""C06"": 0, ""C07"": 0, ""C08"": 0, ""C09"": 0, ""C10"": 0, ""C11"": 0, ""C12"": 0, ""C13"": 0, ""C14"": 0, ""C15"": 0, ""C16"": 0, ""C17"": 0, ""C18"": 266, ""C19"": 282, ""C20"": 541}","{""C01"": 0.025964629754974683, ""C02"": 0.025964629754974683, ""C03"": 0.025964629754974683, ""C04"": 0.025964629754974683, ""C05"": 0.025964629754974683, ""C06"": 0.025964629754974683, ""C07"": 0.025964629754974683, ""C08"": 0.025964629754974683, ""C09"": 0.025964629754974683, ""C10"": 0.025964629754974683, ""C11"": 0.025964629754974683, ""C12"": 0.025964629754974683, ""C13"": 0.025964629754974683, ""C14"": 0.025964629754974683, ""C15"": 0.025964629754974683, ""C16"": 0.025964629754974683, ""C17"": 0.025964629754974683, ""C18"": 0.025810586980419433, ""C19"": 0.025801333494751545, ""C20"": 0.02565136339850725}"
95,95,1,468,3.754822,20,"{""C01"": 1.279286, ""C02"": 1.294248, ""C03"": 1.309209, ""C04"": 1.324171, ""C05"": 2.935052, ""C06"": 2.947021, ""C07"": 2.95899, ""C08"": 2.97096, ""C09"": 2.982929, ""C10"": 2.994898, ""C11"": 3.006868, ""C12"": 3.018837, ""C13"": 3.030807, ""C14"": 3.042776, ""C15"": 3.054745, ""C16"": 3.066715, ""C17"": 7.323828, ""C18"": 7.358739, ""C19"": 7.39365, ""C20"": 7.42856}","{""C01"": 0, ""C02"": 0, ""C03"": 0, ""C04"": 0, ""C05"": 0, ""C06"": 0, ""C07"": 0, ""C08"": 0, ""C09"": 0, ""C10"": 0, ""C11"": 0, ""C12"": 0, ""C13"": 0, ""C14"": 0, ""C15"": 0, ""C16"": 0, ""C17"": 0, ""C18"": 266, ""C19"": 282, ""C20"": 541}","{""C01"": 0.02596524957130382, ""C02"": 0.02596524957130382, ""C03"": 0.02596524957130382, ""C04"": 0.02596524957130382, ""C05"": 0.02596524957130382, ""C06"": 0.02596524957130382, ""C07"": 0.02596524957130382, ""C08"": 0.02596524957130382, ""C09"": 0.02596524957130382, ""C10"": 0.02596524957130382, ""C11"": 0.02596524957130382, ""C12"": 0.02596524957130382, ""C13"": 0.02596524957130382, ""C14"": 0.02596524957130382, ""C15"": 0.02596524957130382, ""C16"": 0.02596524957130382, ""C17"": 0.02596524957130382, ""C18"": 0.025811206260654525, ""C19"": 0.025801951415328404, ""C20"": 0.025651980797959772}"
96,96,1,451,4.177226,20,"{""C01"": 1.279543, ""C02"": 1.294518, ""C03"": 1.309494, ""C04"": 1.324469, ""C05"": 2.936833, ""C06"": 2.948813, ""C07"": 2.960794, ""C08"": 2.972774, ""C09"": 2.984755, ""C10"": 2.996735, ""C11"": 3.008715, ""C12"": 3.020696, ""C13"": 3.032676, ""C14"": 3.044657, ""C15"": 3.056637, ""C16"": 3.068617, ""C17"": 7.32965, ""C18"": 7.364593, ""C19"": 7.399536, ""C20"": 7.434479}","{""C01"": 0, ""C02"": 0, ""C03"": 0, ""C04"": 0, ""C05"": 0, ""C06"": 0, ""C07"": 0, ""C08"": 0, ""C09"": 0, ""C10"": 0, ""C11"": 0, ""C12"": 0, ""C13"": 0, ""C14"": 0, ""C15"": 0, ""C16"": 0, ""C17"": 0, ""C18"": 267, ""C19"": 281, ""C20"": 541}","{""C01"": 0.02596575330400562, ""C02"": 0.02596575330400562, ""C03"": 0.02596575330400562, ""C04"": 0.02596575330400562, ""C05"": 0.02596575330400562, ""C06"": 0.02596575330400562, ""C07"": 0.02596575330400562, ""C08"": 0.02596575330400562, ""C09"": 0.02596575330400562, ""C10"": 0.02596575330400562, ""C11"": 0.02596575330400562, ""C12"": 0.02596575330400562, ""C13"": 0.02596575330400562, ""C14"": 0.02596575330400562, ""C15"": 0.02596575330400562, ""C16"": 0.02596575330400562, ""C17"": 0.02596575330400562, ""C18"": 0.02581113044442812, ""C19"": 0.025803033188008695, ""C20"": 0.025652482589519035}"
97,97,1,451,3.802107,20,"{""C01"": 1.279743, ""C02"": 1.294729, ""C03"": 1.309715, ""C04"": 1.324702, ""C05"": 2.938219, ""C06"": 2.950208, ""C07"": 2.962197, ""C08"": 2.974185, ""C09"": 2.986174, ""C10"": 2.998163, ""C11"": 3.010152, ""C12"": 3.022141, ""C13"": 3.03413, ""C14"": 3.046119, ""C15"": 3.058108, ""C16"": 3.070097, ""C17"": 7.334178, ""C18"": 7.369146, ""C19"": 7.404114, ""C20"": 7.439082}","{""C01"": 0, ""C02"": 0, ""C03"": 0, ""C04"": 0, ""C05"": 0, ""C06"": 0, ""C07"": 0, ""C08"": 0, ""C09"": 0, ""C10"": 0, ""C11"": 0, ""C12"": 0, ""C13"": 0, ""C14"": 0, ""C15"": 0, ""C16"": 0, ""C17"": 0, ""C18"": 267, ""C19"": 280, ""C20"": 541}","{""C01"": 0.025965563074555012, ""C02"": 0.025965563074555012, ""C03"": 0.025965563074555012, ""C04"": 0.025965563074555012, ""C05"": 0.025965563074555012, ""C06"": 0.025965563074555012, ""C07"": 0.025965563074555012, ""C08"": 0.025965563074555012, ""C09"": 0.025965563074555012, ""C10"": 0.025965563074555012, ""C11"": 0.025965563074555012, ""C12"": 0.025965563074555012, ""C13"": 0.025965563074555012, ""C14"": 0.025965563074555012, ""C15"": 0.025965563074555012, ""C16"": 0.025965563074555012, ""C17"": 0.025965563074555012, ""C18"": 0.025810941442100332, ""C19"": 0.025803425830775495, ""C20"": 0.02565229789023342}"
98,98,1,463,2.985735,20,"{""C01"": 1.279886, ""C02"": 1.29488, ""C03"": 1.309873, ""C04"": 1.324867, ""C05"": 2.939208, ""C06"": 2.951203, ""C07"": 2.963198, ""C08"": 2.975194, ""C09"": 2.987189, ""C10"": 2.999184, ""C11"": 3.011179, ""C12"": 3.023174, ""C13"": 3.035169, ""C14"": 3.047164, ""C15"": 3.059159, ""C16"": 3.071154, ""C17"": 7.337413, ""C18"": 7.372398, ""C19"": 7.407384, ""C20"": 7.44237}","{""C01"": 0, ""C02"": 0, ""C03"": 0, ""C04"": 0, ""C05"": 0, ""C06"": 0, ""C07"": 0, ""C08"": 0, ""C09"": 0, ""C10"": 0, ""C11"": 0, ""C12"": 0, ""C13"": 0, ""C14"": 0, ""C15"": 0, ""C16"": 0, ""C17"": 0, ""C18"": 265, ""C19"": 282, ""C20"": 541}","{""C01"": 0.025965849564454482, ""C02"": 0.025965849564454482, ""C03"": 0.025965849564454482, ""C04"": 0.025965849564454482, ""C05"": 0.025965849564454482, ""C06"": 0.025965849564454482, ""C07"": 0.025965849564454482, ""C08"": 0.025965849564454482, ""C09"": 0.025965849564454482, ""C10"": 0.025965849564454482, ""C11"": 0.025965849564454482, ""C12"": 0.025965849564454482, ""C13"": 0.025965849564454482, ""C14"": 0.025965849564454482, ""C15"": 0.025965849564454482, ""C16"": 0.025965849564454482, ""C17"": 0.025965849564454482, ""C18"": 0.025812385910249515, ""C19"": 0.025802553309677113, ""C20"": 0.025652583216909913}"
99,99,1,469,3.091190,20,"{""C01"": 1.279971, ""C02"": 1.29497, ""C03"": 1.309968, ""C04"": 1.324967, ""C05"": 2.939802, ""C06"": 2.951801, ""C07"": 2.9638, ""C08"": 2.975798, ""C09"": 2.987797, ""C10"": 2.999796, ""C11"": 3.011795, ""C12"": 3.023793, ""C13"": 3.035792, ""C14"": 3.047791, ""C15"": 3.05979, ""C16"": 3.071789, ""C17"": 7.339353, ""C18"": 7.37435, ""C19"": 7.409346, ""C20"": 7.444342}","{""C01"": 0, ""C02"": 0, ""C03"": 0, ""C04"": 0, ""C05"": 0, ""C06"": 0, ""C07"": 0, ""C08"": 0, ""C09"": 0, ""C10"": 0, ""C11"": 0, ""C12"": 0, ""C13"": 0, ""C14"": 0, ""C15"": 0, ""C16"": 0, ""C17"": 0, ""C18"": 266, ""C19"": 282, ""C20"": 540}","{""C01"": 0.025966012526920795, ""C02"": 0.025966012526920795, ""C03"": 0.025966012526920795, ""C04"": 0.025966012526920795, ""C05"": 0.025966012526920795, ""C06"": 0.025966012526920795, ""C07"": 0.025966012526920795, ""C08"": 0.025966012526920795, ""C09"": 0.025966012526920795, ""C10"": 0.025966012526920795, ""C11"": 0.025966012526920795, ""C12"": 0.025966012526920795, ""C13"": 0.025966012526920795, ""C14"": 0.025966012526920795, ""C15"": 0.025966012526920795, ""C16"": 0.025966012526920795, ""C17"": 0.025966012526920795, ""C18"": 0.025811969623633312, ""C19"": 0.025802715878874966, ""C20"": 0.02565332470647302}"
100,100,1,471,3.095691,20,"{""C01"": 1.28, ""C02"": 1.295, ""C03"": 1.31, ""C04"": 1.325, ""C05"": 2.94, ""C06"": 2.952, ""C07"": 2.964, ""C08"": 2.976, ""C09"": 2.988, ""C10"": 3.0, ""C11"": 3.012, ""C12"": 3.024, ""C13"": 3.036, ""C14"": 3.048, ""C15"": 3.06, ""C16"": 3.072, ""C17"": 7.34, ""C18"": 7.375, ""C19"": 7.41, ""C20"": 7.445}","{""C01"": 0, ""C02"": 0, ""C03"": 0, ""C04"": 0, ""C05"": 0, ""C06"": 0, ""C07"": 0, ""C08"": 0, ""C09"": 0, ""C10"": 0, ""C11"": 0, ""C12"": 0, ""C13"": 0, ""C14"": 0, ""C15"": 0, ""C16"": 0, ""C17"": 0, ""C18"": 266, ""C19"": 282, ""C20"": 540}","{""C01"": 0.0259660686863758, ""C02"": 0.0259660686863758, ""C03"": 0.0259660686863758, ""C04"": 0.0259660686863758, ""C05"": 0.0259660686863758, ""C06"": 0.0259660686863758, ""C07"": 0.0259660686863758, ""C08"": 0.0259660686863758, ""C09"": 0.0259660686863758, ""C10"": 0.0259660686863758, ""C11"": 0.0259660686863758, ""C12"": 0.0259660686863758, ""C13"": 0.0259660686863758, ""C14"": 0.0259660686863758, ""C15"": 0.0259660686863758, ""C16"": 0.0259660686863758, ""C17"": 0.0259660686863758, ""C18"": 0.025812025734382318, ""C19"": 0.025802771892338126, ""C20"": 0.02565338064698541}"
