nohup: ignoring input
[RUN] /home/chenruiqi/anaconda2/envs/spdl/bin/python simulate_non_coop_game.py --scenario-profile legacy --mock-base-dir quality_data/non_coop_quality_scenarios/1 --participant-counts 5 --total-datasize 500000 --log-dir game_log/non_coop_batch/runs/scenario_1/participants_5
[scenario=5_clients] [game_id=1] iter=1, players=5, total_datasize=500000, converged=True, rounds=52, duration=0.080679s
[scenario=5_clients] [game_id=2] iter=2, players=5, total_datasize=500000, converged=True, rounds=917, duration=1.460866s
[scenario=5_clients] [game_id=3] iter=3, players=5, total_datasize=500000, converged=True, rounds=1109, duration=1.791524s
[scenario=5_clients] [game_id=4] iter=4, players=5, total_datasize=500000, converged=True, rounds=571, duration=0.654116s
[scenario=5_clients] [game_id=5] iter=5, players=5, total_datasize=500000, converged=True, rounds=408, duration=0.419131s
[scenario=5_clients] [game_id=6] iter=6, players=5, total_datasize=500000, converged=True, rounds=321, duration=0.300348s
[scenario=5_clients] [game_id=7] iter=7, players=5, total_datasize=500000, converged=True, rounds=265, duration=0.248319s
[scenario=5_clients] [game_id=8] iter=8, players=5, total_datasize=500000, converged=True, rounds=229, duration=0.226024s
[scenario=5_clients] [game_id=9] iter=9, players=5, total_datasize=500000, converged=True, rounds=204, duration=0.193392s
[scenario=5_clients] [game_id=10] iter=10, players=5, total_datasize=500000, converged=True, rounds=187, duration=0.178251s
[scenario=5_clients] [game_id=11] iter=11, players=5, total_datasize=500000, converged=True, rounds=174, duration=0.173588s
[scenario=5_clients] [game_id=12] iter=12, players=5, total_datasize=500000, converged=True, rounds=164, duration=0.151954s
[scenario=5_clients] [game_id=13] iter=13, players=5, total_datasize=500000, converged=True, rounds=156, duration=0.151902s
[scenario=5_clients] [game_id=14] iter=14, players=5, total_datasize=500000, converged=True, rounds=150, duration=0.138421s
[scenario=5_clients] [game_id=15] iter=15, players=5, total_datasize=500000, converged=True, rounds=145, duration=0.139223s
[scenario=5_clients] [game_id=16] iter=16, players=5, total_datasize=500000, converged=True, rounds=140, duration=0.150627s
[scenario=5_clients] [game_id=17] iter=17, players=5, total_datasize=500000, converged=True, rounds=136, duration=0.129482s
[scenario=5_clients] [game_id=18] iter=18, players=5, total_datasize=500000, converged=True, rounds=133, duration=0.121860s
[scenario=5_clients] [game_id=19] iter=19, players=5, total_datasize=500000, converged=True, rounds=130, duration=0.133493s
[scenario=5_clients] [game_id=20] iter=20, players=5, total_datasize=500000, converged=True, rounds=128, duration=0.117577s
[scenario=5_clients] [game_id=21] iter=21, players=5, total_datasize=500000, converged=True, rounds=126, duration=0.127058s
[scenario=5_clients] [game_id=22] iter=22, players=5, total_datasize=500000, converged=True, rounds=124, duration=0.116085s
[scenario=5_clients] [game_id=23] iter=23, players=5, total_datasize=500000, converged=True, rounds=122, duration=0.144106s
[scenario=5_clients] [game_id=24] iter=24, players=5, total_datasize=500000, converged=True, rounds=121, duration=0.127504s
[scenario=5_clients] [game_id=25] iter=25, players=5, total_datasize=500000, converged=True, rounds=120, duration=0.107688s
[scenario=5_clients] [game_id=26] iter=26, players=5, total_datasize=500000, converged=True, rounds=119, duration=0.107942s
[scenario=5_clients] [game_id=27] iter=27, players=5, total_datasize=500000, converged=True, rounds=117, duration=0.111756s
[scenario=5_clients] [game_id=28] iter=28, players=5, total_datasize=500000, converged=True, rounds=117, duration=0.104232s
[scenario=5_clients] [game_id=29] iter=29, players=5, total_datasize=500000, converged=True, rounds=116, duration=0.107035s
[scenario=5_clients] [game_id=30] iter=30, players=5, total_datasize=500000, converged=True, rounds=115, duration=0.111050s
[scenario=5_clients] [game_id=31] iter=31, players=5, total_datasize=500000, converged=True, rounds=114, duration=0.109355s
[scenario=5_clients] [game_id=32] iter=32, players=5, total_datasize=500000, converged=True, rounds=114, duration=0.102045s
[scenario=5_clients] [game_id=33] iter=33, players=5, total_datasize=500000, converged=True, rounds=113, duration=0.104194s
[scenario=5_clients] [game_id=34] iter=34, players=5, total_datasize=500000, converged=True, rounds=112, duration=0.121901s
[scenario=5_clients] [game_id=35] iter=35, players=5, total_datasize=500000, converged=True, rounds=112, duration=0.106098s
[scenario=5_clients] [game_id=36] iter=36, players=5, total_datasize=500000, converged=True, rounds=112, duration=0.100474s
[scenario=5_clients] [game_id=37] iter=37, players=5, total_datasize=500000, converged=True, rounds=111, duration=0.098842s
[scenario=5_clients] [game_id=38] iter=38, players=5, total_datasize=500000, converged=True, rounds=111, duration=0.122154s
[scenario=5_clients] [game_id=39] iter=39, players=5, total_datasize=500000, converged=True, rounds=110, duration=0.101211s
[scenario=5_clients] [game_id=40] iter=40, players=5, total_datasize=500000, converged=True, rounds=110, duration=0.097878s
[scenario=5_clients] [game_id=41] iter=41, players=5, total_datasize=500000, converged=True, rounds=110, duration=0.098634s
[scenario=5_clients] [game_id=42] iter=42, players=5, total_datasize=500000, converged=True, rounds=110, duration=0.112836s
[scenario=5_clients] [game_id=43] iter=43, players=5, total_datasize=500000, converged=True, rounds=110, duration=0.107145s
[scenario=5_clients] [game_id=44] iter=44, players=5, total_datasize=500000, converged=True, rounds=110, duration=0.099411s
[scenario=5_clients] [game_id=45] iter=45, players=5, total_datasize=500000, converged=True, rounds=109, duration=0.100403s
[scenario=5_clients] [game_id=46] iter=46, players=5, total_datasize=500000, converged=True, rounds=109, duration=0.097384s
[scenario=5_clients] [game_id=47] iter=47, players=5, total_datasize=500000, converged=True, rounds=109, duration=0.122683s
[scenario=5_clients] [game_id=48] iter=48, players=5, total_datasize=500000, converged=True, rounds=109, duration=0.099861s
[scenario=5_clients] [game_id=49] iter=49, players=5, total_datasize=500000, converged=True, rounds=109, duration=0.100265s
[scenario=5_clients] [game_id=50] iter=50, players=5, total_datasize=500000, converged=True, rounds=109, duration=0.101266s
[scenario=5_clients] [game_id=51] iter=51, players=5, total_datasize=500000, converged=True, rounds=109, duration=0.103902s
[scenario=5_clients] [game_id=52] iter=52, players=5, total_datasize=500000, converged=True, rounds=109, duration=0.108415s
[scenario=5_clients] [game_id=53] iter=53, players=5, total_datasize=500000, converged=True, rounds=109, duration=0.110268s
[scenario=5_clients] [game_id=54] iter=54, players=5, total_datasize=500000, converged=True, rounds=108, duration=0.105944s
[scenario=5_clients] [game_id=55] iter=55, players=5, total_datasize=500000, converged=True, rounds=108, duration=0.184204s
[scenario=5_clients] [game_id=56] iter=56, players=5, total_datasize=500000, converged=True, rounds=108, duration=0.213431s
[scenario=5_clients] [game_id=57] iter=57, players=5, total_datasize=500000, converged=True, rounds=108, duration=0.168293s
[scenario=5_clients] [game_id=58] iter=58, players=5, total_datasize=500000, converged=True, rounds=108, duration=0.214027s
[scenario=5_clients] [game_id=59] iter=59, players=5, total_datasize=500000, converged=True, rounds=108, duration=0.165630s
[scenario=5_clients] [game_id=60] iter=60, players=5, total_datasize=500000, converged=True, rounds=108, duration=0.166729s
[scenario=5_clients] [game_id=61] iter=61, players=5, total_datasize=500000, converged=True, rounds=108, duration=0.168818s
[scenario=5_clients] [game_id=62] iter=62, players=5, total_datasize=500000, converged=True, rounds=108, duration=0.166769s
[scenario=5_clients] [game_id=63] iter=63, players=5, total_datasize=500000, converged=True, rounds=108, duration=0.171822s
[scenario=5_clients] [game_id=64] iter=64, players=5, total_datasize=500000, converged=True, rounds=108, duration=0.171702s
[scenario=5_clients] [game_id=65] iter=65, players=5, total_datasize=500000, converged=True, rounds=108, duration=0.166354s
[scenario=5_clients] [game_id=66] iter=66, players=5, total_datasize=500000, converged=True, rounds=108, duration=0.172757s
[scenario=5_clients] [game_id=67] iter=67, players=5, total_datasize=500000, converged=True, rounds=108, duration=0.167827s
[scenario=5_clients] [game_id=68] iter=68, players=5, total_datasize=500000, converged=True, rounds=108, duration=0.166430s
[scenario=5_clients] [game_id=69] iter=69, players=5, total_datasize=500000, converged=True, rounds=107, duration=0.165338s
[scenario=5_clients] [game_id=70] iter=70, players=5, total_datasize=500000, converged=True, rounds=107, duration=0.167876s
[scenario=5_clients] [game_id=71] iter=71, players=5, total_datasize=500000, converged=True, rounds=107, duration=0.164064s
[scenario=5_clients] [game_id=72] iter=72, players=5, total_datasize=500000, converged=True, rounds=107, duration=0.164687s
[scenario=5_clients] [game_id=73] iter=73, players=5, total_datasize=500000, converged=True, rounds=107, duration=0.158846s
[scenario=5_clients] [game_id=74] iter=74, players=5, total_datasize=500000, converged=True, rounds=107, duration=0.096863s
[scenario=5_clients] [game_id=75] iter=75, players=5, total_datasize=500000, converged=True, rounds=107, duration=0.096585s
[scenario=5_clients] [game_id=76] iter=76, players=5, total_datasize=500000, converged=True, rounds=107, duration=0.101475s
[scenario=5_clients] [game_id=77] iter=77, players=5, total_datasize=500000, converged=True, rounds=107, duration=0.103515s
[scenario=5_clients] [game_id=78] iter=78, players=5, total_datasize=500000, converged=True, rounds=107, duration=0.095839s
[scenario=5_clients] [game_id=79] iter=79, players=5, total_datasize=500000, converged=True, rounds=107, duration=0.096121s
[scenario=5_clients] [game_id=80] iter=80, players=5, total_datasize=500000, converged=True, rounds=107, duration=0.100883s
[scenario=5_clients] [game_id=81] iter=81, players=5, total_datasize=500000, converged=True, rounds=107, duration=0.102010s
[scenario=5_clients] [game_id=82] iter=82, players=5, total_datasize=500000, converged=True, rounds=107, duration=0.101254s
[scenario=5_clients] [game_id=83] iter=83, players=5, total_datasize=500000, converged=True, rounds=107, duration=0.098619s
[scenario=5_clients] [game_id=84] iter=84, players=5, total_datasize=500000, converged=True, rounds=106, duration=0.098251s
[scenario=5_clients] [game_id=85] iter=85, players=5, total_datasize=500000, converged=True, rounds=107, duration=0.096536s
[scenario=5_clients] [game_id=86] iter=86, players=5, total_datasize=500000, converged=True, rounds=106, duration=0.095869s
[scenario=5_clients] [game_id=87] iter=87, players=5, total_datasize=500000, converged=True, rounds=106, duration=0.106787s
[scenario=5_clients] [game_id=88] iter=88, players=5, total_datasize=500000, converged=True, rounds=106, duration=0.099385s
[scenario=5_clients] [game_id=89] iter=89, players=5, total_datasize=500000, converged=True, rounds=106, duration=0.096653s
[scenario=5_clients] [game_id=90] iter=90, players=5, total_datasize=500000, converged=True, rounds=106, duration=0.096983s
[scenario=5_clients] [game_id=91] iter=91, players=5, total_datasize=500000, converged=True, rounds=106, duration=0.094935s
[scenario=5_clients] [game_id=92] iter=92, players=5, total_datasize=500000, converged=True, rounds=106, duration=0.101715s
[scenario=5_clients] [game_id=93] iter=93, players=5, total_datasize=500000, converged=True, rounds=106, duration=0.099523s
[scenario=5_clients] [game_id=94] iter=94, players=5, total_datasize=500000, converged=True, rounds=106, duration=0.097484s
[scenario=5_clients] [game_id=95] iter=95, players=5, total_datasize=500000, converged=True, rounds=106, duration=0.096100s
[scenario=5_clients] [game_id=96] iter=96, players=5, total_datasize=500000, converged=True, rounds=106, duration=0.097364s
[scenario=5_clients] [game_id=97] iter=97, players=5, total_datasize=500000, converged=True, rounds=106, duration=0.097515s
[scenario=5_clients] [game_id=98] iter=98, players=5, total_datasize=500000, converged=True, rounds=106, duration=0.118059s
[scenario=5_clients] [game_id=99] iter=99, players=5, total_datasize=500000, converged=True, rounds=106, duration=0.093617s
[scenario=5_clients] [game_id=100] iter=100, players=5, total_datasize=500000, converged=True, rounds=106, duration=0.097477s
实验完成，总博弈轮次=14484，总时间=16.620822s；日志文件：game_log/non_coop_batch/runs/scenario_1/participants_5/non_coop_game_metrics_participants_5.csv、game_log/non_coop_batch/runs/scenario_1/participants_5/non_coop_game_metrics_participants_5.jsonl、game_log/non_coop_batch/runs/scenario_1/participants_5/non_coop_run_summary_participants_5.csv、game_log/non_coop_batch/runs/scenario_1/participants_5/non_coop_run_summary_participants_5.jsonl
[OK] scenario=1, participants=5, total_rounds=14484, iter_count=100, all_converged=1
[RUN] /home/chenruiqi/anaconda2/envs/spdl/bin/python simulate_non_coop_game.py --scenario-profile legacy --mock-base-dir quality_data/non_coop_quality_scenarios/1 --participant-counts 10 --total-datasize 500000 --log-dir game_log/non_coop_batch/runs/scenario_1/participants_10
[scenario=10_clients] [game_id=1] iter=0, players=10, total_datasize=500000, converged=True, rounds=225, duration=0.871658s
[scenario=10_clients] [game_id=2] iter=1, players=10, total_datasize=500000, converged=True, rounds=1004, duration=2.980435s
[scenario=10_clients] [game_id=3] iter=2, players=10, total_datasize=500000, converged=True, rounds=539, duration=1.245290s
[scenario=10_clients] [game_id=4] iter=3, players=10, total_datasize=500000, converged=True, rounds=600, duration=1.383513s
[scenario=10_clients] [game_id=5] iter=4, players=10, total_datasize=500000, converged=True, rounds=237, duration=0.545506s
[scenario=10_clients] [game_id=6] iter=5, players=10, total_datasize=500000, converged=True, rounds=298, duration=0.700325s
[scenario=10_clients] [game_id=7] iter=6, players=10, total_datasize=500000, converged=True, rounds=168, duration=0.400193s
[scenario=10_clients] [game_id=8] iter=7, players=10, total_datasize=500000, converged=True, rounds=222, duration=0.529126s
[scenario=10_clients] [game_id=9] iter=8, players=10, total_datasize=500000, converged=True, rounds=200, duration=0.666031s
[scenario=10_clients] [game_id=10] iter=9, players=10, total_datasize=500000, converged=True, rounds=314, duration=1.202161s
[scenario=10_clients] [game_id=11] iter=10, players=10, total_datasize=500000, converged=True, rounds=794, duration=2.810960s
[scenario=10_clients] [game_id=12] iter=11, players=10, total_datasize=500000, converged=True, rounds=446, duration=1.034374s
[scenario=10_clients] [game_id=13] iter=12, players=10, total_datasize=500000, converged=True, rounds=755, duration=1.863852s
[scenario=10_clients] [game_id=14] iter=13, players=10, total_datasize=500000, converged=True, rounds=124, duration=0.304817s
[scenario=10_clients] [game_id=15] iter=14, players=10, total_datasize=500000, converged=True, rounds=426, duration=1.664277s
[scenario=10_clients] [game_id=16] iter=15, players=10, total_datasize=500000, converged=True, rounds=253, duration=0.968996s
[scenario=10_clients] [game_id=17] iter=16, players=10, total_datasize=500000, converged=True, rounds=286, duration=1.160183s
[scenario=10_clients] [game_id=18] iter=17, players=10, total_datasize=500000, converged=True, rounds=286, duration=1.145926s
[scenario=10_clients] [game_id=19] iter=18, players=10, total_datasize=500000, converged=True, rounds=286, duration=1.108280s
[scenario=10_clients] [game_id=20] iter=19, players=10, total_datasize=500000, converged=True, rounds=246, duration=0.709197s
[scenario=10_clients] [game_id=21] iter=20, players=10, total_datasize=500000, converged=True, rounds=248, duration=0.630486s
[scenario=10_clients] [game_id=22] iter=21, players=10, total_datasize=500000, converged=True, rounds=190, duration=0.436137s
[scenario=10_clients] [game_id=23] iter=22, players=10, total_datasize=500000, converged=True, rounds=279, duration=0.618246s
[scenario=10_clients] [game_id=24] iter=23, players=10, total_datasize=500000, converged=True, rounds=731, duration=1.672737s
[scenario=10_clients] [game_id=25] iter=24, players=10, total_datasize=500000, converged=True, rounds=731, duration=1.788169s
[scenario=10_clients] [game_id=26] iter=25, players=10, total_datasize=500000, converged=True, rounds=706, duration=1.635502s
[scenario=10_clients] [game_id=27] iter=26, players=10, total_datasize=500000, converged=True, rounds=706, duration=1.605929s
[scenario=10_clients] [game_id=28] iter=27, players=10, total_datasize=500000, converged=True, rounds=271, duration=0.794449s
[scenario=10_clients] [game_id=29] iter=28, players=10, total_datasize=500000, converged=True, rounds=271, duration=1.070567s
[scenario=10_clients] [game_id=30] iter=29, players=10, total_datasize=500000, converged=True, rounds=271, duration=1.070562s
[scenario=10_clients] [game_id=31] iter=30, players=10, total_datasize=500000, converged=True, rounds=271, duration=1.080405s
[scenario=10_clients] [game_id=32] iter=31, players=10, total_datasize=500000, converged=True, rounds=197, duration=0.756137s
[scenario=10_clients] [game_id=33] iter=32, players=10, total_datasize=500000, converged=True, rounds=168, duration=0.729809s
[scenario=10_clients] [game_id=34] iter=33, players=10, total_datasize=500000, converged=True, rounds=149, duration=0.439897s
[scenario=10_clients] [game_id=35] iter=34, players=10, total_datasize=500000, converged=True, rounds=149, duration=0.361733s
[scenario=10_clients] [game_id=36] iter=35, players=10, total_datasize=500000, converged=True, rounds=149, duration=0.350801s
[scenario=10_clients] [game_id=37] iter=36, players=10, total_datasize=500000, converged=True, rounds=149, duration=0.326505s
[scenario=10_clients] [game_id=38] iter=37, players=10, total_datasize=500000, converged=True, rounds=143, duration=0.334526s
[scenario=10_clients] [game_id=39] iter=38, players=10, total_datasize=500000, converged=True, rounds=134, duration=0.293897s
[scenario=10_clients] [game_id=40] iter=39, players=10, total_datasize=500000, converged=True, rounds=127, duration=0.303718s
[scenario=10_clients] [game_id=41] iter=40, players=10, total_datasize=500000, converged=True, rounds=127, duration=0.306194s
[scenario=10_clients] [game_id=42] iter=41, players=10, total_datasize=500000, converged=True, rounds=125, duration=0.283862s
[scenario=10_clients] [game_id=43] iter=42, players=10, total_datasize=500000, converged=True, rounds=125, duration=0.281893s
[scenario=10_clients] [game_id=44] iter=43, players=10, total_datasize=500000, converged=True, rounds=125, duration=0.357120s
[scenario=10_clients] [game_id=45] iter=44, players=10, total_datasize=500000, converged=True, rounds=121, duration=0.487783s
[scenario=10_clients] [game_id=46] iter=45, players=10, total_datasize=500000, converged=True, rounds=117, duration=0.451286s
[scenario=10_clients] [game_id=47] iter=46, players=10, total_datasize=500000, converged=True, rounds=115, duration=0.442769s
[scenario=10_clients] [game_id=48] iter=47, players=10, total_datasize=500000, converged=True, rounds=115, duration=0.441267s
[scenario=10_clients] [game_id=49] iter=48, players=10, total_datasize=500000, converged=True, rounds=113, duration=0.430961s
[scenario=10_clients] [game_id=50] iter=49, players=10, total_datasize=500000, converged=True, rounds=113, duration=0.433618s
[scenario=10_clients] [game_id=51] iter=50, players=10, total_datasize=500000, converged=True, rounds=113, duration=0.435188s
[scenario=10_clients] [game_id=52] iter=51, players=10, total_datasize=500000, converged=True, rounds=113, duration=0.344402s
[scenario=10_clients] [game_id=53] iter=52, players=10, total_datasize=500000, converged=True, rounds=113, duration=0.257306s
[scenario=10_clients] [game_id=54] iter=53, players=10, total_datasize=500000, converged=True, rounds=111, duration=0.242327s
[scenario=10_clients] [game_id=55] iter=54, players=10, total_datasize=500000, converged=True, rounds=111, duration=0.251481s
[scenario=10_clients] [game_id=56] iter=55, players=10, total_datasize=500000, converged=True, rounds=110, duration=0.245264s
[scenario=10_clients] [game_id=57] iter=56, players=10, total_datasize=500000, converged=True, rounds=110, duration=0.256737s
[scenario=10_clients] [game_id=58] iter=57, players=10, total_datasize=500000, converged=True, rounds=110, duration=0.243824s
[scenario=10_clients] [game_id=59] iter=58, players=10, total_datasize=500000, converged=True, rounds=110, duration=0.243370s
[scenario=10_clients] [game_id=60] iter=59, players=10, total_datasize=500000, converged=True, rounds=110, duration=0.262763s
[scenario=10_clients] [game_id=61] iter=60, players=10, total_datasize=500000, converged=True, rounds=110, duration=0.243468s
[scenario=10_clients] [game_id=62] iter=61, players=10, total_datasize=500000, converged=True, rounds=110, duration=0.280536s
[scenario=10_clients] [game_id=63] iter=62, players=10, total_datasize=500000, converged=True, rounds=110, duration=0.437956s
[scenario=10_clients] [game_id=64] iter=63, players=10, total_datasize=500000, converged=True, rounds=109, duration=0.418070s
[scenario=10_clients] [game_id=65] iter=64, players=10, total_datasize=500000, converged=True, rounds=109, duration=0.436871s
[scenario=10_clients] [game_id=66] iter=65, players=10, total_datasize=500000, converged=True, rounds=109, duration=0.438091s
[scenario=10_clients] [game_id=67] iter=66, players=10, total_datasize=500000, converged=True, rounds=109, duration=0.422543s
[scenario=10_clients] [game_id=68] iter=67, players=10, total_datasize=500000, converged=True, rounds=109, duration=0.505977s
[scenario=10_clients] [game_id=69] iter=68, players=10, total_datasize=500000, converged=True, rounds=109, duration=0.425555s
[scenario=10_clients] [game_id=70] iter=69, players=10, total_datasize=500000, converged=True, rounds=109, duration=0.436060s
[scenario=10_clients] [game_id=71] iter=70, players=10, total_datasize=500000, converged=True, rounds=109, duration=0.439993s
[scenario=10_clients] [game_id=72] iter=71, players=10, total_datasize=500000, converged=True, rounds=109, duration=0.420321s
[scenario=10_clients] [game_id=73] iter=72, players=10, total_datasize=500000, converged=True, rounds=109, duration=0.419935s
[scenario=10_clients] [game_id=74] iter=73, players=10, total_datasize=500000, converged=True, rounds=109, duration=0.432367s
[scenario=10_clients] [game_id=75] iter=74, players=10, total_datasize=500000, converged=True, rounds=109, duration=0.419998s
[scenario=10_clients] [game_id=76] iter=75, players=10, total_datasize=500000, converged=True, rounds=109, duration=0.421363s
[scenario=10_clients] [game_id=77] iter=76, players=10, total_datasize=500000, converged=True, rounds=109, duration=0.419667s
[scenario=10_clients] [game_id=78] iter=77, players=10, total_datasize=500000, converged=True, rounds=109, duration=0.358545s
[scenario=10_clients] [game_id=79] iter=78, players=10, total_datasize=500000, converged=True, rounds=109, duration=0.285730s
[scenario=10_clients] [game_id=80] iter=79, players=10, total_datasize=500000, converged=True, rounds=109, duration=0.270919s
[scenario=10_clients] [game_id=81] iter=80, players=10, total_datasize=500000, converged=True, rounds=109, duration=0.274669s
[scenario=10_clients] [game_id=82] iter=81, players=10, total_datasize=500000, converged=True, rounds=109, duration=0.269040s
[scenario=10_clients] [game_id=83] iter=82, players=10, total_datasize=500000, converged=True, rounds=108, duration=0.267627s
[scenario=10_clients] [game_id=84] iter=83, players=10, total_datasize=500000, converged=True, rounds=108, duration=0.266048s
[scenario=10_clients] [game_id=85] iter=84, players=10, total_datasize=500000, converged=True, rounds=108, duration=0.277166s
[scenario=10_clients] [game_id=86] iter=85, players=10, total_datasize=500000, converged=True, rounds=108, duration=0.266528s
[scenario=10_clients] [game_id=87] iter=86, players=10, total_datasize=500000, converged=True, rounds=108, duration=0.271234s
[scenario=10_clients] [game_id=88] iter=87, players=10, total_datasize=500000, converged=True, rounds=109, duration=0.268193s
[scenario=10_clients] [game_id=89] iter=88, players=10, total_datasize=500000, converged=True, rounds=109, duration=0.259811s
[scenario=10_clients] [game_id=90] iter=89, players=10, total_datasize=500000, converged=True, rounds=109, duration=0.296531s
[scenario=10_clients] [game_id=91] iter=90, players=10, total_datasize=500000, converged=True, rounds=109, duration=0.253812s
[scenario=10_clients] [game_id=92] iter=91, players=10, total_datasize=500000, converged=True, rounds=109, duration=0.258414s
[scenario=10_clients] [game_id=93] iter=92, players=10, total_datasize=500000, converged=True, rounds=109, duration=0.253829s
[scenario=10_clients] [game_id=94] iter=93, players=10, total_datasize=500000, converged=True, rounds=108, duration=0.259552s
[scenario=10_clients] [game_id=95] iter=94, players=10, total_datasize=500000, converged=True, rounds=108, duration=0.256148s
[scenario=10_clients] [game_id=96] iter=95, players=10, total_datasize=500000, converged=True, rounds=108, duration=0.258540s
[scenario=10_clients] [game_id=97] iter=96, players=10, total_datasize=500000, converged=True, rounds=108, duration=0.249369s
[scenario=10_clients] [game_id=98] iter=97, players=10, total_datasize=500000, converged=True, rounds=108, duration=0.257821s
[scenario=10_clients] [game_id=99] iter=98, players=10, total_datasize=500000, converged=True, rounds=108, duration=0.246228s
[scenario=10_clients] [game_id=100] iter=99, players=10, total_datasize=500000, converged=True, rounds=108, duration=0.260357s
实验完成，总博弈轮次=20407，总时间=59.499607s；日志文件：game_log/non_coop_batch/runs/scenario_1/participants_10/non_coop_game_metrics_participants_10.csv、game_log/non_coop_batch/runs/scenario_1/participants_10/non_coop_game_metrics_participants_10.jsonl、game_log/non_coop_batch/runs/scenario_1/participants_10/non_coop_run_summary_participants_10.csv、game_log/non_coop_batch/runs/scenario_1/participants_10/non_coop_run_summary_participants_10.jsonl
[OK] scenario=1, participants=10, total_rounds=20407, iter_count=100, all_converged=1
[RUN] /home/chenruiqi/anaconda2/envs/spdl/bin/python simulate_non_coop_game.py --scenario-profile legacy --mock-base-dir quality_data/non_coop_quality_scenarios/1 --participant-counts 15 --total-datasize 500000 --log-dir game_log/non_coop_batch/runs/scenario_1/participants_15
[scenario=15_clients] [game_id=1] iter=1, players=15, total_datasize=500000, converged=True, rounds=49, duration=0.333572s
[scenario=15_clients] [game_id=2] iter=2, players=15, total_datasize=500000, converged=True, rounds=119, duration=0.838053s
[scenario=15_clients] [game_id=3] iter=3, players=15, total_datasize=500000, converged=True, rounds=100, duration=0.721002s
[scenario=15_clients] [game_id=4] iter=4, players=15, total_datasize=500000, converged=True, rounds=299, duration=2.046703s
[scenario=15_clients] [game_id=5] iter=5, players=15, total_datasize=500000, converged=True, rounds=680, duration=3.876343s
[scenario=15_clients] [game_id=6] iter=6, players=15, total_datasize=500000, converged=True, rounds=667, duration=4.143957s
[scenario=15_clients] [game_id=7] iter=7, players=15, total_datasize=500000, converged=True, rounds=653, duration=3.968789s
[scenario=15_clients] [game_id=8] iter=8, players=15, total_datasize=500000, converged=True, rounds=641, duration=2.821217s
[scenario=15_clients] [game_id=9] iter=9, players=15, total_datasize=500000, converged=True, rounds=631, duration=2.820160s
[scenario=15_clients] [game_id=10] iter=10, players=15, total_datasize=500000, converged=True, rounds=624, duration=3.896680s
[scenario=15_clients] [game_id=11] iter=11, players=15, total_datasize=500000, converged=True, rounds=612, duration=2.702725s
[scenario=15_clients] [game_id=12] iter=12, players=15, total_datasize=500000, converged=True, rounds=604, duration=2.714868s
[scenario=15_clients] [game_id=13] iter=13, players=15, total_datasize=500000, converged=True, rounds=598, duration=2.715568s
[scenario=15_clients] [game_id=14] iter=14, players=15, total_datasize=500000, converged=True, rounds=593, duration=2.642460s
[scenario=15_clients] [game_id=15] iter=15, players=15, total_datasize=500000, converged=True, rounds=587, duration=2.570162s
[scenario=15_clients] [game_id=16] iter=16, players=15, total_datasize=500000, converged=True, rounds=619, duration=2.680809s
[scenario=15_clients] [game_id=17] iter=17, players=15, total_datasize=500000, converged=True, rounds=696, duration=3.066087s
[scenario=15_clients] [game_id=18] iter=18, players=15, total_datasize=500000, converged=True, rounds=717, duration=3.181846s
[scenario=15_clients] [game_id=19] iter=19, players=15, total_datasize=500000, converged=True, rounds=665, duration=2.855850s
[scenario=15_clients] [game_id=20] iter=20, players=15, total_datasize=500000, converged=True, rounds=556, duration=2.401305s
[scenario=15_clients] [game_id=21] iter=21, players=15, total_datasize=500000, converged=True, rounds=751, duration=4.518874s
[scenario=15_clients] [game_id=22] iter=22, players=15, total_datasize=500000, converged=True, rounds=1508, duration=6.476217s
[scenario=15_clients] [game_id=23] iter=23, players=15, total_datasize=500000, converged=True, rounds=1465, duration=7.906139s
[scenario=15_clients] [game_id=24] iter=24, players=15, total_datasize=500000, converged=True, rounds=1434, duration=7.402091s
[scenario=15_clients] [game_id=25] iter=25, players=15, total_datasize=500000, converged=True, rounds=1396, duration=8.403392s
[scenario=15_clients] [game_id=26] iter=26, players=15, total_datasize=500000, converged=True, rounds=1365, duration=7.163664s
[scenario=15_clients] [game_id=27] iter=27, players=15, total_datasize=500000, converged=True, rounds=1338, duration=5.676568s
[scenario=15_clients] [game_id=28] iter=28, players=15, total_datasize=500000, converged=True, rounds=1311, duration=5.661393s
[scenario=15_clients] [game_id=29] iter=29, players=15, total_datasize=500000, converged=True, rounds=1287, duration=5.494618s
[scenario=15_clients] [game_id=30] iter=30, players=15, total_datasize=500000, converged=True, rounds=1271, duration=5.469953s
[scenario=15_clients] [game_id=31] iter=31, players=15, total_datasize=500000, converged=True, rounds=1252, duration=5.394585s
[scenario=15_clients] [game_id=32] iter=32, players=15, total_datasize=500000, converged=True, rounds=1232, duration=5.297237s
[scenario=15_clients] [game_id=33] iter=33, players=15, total_datasize=500000, converged=True, rounds=1221, duration=5.272604s
[scenario=15_clients] [game_id=34] iter=34, players=15, total_datasize=500000, converged=True, rounds=1201, duration=5.360141s
[scenario=15_clients] [game_id=35] iter=35, players=15, total_datasize=500000, converged=True, rounds=1191, duration=5.285130s
[scenario=15_clients] [game_id=36] iter=36, players=15, total_datasize=500000, converged=True, rounds=1190, duration=5.183267s
[scenario=15_clients] [game_id=37] iter=37, players=15, total_datasize=500000, converged=True, rounds=1177, duration=5.158249s
[scenario=15_clients] [game_id=38] iter=38, players=15, total_datasize=500000, converged=True, rounds=1166, duration=4.965137s
[scenario=15_clients] [game_id=39] iter=39, players=15, total_datasize=500000, converged=True, rounds=1151, duration=5.047666s
[scenario=15_clients] [game_id=40] iter=40, players=15, total_datasize=500000, converged=True, rounds=1141, duration=4.810415s
[scenario=15_clients] [game_id=41] iter=41, players=15, total_datasize=500000, converged=True, rounds=1138, duration=4.878826s
[scenario=15_clients] [game_id=42] iter=42, players=15, total_datasize=500000, converged=True, rounds=1145, duration=4.827831s
[scenario=15_clients] [game_id=43] iter=43, players=15, total_datasize=500000, converged=True, rounds=1128, duration=4.988762s
[scenario=15_clients] [game_id=44] iter=44, players=15, total_datasize=500000, converged=True, rounds=1132, duration=4.954552s
[scenario=15_clients] [game_id=45] iter=45, players=15, total_datasize=500000, converged=True, rounds=1128, duration=4.731923s
[scenario=15_clients] [game_id=46] iter=46, players=15, total_datasize=500000, converged=True, rounds=1121, duration=4.893935s
[scenario=15_clients] [game_id=47] iter=47, players=15, total_datasize=500000, converged=True, rounds=1119, duration=4.910225s
[scenario=15_clients] [game_id=48] iter=48, players=15, total_datasize=500000, converged=True, rounds=1119, duration=4.798077s
[scenario=15_clients] [game_id=49] iter=49, players=15, total_datasize=500000, converged=True, rounds=1110, duration=4.690096s
[scenario=15_clients] [game_id=50] iter=50, players=15, total_datasize=500000, converged=True, rounds=1105, duration=4.717375s
[scenario=15_clients] [game_id=51] iter=51, players=15, total_datasize=500000, converged=True, rounds=1111, duration=4.849562s
[scenario=15_clients] [game_id=52] iter=52, players=15, total_datasize=500000, converged=True, rounds=1108, duration=4.778772s
[scenario=15_clients] [game_id=53] iter=53, players=15, total_datasize=500000, converged=True, rounds=1102, duration=4.793006s
[scenario=15_clients] [game_id=54] iter=54, players=15, total_datasize=500000, converged=True, rounds=1101, duration=4.777115s
[scenario=15_clients] [game_id=55] iter=55, players=15, total_datasize=500000, converged=True, rounds=1099, duration=4.644068s
[scenario=15_clients] [game_id=56] iter=56, players=15, total_datasize=500000, converged=True, rounds=1100, duration=4.732099s
[scenario=15_clients] [game_id=57] iter=57, players=15, total_datasize=500000, converged=True, rounds=1100, duration=4.611432s
[scenario=15_clients] [game_id=58] iter=58, players=15, total_datasize=500000, converged=True, rounds=1110, duration=4.702008s
[scenario=15_clients] [game_id=59] iter=59, players=15, total_datasize=500000, converged=True, rounds=1107, duration=4.657417s
[scenario=15_clients] [game_id=60] iter=60, players=15, total_datasize=500000, converged=True, rounds=1101, duration=4.564659s
[scenario=15_clients] [game_id=61] iter=61, players=15, total_datasize=500000, converged=True, rounds=1104, duration=4.664665s
[scenario=15_clients] [game_id=62] iter=62, players=15, total_datasize=500000, converged=True, rounds=1102, duration=4.557986s
[scenario=15_clients] [game_id=63] iter=63, players=15, total_datasize=500000, converged=True, rounds=1104, duration=4.588509s
[scenario=15_clients] [game_id=64] iter=64, players=15, total_datasize=500000, converged=True, rounds=1104, duration=4.697787s
[scenario=15_clients] [game_id=65] iter=65, players=15, total_datasize=500000, converged=True, rounds=1103, duration=4.646805s
[scenario=15_clients] [game_id=66] iter=66, players=15, total_datasize=500000, converged=True, rounds=1106, duration=4.815963s
[scenario=15_clients] [game_id=67] iter=67, players=15, total_datasize=500000, converged=True, rounds=1108, duration=4.841301s
[scenario=15_clients] [game_id=68] iter=68, players=15, total_datasize=500000, converged=True, rounds=1108, duration=4.647667s
[scenario=15_clients] [game_id=69] iter=69, players=15, total_datasize=500000, converged=True, rounds=1110, duration=4.790262s
[scenario=15_clients] [game_id=70] iter=70, players=15, total_datasize=500000, converged=True, rounds=1112, duration=4.657309s
[scenario=15_clients] [game_id=71] iter=71, players=15, total_datasize=500000, converged=True, rounds=1115, duration=4.780301s
[scenario=15_clients] [game_id=72] iter=72, players=15, total_datasize=500000, converged=True, rounds=1115, duration=4.704265s
[scenario=15_clients] [game_id=73] iter=73, players=15, total_datasize=500000, converged=True, rounds=1116, duration=4.689302s
[scenario=15_clients] [game_id=74] iter=74, players=15, total_datasize=500000, converged=True, rounds=1118, duration=4.928447s
[scenario=15_clients] [game_id=75] iter=75, players=15, total_datasize=500000, converged=True, rounds=1119, duration=4.944424s
[scenario=15_clients] [game_id=76] iter=76, players=15, total_datasize=500000, converged=True, rounds=1122, duration=5.117484s
[scenario=15_clients] [game_id=77] iter=77, players=15, total_datasize=500000, converged=True, rounds=1123, duration=4.852231s
[scenario=15_clients] [game_id=78] iter=78, players=15, total_datasize=500000, converged=True, rounds=1125, duration=4.907179s
[scenario=15_clients] [game_id=79] iter=79, players=15, total_datasize=500000, converged=True, rounds=1126, duration=4.903695s
[scenario=15_clients] [game_id=80] iter=80, players=15, total_datasize=500000, converged=True, rounds=1132, duration=4.938756s
[scenario=15_clients] [game_id=81] iter=81, players=15, total_datasize=500000, converged=True, rounds=1127, duration=4.785340s
[scenario=15_clients] [game_id=82] iter=82, players=15, total_datasize=500000, converged=True, rounds=1130, duration=4.921541s
[scenario=15_clients] [game_id=83] iter=83, players=15, total_datasize=500000, converged=True, rounds=1132, duration=4.890558s
[scenario=15_clients] [game_id=84] iter=84, players=15, total_datasize=500000, converged=True, rounds=1139, duration=5.034389s
[scenario=15_clients] [game_id=85] iter=85, players=15, total_datasize=500000, converged=True, rounds=1136, duration=5.736034s
[scenario=15_clients] [game_id=86] iter=86, players=15, total_datasize=500000, converged=True, rounds=1138, duration=4.912003s
[scenario=15_clients] [game_id=87] iter=87, players=15, total_datasize=500000, converged=True, rounds=1138, duration=5.046186s
[scenario=15_clients] [game_id=88] iter=88, players=15, total_datasize=500000, converged=True, rounds=1142, duration=4.843871s
[scenario=15_clients] [game_id=89] iter=89, players=15, total_datasize=500000, converged=True, rounds=1146, duration=4.910178s
[scenario=15_clients] [game_id=90] iter=90, players=15, total_datasize=500000, converged=True, rounds=1147, duration=6.030659s
[scenario=15_clients] [game_id=91] iter=91, players=15, total_datasize=500000, converged=True, rounds=1151, duration=6.055285s
[scenario=15_clients] [game_id=92] iter=92, players=15, total_datasize=500000, converged=True, rounds=851, duration=3.665180s
[scenario=15_clients] [game_id=93] iter=93, players=15, total_datasize=500000, converged=True, rounds=422, duration=1.836966s
[scenario=15_clients] [game_id=94] iter=94, players=15, total_datasize=500000, converged=True, rounds=449, duration=1.951363s
[scenario=15_clients] [game_id=95] iter=95, players=15, total_datasize=500000, converged=True, rounds=479, duration=2.172484s
[scenario=15_clients] [game_id=96] iter=96, players=15, total_datasize=500000, converged=True, rounds=514, duration=2.243723s
[scenario=15_clients] [game_id=97] iter=97, players=15, total_datasize=500000, converged=True, rounds=412, duration=1.811592s
[scenario=15_clients] [game_id=98] iter=98, players=15, total_datasize=500000, converged=True, rounds=452, duration=1.992912s
[scenario=15_clients] [game_id=99] iter=99, players=15, total_datasize=500000, converged=True, rounds=500, duration=2.178201s
[scenario=15_clients] [game_id=100] iter=100, players=15, total_datasize=500000, converged=True, rounds=408, duration=2.164412s
实验完成，总博弈轮次=97327，总时间=437.304455s；日志文件：game_log/non_coop_batch/runs/scenario_1/participants_15/non_coop_game_metrics_participants_15.csv、game_log/non_coop_batch/runs/scenario_1/participants_15/non_coop_game_metrics_participants_15.jsonl、game_log/non_coop_batch/runs/scenario_1/participants_15/non_coop_run_summary_participants_15.csv、game_log/non_coop_batch/runs/scenario_1/participants_15/non_coop_run_summary_participants_15.jsonl
[OK] scenario=1, participants=15, total_rounds=97327, iter_count=100, all_converged=1
[RUN] /home/chenruiqi/anaconda2/envs/spdl/bin/python simulate_non_coop_game.py --scenario-profile legacy --mock-base-dir quality_data/non_coop_quality_scenarios/1 --participant-counts 20 --total-datasize 500000 --log-dir game_log/non_coop_batch/runs/scenario_1/participants_20
[scenario=20_clients] [game_id=1] iter=1, players=20, total_datasize=500000, converged=False, rounds=2000, duration=14.471006s
[scenario=20_clients] [game_id=2] iter=2, players=20, total_datasize=500000, converged=True, rounds=101, duration=0.662471s
[scenario=20_clients] [game_id=3] iter=3, players=20, total_datasize=500000, converged=True, rounds=86, duration=0.555401s
[scenario=20_clients] [game_id=4] iter=4, players=20, total_datasize=500000, converged=True, rounds=82, duration=0.527021s
[scenario=20_clients] [game_id=5] iter=5, players=20, total_datasize=500000, converged=True, rounds=81, duration=0.519271s
[scenario=20_clients] [game_id=6] iter=6, players=20, total_datasize=500000, converged=True, rounds=81, duration=0.525515s
[scenario=20_clients] [game_id=7] iter=7, players=20, total_datasize=500000, converged=True, rounds=82, duration=0.528324s
[scenario=20_clients] [game_id=8] iter=8, players=20, total_datasize=500000, converged=True, rounds=82, duration=0.574153s
[scenario=20_clients] [game_id=9] iter=9, players=20, total_datasize=500000, converged=True, rounds=82, duration=0.521125s
[scenario=20_clients] [game_id=10] iter=10, players=20, total_datasize=500000, converged=True, rounds=82, duration=0.581717s
[scenario=20_clients] [game_id=11] iter=11, players=20, total_datasize=500000, converged=True, rounds=145, duration=0.971904s
[scenario=20_clients] [game_id=12] iter=12, players=20, total_datasize=500000, converged=True, rounds=791, duration=5.099067s
[scenario=20_clients] [game_id=13] iter=13, players=20, total_datasize=500000, converged=True, rounds=685, duration=4.420043s
[scenario=20_clients] [game_id=14] iter=14, players=20, total_datasize=500000, converged=True, rounds=617, duration=5.506312s
[scenario=20_clients] [game_id=15] iter=15, players=20, total_datasize=500000, converged=True, rounds=590, duration=6.727796s
[scenario=20_clients] [game_id=16] iter=16, players=20, total_datasize=500000, converged=True, rounds=540, duration=3.818538s
[scenario=20_clients] [game_id=17] iter=17, players=20, total_datasize=500000, converged=True, rounds=502, duration=3.296957s
[scenario=20_clients] [game_id=18] iter=18, players=20, total_datasize=500000, converged=True, rounds=467, duration=3.025175s
[scenario=20_clients] [game_id=19] iter=19, players=20, total_datasize=500000, converged=True, rounds=440, duration=2.888632s
[scenario=20_clients] [game_id=20] iter=20, players=20, total_datasize=500000, converged=True, rounds=419, duration=2.837704s
[scenario=20_clients] [game_id=21] iter=21, players=20, total_datasize=500000, converged=True, rounds=416, duration=3.276894s
[scenario=20_clients] [game_id=22] iter=22, players=20, total_datasize=500000, converged=True, rounds=413, duration=3.652601s
[scenario=20_clients] [game_id=23] iter=23, players=20, total_datasize=500000, converged=True, rounds=410, duration=2.667171s
[scenario=20_clients] [game_id=24] iter=24, players=20, total_datasize=500000, converged=True, rounds=407, duration=4.040632s
[scenario=20_clients] [game_id=25] iter=25, players=20, total_datasize=500000, converged=True, rounds=403, duration=2.653985s
[scenario=20_clients] [game_id=26] iter=26, players=20, total_datasize=500000, converged=True, rounds=399, duration=2.670060s
[scenario=20_clients] [game_id=27] iter=27, players=20, total_datasize=500000, converged=True, rounds=394, duration=2.952173s
[scenario=20_clients] [game_id=28] iter=28, players=20, total_datasize=500000, converged=True, rounds=393, duration=3.760165s
[scenario=20_clients] [game_id=29] iter=29, players=20, total_datasize=500000, converged=True, rounds=392, duration=4.388489s
[scenario=20_clients] [game_id=30] iter=30, players=20, total_datasize=500000, converged=True, rounds=390, duration=3.949844s
[scenario=20_clients] [game_id=31] iter=31, players=20, total_datasize=500000, converged=True, rounds=388, duration=4.099150s
[scenario=20_clients] [game_id=32] iter=32, players=20, total_datasize=500000, converged=True, rounds=384, duration=4.125809s
[scenario=20_clients] [game_id=33] iter=33, players=20, total_datasize=500000, converged=True, rounds=383, duration=2.474270s
[scenario=20_clients] [game_id=34] iter=34, players=20, total_datasize=500000, converged=True, rounds=379, duration=3.277129s
[scenario=20_clients] [game_id=35] iter=35, players=20, total_datasize=500000, converged=True, rounds=379, duration=4.008426s
[scenario=20_clients] [game_id=36] iter=36, players=20, total_datasize=500000, converged=True, rounds=377, duration=2.888576s
[scenario=20_clients] [game_id=37] iter=37, players=20, total_datasize=500000, converged=True, rounds=375, duration=2.428787s
[scenario=20_clients] [game_id=38] iter=38, players=20, total_datasize=500000, converged=True, rounds=373, duration=2.405247s
[scenario=20_clients] [game_id=39] iter=39, players=20, total_datasize=500000, converged=True, rounds=373, duration=3.742646s
[scenario=20_clients] [game_id=40] iter=40, players=20, total_datasize=500000, converged=True, rounds=370, duration=2.502275s
[scenario=20_clients] [game_id=41] iter=41, players=20, total_datasize=500000, converged=True, rounds=370, duration=2.551517s
[scenario=20_clients] [game_id=42] iter=42, players=20, total_datasize=500000, converged=True, rounds=368, duration=2.507747s
[scenario=20_clients] [game_id=43] iter=43, players=20, total_datasize=500000, converged=True, rounds=368, duration=3.518288s
[scenario=20_clients] [game_id=44] iter=44, players=20, total_datasize=500000, converged=True, rounds=373, duration=2.474499s
[scenario=20_clients] [game_id=45] iter=45, players=20, total_datasize=500000, converged=True, rounds=374, duration=2.443456s
[scenario=20_clients] [game_id=46] iter=46, players=20, total_datasize=500000, converged=True, rounds=377, duration=2.457313s
[scenario=20_clients] [game_id=47] iter=47, players=20, total_datasize=500000, converged=True, rounds=380, duration=2.537193s
[scenario=20_clients] [game_id=48] iter=48, players=20, total_datasize=500000, converged=True, rounds=383, duration=2.530611s
[scenario=20_clients] [game_id=49] iter=49, players=20, total_datasize=500000, converged=True, rounds=386, duration=2.484923s
[scenario=20_clients] [game_id=50] iter=50, players=20, total_datasize=500000, converged=True, rounds=389, duration=3.183539s
[scenario=20_clients] [game_id=51] iter=51, players=20, total_datasize=500000, converged=True, rounds=395, duration=2.732069s
[scenario=20_clients] [game_id=52] iter=52, players=20, total_datasize=500000, converged=True, rounds=398, duration=2.695182s
[scenario=20_clients] [game_id=53] iter=53, players=20, total_datasize=500000, converged=True, rounds=399, duration=2.761850s
[scenario=20_clients] [game_id=54] iter=54, players=20, total_datasize=500000, converged=True, rounds=400, duration=2.762643s
[scenario=20_clients] [game_id=55] iter=55, players=20, total_datasize=500000, converged=True, rounds=391, duration=2.667136s
[scenario=20_clients] [game_id=56] iter=56, players=20, total_datasize=500000, converged=True, rounds=407, duration=2.754754s
[scenario=20_clients] [game_id=57] iter=57, players=20, total_datasize=500000, converged=True, rounds=394, duration=2.741077s
[scenario=20_clients] [game_id=58] iter=58, players=20, total_datasize=500000, converged=True, rounds=413, duration=2.805957s
[scenario=20_clients] [game_id=59] iter=59, players=20, total_datasize=500000, converged=True, rounds=418, duration=2.827552s
[scenario=20_clients] [game_id=60] iter=60, players=20, total_datasize=500000, converged=True, rounds=422, duration=2.916751s
[scenario=20_clients] [game_id=61] iter=61, players=20, total_datasize=500000, converged=True, rounds=423, duration=2.957012s
[scenario=20_clients] [game_id=62] iter=62, players=20, total_datasize=500000, converged=True, rounds=426, duration=2.945119s
[scenario=20_clients] [game_id=63] iter=63, players=20, total_datasize=500000, converged=True, rounds=419, duration=2.953931s
[scenario=20_clients] [game_id=64] iter=64, players=20, total_datasize=500000, converged=True, rounds=420, duration=3.411097s
[scenario=20_clients] [game_id=65] iter=65, players=20, total_datasize=500000, converged=True, rounds=435, duration=3.851775s
[scenario=20_clients] [game_id=66] iter=66, players=20, total_datasize=500000, converged=True, rounds=420, duration=2.968370s
[scenario=20_clients] [game_id=67] iter=67, players=20, total_datasize=500000, converged=True, rounds=437, duration=3.107766s
[scenario=20_clients] [game_id=68] iter=68, players=20, total_datasize=500000, converged=True, rounds=442, duration=3.021253s
[scenario=20_clients] [game_id=69] iter=69, players=20, total_datasize=500000, converged=True, rounds=432, duration=2.937617s
[scenario=20_clients] [game_id=70] iter=70, players=20, total_datasize=500000, converged=True, rounds=427, duration=2.880798s
[scenario=20_clients] [game_id=71] iter=71, players=20, total_datasize=500000, converged=True, rounds=426, duration=2.964029s
[scenario=20_clients] [game_id=72] iter=72, players=20, total_datasize=500000, converged=True, rounds=431, duration=3.005083s
[scenario=20_clients] [game_id=73] iter=73, players=20, total_datasize=500000, converged=True, rounds=442, duration=2.969879s
[scenario=20_clients] [game_id=74] iter=74, players=20, total_datasize=500000, converged=True, rounds=454, duration=3.059069s
[scenario=20_clients] [game_id=75] iter=75, players=20, total_datasize=500000, converged=True, rounds=446, duration=2.959375s
[scenario=20_clients] [game_id=76] iter=76, players=20, total_datasize=500000, converged=True, rounds=438, duration=2.902019s
[scenario=20_clients] [game_id=77] iter=77, players=20, total_datasize=500000, converged=True, rounds=459, duration=4.340150s
[scenario=20_clients] [game_id=78] iter=78, players=20, total_datasize=500000, converged=True, rounds=436, duration=2.839274s
[scenario=20_clients] [game_id=79] iter=79, players=20, total_datasize=500000, converged=True, rounds=457, duration=2.981296s
[scenario=20_clients] [game_id=80] iter=80, players=20, total_datasize=500000, converged=True, rounds=458, duration=3.019424s
[scenario=20_clients] [game_id=81] iter=81, players=20, total_datasize=500000, converged=True, rounds=440, duration=3.478492s
[scenario=20_clients] [game_id=82] iter=82, players=20, total_datasize=500000, converged=True, rounds=447, duration=3.686514s
[scenario=20_clients] [game_id=83] iter=83, players=20, total_datasize=500000, converged=True, rounds=456, duration=3.046064s
[scenario=20_clients] [game_id=84] iter=84, players=20, total_datasize=500000, converged=True, rounds=461, duration=3.168188s
[scenario=20_clients] [game_id=85] iter=85, players=20, total_datasize=500000, converged=True, rounds=461, duration=3.211267s
[scenario=20_clients] [game_id=86] iter=86, players=20, total_datasize=500000, converged=True, rounds=457, duration=3.141278s
[scenario=20_clients] [game_id=87] iter=87, players=20, total_datasize=500000, converged=True, rounds=447, duration=3.082320s
[scenario=20_clients] [game_id=88] iter=88, players=20, total_datasize=500000, converged=True, rounds=448, duration=4.284285s
[scenario=20_clients] [game_id=89] iter=89, players=20, total_datasize=500000, converged=True, rounds=468, duration=3.171374s
[scenario=20_clients] [game_id=90] iter=90, players=20, total_datasize=500000, converged=True, rounds=461, duration=3.162499s
[scenario=20_clients] [game_id=91] iter=91, players=20, total_datasize=500000, converged=True, rounds=450, duration=3.246239s
[scenario=20_clients] [game_id=92] iter=92, players=20, total_datasize=500000, converged=True, rounds=469, duration=4.385429s
[scenario=20_clients] [game_id=93] iter=93, players=20, total_datasize=500000, converged=True, rounds=454, duration=2.940236s
[scenario=20_clients] [game_id=94] iter=94, players=20, total_datasize=500000, converged=True, rounds=459, duration=2.972537s
[scenario=20_clients] [game_id=95] iter=95, players=20, total_datasize=500000, converged=True, rounds=468, duration=3.754822s
[scenario=20_clients] [game_id=96] iter=96, players=20, total_datasize=500000, converged=True, rounds=451, duration=4.177226s
[scenario=20_clients] [game_id=97] iter=97, players=20, total_datasize=500000, converged=True, rounds=451, duration=3.802107s
[scenario=20_clients] [game_id=98] iter=98, players=20, total_datasize=500000, converged=True, rounds=463, duration=2.985735s
[scenario=20_clients] [game_id=99] iter=99, players=20, total_datasize=500000, converged=True, rounds=469, duration=3.091190s
[scenario=20_clients] [game_id=100] iter=100, players=20, total_datasize=500000, converged=True, rounds=471, duration=3.095691s
实验完成，总博弈轮次=41437，总时间=308.334350s；日志文件：game_log/non_coop_batch/runs/scenario_1/participants_20/non_coop_game_metrics_participants_20.csv、game_log/non_coop_batch/runs/scenario_1/participants_20/non_coop_game_metrics_participants_20.jsonl、game_log/non_coop_batch/runs/scenario_1/participants_20/non_coop_run_summary_participants_20.csv、game_log/non_coop_batch/runs/scenario_1/participants_20/non_coop_run_summary_participants_20.jsonl
[OK] scenario=1, participants=20, total_rounds=41437, iter_count=100, all_converged=0
[RUN] /home/chenruiqi/anaconda2/envs/spdl/bin/python simulate_non_coop_game.py --scenario-profile legacy --mock-base-dir quality_data/non_coop_quality_scenarios/1 --participant-counts 25 --total-datasize 500000 --log-dir game_log/non_coop_batch/runs/scenario_1/participants_25
[scenario=25_clients] [game_id=1] iter=1, players=25, total_datasize=500000, converged=False, rounds=2000, duration=21.780939s
[scenario=25_clients] [game_id=2] iter=2, players=25, total_datasize=500000, converged=True, rounds=131, duration=1.221363s
[scenario=25_clients] [game_id=3] iter=3, players=25, total_datasize=500000, converged=True, rounds=93, duration=0.869166s
[scenario=25_clients] [game_id=4] iter=4, players=25, total_datasize=500000, converged=True, rounds=84, duration=0.741549s
[scenario=25_clients] [game_id=5] iter=5, players=25, total_datasize=500000, converged=True, rounds=81, duration=1.423402s
[scenario=25_clients] [game_id=6] iter=6, players=25, total_datasize=500000, converged=True, rounds=267, duration=3.147096s
[scenario=25_clients] [game_id=7] iter=7, players=25, total_datasize=500000, converged=True, rounds=436, duration=4.081334s
[scenario=25_clients] [game_id=8] iter=8, players=25, total_datasize=500000, converged=True, rounds=430, duration=4.010387s
[scenario=25_clients] [game_id=9] iter=9, players=25, total_datasize=500000, converged=True, rounds=586, duration=5.805211s
[scenario=25_clients] [game_id=10] iter=10, players=25, total_datasize=500000, converged=True, rounds=920, duration=9.870138s
[scenario=25_clients] [game_id=11] iter=11, players=25, total_datasize=500000, converged=True, rounds=746, duration=7.196588s
[scenario=25_clients] [game_id=12] iter=12, players=25, total_datasize=500000, converged=True, rounds=733, duration=7.089817s
[scenario=25_clients] [game_id=13] iter=13, players=25, total_datasize=500000, converged=True, rounds=728, duration=8.277221s
[scenario=25_clients] [game_id=14] iter=14, players=25, total_datasize=500000, converged=True, rounds=717, duration=8.817595s
[scenario=25_clients] [game_id=15] iter=15, players=25, total_datasize=500000, converged=True, rounds=706, duration=6.827904s
[scenario=25_clients] [game_id=16] iter=16, players=25, total_datasize=500000, converged=True, rounds=700, duration=6.869298s
[scenario=25_clients] [game_id=17] iter=17, players=25, total_datasize=500000, converged=True, rounds=694, duration=6.627553s
[scenario=25_clients] [game_id=18] iter=18, players=25, total_datasize=500000, converged=True, rounds=672, duration=6.308675s
[scenario=25_clients] [game_id=19] iter=19, players=25, total_datasize=500000, converged=True, rounds=644, duration=6.097705s
[scenario=25_clients] [game_id=20] iter=20, players=25, total_datasize=500000, converged=True, rounds=647, duration=5.995039s
[scenario=25_clients] [game_id=21] iter=21, players=25, total_datasize=500000, converged=True, rounds=595, duration=5.606228s
[scenario=25_clients] [game_id=22] iter=22, players=25, total_datasize=500000, converged=True, rounds=567, duration=5.116096s
[scenario=25_clients] [game_id=23] iter=23, players=25, total_datasize=500000, converged=True, rounds=688, duration=6.278978s
[scenario=25_clients] [game_id=24] iter=24, players=25, total_datasize=500000, converged=True, rounds=690, duration=6.123615s
[scenario=25_clients] [game_id=25] iter=25, players=25, total_datasize=500000, converged=True, rounds=574, duration=5.354605s
[scenario=25_clients] [game_id=26] iter=26, players=25, total_datasize=500000, converged=True, rounds=542, duration=4.900425s
[scenario=25_clients] [game_id=27] iter=27, players=25, total_datasize=500000, converged=True, rounds=1074, duration=10.023870s
[scenario=25_clients] [game_id=28] iter=28, players=25, total_datasize=500000, converged=True, rounds=1045, duration=9.596060s
[scenario=25_clients] [game_id=29] iter=29, players=25, total_datasize=500000, converged=True, rounds=1011, duration=9.946980s
[scenario=25_clients] [game_id=30] iter=30, players=25, total_datasize=500000, converged=True, rounds=990, duration=9.495159s
[scenario=25_clients] [game_id=31] iter=31, players=25, total_datasize=500000, converged=True, rounds=964, duration=9.204633s
[scenario=25_clients] [game_id=32] iter=32, players=25, total_datasize=500000, converged=True, rounds=941, duration=8.795981s
[scenario=25_clients] [game_id=33] iter=33, players=25, total_datasize=500000, converged=True, rounds=921, duration=8.583735s
[scenario=25_clients] [game_id=34] iter=34, players=25, total_datasize=500000, converged=True, rounds=895, duration=8.328085s
[scenario=25_clients] [game_id=35] iter=35, players=25, total_datasize=500000, converged=True, rounds=886, duration=8.011587s
[scenario=25_clients] [game_id=36] iter=36, players=25, total_datasize=500000, converged=True, rounds=868, duration=8.045163s
[scenario=25_clients] [game_id=37] iter=37, players=25, total_datasize=500000, converged=True, rounds=858, duration=7.926840s
[scenario=25_clients] [game_id=38] iter=38, players=25, total_datasize=500000, converged=True, rounds=839, duration=7.690866s
[scenario=25_clients] [game_id=39] iter=39, players=25, total_datasize=500000, converged=True, rounds=834, duration=7.603534s
[scenario=25_clients] [game_id=40] iter=40, players=25, total_datasize=500000, converged=True, rounds=817, duration=7.570834s
[scenario=25_clients] [game_id=41] iter=41, players=25, total_datasize=500000, converged=True, rounds=808, duration=7.263434s
[scenario=25_clients] [game_id=42] iter=42, players=25, total_datasize=500000, converged=True, rounds=804, duration=7.279166s
[scenario=25_clients] [game_id=43] iter=43, players=25, total_datasize=500000, converged=True, rounds=801, duration=7.226652s
[scenario=25_clients] [game_id=44] iter=44, players=25, total_datasize=500000, converged=True, rounds=789, duration=7.120849s
[scenario=25_clients] [game_id=45] iter=45, players=25, total_datasize=500000, converged=True, rounds=784, duration=6.922197s
[scenario=25_clients] [game_id=46] iter=46, players=25, total_datasize=500000, converged=True, rounds=783, duration=7.182738s
[scenario=25_clients] [game_id=47] iter=47, players=25, total_datasize=500000, converged=True, rounds=780, duration=7.027533s
[scenario=25_clients] [game_id=48] iter=48, players=25, total_datasize=500000, converged=True, rounds=771, duration=6.863553s
[scenario=25_clients] [game_id=49] iter=49, players=25, total_datasize=500000, converged=True, rounds=762, duration=6.872347s
[scenario=25_clients] [game_id=50] iter=50, players=25, total_datasize=500000, converged=True, rounds=768, duration=6.958059s
[scenario=25_clients] [game_id=51] iter=51, players=25, total_datasize=500000, converged=True, rounds=755, duration=6.972015s
[scenario=25_clients] [game_id=52] iter=52, players=25, total_datasize=500000, converged=True, rounds=761, duration=7.079788s
[scenario=25_clients] [game_id=53] iter=53, players=25, total_datasize=500000, converged=True, rounds=762, duration=6.944655s
[scenario=25_clients] [game_id=54] iter=54, players=25, total_datasize=500000, converged=True, rounds=764, duration=6.951823s
[scenario=25_clients] [game_id=55] iter=55, players=25, total_datasize=500000, converged=True, rounds=759, duration=6.673750s
[scenario=25_clients] [game_id=56] iter=56, players=25, total_datasize=500000, converged=True, rounds=756, duration=6.527282s
[scenario=25_clients] [game_id=57] iter=57, players=25, total_datasize=500000, converged=True, rounds=749, duration=6.531583s
[scenario=25_clients] [game_id=58] iter=58, players=25, total_datasize=500000, converged=True, rounds=754, duration=6.725620s
[scenario=25_clients] [game_id=59] iter=59, players=25, total_datasize=500000, converged=True, rounds=758, duration=6.804593s
[scenario=25_clients] [game_id=60] iter=60, players=25, total_datasize=500000, converged=True, rounds=753, duration=6.838225s
[scenario=25_clients] [game_id=61] iter=61, players=25, total_datasize=500000, converged=True, rounds=747, duration=6.502122s
[scenario=25_clients] [game_id=62] iter=62, players=25, total_datasize=500000, converged=True, rounds=755, duration=6.524725s
[scenario=25_clients] [game_id=63] iter=63, players=25, total_datasize=500000, converged=True, rounds=759, duration=6.639544s
[scenario=25_clients] [game_id=64] iter=64, players=25, total_datasize=500000, converged=True, rounds=762, duration=6.803383s
[scenario=25_clients] [game_id=65] iter=65, players=25, total_datasize=500000, converged=True, rounds=760, duration=6.791991s
[scenario=25_clients] [game_id=66] iter=66, players=25, total_datasize=500000, converged=True, rounds=760, duration=6.540187s
[scenario=25_clients] [game_id=67] iter=67, players=25, total_datasize=500000, converged=True, rounds=762, duration=6.702222s
[scenario=25_clients] [game_id=68] iter=68, players=25, total_datasize=500000, converged=True, rounds=760, duration=6.632634s
[scenario=25_clients] [game_id=69] iter=69, players=25, total_datasize=500000, converged=True, rounds=761, duration=6.599020s
[scenario=25_clients] [game_id=70] iter=70, players=25, total_datasize=500000, converged=True, rounds=768, duration=6.628227s
[scenario=25_clients] [game_id=71] iter=71, players=25, total_datasize=500000, converged=True, rounds=769, duration=6.620104s
[scenario=25_clients] [game_id=72] iter=72, players=25, total_datasize=500000, converged=True, rounds=770, duration=6.735779s
[scenario=25_clients] [game_id=73] iter=73, players=25, total_datasize=500000, converged=True, rounds=774, duration=6.849273s
[scenario=25_clients] [game_id=74] iter=74, players=25, total_datasize=500000, converged=True, rounds=772, duration=6.730708s
[scenario=25_clients] [game_id=75] iter=75, players=25, total_datasize=500000, converged=True, rounds=777, duration=6.838986s
[scenario=25_clients] [game_id=76] iter=76, players=25, total_datasize=500000, converged=True, rounds=779, duration=6.702790s
[scenario=25_clients] [game_id=77] iter=77, players=25, total_datasize=500000, converged=True, rounds=779, duration=6.791998s
[scenario=25_clients] [game_id=78] iter=78, players=25, total_datasize=500000, converged=True, rounds=783, duration=6.683370s
[scenario=25_clients] [game_id=79] iter=79, players=25, total_datasize=500000, converged=True, rounds=784, duration=6.754767s
[scenario=25_clients] [game_id=80] iter=80, players=25, total_datasize=500000, converged=True, rounds=785, duration=6.799683s
[scenario=25_clients] [game_id=81] iter=81, players=25, total_datasize=500000, converged=True, rounds=789, duration=7.158704s
[scenario=25_clients] [game_id=82] iter=82, players=25, total_datasize=500000, converged=True, rounds=790, duration=7.236162s
[scenario=25_clients] [game_id=83] iter=83, players=25, total_datasize=500000, converged=True, rounds=795, duration=7.174951s
[scenario=25_clients] [game_id=84] iter=84, players=25, total_datasize=500000, converged=True, rounds=793, duration=7.079215s
[scenario=25_clients] [game_id=85] iter=85, players=25, total_datasize=500000, converged=True, rounds=795, duration=6.998757s
[scenario=25_clients] [game_id=86] iter=86, players=25, total_datasize=500000, converged=True, rounds=803, duration=7.177831s
[scenario=25_clients] [game_id=87] iter=87, players=25, total_datasize=500000, converged=True, rounds=802, duration=7.173301s
[scenario=25_clients] [game_id=88] iter=88, players=25, total_datasize=500000, converged=True, rounds=808, duration=7.334152s
[scenario=25_clients] [game_id=89] iter=89, players=25, total_datasize=500000, converged=True, rounds=807, duration=7.281832s
[scenario=25_clients] [game_id=90] iter=90, players=25, total_datasize=500000, converged=True, rounds=810, duration=7.362138s
[scenario=25_clients] [game_id=91] iter=91, players=25, total_datasize=500000, converged=True, rounds=813, duration=7.436049s
[scenario=25_clients] [game_id=92] iter=92, players=25, total_datasize=500000, converged=True, rounds=815, duration=7.404733s
[scenario=25_clients] [game_id=93] iter=93, players=25, total_datasize=500000, converged=True, rounds=817, duration=7.196844s
[scenario=25_clients] [game_id=94] iter=94, players=25, total_datasize=500000, converged=True, rounds=432, duration=3.802696s
[scenario=25_clients] [game_id=95] iter=95, players=25, total_datasize=500000, converged=True, rounds=388, duration=3.504429s
[scenario=25_clients] [game_id=96] iter=96, players=25, total_datasize=500000, converged=True, rounds=499, duration=4.735453s
[scenario=25_clients] [game_id=97] iter=97, players=25, total_datasize=500000, converged=True, rounds=470, duration=4.525076s
[scenario=25_clients] [game_id=98] iter=98, players=25, total_datasize=500000, converged=True, rounds=443, duration=4.110217s
[scenario=25_clients] [game_id=99] iter=99, players=25, total_datasize=500000, converged=True, rounds=424, duration=3.743055s
[scenario=25_clients] [game_id=100] iter=100, players=25, total_datasize=500000, converged=True, rounds=409, duration=3.645621s
实验完成，总博弈轮次=72903，总时间=671.979849s；日志文件：game_log/non_coop_batch/runs/scenario_1/participants_25/non_coop_game_metrics_participants_25.csv、game_log/non_coop_batch/runs/scenario_1/participants_25/non_coop_game_metrics_participants_25.jsonl、game_log/non_coop_batch/runs/scenario_1/participants_25/non_coop_run_summary_participants_25.csv、game_log/non_coop_batch/runs/scenario_1/participants_25/non_coop_run_summary_participants_25.jsonl
[OK] scenario=1, participants=25, total_rounds=72903, iter_count=100, all_converged=0
[RUN] /home/chenruiqi/anaconda2/envs/spdl/bin/python simulate_non_coop_game.py --scenario-profile legacy --mock-base-dir quality_data/non_coop_quality_scenarios/2 --participant-counts 5 --total-datasize 500000 --log-dir game_log/non_coop_batch/runs/scenario_2/participants_5
[scenario=5_clients] [game_id=1] iter=1, players=5, total_datasize=500000, converged=True, rounds=525, duration=0.803410s
[scenario=5_clients] [game_id=2] iter=2, players=5, total_datasize=500000, converged=True, rounds=529, duration=0.812917s
[scenario=5_clients] [game_id=3] iter=3, players=5, total_datasize=500000, converged=True, rounds=530, duration=0.806713s
[scenario=5_clients] [game_id=4] iter=4, players=5, total_datasize=500000, converged=True, rounds=526, duration=0.527894s
[scenario=5_clients] [game_id=5] iter=5, players=5, total_datasize=500000, converged=True, rounds=530, duration=0.480448s
[scenario=5_clients] [game_id=6] iter=6, players=5, total_datasize=500000, converged=True, rounds=526, duration=0.483865s
[scenario=5_clients] [game_id=7] iter=7, players=5, total_datasize=500000, converged=True, rounds=526, duration=0.477665s
[scenario=5_clients] [game_id=8] iter=8, players=5, total_datasize=500000, converged=True, rounds=511, duration=0.477970s
[scenario=5_clients] [game_id=9] iter=9, players=5, total_datasize=500000, converged=True, rounds=1709, duration=1.608311s
[scenario=5_clients] [game_id=10] iter=10, players=5, total_datasize=500000, converged=True, rounds=442, duration=0.405609s
[scenario=5_clients] [game_id=11] iter=11, players=5, total_datasize=500000, converged=True, rounds=234, duration=0.216072s
[scenario=5_clients] [game_id=12] iter=12, players=5, total_datasize=500000, converged=True, rounds=226, duration=0.207113s
[scenario=5_clients] [game_id=13] iter=13, players=5, total_datasize=500000, converged=True, rounds=226, duration=0.205273s
[scenario=5_clients] [game_id=14] iter=14, players=5, total_datasize=500000, converged=True, rounds=226, duration=0.208033s
[scenario=5_clients] [game_id=15] iter=15, players=5, total_datasize=500000, converged=True, rounds=311, duration=0.284685s
[scenario=5_clients] [game_id=16] iter=16, players=5, total_datasize=500000, converged=True, rounds=512, duration=0.478232s
[scenario=5_clients] [game_id=17] iter=17, players=5, total_datasize=500000, converged=True, rounds=512, duration=0.490943s
[scenario=5_clients] [game_id=18] iter=18, players=5, total_datasize=500000, converged=True, rounds=198, duration=0.189218s
[scenario=5_clients] [game_id=19] iter=19, players=5, total_datasize=500000, converged=True, rounds=132, duration=0.122709s
[scenario=5_clients] [game_id=20] iter=20, players=5, total_datasize=500000, converged=True, rounds=148, duration=0.137469s
[scenario=5_clients] [game_id=21] iter=21, players=5, total_datasize=500000, converged=True, rounds=148, duration=0.138037s
[scenario=5_clients] [game_id=22] iter=22, players=5, total_datasize=500000, converged=True, rounds=158, duration=0.141047s
[scenario=5_clients] [game_id=23] iter=23, players=5, total_datasize=500000, converged=True, rounds=158, duration=0.142745s
[scenario=5_clients] [game_id=24] iter=24, players=5, total_datasize=500000, converged=True, rounds=136, duration=0.126203s
[scenario=5_clients] [game_id=25] iter=25, players=5, total_datasize=500000, converged=True, rounds=136, duration=0.125537s
[scenario=5_clients] [game_id=26] iter=26, players=5, total_datasize=500000, converged=True, rounds=136, duration=0.125299s
[scenario=5_clients] [game_id=27] iter=27, players=5, total_datasize=500000, converged=True, rounds=124, duration=0.118415s
[scenario=5_clients] [game_id=28] iter=28, players=5, total_datasize=500000, converged=True, rounds=133, duration=0.128227s
[scenario=5_clients] [game_id=29] iter=29, players=5, total_datasize=500000, converged=True, rounds=123, duration=0.114695s
[scenario=5_clients] [game_id=30] iter=30, players=5, total_datasize=500000, converged=True, rounds=120, duration=0.111325s
[scenario=5_clients] [game_id=31] iter=31, players=5, total_datasize=500000, converged=True, rounds=120, duration=0.108779s
[scenario=5_clients] [game_id=32] iter=32, players=5, total_datasize=500000, converged=True, rounds=120, duration=0.109379s
[scenario=5_clients] [game_id=33] iter=33, players=5, total_datasize=500000, converged=True, rounds=121, duration=0.113230s
[scenario=5_clients] [game_id=34] iter=34, players=5, total_datasize=500000, converged=True, rounds=114, duration=0.200817s
[scenario=5_clients] [game_id=35] iter=35, players=5, total_datasize=500000, converged=True, rounds=115, duration=0.175867s
[scenario=5_clients] [game_id=36] iter=36, players=5, total_datasize=500000, converged=True, rounds=115, duration=0.175382s
[scenario=5_clients] [game_id=37] iter=37, players=5, total_datasize=500000, converged=True, rounds=115, duration=0.176630s
[scenario=5_clients] [game_id=38] iter=38, players=5, total_datasize=500000, converged=True, rounds=112, duration=0.170791s
[scenario=5_clients] [game_id=39] iter=39, players=5, total_datasize=500000, converged=True, rounds=112, duration=0.170842s
[scenario=5_clients] [game_id=40] iter=40, players=5, total_datasize=500000, converged=True, rounds=111, duration=0.169270s
[scenario=5_clients] [game_id=41] iter=41, players=5, total_datasize=500000, converged=True, rounds=112, duration=0.171163s
[scenario=5_clients] [game_id=42] iter=42, players=5, total_datasize=500000, converged=True, rounds=110, duration=0.168206s
[scenario=5_clients] [game_id=43] iter=43, players=5, total_datasize=500000, converged=True, rounds=110, duration=0.167934s
[scenario=5_clients] [game_id=44] iter=44, players=5, total_datasize=500000, converged=True, rounds=110, duration=0.167750s
[scenario=5_clients] [game_id=45] iter=45, players=5, total_datasize=500000, converged=True, rounds=110, duration=0.168011s
[scenario=5_clients] [game_id=46] iter=46, players=5, total_datasize=500000, converged=True, rounds=110, duration=0.168238s
[scenario=5_clients] [game_id=47] iter=47, players=5, total_datasize=500000, converged=True, rounds=111, duration=0.169854s
[scenario=5_clients] [game_id=48] iter=48, players=5, total_datasize=500000, converged=True, rounds=111, duration=0.169572s
[scenario=5_clients] [game_id=49] iter=49, players=5, total_datasize=500000, converged=True, rounds=109, duration=0.166665s
[scenario=5_clients] [game_id=50] iter=50, players=5, total_datasize=500000, converged=True, rounds=109, duration=0.167258s
[scenario=5_clients] [game_id=51] iter=51, players=5, total_datasize=500000, converged=True, rounds=109, duration=0.167123s
[scenario=5_clients] [game_id=52] iter=52, players=5, total_datasize=500000, converged=True, rounds=110, duration=0.168333s
[scenario=5_clients] [game_id=53] iter=53, players=5, total_datasize=500000, converged=True, rounds=110, duration=0.157327s
[scenario=5_clients] [game_id=54] iter=54, players=5, total_datasize=500000, converged=True, rounds=110, duration=0.106142s
[scenario=5_clients] [game_id=55] iter=55, players=5, total_datasize=500000, converged=True, rounds=110, duration=0.105772s
[scenario=5_clients] [game_id=56] iter=56, players=5, total_datasize=500000, converged=True, rounds=109, duration=0.104598s
[scenario=5_clients] [game_id=57] iter=57, players=5, total_datasize=500000, converged=True, rounds=109, duration=0.104454s
[scenario=5_clients] [game_id=58] iter=58, players=5, total_datasize=500000, converged=True, rounds=109, duration=0.104989s
[scenario=5_clients] [game_id=59] iter=59, players=5, total_datasize=500000, converged=True, rounds=109, duration=0.104919s
[scenario=5_clients] [game_id=60] iter=60, players=5, total_datasize=500000, converged=True, rounds=109, duration=0.104939s
[scenario=5_clients] [game_id=61] iter=61, players=5, total_datasize=500000, converged=True, rounds=109, duration=0.104363s
[scenario=5_clients] [game_id=62] iter=62, players=5, total_datasize=500000, converged=True, rounds=109, duration=0.104845s
[scenario=5_clients] [game_id=63] iter=63, players=5, total_datasize=500000, converged=True, rounds=109, duration=0.104488s
[scenario=5_clients] [game_id=64] iter=64, players=5, total_datasize=500000, converged=True, rounds=109, duration=0.105781s
[scenario=5_clients] [game_id=65] iter=65, players=5, total_datasize=500000, converged=True, rounds=108, duration=0.104140s
[scenario=5_clients] [game_id=66] iter=66, players=5, total_datasize=500000, converged=True, rounds=108, duration=0.104381s
[scenario=5_clients] [game_id=67] iter=67, players=5, total_datasize=500000, converged=True, rounds=108, duration=0.104386s
[scenario=5_clients] [game_id=68] iter=68, players=5, total_datasize=500000, converged=True, rounds=108, duration=0.104405s
[scenario=5_clients] [game_id=69] iter=69, players=5, total_datasize=500000, converged=True, rounds=108, duration=0.103697s
[scenario=5_clients] [game_id=70] iter=70, players=5, total_datasize=500000, converged=True, rounds=108, duration=0.103794s
[scenario=5_clients] [game_id=71] iter=71, players=5, total_datasize=500000, converged=True, rounds=108, duration=0.103477s
[scenario=5_clients] [game_id=72] iter=72, players=5, total_datasize=500000, converged=True, rounds=108, duration=0.103130s
[scenario=5_clients] [game_id=73] iter=73, players=5, total_datasize=500000, converged=True, rounds=108, duration=0.102708s
[scenario=5_clients] [game_id=74] iter=74, players=5, total_datasize=500000, converged=True, rounds=108, duration=0.103751s
[scenario=5_clients] [game_id=75] iter=75, players=5, total_datasize=500000, converged=True, rounds=108, duration=0.104944s
[scenario=5_clients] [game_id=76] iter=76, players=5, total_datasize=500000, converged=True, rounds=107, duration=0.102952s
[scenario=5_clients] [game_id=77] iter=77, players=5, total_datasize=500000, converged=True, rounds=107, duration=0.103861s
[scenario=5_clients] [game_id=78] iter=78, players=5, total_datasize=500000, converged=True, rounds=107, duration=0.103605s
[scenario=5_clients] [game_id=79] iter=79, players=5, total_datasize=500000, converged=True, rounds=107, duration=0.104156s
[scenario=5_clients] [game_id=80] iter=80, players=5, total_datasize=500000, converged=True, rounds=107, duration=0.103981s
[scenario=5_clients] [game_id=81] iter=81, players=5, total_datasize=500000, converged=True, rounds=107, duration=0.102449s
[scenario=5_clients] [game_id=82] iter=82, players=5, total_datasize=500000, converged=True, rounds=107, duration=0.103882s
[scenario=5_clients] [game_id=83] iter=83, players=5, total_datasize=500000, converged=True, rounds=107, duration=0.103104s
[scenario=5_clients] [game_id=84] iter=84, players=5, total_datasize=500000, converged=True, rounds=107, duration=0.103109s
[scenario=5_clients] [game_id=85] iter=85, players=5, total_datasize=500000, converged=True, rounds=107, duration=0.103722s
[scenario=5_clients] [game_id=86] iter=86, players=5, total_datasize=500000, converged=True, rounds=107, duration=0.103484s
[scenario=5_clients] [game_id=87] iter=87, players=5, total_datasize=500000, converged=True, rounds=107, duration=0.102475s
[scenario=5_clients] [game_id=88] iter=88, players=5, total_datasize=500000, converged=True, rounds=107, duration=0.102990s
[scenario=5_clients] [game_id=89] iter=89, players=5, total_datasize=500000, converged=True, rounds=107, duration=0.102614s
[scenario=5_clients] [game_id=90] iter=90, players=5, total_datasize=500000, converged=True, rounds=107, duration=0.101580s
[scenario=5_clients] [game_id=91] iter=91, players=5, total_datasize=500000, converged=True, rounds=107, duration=0.101346s
[scenario=5_clients] [game_id=92] iter=92, players=5, total_datasize=500000, converged=True, rounds=107, duration=0.101022s
[scenario=5_clients] [game_id=93] iter=93, players=5, total_datasize=500000, converged=True, rounds=107, duration=0.102654s
[scenario=5_clients] [game_id=94] iter=94, players=5, total_datasize=500000, converged=True, rounds=107, duration=0.102638s
[scenario=5_clients] [game_id=95] iter=95, players=5, total_datasize=500000, converged=True, rounds=107, duration=0.102972s
[scenario=5_clients] [game_id=96] iter=96, players=5, total_datasize=500000, converged=True, rounds=107, duration=0.102620s
[scenario=5_clients] [game_id=97] iter=97, players=5, total_datasize=500000, converged=True, rounds=107, duration=0.102520s
[scenario=5_clients] [game_id=98] iter=98, players=5, total_datasize=500000, converged=True, rounds=107, duration=0.103532s
[scenario=5_clients] [game_id=99] iter=99, players=5, total_datasize=500000, converged=True, rounds=106, duration=0.099829s
[scenario=5_clients] [game_id=100] iter=100, players=5, total_datasize=500000, converged=True, rounds=107, duration=0.098064s
实验完成，总博弈轮次=18100，总时间=19.307767s；日志文件：game_log/non_coop_batch/runs/scenario_2/participants_5/non_coop_game_metrics_participants_5.csv、game_log/non_coop_batch/runs/scenario_2/participants_5/non_coop_game_metrics_participants_5.jsonl、game_log/non_coop_batch/runs/scenario_2/participants_5/non_coop_run_summary_participants_5.csv、game_log/non_coop_batch/runs/scenario_2/participants_5/non_coop_run_summary_participants_5.jsonl
[OK] scenario=2, participants=5, total_rounds=18100, iter_count=100, all_converged=1
[RUN] /home/chenruiqi/anaconda2/envs/spdl/bin/python simulate_non_coop_game.py --scenario-profile legacy --mock-base-dir quality_data/non_coop_quality_scenarios/2 --participant-counts 10 --total-datasize 500000 --log-dir game_log/non_coop_batch/runs/scenario_2/participants_10
[scenario=10_clients] [game_id=1] iter=0, players=10, total_datasize=500000, converged=True, rounds=384, duration=1.456352s
[scenario=10_clients] [game_id=2] iter=1, players=10, total_datasize=500000, converged=True, rounds=943, duration=3.634450s
[scenario=10_clients] [game_id=3] iter=2, players=10, total_datasize=500000, converged=True, rounds=994, duration=2.290004s
[scenario=10_clients] [game_id=4] iter=3, players=10, total_datasize=500000, converged=True, rounds=227, duration=0.518942s
[scenario=10_clients] [game_id=5] iter=4, players=10, total_datasize=500000, converged=True, rounds=133, duration=0.296641s
[scenario=10_clients] [game_id=6] iter=5, players=10, total_datasize=500000, converged=True, rounds=469, duration=1.048696s
[scenario=10_clients] [game_id=7] iter=6, players=10, total_datasize=500000, converged=True, rounds=175, duration=0.394428s
[scenario=10_clients] [game_id=8] iter=7, players=10, total_datasize=500000, converged=True, rounds=176, duration=0.392378s
[scenario=10_clients] [game_id=9] iter=8, players=10, total_datasize=500000, converged=True, rounds=837, duration=1.856525s
[scenario=10_clients] [game_id=10] iter=9, players=10, total_datasize=500000, converged=True, rounds=818, duration=1.822119s
[scenario=10_clients] [game_id=11] iter=10, players=10, total_datasize=500000, converged=True, rounds=228, duration=0.510203s
[scenario=10_clients] [game_id=12] iter=11, players=10, total_datasize=500000, converged=True, rounds=309, duration=0.710061s
[scenario=10_clients] [game_id=13] iter=12, players=10, total_datasize=500000, converged=True, rounds=216, duration=0.477780s
[scenario=10_clients] [game_id=14] iter=13, players=10, total_datasize=500000, converged=True, rounds=216, duration=0.482793s
[scenario=10_clients] [game_id=15] iter=14, players=10, total_datasize=500000, converged=True, rounds=273, duration=0.608787s
[scenario=10_clients] [game_id=16] iter=15, players=10, total_datasize=500000, converged=True, rounds=269, duration=0.596339s
[scenario=10_clients] [game_id=17] iter=16, players=10, total_datasize=500000, converged=True, rounds=271, duration=0.600648s
[scenario=10_clients] [game_id=18] iter=17, players=10, total_datasize=500000, converged=True, rounds=755, duration=1.701327s
[scenario=10_clients] [game_id=19] iter=18, players=10, total_datasize=500000, converged=True, rounds=754, duration=1.704420s
[scenario=10_clients] [game_id=20] iter=19, players=10, total_datasize=500000, converged=True, rounds=248, duration=0.551436s
[scenario=10_clients] [game_id=21] iter=20, players=10, total_datasize=500000, converged=True, rounds=652, duration=1.451181s
[scenario=10_clients] [game_id=22] iter=21, players=10, total_datasize=500000, converged=True, rounds=630, duration=1.400107s
[scenario=10_clients] [game_id=23] iter=22, players=10, total_datasize=500000, converged=True, rounds=218, duration=0.486972s
[scenario=10_clients] [game_id=24] iter=23, players=10, total_datasize=500000, converged=True, rounds=693, duration=1.526494s
[scenario=10_clients] [game_id=25] iter=24, players=10, total_datasize=500000, converged=True, rounds=692, duration=1.546018s
[scenario=10_clients] [game_id=26] iter=25, players=10, total_datasize=500000, converged=True, rounds=116, duration=0.256848s
[scenario=10_clients] [game_id=27] iter=26, players=10, total_datasize=500000, converged=True, rounds=677, duration=1.516004s
[scenario=10_clients] [game_id=28] iter=27, players=10, total_datasize=500000, converged=True, rounds=676, duration=1.558314s
[scenario=10_clients] [game_id=29] iter=28, players=10, total_datasize=500000, converged=True, rounds=676, duration=1.506783s
[scenario=10_clients] [game_id=30] iter=29, players=10, total_datasize=500000, converged=True, rounds=677, duration=1.513734s
[scenario=10_clients] [game_id=31] iter=30, players=10, total_datasize=500000, converged=True, rounds=677, duration=1.513343s
[scenario=10_clients] [game_id=32] iter=31, players=10, total_datasize=500000, converged=True, rounds=237, duration=0.524230s
[scenario=10_clients] [game_id=33] iter=32, players=10, total_datasize=500000, converged=True, rounds=201, duration=0.449921s
[scenario=10_clients] [game_id=34] iter=33, players=10, total_datasize=500000, converged=True, rounds=201, duration=0.445478s
[scenario=10_clients] [game_id=35] iter=34, players=10, total_datasize=500000, converged=True, rounds=157, duration=0.349359s
[scenario=10_clients] [game_id=36] iter=35, players=10, total_datasize=500000, converged=True, rounds=154, duration=0.340602s
[scenario=10_clients] [game_id=37] iter=36, players=10, total_datasize=500000, converged=True, rounds=154, duration=0.341204s
[scenario=10_clients] [game_id=38] iter=37, players=10, total_datasize=500000, converged=True, rounds=147, duration=0.334009s
[scenario=10_clients] [game_id=39] iter=38, players=10, total_datasize=500000, converged=True, rounds=133, duration=0.311549s
[scenario=10_clients] [game_id=40] iter=39, players=10, total_datasize=500000, converged=True, rounds=133, duration=0.311651s
[scenario=10_clients] [game_id=41] iter=40, players=10, total_datasize=500000, converged=True, rounds=127, duration=0.281675s
[scenario=10_clients] [game_id=42] iter=41, players=10, total_datasize=500000, converged=True, rounds=121, duration=0.271948s
[scenario=10_clients] [game_id=43] iter=42, players=10, total_datasize=500000, converged=True, rounds=124, duration=0.277007s
[scenario=10_clients] [game_id=44] iter=43, players=10, total_datasize=500000, converged=True, rounds=124, duration=0.278556s
[scenario=10_clients] [game_id=45] iter=44, players=10, total_datasize=500000, converged=True, rounds=124, duration=0.288065s
[scenario=10_clients] [game_id=46] iter=45, players=10, total_datasize=500000, converged=True, rounds=119, duration=0.267644s
[scenario=10_clients] [game_id=47] iter=46, players=10, total_datasize=500000, converged=True, rounds=114, duration=0.255907s
[scenario=10_clients] [game_id=48] iter=47, players=10, total_datasize=500000, converged=True, rounds=114, duration=0.266002s
[scenario=10_clients] [game_id=49] iter=48, players=10, total_datasize=500000, converged=True, rounds=116, duration=0.263060s
[scenario=10_clients] [game_id=50] iter=49, players=10, total_datasize=500000, converged=True, rounds=116, duration=0.258897s
[scenario=10_clients] [game_id=51] iter=50, players=10, total_datasize=500000, converged=True, rounds=116, duration=0.256252s
[scenario=10_clients] [game_id=52] iter=51, players=10, total_datasize=500000, converged=True, rounds=116, duration=0.254968s
[scenario=10_clients] [game_id=53] iter=52, players=10, total_datasize=500000, converged=True, rounds=116, duration=0.258912s
[scenario=10_clients] [game_id=54] iter=53, players=10, total_datasize=500000, converged=True, rounds=114, duration=0.253399s
[scenario=10_clients] [game_id=55] iter=54, players=10, total_datasize=500000, converged=True, rounds=113, duration=0.248097s
[scenario=10_clients] [game_id=56] iter=55, players=10, total_datasize=500000, converged=True, rounds=113, duration=0.249887s
[scenario=10_clients] [game_id=57] iter=56, players=10, total_datasize=500000, converged=True, rounds=113, duration=0.253071s
[scenario=10_clients] [game_id=58] iter=57, players=10, total_datasize=500000, converged=True, rounds=111, duration=0.247530s
[scenario=10_clients] [game_id=59] iter=58, players=10, total_datasize=500000, converged=True, rounds=111, duration=0.244378s
[scenario=10_clients] [game_id=60] iter=59, players=10, total_datasize=500000, converged=True, rounds=111, duration=0.246247s
[scenario=10_clients] [game_id=61] iter=60, players=10, total_datasize=500000, converged=True, rounds=111, duration=0.248984s
[scenario=10_clients] [game_id=62] iter=61, players=10, total_datasize=500000, converged=True, rounds=111, duration=0.249796s
[scenario=10_clients] [game_id=63] iter=62, players=10, total_datasize=500000, converged=True, rounds=111, duration=0.247702s
[scenario=10_clients] [game_id=64] iter=63, players=10, total_datasize=500000, converged=True, rounds=111, duration=0.244671s
[scenario=10_clients] [game_id=65] iter=64, players=10, total_datasize=500000, converged=True, rounds=110, duration=0.243742s
[scenario=10_clients] [game_id=66] iter=65, players=10, total_datasize=500000, converged=True, rounds=110, duration=0.253556s
[scenario=10_clients] [game_id=67] iter=66, players=10, total_datasize=500000, converged=True, rounds=110, duration=0.249268s
[scenario=10_clients] [game_id=68] iter=67, players=10, total_datasize=500000, converged=True, rounds=110, duration=0.248335s
[scenario=10_clients] [game_id=69] iter=68, players=10, total_datasize=500000, converged=True, rounds=110, duration=0.242848s
[scenario=10_clients] [game_id=70] iter=69, players=10, total_datasize=500000, converged=True, rounds=110, duration=0.244291s
[scenario=10_clients] [game_id=71] iter=70, players=10, total_datasize=500000, converged=True, rounds=110, duration=0.241988s
[scenario=10_clients] [game_id=72] iter=71, players=10, total_datasize=500000, converged=True, rounds=110, duration=0.248938s
[scenario=10_clients] [game_id=73] iter=72, players=10, total_datasize=500000, converged=True, rounds=110, duration=0.255954s
[scenario=10_clients] [game_id=74] iter=73, players=10, total_datasize=500000, converged=True, rounds=110, duration=0.246354s
[scenario=10_clients] [game_id=75] iter=74, players=10, total_datasize=500000, converged=True, rounds=110, duration=0.245587s
[scenario=10_clients] [game_id=76] iter=75, players=10, total_datasize=500000, converged=True, rounds=110, duration=0.246109s
[scenario=10_clients] [game_id=77] iter=76, players=10, total_datasize=500000, converged=True, rounds=110, duration=0.244778s
[scenario=10_clients] [game_id=78] iter=77, players=10, total_datasize=500000, converged=True, rounds=110, duration=0.241662s
[scenario=10_clients] [game_id=79] iter=78, players=10, total_datasize=500000, converged=True, rounds=110, duration=0.243498s
[scenario=10_clients] [game_id=80] iter=79, players=10, total_datasize=500000, converged=True, rounds=110, duration=0.243861s
[scenario=10_clients] [game_id=81] iter=80, players=10, total_datasize=500000, converged=True, rounds=110, duration=0.246999s
[scenario=10_clients] [game_id=82] iter=81, players=10, total_datasize=500000, converged=True, rounds=110, duration=0.243493s
[scenario=10_clients] [game_id=83] iter=82, players=10, total_datasize=500000, converged=True, rounds=110, duration=0.253464s
[scenario=10_clients] [game_id=84] iter=83, players=10, total_datasize=500000, converged=True, rounds=110, duration=0.244165s
[scenario=10_clients] [game_id=85] iter=84, players=10, total_datasize=500000, converged=True, rounds=110, duration=0.302571s
[scenario=10_clients] [game_id=86] iter=85, players=10, total_datasize=500000, converged=True, rounds=110, duration=0.414903s
[scenario=10_clients] [game_id=87] iter=86, players=10, total_datasize=500000, converged=True, rounds=110, duration=0.416159s
[scenario=10_clients] [game_id=88] iter=87, players=10, total_datasize=500000, converged=True, rounds=110, duration=0.414506s
[scenario=10_clients] [game_id=89] iter=88, players=10, total_datasize=500000, converged=True, rounds=110, duration=0.418524s
[scenario=10_clients] [game_id=90] iter=89, players=10, total_datasize=500000, converged=True, rounds=110, duration=0.414418s
[scenario=10_clients] [game_id=91] iter=90, players=10, total_datasize=500000, converged=True, rounds=110, duration=0.417284s
[scenario=10_clients] [game_id=92] iter=91, players=10, total_datasize=500000, converged=True, rounds=110, duration=0.375148s
[scenario=10_clients] [game_id=93] iter=92, players=10, total_datasize=500000, converged=True, rounds=110, duration=0.256938s
[scenario=10_clients] [game_id=94] iter=93, players=10, total_datasize=500000, converged=True, rounds=109, duration=0.255890s
[scenario=10_clients] [game_id=95] iter=94, players=10, total_datasize=500000, converged=True, rounds=109, duration=0.253733s
[scenario=10_clients] [game_id=96] iter=95, players=10, total_datasize=500000, converged=True, rounds=110, duration=0.258022s
[scenario=10_clients] [game_id=97] iter=96, players=10, total_datasize=500000, converged=True, rounds=110, duration=0.256021s
[scenario=10_clients] [game_id=98] iter=97, players=10, total_datasize=500000, converged=True, rounds=110, duration=0.258245s
[scenario=10_clients] [game_id=99] iter=98, players=10, total_datasize=500000, converged=True, rounds=110, duration=0.256649s
[scenario=10_clients] [game_id=100] iter=99, players=10, total_datasize=500000, converged=True, rounds=109, duration=0.253812s
实验完成，总博弈轮次=23330，总时间=55.702498s；日志文件：game_log/non_coop_batch/runs/scenario_2/participants_10/non_coop_game_metrics_participants_10.csv、game_log/non_coop_batch/runs/scenario_2/participants_10/non_coop_game_metrics_participants_10.jsonl、game_log/non_coop_batch/runs/scenario_2/participants_10/non_coop_run_summary_participants_10.csv、game_log/non_coop_batch/runs/scenario_2/participants_10/non_coop_run_summary_participants_10.jsonl
[OK] scenario=2, participants=10, total_rounds=23330, iter_count=100, all_converged=1
[RUN] /home/chenruiqi/anaconda2/envs/spdl/bin/python simulate_non_coop_game.py --scenario-profile legacy --mock-base-dir quality_data/non_coop_quality_scenarios/2 --participant-counts 15 --total-datasize 500000 --log-dir game_log/non_coop_batch/runs/scenario_2/participants_15
[scenario=15_clients] [game_id=1] iter=1, players=15, total_datasize=500000, converged=True, rounds=298, duration=2.056942s
[scenario=15_clients] [game_id=2] iter=2, players=15, total_datasize=500000, converged=True, rounds=534, duration=2.611998s
[scenario=15_clients] [game_id=3] iter=3, players=15, total_datasize=500000, converged=True, rounds=331, duration=1.332621s
[scenario=15_clients] [game_id=4] iter=4, players=15, total_datasize=500000, converged=True, rounds=221, duration=0.907509s
[scenario=15_clients] [game_id=5] iter=5, players=15, total_datasize=500000, converged=True, rounds=159, duration=0.652871s
[scenario=15_clients] [game_id=6] iter=6, players=15, total_datasize=500000, converged=True, rounds=250, duration=1.021870s
[scenario=15_clients] [game_id=7] iter=7, players=15, total_datasize=500000, converged=True, rounds=1573, duration=6.566445s
[scenario=15_clients] [game_id=8] iter=8, players=15, total_datasize=500000, converged=True, rounds=199, duration=0.839350s
[scenario=15_clients] [game_id=9] iter=9, players=15, total_datasize=500000, converged=True, rounds=495, duration=2.019339s
[scenario=15_clients] [game_id=10] iter=10, players=15, total_datasize=500000, converged=True, rounds=494, duration=2.051350s
[scenario=15_clients] [game_id=11] iter=11, players=15, total_datasize=500000, converged=True, rounds=356, duration=1.495257s
[scenario=15_clients] [game_id=12] iter=12, players=15, total_datasize=500000, converged=True, rounds=846, duration=3.503778s
[scenario=15_clients] [game_id=13] iter=13, players=15, total_datasize=500000, converged=True, rounds=121, duration=0.524059s
[scenario=15_clients] [game_id=14] iter=14, players=15, total_datasize=500000, converged=True, rounds=195, duration=0.782646s
[scenario=15_clients] [game_id=15] iter=15, players=15, total_datasize=500000, converged=True, rounds=347, duration=1.436807s
[scenario=15_clients] [game_id=16] iter=16, players=15, total_datasize=500000, converged=True, rounds=303, duration=1.300197s
[scenario=15_clients] [game_id=17] iter=17, players=15, total_datasize=500000, converged=True, rounds=842, duration=3.479505s
[scenario=15_clients] [game_id=18] iter=18, players=15, total_datasize=500000, converged=True, rounds=841, duration=3.384883s
[scenario=15_clients] [game_id=19] iter=19, players=15, total_datasize=500000, converged=True, rounds=841, duration=3.409389s
[scenario=15_clients] [game_id=20] iter=20, players=15, total_datasize=500000, converged=True, rounds=1312, duration=5.306093s
[scenario=15_clients] [game_id=21] iter=21, players=15, total_datasize=500000, converged=True, rounds=406, duration=1.600634s
[scenario=15_clients] [game_id=22] iter=22, players=15, total_datasize=500000, converged=True, rounds=405, duration=1.582886s
[scenario=15_clients] [game_id=23] iter=23, players=15, total_datasize=500000, converged=True, rounds=429, duration=1.701578s
[scenario=15_clients] [game_id=24] iter=24, players=15, total_datasize=500000, converged=True, rounds=383, duration=1.537169s
[scenario=15_clients] [game_id=25] iter=25, players=15, total_datasize=500000, converged=True, rounds=454, duration=1.811841s
[scenario=15_clients] [game_id=26] iter=26, players=15, total_datasize=500000, converged=True, rounds=400, duration=1.606560s
[scenario=15_clients] [game_id=27] iter=27, players=15, total_datasize=500000, converged=True, rounds=518, duration=2.077538s
[scenario=15_clients] [game_id=28] iter=28, players=15, total_datasize=500000, converged=True, rounds=230, duration=0.926647s
[scenario=15_clients] [game_id=29] iter=29, players=15, total_datasize=500000, converged=True, rounds=502, duration=2.077391s
[scenario=15_clients] [game_id=30] iter=30, players=15, total_datasize=500000, converged=True, rounds=534, duration=2.149171s
[scenario=15_clients] [game_id=31] iter=31, players=15, total_datasize=500000, converged=True, rounds=511, duration=2.038434s
[scenario=15_clients] [game_id=32] iter=32, players=15, total_datasize=500000, converged=True, rounds=682, duration=2.744667s
[scenario=15_clients] [game_id=33] iter=33, players=15, total_datasize=500000, converged=True, rounds=953, duration=3.770304s
[scenario=15_clients] [game_id=34] iter=34, players=15, total_datasize=500000, converged=True, rounds=513, duration=2.122113s
[scenario=15_clients] [game_id=35] iter=35, players=15, total_datasize=500000, converged=True, rounds=272, duration=1.153835s
[scenario=15_clients] [game_id=36] iter=36, players=15, total_datasize=500000, converged=True, rounds=180, duration=0.743802s
[scenario=15_clients] [game_id=37] iter=37, players=15, total_datasize=500000, converged=True, rounds=555, duration=2.271207s
[scenario=15_clients] [game_id=38] iter=38, players=15, total_datasize=500000, converged=True, rounds=355, duration=1.461794s
[scenario=15_clients] [game_id=39] iter=39, players=15, total_datasize=500000, converged=True, rounds=729, duration=2.937700s
[scenario=15_clients] [game_id=40] iter=40, players=15, total_datasize=500000, converged=True, rounds=762, duration=3.129853s
[scenario=15_clients] [game_id=41] iter=41, players=15, total_datasize=500000, converged=True, rounds=375, duration=1.554733s
[scenario=15_clients] [game_id=42] iter=42, players=15, total_datasize=500000, converged=True, rounds=173, duration=0.713532s
[scenario=15_clients] [game_id=43] iter=43, players=15, total_datasize=500000, converged=True, rounds=174, duration=0.699118s
[scenario=15_clients] [game_id=44] iter=44, players=15, total_datasize=500000, converged=True, rounds=83, duration=0.346665s
[scenario=15_clients] [game_id=45] iter=45, players=15, total_datasize=500000, converged=True, rounds=83, duration=0.334246s
[scenario=15_clients] [game_id=46] iter=46, players=15, total_datasize=500000, converged=True, rounds=473, duration=1.885596s
[scenario=15_clients] [game_id=47] iter=47, players=15, total_datasize=500000, converged=True, rounds=389, duration=1.552874s
[scenario=15_clients] [game_id=48] iter=48, players=15, total_datasize=500000, converged=True, rounds=392, duration=1.559371s
[scenario=15_clients] [game_id=49] iter=49, players=15, total_datasize=500000, converged=True, rounds=613, duration=2.458871s
[scenario=15_clients] [game_id=50] iter=50, players=15, total_datasize=500000, converged=True, rounds=613, duration=2.446544s
[scenario=15_clients] [game_id=51] iter=51, players=15, total_datasize=500000, converged=True, rounds=612, duration=2.390593s
[scenario=15_clients] [game_id=52] iter=52, players=15, total_datasize=500000, converged=True, rounds=371, duration=1.464477s
[scenario=15_clients] [game_id=53] iter=53, players=15, total_datasize=500000, converged=True, rounds=650, duration=2.578504s
[scenario=15_clients] [game_id=54] iter=54, players=15, total_datasize=500000, converged=True, rounds=606, duration=2.436222s
[scenario=15_clients] [game_id=55] iter=55, players=15, total_datasize=500000, converged=True, rounds=183, duration=0.744792s
[scenario=15_clients] [game_id=56] iter=56, players=15, total_datasize=500000, converged=True, rounds=184, duration=0.735991s
[scenario=15_clients] [game_id=57] iter=57, players=15, total_datasize=500000, converged=True, rounds=854, duration=3.423268s
[scenario=15_clients] [game_id=58] iter=58, players=15, total_datasize=500000, converged=True, rounds=458, duration=1.930519s
[scenario=15_clients] [game_id=59] iter=59, players=15, total_datasize=500000, converged=True, rounds=458, duration=2.000799s
[scenario=15_clients] [game_id=60] iter=60, players=15, total_datasize=500000, converged=True, rounds=692, duration=2.976158s
[scenario=15_clients] [game_id=61] iter=61, players=15, total_datasize=500000, converged=True, rounds=693, duration=2.953439s
[scenario=15_clients] [game_id=62] iter=62, players=15, total_datasize=500000, converged=True, rounds=366, duration=1.507315s
[scenario=15_clients] [game_id=63] iter=63, players=15, total_datasize=500000, converged=True, rounds=327, duration=1.352733s
[scenario=15_clients] [game_id=64] iter=64, players=15, total_datasize=500000, converged=True, rounds=278, duration=1.126569s
[scenario=15_clients] [game_id=65] iter=65, players=15, total_datasize=500000, converged=True, rounds=185, duration=0.751255s
[scenario=15_clients] [game_id=66] iter=66, players=15, total_datasize=500000, converged=True, rounds=601, duration=2.498951s
[scenario=15_clients] [game_id=67] iter=67, players=15, total_datasize=500000, converged=True, rounds=372, duration=1.504350s
[scenario=15_clients] [game_id=68] iter=68, players=15, total_datasize=500000, converged=True, rounds=453, duration=1.807906s
[scenario=15_clients] [game_id=69] iter=69, players=15, total_datasize=500000, converged=True, rounds=87, duration=0.352630s
[scenario=15_clients] [game_id=70] iter=70, players=15, total_datasize=500000, converged=True, rounds=449, duration=1.776221s
[scenario=15_clients] [game_id=71] iter=71, players=15, total_datasize=500000, converged=True, rounds=611, duration=2.426216s
[scenario=15_clients] [game_id=72] iter=72, players=15, total_datasize=500000, converged=True, rounds=641, duration=2.568290s
[scenario=15_clients] [game_id=73] iter=73, players=15, total_datasize=500000, converged=True, rounds=482, duration=1.958327s
[scenario=15_clients] [game_id=74] iter=74, players=15, total_datasize=500000, converged=True, rounds=805, duration=3.181115s
[scenario=15_clients] [game_id=75] iter=75, players=15, total_datasize=500000, converged=True, rounds=806, duration=3.208114s
[scenario=15_clients] [game_id=76] iter=76, players=15, total_datasize=500000, converged=True, rounds=806, duration=3.210027s
[scenario=15_clients] [game_id=77] iter=77, players=15, total_datasize=500000, converged=True, rounds=445, duration=1.764610s
[scenario=15_clients] [game_id=78] iter=78, players=15, total_datasize=500000, converged=True, rounds=639, duration=2.524999s
[scenario=15_clients] [game_id=79] iter=79, players=15, total_datasize=500000, converged=True, rounds=639, duration=2.539323s
[scenario=15_clients] [game_id=80] iter=80, players=15, total_datasize=500000, converged=True, rounds=606, duration=2.434602s
[scenario=15_clients] [game_id=81] iter=81, players=15, total_datasize=500000, converged=True, rounds=416, duration=1.680803s
[scenario=15_clients] [game_id=82] iter=82, players=15, total_datasize=500000, converged=True, rounds=416, duration=1.657100s
[scenario=15_clients] [game_id=83] iter=83, players=15, total_datasize=500000, converged=True, rounds=1121, duration=4.456826s
[scenario=15_clients] [game_id=84] iter=84, players=15, total_datasize=500000, converged=True, rounds=250, duration=0.993325s
[scenario=15_clients] [game_id=85] iter=85, players=15, total_datasize=500000, converged=True, rounds=426, duration=1.701258s
[scenario=15_clients] [game_id=86] iter=86, players=15, total_datasize=500000, converged=True, rounds=422, duration=1.696117s
[scenario=15_clients] [game_id=87] iter=87, players=15, total_datasize=500000, converged=True, rounds=769, duration=3.143086s
[scenario=15_clients] [game_id=88] iter=88, players=15, total_datasize=500000, converged=True, rounds=769, duration=3.206197s
[scenario=15_clients] [game_id=89] iter=89, players=15, total_datasize=500000, converged=True, rounds=770, duration=3.189731s
[scenario=15_clients] [game_id=90] iter=90, players=15, total_datasize=500000, converged=True, rounds=350, duration=1.428705s
[scenario=15_clients] [game_id=91] iter=91, players=15, total_datasize=500000, converged=True, rounds=344, duration=1.420813s
[scenario=15_clients] [game_id=92] iter=92, players=15, total_datasize=500000, converged=True, rounds=769, duration=3.105536s
[scenario=15_clients] [game_id=93] iter=93, players=15, total_datasize=500000, converged=True, rounds=400, duration=1.702816s
[scenario=15_clients] [game_id=94] iter=94, players=15, total_datasize=500000, converged=True, rounds=564, duration=2.337907s
[scenario=15_clients] [game_id=95] iter=95, players=15, total_datasize=500000, converged=True, rounds=626, duration=2.647876s
[scenario=15_clients] [game_id=96] iter=96, players=15, total_datasize=500000, converged=True, rounds=196, duration=0.833554s
[scenario=15_clients] [game_id=97] iter=97, players=15, total_datasize=500000, converged=True, rounds=219, duration=0.914284s
[scenario=15_clients] [game_id=98] iter=98, players=15, total_datasize=500000, converged=True, rounds=615, duration=2.538882s
[scenario=15_clients] [game_id=99] iter=99, players=15, total_datasize=500000, converged=True, rounds=421, duration=1.740399s
[scenario=15_clients] [game_id=100] iter=100, players=15, total_datasize=500000, converged=True, rounds=431, duration=1.808261s
实验完成，总博弈轮次=49352，总时间=202.011375s；日志文件：game_log/non_coop_batch/runs/scenario_2/participants_15/non_coop_game_metrics_participants_15.csv、game_log/non_coop_batch/runs/scenario_2/participants_15/non_coop_game_metrics_participants_15.jsonl、game_log/non_coop_batch/runs/scenario_2/participants_15/non_coop_run_summary_participants_15.csv、game_log/non_coop_batch/runs/scenario_2/participants_15/non_coop_run_summary_participants_15.jsonl
[OK] scenario=2, participants=15, total_rounds=49352, iter_count=100, all_converged=1
[RUN] /home/chenruiqi/anaconda2/envs/spdl/bin/python simulate_non_coop_game.py --scenario-profile legacy --mock-base-dir quality_data/non_coop_quality_scenarios/2 --participant-counts 20 --total-datasize 500000 --log-dir game_log/non_coop_batch/runs/scenario_2/participants_20
[scenario=20_clients] [game_id=1] iter=1, players=20, total_datasize=500000, converged=True, rounds=349, duration=3.674003s
[scenario=20_clients] [game_id=2] iter=2, players=20, total_datasize=500000, converged=True, rounds=236, duration=1.773184s
[scenario=20_clients] [game_id=3] iter=3, players=20, total_datasize=500000, converged=True, rounds=967, duration=7.184576s
[scenario=20_clients] [game_id=4] iter=4, players=20, total_datasize=500000, converged=True, rounds=370, duration=2.409210s
[scenario=20_clients] [game_id=5] iter=5, players=20, total_datasize=500000, converged=True, rounds=203, duration=1.327336s
[scenario=20_clients] [game_id=6] iter=6, players=20, total_datasize=500000, converged=True, rounds=505, duration=3.281983s
[scenario=20_clients] [game_id=7] iter=7, players=20, total_datasize=500000, converged=True, rounds=353, duration=3.766256s
[scenario=20_clients] [game_id=8] iter=8, players=20, total_datasize=500000, converged=True, rounds=183, duration=1.628936s
[scenario=20_clients] [game_id=9] iter=9, players=20, total_datasize=500000, converged=True, rounds=183, duration=1.128984s
[scenario=20_clients] [game_id=10] iter=10, players=20, total_datasize=500000, converged=True, rounds=660, duration=5.166775s
[scenario=20_clients] [game_id=11] iter=11, players=20, total_datasize=500000, converged=True, rounds=875, duration=6.337966s
[scenario=20_clients] [game_id=12] iter=12, players=20, total_datasize=500000, converged=True, rounds=460, duration=2.952132s
[scenario=20_clients] [game_id=13] iter=13, players=20, total_datasize=500000, converged=True, rounds=300, duration=1.953418s
[scenario=20_clients] [game_id=14] iter=14, players=20, total_datasize=500000, converged=True, rounds=149, duration=0.988840s
[scenario=20_clients] [game_id=15] iter=15, players=20, total_datasize=500000, converged=True, rounds=192, duration=1.261917s
[scenario=20_clients] [game_id=16] iter=16, players=20, total_datasize=500000, converged=True, rounds=278, duration=1.796255s
[scenario=20_clients] [game_id=17] iter=17, players=20, total_datasize=500000, converged=True, rounds=519, duration=3.286472s
[scenario=20_clients] [game_id=18] iter=18, players=20, total_datasize=500000, converged=True, rounds=419, duration=2.564810s
[scenario=20_clients] [game_id=19] iter=19, players=20, total_datasize=500000, converged=True, rounds=712, duration=4.409809s
[scenario=20_clients] [game_id=20] iter=20, players=20, total_datasize=500000, converged=True, rounds=399, duration=2.581621s
[scenario=20_clients] [game_id=21] iter=21, players=20, total_datasize=500000, converged=True, rounds=547, duration=3.419653s
[scenario=20_clients] [game_id=22] iter=22, players=20, total_datasize=500000, converged=True, rounds=718, duration=4.381962s
[scenario=20_clients] [game_id=23] iter=23, players=20, total_datasize=500000, converged=True, rounds=944, duration=5.970656s
[scenario=20_clients] [game_id=24] iter=24, players=20, total_datasize=500000, converged=True, rounds=218, duration=1.327374s
[scenario=20_clients] [game_id=25] iter=25, players=20, total_datasize=500000, converged=True, rounds=511, duration=3.068302s
[scenario=20_clients] [game_id=26] iter=26, players=20, total_datasize=500000, converged=True, rounds=520, duration=3.172498s
[scenario=20_clients] [game_id=27] iter=27, players=20, total_datasize=500000, converged=True, rounds=697, duration=4.237569s
[scenario=20_clients] [game_id=28] iter=28, players=20, total_datasize=500000, converged=True, rounds=695, duration=4.211326s
[scenario=20_clients] [game_id=29] iter=29, players=20, total_datasize=500000, converged=True, rounds=943, duration=5.815607s
[scenario=20_clients] [game_id=30] iter=30, players=20, total_datasize=500000, converged=True, rounds=363, duration=3.675492s
[scenario=20_clients] [game_id=31] iter=31, players=20, total_datasize=500000, converged=True, rounds=551, duration=5.564996s
[scenario=20_clients] [game_id=32] iter=32, players=20, total_datasize=500000, converged=True, rounds=548, duration=3.413914s
[scenario=20_clients] [game_id=33] iter=33, players=20, total_datasize=500000, converged=True, rounds=669, duration=4.304191s
[scenario=20_clients] [game_id=34] iter=34, players=20, total_datasize=500000, converged=True, rounds=856, duration=6.605041s
[scenario=20_clients] [game_id=35] iter=35, players=20, total_datasize=500000, converged=True, rounds=981, duration=7.986415s
[scenario=20_clients] [game_id=36] iter=36, players=20, total_datasize=500000, converged=True, rounds=479, duration=3.006055s
[scenario=20_clients] [game_id=37] iter=37, players=20, total_datasize=500000, converged=True, rounds=479, duration=3.020424s
[scenario=20_clients] [game_id=38] iter=38, players=20, total_datasize=500000, converged=True, rounds=336, duration=2.095271s
[scenario=20_clients] [game_id=39] iter=39, players=20, total_datasize=500000, converged=True, rounds=692, duration=4.395205s
[scenario=20_clients] [game_id=40] iter=40, players=20, total_datasize=500000, converged=True, rounds=693, duration=4.399897s
[scenario=20_clients] [game_id=41] iter=41, players=20, total_datasize=500000, converged=True, rounds=367, duration=2.344268s
[scenario=20_clients] [game_id=42] iter=42, players=20, total_datasize=500000, converged=True, rounds=712, duration=4.652373s
[scenario=20_clients] [game_id=43] iter=43, players=20, total_datasize=500000, converged=True, rounds=667, duration=4.284517s
[scenario=20_clients] [game_id=44] iter=44, players=20, total_datasize=500000, converged=True, rounds=837, duration=5.290209s
[scenario=20_clients] [game_id=45] iter=45, players=20, total_datasize=500000, converged=True, rounds=612, duration=3.860410s
[scenario=20_clients] [game_id=46] iter=46, players=20, total_datasize=500000, converged=True, rounds=697, duration=4.441868s
[scenario=20_clients] [game_id=47] iter=47, players=20, total_datasize=500000, converged=True, rounds=435, duration=2.745369s
[scenario=20_clients] [game_id=48] iter=48, players=20, total_datasize=500000, converged=True, rounds=645, duration=4.089195s
[scenario=20_clients] [game_id=49] iter=49, players=20, total_datasize=500000, converged=True, rounds=770, duration=4.909007s
[scenario=20_clients] [game_id=50] iter=50, players=20, total_datasize=500000, converged=True, rounds=452, duration=2.853025s
[scenario=20_clients] [game_id=51] iter=51, players=20, total_datasize=500000, converged=True, rounds=452, duration=2.872011s
[scenario=20_clients] [game_id=52] iter=52, players=20, total_datasize=500000, converged=True, rounds=453, duration=2.888367s
[scenario=20_clients] [game_id=53] iter=53, players=20, total_datasize=500000, converged=True, rounds=768, duration=4.911904s
[scenario=20_clients] [game_id=54] iter=54, players=20, total_datasize=500000, converged=True, rounds=769, duration=4.866379s
[scenario=20_clients] [game_id=55] iter=55, players=20, total_datasize=500000, converged=True, rounds=704, duration=4.504521s
[scenario=20_clients] [game_id=56] iter=56, players=20, total_datasize=500000, converged=True, rounds=762, duration=4.848516s
[scenario=20_clients] [game_id=57] iter=57, players=20, total_datasize=500000, converged=True, rounds=539, duration=3.437026s
[scenario=20_clients] [game_id=58] iter=58, players=20, total_datasize=500000, converged=True, rounds=699, duration=4.627530s
[scenario=20_clients] [game_id=59] iter=59, players=20, total_datasize=500000, converged=True, rounds=769, duration=4.990082s
[scenario=20_clients] [game_id=60] iter=60, players=20, total_datasize=500000, converged=True, rounds=736, duration=4.795086s
[scenario=20_clients] [game_id=61] iter=61, players=20, total_datasize=500000, converged=True, rounds=399, duration=2.506394s
[scenario=20_clients] [game_id=62] iter=62, players=20, total_datasize=500000, converged=True, rounds=458, duration=2.882738s
[scenario=20_clients] [game_id=63] iter=63, players=20, total_datasize=500000, converged=True, rounds=215, duration=1.364529s
[scenario=20_clients] [game_id=64] iter=64, players=20, total_datasize=500000, converged=True, rounds=216, duration=1.564234s
[scenario=20_clients] [game_id=65] iter=65, players=20, total_datasize=500000, converged=True, rounds=473, duration=4.231912s
[scenario=20_clients] [game_id=66] iter=66, players=20, total_datasize=500000, converged=True, rounds=438, duration=2.862131s
[scenario=20_clients] [game_id=67] iter=67, players=20, total_datasize=500000, converged=True, rounds=197, duration=1.298456s
[scenario=20_clients] [game_id=68] iter=68, players=20, total_datasize=500000, converged=True, rounds=818, duration=5.910837s
[scenario=20_clients] [game_id=69] iter=69, players=20, total_datasize=500000, converged=True, rounds=818, duration=6.188868s
[scenario=20_clients] [game_id=70] iter=70, players=20, total_datasize=500000, converged=True, rounds=820, duration=5.357576s
[scenario=20_clients] [game_id=71] iter=71, players=20, total_datasize=500000, converged=True, rounds=671, duration=4.430308s
[scenario=20_clients] [game_id=72] iter=72, players=20, total_datasize=500000, converged=True, rounds=472, duration=3.093591s
[scenario=20_clients] [game_id=73] iter=73, players=20, total_datasize=500000, converged=True, rounds=585, duration=3.934212s
[scenario=20_clients] [game_id=74] iter=74, players=20, total_datasize=500000, converged=True, rounds=586, duration=5.018317s
[scenario=20_clients] [game_id=75] iter=75, players=20, total_datasize=500000, converged=True, rounds=597, duration=3.776599s
[scenario=20_clients] [game_id=76] iter=76, players=20, total_datasize=500000, converged=True, rounds=854, duration=5.319022s
[scenario=20_clients] [game_id=77] iter=77, players=20, total_datasize=500000, converged=True, rounds=856, duration=5.398090s
[scenario=20_clients] [game_id=78] iter=78, players=20, total_datasize=500000, converged=True, rounds=857, duration=5.526750s
[scenario=20_clients] [game_id=79] iter=79, players=20, total_datasize=500000, converged=True, rounds=469, duration=3.017882s
[scenario=20_clients] [game_id=80] iter=80, players=20, total_datasize=500000, converged=True, rounds=469, duration=3.153715s
[scenario=20_clients] [game_id=81] iter=81, players=20, total_datasize=500000, converged=True, rounds=80, duration=0.527469s
[scenario=20_clients] [game_id=82] iter=82, players=20, total_datasize=500000, converged=True, rounds=596, duration=3.871445s
[scenario=20_clients] [game_id=83] iter=83, players=20, total_datasize=500000, converged=True, rounds=596, duration=3.903014s
[scenario=20_clients] [game_id=84] iter=84, players=20, total_datasize=500000, converged=True, rounds=596, duration=3.972976s
[scenario=20_clients] [game_id=85] iter=85, players=20, total_datasize=500000, converged=True, rounds=331, duration=2.075825s
[scenario=20_clients] [game_id=86] iter=86, players=20, total_datasize=500000, converged=True, rounds=330, duration=3.491244s
[scenario=20_clients] [game_id=87] iter=87, players=20, total_datasize=500000, converged=True, rounds=330, duration=2.257131s
[scenario=20_clients] [game_id=88] iter=88, players=20, total_datasize=500000, converged=True, rounds=327, duration=2.060130s
[scenario=20_clients] [game_id=89] iter=89, players=20, total_datasize=500000, converged=True, rounds=323, duration=2.021692s
[scenario=20_clients] [game_id=90] iter=90, players=20, total_datasize=500000, converged=True, rounds=719, duration=4.516969s
[scenario=20_clients] [game_id=91] iter=91, players=20, total_datasize=500000, converged=True, rounds=425, duration=2.690208s
[scenario=20_clients] [game_id=92] iter=92, players=20, total_datasize=500000, converged=True, rounds=328, duration=2.035012s
[scenario=20_clients] [game_id=93] iter=93, players=20, total_datasize=500000, converged=True, rounds=328, duration=2.043137s
[scenario=20_clients] [game_id=94] iter=94, players=20, total_datasize=500000, converged=True, rounds=585, duration=3.695902s
[scenario=20_clients] [game_id=95] iter=95, players=20, total_datasize=500000, converged=True, rounds=336, duration=2.134250s
[scenario=20_clients] [game_id=96] iter=96, players=20, total_datasize=500000, converged=True, rounds=336, duration=2.088547s
[scenario=20_clients] [game_id=97] iter=97, players=20, total_datasize=500000, converged=True, rounds=336, duration=2.112596s
[scenario=20_clients] [game_id=98] iter=98, players=20, total_datasize=500000, converged=True, rounds=336, duration=2.133384s
[scenario=20_clients] [game_id=99] iter=99, players=20, total_datasize=500000, converged=True, rounds=588, duration=3.696997s
[scenario=20_clients] [game_id=100] iter=100, players=20, total_datasize=500000, converged=True, rounds=588, duration=3.685529s
实验完成，总博弈轮次=53279，总时间=357.607615s；日志文件：game_log/non_coop_batch/runs/scenario_2/participants_20/non_coop_game_metrics_participants_20.csv、game_log/non_coop_batch/runs/scenario_2/participants_20/non_coop_game_metrics_participants_20.jsonl、game_log/non_coop_batch/runs/scenario_2/participants_20/non_coop_run_summary_participants_20.csv、game_log/non_coop_batch/runs/scenario_2/participants_20/non_coop_run_summary_participants_20.jsonl
[OK] scenario=2, participants=20, total_rounds=53279, iter_count=100, all_converged=1
[RUN] /home/chenruiqi/anaconda2/envs/spdl/bin/python simulate_non_coop_game.py --scenario-profile legacy --mock-base-dir quality_data/non_coop_quality_scenarios/2 --participant-counts 25 --total-datasize 500000 --log-dir game_log/non_coop_batch/runs/scenario_2/participants_25
[scenario=25_clients] [game_id=1] iter=1, players=25, total_datasize=500000, converged=True, rounds=290, duration=4.287356s
[scenario=25_clients] [game_id=2] iter=2, players=25, total_datasize=500000, converged=True, rounds=1047, duration=11.981046s
[scenario=25_clients] [game_id=3] iter=3, players=25, total_datasize=500000, converged=True, rounds=452, duration=5.065971s
[scenario=25_clients] [game_id=4] iter=4, players=25, total_datasize=500000, converged=True, rounds=467, duration=4.068564s
[scenario=25_clients] [game_id=5] iter=5, players=25, total_datasize=500000, converged=True, rounds=720, duration=6.234387s
[scenario=25_clients] [game_id=6] iter=6, players=25, total_datasize=500000, converged=True, rounds=1028, duration=8.974397s
[scenario=25_clients] [game_id=7] iter=7, players=25, total_datasize=500000, converged=True, rounds=295, duration=2.559591s
[scenario=25_clients] [game_id=8] iter=8, players=25, total_datasize=500000, converged=True, rounds=339, duration=2.949363s
[scenario=25_clients] [game_id=9] iter=9, players=25, total_datasize=500000, converged=True, rounds=255, duration=2.202254s
[scenario=25_clients] [game_id=10] iter=10, players=25, total_datasize=500000, converged=True, rounds=197, duration=1.713614s
[scenario=25_clients] [game_id=11] iter=11, players=25, total_datasize=500000, converged=True, rounds=323, duration=2.810111s
[scenario=25_clients] [game_id=12] iter=12, players=25, total_datasize=500000, converged=True, rounds=323, duration=2.785888s
[scenario=25_clients] [game_id=13] iter=13, players=25, total_datasize=500000, converged=True, rounds=324, duration=2.797657s
[scenario=25_clients] [game_id=14] iter=14, players=25, total_datasize=500000, converged=True, rounds=938, duration=10.105296s
[scenario=25_clients] [game_id=15] iter=15, players=25, total_datasize=500000, converged=True, rounds=324, duration=2.826753s
[scenario=25_clients] [game_id=16] iter=16, players=25, total_datasize=500000, converged=True, rounds=843, duration=9.687142s
[scenario=25_clients] [game_id=17] iter=17, players=25, total_datasize=500000, converged=True, rounds=844, duration=9.048166s
[scenario=25_clients] [game_id=18] iter=18, players=25, total_datasize=500000, converged=True, rounds=818, duration=7.177804s
[scenario=25_clients] [game_id=19] iter=19, players=25, total_datasize=500000, converged=True, rounds=870, duration=7.666345s
[scenario=25_clients] [game_id=20] iter=20, players=25, total_datasize=500000, converged=True, rounds=1062, duration=9.229005s
[scenario=25_clients] [game_id=21] iter=21, players=25, total_datasize=500000, converged=True, rounds=300, duration=2.669079s
[scenario=25_clients] [game_id=22] iter=22, players=25, total_datasize=500000, converged=True, rounds=743, duration=6.474597s
[scenario=25_clients] [game_id=23] iter=23, players=25, total_datasize=500000, converged=True, rounds=195, duration=1.707264s
[scenario=25_clients] [game_id=24] iter=24, players=25, total_datasize=500000, converged=True, rounds=465, duration=4.007831s
[scenario=25_clients] [game_id=25] iter=25, players=25, total_datasize=500000, converged=True, rounds=444, duration=3.787209s
[scenario=25_clients] [game_id=26] iter=26, players=25, total_datasize=500000, converged=True, rounds=445, duration=3.857235s
[scenario=25_clients] [game_id=27] iter=27, players=25, total_datasize=500000, converged=True, rounds=441, duration=3.773852s
[scenario=25_clients] [game_id=28] iter=28, players=25, total_datasize=500000, converged=True, rounds=567, duration=4.852914s
[scenario=25_clients] [game_id=29] iter=29, players=25, total_datasize=500000, converged=True, rounds=728, duration=6.320063s
[scenario=25_clients] [game_id=30] iter=30, players=25, total_datasize=500000, converged=True, rounds=456, duration=3.929113s
[scenario=25_clients] [game_id=31] iter=31, players=25, total_datasize=500000, converged=True, rounds=716, duration=6.184418s
[scenario=25_clients] [game_id=32] iter=32, players=25, total_datasize=500000, converged=True, rounds=495, duration=4.253657s
[scenario=25_clients] [game_id=33] iter=33, players=25, total_datasize=500000, converged=True, rounds=931, duration=7.993084s
[scenario=25_clients] [game_id=34] iter=34, players=25, total_datasize=500000, converged=True, rounds=495, duration=4.259451s
[scenario=25_clients] [game_id=35] iter=35, players=25, total_datasize=500000, converged=True, rounds=242, duration=2.098826s
[scenario=25_clients] [game_id=36] iter=36, players=25, total_datasize=500000, converged=True, rounds=386, duration=3.336183s
[scenario=25_clients] [game_id=37] iter=37, players=25, total_datasize=500000, converged=True, rounds=355, duration=3.080998s
[scenario=25_clients] [game_id=38] iter=38, players=25, total_datasize=500000, converged=True, rounds=308, duration=2.636510s
[scenario=25_clients] [game_id=39] iter=39, players=25, total_datasize=500000, converged=True, rounds=927, duration=8.038272s
[scenario=25_clients] [game_id=40] iter=40, players=25, total_datasize=500000, converged=True, rounds=460, duration=3.976026s
[scenario=25_clients] [game_id=41] iter=41, players=25, total_datasize=500000, converged=True, rounds=432, duration=3.809724s
[scenario=25_clients] [game_id=42] iter=42, players=25, total_datasize=500000, converged=True, rounds=758, duration=6.573218s
[scenario=25_clients] [game_id=43] iter=43, players=25, total_datasize=500000, converged=True, rounds=742, duration=6.400014s
[scenario=25_clients] [game_id=44] iter=44, players=25, total_datasize=500000, converged=True, rounds=741, duration=6.343931s
[scenario=25_clients] [game_id=45] iter=45, players=25, total_datasize=500000, converged=True, rounds=1029, duration=8.861290s
[scenario=25_clients] [game_id=46] iter=46, players=25, total_datasize=500000, converged=True, rounds=310, duration=2.702065s
[scenario=25_clients] [game_id=47] iter=47, players=25, total_datasize=500000, converged=True, rounds=513, duration=4.513263s
[scenario=25_clients] [game_id=48] iter=48, players=25, total_datasize=500000, converged=True, rounds=513, duration=4.397134s
[scenario=25_clients] [game_id=49] iter=49, players=25, total_datasize=500000, converged=True, rounds=635, duration=5.514209s
[scenario=25_clients] [game_id=50] iter=50, players=25, total_datasize=500000, converged=True, rounds=346, duration=2.997543s
[scenario=25_clients] [game_id=51] iter=51, players=25, total_datasize=500000, converged=True, rounds=694, duration=5.978797s
[scenario=25_clients] [game_id=52] iter=52, players=25, total_datasize=500000, converged=True, rounds=347, duration=2.961791s
[scenario=25_clients] [game_id=53] iter=53, players=25, total_datasize=500000, converged=True, rounds=900, duration=7.740451s
[scenario=25_clients] [game_id=54] iter=54, players=25, total_datasize=500000, converged=True, rounds=433, duration=3.712175s
[scenario=25_clients] [game_id=55] iter=55, players=25, total_datasize=500000, converged=True, rounds=666, duration=5.739933s
[scenario=25_clients] [game_id=56] iter=56, players=25, total_datasize=500000, converged=True, rounds=712, duration=6.055961s
[scenario=25_clients] [game_id=57] iter=57, players=25, total_datasize=500000, converged=True, rounds=466, duration=3.960060s
[scenario=25_clients] [game_id=58] iter=58, players=25, total_datasize=500000, converged=True, rounds=330, duration=2.812415s
[scenario=25_clients] [game_id=59] iter=59, players=25, total_datasize=500000, converged=True, rounds=301, duration=2.577729s
[scenario=25_clients] [game_id=60] iter=60, players=25, total_datasize=500000, converged=True, rounds=179, duration=1.528129s
[scenario=25_clients] [game_id=61] iter=61, players=25, total_datasize=500000, converged=True, rounds=469, duration=4.033697s
[scenario=25_clients] [game_id=62] iter=62, players=25, total_datasize=500000, converged=True, rounds=444, duration=3.775832s
[scenario=25_clients] [game_id=63] iter=63, players=25, total_datasize=500000, converged=True, rounds=646, duration=6.467573s
[scenario=25_clients] [game_id=64] iter=64, players=25, total_datasize=500000, converged=True, rounds=796, duration=7.360253s
[scenario=25_clients] [game_id=65] iter=65, players=25, total_datasize=500000, converged=True, rounds=535, duration=4.610878s
[scenario=25_clients] [game_id=66] iter=66, players=25, total_datasize=500000, converged=True, rounds=654, duration=5.595817s
[scenario=25_clients] [game_id=67] iter=67, players=25, total_datasize=500000, converged=True, rounds=757, duration=7.995687s
[scenario=25_clients] [game_id=68] iter=68, players=25, total_datasize=500000, converged=True, rounds=645, duration=5.482315s
[scenario=25_clients] [game_id=69] iter=69, players=25, total_datasize=500000, converged=True, rounds=266, duration=2.268477s
[scenario=25_clients] [game_id=70] iter=70, players=25, total_datasize=500000, converged=True, rounds=217, duration=1.886465s
[scenario=25_clients] [game_id=71] iter=71, players=25, total_datasize=500000, converged=True, rounds=217, duration=1.849742s
[scenario=25_clients] [game_id=72] iter=72, players=25, total_datasize=500000, converged=True, rounds=219, duration=1.921386s
[scenario=25_clients] [game_id=73] iter=73, players=25, total_datasize=500000, converged=True, rounds=962, duration=8.263776s
[scenario=25_clients] [game_id=74] iter=74, players=25, total_datasize=500000, converged=True, rounds=458, duration=3.919410s
[scenario=25_clients] [game_id=75] iter=75, players=25, total_datasize=500000, converged=True, rounds=459, duration=3.916773s
[scenario=25_clients] [game_id=76] iter=76, players=25, total_datasize=500000, converged=True, rounds=507, duration=4.368563s
[scenario=25_clients] [game_id=77] iter=77, players=25, total_datasize=500000, converged=True, rounds=275, duration=2.345347s
[scenario=25_clients] [game_id=78] iter=78, players=25, total_datasize=500000, converged=True, rounds=276, duration=2.328171s
[scenario=25_clients] [game_id=79] iter=79, players=25, total_datasize=500000, converged=True, rounds=368, duration=3.153866s
[scenario=25_clients] [game_id=80] iter=80, players=25, total_datasize=500000, converged=True, rounds=589, duration=5.076168s
[scenario=25_clients] [game_id=81] iter=81, players=25, total_datasize=500000, converged=True, rounds=290, duration=2.492052s
[scenario=25_clients] [game_id=82] iter=82, players=25, total_datasize=500000, converged=True, rounds=262, duration=2.235410s
[scenario=25_clients] [game_id=83] iter=83, players=25, total_datasize=500000, converged=True, rounds=437, duration=3.779450s
[scenario=25_clients] [game_id=84] iter=84, players=25, total_datasize=500000, converged=True, rounds=422, duration=3.620194s
[scenario=25_clients] [game_id=85] iter=85, players=25, total_datasize=500000, converged=True, rounds=742, duration=6.408075s
[scenario=25_clients] [game_id=86] iter=86, players=25, total_datasize=500000, converged=True, rounds=1047, duration=12.017983s
[scenario=25_clients] [game_id=87] iter=87, players=25, total_datasize=500000, converged=True, rounds=797, duration=6.951077s
[scenario=25_clients] [game_id=88] iter=88, players=25, total_datasize=500000, converged=True, rounds=463, duration=3.975576s
[scenario=25_clients] [game_id=89] iter=89, players=25, total_datasize=500000, converged=True, rounds=387, duration=3.312919s
[scenario=25_clients] [game_id=90] iter=90, players=25, total_datasize=500000, converged=True, rounds=691, duration=5.947501s
[scenario=25_clients] [game_id=91] iter=91, players=25, total_datasize=500000, converged=True, rounds=510, duration=4.388114s
[scenario=25_clients] [game_id=92] iter=92, players=25, total_datasize=500000, converged=True, rounds=705, duration=7.110714s
[scenario=25_clients] [game_id=93] iter=93, players=25, total_datasize=500000, converged=True, rounds=736, duration=6.289466s
[scenario=25_clients] [game_id=94] iter=94, players=25, total_datasize=500000, converged=True, rounds=235, duration=2.029894s
[scenario=25_clients] [game_id=95] iter=95, players=25, total_datasize=500000, converged=True, rounds=281, duration=2.444875s
[scenario=25_clients] [game_id=96] iter=96, players=25, total_datasize=500000, converged=True, rounds=348, duration=3.008869s
[scenario=25_clients] [game_id=97] iter=97, players=25, total_datasize=500000, converged=True, rounds=549, duration=4.680455s
[scenario=25_clients] [game_id=98] iter=98, players=25, total_datasize=500000, converged=True, rounds=410, duration=3.446674s
[scenario=25_clients] [game_id=99] iter=99, players=25, total_datasize=500000, converged=True, rounds=413, duration=3.547856s
[scenario=25_clients] [game_id=100] iter=100, players=25, total_datasize=500000, converged=True, rounds=610, duration=5.196087s
实验完成，总博弈轮次=52999，总时间=476.090562s；日志文件：game_log/non_coop_batch/runs/scenario_2/participants_25/non_coop_game_metrics_participants_25.csv、game_log/non_coop_batch/runs/scenario_2/participants_25/non_coop_game_metrics_participants_25.jsonl、game_log/non_coop_batch/runs/scenario_2/participants_25/non_coop_run_summary_participants_25.csv、game_log/non_coop_batch/runs/scenario_2/participants_25/non_coop_run_summary_participants_25.jsonl
[OK] scenario=2, participants=25, total_rounds=52999, iter_count=100, all_converged=1
[RUN] /home/chenruiqi/anaconda2/envs/spdl/bin/python simulate_non_coop_game.py --scenario-profile legacy --mock-base-dir quality_data/non_coop_quality_scenarios/3 --participant-counts 5 --total-datasize 500000 --log-dir game_log/non_coop_batch/runs/scenario_3/participants_5
[scenario=5_clients] [game_id=1] iter=1, players=5, total_datasize=500000, converged=True, rounds=1101, duration=1.680874s
[scenario=5_clients] [game_id=2] iter=2, players=5, total_datasize=500000, converged=True, rounds=1098, duration=1.260349s
[scenario=5_clients] [game_id=3] iter=3, players=5, total_datasize=500000, converged=True, rounds=1098, duration=0.961891s
[scenario=5_clients] [game_id=4] iter=4, players=5, total_datasize=500000, converged=True, rounds=1130, duration=0.996719s
[scenario=5_clients] [game_id=5] iter=5, players=5, total_datasize=500000, converged=True, rounds=424, duration=0.369575s
[scenario=5_clients] [game_id=6] iter=6, players=5, total_datasize=500000, converged=True, rounds=314, duration=0.273928s
[scenario=5_clients] [game_id=7] iter=7, players=5, total_datasize=500000, converged=True, rounds=288, duration=0.253603s
[scenario=5_clients] [game_id=8] iter=8, players=5, total_datasize=500000, converged=True, rounds=354, duration=0.312272s
[scenario=5_clients] [game_id=9] iter=9, players=5, total_datasize=500000, converged=True, rounds=304, duration=0.266460s
[scenario=5_clients] [game_id=10] iter=10, players=5, total_datasize=500000, converged=True, rounds=304, duration=0.269474s
[scenario=5_clients] [game_id=11] iter=11, players=5, total_datasize=500000, converged=True, rounds=304, duration=0.269869s
[scenario=5_clients] [game_id=12] iter=12, players=5, total_datasize=500000, converged=True, rounds=304, duration=0.267690s
[scenario=5_clients] [game_id=13] iter=13, players=5, total_datasize=500000, converged=True, rounds=255, duration=0.222349s
[scenario=5_clients] [game_id=14] iter=14, players=5, total_datasize=500000, converged=True, rounds=174, duration=0.152061s
[scenario=5_clients] [game_id=15] iter=15, players=5, total_datasize=500000, converged=True, rounds=160, duration=0.139043s
[scenario=5_clients] [game_id=16] iter=16, players=5, total_datasize=500000, converged=True, rounds=164, duration=0.146107s
[scenario=5_clients] [game_id=17] iter=17, players=5, total_datasize=500000, converged=True, rounds=160, duration=0.142463s
[scenario=5_clients] [game_id=18] iter=18, players=5, total_datasize=500000, converged=True, rounds=160, duration=0.143017s
[scenario=5_clients] [game_id=19] iter=19, players=5, total_datasize=500000, converged=True, rounds=160, duration=0.139077s
[scenario=5_clients] [game_id=20] iter=20, players=5, total_datasize=500000, converged=True, rounds=160, duration=0.142770s
[scenario=5_clients] [game_id=21] iter=21, players=5, total_datasize=500000, converged=True, rounds=160, duration=0.142365s
[scenario=5_clients] [game_id=22] iter=22, players=5, total_datasize=500000, converged=True, rounds=144, duration=0.124843s
[scenario=5_clients] [game_id=23] iter=23, players=5, total_datasize=500000, converged=True, rounds=129, duration=0.111144s
[scenario=5_clients] [game_id=24] iter=24, players=5, total_datasize=500000, converged=True, rounds=125, duration=0.108325s
[scenario=5_clients] [game_id=25] iter=25, players=5, total_datasize=500000, converged=True, rounds=124, duration=0.109443s
[scenario=5_clients] [game_id=26] iter=26, players=5, total_datasize=500000, converged=True, rounds=123, duration=0.107672s
[scenario=5_clients] [game_id=27] iter=27, players=5, total_datasize=500000, converged=True, rounds=122, duration=0.106797s
[scenario=5_clients] [game_id=28] iter=28, players=5, total_datasize=500000, converged=True, rounds=122, duration=0.106688s
[scenario=5_clients] [game_id=29] iter=29, players=5, total_datasize=500000, converged=True, rounds=121, duration=0.107243s
[scenario=5_clients] [game_id=30] iter=30, players=5, total_datasize=500000, converged=True, rounds=118, duration=0.103974s
[scenario=5_clients] [game_id=31] iter=31, players=5, total_datasize=500000, converged=True, rounds=116, duration=0.101285s
[scenario=5_clients] [game_id=32] iter=32, players=5, total_datasize=500000, converged=True, rounds=116, duration=0.101117s
[scenario=5_clients] [game_id=33] iter=33, players=5, total_datasize=500000, converged=True, rounds=117, duration=0.103863s
[scenario=5_clients] [game_id=34] iter=34, players=5, total_datasize=500000, converged=True, rounds=114, duration=0.099471s
[scenario=5_clients] [game_id=35] iter=35, players=5, total_datasize=500000, converged=True, rounds=114, duration=0.099895s
[scenario=5_clients] [game_id=36] iter=36, players=5, total_datasize=500000, converged=True, rounds=114, duration=0.114976s
[scenario=5_clients] [game_id=37] iter=37, players=5, total_datasize=500000, converged=True, rounds=114, duration=0.189876s
[scenario=5_clients] [game_id=38] iter=38, players=5, total_datasize=500000, converged=True, rounds=114, duration=0.174658s
[scenario=5_clients] [game_id=39] iter=39, players=5, total_datasize=500000, converged=True, rounds=114, duration=0.176095s
[scenario=5_clients] [game_id=40] iter=40, players=5, total_datasize=500000, converged=True, rounds=112, duration=0.173324s
[scenario=5_clients] [game_id=41] iter=41, players=5, total_datasize=500000, converged=True, rounds=111, duration=0.170983s
[scenario=5_clients] [game_id=42] iter=42, players=5, total_datasize=500000, converged=True, rounds=110, duration=0.168883s
[scenario=5_clients] [game_id=43] iter=43, players=5, total_datasize=500000, converged=True, rounds=110, duration=0.169968s
[scenario=5_clients] [game_id=44] iter=44, players=5, total_datasize=500000, converged=True, rounds=110, duration=0.170100s
[scenario=5_clients] [game_id=45] iter=45, players=5, total_datasize=500000, converged=True, rounds=110, duration=0.167990s
[scenario=5_clients] [game_id=46] iter=46, players=5, total_datasize=500000, converged=True, rounds=110, duration=0.168241s
[scenario=5_clients] [game_id=47] iter=47, players=5, total_datasize=500000, converged=True, rounds=110, duration=0.168643s
[scenario=5_clients] [game_id=48] iter=48, players=5, total_datasize=500000, converged=True, rounds=109, duration=0.171175s
[scenario=5_clients] [game_id=49] iter=49, players=5, total_datasize=500000, converged=True, rounds=109, duration=0.171632s
[scenario=5_clients] [game_id=50] iter=50, players=5, total_datasize=500000, converged=True, rounds=109, duration=0.172677s
[scenario=5_clients] [game_id=51] iter=51, players=5, total_datasize=500000, converged=True, rounds=109, duration=0.179948s
[scenario=5_clients] [game_id=52] iter=52, players=5, total_datasize=500000, converged=True, rounds=109, duration=0.172505s
[scenario=5_clients] [game_id=53] iter=53, players=5, total_datasize=500000, converged=True, rounds=109, duration=0.169961s
[scenario=5_clients] [game_id=54] iter=54, players=5, total_datasize=500000, converged=True, rounds=109, duration=0.167494s
[scenario=5_clients] [game_id=55] iter=55, players=5, total_datasize=500000, converged=True, rounds=109, duration=0.166904s
[scenario=5_clients] [game_id=56] iter=56, players=5, total_datasize=500000, converged=True, rounds=109, duration=0.167255s
[scenario=5_clients] [game_id=57] iter=57, players=5, total_datasize=500000, converged=True, rounds=109, duration=0.168058s
[scenario=5_clients] [game_id=58] iter=58, players=5, total_datasize=500000, converged=True, rounds=109, duration=0.165380s
[scenario=5_clients] [game_id=59] iter=59, players=5, total_datasize=500000, converged=True, rounds=108, duration=0.099761s
[scenario=5_clients] [game_id=60] iter=60, players=5, total_datasize=500000, converged=True, rounds=108, duration=0.097362s
[scenario=5_clients] [game_id=61] iter=61, players=5, total_datasize=500000, converged=True, rounds=108, duration=0.096579s
[scenario=5_clients] [game_id=62] iter=62, players=5, total_datasize=500000, converged=True, rounds=108, duration=0.096678s
[scenario=5_clients] [game_id=63] iter=63, players=5, total_datasize=500000, converged=True, rounds=108, duration=0.096370s
[scenario=5_clients] [game_id=64] iter=64, players=5, total_datasize=500000, converged=True, rounds=108, duration=0.099126s
[scenario=5_clients] [game_id=65] iter=65, players=5, total_datasize=500000, converged=True, rounds=108, duration=0.097106s
[scenario=5_clients] [game_id=66] iter=66, players=5, total_datasize=500000, converged=True, rounds=108, duration=0.097017s
[scenario=5_clients] [game_id=67] iter=67, players=5, total_datasize=500000, converged=True, rounds=108, duration=0.096844s
[scenario=5_clients] [game_id=68] iter=68, players=5, total_datasize=500000, converged=True, rounds=108, duration=0.096577s
[scenario=5_clients] [game_id=69] iter=69, players=5, total_datasize=500000, converged=True, rounds=108, duration=0.096450s
[scenario=5_clients] [game_id=70] iter=70, players=5, total_datasize=500000, converged=True, rounds=108, duration=0.099520s
[scenario=5_clients] [game_id=71] iter=71, players=5, total_datasize=500000, converged=True, rounds=108, duration=0.095354s
[scenario=5_clients] [game_id=72] iter=72, players=5, total_datasize=500000, converged=True, rounds=108, duration=0.096850s
[scenario=5_clients] [game_id=73] iter=73, players=5, total_datasize=500000, converged=True, rounds=108, duration=0.097799s
[scenario=5_clients] [game_id=74] iter=74, players=5, total_datasize=500000, converged=True, rounds=108, duration=0.097584s
[scenario=5_clients] [game_id=75] iter=75, players=5, total_datasize=500000, converged=True, rounds=108, duration=0.096560s
[scenario=5_clients] [game_id=76] iter=76, players=5, total_datasize=500000, converged=True, rounds=107, duration=0.093856s
[scenario=5_clients] [game_id=77] iter=77, players=5, total_datasize=500000, converged=True, rounds=107, duration=0.096217s
[scenario=5_clients] [game_id=78] iter=78, players=5, total_datasize=500000, converged=True, rounds=107, duration=0.099443s
[scenario=5_clients] [game_id=79] iter=79, players=5, total_datasize=500000, converged=True, rounds=107, duration=0.097315s
[scenario=5_clients] [game_id=80] iter=80, players=5, total_datasize=500000, converged=True, rounds=107, duration=0.098811s
[scenario=5_clients] [game_id=81] iter=81, players=5, total_datasize=500000, converged=True, rounds=107, duration=0.099290s
[scenario=5_clients] [game_id=82] iter=82, players=5, total_datasize=500000, converged=True, rounds=107, duration=0.100973s
[scenario=5_clients] [game_id=83] iter=83, players=5, total_datasize=500000, converged=True, rounds=107, duration=0.099378s
[scenario=5_clients] [game_id=84] iter=84, players=5, total_datasize=500000, converged=True, rounds=107, duration=0.100088s
[scenario=5_clients] [game_id=85] iter=85, players=5, total_datasize=500000, converged=True, rounds=107, duration=0.098069s
[scenario=5_clients] [game_id=86] iter=86, players=5, total_datasize=500000, converged=True, rounds=107, duration=0.096995s
[scenario=5_clients] [game_id=87] iter=87, players=5, total_datasize=500000, converged=True, rounds=107, duration=0.097549s
[scenario=5_clients] [game_id=88] iter=88, players=5, total_datasize=500000, converged=True, rounds=107, duration=0.096479s
[scenario=5_clients] [game_id=89] iter=89, players=5, total_datasize=500000, converged=True, rounds=107, duration=0.097572s
[scenario=5_clients] [game_id=90] iter=90, players=5, total_datasize=500000, converged=True, rounds=106, duration=0.097105s
[scenario=5_clients] [game_id=91] iter=91, players=5, total_datasize=500000, converged=True, rounds=107, duration=0.096428s
[scenario=5_clients] [game_id=92] iter=92, players=5, total_datasize=500000, converged=True, rounds=107, duration=0.096306s
[scenario=5_clients] [game_id=93] iter=93, players=5, total_datasize=500000, converged=True, rounds=107, duration=0.096153s
[scenario=5_clients] [game_id=94] iter=94, players=5, total_datasize=500000, converged=True, rounds=107, duration=0.097695s
[scenario=5_clients] [game_id=95] iter=95, players=5, total_datasize=500000, converged=True, rounds=107, duration=0.096120s
[scenario=5_clients] [game_id=96] iter=96, players=5, total_datasize=500000, converged=True, rounds=106, duration=0.095112s
[scenario=5_clients] [game_id=97] iter=97, players=5, total_datasize=500000, converged=True, rounds=106, duration=0.094790s
[scenario=5_clients] [game_id=98] iter=98, players=5, total_datasize=500000, converged=True, rounds=106, duration=0.095858s
[scenario=5_clients] [game_id=99] iter=99, players=5, total_datasize=500000, converged=True, rounds=107, duration=0.095833s
[scenario=5_clients] [game_id=100] iter=100, players=5, total_datasize=500000, converged=True, rounds=106, duration=0.095815s
实验完成，总博弈轮次=17325，总时间=18.013229s；日志文件：game_log/non_coop_batch/runs/scenario_3/participants_5/non_coop_game_metrics_participants_5.csv、game_log/non_coop_batch/runs/scenario_3/participants_5/non_coop_game_metrics_participants_5.jsonl、game_log/non_coop_batch/runs/scenario_3/participants_5/non_coop_run_summary_participants_5.csv、game_log/non_coop_batch/runs/scenario_3/participants_5/non_coop_run_summary_participants_5.jsonl
[OK] scenario=3, participants=5, total_rounds=17325, iter_count=100, all_converged=1
[RUN] /home/chenruiqi/anaconda2/envs/spdl/bin/python simulate_non_coop_game.py --scenario-profile legacy --mock-base-dir quality_data/non_coop_quality_scenarios/3 --participant-counts 10 --total-datasize 500000 --log-dir game_log/non_coop_batch/runs/scenario_3/participants_10
[scenario=10_clients] [game_id=1] iter=0, players=10, total_datasize=500000, converged=True, rounds=223, duration=0.503178s
[scenario=10_clients] [game_id=2] iter=1, players=10, total_datasize=500000, converged=True, rounds=159, duration=0.347527s
[scenario=10_clients] [game_id=3] iter=2, players=10, total_datasize=500000, converged=True, rounds=853, duration=1.881040s
[scenario=10_clients] [game_id=4] iter=3, players=10, total_datasize=500000, converged=True, rounds=478, duration=1.067851s
[scenario=10_clients] [game_id=5] iter=4, players=10, total_datasize=500000, converged=True, rounds=324, duration=0.761111s
[scenario=10_clients] [game_id=6] iter=5, players=10, total_datasize=500000, converged=True, rounds=344, duration=0.772399s
[scenario=10_clients] [game_id=7] iter=6, players=10, total_datasize=500000, converged=True, rounds=192, duration=0.426881s
[scenario=10_clients] [game_id=8] iter=7, players=10, total_datasize=500000, converged=True, rounds=195, duration=0.422088s
[scenario=10_clients] [game_id=9] iter=8, players=10, total_datasize=500000, converged=True, rounds=255, duration=0.574313s
[scenario=10_clients] [game_id=10] iter=9, players=10, total_datasize=500000, converged=True, rounds=337, duration=0.746597s
[scenario=10_clients] [game_id=11] iter=10, players=10, total_datasize=500000, converged=True, rounds=115, duration=0.251108s
[scenario=10_clients] [game_id=12] iter=11, players=10, total_datasize=500000, converged=True, rounds=827, duration=1.843349s
[scenario=10_clients] [game_id=13] iter=12, players=10, total_datasize=500000, converged=True, rounds=411, duration=0.913943s
[scenario=10_clients] [game_id=14] iter=13, players=10, total_datasize=500000, converged=True, rounds=742, duration=1.677672s
[scenario=10_clients] [game_id=15] iter=14, players=10, total_datasize=500000, converged=True, rounds=412, duration=0.912470s
[scenario=10_clients] [game_id=16] iter=15, players=10, total_datasize=500000, converged=True, rounds=311, duration=0.685508s
[scenario=10_clients] [game_id=17] iter=16, players=10, total_datasize=500000, converged=True, rounds=265, duration=0.583383s
[scenario=10_clients] [game_id=18] iter=17, players=10, total_datasize=500000, converged=True, rounds=308, duration=0.702422s
[scenario=10_clients] [game_id=19] iter=18, players=10, total_datasize=500000, converged=True, rounds=309, duration=0.701207s
[scenario=10_clients] [game_id=20] iter=19, players=10, total_datasize=500000, converged=True, rounds=245, duration=0.546237s
[scenario=10_clients] [game_id=21] iter=20, players=10, total_datasize=500000, converged=True, rounds=276, duration=0.818630s
[scenario=10_clients] [game_id=22] iter=21, players=10, total_datasize=500000, converged=True, rounds=218, duration=0.801848s
[scenario=10_clients] [game_id=23] iter=22, players=10, total_datasize=500000, converged=True, rounds=271, duration=0.997524s
[scenario=10_clients] [game_id=24] iter=23, players=10, total_datasize=500000, converged=True, rounds=689, duration=1.640996s
[scenario=10_clients] [game_id=25] iter=24, players=10, total_datasize=500000, converged=True, rounds=689, duration=1.558933s
[scenario=10_clients] [game_id=26] iter=25, players=10, total_datasize=500000, converged=True, rounds=130, duration=0.294736s
[scenario=10_clients] [game_id=27] iter=26, players=10, total_datasize=500000, converged=True, rounds=124, duration=0.270299s
[scenario=10_clients] [game_id=28] iter=27, players=10, total_datasize=500000, converged=True, rounds=371, duration=0.841003s
[scenario=10_clients] [game_id=29] iter=28, players=10, total_datasize=500000, converged=True, rounds=292, duration=0.639394s
[scenario=10_clients] [game_id=30] iter=29, players=10, total_datasize=500000, converged=True, rounds=293, duration=0.656886s
[scenario=10_clients] [game_id=31] iter=30, players=10, total_datasize=500000, converged=True, rounds=294, duration=0.649289s
[scenario=10_clients] [game_id=32] iter=31, players=10, total_datasize=500000, converged=True, rounds=221, duration=0.488106s
[scenario=10_clients] [game_id=33] iter=32, players=10, total_datasize=500000, converged=True, rounds=197, duration=0.459732s
[scenario=10_clients] [game_id=34] iter=33, players=10, total_datasize=500000, converged=True, rounds=188, duration=0.412735s
[scenario=10_clients] [game_id=35] iter=34, players=10, total_datasize=500000, converged=True, rounds=184, duration=0.405980s
[scenario=10_clients] [game_id=36] iter=35, players=10, total_datasize=500000, converged=True, rounds=183, duration=0.401005s
[scenario=10_clients] [game_id=37] iter=36, players=10, total_datasize=500000, converged=True, rounds=173, duration=0.395370s
[scenario=10_clients] [game_id=38] iter=37, players=10, total_datasize=500000, converged=True, rounds=149, duration=0.325532s
[scenario=10_clients] [game_id=39] iter=38, players=10, total_datasize=500000, converged=True, rounds=134, duration=0.293926s
[scenario=10_clients] [game_id=40] iter=39, players=10, total_datasize=500000, converged=True, rounds=129, duration=0.282685s
[scenario=10_clients] [game_id=41] iter=40, players=10, total_datasize=500000, converged=True, rounds=128, duration=0.285248s
[scenario=10_clients] [game_id=42] iter=41, players=10, total_datasize=500000, converged=True, rounds=124, duration=0.272246s
[scenario=10_clients] [game_id=43] iter=42, players=10, total_datasize=500000, converged=True, rounds=124, duration=0.268467s
[scenario=10_clients] [game_id=44] iter=43, players=10, total_datasize=500000, converged=True, rounds=124, duration=0.274805s
[scenario=10_clients] [game_id=45] iter=44, players=10, total_datasize=500000, converged=True, rounds=121, duration=0.267661s
[scenario=10_clients] [game_id=46] iter=45, players=10, total_datasize=500000, converged=True, rounds=118, duration=0.255631s
[scenario=10_clients] [game_id=47] iter=46, players=10, total_datasize=500000, converged=True, rounds=116, duration=0.269249s
[scenario=10_clients] [game_id=48] iter=47, players=10, total_datasize=500000, converged=True, rounds=116, duration=0.252881s
[scenario=10_clients] [game_id=49] iter=48, players=10, total_datasize=500000, converged=True, rounds=115, duration=0.251191s
[scenario=10_clients] [game_id=50] iter=49, players=10, total_datasize=500000, converged=True, rounds=115, duration=0.252261s
[scenario=10_clients] [game_id=51] iter=50, players=10, total_datasize=500000, converged=True, rounds=115, duration=0.253930s
[scenario=10_clients] [game_id=52] iter=51, players=10, total_datasize=500000, converged=True, rounds=115, duration=0.248126s
[scenario=10_clients] [game_id=53] iter=52, players=10, total_datasize=500000, converged=True, rounds=115, duration=0.252661s
[scenario=10_clients] [game_id=54] iter=53, players=10, total_datasize=500000, converged=True, rounds=115, duration=0.249105s
[scenario=10_clients] [game_id=55] iter=54, players=10, total_datasize=500000, converged=True, rounds=114, duration=0.248712s
[scenario=10_clients] [game_id=56] iter=55, players=10, total_datasize=500000, converged=True, rounds=112, duration=0.246514s
[scenario=10_clients] [game_id=57] iter=56, players=10, total_datasize=500000, converged=True, rounds=112, duration=0.245295s
[scenario=10_clients] [game_id=58] iter=57, players=10, total_datasize=500000, converged=True, rounds=112, duration=0.242226s
[scenario=10_clients] [game_id=59] iter=58, players=10, total_datasize=500000, converged=True, rounds=112, duration=0.244208s
[scenario=10_clients] [game_id=60] iter=59, players=10, total_datasize=500000, converged=True, rounds=112, duration=0.242119s
[scenario=10_clients] [game_id=61] iter=60, players=10, total_datasize=500000, converged=True, rounds=112, duration=0.244804s
[scenario=10_clients] [game_id=62] iter=61, players=10, total_datasize=500000, converged=True, rounds=112, duration=0.244201s
[scenario=10_clients] [game_id=63] iter=62, players=10, total_datasize=500000, converged=True, rounds=112, duration=0.243269s
[scenario=10_clients] [game_id=64] iter=63, players=10, total_datasize=500000, converged=True, rounds=110, duration=0.240343s
[scenario=10_clients] [game_id=65] iter=64, players=10, total_datasize=500000, converged=True, rounds=110, duration=0.239183s
[scenario=10_clients] [game_id=66] iter=65, players=10, total_datasize=500000, converged=True, rounds=110, duration=0.246399s
[scenario=10_clients] [game_id=67] iter=66, players=10, total_datasize=500000, converged=True, rounds=110, duration=0.241968s
[scenario=10_clients] [game_id=68] iter=67, players=10, total_datasize=500000, converged=True, rounds=110, duration=0.241458s
[scenario=10_clients] [game_id=69] iter=68, players=10, total_datasize=500000, converged=True, rounds=110, duration=0.240466s
[scenario=10_clients] [game_id=70] iter=69, players=10, total_datasize=500000, converged=True, rounds=110, duration=0.240311s
[scenario=10_clients] [game_id=71] iter=70, players=10, total_datasize=500000, converged=True, rounds=110, duration=0.238891s
[scenario=10_clients] [game_id=72] iter=71, players=10, total_datasize=500000, converged=True, rounds=110, duration=0.243146s
[scenario=10_clients] [game_id=73] iter=72, players=10, total_datasize=500000, converged=True, rounds=110, duration=0.243824s
[scenario=10_clients] [game_id=74] iter=73, players=10, total_datasize=500000, converged=True, rounds=110, duration=0.361817s
[scenario=10_clients] [game_id=75] iter=74, players=10, total_datasize=500000, converged=True, rounds=110, duration=0.401577s
[scenario=10_clients] [game_id=76] iter=75, players=10, total_datasize=500000, converged=True, rounds=110, duration=0.402377s
[scenario=10_clients] [game_id=77] iter=76, players=10, total_datasize=500000, converged=True, rounds=110, duration=0.406490s
[scenario=10_clients] [game_id=78] iter=77, players=10, total_datasize=500000, converged=True, rounds=110, duration=0.405629s
[scenario=10_clients] [game_id=79] iter=78, players=10, total_datasize=500000, converged=True, rounds=110, duration=0.405267s
[scenario=10_clients] [game_id=80] iter=79, players=10, total_datasize=500000, converged=True, rounds=110, duration=0.405500s
[scenario=10_clients] [game_id=81] iter=80, players=10, total_datasize=500000, converged=True, rounds=110, duration=0.407058s
[scenario=10_clients] [game_id=82] iter=81, players=10, total_datasize=500000, converged=True, rounds=110, duration=0.286287s
[scenario=10_clients] [game_id=83] iter=82, players=10, total_datasize=500000, converged=True, rounds=110, duration=0.234971s
[scenario=10_clients] [game_id=84] iter=83, players=10, total_datasize=500000, converged=True, rounds=110, duration=0.243702s
[scenario=10_clients] [game_id=85] iter=84, players=10, total_datasize=500000, converged=True, rounds=110, duration=0.241660s
[scenario=10_clients] [game_id=86] iter=85, players=10, total_datasize=500000, converged=True, rounds=110, duration=0.242796s
[scenario=10_clients] [game_id=87] iter=86, players=10, total_datasize=500000, converged=True, rounds=110, duration=0.240164s
[scenario=10_clients] [game_id=88] iter=87, players=10, total_datasize=500000, converged=True, rounds=110, duration=0.239951s
[scenario=10_clients] [game_id=89] iter=88, players=10, total_datasize=500000, converged=True, rounds=110, duration=0.243401s
[scenario=10_clients] [game_id=90] iter=89, players=10, total_datasize=500000, converged=True, rounds=110, duration=0.243894s
[scenario=10_clients] [game_id=91] iter=90, players=10, total_datasize=500000, converged=True, rounds=110, duration=0.242961s
[scenario=10_clients] [game_id=92] iter=91, players=10, total_datasize=500000, converged=True, rounds=110, duration=0.239567s
[scenario=10_clients] [game_id=93] iter=92, players=10, total_datasize=500000, converged=True, rounds=110, duration=0.246837s
[scenario=10_clients] [game_id=94] iter=93, players=10, total_datasize=500000, converged=True, rounds=110, duration=0.244546s
[scenario=10_clients] [game_id=95] iter=94, players=10, total_datasize=500000, converged=True, rounds=110, duration=0.247849s
[scenario=10_clients] [game_id=96] iter=95, players=10, total_datasize=500000, converged=True, rounds=110, duration=0.242454s
[scenario=10_clients] [game_id=97] iter=96, players=10, total_datasize=500000, converged=True, rounds=110, duration=0.242099s
[scenario=10_clients] [game_id=98] iter=97, players=10, total_datasize=500000, converged=True, rounds=110, duration=0.243267s
[scenario=10_clients] [game_id=99] iter=98, players=10, total_datasize=500000, converged=True, rounds=110, duration=0.246953s
[scenario=10_clients] [game_id=100] iter=99, players=10, total_datasize=500000, converged=True, rounds=110, duration=0.242113s
实验完成，总博弈轮次=19251，总时间=45.076876s；日志文件：game_log/non_coop_batch/runs/scenario_3/participants_10/non_coop_game_metrics_participants_10.csv、game_log/non_coop_batch/runs/scenario_3/participants_10/non_coop_game_metrics_participants_10.jsonl、game_log/non_coop_batch/runs/scenario_3/participants_10/non_coop_run_summary_participants_10.csv、game_log/non_coop_batch/runs/scenario_3/participants_10/non_coop_run_summary_participants_10.jsonl
[OK] scenario=3, participants=10, total_rounds=19251, iter_count=100, all_converged=1
[RUN] /home/chenruiqi/anaconda2/envs/spdl/bin/python simulate_non_coop_game.py --scenario-profile legacy --mock-base-dir quality_data/non_coop_quality_scenarios/3 --participant-counts 15 --total-datasize 500000 --log-dir game_log/non_coop_batch/runs/scenario_3/participants_15
[scenario=15_clients] [game_id=1] iter=1, players=15, total_datasize=500000, converged=True, rounds=870, duration=5.055754s
[scenario=15_clients] [game_id=2] iter=2, players=15, total_datasize=500000, converged=True, rounds=283, duration=1.130558s
[scenario=15_clients] [game_id=3] iter=3, players=15, total_datasize=500000, converged=True, rounds=983, duration=3.927626s
[scenario=15_clients] [game_id=4] iter=4, players=15, total_datasize=500000, converged=True, rounds=396, duration=1.580510s
[scenario=15_clients] [game_id=5] iter=5, players=15, total_datasize=500000, converged=True, rounds=356, duration=1.686907s
[scenario=15_clients] [game_id=6] iter=6, players=15, total_datasize=500000, converged=True, rounds=920, duration=4.659390s
[scenario=15_clients] [game_id=7] iter=7, players=15, total_datasize=500000, converged=True, rounds=625, duration=2.494762s
[scenario=15_clients] [game_id=8] iter=8, players=15, total_datasize=500000, converged=True, rounds=1625, duration=7.646724s
[scenario=15_clients] [game_id=9] iter=9, players=15, total_datasize=500000, converged=True, rounds=900, duration=3.469612s
[scenario=15_clients] [game_id=10] iter=10, players=15, total_datasize=500000, converged=True, rounds=900, duration=3.493804s
[scenario=15_clients] [game_id=11] iter=11, players=15, total_datasize=500000, converged=True, rounds=900, duration=3.498374s
[scenario=15_clients] [game_id=12] iter=12, players=15, total_datasize=500000, converged=True, rounds=1066, duration=5.888231s
[scenario=15_clients] [game_id=13] iter=13, players=15, total_datasize=500000, converged=True, rounds=951, duration=3.784770s
[scenario=15_clients] [game_id=14] iter=14, players=15, total_datasize=500000, converged=True, rounds=1115, duration=4.332918s
[scenario=15_clients] [game_id=15] iter=15, players=15, total_datasize=500000, converged=True, rounds=88, duration=0.339769s
[scenario=15_clients] [game_id=16] iter=16, players=15, total_datasize=500000, converged=True, rounds=570, duration=2.214100s
[scenario=15_clients] [game_id=17] iter=17, players=15, total_datasize=500000, converged=True, rounds=311, duration=1.206682s
[scenario=15_clients] [game_id=18] iter=18, players=15, total_datasize=500000, converged=True, rounds=311, duration=1.205627s
[scenario=15_clients] [game_id=19] iter=19, players=15, total_datasize=500000, converged=True, rounds=311, duration=1.210881s
[scenario=15_clients] [game_id=20] iter=20, players=15, total_datasize=500000, converged=True, rounds=315, duration=1.222817s
[scenario=15_clients] [game_id=21] iter=21, players=15, total_datasize=500000, converged=True, rounds=1073, duration=4.145059s
[scenario=15_clients] [game_id=22] iter=22, players=15, total_datasize=500000, converged=True, rounds=1497, duration=5.811252s
[scenario=15_clients] [game_id=23] iter=23, players=15, total_datasize=500000, converged=True, rounds=547, duration=2.118856s
[scenario=15_clients] [game_id=24] iter=24, players=15, total_datasize=500000, converged=True, rounds=312, duration=1.208566s
[scenario=15_clients] [game_id=25] iter=25, players=15, total_datasize=500000, converged=True, rounds=83, duration=0.321741s
[scenario=15_clients] [game_id=26] iter=26, players=15, total_datasize=500000, converged=True, rounds=542, duration=2.101583s
[scenario=15_clients] [game_id=27] iter=27, players=15, total_datasize=500000, converged=True, rounds=990, duration=3.893579s
[scenario=15_clients] [game_id=28] iter=28, players=15, total_datasize=500000, converged=True, rounds=524, duration=2.095846s
[scenario=15_clients] [game_id=29] iter=29, players=15, total_datasize=500000, converged=True, rounds=534, duration=2.072296s
[scenario=15_clients] [game_id=30] iter=30, players=15, total_datasize=500000, converged=True, rounds=975, duration=3.795863s
[scenario=15_clients] [game_id=31] iter=31, players=15, total_datasize=500000, converged=True, rounds=960, duration=3.783944s
[scenario=15_clients] [game_id=32] iter=32, players=15, total_datasize=500000, converged=True, rounds=955, duration=3.833891s
[scenario=15_clients] [game_id=33] iter=33, players=15, total_datasize=500000, converged=True, rounds=529, duration=2.116063s
[scenario=15_clients] [game_id=34] iter=34, players=15, total_datasize=500000, converged=True, rounds=1326, duration=5.176367s
[scenario=15_clients] [game_id=35] iter=35, players=15, total_datasize=500000, converged=True, rounds=528, duration=2.105181s
[scenario=15_clients] [game_id=36] iter=36, players=15, total_datasize=500000, converged=True, rounds=528, duration=2.120491s
[scenario=15_clients] [game_id=37] iter=37, players=15, total_datasize=500000, converged=True, rounds=528, duration=2.115020s
[scenario=15_clients] [game_id=38] iter=38, players=15, total_datasize=500000, converged=True, rounds=528, duration=2.098175s
[scenario=15_clients] [game_id=39] iter=39, players=15, total_datasize=500000, converged=True, rounds=746, duration=2.932593s
[scenario=15_clients] [game_id=40] iter=40, players=15, total_datasize=500000, converged=True, rounds=854, duration=3.404380s
[scenario=15_clients] [game_id=41] iter=41, players=15, total_datasize=500000, converged=True, rounds=718, duration=2.830204s
[scenario=15_clients] [game_id=42] iter=42, players=15, total_datasize=500000, converged=True, rounds=309, duration=1.199249s
[scenario=15_clients] [game_id=43] iter=43, players=15, total_datasize=500000, converged=True, rounds=282, duration=1.093910s
[scenario=15_clients] [game_id=44] iter=44, players=15, total_datasize=500000, converged=True, rounds=488, duration=1.921251s
[scenario=15_clients] [game_id=45] iter=45, players=15, total_datasize=500000, converged=True, rounds=488, duration=1.952252s
[scenario=15_clients] [game_id=46] iter=46, players=15, total_datasize=500000, converged=True, rounds=253, duration=1.017438s
[scenario=15_clients] [game_id=47] iter=47, players=15, total_datasize=500000, converged=True, rounds=495, duration=1.992279s
[scenario=15_clients] [game_id=48] iter=48, players=15, total_datasize=500000, converged=True, rounds=877, duration=3.461817s
[scenario=15_clients] [game_id=49] iter=49, players=15, total_datasize=500000, converged=True, rounds=724, duration=2.806892s
[scenario=15_clients] [game_id=50] iter=50, players=15, total_datasize=500000, converged=True, rounds=757, duration=2.926729s
[scenario=15_clients] [game_id=51] iter=51, players=15, total_datasize=500000, converged=True, rounds=784, duration=3.067311s
[scenario=15_clients] [game_id=52] iter=52, players=15, total_datasize=500000, converged=True, rounds=685, duration=2.765152s
[scenario=15_clients] [game_id=53] iter=53, players=15, total_datasize=500000, converged=True, rounds=727, duration=2.927241s
[scenario=15_clients] [game_id=54] iter=54, players=15, total_datasize=500000, converged=True, rounds=727, duration=2.929582s
[scenario=15_clients] [game_id=55] iter=55, players=15, total_datasize=500000, converged=True, rounds=727, duration=2.819842s
[scenario=15_clients] [game_id=56] iter=56, players=15, total_datasize=500000, converged=True, rounds=856, duration=3.339330s
[scenario=15_clients] [game_id=57] iter=57, players=15, total_datasize=500000, converged=True, rounds=457, duration=1.783222s
[scenario=15_clients] [game_id=58] iter=58, players=15, total_datasize=500000, converged=True, rounds=470, duration=1.827310s
[scenario=15_clients] [game_id=59] iter=59, players=15, total_datasize=500000, converged=True, rounds=468, duration=1.824540s
[scenario=15_clients] [game_id=60] iter=60, players=15, total_datasize=500000, converged=True, rounds=853, duration=3.314402s
[scenario=15_clients] [game_id=61] iter=61, players=15, total_datasize=500000, converged=True, rounds=854, duration=3.322591s
[scenario=15_clients] [game_id=62] iter=62, players=15, total_datasize=500000, converged=True, rounds=851, duration=3.300691s
[scenario=15_clients] [game_id=63] iter=63, players=15, total_datasize=500000, converged=True, rounds=747, duration=2.907753s
[scenario=15_clients] [game_id=64] iter=64, players=15, total_datasize=500000, converged=True, rounds=634, duration=2.460374s
[scenario=15_clients] [game_id=65] iter=65, players=15, total_datasize=500000, converged=True, rounds=834, duration=3.252044s
[scenario=15_clients] [game_id=66] iter=66, players=15, total_datasize=500000, converged=True, rounds=471, duration=1.825031s
[scenario=15_clients] [game_id=67] iter=67, players=15, total_datasize=500000, converged=True, rounds=464, duration=1.798787s
[scenario=15_clients] [game_id=68] iter=68, players=15, total_datasize=500000, converged=True, rounds=504, duration=1.958069s
[scenario=15_clients] [game_id=69] iter=69, players=15, total_datasize=500000, converged=True, rounds=448, duration=1.739508s
[scenario=15_clients] [game_id=70] iter=70, players=15, total_datasize=500000, converged=True, rounds=1161, duration=4.513173s
[scenario=15_clients] [game_id=71] iter=71, players=15, total_datasize=500000, converged=True, rounds=1161, duration=4.505324s
[scenario=15_clients] [game_id=72] iter=72, players=15, total_datasize=500000, converged=True, rounds=1161, duration=4.497380s
[scenario=15_clients] [game_id=73] iter=73, players=15, total_datasize=500000, converged=True, rounds=441, duration=1.708015s
[scenario=15_clients] [game_id=74] iter=74, players=15, total_datasize=500000, converged=True, rounds=821, duration=3.191614s
[scenario=15_clients] [game_id=75] iter=75, players=15, total_datasize=500000, converged=True, rounds=871, duration=3.368961s
[scenario=15_clients] [game_id=76] iter=76, players=15, total_datasize=500000, converged=True, rounds=888, duration=3.468750s
[scenario=15_clients] [game_id=77] iter=77, players=15, total_datasize=500000, converged=True, rounds=896, duration=3.544341s
[scenario=15_clients] [game_id=78] iter=78, players=15, total_datasize=500000, converged=True, rounds=807, duration=3.152214s
[scenario=15_clients] [game_id=79] iter=79, players=15, total_datasize=500000, converged=True, rounds=807, duration=3.158071s
[scenario=15_clients] [game_id=80] iter=80, players=15, total_datasize=500000, converged=True, rounds=807, duration=3.817471s
[scenario=15_clients] [game_id=81] iter=81, players=15, total_datasize=500000, converged=True, rounds=807, duration=3.641916s
[scenario=15_clients] [game_id=82] iter=82, players=15, total_datasize=500000, converged=True, rounds=804, duration=3.131983s
[scenario=15_clients] [game_id=83] iter=83, players=15, total_datasize=500000, converged=True, rounds=799, duration=3.082626s
[scenario=15_clients] [game_id=84] iter=84, players=15, total_datasize=500000, converged=True, rounds=436, duration=1.687776s
[scenario=15_clients] [game_id=85] iter=85, players=15, total_datasize=500000, converged=True, rounds=467, duration=1.802874s
[scenario=15_clients] [game_id=86] iter=86, players=15, total_datasize=500000, converged=True, rounds=422, duration=1.645398s
[scenario=15_clients] [game_id=87] iter=87, players=15, total_datasize=500000, converged=True, rounds=418, duration=1.610127s
[scenario=15_clients] [game_id=88] iter=88, players=15, total_datasize=500000, converged=True, rounds=418, duration=1.622995s
[scenario=15_clients] [game_id=89] iter=89, players=15, total_datasize=500000, converged=True, rounds=418, duration=1.620499s
[scenario=15_clients] [game_id=90] iter=90, players=15, total_datasize=500000, converged=True, rounds=416, duration=1.610125s
[scenario=15_clients] [game_id=91] iter=91, players=15, total_datasize=500000, converged=True, rounds=406, duration=1.572233s
[scenario=15_clients] [game_id=92] iter=92, players=15, total_datasize=500000, converged=True, rounds=423, duration=1.636192s
[scenario=15_clients] [game_id=93] iter=93, players=15, total_datasize=500000, converged=True, rounds=411, duration=1.626755s
[scenario=15_clients] [game_id=94] iter=94, players=15, total_datasize=500000, converged=True, rounds=762, duration=2.975767s
[scenario=15_clients] [game_id=95] iter=95, players=15, total_datasize=500000, converged=True, rounds=766, duration=2.990009s
[scenario=15_clients] [game_id=96] iter=96, players=15, total_datasize=500000, converged=True, rounds=766, duration=3.011925s
[scenario=15_clients] [game_id=97] iter=97, players=15, total_datasize=500000, converged=True, rounds=766, duration=2.955354s
[scenario=15_clients] [game_id=98] iter=98, players=15, total_datasize=500000, converged=True, rounds=766, duration=3.269881s
[scenario=15_clients] [game_id=99] iter=99, players=15, total_datasize=500000, converged=True, rounds=773, duration=4.033170s
[scenario=15_clients] [game_id=100] iter=100, players=15, total_datasize=500000, converged=True, rounds=421, duration=1.696847s
实验完成，总博弈轮次=67793，总时间=273.815128s；日志文件：game_log/non_coop_batch/runs/scenario_3/participants_15/non_coop_game_metrics_participants_15.csv、game_log/non_coop_batch/runs/scenario_3/participants_15/non_coop_game_metrics_participants_15.jsonl、game_log/non_coop_batch/runs/scenario_3/participants_15/non_coop_run_summary_participants_15.csv、game_log/non_coop_batch/runs/scenario_3/participants_15/non_coop_run_summary_participants_15.jsonl
[OK] scenario=3, participants=15, total_rounds=67793, iter_count=100, all_converged=1
[RUN] /home/chenruiqi/anaconda2/envs/spdl/bin/python simulate_non_coop_game.py --scenario-profile legacy --mock-base-dir quality_data/non_coop_quality_scenarios/3 --participant-counts 20 --total-datasize 500000 --log-dir game_log/non_coop_batch/runs/scenario_3/participants_20
[scenario=20_clients] [game_id=1] iter=1, players=20, total_datasize=500000, converged=True, rounds=812, duration=6.138950s
[scenario=20_clients] [game_id=2] iter=2, players=20, total_datasize=500000, converged=True, rounds=530, duration=4.186912s
[scenario=20_clients] [game_id=3] iter=3, players=20, total_datasize=500000, converged=True, rounds=538, duration=4.281887s
[scenario=20_clients] [game_id=4] iter=4, players=20, total_datasize=500000, converged=True, rounds=1021, duration=7.033912s
[scenario=20_clients] [game_id=5] iter=5, players=20, total_datasize=500000, converged=True, rounds=630, duration=3.873012s
[scenario=20_clients] [game_id=6] iter=6, players=20, total_datasize=500000, converged=True, rounds=442, duration=3.969366s
[scenario=20_clients] [game_id=7] iter=7, players=20, total_datasize=500000, converged=True, rounds=1079, duration=9.270557s
[scenario=20_clients] [game_id=8] iter=8, players=20, total_datasize=500000, converged=True, rounds=632, duration=4.858558s
[scenario=20_clients] [game_id=9] iter=9, players=20, total_datasize=500000, converged=True, rounds=463, duration=4.152228s
[scenario=20_clients] [game_id=10] iter=10, players=20, total_datasize=500000, converged=True, rounds=468, duration=3.648864s
[scenario=20_clients] [game_id=11] iter=11, players=20, total_datasize=500000, converged=True, rounds=469, duration=3.849010s
[scenario=20_clients] [game_id=12] iter=12, players=20, total_datasize=500000, converged=True, rounds=213, duration=2.036625s
[scenario=20_clients] [game_id=13] iter=13, players=20, total_datasize=500000, converged=True, rounds=1006, duration=8.316880s
[scenario=20_clients] [game_id=14] iter=14, players=20, total_datasize=500000, converged=True, rounds=322, duration=2.008299s
[scenario=20_clients] [game_id=15] iter=15, players=20, total_datasize=500000, converged=True, rounds=496, duration=3.087109s
[scenario=20_clients] [game_id=16] iter=16, players=20, total_datasize=500000, converged=True, rounds=246, duration=1.658283s
[scenario=20_clients] [game_id=17] iter=17, players=20, total_datasize=500000, converged=True, rounds=1128, duration=9.785173s
[scenario=20_clients] [game_id=18] iter=18, players=20, total_datasize=500000, converged=True, rounds=795, duration=6.727977s
[scenario=20_clients] [game_id=19] iter=19, players=20, total_datasize=500000, converged=True, rounds=408, duration=4.062184s
[scenario=20_clients] [game_id=20] iter=20, players=20, total_datasize=500000, converged=True, rounds=82, duration=0.501020s
[scenario=20_clients] [game_id=21] iter=21, players=20, total_datasize=500000, converged=True, rounds=80, duration=0.489466s
[scenario=20_clients] [game_id=22] iter=22, players=20, total_datasize=500000, converged=True, rounds=1085, duration=6.675467s
[scenario=20_clients] [game_id=23] iter=23, players=20, total_datasize=500000, converged=True, rounds=735, duration=5.617840s
[scenario=20_clients] [game_id=24] iter=24, players=20, total_datasize=500000, converged=True, rounds=705, duration=4.381251s
[scenario=20_clients] [game_id=25] iter=25, players=20, total_datasize=500000, converged=True, rounds=383, duration=2.362337s
[scenario=20_clients] [game_id=26] iter=26, players=20, total_datasize=500000, converged=True, rounds=391, duration=2.418443s
[scenario=20_clients] [game_id=27] iter=27, players=20, total_datasize=500000, converged=True, rounds=82, duration=0.507650s
[scenario=20_clients] [game_id=28] iter=28, players=20, total_datasize=500000, converged=True, rounds=82, duration=0.508318s
[scenario=20_clients] [game_id=29] iter=29, players=20, total_datasize=500000, converged=True, rounds=711, duration=5.300743s
[scenario=20_clients] [game_id=30] iter=30, players=20, total_datasize=500000, converged=True, rounds=79, duration=0.869890s
[scenario=20_clients] [game_id=31] iter=31, players=20, total_datasize=500000, converged=True, rounds=991, duration=6.267334s
[scenario=20_clients] [game_id=32] iter=32, players=20, total_datasize=500000, converged=True, rounds=388, duration=2.363454s
[scenario=20_clients] [game_id=33] iter=33, players=20, total_datasize=500000, converged=True, rounds=370, duration=2.261589s
[scenario=20_clients] [game_id=34] iter=34, players=20, total_datasize=500000, converged=True, rounds=79, duration=0.482824s
[scenario=20_clients] [game_id=35] iter=35, players=20, total_datasize=500000, converged=True, rounds=79, duration=0.481953s
[scenario=20_clients] [game_id=36] iter=36, players=20, total_datasize=500000, converged=True, rounds=379, duration=2.348040s
[scenario=20_clients] [game_id=37] iter=37, players=20, total_datasize=500000, converged=True, rounds=379, duration=2.328489s
[scenario=20_clients] [game_id=38] iter=38, players=20, total_datasize=500000, converged=True, rounds=79, duration=0.483709s
[scenario=20_clients] [game_id=39] iter=39, players=20, total_datasize=500000, converged=True, rounds=1175, duration=7.208339s
[scenario=20_clients] [game_id=40] iter=40, players=20, total_datasize=500000, converged=True, rounds=1274, duration=7.829319s
[scenario=20_clients] [game_id=41] iter=41, players=20, total_datasize=500000, converged=True, rounds=928, duration=5.743342s
[scenario=20_clients] [game_id=42] iter=42, players=20, total_datasize=500000, converged=True, rounds=358, duration=2.195603s
[scenario=20_clients] [game_id=43] iter=43, players=20, total_datasize=500000, converged=True, rounds=350, duration=2.136299s
[scenario=20_clients] [game_id=44] iter=44, players=20, total_datasize=500000, converged=True, rounds=84, duration=0.519809s
[scenario=20_clients] [game_id=45] iter=45, players=20, total_datasize=500000, converged=True, rounds=80, duration=0.489185s
[scenario=20_clients] [game_id=46] iter=46, players=20, total_datasize=500000, converged=True, rounds=356, duration=2.190826s
[scenario=20_clients] [game_id=47] iter=47, players=20, total_datasize=500000, converged=True, rounds=635, duration=3.880810s
[scenario=20_clients] [game_id=48] iter=48, players=20, total_datasize=500000, converged=True, rounds=582, duration=3.646391s
[scenario=20_clients] [game_id=49] iter=49, players=20, total_datasize=500000, converged=True, rounds=398, duration=2.497830s
[scenario=20_clients] [game_id=50] iter=50, players=20, total_datasize=500000, converged=True, rounds=339, duration=2.133942s
[scenario=20_clients] [game_id=51] iter=51, players=20, total_datasize=500000, converged=True, rounds=340, duration=2.130345s
[scenario=20_clients] [game_id=52] iter=52, players=20, total_datasize=500000, converged=True, rounds=340, duration=2.088062s
[scenario=20_clients] [game_id=53] iter=53, players=20, total_datasize=500000, converged=True, rounds=350, duration=2.148712s
[scenario=20_clients] [game_id=54] iter=54, players=20, total_datasize=500000, converged=True, rounds=350, duration=2.130239s
[scenario=20_clients] [game_id=55] iter=55, players=20, total_datasize=500000, converged=True, rounds=350, duration=2.144451s
[scenario=20_clients] [game_id=56] iter=56, players=20, total_datasize=500000, converged=True, rounds=346, duration=2.130487s
[scenario=20_clients] [game_id=57] iter=57, players=20, total_datasize=500000, converged=True, rounds=630, duration=3.945618s
[scenario=20_clients] [game_id=58] iter=58, players=20, total_datasize=500000, converged=True, rounds=610, duration=3.820995s
[scenario=20_clients] [game_id=59] iter=59, players=20, total_datasize=500000, converged=True, rounds=602, duration=3.787885s
[scenario=20_clients] [game_id=60] iter=60, players=20, total_datasize=500000, converged=True, rounds=612, duration=3.836057s
[scenario=20_clients] [game_id=61] iter=61, players=20, total_datasize=500000, converged=True, rounds=327, duration=2.057873s
[scenario=20_clients] [game_id=62] iter=62, players=20, total_datasize=500000, converged=True, rounds=326, duration=2.054006s
[scenario=20_clients] [game_id=63] iter=63, players=20, total_datasize=500000, converged=True, rounds=326, duration=2.044499s
[scenario=20_clients] [game_id=64] iter=64, players=20, total_datasize=500000, converged=True, rounds=338, duration=2.121139s
[scenario=20_clients] [game_id=65] iter=65, players=20, total_datasize=500000, converged=True, rounds=331, duration=2.087686s
[scenario=20_clients] [game_id=66] iter=66, players=20, total_datasize=500000, converged=True, rounds=323, duration=2.028715s
[scenario=20_clients] [game_id=67] iter=67, players=20, total_datasize=500000, converged=True, rounds=333, duration=2.087433s
[scenario=20_clients] [game_id=68] iter=68, players=20, total_datasize=500000, converged=True, rounds=486, duration=3.048117s
[scenario=20_clients] [game_id=69] iter=69, players=20, total_datasize=500000, converged=True, rounds=477, duration=2.982879s
[scenario=20_clients] [game_id=70] iter=70, players=20, total_datasize=500000, converged=True, rounds=477, duration=2.940398s
[scenario=20_clients] [game_id=71] iter=71, players=20, total_datasize=500000, converged=True, rounds=477, duration=2.981184s
[scenario=20_clients] [game_id=72] iter=72, players=20, total_datasize=500000, converged=True, rounds=477, duration=2.937289s
[scenario=20_clients] [game_id=73] iter=73, players=20, total_datasize=500000, converged=True, rounds=477, duration=2.938629s
[scenario=20_clients] [game_id=74] iter=74, players=20, total_datasize=500000, converged=True, rounds=410, duration=2.535278s
[scenario=20_clients] [game_id=75] iter=75, players=20, total_datasize=500000, converged=True, rounds=340, duration=2.145921s
[scenario=20_clients] [game_id=76] iter=76, players=20, total_datasize=500000, converged=True, rounds=81, duration=0.515374s
[scenario=20_clients] [game_id=77] iter=77, players=20, total_datasize=500000, converged=True, rounds=81, duration=0.513137s
[scenario=20_clients] [game_id=78] iter=78, players=20, total_datasize=500000, converged=True, rounds=81, duration=0.509966s
[scenario=20_clients] [game_id=79] iter=79, players=20, total_datasize=500000, converged=True, rounds=81, duration=0.510942s
[scenario=20_clients] [game_id=80] iter=80, players=20, total_datasize=500000, converged=True, rounds=81, duration=0.512287s
[scenario=20_clients] [game_id=81] iter=81, players=20, total_datasize=500000, converged=True, rounds=81, duration=0.510472s
[scenario=20_clients] [game_id=82] iter=82, players=20, total_datasize=500000, converged=True, rounds=81, duration=0.510461s
[scenario=20_clients] [game_id=83] iter=83, players=20, total_datasize=500000, converged=True, rounds=78, duration=0.491826s
[scenario=20_clients] [game_id=84] iter=84, players=20, total_datasize=500000, converged=True, rounds=79, duration=0.505680s
[scenario=20_clients] [game_id=85] iter=85, players=20, total_datasize=500000, converged=True, rounds=81, duration=0.514378s
[scenario=20_clients] [game_id=86] iter=86, players=20, total_datasize=500000, converged=True, rounds=79, duration=0.501494s
[scenario=20_clients] [game_id=87] iter=87, players=20, total_datasize=500000, converged=True, rounds=79, duration=0.517106s
[scenario=20_clients] [game_id=88] iter=88, players=20, total_datasize=500000, converged=True, rounds=79, duration=0.485623s
[scenario=20_clients] [game_id=89] iter=89, players=20, total_datasize=500000, converged=True, rounds=79, duration=0.499534s
[scenario=20_clients] [game_id=90] iter=90, players=20, total_datasize=500000, converged=True, rounds=79, duration=0.491575s
[scenario=20_clients] [game_id=91] iter=91, players=20, total_datasize=500000, converged=True, rounds=79, duration=0.489891s
[scenario=20_clients] [game_id=92] iter=92, players=20, total_datasize=500000, converged=True, rounds=139, duration=0.872082s
[scenario=20_clients] [game_id=93] iter=93, players=20, total_datasize=500000, converged=True, rounds=135, duration=0.851203s
[scenario=20_clients] [game_id=94] iter=94, players=20, total_datasize=500000, converged=True, rounds=470, duration=2.964361s
[scenario=20_clients] [game_id=95] iter=95, players=20, total_datasize=500000, converged=True, rounds=470, duration=2.938429s
[scenario=20_clients] [game_id=96] iter=96, players=20, total_datasize=500000, converged=True, rounds=470, duration=2.909068s
[scenario=20_clients] [game_id=97] iter=97, players=20, total_datasize=500000, converged=True, rounds=470, duration=2.961357s
[scenario=20_clients] [game_id=98] iter=98, players=20, total_datasize=500000, converged=True, rounds=470, duration=2.964292s
[scenario=20_clients] [game_id=99] iter=99, players=20, total_datasize=500000, converged=True, rounds=470, duration=3.009122s
[scenario=20_clients] [game_id=100] iter=100, players=20, total_datasize=500000, converged=True, rounds=470, duration=2.995350s
实验完成，总博弈轮次=40714，总时间=275.766199s；日志文件：game_log/non_coop_batch/runs/scenario_3/participants_20/non_coop_game_metrics_participants_20.csv、game_log/non_coop_batch/runs/scenario_3/participants_20/non_coop_game_metrics_participants_20.jsonl、game_log/non_coop_batch/runs/scenario_3/participants_20/non_coop_run_summary_participants_20.csv、game_log/non_coop_batch/runs/scenario_3/participants_20/non_coop_run_summary_participants_20.jsonl
[OK] scenario=3, participants=20, total_rounds=40714, iter_count=100, all_converged=1
[RUN] /home/chenruiqi/anaconda2/envs/spdl/bin/python simulate_non_coop_game.py --scenario-profile legacy --mock-base-dir quality_data/non_coop_quality_scenarios/3 --participant-counts 25 --total-datasize 500000 --log-dir game_log/non_coop_batch/runs/scenario_3/participants_25
[scenario=25_clients] [game_id=1] iter=1, players=25, total_datasize=500000, converged=True, rounds=681, duration=7.397989s
[scenario=25_clients] [game_id=2] iter=2, players=25, total_datasize=500000, converged=True, rounds=751, duration=7.762489s
[scenario=25_clients] [game_id=3] iter=3, players=25, total_datasize=500000, converged=True, rounds=1207, duration=10.386113s
[scenario=25_clients] [game_id=4] iter=4, players=25, total_datasize=500000, converged=True, rounds=1144, duration=9.849232s
[scenario=25_clients] [game_id=5] iter=5, players=25, total_datasize=500000, converged=True, rounds=584, duration=4.973990s
[scenario=25_clients] [game_id=6] iter=6, players=25, total_datasize=500000, converged=True, rounds=600, duration=5.048368s
[scenario=25_clients] [game_id=7] iter=7, players=25, total_datasize=500000, converged=True, rounds=812, duration=6.925216s
[scenario=25_clients] [game_id=8] iter=8, players=25, total_datasize=500000, converged=True, rounds=961, duration=8.067785s
[scenario=25_clients] [game_id=9] iter=9, players=25, total_datasize=500000, converged=True, rounds=529, duration=4.372961s
[scenario=25_clients] [game_id=10] iter=10, players=25, total_datasize=500000, converged=True, rounds=576, duration=5.683920s
[scenario=25_clients] [game_id=11] iter=11, players=25, total_datasize=500000, converged=True, rounds=576, duration=4.833179s
[scenario=25_clients] [game_id=12] iter=12, players=25, total_datasize=500000, converged=True, rounds=576, duration=4.812777s
[scenario=25_clients] [game_id=13] iter=13, players=25, total_datasize=500000, converged=True, rounds=408, duration=3.521952s
[scenario=25_clients] [game_id=14] iter=14, players=25, total_datasize=500000, converged=True, rounds=397, duration=3.403028s
[scenario=25_clients] [game_id=15] iter=15, players=25, total_datasize=500000, converged=True, rounds=1360, duration=11.598726s
[scenario=25_clients] [game_id=16] iter=16, players=25, total_datasize=500000, converged=True, rounds=1008, duration=8.691318s
[scenario=25_clients] [game_id=17] iter=17, players=25, total_datasize=500000, converged=True, rounds=1048, duration=8.947476s
[scenario=25_clients] [game_id=18] iter=18, players=25, total_datasize=500000, converged=True, rounds=290, duration=2.482703s
[scenario=25_clients] [game_id=19] iter=19, players=25, total_datasize=500000, converged=True, rounds=456, duration=3.945375s
[scenario=25_clients] [game_id=20] iter=20, players=25, total_datasize=500000, converged=True, rounds=456, duration=3.949782s
[scenario=25_clients] [game_id=21] iter=21, players=25, total_datasize=500000, converged=True, rounds=688, duration=6.135188s
[scenario=25_clients] [game_id=22] iter=22, players=25, total_datasize=500000, converged=True, rounds=285, duration=2.439171s
[scenario=25_clients] [game_id=23] iter=23, players=25, total_datasize=500000, converged=True, rounds=324, duration=2.752603s
[scenario=25_clients] [game_id=24] iter=24, players=25, total_datasize=500000, converged=True, rounds=596, duration=5.294562s
[scenario=25_clients] [game_id=25] iter=25, players=25, total_datasize=500000, converged=True, rounds=955, duration=8.257136s
[scenario=25_clients] [game_id=26] iter=26, players=25, total_datasize=500000, converged=True, rounds=993, duration=9.907138s
[scenario=25_clients] [game_id=27] iter=27, players=25, total_datasize=500000, converged=True, rounds=943, duration=8.081737s
[scenario=25_clients] [game_id=28] iter=28, players=25, total_datasize=500000, converged=True, rounds=1124, duration=12.789073s
[scenario=25_clients] [game_id=29] iter=29, players=25, total_datasize=500000, converged=True, rounds=598, duration=5.994690s
[scenario=25_clients] [game_id=30] iter=30, players=25, total_datasize=500000, converged=True, rounds=943, duration=7.977548s
[scenario=25_clients] [game_id=31] iter=31, players=25, total_datasize=500000, converged=True, rounds=897, duration=7.509432s
[scenario=25_clients] [game_id=32] iter=32, players=25, total_datasize=500000, converged=True, rounds=524, duration=4.418279s
[scenario=25_clients] [game_id=33] iter=33, players=25, total_datasize=500000, converged=True, rounds=331, duration=2.796591s
[scenario=25_clients] [game_id=34] iter=34, players=25, total_datasize=500000, converged=True, rounds=287, duration=2.406832s
[scenario=25_clients] [game_id=35] iter=35, players=25, total_datasize=500000, converged=True, rounds=457, duration=4.550316s
[scenario=25_clients] [game_id=36] iter=36, players=25, total_datasize=500000, converged=True, rounds=457, duration=4.461774s
[scenario=25_clients] [game_id=37] iter=37, players=25, total_datasize=500000, converged=True, rounds=457, duration=3.866557s
[scenario=25_clients] [game_id=38] iter=38, players=25, total_datasize=500000, converged=True, rounds=458, duration=3.931305s
[scenario=25_clients] [game_id=39] iter=39, players=25, total_datasize=500000, converged=True, rounds=465, duration=3.989035s
[scenario=25_clients] [game_id=40] iter=40, players=25, total_datasize=500000, converged=True, rounds=331, duration=2.825521s
[scenario=25_clients] [game_id=41] iter=41, players=25, total_datasize=500000, converged=True, rounds=583, duration=4.962407s
[scenario=25_clients] [game_id=42] iter=42, players=25, total_datasize=500000, converged=True, rounds=596, duration=5.041365s
[scenario=25_clients] [game_id=43] iter=43, players=25, total_datasize=500000, converged=True, rounds=665, duration=5.696287s
[scenario=25_clients] [game_id=44] iter=44, players=25, total_datasize=500000, converged=True, rounds=665, duration=5.757331s
[scenario=25_clients] [game_id=45] iter=45, players=25, total_datasize=500000, converged=True, rounds=665, duration=5.703531s
[scenario=25_clients] [game_id=46] iter=46, players=25, total_datasize=500000, converged=True, rounds=326, duration=2.794398s
[scenario=25_clients] [game_id=47] iter=47, players=25, total_datasize=500000, converged=True, rounds=322, duration=2.748804s
[scenario=25_clients] [game_id=48] iter=48, players=25, total_datasize=500000, converged=True, rounds=322, duration=2.754510s
[scenario=25_clients] [game_id=49] iter=49, players=25, total_datasize=500000, converged=True, rounds=846, duration=7.145951s
[scenario=25_clients] [game_id=50] iter=50, players=25, total_datasize=500000, converged=True, rounds=611, duration=5.112383s
[scenario=25_clients] [game_id=51] iter=51, players=25, total_datasize=500000, converged=True, rounds=818, duration=6.895922s
[scenario=25_clients] [game_id=52] iter=52, players=25, total_datasize=500000, converged=True, rounds=566, duration=4.829377s
[scenario=25_clients] [game_id=53] iter=53, players=25, total_datasize=500000, converged=True, rounds=565, duration=4.896572s
[scenario=25_clients] [game_id=54] iter=54, players=25, total_datasize=500000, converged=True, rounds=565, duration=4.812723s
[scenario=25_clients] [game_id=55] iter=55, players=25, total_datasize=500000, converged=True, rounds=565, duration=4.872476s
[scenario=25_clients] [game_id=56] iter=56, players=25, total_datasize=500000, converged=True, rounds=883, duration=7.539729s
[scenario=25_clients] [game_id=57] iter=57, players=25, total_datasize=500000, converged=True, rounds=1050, duration=9.026245s
[scenario=25_clients] [game_id=58] iter=58, players=25, total_datasize=500000, converged=True, rounds=681, duration=5.820928s
[scenario=25_clients] [game_id=59] iter=59, players=25, total_datasize=500000, converged=True, rounds=426, duration=3.621220s
[scenario=25_clients] [game_id=60] iter=60, players=25, total_datasize=500000, converged=True, rounds=307, duration=2.619398s
[scenario=25_clients] [game_id=61] iter=61, players=25, total_datasize=500000, converged=True, rounds=993, duration=8.495869s
[scenario=25_clients] [game_id=62] iter=62, players=25, total_datasize=500000, converged=True, rounds=559, duration=4.803647s
[scenario=25_clients] [game_id=63] iter=63, players=25, total_datasize=500000, converged=True, rounds=555, duration=4.736021s
[scenario=25_clients] [game_id=64] iter=64, players=25, total_datasize=500000, converged=True, rounds=636, duration=5.462786s
[scenario=25_clients] [game_id=65] iter=65, players=25, total_datasize=500000, converged=True, rounds=795, duration=6.804691s
[scenario=25_clients] [game_id=66] iter=66, players=25, total_datasize=500000, converged=True, rounds=808, duration=6.917807s
[scenario=25_clients] [game_id=67] iter=67, players=25, total_datasize=500000, converged=True, rounds=772, duration=6.706054s
[scenario=25_clients] [game_id=68] iter=68, players=25, total_datasize=500000, converged=True, rounds=984, duration=8.445957s
[scenario=25_clients] [game_id=69] iter=69, players=25, total_datasize=500000, converged=True, rounds=988, duration=8.536801s
[scenario=25_clients] [game_id=70] iter=70, players=25, total_datasize=500000, converged=True, rounds=744, duration=6.516843s
[scenario=25_clients] [game_id=71] iter=71, players=25, total_datasize=500000, converged=True, rounds=744, duration=6.465701s
[scenario=25_clients] [game_id=72] iter=72, players=25, total_datasize=500000, converged=True, rounds=744, duration=6.430664s
[scenario=25_clients] [game_id=73] iter=73, players=25, total_datasize=500000, converged=True, rounds=883, duration=7.612141s
[scenario=25_clients] [game_id=74] iter=74, players=25, total_datasize=500000, converged=True, rounds=969, duration=8.278629s
[scenario=25_clients] [game_id=75] iter=75, players=25, total_datasize=500000, converged=True, rounds=964, duration=8.228761s
[scenario=25_clients] [game_id=76] iter=76, players=25, total_datasize=500000, converged=True, rounds=514, duration=4.377511s
[scenario=25_clients] [game_id=77] iter=77, players=25, total_datasize=500000, converged=True, rounds=502, duration=4.269141s
[scenario=25_clients] [game_id=78] iter=78, players=25, total_datasize=500000, converged=True, rounds=502, duration=4.343169s
[scenario=25_clients] [game_id=79] iter=79, players=25, total_datasize=500000, converged=True, rounds=503, duration=4.375204s
[scenario=25_clients] [game_id=80] iter=80, players=25, total_datasize=500000, converged=True, rounds=502, duration=4.272969s
[scenario=25_clients] [game_id=81] iter=81, players=25, total_datasize=500000, converged=True, rounds=532, duration=4.596999s
[scenario=25_clients] [game_id=82] iter=82, players=25, total_datasize=500000, converged=True, rounds=564, duration=4.870402s
[scenario=25_clients] [game_id=83] iter=83, players=25, total_datasize=500000, converged=True, rounds=498, duration=4.310172s
[scenario=25_clients] [game_id=84] iter=84, players=25, total_datasize=500000, converged=True, rounds=479, duration=4.220598s
[scenario=25_clients] [game_id=85] iter=85, players=25, total_datasize=500000, converged=True, rounds=499, duration=4.224306s
[scenario=25_clients] [game_id=86] iter=86, players=25, total_datasize=500000, converged=True, rounds=693, duration=5.972519s
[scenario=25_clients] [game_id=87] iter=87, players=25, total_datasize=500000, converged=True, rounds=670, duration=5.797267s
[scenario=25_clients] [game_id=88] iter=88, players=25, total_datasize=500000, converged=True, rounds=727, duration=6.306181s
[scenario=25_clients] [game_id=89] iter=89, players=25, total_datasize=500000, converged=True, rounds=727, duration=6.292409s
[scenario=25_clients] [game_id=90] iter=90, players=25, total_datasize=500000, converged=True, rounds=281, duration=2.437378s
[scenario=25_clients] [game_id=91] iter=91, players=25, total_datasize=500000, converged=True, rounds=577, duration=4.988484s
[scenario=25_clients] [game_id=92] iter=92, players=25, total_datasize=500000, converged=True, rounds=387, duration=3.337115s
[scenario=25_clients] [game_id=93] iter=93, players=25, total_datasize=500000, converged=True, rounds=296, duration=2.555064s
[scenario=25_clients] [game_id=94] iter=94, players=25, total_datasize=500000, converged=True, rounds=307, duration=3.441902s
[scenario=25_clients] [game_id=95] iter=95, players=25, total_datasize=500000, converged=True, rounds=315, duration=3.132217s
[scenario=25_clients] [game_id=96] iter=96, players=25, total_datasize=500000, converged=True, rounds=315, duration=2.700595s
[scenario=25_clients] [game_id=97] iter=97, players=25, total_datasize=500000, converged=True, rounds=315, duration=2.703016s
[scenario=25_clients] [game_id=98] iter=98, players=25, total_datasize=500000, converged=True, rounds=315, duration=2.731788s
[scenario=25_clients] [game_id=99] iter=99, players=25, total_datasize=500000, converged=True, rounds=277, duration=2.376680s
[scenario=25_clients] [game_id=100] iter=100, players=25, total_datasize=500000, converged=True, rounds=327, duration=2.815526s
实验完成，总博弈轮次=62322，总时间=545.581411s；日志文件：game_log/non_coop_batch/runs/scenario_3/participants_25/non_coop_game_metrics_participants_25.csv、game_log/non_coop_batch/runs/scenario_3/participants_25/non_coop_game_metrics_participants_25.jsonl、game_log/non_coop_batch/runs/scenario_3/participants_25/non_coop_run_summary_participants_25.csv、game_log/non_coop_batch/runs/scenario_3/participants_25/non_coop_run_summary_participants_25.jsonl
[OK] scenario=3, participants=25, total_rounds=62322, iter_count=100, all_converged=1
[RUN] /home/chenruiqi/anaconda2/envs/spdl/bin/python simulate_non_coop_game.py --scenario-profile legacy --mock-base-dir quality_data/non_coop_quality_scenarios/4 --participant-counts 5 --total-datasize 500000 --log-dir game_log/non_coop_batch/runs/scenario_4/participants_5
[scenario=5_clients] [game_id=1] iter=1, players=5, total_datasize=500000, converged=True, rounds=536, duration=0.829418s
[scenario=5_clients] [game_id=2] iter=2, players=5, total_datasize=500000, converged=True, rounds=536, duration=0.838015s
[scenario=5_clients] [game_id=3] iter=3, players=5, total_datasize=500000, converged=True, rounds=517, duration=0.808573s
[scenario=5_clients] [game_id=4] iter=4, players=5, total_datasize=500000, converged=True, rounds=517, duration=0.577258s
[scenario=5_clients] [game_id=5] iter=5, players=5, total_datasize=500000, converged=True, rounds=521, duration=0.486675s
[scenario=5_clients] [game_id=6] iter=6, players=5, total_datasize=500000, converged=True, rounds=264, duration=0.244352s
[scenario=5_clients] [game_id=7] iter=7, players=5, total_datasize=500000, converged=True, rounds=264, duration=0.245032s
[scenario=5_clients] [game_id=8] iter=8, players=5, total_datasize=500000, converged=True, rounds=287, duration=0.266945s
[scenario=5_clients] [game_id=9] iter=9, players=5, total_datasize=500000, converged=True, rounds=291, duration=0.272116s
[scenario=5_clients] [game_id=10] iter=10, players=5, total_datasize=500000, converged=True, rounds=169, duration=0.156890s
[scenario=5_clients] [game_id=11] iter=11, players=5, total_datasize=500000, converged=True, rounds=376, duration=0.349068s
[scenario=5_clients] [game_id=12] iter=12, players=5, total_datasize=500000, converged=True, rounds=376, duration=0.346079s
[scenario=5_clients] [game_id=13] iter=13, players=5, total_datasize=500000, converged=True, rounds=187, duration=0.175910s
[scenario=5_clients] [game_id=14] iter=14, players=5, total_datasize=500000, converged=True, rounds=187, duration=0.175007s
[scenario=5_clients] [game_id=15] iter=15, players=5, total_datasize=500000, converged=True, rounds=187, duration=0.176176s
[scenario=5_clients] [game_id=16] iter=16, players=5, total_datasize=500000, converged=True, rounds=236, duration=0.220032s
[scenario=5_clients] [game_id=17] iter=17, players=5, total_datasize=500000, converged=True, rounds=236, duration=0.219498s
[scenario=5_clients] [game_id=18] iter=18, players=5, total_datasize=500000, converged=True, rounds=239, duration=0.223542s
[scenario=5_clients] [game_id=19] iter=19, players=5, total_datasize=500000, converged=True, rounds=165, duration=0.155320s
[scenario=5_clients] [game_id=20] iter=20, players=5, total_datasize=500000, converged=True, rounds=165, duration=0.155191s
[scenario=5_clients] [game_id=21] iter=21, players=5, total_datasize=500000, converged=True, rounds=141, duration=0.131902s
[scenario=5_clients] [game_id=22] iter=22, players=5, total_datasize=500000, converged=True, rounds=141, duration=0.130648s
[scenario=5_clients] [game_id=23] iter=23, players=5, total_datasize=500000, converged=True, rounds=141, duration=0.130907s
[scenario=5_clients] [game_id=24] iter=24, players=5, total_datasize=500000, converged=True, rounds=136, duration=0.126101s
[scenario=5_clients] [game_id=25] iter=25, players=5, total_datasize=500000, converged=True, rounds=136, duration=0.127249s
[scenario=5_clients] [game_id=26] iter=26, players=5, total_datasize=500000, converged=True, rounds=124, duration=0.116568s
[scenario=5_clients] [game_id=27] iter=27, players=5, total_datasize=500000, converged=True, rounds=124, duration=0.119240s
[scenario=5_clients] [game_id=28] iter=28, players=5, total_datasize=500000, converged=True, rounds=124, duration=0.114994s
[scenario=5_clients] [game_id=29] iter=29, players=5, total_datasize=500000, converged=True, rounds=119, duration=0.113017s
[scenario=5_clients] [game_id=30] iter=30, players=5, total_datasize=500000, converged=True, rounds=119, duration=0.109108s
[scenario=5_clients] [game_id=31] iter=31, players=5, total_datasize=500000, converged=True, rounds=123, duration=0.114756s
[scenario=5_clients] [game_id=32] iter=32, players=5, total_datasize=500000, converged=True, rounds=120, duration=0.114289s
[scenario=5_clients] [game_id=33] iter=33, players=5, total_datasize=500000, converged=True, rounds=120, duration=0.111154s
[scenario=5_clients] [game_id=34] iter=34, players=5, total_datasize=500000, converged=True, rounds=114, duration=0.105379s
[scenario=5_clients] [game_id=35] iter=35, players=5, total_datasize=500000, converged=True, rounds=114, duration=0.105531s
[scenario=5_clients] [game_id=36] iter=36, players=5, total_datasize=500000, converged=True, rounds=114, duration=0.106051s
[scenario=5_clients] [game_id=37] iter=37, players=5, total_datasize=500000, converged=True, rounds=116, duration=0.108815s
[scenario=5_clients] [game_id=38] iter=38, players=5, total_datasize=500000, converged=True, rounds=116, duration=0.107231s
[scenario=5_clients] [game_id=39] iter=39, players=5, total_datasize=500000, converged=True, rounds=117, duration=0.107657s
[scenario=5_clients] [game_id=40] iter=40, players=5, total_datasize=500000, converged=True, rounds=114, duration=0.105360s
[scenario=5_clients] [game_id=41] iter=41, players=5, total_datasize=500000, converged=True, rounds=114, duration=0.105904s
[scenario=5_clients] [game_id=42] iter=42, players=5, total_datasize=500000, converged=True, rounds=110, duration=0.101639s
[scenario=5_clients] [game_id=43] iter=43, players=5, total_datasize=500000, converged=True, rounds=110, duration=0.102498s
[scenario=5_clients] [game_id=44] iter=44, players=5, total_datasize=500000, converged=True, rounds=111, duration=0.102969s
[scenario=5_clients] [game_id=45] iter=45, players=5, total_datasize=500000, converged=True, rounds=110, duration=0.102586s
[scenario=5_clients] [game_id=46] iter=46, players=5, total_datasize=500000, converged=True, rounds=110, duration=0.103197s
[scenario=5_clients] [game_id=47] iter=47, players=5, total_datasize=500000, converged=True, rounds=110, duration=0.103659s
[scenario=5_clients] [game_id=48] iter=48, players=5, total_datasize=500000, converged=True, rounds=110, duration=0.102542s
[scenario=5_clients] [game_id=49] iter=49, players=5, total_datasize=500000, converged=True, rounds=110, duration=0.101644s
[scenario=5_clients] [game_id=50] iter=50, players=5, total_datasize=500000, converged=True, rounds=110, duration=0.102469s
[scenario=5_clients] [game_id=51] iter=51, players=5, total_datasize=500000, converged=True, rounds=110, duration=0.101225s
[scenario=5_clients] [game_id=52] iter=52, players=5, total_datasize=500000, converged=True, rounds=110, duration=0.102209s
[scenario=5_clients] [game_id=53] iter=53, players=5, total_datasize=500000, converged=True, rounds=110, duration=0.105595s
[scenario=5_clients] [game_id=54] iter=54, players=5, total_datasize=500000, converged=True, rounds=110, duration=0.101339s
[scenario=5_clients] [game_id=55] iter=55, players=5, total_datasize=500000, converged=True, rounds=109, duration=0.102182s
[scenario=5_clients] [game_id=56] iter=56, players=5, total_datasize=500000, converged=True, rounds=109, duration=0.101388s
[scenario=5_clients] [game_id=57] iter=57, players=5, total_datasize=500000, converged=True, rounds=109, duration=0.102199s
[scenario=5_clients] [game_id=58] iter=58, players=5, total_datasize=500000, converged=True, rounds=109, duration=0.100924s
[scenario=5_clients] [game_id=59] iter=59, players=5, total_datasize=500000, converged=True, rounds=109, duration=0.101134s
[scenario=5_clients] [game_id=60] iter=60, players=5, total_datasize=500000, converged=True, rounds=108, duration=0.101710s
[scenario=5_clients] [game_id=61] iter=61, players=5, total_datasize=500000, converged=True, rounds=108, duration=0.100184s
[scenario=5_clients] [game_id=62] iter=62, players=5, total_datasize=500000, converged=True, rounds=108, duration=0.099775s
[scenario=5_clients] [game_id=63] iter=63, players=5, total_datasize=500000, converged=True, rounds=109, duration=0.102117s
[scenario=5_clients] [game_id=64] iter=64, players=5, total_datasize=500000, converged=True, rounds=109, duration=0.101471s
[scenario=5_clients] [game_id=65] iter=65, players=5, total_datasize=500000, converged=True, rounds=109, duration=0.103098s
[scenario=5_clients] [game_id=66] iter=66, players=5, total_datasize=500000, converged=True, rounds=108, duration=0.100415s
[scenario=5_clients] [game_id=67] iter=67, players=5, total_datasize=500000, converged=True, rounds=108, duration=0.101818s
[scenario=5_clients] [game_id=68] iter=68, players=5, total_datasize=500000, converged=True, rounds=108, duration=0.103084s
[scenario=5_clients] [game_id=69] iter=69, players=5, total_datasize=500000, converged=True, rounds=108, duration=0.103491s
[scenario=5_clients] [game_id=70] iter=70, players=5, total_datasize=500000, converged=True, rounds=108, duration=0.100825s
[scenario=5_clients] [game_id=71] iter=71, players=5, total_datasize=500000, converged=True, rounds=108, duration=0.099447s
[scenario=5_clients] [game_id=72] iter=72, players=5, total_datasize=500000, converged=True, rounds=108, duration=0.100147s
[scenario=5_clients] [game_id=73] iter=73, players=5, total_datasize=500000, converged=True, rounds=108, duration=0.101565s
[scenario=5_clients] [game_id=74] iter=74, players=5, total_datasize=500000, converged=True, rounds=108, duration=0.101804s
[scenario=5_clients] [game_id=75] iter=75, players=5, total_datasize=500000, converged=True, rounds=108, duration=0.101427s
[scenario=5_clients] [game_id=76] iter=76, players=5, total_datasize=500000, converged=True, rounds=108, duration=0.099519s
[scenario=5_clients] [game_id=77] iter=77, players=5, total_datasize=500000, converged=True, rounds=108, duration=0.100340s
[scenario=5_clients] [game_id=78] iter=78, players=5, total_datasize=500000, converged=True, rounds=108, duration=0.099648s
[scenario=5_clients] [game_id=79] iter=79, players=5, total_datasize=500000, converged=True, rounds=107, duration=0.099912s
[scenario=5_clients] [game_id=80] iter=80, players=5, total_datasize=500000, converged=True, rounds=107, duration=0.100032s
[scenario=5_clients] [game_id=81] iter=81, players=5, total_datasize=500000, converged=True, rounds=107, duration=0.100548s
[scenario=5_clients] [game_id=82] iter=82, players=5, total_datasize=500000, converged=True, rounds=107, duration=0.098726s
[scenario=5_clients] [game_id=83] iter=83, players=5, total_datasize=500000, converged=True, rounds=107, duration=0.099407s
[scenario=5_clients] [game_id=84] iter=84, players=5, total_datasize=500000, converged=True, rounds=107, duration=0.099864s
[scenario=5_clients] [game_id=85] iter=85, players=5, total_datasize=500000, converged=True, rounds=107, duration=0.100455s
[scenario=5_clients] [game_id=86] iter=86, players=5, total_datasize=500000, converged=True, rounds=107, duration=0.098703s
[scenario=5_clients] [game_id=87] iter=87, players=5, total_datasize=500000, converged=True, rounds=107, duration=0.099389s
[scenario=5_clients] [game_id=88] iter=88, players=5, total_datasize=500000, converged=True, rounds=107, duration=0.099093s
[scenario=5_clients] [game_id=89] iter=89, players=5, total_datasize=500000, converged=True, rounds=107, duration=0.102946s
[scenario=5_clients] [game_id=90] iter=90, players=5, total_datasize=500000, converged=True, rounds=107, duration=0.100109s
[scenario=5_clients] [game_id=91] iter=91, players=5, total_datasize=500000, converged=True, rounds=107, duration=0.101821s
[scenario=5_clients] [game_id=92] iter=92, players=5, total_datasize=500000, converged=True, rounds=107, duration=0.101354s
[scenario=5_clients] [game_id=93] iter=93, players=5, total_datasize=500000, converged=True, rounds=107, duration=0.100882s
[scenario=5_clients] [game_id=94] iter=94, players=5, total_datasize=500000, converged=True, rounds=107, duration=0.098903s
[scenario=5_clients] [game_id=95] iter=95, players=5, total_datasize=500000, converged=True, rounds=107, duration=0.102763s
[scenario=5_clients] [game_id=96] iter=96, players=5, total_datasize=500000, converged=True, rounds=107, duration=0.098225s
[scenario=5_clients] [game_id=97] iter=97, players=5, total_datasize=500000, converged=True, rounds=107, duration=0.102288s
[scenario=5_clients] [game_id=98] iter=98, players=5, total_datasize=500000, converged=True, rounds=107, duration=0.100955s
[scenario=5_clients] [game_id=99] iter=99, players=5, total_datasize=500000, converged=True, rounds=107, duration=0.102996s
[scenario=5_clients] [game_id=100] iter=100, players=5, total_datasize=500000, converged=True, rounds=107, duration=0.097869s
实验完成，总博弈轮次=15228，总时间=15.303478s；日志文件：game_log/non_coop_batch/runs/scenario_4/participants_5/non_coop_game_metrics_participants_5.csv、game_log/non_coop_batch/runs/scenario_4/participants_5/non_coop_game_metrics_participants_5.jsonl、game_log/non_coop_batch/runs/scenario_4/participants_5/non_coop_run_summary_participants_5.csv、game_log/non_coop_batch/runs/scenario_4/participants_5/non_coop_run_summary_participants_5.jsonl
[OK] scenario=4, participants=5, total_rounds=15228, iter_count=100, all_converged=1
[RUN] /home/chenruiqi/anaconda2/envs/spdl/bin/python simulate_non_coop_game.py --scenario-profile legacy --mock-base-dir quality_data/non_coop_quality_scenarios/4 --participant-counts 10 --total-datasize 500000 --log-dir game_log/non_coop_batch/runs/scenario_4/participants_10
[scenario=10_clients] [game_id=1] iter=0, players=10, total_datasize=500000, converged=True, rounds=1090, duration=4.125213s
[scenario=10_clients] [game_id=2] iter=1, players=10, total_datasize=500000, converged=True, rounds=496, duration=1.824933s
[scenario=10_clients] [game_id=3] iter=2, players=10, total_datasize=500000, converged=True, rounds=965, duration=2.169503s
[scenario=10_clients] [game_id=4] iter=3, players=10, total_datasize=500000, converged=True, rounds=215, duration=0.486302s
[scenario=10_clients] [game_id=5] iter=4, players=10, total_datasize=500000, converged=True, rounds=450, duration=1.036399s
[scenario=10_clients] [game_id=6] iter=5, players=10, total_datasize=500000, converged=True, rounds=449, duration=1.018453s
[scenario=10_clients] [game_id=7] iter=6, players=10, total_datasize=500000, converged=True, rounds=917, duration=2.072303s
[scenario=10_clients] [game_id=8] iter=7, players=10, total_datasize=500000, converged=True, rounds=179, duration=0.403243s
[scenario=10_clients] [game_id=9] iter=8, players=10, total_datasize=500000, converged=True, rounds=181, duration=0.410017s
[scenario=10_clients] [game_id=10] iter=9, players=10, total_datasize=500000, converged=True, rounds=231, duration=0.521487s
[scenario=10_clients] [game_id=11] iter=10, players=10, total_datasize=500000, converged=True, rounds=363, duration=0.817710s
[scenario=10_clients] [game_id=12] iter=11, players=10, total_datasize=500000, converged=True, rounds=208, duration=0.467274s
[scenario=10_clients] [game_id=13] iter=12, players=10, total_datasize=500000, converged=True, rounds=315, duration=0.714366s
[scenario=10_clients] [game_id=14] iter=13, players=10, total_datasize=500000, converged=True, rounds=316, duration=0.712795s
[scenario=10_clients] [game_id=15] iter=14, players=10, total_datasize=500000, converged=True, rounds=255, duration=0.580899s
[scenario=10_clients] [game_id=16] iter=15, players=10, total_datasize=500000, converged=True, rounds=316, duration=0.710637s
[scenario=10_clients] [game_id=17] iter=16, players=10, total_datasize=500000, converged=True, rounds=327, duration=0.736136s
[scenario=10_clients] [game_id=18] iter=17, players=10, total_datasize=500000, converged=True, rounds=785, duration=1.776119s
[scenario=10_clients] [game_id=19] iter=18, players=10, total_datasize=500000, converged=True, rounds=785, duration=1.767261s
[scenario=10_clients] [game_id=20] iter=19, players=10, total_datasize=500000, converged=True, rounds=232, duration=0.526462s
[scenario=10_clients] [game_id=21] iter=20, players=10, total_datasize=500000, converged=True, rounds=268, duration=0.601595s
[scenario=10_clients] [game_id=22] iter=21, players=10, total_datasize=500000, converged=True, rounds=269, duration=0.608788s
[scenario=10_clients] [game_id=23] iter=22, players=10, total_datasize=500000, converged=True, rounds=239, duration=0.537926s
[scenario=10_clients] [game_id=24] iter=23, players=10, total_datasize=500000, converged=True, rounds=284, duration=0.643304s
[scenario=10_clients] [game_id=25] iter=24, players=10, total_datasize=500000, converged=True, rounds=682, duration=1.549157s
[scenario=10_clients] [game_id=26] iter=25, players=10, total_datasize=500000, converged=True, rounds=681, duration=1.538376s
[scenario=10_clients] [game_id=27] iter=26, players=10, total_datasize=500000, converged=True, rounds=681, duration=1.536290s
[scenario=10_clients] [game_id=28] iter=27, players=10, total_datasize=500000, converged=True, rounds=398, duration=0.898780s
[scenario=10_clients] [game_id=29] iter=28, players=10, total_datasize=500000, converged=True, rounds=399, duration=0.904280s
[scenario=10_clients] [game_id=30] iter=29, players=10, total_datasize=500000, converged=True, rounds=269, duration=0.609390s
[scenario=10_clients] [game_id=31] iter=30, players=10, total_datasize=500000, converged=True, rounds=270, duration=0.613641s
[scenario=10_clients] [game_id=32] iter=31, players=10, total_datasize=500000, converged=True, rounds=270, duration=0.610799s
[scenario=10_clients] [game_id=33] iter=32, players=10, total_datasize=500000, converged=True, rounds=193, duration=0.437660s
[scenario=10_clients] [game_id=34] iter=33, players=10, total_datasize=500000, converged=True, rounds=193, duration=0.437497s
[scenario=10_clients] [game_id=35] iter=34, players=10, total_datasize=500000, converged=True, rounds=192, duration=0.432982s
[scenario=10_clients] [game_id=36] iter=35, players=10, total_datasize=500000, converged=True, rounds=170, duration=0.384314s
[scenario=10_clients] [game_id=37] iter=36, players=10, total_datasize=500000, converged=True, rounds=170, duration=0.384161s
[scenario=10_clients] [game_id=38] iter=37, players=10, total_datasize=500000, converged=True, rounds=150, duration=0.336716s
[scenario=10_clients] [game_id=39] iter=38, players=10, total_datasize=500000, converged=True, rounds=144, duration=0.322216s
[scenario=10_clients] [game_id=40] iter=39, players=10, total_datasize=500000, converged=True, rounds=144, duration=0.325502s
[scenario=10_clients] [game_id=41] iter=40, players=10, total_datasize=500000, converged=True, rounds=131, duration=0.297094s
[scenario=10_clients] [game_id=42] iter=41, players=10, total_datasize=500000, converged=True, rounds=129, duration=0.294271s
[scenario=10_clients] [game_id=43] iter=42, players=10, total_datasize=500000, converged=True, rounds=129, duration=0.290743s
[scenario=10_clients] [game_id=44] iter=43, players=10, total_datasize=500000, converged=True, rounds=127, duration=0.285878s
[scenario=10_clients] [game_id=45] iter=44, players=10, total_datasize=500000, converged=True, rounds=127, duration=0.284151s
[scenario=10_clients] [game_id=46] iter=45, players=10, total_datasize=500000, converged=True, rounds=120, duration=0.270346s
[scenario=10_clients] [game_id=47] iter=46, players=10, total_datasize=500000, converged=True, rounds=117, duration=0.264634s
[scenario=10_clients] [game_id=48] iter=47, players=10, total_datasize=500000, converged=True, rounds=117, duration=0.262369s
[scenario=10_clients] [game_id=49] iter=48, players=10, total_datasize=500000, converged=True, rounds=115, duration=0.259081s
[scenario=10_clients] [game_id=50] iter=49, players=10, total_datasize=500000, converged=True, rounds=115, duration=0.257111s
[scenario=10_clients] [game_id=51] iter=50, players=10, total_datasize=500000, converged=True, rounds=114, duration=0.256980s
[scenario=10_clients] [game_id=52] iter=51, players=10, total_datasize=500000, converged=True, rounds=114, duration=0.256785s
[scenario=10_clients] [game_id=53] iter=52, players=10, total_datasize=500000, converged=True, rounds=114, duration=0.257811s
[scenario=10_clients] [game_id=54] iter=53, players=10, total_datasize=500000, converged=True, rounds=114, duration=0.257086s
[scenario=10_clients] [game_id=55] iter=54, players=10, total_datasize=500000, converged=True, rounds=114, duration=0.256810s
[scenario=10_clients] [game_id=56] iter=55, players=10, total_datasize=500000, converged=True, rounds=114, duration=0.255765s
[scenario=10_clients] [game_id=57] iter=56, players=10, total_datasize=500000, converged=True, rounds=113, duration=0.255072s
[scenario=10_clients] [game_id=58] iter=57, players=10, total_datasize=500000, converged=True, rounds=113, duration=0.251627s
[scenario=10_clients] [game_id=59] iter=58, players=10, total_datasize=500000, converged=True, rounds=112, duration=0.251116s
[scenario=10_clients] [game_id=60] iter=59, players=10, total_datasize=500000, converged=True, rounds=112, duration=0.253881s
[scenario=10_clients] [game_id=61] iter=60, players=10, total_datasize=500000, converged=True, rounds=112, duration=0.251805s
[scenario=10_clients] [game_id=62] iter=61, players=10, total_datasize=500000, converged=True, rounds=112, duration=0.255316s
[scenario=10_clients] [game_id=63] iter=62, players=10, total_datasize=500000, converged=True, rounds=112, duration=0.251675s
[scenario=10_clients] [game_id=64] iter=63, players=10, total_datasize=500000, converged=True, rounds=112, duration=0.246133s
[scenario=10_clients] [game_id=65] iter=64, players=10, total_datasize=500000, converged=True, rounds=111, duration=0.245175s
[scenario=10_clients] [game_id=66] iter=65, players=10, total_datasize=500000, converged=True, rounds=111, duration=0.248815s
[scenario=10_clients] [game_id=67] iter=66, players=10, total_datasize=500000, converged=True, rounds=110, duration=0.253007s
[scenario=10_clients] [game_id=68] iter=67, players=10, total_datasize=500000, converged=True, rounds=110, duration=0.243135s
[scenario=10_clients] [game_id=69] iter=68, players=10, total_datasize=500000, converged=True, rounds=110, duration=0.239319s
[scenario=10_clients] [game_id=70] iter=69, players=10, total_datasize=500000, converged=True, rounds=110, duration=0.238126s
[scenario=10_clients] [game_id=71] iter=70, players=10, total_datasize=500000, converged=True, rounds=110, duration=0.241282s
[scenario=10_clients] [game_id=72] iter=71, players=10, total_datasize=500000, converged=True, rounds=110, duration=0.243375s
[scenario=10_clients] [game_id=73] iter=72, players=10, total_datasize=500000, converged=True, rounds=110, duration=0.248454s
[scenario=10_clients] [game_id=74] iter=73, players=10, total_datasize=500000, converged=True, rounds=110, duration=0.245972s
[scenario=10_clients] [game_id=75] iter=74, players=10, total_datasize=500000, converged=True, rounds=110, duration=0.246642s
[scenario=10_clients] [game_id=76] iter=75, players=10, total_datasize=500000, converged=True, rounds=110, duration=0.248880s
[scenario=10_clients] [game_id=77] iter=76, players=10, total_datasize=500000, converged=True, rounds=110, duration=0.246925s
[scenario=10_clients] [game_id=78] iter=77, players=10, total_datasize=500000, converged=True, rounds=110, duration=0.244974s
[scenario=10_clients] [game_id=79] iter=78, players=10, total_datasize=500000, converged=True, rounds=110, duration=0.246537s
[scenario=10_clients] [game_id=80] iter=79, players=10, total_datasize=500000, converged=True, rounds=110, duration=0.248864s
[scenario=10_clients] [game_id=81] iter=80, players=10, total_datasize=500000, converged=True, rounds=110, duration=0.250554s
[scenario=10_clients] [game_id=82] iter=81, players=10, total_datasize=500000, converged=True, rounds=110, duration=0.249268s
[scenario=10_clients] [game_id=83] iter=82, players=10, total_datasize=500000, converged=True, rounds=110, duration=0.246980s
[scenario=10_clients] [game_id=84] iter=83, players=10, total_datasize=500000, converged=True, rounds=110, duration=0.246729s
[scenario=10_clients] [game_id=85] iter=84, players=10, total_datasize=500000, converged=True, rounds=110, duration=0.247696s
[scenario=10_clients] [game_id=86] iter=85, players=10, total_datasize=500000, converged=True, rounds=110, duration=0.248118s
[scenario=10_clients] [game_id=87] iter=86, players=10, total_datasize=500000, converged=True, rounds=110, duration=0.247354s
[scenario=10_clients] [game_id=88] iter=87, players=10, total_datasize=500000, converged=True, rounds=110, duration=0.245802s
[scenario=10_clients] [game_id=89] iter=88, players=10, total_datasize=500000, converged=True, rounds=110, duration=0.245426s
[scenario=10_clients] [game_id=90] iter=89, players=10, total_datasize=500000, converged=True, rounds=110, duration=0.247694s
[scenario=10_clients] [game_id=91] iter=90, players=10, total_datasize=500000, converged=True, rounds=110, duration=0.249656s
[scenario=10_clients] [game_id=92] iter=91, players=10, total_datasize=500000, converged=True, rounds=110, duration=0.249040s
[scenario=10_clients] [game_id=93] iter=92, players=10, total_datasize=500000, converged=True, rounds=110, duration=0.249749s
[scenario=10_clients] [game_id=94] iter=93, players=10, total_datasize=500000, converged=True, rounds=111, duration=0.250336s
[scenario=10_clients] [game_id=95] iter=94, players=10, total_datasize=500000, converged=True, rounds=111, duration=0.250087s
[scenario=10_clients] [game_id=96] iter=95, players=10, total_datasize=500000, converged=True, rounds=110, duration=0.248761s
[scenario=10_clients] [game_id=97] iter=96, players=10, total_datasize=500000, converged=True, rounds=110, duration=0.247739s
[scenario=10_clients] [game_id=98] iter=97, players=10, total_datasize=500000, converged=True, rounds=110, duration=0.248724s
[scenario=10_clients] [game_id=99] iter=98, players=10, total_datasize=500000, converged=True, rounds=110, duration=0.248866s
[scenario=10_clients] [game_id=100] iter=99, players=10, total_datasize=500000, converged=True, rounds=110, duration=0.247096s
实验完成，总博弈轮次=21914，总时间=51.809582s；日志文件：game_log/non_coop_batch/runs/scenario_4/participants_10/non_coop_game_metrics_participants_10.csv、game_log/non_coop_batch/runs/scenario_4/participants_10/non_coop_game_metrics_participants_10.jsonl、game_log/non_coop_batch/runs/scenario_4/participants_10/non_coop_run_summary_participants_10.csv、game_log/non_coop_batch/runs/scenario_4/participants_10/non_coop_run_summary_participants_10.jsonl
[OK] scenario=4, participants=10, total_rounds=21914, iter_count=100, all_converged=1
[RUN] /home/chenruiqi/anaconda2/envs/spdl/bin/python simulate_non_coop_game.py --scenario-profile legacy --mock-base-dir quality_data/non_coop_quality_scenarios/4 --participant-counts 15 --total-datasize 500000 --log-dir game_log/non_coop_batch/runs/scenario_4/participants_15
[scenario=15_clients] [game_id=1] iter=1, players=15, total_datasize=500000, converged=True, rounds=996, duration=6.702145s
[scenario=15_clients] [game_id=2] iter=2, players=15, total_datasize=500000, converged=True, rounds=412, duration=1.649843s
[scenario=15_clients] [game_id=3] iter=3, players=15, total_datasize=500000, converged=True, rounds=270, duration=1.075988s
[scenario=15_clients] [game_id=4] iter=4, players=15, total_datasize=500000, converged=True, rounds=917, duration=3.658923s
[scenario=15_clients] [game_id=5] iter=5, players=15, total_datasize=500000, converged=True, rounds=627, duration=2.493766s
[scenario=15_clients] [game_id=6] iter=6, players=15, total_datasize=500000, converged=True, rounds=353, duration=1.378028s
[scenario=15_clients] [game_id=7] iter=7, players=15, total_datasize=500000, converged=True, rounds=199, duration=0.785663s
[scenario=15_clients] [game_id=8] iter=8, players=15, total_datasize=500000, converged=True, rounds=362, duration=1.658280s
[scenario=15_clients] [game_id=9] iter=9, players=15, total_datasize=500000, converged=True, rounds=362, duration=1.447035s
[scenario=15_clients] [game_id=10] iter=10, players=15, total_datasize=500000, converged=True, rounds=512, duration=2.042700s
[scenario=15_clients] [game_id=11] iter=11, players=15, total_datasize=500000, converged=True, rounds=509, duration=2.046455s
[scenario=15_clients] [game_id=12] iter=12, players=15, total_datasize=500000, converged=True, rounds=592, duration=2.361501s
[scenario=15_clients] [game_id=13] iter=13, players=15, total_datasize=500000, converged=True, rounds=258, duration=1.029392s
[scenario=15_clients] [game_id=14] iter=14, players=15, total_datasize=500000, converged=True, rounds=160, duration=0.634060s
[scenario=15_clients] [game_id=15] iter=15, players=15, total_datasize=500000, converged=True, rounds=238, duration=0.936395s
[scenario=15_clients] [game_id=16] iter=16, players=15, total_datasize=500000, converged=True, rounds=820, duration=3.227346s
[scenario=15_clients] [game_id=17] iter=17, players=15, total_datasize=500000, converged=True, rounds=823, duration=3.275549s
[scenario=15_clients] [game_id=18] iter=18, players=15, total_datasize=500000, converged=True, rounds=403, duration=1.604456s
[scenario=15_clients] [game_id=19] iter=19, players=15, total_datasize=500000, converged=True, rounds=453, duration=1.803352s
[scenario=15_clients] [game_id=20] iter=20, players=15, total_datasize=500000, converged=True, rounds=416, duration=1.630951s
[scenario=15_clients] [game_id=21] iter=21, players=15, total_datasize=500000, converged=True, rounds=439, duration=1.733352s
[scenario=15_clients] [game_id=22] iter=22, players=15, total_datasize=500000, converged=True, rounds=774, duration=3.097195s
[scenario=15_clients] [game_id=23] iter=23, players=15, total_datasize=500000, converged=True, rounds=159, duration=0.635132s
[scenario=15_clients] [game_id=24] iter=24, players=15, total_datasize=500000, converged=True, rounds=882, duration=3.554492s
[scenario=15_clients] [game_id=25] iter=25, players=15, total_datasize=500000, converged=True, rounds=542, duration=2.202133s
[scenario=15_clients] [game_id=26] iter=26, players=15, total_datasize=500000, converged=True, rounds=397, duration=1.615480s
[scenario=15_clients] [game_id=27] iter=27, players=15, total_datasize=500000, converged=True, rounds=759, duration=3.038420s
[scenario=15_clients] [game_id=28] iter=28, players=15, total_datasize=500000, converged=True, rounds=428, duration=1.726988s
[scenario=15_clients] [game_id=29] iter=29, players=15, total_datasize=500000, converged=True, rounds=289, duration=1.149827s
[scenario=15_clients] [game_id=30] iter=30, players=15, total_datasize=500000, converged=True, rounds=289, duration=1.156492s
[scenario=15_clients] [game_id=31] iter=31, players=15, total_datasize=500000, converged=True, rounds=711, duration=2.817966s
[scenario=15_clients] [game_id=32] iter=32, players=15, total_datasize=500000, converged=True, rounds=947, duration=3.796028s
[scenario=15_clients] [game_id=33] iter=33, players=15, total_datasize=500000, converged=True, rounds=948, duration=3.768854s
[scenario=15_clients] [game_id=34] iter=34, players=15, total_datasize=500000, converged=True, rounds=735, duration=2.905252s
[scenario=15_clients] [game_id=35] iter=35, players=15, total_datasize=500000, converged=True, rounds=1395, duration=5.557399s
[scenario=15_clients] [game_id=36] iter=36, players=15, total_datasize=500000, converged=True, rounds=714, duration=2.833027s
[scenario=15_clients] [game_id=37] iter=37, players=15, total_datasize=500000, converged=True, rounds=712, duration=2.844130s
[scenario=15_clients] [game_id=38] iter=38, players=15, total_datasize=500000, converged=True, rounds=712, duration=2.751607s
[scenario=15_clients] [game_id=39] iter=39, players=15, total_datasize=500000, converged=True, rounds=712, duration=2.844254s
[scenario=15_clients] [game_id=40] iter=40, players=15, total_datasize=500000, converged=True, rounds=727, duration=2.832552s
[scenario=15_clients] [game_id=41] iter=41, players=15, total_datasize=500000, converged=True, rounds=550, duration=2.128830s
[scenario=15_clients] [game_id=42] iter=42, players=15, total_datasize=500000, converged=True, rounds=86, duration=0.330958s
[scenario=15_clients] [game_id=43] iter=43, players=15, total_datasize=500000, converged=True, rounds=86, duration=0.337103s
[scenario=15_clients] [game_id=44] iter=44, players=15, total_datasize=500000, converged=True, rounds=791, duration=3.073426s
[scenario=15_clients] [game_id=45] iter=45, players=15, total_datasize=500000, converged=True, rounds=963, duration=3.857996s
[scenario=15_clients] [game_id=46] iter=46, players=15, total_datasize=500000, converged=True, rounds=964, duration=3.904881s
[scenario=15_clients] [game_id=47] iter=47, players=15, total_datasize=500000, converged=True, rounds=366, duration=1.438110s
[scenario=15_clients] [game_id=48] iter=48, players=15, total_datasize=500000, converged=True, rounds=680, duration=2.708324s
[scenario=15_clients] [game_id=49] iter=49, players=15, total_datasize=500000, converged=True, rounds=663, duration=2.617922s
[scenario=15_clients] [game_id=50] iter=50, players=15, total_datasize=500000, converged=True, rounds=499, duration=2.020526s
[scenario=15_clients] [game_id=51] iter=51, players=15, total_datasize=500000, converged=True, rounds=496, duration=2.058121s
[scenario=15_clients] [game_id=52] iter=52, players=15, total_datasize=500000, converged=True, rounds=601, duration=2.501537s
[scenario=15_clients] [game_id=53] iter=53, players=15, total_datasize=500000, converged=True, rounds=483, duration=2.013946s
[scenario=15_clients] [game_id=54] iter=54, players=15, total_datasize=500000, converged=True, rounds=482, duration=1.996055s
[scenario=15_clients] [game_id=55] iter=55, players=15, total_datasize=500000, converged=True, rounds=468, duration=1.932833s
[scenario=15_clients] [game_id=56] iter=56, players=15, total_datasize=500000, converged=True, rounds=682, duration=2.803705s
[scenario=15_clients] [game_id=57] iter=57, players=15, total_datasize=500000, converged=True, rounds=199, duration=0.821486s
[scenario=15_clients] [game_id=58] iter=58, players=15, total_datasize=500000, converged=True, rounds=82, duration=0.340503s
[scenario=15_clients] [game_id=59] iter=59, players=15, total_datasize=500000, converged=True, rounds=82, duration=0.338243s
[scenario=15_clients] [game_id=60] iter=60, players=15, total_datasize=500000, converged=True, rounds=827, duration=3.394888s
[scenario=15_clients] [game_id=61] iter=61, players=15, total_datasize=500000, converged=True, rounds=839, duration=3.457990s
[scenario=15_clients] [game_id=62] iter=62, players=15, total_datasize=500000, converged=True, rounds=265, duration=1.096970s
[scenario=15_clients] [game_id=63] iter=63, players=15, total_datasize=500000, converged=True, rounds=838, duration=3.400266s
[scenario=15_clients] [game_id=64] iter=64, players=15, total_datasize=500000, converged=True, rounds=838, duration=3.471864s
[scenario=15_clients] [game_id=65] iter=65, players=15, total_datasize=500000, converged=True, rounds=374, duration=1.540016s
[scenario=15_clients] [game_id=66] iter=66, players=15, total_datasize=500000, converged=True, rounds=259, duration=1.054269s
[scenario=15_clients] [game_id=67] iter=67, players=15, total_datasize=500000, converged=True, rounds=260, duration=1.027534s
[scenario=15_clients] [game_id=68] iter=68, players=15, total_datasize=500000, converged=True, rounds=659, duration=2.641450s
[scenario=15_clients] [game_id=69] iter=69, players=15, total_datasize=500000, converged=True, rounds=829, duration=3.419466s
[scenario=15_clients] [game_id=70] iter=70, players=15, total_datasize=500000, converged=True, rounds=632, duration=2.602646s
[scenario=15_clients] [game_id=71] iter=71, players=15, total_datasize=500000, converged=True, rounds=700, duration=2.886689s
[scenario=15_clients] [game_id=72] iter=72, players=15, total_datasize=500000, converged=True, rounds=700, duration=2.879608s
[scenario=15_clients] [game_id=73] iter=73, players=15, total_datasize=500000, converged=True, rounds=413, duration=1.664442s
[scenario=15_clients] [game_id=74] iter=74, players=15, total_datasize=500000, converged=True, rounds=138, duration=0.553232s
[scenario=15_clients] [game_id=75] iter=75, players=15, total_datasize=500000, converged=True, rounds=788, duration=3.221200s
[scenario=15_clients] [game_id=76] iter=76, players=15, total_datasize=500000, converged=True, rounds=248, duration=1.018479s
[scenario=15_clients] [game_id=77] iter=77, players=15, total_datasize=500000, converged=True, rounds=440, duration=1.806380s
[scenario=15_clients] [game_id=78] iter=78, players=15, total_datasize=500000, converged=True, rounds=628, duration=2.580495s
[scenario=15_clients] [game_id=79] iter=79, players=15, total_datasize=500000, converged=True, rounds=787, duration=3.188388s
[scenario=15_clients] [game_id=80] iter=80, players=15, total_datasize=500000, converged=True, rounds=788, duration=3.168206s
[scenario=15_clients] [game_id=81] iter=81, players=15, total_datasize=500000, converged=True, rounds=778, duration=3.094947s
[scenario=15_clients] [game_id=82] iter=82, players=15, total_datasize=500000, converged=True, rounds=802, duration=3.246027s
[scenario=15_clients] [game_id=83] iter=83, players=15, total_datasize=500000, converged=True, rounds=427, duration=1.781673s
[scenario=15_clients] [game_id=84] iter=84, players=15, total_datasize=500000, converged=True, rounds=1096, duration=4.489975s
[scenario=15_clients] [game_id=85] iter=85, players=15, total_datasize=500000, converged=True, rounds=1094, duration=4.393127s
[scenario=15_clients] [game_id=86] iter=86, players=15, total_datasize=500000, converged=True, rounds=657, duration=2.724447s
[scenario=15_clients] [game_id=87] iter=87, players=15, total_datasize=500000, converged=True, rounds=788, duration=3.303423s
[scenario=15_clients] [game_id=88] iter=88, players=15, total_datasize=500000, converged=True, rounds=788, duration=3.285728s
[scenario=15_clients] [game_id=89] iter=89, players=15, total_datasize=500000, converged=True, rounds=422, duration=1.773011s
[scenario=15_clients] [game_id=90] iter=90, players=15, total_datasize=500000, converged=True, rounds=423, duration=1.770542s
[scenario=15_clients] [game_id=91] iter=91, players=15, total_datasize=500000, converged=True, rounds=208, duration=0.871411s
[scenario=15_clients] [game_id=92] iter=92, players=15, total_datasize=500000, converged=True, rounds=85, duration=0.350341s
[scenario=15_clients] [game_id=93] iter=93, players=15, total_datasize=500000, converged=True, rounds=85, duration=0.351796s
[scenario=15_clients] [game_id=94] iter=94, players=15, total_datasize=500000, converged=True, rounds=600, duration=2.477696s
[scenario=15_clients] [game_id=95] iter=95, players=15, total_datasize=500000, converged=True, rounds=695, duration=2.877905s
[scenario=15_clients] [game_id=96] iter=96, players=15, total_datasize=500000, converged=True, rounds=235, duration=0.987589s
[scenario=15_clients] [game_id=97] iter=97, players=15, total_datasize=500000, converged=True, rounds=414, duration=1.824066s
[scenario=15_clients] [game_id=98] iter=98, players=15, total_datasize=500000, converged=True, rounds=415, duration=1.732550s
[scenario=15_clients] [game_id=99] iter=99, players=15, total_datasize=500000, converged=True, rounds=245, duration=1.015121s
[scenario=15_clients] [game_id=100] iter=100, players=15, total_datasize=500000, converged=True, rounds=85, duration=0.355636s
实验完成，总博弈轮次=54768，总时间=224.308406s；日志文件：game_log/non_coop_batch/runs/scenario_4/participants_15/non_coop_game_metrics_participants_15.csv、game_log/non_coop_batch/runs/scenario_4/participants_15/non_coop_game_metrics_participants_15.jsonl、game_log/non_coop_batch/runs/scenario_4/participants_15/non_coop_run_summary_participants_15.csv、game_log/non_coop_batch/runs/scenario_4/participants_15/non_coop_run_summary_participants_15.jsonl
[OK] scenario=4, participants=15, total_rounds=54768, iter_count=100, all_converged=1
[RUN] /home/chenruiqi/anaconda2/envs/spdl/bin/python simulate_non_coop_game.py --scenario-profile legacy --mock-base-dir quality_data/non_coop_quality_scenarios/4 --participant-counts 20 --total-datasize 500000 --log-dir game_log/non_coop_batch/runs/scenario_4/participants_20
[scenario=20_clients] [game_id=1] iter=1, players=20, total_datasize=500000, converged=True, rounds=686, duration=6.372434s
[scenario=20_clients] [game_id=2] iter=2, players=20, total_datasize=500000, converged=True, rounds=245, duration=1.923137s
[scenario=20_clients] [game_id=3] iter=3, players=20, total_datasize=500000, converged=True, rounds=482, duration=3.063694s
[scenario=20_clients] [game_id=4] iter=4, players=20, total_datasize=500000, converged=True, rounds=270, duration=1.755058s
[scenario=20_clients] [game_id=5] iter=5, players=20, total_datasize=500000, converged=True, rounds=348, duration=2.266464s
[scenario=20_clients] [game_id=6] iter=6, players=20, total_datasize=500000, converged=True, rounds=200, duration=1.296242s
[scenario=20_clients] [game_id=7] iter=7, players=20, total_datasize=500000, converged=True, rounds=217, duration=1.392975s
[scenario=20_clients] [game_id=8] iter=8, players=20, total_datasize=500000, converged=True, rounds=851, duration=5.914123s
[scenario=20_clients] [game_id=9] iter=9, players=20, total_datasize=500000, converged=True, rounds=730, duration=4.921516s
[scenario=20_clients] [game_id=10] iter=10, players=20, total_datasize=500000, converged=True, rounds=772, duration=5.096340s
[scenario=20_clients] [game_id=11] iter=11, players=20, total_datasize=500000, converged=True, rounds=483, duration=3.107519s
[scenario=20_clients] [game_id=12] iter=12, players=20, total_datasize=500000, converged=True, rounds=237, duration=1.523241s
[scenario=20_clients] [game_id=13] iter=13, players=20, total_datasize=500000, converged=True, rounds=318, duration=2.061524s
[scenario=20_clients] [game_id=14] iter=14, players=20, total_datasize=500000, converged=True, rounds=579, duration=3.891922s
[scenario=20_clients] [game_id=15] iter=15, players=20, total_datasize=500000, converged=True, rounds=750, duration=5.847530s
[scenario=20_clients] [game_id=16] iter=16, players=20, total_datasize=500000, converged=True, rounds=357, duration=2.316043s
[scenario=20_clients] [game_id=17] iter=17, players=20, total_datasize=500000, converged=True, rounds=448, duration=2.854583s
[scenario=20_clients] [game_id=18] iter=18, players=20, total_datasize=500000, converged=True, rounds=738, duration=4.590457s
[scenario=20_clients] [game_id=19] iter=19, players=20, total_datasize=500000, converged=True, rounds=783, duration=5.083505s
[scenario=20_clients] [game_id=20] iter=20, players=20, total_datasize=500000, converged=True, rounds=906, duration=5.878089s
[scenario=20_clients] [game_id=21] iter=21, players=20, total_datasize=500000, converged=True, rounds=462, duration=3.001023s
[scenario=20_clients] [game_id=22] iter=22, players=20, total_datasize=500000, converged=True, rounds=503, duration=3.344926s
[scenario=20_clients] [game_id=23] iter=23, players=20, total_datasize=500000, converged=True, rounds=267, duration=1.738971s
[scenario=20_clients] [game_id=24] iter=24, players=20, total_datasize=500000, converged=True, rounds=404, duration=2.639624s
[scenario=20_clients] [game_id=25] iter=25, players=20, total_datasize=500000, converged=True, rounds=755, duration=4.941870s
[scenario=20_clients] [game_id=26] iter=26, players=20, total_datasize=500000, converged=True, rounds=368, duration=2.464491s
[scenario=20_clients] [game_id=27] iter=27, players=20, total_datasize=500000, converged=True, rounds=696, duration=4.577548s
[scenario=20_clients] [game_id=28] iter=28, players=20, total_datasize=500000, converged=True, rounds=1207, duration=8.103947s
[scenario=20_clients] [game_id=29] iter=29, players=20, total_datasize=500000, converged=True, rounds=907, duration=7.039323s
[scenario=20_clients] [game_id=30] iter=30, players=20, total_datasize=500000, converged=True, rounds=639, duration=4.440125s
[scenario=20_clients] [game_id=31] iter=31, players=20, total_datasize=500000, converged=True, rounds=704, duration=5.551408s
[scenario=20_clients] [game_id=32] iter=32, players=20, total_datasize=500000, converged=True, rounds=667, duration=4.257874s
[scenario=20_clients] [game_id=33] iter=33, players=20, total_datasize=500000, converged=True, rounds=413, duration=2.585344s
[scenario=20_clients] [game_id=34] iter=34, players=20, total_datasize=500000, converged=True, rounds=724, duration=4.556441s
[scenario=20_clients] [game_id=35] iter=35, players=20, total_datasize=500000, converged=True, rounds=869, duration=5.520427s
[scenario=20_clients] [game_id=36] iter=36, players=20, total_datasize=500000, converged=True, rounds=544, duration=3.388803s
[scenario=20_clients] [game_id=37] iter=37, players=20, total_datasize=500000, converged=True, rounds=741, duration=4.722869s
[scenario=20_clients] [game_id=38] iter=38, players=20, total_datasize=500000, converged=True, rounds=696, duration=4.440546s
[scenario=20_clients] [game_id=39] iter=39, players=20, total_datasize=500000, converged=True, rounds=829, duration=5.196191s
[scenario=20_clients] [game_id=40] iter=40, players=20, total_datasize=500000, converged=True, rounds=361, duration=2.244273s
[scenario=20_clients] [game_id=41] iter=41, players=20, total_datasize=500000, converged=True, rounds=352, duration=2.196122s
[scenario=20_clients] [game_id=42] iter=42, players=20, total_datasize=500000, converged=True, rounds=706, duration=4.437287s
[scenario=20_clients] [game_id=43] iter=43, players=20, total_datasize=500000, converged=True, rounds=351, duration=2.193066s
[scenario=20_clients] [game_id=44] iter=44, players=20, total_datasize=500000, converged=True, rounds=819, duration=5.081873s
[scenario=20_clients] [game_id=45] iter=45, players=20, total_datasize=500000, converged=True, rounds=355, duration=2.206652s
[scenario=20_clients] [game_id=46] iter=46, players=20, total_datasize=500000, converged=True, rounds=366, duration=2.288394s
[scenario=20_clients] [game_id=47] iter=47, players=20, total_datasize=500000, converged=True, rounds=365, duration=2.273398s
[scenario=20_clients] [game_id=48] iter=48, players=20, total_datasize=500000, converged=True, rounds=349, duration=2.172721s
[scenario=20_clients] [game_id=49] iter=49, players=20, total_datasize=500000, converged=True, rounds=701, duration=5.480849s
[scenario=20_clients] [game_id=50] iter=50, players=20, total_datasize=500000, converged=True, rounds=329, duration=2.064729s
[scenario=20_clients] [game_id=51] iter=51, players=20, total_datasize=500000, converged=True, rounds=636, duration=4.017990s
[scenario=20_clients] [game_id=52] iter=52, players=20, total_datasize=500000, converged=True, rounds=898, duration=5.767613s
[scenario=20_clients] [game_id=53] iter=53, players=20, total_datasize=500000, converged=True, rounds=573, duration=3.591749s
[scenario=20_clients] [game_id=54] iter=54, players=20, total_datasize=500000, converged=True, rounds=561, duration=3.607414s
[scenario=20_clients] [game_id=55] iter=55, players=20, total_datasize=500000, converged=True, rounds=79, duration=0.507731s
[scenario=20_clients] [game_id=56] iter=56, players=20, total_datasize=500000, converged=True, rounds=80, duration=0.517230s
[scenario=20_clients] [game_id=57] iter=57, players=20, total_datasize=500000, converged=True, rounds=336, duration=2.175988s
[scenario=20_clients] [game_id=58] iter=58, players=20, total_datasize=500000, converged=True, rounds=79, duration=0.509892s
[scenario=20_clients] [game_id=59] iter=59, players=20, total_datasize=500000, converged=True, rounds=375, duration=2.334127s
[scenario=20_clients] [game_id=60] iter=60, players=20, total_datasize=500000, converged=True, rounds=488, duration=3.053374s
[scenario=20_clients] [game_id=61] iter=61, players=20, total_datasize=500000, converged=True, rounds=601, duration=3.866539s
[scenario=20_clients] [game_id=62] iter=62, players=20, total_datasize=500000, converged=True, rounds=892, duration=5.748458s
[scenario=20_clients] [game_id=63] iter=63, players=20, total_datasize=500000, converged=True, rounds=577, duration=3.645723s
[scenario=20_clients] [game_id=64] iter=64, players=20, total_datasize=500000, converged=True, rounds=478, duration=2.968646s
[scenario=20_clients] [game_id=65] iter=65, players=20, total_datasize=500000, converged=True, rounds=472, duration=2.969709s
[scenario=20_clients] [game_id=66] iter=66, players=20, total_datasize=500000, converged=True, rounds=81, duration=0.495524s
[scenario=20_clients] [game_id=67] iter=67, players=20, total_datasize=500000, converged=True, rounds=612, duration=3.823249s
[scenario=20_clients] [game_id=68] iter=68, players=20, total_datasize=500000, converged=True, rounds=185, duration=1.152189s
[scenario=20_clients] [game_id=69] iter=69, players=20, total_datasize=500000, converged=True, rounds=78, duration=0.485355s
[scenario=20_clients] [game_id=70] iter=70, players=20, total_datasize=500000, converged=True, rounds=866, duration=5.418948s
[scenario=20_clients] [game_id=71] iter=71, players=20, total_datasize=500000, converged=True, rounds=602, duration=4.775053s
[scenario=20_clients] [game_id=72] iter=72, players=20, total_datasize=500000, converged=True, rounds=580, duration=3.601616s
[scenario=20_clients] [game_id=73] iter=73, players=20, total_datasize=500000, converged=True, rounds=325, duration=2.033146s
[scenario=20_clients] [game_id=74] iter=74, players=20, total_datasize=500000, converged=True, rounds=327, duration=2.045637s
[scenario=20_clients] [game_id=75] iter=75, players=20, total_datasize=500000, converged=True, rounds=317, duration=2.025276s
[scenario=20_clients] [game_id=76] iter=76, players=20, total_datasize=500000, converged=True, rounds=307, duration=1.974583s
[scenario=20_clients] [game_id=77] iter=77, players=20, total_datasize=500000, converged=True, rounds=330, duration=2.126049s
[scenario=20_clients] [game_id=78] iter=78, players=20, total_datasize=500000, converged=True, rounds=329, duration=2.112285s
[scenario=20_clients] [game_id=79] iter=79, players=20, total_datasize=500000, converged=True, rounds=81, duration=0.522999s
[scenario=20_clients] [game_id=80] iter=80, players=20, total_datasize=500000, converged=True, rounds=80, duration=0.513043s
[scenario=20_clients] [game_id=81] iter=81, players=20, total_datasize=500000, converged=True, rounds=82, duration=0.525563s
[scenario=20_clients] [game_id=82] iter=82, players=20, total_datasize=500000, converged=True, rounds=82, duration=0.525150s
[scenario=20_clients] [game_id=83] iter=83, players=20, total_datasize=500000, converged=True, rounds=334, duration=2.127865s
[scenario=20_clients] [game_id=84] iter=84, players=20, total_datasize=500000, converged=True, rounds=327, duration=2.095394s
[scenario=20_clients] [game_id=85] iter=85, players=20, total_datasize=500000, converged=True, rounds=850, duration=5.480110s
[scenario=20_clients] [game_id=86] iter=86, players=20, total_datasize=500000, converged=True, rounds=567, duration=3.641035s
[scenario=20_clients] [game_id=87] iter=87, players=20, total_datasize=500000, converged=True, rounds=844, duration=5.360823s
[scenario=20_clients] [game_id=88] iter=88, players=20, total_datasize=500000, converged=True, rounds=846, duration=5.384616s
[scenario=20_clients] [game_id=89] iter=89, players=20, total_datasize=500000, converged=True, rounds=579, duration=3.616893s
[scenario=20_clients] [game_id=90] iter=90, players=20, total_datasize=500000, converged=True, rounds=79, duration=0.479195s
[scenario=20_clients] [game_id=91] iter=91, players=20, total_datasize=500000, converged=True, rounds=329, duration=1.995637s
[scenario=20_clients] [game_id=92] iter=92, players=20, total_datasize=500000, converged=True, rounds=80, duration=0.480712s
[scenario=20_clients] [game_id=93] iter=93, players=20, total_datasize=500000, converged=True, rounds=325, duration=1.989603s
[scenario=20_clients] [game_id=94] iter=94, players=20, total_datasize=500000, converged=True, rounds=83, duration=0.515758s
[scenario=20_clients] [game_id=95] iter=95, players=20, total_datasize=500000, converged=True, rounds=83, duration=0.516328s
[scenario=20_clients] [game_id=96] iter=96, players=20, total_datasize=500000, converged=True, rounds=80, duration=0.500404s
[scenario=20_clients] [game_id=97] iter=97, players=20, total_datasize=500000, converged=True, rounds=80, duration=0.497260s
[scenario=20_clients] [game_id=98] iter=98, players=20, total_datasize=500000, converged=True, rounds=581, duration=3.611090s
[scenario=20_clients] [game_id=99] iter=99, players=20, total_datasize=500000, converged=True, rounds=580, duration=3.604824s
[scenario=20_clients] [game_id=100] iter=100, players=20, total_datasize=500000, converged=True, rounds=581, duration=3.609567s
实验完成，总博弈轮次=47466，总时间=311.252470s；日志文件：game_log/non_coop_batch/runs/scenario_4/participants_20/non_coop_game_metrics_participants_20.csv、game_log/non_coop_batch/runs/scenario_4/participants_20/non_coop_game_metrics_participants_20.jsonl、game_log/non_coop_batch/runs/scenario_4/participants_20/non_coop_run_summary_participants_20.csv、game_log/non_coop_batch/runs/scenario_4/participants_20/non_coop_run_summary_participants_20.jsonl
[OK] scenario=4, participants=20, total_rounds=47466, iter_count=100, all_converged=1
[RUN] /home/chenruiqi/anaconda2/envs/spdl/bin/python simulate_non_coop_game.py --scenario-profile legacy --mock-base-dir quality_data/non_coop_quality_scenarios/4 --participant-counts 25 --total-datasize 500000 --log-dir game_log/non_coop_batch/runs/scenario_4/participants_25
[scenario=25_clients] [game_id=1] iter=1, players=25, total_datasize=500000, converged=True, rounds=547, duration=5.872278s
[scenario=25_clients] [game_id=2] iter=2, players=25, total_datasize=500000, converged=True, rounds=575, duration=5.646272s
[scenario=25_clients] [game_id=3] iter=3, players=25, total_datasize=500000, converged=True, rounds=650, duration=6.814196s
[scenario=25_clients] [game_id=4] iter=4, players=25, total_datasize=500000, converged=True, rounds=555, duration=4.813357s
[scenario=25_clients] [game_id=5] iter=5, players=25, total_datasize=500000, converged=True, rounds=844, duration=7.288415s
[scenario=25_clients] [game_id=6] iter=6, players=25, total_datasize=500000, converged=True, rounds=636, duration=5.451931s
[scenario=25_clients] [game_id=7] iter=7, players=25, total_datasize=500000, converged=True, rounds=493, duration=6.577376s
[scenario=25_clients] [game_id=8] iter=8, players=25, total_datasize=500000, converged=True, rounds=207, duration=3.051565s
[scenario=25_clients] [game_id=9] iter=9, players=25, total_datasize=500000, converged=True, rounds=304, duration=3.043275s
[scenario=25_clients] [game_id=10] iter=10, players=25, total_datasize=500000, converged=True, rounds=195, duration=1.745049s
[scenario=25_clients] [game_id=11] iter=11, players=25, total_datasize=500000, converged=True, rounds=361, duration=3.250007s
[scenario=25_clients] [game_id=12] iter=12, players=25, total_datasize=500000, converged=True, rounds=367, duration=4.387474s
[scenario=25_clients] [game_id=13] iter=13, players=25, total_datasize=500000, converged=True, rounds=366, duration=3.310573s
[scenario=25_clients] [game_id=14] iter=14, players=25, total_datasize=500000, converged=True, rounds=361, duration=3.259385s
[scenario=25_clients] [game_id=15] iter=15, players=25, total_datasize=500000, converged=True, rounds=329, duration=2.973932s
[scenario=25_clients] [game_id=16] iter=16, players=25, total_datasize=500000, converged=True, rounds=829, duration=7.489148s
[scenario=25_clients] [game_id=17] iter=17, players=25, total_datasize=500000, converged=True, rounds=771, duration=8.108682s
[scenario=25_clients] [game_id=18] iter=18, players=25, total_datasize=500000, converged=True, rounds=423, duration=4.775823s
[scenario=25_clients] [game_id=19] iter=19, players=25, total_datasize=500000, converged=True, rounds=198, duration=1.867094s
[scenario=25_clients] [game_id=20] iter=20, players=25, total_datasize=500000, converged=True, rounds=164, duration=1.491142s
[scenario=25_clients] [game_id=21] iter=21, players=25, total_datasize=500000, converged=True, rounds=470, duration=4.994123s
[scenario=25_clients] [game_id=22] iter=22, players=25, total_datasize=500000, converged=True, rounds=193, duration=2.875511s
[scenario=25_clients] [game_id=23] iter=23, players=25, total_datasize=500000, converged=True, rounds=326, duration=3.782728s
[scenario=25_clients] [game_id=24] iter=24, players=25, total_datasize=500000, converged=True, rounds=340, duration=2.910581s
[scenario=25_clients] [game_id=25] iter=25, players=25, total_datasize=500000, converged=True, rounds=300, duration=3.085958s
[scenario=25_clients] [game_id=26] iter=26, players=25, total_datasize=500000, converged=True, rounds=225, duration=3.056588s
[scenario=25_clients] [game_id=27] iter=27, players=25, total_datasize=500000, converged=True, rounds=431, duration=5.268872s
[scenario=25_clients] [game_id=28] iter=28, players=25, total_datasize=500000, converged=True, rounds=557, duration=6.887677s
[scenario=25_clients] [game_id=29] iter=29, players=25, total_datasize=500000, converged=True, rounds=425, duration=3.740862s
[scenario=25_clients] [game_id=30] iter=30, players=25, total_datasize=500000, converged=True, rounds=192, duration=1.694119s
[scenario=25_clients] [game_id=31] iter=31, players=25, total_datasize=500000, converged=True, rounds=141, duration=1.225142s
[scenario=25_clients] [game_id=32] iter=32, players=25, total_datasize=500000, converged=True, rounds=459, duration=3.961526s
[scenario=25_clients] [game_id=33] iter=33, players=25, total_datasize=500000, converged=True, rounds=819, duration=8.186654s
[scenario=25_clients] [game_id=34] iter=34, players=25, total_datasize=500000, converged=True, rounds=546, duration=5.663971s
[scenario=25_clients] [game_id=35] iter=35, players=25, total_datasize=500000, converged=True, rounds=1031, duration=8.953781s
[scenario=25_clients] [game_id=36] iter=36, players=25, total_datasize=500000, converged=True, rounds=674, duration=7.127335s
[scenario=25_clients] [game_id=37] iter=37, players=25, total_datasize=500000, converged=True, rounds=878, duration=7.800375s
[scenario=25_clients] [game_id=38] iter=38, players=25, total_datasize=500000, converged=True, rounds=715, duration=6.272956s
[scenario=25_clients] [game_id=39] iter=39, players=25, total_datasize=500000, converged=True, rounds=236, duration=2.064481s
[scenario=25_clients] [game_id=40] iter=40, players=25, total_datasize=500000, converged=True, rounds=940, duration=9.686341s
[scenario=25_clients] [game_id=41] iter=41, players=25, total_datasize=500000, converged=True, rounds=428, duration=5.587194s
[scenario=25_clients] [game_id=42] iter=42, players=25, total_datasize=500000, converged=True, rounds=898, duration=7.875754s
[scenario=25_clients] [game_id=43] iter=43, players=25, total_datasize=500000, converged=True, rounds=229, duration=1.991357s
[scenario=25_clients] [game_id=44] iter=44, players=25, total_datasize=500000, converged=True, rounds=525, duration=4.596976s
[scenario=25_clients] [game_id=45] iter=45, players=25, total_datasize=500000, converged=True, rounds=825, duration=7.284090s
[scenario=25_clients] [game_id=46] iter=46, players=25, total_datasize=500000, converged=True, rounds=836, duration=7.286562s
[scenario=25_clients] [game_id=47] iter=47, players=25, total_datasize=500000, converged=True, rounds=821, duration=7.215505s
[scenario=25_clients] [game_id=48] iter=48, players=25, total_datasize=500000, converged=True, rounds=685, duration=6.049593s
[scenario=25_clients] [game_id=49] iter=49, players=25, total_datasize=500000, converged=True, rounds=834, duration=7.416332s
[scenario=25_clients] [game_id=50] iter=50, players=25, total_datasize=500000, converged=True, rounds=638, duration=5.670261s
[scenario=25_clients] [game_id=51] iter=51, players=25, total_datasize=500000, converged=True, rounds=822, duration=7.295557s
[scenario=25_clients] [game_id=52] iter=52, players=25, total_datasize=500000, converged=True, rounds=473, duration=4.165702s
[scenario=25_clients] [game_id=53] iter=53, players=25, total_datasize=500000, converged=True, rounds=813, duration=7.098333s
[scenario=25_clients] [game_id=54] iter=54, players=25, total_datasize=500000, converged=True, rounds=1251, duration=12.484052s
[scenario=25_clients] [game_id=55] iter=55, players=25, total_datasize=500000, converged=True, rounds=1253, duration=12.501519s
[scenario=25_clients] [game_id=56] iter=56, players=25, total_datasize=500000, converged=True, rounds=267, duration=2.375080s
[scenario=25_clients] [game_id=57] iter=57, players=25, total_datasize=500000, converged=True, rounds=525, duration=4.623989s
[scenario=25_clients] [game_id=58] iter=58, players=25, total_datasize=500000, converged=True, rounds=1029, duration=9.008704s
[scenario=25_clients] [game_id=59] iter=59, players=25, total_datasize=500000, converged=True, rounds=924, duration=8.114713s
[scenario=25_clients] [game_id=60] iter=60, players=25, total_datasize=500000, converged=True, rounds=572, duration=6.441720s
[scenario=25_clients] [game_id=61] iter=61, players=25, total_datasize=500000, converged=True, rounds=562, duration=4.848344s
[scenario=25_clients] [game_id=62] iter=62, players=25, total_datasize=500000, converged=True, rounds=907, duration=7.808710s
[scenario=25_clients] [game_id=63] iter=63, players=25, total_datasize=500000, converged=True, rounds=661, duration=7.257245s
[scenario=25_clients] [game_id=64] iter=64, players=25, total_datasize=500000, converged=True, rounds=304, duration=2.593875s
[scenario=25_clients] [game_id=65] iter=65, players=25, total_datasize=500000, converged=True, rounds=237, duration=2.382705s
[scenario=25_clients] [game_id=66] iter=66, players=25, total_datasize=500000, converged=True, rounds=536, duration=5.950236s
[scenario=25_clients] [game_id=67] iter=67, players=25, total_datasize=500000, converged=True, rounds=746, duration=6.460022s
[scenario=25_clients] [game_id=68] iter=68, players=25, total_datasize=500000, converged=True, rounds=502, duration=4.301958s
[scenario=25_clients] [game_id=69] iter=69, players=25, total_datasize=500000, converged=True, rounds=734, duration=6.401044s
[scenario=25_clients] [game_id=70] iter=70, players=25, total_datasize=500000, converged=True, rounds=735, duration=6.351367s
[scenario=25_clients] [game_id=71] iter=71, players=25, total_datasize=500000, converged=True, rounds=964, duration=8.342942s
[scenario=25_clients] [game_id=72] iter=72, players=25, total_datasize=500000, converged=True, rounds=400, duration=3.471944s
[scenario=25_clients] [game_id=73] iter=73, players=25, total_datasize=500000, converged=True, rounds=510, duration=4.452117s
[scenario=25_clients] [game_id=74] iter=74, players=25, total_datasize=500000, converged=True, rounds=481, duration=5.625677s
[scenario=25_clients] [game_id=75] iter=75, players=25, total_datasize=500000, converged=True, rounds=600, duration=5.430164s
[scenario=25_clients] [game_id=76] iter=76, players=25, total_datasize=500000, converged=True, rounds=740, duration=7.768134s
[scenario=25_clients] [game_id=77] iter=77, players=25, total_datasize=500000, converged=True, rounds=380, duration=3.327682s
[scenario=25_clients] [game_id=78] iter=78, players=25, total_datasize=500000, converged=True, rounds=264, duration=2.271427s
[scenario=25_clients] [game_id=79] iter=79, players=25, total_datasize=500000, converged=True, rounds=721, duration=6.286074s
[scenario=25_clients] [game_id=80] iter=80, players=25, total_datasize=500000, converged=True, rounds=379, duration=3.299373s
[scenario=25_clients] [game_id=81] iter=81, players=25, total_datasize=500000, converged=True, rounds=175, duration=1.511403s
[scenario=25_clients] [game_id=82] iter=82, players=25, total_datasize=500000, converged=True, rounds=948, duration=8.332384s
[scenario=25_clients] [game_id=83] iter=83, players=25, total_datasize=500000, converged=True, rounds=320, duration=2.790890s
[scenario=25_clients] [game_id=84] iter=84, players=25, total_datasize=500000, converged=True, rounds=959, duration=8.307424s
[scenario=25_clients] [game_id=85] iter=85, players=25, total_datasize=500000, converged=True, rounds=448, duration=3.854512s
[scenario=25_clients] [game_id=86] iter=86, players=25, total_datasize=500000, converged=True, rounds=285, duration=2.495204s
[scenario=25_clients] [game_id=87] iter=87, players=25, total_datasize=500000, converged=True, rounds=699, duration=6.010811s
[scenario=25_clients] [game_id=88] iter=88, players=25, total_datasize=500000, converged=True, rounds=730, duration=7.778269s
[scenario=25_clients] [game_id=89] iter=89, players=25, total_datasize=500000, converged=True, rounds=737, duration=6.411728s
[scenario=25_clients] [game_id=90] iter=90, players=25, total_datasize=500000, converged=True, rounds=824, duration=7.134865s
[scenario=25_clients] [game_id=91] iter=91, players=25, total_datasize=500000, converged=True, rounds=850, duration=7.358574s
[scenario=25_clients] [game_id=92] iter=92, players=25, total_datasize=500000, converged=True, rounds=480, duration=4.210524s
[scenario=25_clients] [game_id=93] iter=93, players=25, total_datasize=500000, converged=True, rounds=548, duration=4.700914s
[scenario=25_clients] [game_id=94] iter=94, players=25, total_datasize=500000, converged=True, rounds=277, duration=2.392608s
[scenario=25_clients] [game_id=95] iter=95, players=25, total_datasize=500000, converged=True, rounds=711, duration=6.139392s
[scenario=25_clients] [game_id=96] iter=96, players=25, total_datasize=500000, converged=True, rounds=735, duration=6.338774s
[scenario=25_clients] [game_id=97] iter=97, players=25, total_datasize=500000, converged=True, rounds=465, duration=3.987997s
[scenario=25_clients] [game_id=98] iter=98, players=25, total_datasize=500000, converged=True, rounds=1090, duration=10.858158s
[scenario=25_clients] [game_id=99] iter=99, players=25, total_datasize=500000, converged=True, rounds=766, duration=6.610657s
[scenario=25_clients] [game_id=100] iter=100, players=25, total_datasize=500000, converged=True, rounds=653, duration=5.625516s
实验完成，总博弈轮次=57784，总时间=543.021195s；日志文件：game_log/non_coop_batch/runs/scenario_4/participants_25/non_coop_game_metrics_participants_25.csv、game_log/non_coop_batch/runs/scenario_4/participants_25/non_coop_game_metrics_participants_25.jsonl、game_log/non_coop_batch/runs/scenario_4/participants_25/non_coop_run_summary_participants_25.csv、game_log/non_coop_batch/runs/scenario_4/participants_25/non_coop_run_summary_participants_25.jsonl
[OK] scenario=4, participants=25, total_rounds=57784, iter_count=100, all_converged=1
[RUN] /home/chenruiqi/anaconda2/envs/spdl/bin/python simulate_non_coop_game.py --scenario-profile legacy --mock-base-dir quality_data/non_coop_quality_scenarios/5 --participant-counts 5 --total-datasize 500000 --log-dir game_log/non_coop_batch/runs/scenario_5/participants_5
[scenario=5_clients] [game_id=1] iter=1, players=5, total_datasize=500000, converged=True, rounds=561, duration=0.904987s
[scenario=5_clients] [game_id=2] iter=2, players=5, total_datasize=500000, converged=True, rounds=561, duration=0.902019s
[scenario=5_clients] [game_id=3] iter=3, players=5, total_datasize=500000, converged=True, rounds=1044, duration=1.675978s
[scenario=5_clients] [game_id=4] iter=4, players=5, total_datasize=500000, converged=True, rounds=1035, duration=1.176403s
[scenario=5_clients] [game_id=5] iter=5, players=5, total_datasize=500000, converged=True, rounds=1035, duration=0.961624s
[scenario=5_clients] [game_id=6] iter=6, players=5, total_datasize=500000, converged=True, rounds=219, duration=0.199841s
[scenario=5_clients] [game_id=7] iter=7, players=5, total_datasize=500000, converged=True, rounds=244, duration=0.222519s
[scenario=5_clients] [game_id=8] iter=8, players=5, total_datasize=500000, converged=True, rounds=180, duration=0.167132s
[scenario=5_clients] [game_id=9] iter=9, players=5, total_datasize=500000, converged=True, rounds=225, duration=0.206000s
[scenario=5_clients] [game_id=10] iter=10, players=5, total_datasize=500000, converged=True, rounds=518, duration=0.470662s
[scenario=5_clients] [game_id=11] iter=11, players=5, total_datasize=500000, converged=True, rounds=518, duration=0.467459s
[scenario=5_clients] [game_id=12] iter=12, players=5, total_datasize=500000, converged=True, rounds=523, duration=0.482590s
[scenario=5_clients] [game_id=13] iter=13, players=5, total_datasize=500000, converged=True, rounds=445, duration=0.406279s
[scenario=5_clients] [game_id=14] iter=14, players=5, total_datasize=500000, converged=True, rounds=173, duration=0.158052s
[scenario=5_clients] [game_id=15] iter=15, players=5, total_datasize=500000, converged=True, rounds=173, duration=0.161557s
[scenario=5_clients] [game_id=16] iter=16, players=5, total_datasize=500000, converged=True, rounds=180, duration=0.167016s
[scenario=5_clients] [game_id=17] iter=17, players=5, total_datasize=500000, converged=True, rounds=174, duration=0.160979s
[scenario=5_clients] [game_id=18] iter=18, players=5, total_datasize=500000, converged=True, rounds=223, duration=0.206734s
[scenario=5_clients] [game_id=19] iter=19, players=5, total_datasize=500000, converged=True, rounds=188, duration=0.170551s
[scenario=5_clients] [game_id=20] iter=20, players=5, total_datasize=500000, converged=True, rounds=160, duration=0.147205s
[scenario=5_clients] [game_id=21] iter=21, players=5, total_datasize=500000, converged=True, rounds=160, duration=0.151841s
[scenario=5_clients] [game_id=22] iter=22, players=5, total_datasize=500000, converged=True, rounds=139, duration=0.132503s
[scenario=5_clients] [game_id=23] iter=23, players=5, total_datasize=500000, converged=True, rounds=138, duration=0.127006s
[scenario=5_clients] [game_id=24] iter=24, players=5, total_datasize=500000, converged=True, rounds=128, duration=0.118587s
[scenario=5_clients] [game_id=25] iter=25, players=5, total_datasize=500000, converged=True, rounds=129, duration=0.118892s
[scenario=5_clients] [game_id=26] iter=26, players=5, total_datasize=500000, converged=True, rounds=128, duration=0.117291s
[scenario=5_clients] [game_id=27] iter=27, players=5, total_datasize=500000, converged=True, rounds=120, duration=0.109154s
[scenario=5_clients] [game_id=28] iter=28, players=5, total_datasize=500000, converged=True, rounds=120, duration=0.109184s
[scenario=5_clients] [game_id=29] iter=29, players=5, total_datasize=500000, converged=True, rounds=120, duration=0.109723s
[scenario=5_clients] [game_id=30] iter=30, players=5, total_datasize=500000, converged=True, rounds=120, duration=0.109545s
[scenario=5_clients] [game_id=31] iter=31, players=5, total_datasize=500000, converged=True, rounds=119, duration=0.109012s
[scenario=5_clients] [game_id=32] iter=32, players=5, total_datasize=500000, converged=True, rounds=118, duration=0.107605s
[scenario=5_clients] [game_id=33] iter=33, players=5, total_datasize=500000, converged=True, rounds=118, duration=0.108765s
[scenario=5_clients] [game_id=34] iter=34, players=5, total_datasize=500000, converged=True, rounds=115, duration=0.106185s
[scenario=5_clients] [game_id=35] iter=35, players=5, total_datasize=500000, converged=True, rounds=113, duration=0.105192s
[scenario=5_clients] [game_id=36] iter=36, players=5, total_datasize=500000, converged=True, rounds=113, duration=0.104219s
[scenario=5_clients] [game_id=37] iter=37, players=5, total_datasize=500000, converged=True, rounds=115, duration=0.105767s
[scenario=5_clients] [game_id=38] iter=38, players=5, total_datasize=500000, converged=True, rounds=116, duration=0.106240s
[scenario=5_clients] [game_id=39] iter=39, players=5, total_datasize=500000, converged=True, rounds=115, duration=0.106320s
[scenario=5_clients] [game_id=40] iter=40, players=5, total_datasize=500000, converged=True, rounds=114, duration=0.103439s
[scenario=5_clients] [game_id=41] iter=41, players=5, total_datasize=500000, converged=True, rounds=114, duration=0.105461s
[scenario=5_clients] [game_id=42] iter=42, players=5, total_datasize=500000, converged=True, rounds=111, duration=0.103399s
[scenario=5_clients] [game_id=43] iter=43, players=5, total_datasize=500000, converged=True, rounds=111, duration=0.103900s
[scenario=5_clients] [game_id=44] iter=44, players=5, total_datasize=500000, converged=True, rounds=111, duration=0.105794s
[scenario=5_clients] [game_id=45] iter=45, players=5, total_datasize=500000, converged=True, rounds=110, duration=0.105193s
[scenario=5_clients] [game_id=46] iter=46, players=5, total_datasize=500000, converged=True, rounds=110, duration=0.103596s
[scenario=5_clients] [game_id=47] iter=47, players=5, total_datasize=500000, converged=True, rounds=110, duration=0.105165s
[scenario=5_clients] [game_id=48] iter=48, players=5, total_datasize=500000, converged=True, rounds=111, duration=0.104081s
[scenario=5_clients] [game_id=49] iter=49, players=5, total_datasize=500000, converged=True, rounds=110, duration=0.100198s
[scenario=5_clients] [game_id=50] iter=50, players=5, total_datasize=500000, converged=True, rounds=110, duration=0.193475s
[scenario=5_clients] [game_id=51] iter=51, players=5, total_datasize=500000, converged=True, rounds=110, duration=0.171034s
[scenario=5_clients] [game_id=52] iter=52, players=5, total_datasize=500000, converged=True, rounds=110, duration=0.172946s
[scenario=5_clients] [game_id=53] iter=53, players=5, total_datasize=500000, converged=True, rounds=110, duration=0.169841s
[scenario=5_clients] [game_id=54] iter=54, players=5, total_datasize=500000, converged=True, rounds=110, duration=0.170565s
[scenario=5_clients] [game_id=55] iter=55, players=5, total_datasize=500000, converged=True, rounds=109, duration=0.169859s
[scenario=5_clients] [game_id=56] iter=56, players=5, total_datasize=500000, converged=True, rounds=109, duration=0.169167s
[scenario=5_clients] [game_id=57] iter=57, players=5, total_datasize=500000, converged=True, rounds=109, duration=0.168898s
[scenario=5_clients] [game_id=58] iter=58, players=5, total_datasize=500000, converged=True, rounds=109, duration=0.168563s
[scenario=5_clients] [game_id=59] iter=59, players=5, total_datasize=500000, converged=True, rounds=109, duration=0.169372s
[scenario=5_clients] [game_id=60] iter=60, players=5, total_datasize=500000, converged=True, rounds=109, duration=0.168176s
[scenario=5_clients] [game_id=61] iter=61, players=5, total_datasize=500000, converged=True, rounds=108, duration=0.168873s
[scenario=5_clients] [game_id=62] iter=62, players=5, total_datasize=500000, converged=True, rounds=108, duration=0.169688s
[scenario=5_clients] [game_id=63] iter=63, players=5, total_datasize=500000, converged=True, rounds=108, duration=0.169509s
[scenario=5_clients] [game_id=64] iter=64, players=5, total_datasize=500000, converged=True, rounds=109, duration=0.168977s
[scenario=5_clients] [game_id=65] iter=65, players=5, total_datasize=500000, converged=True, rounds=108, duration=0.169473s
[scenario=5_clients] [game_id=66] iter=66, players=5, total_datasize=500000, converged=True, rounds=108, duration=0.171106s
[scenario=5_clients] [game_id=67] iter=67, players=5, total_datasize=500000, converged=True, rounds=108, duration=0.174592s
[scenario=5_clients] [game_id=68] iter=68, players=5, total_datasize=500000, converged=True, rounds=108, duration=0.173980s
[scenario=5_clients] [game_id=69] iter=69, players=5, total_datasize=500000, converged=True, rounds=108, duration=0.173495s
[scenario=5_clients] [game_id=70] iter=70, players=5, total_datasize=500000, converged=True, rounds=108, duration=0.172784s
[scenario=5_clients] [game_id=71] iter=71, players=5, total_datasize=500000, converged=True, rounds=108, duration=0.171976s
[scenario=5_clients] [game_id=72] iter=72, players=5, total_datasize=500000, converged=True, rounds=108, duration=0.174053s
[scenario=5_clients] [game_id=73] iter=73, players=5, total_datasize=500000, converged=True, rounds=108, duration=0.172853s
[scenario=5_clients] [game_id=74] iter=74, players=5, total_datasize=500000, converged=True, rounds=108, duration=0.173064s
[scenario=5_clients] [game_id=75] iter=75, players=5, total_datasize=500000, converged=True, rounds=108, duration=0.173527s
[scenario=5_clients] [game_id=76] iter=76, players=5, total_datasize=500000, converged=True, rounds=107, duration=0.170424s
[scenario=5_clients] [game_id=77] iter=77, players=5, total_datasize=500000, converged=True, rounds=107, duration=0.125781s
[scenario=5_clients] [game_id=78] iter=78, players=5, total_datasize=500000, converged=True, rounds=107, duration=0.098032s
[scenario=5_clients] [game_id=79] iter=79, players=5, total_datasize=500000, converged=True, rounds=107, duration=0.098015s
[scenario=5_clients] [game_id=80] iter=80, players=5, total_datasize=500000, converged=True, rounds=107, duration=0.096773s
[scenario=5_clients] [game_id=81] iter=81, players=5, total_datasize=500000, converged=True, rounds=107, duration=0.099878s
[scenario=5_clients] [game_id=82] iter=82, players=5, total_datasize=500000, converged=True, rounds=107, duration=0.098326s
[scenario=5_clients] [game_id=83] iter=83, players=5, total_datasize=500000, converged=True, rounds=107, duration=0.096774s
[scenario=5_clients] [game_id=84] iter=84, players=5, total_datasize=500000, converged=True, rounds=107, duration=0.096269s
[scenario=5_clients] [game_id=85] iter=85, players=5, total_datasize=500000, converged=True, rounds=107, duration=0.096895s
[scenario=5_clients] [game_id=86] iter=86, players=5, total_datasize=500000, converged=True, rounds=107, duration=0.097526s
[scenario=5_clients] [game_id=87] iter=87, players=5, total_datasize=500000, converged=True, rounds=107, duration=0.097783s
[scenario=5_clients] [game_id=88] iter=88, players=5, total_datasize=500000, converged=True, rounds=107, duration=0.097254s
[scenario=5_clients] [game_id=89] iter=89, players=5, total_datasize=500000, converged=True, rounds=107, duration=0.098475s
[scenario=5_clients] [game_id=90] iter=90, players=5, total_datasize=500000, converged=True, rounds=107, duration=0.099992s
[scenario=5_clients] [game_id=91] iter=91, players=5, total_datasize=500000, converged=True, rounds=107, duration=0.099909s
[scenario=5_clients] [game_id=92] iter=92, players=5, total_datasize=500000, converged=True, rounds=107, duration=0.099989s
[scenario=5_clients] [game_id=93] iter=93, players=5, total_datasize=500000, converged=True, rounds=107, duration=0.099508s
[scenario=5_clients] [game_id=94] iter=94, players=5, total_datasize=500000, converged=True, rounds=107, duration=0.096319s
[scenario=5_clients] [game_id=95] iter=95, players=5, total_datasize=500000, converged=True, rounds=107, duration=0.098202s
[scenario=5_clients] [game_id=96] iter=96, players=5, total_datasize=500000, converged=True, rounds=107, duration=0.098076s
[scenario=5_clients] [game_id=97] iter=97, players=5, total_datasize=500000, converged=True, rounds=107, duration=0.096319s
[scenario=5_clients] [game_id=98] iter=98, players=5, total_datasize=500000, converged=True, rounds=107, duration=0.097802s
[scenario=5_clients] [game_id=99] iter=99, players=5, total_datasize=500000, converged=True, rounds=107, duration=0.097343s
[scenario=5_clients] [game_id=100] iter=100, players=5, total_datasize=500000, converged=True, rounds=106, duration=0.094303s
实验完成，总博弈轮次=17334，总时间=19.634659s；日志文件：game_log/non_coop_batch/runs/scenario_5/participants_5/non_coop_game_metrics_participants_5.csv、game_log/non_coop_batch/runs/scenario_5/participants_5/non_coop_game_metrics_participants_5.jsonl、game_log/non_coop_batch/runs/scenario_5/participants_5/non_coop_run_summary_participants_5.csv、game_log/non_coop_batch/runs/scenario_5/participants_5/non_coop_run_summary_participants_5.jsonl
[OK] scenario=5, participants=5, total_rounds=17334, iter_count=100, all_converged=1
[RUN] /home/chenruiqi/anaconda2/envs/spdl/bin/python simulate_non_coop_game.py --scenario-profile legacy --mock-base-dir quality_data/non_coop_quality_scenarios/5 --participant-counts 10 --total-datasize 500000 --log-dir game_log/non_coop_batch/runs/scenario_5/participants_10
[scenario=10_clients] [game_id=1] iter=0, players=10, total_datasize=500000, converged=True, rounds=321, duration=0.713155s
[scenario=10_clients] [game_id=2] iter=1, players=10, total_datasize=500000, converged=True, rounds=233, duration=0.514710s
[scenario=10_clients] [game_id=3] iter=2, players=10, total_datasize=500000, converged=True, rounds=1046, duration=3.366919s
[scenario=10_clients] [game_id=4] iter=3, players=10, total_datasize=500000, converged=True, rounds=194, duration=0.534990s
[scenario=10_clients] [game_id=5] iter=4, players=10, total_datasize=500000, converged=True, rounds=214, duration=0.500837s
[scenario=10_clients] [game_id=6] iter=5, players=10, total_datasize=500000, converged=True, rounds=253, duration=0.590816s
[scenario=10_clients] [game_id=7] iter=6, players=10, total_datasize=500000, converged=True, rounds=192, duration=0.450681s
[scenario=10_clients] [game_id=8] iter=7, players=10, total_datasize=500000, converged=True, rounds=192, duration=0.450807s
[scenario=10_clients] [game_id=9] iter=8, players=10, total_datasize=500000, converged=True, rounds=315, duration=0.922407s
[scenario=10_clients] [game_id=10] iter=9, players=10, total_datasize=500000, converged=True, rounds=822, duration=3.232390s
[scenario=10_clients] [game_id=11] iter=10, players=10, total_datasize=500000, converged=True, rounds=380, duration=1.486404s
[scenario=10_clients] [game_id=12] iter=11, players=10, total_datasize=500000, converged=True, rounds=763, duration=2.439357s
[scenario=10_clients] [game_id=13] iter=12, players=10, total_datasize=500000, converged=True, rounds=774, duration=1.769201s
[scenario=10_clients] [game_id=14] iter=13, players=10, total_datasize=500000, converged=True, rounds=118, duration=0.274699s
[scenario=10_clients] [game_id=15] iter=14, players=10, total_datasize=500000, converged=True, rounds=122, duration=0.280032s
[scenario=10_clients] [game_id=16] iter=15, players=10, total_datasize=500000, converged=True, rounds=292, duration=0.674238s
[scenario=10_clients] [game_id=17] iter=16, players=10, total_datasize=500000, converged=True, rounds=292, duration=0.663335s
[scenario=10_clients] [game_id=18] iter=17, players=10, total_datasize=500000, converged=True, rounds=387, duration=0.895185s
[scenario=10_clients] [game_id=19] iter=18, players=10, total_datasize=500000, converged=True, rounds=753, duration=1.706871s
[scenario=10_clients] [game_id=20] iter=19, players=10, total_datasize=500000, converged=True, rounds=433, duration=0.986979s
[scenario=10_clients] [game_id=21] iter=20, players=10, total_datasize=500000, converged=True, rounds=277, duration=0.624984s
[scenario=10_clients] [game_id=22] iter=21, players=10, total_datasize=500000, converged=True, rounds=223, duration=0.508772s
[scenario=10_clients] [game_id=23] iter=22, players=10, total_datasize=500000, converged=True, rounds=239, duration=0.547085s
[scenario=10_clients] [game_id=24] iter=23, players=10, total_datasize=500000, converged=True, rounds=730, duration=1.646521s
[scenario=10_clients] [game_id=25] iter=24, players=10, total_datasize=500000, converged=True, rounds=138, duration=0.313198s
[scenario=10_clients] [game_id=26] iter=25, players=10, total_datasize=500000, converged=True, rounds=725, duration=1.643747s
[scenario=10_clients] [game_id=27] iter=26, players=10, total_datasize=500000, converged=True, rounds=724, duration=1.651642s
[scenario=10_clients] [game_id=28] iter=27, players=10, total_datasize=500000, converged=True, rounds=412, duration=0.945699s
[scenario=10_clients] [game_id=29] iter=28, players=10, total_datasize=500000, converged=True, rounds=406, duration=0.912113s
[scenario=10_clients] [game_id=30] iter=29, players=10, total_datasize=500000, converged=True, rounds=290, duration=0.638381s
[scenario=10_clients] [game_id=31] iter=30, players=10, total_datasize=500000, converged=True, rounds=368, duration=0.828889s
[scenario=10_clients] [game_id=32] iter=31, players=10, total_datasize=500000, converged=True, rounds=218, duration=0.494404s
[scenario=10_clients] [game_id=33] iter=32, players=10, total_datasize=500000, converged=True, rounds=176, duration=0.395281s
[scenario=10_clients] [game_id=34] iter=33, players=10, total_datasize=500000, converged=True, rounds=184, duration=0.418895s
[scenario=10_clients] [game_id=35] iter=34, players=10, total_datasize=500000, converged=True, rounds=170, duration=0.384348s
[scenario=10_clients] [game_id=36] iter=35, players=10, total_datasize=500000, converged=True, rounds=190, duration=0.431915s
[scenario=10_clients] [game_id=37] iter=36, players=10, total_datasize=500000, converged=True, rounds=190, duration=0.427277s
[scenario=10_clients] [game_id=38] iter=37, players=10, total_datasize=500000, converged=True, rounds=154, duration=0.354744s
[scenario=10_clients] [game_id=39] iter=38, players=10, total_datasize=500000, converged=True, rounds=140, duration=0.314500s
[scenario=10_clients] [game_id=40] iter=39, players=10, total_datasize=500000, converged=True, rounds=138, duration=0.315353s
[scenario=10_clients] [game_id=41] iter=40, players=10, total_datasize=500000, converged=True, rounds=133, duration=0.299926s
[scenario=10_clients] [game_id=42] iter=41, players=10, total_datasize=500000, converged=True, rounds=126, duration=0.284814s
[scenario=10_clients] [game_id=43] iter=42, players=10, total_datasize=500000, converged=True, rounds=125, duration=0.286642s
[scenario=10_clients] [game_id=44] iter=43, players=10, total_datasize=500000, converged=True, rounds=126, duration=0.285909s
[scenario=10_clients] [game_id=45] iter=44, players=10, total_datasize=500000, converged=True, rounds=127, duration=0.371719s
[scenario=10_clients] [game_id=46] iter=45, players=10, total_datasize=500000, converged=True, rounds=120, duration=0.269483s
[scenario=10_clients] [game_id=47] iter=46, players=10, total_datasize=500000, converged=True, rounds=116, duration=0.260417s
[scenario=10_clients] [game_id=48] iter=47, players=10, total_datasize=500000, converged=True, rounds=116, duration=0.268950s
[scenario=10_clients] [game_id=49] iter=48, players=10, total_datasize=500000, converged=True, rounds=116, duration=0.263417s
[scenario=10_clients] [game_id=50] iter=49, players=10, total_datasize=500000, converged=True, rounds=117, duration=0.265940s
[scenario=10_clients] [game_id=51] iter=50, players=10, total_datasize=500000, converged=True, rounds=115, duration=0.266303s
[scenario=10_clients] [game_id=52] iter=51, players=10, total_datasize=500000, converged=True, rounds=115, duration=0.261349s
[scenario=10_clients] [game_id=53] iter=52, players=10, total_datasize=500000, converged=True, rounds=115, duration=0.334092s
[scenario=10_clients] [game_id=54] iter=53, players=10, total_datasize=500000, converged=True, rounds=113, duration=0.257356s
[scenario=10_clients] [game_id=55] iter=54, players=10, total_datasize=500000, converged=True, rounds=114, duration=0.256737s
[scenario=10_clients] [game_id=56] iter=55, players=10, total_datasize=500000, converged=True, rounds=113, duration=0.256076s
[scenario=10_clients] [game_id=57] iter=56, players=10, total_datasize=500000, converged=True, rounds=112, duration=0.258728s
[scenario=10_clients] [game_id=58] iter=57, players=10, total_datasize=500000, converged=True, rounds=112, duration=0.253150s
[scenario=10_clients] [game_id=59] iter=58, players=10, total_datasize=500000, converged=True, rounds=112, duration=0.254569s
[scenario=10_clients] [game_id=60] iter=59, players=10, total_datasize=500000, converged=True, rounds=112, duration=0.258840s
[scenario=10_clients] [game_id=61] iter=60, players=10, total_datasize=500000, converged=True, rounds=112, duration=0.259760s
[scenario=10_clients] [game_id=62] iter=61, players=10, total_datasize=500000, converged=True, rounds=112, duration=0.258497s
[scenario=10_clients] [game_id=63] iter=62, players=10, total_datasize=500000, converged=True, rounds=112, duration=0.263673s
[scenario=10_clients] [game_id=64] iter=63, players=10, total_datasize=500000, converged=True, rounds=112, duration=0.259469s
[scenario=10_clients] [game_id=65] iter=64, players=10, total_datasize=500000, converged=True, rounds=111, duration=0.255414s
[scenario=10_clients] [game_id=66] iter=65, players=10, total_datasize=500000, converged=True, rounds=111, duration=0.261239s
[scenario=10_clients] [game_id=67] iter=66, players=10, total_datasize=500000, converged=True, rounds=110, duration=0.251651s
[scenario=10_clients] [game_id=68] iter=67, players=10, total_datasize=500000, converged=True, rounds=110, duration=0.249198s
[scenario=10_clients] [game_id=69] iter=68, players=10, total_datasize=500000, converged=True, rounds=110, duration=0.256674s
[scenario=10_clients] [game_id=70] iter=69, players=10, total_datasize=500000, converged=True, rounds=110, duration=0.255239s
[scenario=10_clients] [game_id=71] iter=70, players=10, total_datasize=500000, converged=True, rounds=110, duration=0.250286s
[scenario=10_clients] [game_id=72] iter=71, players=10, total_datasize=500000, converged=True, rounds=110, duration=0.257556s
[scenario=10_clients] [game_id=73] iter=72, players=10, total_datasize=500000, converged=True, rounds=110, duration=0.250446s
[scenario=10_clients] [game_id=74] iter=73, players=10, total_datasize=500000, converged=True, rounds=110, duration=0.245650s
[scenario=10_clients] [game_id=75] iter=74, players=10, total_datasize=500000, converged=True, rounds=110, duration=0.254361s
[scenario=10_clients] [game_id=76] iter=75, players=10, total_datasize=500000, converged=True, rounds=110, duration=0.257243s
[scenario=10_clients] [game_id=77] iter=76, players=10, total_datasize=500000, converged=True, rounds=110, duration=0.241787s
[scenario=10_clients] [game_id=78] iter=77, players=10, total_datasize=500000, converged=True, rounds=110, duration=0.247093s
[scenario=10_clients] [game_id=79] iter=78, players=10, total_datasize=500000, converged=True, rounds=110, duration=0.242710s
[scenario=10_clients] [game_id=80] iter=79, players=10, total_datasize=500000, converged=True, rounds=110, duration=0.240094s
[scenario=10_clients] [game_id=81] iter=80, players=10, total_datasize=500000, converged=True, rounds=110, duration=0.252359s
[scenario=10_clients] [game_id=82] iter=81, players=10, total_datasize=500000, converged=True, rounds=110, duration=0.247266s
[scenario=10_clients] [game_id=83] iter=82, players=10, total_datasize=500000, converged=True, rounds=110, duration=0.254869s
[scenario=10_clients] [game_id=84] iter=83, players=10, total_datasize=500000, converged=True, rounds=110, duration=0.247110s
[scenario=10_clients] [game_id=85] iter=84, players=10, total_datasize=500000, converged=True, rounds=110, duration=0.247140s
[scenario=10_clients] [game_id=86] iter=85, players=10, total_datasize=500000, converged=True, rounds=110, duration=0.253776s
[scenario=10_clients] [game_id=87] iter=86, players=10, total_datasize=500000, converged=True, rounds=110, duration=0.250134s
[scenario=10_clients] [game_id=88] iter=87, players=10, total_datasize=500000, converged=True, rounds=110, duration=0.249674s
[scenario=10_clients] [game_id=89] iter=88, players=10, total_datasize=500000, converged=True, rounds=110, duration=0.254109s
[scenario=10_clients] [game_id=90] iter=89, players=10, total_datasize=500000, converged=True, rounds=110, duration=0.248488s
[scenario=10_clients] [game_id=91] iter=90, players=10, total_datasize=500000, converged=True, rounds=110, duration=0.248175s
[scenario=10_clients] [game_id=92] iter=91, players=10, total_datasize=500000, converged=True, rounds=110, duration=0.253025s
[scenario=10_clients] [game_id=93] iter=92, players=10, total_datasize=500000, converged=True, rounds=110, duration=0.247794s
[scenario=10_clients] [game_id=94] iter=93, players=10, total_datasize=500000, converged=True, rounds=110, duration=0.246910s
[scenario=10_clients] [game_id=95] iter=94, players=10, total_datasize=500000, converged=True, rounds=110, duration=0.252948s
[scenario=10_clients] [game_id=96] iter=95, players=10, total_datasize=500000, converged=True, rounds=110, duration=0.248081s
[scenario=10_clients] [game_id=97] iter=96, players=10, total_datasize=500000, converged=True, rounds=111, duration=0.249986s
[scenario=10_clients] [game_id=98] iter=97, players=10, total_datasize=500000, converged=True, rounds=111, duration=0.254419s
[scenario=10_clients] [game_id=99] iter=98, players=10, total_datasize=500000, converged=True, rounds=110, duration=0.248599s
[scenario=10_clients] [game_id=100] iter=99, players=10, total_datasize=500000, converged=True, rounds=110, duration=0.247056s
实验完成，总博弈轮次=20955，总时间=51.826136s；日志文件：game_log/non_coop_batch/runs/scenario_5/participants_10/non_coop_game_metrics_participants_10.csv、game_log/non_coop_batch/runs/scenario_5/participants_10/non_coop_game_metrics_participants_10.jsonl、game_log/non_coop_batch/runs/scenario_5/participants_10/non_coop_run_summary_participants_10.csv、game_log/non_coop_batch/runs/scenario_5/participants_10/non_coop_run_summary_participants_10.jsonl
[OK] scenario=5, participants=10, total_rounds=20955, iter_count=100, all_converged=1
[RUN] /home/chenruiqi/anaconda2/envs/spdl/bin/python simulate_non_coop_game.py --scenario-profile legacy --mock-base-dir quality_data/non_coop_quality_scenarios/5 --participant-counts 15 --total-datasize 500000 --log-dir game_log/non_coop_batch/runs/scenario_5/participants_15
[scenario=15_clients] [game_id=1] iter=1, players=15, total_datasize=500000, converged=True, rounds=692, duration=4.293424s
[scenario=15_clients] [game_id=2] iter=2, players=15, total_datasize=500000, converged=True, rounds=1020, duration=5.487202s
[scenario=15_clients] [game_id=3] iter=3, players=15, total_datasize=500000, converged=True, rounds=511, duration=3.052449s
[scenario=15_clients] [game_id=4] iter=4, players=15, total_datasize=500000, converged=True, rounds=498, duration=2.770152s
[scenario=15_clients] [game_id=5] iter=5, players=15, total_datasize=500000, converged=True, rounds=528, duration=3.636473s
[scenario=15_clients] [game_id=6] iter=6, players=15, total_datasize=500000, converged=True, rounds=521, duration=2.237968s
[scenario=15_clients] [game_id=7] iter=7, players=15, total_datasize=500000, converged=True, rounds=956, duration=4.090949s
[scenario=15_clients] [game_id=8] iter=8, players=15, total_datasize=500000, converged=True, rounds=341, duration=1.466018s
[scenario=15_clients] [game_id=9] iter=9, players=15, total_datasize=500000, converged=True, rounds=521, duration=2.254873s
[scenario=15_clients] [game_id=10] iter=10, players=15, total_datasize=500000, converged=True, rounds=341, duration=1.444459s
[scenario=15_clients] [game_id=11] iter=11, players=15, total_datasize=500000, converged=True, rounds=153, duration=0.662706s
[scenario=15_clients] [game_id=12] iter=12, players=15, total_datasize=500000, converged=True, rounds=356, duration=1.547921s
[scenario=15_clients] [game_id=13] iter=13, players=15, total_datasize=500000, converged=True, rounds=249, duration=1.045836s
[scenario=15_clients] [game_id=14] iter=14, players=15, total_datasize=500000, converged=True, rounds=191, duration=0.818470s
[scenario=15_clients] [game_id=15] iter=15, players=15, total_datasize=500000, converged=True, rounds=248, duration=1.066939s
[scenario=15_clients] [game_id=16] iter=16, players=15, total_datasize=500000, converged=True, rounds=309, duration=1.612636s
[scenario=15_clients] [game_id=17] iter=17, players=15, total_datasize=500000, converged=True, rounds=1068, duration=7.314295s
[scenario=15_clients] [game_id=18] iter=18, players=15, total_datasize=500000, converged=True, rounds=576, duration=3.427488s
[scenario=15_clients] [game_id=19] iter=19, players=15, total_datasize=500000, converged=True, rounds=479, duration=2.019307s
[scenario=15_clients] [game_id=20] iter=20, players=15, total_datasize=500000, converged=True, rounds=1046, duration=4.467634s
[scenario=15_clients] [game_id=21] iter=21, players=15, total_datasize=500000, converged=True, rounds=440, duration=1.785175s
[scenario=15_clients] [game_id=22] iter=22, players=15, total_datasize=500000, converged=True, rounds=806, duration=4.292058s
[scenario=15_clients] [game_id=23] iter=23, players=15, total_datasize=500000, converged=True, rounds=1013, duration=4.075319s
[scenario=15_clients] [game_id=24] iter=24, players=15, total_datasize=500000, converged=True, rounds=1223, duration=5.030985s
[scenario=15_clients] [game_id=25] iter=25, players=15, total_datasize=500000, converged=True, rounds=309, duration=1.257283s
[scenario=15_clients] [game_id=26] iter=26, players=15, total_datasize=500000, converged=True, rounds=524, duration=2.138018s
[scenario=15_clients] [game_id=27] iter=27, players=15, total_datasize=500000, converged=True, rounds=526, duration=2.140489s
[scenario=15_clients] [game_id=28] iter=28, players=15, total_datasize=500000, converged=True, rounds=291, duration=1.180878s
[scenario=15_clients] [game_id=29] iter=29, players=15, total_datasize=500000, converged=True, rounds=301, duration=1.211543s
[scenario=15_clients] [game_id=30] iter=30, players=15, total_datasize=500000, converged=True, rounds=1230, duration=4.927721s
[scenario=15_clients] [game_id=31] iter=31, players=15, total_datasize=500000, converged=True, rounds=662, duration=2.659941s
[scenario=15_clients] [game_id=32] iter=32, players=15, total_datasize=500000, converged=True, rounds=703, duration=2.836996s
[scenario=15_clients] [game_id=33] iter=33, players=15, total_datasize=500000, converged=True, rounds=971, duration=3.906515s
[scenario=15_clients] [game_id=34] iter=34, players=15, total_datasize=500000, converged=True, rounds=970, duration=3.896509s
[scenario=15_clients] [game_id=35] iter=35, players=15, total_datasize=500000, converged=True, rounds=512, duration=2.068494s
[scenario=15_clients] [game_id=36] iter=36, players=15, total_datasize=500000, converged=True, rounds=279, duration=1.116699s
[scenario=15_clients] [game_id=37] iter=37, players=15, total_datasize=500000, converged=True, rounds=664, duration=2.668138s
[scenario=15_clients] [game_id=38] iter=38, players=15, total_datasize=500000, converged=True, rounds=209, duration=0.837415s
[scenario=15_clients] [game_id=39] iter=39, players=15, total_datasize=500000, converged=True, rounds=202, duration=0.807453s
[scenario=15_clients] [game_id=40] iter=40, players=15, total_datasize=500000, converged=True, rounds=1011, duration=4.044776s
[scenario=15_clients] [game_id=41] iter=41, players=15, total_datasize=500000, converged=True, rounds=83, duration=0.333602s
[scenario=15_clients] [game_id=42] iter=42, players=15, total_datasize=500000, converged=True, rounds=204, duration=0.840632s
[scenario=15_clients] [game_id=43] iter=43, players=15, total_datasize=500000, converged=True, rounds=262, duration=1.060901s
[scenario=15_clients] [game_id=44] iter=44, players=15, total_datasize=500000, converged=True, rounds=82, duration=0.328017s
[scenario=15_clients] [game_id=45] iter=45, players=15, total_datasize=500000, converged=True, rounds=84, duration=0.338626s
[scenario=15_clients] [game_id=46] iter=46, players=15, total_datasize=500000, converged=True, rounds=492, duration=1.977299s
[scenario=15_clients] [game_id=47] iter=47, players=15, total_datasize=500000, converged=True, rounds=705, duration=2.834017s
[scenario=15_clients] [game_id=48] iter=48, players=15, total_datasize=500000, converged=True, rounds=701, duration=2.744934s
[scenario=15_clients] [game_id=49] iter=49, players=15, total_datasize=500000, converged=True, rounds=736, duration=2.867835s
[scenario=15_clients] [game_id=50] iter=50, players=15, total_datasize=500000, converged=True, rounds=209, duration=0.835669s
[scenario=15_clients] [game_id=51] iter=51, players=15, total_datasize=500000, converged=True, rounds=199, duration=0.801654s
[scenario=15_clients] [game_id=52] iter=52, players=15, total_datasize=500000, converged=True, rounds=361, duration=1.606457s
[scenario=15_clients] [game_id=53] iter=53, players=15, total_datasize=500000, converged=True, rounds=356, duration=2.424580s
[scenario=15_clients] [game_id=54] iter=54, players=15, total_datasize=500000, converged=True, rounds=478, duration=2.555089s
[scenario=15_clients] [game_id=55] iter=55, players=15, total_datasize=500000, converged=True, rounds=514, duration=2.072207s
[scenario=15_clients] [game_id=56] iter=56, players=15, total_datasize=500000, converged=True, rounds=630, duration=2.509382s
[scenario=15_clients] [game_id=57] iter=57, players=15, total_datasize=500000, converged=True, rounds=480, duration=1.896586s
[scenario=15_clients] [game_id=58] iter=58, players=15, total_datasize=500000, converged=True, rounds=477, duration=1.888779s
[scenario=15_clients] [game_id=59] iter=59, players=15, total_datasize=500000, converged=True, rounds=480, duration=1.930990s
[scenario=15_clients] [game_id=60] iter=60, players=15, total_datasize=500000, converged=True, rounds=464, duration=2.082970s
[scenario=15_clients] [game_id=61] iter=61, players=15, total_datasize=500000, converged=True, rounds=850, duration=4.425947s
[scenario=15_clients] [game_id=62] iter=62, players=15, total_datasize=500000, converged=True, rounds=459, duration=1.836377s
[scenario=15_clients] [game_id=63] iter=63, players=15, total_datasize=500000, converged=True, rounds=373, duration=2.336779s
[scenario=15_clients] [game_id=64] iter=64, players=15, total_datasize=500000, converged=True, rounds=431, duration=2.172071s
[scenario=15_clients] [game_id=65] iter=65, players=15, total_datasize=500000, converged=True, rounds=627, duration=2.616206s
[scenario=15_clients] [game_id=66] iter=66, players=15, total_datasize=500000, converged=True, rounds=365, duration=1.515272s
[scenario=15_clients] [game_id=67] iter=67, players=15, total_datasize=500000, converged=True, rounds=589, duration=2.442252s
[scenario=15_clients] [game_id=68] iter=68, players=15, total_datasize=500000, converged=True, rounds=822, duration=3.374638s
[scenario=15_clients] [game_id=69] iter=69, players=15, total_datasize=500000, converged=True, rounds=83, duration=0.336871s
[scenario=15_clients] [game_id=70] iter=70, players=15, total_datasize=500000, converged=True, rounds=613, duration=2.487200s
[scenario=15_clients] [game_id=71] iter=71, players=15, total_datasize=500000, converged=True, rounds=423, duration=1.725061s
[scenario=15_clients] [game_id=72] iter=72, players=15, total_datasize=500000, converged=True, rounds=424, duration=1.718466s
[scenario=15_clients] [game_id=73] iter=73, players=15, total_datasize=500000, converged=True, rounds=425, duration=1.714895s
[scenario=15_clients] [game_id=74] iter=74, players=15, total_datasize=500000, converged=True, rounds=82, duration=0.333174s
[scenario=15_clients] [game_id=75] iter=75, players=15, total_datasize=500000, converged=True, rounds=249, duration=0.986758s
[scenario=15_clients] [game_id=76] iter=76, players=15, total_datasize=500000, converged=True, rounds=359, duration=1.424943s
[scenario=15_clients] [game_id=77] iter=77, players=15, total_datasize=500000, converged=True, rounds=790, duration=3.203835s
[scenario=15_clients] [game_id=78] iter=78, players=15, total_datasize=500000, converged=True, rounds=410, duration=1.687439s
[scenario=15_clients] [game_id=79] iter=79, players=15, total_datasize=500000, converged=True, rounds=816, duration=3.297851s
[scenario=15_clients] [game_id=80] iter=80, players=15, total_datasize=500000, converged=True, rounds=521, duration=2.107620s
[scenario=15_clients] [game_id=81] iter=81, players=15, total_datasize=500000, converged=True, rounds=513, duration=2.135389s
[scenario=15_clients] [game_id=82] iter=82, players=15, total_datasize=500000, converged=True, rounds=513, duration=2.131008s
[scenario=15_clients] [game_id=83] iter=83, players=15, total_datasize=500000, converged=True, rounds=84, duration=0.339111s
[scenario=15_clients] [game_id=84] iter=84, players=15, total_datasize=500000, converged=True, rounds=427, duration=1.713806s
[scenario=15_clients] [game_id=85] iter=85, players=15, total_datasize=500000, converged=True, rounds=779, duration=3.074767s
[scenario=15_clients] [game_id=86] iter=86, players=15, total_datasize=500000, converged=True, rounds=779, duration=3.016595s
[scenario=15_clients] [game_id=87] iter=87, players=15, total_datasize=500000, converged=True, rounds=784, duration=3.083360s
[scenario=15_clients] [game_id=88] iter=88, players=15, total_datasize=500000, converged=True, rounds=84, duration=0.327475s
[scenario=15_clients] [game_id=89] iter=89, players=15, total_datasize=500000, converged=True, rounds=511, duration=1.988791s
[scenario=15_clients] [game_id=90] iter=90, players=15, total_datasize=500000, converged=True, rounds=773, duration=3.034826s
[scenario=15_clients] [game_id=91] iter=91, players=15, total_datasize=500000, converged=True, rounds=292, duration=1.136037s
[scenario=15_clients] [game_id=92] iter=92, players=15, total_datasize=500000, converged=True, rounds=426, duration=1.719152s
[scenario=15_clients] [game_id=93] iter=93, players=15, total_datasize=500000, converged=True, rounds=424, duration=1.730626s
[scenario=15_clients] [game_id=94] iter=94, players=15, total_datasize=500000, converged=True, rounds=654, duration=2.624386s
[scenario=15_clients] [game_id=95] iter=95, players=15, total_datasize=500000, converged=True, rounds=655, duration=2.532896s
[scenario=15_clients] [game_id=96] iter=96, players=15, total_datasize=500000, converged=True, rounds=751, duration=2.908583s
[scenario=15_clients] [game_id=97] iter=97, players=15, total_datasize=500000, converged=True, rounds=736, duration=3.077898s
[scenario=15_clients] [game_id=98] iter=98, players=15, total_datasize=500000, converged=True, rounds=740, duration=4.157273s
[scenario=15_clients] [game_id=99] iter=99, players=15, total_datasize=500000, converged=True, rounds=288, duration=1.947266s
[scenario=15_clients] [game_id=100] iter=100, players=15, total_datasize=500000, converged=True, rounds=666, duration=3.895863s
实验完成，总博弈轮次=52037，总时间=229.848593s；日志文件：game_log/non_coop_batch/runs/scenario_5/participants_15/non_coop_game_metrics_participants_15.csv、game_log/non_coop_batch/runs/scenario_5/participants_15/non_coop_game_metrics_participants_15.jsonl、game_log/non_coop_batch/runs/scenario_5/participants_15/non_coop_run_summary_participants_15.csv、game_log/non_coop_batch/runs/scenario_5/participants_15/non_coop_run_summary_participants_15.jsonl
[OK] scenario=5, participants=15, total_rounds=52037, iter_count=100, all_converged=1
[RUN] /home/chenruiqi/anaconda2/envs/spdl/bin/python simulate_non_coop_game.py --scenario-profile legacy --mock-base-dir quality_data/non_coop_quality_scenarios/5 --participant-counts 20 --total-datasize 500000 --log-dir game_log/non_coop_batch/runs/scenario_5/participants_20
[scenario=20_clients] [game_id=1] iter=1, players=20, total_datasize=500000, converged=True, rounds=321, duration=3.476289s
[scenario=20_clients] [game_id=2] iter=2, players=20, total_datasize=500000, converged=True, rounds=235, duration=2.538076s
[scenario=20_clients] [game_id=3] iter=3, players=20, total_datasize=500000, converged=True, rounds=948, duration=7.231436s
[scenario=20_clients] [game_id=4] iter=4, players=20, total_datasize=500000, converged=True, rounds=299, duration=2.943580s
[scenario=20_clients] [game_id=5] iter=5, players=20, total_datasize=500000, converged=True, rounds=270, duration=1.803709s
[scenario=20_clients] [game_id=6] iter=6, players=20, total_datasize=500000, converged=True, rounds=493, duration=3.134017s
[scenario=20_clients] [game_id=7] iter=7, players=20, total_datasize=500000, converged=True, rounds=351, duration=2.230748s
[scenario=20_clients] [game_id=8] iter=8, players=20, total_datasize=500000, converged=True, rounds=304, duration=1.918190s
[scenario=20_clients] [game_id=9] iter=9, players=20, total_datasize=500000, converged=True, rounds=354, duration=2.260866s
[scenario=20_clients] [game_id=10] iter=10, players=20, total_datasize=500000, converged=True, rounds=395, duration=2.586430s
[scenario=20_clients] [game_id=11] iter=11, players=20, total_datasize=500000, converged=True, rounds=806, duration=5.283653s
[scenario=20_clients] [game_id=12] iter=12, players=20, total_datasize=500000, converged=True, rounds=549, duration=3.594004s
[scenario=20_clients] [game_id=13] iter=13, players=20, total_datasize=500000, converged=True, rounds=256, duration=1.681137s
[scenario=20_clients] [game_id=14] iter=14, players=20, total_datasize=500000, converged=True, rounds=735, duration=4.695982s
[scenario=20_clients] [game_id=15] iter=15, players=20, total_datasize=500000, converged=True, rounds=698, duration=4.448808s
[scenario=20_clients] [game_id=16] iter=16, players=20, total_datasize=500000, converged=True, rounds=570, duration=3.675873s
[scenario=20_clients] [game_id=17] iter=17, players=20, total_datasize=500000, converged=True, rounds=600, duration=3.765489s
[scenario=20_clients] [game_id=18] iter=18, players=20, total_datasize=500000, converged=True, rounds=1230, duration=7.892911s
[scenario=20_clients] [game_id=19] iter=19, players=20, total_datasize=500000, converged=True, rounds=1021, duration=6.569444s
[scenario=20_clients] [game_id=20] iter=20, players=20, total_datasize=500000, converged=True, rounds=949, duration=6.174535s
[scenario=20_clients] [game_id=21] iter=21, players=20, total_datasize=500000, converged=True, rounds=404, duration=2.632332s
[scenario=20_clients] [game_id=22] iter=22, players=20, total_datasize=500000, converged=True, rounds=435, duration=2.837454s
[scenario=20_clients] [game_id=23] iter=23, players=20, total_datasize=500000, converged=True, rounds=546, duration=3.566046s
[scenario=20_clients] [game_id=24] iter=24, players=20, total_datasize=500000, converged=True, rounds=557, duration=3.563992s
[scenario=20_clients] [game_id=25] iter=25, players=20, total_datasize=500000, converged=True, rounds=1027, duration=6.679495s
[scenario=20_clients] [game_id=26] iter=26, players=20, total_datasize=500000, converged=True, rounds=536, duration=3.530640s
[scenario=20_clients] [game_id=27] iter=27, players=20, total_datasize=500000, converged=True, rounds=535, duration=3.492772s
[scenario=20_clients] [game_id=28] iter=28, players=20, total_datasize=500000, converged=True, rounds=507, duration=3.310911s
[scenario=20_clients] [game_id=29] iter=29, players=20, total_datasize=500000, converged=True, rounds=548, duration=3.571543s
[scenario=20_clients] [game_id=30] iter=30, players=20, total_datasize=500000, converged=True, rounds=225, duration=1.469705s
[scenario=20_clients] [game_id=31] iter=31, players=20, total_datasize=500000, converged=True, rounds=457, duration=2.964927s
[scenario=20_clients] [game_id=32] iter=32, players=20, total_datasize=500000, converged=True, rounds=826, duration=5.370362s
[scenario=20_clients] [game_id=33] iter=33, players=20, total_datasize=500000, converged=True, rounds=220, duration=1.438060s
[scenario=20_clients] [game_id=34] iter=34, players=20, total_datasize=500000, converged=True, rounds=543, duration=4.900009s
[scenario=20_clients] [game_id=35] iter=35, players=20, total_datasize=500000, converged=True, rounds=581, duration=3.715713s
[scenario=20_clients] [game_id=36] iter=36, players=20, total_datasize=500000, converged=True, rounds=377, duration=2.402222s
[scenario=20_clients] [game_id=37] iter=37, players=20, total_datasize=500000, converged=True, rounds=658, duration=5.347996s
[scenario=20_clients] [game_id=38] iter=38, players=20, total_datasize=500000, converged=True, rounds=639, duration=5.655865s
[scenario=20_clients] [game_id=39] iter=39, players=20, total_datasize=500000, converged=True, rounds=944, duration=6.019349s
[scenario=20_clients] [game_id=40] iter=40, players=20, total_datasize=500000, converged=True, rounds=827, duration=5.387785s
[scenario=20_clients] [game_id=41] iter=41, players=20, total_datasize=500000, converged=True, rounds=370, duration=2.419674s
[scenario=20_clients] [game_id=42] iter=42, players=20, total_datasize=500000, converged=True, rounds=214, duration=1.353466s
[scenario=20_clients] [game_id=43] iter=43, players=20, total_datasize=500000, converged=True, rounds=311, duration=1.942714s
[scenario=20_clients] [game_id=44] iter=44, players=20, total_datasize=500000, converged=True, rounds=511, duration=3.211346s
[scenario=20_clients] [game_id=45] iter=45, players=20, total_datasize=500000, converged=True, rounds=506, duration=3.173124s
[scenario=20_clients] [game_id=46] iter=46, players=20, total_datasize=500000, converged=True, rounds=81, duration=0.510601s
[scenario=20_clients] [game_id=47] iter=47, players=20, total_datasize=500000, converged=True, rounds=623, duration=3.910428s
[scenario=20_clients] [game_id=48] iter=48, players=20, total_datasize=500000, converged=True, rounds=200, duration=1.254537s
[scenario=20_clients] [game_id=49] iter=49, players=20, total_datasize=500000, converged=True, rounds=796, duration=5.701790s
[scenario=20_clients] [game_id=50] iter=50, players=20, total_datasize=500000, converged=True, rounds=680, duration=6.413904s
[scenario=20_clients] [game_id=51] iter=51, players=20, total_datasize=500000, converged=True, rounds=455, duration=3.969070s
[scenario=20_clients] [game_id=52] iter=52, players=20, total_datasize=500000, converged=True, rounds=788, duration=5.019065s
[scenario=20_clients] [game_id=53] iter=53, players=20, total_datasize=500000, converged=True, rounds=336, duration=2.163058s
[scenario=20_clients] [game_id=54] iter=54, players=20, total_datasize=500000, converged=True, rounds=904, duration=5.788685s
[scenario=20_clients] [game_id=55] iter=55, players=20, total_datasize=500000, converged=True, rounds=899, duration=6.589625s
[scenario=20_clients] [game_id=56] iter=56, players=20, total_datasize=500000, converged=True, rounds=896, duration=6.045746s
[scenario=20_clients] [game_id=57] iter=57, players=20, total_datasize=500000, converged=True, rounds=343, duration=2.227146s
[scenario=20_clients] [game_id=58] iter=58, players=20, total_datasize=500000, converged=True, rounds=580, duration=3.783824s
[scenario=20_clients] [game_id=59] iter=59, players=20, total_datasize=500000, converged=True, rounds=638, duration=4.143273s
[scenario=20_clients] [game_id=60] iter=60, players=20, total_datasize=500000, converged=True, rounds=647, duration=4.210478s
[scenario=20_clients] [game_id=61] iter=61, players=20, total_datasize=500000, converged=True, rounds=354, duration=2.319618s
[scenario=20_clients] [game_id=62] iter=62, players=20, total_datasize=500000, converged=True, rounds=771, duration=4.989432s
[scenario=20_clients] [game_id=63] iter=63, players=20, total_datasize=500000, converged=True, rounds=667, duration=4.210065s
[scenario=20_clients] [game_id=64] iter=64, players=20, total_datasize=500000, converged=True, rounds=462, duration=3.221337s
[scenario=20_clients] [game_id=65] iter=65, players=20, total_datasize=500000, converged=True, rounds=439, duration=3.251501s
[scenario=20_clients] [game_id=66] iter=66, players=20, total_datasize=500000, converged=True, rounds=442, duration=4.701970s
[scenario=20_clients] [game_id=67] iter=67, players=20, total_datasize=500000, converged=True, rounds=339, duration=2.613896s
[scenario=20_clients] [game_id=68] iter=68, players=20, total_datasize=500000, converged=True, rounds=507, duration=3.189128s
[scenario=20_clients] [game_id=69] iter=69, players=20, total_datasize=500000, converged=True, rounds=331, duration=2.039717s
[scenario=20_clients] [game_id=70] iter=70, players=20, total_datasize=500000, converged=True, rounds=583, duration=3.547444s
[scenario=20_clients] [game_id=71] iter=71, players=20, total_datasize=500000, converged=True, rounds=328, duration=2.060197s
[scenario=20_clients] [game_id=72] iter=72, players=20, total_datasize=500000, converged=True, rounds=326, duration=2.051265s
[scenario=20_clients] [game_id=73] iter=73, players=20, total_datasize=500000, converged=True, rounds=576, duration=3.625702s
[scenario=20_clients] [game_id=74] iter=74, players=20, total_datasize=500000, converged=True, rounds=345, duration=2.151208s
[scenario=20_clients] [game_id=75] iter=75, players=20, total_datasize=500000, converged=True, rounds=342, duration=2.195387s
[scenario=20_clients] [game_id=76] iter=76, players=20, total_datasize=500000, converged=True, rounds=313, duration=2.088902s
[scenario=20_clients] [game_id=77] iter=77, players=20, total_datasize=500000, converged=True, rounds=314, duration=3.342854s
[scenario=20_clients] [game_id=78] iter=78, players=20, total_datasize=500000, converged=True, rounds=212, duration=1.828761s
[scenario=20_clients] [game_id=79] iter=79, players=20, total_datasize=500000, converged=True, rounds=320, duration=3.446827s
[scenario=20_clients] [game_id=80] iter=80, players=20, total_datasize=500000, converged=True, rounds=81, duration=0.868650s
[scenario=20_clients] [game_id=81] iter=81, players=20, total_datasize=500000, converged=True, rounds=80, duration=0.538333s
[scenario=20_clients] [game_id=82] iter=82, players=20, total_datasize=500000, converged=True, rounds=80, duration=0.526724s
[scenario=20_clients] [game_id=83] iter=83, players=20, total_datasize=500000, converged=True, rounds=81, duration=0.533666s
[scenario=20_clients] [game_id=84] iter=84, players=20, total_datasize=500000, converged=True, rounds=618, duration=4.022686s
[scenario=20_clients] [game_id=85] iter=85, players=20, total_datasize=500000, converged=True, rounds=327, duration=2.136466s
[scenario=20_clients] [game_id=86] iter=86, players=20, total_datasize=500000, converged=True, rounds=327, duration=2.142906s
[scenario=20_clients] [game_id=87] iter=87, players=20, total_datasize=500000, converged=True, rounds=329, duration=2.154249s
[scenario=20_clients] [game_id=88] iter=88, players=20, total_datasize=500000, converged=True, rounds=327, duration=2.742373s
[scenario=20_clients] [game_id=89] iter=89, players=20, total_datasize=500000, converged=True, rounds=326, duration=3.105882s
[scenario=20_clients] [game_id=90] iter=90, players=20, total_datasize=500000, converged=True, rounds=575, duration=4.587950s
[scenario=20_clients] [game_id=91] iter=91, players=20, total_datasize=500000, converged=True, rounds=574, duration=3.658994s
[scenario=20_clients] [game_id=92] iter=92, players=20, total_datasize=500000, converged=True, rounds=358, duration=2.233001s
[scenario=20_clients] [game_id=93] iter=93, players=20, total_datasize=500000, converged=True, rounds=383, duration=2.347538s
[scenario=20_clients] [game_id=94] iter=94, players=20, total_datasize=500000, converged=True, rounds=383, duration=2.345120s
[scenario=20_clients] [game_id=95] iter=95, players=20, total_datasize=500000, converged=True, rounds=333, duration=2.036519s
[scenario=20_clients] [game_id=96] iter=96, players=20, total_datasize=500000, converged=True, rounds=332, duration=2.028431s
[scenario=20_clients] [game_id=97] iter=97, players=20, total_datasize=500000, converged=True, rounds=583, duration=4.623310s
[scenario=20_clients] [game_id=98] iter=98, players=20, total_datasize=500000, converged=True, rounds=331, duration=3.349793s
[scenario=20_clients] [game_id=99] iter=99, players=20, total_datasize=500000, converged=True, rounds=331, duration=2.873399s
[scenario=20_clients] [game_id=100] iter=100, players=20, total_datasize=500000, converged=True, rounds=331, duration=2.887870s
实验完成，总博弈轮次=48615，总时间=338.212984s；日志文件：game_log/non_coop_batch/runs/scenario_5/participants_20/non_coop_game_metrics_participants_20.csv、game_log/non_coop_batch/runs/scenario_5/participants_20/non_coop_game_metrics_participants_20.jsonl、game_log/non_coop_batch/runs/scenario_5/participants_20/non_coop_run_summary_participants_20.csv、game_log/non_coop_batch/runs/scenario_5/participants_20/non_coop_run_summary_participants_20.jsonl
[OK] scenario=5, participants=20, total_rounds=48615, iter_count=100, all_converged=1
[RUN] /home/chenruiqi/anaconda2/envs/spdl/bin/python simulate_non_coop_game.py --scenario-profile legacy --mock-base-dir quality_data/non_coop_quality_scenarios/5 --participant-counts 25 --total-datasize 500000 --log-dir game_log/non_coop_batch/runs/scenario_5/participants_25
[scenario=25_clients] [game_id=1] iter=1, players=25, total_datasize=500000, converged=True, rounds=339, duration=5.130444s
[scenario=25_clients] [game_id=2] iter=2, players=25, total_datasize=500000, converged=True, rounds=525, duration=4.746799s
[scenario=25_clients] [game_id=3] iter=3, players=25, total_datasize=500000, converged=True, rounds=922, duration=8.050084s
[scenario=25_clients] [game_id=4] iter=4, players=25, total_datasize=500000, converged=True, rounds=1124, duration=10.849815s
[scenario=25_clients] [game_id=5] iter=5, players=25, total_datasize=500000, converged=True, rounds=305, duration=2.547816s
[scenario=25_clients] [game_id=6] iter=6, players=25, total_datasize=500000, converged=True, rounds=909, duration=7.581232s
[scenario=25_clients] [game_id=7] iter=7, players=25, total_datasize=500000, converged=True, rounds=354, duration=2.970994s
[scenario=25_clients] [game_id=8] iter=8, players=25, total_datasize=500000, converged=True, rounds=485, duration=4.051495s
[scenario=25_clients] [game_id=9] iter=9, players=25, total_datasize=500000, converged=True, rounds=359, duration=3.040063s
[scenario=25_clients] [game_id=10] iter=10, players=25, total_datasize=500000, converged=True, rounds=267, duration=2.262477s
[scenario=25_clients] [game_id=11] iter=11, players=25, total_datasize=500000, converged=True, rounds=873, duration=7.321051s
[scenario=25_clients] [game_id=12] iter=12, players=25, total_datasize=500000, converged=True, rounds=508, duration=5.387115s
[scenario=25_clients] [game_id=13] iter=13, players=25, total_datasize=500000, converged=True, rounds=196, duration=1.651810s
[scenario=25_clients] [game_id=14] iter=14, players=25, total_datasize=500000, converged=True, rounds=352, duration=2.945904s
[scenario=25_clients] [game_id=15] iter=15, players=25, total_datasize=500000, converged=True, rounds=904, duration=8.139696s
[scenario=25_clients] [game_id=16] iter=16, players=25, total_datasize=500000, converged=True, rounds=516, duration=4.921192s
[scenario=25_clients] [game_id=17] iter=17, players=25, total_datasize=500000, converged=True, rounds=486, duration=4.142685s
[scenario=25_clients] [game_id=18] iter=18, players=25, total_datasize=500000, converged=True, rounds=943, duration=8.039160s
[scenario=25_clients] [game_id=19] iter=19, players=25, total_datasize=500000, converged=True, rounds=567, duration=4.724473s
[scenario=25_clients] [game_id=20] iter=20, players=25, total_datasize=500000, converged=True, rounds=454, duration=3.798808s
[scenario=25_clients] [game_id=21] iter=21, players=25, total_datasize=500000, converged=True, rounds=943, duration=7.871878s
[scenario=25_clients] [game_id=22] iter=22, players=25, total_datasize=500000, converged=True, rounds=854, duration=7.121227s
[scenario=25_clients] [game_id=23] iter=23, players=25, total_datasize=500000, converged=True, rounds=463, duration=3.873244s
[scenario=25_clients] [game_id=24] iter=24, players=25, total_datasize=500000, converged=True, rounds=544, duration=5.744019s
[scenario=25_clients] [game_id=25] iter=25, players=25, total_datasize=500000, converged=True, rounds=732, duration=6.114214s
[scenario=25_clients] [game_id=26] iter=26, players=25, total_datasize=500000, converged=True, rounds=859, duration=7.155627s
[scenario=25_clients] [game_id=27] iter=27, players=25, total_datasize=500000, converged=True, rounds=874, duration=7.444537s
[scenario=25_clients] [game_id=28] iter=28, players=25, total_datasize=500000, converged=True, rounds=581, duration=4.906010s
[scenario=25_clients] [game_id=29] iter=29, players=25, total_datasize=500000, converged=True, rounds=571, duration=4.784594s
[scenario=25_clients] [game_id=30] iter=30, players=25, total_datasize=500000, converged=True, rounds=1379, duration=14.113329s
[scenario=25_clients] [game_id=31] iter=31, players=25, total_datasize=500000, converged=True, rounds=703, duration=5.934435s
[scenario=25_clients] [game_id=32] iter=32, players=25, total_datasize=500000, converged=True, rounds=628, duration=5.266299s
[scenario=25_clients] [game_id=33] iter=33, players=25, total_datasize=500000, converged=True, rounds=442, duration=4.986870s
[scenario=25_clients] [game_id=34] iter=34, players=25, total_datasize=500000, converged=True, rounds=966, duration=8.124103s
[scenario=25_clients] [game_id=35] iter=35, players=25, total_datasize=500000, converged=True, rounds=1163, duration=9.986692s
[scenario=25_clients] [game_id=36] iter=36, players=25, total_datasize=500000, converged=True, rounds=872, duration=7.457085s
[scenario=25_clients] [game_id=37] iter=37, players=25, total_datasize=500000, converged=True, rounds=889, duration=7.625254s
[scenario=25_clients] [game_id=38] iter=38, players=25, total_datasize=500000, converged=True, rounds=782, duration=6.696941s
[scenario=25_clients] [game_id=39] iter=39, players=25, total_datasize=500000, converged=True, rounds=615, duration=5.270774s
[scenario=25_clients] [game_id=40] iter=40, players=25, total_datasize=500000, converged=True, rounds=565, duration=4.851505s
[scenario=25_clients] [game_id=41] iter=41, players=25, total_datasize=500000, converged=True, rounds=779, duration=6.711186s
[scenario=25_clients] [game_id=42] iter=42, players=25, total_datasize=500000, converged=True, rounds=849, duration=7.341381s
[scenario=25_clients] [game_id=43] iter=43, players=25, total_datasize=500000, converged=True, rounds=326, duration=2.820812s
[scenario=25_clients] [game_id=44] iter=44, players=25, total_datasize=500000, converged=True, rounds=691, duration=5.818305s
[scenario=25_clients] [game_id=45] iter=45, players=25, total_datasize=500000, converged=True, rounds=434, duration=3.777035s
[scenario=25_clients] [game_id=46] iter=46, players=25, total_datasize=500000, converged=True, rounds=461, duration=3.979094s
[scenario=25_clients] [game_id=47] iter=47, players=25, total_datasize=500000, converged=True, rounds=317, duration=2.738288s
[scenario=25_clients] [game_id=48] iter=48, players=25, total_datasize=500000, converged=True, rounds=732, duration=6.338993s
[scenario=25_clients] [game_id=49] iter=49, players=25, total_datasize=500000, converged=True, rounds=653, duration=5.719611s
[scenario=25_clients] [game_id=50] iter=50, players=25, total_datasize=500000, converged=True, rounds=182, duration=1.592387s
[scenario=25_clients] [game_id=51] iter=51, players=25, total_datasize=500000, converged=True, rounds=788, duration=6.898147s
[scenario=25_clients] [game_id=52] iter=52, players=25, total_datasize=500000, converged=True, rounds=944, duration=7.948362s
[scenario=25_clients] [game_id=53] iter=53, players=25, total_datasize=500000, converged=True, rounds=304, duration=2.583138s
[scenario=25_clients] [game_id=54] iter=54, players=25, total_datasize=500000, converged=True, rounds=892, duration=7.694371s
[scenario=25_clients] [game_id=55] iter=55, players=25, total_datasize=500000, converged=True, rounds=431, duration=3.719508s
[scenario=25_clients] [game_id=56] iter=56, players=25, total_datasize=500000, converged=True, rounds=832, duration=7.178895s
[scenario=25_clients] [game_id=57] iter=57, players=25, total_datasize=500000, converged=True, rounds=572, duration=4.934917s
[scenario=25_clients] [game_id=58] iter=58, players=25, total_datasize=500000, converged=True, rounds=475, duration=4.053453s
[scenario=25_clients] [game_id=59] iter=59, players=25, total_datasize=500000, converged=True, rounds=307, duration=2.649603s
[scenario=25_clients] [game_id=60] iter=60, players=25, total_datasize=500000, converged=True, rounds=391, duration=5.001717s
[scenario=25_clients] [game_id=61] iter=61, players=25, total_datasize=500000, converged=True, rounds=611, duration=6.439553s
[scenario=25_clients] [game_id=62] iter=62, players=25, total_datasize=500000, converged=True, rounds=281, duration=2.429611s
[scenario=25_clients] [game_id=63] iter=63, players=25, total_datasize=500000, converged=True, rounds=403, duration=3.505527s
[scenario=25_clients] [game_id=64] iter=64, players=25, total_datasize=500000, converged=True, rounds=651, duration=5.625613s
[scenario=25_clients] [game_id=65] iter=65, players=25, total_datasize=500000, converged=True, rounds=755, duration=6.475321s
[scenario=25_clients] [game_id=66] iter=66, players=25, total_datasize=500000, converged=True, rounds=889, duration=7.637034s
[scenario=25_clients] [game_id=67] iter=67, players=25, total_datasize=500000, converged=True, rounds=328, duration=2.824613s
[scenario=25_clients] [game_id=68] iter=68, players=25, total_datasize=500000, converged=True, rounds=394, duration=3.455536s
[scenario=25_clients] [game_id=69] iter=69, players=25, total_datasize=500000, converged=True, rounds=773, duration=6.766031s
[scenario=25_clients] [game_id=70] iter=70, players=25, total_datasize=500000, converged=True, rounds=385, duration=3.369044s
[scenario=25_clients] [game_id=71] iter=71, players=25, total_datasize=500000, converged=True, rounds=272, duration=2.351604s
[scenario=25_clients] [game_id=72] iter=72, players=25, total_datasize=500000, converged=True, rounds=267, duration=2.290824s
[scenario=25_clients] [game_id=73] iter=73, players=25, total_datasize=500000, converged=True, rounds=299, duration=2.583926s
[scenario=25_clients] [game_id=74] iter=74, players=25, total_datasize=500000, converged=True, rounds=789, duration=6.961779s
[scenario=25_clients] [game_id=75] iter=75, players=25, total_datasize=500000, converged=True, rounds=773, duration=6.746281s
[scenario=25_clients] [game_id=76] iter=76, players=25, total_datasize=500000, converged=True, rounds=750, duration=7.411064s
[scenario=25_clients] [game_id=77] iter=77, players=25, total_datasize=500000, converged=True, rounds=375, duration=3.272807s
[scenario=25_clients] [game_id=78] iter=78, players=25, total_datasize=500000, converged=True, rounds=614, duration=5.271366s
[scenario=25_clients] [game_id=79] iter=79, players=25, total_datasize=500000, converged=True, rounds=464, duration=3.949349s
[scenario=25_clients] [game_id=80] iter=80, players=25, total_datasize=500000, converged=True, rounds=507, duration=4.277121s
[scenario=25_clients] [game_id=81] iter=81, players=25, total_datasize=500000, converged=True, rounds=561, duration=4.689260s
[scenario=25_clients] [game_id=82] iter=82, players=25, total_datasize=500000, converged=True, rounds=734, duration=6.246780s
[scenario=25_clients] [game_id=83] iter=83, players=25, total_datasize=500000, converged=True, rounds=717, duration=6.070364s
[scenario=25_clients] [game_id=84] iter=84, players=25, total_datasize=500000, converged=True, rounds=859, duration=7.385288s
[scenario=25_clients] [game_id=85] iter=85, players=25, total_datasize=500000, converged=True, rounds=516, duration=4.443491s
[scenario=25_clients] [game_id=86] iter=86, players=25, total_datasize=500000, converged=True, rounds=450, duration=3.876964s
[scenario=25_clients] [game_id=87] iter=87, players=25, total_datasize=500000, converged=True, rounds=281, duration=2.442190s
[scenario=25_clients] [game_id=88] iter=88, players=25, total_datasize=500000, converged=True, rounds=686, duration=6.080877s
[scenario=25_clients] [game_id=89] iter=89, players=25, total_datasize=500000, converged=True, rounds=562, duration=4.853882s
[scenario=25_clients] [game_id=90] iter=90, players=25, total_datasize=500000, converged=True, rounds=408, duration=3.535621s
[scenario=25_clients] [game_id=91] iter=91, players=25, total_datasize=500000, converged=True, rounds=705, duration=6.112376s
[scenario=25_clients] [game_id=92] iter=92, players=25, total_datasize=500000, converged=True, rounds=328, duration=2.825668s
[scenario=25_clients] [game_id=93] iter=93, players=25, total_datasize=500000, converged=True, rounds=1064, duration=9.298614s
[scenario=25_clients] [game_id=94] iter=94, players=25, total_datasize=500000, converged=True, rounds=281, duration=2.444429s
[scenario=25_clients] [game_id=95] iter=95, players=25, total_datasize=500000, converged=True, rounds=276, duration=2.374931s
[scenario=25_clients] [game_id=96] iter=96, players=25, total_datasize=500000, converged=True, rounds=301, duration=2.553635s
[scenario=25_clients] [game_id=97] iter=97, players=25, total_datasize=500000, converged=True, rounds=384, duration=3.189017s
[scenario=25_clients] [game_id=98] iter=98, players=25, total_datasize=500000, converged=True, rounds=342, duration=2.846961s
[scenario=25_clients] [game_id=99] iter=99, players=25, total_datasize=500000, converged=True, rounds=509, duration=4.359557s
[scenario=25_clients] [game_id=100] iter=100, players=25, total_datasize=500000, converged=True, rounds=285, duration=2.452856s
实验完成，总博弈轮次=59002，总时间=518.857718s；日志文件：game_log/non_coop_batch/runs/scenario_5/participants_25/non_coop_game_metrics_participants_25.csv、game_log/non_coop_batch/runs/scenario_5/participants_25/non_coop_game_metrics_participants_25.jsonl、game_log/non_coop_batch/runs/scenario_5/participants_25/non_coop_run_summary_participants_25.csv、game_log/non_coop_batch/runs/scenario_5/participants_25/non_coop_run_summary_participants_25.jsonl
[OK] scenario=5, participants=25, total_rounds=59002, iter_count=100, all_converged=1
[SKIP] 已按参数跳过画图，仅输出CSV。

=== 完成 ===
明细文件: game_log/non_coop_batch/non_coop_total_rounds_by_scenario.csv
平均文件: game_log/non_coop_batch/non_coop_avg_total_rounds.csv
图像文件: 已跳过
