game_id,iter_idx,converged,rounds,duration_sec,player_count,quality_scores_json,final_datasizes_json,final_payoffs_json
1,1,1,122,1.141656,20,"{""C01"": 1.012744, ""C02"": 1.03733, ""C03"": 1.050196, ""C04"": 1.054695, ""C05"": 1.05812, ""C06"": 1.014662, ""C07"": 1.052604, ""C08"": 1.356879, ""C09"": 1.258979, ""C10"": 1.295989, ""C11"": 1.339909, ""C12"": 1.379489, ""C13"": 1.40552, ""C14"": 1.262745, ""C15"": 1.342277, ""C16"": 1.977327, ""C17"": 1.889209, ""C18"": 1.87951, ""C19"": 1.882197, ""C20"": 1.883782}","{""C01"": 0, ""C02"": 0, ""C03"": 0, ""C04"": 0, ""C05"": 0, ""C06"": 0, ""C07"": 0, ""C08"": 0, ""C09"": 0, ""C10"": 0, ""C11"": 0, ""C12"": 0, ""C13"": 0, ""C14"": 0, ""C15"": 0, ""C16"": 1664, ""C17"": 0, ""C18"": 0, ""C19"": 0, ""C20"": 0}","{""C01"": 0.025256450229993885, ""C02"": 0.025256450229993885, ""C03"": 0.025256450229993885, ""C04"": 0.025256450229993885, ""C05"": 0.025256450229993885, ""C06"": 0.025256450229993885, ""C07"": 0.025256450229993885, ""C08"": 0.025256450229993885, ""C09"": 0.025256450229993885, ""C10"": 0.025256450229993885, ""C11"": 0.025256450229993885, ""C12"": 0.025256450229993885, ""C13"": 0.025256450229993885, ""C14"": 0.025256450229993885, ""C15"": 0.025256450229993885, ""C16"": 0.024292800792684973, ""C17"": 0.025256450229993885, ""C18"": 0.025256450229993885, ""C19"": 0.025256450229993885, ""C20"": 0.025256450229993885}"
2,2,1,124,1.164477,20,"{""C01"": 1.027263, ""C02"": 1.047619, ""C03"": 1.05685, ""C04"": 1.060018, ""C05"": 1.065042, ""C06"": 1.029872, ""C07"": 1.058986, ""C08"": 1.374939, ""C09"": 1.28289, ""C10"": 1.323561, ""C11"": 1.367231, ""C12"": 1.402767, ""C13"": 1.422862, ""C14"": 1.287222, ""C15"": 1.369187, ""C16"": 2.001769, ""C17"": 1.911379, ""C18"": 1.904678, ""C19"": 1.914224, ""C20"": 1.909438}","{""C01"": 0, ""C02"": 0, ""C03"": 0, ""C04"": 0, ""C05"": 0, ""C06"": 0, ""C07"": 0, ""C08"": 0, ""C09"": 0, ""C10"": 0, ""C11"": 0, ""C12"": 0, ""C13"": 0, ""C14"": 0, ""C15"": 0, ""C16"": 1658, ""C17"": 0, ""C18"": 0, ""C19"": 0, ""C20"": 0}","{""C01"": 0.025264817865649464, ""C02"": 0.025264817865649464, ""C03"": 0.025264817865649464, ""C04"": 0.025264817865649464, ""C05"": 0.025264817865649464, ""C06"": 0.025264817865649464, ""C07"": 0.025264817865649464, ""C08"": 0.025264817865649464, ""C09"": 0.025264817865649464, ""C10"": 0.025264817865649464, ""C11"": 0.025264817865649464, ""C12"": 0.025264817865649464, ""C13"": 0.025264817865649464, ""C14"": 0.025264817865649464, ""C15"": 0.025264817865649464, ""C16"": 0.024304642495266378, ""C17"": 0.025264817865649464, ""C18"": 0.025264817865649464, ""C19"": 0.025264817865649464, ""C20"": 0.025264817865649464}"
3,3,1,145,0.973345,20,"{""C01"": 1.039537, ""C02"": 1.055641, ""C03"": 1.061906, ""C04"": 1.06479, ""C05"": 1.072344, ""C06"": 1.042788, ""C07"": 1.063605, ""C08"": 1.393848, ""C09"": 1.307155, ""C10"": 1.350201, ""C11"": 1.392149, ""C12"": 1.422676, ""C13"": 1.43683, ""C14"": 1.311971, ""C15"": 1.393549, ""C16"": 2.022509, ""C17"": 1.931735, ""C18"": 1.929692, ""C19"": 1.946747, ""C20"": 1.934856}","{""C01"": 0, ""C02"": 0, ""C03"": 0, ""C04"": 0, ""C05"": 0, ""C06"": 0, ""C07"": 0, ""C08"": 0, ""C09"": 0, ""C10"": 0, ""C11"": 0, ""C12"": 0, ""C13"": 0, ""C14"": 0, ""C15"": 0, ""C16"": 1652, ""C17"": 0, ""C18"": 0, ""C19"": 0, ""C20"": 0}","{""C01"": 0.025271242033797076, ""C02"": 0.025271242033797076, ""C03"": 0.025271242033797076, ""C04"": 0.025271242033797076, ""C05"": 0.025271242033797076, ""C06"": 0.025271242033797076, ""C07"": 0.025271242033797076, ""C08"": 0.025271242033797076, ""C09"": 0.025271242033797076, ""C10"": 0.025271242033797076, ""C11"": 0.025271242033797076, ""C12"": 0.025271242033797076, ""C13"": 0.025271242033797076, ""C14"": 0.025271242033797076, ""C15"": 0.025271242033797076, ""C16"": 0.02431454233983186, ""C17"": 0.025271242033797076, ""C18"": 0.025271242033797076, ""C19"": 0.025271242033797076, ""C20"": 0.025271242033797076}"
4,4,1,177,0.961095,20,"{""C01"": 1.049526, ""C02"": 1.061621, ""C03"": 1.065774, ""C04"": 1.069438, ""C05"": 1.080296, ""C06"": 1.053344, ""C07"": 1.066894, ""C08"": 1.413636, ""C09"": 1.331471, ""C10"": 1.375461, ""C11"": 1.414322, ""C12"": 1.439184, ""C13"": 1.447761, ""C14"": 1.336675, ""C15"": 1.415047, ""C16"": 2.040347, ""C17"": 1.951104, ""C18"": 1.95509, ""C19"": 1.979836, ""C20"": 1.960564}","{""C01"": 0, ""C02"": 0, ""C03"": 0, ""C04"": 0, ""C05"": 0, ""C06"": 0, ""C07"": 0, ""C08"": 0, ""C09"": 0, ""C10"": 0, ""C11"": 0, ""C12"": 0, ""C13"": 0, ""C14"": 0, ""C15"": 0, ""C16"": 1648, ""C17"": 0, ""C18"": 0, ""C19"": 0, ""C20"": 0}","{""C01"": 0.02527733519200727, ""C02"": 0.02527733519200727, ""C03"": 0.02527733519200727, ""C04"": 0.02527733519200727, ""C05"": 0.02527733519200727, ""C06"": 0.02527733519200727, ""C07"": 0.02527733519200727, ""C08"": 0.02527733519200727, ""C09"": 0.02527733519200727, ""C10"": 0.02527733519200727, ""C11"": 0.02527733519200727, ""C12"": 0.02527733519200727, ""C13"": 0.02527733519200727, ""C14"": 0.02527733519200727, ""C15"": 0.02527733519200727, ""C16"": 0.02432295110853663, ""C17"": 0.02527733519200727, ""C18"": 0.02527733519200727, ""C19"": 0.02527733519200727, ""C20"": 0.02527733519200727}"
5,5,1,251,1.352770,20,"{""C01"": 1.057283, ""C02"": 1.06586, ""C03"": 1.068886, ""C04"": 1.074346, ""C05"": 1.089077, ""C06"": 1.061574, ""C07"": 1.069316, ""C08"": 1.434196, ""C09"": 1.355451, ""C10"": 1.398891, ""C11"": 1.433494, ""C12"": 1.452389, ""C13"": 1.456098, ""C14"": 1.360937, ""C15"": 1.433455, ""C16"": 2.056121, ""C17"": 1.970226, ""C18"": 1.981237, ""C19"": 2.01338, ""C20"": 1.98692}","{""C01"": 0, ""C02"": 0, ""C03"": 0, ""C04"": 0, ""C05"": 0, ""C06"": 0, ""C07"": 0, ""C08"": 0, ""C09"": 0, ""C10"": 0, ""C11"": 0, ""C12"": 0, ""C13"": 0, ""C14"": 0, ""C15"": 0, ""C16"": 1644, ""C17"": 0, ""C18"": 0, ""C19"": 0, ""C20"": 0}","{""C01"": 0.0252823742642298, ""C02"": 0.0252823742642298, ""C03"": 0.0252823742642298, ""C04"": 0.0252823742642298, ""C05"": 0.0252823742642298, ""C06"": 0.0252823742642298, ""C07"": 0.0252823742642298, ""C08"": 0.0252823742642298, ""C09"": 0.0252823742642298, ""C10"": 0.0252823742642298, ""C11"": 0.0252823742642298, ""C12"": 0.0252823742642298, ""C13"": 0.0252823742642298, ""C14"": 0.0252823742642298, ""C15"": 0.0252823742642298, ""C16"": 0.024330306667269458, ""C17"": 0.0252823742642298, ""C18"": 0.0252823742642298, ""C19"": 0.0252823742642298, ""C20"": 0.0252823742642298}"
6,6,1,426,2.375928,20,"{""C01"": 1.062953, ""C02"": 1.068722, ""C03"": 1.071678, ""C04"": 1.079837, ""C05"": 1.098768, ""C06"": 1.067606, ""C07"": 1.071342, ""C08"": 1.455294, ""C09"": 1.378648, ""C10"": 1.420082, ""C11"": 1.449517, ""C12"": 1.462515, ""C13"": 1.462369, ""C14"": 1.3843, ""C15"": 1.448659, ""C16"": 2.070663, ""C17"": 1.989727, ""C18"": 2.008321, ""C19"": 2.047106, ""C20"": 2.014109}","{""C01"": 0, ""C02"": 0, ""C03"": 0, ""C04"": 0, ""C05"": 0, ""C06"": 0, ""C07"": 0, ""C08"": 0, ""C09"": 0, ""C10"": 0, ""C11"": 0, ""C12"": 0, ""C13"": 0, ""C14"": 0, ""C15"": 0, ""C16"": 1640, ""C17"": 0, ""C18"": 0, ""C19"": 0, ""C20"": 0}","{""C01"": 0.02528677281370141, ""C02"": 0.02528677281370141, ""C03"": 0.02528677281370141, ""C04"": 0.02528677281370141, ""C05"": 0.02528677281370141, ""C06"": 0.02528677281370141, ""C07"": 0.02528677281370141, ""C08"": 0.02528677281370141, ""C09"": 0.02528677281370141, ""C10"": 0.02528677281370141, ""C11"": 0.02528677281370141, ""C12"": 0.02528677281370141, ""C13"": 0.02528677281370141, ""C14"": 0.02528677281370141, ""C15"": 0.02528677281370141, ""C16"": 0.024337022239478468, ""C17"": 0.02528677281370141, ""C18"": 0.02528677281370141, ""C19"": 0.02528677281370141, ""C20"": 0.02528677281370141}"
7,7,1,137,0.757457,20,"{""C01"": 1.066769, ""C02"": 1.070614, ""C03"": 1.074559, ""C04"": 1.086153, ""C05"": 1.109351, ""C06"": 1.071659, ""C07"": 1.073422, ""C08"": 1.476594, ""C09"": 1.400593, ""C10"": 1.438689, ""C11"": 1.462371, ""C12"": 1.469906, ""C13"": 1.467158, ""C14"": 1.406292, ""C15"": 1.460675, ""C16"": 2.084755, ""C17"": 2.01008, ""C18"": 2.036345, ""C19"": 2.080604, ""C20"": 2.04213}","{""C01"": 0, ""C02"": 0, ""C03"": 0, ""C04"": 0, ""C05"": 0, ""C06"": 0, ""C07"": 0, ""C08"": 0, ""C09"": 0, ""C10"": 0, ""C11"": 0, ""C12"": 0, ""C13"": 0, ""C14"": 0, ""C15"": 0, ""C16"": 865, ""C17"": 0, ""C18"": 0, ""C19"": 773, ""C20"": 0}","{""C01"": 0.02529117210326022, ""C02"": 0.02529117210326022, ""C03"": 0.02529117210326022, ""C04"": 0.02529117210326022, ""C05"": 0.02529117210326022, ""C06"": 0.02529117210326022, ""C07"": 0.02529117210326022, ""C08"": 0.02529117210326022, ""C09"": 0.02529117210326022, ""C10"": 0.02529117210326022, ""C11"": 0.02529117210326022, ""C12"": 0.02529117210326022, ""C13"": 0.02529117210326022, ""C14"": 0.02529117210326022, ""C15"": 0.02529117210326022, ""C16"": 0.024790238178733805, ""C17"": 0.02529117210326022, ""C18"": 0.02529117210326022, ""C19"": 0.02484351421261726, ""C20"": 0.02529117210326022}"
8,8,1,815,4.576746,20,"{""C01"": 1.069035, ""C02"": 1.071962, ""C03"": 1.077894, ""C04"": 1.093447, ""C05"": 1.120712, ""C06"": 1.07403, ""C07"": 1.075963, ""C08"": 1.497676, ""C09"": 1.42083, ""C10"": 1.454462, ""C11"": 1.472161, ""C12"": 1.475009, ""C13"": 1.471073, ""C14"": 1.426455, ""C15"": 1.469644, ""C16"": 2.099094, ""C17"": 2.031592, ""C18"": 2.065138, ""C19"": 2.113362, ""C20"": 2.070812}","{""C01"": 0, ""C02"": 0, ""C03"": 0, ""C04"": 0, ""C05"": 0, ""C06"": 0, ""C07"": 0, ""C08"": 0, ""C09"": 0, ""C10"": 0, ""C11"": 0, ""C12"": 0, ""C13"": 0, ""C14"": 0, ""C15"": 0, ""C16"": 0, ""C17"": 0, ""C18"": 0, ""C19"": 1630, ""C20"": 0}","{""C01"": 0.025300348370144693, ""C02"": 0.025300348370144693, ""C03"": 0.025300348370144693, ""C04"": 0.025300348370144693, ""C05"": 0.025300348370144693, ""C06"": 0.025300348370144693, ""C07"": 0.025300348370144693, ""C08"": 0.025300348370144693, ""C09"": 0.025300348370144693, ""C10"": 0.025300348370144693, ""C11"": 0.025300348370144693, ""C12"": 0.025300348370144693, ""C13"": 0.025300348370144693, ""C14"": 0.025300348370144693, ""C15"": 0.025300348370144693, ""C16"": 0.025300348370144693, ""C17"": 0.025300348370144693, ""C18"": 0.025300348370144693, ""C19"": 0.024356388183735568, ""C20"": 0.025300348370144693}"
9,9,1,341,1.853236,20,"{""C01"": 1.070119, ""C02"": 1.073188, ""C03"": 1.081982, ""C04"": 1.101769, ""C05"": 1.132651, ""C06"": 1.075082, ""C07"": 1.079306, ""C08"": 1.518075, ""C09"": 1.438943, ""C10"": 1.467263, ""C11"": 1.479123, ""C12"": 1.47835, ""C13"": 1.474714, ""C14"": 1.444375, ""C15"": 1.475838, ""C16"": 2.114251, ""C17"": 2.054387, ""C18"": 2.094373, ""C19"": 2.144807, ""C20"": 2.099832}","{""C01"": 0, ""C02"": 0, ""C03"": 0, ""C04"": 0, ""C05"": 0, ""C06"": 0, ""C07"": 0, ""C08"": 0, ""C09"": 0, ""C10"": 0, ""C11"": 0, ""C12"": 0, ""C13"": 0, ""C14"": 0, ""C15"": 0, ""C16"": 0, ""C17"": 0, ""C18"": 0, ""C19"": 1622, ""C20"": 0}","{""C01"": 0.02530965041970548, ""C02"": 0.02530965041970548, ""C03"": 0.02530965041970548, ""C04"": 0.02530965041970548, ""C05"": 0.02530965041970548, ""C06"": 0.02530965041970548, ""C07"": 0.02530965041970548, ""C08"": 0.02530965041970548, ""C09"": 0.02530965041970548, ""C10"": 0.02530965041970548, ""C11"": 0.02530965041970548, ""C12"": 0.02530965041970548, ""C13"": 0.02530965041970548, ""C14"": 0.02530965041970548, ""C15"": 0.02530965041970548, ""C16"": 0.02530965041970548, ""C17"": 0.02530965041970548, ""C18"": 0.02530965041970548, ""C19"": 0.02437032385406926, ""C20"": 0.02530965041970548}"
10,10,1,251,1.371243,20,"{""C01"": 1.070423, ""C02"": 1.074688, ""C03"": 1.08704, ""C04"": 1.111076, ""C05"": 1.144897, ""C06"": 1.075219, ""C07"": 1.083708, ""C08"": 1.537307, ""C09"": 1.454592, ""C10"": 1.477084, ""C11"": 1.48361, ""C12"": 1.480507, ""C13"": 1.478642, ""C14"": 1.459717, ""C15"": 1.479645, ""C16"": 2.130644, ""C17"": 2.078411, ""C18"": 2.123593, ""C19"": 2.174346, ""C20"": 2.128736}","{""C01"": 0, ""C02"": 0, ""C03"": 0, ""C04"": 0, ""C05"": 0, ""C06"": 0, ""C07"": 0, ""C08"": 0, ""C09"": 0, ""C10"": 0, ""C11"": 0, ""C12"": 0, ""C13"": 0, ""C14"": 0, ""C15"": 0, ""C16"": 0, ""C17"": 0, ""C18"": 0, ""C19"": 1615, ""C20"": 0}","{""C01"": 0.025318445043657864, ""C02"": 0.025318445043657864, ""C03"": 0.025318445043657864, ""C04"": 0.025318445043657864, ""C05"": 0.025318445043657864, ""C06"": 0.025318445043657864, ""C07"": 0.025318445043657864, ""C08"": 0.025318445043657864, ""C09"": 0.025318445043657864, ""C10"": 0.025318445043657864, ""C11"": 0.025318445043657864, ""C12"": 0.025318445043657864, ""C13"": 0.025318445043657864, ""C14"": 0.025318445043657864, ""C15"": 0.025318445043657864, ""C16"": 0.025318445043657864, ""C17"": 0.025318445043657864, ""C18"": 0.025318445043657864, ""C19"": 0.024383172339944883, ""C20"": 0.025318445043657864}"
11,11,1,256,1.423555,20,"{""C01"": 1.070369, ""C02"": 1.076807, ""C03"": 1.093193, ""C04"": 1.121226, ""C05"": 1.157128, ""C06"": 1.074868, ""C07"": 1.089327, ""C08"": 1.554909, ""C09"": 1.467536, ""C10"": 1.484044, ""C11"": 1.486074, ""C12"": 1.482079, ""C13"": 1.483343, ""C14"": 1.47225, ""C15"": 1.481546, ""C16"": 2.148523, ""C17"": 2.103438, ""C18"": 2.15225, ""C19"": 2.20141, ""C20"": 2.156985}","{""C01"": 0, ""C02"": 0, ""C03"": 0, ""C04"": 0, ""C05"": 0, ""C06"": 0, ""C07"": 0, ""C08"": 0, ""C09"": 0, ""C10"": 0, ""C11"": 0, ""C12"": 0, ""C13"": 0, ""C14"": 0, ""C15"": 0, ""C16"": 0, ""C17"": 0, ""C18"": 0, ""C19"": 1609, ""C20"": 0}","{""C01"": 0.025326542909727398, ""C02"": 0.025326542909727398, ""C03"": 0.025326542909727398, ""C04"": 0.025326542909727398, ""C05"": 0.025326542909727398, ""C06"": 0.025326542909727398, ""C07"": 0.025326542909727398, ""C08"": 0.025326542909727398, ""C09"": 0.025326542909727398, ""C10"": 0.025326542909727398, ""C11"": 0.025326542909727398, ""C12"": 0.025326542909727398, ""C13"": 0.025326542909727398, ""C14"": 0.025326542909727398, ""C15"": 0.025326542909727398, ""C16"": 0.025326542909727398, ""C17"": 0.025326542909727398, ""C18"": 0.025326542909727398, ""C19"": 0.024394744463348602, ""C20"": 0.025326542909727398}"
12,12,1,271,1.474258,20,"{""C01"": 1.070367, ""C02"": 1.079823, ""C03"": 1.100468, ""C04"": 1.131998, ""C05"": 1.168991, ""C06"": 1.074451, ""C07"": 1.09622, ""C08"": 1.570467, ""C09"": 1.477651, ""C10"": 1.488392, ""C11"": 1.487044, ""C12"": 1.483647, ""C13"": 1.489206, ""C14"": 1.481862, ""C15"": 1.482094, ""C16"": 2.167956, ""C17"": 2.129092, ""C18"": 2.179744, ""C19"": 2.225496, ""C20"": 2.183986}","{""C01"": 0, ""C02"": 0, ""C03"": 0, ""C04"": 0, ""C05"": 0, ""C06"": 0, ""C07"": 0, ""C08"": 0, ""C09"": 0, ""C10"": 0, ""C11"": 0, ""C12"": 0, ""C13"": 0, ""C14"": 0, ""C15"": 0, ""C16"": 0, ""C17"": 0, ""C18"": 0, ""C19"": 1603, ""C20"": 0}","{""C01"": 0.025333209800409914, ""C02"": 0.025333209800409914, ""C03"": 0.025333209800409914, ""C04"": 0.025333209800409914, ""C05"": 0.025333209800409914, ""C06"": 0.025333209800409914, ""C07"": 0.025333209800409914, ""C08"": 0.025333209800409914, ""C09"": 0.025333209800409914, ""C10"": 0.025333209800409914, ""C11"": 0.025333209800409914, ""C12"": 0.025333209800409914, ""C13"": 0.025333209800409914, ""C14"": 0.025333209800409914, ""C15"": 0.025333209800409914, ""C16"": 0.025333209800409914, ""C17"": 0.025333209800409914, ""C18"": 0.025333209800409914, ""C19"": 0.024404886835771043, ""C20"": 0.025333209800409914}"
13,13,1,288,1.591814,20,"{""C01"": 1.070799, ""C02"": 1.083927, ""C03"": 1.108791, ""C04"": 1.143102, ""C05"": 1.18013, ""C06"": 1.074363, ""C07"": 1.104331, ""C08"": 1.583647, ""C09"": 1.484942, ""C10"": 1.490492, ""C11"": 1.487093, ""C12"": 1.48575, ""C13"": 1.496501, ""C14"": 1.488571, ""C15"": 1.481882, ""C16"": 2.188836, ""C17"": 2.154878, ""C18"": 2.205464, ""C19"": 2.246208, ""C20"": 2.209141}","{""C01"": 0, ""C02"": 0, ""C03"": 0, ""C04"": 0, ""C05"": 0, ""C06"": 0, ""C07"": 0, ""C08"": 0, ""C09"": 0, ""C10"": 0, ""C11"": 0, ""C12"": 0, ""C13"": 0, ""C14"": 0, ""C15"": 0, ""C16"": 0, ""C17"": 0, ""C18"": 0, ""C19"": 1599, ""C20"": 0}","{""C01"": 0.02533950148380694, ""C02"": 0.02533950148380694, ""C03"": 0.02533950148380694, ""C04"": 0.02533950148380694, ""C05"": 0.02533950148380694, ""C06"": 0.02533950148380694, ""C07"": 0.02533950148380694, ""C08"": 0.02533950148380694, ""C09"": 0.02533950148380694, ""C10"": 0.02533950148380694, ""C11"": 0.02533950148380694, ""C12"": 0.02533950148380694, ""C13"": 0.02533950148380694, ""C14"": 0.02533950148380694, ""C15"": 0.02533950148380694, ""C16"": 0.02533950148380694, ""C17"": 0.02533950148380694, ""C18"": 0.02533950148380694, ""C19"": 0.02441349391667681, ""C20"": 0.02533950148380694}"
14,14,1,389,2.142653,20,"{""C01"": 1.071992, ""C02"": 1.08922, ""C03"": 1.118, ""C04"": 1.154202, ""C05"": 1.190206, ""C06"": 1.074952, ""C07"": 1.113511, ""C08"": 1.594222, ""C09"": 1.489547, ""C10"": 1.490805, ""C11"": 1.486809, ""C12"": 1.488847, ""C13"": 1.505365, ""C14"": 1.492533, ""C15"": 1.481509, ""C16"": 2.210887, ""C17"": 2.180216, ""C18"": 2.228833, ""C19"": 2.26328, ""C20"": 2.231884}","{""C01"": 0, ""C02"": 0, ""C03"": 0, ""C04"": 0, ""C05"": 0, ""C06"": 0, ""C07"": 0, ""C08"": 0, ""C09"": 0, ""C10"": 0, ""C11"": 0, ""C12"": 0, ""C13"": 0, ""C14"": 0, ""C15"": 0, ""C16"": 0, ""C17"": 0, ""C18"": 0, ""C19"": 1595, ""C20"": 0}","{""C01"": 0.02534420094570594, ""C02"": 0.02534420094570594, ""C03"": 0.02534420094570594, ""C04"": 0.02534420094570594, ""C05"": 0.02534420094570594, ""C06"": 0.02534420094570594, ""C07"": 0.02534420094570594, ""C08"": 0.02534420094570594, ""C09"": 0.02534420094570594, ""C10"": 0.02534420094570594, ""C11"": 0.02534420094570594, ""C12"": 0.02534420094570594, ""C13"": 0.02534420094570594, ""C14"": 0.02534420094570594, ""C15"": 0.02534420094570594, ""C16"": 0.02534420094570594, ""C17"": 0.02534420094570594, ""C18"": 0.02534420094570594, ""C19"": 0.02442051014574115, ""C20"": 0.02534420094570594}"
15,15,1,459,2.628664,20,"{""C01"": 1.074202, ""C02"": 1.095702, ""C03"": 1.127853, ""C04"": 1.164938, ""C05"": 1.198924, ""C06"": 1.076494, ""C07"": 1.123518, ""C08"": 1.602083, ""C09"": 1.491729, ""C10"": 1.489859, ""C11"": 1.48676, ""C12"": 1.493294, ""C13"": 1.515796, ""C14"": 1.494029, ""C15"": 1.481547, ""C16"": 2.23369, ""C17"": 2.204483, ""C18"": 2.249353, ""C19"": 2.276604, ""C20"": 2.251733}","{""C01"": 0, ""C02"": 0, ""C03"": 0, ""C04"": 0, ""C05"": 0, ""C06"": 0, ""C07"": 0, ""C08"": 0, ""C09"": 0, ""C10"": 0, ""C11"": 0, ""C12"": 0, ""C13"": 0, ""C14"": 0, ""C15"": 0, ""C16"": 0, ""C17"": 0, ""C18"": 0, ""C19"": 1592, ""C20"": 0}","{""C01"": 0.025347891212448417, ""C02"": 0.025347891212448417, ""C03"": 0.025347891212448417, ""C04"": 0.025347891212448417, ""C05"": 0.025347891212448417, ""C06"": 0.025347891212448417, ""C07"": 0.025347891212448417, ""C08"": 0.025347891212448417, ""C09"": 0.025347891212448417, ""C10"": 0.025347891212448417, ""C11"": 0.025347891212448417, ""C12"": 0.025347891212448417, ""C13"": 0.025347891212448417, ""C14"": 0.025347891212448417, ""C15"": 0.025347891212448417, ""C16"": 0.025347891212448417, ""C17"": 0.025347891212448417, ""C18"": 0.025347891212448417, ""C19"": 0.024425937844711372, ""C20"": 0.025347891212448417}"
16,16,1,606,3.332909,20,"{""C01"": 1.077599, ""C02"": 1.103278, ""C03"": 1.138043, ""C04"": 1.17495, ""C05"": 1.206047, ""C06"": 1.079184, ""C07"": 1.134038, ""C08"": 1.607254, ""C09"": 1.491864, ""C10"": 1.488227, ""C11"": 1.487459, ""C12"": 1.499328, ""C13"": 1.527659, ""C14"": 1.493455, ""C15"": 1.482504, ""C16"": 2.256716, ""C17"": 2.227058, ""C18"": 2.266635, ""C19"": 2.286239, ""C20"": 2.268312}","{""C01"": 0, ""C02"": 0, ""C03"": 0, ""C04"": 0, ""C05"": 0, ""C06"": 0, ""C07"": 0, ""C08"": 0, ""C09"": 0, ""C10"": 0, ""C11"": 0, ""C12"": 0, ""C13"": 0, ""C14"": 0, ""C15"": 0, ""C16"": 0, ""C17"": 0, ""C18"": 0, ""C19"": 1590, ""C20"": 0}","{""C01"": 0.025350632159017047, ""C02"": 0.025350632159017047, ""C03"": 0.025350632159017047, ""C04"": 0.025350632159017047, ""C05"": 0.025350632159017047, ""C06"": 0.025350632159017047, ""C07"": 0.025350632159017047, ""C08"": 0.025350632159017047, ""C09"": 0.025350632159017047, ""C10"": 0.025350632159017047, ""C11"": 0.025350632159017047, ""C12"": 0.025350632159017047, ""C13"": 0.025350632159017047, ""C14"": 0.025350632159017047, ""C15"": 0.025350632159017047, ""C16"": 0.025350632159017047, ""C17"": 0.025350632159017047, ""C18"": 0.025350632159017047, ""C19"": 0.02442983683570799, ""C20"": 0.025350632159017047}"
17,17,1,1112,7.445112,20,"{""C01"": 1.082256, ""C02"": 1.111761, ""C03"": 1.148223, ""C04"": 1.1839, ""C05"": 1.211419, ""C06"": 1.08312, ""C07"": 1.144706, ""C08"": 1.609889, ""C09"": 1.49042, ""C10"": 1.486485, ""C11"": 1.489341, ""C12"": 1.50705, ""C13"": 1.540691, ""C14"": 1.491299, ""C15"": 1.484805, ""C16"": 2.279359, ""C17"": 2.247364, ""C18"": 2.28043, ""C19"": 2.292412, ""C20"": 2.28139}","{""C01"": 0, ""C02"": 0, ""C03"": 0, ""C04"": 0, ""C05"": 0, ""C06"": 0, ""C07"": 0, ""C08"": 0, ""C09"": 0, ""C10"": 0, ""C11"": 0, ""C12"": 0, ""C13"": 0, ""C14"": 0, ""C15"": 0, ""C16"": 0, ""C17"": 0, ""C18"": 0, ""C19"": 1588, ""C20"": 0}","{""C01"": 0.025351959412826156, ""C02"": 0.025351959412826156, ""C03"": 0.025351959412826156, ""C04"": 0.025351959412826156, ""C05"": 0.025351959412826156, ""C06"": 0.025351959412826156, ""C07"": 0.025351959412826156, ""C08"": 0.025351959412826156, ""C09"": 0.025351959412826156, ""C10"": 0.025351959412826156, ""C11"": 0.025351959412826156, ""C12"": 0.025351959412826156, ""C13"": 0.025351959412826156, ""C14"": 0.025351959412826156, ""C15"": 0.025351959412826156, ""C16"": 0.025351959412826156, ""C17"": 0.025351959412826156, ""C18"": 0.025351959412826156, ""C19"": 0.02443232336126558, ""C20"": 0.025351959412826156}"
18,18,1,809,4.459778,20,"{""C01"": 1.088152, ""C02"": 1.120892, ""C03"": 1.158027, ""C04"": 1.191499, ""C05"": 1.214972, ""C06"": 1.088308, ""C07"": 1.155131, ""C08"": 1.610268, ""C09"": 1.487931, ""C10"": 1.485187, ""C11"": 1.492731, ""C12"": 1.516423, ""C13"": 1.554526, ""C14"": 1.488116, ""C15"": 1.488756, ""C16"": 2.300981, ""C17"": 2.264907, ""C18"": 2.290649, ""C19"": 2.295507, ""C20"": 2.290892}","{""C01"": 0, ""C02"": 0, ""C03"": 0, ""C04"": 0, ""C05"": 0, ""C06"": 0, ""C07"": 0, ""C08"": 0, ""C09"": 0, ""C10"": 0, ""C11"": 0, ""C12"": 0, ""C13"": 0, ""C14"": 0, ""C15"": 0, ""C16"": 1167, ""C17"": 0, ""C18"": 0, ""C19"": 420, ""C20"": 0}","{""C01"": 0.0253542386887967, ""C02"": 0.0253542386887967, ""C03"": 0.0253542386887967, ""C04"": 0.0253542386887967, ""C05"": 0.0253542386887967, ""C06"": 0.0253542386887967, ""C07"": 0.0253542386887967, ""C08"": 0.0253542386887967, ""C09"": 0.0253542386887967, ""C10"": 0.0253542386887967, ""C11"": 0.0253542386887967, ""C12"": 0.0253542386887967, ""C13"": 0.0253542386887967, ""C14"": 0.0253542386887967, ""C15"": 0.0253542386887967, ""C16"": 0.024678411599129722, ""C17"": 0.0253542386887967, ""C18"": 0.0253542386887967, ""C19"": 0.025111009481439274, ""C20"": 0.0253542386887967}"
19,19,1,438,2.856033,20,"{""C01"": 1.095167, ""C02"": 1.130349, ""C03"": 1.167093, ""C04"": 1.197523, ""C05"": 1.216734, ""C06"": 1.094651, ""C07"": 1.164918, ""C08"": 1.608781, ""C09"": 1.484965, ""C10"": 1.484825, ""C11"": 1.497833, ""C12"": 1.527278, ""C13"": 1.568718, ""C14"": 1.484494, ""C15"": 1.494537, ""C16"": 2.320952, ""C17"": 2.279312, ""C18"": 2.297374, ""C19"": 2.29605, ""C20"": 2.296917}","{""C01"": 0, ""C02"": 0, ""C03"": 0, ""C04"": 0, ""C05"": 0, ""C06"": 0, ""C07"": 0, ""C08"": 0, ""C09"": 0, ""C10"": 0, ""C11"": 0, ""C12"": 0, ""C13"": 0, ""C14"": 0, ""C15"": 0, ""C16"": 1582, ""C17"": 0, ""C18"": 0, ""C19"": 0, ""C20"": 0}","{""C01"": 0.025359868440583994, ""C02"": 0.025359868440583994, ""C03"": 0.025359868440583994, ""C04"": 0.025359868440583994, ""C05"": 0.025359868440583994, ""C06"": 0.025359868440583994, ""C07"": 0.025359868440583994, ""C08"": 0.025359868440583994, ""C09"": 0.025359868440583994, ""C10"": 0.025359868440583994, ""C11"": 0.025359868440583994, ""C12"": 0.025359868440583994, ""C13"": 0.025359868440583994, ""C14"": 0.025359868440583994, ""C15"": 0.025359868440583994, ""C16"": 0.024443706794052746, ""C17"": 0.025359868440583994, ""C18"": 0.025359868440583994, ""C19"": 0.025359868440583994, ""C20"": 0.025359868440583994}"
20,20,1,313,1.724158,20,"{""C01"": 1.103096, ""C02"": 1.139777, ""C03"": 1.175087, ""C04"": 1.201826, ""C05"": 1.216825, ""C06"": 1.101971, ""C07"": 1.173694, ""C08"": 1.605906, ""C09"": 1.482091, ""C10"": 1.485808, ""C11"": 1.504714, ""C12"": 1.539325, ""C13"": 1.582768, ""C14"": 1.481021, ""C15"": 1.502185, ""C16"": 2.338698, ""C17"": 2.29035, ""C18"": 2.300853, ""C19"": 2.294672, ""C20"": 2.299729}","{""C01"": 0, ""C02"": 0, ""C03"": 0, ""C04"": 0, ""C05"": 0, ""C06"": 0, ""C07"": 0, ""C08"": 0, ""C09"": 0, ""C10"": 0, ""C11"": 0, ""C12"": 0, ""C13"": 0, ""C14"": 0, ""C15"": 0, ""C16"": 1578, ""C17"": 0, ""C18"": 0, ""C19"": 0, ""C20"": 0}","{""C01"": 0.025364537260269604, ""C02"": 0.025364537260269604, ""C03"": 0.025364537260269604, ""C04"": 0.025364537260269604, ""C05"": 0.025364537260269604, ""C06"": 0.025364537260269604, ""C07"": 0.025364537260269604, ""C08"": 0.025364537260269604, ""C09"": 0.025364537260269604, ""C10"": 0.025364537260269604, ""C11"": 0.025364537260269604, ""C12"": 0.025364537260269604, ""C13"": 0.025364537260269604, ""C14"": 0.025364537260269604, ""C15"": 0.025364537260269604, ""C16"": 0.02445069240926684, ""C17"": 0.025364537260269604, ""C18"": 0.025364537260269604, ""C19"": 0.025364537260269604, ""C20"": 0.025364537260269604}"
21,21,1,230,1.255927,20,"{""C01"": 1.11166, ""C02"": 1.148803, ""C03"": 1.181728, ""C04"": 1.204358, ""C05"": 1.215455, ""C06"": 1.110009, ""C07"": 1.181139, ""C08"": 1.602178, ""C09"": 1.479845, ""C10"": 1.488431, ""C11"": 1.513304, ""C12"": 1.552172, ""C13"": 1.596161, ""C14"": 1.47825, ""C15"": 1.511595, ""C16"": 2.353737, ""C17"": 2.297957, ""C18"": 2.30149, ""C19"": 2.292081, ""C20"": 2.299747}","{""C01"": 0, ""C02"": 0, ""C03"": 0, ""C04"": 0, ""C05"": 0, ""C06"": 0, ""C07"": 0, ""C08"": 0, ""C09"": 0, ""C10"": 0, ""C11"": 0, ""C12"": 0, ""C13"": 0, ""C14"": 0, ""C15"": 0, ""C16"": 1575, ""C17"": 0, ""C18"": 0, ""C19"": 0, ""C20"": 0}","{""C01"": 0.02536866599885987, ""C02"": 0.02536866599885987, ""C03"": 0.02536866599885987, ""C04"": 0.02536866599885987, ""C05"": 0.02536866599885987, ""C06"": 0.02536866599885987, ""C07"": 0.02536866599885987, ""C08"": 0.02536866599885987, ""C09"": 0.02536866599885987, ""C10"": 0.02536866599885987, ""C11"": 0.02536866599885987, ""C12"": 0.02536866599885987, ""C13"": 0.02536866599885987, ""C14"": 0.02536866599885987, ""C15"": 0.02536866599885987, ""C16"": 0.024456558195301438, ""C17"": 0.02536866599885987, ""C18"": 0.02536866599885987, ""C19"": 0.02536866599885987, ""C20"": 0.02536866599885987}"
22,22,1,195,1.055494,20,"{""C01"": 1.120528, ""C02"": 1.157066, ""C03"": 1.186803, ""C04"": 1.20516, ""C05"": 1.212908, ""C06"": 1.118454, ""C07"": 1.186995, ""C08"": 1.598164, ""C09"": 1.478702, ""C10"": 1.492866, ""C11"": 1.523402, ""C12"": 1.565354, ""C13"": 1.608398, ""C14"": 1.476671, ""C15"": 1.522532, ""C16"": 2.365711, ""C17"": 2.302237, ""C18"": 2.299824, ""C19"": 2.289015, ""C20"": 2.297523}","{""C01"": 0, ""C02"": 0, ""C03"": 0, ""C04"": 0, ""C05"": 0, ""C06"": 0, ""C07"": 0, ""C08"": 0, ""C09"": 0, ""C10"": 0, ""C11"": 0, ""C12"": 0, ""C13"": 0, ""C14"": 0, ""C15"": 0, ""C16"": 1573, ""C17"": 0, ""C18"": 0, ""C19"": 0, ""C20"": 0}","{""C01"": 0.025372143812349937, ""C02"": 0.025372143812349937, ""C03"": 0.025372143812349937, ""C04"": 0.025372143812349937, ""C05"": 0.025372143812349937, ""C06"": 0.025372143812349937, ""C07"": 0.025372143812349937, ""C08"": 0.025372143812349937, ""C09"": 0.025372143812349937, ""C10"": 0.025372143812349937, ""C11"": 0.025372143812349937, ""C12"": 0.025372143812349937, ""C13"": 0.025372143812349937, ""C14"": 0.025372143812349937, ""C15"": 0.025372143812349937, ""C16"": 0.024461193402710472, ""C17"": 0.025372143812349937, ""C18"": 0.025372143812349937, ""C19"": 0.025372143812349937, ""C20"": 0.025372143812349937}"
23,23,1,174,0.959995,20,"{""C01"": 1.129334, ""C02"": 1.16424, ""C03"": 1.190183, ""C04"": 1.204368, ""C05"": 1.20953, ""C06"": 1.126955, ""C07"": 1.191094, ""C08"": 1.594423, ""C09"": 1.479041, ""C10"": 1.499147, ""C11"": 1.534692, ""C12"": 1.578363, ""C13"": 1.619029, ""C14"": 1.476676, ""C15"": 1.534641, ""C16"": 2.374414, ""C17"": 2.303461, ""C18"": 2.296497, ""C19"": 2.286203, ""C20"": 2.293712}","{""C01"": 0, ""C02"": 0, ""C03"": 0, ""C04"": 0, ""C05"": 0, ""C06"": 0, ""C07"": 0, ""C08"": 0, ""C09"": 0, ""C10"": 0, ""C11"": 0, ""C12"": 0, ""C13"": 0, ""C14"": 0, ""C15"": 0, ""C16"": 1571, ""C17"": 0, ""C18"": 0, ""C19"": 0, ""C20"": 0}","{""C01"": 0.025374334875660223, ""C02"": 0.025374334875660223, ""C03"": 0.025374334875660223, ""C04"": 0.025374334875660223, ""C05"": 0.025374334875660223, ""C06"": 0.025374334875660223, ""C07"": 0.025374334875660223, ""C08"": 0.025374334875660223, ""C09"": 0.025374334875660223, ""C10"": 0.025374334875660223, ""C11"": 0.025374334875660223, ""C12"": 0.025374334875660223, ""C13"": 0.025374334875660223, ""C14"": 0.025374334875660223, ""C15"": 0.025374334875660223, ""C16"": 0.024464542988389928, ""C17"": 0.025374334875660223, ""C18"": 0.025374334875660223, ""C19"": 0.025374334875660223, ""C20"": 0.025374334875660223}"
24,24,1,162,1.553449,20,"{""C01"": 1.137705, ""C02"": 1.170051, ""C03"": 1.191831, ""C04"": 1.202206, ""C05"": 1.205705, ""C06"": 1.135149, ""C07"": 1.19336, ""C08"": 1.591477, ""C09"": 1.481132, ""C10"": 1.507173, ""C11"": 1.546759, ""C12"": 1.590678, ""C13"": 1.627681, ""C14"": 1.478545, ""C15"": 1.547473, ""C16"": 2.379807, ""C17"": 2.302056, ""C18"": 2.292216, ""C19"": 2.284322, ""C20"": 2.289032}","{""C01"": 0, ""C02"": 0, ""C03"": 0, ""C04"": 0, ""C05"": 0, ""C06"": 0, ""C07"": 0, ""C08"": 0, ""C09"": 0, ""C10"": 0, ""C11"": 0, ""C12"": 0, ""C13"": 0, ""C14"": 0, ""C15"": 0, ""C16"": 1570, ""C17"": 0, ""C18"": 0, ""C19"": 0, ""C20"": 0}","{""C01"": 0.025375823525904756, ""C02"": 0.025375823525904756, ""C03"": 0.025375823525904756, ""C04"": 0.025375823525904756, ""C05"": 0.025375823525904756, ""C06"": 0.025375823525904756, ""C07"": 0.025375823525904756, ""C08"": 0.025375823525904756, ""C09"": 0.025375823525904756, ""C10"": 0.025375823525904756, ""C11"": 0.025375823525904756, ""C12"": 0.025375823525904756, ""C13"": 0.025375823525904756, ""C14"": 0.025375823525904756, ""C15"": 0.025375823525904756, ""C16"": 0.02446661055422574, ""C17"": 0.025375823525904756, ""C18"": 0.025375823525904756, ""C19"": 0.025375823525904756, ""C20"": 0.025375823525904756}"
25,25,1,152,1.303774,20,"{""C01"": 1.14528, ""C02"": 1.1743, ""C03"": 1.191805, ""C04"": 1.19897, ""C05"": 1.20183, ""C06"": 1.142683, ""C07"": 1.193819, ""C08"": 1.589778, ""C09"": 1.485113, ""C10"": 1.516714, ""C11"": 1.559124, ""C12"": 1.601803, ""C13"": 1.634086, ""C14"": 1.482421, ""C15"": 1.560514, ""C16"": 2.382019, ""C17"": 2.298574, ""C18"": 2.287715, ""C19"": 2.283953, ""C20"": 2.284227}","{""C01"": 0, ""C02"": 0, ""C03"": 0, ""C04"": 0, ""C05"": 0, ""C06"": 0, ""C07"": 0, ""C08"": 0, ""C09"": 0, ""C10"": 0, ""C11"": 0, ""C12"": 0, ""C13"": 0, ""C14"": 0, ""C15"": 0, ""C16"": 1569, ""C17"": 0, ""C18"": 0, ""C19"": 0, ""C20"": 0}","{""C01"": 0.025376089680201233, ""C02"": 0.025376089680201233, ""C03"": 0.025376089680201233, ""C04"": 0.025376089680201233, ""C05"": 0.025376089680201233, ""C06"": 0.025376089680201233, ""C07"": 0.025376089680201233, ""C08"": 0.025376089680201233, ""C09"": 0.025376089680201233, ""C10"": 0.025376089680201233, ""C11"": 0.025376089680201233, ""C12"": 0.025376089680201233, ""C13"": 0.025376089680201233, ""C14"": 0.025376089680201233, ""C15"": 0.025376089680201233, ""C16"": 0.024467456699826022, ""C17"": 0.025376089680201233, ""C18"": 0.025376089680201233, ""C19"": 0.025376089680201233, ""C20"": 0.025376089680201233}"
26,26,1,146,0.807442,20,"{""C01"": 1.15174, ""C02"": 1.176872, ""C03"": 1.190259, ""C04"": 1.19501, ""C05"": 1.198298, ""C06"": 1.149238, ""C07"": 1.192599, ""C08"": 1.589682, ""C09"": 1.490988, ""C10"": 1.527427, ""C11"": 1.571267, ""C12"": 1.611297, ""C13"": 1.638096, ""C14"": 1.488312, ""C15"": 1.573215, ""C16"": 2.381348, ""C17"": 2.293668, ""C18"": 2.283706, ""C19"": 2.285556, ""C20"": 2.280014}","{""C01"": 0, ""C02"": 0, ""C03"": 0, ""C04"": 0, ""C05"": 0, ""C06"": 0, ""C07"": 0, ""C08"": 0, ""C09"": 0, ""C10"": 0, ""C11"": 0, ""C12"": 0, ""C13"": 0, ""C14"": 0, ""C15"": 0, ""C16"": 1569, ""C17"": 0, ""C18"": 0, ""C19"": 0, ""C20"": 0}","{""C01"": 0.025375832804972187, ""C02"": 0.025375832804972187, ""C03"": 0.025375832804972187, ""C04"": 0.025375832804972187, ""C05"": 0.025375832804972187, ""C06"": 0.025375832804972187, ""C07"": 0.025375832804972187, ""C08"": 0.025375832804972187, ""C09"": 0.025375832804972187, ""C10"": 0.025375832804972187, ""C11"": 0.025375832804972187, ""C12"": 0.025375832804972187, ""C13"": 0.025375832804972187, ""C14"": 0.025375832804972187, ""C15"": 0.025375832804972187, ""C16"": 0.024467200050695075, ""C17"": 0.025375832804972187, ""C18"": 0.025375832804972187, ""C19"": 0.025375832804972187, ""C20"": 0.025375832804972187}"
27,27,1,144,0.793287,20,"{""C01"": 1.156824, ""C02"": 1.177749, ""C03"": 1.187427, ""C04"": 1.190714, ""C05"": 1.195469, ""C06"": 1.154551, ""C07"": 1.189918, ""C08"": 1.59143, ""C09"": 1.498624, ""C10"": 1.538879, ""C11"": 1.582668, ""C12"": 1.618803, ""C13"": 1.639695, ""C14"": 1.496085, ""C15"": 1.585031, ""C16"": 2.378241, ""C17"": 2.288045, ""C18"": 2.280845, ""C19"": 2.289434, ""C20"": 2.277054}","{""C01"": 0, ""C02"": 0, ""C03"": 0, ""C04"": 0, ""C05"": 0, ""C06"": 0, ""C07"": 0, ""C08"": 0, ""C09"": 0, ""C10"": 0, ""C11"": 0, ""C12"": 0, ""C13"": 0, ""C14"": 0, ""C15"": 0, ""C16"": 1570, ""C17"": 0, ""C18"": 0, ""C19"": 0, ""C20"": 0}","{""C01"": 0.02537522321970534, ""C02"": 0.02537522321970534, ""C03"": 0.02537522321970534, ""C04"": 0.02537522321970534, ""C05"": 0.02537522321970534, ""C06"": 0.02537522321970534, ""C07"": 0.02537522321970534, ""C08"": 0.02537522321970534, ""C09"": 0.02537522321970534, ""C10"": 0.02537522321970534, ""C11"": 0.02537522321970534, ""C12"": 0.02537522321970534, ""C13"": 0.02537522321970534, ""C14"": 0.02537522321970534, ""C15"": 0.02537522321970534, ""C16"": 0.024466010776060775, ""C17"": 0.02537522321970534, ""C18"": 0.02537522321970534, ""C19"": 0.02537522321970534, ""C20"": 0.02537522321970534}"
28,28,1,159,0.875959,20,"{""C01"": 1.160344, ""C02"": 1.177005, ""C03"": 1.183617, ""C04"": 1.186478, ""C05"": 1.193647, ""C06"": 1.158424, ""C07"": 1.186074, ""C08"": 1.595128, ""C09"": 1.507765, ""C10"": 1.550576, ""C11"": 1.592834, ""C12"": 1.624071, ""C13"": 1.639001, ""C14"": 1.505479, ""C15"": 1.595452, ""C16"": 2.373266, ""C17"": 2.282432, ""C18"": 2.279685, ""C19"": 2.295722, ""C20"": 2.275903}","{""C01"": 0, ""C02"": 0, ""C03"": 0, ""C04"": 0, ""C05"": 0, ""C06"": 0, ""C07"": 0, ""C08"": 0, ""C09"": 0, ""C10"": 0, ""C11"": 0, ""C12"": 0, ""C13"": 0, ""C14"": 0, ""C15"": 0, ""C16"": 1571, ""C17"": 0, ""C18"": 0, ""C19"": 0, ""C20"": 0}","{""C01"": 0.025373893529305636, ""C02"": 0.025373893529305636, ""C03"": 0.025373893529305636, ""C04"": 0.025373893529305636, ""C05"": 0.025373893529305636, ""C06"": 0.025373893529305636, ""C07"": 0.025373893529305636, ""C08"": 0.025373893529305636, ""C09"": 0.025373893529305636, ""C10"": 0.025373893529305636, ""C11"": 0.025373893529305636, ""C12"": 0.025373893529305636, ""C13"": 0.025373893529305636, ""C14"": 0.025373893529305636, ""C15"": 0.025373893529305636, ""C16"": 0.024464102029975062, ""C17"": 0.025373893529305636, ""C18"": 0.025373893529305636, ""C19"": 0.025373893529305636, ""C20"": 0.025373893529305636}"
29,29,1,198,1.070228,20,"{""C01"": 1.162204, ""C02"": 1.174808, ""C03"": 1.179187, ""C04"": 1.182687, ""C05"": 1.193069, ""C06"": 1.16075, ""C07"": 1.181428, ""C08"": 1.60075, ""C09"": 1.518043, ""C10"": 1.561993, ""C11"": 1.601336, ""C12"": 1.626976, ""C13"": 1.636259, ""C14"": 1.516119, ""C15"": 1.604036, ""C16"": 2.367084, ""C17"": 2.27753, ""C18"": 2.280649, ""C19"": 2.304382, ""C20"": 2.276984}","{""C01"": 0, ""C02"": 0, ""C03"": 0, ""C04"": 0, ""C05"": 0, ""C06"": 0, ""C07"": 0, ""C08"": 0, ""C09"": 0, ""C10"": 0, ""C11"": 0, ""C12"": 0, ""C13"": 0, ""C14"": 0, ""C15"": 0, ""C16"": 1572, ""C17"": 0, ""C18"": 0, ""C19"": 0, ""C20"": 0}","{""C01"": 0.025372092907070612, ""C02"": 0.025372092907070612, ""C03"": 0.025372092907070612, ""C04"": 0.025372092907070612, ""C05"": 0.025372092907070612, ""C06"": 0.025372092907070612, ""C07"": 0.025372092907070612, ""C08"": 0.025372092907070612, ""C09"": 0.025372092907070612, ""C10"": 0.025372092907070612, ""C11"": 0.025372092907070612, ""C12"": 0.025372092907070612, ""C13"": 0.025372092907070612, ""C14"": 0.025372092907070612, ""C15"": 0.025372092907070612, ""C16"": 0.02446172276554985, ""C17"": 0.025372092907070612, ""C18"": 0.025372092907070612, ""C19"": 0.025372092907070612, ""C20"": 0.025372092907070612}"
30,30,1,269,1.468332,20,"{""C01"": 1.162401, ""C02"": 1.171408, ""C03"": 1.174524, ""C04"": 1.17969, ""C05"": 1.193883, ""C06"": 1.161508, ""C07"": 1.176379, ""C08"": 1.608135, ""C09"": 1.529008, ""C10"": 1.572607, ""C11"": 1.607834, ""C12"": 1.627526, ""C13"": 1.631828, ""C14"": 1.527545, ""C15"": 1.61044, ""C16"": 2.360405, ""C17"": 2.273968, ""C18"": 2.284004, ""C19"": 2.3152, ""C20"": 2.28056}","{""C01"": 0, ""C02"": 0, ""C03"": 0, ""C04"": 0, ""C05"": 0, ""C06"": 0, ""C07"": 0, ""C08"": 0, ""C09"": 0, ""C10"": 0, ""C11"": 0, ""C12"": 0, ""C13"": 0, ""C14"": 0, ""C15"": 0, ""C16"": 1574, ""C17"": 0, ""C18"": 0, ""C19"": 0, ""C20"": 0}","{""C01"": 0.025370672607527553, ""C02"": 0.025370672607527553, ""C03"": 0.025370672607527553, ""C04"": 0.025370672607527553, ""C05"": 0.025370672607527553, ""C06"": 0.025370672607527553, ""C07"": 0.025370672607527553, ""C08"": 0.025370672607527553, ""C09"": 0.025370672607527553, ""C10"": 0.025370672607527553, ""C11"": 0.025370672607527553, ""C12"": 0.025370672607527553, ""C13"": 0.025370672607527553, ""C14"": 0.025370672607527553, ""C15"": 0.025370672607527553, ""C16"": 0.024459143266437115, ""C17"": 0.025370672607527553, ""C18"": 0.025370672607527553, ""C19"": 0.025370672607527553, ""C20"": 0.025370672607527553}"
31,31,1,419,2.270132,20,"{""C01"": 1.161028, ""C02"": 1.167122, ""C03"": 1.170025, ""C04"": 1.177779, ""C05"": 1.196143, ""C06"": 1.160772, ""C07"": 1.171343, ""C08"": 1.616998, ""C09"": 1.540154, ""C10"": 1.581935, ""C11"": 1.612098, ""C12"": 1.625861, ""C13"": 1.626159, ""C14"": 1.539237, ""C15"": 1.614439, ""C16"": 2.353949, ""C17"": 2.272273, ""C18"": 2.289845, ""C19"": 2.327807, ""C20"": 2.286722}","{""C01"": 0, ""C02"": 0, ""C03"": 0, ""C04"": 0, ""C05"": 0, ""C06"": 0, ""C07"": 0, ""C08"": 0, ""C09"": 0, ""C10"": 0, ""C11"": 0, ""C12"": 0, ""C13"": 0, ""C14"": 0, ""C15"": 0, ""C16"": 1575, ""C17"": 0, ""C18"": 0, ""C19"": 0, ""C20"": 0}","{""C01"": 0.025368748418683043, ""C02"": 0.025368748418683043, ""C03"": 0.025368748418683043, ""C04"": 0.025368748418683043, ""C05"": 0.025368748418683043, ""C06"": 0.025368748418683043, ""C07"": 0.025368748418683043, ""C08"": 0.025368748418683043, ""C09"": 0.025368748418683043, ""C10"": 0.025368748418683043, ""C11"": 0.025368748418683043, ""C12"": 0.025368748418683043, ""C13"": 0.025368748418683043, ""C14"": 0.025368748418683043, ""C15"": 0.025368748418683043, ""C16"": 0.02445664054288032, ""C17"": 0.025368748418683043, ""C18"": 0.025368748418683043, ""C19"": 0.025368748418683043, ""C20"": 0.025368748418683043}"
32,32,1,134,0.727925,20,"{""C01"": 1.158268, ""C02"": 1.162313, ""C03"": 1.166067, ""C04"": 1.17717, ""C05"": 1.199807, ""C06"": 1.158701, ""C07"": 1.166726, ""C08"": 1.626952, ""C09"": 1.550951, ""C10"": 1.58956, ""C11"": 1.614027, ""C12"": 1.62225, ""C13"": 1.619768, ""C14"": 1.55065, ""C15"": 1.615943, ""C16"": 2.3484, ""C17"": 2.272832, ""C18"": 2.298091, ""C19"": 2.341704, ""C20"": 2.295382}","{""C01"": 0, ""C02"": 0, ""C03"": 0, ""C04"": 0, ""C05"": 0, ""C06"": 0, ""C07"": 0, ""C08"": 0, ""C09"": 0, ""C10"": 0, ""C11"": 0, ""C12"": 0, ""C13"": 0, ""C14"": 0, ""C15"": 0, ""C16"": 847, ""C17"": 0, ""C18"": 0, ""C19"": 731, ""C20"": 0}","{""C01"": 0.025367119921664724, ""C02"": 0.025367119921664724, ""C03"": 0.025367119921664724, ""C04"": 0.025367119921664724, ""C05"": 0.025367119921664724, ""C06"": 0.025367119921664724, ""C07"": 0.025367119921664724, ""C08"": 0.025367119921664724, ""C09"": 0.025367119921664724, ""C10"": 0.025367119921664724, ""C11"": 0.025367119921664724, ""C12"": 0.025367119921664724, ""C13"": 0.025367119921664724, ""C14"": 0.025367119921664724, ""C15"": 0.025367119921664724, ""C16"": 0.024876610496126914, ""C17"": 0.025367119921664724, ""C18"": 0.025367119921664724, ""C19"": 0.024943784533440105, ""C20"": 0.025367119921664724}"
33,33,1,817,4.779236,20,"{""C01"": 1.154384, ""C02"": 1.157373, ""C03"": 1.162987, ""C04"": 1.177993, ""C05"": 1.204739, ""C06"": 1.155534, ""C07"": 1.1629, ""C08"": 1.637529, ""C09"": 1.56088, ""C10"": 1.59516, ""C11"": 1.613652, ""C12"": 1.617067, ""C13"": 1.613204, ""C14"": 1.561247, ""C15"": 1.615001, ""C16"": 2.344367, ""C17"": 2.275875, ""C18"": 2.308494, ""C19"": 2.356288, ""C20"": 2.306282}","{""C01"": 0, ""C02"": 0, ""C03"": 0, ""C04"": 0, ""C05"": 0, ""C06"": 0, ""C07"": 0, ""C08"": 0, ""C09"": 0, ""C10"": 0, ""C11"": 0, ""C12"": 0, ""C13"": 0, ""C14"": 0, ""C15"": 0, ""C16"": 0, ""C17"": 0, ""C18"": 0, ""C19"": 1575, ""C20"": 0}","{""C01"": 0.02536965703894141, ""C02"": 0.02536965703894141, ""C03"": 0.02536965703894141, ""C04"": 0.02536965703894141, ""C05"": 0.02536965703894141, ""C06"": 0.02536965703894141, ""C07"": 0.02536965703894141, ""C08"": 0.02536965703894141, ""C09"": 0.02536965703894141, ""C10"": 0.02536965703894141, ""C11"": 0.02536965703894141, ""C12"": 0.02536965703894141, ""C13"": 0.02536965703894141, ""C14"": 0.02536965703894141, ""C15"": 0.02536965703894141, ""C16"": 0.02536965703894141, ""C17"": 0.02536965703894141, ""C18"": 0.02536965703894141, ""C19"": 0.024457548366677163, ""C20"": 0.02536965703894141}"
34,34,1,405,3.861977,20,"{""C01"": 1.149703, ""C02"": 1.152692, ""C03"": 1.161061, ""C04"": 1.18028, ""C05"": 1.210716, ""C06"": 1.151571, ""C07"": 1.16018, ""C08"": 1.648214, ""C09"": 1.569464, ""C10"": 1.598527, ""C11"": 1.61114, ""C12"": 1.610778, ""C13"": 1.607016, ""C14"": 1.570531, ""C15"": 1.611807, ""C16"": 2.342345, ""C17"": 2.281457, ""C18"": 2.320652, ""C19"": 2.3709, ""C20"": 2.319009}","{""C01"": 0, ""C02"": 0, ""C03"": 0, ""C04"": 0, ""C05"": 0, ""C06"": 0, ""C07"": 0, ""C08"": 0, ""C09"": 0, ""C10"": 0, ""C11"": 0, ""C12"": 0, ""C13"": 0, ""C14"": 0, ""C15"": 0, ""C16"": 0, ""C17"": 0, ""C18"": 0, ""C19"": 1571, ""C20"": 0}","{""C01"": 0.025372982940680966, ""C02"": 0.025372982940680966, ""C03"": 0.025372982940680966, ""C04"": 0.025372982940680966, ""C05"": 0.025372982940680966, ""C06"": 0.025372982940680966, ""C07"": 0.025372982940680966, ""C08"": 0.025372982940680966, ""C09"": 0.025372982940680966, ""C10"": 0.025372982940680966, ""C11"": 0.025372982940680966, ""C12"": 0.025372982940680966, ""C13"": 0.025372982940680966, ""C14"": 0.025372982940680966, ""C15"": 0.025372982940680966, ""C16"": 0.025372982940680966, ""C17"": 0.025372982940680966, ""C18"": 0.025372982940680966, ""C19"": 0.024463192241724992, ""C20"": 0.025372982940680966}"
35,35,1,279,2.558424,20,"{""C01"": 1.144594, ""C02"": 1.148642, ""C03"": 1.160489, ""C04"": 1.18397, ""C05"": 1.217447, ""C06"": 1.147157, ""C07"": 1.158807, ""C08"": 1.658475, ""C09"": 1.576303, ""C10"": 1.599585, ""C11"": 1.606777, ""C12"": 1.603904, ""C13"": 1.601722, ""C14"": 1.578083, ""C15"": 1.606674, ""C16"": 2.342688, ""C17"": 2.28946, ""C18"": 2.334036, ""C19"": 2.384858, ""C20"": 2.333021}","{""C01"": 0, ""C02"": 0, ""C03"": 0, ""C04"": 0, ""C05"": 0, ""C06"": 0, ""C07"": 0, ""C08"": 0, ""C09"": 0, ""C10"": 0, ""C11"": 0, ""C12"": 0, ""C13"": 0, ""C14"": 0, ""C15"": 0, ""C16"": 0, ""C17"": 0, ""C18"": 0, ""C19"": 1569, ""C20"": 0}","{""C01"": 0.025377175350153505, ""C02"": 0.025377175350153505, ""C03"": 0.025377175350153505, ""C04"": 0.025377175350153505, ""C05"": 0.025377175350153505, ""C06"": 0.025377175350153505, ""C07"": 0.025377175350153505, ""C08"": 0.025377175350153505, ""C09"": 0.025377175350153505, ""C10"": 0.025377175350153505, ""C11"": 0.025377175350153505, ""C12"": 0.025377175350153505, ""C13"": 0.025377175350153505, ""C14"": 0.025377175350153505, ""C15"": 0.025377175350153505, ""C16"": 0.025377175350153505, ""C17"": 0.025377175350153505, ""C18"": 0.025377175350153505, ""C19"": 0.024468541414156462, ""C20"": 0.025377175350153505}"
36,36,1,248,1.426146,20,"{""C01"": 1.139449, ""C02"": 1.145548, ""C03"": 1.161379, ""C04"": 1.188905, ""C05"": 1.224585, ""C06"": 1.142657, ""C07"": 1.158933, ""C08"": 1.667795, ""C09"": 1.581092, ""C10"": 1.59839, ""C11"": 1.600958, ""C12"": 1.596995, ""C13"": 1.597772, ""C14"": 1.583577, ""C15"": 1.600033, ""C16"": 2.345589, ""C17"": 2.299599, ""C18"": 2.348029, ""C19"": 2.397508, ""C20"": 2.347688}","{""C01"": 0, ""C02"": 0, ""C03"": 0, ""C04"": 0, ""C05"": 0, ""C06"": 0, ""C07"": 0, ""C08"": 0, ""C09"": 0, ""C10"": 0, ""C11"": 0, ""C12"": 0, ""C13"": 0, ""C14"": 0, ""C15"": 0, ""C16"": 0, ""C17"": 0, ""C18"": 0, ""C19"": 1566, ""C20"": 0}","{""C01"": 0.025380249560732857, ""C02"": 0.025380249560732857, ""C03"": 0.025380249560732857, ""C04"": 0.025380249560732857, ""C05"": 0.025380249560732857, ""C06"": 0.025380249560732857, ""C07"": 0.025380249560732857, ""C08"": 0.025380249560732857, ""C09"": 0.025380249560732857, ""C10"": 0.025380249560732857, ""C11"": 0.025380249560732857, ""C12"": 0.025380249560732857, ""C13"": 0.025380249560732857, ""C14"": 0.025380249560732857, ""C15"": 0.025380249560732857, ""C16"": 0.025380249560732857, ""C17"": 0.025380249560732857, ""C18"": 0.025380249560732857, ""C19"": 0.02447335359623798, ""C20"": 0.025380249560732857}"
37,37,1,272,2.586870,20,"{""C01"": 1.134656, ""C02"": 1.14367, ""C03"": 1.163745, ""C04"": 1.194848, ""C05"": 1.231757, ""C06"": 1.138437, ""C07"": 1.16061, ""C08"": 1.675709, ""C09"": 1.58365, ""C10"": 1.595131, ""C11"": 1.594158, ""C12"": 1.590597, ""C13"": 1.595527, ""C14"": 1.586812, ""C15"": 1.592395, ""C16"": 2.351063, ""C17"": 2.311441, ""C18"": 2.361958, ""C19"": 2.40826, ""C20"": 2.362321}","{""C01"": 0, ""C02"": 0, ""C03"": 0, ""C04"": 0, ""C05"": 0, ""C06"": 0, ""C07"": 0, ""C08"": 0, ""C09"": 0, ""C10"": 0, ""C11"": 0, ""C12"": 0, ""C13"": 0, ""C14"": 0, ""C15"": 0, ""C16"": 0, ""C17"": 0, ""C18"": 0, ""C19"": 1564, ""C20"": 0}","{""C01"": 0.025383155720843126, ""C02"": 0.025383155720843126, ""C03"": 0.025383155720843126, ""C04"": 0.025383155720843126, ""C05"": 0.025383155720843126, ""C06"": 0.025383155720843126, ""C07"": 0.025383155720843126, ""C08"": 0.025383155720843126, ""C09"": 0.025383155720843126, ""C10"": 0.025383155720843126, ""C11"": 0.025383155720843126, ""C12"": 0.025383155720843126, ""C13"": 0.025383155720843126, ""C14"": 0.025383155720843126, ""C15"": 0.025383155720843126, ""C16"": 0.025383155720843126, ""C17"": 0.025383155720843126, ""C18"": 0.025383155720843126, ""C19"": 0.024477417648423226, ""C20"": 0.025383155720843126}"
38,38,1,282,1.884146,20,"{""C01"": 1.130578, ""C02"": 1.143189, ""C03"": 1.167504, ""C04"": 1.201494, ""C05"": 1.238579, ""C06"": 1.13484, ""C07"": 1.163793, ""C08"": 1.681833, ""C09"": 1.583922, ""C10"": 1.590116, ""C11"": 1.586908, ""C12"": 1.585212, ""C13"": 1.595233, ""C14"": 1.587712, ""C15"": 1.584327, ""C16"": 2.358957, ""C17"": 2.324435, ""C18"": 2.37514, ""C19"": 2.416631, ""C20"": 2.376221}","{""C01"": 0, ""C02"": 0, ""C03"": 0, ""C04"": 0, ""C05"": 0, ""C06"": 0, ""C07"": 0, ""C08"": 0, ""C09"": 0, ""C10"": 0, ""C11"": 0, ""C12"": 0, ""C13"": 0, ""C14"": 0, ""C15"": 0, ""C16"": 0, ""C17"": 0, ""C18"": 0, ""C19"": 1562, ""C20"": 0}","{""C01"": 0.025385144526385836, ""C02"": 0.025385144526385836, ""C03"": 0.025385144526385836, ""C04"": 0.025385144526385836, ""C05"": 0.025385144526385836, ""C06"": 0.025385144526385836, ""C07"": 0.025385144526385836, ""C08"": 0.025385144526385836, ""C09"": 0.025385144526385836, ""C10"": 0.025385144526385836, ""C11"": 0.025385144526385836, ""C12"": 0.025385144526385836, ""C13"": 0.025385144526385836, ""C14"": 0.025385144526385836, ""C15"": 0.025385144526385836, ""C16"": 0.025385144526385836, ""C17"": 0.025385144526385836, ""C18"": 0.025385144526385836, ""C19"": 0.024480565156233414, ""C20"": 0.025385144526385836}"
39,39,1,386,2.988439,20,"{""C01"": 1.127526, ""C02"": 1.144194, ""C03"": 1.17248, ""C04"": 1.208487, ""C05"": 1.244687, ""C06"": 1.132158, ""C07"": 1.168336, ""C08"": 1.685883, ""C09"": 1.581992, ""C10"": 1.583757, ""C11"": 1.579755, ""C12"": 1.581274, ""C13"": 1.597006, ""C14"": 1.586345, ""C15"": 1.576412, ""C16"": 2.368949, ""C17"": 2.337944, ""C18"": 2.386929, ""C19"": 2.422272, ""C20"": 2.388726}","{""C01"": 0, ""C02"": 0, ""C03"": 0, ""C04"": 0, ""C05"": 0, ""C06"": 0, ""C07"": 0, ""C08"": 0, ""C09"": 0, ""C10"": 0, ""C11"": 0, ""C12"": 0, ""C13"": 0, ""C14"": 0, ""C15"": 0, ""C16"": 0, ""C17"": 0, ""C18"": 0, ""C19"": 1561, ""C20"": 0}","{""C01"": 0.02538667866693768, ""C02"": 0.02538667866693768, ""C03"": 0.02538667866693768, ""C04"": 0.02538667866693768, ""C05"": 0.02538667866693768, ""C06"": 0.02538667866693768, ""C07"": 0.02538667866693768, ""C08"": 0.02538667866693768, ""C09"": 0.02538667866693768, ""C10"": 0.02538667866693768, ""C11"": 0.02538667866693768, ""C12"": 0.02538667866693768, ""C13"": 0.02538667866693768, ""C14"": 0.02538667866693768, ""C15"": 0.02538667866693768, ""C16"": 0.02538667866693768, ""C17"": 0.02538667866693768, ""C18"": 0.02538667866693768, ""C19"": 0.02448267817057098, ""C20"": 0.02538667866693768}"
40,40,1,488,2.771136,20,"{""C01"": 1.125746, ""C02"": 1.146679, ""C03"": 1.178421, ""C04"": 1.21545, ""C05"": 1.249757, ""C06"": 1.130624, ""C07"": 1.174009, ""C08"": 1.687701, ""C09"": 1.578071, ""C10"": 1.576542, ""C11"": 1.573238, ""C12"": 1.579121, ""C13"": 1.60083, ""C14"": 1.582904, ""C15"": 1.569223, ""C16"": 2.38058, ""C17"": 2.351288, ""C18"": 2.39675, ""C19"": 2.424992, ""C20"": 2.399245}","{""C01"": 0, ""C02"": 0, ""C03"": 0, ""C04"": 0, ""C05"": 0, ""C06"": 0, ""C07"": 0, ""C08"": 0, ""C09"": 0, ""C10"": 0, ""C11"": 0, ""C12"": 0, ""C13"": 0, ""C14"": 0, ""C15"": 0, ""C16"": 0, ""C17"": 0, ""C18"": 0, ""C19"": 1560, ""C20"": 0}","{""C01"": 0.0253871152207365, ""C02"": 0.0253871152207365, ""C03"": 0.0253871152207365, ""C04"": 0.0253871152207365, ""C05"": 0.0253871152207365, ""C06"": 0.0253871152207365, ""C07"": 0.0253871152207365, ""C08"": 0.0253871152207365, ""C09"": 0.0253871152207365, ""C10"": 0.0253871152207365, ""C11"": 0.0253871152207365, ""C12"": 0.0253871152207365, ""C13"": 0.0253871152207365, ""C14"": 0.0253871152207365, ""C15"": 0.0253871152207365, ""C16"": 0.0253871152207365, ""C17"": 0.0253871152207365, ""C18"": 0.0253871152207365, ""C19"": 0.024483694569922606, ""C20"": 0.0253871152207365}"
41,41,1,659,3.789275,20,"{""C01"": 1.125401, ""C02"": 1.15054, ""C03"": 1.185008, ""C04"": 1.222, ""C05"": 1.253524, ""C06"": 1.130393, ""C07"": 1.180508, ""C08"": 1.687259, ""C09"": 1.572489, ""C10"": 1.569003, ""C11"": 1.567848, ""C12"": 1.578972, ""C13"": 1.606551, ""C14"": 1.577707, ""C15"": 1.56328, ""C16"": 2.393273, ""C17"": 2.363786, ""C18"": 2.404143, ""C19"": 2.424771, ""C20"": 2.407303}","{""C01"": 0, ""C02"": 0, ""C03"": 0, ""C04"": 0, ""C05"": 0, ""C06"": 0, ""C07"": 0, ""C08"": 0, ""C09"": 0, ""C10"": 0, ""C11"": 0, ""C12"": 0, ""C13"": 0, ""C14"": 0, ""C15"": 0, ""C16"": 0, ""C17"": 0, ""C18"": 0, ""C19"": 1560, ""C20"": 0}","{""C01"": 0.025387032590684783, ""C02"": 0.025387032590684783, ""C03"": 0.025387032590684783, ""C04"": 0.025387032590684783, ""C05"": 0.025387032590684783, ""C06"": 0.025387032590684783, ""C07"": 0.025387032590684783, ""C08"": 0.025387032590684783, ""C09"": 0.025387032590684783, ""C10"": 0.025387032590684783, ""C11"": 0.025387032590684783, ""C12"": 0.025387032590684783, ""C13"": 0.025387032590684783, ""C14"": 0.025387032590684783, ""C15"": 0.025387032590684783, ""C16"": 0.025387032590684783, ""C17"": 0.025387032590684783, ""C18"": 0.025387032590684783, ""C19"": 0.024483612013057553, ""C20"": 0.025387032590684783}"
42,42,1,1521,8.985673,20,"{""C01"": 1.126559, ""C02"": 1.155585, ""C03"": 1.191879, ""C04"": 1.227778, ""C05"": 1.255804, ""C06"": 1.131529, ""C07"": 1.187475, ""C08"": 1.684665, ""C09"": 1.565673, ""C10"": 1.561691, ""C11"": 1.563999, ""C12"": 1.580917, ""C13"": 1.613895, ""C14"": 1.571168, ""C15"": 1.559022, ""C16"": 2.40638, ""C17"": 2.374799, ""C18"": 2.408785, ""C19"": 2.42176, ""C20"": 2.412562}","{""C01"": 0, ""C02"": 0, ""C03"": 0, ""C04"": 0, ""C05"": 0, ""C06"": 0, ""C07"": 0, ""C08"": 0, ""C09"": 0, ""C10"": 0, ""C11"": 0, ""C12"": 0, ""C13"": 0, ""C14"": 0, ""C15"": 0, ""C16"": 0, ""C17"": 0, ""C18"": 0, ""C19"": 1561, ""C20"": 0}","{""C01"": 0.025386486960055646, ""C02"": 0.025386486960055646, ""C03"": 0.025386486960055646, ""C04"": 0.025386486960055646, ""C05"": 0.025386486960055646, ""C06"": 0.025386486960055646, ""C07"": 0.025386486960055646, ""C08"": 0.025386486960055646, ""C09"": 0.025386486960055646, ""C10"": 0.025386486960055646, ""C11"": 0.025386486960055646, ""C12"": 0.025386486960055646, ""C13"": 0.025386486960055646, ""C14"": 0.025386486960055646, ""C15"": 0.025386486960055646, ""C16"": 0.025386486960055646, ""C17"": 0.025386486960055646, ""C18"": 0.025386486960055646, ""C19"": 0.024482486633374337, ""C20"": 0.025386486960055646}"
43,43,1,301,1.808556,20,"{""C01"": 1.129193, ""C02"": 1.161545, ""C03"": 1.198652, ""C04"": 1.232469, ""C05"": 1.256497, ""C06"": 1.134005, ""C07"": 1.194524, ""C08"": 1.680154, ""C09"": 1.558121, ""C10"": 1.555135, ""C11"": 1.562005, ""C12"": 1.584908, ""C13"": 1.622478, ""C14"": 1.563778, ""C15"": 1.556781, ""C16"": 2.419213, ""C17"": 2.383772, ""C18"": 2.410518, ""C19"": 2.416277, ""C20"": 2.414848}","{""C01"": 0, ""C02"": 0, ""C03"": 0, ""C04"": 0, ""C05"": 0, ""C06"": 0, ""C07"": 0, ""C08"": 0, ""C09"": 0, ""C10"": 0, ""C11"": 0, ""C12"": 0, ""C13"": 0, ""C14"": 0, ""C15"": 0, ""C16"": 516, ""C17"": 0, ""C18"": 222, ""C19"": 416, ""C20"": 409}","{""C01"": 0.025385508739325477, ""C02"": 0.025385508739325477, ""C03"": 0.025385508739325477, ""C04"": 0.025385508739325477, ""C05"": 0.025385508739325477, ""C06"": 0.025385508739325477, ""C07"": 0.025385508739325477, ""C08"": 0.025385508739325477, ""C09"": 0.025385508739325477, ""C10"": 0.025385508739325477, ""C11"": 0.025385508739325477, ""C12"": 0.025385508739325477, ""C13"": 0.025385508739325477, ""C14"": 0.025385508739325477, ""C15"": 0.025385508739325477, ""C16"": 0.025086687820004245, ""C17"": 0.025385508739325477, ""C18"": 0.025256944503777096, ""C19"": 0.025144597418706713, ""C20"": 0.025148650560517318}"
44,44,1,738,4.361043,20,"{""C01"": 1.133182, ""C02"": 1.168091, ""C03"": 1.204948, ""C04"": 1.235824, ""C05"": 1.255604, ""C06"": 1.137706, ""C07"": 1.20126, ""C08"": 1.674076, ""C09"": 1.550372, ""C10"": 1.54981, ""C11"": 1.56206, ""C12"": 1.590768, ""C13"": 1.631837, ""C14"": 1.556071, ""C15"": 1.55676, ""C16"": 2.431095, ""C17"": 2.390268, ""C18"": 2.409353, ""C19"": 2.408781, ""C20"": 2.414163}","{""C01"": 0, ""C02"": 0, ""C03"": 0, ""C04"": 0, ""C05"": 0, ""C06"": 0, ""C07"": 0, ""C08"": 0, ""C09"": 0, ""C10"": 0, ""C11"": 0, ""C12"": 0, ""C13"": 0, ""C14"": 0, ""C15"": 0, ""C16"": 1559, ""C17"": 0, ""C18"": 0, ""C19"": 0, ""C20"": 0}","{""C01"": 0.02538881197487028, ""C02"": 0.02538881197487028, ""C03"": 0.02538881197487028, ""C04"": 0.02538881197487028, ""C05"": 0.02538881197487028, ""C06"": 0.02538881197487028, ""C07"": 0.02538881197487028, ""C08"": 0.02538881197487028, ""C09"": 0.02538881197487028, ""C10"": 0.02538881197487028, ""C11"": 0.02538881197487028, ""C12"": 0.02538881197487028, ""C13"": 0.02538881197487028, ""C14"": 0.02538881197487028, ""C15"": 0.02538881197487028, ""C16"": 0.02448597005358038, ""C17"": 0.02538881197487028, ""C18"": 0.02538881197487028, ""C19"": 0.02538881197487028, ""C20"": 0.02538881197487028}"
45,45,1,408,2.380493,20,"{""C01"": 1.138315, ""C02"": 1.174855, ""C03"": 1.210413, ""C04"": 1.237672, ""C05"": 1.253217, ""C06"": 1.142431, ""C07"": 1.207307, ""C08"": 1.666874, ""C09"": 1.542972, ""C10"": 1.546113, ""C11"": 1.564224, ""C12"": 1.598195, ""C13"": 1.641454, ""C14"": 1.548592, ""C15"": 1.559025, ""C16"": 2.441399, ""C17"": 2.393993, ""C18"": 2.405475, ""C19"": 2.399851, ""C20"": 2.410678}","{""C01"": 0, ""C02"": 0, ""C03"": 0, ""C04"": 0, ""C05"": 0, ""C06"": 0, ""C07"": 0, ""C08"": 0, ""C09"": 0, ""C10"": 0, ""C11"": 0, ""C12"": 0, ""C13"": 0, ""C14"": 0, ""C15"": 0, ""C16"": 1557, ""C17"": 0, ""C18"": 0, ""C19"": 0, ""C20"": 0}","{""C01"": 0.02539147855864969, ""C02"": 0.02539147855864969, ""C03"": 0.02539147855864969, ""C04"": 0.02539147855864969, ""C05"": 0.02539147855864969, ""C06"": 0.02539147855864969, ""C07"": 0.02539147855864969, ""C08"": 0.02539147855864969, ""C09"": 0.02539147855864969, ""C10"": 0.02539147855864969, ""C11"": 0.02539147855864969, ""C12"": 0.02539147855864969, ""C13"": 0.02539147855864969, ""C14"": 0.02539147855864969, ""C15"": 0.02539147855864969, ""C16"": 0.024489794739786217, ""C17"": 0.02539147855864969, ""C18"": 0.02539147855864969, ""C19"": 0.02539147855864969, ""C20"": 0.02539147855864969}"
46,46,1,276,1.619647,20,"{""C01"": 1.14431, ""C02"": 1.181452, ""C03"": 1.214745, ""C04"": 1.237935, ""C05"": 1.249523, ""C06"": 1.147914, ""C07"": 1.212332, ""C08"": 1.659055, ""C09"": 1.536442, ""C10"": 1.544334, ""C11"": 1.568424, ""C12"": 1.606789, ""C13"": 1.650792, ""C14"": 1.541864, ""C15"": 1.563497, ""C16"": 2.449589, ""C17"": 2.394821, ""C18"": 2.399229, ""C19"": 2.390146, ""C20"": 2.404731}","{""C01"": 0, ""C02"": 0, ""C03"": 0, ""C04"": 0, ""C05"": 0, ""C06"": 0, ""C07"": 0, ""C08"": 0, ""C09"": 0, ""C10"": 0, ""C11"": 0, ""C12"": 0, ""C13"": 0, ""C14"": 0, ""C15"": 0, ""C16"": 1555, ""C17"": 0, ""C18"": 0, ""C19"": 0, ""C20"": 0}","{""C01"": 0.025393344491754885, ""C02"": 0.025393344491754885, ""C03"": 0.025393344491754885, ""C04"": 0.025393344491754885, ""C05"": 0.025393344491754885, ""C06"": 0.025393344491754885, ""C07"": 0.025393344491754885, ""C08"": 0.025393344491754885, ""C09"": 0.025393344491754885, ""C10"": 0.025393344491754885, ""C11"": 0.025393344491754885, ""C12"": 0.025393344491754885, ""C13"": 0.025393344491754885, ""C14"": 0.025393344491754885, ""C15"": 0.025393344491754885, ""C16"": 0.02449281948632663, ""C17"": 0.025393344491754885, ""C18"": 0.025393344491754885, ""C19"": 0.025393344491754885, ""C20"": 0.025393344491754885}"
47,47,1,212,1.241102,20,"{""C01"": 1.150827, ""C02"": 1.187506, ""C03"": 1.217706, ""C04"": 1.236629, ""C05"": 1.244783, ""C06"": 1.153831, ""C07"": 1.21606, ""C08"": 1.651161, ""C09"": 1.531243, ""C10"": 1.544638, ""C11"": 1.574453, ""C12"": 1.616071, ""C13"": 1.659325, ""C14"": 1.536354, ""C15"": 1.569957, ""C16"": 2.455251, ""C17"": 2.392796, ""C18"": 2.3911, ""C19"": 2.380367, ""C20"": 2.3968}","{""C01"": 0, ""C02"": 0, ""C03"": 0, ""C04"": 0, ""C05"": 0, ""C06"": 0, ""C07"": 0, ""C08"": 0, ""C09"": 0, ""C10"": 0, ""C11"": 0, ""C12"": 0, ""C13"": 0, ""C14"": 0, ""C15"": 0, ""C16"": 1554, ""C17"": 0, ""C18"": 0, ""C19"": 0, ""C20"": 0}","{""C01"": 0.025394849062461033, ""C02"": 0.025394849062461033, ""C03"": 0.025394849062461033, ""C04"": 0.025394849062461033, ""C05"": 0.025394849062461033, ""C06"": 0.025394849062461033, ""C07"": 0.025394849062461033, ""C08"": 0.025394849062461033, ""C09"": 0.025394849062461033, ""C10"": 0.025394849062461033, ""C11"": 0.025394849062461033, ""C12"": 0.025394849062461033, ""C13"": 0.025394849062461033, ""C14"": 0.025394849062461033, ""C15"": 0.025394849062461033, ""C16"": 0.024494902955844024, ""C17"": 0.025394849062461033, ""C18"": 0.025394849062461033, ""C19"": 0.025394849062461033, ""C20"": 0.025394849062461033}"
48,48,1,183,1.082925,20,"{""C01"": 1.157493, ""C02"": 1.192671, ""C03"": 1.219145, ""C04"": 1.233868, ""C05"": 1.239324, ""C06"": 1.159833, ""C07"": 1.2183, ""C08"": 1.643735, ""C09"": 1.527751, ""C10"": 1.54706, ""C11"": 1.581989, ""C12"": 1.625516, ""C13"": 1.666575, ""C14"": 1.532447, ""C15"": 1.578065, ""C16"": 2.458125, ""C17"": 2.388135, ""C18"": 2.381684, ""C19"": 2.371212, ""C20"": 2.387477}","{""C01"": 0, ""C02"": 0, ""C03"": 0, ""C04"": 0, ""C05"": 0, ""C06"": 0, ""C07"": 0, ""C08"": 0, ""C09"": 0, ""C10"": 0, ""C11"": 0, ""C12"": 0, ""C13"": 0, ""C14"": 0, ""C15"": 0, ""C16"": 1554, ""C17"": 0, ""C18"": 0, ""C19"": 0, ""C20"": 0}","{""C01"": 0.02539590523400613, ""C02"": 0.02539590523400613, ""C03"": 0.02539590523400613, ""C04"": 0.02539590523400613, ""C05"": 0.02539590523400613, ""C06"": 0.02539590523400613, ""C07"": 0.02539590523400613, ""C08"": 0.02539590523400613, ""C09"": 0.02539590523400613, ""C10"": 0.02539590523400613, ""C11"": 0.02539590523400613, ""C12"": 0.02539590523400613, ""C13"": 0.02539590523400613, ""C14"": 0.02539590523400613, ""C15"": 0.02539590523400613, ""C16"": 0.024495958187950802, ""C17"": 0.02539590523400613, ""C18"": 0.02539590523400613, ""C19"": 0.02539590523400613, ""C20"": 0.02539590523400613}"
49,49,1,168,0.985661,20,"{""C01"": 1.163922, ""C02"": 1.196656, ""C03"": 1.219, ""C04"": 1.229852, ""C05"": 1.233514, ""C06"": 1.165557, ""C07"": 1.218948, ""C08"": 1.637288, ""C09"": 1.526231, ""C10"": 1.551498, ""C11"": 1.590612, ""C12"": 1.634585, ""C13"": 1.67214, ""C14"": 1.53042, ""C15"": 1.587375, ""C16"": 2.458116, ""C17"": 2.381213, ""C18"": 2.371651, ""C19"": 2.363333, ""C20"": 2.377429}","{""C01"": 0, ""C02"": 0, ""C03"": 0, ""C04"": 0, ""C05"": 0, ""C06"": 0, ""C07"": 0, ""C08"": 0, ""C09"": 0, ""C10"": 0, ""C11"": 0, ""C12"": 0, ""C13"": 0, ""C14"": 0, ""C15"": 0, ""C16"": 1554, ""C17"": 0, ""C18"": 0, ""C19"": 0, ""C20"": 0}","{""C01"": 0.025395901929396586, ""C02"": 0.025395901929396586, ""C03"": 0.025395901929396586, ""C04"": 0.025395901929396586, ""C05"": 0.025395901929396586, ""C06"": 0.025395901929396586, ""C07"": 0.025395901929396586, ""C08"": 0.025395901929396586, ""C09"": 0.025395901929396586, ""C10"": 0.025395901929396586, ""C11"": 0.025395901929396586, ""C12"": 0.025395901929396586, ""C13"": 0.025395901929396586, ""C14"": 0.025395901929396586, ""C15"": 0.025395901929396586, ""C16"": 0.024495954886280782, ""C17"": 0.025395901929396586, ""C18"": 0.025395901929396586, ""C19"": 0.025395901929396586, ""C20"": 0.025395901929396586}"
50,50,1,158,1.018355,20,"{""C01"": 1.169741, ""C02"": 1.199239, ""C03"": 1.217309, ""C04"": 1.224858, ""C05"": 1.227742, ""C06"": 1.170655, ""C07"": 1.218001, ""C08"": 1.632265, ""C09"": 1.526822, ""C10"": 1.557719, ""C11"": 1.599832, ""C12"": 1.642759, ""C13"": 1.675719, ""C14"": 1.530426, ""C15"": 1.597367, ""C16"": 2.455302, ""C17"": 2.372536, ""C18"": 2.361701, ""C19"": 2.3573, ""C20"": 2.367356}","{""C01"": 0, ""C02"": 0, ""C03"": 0, ""C04"": 0, ""C05"": 0, ""C06"": 0, ""C07"": 0, ""C08"": 0, ""C09"": 0, ""C10"": 0, ""C11"": 0, ""C12"": 0, ""C13"": 0, ""C14"": 0, ""C15"": 0, ""C16"": 1554, ""C17"": 0, ""C18"": 0, ""C19"": 0, ""C20"": 0}","{""C01"": 0.0253948678202887, ""C02"": 0.0253948678202887, ""C03"": 0.0253948678202887, ""C04"": 0.0253948678202887, ""C05"": 0.0253948678202887, ""C06"": 0.0253948678202887, ""C07"": 0.0253948678202887, ""C08"": 0.0253948678202887, ""C09"": 0.0253948678202887, ""C10"": 0.0253948678202887, ""C11"": 0.0253948678202887, ""C12"": 0.0253948678202887, ""C13"": 0.0253948678202887, ""C14"": 0.0253948678202887, ""C15"": 0.0253948678202887, ""C16"": 0.024494921696987453, ""C17"": 0.0253948678202887, ""C18"": 0.0253948678202887, ""C19"": 0.0253948678202887, ""C20"": 0.0253948678202887}"
51,51,1,145,1.375708,20,"{""C01"": 1.174614, ""C02"": 1.200286, ""C03"": 1.214201, ""C04"": 1.219221, ""C05"": 1.222391, ""C06"": 1.174818, ""C07"": 1.215547, ""C08"": 1.629021, ""C09"": 1.529531, ""C10"": 1.565381, ""C11"": 1.609115, ""C12"": 1.649573, ""C13"": 1.677131, ""C14"": 1.53249, ""C15"": 1.607473, ""C16"": 2.449931, ""C17"": 2.362718, ""C18"": 2.352528, ""C19"": 2.353559, ""C20"": 2.357957}","{""C01"": 0, ""C02"": 0, ""C03"": 0, ""C04"": 0, ""C05"": 0, ""C06"": 0, ""C07"": 0, ""C08"": 0, ""C09"": 0, ""C10"": 0, ""C11"": 0, ""C12"": 0, ""C13"": 0, ""C14"": 0, ""C15"": 0, ""C16"": 1555, ""C17"": 0, ""C18"": 0, ""C19"": 0, ""C20"": 0}","{""C01"": 0.0253934706562427, ""C02"": 0.0253934706562427, ""C03"": 0.0253934706562427, ""C04"": 0.0253934706562427, ""C05"": 0.0253934706562427, ""C06"": 0.0253934706562427, ""C07"": 0.0253934706562427, ""C08"": 0.0253934706562427, ""C09"": 0.0253934706562427, ""C10"": 0.0253934706562427, ""C11"": 0.0253934706562427, ""C12"": 0.0253934706562427, ""C13"": 0.0253934706562427, ""C14"": 0.0253934706562427, ""C15"": 0.0253934706562427, ""C16"": 0.02449294553867669, ""C17"": 0.0253934706562427, ""C18"": 0.0253934706562427, ""C19"": 0.0253934706562427, ""C20"": 0.0253934706562427}"
52,52,1,145,1.459272,20,"{""C01"": 1.178262, ""C02"": 1.199754, ""C03"": 1.209893, ""C04"": 1.213315, ""C05"": 1.217818, ""C06"": 1.177791, ""C07"": 1.211769, ""C08"": 1.627797, ""C09"": 1.534228, ""C10"": 1.574044, ""C11"": 1.617926, ""C12"": 1.654641, ""C13"": 1.676328, ""C14"": 1.5365, ""C15"": 1.617122, ""C16"": 2.442405, ""C17"": 2.352437, ""C18"": 2.344769, ""C19"": 2.352412, ""C20"": 2.349871}","{""C01"": 0, ""C02"": 0, ""C03"": 0, ""C04"": 0, ""C05"": 0, ""C06"": 0, ""C07"": 0, ""C08"": 0, ""C09"": 0, ""C10"": 0, ""C11"": 0, ""C12"": 0, ""C13"": 0, ""C14"": 0, ""C15"": 0, ""C16"": 1557, ""C17"": 0, ""C18"": 0, ""C19"": 0, ""C20"": 0}","{""C01"": 0.025391851199520935, ""C02"": 0.025391851199520935, ""C03"": 0.025391851199520935, ""C04"": 0.025391851199520935, ""C05"": 0.025391851199520935, ""C06"": 0.025391851199520935, ""C07"": 0.025391851199520935, ""C08"": 0.025391851199520935, ""C09"": 0.025391851199520935, ""C10"": 0.025391851199520935, ""C11"": 0.025391851199520935, ""C12"": 0.025391851199520935, ""C13"": 0.025391851199520935, ""C14"": 0.025391851199520935, ""C15"": 0.025391851199520935, ""C16"": 0.024490167049897583, ""C17"": 0.025391851199520935, ""C18"": 0.025391851199520935, ""C19"": 0.025391851199520935, ""C20"": 0.025391851199520935}"
53,53,1,165,1.073618,20,"{""C01"": 1.180479, ""C02"": 1.197699, ""C03"": 1.204675, ""C04"": 1.20753, ""C05"": 1.214329, ""C06"": 1.179394, ""C07"": 1.20693, ""C08"": 1.628704, ""C09"": 1.540656, ""C10"": 1.583208, ""C11"": 1.625752, ""C12"": 1.657686, ""C13"": 1.673397, ""C14"": 1.542218, ""C15"": 1.625765, ""C16"": 2.433255, ""C17"": 2.342396, ""C18"": 2.338969, ""C19"": 2.353993, ""C20"": 2.343653}","{""C01"": 0, ""C02"": 0, ""C03"": 0, ""C04"": 0, ""C05"": 0, ""C06"": 0, ""C07"": 0, ""C08"": 0, ""C09"": 0, ""C10"": 0, ""C11"": 0, ""C12"": 0, ""C13"": 0, ""C14"": 0, ""C15"": 0, ""C16"": 1559, ""C17"": 0, ""C18"": 0, ""C19"": 0, ""C20"": 0}","{""C01"": 0.025389616282377125, ""C02"": 0.025389616282377125, ""C03"": 0.025389616282377125, ""C04"": 0.025389616282377125, ""C05"": 0.025389616282377125, ""C06"": 0.025389616282377125, ""C07"": 0.025389616282377125, ""C08"": 0.025389616282377125, ""C09"": 0.025389616282377125, ""C10"": 0.025389616282377125, ""C11"": 0.025389616282377125, ""C12"": 0.025389616282377125, ""C13"": 0.025389616282377125, ""C14"": 0.025389616282377125, ""C15"": 0.025389616282377125, ""C16"": 0.024486773648171582, ""C17"": 0.025389616282377125, ""C18"": 0.025389616282377125, ""C19"": 0.025389616282377125, ""C20"": 0.025389616282377125}"
54,54,1,196,1.108765,20,"{""C01"": 1.181148, ""C02"": 1.194269, ""C03"": 1.198891, ""C04"": 1.202246, ""C05"": 1.212162, ""C06"": 1.179531, ""C07"": 1.201354, ""C08"": 1.631721, ""C09"": 1.548452, ""C10"": 1.592336, ""C11"": 1.63214, ""C12"": 1.658551, ""C13"": 1.668552, ""C14"": 1.549303, ""C15"": 1.632912, ""C16"": 2.423109, ""C17"": 2.333277, ""C18"": 2.335548, ""C19"": 2.358262, ""C20"": 2.33973}","{""C01"": 0, ""C02"": 0, ""C03"": 0, ""C04"": 0, ""C05"": 0, ""C06"": 0, ""C07"": 0, ""C08"": 0, ""C09"": 0, ""C10"": 0, ""C11"": 0, ""C12"": 0, ""C13"": 0, ""C14"": 0, ""C15"": 0, ""C16"": 1561, ""C17"": 0, ""C18"": 0, ""C19"": 0, ""C20"": 0}","{""C01"": 0.025386991935277742, ""C02"": 0.025386991935277742, ""C03"": 0.025386991935277742, ""C04"": 0.025386991935277742, ""C05"": 0.025386991935277742, ""C06"": 0.025386991935277742, ""C07"": 0.025386991935277742, ""C08"": 0.025386991935277742, ""C09"": 0.025386991935277742, ""C10"": 0.025386991935277742, ""C11"": 0.025386991935277742, ""C12"": 0.025386991935277742, ""C13"": 0.025386991935277742, ""C14"": 0.025386991935277742, ""C15"": 0.025386991935277742, ""C16"": 0.024482991161624765, ""C17"": 0.025386991935277742, ""C18"": 0.025386991935277742, ""C19"": 0.025386991935277742, ""C20"": 0.025386991935277742}"
55,55,1,256,1.464715,20,"{""C01"": 1.180246, ""C02"": 1.189696, ""C03"": 1.19292, ""C04"": 1.197809, ""C05"": 1.211469, ""C06"": 1.178198, ""C07"": 1.195408, ""C08"": 1.636692, ""C09"": 1.55716, ""C10"": 1.600892, ""C11"": 1.636725, ""C12"": 1.657214, ""C13"": 1.662128, ""C14"": 1.557318, ""C15"": 1.638164, ""C16"": 2.412652, ""C17"": 2.325702, ""C18"": 2.334774, ""C19"": 2.365009, ""C20"": 2.338384}","{""C01"": 0, ""C02"": 0, ""C03"": 0, ""C04"": 0, ""C05"": 0, ""C06"": 0, ""C07"": 0, ""C08"": 0, ""C09"": 0, ""C10"": 0, ""C11"": 0, ""C12"": 0, ""C13"": 0, ""C14"": 0, ""C15"": 0, ""C16"": 1563, ""C17"": 0, ""C18"": 0, ""C19"": 0, ""C20"": 0}","{""C01"": 0.02538422964423384, ""C02"": 0.02538422964423384, ""C03"": 0.02538422964423384, ""C04"": 0.02538422964423384, ""C05"": 0.02538422964423384, ""C06"": 0.02538422964423384, ""C07"": 0.02538422964423384, ""C08"": 0.02538422964423384, ""C09"": 0.02538422964423384, ""C10"": 0.02538422964423384, ""C11"": 0.02538422964423384, ""C12"": 0.02538422964423384, ""C13"": 0.02538422964423384, ""C14"": 0.02538422964423384, ""C15"": 0.02538422964423384, ""C16"": 0.024479070852530902, ""C17"": 0.02538422964423384, ""C18"": 0.02538422964423384, ""C19"": 0.02538422964423384, ""C20"": 0.02538422964423384}"
56,56,1,415,2.413459,20,"{""C01"": 1.177847, ""C02"": 1.184281, ""C03"": 1.187151, ""C04"": 1.194514, ""C05"": 1.212313, ""C06"": 1.175485, ""C07"": 1.18948, ""C08"": 1.643336, ""C09"": 1.56627, ""C10"": 1.608374, ""C11"": 1.639252, ""C12"": 1.653788, ""C13"": 1.654552, ""C14"": 1.565774, ""C15"": 1.641239, ""C16"": 2.402586, ""C17"": 2.320192, ""C18"": 2.336745, ""C19"": 2.373865, ""C20"": 2.339723}","{""C01"": 0, ""C02"": 0, ""C03"": 0, ""C04"": 0, ""C05"": 0, ""C06"": 0, ""C07"": 0, ""C08"": 0, ""C09"": 0, ""C10"": 0, ""C11"": 0, ""C12"": 0, ""C13"": 0, ""C14"": 0, ""C15"": 0, ""C16"": 1565, ""C17"": 0, ""C18"": 0, ""C19"": 0, ""C20"": 0}","{""C01"": 0.0253815928802113, ""C02"": 0.0253815928802113, ""C03"": 0.0253815928802113, ""C04"": 0.0253815928802113, ""C05"": 0.0253815928802113, ""C06"": 0.0253815928802113, ""C07"": 0.0253815928802113, ""C08"": 0.0253815928802113, ""C09"": 0.0253815928802113, ""C10"": 0.0253815928802113, ""C11"": 0.0253815928802113, ""C12"": 0.0253815928802113, ""C13"": 0.0253815928802113, ""C14"": 0.0253815928802113, ""C15"": 0.0253815928802113, ""C16"": 0.024475275958789146, ""C17"": 0.0253815928802113, ""C18"": 0.0253815928802113, ""C19"": 0.0253815928802113, ""C20"": 0.0253815928802113}"
57,57,1,1485,8.754464,20,"{""C01"": 1.174117, ""C02"": 1.178379, ""C03"": 1.18196, ""C04"": 1.192582, ""C05"": 1.214655, ""C06"": 1.171569, ""C07"": 1.183955, ""C08"": 1.651269, ""C09"": 1.575242, ""C10"": 1.614344, ""C11"": 1.63959, ""C12"": 1.648514, ""C13"": 1.646324, ""C14"": 1.57415, ""C15"": 1.64198, ""C16"": 2.393583, ""C17"": 2.317139, ""C18"": 2.341386, ""C19"": 2.384327, ""C20"": 2.343688}","{""C01"": 0, ""C02"": 0, ""C03"": 0, ""C04"": 0, ""C05"": 0, ""C06"": 0, ""C07"": 0, ""C08"": 0, ""C09"": 0, ""C10"": 0, ""C11"": 0, ""C12"": 0, ""C13"": 0, ""C14"": 0, ""C15"": 0, ""C16"": 1567, ""C17"": 0, ""C18"": 0, ""C19"": 0, ""C20"": 0}","{""C01"": 0.025379339477178756, ""C02"": 0.025379339477178756, ""C03"": 0.025379339477178756, ""C04"": 0.025379339477178756, ""C05"": 0.025379339477178756, ""C06"": 0.025379339477178756, ""C07"": 0.025379339477178756, ""C08"": 0.025379339477178756, ""C09"": 0.025379339477178756, ""C10"": 0.025379339477178756, ""C11"": 0.025379339477178756, ""C12"": 0.025379339477178756, ""C13"": 0.025379339477178756, ""C14"": 0.025379339477178756, ""C15"": 0.025379339477178756, ""C16"": 0.024471864087570294, ""C17"": 0.025379339477178756, ""C18"": 0.025379339477178756, ""C19"": 0.025379339477178756, ""C20"": 0.025379339477178756}"
58,58,1,1326,7.726063,20,"{""C01"": 1.169302, ""C02"": 1.172371, ""C03"": 1.177683, ""C04"": 1.192148, ""C05"": 1.218367, ""C06"": 1.166703, ""C07"": 1.179187, ""C08"": 1.660022, ""C09"": 1.583544, ""C10"": 1.618456, ""C11"": 1.637745, ""C12"": 1.641744, ""C13"": 1.63798, ""C14"": 1.58193, ""C15"": 1.640376, ""C16"": 2.386248, ""C17"": 2.316776, ""C18"": 2.348454, ""C19"": 2.395788, ""C20"": 2.350051}","{""C01"": 0, ""C02"": 0, ""C03"": 0, ""C04"": 0, ""C05"": 0, ""C06"": 0, ""C07"": 0, ""C08"": 0, ""C09"": 0, ""C10"": 0, ""C11"": 0, ""C12"": 0, ""C13"": 0, ""C14"": 0, ""C15"": 0, ""C16"": 0, ""C17"": 0, ""C18"": 0, ""C19"": 1566, ""C20"": 0}","{""C01"": 0.025379596524722423, ""C02"": 0.025379596524722423, ""C03"": 0.025379596524722423, ""C04"": 0.025379596524722423, ""C05"": 0.025379596524722423, ""C06"": 0.025379596524722423, ""C07"": 0.025379596524722423, ""C08"": 0.025379596524722423, ""C09"": 0.025379596524722423, ""C10"": 0.025379596524722423, ""C11"": 0.025379596524722423, ""C12"": 0.025379596524722423, ""C13"": 0.025379596524722423, ""C14"": 0.025379596524722423, ""C15"": 0.025379596524722423, ""C16"": 0.025379596524722423, ""C17"": 0.025379596524722423, ""C18"": 0.025379596524722423, ""C19"": 0.024472701136226918, ""C20"": 0.025379596524722423}"
59,59,1,412,2.419329,20,"{""C01"": 1.163717, ""C02"": 1.166645, ""C03"": 1.174602, ""C04"": 1.193253, ""C05"": 1.223232, ""C06"": 1.161204, ""C07"": 1.175482, ""C08"": 1.669075, ""C09"": 1.590683, ""C10"": 1.620479, ""C11"": 1.633853, ""C12"": 1.633924, ""C13"": 1.630063, ""C14"": 1.588637, ""C15"": 1.636552, ""C16"": 2.381077, ""C17"": 2.319167, ""C18"": 2.357549, ""C19"": 2.407577, ""C20"": 2.358428}","{""C01"": 0, ""C02"": 0, ""C03"": 0, ""C04"": 0, ""C05"": 0, ""C06"": 0, ""C07"": 0, ""C08"": 0, ""C09"": 0, ""C10"": 0, ""C11"": 0, ""C12"": 0, ""C13"": 0, ""C14"": 0, ""C15"": 0, ""C16"": 0, ""C17"": 0, ""C18"": 0, ""C19"": 1564, ""C20"": 0}","{""C01"": 0.025382898024493034, ""C02"": 0.025382898024493034, ""C03"": 0.025382898024493034, ""C04"": 0.025382898024493034, ""C05"": 0.025382898024493034, ""C06"": 0.025382898024493034, ""C07"": 0.025382898024493034, ""C08"": 0.025382898024493034, ""C09"": 0.025382898024493034, ""C10"": 0.025382898024493034, ""C11"": 0.025382898024493034, ""C12"": 0.025382898024493034, ""C13"": 0.025382898024493034, ""C14"": 0.025382898024493034, ""C15"": 0.025382898024493034, ""C16"": 0.025382898024493034, ""C17"": 0.025382898024493034, ""C18"": 0.025382898024493034, ""C19"": 0.02447716017969314, ""C20"": 0.025382898024493034}"
60,60,1,282,1.657511,20,"{""C01"": 1.157722, ""C02"": 1.16157, ""C03"": 1.172921, ""C04"": 1.195842, ""C05"": 1.228961, ""C06"": 1.155429, ""C07"": 1.173079, ""C08"": 1.677887, ""C09"": 1.596238, ""C10"": 1.620308, ""C11"": 1.628181, ""C12"": 1.625561, ""C13"": 1.623087, ""C14"": 1.593862, ""C15"": 1.630772, ""C16"": 2.378432, ""C17"": 2.324201, ""C18"": 2.368144, ""C19"": 2.419, ""C20"": 2.368307}","{""C01"": 0, ""C02"": 0, ""C03"": 0, ""C04"": 0, ""C05"": 0, ""C06"": 0, ""C07"": 0, ""C08"": 0, ""C09"": 0, ""C10"": 0, ""C11"": 0, ""C12"": 0, ""C13"": 0, ""C14"": 0, ""C15"": 0, ""C16"": 0, ""C17"": 0, ""C18"": 0, ""C19"": 1562, ""C20"": 0}","{""C01"": 0.025386033535282876, ""C02"": 0.025386033535282876, ""C03"": 0.025386033535282876, ""C04"": 0.025386033535282876, ""C05"": 0.025386033535282876, ""C06"": 0.025386033535282876, ""C07"": 0.025386033535282876, ""C08"": 0.025386033535282876, ""C09"": 0.025386033535282876, ""C10"": 0.025386033535282876, ""C11"": 0.025386033535282876, ""C12"": 0.025386033535282876, ""C13"": 0.025386033535282876, ""C14"": 0.025386033535282876, ""C15"": 0.025386033535282876, ""C16"": 0.025386033535282876, ""C17"": 0.025386033535282876, ""C18"": 0.025386033535282876, ""C19"": 0.02448145337878201, ""C20"": 0.025386033535282876}"
61,61,1,251,1.471164,20,"{""C01"": 1.151701, ""C02"": 1.157474, ""C03"": 1.172757, ""C04"": 1.199767, ""C05"": 1.235209, ""C06"": 1.149753, ""C07"": 1.172131, ""C08"": 1.685931, ""C09"": 1.599884, ""C10"": 1.617974, ""C11"": 1.6211, ""C12"": 1.617197, ""C13"": 1.617507, ""C14"": 1.59729, ""C15"": 1.623413, ""C16"": 2.378511, ""C17"": 2.331601, ""C18"": 2.379617, ""C19"": 2.429382, ""C20"": 2.379083}","{""C01"": 0, ""C02"": 0, ""C03"": 0, ""C04"": 0, ""C05"": 0, ""C06"": 0, ""C07"": 0, ""C08"": 0, ""C09"": 0, ""C10"": 0, ""C11"": 0, ""C12"": 0, ""C13"": 0, ""C14"": 0, ""C15"": 0, ""C16"": 0, ""C17"": 0, ""C18"": 0, ""C19"": 1559, ""C20"": 0}","{""C01"": 0.025388173371521203, ""C02"": 0.025388173371521203, ""C03"": 0.025388173371521203, ""C04"": 0.025388173371521203, ""C05"": 0.025388173371521203, ""C06"": 0.025388173371521203, ""C07"": 0.025388173371521203, ""C08"": 0.025388173371521203, ""C09"": 0.025388173371521203, ""C10"": 0.025388173371521203, ""C11"": 0.025388173371521203, ""C12"": 0.025388173371521203, ""C13"": 0.025388173371521203, ""C14"": 0.025388173371521203, ""C15"": 0.025388173371521203, ""C16"": 0.025388173371521203, ""C17"": 0.025388173371521203, ""C18"": 0.025388173371521203, ""C19"": 0.024485332016252324, ""C20"": 0.025388173371521203}"
62,62,1,270,1.588181,20,"{""C01"": 1.146042, ""C02"": 1.154624, ""C03"": 1.174131, ""C04"": 1.204795, ""C05"": 1.241599, ""C06"": 1.144552, ""C07"": 1.172702, ""C08"": 1.692726, ""C09"": 1.601413, ""C10"": 1.613643, ""C11"": 1.61307, ""C12"": 1.609369, ""C13"": 1.613688, ""C14"": 1.598719, ""C15"": 1.614946, ""C16"": 2.381343, ""C17"": 2.34094, ""C18"": 2.391287, ""C19"": 2.438111, ""C20"": 2.390091}","{""C01"": 0, ""C02"": 0, ""C03"": 0, ""C04"": 0, ""C05"": 0, ""C06"": 0, ""C07"": 0, ""C08"": 0, ""C09"": 0, ""C10"": 0, ""C11"": 0, ""C12"": 0, ""C13"": 0, ""C14"": 0, ""C15"": 0, ""C16"": 0, ""C17"": 0, ""C18"": 0, ""C19"": 1558, ""C20"": 0}","{""C01"": 0.025390840141216897, ""C02"": 0.025390840141216897, ""C03"": 0.025390840141216897, ""C04"": 0.025390840141216897, ""C05"": 0.025390840141216897, ""C06"": 0.025390840141216897, ""C07"": 0.025390840141216897, ""C08"": 0.025390840141216897, ""C09"": 0.025390840141216897, ""C10"": 0.025390840141216897, ""C11"": 0.025390840141216897, ""C12"": 0.025390840141216897, ""C13"": 0.025390840141216897, ""C14"": 0.025390840141216897, ""C15"": 0.025390840141216897, ""C16"": 0.025390840141216897, ""C17"": 0.025390840141216897, ""C18"": 0.025390840141216897, ""C19"": 0.024488576654871176, ""C20"": 0.025390840141216897}"
63,63,1,280,1.648931,20,"{""C01"": 1.141106, ""C02"": 1.153207, ""C03"": 1.17697, ""C04"": 1.210623, ""C05"": 1.247746, ""C06"": 1.140172, ""C07"": 1.174761, ""C08"": 1.697867, ""C09"": 1.600748, ""C10"": 1.607601, ""C11"": 1.604609, ""C12"": 1.602584, ""C13"": 1.611886, ""C14"": 1.598075, ""C15"": 1.605908, ""C16"": 2.386782, ""C17"": 2.351669, ""C18"": 2.40246, ""C19"": 2.444674, ""C20"": 2.400651}","{""C01"": 0, ""C02"": 0, ""C03"": 0, ""C04"": 0, ""C05"": 0, ""C06"": 0, ""C07"": 0, ""C08"": 0, ""C09"": 0, ""C10"": 0, ""C11"": 0, ""C12"": 0, ""C13"": 0, ""C14"": 0, ""C15"": 0, ""C16"": 0, ""C17"": 0, ""C18"": 0, ""C19"": 1556, ""C20"": 0}","{""C01"": 0.02539210994617358, ""C02"": 0.02539210994617358, ""C03"": 0.02539210994617358, ""C04"": 0.02539210994617358, ""C05"": 0.02539210994617358, ""C06"": 0.02539210994617358, ""C07"": 0.02539210994617358, ""C08"": 0.02539210994617358, ""C09"": 0.02539210994617358, ""C10"": 0.02539210994617358, ""C11"": 0.02539210994617358, ""C12"": 0.02539210994617358, ""C13"": 0.02539210994617358, ""C14"": 0.02539210994617358, ""C15"": 0.02539210994617358, ""C16"": 0.02539210994617358, ""C17"": 0.02539210994617358, ""C18"": 0.02539210994617358, ""C19"": 0.024491005801724558, ""C20"": 0.02539210994617358}"
64,64,1,365,2.106390,20,"{""C01"": 1.13721, ""C02"": 1.153322, ""C03"": 1.181105, ""C04"": 1.2169, ""C05"": 1.253277, ""C06"": 1.136908, ""C07"": 1.178179, ""C08"": 1.701051, ""C09"": 1.597948, ""C10"": 1.600241, ""C11"": 1.596258, ""C12"": 1.597279, ""C13"": 1.61223, ""C14"": 1.595417, ""C15"": 1.596866, ""C16"": 2.394521, ""C17"": 2.363148, ""C18"": 2.412469, ""C19"": 2.448693, ""C20"": 2.41011}","{""C01"": 0, ""C02"": 0, ""C03"": 0, ""C04"": 0, ""C05"": 0, ""C06"": 0, ""C07"": 0, ""C08"": 0, ""C09"": 0, ""C10"": 0, ""C11"": 0, ""C12"": 0, ""C13"": 0, ""C14"": 0, ""C15"": 0, ""C16"": 0, ""C17"": 0, ""C18"": 0, ""C19"": 1555, ""C20"": 0}","{""C01"": 0.02539301383345985, ""C02"": 0.02539301383345985, ""C03"": 0.02539301383345985, ""C04"": 0.02539301383345985, ""C05"": 0.02539301383345985, ""C06"": 0.02539301383345985, ""C07"": 0.02539301383345985, ""C08"": 0.02539301383345985, ""C09"": 0.02539301383345985, ""C10"": 0.02539301383345985, ""C11"": 0.02539301383345985, ""C12"": 0.02539301383345985, ""C13"": 0.02539301383345985, ""C14"": 0.02539301383345985, ""C15"": 0.02539301383345985, ""C16"": 0.02539301383345985, ""C17"": 0.02539301383345985, ""C18"": 0.02539301383345985, ""C19"": 0.024492489121925004, ""C20"": 0.02539301383345985}"
65,65,1,412,2.395055,20,"{""C01"": 1.134605, ""C02"": 1.15497, ""C03"": 1.186291, ""C04"": 1.223244, ""C05"": 1.257857, ""C06"": 1.134989, ""C07"": 1.182749, ""C08"": 1.702096, ""C09"": 1.5932, ""C10"": 1.592035, ""C11"": 1.588554, ""C12"": 1.5938, ""C13"": 1.614713, ""C14"": 1.590926, ""C15"": 1.588387, ""C16"": 2.404103, ""C17"": 2.374692, ""C18"": 2.42072, ""C19"": 2.449944, ""C20"": 2.417886}","{""C01"": 0, ""C02"": 0, ""C03"": 0, ""C04"": 0, ""C05"": 0, ""C06"": 0, ""C07"": 0, ""C08"": 0, ""C09"": 0, ""C10"": 0, ""C11"": 0, ""C12"": 0, ""C13"": 0, ""C14"": 0, ""C15"": 0, ""C16"": 0, ""C17"": 0, ""C18"": 0, ""C19"": 1555, ""C20"": 0}","{""C01"": 0.025393475451461173, ""C02"": 0.025393475451461173, ""C03"": 0.025393475451461173, ""C04"": 0.025393475451461173, ""C05"": 0.025393475451461173, ""C06"": 0.025393475451461173, ""C07"": 0.025393475451461173, ""C08"": 0.025393475451461173, ""C09"": 0.025393475451461173, ""C10"": 0.025393475451461173, ""C11"": 0.025393475451461173, ""C12"": 0.025393475451461173, ""C13"": 0.025393475451461173, ""C14"": 0.025393475451461173, ""C15"": 0.025393475451461173, ""C16"": 0.025393475451461173, ""C17"": 0.025393475451461173, ""C18"": 0.025393475451461173, ""C19"": 0.02449295032963303, ""C20"": 0.025393475451461173}"
66,66,1,560,3.263261,20,"{""C01"": 1.133464, ""C02"": 1.158057, ""C03"": 1.192212, ""C04"": 1.22927, ""C05"": 1.26121, ""C06"": 1.134564, ""C07"": 1.188189, ""C08"": 1.70095, ""C09"": 1.586816, ""C10"": 1.583508, ""C11"": 1.581988, ""C12"": 1.592377, ""C13"": 1.619196, ""C14"": 1.584909, ""C15"": 1.580996, ""C16"": 2.414958, ""C17"": 2.385607, ""C18"": 2.426723, ""C19"": 2.448374, ""C20"": 2.4235}","{""C01"": 0, ""C02"": 0, ""C03"": 0, ""C04"": 0, ""C05"": 0, ""C06"": 0, ""C07"": 0, ""C08"": 0, ""C09"": 0, ""C10"": 0, ""C11"": 0, ""C12"": 0, ""C13"": 0, ""C14"": 0, ""C15"": 0, ""C16"": 0, ""C17"": 0, ""C18"": 0, ""C19"": 1556, ""C20"": 0}","{""C01"": 0.02539347711762184, ""C02"": 0.02539347711762184, ""C03"": 0.02539347711762184, ""C04"": 0.02539347711762184, ""C05"": 0.02539347711762184, ""C06"": 0.02539347711762184, ""C07"": 0.02539347711762184, ""C08"": 0.02539347711762184, ""C09"": 0.02539347711762184, ""C10"": 0.02539347711762184, ""C11"": 0.02539347711762184, ""C12"": 0.02539347711762184, ""C13"": 0.02539347711762184, ""C14"": 0.02539347711762184, ""C15"": 0.02539347711762184, ""C16"": 0.02539347711762184, ""C17"": 0.02539347711762184, ""C18"": 0.02539347711762184, ""C19"": 0.024492371758814538, ""C20"": 0.02539347711762184}"
67,67,1,805,4.821994,20,"{""C01"": 1.133863, ""C02"": 1.1624, ""C03"": 1.198508, ""C04"": 1.234611, ""C05"": 1.263135, ""C06"": 1.135682, ""C07"": 1.194162, ""C08"": 1.6977, ""C09"": 1.579205, ""C10"": 1.575204, ""C11"": 1.576983, ""C12"": 1.593113, ""C13"": 1.625413, ""C14"": 1.577762, ""C15"": 1.575153, ""C16"": 2.426436, ""C17"": 2.395238, ""C18"": 2.43013, ""C19"": 2.444106, ""C20"": 2.426614}","{""C01"": 0, ""C02"": 0, ""C03"": 0, ""C04"": 0, ""C05"": 0, ""C06"": 0, ""C07"": 0, ""C08"": 0, ""C09"": 0, ""C10"": 0, ""C11"": 0, ""C12"": 0, ""C13"": 0, ""C14"": 0, ""C15"": 0, ""C16"": 0, ""C17"": 0, ""C18"": 0, ""C19"": 1556, ""C20"": 0}","{""C01"": 0.02539189979914218, ""C02"": 0.02539189979914218, ""C03"": 0.02539189979914218, ""C04"": 0.02539189979914218, ""C05"": 0.02539189979914218, ""C06"": 0.02539189979914218, ""C07"": 0.02539189979914218, ""C08"": 0.02539189979914218, ""C09"": 0.02539189979914218, ""C10"": 0.02539189979914218, ""C11"": 0.02539189979914218, ""C12"": 0.02539189979914218, ""C13"": 0.02539189979914218, ""C14"": 0.02539189979914218, ""C15"": 0.02539189979914218, ""C16"": 0.02539189979914218, ""C17"": 0.02539189979914218, ""C18"": 0.02539189979914218, ""C19"": 0.024490795841344393, ""C20"": 0.02539189979914218}"
68,68,1,459,2.693146,20,"{""C01"": 1.135786, ""C02"": 1.167737, ""C03"": 1.204797, ""C04"": 1.238943, ""C05"": 1.263522, ""C06"": 1.138302, ""C07"": 1.200305, ""C08"": 1.692559, ""C09"": 1.570854, ""C10"": 1.567651, ""C11"": 1.573862, ""C12"": 1.595973, ""C13"": 1.632991, ""C14"": 1.56996, ""C15"": 1.571217, ""C16"": 2.437842, ""C17"": 2.403008, ""C18"": 2.430749, ""C19"": 2.437424, ""C20"": 2.427041}","{""C01"": 0, ""C02"": 0, ""C03"": 0, ""C04"": 0, ""C05"": 0, ""C06"": 0, ""C07"": 0, ""C08"": 0, ""C09"": 0, ""C10"": 0, ""C11"": 0, ""C12"": 0, ""C13"": 0, ""C14"": 0, ""C15"": 0, ""C16"": 650, ""C17"": 0, ""C18"": 312, ""C19"": 597, ""C20"": 0}","{""C01"": 0.025390734403888504, ""C02"": 0.025390734403888504, ""C03"": 0.025390734403888504, ""C04"": 0.025390734403888504, ""C05"": 0.025390734403888504, ""C06"": 0.025390734403888504, ""C07"": 0.025390734403888504, ""C08"": 0.025390734403888504, ""C09"": 0.025390734403888504, ""C10"": 0.025390734403888504, ""C11"": 0.025390734403888504, ""C12"": 0.025390734403888504, ""C13"": 0.025390734403888504, ""C14"": 0.025390734403888504, ""C15"": 0.025390734403888504, ""C16"": 0.025014310328398147, ""C17"": 0.025390734403888504, ""C18"": 0.025210049532307, ""C19"": 0.02504500302295867, ""C20"": 0.025390734403888504}"
69,69,1,595,3.452598,20,"{""C01"": 1.139121, ""C02"": 1.173742, ""C03"": 1.210693, ""C04"": 1.242002, ""C05"": 1.262351, ""C06"": 1.142287, ""C07"": 1.206239, ""C08"": 1.685858, ""C09"": 1.562293, ""C10"": 1.561331, ""C11"": 1.572831, ""C12"": 1.600792, ""C13"": 1.641469, ""C14"": 1.562018, ""C15"": 1.569431, ""C16"": 2.448489, ""C17"": 2.408454, ""C18"": 2.428563, ""C19"": 2.428765, ""C20"": 2.424768}","{""C01"": 0, ""C02"": 0, ""C03"": 0, ""C04"": 0, ""C05"": 0, ""C06"": 0, ""C07"": 0, ""C08"": 0, ""C09"": 0, ""C10"": 0, ""C11"": 0, ""C12"": 0, ""C13"": 0, ""C14"": 0, ""C15"": 0, ""C16"": 1556, ""C17"": 0, ""C18"": 0, ""C19"": 0, ""C20"": 0}","{""C01"": 0.025393519562405112, ""C02"": 0.025393519562405112, ""C03"": 0.025393519562405112, ""C04"": 0.025393519562405112, ""C05"": 0.025393519562405112, ""C06"": 0.025393519562405112, ""C07"": 0.025393519562405112, ""C08"": 0.025393519562405112, ""C09"": 0.025393519562405112, ""C10"": 0.025393519562405112, ""C11"": 0.025393519562405112, ""C12"": 0.025393519562405112, ""C13"": 0.025393519562405112, ""C14"": 0.025393519562405112, ""C15"": 0.025393519562405112, ""C16"": 0.02449241416589605, ""C17"": 0.025393519562405112, ""C18"": 0.025393519562405112, ""C19"": 0.025393519562405112, ""C20"": 0.025393519562405112}"
70,70,1,389,2.273078,20,"{""C01"": 1.143666, ""C02"": 1.180048, ""C03"": 1.215836, ""C04"": 1.243606, ""C05"": 1.259704, ""C06"": 1.14741, ""C07"": 1.211602, ""C08"": 1.678025, ""C09"": 1.554064, ""C10"": 1.556647, ""C11"": 1.573966, ""C12"": 1.607281, ""C13"": 1.650331, ""C14"": 1.554458, ""C15"": 1.569902, ""C16"": 2.457734, ""C17"": 2.411255, ""C18"": 2.423726, ""C19"": 2.418687, ""C20"": 2.419952}","{""C01"": 0, ""C02"": 0, ""C03"": 0, ""C04"": 0, ""C05"": 0, ""C06"": 0, ""C07"": 0, ""C08"": 0, ""C09"": 0, ""C10"": 0, ""C11"": 0, ""C12"": 0, ""C13"": 0, ""C14"": 0, ""C15"": 0, ""C16"": 1554, ""C17"": 0, ""C18"": 0, ""C19"": 0, ""C20"": 0}","{""C01"": 0.025395761650777032, ""C02"": 0.025395761650777032, ""C03"": 0.025395761650777032, ""C04"": 0.025395761650777032, ""C05"": 0.025395761650777032, ""C06"": 0.025395761650777032, ""C07"": 0.025395761650777032, ""C08"": 0.025395761650777032, ""C09"": 0.025395761650777032, ""C10"": 0.025395761650777032, ""C11"": 0.025395761650777032, ""C12"": 0.025395761650777032, ""C13"": 0.025395761650777032, ""C14"": 0.025395761650777032, ""C15"": 0.025395761650777032, ""C16"": 0.024495814732438167, ""C17"": 0.025395761650777032, ""C18"": 0.025395761650777032, ""C19"": 0.025395761650777032, ""C20"": 0.025395761650777032}"
71,71,1,263,1.540472,20,"{""C01"": 1.149146, ""C02"": 1.186269, ""C03"": 1.219914, ""C04"": 1.243661, ""C05"": 1.255749, ""C06"": 1.153378, ""C07"": 1.21607, ""C08"": 1.669558, ""C09"": 1.546691, ""C10"": 1.553901, ""C11"": 1.577204, ""C12"": 1.615047, ""C13"": 1.659037, ""C14"": 1.547787, ""C15"": 1.572598, ""C16"": 2.465018, ""C17"": 2.411256, ""C18"": 2.416556, ""C19"": 2.407833, ""C20"": 2.412911}","{""C01"": 0, ""C02"": 0, ""C03"": 0, ""C04"": 0, ""C05"": 0, ""C06"": 0, ""C07"": 0, ""C08"": 0, ""C09"": 0, ""C10"": 0, ""C11"": 0, ""C12"": 0, ""C13"": 0, ""C14"": 0, ""C15"": 0, ""C16"": 1552, ""C17"": 0, ""C18"": 0, ""C19"": 0, ""C20"": 0}","{""C01"": 0.025397269817093324, ""C02"": 0.025397269817093324, ""C03"": 0.025397269817093324, ""C04"": 0.025397269817093324, ""C05"": 0.025397269817093324, ""C06"": 0.025397269817093324, ""C07"": 0.025397269817093324, ""C08"": 0.025397269817093324, ""C09"": 0.025397269817093324, ""C10"": 0.025397269817093324, ""C11"": 0.025397269817093324, ""C12"": 0.025397269817093324, ""C13"": 0.025397269817093324, ""C14"": 0.025397269817093324, ""C15"": 0.025397269817093324, ""C16"": 0.02449848203105257, ""C17"": 0.025397269817093324, ""C18"": 0.025397269817093324, ""C19"": 0.025397269817093324, ""C20"": 0.025397269817093324}"
72,72,1,207,1.208597,20,"{""C01"": 1.155224, ""C02"": 1.192025, ""C03"": 1.222677, ""C04"": 1.242169, ""C05"": 1.25074, ""C06"": 1.159834, ""C07"": 1.219372, ""C08"": 1.660991, ""C09"": 1.54064, ""C10"": 1.553273, ""C11"": 1.582355, ""C12"": 1.623615, ""C13"": 1.667054, ""C14"": 1.542449, ""C15"": 1.577352, ""C16"": 2.469906, ""C17"": 2.408472, ""C18"": 2.407516, ""C19"": 2.396894, ""C20"": 2.404103}","{""C01"": 0, ""C02"": 0, ""C03"": 0, ""C04"": 0, ""C05"": 0, ""C06"": 0, ""C07"": 0, ""C08"": 0, ""C09"": 0, ""C10"": 0, ""C11"": 0, ""C12"": 0, ""C13"": 0, ""C14"": 0, ""C15"": 0, ""C16"": 1551, ""C17"": 0, ""C18"": 0, ""C19"": 0, ""C20"": 0}","{""C01"": 0.025398474838823723, ""C02"": 0.025398474838823723, ""C03"": 0.025398474838823723, ""C04"": 0.025398474838823723, ""C05"": 0.025398474838823723, ""C06"": 0.025398474838823723, ""C07"": 0.025398474838823723, ""C08"": 0.025398474838823723, ""C09"": 0.025398474838823723, ""C10"": 0.025398474838823723, ""C11"": 0.025398474838823723, ""C12"": 0.025398474838823723, ""C13"": 0.025398474838823723, ""C14"": 0.025398474838823723, ""C15"": 0.025398474838823723, ""C16"": 0.024500266217834746, ""C17"": 0.025398474838823723, ""C18"": 0.025398474838823723, ""C19"": 0.025398474838823723, ""C20"": 0.025398474838823723}"
73,73,1,186,1.087381,20,"{""C01"": 1.161528, ""C02"": 1.196963, ""C03"": 1.223959, ""C04"": 1.239227, ""C05"": 1.244992, ""C06"": 1.166393, ""C07"": 1.221316, ""C08"": 1.652866, ""C09"": 1.536296, ""C10"": 1.554811, ""C11"": 1.589107, ""C12"": 1.632463, ""C13"": 1.673893, ""C14"": 1.538809, ""C15"": 1.58387, ""C16"": 2.472108, ""C17"": 2.403092, ""C18"": 2.397183, ""C19"": 2.386565, ""C20"": 2.394102}","{""C01"": 0, ""C02"": 0, ""C03"": 0, ""C04"": 0, ""C05"": 0, ""C06"": 0, ""C07"": 0, ""C08"": 0, ""C09"": 0, ""C10"": 0, ""C11"": 0, ""C12"": 0, ""C13"": 0, ""C14"": 0, ""C15"": 0, ""C16"": 1551, ""C17"": 0, ""C18"": 0, ""C19"": 0, ""C20"": 0}","{""C01"": 0.025399277927737926, ""C02"": 0.025399277927737926, ""C03"": 0.025399277927737926, ""C04"": 0.025399277927737926, ""C05"": 0.025399277927737926, ""C06"": 0.025399277927737926, ""C07"": 0.025399277927737926, ""C08"": 0.025399277927737926, ""C09"": 0.025399277927737926, ""C10"": 0.025399277927737926, ""C11"": 0.025399277927737926, ""C12"": 0.025399277927737926, ""C13"": 0.025399277927737926, ""C14"": 0.025399277927737926, ""C15"": 0.025399277927737926, ""C16"": 0.02450106859092484, ""C17"": 0.025399277927737926, ""C18"": 0.025399277927737926, ""C19"": 0.025399277927737926, ""C20"": 0.025399277927737926}"
74,74,1,169,0.994028,20,"{""C01"": 1.167671, ""C02"": 1.20078, ""C03"": 1.223686, ""C04"": 1.235024, ""C05"": 1.238867, ""C06"": 1.17266, ""C07"": 1.22179, ""C08"": 1.645697, ""C09"": 1.533939, ""C10"": 1.558426, ""C11"": 1.597049, ""C12"": 1.641048, ""C13"": 1.679137, ""C14"": 1.537127, ""C15"": 1.591751, ""C16"": 2.471501, ""C17"": 2.395464, ""C18"": 2.386212, ""C19"": 2.377503, ""C20"": 2.383554}","{""C01"": 0, ""C02"": 0, ""C03"": 0, ""C04"": 0, ""C05"": 0, ""C06"": 0, ""C07"": 0, ""C08"": 0, ""C09"": 0, ""C10"": 0, ""C11"": 0, ""C12"": 0, ""C13"": 0, ""C14"": 0, ""C15"": 0, ""C16"": 1551, ""C17"": 0, ""C18"": 0, ""C19"": 0, ""C20"": 0}","{""C01"": 0.02539905665386008, ""C02"": 0.02539905665386008, ""C03"": 0.02539905665386008, ""C04"": 0.02539905665386008, ""C05"": 0.02539905665386008, ""C06"": 0.02539905665386008, ""C07"": 0.02539905665386008, ""C08"": 0.02539905665386008, ""C09"": 0.02539905665386008, ""C10"": 0.02539905665386008, ""C11"": 0.02539905665386008, ""C12"": 0.02539905665386008, ""C13"": 0.02539905665386008, ""C14"": 0.02539905665386008, ""C15"": 0.02539905665386008, ""C16"": 0.0245008475142796, ""C17"": 0.02539905665386008, ""C18"": 0.02539905665386008, ""C19"": 0.02539905665386008, ""C20"": 0.02539905665386008}"
75,75,1,160,0.943661,20,"{""C01"": 1.173277, ""C02"": 1.203243, ""C03"": 1.221879, ""C04"": 1.229826, ""C05"": 1.232752, ""C06"": 1.178253, ""C07"": 1.220778, ""C08"": 1.639937, ""C09"": 1.533721, ""C10"": 1.563903, ""C11"": 1.605693, ""C12"": 1.648844, ""C13"": 1.682467, ""C14"": 1.537535, ""C15"": 1.60051, ""C16"": 2.468138, ""C17"": 2.386076, ""C18"": 2.3753, ""C19"": 2.370285, ""C20"": 2.373148}","{""C01"": 0, ""C02"": 0, ""C03"": 0, ""C04"": 0, ""C05"": 0, ""C06"": 0, ""C07"": 0, ""C08"": 0, ""C09"": 0, ""C10"": 0, ""C11"": 0, ""C12"": 0, ""C13"": 0, ""C14"": 0, ""C15"": 0, ""C16"": 1552, ""C17"": 0, ""C18"": 0, ""C19"": 0, ""C20"": 0}","{""C01"": 0.025398410356876483, ""C02"": 0.025398410356876483, ""C03"": 0.025398410356876483, ""C04"": 0.025398410356876483, ""C05"": 0.025398410356876483, ""C06"": 0.025398410356876483, ""C07"": 0.025398410356876483, ""C08"": 0.025398410356876483, ""C09"": 0.025398410356876483, ""C10"": 0.025398410356876483, ""C11"": 0.025398410356876483, ""C12"": 0.025398410356876483, ""C13"": 0.025398410356876483, ""C14"": 0.025398410356876483, ""C15"": 0.025398410356876483, ""C16"": 0.024499621554931867, ""C17"": 0.025398410356876483, ""C18"": 0.025398410356876483, ""C19"": 0.025398410356876483, ""C20"": 0.025398410356876483}"
76,76,1,150,0.869632,20,"{""C01"": 1.177999, ""C02"": 1.204205, ""C03"": 1.218655, ""C04"": 1.22396, ""C05"": 1.227031, ""C06"": 1.182826, ""C07"": 1.218355, ""C08"": 1.635951, ""C09"": 1.535664, ""C10"": 1.570907, ""C11"": 1.61451, ""C12"": 1.655373, ""C13"": 1.683683, ""C14"": 1.540038, ""C15"": 1.609612, ""C16"": 2.462238, ""C17"": 2.375523, ""C18"": 2.365137, ""C19"": 2.365371, ""C20"": 2.363561}","{""C01"": 0, ""C02"": 0, ""C03"": 0, ""C04"": 0, ""C05"": 0, ""C06"": 0, ""C07"": 0, ""C08"": 0, ""C09"": 0, ""C10"": 0, ""C11"": 0, ""C12"": 0, ""C13"": 0, ""C14"": 0, ""C15"": 0, ""C16"": 1553, ""C17"": 0, ""C18"": 0, ""C19"": 0, ""C20"": 0}","{""C01"": 0.025396832963681004, ""C02"": 0.025396832963681004, ""C03"": 0.025396832963681004, ""C04"": 0.025396832963681004, ""C05"": 0.025396832963681004, ""C06"": 0.025396832963681004, ""C07"": 0.025396832963681004, ""C08"": 0.025396832963681004, ""C09"": 0.025396832963681004, ""C10"": 0.025396832963681004, ""C11"": 0.025396832963681004, ""C12"": 0.025396832963681004, ""C13"": 0.025396832963681004, ""C14"": 0.025396832963681004, ""C15"": 0.025396832963681004, ""C16"": 0.02449746532884841, ""C17"": 0.025396832963681004, ""C18"": 0.025396832963681004, ""C19"": 0.025396832963681004, ""C20"": 0.025396832963681004}"
77,77,1,146,0.853590,20,"{""C01"": 1.18155, ""C02"": 1.203608, ""C03"": 1.214217, ""C04"": 1.217794, ""C05"": 1.222062, ""C06"": 1.186098, ""C07"": 1.21468, ""C08"": 1.633993, ""C09"": 1.539653, ""C10"": 1.579009, ""C11"": 1.622958, ""C12"": 1.660236, ""C13"": 1.682716, ""C14"": 1.544504, ""C15"": 1.618503, ""C16"": 2.45418, ""C17"": 2.364473, ""C18"": 2.356366, ""C19"": 2.363078, ""C20"": 2.355425}","{""C01"": 0, ""C02"": 0, ""C03"": 0, ""C04"": 0, ""C05"": 0, ""C06"": 0, ""C07"": 0, ""C08"": 0, ""C09"": 0, ""C10"": 0, ""C11"": 0, ""C12"": 0, ""C13"": 0, ""C14"": 0, ""C15"": 0, ""C16"": 1554, ""C17"": 0, ""C18"": 0, ""C19"": 0, ""C20"": 0}","{""C01"": 0.02539445501650238, ""C02"": 0.02539445501650238, ""C03"": 0.02539445501650238, ""C04"": 0.02539445501650238, ""C05"": 0.02539445501650238, ""C06"": 0.02539445501650238, ""C07"": 0.02539445501650238, ""C08"": 0.02539445501650238, ""C09"": 0.02539445501650238, ""C10"": 0.02539445501650238, ""C11"": 0.02539445501650238, ""C12"": 0.02539445501650238, ""C13"": 0.02539445501650238, ""C14"": 0.02539445501650238, ""C15"": 0.02539445501650238, ""C16"": 0.02449450926036768, ""C17"": 0.02539445501650238, ""C18"": 0.02539445501650238, ""C19"": 0.02539445501650238, ""C20"": 0.02539445501650238}"
78,78,1,162,1.549630,20,"{""C01"": 1.183711, ""C02"": 1.201494, ""C03"": 1.208846, ""C04"": 1.211716, ""C05"": 1.21816, ""C06"": 1.187859, ""C07"": 1.209995, ""C08"": 1.634191, ""C09"": 1.545447, ""C10"": 1.587713, ""C11"": 1.630518, ""C12"": 1.663136, ""C13"": 1.679633, ""C14"": 1.550678, ""C15"": 1.626645, ""C16"": 2.444476, ""C17"": 2.353624, ""C18"": 2.349544, ""C19"": 2.36356, ""C20"": 2.34928}","{""C01"": 0, ""C02"": 0, ""C03"": 0, ""C04"": 0, ""C05"": 0, ""C06"": 0, ""C07"": 0, ""C08"": 0, ""C09"": 0, ""C10"": 0, ""C11"": 0, ""C12"": 0, ""C13"": 0, ""C14"": 0, ""C15"": 0, ""C16"": 1556, ""C17"": 0, ""C18"": 0, ""C19"": 0, ""C20"": 0}","{""C01"": 0.02539203669879596, ""C02"": 0.02539203669879596, ""C03"": 0.02539203669879596, ""C04"": 0.02539203669879596, ""C05"": 0.02539203669879596, ""C06"": 0.02539203669879596, ""C07"": 0.02539203669879596, ""C08"": 0.02539203669879596, ""C09"": 0.02539203669879596, ""C10"": 0.02539203669879596, ""C11"": 0.02539203669879596, ""C12"": 0.02539203669879596, ""C13"": 0.02539203669879596, ""C14"": 0.02539203669879596, ""C15"": 0.02539203669879596, ""C16"": 0.024490932619404895, ""C17"": 0.02539203669879596, ""C18"": 0.02539203669879596, ""C19"": 0.02539203669879596, ""C20"": 0.02539203669879596}"
79,79,1,190,1.757701,20,"{""C01"": 1.184351, ""C02"": 1.197998, ""C03"": 1.202879, ""C04"": 1.206107, ""C05"": 1.215569, ""C06"": 1.187993, ""C07"": 1.204601, ""C08"": 1.63654, ""C09"": 1.55269, ""C10"": 1.596482, ""C11"": 1.636725, ""C12"": 1.663899, ""C13"": 1.674631, ""C14"": 1.558193, ""C15"": 1.633547, ""C16"": 2.433738, ""C17"": 2.34366, ""C18"": 2.345103, ""C19"": 2.366796, ""C20"": 2.345546}","{""C01"": 0, ""C02"": 0, ""C03"": 0, ""C04"": 0, ""C05"": 0, ""C06"": 0, ""C07"": 0, ""C08"": 0, ""C09"": 0, ""C10"": 0, ""C11"": 0, ""C12"": 0, ""C13"": 0, ""C14"": 0, ""C15"": 0, ""C16"": 1559, ""C17"": 0, ""C18"": 0, ""C19"": 0, ""C20"": 0}","{""C01"": 0.025389795991752798, ""C02"": 0.025389795991752798, ""C03"": 0.025389795991752798, ""C04"": 0.025389795991752798, ""C05"": 0.025389795991752798, ""C06"": 0.025389795991752798, ""C07"": 0.025389795991752798, ""C08"": 0.025389795991752798, ""C09"": 0.025389795991752798, ""C10"": 0.025389795991752798, ""C11"": 0.025389795991752798, ""C12"": 0.025389795991752798, ""C13"": 0.025389795991752798, ""C14"": 0.025389795991752798, ""C15"": 0.025389795991752798, ""C16"": 0.0244869531982543, ""C17"": 0.025389795991752798, ""C18"": 0.025389795991752798, ""C19"": 0.025389795991752798, ""C20"": 0.025389795991752798}"
80,80,1,258,1.500293,20,"{""C01"": 1.183435, ""C02"": 1.193339, ""C03"": 1.19669, ""C04"": 1.201319, ""C05"": 1.214454, ""C06"": 1.186483, ""C07"": 1.198842, ""C08"": 1.640896, ""C09"": 1.560938, ""C10"": 1.604776, ""C11"": 1.641199, ""C12"": 1.662484, ""C13"": 1.668025, ""C14"": 1.566599, ""C15"": 1.638798, ""C16"": 2.422645, ""C17"": 2.33521, ""C18"": 2.343331, ""C19"": 2.372594, ""C20"": 2.344492}","{""C01"": 0, ""C02"": 0, ""C03"": 0, ""C04"": 0, ""C05"": 0, ""C06"": 0, ""C07"": 0, ""C08"": 0, ""C09"": 0, ""C10"": 0, ""C11"": 0, ""C12"": 0, ""C13"": 0, ""C14"": 0, ""C15"": 0, ""C16"": 1561, ""C17"": 0, ""C18"": 0, ""C19"": 0, ""C20"": 0}","{""C01"": 0.025386818291120855, ""C02"": 0.025386818291120855, ""C03"": 0.025386818291120855, ""C04"": 0.025386818291120855, ""C05"": 0.025386818291120855, ""C06"": 0.025386818291120855, ""C07"": 0.025386818291120855, ""C08"": 0.025386818291120855, ""C09"": 0.025386818291120855, ""C10"": 0.025386818291120855, ""C11"": 0.025386818291120855, ""C12"": 0.025386818291120855, ""C13"": 0.025386818291120855, ""C14"": 0.025386818291120855, ""C15"": 0.025386818291120855, ""C16"": 0.024482817671167723, ""C17"": 0.025386818291120855, ""C18"": 0.025386818291120855, ""C19"": 0.025386818291120855, ""C20"": 0.025386818291120855}"
81,81,1,397,2.324821,20,"{""C01"": 1.181022, ""C02"": 1.187811, ""C03"": 1.190667, ""C04"": 1.197652, ""C05"": 1.214888, ""C06"": 1.18341, ""C07"": 1.193083, ""C08"": 1.646996, ""C09"": 1.569683, ""C10"": 1.612085, ""C11"": 1.643667, ""C12"": 1.658982, ""C13"": 1.660232, ""C14"": 1.575381, ""C15"": 1.642092, ""C16"": 2.411893, ""C17"": 2.328807, ""C18"": 2.344344, ""C19"": 2.380603, ""C20"": 2.34622}","{""C01"": 0, ""C02"": 0, ""C03"": 0, ""C04"": 0, ""C05"": 0, ""C06"": 0, ""C07"": 0, ""C08"": 0, ""C09"": 0, ""C10"": 0, ""C11"": 0, ""C12"": 0, ""C13"": 0, ""C14"": 0, ""C15"": 0, ""C16"": 1563, ""C17"": 0, ""C18"": 0, ""C19"": 0, ""C20"": 0}","{""C01"": 0.025383943943698153, ""C02"": 0.025383943943698153, ""C03"": 0.025383943943698153, ""C04"": 0.025383943943698153, ""C05"": 0.025383943943698153, ""C06"": 0.025383943943698153, ""C07"": 0.025383943943698153, ""C08"": 0.025383943943698153, ""C09"": 0.025383943943698153, ""C10"": 0.025383943943698153, ""C11"": 0.025383943943698153, ""C12"": 0.025383943943698153, ""C13"": 0.025383943943698153, ""C14"": 0.025383943943698153, ""C15"": 0.025383943943698153, ""C16"": 0.02447878540452467, ""C17"": 0.025383943943698153, ""C18"": 0.025383943943698153, ""C19"": 0.025383943943698153, ""C20"": 0.025383943943698153}"
82,82,1,804,4.707418,20,"{""C01"": 1.177264, ""C02"": 1.181761, ""C03"": 1.185187, ""C04"": 1.195338, ""C05"": 1.216846, ""C06"": 1.178949, ""C07"": 1.187687, ""C08"": 1.654465, ""C09"": 1.578385, ""C10"": 1.617959, ""C11"": 1.643979, ""C12"": 1.653616, ""C13"": 1.651741, ""C14"": 1.583999, ""C15"": 1.643242, ""C16"": 2.402159, ""C17"": 2.324858, ""C18"": 2.348089, ""C19"": 2.390331, ""C20"": 2.350661}","{""C01"": 0, ""C02"": 0, ""C03"": 0, ""C04"": 0, ""C05"": 0, ""C06"": 0, ""C07"": 0, ""C08"": 0, ""C09"": 0, ""C10"": 0, ""C11"": 0, ""C12"": 0, ""C13"": 0, ""C14"": 0, ""C15"": 0, ""C16"": 1565, ""C17"": 0, ""C18"": 0, ""C19"": 0, ""C20"": 0}","{""C01"": 0.02538143127675943, ""C02"": 0.02538143127675943, ""C03"": 0.02538143127675943, ""C04"": 0.02538143127675943, ""C05"": 0.02538143127675943, ""C06"": 0.02538143127675943, ""C07"": 0.02538143127675943, ""C08"": 0.02538143127675943, ""C09"": 0.02538143127675943, ""C10"": 0.02538143127675943, ""C11"": 0.02538143127675943, ""C12"": 0.02538143127675943, ""C13"": 0.02538143127675943, ""C14"": 0.02538143127675943, ""C15"": 0.02538143127675943, ""C16"": 0.024475114497978467, ""C17"": 0.02538143127675943, ""C18"": 0.02538143127675943, ""C19"": 0.02538143127675943, ""C20"": 0.02538143127675943}"
83,83,1,156,0.915173,20,"{""C01"": 1.172399, ""C02"": 1.175566, ""C03"": 1.180593, ""C04"": 1.194523, ""C05"": 1.220209, ""C06"": 1.173363, ""C07"": 1.182992, ""C08"": 1.662841, ""C09"": 1.586509, ""C10"": 1.622037, ""C11"": 1.642122, ""C12"": 1.646724, ""C13"": 1.643085, ""C14"": 1.59192, ""C15"": 1.642198, ""C16"": 2.394057, ""C17"": 2.323616, ""C18"": 2.354339, ""C19"": 2.401183, ""C20"": 2.357571}","{""C01"": 0, ""C02"": 0, ""C03"": 0, ""C04"": 0, ""C05"": 0, ""C06"": 0, ""C07"": 0, ""C08"": 0, ""C09"": 0, ""C10"": 0, ""C11"": 0, ""C12"": 0, ""C13"": 0, ""C14"": 0, ""C15"": 0, ""C16"": 728, ""C17"": 0, ""C18"": 0, ""C19"": 839, ""C20"": 0}","{""C01"": 0.025380968473625032, ""C02"": 0.025380968473625032, ""C03"": 0.025380968473625032, ""C04"": 0.025380968473625032, ""C05"": 0.025380968473625032, ""C06"": 0.025380968473625032, ""C07"": 0.025380968473625032, ""C08"": 0.025380968473625032, ""C09"": 0.025380968473625032, ""C10"": 0.025380968473625032, ""C11"": 0.025380968473625032, ""C12"": 0.025380968473625032, ""C13"": 0.025380968473625032, ""C14"": 0.025380968473625032, ""C15"": 0.025380968473625032, ""C16"": 0.02495937043993485, ""C17"": 0.025380968473625032, ""C18"": 0.025380968473625032, ""C19"": 0.024895092078969325, ""C20"": 0.025380968473625032}"
84,84,1,452,2.669136,20,"{""C01"": 1.16673, ""C02"": 1.169615, ""C03"": 1.177174, ""C04"": 1.195259, ""C05"": 1.22477, ""C06"": 1.166982, ""C07"": 1.179294, ""C08"": 1.671609, ""C09"": 1.593552, ""C10"": 1.624069, ""C11"": 1.638213, ""C12"": 1.638738, ""C13"": 1.634804, ""C14"": 1.598648, ""C15"": 1.639042, ""C16"": 2.388096, ""C17"": 2.325165, ""C18"": 2.362714, ""C19"": 2.41249, ""C20"": 2.366556}","{""C01"": 0, ""C02"": 0, ""C03"": 0, ""C04"": 0, ""C05"": 0, ""C06"": 0, ""C07"": 0, ""C08"": 0, ""C09"": 0, ""C10"": 0, ""C11"": 0, ""C12"": 0, ""C13"": 0, ""C14"": 0, ""C15"": 0, ""C16"": 0, ""C17"": 0, ""C18"": 0, ""C19"": 1563, ""C20"": 0}","{""C01"": 0.02538416867569733, ""C02"": 0.02538416867569733, ""C03"": 0.02538416867569733, ""C04"": 0.02538416867569733, ""C05"": 0.02538416867569733, ""C06"": 0.02538416867569733, ""C07"": 0.02538416867569733, ""C08"": 0.02538416867569733, ""C09"": 0.02538416867569733, ""C10"": 0.02538416867569733, ""C11"": 0.02538416867569733, ""C12"": 0.02538416867569733, ""C13"": 0.02538416867569733, ""C14"": 0.02538416867569733, ""C15"": 0.02538416867569733, ""C16"": 0.02538416867569733, ""C17"": 0.02538416867569733, ""C18"": 0.02538416867569733, ""C19"": 0.024479009937884617, ""C20"": 0.02538416867569733}"
85,85,1,307,1.800127,20,"{""C01"": 1.160613, ""C02"": 1.164279, ""C03"": 1.175144, ""C04"": 1.197503, ""C05"": 1.230248, ""C06"": 1.160187, ""C07"": 1.17682, ""C08"": 1.680226, ""C09"": 1.599081, ""C10"": 1.623933, ""C11"": 1.6325, ""C12"": 1.630159, ""C13"": 1.627418, ""C14"": 1.603758, ""C15"": 1.633988, ""C16"": 2.384654, ""C17"": 2.329414, ""C18"": 2.372698, ""C19"": 2.423555, ""C20"": 2.377086}","{""C01"": 0, ""C02"": 0, ""C03"": 0, ""C04"": 0, ""C05"": 0, ""C06"": 0, ""C07"": 0, ""C08"": 0, ""C09"": 0, ""C10"": 0, ""C11"": 0, ""C12"": 0, ""C13"": 0, ""C14"": 0, ""C15"": 0, ""C16"": 0, ""C17"": 0, ""C18"": 0, ""C19"": 1561, ""C20"": 0}","{""C01"": 0.02538715879744928, ""C02"": 0.02538715879744928, ""C03"": 0.02538715879744928, ""C04"": 0.02538715879744928, ""C05"": 0.02538715879744928, ""C06"": 0.02538715879744928, ""C07"": 0.02538715879744928, ""C08"": 0.02538715879744928, ""C09"": 0.02538715879744928, ""C10"": 0.02538715879744928, ""C11"": 0.02538715879744928, ""C12"": 0.02538715879744928, ""C13"": 0.02538715879744928, ""C14"": 0.02538715879744928, ""C15"": 0.02538715879744928, ""C16"": 0.02538715879744928, ""C17"": 0.02538715879744928, ""C18"": 0.02538715879744928, ""C19"": 0.024483157876098283, ""C20"": 0.02538715879744928}"
86,86,1,274,1.619344,20,"{""C01"": 1.15443, ""C02"": 1.159893, ""C03"": 1.174631, ""C04"": 1.201119, ""C05"": 1.236304, ""C06"": 1.153385, ""C07"": 1.175722, ""C08"": 1.688162, ""C09"": 1.602755, ""C10"": 1.621641, ""C11"": 1.625341, ""C12"": 1.621524, ""C13"": 1.62139, ""C14"": 1.606922, ""C15"": 1.627366, ""C16"": 2.38395, ""C17"": 2.336106, ""C18"": 2.383678, ""C19"": 2.433697, ""C20"": 2.388536}","{""C01"": 0, ""C02"": 0, ""C03"": 0, ""C04"": 0, ""C05"": 0, ""C06"": 0, ""C07"": 0, ""C08"": 0, ""C09"": 0, ""C10"": 0, ""C11"": 0, ""C12"": 0, ""C13"": 0, ""C14"": 0, ""C15"": 0, ""C16"": 0, ""C17"": 0, ""C18"": 0, ""C19"": 1559, ""C20"": 0}","{""C01"": 0.025389780738943907, ""C02"": 0.025389780738943907, ""C03"": 0.025389780738943907, ""C04"": 0.025389780738943907, ""C05"": 0.025389780738943907, ""C06"": 0.025389780738943907, ""C07"": 0.025389780738943907, ""C08"": 0.025389780738943907, ""C09"": 0.025389780738943907, ""C10"": 0.025389780738943907, ""C11"": 0.025389780738943907, ""C12"": 0.025389780738943907, ""C13"": 0.025389780738943907, ""C14"": 0.025389780738943907, ""C15"": 0.025389780738943907, ""C16"": 0.025389780738943907, ""C17"": 0.025389780738943907, ""C18"": 0.025389780738943907, ""C19"": 0.02448693795896551, ""C20"": 0.025389780738943907}"
87,87,1,282,1.648115,20,"{""C01"": 1.148567, ""C02"": 1.156731, ""C03"": 1.17567, ""C04"": 1.205882, ""C05"": 1.242565, ""C06"": 1.146983, ""C07"": 1.176066, ""C08"": 1.694924, ""C09"": 1.60435, ""C10"": 1.617337, ""C11"": 1.617186, ""C12"": 1.613372, ""C13"": 1.617097, ""C14"": 1.607929, ""C15"": 1.619601, ""C16"": 2.386035, ""C17"": 2.344831, ""C18"": 2.394975, ""C19"": 2.44229, ""C20"": 2.400217}","{""C01"": 0, ""C02"": 0, ""C03"": 0, ""C04"": 0, ""C05"": 0, ""C06"": 0, ""C07"": 0, ""C08"": 0, ""C09"": 0, ""C10"": 0, ""C11"": 0, ""C12"": 0, ""C13"": 0, ""C14"": 0, ""C15"": 0, ""C16"": 0, ""C17"": 0, ""C18"": 0, ""C19"": 1557, ""C20"": 0}","{""C01"": 0.02539180861276452, ""C02"": 0.02539180861276452, ""C03"": 0.02539180861276452, ""C04"": 0.02539180861276452, ""C05"": 0.02539180861276452, ""C06"": 0.02539180861276452, ""C07"": 0.02539180861276452, ""C08"": 0.02539180861276452, ""C09"": 0.02539180861276452, ""C10"": 0.02539180861276452, ""C11"": 0.02539180861276452, ""C12"": 0.02539180861276452, ""C13"": 0.02539180861276452, ""C14"": 0.02539180861276452, ""C15"": 0.02539180861276452, ""C16"": 0.02539180861276452, ""C17"": 0.02539180861276452, ""C18"": 0.02539180861276452, ""C19"": 0.02449012450094189, ""C20"": 0.02539180861276452}"
88,88,1,347,2.032145,20,"{""C01"": 1.143391, ""C02"": 1.154992, ""C03"": 1.178197, ""C04"": 1.211499, ""C05"": 1.248641, ""C06"": 1.141369, ""C07"": 1.177825, ""C08"": 1.700097, ""C09"": 1.603768, ""C10"": 1.611294, ""C11"": 1.608543, ""C12"": 1.606214, ""C13"": 1.614809, ""C14"": 1.6067, ""C15"": 1.611186, ""C16"": 2.390783, ""C17"": 2.35505, ""C18"": 2.405893, ""C19"": 2.448806, ""C20"": 2.411423}","{""C01"": 0, ""C02"": 0, ""C03"": 0, ""C04"": 0, ""C05"": 0, ""C06"": 0, ""C07"": 0, ""C08"": 0, ""C09"": 0, ""C10"": 0, ""C11"": 0, ""C12"": 0, ""C13"": 0, ""C14"": 0, ""C15"": 0, ""C16"": 0, ""C17"": 0, ""C18"": 0, ""C19"": 1555, ""C20"": 0}","{""C01"": 0.025393055544527407, ""C02"": 0.025393055544527407, ""C03"": 0.025393055544527407, ""C04"": 0.025393055544527407, ""C05"": 0.025393055544527407, ""C06"": 0.025393055544527407, ""C07"": 0.025393055544527407, ""C08"": 0.025393055544527407, ""C09"": 0.025393055544527407, ""C10"": 0.025393055544527407, ""C11"": 0.025393055544527407, ""C12"": 0.025393055544527407, ""C13"": 0.025393055544527407, ""C14"": 0.025393055544527407, ""C15"": 0.025393055544527407, ""C16"": 0.025393055544527407, ""C17"": 0.025393055544527407, ""C18"": 0.025393055544527407, ""C19"": 0.024492530795919384, ""C20"": 0.025393055544527407}"
89,89,1,398,2.299426,20,"{""C01"": 1.139225, ""C02"": 1.154785, ""C03"": 1.182057, ""C04"": 1.217622, ""C05"": 1.254158, ""C06"": 1.13688, ""C07"": 1.180883, ""C08"": 1.703361, ""C09"": 1.601049, ""C10"": 1.60389, ""C11"": 1.599953, ""C12"": 1.600497, ""C13"": 1.614672, ""C14"": 1.603293, ""C15"": 1.60265, ""C16"": 2.397904, ""C17"": 2.366134, ""C18"": 2.415758, ""C19"": 2.452843, ""C20"": 2.421474}","{""C01"": 0, ""C02"": 0, ""C03"": 0, ""C04"": 0, ""C05"": 0, ""C06"": 0, ""C07"": 0, ""C08"": 0, ""C09"": 0, ""C10"": 0, ""C11"": 0, ""C12"": 0, ""C13"": 0, ""C14"": 0, ""C15"": 0, ""C16"": 0, ""C17"": 0, ""C18"": 0, ""C19"": 1555, ""C20"": 0}","{""C01"": 0.025394543857371207, ""C02"": 0.025394543857371207, ""C03"": 0.025394543857371207, ""C04"": 0.025394543857371207, ""C05"": 0.025394543857371207, ""C06"": 0.025394543857371207, ""C07"": 0.025394543857371207, ""C08"": 0.025394543857371207, ""C09"": 0.025394543857371207, ""C10"": 0.025394543857371207, ""C11"": 0.025394543857371207, ""C12"": 0.025394543857371207, ""C13"": 0.025394543857371207, ""C14"": 0.025394543857371207, ""C15"": 0.025394543857371207, ""C16"": 0.025394543857371207, ""C17"": 0.025394543857371207, ""C18"": 0.025394543857371207, ""C19"": 0.024494017785893205, ""C20"": 0.025394543857371207}"
90,90,1,477,2.795070,20,"{""C01"": 1.136329, ""C02"": 1.156124, ""C03"": 1.187012, ""C04"": 1.223871, ""C05"": 1.258773, ""C06"": 1.13379, ""C07"": 1.185046, ""C08"": 1.704515, ""C09"": 1.596365, ""C10"": 1.595586, ""C11"": 1.591953, ""C12"": 1.596579, ""C13"": 1.616696, ""C14"": 1.597898, ""C15"": 1.594528, ""C16"": 2.40696, ""C17"": 2.377397, ""C18"": 2.42396, ""C19"": 2.454156, ""C20"": 2.429757}","{""C01"": 0, ""C02"": 0, ""C03"": 0, ""C04"": 0, ""C05"": 0, ""C06"": 0, ""C07"": 0, ""C08"": 0, ""C09"": 0, ""C10"": 0, ""C11"": 0, ""C12"": 0, ""C13"": 0, ""C14"": 0, ""C15"": 0, ""C16"": 0, ""C17"": 0, ""C18"": 0, ""C19"": 1554, ""C20"": 0}","{""C01"": 0.025394446183462163, ""C02"": 0.025394446183462163, ""C03"": 0.025394446183462163, ""C04"": 0.025394446183462163, ""C05"": 0.025394446183462163, ""C06"": 0.025394446183462163, ""C07"": 0.025394446183462163, ""C08"": 0.025394446183462163, ""C09"": 0.025394446183462163, ""C10"": 0.025394446183462163, ""C11"": 0.025394446183462163, ""C12"": 0.025394446183462163, ""C13"": 0.025394446183462163, ""C14"": 0.025394446183462163, ""C15"": 0.025394446183462163, ""C16"": 0.025394446183462163, ""C17"": 0.025394446183462163, ""C18"": 0.025394446183462163, ""C19"": 0.024494500435183888, ""C20"": 0.025394446183462163}"
91,91,1,710,4.184683,20,"{""C01"": 1.134886, ""C02"": 1.158929, ""C03"": 1.192755, ""C04"": 1.229861, ""C05"": 1.262202, ""C06"": 1.132286, ""C07"": 1.190047, ""C08"": 1.703491, ""C09"": 1.590008, ""C10"": 1.586903, ""C11"": 1.585042, ""C12"": 1.594707, ""C13"": 1.620759, ""C14"": 1.59083, ""C15"": 1.587325, ""C16"": 2.417392, ""C17"": 2.388144, ""C18"": 2.429995, ""C19"": 2.452668, ""C20"": 2.435764}","{""C01"": 0, ""C02"": 0, ""C03"": 0, ""C04"": 0, ""C05"": 0, ""C06"": 0, ""C07"": 0, ""C08"": 0, ""C09"": 0, ""C10"": 0, ""C11"": 0, ""C12"": 0, ""C13"": 0, ""C14"": 0, ""C15"": 0, ""C16"": 0, ""C17"": 0, ""C18"": 0, ""C19"": 1555, ""C20"": 0}","{""C01"": 0.025394479414704255, ""C02"": 0.025394479414704255, ""C03"": 0.025394479414704255, ""C04"": 0.025394479414704255, ""C05"": 0.025394479414704255, ""C06"": 0.025394479414704255, ""C07"": 0.025394479414704255, ""C08"": 0.025394479414704255, ""C09"": 0.025394479414704255, ""C10"": 0.025394479414704255, ""C11"": 0.025394479414704255, ""C12"": 0.025394479414704255, ""C13"": 0.025394479414704255, ""C14"": 0.025394479414704255, ""C15"": 0.025394479414704255, ""C16"": 0.025394479414704255, ""C17"": 0.025394479414704255, ""C18"": 0.025394479414704255, ""C19"": 0.024493953400507307, ""C20"": 0.025394479414704255}"
92,92,1,1417,8.445476,20,"{""C01"": 1.134986, ""C02"": 1.163025, ""C03"": 1.19893, ""C04"": 1.235219, ""C05"": 1.264232, ""C06"": 1.132463, ""C07"": 1.195571, ""C08"": 1.700355, ""C09"": 1.582378, ""C10"": 1.578382, ""C11"": 1.579653, ""C12"": 1.594999, ""C13"": 1.626609, ""C14"": 1.582509, ""C15"": 1.581487, ""C16"": 2.428555, ""C17"": 2.39771, ""C18"": 2.43349, ""C19"": 2.448473, ""C20"": 2.439125}","{""C01"": 0, ""C02"": 0, ""C03"": 0, ""C04"": 0, ""C05"": 0, ""C06"": 0, ""C07"": 0, ""C08"": 0, ""C09"": 0, ""C10"": 0, ""C11"": 0, ""C12"": 0, ""C13"": 0, ""C14"": 0, ""C15"": 0, ""C16"": 0, ""C17"": 0, ""C18"": 0, ""C19"": 1556, ""C20"": 0}","{""C01"": 0.02539351365721844, ""C02"": 0.02539351365721844, ""C03"": 0.02539351365721844, ""C04"": 0.02539351365721844, ""C05"": 0.02539351365721844, ""C06"": 0.02539351365721844, ""C07"": 0.02539351365721844, ""C08"": 0.02539351365721844, ""C09"": 0.02539351365721844, ""C10"": 0.02539351365721844, ""C11"": 0.02539351365721844, ""C12"": 0.02539351365721844, ""C13"": 0.02539351365721844, ""C14"": 0.02539351365721844, ""C15"": 0.02539351365721844, ""C16"": 0.02539351365721844, ""C17"": 0.02539351365721844, ""C18"": 0.02539351365721844, ""C19"": 0.02449240826595464, ""C20"": 0.02539351365721844}"
93,93,1,157,0.954219,20,"{""C01"": 1.136624, ""C02"": 1.16816, ""C03"": 1.205154, ""C04"": 1.239614, ""C05"": 1.264738, ""C06"": 1.134311, ""C07"": 1.201268, ""C08"": 1.695302, ""C09"": 1.573949, ""C10"": 1.570555, ""C11"": 1.576122, ""C12"": 1.597439, ""C13"": 1.633885, ""C14"": 1.573428, ""C15"": 1.577369, ""C16"": 2.43976, ""C17"": 2.405504, ""C18"": 2.434232, ""C19"": 2.441838, ""C20"": 2.439629}","{""C01"": 0, ""C02"": 0, ""C03"": 0, ""C04"": 0, ""C05"": 0, ""C06"": 0, ""C07"": 0, ""C08"": 0, ""C09"": 0, ""C10"": 0, ""C11"": 0, ""C12"": 0, ""C13"": 0, ""C14"": 0, ""C15"": 0, ""C16"": 413, ""C17"": 0, ""C18"": 292, ""C19"": 440, ""C20"": 413}","{""C01"": 0.025391272407386464, ""C02"": 0.025391272407386464, ""C03"": 0.025391272407386464, ""C04"": 0.025391272407386464, ""C05"": 0.025391272407386464, ""C06"": 0.025391272407386464, ""C07"": 0.025391272407386464, ""C08"": 0.025391272407386464, ""C09"": 0.025391272407386464, ""C10"": 0.025391272407386464, ""C11"": 0.025391272407386464, ""C12"": 0.025391272407386464, ""C13"": 0.025391272407386464, ""C14"": 0.025391272407386464, ""C15"": 0.025391272407386464, ""C16"": 0.025152099196226026, ""C17"": 0.025391272407386464, ""C18"": 0.025222169899367874, ""C19"": 0.02513646448528898, ""C20"": 0.025152099102932694}"
94,94,1,899,5.231906,20,"{""C01"": 1.1397, ""C02"": 1.174015, ""C03"": 1.211043, ""C04"": 1.242774, ""C05"": 1.263691, ""C06"": 1.137724, ""C07"": 1.206781, ""C08"": 1.688651, ""C09"": 1.565249, ""C10"": 1.563911, ""C11"": 1.574672, ""C12"": 1.601877, ""C13"": 1.642137, ""C14"": 1.564134, ""C15"": 1.57522, ""C16"": 2.450311, ""C17"": 2.411046, ""C18"": 2.432179, ""C19"": 2.433178, ""C20"": 2.437239}","{""C01"": 0, ""C02"": 0, ""C03"": 0, ""C04"": 0, ""C05"": 0, ""C06"": 0, ""C07"": 0, ""C08"": 0, ""C09"": 0, ""C10"": 0, ""C11"": 0, ""C12"": 0, ""C13"": 0, ""C14"": 0, ""C15"": 0, ""C16"": 1555, ""C17"": 0, ""C18"": 0, ""C19"": 0, ""C20"": 0}","{""C01"": 0.025393610808824907, ""C02"": 0.025393610808824907, ""C03"": 0.025393610808824907, ""C04"": 0.025393610808824907, ""C05"": 0.025393610808824907, ""C06"": 0.025393610808824907, ""C07"": 0.025393610808824907, ""C08"": 0.025393610808824907, ""C09"": 0.025393610808824907, ""C10"": 0.025393610808824907, ""C11"": 0.025393610808824907, ""C12"": 0.025393610808824907, ""C13"": 0.025393610808824907, ""C14"": 0.025393610808824907, ""C15"": 0.025393610808824907, ""C16"": 0.024493085566687334, ""C17"": 0.025393610808824907, ""C18"": 0.025393610808824907, ""C19"": 0.025393610808824907, ""C20"": 0.025393610808824907}"
95,95,1,436,2.538104,20,"{""C01"": 1.144024, ""C02"": 1.180228, ""C03"": 1.21623, ""C04"": 1.244503, ""C05"": 1.261156, ""C06"": 1.142499, ""C07"": 1.211765, ""C08"": 1.680815, ""C09"": 1.55682, ""C10"": 1.558864, ""C11"": 1.575393, ""C12"": 1.608038, ""C13"": 1.650853, ""C14"": 1.555187, ""C15"": 1.575161, ""C16"": 2.459558, ""C17"": 2.413993, ""C18"": 2.42746, ""C19"": 2.423034, ""C20"": 2.432091}","{""C01"": 0, ""C02"": 0, ""C03"": 0, ""C04"": 0, ""C05"": 0, ""C06"": 0, ""C07"": 0, ""C08"": 0, ""C09"": 0, ""C10"": 0, ""C11"": 0, ""C12"": 0, ""C13"": 0, ""C14"": 0, ""C15"": 0, ""C16"": 1553, ""C17"": 0, ""C18"": 0, ""C19"": 0, ""C20"": 0}","{""C01"": 0.025395850255063565, ""C02"": 0.025395850255063565, ""C03"": 0.025395850255063565, ""C04"": 0.025395850255063565, ""C05"": 0.025395850255063565, ""C06"": 0.025395850255063565, ""C07"": 0.025395850255063565, ""C08"": 0.025395850255063565, ""C09"": 0.025395850255063565, ""C10"": 0.025395850255063565, ""C11"": 0.025395850255063565, ""C12"": 0.025395850255063565, ""C13"": 0.025395850255063565, ""C14"": 0.025395850255063565, ""C15"": 0.025395850255063565, ""C16"": 0.024496483494927328, ""C17"": 0.025395850255063565, ""C18"": 0.025395850255063565, ""C19"": 0.025395850255063565, ""C20"": 0.025395850255063565}"
96,96,1,294,1.688063,20,"{""C01"": 1.149327, ""C02"": 1.186413, ""C03"": 1.220394, ""C04"": 1.244694, ""C05"": 1.257292, ""C06"": 1.148351, ""C07"": 1.215908, ""C08"": 1.672284, ""C09"": 1.549187, ""C10"": 1.555731, ""C11"": 1.578243, ""C12"": 1.615543, ""C13"": 1.659494, ""C14"": 1.547126, ""C15"": 1.577184, ""C16"": 2.466927, ""C17"": 2.414165, ""C18"": 2.420373, ""C19"": 2.41204, ""C20"": 2.424494}","{""C01"": 0, ""C02"": 0, ""C03"": 0, ""C04"": 0, ""C05"": 0, ""C06"": 0, ""C07"": 0, ""C08"": 0, ""C09"": 0, ""C10"": 0, ""C11"": 0, ""C12"": 0, ""C13"": 0, ""C14"": 0, ""C15"": 0, ""C16"": 1552, ""C17"": 0, ""C18"": 0, ""C19"": 0, ""C20"": 0}","{""C01"": 0.025397967916923433, ""C02"": 0.025397967916923433, ""C03"": 0.025397967916923433, ""C04"": 0.025397967916923433, ""C05"": 0.025397967916923433, ""C06"": 0.025397967916923433, ""C07"": 0.025397967916923433, ""C08"": 0.025397967916923433, ""C09"": 0.025397967916923433, ""C10"": 0.025397967916923433, ""C11"": 0.025397967916923433, ""C12"": 0.025397967916923433, ""C13"": 0.025397967916923433, ""C14"": 0.025397967916923433, ""C15"": 0.025397967916923433, ""C16"": 0.024499179509076156, ""C17"": 0.025397967916923433, ""C18"": 0.025397967916923433, ""C19"": 0.025397967916923433, ""C20"": 0.025397967916923433}"
97,97,1,221,1.285116,20,"{""C01"": 1.155281, ""C02"": 1.192186, ""C03"": 1.223278, ""C04"": 1.243338, ""C05"": 1.25234, ""C06"": 1.154933, ""C07"": 1.218954, ""C08"": 1.663589, ""C09"": 1.542827, ""C10"": 1.554707, ""C11"": 1.583047, ""C12"": 1.623925, ""C13"": 1.667523, ""C14"": 1.54044, ""C15"": 1.581151, ""C16"": 2.471964, ""C17"": 2.411554, ""C18"": 2.411361, ""C19"": 2.400882, ""C20"": 2.414902}","{""C01"": 0, ""C02"": 0, ""C03"": 0, ""C04"": 0, ""C05"": 0, ""C06"": 0, ""C07"": 0, ""C08"": 0, ""C09"": 0, ""C10"": 0, ""C11"": 0, ""C12"": 0, ""C13"": 0, ""C14"": 0, ""C15"": 0, ""C16"": 1551, ""C17"": 0, ""C18"": 0, ""C19"": 0, ""C20"": 0}","{""C01"": 0.025399225441613896, ""C02"": 0.025399225441613896, ""C03"": 0.025399225441613896, ""C04"": 0.025399225441613896, ""C05"": 0.025399225441613896, ""C06"": 0.025399225441613896, ""C07"": 0.025399225441613896, ""C08"": 0.025399225441613896, ""C09"": 0.025399225441613896, ""C10"": 0.025399225441613896, ""C11"": 0.025399225441613896, ""C12"": 0.025399225441613896, ""C13"": 0.025399225441613896, ""C14"": 0.025399225441613896, ""C15"": 0.025399225441613896, ""C16"": 0.02450101615158443, ""C17"": 0.025399225441613896, ""C18"": 0.025399225441613896, ""C19"": 0.025399225441613896, ""C20"": 0.025399225441613896}"
98,98,1,190,1.112968,20,"{""C01"": 1.161516, ""C02"": 1.19719, ""C03"": 1.224702, ""C04"": 1.240519, ""C05"": 1.246609, ""C06"": 1.161851, ""C07"": 1.220716, ""C08"": 1.655274, ""C09"": 1.538137, ""C10"": 1.555857, ""C11"": 1.589506, ""C12"": 1.632666, ""C13"": 1.674442, ""C14"": 1.535537, ""C15"": 1.586798, ""C16"": 2.474357, ""C17"": 2.406325, ""C18"": 2.400987, ""C19"": 2.390258, ""C20"": 2.403891}","{""C01"": 0, ""C02"": 0, ""C03"": 0, ""C04"": 0, ""C05"": 0, ""C06"": 0, ""C07"": 0, ""C08"": 0, ""C09"": 0, ""C10"": 0, ""C11"": 0, ""C12"": 0, ""C13"": 0, ""C14"": 0, ""C15"": 0, ""C16"": 1550, ""C17"": 0, ""C18"": 0, ""C19"": 0, ""C20"": 0}","{""C01"": 0.02539951612573313, ""C02"": 0.02539951612573313, ""C03"": 0.02539951612573313, ""C04"": 0.02539951612573313, ""C05"": 0.02539951612573313, ""C06"": 0.02539951612573313, ""C07"": 0.02539951612573313, ""C08"": 0.02539951612573313, ""C09"": 0.02539951612573313, ""C10"": 0.02539951612573313, ""C11"": 0.02539951612573313, ""C12"": 0.02539951612573313, ""C13"": 0.02539951612573313, ""C14"": 0.02539951612573313, ""C15"": 0.02539951612573313, ""C16"": 0.024501886815837856, ""C17"": 0.02539951612573313, ""C18"": 0.02539951612573313, ""C19"": 0.02539951612573313, ""C20"": 0.02539951612573313}"
99,99,1,173,0.987078,20,"{""C01"": 1.167646, ""C02"": 1.201114, ""C03"": 1.22458, ""C04"": 1.236413, ""C05"": 1.240455, ""C06"": 1.168696, ""C07"": 1.221089, ""C08"": 1.647856, ""C09"": 1.53541, ""C10"": 1.559112, ""C11"": 1.597222, ""C12"": 1.641222, ""C13"": 1.679824, ""C14"": 1.532715, ""C15"": 1.593765, ""C16"": 2.47396, ""C17"": 2.398806, ""C18"": 2.389897, ""C19"": 2.380828, ""C20"": 2.392122}","{""C01"": 0, ""C02"": 0, ""C03"": 0, ""C04"": 0, ""C05"": 0, ""C06"": 0, ""C07"": 0, ""C08"": 0, ""C09"": 0, ""C10"": 0, ""C11"": 0, ""C12"": 0, ""C13"": 0, ""C14"": 0, ""C15"": 0, ""C16"": 1550, ""C17"": 0, ""C18"": 0, ""C19"": 0, ""C20"": 0}","{""C01"": 0.02539937156276774, ""C02"": 0.02539937156276774, ""C03"": 0.02539937156276774, ""C04"": 0.02539937156276774, ""C05"": 0.02539937156276774, ""C06"": 0.02539937156276774, ""C07"": 0.02539937156276774, ""C08"": 0.02539937156276774, ""C09"": 0.02539937156276774, ""C10"": 0.02539937156276774, ""C11"": 0.02539937156276774, ""C12"": 0.02539937156276774, ""C13"": 0.02539937156276774, ""C14"": 0.02539937156276774, ""C15"": 0.02539937156276774, ""C16"": 0.024501742381813532, ""C17"": 0.02539937156276774, ""C18"": 0.02539937156276774, ""C19"": 0.02539937156276774, ""C20"": 0.02539937156276774}"
100,100,1,164,0.909999,20,"{""C01"": 1.173291, ""C02"": 1.203715, ""C03"": 1.222919, ""C04"": 1.231276, ""C05"": 1.234264, ""C06"": 1.175061, ""C07"": 1.220054, ""C08"": 1.641797, ""C09"": 1.534816, ""C10"": 1.56427, ""C11"": 1.605715, ""C12"": 1.649063, ""C13"": 1.683334, ""C14"": 1.532147, ""C15"": 1.601603, ""C16"": 2.4708, ""C17"": 2.389467, ""C18"": 2.378784, ""C19"": 2.373183, ""C20"": 2.380301}","{""C01"": 0, ""C02"": 0, ""C03"": 0, ""C04"": 0, ""C05"": 0, ""C06"": 0, ""C07"": 0, ""C08"": 0, ""C09"": 0, ""C10"": 0, ""C11"": 0, ""C12"": 0, ""C13"": 0, ""C14"": 0, ""C15"": 0, ""C16"": 1551, ""C17"": 0, ""C18"": 0, ""C19"": 0, ""C20"": 0}","{""C01"": 0.025398801014671846, ""C02"": 0.025398801014671846, ""C03"": 0.025398801014671846, ""C04"": 0.025398801014671846, ""C05"": 0.025398801014671846, ""C06"": 0.025398801014671846, ""C07"": 0.025398801014671846, ""C08"": 0.025398801014671846, ""C09"": 0.025398801014671846, ""C10"": 0.025398801014671846, ""C11"": 0.025398801014671846, ""C12"": 0.025398801014671846, ""C13"": 0.025398801014671846, ""C14"": 0.025398801014671846, ""C15"": 0.025398801014671846, ""C16"": 0.024500592102952887, ""C17"": 0.025398801014671846, ""C18"": 0.025398801014671846, ""C19"": 0.025398801014671846, ""C20"": 0.025398801014671846}"
