game_id,iter_idx,converged,rounds,duration_sec,player_count,quality_scores_json,final_datasizes_json,final_payoffs_json
1,0,1,1625,4.236285,10,"{""50051"": 1.0373056650520343, ""50053"": 1.0635440493817272, ""50055"": 1.0, ""50057"": 1.0, ""50059"": 1.0635440493817272, ""50061"": 1.2, ""50063"": 1.0640956655809906, ""50065"": 1.0918573243927197, ""50067"": 1.0635440493817272, ""50069"": 1.0515496906463464}","{""50051"": 0, ""50053"": 0, ""50055"": 0, ""50057"": 0, ""50059"": 0, ""50061"": 1947, ""50063"": 0, ""50065"": 0, ""50067"": 0, ""50069"": 0}","{""50051"": 0.024897687159174814, ""50053"": 0.024897687159174814, ""50055"": 0.024897687159174814, ""50057"": 0.024897687159174814, ""50059"": 0.024897687159174814, ""50061"": 0.023770725538288778, ""50063"": 0.024897687159174814, ""50065"": 0.024897687159174814, ""50067"": 0.024897687159174814, ""50069"": 0.024897687159174814}"
2,1,0,100000,195.329434,10,"{""50051"": 1.1042284320470852, ""50053"": 1.0635440493817272, ""50055"": 1.0, ""50057"": 1.0, ""50059"": 1.1363638475475066, ""50061"": 1.2728197981657794, ""50063"": 1.13691546374677, ""50065"": 1.2918573243927196, ""50067"": 1.1817622926409705, ""50069"": 1.1761472675525086}","{""50051"": 250, ""50053"": 207, ""50055"": 131, ""50057"": 131, ""50059"": 281, ""50061"": 492, ""50063"": 282, ""50065"": 543, ""50067"": 322, ""50069"": 317}","{""50051"": 0.02457249280704507, ""50053"": 0.024581289809896763, ""50055"": 0.024599836972486525, ""50057"": 0.024599836972486525, ""50059"": 0.024567293511912013, ""50061"": 0.02449686529454482, ""50063"": 0.024566816908067862, ""50065"": 0.024474311007579172, ""50067"": 0.02456093119064629, ""50069"": 0.024561565393794907}"
1,0,0,100000,198.063355,10,"{""50051"": 1.0373056650520343, ""50053"": 1.0635440493817272, ""50055"": 1.0, ""50057"": 1.0, ""50059"": 1.0635440493817272, ""50061"": 1.2, ""50063"": 1.0640956655809906, ""50065"": 1.0918573243927197, ""50067"": 1.0635440493817272, ""50069"": 1.0515496906463464}","{""50051"": 667, ""50053"": 676, ""50055"": 654, ""50057"": 654, ""50059"": 676, ""50061"": 710, ""50063"": 676, ""50065"": 683, ""50067"": 676, ""50069"": 672}","{""50051"": 0.02418010826527449, ""50053"": 0.024192574103132018, ""50055"": 0.02416160193956151, ""50057"": 0.02416160193956151, ""50059"": 0.024192574103132018, ""50061"": 0.024257664128332444, ""50063"": 0.024192858594294438, ""50065"": 0.0242064993172036, ""50067"": 0.024192574103132018, ""50069"": 0.02418694690169631}"
1,0,1,78,0.269796,10,"{""50051"": 1.0373056650520343, ""50053"": 1.0635440493817272, ""50055"": 1.0, ""50057"": 1.0, ""50059"": 1.0635440493817272, ""50061"": 1.2, ""50063"": 1.0640956655809906, ""50065"": 1.0918573243927197, ""50067"": 1.0635440493817272, ""50069"": 1.0515496906463464}","{""50051"": 0, ""50053"": 0, ""50055"": 0, ""50057"": 0, ""50059"": 0, ""50061"": 1945, ""50063"": 0, ""50065"": 0, ""50067"": 0, ""50069"": 0}","{""50051"": 0.024896525190811786, ""50053"": 0.024896525190811786, ""50055"": 0.024896525190811786, ""50057"": 0.024896525190811786, ""50059"": 0.024896525190811786, ""50061"": 0.023770725538288778, ""50063"": 0.024896525190811786, ""50065"": 0.024896525190811786, ""50067"": 0.024896525190811786, ""50069"": 0.024896525190811786}"
2,1,1,331,1.141423,10,"{""50051"": 1.1042284320470852, ""50053"": 1.0635440493817272, ""50055"": 1.0, ""50057"": 1.0, ""50059"": 1.1363638475475066, ""50061"": 1.2728197981657794, ""50063"": 1.13691546374677, ""50065"": 1.2918573243927196, ""50067"": 1.1817622926409705, ""50069"": 1.1761472675525086}","{""50051"": 0, ""50053"": 0, ""50055"": 0, ""50057"": 0, ""50059"": 0, ""50061"": 0, ""50063"": 0, ""50065"": 1901, ""50067"": 0, ""50069"": 0}","{""50051"": 0.024953362995294784, ""50053"": 0.024953362995294784, ""50055"": 0.024953362995294784, ""50057"": 0.024953362995294784, ""50059"": 0.024953362995294784, ""50061"": 0.024953362995294784, ""50063"": 0.024953362995294784, ""50065"": 0.023853044255323332, ""50067"": 0.024953362995294784, ""50069"": 0.024953362995294784}"
3,2,1,191,0.661889,10,"{""50051"": 1.2046477785601255, ""50053"": 1.2010318657251249, ""50055"": 1.0, ""50057"": 1.1374878163433977, ""50059"": 1.2756474282355723, ""50061"": 1.4695214520737616, ""50063"": 1.2951646514457789, ""50065"": 1.4293451407361173, ""50067"": 1.3817622926409705, ""50069"": 1.3439082131481952}","{""50051"": 0, ""50053"": 0, ""50055"": 0, ""50057"": 0, ""50059"": 0, ""50061"": 1825, ""50063"": 0, ""50065"": 0, ""50067"": 0, ""50069"": 0}","{""50051"": 0.02504869680297986, ""50053"": 0.02504869680297986, ""50055"": 0.02504869680297986, ""50057"": 0.02504869680297986, ""50059"": 0.02504869680297986, ""50061"": 0.023992393869732096, ""50063"": 0.02504869680297986, ""50065"": 0.02504869680297986, ""50067"": 0.02504869680297986, ""50069"": 0.02504869680297986}"
4,3,1,165,0.566068,10,"{""50051"": 1.3414645702405776, ""50053"": 1.337848657405577, ""50055"": 1.1368167916804521, ""50057"": 1.1374878163433977, ""50059"": 1.4159482758681903, ""50061"": 1.608510559828252, ""50063"": 1.413245715464205, ""50065"": 1.6041281893508503, ""50067"": 1.5817622926409705, ""50069"": 1.529471686891093}","{""50051"": 0, ""50053"": 0, ""50055"": 0, ""50057"": 0, ""50059"": 0, ""50061"": 978, ""50063"": 0, ""50065"": 797, ""50067"": 0, ""50069"": 0}","{""50051"": 0.025113493257199387, ""50053"": 0.025113493257199387, ""50055"": 0.025113493257199387, ""50057"": 0.025113493257199387, ""50059"": 0.025113493257199387, ""50061"": 0.0245477043003152, ""50063"": 0.025113493257199387, ""50065"": 0.02465193821598104, ""50067"": 0.02511292057473989, ""50069"": 0.025113493257199387}"
5,4,1,72,0.248378,10,"{""50051"": 1.3414645702405776, ""50053"": 1.337848657405577, ""50055"": 1.1691778876850816, ""50057"": 1.1374878163433977, ""50059"": 1.4483093718728197, ""50061"": 1.6350382318606584, ""50063"": 1.413245715464205, ""50065"": 1.6041281893508503, ""50067"": 1.7817622926409704, ""50069"": 1.5618327828957224}","{""50051"": 0, ""50053"": 0, ""50055"": 0, ""50057"": 0, ""50059"": 0, ""50061"": 0, ""50063"": 0, ""50065"": 0, ""50067"": 1718, ""50069"": 0}","{""50051"": 0.02518489943996062, ""50053"": 0.02518489943996062, ""50055"": 0.02518489943996062, ""50057"": 0.02518489943996062, ""50059"": 0.02518489943996062, ""50061"": 0.02518489943996062, ""50063"": 0.02518489943996062, ""50065"": 0.02518489943996062, ""50067"": 0.02419056248161362, ""50069"": 0.02518489943996062}"
6,5,1,94,0.323938,10,"{""50051"": 1.4477793364199782, ""50053"": 1.3390632484905698, ""50055"": 1.2697702577938648, ""50057"": 1.1389257283974066, ""50059"": 1.5504073392104505, ""50061"": 1.8350382318606584, ""50063"": 1.5375715118897788, ""50065"": 1.7047205594596335, ""50067"": 1.950517850320846, ""50069"": 1.6624251530045056}","{""50051"": 0, ""50053"": 0, ""50055"": 0, ""50057"": 0, ""50059"": 0, ""50061"": 0, ""50063"": 0, ""50065"": 0, ""50067"": 1670, ""50069"": 0}","{""50051"": 0.02524612897091777, ""50053"": 0.02524612897091777, ""50055"": 0.02524612897091777, ""50057"": 0.02524612897091777, ""50059"": 0.02524612897091777, ""50061"": 0.02524612897091777, ""50063"": 0.02524612897091777, ""50065"": 0.02524612897091777, ""50067"": 0.024279589023482137, ""50069"": 0.02524612897091777}"
7,6,1,49,0.168624,10,"{""50051"": 1.4970404971994338, ""50053"": 1.3390632484905698, ""50055"": 1.2697702577938648, ""50057"": 1.1749792695962968, ""50059"": 1.5504073392104505, ""50061"": 1.838151859473434, ""50063"": 1.5375715118897788, ""50065"": 1.7407741006585238, ""50067"": 2.150517850320846, ""50069"": 1.6984786942033958}","{""50051"": 0, ""50053"": 0, ""50055"": 0, ""50057"": 0, ""50059"": 0, ""50061"": 0, ""50063"": 0, ""50065"": 0, ""50067"": 1620, ""50069"": 0}","{""50051"": 0.025310411477067737, ""50053"": 0.025310411477067737, ""50055"": 0.025310411477067737, ""50057"": 0.025310411477067737, ""50059"": 0.025310411477067737, ""50061"": 0.025310411477067737, ""50063"": 0.025310411477067737, ""50065"": 0.025310411477067737, ""50067"": 0.0243728260227415, ""50069"": 0.025310411477067737}"
8,7,1,67,0.155357,10,"{""50051"": 1.6604806423498575, ""50053"": 1.3390632484905698, ""50055"": 1.288000910039961, ""50057"": 1.1749792695962968, ""50059"": 1.6429532325574334, ""50061"": 2.0381518594734342, ""50063"": 1.6531309454147065, ""50065"": 1.891365123165956, ""50067"": 2.243063743667829, ""50069"": 1.7910245875503787}","{""50051"": 0, ""50053"": 0, ""50055"": 0, ""50057"": 0, ""50059"": 0, ""50061"": 0, ""50063"": 0, ""50065"": 0, ""50067"": 1598, ""50069"": 0}","{""50051"": 0.025337037115245806, ""50053"": 0.025337037115245806, ""50055"": 0.025337037115245806, ""50057"": 0.025337037115245806, ""50059"": 0.025337037115245806, ""50061"": 0.025337037115245806, ""50063"": 0.025337037115245806, ""50065"": 0.025337037115245806, ""50067"": 0.02441219390580032, ""50069"": 0.025337037115245806}"
9,8,1,60,0.120512,10,"{""50051"": 1.8604806423498574, ""50053"": 1.3390632484905698, ""50055"": 1.288000910039961, ""50057"": 1.1749792695962968, ""50059"": 1.7144433560974515, ""50061"": 2.1096419830134523, ""50063"": 1.7246210689547246, ""50065"": 1.9954125583956994, ""50067"": 2.358563043018804, ""50069"": 1.8719087177497868}","{""50051"": 0, ""50053"": 0, ""50055"": 0, ""50057"": 0, ""50059"": 0, ""50061"": 0, ""50063"": 0, ""50065"": 0, ""50067"": 1572, ""50069"": 0}","{""50051"": 0.025368213290273625, ""50053"": 0.025368213290273625, ""50055"": 0.025368213290273625, ""50057"": 0.025368213290273625, ""50059"": 0.025368213290273625, ""50061"": 0.025368213290273625, ""50063"": 0.025368213290273625, ""50065"": 0.025368213290273625, ""50067"": 0.02445843008055364, ""50069"": 0.025368213290273625}"
10,9,1,96,0.194321,10,"{""50051"": 2.031798624036373, ""50053"": 1.3390632484905698, ""50055"": 1.288000910039961, ""50057"": 1.1749792695962968, ""50059"": 1.807428668354208, ""50061"": 2.3096419830134525, ""50063"": 1.8453902678950536, ""50065"": 2.088397870652456, ""50067"": 2.4515483552755604, ""50069"": 2.0307187229202386}","{""50051"": 0, ""50053"": 0, ""50055"": 0, ""50057"": 0, ""50059"": 0, ""50061"": 0, ""50063"": 0, ""50065"": 0, ""50067"": 1553, ""50069"": 0}","{""50051"": 0.02539232156551692, ""50053"": 0.02539232156551692, ""50055"": 0.02539232156551692, ""50057"": 0.02539232156551692, ""50059"": 0.02539232156551692, ""50061"": 0.02539232156551692, ""50063"": 0.02539232156551692, ""50065"": 0.02539232156551692, ""50067"": 0.024493541305807484, ""50069"": 0.02539232156551692}"
11,10,1,206,0.408876,10,"{""50051"": 2.1031923412580555, ""50053"": 1.3390632484905698, ""50055"": 1.288000910039961, ""50057"": 1.1749792695962968, ""50059"": 1.8900094627625543, ""50061"": 2.5096419830134526, ""50063"": 1.9167839851167363, ""50065"": 2.1861588874703197, ""50067"": 2.5709625646011296, ""50069"": 2.102112440141921}","{""50051"": 0, ""50053"": 0, ""50055"": 0, ""50057"": 0, ""50059"": 0, ""50061"": 0, ""50063"": 0, ""50065"": 0, ""50067"": 1530, ""50069"": 0}","{""50051"": 0.025421605348093332, ""50053"": 0.025421605348093332, ""50055"": 0.025421605348093332, ""50057"": 0.025421605348093332, ""50059"": 0.025421605348093332, ""50061"": 0.025421605348093332, ""50063"": 0.025421605348093332, ""50065"": 0.025421605348093332, ""50067"": 0.024536144192796646, ""50069"": 0.025421605348093332}"
12,11,1,145,0.292619,10,"{""50051"": 2.2200529524412436, ""50053"": 1.4559238596737578, ""50055"": 1.288000910039961, ""50057"": 1.1749792695962968, ""50059"": 2.048169824162254, ""50061"": 2.6743473537582587, ""50063"": 2.059110834954697, ""50065"": 2.3030194986535077, ""50067"": 2.7709625646011298, ""50069"": 2.2549441364417713}","{""50051"": 0, ""50053"": 0, ""50055"": 0, ""50057"": 0, ""50059"": 0, ""50061"": 0, ""50063"": 0, ""50065"": 0, ""50067"": 1494, ""50069"": 0}","{""50051"": 0.025466576510395564, ""50053"": 0.025466576510395564, ""50055"": 0.025466576510395564, ""50057"": 0.025466576510395564, ""50059"": 0.025466576510395564, ""50061"": 0.025466576510395564, ""50063"": 0.025466576510395564, ""50065"": 0.025466576510395564, ""50067"": 0.024601964066403904, ""50069"": 0.025466576510395564}"
13,12,1,194,0.382075,10,"{""50051"": 2.4200529524412437, ""50053"": 1.4559238596737578, ""50055"": 1.319597184232596, ""50057"": 1.1749792695962968, ""50059"": 2.0566264446665845, ""50061"": 2.7059436279508935, ""50063"": 2.059110834954697, ""50065"": 2.3030194986535077, ""50067"": 2.783679863445244, ""50069"": 2.286540410634406}","{""50051"": 0, ""50053"": 0, ""50055"": 0, ""50057"": 0, ""50059"": 0, ""50061"": 0, ""50063"": 0, ""50065"": 0, ""50067"": 1492, ""50069"": 0}","{""50051"": 0.02546939160264791, ""50053"": 0.02546939160264791, ""50055"": 0.02546939160264791, ""50057"": 0.02546939160264791, ""50059"": 0.02546939160264791, ""50061"": 0.02546939160264791, ""50063"": 0.02546939160264791, ""50065"": 0.02546939160264791, ""50067"": 0.024605936827610083, ""50069"": 0.02546939160264791}"
14,13,1,34,0.068689,10,"{""50051"": 2.568791121999255, ""50053"": 1.4559238596737578, ""50055"": 1.319597184232596, ""50057"": 1.2577240886411527, ""50059"": 2.0873330316060574, ""50061"": 2.9059436279508937, ""50063"": 2.123563486631751, ""50065"": 2.3857643176983636, ""50067"": 2.918996188584697, ""50069"": 2.369285229679262}","{""50051"": 0, ""50053"": 0, ""50055"": 0, ""50057"": 0, ""50059"": 0, ""50061"": 719, ""50063"": 0, ""50065"": 0, ""50067"": 753, ""50069"": 0}","{""50051"": 0.025496788074502535, ""50053"": 0.02549730102114378, ""50055"": 0.02549730102114378, ""50057"": 0.02549730102114378, ""50059"": 0.02549730102114378, ""50061"": 0.025080915661499083, ""50063"": 0.02549730102114378, ""50065"": 0.02549730102114378, ""50067"": 0.025061814754589597, ""50069"": 0.02549730102114378}"
15,14,1,135,0.269106,10,"{""50051"": 2.634635943348461, ""50053"": 1.4559238596737578, ""50055"": 1.3854420055818015, ""50057"": 1.2577240886411527, ""50059"": 2.176903977464694, ""50061"": 3.105943627950894, ""50063"": 2.157383049394084, ""50065"": 2.4471846155203365, ""50067"": 2.984841009933903, ""50069"": 2.4453881726807594}","{""50051"": 0, ""50053"": 0, ""50055"": 0, ""50057"": 0, ""50059"": 0, ""50061"": 1441, ""50063"": 0, ""50065"": 0, ""50067"": 0, ""50069"": 0}","{""50051"": 0.025533199653051397, ""50053"": 0.025533199653051397, ""50055"": 0.025533199653051397, ""50057"": 0.025533199653051397, ""50059"": 0.025533199653051397, ""50061"": 0.024699279766021116, ""50063"": 0.025533199653051397, ""50065"": 0.025533199653051397, ""50067"": 0.025533199653051397, ""50069"": 0.025533199653051397}"
16,15,1,78,0.154758,10,"{""50051"": 2.815058320131656, ""50053"": 1.4559238596737578, ""50055"": 1.3854420055818015, ""50057"": 1.2577240886411527, ""50059"": 2.2531619544401686, ""50061"": 3.305943627950894, ""50063"": 2.2196273331384715, ""50065"": 2.5234425924958113, ""50067"": 3.0610989869093777, ""50069"": 2.5365273509815003}","{""50051"": 0, ""50053"": 0, ""50055"": 0, ""50057"": 0, ""50059"": 0, ""50061"": 1413, ""50063"": 0, ""50065"": 0, ""50067"": 0, ""50069"": 0}","{""50051"": 0.025568729069482488, ""50053"": 0.025568729069482488, ""50055"": 0.025568729069482488, ""50057"": 0.025568729069482488, ""50059"": 0.025568729069482488, ""50061"": 0.024751023646943694, ""50063"": 0.025568729069482488, ""50065"": 0.025568729069482488, ""50067"": 0.025568729069482488, ""50069"": 0.025568729069482488}"
17,16,1,87,0.170599,10,"{""50051"": 2.92987821840138, ""50053"": 1.570743757943482, ""50055"": 1.3854420055818015, ""50057"": 1.3725439869108769, ""50059"": 2.3340425573870585, ""50061"": 3.491218799473557, ""50063"": 2.3145946776097674, ""50065"": 2.6161666925574045, ""50067"": 3.261098986909378, ""50069"": 2.686419419867127}","{""50051"": 0, ""50053"": 0, ""50055"": 0, ""50057"": 0, ""50059"": 0, ""50061"": 1389, ""50063"": 0, ""50065"": 0, ""50067"": 0, ""50069"": 0}","{""50051"": 0.025599213228336568, ""50053"": 0.025599213228336568, ""50055"": 0.025599213228336568, ""50057"": 0.025599213228336568, ""50059"": 0.025599213228336568, ""50061"": 0.024795405763375952, ""50063"": 0.025599213228336568, ""50065"": 0.025599213228336568, ""50067"": 0.025599213228336568, ""50069"": 0.025599213228336568}"
18,17,1,87,0.171053,10,"{""50051"": 2.92987821840138, ""50053"": 1.570743757943482, ""50055"": 1.3854420055818015, ""50057"": 1.3725439869108769, ""50059"": 2.3340425573870585, ""50061"": 3.491218799473557, ""50063"": 2.3145946776097674, ""50065"": 2.6161666925574045, ""50067"": 3.261098986909378, ""50069"": 2.686419419867127}","{""50051"": 0, ""50053"": 0, ""50055"": 0, ""50057"": 0, ""50059"": 0, ""50061"": 1389, ""50063"": 0, ""50065"": 0, ""50067"": 0, ""50069"": 0}","{""50051"": 0.025599213228336568, ""50053"": 0.025599213228336568, ""50055"": 0.025599213228336568, ""50057"": 0.025599213228336568, ""50059"": 0.025599213228336568, ""50061"": 0.024795405763375952, ""50063"": 0.025599213228336568, ""50065"": 0.025599213228336568, ""50067"": 0.025599213228336568, ""50069"": 0.025599213228336568}"
19,18,1,87,0.172227,10,"{""50051"": 2.92987821840138, ""50053"": 1.570743757943482, ""50055"": 1.3854420055818015, ""50057"": 1.3725439869108769, ""50059"": 2.3340425573870585, ""50061"": 3.491218799473557, ""50063"": 2.3145946776097674, ""50065"": 2.6161666925574045, ""50067"": 3.261098986909378, ""50069"": 2.686419419867127}","{""50051"": 0, ""50053"": 0, ""50055"": 0, ""50057"": 0, ""50059"": 0, ""50061"": 1389, ""50063"": 0, ""50065"": 0, ""50067"": 0, ""50069"": 0}","{""50051"": 0.025599213228336568, ""50053"": 0.025599213228336568, ""50055"": 0.025599213228336568, ""50057"": 0.025599213228336568, ""50059"": 0.025599213228336568, ""50061"": 0.024795405763375952, ""50063"": 0.025599213228336568, ""50065"": 0.025599213228336568, ""50067"": 0.025599213228336568, ""50069"": 0.025599213228336568}"
20,19,1,75,0.146627,10,"{""50051"": 3.1298782184013803, ""50053"": 1.629671526848106, ""50055"": 1.3854420055818015, ""50057"": 1.4314717558155008, ""50059"": 2.3690422544055854, ""50061"": 3.58351011029781, ""50063"": 2.373522446514391, ""50065"": 2.652807009963902, ""50067"": 3.3050792326822016, ""50069"": 2.6910022311773933}","{""50051"": 0, ""50053"": 0, ""50055"": 0, ""50057"": 0, ""50059"": 0, ""50061"": 1377, ""50063"": 0, ""50065"": 0, ""50067"": 0, ""50069"": 0}","{""50051"": 0.02561322821341787, ""50053"": 0.02561322821341787, ""50055"": 0.02561322821341787, ""50057"": 0.02561322821341787, ""50059"": 0.02561322821341787, ""50061"": 0.024816371761594885, ""50063"": 0.02561322821341787, ""50065"": 0.02561322821341787, ""50067"": 0.02561322821341787, ""50069"": 0.02561322821341787}"
21,20,1,75,0.150523,10,"{""50051"": 3.3298782184013804, ""50053"": 1.6582429554195344, ""50055"": 1.3854420055818015, ""50057"": 1.4314717558155008, ""50059"": 2.3690422544055854, ""50061"": 3.6120815388692384, ""50063"": 2.373522446514391, ""50065"": 2.6813784385353303, ""50067"": 3.3050792326822016, ""50069"": 2.6910022311773933}","{""50051"": 0, ""50053"": 0, ""50055"": 0, ""50057"": 0, ""50059"": 0, ""50061"": 1373, ""50063"": 0, ""50065"": 0, ""50067"": 0, ""50069"": 0}","{""50051"": 0.025617256666511184, ""50053"": 0.025617256666511184, ""50055"": 0.025617256666511184, ""50057"": 0.025617256666511184, ""50059"": 0.025617256666511184, ""50061"": 0.02482271881190862, ""50063"": 0.025617256666511184, ""50065"": 0.025617256666511184, ""50067"": 0.025617256666511184, ""50069"": 0.025617256666511184}"
22,21,1,56,0.109825,10,"{""50051"": 3.3799858745963864, ""50053"": 1.6582429554195344, ""50055"": 1.3854420055818015, ""50057"": 1.4314717558155008, ""50059"": 2.4191499106005914, ""50061"": 3.8120815388692386, ""50063"": 2.423630102709397, ""50065"": 2.728827720704401, ""50067"": 3.3616174971433166, ""50069"": 2.737768277912248}","{""50051"": 0, ""50053"": 0, ""50055"": 0, ""50057"": 0, ""50059"": 0, ""50061"": 1350, ""50063"": 0, ""50065"": 0, ""50067"": 0, ""50069"": 0}","{""50051"": 0.02564658801164399, ""50053"": 0.02564658801164399, ""50055"": 0.02564658801164399, ""50057"": 0.02564658801164399, ""50059"": 0.02564658801164399, ""50061"": 0.024865368235784276, ""50063"": 0.02564658801164399, ""50065"": 0.02564658801164399, ""50067"": 0.02564658801164399, ""50069"": 0.02564658801164399}"
23,22,1,86,0.168914,10,"{""50051"": 3.5799858745963866, ""50053"": 1.6582429554195344, ""50055"": 1.3854420055818015, ""50057"": 1.4314717558155008, ""50059"": 2.4191499106005914, ""50061"": 3.830733028453868, ""50063"": 2.4548660297929157, ""50065"": 2.7600636477879195, ""50067"": 3.392853424226835, ""50069"": 2.737768277912248}","{""50051"": 0, ""50053"": 0, ""50055"": 0, ""50057"": 0, ""50059"": 0, ""50061"": 1348, ""50063"": 0, ""50065"": 0, ""50067"": 0, ""50069"": 0}","{""50051"": 0.025649256825355723, ""50053"": 0.025649256825355723, ""50055"": 0.025649256825355723, ""50057"": 0.025649256825355723, ""50059"": 0.025649256825355723, ""50061"": 0.02486919497739059, ""50063"": 0.025649256825355723, ""50065"": 0.025649256825355723, ""50067"": 0.025649256825355723, ""50069"": 0.025649256825355723}"
24,23,1,239,0.476664,10,"{""50051"": 3.779985874596387, ""50053"": 1.6868143839909628, ""50055"": 1.3854420055818015, ""50057"": 1.4314717558155008, ""50059"": 2.4191499106005914, ""50061"": 3.8593044570252966, ""50063"": 2.483437458364344, ""50065"": 2.7600636477879195, ""50067"": 3.392853424226835, ""50069"": 2.737768277912248}","{""50051"": 0, ""50053"": 0, ""50055"": 0, ""50057"": 0, ""50059"": 0, ""50061"": 1345, ""50063"": 0, ""50065"": 0, ""50067"": 0, ""50069"": 0}","{""50051"": 0.025653334706636208, ""50053"": 0.025653334706636208, ""50055"": 0.025653334706636208, ""50057"": 0.025653334706636208, ""50059"": 0.025653334706636208, ""50061"": 0.02487500961840676, ""50063"": 0.025653334706636208, ""50065"": 0.025653334706636208, ""50067"": 0.025653334706636208, ""50069"": 0.025653334706636208}"
25,24,1,239,0.476568,10,"{""50051"": 3.779985874596387, ""50053"": 1.6868143839909628, ""50055"": 1.3854420055818015, ""50057"": 1.4314717558155008, ""50059"": 2.4191499106005914, ""50061"": 3.8593044570252966, ""50063"": 2.483437458364344, ""50065"": 2.7600636477879195, ""50067"": 3.392853424226835, ""50069"": 2.737768277912248}","{""50051"": 0, ""50053"": 0, ""50055"": 0, ""50057"": 0, ""50059"": 0, ""50061"": 1345, ""50063"": 0, ""50065"": 0, ""50067"": 0, ""50069"": 0}","{""50051"": 0.025653334706636208, ""50053"": 0.025653334706636208, ""50055"": 0.025653334706636208, ""50057"": 0.025653334706636208, ""50059"": 0.025653334706636208, ""50061"": 0.02487500961840676, ""50063"": 0.025653334706636208, ""50065"": 0.025653334706636208, ""50067"": 0.025653334706636208, ""50069"": 0.025653334706636208}"
26,25,1,230,0.453756,10,"{""50051"": 3.979985874596387, ""50053"": 1.6868143839909628, ""50055"": 1.3854420055818015, ""50057"": 1.4600431843869293, ""50059"": 2.4191499106005914, ""50061"": 3.887875885596725, ""50063"": 2.483437458364344, ""50065"": 2.7600636477879195, ""50067"": 3.392853424226835, ""50069"": 2.7663397064836763}","{""50051"": 1332, ""50053"": 0, ""50055"": 0, ""50057"": 0, ""50059"": 0, ""50061"": 0, ""50063"": 0, ""50065"": 0, ""50067"": 0, ""50069"": 0}","{""50051"": 0.024898957625411618, ""50053"": 0.025669754611160556, ""50055"": 0.025669754611160556, ""50057"": 0.025669754611160556, ""50059"": 0.025669754611160556, ""50061"": 0.025669754611160556, ""50063"": 0.025669754611160556, ""50065"": 0.025669754611160556, ""50067"": 0.025669754611160556, ""50069"": 0.025669754611160556}"
27,26,1,230,0.452622,10,"{""50051"": 3.979985874596387, ""50053"": 1.6868143839909628, ""50055"": 1.3854420055818015, ""50057"": 1.4600431843869293, ""50059"": 2.4191499106005914, ""50061"": 3.887875885596725, ""50063"": 2.483437458364344, ""50065"": 2.7600636477879195, ""50067"": 3.392853424226835, ""50069"": 2.7663397064836763}","{""50051"": 1332, ""50053"": 0, ""50055"": 0, ""50057"": 0, ""50059"": 0, ""50061"": 0, ""50063"": 0, ""50065"": 0, ""50067"": 0, ""50069"": 0}","{""50051"": 0.024898957625411618, ""50053"": 0.025669754611160556, ""50055"": 0.025669754611160556, ""50057"": 0.025669754611160556, ""50059"": 0.025669754611160556, ""50061"": 0.025669754611160556, ""50063"": 0.025669754611160556, ""50065"": 0.025669754611160556, ""50067"": 0.025669754611160556, ""50069"": 0.025669754611160556}"
28,27,1,83,0.162129,10,"{""50051"": 4.179985874596387, ""50053"": 1.7153858125623913, ""50055"": 1.41401343415323, ""50057"": 1.4600431843869293, ""50059"": 2.4191499106005914, ""50061"": 3.887875885596725, ""50063"": 2.5120088869357726, ""50065"": 2.7600636477879195, ""50067"": 3.392853424226835, ""50069"": 2.7663397064836763}","{""50051"": 1311, ""50053"": 0, ""50055"": 0, ""50057"": 0, ""50059"": 0, ""50061"": 0, ""50063"": 0, ""50065"": 0, ""50067"": 0, ""50069"": 0}","{""50051"": 0.024936608889164418, ""50053"": 0.02569524331384221, ""50055"": 0.02569524331384221, ""50057"": 0.02569524331384221, ""50059"": 0.02569524331384221, ""50061"": 0.02569524331384221, ""50063"": 0.02569524331384221, ""50065"": 0.02569524331384221, ""50067"": 0.02569524331384221, ""50069"": 0.02569524331384221}"
29,28,1,83,0.164490,10,"{""50051"": 4.179985874596387, ""50053"": 1.7153858125623913, ""50055"": 1.41401343415323, ""50057"": 1.4600431843869293, ""50059"": 2.4191499106005914, ""50061"": 3.887875885596725, ""50063"": 2.5120088869357726, ""50065"": 2.7600636477879195, ""50067"": 3.392853424226835, ""50069"": 2.7663397064836763}","{""50051"": 1311, ""50053"": 0, ""50055"": 0, ""50057"": 0, ""50059"": 0, ""50061"": 0, ""50063"": 0, ""50065"": 0, ""50067"": 0, ""50069"": 0}","{""50051"": 0.024936608889164418, ""50053"": 0.02569524331384221, ""50055"": 0.02569524331384221, ""50057"": 0.02569524331384221, ""50059"": 0.02569524331384221, ""50061"": 0.02569524331384221, ""50063"": 0.02569524331384221, ""50065"": 0.02569524331384221, ""50067"": 0.02569524331384221, ""50069"": 0.02569524331384221}"
30,29,1,83,0.163848,10,"{""50051"": 4.179985874596387, ""50053"": 1.7153858125623913, ""50055"": 1.41401343415323, ""50057"": 1.4600431843869293, ""50059"": 2.4191499106005914, ""50061"": 3.887875885596725, ""50063"": 2.5120088869357726, ""50065"": 2.7600636477879195, ""50067"": 3.392853424226835, ""50069"": 2.7663397064836763}","{""50051"": 1311, ""50053"": 0, ""50055"": 0, ""50057"": 0, ""50059"": 0, ""50061"": 0, ""50063"": 0, ""50065"": 0, ""50067"": 0, ""50069"": 0}","{""50051"": 0.024936608889164418, ""50053"": 0.02569524331384221, ""50055"": 0.02569524331384221, ""50057"": 0.02569524331384221, ""50059"": 0.02569524331384221, ""50061"": 0.02569524331384221, ""50063"": 0.02569524331384221, ""50065"": 0.02569524331384221, ""50067"": 0.02569524331384221, ""50069"": 0.02569524331384221}"
31,30,1,83,0.166083,10,"{""50051"": 4.179985874596387, ""50053"": 1.7153858125623913, ""50055"": 1.41401343415323, ""50057"": 1.4600431843869293, ""50059"": 2.4191499106005914, ""50061"": 3.887875885596725, ""50063"": 2.5120088869357726, ""50065"": 2.7600636477879195, ""50067"": 3.392853424226835, ""50069"": 2.7663397064836763}","{""50051"": 1311, ""50053"": 0, ""50055"": 0, ""50057"": 0, ""50059"": 0, ""50061"": 0, ""50063"": 0, ""50065"": 0, ""50067"": 0, ""50069"": 0}","{""50051"": 0.024936608889164418, ""50053"": 0.02569524331384221, ""50055"": 0.02569524331384221, ""50057"": 0.02569524331384221, ""50059"": 0.02569524331384221, ""50061"": 0.02569524331384221, ""50063"": 0.02569524331384221, ""50065"": 0.02569524331384221, ""50067"": 0.02569524331384221, ""50069"": 0.02569524331384221}"
32,31,1,59,0.117225,10,"{""50051"": 4.379985874596387, ""50053"": 1.7153858125623913, ""50055"": 1.41401343415323, ""50057"": 1.4600431843869293, ""50059"": 2.4191499106005914, ""50061"": 3.9164473141681535, ""50063"": 2.540580315507201, ""50065"": 2.7600636477879195, ""50067"": 3.4214248527982636, ""50069"": 2.7663397064836763}","{""50051"": 1291, ""50053"": 0, ""50055"": 0, ""50057"": 0, ""50059"": 0, ""50061"": 0, ""50063"": 0, ""50065"": 0, ""50067"": 0, ""50069"": 0}","{""50051"": 0.024971956686361377, ""50053"": 0.025719006322217366, ""50055"": 0.025719006322217366, ""50057"": 0.025719006322217366, ""50059"": 0.025719006322217366, ""50061"": 0.025719006322217366, ""50063"": 0.025719006322217366, ""50065"": 0.025719006322217366, ""50067"": 0.025719006322217366, ""50069"": 0.025719006322217366}"
33,32,1,49,0.096710,10,"{""50051"": 4.579985874596387, ""50053"": 1.7153858125623913, ""50055"": 1.41401343415323, ""50057"": 1.492192844982392, ""50059"": 2.4191499106005914, ""50061"": 3.9414949383363935, ""50063"": 2.572729976102664, ""50065"": 2.7600636477879195, ""50067"": 3.4535745133937263, ""50069"": 2.7663397064836763}","{""50051"": 1273, ""50053"": 0, ""50055"": 0, ""50057"": 0, ""50059"": 0, ""50061"": 0, ""50063"": 0, ""50065"": 0, ""50067"": 0, ""50069"": 0}","{""50051"": 0.025005236892421744, ""50053"": 0.02574186383530394, ""50055"": 0.02574186383530394, ""50057"": 0.02574186383530394, ""50059"": 0.02574186383530394, ""50061"": 0.02574186383530394, ""50063"": 0.02574186383530394, ""50065"": 0.02574186383530394, ""50067"": 0.02574186383530394, ""50069"": 0.02574186383530394}"
34,33,1,42,0.083271,10,"{""50051"": 4.779985874596387, ""50053"": 1.7439572411338198, ""50055"": 1.41401343415323, ""50057"": 1.492192844982392, ""50059"": 2.4191499106005914, ""50061"": 3.9414949383363935, ""50063"": 2.572729976102664, ""50065"": 2.788635076359348, ""50067"": 3.482145941965155, ""50069"": 2.7663397064836763}","{""50051"": 1255, ""50053"": 0, ""50055"": 0, ""50057"": 0, ""50059"": 0, ""50061"": 0, ""50063"": 0, ""50065"": 0, ""50067"": 0, ""50069"": 0}","{""50051"": 0.025036653556442006, ""50053"": 0.02576285317164334, ""50055"": 0.02576285317164334, ""50057"": 0.02576285317164334, ""50059"": 0.02576285317164334, ""50061"": 0.02576285317164334, ""50063"": 0.02576285317164334, ""50065"": 0.02576285317164334, ""50067"": 0.02576285317164334, ""50069"": 0.02576285317164334}"
35,34,1,42,0.085008,10,"{""50051"": 4.779985874596387, ""50053"": 1.7439572411338198, ""50055"": 1.41401343415323, ""50057"": 1.492192844982392, ""50059"": 2.4191499106005914, ""50061"": 3.9414949383363935, ""50063"": 2.572729976102664, ""50065"": 2.788635076359348, ""50067"": 3.482145941965155, ""50069"": 2.7663397064836763}","{""50051"": 1255, ""50053"": 0, ""50055"": 0, ""50057"": 0, ""50059"": 0, ""50061"": 0, ""50063"": 0, ""50065"": 0, ""50067"": 0, ""50069"": 0}","{""50051"": 0.025036653556442006, ""50053"": 0.02576285317164334, ""50055"": 0.02576285317164334, ""50057"": 0.02576285317164334, ""50059"": 0.02576285317164334, ""50061"": 0.02576285317164334, ""50063"": 0.02576285317164334, ""50065"": 0.02576285317164334, ""50067"": 0.02576285317164334, ""50069"": 0.02576285317164334}"
36,35,1,42,0.083138,10,"{""50051"": 4.779985874596387, ""50053"": 1.7439572411338198, ""50055"": 1.41401343415323, ""50057"": 1.492192844982392, ""50059"": 2.4191499106005914, ""50061"": 3.9414949383363935, ""50063"": 2.572729976102664, ""50065"": 2.788635076359348, ""50067"": 3.482145941965155, ""50069"": 2.7663397064836763}","{""50051"": 1255, ""50053"": 0, ""50055"": 0, ""50057"": 0, ""50059"": 0, ""50061"": 0, ""50063"": 0, ""50065"": 0, ""50067"": 0, ""50069"": 0}","{""50051"": 0.025036653556442006, ""50053"": 0.02576285317164334, ""50055"": 0.02576285317164334, ""50057"": 0.02576285317164334, ""50059"": 0.02576285317164334, ""50061"": 0.02576285317164334, ""50063"": 0.02576285317164334, ""50065"": 0.02576285317164334, ""50067"": 0.02576285317164334, ""50069"": 0.02576285317164334}"
37,36,1,42,0.085747,10,"{""50051"": 4.779985874596387, ""50053"": 1.7439572411338198, ""50055"": 1.41401343415323, ""50057"": 1.492192844982392, ""50059"": 2.4191499106005914, ""50061"": 3.9414949383363935, ""50063"": 2.572729976102664, ""50065"": 2.788635076359348, ""50067"": 3.482145941965155, ""50069"": 2.7663397064836763}","{""50051"": 1255, ""50053"": 0, ""50055"": 0, ""50057"": 0, ""50059"": 0, ""50061"": 0, ""50063"": 0, ""50065"": 0, ""50067"": 0, ""50069"": 0}","{""50051"": 0.025036653556442006, ""50053"": 0.02576285317164334, ""50055"": 0.02576285317164334, ""50057"": 0.02576285317164334, ""50059"": 0.02576285317164334, ""50061"": 0.02576285317164334, ""50063"": 0.02576285317164334, ""50065"": 0.02576285317164334, ""50067"": 0.02576285317164334, ""50069"": 0.02576285317164334}"
38,37,1,41,0.083293,10,"{""50051"": 4.979985874596387, ""50053"": 1.7439572411338198, ""50055"": 1.4935486718034048, ""50057"": 1.492192844982392, ""50059"": 2.4986851482507664, ""50061"": 4.040072240867313, ""50063"": 2.6121033211065408, ""50065"": 2.8747887540459764, ""50067"": 3.6147882802949542, ""50069"": 2.8458749441338513}","{""50051"": 1240, ""50053"": 0, ""50055"": 0, ""50057"": 0, ""50059"": 0, ""50061"": 0, ""50063"": 0, ""50065"": 0, ""50067"": 0, ""50069"": 0}","{""50051"": 0.025066382024568915, ""50053"": 0.025783900237239823, ""50055"": 0.025783900237239823, ""50057"": 0.025783900237239823, ""50059"": 0.025783900237239823, ""50061"": 0.025783900237239823, ""50063"": 0.025783900237239823, ""50065"": 0.025783900237239823, ""50067"": 0.025783900237239823, ""50069"": 0.025783900237239823}"
39,38,1,37,0.074364,10,"{""50051"": 5.179985874596388, ""50053"": 1.7725286697052482, ""50055"": 1.4935486718034048, ""50057"": 1.492192844982392, ""50059"": 2.527256576822195, ""50061"": 4.040072240867313, ""50063"": 2.6121033211065408, ""50065"": 2.903360182617405, ""50067"": 3.6147882802949542, ""50069"": 2.8458749441338513}","{""50051"": 1223, ""50053"": 0, ""50055"": 0, ""50057"": 0, ""50059"": 0, ""50061"": 0, ""50063"": 0, ""50065"": 0, ""50067"": 0, ""50069"": 0}","{""50051"": 0.025094575136925715, ""50053"": 0.025802242432956854, ""50055"": 0.025802242432956854, ""50057"": 0.025802242432956854, ""50059"": 0.025802242432956854, ""50061"": 0.025802242432956854, ""50063"": 0.025802242432956854, ""50065"": 0.025802242432956854, ""50067"": 0.025802242432956854, ""50069"": 0.025802242432956854}"
40,39,1,35,0.070068,10,"{""50051"": 5.379985874596388, ""50053"": 1.8011000982766767, ""50055"": 1.4935486718034048, ""50057"": 1.5207642735538205, ""50059"": 2.527256576822195, ""50061"": 4.040072240867313, ""50063"": 2.6121033211065408, ""50065"": 2.9319316111888334, ""50067"": 3.6147882802949542, ""50069"": 2.8458749441338513}","{""50051"": 1209, ""50053"": 0, ""50055"": 0, ""50057"": 0, ""50059"": 0, ""50061"": 0, ""50063"": 0, ""50065"": 0, ""50067"": 0, ""50069"": 0}","{""50051"": 0.02512136705112961, ""50053"": 0.025820930112395474, ""50055"": 0.025820930112395474, ""50057"": 0.025820930112395474, ""50059"": 0.025820930112395474, ""50061"": 0.025820930112395474, ""50063"": 0.025820930112395474, ""50065"": 0.025820930112395474, ""50067"": 0.025820930112395474, ""50069"": 0.025820930112395474}"
41,40,1,35,0.069646,10,"{""50051"": 5.379985874596388, ""50053"": 1.8011000982766767, ""50055"": 1.4935486718034048, ""50057"": 1.5207642735538205, ""50059"": 2.527256576822195, ""50061"": 4.040072240867313, ""50063"": 2.6121033211065408, ""50065"": 2.9319316111888334, ""50067"": 3.6147882802949542, ""50069"": 2.8458749441338513}","{""50051"": 1209, ""50053"": 0, ""50055"": 0, ""50057"": 0, ""50059"": 0, ""50061"": 0, ""50063"": 0, ""50065"": 0, ""50067"": 0, ""50069"": 0}","{""50051"": 0.02512136705112961, ""50053"": 0.025820930112395474, ""50055"": 0.025820930112395474, ""50057"": 0.025820930112395474, ""50059"": 0.025820930112395474, ""50061"": 0.025820930112395474, ""50063"": 0.025820930112395474, ""50065"": 0.025820930112395474, ""50067"": 0.025820930112395474, ""50069"": 0.025820930112395474}"
42,41,1,35,0.069357,10,"{""50051"": 5.579985874596388, ""50053"": 1.8011000982766767, ""50055"": 1.4935486718034048, ""50057"": 1.5666898079158378, ""50059"": 2.5476329577825894, ""50061"": 4.14117460044104, ""50063"": 2.6121033211065408, ""50065"": 2.9319316111888334, ""50067"": 3.6607138146569715, ""50069"": 2.8918004784958686}","{""50051"": 1195, ""50053"": 0, ""50055"": 0, ""50057"": 0, ""50059"": 0, ""50061"": 0, ""50063"": 0, ""50065"": 0, ""50067"": 0, ""50069"": 0}","{""50051"": 0.025146875709113652, ""50053"": 0.02583833132239953, ""50055"": 0.02583833132239953, ""50057"": 0.02583833132239953, ""50059"": 0.02583833132239953, ""50061"": 0.02583833132239953, ""50063"": 0.02583833132239953, ""50065"": 0.02583833132239953, ""50067"": 0.02583833132239953, ""50069"": 0.02583833132239953}"
43,42,1,35,0.070576,10,"{""50051"": 5.579985874596388, ""50053"": 1.8011000982766767, ""50055"": 1.4935486718034048, ""50057"": 1.5666898079158378, ""50059"": 2.5476329577825894, ""50061"": 4.14117460044104, ""50063"": 2.6121033211065408, ""50065"": 2.9319316111888334, ""50067"": 3.6607138146569715, ""50069"": 2.8918004784958686}","{""50051"": 1195, ""50053"": 0, ""50055"": 0, ""50057"": 0, ""50059"": 0, ""50061"": 0, ""50063"": 0, ""50065"": 0, ""50067"": 0, ""50069"": 0}","{""50051"": 0.025146875709113652, ""50053"": 0.02583833132239953, ""50055"": 0.02583833132239953, ""50057"": 0.02583833132239953, ""50059"": 0.02583833132239953, ""50061"": 0.02583833132239953, ""50063"": 0.02583833132239953, ""50065"": 0.02583833132239953, ""50067"": 0.02583833132239953, ""50069"": 0.02583833132239953}"
44,43,1,35,0.071567,10,"{""50051"": 5.579985874596388, ""50053"": 1.8011000982766767, ""50055"": 1.4935486718034048, ""50057"": 1.5666898079158378, ""50059"": 2.5476329577825894, ""50061"": 4.14117460044104, ""50063"": 2.6121033211065408, ""50065"": 2.9319316111888334, ""50067"": 3.6607138146569715, ""50069"": 2.8918004784958686}","{""50051"": 1195, ""50053"": 0, ""50055"": 0, ""50057"": 0, ""50059"": 0, ""50061"": 0, ""50063"": 0, ""50065"": 0, ""50067"": 0, ""50069"": 0}","{""50051"": 0.025146875709113652, ""50053"": 0.02583833132239953, ""50055"": 0.02583833132239953, ""50057"": 0.02583833132239953, ""50059"": 0.02583833132239953, ""50061"": 0.02583833132239953, ""50063"": 0.02583833132239953, ""50065"": 0.02583833132239953, ""50067"": 0.02583833132239953, ""50069"": 0.02583833132239953}"
45,44,1,33,0.066917,10,"{""50051"": 5.779985874596388, ""50053"": 1.8011000982766767, ""50055"": 1.5221201003748333, ""50057"": 1.5666898079158378, ""50059"": 2.576204386354018, ""50061"": 4.14117460044104, ""50063"": 2.6121033211065408, ""50065"": 2.9319316111888334, ""50067"": 3.6607138146569715, ""50069"": 2.920371907067297}","{""50051"": 1181, ""50053"": 0, ""50055"": 0, ""50057"": 0, ""50059"": 0, ""50061"": 0, ""50063"": 0, ""50065"": 0, ""50067"": 0, ""50069"": 0}","{""50051"": 0.02517120519667478, ""50053"": 0.025854550486319156, ""50055"": 0.025854550486319156, ""50057"": 0.025854550486319156, ""50059"": 0.025854550486319156, ""50061"": 0.025854550486319156, ""50063"": 0.025854550486319156, ""50065"": 0.025854550486319156, ""50067"": 0.025854550486319156, ""50069"": 0.025854550486319156}"
46,45,1,32,0.063838,10,"{""50051"": 5.979985874596388, ""50053"": 1.8296715268481052, ""50055"": 1.5221201003748333, ""50057"": 1.5666898079158378, ""50059"": 2.576204386354018, ""50061"": 4.14117460044104, ""50063"": 2.6406747496779692, ""50065"": 2.9319316111888334, ""50067"": 3.6607138146569715, ""50069"": 2.9489433356387256}","{""50051"": 1169, ""50053"": 0, ""50055"": 0, ""50057"": 0, ""50059"": 0, ""50061"": 0, ""50063"": 0, ""50065"": 0, ""50067"": 0, ""50069"": 0}","{""50051"": 0.025194447660680033, ""50053"": 0.025870847070945335, ""50055"": 0.025870847070945335, ""50057"": 0.025870847070945335, ""50059"": 0.025870847070945335, ""50061"": 0.025870847070945335, ""50063"": 0.025870847070945335, ""50065"": 0.025870847070945335, ""50067"": 0.025870847070945335, ""50069"": 0.025870847070945335}"
47,46,1,31,0.062711,10,"{""50051"": 6.1799858745963885, ""50053"": 1.8296715268481052, ""50055"": 1.5221201003748333, ""50057"": 1.5666898079158378, ""50059"": 2.6047758149254463, ""50061"": 4.169746029012469, ""50063"": 2.6406747496779692, ""50065"": 2.9319316111888334, ""50067"": 3.6607138146569715, ""50069"": 2.977514764210154}","{""50051"": 1156, ""50053"": 0, ""50055"": 0, ""50057"": 0, ""50059"": 0, ""50061"": 0, ""50063"": 0, ""50065"": 0, ""50067"": 0, ""50069"": 0}","{""50051"": 0.025216685811457345, ""50053"": 0.025885553566767264, ""50055"": 0.025885553566767264, ""50057"": 0.025885553566767264, ""50059"": 0.025885553566767264, ""50061"": 0.025885553566767264, ""50063"": 0.025885553566767264, ""50065"": 0.025885553566767264, ""50067"": 0.025885553566767264, ""50069"": 0.025885553566767264}"
48,47,1,31,0.062296,10,"{""50051"": 6.1799858745963885, ""50053"": 1.8296715268481052, ""50055"": 1.5221201003748333, ""50057"": 1.5666898079158378, ""50059"": 2.6047758149254463, ""50061"": 4.169746029012469, ""50063"": 2.6406747496779692, ""50065"": 2.9319316111888334, ""50067"": 3.6607138146569715, ""50069"": 2.977514764210154}","{""50051"": 1156, ""50053"": 0, ""50055"": 0, ""50057"": 0, ""50059"": 0, ""50061"": 0, ""50063"": 0, ""50065"": 0, ""50067"": 0, ""50069"": 0}","{""50051"": 0.025216685811457345, ""50053"": 0.025885553566767264, ""50055"": 0.025885553566767264, ""50057"": 0.025885553566767264, ""50059"": 0.025885553566767264, ""50061"": 0.025885553566767264, ""50063"": 0.025885553566767264, ""50065"": 0.025885553566767264, ""50067"": 0.025885553566767264, ""50069"": 0.025885553566767264}"
49,48,1,31,0.062338,10,"{""50051"": 6.379985874596389, ""50053"": 1.8296715268481052, ""50055"": 1.5506915289462617, ""50057"": 1.5666898079158378, ""50059"": 2.6047758149254463, ""50061"": 4.198317457583897, ""50063"": 2.6406747496779692, ""50065"": 2.960503039760262, ""50067"": 3.6607138146569715, ""50069"": 2.977514764210154}","{""50051"": 1145, ""50053"": 0, ""50055"": 0, ""50057"": 0, ""50059"": 0, ""50061"": 0, ""50063"": 0, ""50065"": 0, ""50067"": 0, ""50069"": 0}","{""50051"": 0.02523799322781346, ""50053"": 0.02590049396919973, ""50055"": 0.02590049396919973, ""50057"": 0.02590049396919973, ""50059"": 0.02590049396919973, ""50061"": 0.02590049396919973, ""50063"": 0.02590049396919973, ""50065"": 0.02590049396919973, ""50067"": 0.02590049396919973, ""50069"": 0.02590049396919973}"
50,49,1,31,0.060975,10,"{""50051"": 6.379985874596389, ""50053"": 1.8296715268481052, ""50055"": 1.5506915289462617, ""50057"": 1.5666898079158378, ""50059"": 2.6047758149254463, ""50061"": 4.198317457583897, ""50063"": 2.6406747496779692, ""50065"": 2.960503039760262, ""50067"": 3.6607138146569715, ""50069"": 2.977514764210154}","{""50051"": 1145, ""50053"": 0, ""50055"": 0, ""50057"": 0, ""50059"": 0, ""50061"": 0, ""50063"": 0, ""50065"": 0, ""50067"": 0, ""50069"": 0}","{""50051"": 0.02523799322781346, ""50053"": 0.02590049396919973, ""50055"": 0.02590049396919973, ""50057"": 0.02590049396919973, ""50059"": 0.02590049396919973, ""50061"": 0.02590049396919973, ""50063"": 0.02590049396919973, ""50065"": 0.02590049396919973, ""50067"": 0.02590049396919973, ""50069"": 0.02590049396919973}"
51,50,1,31,0.061563,10,"{""50051"": 6.379985874596389, ""50053"": 1.8296715268481052, ""50055"": 1.5506915289462617, ""50057"": 1.5666898079158378, ""50059"": 2.6047758149254463, ""50061"": 4.198317457583897, ""50063"": 2.6406747496779692, ""50065"": 2.960503039760262, ""50067"": 3.6607138146569715, ""50069"": 2.977514764210154}","{""50051"": 1145, ""50053"": 0, ""50055"": 0, ""50057"": 0, ""50059"": 0, ""50061"": 0, ""50063"": 0, ""50065"": 0, ""50067"": 0, ""50069"": 0}","{""50051"": 0.02523799322781346, ""50053"": 0.02590049396919973, ""50055"": 0.02590049396919973, ""50057"": 0.02590049396919973, ""50059"": 0.02590049396919973, ""50061"": 0.02590049396919973, ""50063"": 0.02590049396919973, ""50065"": 0.02590049396919973, ""50067"": 0.02590049396919973, ""50069"": 0.02590049396919973}"
52,51,1,31,0.061391,10,"{""50051"": 6.379985874596389, ""50053"": 1.8296715268481052, ""50055"": 1.5506915289462617, ""50057"": 1.5666898079158378, ""50059"": 2.6047758149254463, ""50061"": 4.198317457583897, ""50063"": 2.6406747496779692, ""50065"": 2.960503039760262, ""50067"": 3.6607138146569715, ""50069"": 2.977514764210154}","{""50051"": 1145, ""50053"": 0, ""50055"": 0, ""50057"": 0, ""50059"": 0, ""50061"": 0, ""50063"": 0, ""50065"": 0, ""50067"": 0, ""50069"": 0}","{""50051"": 0.02523799322781346, ""50053"": 0.02590049396919973, ""50055"": 0.02590049396919973, ""50057"": 0.02590049396919973, ""50059"": 0.02590049396919973, ""50061"": 0.02590049396919973, ""50063"": 0.02590049396919973, ""50065"": 0.02590049396919973, ""50067"": 0.02590049396919973, ""50069"": 0.02590049396919973}"
53,52,1,31,0.061616,10,"{""50051"": 6.379985874596389, ""50053"": 1.8296715268481052, ""50055"": 1.5506915289462617, ""50057"": 1.5666898079158378, ""50059"": 2.6047758149254463, ""50061"": 4.198317457583897, ""50063"": 2.6406747496779692, ""50065"": 2.960503039760262, ""50067"": 3.6607138146569715, ""50069"": 2.977514764210154}","{""50051"": 1145, ""50053"": 0, ""50055"": 0, ""50057"": 0, ""50059"": 0, ""50061"": 0, ""50063"": 0, ""50065"": 0, ""50067"": 0, ""50069"": 0}","{""50051"": 0.02523799322781346, ""50053"": 0.02590049396919973, ""50055"": 0.02590049396919973, ""50057"": 0.02590049396919973, ""50059"": 0.02590049396919973, ""50061"": 0.02590049396919973, ""50063"": 0.02590049396919973, ""50065"": 0.02590049396919973, ""50067"": 0.02590049396919973, ""50069"": 0.02590049396919973}"
54,53,1,30,0.059927,10,"{""50051"": 6.579985874596389, ""50053"": 1.8296715268481052, ""50055"": 1.5506915289462617, ""50057"": 1.5952612364872663, ""50059"": 2.6333472434968748, ""50061"": 4.198317457583897, ""50063"": 2.6406747496779692, ""50065"": 2.9890744683316903, ""50067"": 3.6607138146569715, ""50069"": 2.977514764210154}","{""50051"": 1133, ""50053"": 0, ""50055"": 0, ""50057"": 0, ""50059"": 0, ""50061"": 0, ""50063"": 0, ""50065"": 0, ""50067"": 0, ""50069"": 0}","{""50051"": 0.025258435952375653, ""50053"": 0.02591398462025009, ""50055"": 0.02591398462025009, ""50057"": 0.02591398462025009, ""50059"": 0.02591398462025009, ""50061"": 0.02591398462025009, ""50063"": 0.02591398462025009, ""50065"": 0.02591398462025009, ""50067"": 0.02591398462025009, ""50069"": 0.02591398462025009}"
55,54,1,30,0.060455,10,"{""50051"": 6.579985874596389, ""50053"": 1.8296715268481052, ""50055"": 1.5506915289462617, ""50057"": 1.5952612364872663, ""50059"": 2.6333472434968748, ""50061"": 4.198317457583897, ""50063"": 2.6406747496779692, ""50065"": 2.9890744683316903, ""50067"": 3.6607138146569715, ""50069"": 2.977514764210154}","{""50051"": 1133, ""50053"": 0, ""50055"": 0, ""50057"": 0, ""50059"": 0, ""50061"": 0, ""50063"": 0, ""50065"": 0, ""50067"": 0, ""50069"": 0}","{""50051"": 0.025258435952375653, ""50053"": 0.02591398462025009, ""50055"": 0.02591398462025009, ""50057"": 0.02591398462025009, ""50059"": 0.02591398462025009, ""50061"": 0.02591398462025009, ""50063"": 0.02591398462025009, ""50065"": 0.02591398462025009, ""50067"": 0.02591398462025009, ""50069"": 0.02591398462025009}"
56,55,1,29,0.059107,10,"{""50051"": 6.779985874596389, ""50053"": 1.8604696450850875, ""50055"": 1.5506915289462617, ""50057"": 1.6260593547242486, ""50059"": 2.6489340711557516, ""50061"": 4.22911557582088, ""50063"": 2.6406747496779692, ""50065"": 2.9890744683316903, ""50067"": 3.6607138146569715, ""50069"": 2.977514764210154}","{""50051"": 1122, ""50053"": 0, ""50055"": 0, ""50057"": 0, ""50059"": 0, ""50061"": 0, ""50063"": 0, ""50065"": 0, ""50067"": 0, ""50069"": 0}","{""50051"": 0.025278074672005917, ""50053"": 0.02592725200947471, ""50055"": 0.02592725200947471, ""50057"": 0.02592725200947471, ""50059"": 0.02592725200947471, ""50061"": 0.02592725200947471, ""50063"": 0.02592725200947471, ""50065"": 0.02592725200947471, ""50067"": 0.02592725200947471, ""50069"": 0.02592725200947471}"
57,56,1,29,0.058472,10,"{""50051"": 6.779985874596389, ""50053"": 1.8604696450850875, ""50055"": 1.5506915289462617, ""50057"": 1.6260593547242486, ""50059"": 2.6489340711557516, ""50061"": 4.22911557582088, ""50063"": 2.6406747496779692, ""50065"": 2.9890744683316903, ""50067"": 3.6607138146569715, ""50069"": 2.977514764210154}","{""50051"": 1122, ""50053"": 0, ""50055"": 0, ""50057"": 0, ""50059"": 0, ""50061"": 0, ""50063"": 0, ""50065"": 0, ""50067"": 0, ""50069"": 0}","{""50051"": 0.025278074672005917, ""50053"": 0.02592725200947471, ""50055"": 0.02592725200947471, ""50057"": 0.02592725200947471, ""50059"": 0.02592725200947471, ""50061"": 0.02592725200947471, ""50063"": 0.02592725200947471, ""50065"": 0.02592725200947471, ""50067"": 0.02592725200947471, ""50069"": 0.02592725200947471}"
58,57,1,29,0.058060,10,"{""50051"": 6.779985874596389, ""50053"": 1.8604696450850875, ""50055"": 1.5506915289462617, ""50057"": 1.6260593547242486, ""50059"": 2.6489340711557516, ""50061"": 4.22911557582088, ""50063"": 2.6406747496779692, ""50065"": 2.9890744683316903, ""50067"": 3.6607138146569715, ""50069"": 2.977514764210154}","{""50051"": 1122, ""50053"": 0, ""50055"": 0, ""50057"": 0, ""50059"": 0, ""50061"": 0, ""50063"": 0, ""50065"": 0, ""50067"": 0, ""50069"": 0}","{""50051"": 0.025278074672005917, ""50053"": 0.02592725200947471, ""50055"": 0.02592725200947471, ""50057"": 0.02592725200947471, ""50059"": 0.02592725200947471, ""50061"": 0.02592725200947471, ""50063"": 0.02592725200947471, ""50065"": 0.02592725200947471, ""50067"": 0.02592725200947471, ""50069"": 0.02592725200947471}"
59,58,1,29,0.058305,10,"{""50051"": 6.779985874596389, ""50053"": 1.8604696450850875, ""50055"": 1.5506915289462617, ""50057"": 1.6260593547242486, ""50059"": 2.6489340711557516, ""50061"": 4.22911557582088, ""50063"": 2.6406747496779692, ""50065"": 2.9890744683316903, ""50067"": 3.6607138146569715, ""50069"": 2.977514764210154}","{""50051"": 1122, ""50053"": 0, ""50055"": 0, ""50057"": 0, ""50059"": 0, ""50061"": 0, ""50063"": 0, ""50065"": 0, ""50067"": 0, ""50069"": 0}","{""50051"": 0.025278074672005917, ""50053"": 0.02592725200947471, ""50055"": 0.02592725200947471, ""50057"": 0.02592725200947471, ""50059"": 0.02592725200947471, ""50061"": 0.02592725200947471, ""50063"": 0.02592725200947471, ""50065"": 0.02592725200947471, ""50067"": 0.02592725200947471, ""50069"": 0.02592725200947471}"
60,59,1,29,0.057771,10,"{""50051"": 6.779985874596389, ""50053"": 1.8604696450850875, ""50055"": 1.5506915289462617, ""50057"": 1.6260593547242486, ""50059"": 2.6489340711557516, ""50061"": 4.22911557582088, ""50063"": 2.6406747496779692, ""50065"": 2.9890744683316903, ""50067"": 3.6607138146569715, ""50069"": 2.977514764210154}","{""50051"": 1122, ""50053"": 0, ""50055"": 0, ""50057"": 0, ""50059"": 0, ""50061"": 0, ""50063"": 0, ""50065"": 0, ""50067"": 0, ""50069"": 0}","{""50051"": 0.025278074672005917, ""50053"": 0.02592725200947471, ""50055"": 0.02592725200947471, ""50057"": 0.02592725200947471, ""50059"": 0.02592725200947471, ""50061"": 0.02592725200947471, ""50063"": 0.02592725200947471, ""50065"": 0.02592725200947471, ""50067"": 0.02592725200947471, ""50069"": 0.02592725200947471}"
61,60,1,29,0.058741,10,"{""50051"": 6.779985874596389, ""50053"": 1.8604696450850875, ""50055"": 1.5506915289462617, ""50057"": 1.6260593547242486, ""50059"": 2.6489340711557516, ""50061"": 4.22911557582088, ""50063"": 2.6406747496779692, ""50065"": 2.9890744683316903, ""50067"": 3.6607138146569715, ""50069"": 2.977514764210154}","{""50051"": 1122, ""50053"": 0, ""50055"": 0, ""50057"": 0, ""50059"": 0, ""50061"": 0, ""50063"": 0, ""50065"": 0, ""50067"": 0, ""50069"": 0}","{""50051"": 0.025278074672005917, ""50053"": 0.02592725200947471, ""50055"": 0.02592725200947471, ""50057"": 0.02592725200947471, ""50059"": 0.02592725200947471, ""50061"": 0.02592725200947471, ""50063"": 0.02592725200947471, ""50065"": 0.02592725200947471, ""50067"": 0.02592725200947471, ""50069"": 0.02592725200947471}"
62,61,1,29,0.058198,10,"{""50051"": 6.779985874596389, ""50053"": 1.8604696450850875, ""50055"": 1.5506915289462617, ""50057"": 1.6260593547242486, ""50059"": 2.6489340711557516, ""50061"": 4.22911557582088, ""50063"": 2.6406747496779692, ""50065"": 2.9890744683316903, ""50067"": 3.6607138146569715, ""50069"": 2.977514764210154}","{""50051"": 1122, ""50053"": 0, ""50055"": 0, ""50057"": 0, ""50059"": 0, ""50061"": 0, ""50063"": 0, ""50065"": 0, ""50067"": 0, ""50069"": 0}","{""50051"": 0.025278074672005917, ""50053"": 0.02592725200947471, ""50055"": 0.02592725200947471, ""50057"": 0.02592725200947471, ""50059"": 0.02592725200947471, ""50061"": 0.02592725200947471, ""50063"": 0.02592725200947471, ""50065"": 0.02592725200947471, ""50067"": 0.02592725200947471, ""50069"": 0.02592725200947471}"
63,62,1,29,0.057994,10,"{""50051"": 6.779985874596389, ""50053"": 1.8604696450850875, ""50055"": 1.5506915289462617, ""50057"": 1.6260593547242486, ""50059"": 2.6489340711557516, ""50061"": 4.22911557582088, ""50063"": 2.6406747496779692, ""50065"": 2.9890744683316903, ""50067"": 3.6607138146569715, ""50069"": 2.977514764210154}","{""50051"": 1122, ""50053"": 0, ""50055"": 0, ""50057"": 0, ""50059"": 0, ""50061"": 0, ""50063"": 0, ""50065"": 0, ""50067"": 0, ""50069"": 0}","{""50051"": 0.025278074672005917, ""50053"": 0.02592725200947471, ""50055"": 0.02592725200947471, ""50057"": 0.02592725200947471, ""50059"": 0.02592725200947471, ""50061"": 0.02592725200947471, ""50063"": 0.02592725200947471, ""50065"": 0.02592725200947471, ""50067"": 0.02592725200947471, ""50069"": 0.02592725200947471}"
64,63,1,29,0.058786,10,"{""50051"": 6.979985874596389, ""50053"": 1.8604696450850875, ""50055"": 1.5792629575176902, ""50057"": 1.654630783295677, ""50059"": 2.6489340711557516, ""50061"": 4.22911557582088, ""50063"": 2.6692461782493977, ""50065"": 2.9890744683316903, ""50067"": 3.6607138146569715, ""50069"": 2.977514764210154}","{""50051"": 1112, ""50053"": 0, ""50055"": 0, ""50057"": 0, ""50059"": 0, ""50061"": 0, ""50063"": 0, ""50065"": 0, ""50067"": 0, ""50069"": 0}","{""50051"": 0.02529696216889336, ""50053"": 0.02594035046100429, ""50055"": 0.02594035046100429, ""50057"": 0.02594035046100429, ""50059"": 0.02594035046100429, ""50061"": 0.02594035046100429, ""50063"": 0.02594035046100429, ""50065"": 0.02594035046100429, ""50067"": 0.02594035046100429, ""50069"": 0.02594035046100429}"
65,64,1,29,0.058983,10,"{""50051"": 6.979985874596389, ""50053"": 1.8604696450850875, ""50055"": 1.5792629575176902, ""50057"": 1.654630783295677, ""50059"": 2.6489340711557516, ""50061"": 4.22911557582088, ""50063"": 2.6692461782493977, ""50065"": 2.9890744683316903, ""50067"": 3.6607138146569715, ""50069"": 2.977514764210154}","{""50051"": 1112, ""50053"": 0, ""50055"": 0, ""50057"": 0, ""50059"": 0, ""50061"": 0, ""50063"": 0, ""50065"": 0, ""50067"": 0, ""50069"": 0}","{""50051"": 0.02529696216889336, ""50053"": 0.02594035046100429, ""50055"": 0.02594035046100429, ""50057"": 0.02594035046100429, ""50059"": 0.02594035046100429, ""50061"": 0.02594035046100429, ""50063"": 0.02594035046100429, ""50065"": 0.02594035046100429, ""50067"": 0.02594035046100429, ""50069"": 0.02594035046100429}"
66,65,1,29,0.058023,10,"{""50051"": 6.979985874596389, ""50053"": 1.8604696450850875, ""50055"": 1.5792629575176902, ""50057"": 1.654630783295677, ""50059"": 2.6489340711557516, ""50061"": 4.22911557582088, ""50063"": 2.6692461782493977, ""50065"": 2.9890744683316903, ""50067"": 3.6607138146569715, ""50069"": 2.977514764210154}","{""50051"": 1112, ""50053"": 0, ""50055"": 0, ""50057"": 0, ""50059"": 0, ""50061"": 0, ""50063"": 0, ""50065"": 0, ""50067"": 0, ""50069"": 0}","{""50051"": 0.02529696216889336, ""50053"": 0.02594035046100429, ""50055"": 0.02594035046100429, ""50057"": 0.02594035046100429, ""50059"": 0.02594035046100429, ""50061"": 0.02594035046100429, ""50063"": 0.02594035046100429, ""50065"": 0.02594035046100429, ""50067"": 0.02594035046100429, ""50069"": 0.02594035046100429}"
67,66,1,29,0.058017,10,"{""50051"": 6.979985874596389, ""50053"": 1.8604696450850875, ""50055"": 1.5792629575176902, ""50057"": 1.654630783295677, ""50059"": 2.6489340711557516, ""50061"": 4.22911557582088, ""50063"": 2.6692461782493977, ""50065"": 2.9890744683316903, ""50067"": 3.6607138146569715, ""50069"": 2.977514764210154}","{""50051"": 1112, ""50053"": 0, ""50055"": 0, ""50057"": 0, ""50059"": 0, ""50061"": 0, ""50063"": 0, ""50065"": 0, ""50067"": 0, ""50069"": 0}","{""50051"": 0.02529696216889336, ""50053"": 0.02594035046100429, ""50055"": 0.02594035046100429, ""50057"": 0.02594035046100429, ""50059"": 0.02594035046100429, ""50061"": 0.02594035046100429, ""50063"": 0.02594035046100429, ""50065"": 0.02594035046100429, ""50067"": 0.02594035046100429, ""50069"": 0.02594035046100429}"
68,67,1,29,0.058235,10,"{""50051"": 6.979985874596389, ""50053"": 1.8604696450850875, ""50055"": 1.5792629575176902, ""50057"": 1.654630783295677, ""50059"": 2.6489340711557516, ""50061"": 4.22911557582088, ""50063"": 2.6692461782493977, ""50065"": 2.9890744683316903, ""50067"": 3.6607138146569715, ""50069"": 2.977514764210154}","{""50051"": 1112, ""50053"": 0, ""50055"": 0, ""50057"": 0, ""50059"": 0, ""50061"": 0, ""50063"": 0, ""50065"": 0, ""50067"": 0, ""50069"": 0}","{""50051"": 0.02529696216889336, ""50053"": 0.02594035046100429, ""50055"": 0.02594035046100429, ""50057"": 0.02594035046100429, ""50059"": 0.02594035046100429, ""50061"": 0.02594035046100429, ""50063"": 0.02594035046100429, ""50065"": 0.02594035046100429, ""50067"": 0.02594035046100429, ""50069"": 0.02594035046100429}"
69,68,1,29,0.058074,10,"{""50051"": 6.979985874596389, ""50053"": 1.8604696450850875, ""50055"": 1.5792629575176902, ""50057"": 1.654630783295677, ""50059"": 2.6489340711557516, ""50061"": 4.22911557582088, ""50063"": 2.6692461782493977, ""50065"": 2.9890744683316903, ""50067"": 3.6607138146569715, ""50069"": 2.977514764210154}","{""50051"": 1112, ""50053"": 0, ""50055"": 0, ""50057"": 0, ""50059"": 0, ""50061"": 0, ""50063"": 0, ""50065"": 0, ""50067"": 0, ""50069"": 0}","{""50051"": 0.02529696216889336, ""50053"": 0.02594035046100429, ""50055"": 0.02594035046100429, ""50057"": 0.02594035046100429, ""50059"": 0.02594035046100429, ""50061"": 0.02594035046100429, ""50063"": 0.02594035046100429, ""50065"": 0.02594035046100429, ""50067"": 0.02594035046100429, ""50069"": 0.02594035046100429}"
70,69,1,29,0.057460,10,"{""50051"": 6.979985874596389, ""50053"": 1.8604696450850875, ""50055"": 1.5792629575176902, ""50057"": 1.654630783295677, ""50059"": 2.6489340711557516, ""50061"": 4.22911557582088, ""50063"": 2.6692461782493977, ""50065"": 2.9890744683316903, ""50067"": 3.6607138146569715, ""50069"": 2.977514764210154}","{""50051"": 1112, ""50053"": 0, ""50055"": 0, ""50057"": 0, ""50059"": 0, ""50061"": 0, ""50063"": 0, ""50065"": 0, ""50067"": 0, ""50069"": 0}","{""50051"": 0.02529696216889336, ""50053"": 0.02594035046100429, ""50055"": 0.02594035046100429, ""50057"": 0.02594035046100429, ""50059"": 0.02594035046100429, ""50061"": 0.02594035046100429, ""50063"": 0.02594035046100429, ""50065"": 0.02594035046100429, ""50067"": 0.02594035046100429, ""50069"": 0.02594035046100429}"
71,70,1,29,0.057579,10,"{""50051"": 6.979985874596389, ""50053"": 1.8604696450850875, ""50055"": 1.5792629575176902, ""50057"": 1.654630783295677, ""50059"": 2.6489340711557516, ""50061"": 4.22911557582088, ""50063"": 2.6692461782493977, ""50065"": 2.9890744683316903, ""50067"": 3.6607138146569715, ""50069"": 2.977514764210154}","{""50051"": 1112, ""50053"": 0, ""50055"": 0, ""50057"": 0, ""50059"": 0, ""50061"": 0, ""50063"": 0, ""50065"": 0, ""50067"": 0, ""50069"": 0}","{""50051"": 0.02529696216889336, ""50053"": 0.02594035046100429, ""50055"": 0.02594035046100429, ""50057"": 0.02594035046100429, ""50059"": 0.02594035046100429, ""50061"": 0.02594035046100429, ""50063"": 0.02594035046100429, ""50065"": 0.02594035046100429, ""50067"": 0.02594035046100429, ""50069"": 0.02594035046100429}"
72,71,1,29,0.058394,10,"{""50051"": 6.979985874596389, ""50053"": 1.8604696450850875, ""50055"": 1.5792629575176902, ""50057"": 1.654630783295677, ""50059"": 2.6489340711557516, ""50061"": 4.22911557582088, ""50063"": 2.6692461782493977, ""50065"": 2.9890744683316903, ""50067"": 3.6607138146569715, ""50069"": 2.977514764210154}","{""50051"": 1112, ""50053"": 0, ""50055"": 0, ""50057"": 0, ""50059"": 0, ""50061"": 0, ""50063"": 0, ""50065"": 0, ""50067"": 0, ""50069"": 0}","{""50051"": 0.02529696216889336, ""50053"": 0.02594035046100429, ""50055"": 0.02594035046100429, ""50057"": 0.02594035046100429, ""50059"": 0.02594035046100429, ""50061"": 0.02594035046100429, ""50063"": 0.02594035046100429, ""50065"": 0.02594035046100429, ""50067"": 0.02594035046100429, ""50069"": 0.02594035046100429}"
73,72,1,29,0.058144,10,"{""50051"": 6.979985874596389, ""50053"": 1.8604696450850875, ""50055"": 1.5792629575176902, ""50057"": 1.654630783295677, ""50059"": 2.6489340711557516, ""50061"": 4.22911557582088, ""50063"": 2.6692461782493977, ""50065"": 2.9890744683316903, ""50067"": 3.6607138146569715, ""50069"": 2.977514764210154}","{""50051"": 1112, ""50053"": 0, ""50055"": 0, ""50057"": 0, ""50059"": 0, ""50061"": 0, ""50063"": 0, ""50065"": 0, ""50067"": 0, ""50069"": 0}","{""50051"": 0.02529696216889336, ""50053"": 0.02594035046100429, ""50055"": 0.02594035046100429, ""50057"": 0.02594035046100429, ""50059"": 0.02594035046100429, ""50061"": 0.02594035046100429, ""50063"": 0.02594035046100429, ""50065"": 0.02594035046100429, ""50067"": 0.02594035046100429, ""50069"": 0.02594035046100429}"
74,73,1,29,0.057493,10,"{""50051"": 6.979985874596389, ""50053"": 1.8604696450850875, ""50055"": 1.5792629575176902, ""50057"": 1.654630783295677, ""50059"": 2.6489340711557516, ""50061"": 4.22911557582088, ""50063"": 2.6692461782493977, ""50065"": 2.9890744683316903, ""50067"": 3.6607138146569715, ""50069"": 2.977514764210154}","{""50051"": 1112, ""50053"": 0, ""50055"": 0, ""50057"": 0, ""50059"": 0, ""50061"": 0, ""50063"": 0, ""50065"": 0, ""50067"": 0, ""50069"": 0}","{""50051"": 0.02529696216889336, ""50053"": 0.02594035046100429, ""50055"": 0.02594035046100429, ""50057"": 0.02594035046100429, ""50059"": 0.02594035046100429, ""50061"": 0.02594035046100429, ""50063"": 0.02594035046100429, ""50065"": 0.02594035046100429, ""50067"": 0.02594035046100429, ""50069"": 0.02594035046100429}"
75,74,1,29,0.057881,10,"{""50051"": 6.979985874596389, ""50053"": 1.8604696450850875, ""50055"": 1.5792629575176902, ""50057"": 1.654630783295677, ""50059"": 2.6489340711557516, ""50061"": 4.22911557582088, ""50063"": 2.6692461782493977, ""50065"": 2.9890744683316903, ""50067"": 3.6607138146569715, ""50069"": 2.977514764210154}","{""50051"": 1112, ""50053"": 0, ""50055"": 0, ""50057"": 0, ""50059"": 0, ""50061"": 0, ""50063"": 0, ""50065"": 0, ""50067"": 0, ""50069"": 0}","{""50051"": 0.02529696216889336, ""50053"": 0.02594035046100429, ""50055"": 0.02594035046100429, ""50057"": 0.02594035046100429, ""50059"": 0.02594035046100429, ""50061"": 0.02594035046100429, ""50063"": 0.02594035046100429, ""50065"": 0.02594035046100429, ""50067"": 0.02594035046100429, ""50069"": 0.02594035046100429}"
76,75,1,29,0.057297,10,"{""50051"": 6.979985874596389, ""50053"": 1.8604696450850875, ""50055"": 1.5792629575176902, ""50057"": 1.654630783295677, ""50059"": 2.6489340711557516, ""50061"": 4.22911557582088, ""50063"": 2.6692461782493977, ""50065"": 2.9890744683316903, ""50067"": 3.6607138146569715, ""50069"": 2.977514764210154}","{""50051"": 1112, ""50053"": 0, ""50055"": 0, ""50057"": 0, ""50059"": 0, ""50061"": 0, ""50063"": 0, ""50065"": 0, ""50067"": 0, ""50069"": 0}","{""50051"": 0.02529696216889336, ""50053"": 0.02594035046100429, ""50055"": 0.02594035046100429, ""50057"": 0.02594035046100429, ""50059"": 0.02594035046100429, ""50061"": 0.02594035046100429, ""50063"": 0.02594035046100429, ""50065"": 0.02594035046100429, ""50067"": 0.02594035046100429, ""50069"": 0.02594035046100429}"
77,76,1,29,0.057526,10,"{""50051"": 6.979985874596389, ""50053"": 1.8604696450850875, ""50055"": 1.5792629575176902, ""50057"": 1.654630783295677, ""50059"": 2.6489340711557516, ""50061"": 4.22911557582088, ""50063"": 2.6692461782493977, ""50065"": 2.9890744683316903, ""50067"": 3.6607138146569715, ""50069"": 2.977514764210154}","{""50051"": 1112, ""50053"": 0, ""50055"": 0, ""50057"": 0, ""50059"": 0, ""50061"": 0, ""50063"": 0, ""50065"": 0, ""50067"": 0, ""50069"": 0}","{""50051"": 0.02529696216889336, ""50053"": 0.02594035046100429, ""50055"": 0.02594035046100429, ""50057"": 0.02594035046100429, ""50059"": 0.02594035046100429, ""50061"": 0.02594035046100429, ""50063"": 0.02594035046100429, ""50065"": 0.02594035046100429, ""50067"": 0.02594035046100429, ""50069"": 0.02594035046100429}"
78,77,1,29,0.057518,10,"{""50051"": 6.979985874596389, ""50053"": 1.8604696450850875, ""50055"": 1.5792629575176902, ""50057"": 1.654630783295677, ""50059"": 2.6489340711557516, ""50061"": 4.22911557582088, ""50063"": 2.6692461782493977, ""50065"": 2.9890744683316903, ""50067"": 3.6607138146569715, ""50069"": 2.977514764210154}","{""50051"": 1112, ""50053"": 0, ""50055"": 0, ""50057"": 0, ""50059"": 0, ""50061"": 0, ""50063"": 0, ""50065"": 0, ""50067"": 0, ""50069"": 0}","{""50051"": 0.02529696216889336, ""50053"": 0.02594035046100429, ""50055"": 0.02594035046100429, ""50057"": 0.02594035046100429, ""50059"": 0.02594035046100429, ""50061"": 0.02594035046100429, ""50063"": 0.02594035046100429, ""50065"": 0.02594035046100429, ""50067"": 0.02594035046100429, ""50069"": 0.02594035046100429}"
79,78,1,29,0.058937,10,"{""50051"": 6.979985874596389, ""50053"": 1.8604696450850875, ""50055"": 1.5792629575176902, ""50057"": 1.654630783295677, ""50059"": 2.6489340711557516, ""50061"": 4.22911557582088, ""50063"": 2.6692461782493977, ""50065"": 2.9890744683316903, ""50067"": 3.6607138146569715, ""50069"": 2.977514764210154}","{""50051"": 1112, ""50053"": 0, ""50055"": 0, ""50057"": 0, ""50059"": 0, ""50061"": 0, ""50063"": 0, ""50065"": 0, ""50067"": 0, ""50069"": 0}","{""50051"": 0.02529696216889336, ""50053"": 0.02594035046100429, ""50055"": 0.02594035046100429, ""50057"": 0.02594035046100429, ""50059"": 0.02594035046100429, ""50061"": 0.02594035046100429, ""50063"": 0.02594035046100429, ""50065"": 0.02594035046100429, ""50067"": 0.02594035046100429, ""50069"": 0.02594035046100429}"
80,79,1,29,0.057893,10,"{""50051"": 6.979985874596389, ""50053"": 1.8604696450850875, ""50055"": 1.5792629575176902, ""50057"": 1.654630783295677, ""50059"": 2.6489340711557516, ""50061"": 4.22911557582088, ""50063"": 2.6692461782493977, ""50065"": 2.9890744683316903, ""50067"": 3.6607138146569715, ""50069"": 2.977514764210154}","{""50051"": 1112, ""50053"": 0, ""50055"": 0, ""50057"": 0, ""50059"": 0, ""50061"": 0, ""50063"": 0, ""50065"": 0, ""50067"": 0, ""50069"": 0}","{""50051"": 0.02529696216889336, ""50053"": 0.02594035046100429, ""50055"": 0.02594035046100429, ""50057"": 0.02594035046100429, ""50059"": 0.02594035046100429, ""50061"": 0.02594035046100429, ""50063"": 0.02594035046100429, ""50065"": 0.02594035046100429, ""50067"": 0.02594035046100429, ""50069"": 0.02594035046100429}"
81,80,1,29,0.058482,10,"{""50051"": 6.979985874596389, ""50053"": 1.8604696450850875, ""50055"": 1.5792629575176902, ""50057"": 1.654630783295677, ""50059"": 2.6489340711557516, ""50061"": 4.22911557582088, ""50063"": 2.6692461782493977, ""50065"": 2.9890744683316903, ""50067"": 3.6607138146569715, ""50069"": 2.977514764210154}","{""50051"": 1112, ""50053"": 0, ""50055"": 0, ""50057"": 0, ""50059"": 0, ""50061"": 0, ""50063"": 0, ""50065"": 0, ""50067"": 0, ""50069"": 0}","{""50051"": 0.02529696216889336, ""50053"": 0.02594035046100429, ""50055"": 0.02594035046100429, ""50057"": 0.02594035046100429, ""50059"": 0.02594035046100429, ""50061"": 0.02594035046100429, ""50063"": 0.02594035046100429, ""50065"": 0.02594035046100429, ""50067"": 0.02594035046100429, ""50069"": 0.02594035046100429}"
82,81,1,29,0.058506,10,"{""50051"": 6.979985874596389, ""50053"": 1.8604696450850875, ""50055"": 1.5792629575176902, ""50057"": 1.654630783295677, ""50059"": 2.6489340711557516, ""50061"": 4.22911557582088, ""50063"": 2.6692461782493977, ""50065"": 2.9890744683316903, ""50067"": 3.6607138146569715, ""50069"": 2.977514764210154}","{""50051"": 1112, ""50053"": 0, ""50055"": 0, ""50057"": 0, ""50059"": 0, ""50061"": 0, ""50063"": 0, ""50065"": 0, ""50067"": 0, ""50069"": 0}","{""50051"": 0.02529696216889336, ""50053"": 0.02594035046100429, ""50055"": 0.02594035046100429, ""50057"": 0.02594035046100429, ""50059"": 0.02594035046100429, ""50061"": 0.02594035046100429, ""50063"": 0.02594035046100429, ""50065"": 0.02594035046100429, ""50067"": 0.02594035046100429, ""50069"": 0.02594035046100429}"
83,82,1,29,0.057877,10,"{""50051"": 7.008557303167818, ""50053"": 1.8604696450850875, ""50055"": 1.6078343860891187, ""50057"": 1.6832022118671055, ""50059"": 2.848934071155752, ""50061"": 4.22911557582088, ""50063"": 2.6692461782493977, ""50065"": 2.9890744683316903, ""50067"": 3.6607138146569715, ""50069"": 2.977514764210154}","{""50051"": 1111, ""50053"": 0, ""50055"": 0, ""50057"": 0, ""50059"": 0, ""50061"": 0, ""50063"": 0, ""50065"": 0, ""50067"": 0, ""50069"": 0}","{""50051"": 0.025299602173494397, ""50053"": 0.02594241311683476, ""50055"": 0.02594241311683476, ""50057"": 0.02594241311683476, ""50059"": 0.02594241311683476, ""50061"": 0.02594241311683476, ""50063"": 0.02594241311683476, ""50065"": 0.02594241311683476, ""50067"": 0.02594241311683476, ""50069"": 0.02594241311683476}"
84,83,1,29,0.058053,10,"{""50051"": 7.008557303167818, ""50053"": 1.8604696450850875, ""50055"": 1.6078343860891187, ""50057"": 1.6832022118671055, ""50059"": 2.848934071155752, ""50061"": 4.22911557582088, ""50063"": 2.6692461782493977, ""50065"": 2.9890744683316903, ""50067"": 3.6607138146569715, ""50069"": 2.977514764210154}","{""50051"": 1111, ""50053"": 0, ""50055"": 0, ""50057"": 0, ""50059"": 0, ""50061"": 0, ""50063"": 0, ""50065"": 0, ""50067"": 0, ""50069"": 0}","{""50051"": 0.025299602173494397, ""50053"": 0.02594241311683476, ""50055"": 0.02594241311683476, ""50057"": 0.02594241311683476, ""50059"": 0.02594241311683476, ""50061"": 0.02594241311683476, ""50063"": 0.02594241311683476, ""50065"": 0.02594241311683476, ""50067"": 0.02594241311683476, ""50069"": 0.02594241311683476}"
85,84,1,29,0.057870,10,"{""50051"": 7.008557303167818, ""50053"": 1.8604696450850875, ""50055"": 1.6078343860891187, ""50057"": 1.6832022118671055, ""50059"": 2.848934071155752, ""50061"": 4.22911557582088, ""50063"": 2.6692461782493977, ""50065"": 2.9890744683316903, ""50067"": 3.6607138146569715, ""50069"": 2.977514764210154}","{""50051"": 1111, ""50053"": 0, ""50055"": 0, ""50057"": 0, ""50059"": 0, ""50061"": 0, ""50063"": 0, ""50065"": 0, ""50067"": 0, ""50069"": 0}","{""50051"": 0.025299602173494397, ""50053"": 0.02594241311683476, ""50055"": 0.02594241311683476, ""50057"": 0.02594241311683476, ""50059"": 0.02594241311683476, ""50061"": 0.02594241311683476, ""50063"": 0.02594241311683476, ""50065"": 0.02594241311683476, ""50067"": 0.02594241311683476, ""50069"": 0.02594241311683476}"
86,85,1,29,0.057936,10,"{""50051"": 7.008557303167818, ""50053"": 1.8604696450850875, ""50055"": 1.6078343860891187, ""50057"": 1.6832022118671055, ""50059"": 2.848934071155752, ""50061"": 4.22911557582088, ""50063"": 2.6692461782493977, ""50065"": 2.9890744683316903, ""50067"": 3.6607138146569715, ""50069"": 2.977514764210154}","{""50051"": 1111, ""50053"": 0, ""50055"": 0, ""50057"": 0, ""50059"": 0, ""50061"": 0, ""50063"": 0, ""50065"": 0, ""50067"": 0, ""50069"": 0}","{""50051"": 0.025299602173494397, ""50053"": 0.02594241311683476, ""50055"": 0.02594241311683476, ""50057"": 0.02594241311683476, ""50059"": 0.02594241311683476, ""50061"": 0.02594241311683476, ""50063"": 0.02594241311683476, ""50065"": 0.02594241311683476, ""50067"": 0.02594241311683476, ""50069"": 0.02594241311683476}"
87,86,1,29,0.057365,10,"{""50051"": 7.008557303167818, ""50053"": 1.8604696450850875, ""50055"": 1.6078343860891187, ""50057"": 1.6832022118671055, ""50059"": 2.848934071155752, ""50061"": 4.22911557582088, ""50063"": 2.6692461782493977, ""50065"": 2.9890744683316903, ""50067"": 3.6607138146569715, ""50069"": 2.977514764210154}","{""50051"": 1111, ""50053"": 0, ""50055"": 0, ""50057"": 0, ""50059"": 0, ""50061"": 0, ""50063"": 0, ""50065"": 0, ""50067"": 0, ""50069"": 0}","{""50051"": 0.025299602173494397, ""50053"": 0.02594241311683476, ""50055"": 0.02594241311683476, ""50057"": 0.02594241311683476, ""50059"": 0.02594241311683476, ""50061"": 0.02594241311683476, ""50063"": 0.02594241311683476, ""50065"": 0.02594241311683476, ""50067"": 0.02594241311683476, ""50069"": 0.02594241311683476}"
88,87,1,29,0.058164,10,"{""50051"": 7.008557303167818, ""50053"": 1.889041073656516, ""50055"": 1.6078343860891187, ""50057"": 1.711773640438534, ""50059"": 3.048934071155752, ""50061"": 4.22911557582088, ""50063"": 2.697817606820826, ""50065"": 2.9890744683316903, ""50067"": 3.6607138146569715, ""50069"": 2.977514764210154}","{""50051"": 1111, ""50053"": 0, ""50055"": 0, ""50057"": 0, ""50059"": 0, ""50061"": 0, ""50063"": 0, ""50065"": 0, ""50067"": 0, ""50069"": 0}","{""50051"": 0.025299602173494397, ""50053"": 0.02594241311683476, ""50055"": 0.02594241311683476, ""50057"": 0.02594241311683476, ""50059"": 0.02594241311683476, ""50061"": 0.02594241311683476, ""50063"": 0.02594241311683476, ""50065"": 0.02594241311683476, ""50067"": 0.02594241311683476, ""50069"": 0.02594241311683476}"
89,88,1,29,0.057945,10,"{""50051"": 7.008557303167818, ""50053"": 1.889041073656516, ""50055"": 1.6078343860891187, ""50057"": 1.711773640438534, ""50059"": 3.048934071155752, ""50061"": 4.22911557582088, ""50063"": 2.697817606820826, ""50065"": 2.9890744683316903, ""50067"": 3.6607138146569715, ""50069"": 2.977514764210154}","{""50051"": 1111, ""50053"": 0, ""50055"": 0, ""50057"": 0, ""50059"": 0, ""50061"": 0, ""50063"": 0, ""50065"": 0, ""50067"": 0, ""50069"": 0}","{""50051"": 0.025299602173494397, ""50053"": 0.02594241311683476, ""50055"": 0.02594241311683476, ""50057"": 0.02594241311683476, ""50059"": 0.02594241311683476, ""50061"": 0.02594241311683476, ""50063"": 0.02594241311683476, ""50065"": 0.02594241311683476, ""50067"": 0.02594241311683476, ""50069"": 0.02594241311683476}"
90,89,1,29,0.057912,10,"{""50051"": 7.008557303167818, ""50053"": 1.889041073656516, ""50055"": 1.6078343860891187, ""50057"": 1.711773640438534, ""50059"": 3.048934071155752, ""50061"": 4.22911557582088, ""50063"": 2.697817606820826, ""50065"": 2.9890744683316903, ""50067"": 3.6607138146569715, ""50069"": 2.977514764210154}","{""50051"": 1111, ""50053"": 0, ""50055"": 0, ""50057"": 0, ""50059"": 0, ""50061"": 0, ""50063"": 0, ""50065"": 0, ""50067"": 0, ""50069"": 0}","{""50051"": 0.025299602173494397, ""50053"": 0.02594241311683476, ""50055"": 0.02594241311683476, ""50057"": 0.02594241311683476, ""50059"": 0.02594241311683476, ""50061"": 0.02594241311683476, ""50063"": 0.02594241311683476, ""50065"": 0.02594241311683476, ""50067"": 0.02594241311683476, ""50069"": 0.02594241311683476}"
91,90,1,29,0.057759,10,"{""50051"": 7.008557303167818, ""50053"": 1.889041073656516, ""50055"": 1.6078343860891187, ""50057"": 1.711773640438534, ""50059"": 3.048934071155752, ""50061"": 4.22911557582088, ""50063"": 2.697817606820826, ""50065"": 2.9890744683316903, ""50067"": 3.6607138146569715, ""50069"": 2.977514764210154}","{""50051"": 1111, ""50053"": 0, ""50055"": 0, ""50057"": 0, ""50059"": 0, ""50061"": 0, ""50063"": 0, ""50065"": 0, ""50067"": 0, ""50069"": 0}","{""50051"": 0.025299602173494397, ""50053"": 0.02594241311683476, ""50055"": 0.02594241311683476, ""50057"": 0.02594241311683476, ""50059"": 0.02594241311683476, ""50061"": 0.02594241311683476, ""50063"": 0.02594241311683476, ""50065"": 0.02594241311683476, ""50067"": 0.02594241311683476, ""50069"": 0.02594241311683476}"
92,91,1,29,0.058048,10,"{""50051"": 7.008557303167818, ""50053"": 1.889041073656516, ""50055"": 1.6078343860891187, ""50057"": 1.711773640438534, ""50059"": 3.048934071155752, ""50061"": 4.22911557582088, ""50063"": 2.697817606820826, ""50065"": 2.9890744683316903, ""50067"": 3.6607138146569715, ""50069"": 2.977514764210154}","{""50051"": 1111, ""50053"": 0, ""50055"": 0, ""50057"": 0, ""50059"": 0, ""50061"": 0, ""50063"": 0, ""50065"": 0, ""50067"": 0, ""50069"": 0}","{""50051"": 0.025299602173494397, ""50053"": 0.02594241311683476, ""50055"": 0.02594241311683476, ""50057"": 0.02594241311683476, ""50059"": 0.02594241311683476, ""50061"": 0.02594241311683476, ""50063"": 0.02594241311683476, ""50065"": 0.02594241311683476, ""50067"": 0.02594241311683476, ""50069"": 0.02594241311683476}"
93,92,1,29,0.058642,10,"{""50051"": 7.037128731739246, ""50053"": 1.889041073656516, ""50055"": 1.6078343860891187, ""50057"": 1.7403450690099624, ""50059"": 3.248934071155752, ""50061"": 4.22911557582088, ""50063"": 2.697817606820826, ""50065"": 2.9890744683316903, ""50067"": 3.6607138146569715, ""50069"": 3.0060861927815825}","{""50051"": 1109, ""50053"": 0, ""50055"": 0, ""50057"": 0, ""50059"": 0, ""50061"": 0, ""50063"": 0, ""50065"": 0, ""50067"": 0, ""50069"": 0}","{""50051"": 0.025302227675118055, ""50053"": 0.02594387827150077, ""50055"": 0.02594387827150077, ""50057"": 0.02594387827150077, ""50059"": 0.02594387827150077, ""50061"": 0.02594387827150077, ""50063"": 0.02594387827150077, ""50065"": 0.02594387827150077, ""50067"": 0.02594387827150077, ""50069"": 0.02594387827150077}"
94,93,1,29,0.057421,10,"{""50051"": 7.205116220259058, ""50053"": 1.889041073656516, ""50055"": 1.6078343860891187, ""50057"": 1.7929147102270786, ""50059"": 3.4489340711557523, ""50061"": 4.281685217037996, ""50063"": 2.697817606820826, ""50065"": 3.0416441095488063, ""50067"": 3.6607138146569715, ""50069"": 3.0060861927815825}","{""50051"": 1101, ""50053"": 0, ""50055"": 0, ""50057"": 0, ""50059"": 0, ""50061"": 0, ""50063"": 0, ""50065"": 0, ""50067"": 0, ""50069"": 0}","{""50051"": 0.025317385885951168, ""50053"": 0.025954405023449437, ""50055"": 0.025954405023449437, ""50057"": 0.025954405023449437, ""50059"": 0.025954405023449437, ""50061"": 0.025954405023449437, ""50063"": 0.025954405023449437, ""50065"": 0.025954405023449437, ""50067"": 0.025954405023449437, ""50069"": 0.025954405023449437}"
95,94,1,29,0.057740,10,"{""50051"": 7.205116220259058, ""50053"": 1.889041073656516, ""50055"": 1.6078343860891187, ""50057"": 1.7929147102270786, ""50059"": 3.4489340711557523, ""50061"": 4.281685217037996, ""50063"": 2.697817606820826, ""50065"": 3.0416441095488063, ""50067"": 3.6607138146569715, ""50069"": 3.0060861927815825}","{""50051"": 1101, ""50053"": 0, ""50055"": 0, ""50057"": 0, ""50059"": 0, ""50061"": 0, ""50063"": 0, ""50065"": 0, ""50067"": 0, ""50069"": 0}","{""50051"": 0.025317385885951168, ""50053"": 0.025954405023449437, ""50055"": 0.025954405023449437, ""50057"": 0.025954405023449437, ""50059"": 0.025954405023449437, ""50061"": 0.025954405023449437, ""50063"": 0.025954405023449437, ""50065"": 0.025954405023449437, ""50067"": 0.025954405023449437, ""50069"": 0.025954405023449437}"
96,95,1,29,0.057640,10,"{""50051"": 7.205116220259058, ""50053"": 1.9176125022279444, ""50055"": 1.6364058146605471, ""50057"": 1.7929147102270786, ""50059"": 3.6489340711557525, ""50061"": 4.281685217037996, ""50063"": 2.697817606820826, ""50065"": 3.0416441095488063, ""50067"": 3.6892852432284, ""50069"": 3.0060861927815825}","{""50051"": 1101, ""50053"": 0, ""50055"": 0, ""50057"": 0, ""50059"": 0, ""50061"": 0, ""50063"": 0, ""50065"": 0, ""50067"": 0, ""50069"": 0}","{""50051"": 0.025317385885951168, ""50053"": 0.025954405023449437, ""50055"": 0.025954405023449437, ""50057"": 0.025954405023449437, ""50059"": 0.025954405023449437, ""50061"": 0.025954405023449437, ""50063"": 0.025954405023449437, ""50065"": 0.025954405023449437, ""50067"": 0.025954405023449437, ""50069"": 0.025954405023449437}"
97,96,1,29,0.058373,10,"{""50051"": 7.205116220259058, ""50053"": 1.9176125022279444, ""50055"": 1.6364058146605471, ""50057"": 1.7929147102270786, ""50059"": 3.6489340711557525, ""50061"": 4.281685217037996, ""50063"": 2.697817606820826, ""50065"": 3.0416441095488063, ""50067"": 3.6892852432284, ""50069"": 3.0060861927815825}","{""50051"": 1101, ""50053"": 0, ""50055"": 0, ""50057"": 0, ""50059"": 0, ""50061"": 0, ""50063"": 0, ""50065"": 0, ""50067"": 0, ""50069"": 0}","{""50051"": 0.025317385885951168, ""50053"": 0.025954405023449437, ""50055"": 0.025954405023449437, ""50057"": 0.025954405023449437, ""50059"": 0.025954405023449437, ""50061"": 0.025954405023449437, ""50063"": 0.025954405023449437, ""50065"": 0.025954405023449437, ""50067"": 0.025954405023449437, ""50069"": 0.025954405023449437}"
98,97,1,29,0.058252,10,"{""50051"": 7.205116220259058, ""50053"": 1.9176125022279444, ""50055"": 1.6364058146605471, ""50057"": 1.7929147102270786, ""50059"": 3.6489340711557525, ""50061"": 4.281685217037996, ""50063"": 2.697817606820826, ""50065"": 3.0416441095488063, ""50067"": 3.6892852432284, ""50069"": 3.0060861927815825}","{""50051"": 1101, ""50053"": 0, ""50055"": 0, ""50057"": 0, ""50059"": 0, ""50061"": 0, ""50063"": 0, ""50065"": 0, ""50067"": 0, ""50069"": 0}","{""50051"": 0.025317385885951168, ""50053"": 0.025954405023449437, ""50055"": 0.025954405023449437, ""50057"": 0.025954405023449437, ""50059"": 0.025954405023449437, ""50061"": 0.025954405023449437, ""50063"": 0.025954405023449437, ""50065"": 0.025954405023449437, ""50067"": 0.025954405023449437, ""50069"": 0.025954405023449437}"
99,98,1,29,0.057966,10,"{""50051"": 7.205116220259058, ""50053"": 1.9176125022279444, ""50055"": 1.6364058146605471, ""50057"": 1.7929147102270786, ""50059"": 3.6489340711557525, ""50061"": 4.281685217037996, ""50063"": 2.697817606820826, ""50065"": 3.0416441095488063, ""50067"": 3.6892852432284, ""50069"": 3.0060861927815825}","{""50051"": 1101, ""50053"": 0, ""50055"": 0, ""50057"": 0, ""50059"": 0, ""50061"": 0, ""50063"": 0, ""50065"": 0, ""50067"": 0, ""50069"": 0}","{""50051"": 0.025317385885951168, ""50053"": 0.025954405023449437, ""50055"": 0.025954405023449437, ""50057"": 0.025954405023449437, ""50059"": 0.025954405023449437, ""50061"": 0.025954405023449437, ""50063"": 0.025954405023449437, ""50065"": 0.025954405023449437, ""50067"": 0.025954405023449437, ""50069"": 0.025954405023449437}"
100,99,1,29,0.057202,10,"{""50051"": 7.205116220259058, ""50053"": 1.9176125022279444, ""50055"": 1.6364058146605471, ""50057"": 1.7929147102270786, ""50059"": 3.6489340711557525, ""50061"": 4.281685217037996, ""50063"": 2.697817606820826, ""50065"": 3.0416441095488063, ""50067"": 3.6892852432284, ""50069"": 3.0060861927815825}","{""50051"": 1101, ""50053"": 0, ""50055"": 0, ""50057"": 0, ""50059"": 0, ""50061"": 0, ""50063"": 0, ""50065"": 0, ""50067"": 0, ""50069"": 0}","{""50051"": 0.025317385885951168, ""50053"": 0.025954405023449437, ""50055"": 0.025954405023449437, ""50057"": 0.025954405023449437, ""50059"": 0.025954405023449437, ""50061"": 0.025954405023449437, ""50063"": 0.025954405023449437, ""50065"": 0.025954405023449437, ""50067"": 0.025954405023449437, ""50069"": 0.025954405023449437}"
1,0,1,101,0.337554,10,"{""50051"": 1.0373056650520343, ""50053"": 1.0635440493817272, ""50055"": 1.0, ""50057"": 1.0, ""50059"": 1.0635440493817272, ""50061"": 1.2, ""50063"": 1.0640956655809906, ""50065"": 1.0918573243927197, ""50067"": 1.0635440493817272, ""50069"": 1.0515496906463464}","{""50051"": 0, ""50053"": 0, ""50055"": 0, ""50057"": 0, ""50059"": 0, ""50061"": 1942, ""50063"": 0, ""50065"": 0, ""50067"": 0, ""50069"": 0}","{""50051"": 0.02489477898320107, ""50053"": 0.02489477898320107, ""50055"": 0.02489477898320107, ""50057"": 0.02489477898320107, ""50059"": 0.02489477898320107, ""50061"": 0.023770725538288778, ""50063"": 0.02489477898320107, ""50065"": 0.02489477898320107, ""50067"": 0.02489477898320107, ""50069"": 0.02489477898320107}"
2,1,1,491,1.638636,10,"{""50051"": 1.1042284320470852, ""50053"": 1.0635440493817272, ""50055"": 1.0, ""50057"": 1.0, ""50059"": 1.1363638475475066, ""50061"": 1.2728197981657794, ""50063"": 1.13691546374677, ""50065"": 1.2918573243927196, ""50067"": 1.1817622926409705, ""50069"": 1.1761472675525086}","{""50051"": 0, ""50053"": 0, ""50055"": 0, ""50057"": 0, ""50059"": 0, ""50061"": 2, ""50063"": 0, ""50065"": 1894, ""50067"": 0, ""50069"": 0}","{""50051"": 0.024951008108902148, ""50053"": 0.024951008108902148, ""50055"": 0.024951008108902148, ""50057"": 0.024951008108902148, ""50059"": 0.024951008108902148, ""50061"": 0.02494928237630578, ""50063"": 0.024951008108902148, ""50065"": 0.02385475600442562, ""50067"": 0.024951008108902148, ""50069"": 0.024951008108902148}"
3,2,1,281,0.779756,10,"{""50051"": 1.2046477785601255, ""50053"": 1.2010318657251249, ""50055"": 1.0, ""50057"": 1.1374878163433977, ""50059"": 1.2756474282355723, ""50061"": 1.4695214520737616, ""50063"": 1.2951646514457789, ""50065"": 1.4293451407361173, ""50067"": 1.3817622926409705, ""50069"": 1.3439082131481952}","{""50051"": 0, ""50053"": 0, ""50055"": 0, ""50057"": 0, ""50059"": 0, ""50061"": 1823, ""50063"": 0, ""50065"": 0, ""50067"": 0, ""50069"": 0}","{""50051"": 0.02504753198783631, ""50053"": 0.02504753198783631, ""50055"": 0.02504753198783631, ""50057"": 0.02504753198783631, ""50059"": 0.02504753198783631, ""50061"": 0.023992393869732096, ""50063"": 0.02504753198783631, ""50065"": 0.02504753198783631, ""50067"": 0.02504753198783631, ""50069"": 0.02504753198783631}"
4,3,1,232,0.444836,10,"{""50051"": 1.3414645702405776, ""50053"": 1.337848657405577, ""50055"": 1.1368167916804521, ""50057"": 1.1374878163433977, ""50059"": 1.4159482758681903, ""50061"": 1.608510559828252, ""50063"": 1.413245715464205, ""50065"": 1.6041281893508503, ""50067"": 1.5817622926409705, ""50069"": 1.529471686891093}","{""50051"": 0, ""50053"": 0, ""50055"": 0, ""50057"": 0, ""50059"": 0, ""50061"": 960, ""50063"": 0, ""50065"": 809, ""50067"": 4, ""50069"": 0}","{""50051"": 0.02511168840021473, ""50053"": 0.02511168840021473, ""50055"": 0.02511168840021473, ""50057"": 0.02511168840021473, ""50059"": 0.02511168840021473, ""50061"": 0.024556335178585822, ""50063"": 0.02511168840021473, ""50065"": 0.024643769782466473, ""50067"": 0.02510881303857923, ""50069"": 0.02511168840021473}"
5,4,1,107,0.204544,10,"{""50051"": 1.3414645702405776, ""50053"": 1.337848657405577, ""50055"": 1.1691778876850816, ""50057"": 1.1374878163433977, ""50059"": 1.4483093718728197, ""50061"": 1.6350382318606584, ""50063"": 1.413245715464205, ""50065"": 1.6041281893508503, ""50067"": 1.7817622926409704, ""50069"": 1.5618327828957224}","{""50051"": 0, ""50053"": 0, ""50055"": 0, ""50057"": 0, ""50059"": 0, ""50061"": 0, ""50063"": 0, ""50065"": 0, ""50067"": 1715, ""50069"": 0}","{""50051"": 0.025183150950629632, ""50053"": 0.025183150950629632, ""50055"": 0.025183150950629632, ""50057"": 0.025183150950629632, ""50059"": 0.025183150950629632, ""50061"": 0.025183150950629632, ""50063"": 0.025183150950629632, ""50065"": 0.025183150950629632, ""50067"": 0.02419056248161362, ""50069"": 0.025183150950629632}"
6,5,1,138,0.263335,10,"{""50051"": 1.4477793364199782, ""50053"": 1.3390632484905698, ""50055"": 1.2697702577938648, ""50057"": 1.1389257283974066, ""50059"": 1.5504073392104505, ""50061"": 1.8350382318606584, ""50063"": 1.5375715118897788, ""50065"": 1.7047205594596335, ""50067"": 1.950517850320846, ""50069"": 1.6624251530045056}","{""50051"": 0, ""50053"": 0, ""50055"": 0, ""50057"": 0, ""50059"": 0, ""50061"": 0, ""50063"": 0, ""50065"": 0, ""50067"": 1666, ""50069"": 0}","{""50051"": 0.02524379671581914, ""50053"": 0.02524379671581914, ""50055"": 0.02524379671581914, ""50057"": 0.02524379671581914, ""50059"": 0.02524379671581914, ""50061"": 0.02524379671581914, ""50063"": 0.02524379671581914, ""50065"": 0.02524379671581914, ""50067"": 0.024279589023482137, ""50069"": 0.02524379671581914}"
7,6,1,71,0.135438,10,"{""50051"": 1.4970404971994338, ""50053"": 1.3390632484905698, ""50055"": 1.2697702577938648, ""50057"": 1.1749792695962968, ""50059"": 1.5504073392104505, ""50061"": 1.838151859473434, ""50063"": 1.5375715118897788, ""50065"": 1.7407741006585238, ""50067"": 2.150517850320846, ""50069"": 1.6984786942033958}","{""50051"": 0, ""50053"": 0, ""50055"": 0, ""50057"": 0, ""50059"": 0, ""50061"": 0, ""50063"": 0, ""50065"": 0, ""50067"": 1616, ""50069"": 0}","{""50051"": 0.025308080067160857, ""50053"": 0.025308080067160857, ""50055"": 0.025308080067160857, ""50057"": 0.025308080067160857, ""50059"": 0.025308080067160857, ""50061"": 0.025308080067160857, ""50063"": 0.025308080067160857, ""50065"": 0.025308080067160857, ""50067"": 0.0243728260227415, ""50069"": 0.025308080067160857}"
8,7,1,99,0.187389,10,"{""50051"": 1.6604806423498575, ""50053"": 1.3390632484905698, ""50055"": 1.288000910039961, ""50057"": 1.1749792695962968, ""50059"": 1.6429532325574334, ""50061"": 2.0381518594734342, ""50063"": 1.6531309454147065, ""50065"": 1.891365123165956, ""50067"": 2.243063743667829, ""50069"": 1.7910245875503787}","{""50051"": 0, ""50053"": 0, ""50055"": 0, ""50057"": 0, ""50059"": 0, ""50061"": 0, ""50063"": 0, ""50065"": 0, ""50067"": 1594, ""50069"": 0}","{""50051"": 0.025334704249949408, ""50053"": 0.025334704249949408, ""50055"": 0.025334704249949408, ""50057"": 0.025334704249949408, ""50059"": 0.025334704249949408, ""50061"": 0.025334704249949408, ""50063"": 0.025334704249949408, ""50065"": 0.025334704249949408, ""50067"": 0.02441219390580032, ""50069"": 0.025334704249949408}"
9,8,1,88,0.166041,10,"{""50051"": 1.8604806423498574, ""50053"": 1.3390632484905698, ""50055"": 1.288000910039961, ""50057"": 1.1749792695962968, ""50059"": 1.7144433560974515, ""50061"": 2.1096419830134523, ""50063"": 1.7246210689547246, ""50065"": 1.9954125583956994, ""50067"": 2.358563043018804, ""50069"": 1.8719087177497868}","{""50051"": 0, ""50053"": 0, ""50055"": 0, ""50057"": 0, ""50059"": 0, ""50061"": 0, ""50063"": 0, ""50065"": 0, ""50067"": 1569, ""50069"": 0}","{""50051"": 0.02536646290905424, ""50053"": 0.02536646290905424, ""50055"": 0.02536646290905424, ""50057"": 0.02536646290905424, ""50059"": 0.02536646290905424, ""50061"": 0.02536646290905424, ""50063"": 0.02536646290905424, ""50065"": 0.02536646290905424, ""50067"": 0.02445843008055364, ""50069"": 0.02536646290905424}"
10,9,1,145,0.275648,10,"{""50051"": 2.031798624036373, ""50053"": 1.3390632484905698, ""50055"": 1.288000910039961, ""50057"": 1.1749792695962968, ""50059"": 1.807428668354208, ""50061"": 2.3096419830134525, ""50063"": 1.8453902678950536, ""50065"": 2.088397870652456, ""50067"": 2.4515483552755604, ""50069"": 2.0307187229202386}","{""50051"": 0, ""50053"": 0, ""50055"": 0, ""50057"": 0, ""50059"": 0, ""50061"": 0, ""50063"": 0, ""50065"": 0, ""50067"": 1551, ""50069"": 0}","{""50051"": 0.02539115523217135, ""50053"": 0.02539115523217135, ""50055"": 0.02539115523217135, ""50057"": 0.02539115523217135, ""50059"": 0.02539115523217135, ""50061"": 0.02539115523217135, ""50063"": 0.02539115523217135, ""50065"": 0.02539115523217135, ""50067"": 0.024493541305807484, ""50069"": 0.02539115523217135}"
11,10,1,307,0.586666,10,"{""50051"": 2.1031923412580555, ""50053"": 1.3390632484905698, ""50055"": 1.288000910039961, ""50057"": 1.1749792695962968, ""50059"": 1.8900094627625543, ""50061"": 2.5096419830134526, ""50063"": 1.9167839851167363, ""50065"": 2.1861588874703197, ""50067"": 2.5709625646011296, ""50069"": 2.102112440141921}","{""50051"": 0, ""50053"": 0, ""50055"": 0, ""50057"": 0, ""50059"": 0, ""50061"": 0, ""50063"": 0, ""50065"": 0, ""50067"": 1528, ""50069"": 0}","{""50051"": 0.025420439152250437, ""50053"": 0.025420439152250437, ""50055"": 0.025420439152250437, ""50057"": 0.025420439152250437, ""50059"": 0.025420439152250437, ""50061"": 0.025420439152250437, ""50063"": 0.025420439152250437, ""50065"": 0.025420439152250437, ""50067"": 0.024536144192796646, ""50069"": 0.025420439152250437}"
12,11,1,211,0.401717,10,"{""50051"": 2.2200529524412436, ""50053"": 1.4559238596737578, ""50055"": 1.288000910039961, ""50057"": 1.1749792695962968, ""50059"": 2.048169824162254, ""50061"": 2.6743473537582587, ""50063"": 2.059110834954697, ""50065"": 2.3030194986535077, ""50067"": 2.7709625646011298, ""50069"": 2.2549441364417713}","{""50051"": 0, ""50053"": 0, ""50055"": 0, ""50057"": 0, ""50059"": 0, ""50061"": 0, ""50063"": 0, ""50065"": 0, ""50067"": 1492, ""50069"": 0}","{""50051"": 0.025465410051353665, ""50053"": 0.025465410051353665, ""50055"": 0.025465410051353665, ""50057"": 0.025465410051353665, ""50059"": 0.025465410051353665, ""50061"": 0.025465410051353665, ""50063"": 0.025465410051353665, ""50065"": 0.025465410051353665, ""50067"": 0.024601964066403904, ""50069"": 0.025465410051353665}"
13,12,1,270,0.511846,10,"{""50051"": 2.4200529524412437, ""50053"": 1.4559238596737578, ""50055"": 1.319597184232596, ""50057"": 1.1749792695962968, ""50059"": 2.0566264446665845, ""50061"": 2.7059436279508935, ""50063"": 2.059110834954697, ""50065"": 2.3030194986535077, ""50067"": 2.783679863445244, ""50069"": 2.286540410634406}","{""50051"": 0, ""50053"": 0, ""50055"": 0, ""50057"": 0, ""50059"": 0, ""50061"": 0, ""50063"": 0, ""50065"": 0, ""50067"": 1490, ""50069"": 0}","{""50051"": 0.025468225327176963, ""50053"": 0.025468225327176963, ""50055"": 0.025468225327176963, ""50057"": 0.025468225327176963, ""50059"": 0.025468225327176963, ""50061"": 0.025468225327176963, ""50063"": 0.025468225327176963, ""50065"": 0.025468225327176963, ""50067"": 0.024605936827610083, ""50069"": 0.025468225327176963}"
14,13,1,48,0.090407,10,"{""50051"": 2.568791121999255, ""50053"": 1.4559238596737578, ""50055"": 1.319597184232596, ""50057"": 1.2577240886411527, ""50059"": 2.0873330316060574, ""50061"": 2.9059436279508937, ""50063"": 2.123563486631751, ""50065"": 2.3857643176983636, ""50067"": 2.918996188584697, ""50069"": 2.369285229679262}","{""50051"": 3, ""50053"": 0, ""50055"": 0, ""50057"": 0, ""50059"": 0, ""50061"": 717, ""50063"": 0, ""50065"": 0, ""50067"": 749, ""50069"": 0}","{""50051"": 0.025493284023294094, ""50053"": 0.02549534540239684, ""50055"": 0.02549534540239684, ""50057"": 0.02549534540239684, ""50059"": 0.02549534540239684, ""50061"": 0.025080124410916962, ""50063"": 0.02549534540239684, ""50065"": 0.02549534540239684, ""50067"": 0.02506219056531054, ""50069"": 0.02549534540239684}"
15,14,1,201,0.380547,10,"{""50051"": 2.634635943348461, ""50053"": 1.4559238596737578, ""50055"": 1.3854420055818015, ""50057"": 1.2577240886411527, ""50059"": 2.176903977464694, ""50061"": 3.105943627950894, ""50063"": 2.157383049394084, ""50065"": 2.4471846155203365, ""50067"": 2.984841009933903, ""50069"": 2.4453881726807594}","{""50051"": 0, ""50053"": 0, ""50055"": 0, ""50057"": 0, ""50059"": 0, ""50061"": 1437, ""50063"": 0, ""50065"": 0, ""50067"": 0, ""50069"": 0}","{""50051"": 0.02553086428974087, ""50053"": 0.02553086428974087, ""50055"": 0.02553086428974087, ""50057"": 0.02553086428974087, ""50059"": 0.02553086428974087, ""50061"": 0.024699279766021116, ""50063"": 0.02553086428974087, ""50065"": 0.02553086428974087, ""50067"": 0.02553086428974087, ""50069"": 0.02553086428974087}"
16,15,1,115,0.217173,10,"{""50051"": 2.815058320131656, ""50053"": 1.4559238596737578, ""50055"": 1.3854420055818015, ""50057"": 1.2577240886411527, ""50059"": 2.2531619544401686, ""50061"": 3.305943627950894, ""50063"": 2.2196273331384715, ""50065"": 2.5234425924958113, ""50067"": 3.0610989869093777, ""50069"": 2.5365273509815003}","{""50051"": 0, ""50053"": 0, ""50055"": 0, ""50057"": 0, ""50059"": 0, ""50061"": 1409, ""50063"": 0, ""50065"": 0, ""50067"": 0, ""50069"": 0}","{""50051"": 0.025566394167494108, ""50053"": 0.025566394167494108, ""50055"": 0.025566394167494108, ""50057"": 0.025566394167494108, ""50059"": 0.025566394167494108, ""50061"": 0.024751023646943694, ""50063"": 0.025566394167494108, ""50065"": 0.025566394167494108, ""50067"": 0.025566394167494108, ""50069"": 0.025566394167494108}"
17,16,1,126,0.238601,10,"{""50051"": 2.92987821840138, ""50053"": 1.570743757943482, ""50055"": 1.3854420055818015, ""50057"": 1.3725439869108769, ""50059"": 2.3340425573870585, ""50061"": 3.491218799473557, ""50063"": 2.3145946776097674, ""50065"": 2.6161666925574045, ""50067"": 3.261098986909378, ""50069"": 2.686419419867127}","{""50051"": 0, ""50053"": 0, ""50055"": 0, ""50057"": 0, ""50059"": 0, ""50061"": 1385, ""50063"": 0, ""50065"": 0, ""50067"": 0, ""50069"": 0}","{""50051"": 0.025596878839341627, ""50053"": 0.025596878839341627, ""50055"": 0.025596878839341627, ""50057"": 0.025596878839341627, ""50059"": 0.025596878839341627, ""50061"": 0.024795405763375952, ""50063"": 0.025596878839341627, ""50065"": 0.025596878839341627, ""50067"": 0.025596878839341627, ""50069"": 0.025596878839341627}"
18,17,1,126,0.236890,10,"{""50051"": 2.92987821840138, ""50053"": 1.570743757943482, ""50055"": 1.3854420055818015, ""50057"": 1.3725439869108769, ""50059"": 2.3340425573870585, ""50061"": 3.491218799473557, ""50063"": 2.3145946776097674, ""50065"": 2.6161666925574045, ""50067"": 3.261098986909378, ""50069"": 2.686419419867127}","{""50051"": 0, ""50053"": 0, ""50055"": 0, ""50057"": 0, ""50059"": 0, ""50061"": 1385, ""50063"": 0, ""50065"": 0, ""50067"": 0, ""50069"": 0}","{""50051"": 0.025596878839341627, ""50053"": 0.025596878839341627, ""50055"": 0.025596878839341627, ""50057"": 0.025596878839341627, ""50059"": 0.025596878839341627, ""50061"": 0.024795405763375952, ""50063"": 0.025596878839341627, ""50065"": 0.025596878839341627, ""50067"": 0.025596878839341627, ""50069"": 0.025596878839341627}"
19,18,1,126,0.238803,10,"{""50051"": 2.92987821840138, ""50053"": 1.570743757943482, ""50055"": 1.3854420055818015, ""50057"": 1.3725439869108769, ""50059"": 2.3340425573870585, ""50061"": 3.491218799473557, ""50063"": 2.3145946776097674, ""50065"": 2.6161666925574045, ""50067"": 3.261098986909378, ""50069"": 2.686419419867127}","{""50051"": 0, ""50053"": 0, ""50055"": 0, ""50057"": 0, ""50059"": 0, ""50061"": 1385, ""50063"": 0, ""50065"": 0, ""50067"": 0, ""50069"": 0}","{""50051"": 0.025596878839341627, ""50053"": 0.025596878839341627, ""50055"": 0.025596878839341627, ""50057"": 0.025596878839341627, ""50059"": 0.025596878839341627, ""50061"": 0.024795405763375952, ""50063"": 0.025596878839341627, ""50065"": 0.025596878839341627, ""50067"": 0.025596878839341627, ""50069"": 0.025596878839341627}"
20,19,1,111,0.211540,10,"{""50051"": 3.1298782184013803, ""50053"": 1.629671526848106, ""50055"": 1.3854420055818015, ""50057"": 1.4314717558155008, ""50059"": 2.3690422544055854, ""50061"": 3.58351011029781, ""50063"": 2.373522446514391, ""50065"": 2.652807009963902, ""50067"": 3.3050792326822016, ""50069"": 2.6910022311773933}","{""50051"": 0, ""50053"": 0, ""50055"": 0, ""50057"": 0, ""50059"": 0, ""50061"": 1374, ""50063"": 0, ""50065"": 0, ""50067"": 0, ""50069"": 0}","{""50051"": 0.02561147732098429, ""50053"": 0.02561147732098429, ""50055"": 0.02561147732098429, ""50057"": 0.02561147732098429, ""50059"": 0.02561147732098429, ""50061"": 0.024816371761594885, ""50063"": 0.02561147732098429, ""50065"": 0.02561147732098429, ""50067"": 0.02561147732098429, ""50069"": 0.02561147732098429}"
21,20,1,111,0.212153,10,"{""50051"": 3.3298782184013804, ""50053"": 1.6582429554195344, ""50055"": 1.3854420055818015, ""50057"": 1.4314717558155008, ""50059"": 2.3690422544055854, ""50061"": 3.6120815388692384, ""50063"": 2.373522446514391, ""50065"": 2.6813784385353303, ""50067"": 3.3050792326822016, ""50069"": 2.6910022311773933}","{""50051"": 0, ""50053"": 0, ""50055"": 0, ""50057"": 0, ""50059"": 0, ""50061"": 1371, ""50063"": 0, ""50065"": 0, ""50067"": 0, ""50069"": 0}","{""50051"": 0.025616089362510974, ""50053"": 0.025616089362510974, ""50055"": 0.025616089362510974, ""50057"": 0.025616089362510974, ""50059"": 0.025616089362510974, ""50061"": 0.02482271881190862, ""50063"": 0.025616089362510974, ""50065"": 0.025616089362510974, ""50067"": 0.025616089362510974, ""50069"": 0.025616089362510974}"
22,21,1,82,0.155083,10,"{""50051"": 3.3799858745963864, ""50053"": 1.6582429554195344, ""50055"": 1.3854420055818015, ""50057"": 1.4314717558155008, ""50059"": 2.4191499106005914, ""50061"": 3.8120815388692386, ""50063"": 2.423630102709397, ""50065"": 2.728827720704401, ""50067"": 3.3616174971433166, ""50069"": 2.737768277912248}","{""50051"": 0, ""50053"": 0, ""50055"": 0, ""50057"": 0, ""50059"": 0, ""50061"": 1346, ""50063"": 0, ""50065"": 0, ""50067"": 0, ""50069"": 0}","{""50051"": 0.025644251622005565, ""50053"": 0.025644251622005565, ""50055"": 0.025644251622005565, ""50057"": 0.025644251622005565, ""50059"": 0.025644251622005565, ""50061"": 0.024865368235784276, ""50063"": 0.025644251622005565, ""50065"": 0.025644251622005565, ""50067"": 0.025644251622005565, ""50069"": 0.025644251622005565}"
23,22,1,129,0.244514,10,"{""50051"": 3.5799858745963866, ""50053"": 1.6582429554195344, ""50055"": 1.3854420055818015, ""50057"": 1.4314717558155008, ""50059"": 2.4191499106005914, ""50061"": 3.830733028453868, ""50063"": 2.4548660297929157, ""50065"": 2.7600636477879195, ""50067"": 3.392853424226835, ""50069"": 2.737768277912248}","{""50051"": 0, ""50053"": 0, ""50055"": 0, ""50057"": 0, ""50059"": 0, ""50061"": 1344, ""50063"": 0, ""50065"": 0, ""50067"": 0, ""50069"": 0}","{""50051"": 0.025646920666294315, ""50053"": 0.025646920666294315, ""50055"": 0.025646920666294315, ""50057"": 0.025646920666294315, ""50059"": 0.025646920666294315, ""50061"": 0.02486919497739059, ""50063"": 0.025646920666294315, ""50065"": 0.025646920666294315, ""50067"": 0.025646920666294315, ""50069"": 0.025646920666294315}"
24,23,1,351,0.667720,10,"{""50051"": 3.779985874596387, ""50053"": 1.6868143839909628, ""50055"": 1.3854420055818015, ""50057"": 1.4314717558155008, ""50059"": 2.4191499106005914, ""50061"": 3.8593044570252966, ""50063"": 2.483437458364344, ""50065"": 2.7600636477879195, ""50067"": 3.392853424226835, ""50069"": 2.737768277912248}","{""50051"": 3, ""50053"": 0, ""50055"": 0, ""50057"": 0, ""50059"": 0, ""50061"": 1337, ""50063"": 0, ""50065"": 0, ""50067"": 0, ""50069"": 0}","{""50051"": 0.025648653042797315, ""50053"": 0.025650950887548957, ""50055"": 0.025650950887548957, ""50057"": 0.025650950887548957, ""50059"": 0.025650950887548957, ""50061"": 0.024877278449256846, ""50063"": 0.025650950887548957, ""50065"": 0.025650950887548957, ""50067"": 0.025650950887548957, ""50069"": 0.025650950887548957}"
25,24,1,351,0.664073,10,"{""50051"": 3.779985874596387, ""50053"": 1.6868143839909628, ""50055"": 1.3854420055818015, ""50057"": 1.4314717558155008, ""50059"": 2.4191499106005914, ""50061"": 3.8593044570252966, ""50063"": 2.483437458364344, ""50065"": 2.7600636477879195, ""50067"": 3.392853424226835, ""50069"": 2.737768277912248}","{""50051"": 3, ""50053"": 0, ""50055"": 0, ""50057"": 0, ""50059"": 0, ""50061"": 1337, ""50063"": 0, ""50065"": 0, ""50067"": 0, ""50069"": 0}","{""50051"": 0.025648653042797315, ""50053"": 0.025650950887548957, ""50055"": 0.025650950887548957, ""50057"": 0.025650950887548957, ""50059"": 0.025650950887548957, ""50061"": 0.024877278449256846, ""50063"": 0.025650950887548957, ""50065"": 0.025650950887548957, ""50067"": 0.025650950887548957, ""50069"": 0.025650950887548957}"
26,25,1,340,0.643899,10,"{""50051"": 3.979985874596387, ""50053"": 1.6868143839909628, ""50055"": 1.3854420055818015, ""50057"": 1.4600431843869293, ""50059"": 2.4191499106005914, ""50061"": 3.887875885596725, ""50063"": 2.483437458364344, ""50065"": 2.7600636477879195, ""50067"": 3.392853424226835, ""50069"": 2.7663397064836763}","{""50051"": 1325, ""50053"": 0, ""50055"": 0, ""50057"": 0, ""50059"": 0, ""50061"": 2, ""50063"": 0, ""50065"": 0, ""50067"": 0, ""50069"": 0}","{""50051"": 0.024900654751823056, ""50053"": 0.025667378509051195, ""50055"": 0.025667378509051195, ""50057"": 0.025667378509051195, ""50059"": 0.025667378509051195, ""50061"": 0.025665660744254082, ""50063"": 0.025667378509051195, ""50065"": 0.025667378509051195, ""50067"": 0.025667378509051195, ""50069"": 0.025667378509051195}"
27,26,1,340,0.644003,10,"{""50051"": 3.979985874596387, ""50053"": 1.6868143839909628, ""50055"": 1.3854420055818015, ""50057"": 1.4600431843869293, ""50059"": 2.4191499106005914, ""50061"": 3.887875885596725, ""50063"": 2.483437458364344, ""50065"": 2.7600636477879195, ""50067"": 3.392853424226835, ""50069"": 2.7663397064836763}","{""50051"": 1325, ""50053"": 0, ""50055"": 0, ""50057"": 0, ""50059"": 0, ""50061"": 2, ""50063"": 0, ""50065"": 0, ""50067"": 0, ""50069"": 0}","{""50051"": 0.024900654751823056, ""50053"": 0.025667378509051195, ""50055"": 0.025667378509051195, ""50057"": 0.025667378509051195, ""50059"": 0.025667378509051195, ""50061"": 0.025665660744254082, ""50063"": 0.025667378509051195, ""50065"": 0.025667378509051195, ""50067"": 0.025667378509051195, ""50069"": 0.025667378509051195}"
28,27,1,119,0.224011,10,"{""50051"": 4.179985874596387, ""50053"": 1.7153858125623913, ""50055"": 1.41401343415323, ""50057"": 1.4600431843869293, ""50059"": 2.4191499106005914, ""50061"": 3.887875885596725, ""50063"": 2.5120088869357726, ""50065"": 2.7600636477879195, ""50067"": 3.392853424226835, ""50069"": 2.7663397064836763}","{""50051"": 1307, ""50053"": 0, ""50055"": 0, ""50057"": 0, ""50059"": 0, ""50061"": 0, ""50063"": 0, ""50065"": 0, ""50067"": 0, ""50069"": 0}","{""50051"": 0.024936608889164418, ""50053"": 0.025692906783053443, ""50055"": 0.025692906783053443, ""50057"": 0.025692906783053443, ""50059"": 0.025692906783053443, ""50061"": 0.025692906783053443, ""50063"": 0.025692906783053443, ""50065"": 0.025692906783053443, ""50067"": 0.025692906783053443, ""50069"": 0.025692906783053443}"
29,28,1,119,0.224083,10,"{""50051"": 4.179985874596387, ""50053"": 1.7153858125623913, ""50055"": 1.41401343415323, ""50057"": 1.4600431843869293, ""50059"": 2.4191499106005914, ""50061"": 3.887875885596725, ""50063"": 2.5120088869357726, ""50065"": 2.7600636477879195, ""50067"": 3.392853424226835, ""50069"": 2.7663397064836763}","{""50051"": 1307, ""50053"": 0, ""50055"": 0, ""50057"": 0, ""50059"": 0, ""50061"": 0, ""50063"": 0, ""50065"": 0, ""50067"": 0, ""50069"": 0}","{""50051"": 0.024936608889164418, ""50053"": 0.025692906783053443, ""50055"": 0.025692906783053443, ""50057"": 0.025692906783053443, ""50059"": 0.025692906783053443, ""50061"": 0.025692906783053443, ""50063"": 0.025692906783053443, ""50065"": 0.025692906783053443, ""50067"": 0.025692906783053443, ""50069"": 0.025692906783053443}"
30,29,1,119,0.224141,10,"{""50051"": 4.179985874596387, ""50053"": 1.7153858125623913, ""50055"": 1.41401343415323, ""50057"": 1.4600431843869293, ""50059"": 2.4191499106005914, ""50061"": 3.887875885596725, ""50063"": 2.5120088869357726, ""50065"": 2.7600636477879195, ""50067"": 3.392853424226835, ""50069"": 2.7663397064836763}","{""50051"": 1307, ""50053"": 0, ""50055"": 0, ""50057"": 0, ""50059"": 0, ""50061"": 0, ""50063"": 0, ""50065"": 0, ""50067"": 0, ""50069"": 0}","{""50051"": 0.024936608889164418, ""50053"": 0.025692906783053443, ""50055"": 0.025692906783053443, ""50057"": 0.025692906783053443, ""50059"": 0.025692906783053443, ""50061"": 0.025692906783053443, ""50063"": 0.025692906783053443, ""50065"": 0.025692906783053443, ""50067"": 0.025692906783053443, ""50069"": 0.025692906783053443}"
31,30,1,119,0.228404,10,"{""50051"": 4.179985874596387, ""50053"": 1.7153858125623913, ""50055"": 1.41401343415323, ""50057"": 1.4600431843869293, ""50059"": 2.4191499106005914, ""50061"": 3.887875885596725, ""50063"": 2.5120088869357726, ""50065"": 2.7600636477879195, ""50067"": 3.392853424226835, ""50069"": 2.7663397064836763}","{""50051"": 1307, ""50053"": 0, ""50055"": 0, ""50057"": 0, ""50059"": 0, ""50061"": 0, ""50063"": 0, ""50065"": 0, ""50067"": 0, ""50069"": 0}","{""50051"": 0.024936608889164418, ""50053"": 0.025692906783053443, ""50055"": 0.025692906783053443, ""50057"": 0.025692906783053443, ""50059"": 0.025692906783053443, ""50061"": 0.025692906783053443, ""50063"": 0.025692906783053443, ""50065"": 0.025692906783053443, ""50067"": 0.025692906783053443, ""50069"": 0.025692906783053443}"
32,31,1,87,0.164852,10,"{""50051"": 4.379985874596387, ""50053"": 1.7153858125623913, ""50055"": 1.41401343415323, ""50057"": 1.4600431843869293, ""50059"": 2.4191499106005914, ""50061"": 3.9164473141681535, ""50063"": 2.540580315507201, ""50065"": 2.7600636477879195, ""50067"": 3.4214248527982636, ""50069"": 2.7663397064836763}","{""50051"": 1288, ""50053"": 0, ""50055"": 0, ""50057"": 0, ""50059"": 0, ""50061"": 0, ""50063"": 0, ""50065"": 0, ""50067"": 0, ""50069"": 0}","{""50051"": 0.024971956686361377, ""50053"": 0.025717253615783878, ""50055"": 0.025717253615783878, ""50057"": 0.025717253615783878, ""50059"": 0.025717253615783878, ""50061"": 0.025717253615783878, ""50063"": 0.025717253615783878, ""50065"": 0.025717253615783878, ""50067"": 0.025717253615783878, ""50069"": 0.025717253615783878}"
33,32,1,72,0.136320,10,"{""50051"": 4.579985874596387, ""50053"": 1.7153858125623913, ""50055"": 1.41401343415323, ""50057"": 1.492192844982392, ""50059"": 2.4191499106005914, ""50061"": 3.9414949383363935, ""50063"": 2.572729976102664, ""50065"": 2.7600636477879195, ""50067"": 3.4535745133937263, ""50069"": 2.7663397064836763}","{""50051"": 1270, ""50053"": 0, ""50055"": 0, ""50057"": 0, ""50059"": 0, ""50061"": 0, ""50063"": 0, ""50065"": 0, ""50067"": 0, ""50069"": 0}","{""50051"": 0.025005236892421744, ""50053"": 0.025740111584062128, ""50055"": 0.025740111584062128, ""50057"": 0.025740111584062128, ""50059"": 0.025740111584062128, ""50061"": 0.025740111584062128, ""50063"": 0.025740111584062128, ""50065"": 0.025740111584062128, ""50067"": 0.025740111584062128, ""50069"": 0.025740111584062128}"
34,33,1,62,0.117890,10,"{""50051"": 4.779985874596387, ""50053"": 1.7439572411338198, ""50055"": 1.41401343415323, ""50057"": 1.492192844982392, ""50059"": 2.4191499106005914, ""50061"": 3.9414949383363935, ""50063"": 2.572729976102664, ""50065"": 2.788635076359348, ""50067"": 3.482145941965155, ""50069"": 2.7663397064836763}","{""50051"": 1252, ""50053"": 0, ""50055"": 0, ""50057"": 0, ""50059"": 0, ""50061"": 0, ""50063"": 0, ""50065"": 0, ""50067"": 0, ""50069"": 0}","{""50051"": 0.025036653556442006, ""50053"": 0.025761099314410646, ""50055"": 0.025761099314410646, ""50057"": 0.025761099314410646, ""50059"": 0.025761099314410646, ""50061"": 0.025761099314410646, ""50063"": 0.025761099314410646, ""50065"": 0.025761099314410646, ""50067"": 0.025761099314410646, ""50069"": 0.025761099314410646}"
35,34,1,62,0.117808,10,"{""50051"": 4.779985874596387, ""50053"": 1.7439572411338198, ""50055"": 1.41401343415323, ""50057"": 1.492192844982392, ""50059"": 2.4191499106005914, ""50061"": 3.9414949383363935, ""50063"": 2.572729976102664, ""50065"": 2.788635076359348, ""50067"": 3.482145941965155, ""50069"": 2.7663397064836763}","{""50051"": 1252, ""50053"": 0, ""50055"": 0, ""50057"": 0, ""50059"": 0, ""50061"": 0, ""50063"": 0, ""50065"": 0, ""50067"": 0, ""50069"": 0}","{""50051"": 0.025036653556442006, ""50053"": 0.025761099314410646, ""50055"": 0.025761099314410646, ""50057"": 0.025761099314410646, ""50059"": 0.025761099314410646, ""50061"": 0.025761099314410646, ""50063"": 0.025761099314410646, ""50065"": 0.025761099314410646, ""50067"": 0.025761099314410646, ""50069"": 0.025761099314410646}"
36,35,1,62,0.116746,10,"{""50051"": 4.779985874596387, ""50053"": 1.7439572411338198, ""50055"": 1.41401343415323, ""50057"": 1.492192844982392, ""50059"": 2.4191499106005914, ""50061"": 3.9414949383363935, ""50063"": 2.572729976102664, ""50065"": 2.788635076359348, ""50067"": 3.482145941965155, ""50069"": 2.7663397064836763}","{""50051"": 1252, ""50053"": 0, ""50055"": 0, ""50057"": 0, ""50059"": 0, ""50061"": 0, ""50063"": 0, ""50065"": 0, ""50067"": 0, ""50069"": 0}","{""50051"": 0.025036653556442006, ""50053"": 0.025761099314410646, ""50055"": 0.025761099314410646, ""50057"": 0.025761099314410646, ""50059"": 0.025761099314410646, ""50061"": 0.025761099314410646, ""50063"": 0.025761099314410646, ""50065"": 0.025761099314410646, ""50067"": 0.025761099314410646, ""50069"": 0.025761099314410646}"
37,36,1,62,0.117920,10,"{""50051"": 4.779985874596387, ""50053"": 1.7439572411338198, ""50055"": 1.41401343415323, ""50057"": 1.492192844982392, ""50059"": 2.4191499106005914, ""50061"": 3.9414949383363935, ""50063"": 2.572729976102664, ""50065"": 2.788635076359348, ""50067"": 3.482145941965155, ""50069"": 2.7663397064836763}","{""50051"": 1252, ""50053"": 0, ""50055"": 0, ""50057"": 0, ""50059"": 0, ""50061"": 0, ""50063"": 0, ""50065"": 0, ""50067"": 0, ""50069"": 0}","{""50051"": 0.025036653556442006, ""50053"": 0.025761099314410646, ""50055"": 0.025761099314410646, ""50057"": 0.025761099314410646, ""50059"": 0.025761099314410646, ""50061"": 0.025761099314410646, ""50063"": 0.025761099314410646, ""50065"": 0.025761099314410646, ""50067"": 0.025761099314410646, ""50069"": 0.025761099314410646}"
38,37,1,60,0.113394,10,"{""50051"": 4.979985874596387, ""50053"": 1.7439572411338198, ""50055"": 1.4935486718034048, ""50057"": 1.492192844982392, ""50059"": 2.4986851482507664, ""50061"": 4.040072240867313, ""50063"": 2.6121033211065408, ""50065"": 2.8747887540459764, ""50067"": 3.6147882802949542, ""50069"": 2.8458749441338513}","{""50051"": 1236, ""50053"": 0, ""50055"": 0, ""50057"": 0, ""50059"": 0, ""50061"": 0, ""50063"": 0, ""50065"": 0, ""50067"": 0, ""50069"": 0}","{""50051"": 0.025066382024568915, ""50053"": 0.02578156396378692, ""50055"": 0.02578156396378692, ""50057"": 0.02578156396378692, ""50059"": 0.02578156396378692, ""50061"": 0.02578156396378692, ""50063"": 0.02578156396378692, ""50065"": 0.02578156396378692, ""50067"": 0.02578156396378692, ""50069"": 0.02578156396378692}"
39,38,1,55,0.103563,10,"{""50051"": 5.179985874596388, ""50053"": 1.7725286697052482, ""50055"": 1.4935486718034048, ""50057"": 1.492192844982392, ""50059"": 2.527256576822195, ""50061"": 4.040072240867313, ""50063"": 2.6121033211065408, ""50065"": 2.903360182617405, ""50067"": 3.6147882802949542, ""50069"": 2.8458749441338513}","{""50051"": 1221, ""50053"": 0, ""50055"": 0, ""50057"": 0, ""50059"": 0, ""50061"": 0, ""50063"": 0, ""50065"": 0, ""50067"": 0, ""50069"": 0}","{""50051"": 0.025094575136925715, ""50053"": 0.02580107355459721, ""50055"": 0.02580107355459721, ""50057"": 0.02580107355459721, ""50059"": 0.02580107355459721, ""50061"": 0.02580107355459721, ""50063"": 0.02580107355459721, ""50065"": 0.02580107355459721, ""50067"": 0.02580107355459721, ""50069"": 0.02580107355459721}"
40,39,1,51,0.097065,10,"{""50051"": 5.379985874596388, ""50053"": 1.8011000982766767, ""50055"": 1.4935486718034048, ""50057"": 1.5207642735538205, ""50059"": 2.527256576822195, ""50061"": 4.040072240867313, ""50063"": 2.6121033211065408, ""50065"": 2.9319316111888334, ""50067"": 3.6147882802949542, ""50069"": 2.8458749441338513}","{""50051"": 1205, ""50053"": 0, ""50055"": 0, ""50057"": 0, ""50059"": 0, ""50061"": 0, ""50063"": 0, ""50065"": 0, ""50067"": 0, ""50069"": 0}","{""50051"": 0.02512136705112961, ""50053"": 0.025818591511108227, ""50055"": 0.025818591511108227, ""50057"": 0.025818591511108227, ""50059"": 0.025818591511108227, ""50061"": 0.025818591511108227, ""50063"": 0.025818591511108227, ""50065"": 0.025818591511108227, ""50067"": 0.025818591511108227, ""50069"": 0.025818591511108227}"
41,40,1,51,0.096998,10,"{""50051"": 5.379985874596388, ""50053"": 1.8011000982766767, ""50055"": 1.4935486718034048, ""50057"": 1.5207642735538205, ""50059"": 2.527256576822195, ""50061"": 4.040072240867313, ""50063"": 2.6121033211065408, ""50065"": 2.9319316111888334, ""50067"": 3.6147882802949542, ""50069"": 2.8458749441338513}","{""50051"": 1205, ""50053"": 0, ""50055"": 0, ""50057"": 0, ""50059"": 0, ""50061"": 0, ""50063"": 0, ""50065"": 0, ""50067"": 0, ""50069"": 0}","{""50051"": 0.02512136705112961, ""50053"": 0.025818591511108227, ""50055"": 0.025818591511108227, ""50057"": 0.025818591511108227, ""50059"": 0.025818591511108227, ""50061"": 0.025818591511108227, ""50063"": 0.025818591511108227, ""50065"": 0.025818591511108227, ""50067"": 0.025818591511108227, ""50069"": 0.025818591511108227}"
42,41,1,50,0.094173,10,"{""50051"": 5.579985874596388, ""50053"": 1.8011000982766767, ""50055"": 1.4935486718034048, ""50057"": 1.5666898079158378, ""50059"": 2.5476329577825894, ""50061"": 4.14117460044104, ""50063"": 2.6121033211065408, ""50065"": 2.9319316111888334, ""50067"": 3.6607138146569715, ""50069"": 2.8918004784958686}","{""50051"": 1191, ""50053"": 0, ""50055"": 0, ""50057"": 0, ""50059"": 0, ""50061"": 0, ""50063"": 0, ""50065"": 0, ""50067"": 0, ""50069"": 0}","{""50051"": 0.025146875709113652, ""50053"": 0.025835992733919372, ""50055"": 0.025835992733919372, ""50057"": 0.025835992733919372, ""50059"": 0.025835992733919372, ""50061"": 0.025835992733919372, ""50063"": 0.025835992733919372, ""50065"": 0.025835992733919372, ""50067"": 0.025835992733919372, ""50069"": 0.025835992733919372}"
43,42,1,50,0.094949,10,"{""50051"": 5.579985874596388, ""50053"": 1.8011000982766767, ""50055"": 1.4935486718034048, ""50057"": 1.5666898079158378, ""50059"": 2.5476329577825894, ""50061"": 4.14117460044104, ""50063"": 2.6121033211065408, ""50065"": 2.9319316111888334, ""50067"": 3.6607138146569715, ""50069"": 2.8918004784958686}","{""50051"": 1191, ""50053"": 0, ""50055"": 0, ""50057"": 0, ""50059"": 0, ""50061"": 0, ""50063"": 0, ""50065"": 0, ""50067"": 0, ""50069"": 0}","{""50051"": 0.025146875709113652, ""50053"": 0.025835992733919372, ""50055"": 0.025835992733919372, ""50057"": 0.025835992733919372, ""50059"": 0.025835992733919372, ""50061"": 0.025835992733919372, ""50063"": 0.025835992733919372, ""50065"": 0.025835992733919372, ""50067"": 0.025835992733919372, ""50069"": 0.025835992733919372}"
44,43,1,50,0.094948,10,"{""50051"": 5.579985874596388, ""50053"": 1.8011000982766767, ""50055"": 1.4935486718034048, ""50057"": 1.5666898079158378, ""50059"": 2.5476329577825894, ""50061"": 4.14117460044104, ""50063"": 2.6121033211065408, ""50065"": 2.9319316111888334, ""50067"": 3.6607138146569715, ""50069"": 2.8918004784958686}","{""50051"": 1191, ""50053"": 0, ""50055"": 0, ""50057"": 0, ""50059"": 0, ""50061"": 0, ""50063"": 0, ""50065"": 0, ""50067"": 0, ""50069"": 0}","{""50051"": 0.025146875709113652, ""50053"": 0.025835992733919372, ""50055"": 0.025835992733919372, ""50057"": 0.025835992733919372, ""50059"": 0.025835992733919372, ""50061"": 0.025835992733919372, ""50063"": 0.025835992733919372, ""50065"": 0.025835992733919372, ""50067"": 0.025835992733919372, ""50069"": 0.025835992733919372}"
45,44,1,48,0.090326,10,"{""50051"": 5.779985874596388, ""50053"": 1.8011000982766767, ""50055"": 1.5221201003748333, ""50057"": 1.5666898079158378, ""50059"": 2.576204386354018, ""50061"": 4.14117460044104, ""50063"": 2.6121033211065408, ""50065"": 2.9319316111888334, ""50067"": 3.6607138146569715, ""50069"": 2.920371907067297}","{""50051"": 1178, ""50053"": 0, ""50055"": 0, ""50057"": 0, ""50059"": 0, ""50061"": 0, ""50063"": 0, ""50065"": 0, ""50067"": 0, ""50069"": 0}","{""50051"": 0.02517120519667478, ""50053"": 0.025852796248472462, ""50055"": 0.025852796248472462, ""50057"": 0.025852796248472462, ""50059"": 0.025852796248472462, ""50061"": 0.025852796248472462, ""50063"": 0.025852796248472462, ""50065"": 0.025852796248472462, ""50067"": 0.025852796248472462, ""50069"": 0.025852796248472462}"
46,45,1,46,0.087373,10,"{""50051"": 5.979985874596388, ""50053"": 1.8296715268481052, ""50055"": 1.5221201003748333, ""50057"": 1.5666898079158378, ""50059"": 2.576204386354018, ""50061"": 4.14117460044104, ""50063"": 2.6406747496779692, ""50065"": 2.9319316111888334, ""50067"": 3.6607138146569715, ""50069"": 2.9489433356387256}","{""50051"": 1165, ""50053"": 0, ""50055"": 0, ""50057"": 0, ""50059"": 0, ""50061"": 0, ""50063"": 0, ""50065"": 0, ""50067"": 0, ""50069"": 0}","{""50051"": 0.025194447660680033, ""50053"": 0.02586850888758087, ""50055"": 0.02586850888758087, ""50057"": 0.02586850888758087, ""50059"": 0.02586850888758087, ""50061"": 0.02586850888758087, ""50063"": 0.02586850888758087, ""50065"": 0.02586850888758087, ""50067"": 0.02586850888758087, ""50069"": 0.02586850888758087}"
47,46,1,45,0.085166,10,"{""50051"": 6.1799858745963885, ""50053"": 1.8296715268481052, ""50055"": 1.5221201003748333, ""50057"": 1.5666898079158378, ""50059"": 2.6047758149254463, ""50061"": 4.169746029012469, ""50063"": 2.6406747496779692, ""50065"": 2.9319316111888334, ""50067"": 3.6607138146569715, ""50069"": 2.977514764210154}","{""50051"": 1154, ""50053"": 0, ""50055"": 0, ""50057"": 0, ""50059"": 0, ""50061"": 0, ""50063"": 0, ""50065"": 0, ""50067"": 0, ""50069"": 0}","{""50051"": 0.025216685811457345, ""50053"": 0.02588438481741097, ""50055"": 0.02588438481741097, ""50057"": 0.02588438481741097, ""50059"": 0.02588438481741097, ""50061"": 0.02588438481741097, ""50063"": 0.02588438481741097, ""50065"": 0.02588438481741097, ""50067"": 0.02588438481741097, ""50069"": 0.02588438481741097}"
48,47,1,45,0.085545,10,"{""50051"": 6.1799858745963885, ""50053"": 1.8296715268481052, ""50055"": 1.5221201003748333, ""50057"": 1.5666898079158378, ""50059"": 2.6047758149254463, ""50061"": 4.169746029012469, ""50063"": 2.6406747496779692, ""50065"": 2.9319316111888334, ""50067"": 3.6607138146569715, ""50069"": 2.977514764210154}","{""50051"": 1154, ""50053"": 0, ""50055"": 0, ""50057"": 0, ""50059"": 0, ""50061"": 0, ""50063"": 0, ""50065"": 0, ""50067"": 0, ""50069"": 0}","{""50051"": 0.025216685811457345, ""50053"": 0.02588438481741097, ""50055"": 0.02588438481741097, ""50057"": 0.02588438481741097, ""50059"": 0.02588438481741097, ""50061"": 0.02588438481741097, ""50063"": 0.02588438481741097, ""50065"": 0.02588438481741097, ""50067"": 0.02588438481741097, ""50069"": 0.02588438481741097}"
49,48,1,44,0.082710,10,"{""50051"": 6.379985874596389, ""50053"": 1.8296715268481052, ""50055"": 1.5506915289462617, ""50057"": 1.5666898079158378, ""50059"": 2.6047758149254463, ""50061"": 4.198317457583897, ""50063"": 2.6406747496779692, ""50065"": 2.960503039760262, ""50067"": 3.6607138146569715, ""50069"": 2.977514764210154}","{""50051"": 1141, ""50053"": 0, ""50055"": 0, ""50057"": 0, ""50059"": 0, ""50061"": 0, ""50063"": 0, ""50065"": 0, ""50067"": 0, ""50069"": 0}","{""50051"": 0.02523799322781346, ""50053"": 0.025898155636910475, ""50055"": 0.025898155636910475, ""50057"": 0.025898155636910475, ""50059"": 0.025898155636910475, ""50061"": 0.025898155636910475, ""50063"": 0.025898155636910475, ""50065"": 0.025898155636910475, ""50067"": 0.025898155636910475, ""50069"": 0.025898155636910475}"
50,49,1,44,0.082491,10,"{""50051"": 6.379985874596389, ""50053"": 1.8296715268481052, ""50055"": 1.5506915289462617, ""50057"": 1.5666898079158378, ""50059"": 2.6047758149254463, ""50061"": 4.198317457583897, ""50063"": 2.6406747496779692, ""50065"": 2.960503039760262, ""50067"": 3.6607138146569715, ""50069"": 2.977514764210154}","{""50051"": 1141, ""50053"": 0, ""50055"": 0, ""50057"": 0, ""50059"": 0, ""50061"": 0, ""50063"": 0, ""50065"": 0, ""50067"": 0, ""50069"": 0}","{""50051"": 0.02523799322781346, ""50053"": 0.025898155636910475, ""50055"": 0.025898155636910475, ""50057"": 0.025898155636910475, ""50059"": 0.025898155636910475, ""50061"": 0.025898155636910475, ""50063"": 0.025898155636910475, ""50065"": 0.025898155636910475, ""50067"": 0.025898155636910475, ""50069"": 0.025898155636910475}"
51,50,1,44,0.083124,10,"{""50051"": 6.379985874596389, ""50053"": 1.8296715268481052, ""50055"": 1.5506915289462617, ""50057"": 1.5666898079158378, ""50059"": 2.6047758149254463, ""50061"": 4.198317457583897, ""50063"": 2.6406747496779692, ""50065"": 2.960503039760262, ""50067"": 3.6607138146569715, ""50069"": 2.977514764210154}","{""50051"": 1141, ""50053"": 0, ""50055"": 0, ""50057"": 0, ""50059"": 0, ""50061"": 0, ""50063"": 0, ""50065"": 0, ""50067"": 0, ""50069"": 0}","{""50051"": 0.02523799322781346, ""50053"": 0.025898155636910475, ""50055"": 0.025898155636910475, ""50057"": 0.025898155636910475, ""50059"": 0.025898155636910475, ""50061"": 0.025898155636910475, ""50063"": 0.025898155636910475, ""50065"": 0.025898155636910475, ""50067"": 0.025898155636910475, ""50069"": 0.025898155636910475}"
52,51,1,44,0.083889,10,"{""50051"": 6.379985874596389, ""50053"": 1.8296715268481052, ""50055"": 1.5506915289462617, ""50057"": 1.5666898079158378, ""50059"": 2.6047758149254463, ""50061"": 4.198317457583897, ""50063"": 2.6406747496779692, ""50065"": 2.960503039760262, ""50067"": 3.6607138146569715, ""50069"": 2.977514764210154}","{""50051"": 1141, ""50053"": 0, ""50055"": 0, ""50057"": 0, ""50059"": 0, ""50061"": 0, ""50063"": 0, ""50065"": 0, ""50067"": 0, ""50069"": 0}","{""50051"": 0.02523799322781346, ""50053"": 0.025898155636910475, ""50055"": 0.025898155636910475, ""50057"": 0.025898155636910475, ""50059"": 0.025898155636910475, ""50061"": 0.025898155636910475, ""50063"": 0.025898155636910475, ""50065"": 0.025898155636910475, ""50067"": 0.025898155636910475, ""50069"": 0.025898155636910475}"
53,52,1,44,0.085241,10,"{""50051"": 6.379985874596389, ""50053"": 1.8296715268481052, ""50055"": 1.5506915289462617, ""50057"": 1.5666898079158378, ""50059"": 2.6047758149254463, ""50061"": 4.198317457583897, ""50063"": 2.6406747496779692, ""50065"": 2.960503039760262, ""50067"": 3.6607138146569715, ""50069"": 2.977514764210154}","{""50051"": 1141, ""50053"": 0, ""50055"": 0, ""50057"": 0, ""50059"": 0, ""50061"": 0, ""50063"": 0, ""50065"": 0, ""50067"": 0, ""50069"": 0}","{""50051"": 0.02523799322781346, ""50053"": 0.025898155636910475, ""50055"": 0.025898155636910475, ""50057"": 0.025898155636910475, ""50059"": 0.025898155636910475, ""50061"": 0.025898155636910475, ""50063"": 0.025898155636910475, ""50065"": 0.025898155636910475, ""50067"": 0.025898155636910475, ""50069"": 0.025898155636910475}"
54,53,1,43,0.081519,10,"{""50051"": 6.579985874596389, ""50053"": 1.8296715268481052, ""50055"": 1.5506915289462617, ""50057"": 1.5952612364872663, ""50059"": 2.6333472434968748, ""50061"": 4.198317457583897, ""50063"": 2.6406747496779692, ""50065"": 2.9890744683316903, ""50067"": 3.6607138146569715, ""50069"": 2.977514764210154}","{""50051"": 1129, ""50053"": 0, ""50055"": 0, ""50057"": 0, ""50059"": 0, ""50061"": 0, ""50063"": 0, ""50065"": 0, ""50067"": 0, ""50069"": 0}","{""50051"": 0.025258435952375653, ""50053"": 0.02591164400513611, ""50055"": 0.02591164400513611, ""50057"": 0.02591164400513611, ""50059"": 0.02591164400513611, ""50061"": 0.02591164400513611, ""50063"": 0.02591164400513611, ""50065"": 0.02591164400513611, ""50067"": 0.02591164400513611, ""50069"": 0.02591164400513611}"
55,54,1,43,0.085124,10,"{""50051"": 6.579985874596389, ""50053"": 1.8296715268481052, ""50055"": 1.5506915289462617, ""50057"": 1.5952612364872663, ""50059"": 2.6333472434968748, ""50061"": 4.198317457583897, ""50063"": 2.6406747496779692, ""50065"": 2.9890744683316903, ""50067"": 3.6607138146569715, ""50069"": 2.977514764210154}","{""50051"": 1129, ""50053"": 0, ""50055"": 0, ""50057"": 0, ""50059"": 0, ""50061"": 0, ""50063"": 0, ""50065"": 0, ""50067"": 0, ""50069"": 0}","{""50051"": 0.025258435952375653, ""50053"": 0.02591164400513611, ""50055"": 0.02591164400513611, ""50057"": 0.02591164400513611, ""50059"": 0.02591164400513611, ""50061"": 0.02591164400513611, ""50063"": 0.02591164400513611, ""50065"": 0.02591164400513611, ""50067"": 0.02591164400513611, ""50069"": 0.02591164400513611}"
56,55,1,43,0.080836,10,"{""50051"": 6.779985874596389, ""50053"": 1.8604696450850875, ""50055"": 1.5506915289462617, ""50057"": 1.6260593547242486, ""50059"": 2.6489340711557516, ""50061"": 4.22911557582088, ""50063"": 2.6406747496779692, ""50065"": 2.9890744683316903, ""50067"": 3.6607138146569715, ""50069"": 2.977514764210154}","{""50051"": 1120, ""50053"": 0, ""50055"": 0, ""50057"": 0, ""50059"": 0, ""50061"": 0, ""50063"": 0, ""50065"": 0, ""50067"": 0, ""50069"": 0}","{""50051"": 0.025278074672005917, ""50053"": 0.025926082942389905, ""50055"": 0.025926082942389905, ""50057"": 0.025926082942389905, ""50059"": 0.025926082942389905, ""50061"": 0.025926082942389905, ""50063"": 0.025926082942389905, ""50065"": 0.025926082942389905, ""50067"": 0.025926082942389905, ""50069"": 0.025926082942389905}"
57,56,1,43,0.082723,10,"{""50051"": 6.779985874596389, ""50053"": 1.8604696450850875, ""50055"": 1.5506915289462617, ""50057"": 1.6260593547242486, ""50059"": 2.6489340711557516, ""50061"": 4.22911557582088, ""50063"": 2.6406747496779692, ""50065"": 2.9890744683316903, ""50067"": 3.6607138146569715, ""50069"": 2.977514764210154}","{""50051"": 1120, ""50053"": 0, ""50055"": 0, ""50057"": 0, ""50059"": 0, ""50061"": 0, ""50063"": 0, ""50065"": 0, ""50067"": 0, ""50069"": 0}","{""50051"": 0.025278074672005917, ""50053"": 0.025926082942389905, ""50055"": 0.025926082942389905, ""50057"": 0.025926082942389905, ""50059"": 0.025926082942389905, ""50061"": 0.025926082942389905, ""50063"": 0.025926082942389905, ""50065"": 0.025926082942389905, ""50067"": 0.025926082942389905, ""50069"": 0.025926082942389905}"
58,57,1,43,0.083711,10,"{""50051"": 6.779985874596389, ""50053"": 1.8604696450850875, ""50055"": 1.5506915289462617, ""50057"": 1.6260593547242486, ""50059"": 2.6489340711557516, ""50061"": 4.22911557582088, ""50063"": 2.6406747496779692, ""50065"": 2.9890744683316903, ""50067"": 3.6607138146569715, ""50069"": 2.977514764210154}","{""50051"": 1120, ""50053"": 0, ""50055"": 0, ""50057"": 0, ""50059"": 0, ""50061"": 0, ""50063"": 0, ""50065"": 0, ""50067"": 0, ""50069"": 0}","{""50051"": 0.025278074672005917, ""50053"": 0.025926082942389905, ""50055"": 0.025926082942389905, ""50057"": 0.025926082942389905, ""50059"": 0.025926082942389905, ""50061"": 0.025926082942389905, ""50063"": 0.025926082942389905, ""50065"": 0.025926082942389905, ""50067"": 0.025926082942389905, ""50069"": 0.025926082942389905}"
59,58,1,43,0.082211,10,"{""50051"": 6.779985874596389, ""50053"": 1.8604696450850875, ""50055"": 1.5506915289462617, ""50057"": 1.6260593547242486, ""50059"": 2.6489340711557516, ""50061"": 4.22911557582088, ""50063"": 2.6406747496779692, ""50065"": 2.9890744683316903, ""50067"": 3.6607138146569715, ""50069"": 2.977514764210154}","{""50051"": 1120, ""50053"": 0, ""50055"": 0, ""50057"": 0, ""50059"": 0, ""50061"": 0, ""50063"": 0, ""50065"": 0, ""50067"": 0, ""50069"": 0}","{""50051"": 0.025278074672005917, ""50053"": 0.025926082942389905, ""50055"": 0.025926082942389905, ""50057"": 0.025926082942389905, ""50059"": 0.025926082942389905, ""50061"": 0.025926082942389905, ""50063"": 0.025926082942389905, ""50065"": 0.025926082942389905, ""50067"": 0.025926082942389905, ""50069"": 0.025926082942389905}"
60,59,1,43,0.083570,10,"{""50051"": 6.779985874596389, ""50053"": 1.8604696450850875, ""50055"": 1.5506915289462617, ""50057"": 1.6260593547242486, ""50059"": 2.6489340711557516, ""50061"": 4.22911557582088, ""50063"": 2.6406747496779692, ""50065"": 2.9890744683316903, ""50067"": 3.6607138146569715, ""50069"": 2.977514764210154}","{""50051"": 1120, ""50053"": 0, ""50055"": 0, ""50057"": 0, ""50059"": 0, ""50061"": 0, ""50063"": 0, ""50065"": 0, ""50067"": 0, ""50069"": 0}","{""50051"": 0.025278074672005917, ""50053"": 0.025926082942389905, ""50055"": 0.025926082942389905, ""50057"": 0.025926082942389905, ""50059"": 0.025926082942389905, ""50061"": 0.025926082942389905, ""50063"": 0.025926082942389905, ""50065"": 0.025926082942389905, ""50067"": 0.025926082942389905, ""50069"": 0.025926082942389905}"
61,60,1,43,0.082802,10,"{""50051"": 6.779985874596389, ""50053"": 1.8604696450850875, ""50055"": 1.5506915289462617, ""50057"": 1.6260593547242486, ""50059"": 2.6489340711557516, ""50061"": 4.22911557582088, ""50063"": 2.6406747496779692, ""50065"": 2.9890744683316903, ""50067"": 3.6607138146569715, ""50069"": 2.977514764210154}","{""50051"": 1120, ""50053"": 0, ""50055"": 0, ""50057"": 0, ""50059"": 0, ""50061"": 0, ""50063"": 0, ""50065"": 0, ""50067"": 0, ""50069"": 0}","{""50051"": 0.025278074672005917, ""50053"": 0.025926082942389905, ""50055"": 0.025926082942389905, ""50057"": 0.025926082942389905, ""50059"": 0.025926082942389905, ""50061"": 0.025926082942389905, ""50063"": 0.025926082942389905, ""50065"": 0.025926082942389905, ""50067"": 0.025926082942389905, ""50069"": 0.025926082942389905}"
62,61,1,43,0.083244,10,"{""50051"": 6.779985874596389, ""50053"": 1.8604696450850875, ""50055"": 1.5506915289462617, ""50057"": 1.6260593547242486, ""50059"": 2.6489340711557516, ""50061"": 4.22911557582088, ""50063"": 2.6406747496779692, ""50065"": 2.9890744683316903, ""50067"": 3.6607138146569715, ""50069"": 2.977514764210154}","{""50051"": 1120, ""50053"": 0, ""50055"": 0, ""50057"": 0, ""50059"": 0, ""50061"": 0, ""50063"": 0, ""50065"": 0, ""50067"": 0, ""50069"": 0}","{""50051"": 0.025278074672005917, ""50053"": 0.025926082942389905, ""50055"": 0.025926082942389905, ""50057"": 0.025926082942389905, ""50059"": 0.025926082942389905, ""50061"": 0.025926082942389905, ""50063"": 0.025926082942389905, ""50065"": 0.025926082942389905, ""50067"": 0.025926082942389905, ""50069"": 0.025926082942389905}"
63,62,1,43,0.082205,10,"{""50051"": 6.779985874596389, ""50053"": 1.8604696450850875, ""50055"": 1.5506915289462617, ""50057"": 1.6260593547242486, ""50059"": 2.6489340711557516, ""50061"": 4.22911557582088, ""50063"": 2.6406747496779692, ""50065"": 2.9890744683316903, ""50067"": 3.6607138146569715, ""50069"": 2.977514764210154}","{""50051"": 1120, ""50053"": 0, ""50055"": 0, ""50057"": 0, ""50059"": 0, ""50061"": 0, ""50063"": 0, ""50065"": 0, ""50067"": 0, ""50069"": 0}","{""50051"": 0.025278074672005917, ""50053"": 0.025926082942389905, ""50055"": 0.025926082942389905, ""50057"": 0.025926082942389905, ""50059"": 0.025926082942389905, ""50061"": 0.025926082942389905, ""50063"": 0.025926082942389905, ""50065"": 0.025926082942389905, ""50067"": 0.025926082942389905, ""50069"": 0.025926082942389905}"
64,63,1,42,0.084819,10,"{""50051"": 6.979985874596389, ""50053"": 1.8604696450850875, ""50055"": 1.5792629575176902, ""50057"": 1.654630783295677, ""50059"": 2.6489340711557516, ""50061"": 4.22911557582088, ""50063"": 2.6692461782493977, ""50065"": 2.9890744683316903, ""50067"": 3.6607138146569715, ""50069"": 2.977514764210154}","{""50051"": 1109, ""50053"": 0, ""50055"": 0, ""50057"": 0, ""50059"": 0, ""50061"": 0, ""50063"": 0, ""50065"": 0, ""50067"": 0, ""50069"": 0}","{""50051"": 0.02529696216889336, ""50053"": 0.025938596635535854, ""50055"": 0.025938596635535854, ""50057"": 0.025938596635535854, ""50059"": 0.025938596635535854, ""50061"": 0.025938596635535854, ""50063"": 0.025938596635535854, ""50065"": 0.025938596635535854, ""50067"": 0.025938596635535854, ""50069"": 0.025938596635535854}"
65,64,1,42,0.080156,10,"{""50051"": 6.979985874596389, ""50053"": 1.8604696450850875, ""50055"": 1.5792629575176902, ""50057"": 1.654630783295677, ""50059"": 2.6489340711557516, ""50061"": 4.22911557582088, ""50063"": 2.6692461782493977, ""50065"": 2.9890744683316903, ""50067"": 3.6607138146569715, ""50069"": 2.977514764210154}","{""50051"": 1109, ""50053"": 0, ""50055"": 0, ""50057"": 0, ""50059"": 0, ""50061"": 0, ""50063"": 0, ""50065"": 0, ""50067"": 0, ""50069"": 0}","{""50051"": 0.02529696216889336, ""50053"": 0.025938596635535854, ""50055"": 0.025938596635535854, ""50057"": 0.025938596635535854, ""50059"": 0.025938596635535854, ""50061"": 0.025938596635535854, ""50063"": 0.025938596635535854, ""50065"": 0.025938596635535854, ""50067"": 0.025938596635535854, ""50069"": 0.025938596635535854}"
66,65,1,42,0.078818,10,"{""50051"": 6.979985874596389, ""50053"": 1.8604696450850875, ""50055"": 1.5792629575176902, ""50057"": 1.654630783295677, ""50059"": 2.6489340711557516, ""50061"": 4.22911557582088, ""50063"": 2.6692461782493977, ""50065"": 2.9890744683316903, ""50067"": 3.6607138146569715, ""50069"": 2.977514764210154}","{""50051"": 1109, ""50053"": 0, ""50055"": 0, ""50057"": 0, ""50059"": 0, ""50061"": 0, ""50063"": 0, ""50065"": 0, ""50067"": 0, ""50069"": 0}","{""50051"": 0.02529696216889336, ""50053"": 0.025938596635535854, ""50055"": 0.025938596635535854, ""50057"": 0.025938596635535854, ""50059"": 0.025938596635535854, ""50061"": 0.025938596635535854, ""50063"": 0.025938596635535854, ""50065"": 0.025938596635535854, ""50067"": 0.025938596635535854, ""50069"": 0.025938596635535854}"
67,66,1,42,0.080267,10,"{""50051"": 6.979985874596389, ""50053"": 1.8604696450850875, ""50055"": 1.5792629575176902, ""50057"": 1.654630783295677, ""50059"": 2.6489340711557516, ""50061"": 4.22911557582088, ""50063"": 2.6692461782493977, ""50065"": 2.9890744683316903, ""50067"": 3.6607138146569715, ""50069"": 2.977514764210154}","{""50051"": 1109, ""50053"": 0, ""50055"": 0, ""50057"": 0, ""50059"": 0, ""50061"": 0, ""50063"": 0, ""50065"": 0, ""50067"": 0, ""50069"": 0}","{""50051"": 0.02529696216889336, ""50053"": 0.025938596635535854, ""50055"": 0.025938596635535854, ""50057"": 0.025938596635535854, ""50059"": 0.025938596635535854, ""50061"": 0.025938596635535854, ""50063"": 0.025938596635535854, ""50065"": 0.025938596635535854, ""50067"": 0.025938596635535854, ""50069"": 0.025938596635535854}"
68,67,1,42,0.079696,10,"{""50051"": 6.979985874596389, ""50053"": 1.8604696450850875, ""50055"": 1.5792629575176902, ""50057"": 1.654630783295677, ""50059"": 2.6489340711557516, ""50061"": 4.22911557582088, ""50063"": 2.6692461782493977, ""50065"": 2.9890744683316903, ""50067"": 3.6607138146569715, ""50069"": 2.977514764210154}","{""50051"": 1109, ""50053"": 0, ""50055"": 0, ""50057"": 0, ""50059"": 0, ""50061"": 0, ""50063"": 0, ""50065"": 0, ""50067"": 0, ""50069"": 0}","{""50051"": 0.02529696216889336, ""50053"": 0.025938596635535854, ""50055"": 0.025938596635535854, ""50057"": 0.025938596635535854, ""50059"": 0.025938596635535854, ""50061"": 0.025938596635535854, ""50063"": 0.025938596635535854, ""50065"": 0.025938596635535854, ""50067"": 0.025938596635535854, ""50069"": 0.025938596635535854}"
69,68,1,42,0.079213,10,"{""50051"": 6.979985874596389, ""50053"": 1.8604696450850875, ""50055"": 1.5792629575176902, ""50057"": 1.654630783295677, ""50059"": 2.6489340711557516, ""50061"": 4.22911557582088, ""50063"": 2.6692461782493977, ""50065"": 2.9890744683316903, ""50067"": 3.6607138146569715, ""50069"": 2.977514764210154}","{""50051"": 1109, ""50053"": 0, ""50055"": 0, ""50057"": 0, ""50059"": 0, ""50061"": 0, ""50063"": 0, ""50065"": 0, ""50067"": 0, ""50069"": 0}","{""50051"": 0.02529696216889336, ""50053"": 0.025938596635535854, ""50055"": 0.025938596635535854, ""50057"": 0.025938596635535854, ""50059"": 0.025938596635535854, ""50061"": 0.025938596635535854, ""50063"": 0.025938596635535854, ""50065"": 0.025938596635535854, ""50067"": 0.025938596635535854, ""50069"": 0.025938596635535854}"
70,69,1,42,0.079284,10,"{""50051"": 6.979985874596389, ""50053"": 1.8604696450850875, ""50055"": 1.5792629575176902, ""50057"": 1.654630783295677, ""50059"": 2.6489340711557516, ""50061"": 4.22911557582088, ""50063"": 2.6692461782493977, ""50065"": 2.9890744683316903, ""50067"": 3.6607138146569715, ""50069"": 2.977514764210154}","{""50051"": 1109, ""50053"": 0, ""50055"": 0, ""50057"": 0, ""50059"": 0, ""50061"": 0, ""50063"": 0, ""50065"": 0, ""50067"": 0, ""50069"": 0}","{""50051"": 0.02529696216889336, ""50053"": 0.025938596635535854, ""50055"": 0.025938596635535854, ""50057"": 0.025938596635535854, ""50059"": 0.025938596635535854, ""50061"": 0.025938596635535854, ""50063"": 0.025938596635535854, ""50065"": 0.025938596635535854, ""50067"": 0.025938596635535854, ""50069"": 0.025938596635535854}"
71,70,1,42,0.080113,10,"{""50051"": 6.979985874596389, ""50053"": 1.8604696450850875, ""50055"": 1.5792629575176902, ""50057"": 1.654630783295677, ""50059"": 2.6489340711557516, ""50061"": 4.22911557582088, ""50063"": 2.6692461782493977, ""50065"": 2.9890744683316903, ""50067"": 3.6607138146569715, ""50069"": 2.977514764210154}","{""50051"": 1109, ""50053"": 0, ""50055"": 0, ""50057"": 0, ""50059"": 0, ""50061"": 0, ""50063"": 0, ""50065"": 0, ""50067"": 0, ""50069"": 0}","{""50051"": 0.02529696216889336, ""50053"": 0.025938596635535854, ""50055"": 0.025938596635535854, ""50057"": 0.025938596635535854, ""50059"": 0.025938596635535854, ""50061"": 0.025938596635535854, ""50063"": 0.025938596635535854, ""50065"": 0.025938596635535854, ""50067"": 0.025938596635535854, ""50069"": 0.025938596635535854}"
72,71,1,42,0.079636,10,"{""50051"": 6.979985874596389, ""50053"": 1.8604696450850875, ""50055"": 1.5792629575176902, ""50057"": 1.654630783295677, ""50059"": 2.6489340711557516, ""50061"": 4.22911557582088, ""50063"": 2.6692461782493977, ""50065"": 2.9890744683316903, ""50067"": 3.6607138146569715, ""50069"": 2.977514764210154}","{""50051"": 1109, ""50053"": 0, ""50055"": 0, ""50057"": 0, ""50059"": 0, ""50061"": 0, ""50063"": 0, ""50065"": 0, ""50067"": 0, ""50069"": 0}","{""50051"": 0.02529696216889336, ""50053"": 0.025938596635535854, ""50055"": 0.025938596635535854, ""50057"": 0.025938596635535854, ""50059"": 0.025938596635535854, ""50061"": 0.025938596635535854, ""50063"": 0.025938596635535854, ""50065"": 0.025938596635535854, ""50067"": 0.025938596635535854, ""50069"": 0.025938596635535854}"
73,72,1,42,0.080120,10,"{""50051"": 6.979985874596389, ""50053"": 1.8604696450850875, ""50055"": 1.5792629575176902, ""50057"": 1.654630783295677, ""50059"": 2.6489340711557516, ""50061"": 4.22911557582088, ""50063"": 2.6692461782493977, ""50065"": 2.9890744683316903, ""50067"": 3.6607138146569715, ""50069"": 2.977514764210154}","{""50051"": 1109, ""50053"": 0, ""50055"": 0, ""50057"": 0, ""50059"": 0, ""50061"": 0, ""50063"": 0, ""50065"": 0, ""50067"": 0, ""50069"": 0}","{""50051"": 0.02529696216889336, ""50053"": 0.025938596635535854, ""50055"": 0.025938596635535854, ""50057"": 0.025938596635535854, ""50059"": 0.025938596635535854, ""50061"": 0.025938596635535854, ""50063"": 0.025938596635535854, ""50065"": 0.025938596635535854, ""50067"": 0.025938596635535854, ""50069"": 0.025938596635535854}"
74,73,1,42,0.080713,10,"{""50051"": 6.979985874596389, ""50053"": 1.8604696450850875, ""50055"": 1.5792629575176902, ""50057"": 1.654630783295677, ""50059"": 2.6489340711557516, ""50061"": 4.22911557582088, ""50063"": 2.6692461782493977, ""50065"": 2.9890744683316903, ""50067"": 3.6607138146569715, ""50069"": 2.977514764210154}","{""50051"": 1109, ""50053"": 0, ""50055"": 0, ""50057"": 0, ""50059"": 0, ""50061"": 0, ""50063"": 0, ""50065"": 0, ""50067"": 0, ""50069"": 0}","{""50051"": 0.02529696216889336, ""50053"": 0.025938596635535854, ""50055"": 0.025938596635535854, ""50057"": 0.025938596635535854, ""50059"": 0.025938596635535854, ""50061"": 0.025938596635535854, ""50063"": 0.025938596635535854, ""50065"": 0.025938596635535854, ""50067"": 0.025938596635535854, ""50069"": 0.025938596635535854}"
75,74,1,42,0.079583,10,"{""50051"": 6.979985874596389, ""50053"": 1.8604696450850875, ""50055"": 1.5792629575176902, ""50057"": 1.654630783295677, ""50059"": 2.6489340711557516, ""50061"": 4.22911557582088, ""50063"": 2.6692461782493977, ""50065"": 2.9890744683316903, ""50067"": 3.6607138146569715, ""50069"": 2.977514764210154}","{""50051"": 1109, ""50053"": 0, ""50055"": 0, ""50057"": 0, ""50059"": 0, ""50061"": 0, ""50063"": 0, ""50065"": 0, ""50067"": 0, ""50069"": 0}","{""50051"": 0.02529696216889336, ""50053"": 0.025938596635535854, ""50055"": 0.025938596635535854, ""50057"": 0.025938596635535854, ""50059"": 0.025938596635535854, ""50061"": 0.025938596635535854, ""50063"": 0.025938596635535854, ""50065"": 0.025938596635535854, ""50067"": 0.025938596635535854, ""50069"": 0.025938596635535854}"
76,75,1,42,0.079962,10,"{""50051"": 6.979985874596389, ""50053"": 1.8604696450850875, ""50055"": 1.5792629575176902, ""50057"": 1.654630783295677, ""50059"": 2.6489340711557516, ""50061"": 4.22911557582088, ""50063"": 2.6692461782493977, ""50065"": 2.9890744683316903, ""50067"": 3.6607138146569715, ""50069"": 2.977514764210154}","{""50051"": 1109, ""50053"": 0, ""50055"": 0, ""50057"": 0, ""50059"": 0, ""50061"": 0, ""50063"": 0, ""50065"": 0, ""50067"": 0, ""50069"": 0}","{""50051"": 0.02529696216889336, ""50053"": 0.025938596635535854, ""50055"": 0.025938596635535854, ""50057"": 0.025938596635535854, ""50059"": 0.025938596635535854, ""50061"": 0.025938596635535854, ""50063"": 0.025938596635535854, ""50065"": 0.025938596635535854, ""50067"": 0.025938596635535854, ""50069"": 0.025938596635535854}"
77,76,1,42,0.079807,10,"{""50051"": 6.979985874596389, ""50053"": 1.8604696450850875, ""50055"": 1.5792629575176902, ""50057"": 1.654630783295677, ""50059"": 2.6489340711557516, ""50061"": 4.22911557582088, ""50063"": 2.6692461782493977, ""50065"": 2.9890744683316903, ""50067"": 3.6607138146569715, ""50069"": 2.977514764210154}","{""50051"": 1109, ""50053"": 0, ""50055"": 0, ""50057"": 0, ""50059"": 0, ""50061"": 0, ""50063"": 0, ""50065"": 0, ""50067"": 0, ""50069"": 0}","{""50051"": 0.02529696216889336, ""50053"": 0.025938596635535854, ""50055"": 0.025938596635535854, ""50057"": 0.025938596635535854, ""50059"": 0.025938596635535854, ""50061"": 0.025938596635535854, ""50063"": 0.025938596635535854, ""50065"": 0.025938596635535854, ""50067"": 0.025938596635535854, ""50069"": 0.025938596635535854}"
78,77,1,42,0.078733,10,"{""50051"": 6.979985874596389, ""50053"": 1.8604696450850875, ""50055"": 1.5792629575176902, ""50057"": 1.654630783295677, ""50059"": 2.6489340711557516, ""50061"": 4.22911557582088, ""50063"": 2.6692461782493977, ""50065"": 2.9890744683316903, ""50067"": 3.6607138146569715, ""50069"": 2.977514764210154}","{""50051"": 1109, ""50053"": 0, ""50055"": 0, ""50057"": 0, ""50059"": 0, ""50061"": 0, ""50063"": 0, ""50065"": 0, ""50067"": 0, ""50069"": 0}","{""50051"": 0.02529696216889336, ""50053"": 0.025938596635535854, ""50055"": 0.025938596635535854, ""50057"": 0.025938596635535854, ""50059"": 0.025938596635535854, ""50061"": 0.025938596635535854, ""50063"": 0.025938596635535854, ""50065"": 0.025938596635535854, ""50067"": 0.025938596635535854, ""50069"": 0.025938596635535854}"
79,78,1,42,0.079083,10,"{""50051"": 6.979985874596389, ""50053"": 1.8604696450850875, ""50055"": 1.5792629575176902, ""50057"": 1.654630783295677, ""50059"": 2.6489340711557516, ""50061"": 4.22911557582088, ""50063"": 2.6692461782493977, ""50065"": 2.9890744683316903, ""50067"": 3.6607138146569715, ""50069"": 2.977514764210154}","{""50051"": 1109, ""50053"": 0, ""50055"": 0, ""50057"": 0, ""50059"": 0, ""50061"": 0, ""50063"": 0, ""50065"": 0, ""50067"": 0, ""50069"": 0}","{""50051"": 0.02529696216889336, ""50053"": 0.025938596635535854, ""50055"": 0.025938596635535854, ""50057"": 0.025938596635535854, ""50059"": 0.025938596635535854, ""50061"": 0.025938596635535854, ""50063"": 0.025938596635535854, ""50065"": 0.025938596635535854, ""50067"": 0.025938596635535854, ""50069"": 0.025938596635535854}"
80,79,1,42,0.079141,10,"{""50051"": 6.979985874596389, ""50053"": 1.8604696450850875, ""50055"": 1.5792629575176902, ""50057"": 1.654630783295677, ""50059"": 2.6489340711557516, ""50061"": 4.22911557582088, ""50063"": 2.6692461782493977, ""50065"": 2.9890744683316903, ""50067"": 3.6607138146569715, ""50069"": 2.977514764210154}","{""50051"": 1109, ""50053"": 0, ""50055"": 0, ""50057"": 0, ""50059"": 0, ""50061"": 0, ""50063"": 0, ""50065"": 0, ""50067"": 0, ""50069"": 0}","{""50051"": 0.02529696216889336, ""50053"": 0.025938596635535854, ""50055"": 0.025938596635535854, ""50057"": 0.025938596635535854, ""50059"": 0.025938596635535854, ""50061"": 0.025938596635535854, ""50063"": 0.025938596635535854, ""50065"": 0.025938596635535854, ""50067"": 0.025938596635535854, ""50069"": 0.025938596635535854}"
81,80,1,42,0.080286,10,"{""50051"": 6.979985874596389, ""50053"": 1.8604696450850875, ""50055"": 1.5792629575176902, ""50057"": 1.654630783295677, ""50059"": 2.6489340711557516, ""50061"": 4.22911557582088, ""50063"": 2.6692461782493977, ""50065"": 2.9890744683316903, ""50067"": 3.6607138146569715, ""50069"": 2.977514764210154}","{""50051"": 1109, ""50053"": 0, ""50055"": 0, ""50057"": 0, ""50059"": 0, ""50061"": 0, ""50063"": 0, ""50065"": 0, ""50067"": 0, ""50069"": 0}","{""50051"": 0.02529696216889336, ""50053"": 0.025938596635535854, ""50055"": 0.025938596635535854, ""50057"": 0.025938596635535854, ""50059"": 0.025938596635535854, ""50061"": 0.025938596635535854, ""50063"": 0.025938596635535854, ""50065"": 0.025938596635535854, ""50067"": 0.025938596635535854, ""50069"": 0.025938596635535854}"
82,81,1,42,0.079973,10,"{""50051"": 6.979985874596389, ""50053"": 1.8604696450850875, ""50055"": 1.5792629575176902, ""50057"": 1.654630783295677, ""50059"": 2.6489340711557516, ""50061"": 4.22911557582088, ""50063"": 2.6692461782493977, ""50065"": 2.9890744683316903, ""50067"": 3.6607138146569715, ""50069"": 2.977514764210154}","{""50051"": 1109, ""50053"": 0, ""50055"": 0, ""50057"": 0, ""50059"": 0, ""50061"": 0, ""50063"": 0, ""50065"": 0, ""50067"": 0, ""50069"": 0}","{""50051"": 0.02529696216889336, ""50053"": 0.025938596635535854, ""50055"": 0.025938596635535854, ""50057"": 0.025938596635535854, ""50059"": 0.025938596635535854, ""50061"": 0.025938596635535854, ""50063"": 0.025938596635535854, ""50065"": 0.025938596635535854, ""50067"": 0.025938596635535854, ""50069"": 0.025938596635535854}"
83,82,1,42,0.078935,10,"{""50051"": 7.008557303167818, ""50053"": 1.8604696450850875, ""50055"": 1.6078343860891187, ""50057"": 1.6832022118671055, ""50059"": 2.848934071155752, ""50061"": 4.22911557582088, ""50063"": 2.6692461782493977, ""50065"": 2.9890744683316903, ""50067"": 3.6607138146569715, ""50069"": 2.977514764210154}","{""50051"": 1108, ""50053"": 0, ""50055"": 0, ""50057"": 0, ""50059"": 0, ""50061"": 0, ""50063"": 0, ""50065"": 0, ""50067"": 0, ""50069"": 0}","{""50051"": 0.025299602173494397, ""50053"": 0.025940660350018283, ""50055"": 0.025940660350018283, ""50057"": 0.025940660350018283, ""50059"": 0.025940660350018283, ""50061"": 0.025940660350018283, ""50063"": 0.025940660350018283, ""50065"": 0.025940660350018283, ""50067"": 0.025940660350018283, ""50069"": 0.025940660350018283}"
84,83,1,42,0.078895,10,"{""50051"": 7.008557303167818, ""50053"": 1.8604696450850875, ""50055"": 1.6078343860891187, ""50057"": 1.6832022118671055, ""50059"": 2.848934071155752, ""50061"": 4.22911557582088, ""50063"": 2.6692461782493977, ""50065"": 2.9890744683316903, ""50067"": 3.6607138146569715, ""50069"": 2.977514764210154}","{""50051"": 1108, ""50053"": 0, ""50055"": 0, ""50057"": 0, ""50059"": 0, ""50061"": 0, ""50063"": 0, ""50065"": 0, ""50067"": 0, ""50069"": 0}","{""50051"": 0.025299602173494397, ""50053"": 0.025940660350018283, ""50055"": 0.025940660350018283, ""50057"": 0.025940660350018283, ""50059"": 0.025940660350018283, ""50061"": 0.025940660350018283, ""50063"": 0.025940660350018283, ""50065"": 0.025940660350018283, ""50067"": 0.025940660350018283, ""50069"": 0.025940660350018283}"
85,84,1,42,0.079788,10,"{""50051"": 7.008557303167818, ""50053"": 1.8604696450850875, ""50055"": 1.6078343860891187, ""50057"": 1.6832022118671055, ""50059"": 2.848934071155752, ""50061"": 4.22911557582088, ""50063"": 2.6692461782493977, ""50065"": 2.9890744683316903, ""50067"": 3.6607138146569715, ""50069"": 2.977514764210154}","{""50051"": 1108, ""50053"": 0, ""50055"": 0, ""50057"": 0, ""50059"": 0, ""50061"": 0, ""50063"": 0, ""50065"": 0, ""50067"": 0, ""50069"": 0}","{""50051"": 0.025299602173494397, ""50053"": 0.025940660350018283, ""50055"": 0.025940660350018283, ""50057"": 0.025940660350018283, ""50059"": 0.025940660350018283, ""50061"": 0.025940660350018283, ""50063"": 0.025940660350018283, ""50065"": 0.025940660350018283, ""50067"": 0.025940660350018283, ""50069"": 0.025940660350018283}"
86,85,1,42,0.080383,10,"{""50051"": 7.008557303167818, ""50053"": 1.8604696450850875, ""50055"": 1.6078343860891187, ""50057"": 1.6832022118671055, ""50059"": 2.848934071155752, ""50061"": 4.22911557582088, ""50063"": 2.6692461782493977, ""50065"": 2.9890744683316903, ""50067"": 3.6607138146569715, ""50069"": 2.977514764210154}","{""50051"": 1108, ""50053"": 0, ""50055"": 0, ""50057"": 0, ""50059"": 0, ""50061"": 0, ""50063"": 0, ""50065"": 0, ""50067"": 0, ""50069"": 0}","{""50051"": 0.025299602173494397, ""50053"": 0.025940660350018283, ""50055"": 0.025940660350018283, ""50057"": 0.025940660350018283, ""50059"": 0.025940660350018283, ""50061"": 0.025940660350018283, ""50063"": 0.025940660350018283, ""50065"": 0.025940660350018283, ""50067"": 0.025940660350018283, ""50069"": 0.025940660350018283}"
87,86,1,42,0.080771,10,"{""50051"": 7.008557303167818, ""50053"": 1.8604696450850875, ""50055"": 1.6078343860891187, ""50057"": 1.6832022118671055, ""50059"": 2.848934071155752, ""50061"": 4.22911557582088, ""50063"": 2.6692461782493977, ""50065"": 2.9890744683316903, ""50067"": 3.6607138146569715, ""50069"": 2.977514764210154}","{""50051"": 1108, ""50053"": 0, ""50055"": 0, ""50057"": 0, ""50059"": 0, ""50061"": 0, ""50063"": 0, ""50065"": 0, ""50067"": 0, ""50069"": 0}","{""50051"": 0.025299602173494397, ""50053"": 0.025940660350018283, ""50055"": 0.025940660350018283, ""50057"": 0.025940660350018283, ""50059"": 0.025940660350018283, ""50061"": 0.025940660350018283, ""50063"": 0.025940660350018283, ""50065"": 0.025940660350018283, ""50067"": 0.025940660350018283, ""50069"": 0.025940660350018283}"
88,87,1,42,0.081392,10,"{""50051"": 7.008557303167818, ""50053"": 1.889041073656516, ""50055"": 1.6078343860891187, ""50057"": 1.711773640438534, ""50059"": 3.048934071155752, ""50061"": 4.22911557582088, ""50063"": 2.697817606820826, ""50065"": 2.9890744683316903, ""50067"": 3.6607138146569715, ""50069"": 2.977514764210154}","{""50051"": 1108, ""50053"": 0, ""50055"": 0, ""50057"": 0, ""50059"": 0, ""50061"": 0, ""50063"": 0, ""50065"": 0, ""50067"": 0, ""50069"": 0}","{""50051"": 0.025299602173494397, ""50053"": 0.025940660350018283, ""50055"": 0.025940660350018283, ""50057"": 0.025940660350018283, ""50059"": 0.025940660350018283, ""50061"": 0.025940660350018283, ""50063"": 0.025940660350018283, ""50065"": 0.025940660350018283, ""50067"": 0.025940660350018283, ""50069"": 0.025940660350018283}"
89,88,1,42,0.079836,10,"{""50051"": 7.008557303167818, ""50053"": 1.889041073656516, ""50055"": 1.6078343860891187, ""50057"": 1.711773640438534, ""50059"": 3.048934071155752, ""50061"": 4.22911557582088, ""50063"": 2.697817606820826, ""50065"": 2.9890744683316903, ""50067"": 3.6607138146569715, ""50069"": 2.977514764210154}","{""50051"": 1108, ""50053"": 0, ""50055"": 0, ""50057"": 0, ""50059"": 0, ""50061"": 0, ""50063"": 0, ""50065"": 0, ""50067"": 0, ""50069"": 0}","{""50051"": 0.025299602173494397, ""50053"": 0.025940660350018283, ""50055"": 0.025940660350018283, ""50057"": 0.025940660350018283, ""50059"": 0.025940660350018283, ""50061"": 0.025940660350018283, ""50063"": 0.025940660350018283, ""50065"": 0.025940660350018283, ""50067"": 0.025940660350018283, ""50069"": 0.025940660350018283}"
90,89,1,42,0.080280,10,"{""50051"": 7.008557303167818, ""50053"": 1.889041073656516, ""50055"": 1.6078343860891187, ""50057"": 1.711773640438534, ""50059"": 3.048934071155752, ""50061"": 4.22911557582088, ""50063"": 2.697817606820826, ""50065"": 2.9890744683316903, ""50067"": 3.6607138146569715, ""50069"": 2.977514764210154}","{""50051"": 1108, ""50053"": 0, ""50055"": 0, ""50057"": 0, ""50059"": 0, ""50061"": 0, ""50063"": 0, ""50065"": 0, ""50067"": 0, ""50069"": 0}","{""50051"": 0.025299602173494397, ""50053"": 0.025940660350018283, ""50055"": 0.025940660350018283, ""50057"": 0.025940660350018283, ""50059"": 0.025940660350018283, ""50061"": 0.025940660350018283, ""50063"": 0.025940660350018283, ""50065"": 0.025940660350018283, ""50067"": 0.025940660350018283, ""50069"": 0.025940660350018283}"
91,90,1,42,0.079288,10,"{""50051"": 7.008557303167818, ""50053"": 1.889041073656516, ""50055"": 1.6078343860891187, ""50057"": 1.711773640438534, ""50059"": 3.048934071155752, ""50061"": 4.22911557582088, ""50063"": 2.697817606820826, ""50065"": 2.9890744683316903, ""50067"": 3.6607138146569715, ""50069"": 2.977514764210154}","{""50051"": 1108, ""50053"": 0, ""50055"": 0, ""50057"": 0, ""50059"": 0, ""50061"": 0, ""50063"": 0, ""50065"": 0, ""50067"": 0, ""50069"": 0}","{""50051"": 0.025299602173494397, ""50053"": 0.025940660350018283, ""50055"": 0.025940660350018283, ""50057"": 0.025940660350018283, ""50059"": 0.025940660350018283, ""50061"": 0.025940660350018283, ""50063"": 0.025940660350018283, ""50065"": 0.025940660350018283, ""50067"": 0.025940660350018283, ""50069"": 0.025940660350018283}"
92,91,1,42,0.079769,10,"{""50051"": 7.008557303167818, ""50053"": 1.889041073656516, ""50055"": 1.6078343860891187, ""50057"": 1.711773640438534, ""50059"": 3.048934071155752, ""50061"": 4.22911557582088, ""50063"": 2.697817606820826, ""50065"": 2.9890744683316903, ""50067"": 3.6607138146569715, ""50069"": 2.977514764210154}","{""50051"": 1108, ""50053"": 0, ""50055"": 0, ""50057"": 0, ""50059"": 0, ""50061"": 0, ""50063"": 0, ""50065"": 0, ""50067"": 0, ""50069"": 0}","{""50051"": 0.025299602173494397, ""50053"": 0.025940660350018283, ""50055"": 0.025940660350018283, ""50057"": 0.025940660350018283, ""50059"": 0.025940660350018283, ""50061"": 0.025940660350018283, ""50063"": 0.025940660350018283, ""50065"": 0.025940660350018283, ""50067"": 0.025940660350018283, ""50069"": 0.025940660350018283}"
93,92,1,42,0.079628,10,"{""50051"": 7.037128731739246, ""50053"": 1.889041073656516, ""50055"": 1.6078343860891187, ""50057"": 1.7403450690099624, ""50059"": 3.248934071155752, ""50061"": 4.22911557582088, ""50063"": 2.697817606820826, ""50065"": 2.9890744683316903, ""50067"": 3.6607138146569715, ""50069"": 3.0060861927815825}","{""50051"": 1106, ""50053"": 0, ""50055"": 0, ""50057"": 0, ""50059"": 0, ""50061"": 0, ""50063"": 0, ""50065"": 0, ""50067"": 0, ""50069"": 0}","{""50051"": 0.025302227675118055, ""50053"": 0.025942124214616155, ""50055"": 0.025942124214616155, ""50057"": 0.025942124214616155, ""50059"": 0.025942124214616155, ""50061"": 0.025942124214616155, ""50063"": 0.025942124214616155, ""50065"": 0.025942124214616155, ""50067"": 0.025942124214616155, ""50069"": 0.025942124214616155}"
94,93,1,42,0.079579,10,"{""50051"": 7.205116220259058, ""50053"": 1.889041073656516, ""50055"": 1.6078343860891187, ""50057"": 1.7929147102270786, ""50059"": 3.4489340711557523, ""50061"": 4.281685217037996, ""50063"": 2.697817606820826, ""50065"": 3.0416441095488063, ""50067"": 3.6607138146569715, ""50069"": 3.0060861927815825}","{""50051"": 1098, ""50053"": 0, ""50055"": 0, ""50057"": 0, ""50059"": 0, ""50061"": 0, ""50063"": 0, ""50065"": 0, ""50067"": 0, ""50069"": 0}","{""50051"": 0.025317385885951168, ""50053"": 0.02595265179414391, ""50055"": 0.02595265179414391, ""50057"": 0.02595265179414391, ""50059"": 0.02595265179414391, ""50061"": 0.02595265179414391, ""50063"": 0.02595265179414391, ""50065"": 0.02595265179414391, ""50067"": 0.02595265179414391, ""50069"": 0.02595265179414391}"
95,94,1,42,0.079705,10,"{""50051"": 7.205116220259058, ""50053"": 1.889041073656516, ""50055"": 1.6078343860891187, ""50057"": 1.7929147102270786, ""50059"": 3.4489340711557523, ""50061"": 4.281685217037996, ""50063"": 2.697817606820826, ""50065"": 3.0416441095488063, ""50067"": 3.6607138146569715, ""50069"": 3.0060861927815825}","{""50051"": 1098, ""50053"": 0, ""50055"": 0, ""50057"": 0, ""50059"": 0, ""50061"": 0, ""50063"": 0, ""50065"": 0, ""50067"": 0, ""50069"": 0}","{""50051"": 0.025317385885951168, ""50053"": 0.02595265179414391, ""50055"": 0.02595265179414391, ""50057"": 0.02595265179414391, ""50059"": 0.02595265179414391, ""50061"": 0.02595265179414391, ""50063"": 0.02595265179414391, ""50065"": 0.02595265179414391, ""50067"": 0.02595265179414391, ""50069"": 0.02595265179414391}"
96,95,1,42,0.079603,10,"{""50051"": 7.205116220259058, ""50053"": 1.9176125022279444, ""50055"": 1.6364058146605471, ""50057"": 1.7929147102270786, ""50059"": 3.6489340711557525, ""50061"": 4.281685217037996, ""50063"": 2.697817606820826, ""50065"": 3.0416441095488063, ""50067"": 3.6892852432284, ""50069"": 3.0060861927815825}","{""50051"": 1098, ""50053"": 0, ""50055"": 0, ""50057"": 0, ""50059"": 0, ""50061"": 0, ""50063"": 0, ""50065"": 0, ""50067"": 0, ""50069"": 0}","{""50051"": 0.025317385885951168, ""50053"": 0.02595265179414391, ""50055"": 0.02595265179414391, ""50057"": 0.02595265179414391, ""50059"": 0.02595265179414391, ""50061"": 0.02595265179414391, ""50063"": 0.02595265179414391, ""50065"": 0.02595265179414391, ""50067"": 0.02595265179414391, ""50069"": 0.02595265179414391}"
97,96,1,42,0.079836,10,"{""50051"": 7.205116220259058, ""50053"": 1.9176125022279444, ""50055"": 1.6364058146605471, ""50057"": 1.7929147102270786, ""50059"": 3.6489340711557525, ""50061"": 4.281685217037996, ""50063"": 2.697817606820826, ""50065"": 3.0416441095488063, ""50067"": 3.6892852432284, ""50069"": 3.0060861927815825}","{""50051"": 1098, ""50053"": 0, ""50055"": 0, ""50057"": 0, ""50059"": 0, ""50061"": 0, ""50063"": 0, ""50065"": 0, ""50067"": 0, ""50069"": 0}","{""50051"": 0.025317385885951168, ""50053"": 0.02595265179414391, ""50055"": 0.02595265179414391, ""50057"": 0.02595265179414391, ""50059"": 0.02595265179414391, ""50061"": 0.02595265179414391, ""50063"": 0.02595265179414391, ""50065"": 0.02595265179414391, ""50067"": 0.02595265179414391, ""50069"": 0.02595265179414391}"
98,97,1,42,0.080055,10,"{""50051"": 7.205116220259058, ""50053"": 1.9176125022279444, ""50055"": 1.6364058146605471, ""50057"": 1.7929147102270786, ""50059"": 3.6489340711557525, ""50061"": 4.281685217037996, ""50063"": 2.697817606820826, ""50065"": 3.0416441095488063, ""50067"": 3.6892852432284, ""50069"": 3.0060861927815825}","{""50051"": 1098, ""50053"": 0, ""50055"": 0, ""50057"": 0, ""50059"": 0, ""50061"": 0, ""50063"": 0, ""50065"": 0, ""50067"": 0, ""50069"": 0}","{""50051"": 0.025317385885951168, ""50053"": 0.02595265179414391, ""50055"": 0.02595265179414391, ""50057"": 0.02595265179414391, ""50059"": 0.02595265179414391, ""50061"": 0.02595265179414391, ""50063"": 0.02595265179414391, ""50065"": 0.02595265179414391, ""50067"": 0.02595265179414391, ""50069"": 0.02595265179414391}"
99,98,1,42,0.079929,10,"{""50051"": 7.205116220259058, ""50053"": 1.9176125022279444, ""50055"": 1.6364058146605471, ""50057"": 1.7929147102270786, ""50059"": 3.6489340711557525, ""50061"": 4.281685217037996, ""50063"": 2.697817606820826, ""50065"": 3.0416441095488063, ""50067"": 3.6892852432284, ""50069"": 3.0060861927815825}","{""50051"": 1098, ""50053"": 0, ""50055"": 0, ""50057"": 0, ""50059"": 0, ""50061"": 0, ""50063"": 0, ""50065"": 0, ""50067"": 0, ""50069"": 0}","{""50051"": 0.025317385885951168, ""50053"": 0.02595265179414391, ""50055"": 0.02595265179414391, ""50057"": 0.02595265179414391, ""50059"": 0.02595265179414391, ""50061"": 0.02595265179414391, ""50063"": 0.02595265179414391, ""50065"": 0.02595265179414391, ""50067"": 0.02595265179414391, ""50069"": 0.02595265179414391}"
100,99,1,42,0.079747,10,"{""50051"": 7.205116220259058, ""50053"": 1.9176125022279444, ""50055"": 1.6364058146605471, ""50057"": 1.7929147102270786, ""50059"": 3.6489340711557525, ""50061"": 4.281685217037996, ""50063"": 2.697817606820826, ""50065"": 3.0416441095488063, ""50067"": 3.6892852432284, ""50069"": 3.0060861927815825}","{""50051"": 1098, ""50053"": 0, ""50055"": 0, ""50057"": 0, ""50059"": 0, ""50061"": 0, ""50063"": 0, ""50065"": 0, ""50067"": 0, ""50069"": 0}","{""50051"": 0.025317385885951168, ""50053"": 0.02595265179414391, ""50055"": 0.02595265179414391, ""50057"": 0.02595265179414391, ""50059"": 0.02595265179414391, ""50061"": 0.02595265179414391, ""50063"": 0.02595265179414391, ""50065"": 0.02595265179414391, ""50067"": 0.02595265179414391, ""50069"": 0.02595265179414391}"
