game_id,iter_idx,converged,rounds,duration_sec,player_count,quality_scores_json,final_datasizes_json,final_payoffs_json
1,1,1,360,4.101259,25,"{""C01"": 1.012744, ""C02"": 1.03733, ""C03"": 1.050196, ""C04"": 1.054695, ""C05"": 1.05812, ""C06"": 1.014662, ""C07"": 1.052604, ""C08"": 1.018744, ""C09"": 1.04333, ""C10"": 1.356879, ""C11"": 1.258979, ""C12"": 1.295989, ""C13"": 1.339909, ""C14"": 1.379489, ""C15"": 1.40552, ""C16"": 1.262745, ""C17"": 1.342277, ""C18"": 1.362879, ""C19"": 1.264979, ""C20"": 1.977327, ""C21"": 1.889209, ""C22"": 1.87951, ""C23"": 1.882197, ""C24"": 1.883782, ""C25"": 1.983327}","{""C01"": 0, ""C02"": 0, ""C03"": 0, ""C04"": 0, ""C05"": 0, ""C06"": 0, ""C07"": 0, ""C08"": 0, ""C09"": 0, ""C10"": 0, ""C11"": 0, ""C12"": 0, ""C13"": 0, ""C14"": 0, ""C15"": 0, ""C16"": 0, ""C17"": 0, ""C18"": 0, ""C19"": 0, ""C20"": 653, ""C21"": 0, ""C22"": 0, ""C23"": 0, ""C24"": 0, ""C25"": 1011}","{""C01"": 0.0252582300668171, ""C02"": 0.0252582300668171, ""C03"": 0.0252582300668171, ""C04"": 0.0252582300668171, ""C05"": 0.0252582300668171, ""C06"": 0.0252582300668171, ""C07"": 0.0252582300668171, ""C08"": 0.0252582300668171, ""C09"": 0.0252582300668171, ""C10"": 0.0252582300668171, ""C11"": 0.0252582300668171, ""C12"": 0.0252582300668171, ""C13"": 0.0252582300668171, ""C14"": 0.0252582300668171, ""C15"": 0.0252582300668171, ""C16"": 0.0252582300668171, ""C17"": 0.0252582300668171, ""C18"": 0.0252582300668171, ""C19"": 0.0252582300668171, ""C20"": 0.024880065896487856, ""C21"": 0.0252582300668171, ""C22"": 0.0252582300668171, ""C23"": 0.0252582300668171, ""C24"": 0.0252582300668171, ""C25"": 0.024672745395129914}"
2,2,1,71,0.573405,25,"{""C01"": 1.027263, ""C02"": 1.047619, ""C03"": 1.05685, ""C04"": 1.060018, ""C05"": 1.065042, ""C06"": 1.029872, ""C07"": 1.058986, ""C08"": 1.033263, ""C09"": 1.053619, ""C10"": 1.374939, ""C11"": 1.28289, ""C12"": 1.323561, ""C13"": 1.367231, ""C14"": 1.402767, ""C15"": 1.422862, ""C16"": 1.287222, ""C17"": 1.369187, ""C18"": 1.380939, ""C19"": 1.28889, ""C20"": 2.001769, ""C21"": 1.911379, ""C22"": 1.904678, ""C23"": 1.914224, ""C24"": 1.909438, ""C25"": 2.007769}","{""C01"": 0, ""C02"": 0, ""C03"": 0, ""C04"": 0, ""C05"": 0, ""C06"": 0, ""C07"": 0, ""C08"": 0, ""C09"": 0, ""C10"": 0, ""C11"": 0, ""C12"": 0, ""C13"": 0, ""C14"": 0, ""C15"": 0, ""C16"": 0, ""C17"": 0, ""C18"": 0, ""C19"": 0, ""C20"": 796, ""C21"": 0, ""C22"": 0, ""C23"": 0, ""C24"": 0, ""C25"": 862}","{""C01"": 0.02526631662829966, ""C02"": 0.02526631662829966, ""C03"": 0.02526631662829966, ""C04"": 0.02526631662829966, ""C05"": 0.02526631662829966, ""C06"": 0.02526631662829966, ""C07"": 0.02526631662829966, ""C08"": 0.02526631662829966, ""C09"": 0.02526631662829966, ""C10"": 0.02526631662829966, ""C11"": 0.02526631662829966, ""C12"": 0.02526631662829966, ""C13"": 0.02526631662829966, ""C14"": 0.02526631662829966, ""C15"": 0.02526631662829966, ""C16"": 0.02526631662829966, ""C17"": 0.02526631662829966, ""C18"": 0.02526631662829966, ""C19"": 0.02526631662829966, ""C20"": 0.02480533855849556, ""C21"": 0.02526631662829966, ""C22"": 0.02526631662829966, ""C23"": 0.02526631662829966, ""C24"": 0.02526631662829966, ""C25"": 0.02476712058050093}"
3,3,1,78,0.678545,25,"{""C01"": 1.039537, ""C02"": 1.055641, ""C03"": 1.061906, ""C04"": 1.06479, ""C05"": 1.072344, ""C06"": 1.042788, ""C07"": 1.063605, ""C08"": 1.045537, ""C09"": 1.061641, ""C10"": 1.393848, ""C11"": 1.307155, ""C12"": 1.350201, ""C13"": 1.392149, ""C14"": 1.422676, ""C15"": 1.43683, ""C16"": 1.311971, ""C17"": 1.393549, ""C18"": 1.399848, ""C19"": 1.313155, ""C20"": 2.022509, ""C21"": 1.931735, ""C22"": 1.929692, ""C23"": 1.946747, ""C24"": 1.934856, ""C25"": 2.028509}","{""C01"": 0, ""C02"": 0, ""C03"": 0, ""C04"": 0, ""C05"": 0, ""C06"": 0, ""C07"": 0, ""C08"": 0, ""C09"": 0, ""C10"": 0, ""C11"": 0, ""C12"": 0, ""C13"": 0, ""C14"": 0, ""C15"": 0, ""C16"": 0, ""C17"": 0, ""C18"": 0, ""C19"": 0, ""C20"": 790, ""C21"": 0, ""C22"": 0, ""C23"": 0, ""C24"": 0, ""C25"": 863}","{""C01"": 0.02527330748913538, ""C02"": 0.02527330748913538, ""C03"": 0.02527330748913538, ""C04"": 0.02527330748913538, ""C05"": 0.02527330748913538, ""C06"": 0.02527330748913538, ""C07"": 0.02527330748913538, ""C08"": 0.02527330748913538, ""C09"": 0.02527330748913538, ""C10"": 0.02527330748913538, ""C11"": 0.02527330748913538, ""C12"": 0.02527330748913538, ""C13"": 0.02527330748913538, ""C14"": 0.02527330748913538, ""C15"": 0.02527330748913538, ""C16"": 0.02527330748913538, ""C17"": 0.02527330748913538, ""C18"": 0.02527330748913538, ""C19"": 0.02527330748913538, ""C20"": 0.024815804128400155, ""C21"": 0.02527330748913538, ""C22"": 0.02527330748913538, ""C23"": 0.02527330748913538, ""C24"": 0.02527330748913538, ""C25"": 0.02477353172583698}"
4,4,1,101,1.211158,25,"{""C01"": 1.049526, ""C02"": 1.061621, ""C03"": 1.065774, ""C04"": 1.069438, ""C05"": 1.080296, ""C06"": 1.053344, ""C07"": 1.066894, ""C08"": 1.055526, ""C09"": 1.067621, ""C10"": 1.413636, ""C11"": 1.331471, ""C12"": 1.375461, ""C13"": 1.414322, ""C14"": 1.439184, ""C15"": 1.447761, ""C16"": 1.336675, ""C17"": 1.415047, ""C18"": 1.419636, ""C19"": 1.337471, ""C20"": 2.040347, ""C21"": 1.951104, ""C22"": 1.95509, ""C23"": 1.979836, ""C24"": 1.960564, ""C25"": 2.046347}","{""C01"": 0, ""C02"": 0, ""C03"": 0, ""C04"": 0, ""C05"": 0, ""C06"": 0, ""C07"": 0, ""C08"": 0, ""C09"": 0, ""C10"": 0, ""C11"": 0, ""C12"": 0, ""C13"": 0, ""C14"": 0, ""C15"": 0, ""C16"": 0, ""C17"": 0, ""C18"": 0, ""C19"": 0, ""C20"": 779, ""C21"": 0, ""C22"": 0, ""C23"": 0, ""C24"": 0, ""C25"": 869}","{""C01"": 0.025278817667287096, ""C02"": 0.025278817667287096, ""C03"": 0.025278817667287096, ""C04"": 0.025278817667287096, ""C05"": 0.025278817667287096, ""C06"": 0.025278817667287096, ""C07"": 0.025278817667287096, ""C08"": 0.025278817667287096, ""C09"": 0.025278817667287096, ""C10"": 0.025278817667287096, ""C11"": 0.025278817667287096, ""C12"": 0.025278817667287096, ""C13"": 0.025278817667287096, ""C14"": 0.025278817667287096, ""C15"": 0.025278817667287096, ""C16"": 0.025278817667287096, ""C17"": 0.025278817667287096, ""C18"": 0.025278817667287096, ""C19"": 0.025278817667287096, ""C20"": 0.024827684606511476, ""C21"": 0.025278817667287096, ""C22"": 0.025278817667287096, ""C23"": 0.025278817667287096, ""C24"": 0.025278817667287096, ""C25"": 0.024775567817938788}"
5,5,1,122,1.697839,25,"{""C01"": 1.057283, ""C02"": 1.06586, ""C03"": 1.068886, ""C04"": 1.074346, ""C05"": 1.089077, ""C06"": 1.061574, ""C07"": 1.069316, ""C08"": 1.063283, ""C09"": 1.07186, ""C10"": 1.434196, ""C11"": 1.355451, ""C12"": 1.398891, ""C13"": 1.433494, ""C14"": 1.452389, ""C15"": 1.456098, ""C16"": 1.360937, ""C17"": 1.433455, ""C18"": 1.440196, ""C19"": 1.361451, ""C20"": 2.056121, ""C21"": 1.970226, ""C22"": 1.981237, ""C23"": 2.01338, ""C24"": 1.98692, ""C25"": 2.062121}","{""C01"": 0, ""C02"": 0, ""C03"": 0, ""C04"": 0, ""C05"": 0, ""C06"": 0, ""C07"": 0, ""C08"": 0, ""C09"": 0, ""C10"": 0, ""C11"": 0, ""C12"": 0, ""C13"": 0, ""C14"": 0, ""C15"": 0, ""C16"": 0, ""C17"": 0, ""C18"": 0, ""C19"": 0, ""C20"": 765, ""C21"": 0, ""C22"": 0, ""C23"": 0, ""C24"": 0, ""C25"": 879}","{""C01"": 0.025283862301258606, ""C02"": 0.025283862301258606, ""C03"": 0.025283862301258606, ""C04"": 0.025283862301258606, ""C05"": 0.025283862301258606, ""C06"": 0.025283862301258606, ""C07"": 0.025283862301258606, ""C08"": 0.025283862301258606, ""C09"": 0.025283862301258606, ""C10"": 0.025283862301258606, ""C11"": 0.025283862301258606, ""C12"": 0.025283862301258606, ""C13"": 0.025283862301258606, ""C14"": 0.025283862301258606, ""C15"": 0.025283862301258606, ""C16"": 0.025283862301258606, ""C17"": 0.025283862301258606, ""C18"": 0.025283862301258606, ""C19"": 0.025283862301258606, ""C20"": 0.024840836894977028, ""C21"": 0.025283862301258606, ""C22"": 0.025283862301258606, ""C23"": 0.025283862301258606, ""C24"": 0.025283862301258606, ""C25"": 0.024774821220197366}"
6,6,1,338,3.005431,25,"{""C01"": 1.062953, ""C02"": 1.068722, ""C03"": 1.071678, ""C04"": 1.079837, ""C05"": 1.098768, ""C06"": 1.067606, ""C07"": 1.071342, ""C08"": 1.068953, ""C09"": 1.074722, ""C10"": 1.455294, ""C11"": 1.378648, ""C12"": 1.420082, ""C13"": 1.449517, ""C14"": 1.462515, ""C15"": 1.462369, ""C16"": 1.3843, ""C17"": 1.448659, ""C18"": 1.461294, ""C19"": 1.384648, ""C20"": 2.070663, ""C21"": 1.989727, ""C22"": 2.008321, ""C23"": 2.047106, ""C24"": 2.014109, ""C25"": 2.076663}","{""C01"": 0, ""C02"": 0, ""C03"": 0, ""C04"": 0, ""C05"": 0, ""C06"": 0, ""C07"": 0, ""C08"": 0, ""C09"": 0, ""C10"": 0, ""C11"": 0, ""C12"": 0, ""C13"": 0, ""C14"": 0, ""C15"": 0, ""C16"": 0, ""C17"": 0, ""C18"": 0, ""C19"": 0, ""C20"": 657, ""C21"": 0, ""C22"": 0, ""C23"": 0, ""C24"": 0, ""C25"": 983}","{""C01"": 0.025288425538098333, ""C02"": 0.025288425538098333, ""C03"": 0.025288425538098333, ""C04"": 0.025288425538098333, ""C05"": 0.025288425538098333, ""C06"": 0.025288425538098333, ""C07"": 0.025288425538098333, ""C08"": 0.025288425538098333, ""C09"": 0.025288425538098333, ""C10"": 0.025288425538098333, ""C11"": 0.025288425538098333, ""C12"": 0.025288425538098333, ""C13"": 0.025288425538098333, ""C14"": 0.025288425538098333, ""C15"": 0.025288425538098333, ""C16"": 0.025288425538098333, ""C17"": 0.025288425538098333, ""C18"": 0.025288425538098333, ""C19"": 0.025288425538098333, ""C20"": 0.024907944895056506, ""C21"": 0.025288425538098333, ""C22"": 0.025288425538098333, ""C23"": 0.025288425538098333, ""C24"": 0.025288425538098333, ""C25"": 0.024719156233566617}"
7,7,1,685,5.550578,25,"{""C01"": 1.066769, ""C02"": 1.070614, ""C03"": 1.074559, ""C04"": 1.086153, ""C05"": 1.109351, ""C06"": 1.071659, ""C07"": 1.073422, ""C08"": 1.072769, ""C09"": 1.076614, ""C10"": 1.476594, ""C11"": 1.400593, ""C12"": 1.438689, ""C13"": 1.462371, ""C14"": 1.469906, ""C15"": 1.467158, ""C16"": 1.406292, ""C17"": 1.460675, ""C18"": 1.482594, ""C19"": 1.406593, ""C20"": 2.084755, ""C21"": 2.01008, ""C22"": 2.036345, ""C23"": 2.080604, ""C24"": 2.04213, ""C25"": 2.090755}","{""C01"": 0, ""C02"": 0, ""C03"": 0, ""C04"": 0, ""C05"": 0, ""C06"": 0, ""C07"": 0, ""C08"": 0, ""C09"": 0, ""C10"": 0, ""C11"": 0, ""C12"": 0, ""C13"": 0, ""C14"": 0, ""C15"": 0, ""C16"": 0, ""C17"": 0, ""C18"": 0, ""C19"": 0, ""C20"": 484, ""C21"": 0, ""C22"": 0, ""C23"": 0, ""C24"": 0, ""C25"": 1152}","{""C01"": 0.025292828520698682, ""C02"": 0.025292828520698682, ""C03"": 0.025292828520698682, ""C04"": 0.025292828520698682, ""C05"": 0.025292828520698682, ""C06"": 0.025292828520698682, ""C07"": 0.025292828520698682, ""C08"": 0.025292828520698682, ""C09"": 0.025292828520698682, ""C10"": 0.025292828520698682, ""C11"": 0.025292828520698682, ""C12"": 0.025292828520698682, ""C13"": 0.025292828520698682, ""C14"": 0.025292828520698682, ""C15"": 0.025292828520698682, ""C16"": 0.025292828520698682, ""C17"": 0.025292828520698682, ""C18"": 0.025292828520698682, ""C19"": 0.025292828520698682, ""C20"": 0.02501253532247609, ""C21"": 0.025292828520698682, ""C22"": 0.025292828520698682, ""C23"": 0.025292828520698682, ""C24"": 0.025292828520698682, ""C25"": 0.02462568825223174}"
8,8,1,1386,13.376287,25,"{""C01"": 1.069035, ""C02"": 1.071962, ""C03"": 1.077894, ""C04"": 1.093447, ""C05"": 1.120712, ""C06"": 1.07403, ""C07"": 1.075963, ""C08"": 1.075035, ""C09"": 1.077962, ""C10"": 1.497676, ""C11"": 1.42083, ""C12"": 1.454462, ""C13"": 1.472161, ""C14"": 1.475009, ""C15"": 1.471073, ""C16"": 1.426455, ""C17"": 1.469644, ""C18"": 1.503676, ""C19"": 1.42683, ""C20"": 2.099094, ""C21"": 2.031592, ""C22"": 2.065138, ""C23"": 2.113362, ""C24"": 2.070812, ""C25"": 2.105094}","{""C01"": 0, ""C02"": 0, ""C03"": 0, ""C04"": 0, ""C05"": 0, ""C06"": 0, ""C07"": 0, ""C08"": 0, ""C09"": 0, ""C10"": 0, ""C11"": 0, ""C12"": 0, ""C13"": 0, ""C14"": 0, ""C15"": 0, ""C16"": 0, ""C17"": 0, ""C18"": 0, ""C19"": 0, ""C20"": 0, ""C21"": 0, ""C22"": 0, ""C23"": 1630, ""C24"": 0, ""C25"": 0}","{""C01"": 0.025300348370144693, ""C02"": 0.025300348370144693, ""C03"": 0.025300348370144693, ""C04"": 0.025300348370144693, ""C05"": 0.025300348370144693, ""C06"": 0.025300348370144693, ""C07"": 0.025300348370144693, ""C08"": 0.025300348370144693, ""C09"": 0.025300348370144693, ""C10"": 0.025300348370144693, ""C11"": 0.025300348370144693, ""C12"": 0.025300348370144693, ""C13"": 0.025300348370144693, ""C14"": 0.025300348370144693, ""C15"": 0.025300348370144693, ""C16"": 0.025300348370144693, ""C17"": 0.025300348370144693, ""C18"": 0.025300348370144693, ""C19"": 0.025300348370144693, ""C20"": 0.025300348370144693, ""C21"": 0.025300348370144693, ""C22"": 0.025300348370144693, ""C23"": 0.024356388183735568, ""C24"": 0.025300348370144693, ""C25"": 0.025300348370144693}"
9,9,1,424,3.705361,25,"{""C01"": 1.070119, ""C02"": 1.073188, ""C03"": 1.081982, ""C04"": 1.101769, ""C05"": 1.132651, ""C06"": 1.075082, ""C07"": 1.079306, ""C08"": 1.076119, ""C09"": 1.079188, ""C10"": 1.518075, ""C11"": 1.438943, ""C12"": 1.467263, ""C13"": 1.479123, ""C14"": 1.47835, ""C15"": 1.474714, ""C16"": 1.444375, ""C17"": 1.475838, ""C18"": 1.524075, ""C19"": 1.444943, ""C20"": 2.114251, ""C21"": 2.054387, ""C22"": 2.094373, ""C23"": 2.144807, ""C24"": 2.099832, ""C25"": 2.120251}","{""C01"": 0, ""C02"": 0, ""C03"": 0, ""C04"": 0, ""C05"": 0, ""C06"": 0, ""C07"": 0, ""C08"": 0, ""C09"": 0, ""C10"": 0, ""C11"": 0, ""C12"": 0, ""C13"": 0, ""C14"": 0, ""C15"": 0, ""C16"": 0, ""C17"": 0, ""C18"": 0, ""C19"": 0, ""C20"": 0, ""C21"": 0, ""C22"": 0, ""C23"": 1622, ""C24"": 0, ""C25"": 0}","{""C01"": 0.02530965041970548, ""C02"": 0.02530965041970548, ""C03"": 0.02530965041970548, ""C04"": 0.02530965041970548, ""C05"": 0.02530965041970548, ""C06"": 0.02530965041970548, ""C07"": 0.02530965041970548, ""C08"": 0.02530965041970548, ""C09"": 0.02530965041970548, ""C10"": 0.02530965041970548, ""C11"": 0.02530965041970548, ""C12"": 0.02530965041970548, ""C13"": 0.02530965041970548, ""C14"": 0.02530965041970548, ""C15"": 0.02530965041970548, ""C16"": 0.02530965041970548, ""C17"": 0.02530965041970548, ""C18"": 0.02530965041970548, ""C19"": 0.02530965041970548, ""C20"": 0.02530965041970548, ""C21"": 0.02530965041970548, ""C22"": 0.02530965041970548, ""C23"": 0.02437032385406926, ""C24"": 0.02530965041970548, ""C25"": 0.02530965041970548}"
10,10,1,289,2.506049,25,"{""C01"": 1.070423, ""C02"": 1.074688, ""C03"": 1.08704, ""C04"": 1.111076, ""C05"": 1.144897, ""C06"": 1.075219, ""C07"": 1.083708, ""C08"": 1.076423, ""C09"": 1.080688, ""C10"": 1.537307, ""C11"": 1.454592, ""C12"": 1.477084, ""C13"": 1.48361, ""C14"": 1.480507, ""C15"": 1.478642, ""C16"": 1.459717, ""C17"": 1.479645, ""C18"": 1.543307, ""C19"": 1.460592, ""C20"": 2.130644, ""C21"": 2.078411, ""C22"": 2.123593, ""C23"": 2.174346, ""C24"": 2.128736, ""C25"": 2.136644}","{""C01"": 0, ""C02"": 0, ""C03"": 0, ""C04"": 0, ""C05"": 0, ""C06"": 0, ""C07"": 0, ""C08"": 0, ""C09"": 0, ""C10"": 0, ""C11"": 0, ""C12"": 0, ""C13"": 0, ""C14"": 0, ""C15"": 0, ""C16"": 0, ""C17"": 0, ""C18"": 0, ""C19"": 0, ""C20"": 0, ""C21"": 0, ""C22"": 0, ""C23"": 1615, ""C24"": 0, ""C25"": 0}","{""C01"": 0.025318445043657864, ""C02"": 0.025318445043657864, ""C03"": 0.025318445043657864, ""C04"": 0.025318445043657864, ""C05"": 0.025318445043657864, ""C06"": 0.025318445043657864, ""C07"": 0.025318445043657864, ""C08"": 0.025318445043657864, ""C09"": 0.025318445043657864, ""C10"": 0.025318445043657864, ""C11"": 0.025318445043657864, ""C12"": 0.025318445043657864, ""C13"": 0.025318445043657864, ""C14"": 0.025318445043657864, ""C15"": 0.025318445043657864, ""C16"": 0.025318445043657864, ""C17"": 0.025318445043657864, ""C18"": 0.025318445043657864, ""C19"": 0.025318445043657864, ""C20"": 0.025318445043657864, ""C21"": 0.025318445043657864, ""C22"": 0.025318445043657864, ""C23"": 0.024383172339944883, ""C24"": 0.025318445043657864, ""C25"": 0.025318445043657864}"
11,11,1,250,2.224333,25,"{""C01"": 1.070369, ""C02"": 1.076807, ""C03"": 1.093193, ""C04"": 1.121226, ""C05"": 1.157128, ""C06"": 1.074868, ""C07"": 1.089327, ""C08"": 1.076369, ""C09"": 1.082807, ""C10"": 1.554909, ""C11"": 1.467536, ""C12"": 1.484044, ""C13"": 1.486074, ""C14"": 1.482079, ""C15"": 1.483343, ""C16"": 1.47225, ""C17"": 1.481546, ""C18"": 1.560909, ""C19"": 1.473536, ""C20"": 2.148523, ""C21"": 2.103438, ""C22"": 2.15225, ""C23"": 2.20141, ""C24"": 2.156985, ""C25"": 2.154523}","{""C01"": 0, ""C02"": 0, ""C03"": 0, ""C04"": 0, ""C05"": 0, ""C06"": 0, ""C07"": 0, ""C08"": 0, ""C09"": 0, ""C10"": 0, ""C11"": 0, ""C12"": 0, ""C13"": 0, ""C14"": 0, ""C15"": 0, ""C16"": 0, ""C17"": 0, ""C18"": 0, ""C19"": 0, ""C20"": 0, ""C21"": 0, ""C22"": 0, ""C23"": 1609, ""C24"": 0, ""C25"": 0}","{""C01"": 0.025326542909727398, ""C02"": 0.025326542909727398, ""C03"": 0.025326542909727398, ""C04"": 0.025326542909727398, ""C05"": 0.025326542909727398, ""C06"": 0.025326542909727398, ""C07"": 0.025326542909727398, ""C08"": 0.025326542909727398, ""C09"": 0.025326542909727398, ""C10"": 0.025326542909727398, ""C11"": 0.025326542909727398, ""C12"": 0.025326542909727398, ""C13"": 0.025326542909727398, ""C14"": 0.025326542909727398, ""C15"": 0.025326542909727398, ""C16"": 0.025326542909727398, ""C17"": 0.025326542909727398, ""C18"": 0.025326542909727398, ""C19"": 0.025326542909727398, ""C20"": 0.025326542909727398, ""C21"": 0.025326542909727398, ""C22"": 0.025326542909727398, ""C23"": 0.024394744463348602, ""C24"": 0.025326542909727398, ""C25"": 0.025326542909727398}"
12,12,1,273,2.421006,25,"{""C01"": 1.070367, ""C02"": 1.079823, ""C03"": 1.100468, ""C04"": 1.131998, ""C05"": 1.168991, ""C06"": 1.074451, ""C07"": 1.09622, ""C08"": 1.076367, ""C09"": 1.085823, ""C10"": 1.570467, ""C11"": 1.477651, ""C12"": 1.488392, ""C13"": 1.487044, ""C14"": 1.483647, ""C15"": 1.489206, ""C16"": 1.481862, ""C17"": 1.482094, ""C18"": 1.576467, ""C19"": 1.483651, ""C20"": 2.167956, ""C21"": 2.129092, ""C22"": 2.179744, ""C23"": 2.225496, ""C24"": 2.183986, ""C25"": 2.173956}","{""C01"": 0, ""C02"": 0, ""C03"": 0, ""C04"": 0, ""C05"": 0, ""C06"": 0, ""C07"": 0, ""C08"": 0, ""C09"": 0, ""C10"": 0, ""C11"": 0, ""C12"": 0, ""C13"": 0, ""C14"": 0, ""C15"": 0, ""C16"": 0, ""C17"": 0, ""C18"": 0, ""C19"": 0, ""C20"": 0, ""C21"": 0, ""C22"": 0, ""C23"": 1603, ""C24"": 0, ""C25"": 0}","{""C01"": 0.025333209800409914, ""C02"": 0.025333209800409914, ""C03"": 0.025333209800409914, ""C04"": 0.025333209800409914, ""C05"": 0.025333209800409914, ""C06"": 0.025333209800409914, ""C07"": 0.025333209800409914, ""C08"": 0.025333209800409914, ""C09"": 0.025333209800409914, ""C10"": 0.025333209800409914, ""C11"": 0.025333209800409914, ""C12"": 0.025333209800409914, ""C13"": 0.025333209800409914, ""C14"": 0.025333209800409914, ""C15"": 0.025333209800409914, ""C16"": 0.025333209800409914, ""C17"": 0.025333209800409914, ""C18"": 0.025333209800409914, ""C19"": 0.025333209800409914, ""C20"": 0.025333209800409914, ""C21"": 0.025333209800409914, ""C22"": 0.025333209800409914, ""C23"": 0.024404886835771043, ""C24"": 0.025333209800409914, ""C25"": 0.025333209800409914}"
13,13,1,292,2.509344,25,"{""C01"": 1.070799, ""C02"": 1.083927, ""C03"": 1.108791, ""C04"": 1.143102, ""C05"": 1.18013, ""C06"": 1.074363, ""C07"": 1.104331, ""C08"": 1.076799, ""C09"": 1.089927, ""C10"": 1.583647, ""C11"": 1.484942, ""C12"": 1.490492, ""C13"": 1.487093, ""C14"": 1.48575, ""C15"": 1.496501, ""C16"": 1.488571, ""C17"": 1.481882, ""C18"": 1.589647, ""C19"": 1.490942, ""C20"": 2.188836, ""C21"": 2.154878, ""C22"": 2.205464, ""C23"": 2.246208, ""C24"": 2.209141, ""C25"": 2.194836}","{""C01"": 0, ""C02"": 0, ""C03"": 0, ""C04"": 0, ""C05"": 0, ""C06"": 0, ""C07"": 0, ""C08"": 0, ""C09"": 0, ""C10"": 0, ""C11"": 0, ""C12"": 0, ""C13"": 0, ""C14"": 0, ""C15"": 0, ""C16"": 0, ""C17"": 0, ""C18"": 0, ""C19"": 0, ""C20"": 0, ""C21"": 0, ""C22"": 0, ""C23"": 1599, ""C24"": 0, ""C25"": 0}","{""C01"": 0.02533950148380694, ""C02"": 0.02533950148380694, ""C03"": 0.02533950148380694, ""C04"": 0.02533950148380694, ""C05"": 0.02533950148380694, ""C06"": 0.02533950148380694, ""C07"": 0.02533950148380694, ""C08"": 0.02533950148380694, ""C09"": 0.02533950148380694, ""C10"": 0.02533950148380694, ""C11"": 0.02533950148380694, ""C12"": 0.02533950148380694, ""C13"": 0.02533950148380694, ""C14"": 0.02533950148380694, ""C15"": 0.02533950148380694, ""C16"": 0.02533950148380694, ""C17"": 0.02533950148380694, ""C18"": 0.02533950148380694, ""C19"": 0.02533950148380694, ""C20"": 0.02533950148380694, ""C21"": 0.02533950148380694, ""C22"": 0.02533950148380694, ""C23"": 0.02441349391667681, ""C24"": 0.02533950148380694, ""C25"": 0.02533950148380694}"
14,14,1,382,3.157843,25,"{""C01"": 1.071992, ""C02"": 1.08922, ""C03"": 1.118, ""C04"": 1.154202, ""C05"": 1.190206, ""C06"": 1.074952, ""C07"": 1.113511, ""C08"": 1.077992, ""C09"": 1.09522, ""C10"": 1.594222, ""C11"": 1.489547, ""C12"": 1.490805, ""C13"": 1.486809, ""C14"": 1.488847, ""C15"": 1.505365, ""C16"": 1.492533, ""C17"": 1.481509, ""C18"": 1.600222, ""C19"": 1.495547, ""C20"": 2.210887, ""C21"": 2.180216, ""C22"": 2.228833, ""C23"": 2.26328, ""C24"": 2.231884, ""C25"": 2.216887}","{""C01"": 0, ""C02"": 0, ""C03"": 0, ""C04"": 0, ""C05"": 0, ""C06"": 0, ""C07"": 0, ""C08"": 0, ""C09"": 0, ""C10"": 0, ""C11"": 0, ""C12"": 0, ""C13"": 0, ""C14"": 0, ""C15"": 0, ""C16"": 0, ""C17"": 0, ""C18"": 0, ""C19"": 0, ""C20"": 0, ""C21"": 0, ""C22"": 0, ""C23"": 1595, ""C24"": 0, ""C25"": 0}","{""C01"": 0.02534420094570594, ""C02"": 0.02534420094570594, ""C03"": 0.02534420094570594, ""C04"": 0.02534420094570594, ""C05"": 0.02534420094570594, ""C06"": 0.02534420094570594, ""C07"": 0.02534420094570594, ""C08"": 0.02534420094570594, ""C09"": 0.02534420094570594, ""C10"": 0.02534420094570594, ""C11"": 0.02534420094570594, ""C12"": 0.02534420094570594, ""C13"": 0.02534420094570594, ""C14"": 0.02534420094570594, ""C15"": 0.02534420094570594, ""C16"": 0.02534420094570594, ""C17"": 0.02534420094570594, ""C18"": 0.02534420094570594, ""C19"": 0.02534420094570594, ""C20"": 0.02534420094570594, ""C21"": 0.02534420094570594, ""C22"": 0.02534420094570594, ""C23"": 0.02442051014574115, ""C24"": 0.02534420094570594, ""C25"": 0.02534420094570594}"
15,15,1,450,3.875630,25,"{""C01"": 1.074202, ""C02"": 1.095702, ""C03"": 1.127853, ""C04"": 1.164938, ""C05"": 1.198924, ""C06"": 1.076494, ""C07"": 1.123518, ""C08"": 1.080202, ""C09"": 1.101702, ""C10"": 1.602083, ""C11"": 1.491729, ""C12"": 1.489859, ""C13"": 1.48676, ""C14"": 1.493294, ""C15"": 1.515796, ""C16"": 1.494029, ""C17"": 1.481547, ""C18"": 1.608083, ""C19"": 1.497729, ""C20"": 2.23369, ""C21"": 2.204483, ""C22"": 2.249353, ""C23"": 2.276604, ""C24"": 2.251733, ""C25"": 2.23969}","{""C01"": 0, ""C02"": 0, ""C03"": 0, ""C04"": 0, ""C05"": 0, ""C06"": 0, ""C07"": 0, ""C08"": 0, ""C09"": 0, ""C10"": 0, ""C11"": 0, ""C12"": 0, ""C13"": 0, ""C14"": 0, ""C15"": 0, ""C16"": 0, ""C17"": 0, ""C18"": 0, ""C19"": 0, ""C20"": 0, ""C21"": 0, ""C22"": 0, ""C23"": 1592, ""C24"": 0, ""C25"": 0}","{""C01"": 0.025347891212448417, ""C02"": 0.025347891212448417, ""C03"": 0.025347891212448417, ""C04"": 0.025347891212448417, ""C05"": 0.025347891212448417, ""C06"": 0.025347891212448417, ""C07"": 0.025347891212448417, ""C08"": 0.025347891212448417, ""C09"": 0.025347891212448417, ""C10"": 0.025347891212448417, ""C11"": 0.025347891212448417, ""C12"": 0.025347891212448417, ""C13"": 0.025347891212448417, ""C14"": 0.025347891212448417, ""C15"": 0.025347891212448417, ""C16"": 0.025347891212448417, ""C17"": 0.025347891212448417, ""C18"": 0.025347891212448417, ""C19"": 0.025347891212448417, ""C20"": 0.025347891212448417, ""C21"": 0.025347891212448417, ""C22"": 0.025347891212448417, ""C23"": 0.024425937844711372, ""C24"": 0.025347891212448417, ""C25"": 0.025347891212448417}"
16,16,1,639,5.418843,25,"{""C01"": 1.077599, ""C02"": 1.103278, ""C03"": 1.138043, ""C04"": 1.17495, ""C05"": 1.206047, ""C06"": 1.079184, ""C07"": 1.134038, ""C08"": 1.083599, ""C09"": 1.109278, ""C10"": 1.607254, ""C11"": 1.491864, ""C12"": 1.488227, ""C13"": 1.487459, ""C14"": 1.499328, ""C15"": 1.527659, ""C16"": 1.493455, ""C17"": 1.482504, ""C18"": 1.613254, ""C19"": 1.497864, ""C20"": 2.256716, ""C21"": 2.227058, ""C22"": 2.266635, ""C23"": 2.286239, ""C24"": 2.268312, ""C25"": 2.262716}","{""C01"": 0, ""C02"": 0, ""C03"": 0, ""C04"": 0, ""C05"": 0, ""C06"": 0, ""C07"": 0, ""C08"": 0, ""C09"": 0, ""C10"": 0, ""C11"": 0, ""C12"": 0, ""C13"": 0, ""C14"": 0, ""C15"": 0, ""C16"": 0, ""C17"": 0, ""C18"": 0, ""C19"": 0, ""C20"": 0, ""C21"": 0, ""C22"": 0, ""C23"": 1590, ""C24"": 0, ""C25"": 0}","{""C01"": 0.025350632159017047, ""C02"": 0.025350632159017047, ""C03"": 0.025350632159017047, ""C04"": 0.025350632159017047, ""C05"": 0.025350632159017047, ""C06"": 0.025350632159017047, ""C07"": 0.025350632159017047, ""C08"": 0.025350632159017047, ""C09"": 0.025350632159017047, ""C10"": 0.025350632159017047, ""C11"": 0.025350632159017047, ""C12"": 0.025350632159017047, ""C13"": 0.025350632159017047, ""C14"": 0.025350632159017047, ""C15"": 0.025350632159017047, ""C16"": 0.025350632159017047, ""C17"": 0.025350632159017047, ""C18"": 0.025350632159017047, ""C19"": 0.025350632159017047, ""C20"": 0.025350632159017047, ""C21"": 0.025350632159017047, ""C22"": 0.025350632159017047, ""C23"": 0.02442983683570799, ""C24"": 0.025350632159017047, ""C25"": 0.025350632159017047}"
17,17,1,894,7.722110,25,"{""C01"": 1.082256, ""C02"": 1.111761, ""C03"": 1.148223, ""C04"": 1.1839, ""C05"": 1.211419, ""C06"": 1.08312, ""C07"": 1.144706, ""C08"": 1.088256, ""C09"": 1.117761, ""C10"": 1.609889, ""C11"": 1.49042, ""C12"": 1.486485, ""C13"": 1.489341, ""C14"": 1.50705, ""C15"": 1.540691, ""C16"": 1.491299, ""C17"": 1.484805, ""C18"": 1.615889, ""C19"": 1.49642, ""C20"": 2.279359, ""C21"": 2.247364, ""C22"": 2.28043, ""C23"": 2.292412, ""C24"": 2.28139, ""C25"": 2.285359}","{""C01"": 0, ""C02"": 0, ""C03"": 0, ""C04"": 0, ""C05"": 0, ""C06"": 0, ""C07"": 0, ""C08"": 0, ""C09"": 0, ""C10"": 0, ""C11"": 0, ""C12"": 0, ""C13"": 0, ""C14"": 0, ""C15"": 0, ""C16"": 0, ""C17"": 0, ""C18"": 0, ""C19"": 0, ""C20"": 0, ""C21"": 0, ""C22"": 0, ""C23"": 1264, ""C24"": 0, ""C25"": 325}","{""C01"": 0.025351959460230444, ""C02"": 0.025351959460230444, ""C03"": 0.025351959460230444, ""C04"": 0.025351959460230444, ""C05"": 0.025351959460230444, ""C06"": 0.025351959460230444, ""C07"": 0.025351959460230444, ""C08"": 0.025351959460230444, ""C09"": 0.025351959460230444, ""C10"": 0.025351959460230444, ""C11"": 0.025351959460230444, ""C12"": 0.025351959460230444, ""C13"": 0.025351959460230444, ""C14"": 0.025351959460230444, ""C15"": 0.025351959460230444, ""C16"": 0.025351959460230444, ""C17"": 0.025351959460230444, ""C18"": 0.025351959460230444, ""C19"": 0.025351959460230444, ""C20"": 0.025351959460230444, ""C21"": 0.025351959460230444, ""C22"": 0.025351959460230444, ""C23"": 0.024619957698258685, ""C24"": 0.025351959460230444, ""C25"": 0.02516374605233304}"
18,18,1,651,5.737408,25,"{""C01"": 1.088152, ""C02"": 1.120892, ""C03"": 1.158027, ""C04"": 1.191499, ""C05"": 1.214972, ""C06"": 1.088308, ""C07"": 1.155131, ""C08"": 1.094152, ""C09"": 1.126892, ""C10"": 1.610268, ""C11"": 1.487931, ""C12"": 1.485187, ""C13"": 1.492731, ""C14"": 1.516423, ""C15"": 1.554526, ""C16"": 1.488116, ""C17"": 1.488756, ""C18"": 1.616268, ""C19"": 1.493931, ""C20"": 2.300981, ""C21"": 2.264907, ""C22"": 2.290649, ""C23"": 2.295507, ""C24"": 2.290892, ""C25"": 2.306981}","{""C01"": 0, ""C02"": 0, ""C03"": 0, ""C04"": 0, ""C05"": 0, ""C06"": 0, ""C07"": 0, ""C08"": 0, ""C09"": 0, ""C10"": 0, ""C11"": 0, ""C12"": 0, ""C13"": 0, ""C14"": 0, ""C15"": 0, ""C16"": 0, ""C17"": 0, ""C18"": 0, ""C19"": 0, ""C20"": 497, ""C21"": 0, ""C22"": 0, ""C23"": 0, ""C24"": 0, ""C25"": 1089}","{""C01"": 0.02535588644898991, ""C02"": 0.02535588644898991, ""C03"": 0.02535588644898991, ""C04"": 0.02535588644898991, ""C05"": 0.02535588644898991, ""C06"": 0.02535588644898991, ""C07"": 0.02535588644898991, ""C08"": 0.02535588644898991, ""C09"": 0.02535588644898991, ""C10"": 0.02535588644898991, ""C11"": 0.02535588644898991, ""C12"": 0.02535588644898991, ""C13"": 0.02535588644898991, ""C14"": 0.02535588644898991, ""C15"": 0.02535588644898991, ""C16"": 0.02535588644898991, ""C17"": 0.02535588644898991, ""C18"": 0.02535588644898991, ""C19"": 0.02535588644898991, ""C20"": 0.02506806500843648, ""C21"": 0.02535588644898991, ""C22"": 0.02535588644898991, ""C23"": 0.02535588644898991, ""C24"": 0.02535588644898991, ""C25"": 0.024725230561812712}"
19,19,1,217,1.824386,25,"{""C01"": 1.095167, ""C02"": 1.130349, ""C03"": 1.167093, ""C04"": 1.197523, ""C05"": 1.216734, ""C06"": 1.094651, ""C07"": 1.164918, ""C08"": 1.101167, ""C09"": 1.136349, ""C10"": 1.608781, ""C11"": 1.484965, ""C12"": 1.484825, ""C13"": 1.497833, ""C14"": 1.527278, ""C15"": 1.568718, ""C16"": 1.484494, ""C17"": 1.494537, ""C18"": 1.614781, ""C19"": 1.490965, ""C20"": 2.320952, ""C21"": 2.279312, ""C22"": 2.297374, ""C23"": 2.29605, ""C24"": 2.296917, ""C25"": 2.326952}","{""C01"": 0, ""C02"": 0, ""C03"": 0, ""C04"": 0, ""C05"": 0, ""C06"": 0, ""C07"": 0, ""C08"": 0, ""C09"": 0, ""C10"": 0, ""C11"": 0, ""C12"": 0, ""C13"": 0, ""C14"": 0, ""C15"": 0, ""C16"": 0, ""C17"": 0, ""C18"": 0, ""C19"": 0, ""C20"": 721, ""C21"": 0, ""C22"": 0, ""C23"": 0, ""C24"": 0, ""C25"": 862}","{""C01"": 0.025361741429605955, ""C02"": 0.025361741429605955, ""C03"": 0.025361741429605955, ""C04"": 0.025361741429605955, ""C05"": 0.025361741429605955, ""C06"": 0.025361741429605955, ""C07"": 0.025361741429605955, ""C08"": 0.025361741429605955, ""C09"": 0.025361741429605955, ""C10"": 0.025361741429605955, ""C11"": 0.025361741429605955, ""C12"": 0.025361741429605955, ""C13"": 0.025361741429605955, ""C14"": 0.025361741429605955, ""C15"": 0.025361741429605955, ""C16"": 0.025361741429605955, ""C17"": 0.025361741429605955, ""C18"": 0.025361741429605955, ""C19"": 0.025361741429605955, ""C20"": 0.024944197223162795, ""C21"": 0.025361741429605955, ""C22"": 0.025361741429605955, ""C23"": 0.025361741429605955, ""C24"": 0.025361741429605955, ""C25"": 0.024862544181009805}"
20,20,1,152,1.289882,25,"{""C01"": 1.103096, ""C02"": 1.139777, ""C03"": 1.175087, ""C04"": 1.201826, ""C05"": 1.216825, ""C06"": 1.101971, ""C07"": 1.173694, ""C08"": 1.109096, ""C09"": 1.145777, ""C10"": 1.605906, ""C11"": 1.482091, ""C12"": 1.485808, ""C13"": 1.504714, ""C14"": 1.539325, ""C15"": 1.582768, ""C16"": 1.481021, ""C17"": 1.502185, ""C18"": 1.611906, ""C19"": 1.488091, ""C20"": 2.338698, ""C21"": 2.29035, ""C22"": 2.300853, ""C23"": 2.294672, ""C24"": 2.299729, ""C25"": 2.344698}","{""C01"": 0, ""C02"": 0, ""C03"": 0, ""C04"": 0, ""C05"": 0, ""C06"": 0, ""C07"": 0, ""C08"": 0, ""C09"": 0, ""C10"": 0, ""C11"": 0, ""C12"": 0, ""C13"": 0, ""C14"": 0, ""C15"": 0, ""C16"": 0, ""C17"": 0, ""C18"": 0, ""C19"": 0, ""C20"": 738, ""C21"": 0, ""C22"": 0, ""C23"": 0, ""C24"": 0, ""C25"": 841}","{""C01"": 0.025366369581669462, ""C02"": 0.025366369581669462, ""C03"": 0.025366369581669462, ""C04"": 0.025366369581669462, ""C05"": 0.025366369581669462, ""C06"": 0.025366369581669462, ""C07"": 0.025366369581669462, ""C08"": 0.025366369581669462, ""C09"": 0.025366369581669462, ""C10"": 0.025366369581669462, ""C11"": 0.025366369581669462, ""C12"": 0.025366369581669462, ""C13"": 0.025366369581669462, ""C14"": 0.025366369581669462, ""C15"": 0.025366369581669462, ""C16"": 0.025366369581669462, ""C17"": 0.025366369581669462, ""C18"": 0.025366369581669462, ""C19"": 0.025366369581669462, ""C20"": 0.02493898036619782, ""C21"": 0.025366369581669462, ""C22"": 0.025366369581669462, ""C23"": 0.025366369581669462, ""C24"": 0.025366369581669462, ""C25"": 0.024879334203727278}"
21,21,1,116,1.021033,25,"{""C01"": 1.11166, ""C02"": 1.148803, ""C03"": 1.181728, ""C04"": 1.204358, ""C05"": 1.215455, ""C06"": 1.110009, ""C07"": 1.181139, ""C08"": 1.11766, ""C09"": 1.154803, ""C10"": 1.602178, ""C11"": 1.479845, ""C12"": 1.488431, ""C13"": 1.513304, ""C14"": 1.552172, ""C15"": 1.596161, ""C16"": 1.47825, ""C17"": 1.511595, ""C18"": 1.608178, ""C19"": 1.485845, ""C20"": 2.353737, ""C21"": 2.297957, ""C22"": 2.30149, ""C23"": 2.292081, ""C24"": 2.299747, ""C25"": 2.359737}","{""C01"": 0, ""C02"": 0, ""C03"": 0, ""C04"": 0, ""C05"": 0, ""C06"": 0, ""C07"": 0, ""C08"": 0, ""C09"": 0, ""C10"": 0, ""C11"": 0, ""C12"": 0, ""C13"": 0, ""C14"": 0, ""C15"": 0, ""C16"": 0, ""C17"": 0, ""C18"": 0, ""C19"": 0, ""C20"": 738, ""C21"": 0, ""C22"": 0, ""C23"": 0, ""C24"": 0, ""C25"": 838}","{""C01"": 0.025370485579585628, ""C02"": 0.025370485579585628, ""C03"": 0.025370485579585628, ""C04"": 0.025370485579585628, ""C05"": 0.025370485579585628, ""C06"": 0.025370485579585628, ""C07"": 0.025370485579585628, ""C08"": 0.025370485579585628, ""C09"": 0.025370485579585628, ""C10"": 0.025370485579585628, ""C11"": 0.025370485579585628, ""C12"": 0.025370485579585628, ""C13"": 0.025370485579585628, ""C14"": 0.025370485579585628, ""C15"": 0.025370485579585628, ""C16"": 0.025370485579585628, ""C17"": 0.025370485579585628, ""C18"": 0.025370485579585628, ""C19"": 0.025370485579585628, ""C20"": 0.024943096364113987, ""C21"": 0.025370485579585628, ""C22"": 0.025370485579585628, ""C23"": 0.025370485579585628, ""C24"": 0.025370485579585628, ""C25"": 0.024885187245305553}"
22,22,1,98,0.837668,25,"{""C01"": 1.120528, ""C02"": 1.157066, ""C03"": 1.186803, ""C04"": 1.20516, ""C05"": 1.212908, ""C06"": 1.118454, ""C07"": 1.186995, ""C08"": 1.126528, ""C09"": 1.163066, ""C10"": 1.598164, ""C11"": 1.478702, ""C12"": 1.492866, ""C13"": 1.523402, ""C14"": 1.565354, ""C15"": 1.608398, ""C16"": 1.476671, ""C17"": 1.522532, ""C18"": 1.604164, ""C19"": 1.484702, ""C20"": 2.365711, ""C21"": 2.302237, ""C22"": 2.299824, ""C23"": 2.289015, ""C24"": 2.297523, ""C25"": 2.371711}","{""C01"": 0, ""C02"": 0, ""C03"": 0, ""C04"": 0, ""C05"": 0, ""C06"": 0, ""C07"": 0, ""C08"": 0, ""C09"": 0, ""C10"": 0, ""C11"": 0, ""C12"": 0, ""C13"": 0, ""C14"": 0, ""C15"": 0, ""C16"": 0, ""C17"": 0, ""C18"": 0, ""C19"": 0, ""C20"": 745, ""C21"": 0, ""C22"": 0, ""C23"": 0, ""C24"": 0, ""C25"": 828}","{""C01"": 0.025373362209772432, ""C02"": 0.025373362209772432, ""C03"": 0.025373362209772432, ""C04"": 0.025373362209772432, ""C05"": 0.025373362209772432, ""C06"": 0.025373362209772432, ""C07"": 0.025373362209772432, ""C08"": 0.025373362209772432, ""C09"": 0.025373362209772432, ""C10"": 0.025373362209772432, ""C11"": 0.025373362209772432, ""C12"": 0.025373362209772432, ""C13"": 0.025373362209772432, ""C14"": 0.025373362209772432, ""C15"": 0.025373362209772432, ""C16"": 0.025373362209772432, ""C17"": 0.025373362209772432, ""C18"": 0.025373362209772432, ""C19"": 0.025373362209772432, ""C20"": 0.02494191916705377, ""C21"": 0.025373362209772432, ""C22"": 0.025373362209772432, ""C23"": 0.025373362209772432, ""C24"": 0.025373362209772432, ""C25"": 0.024893855856248037}"
23,23,1,91,0.761497,25,"{""C01"": 1.129334, ""C02"": 1.16424, ""C03"": 1.190183, ""C04"": 1.204368, ""C05"": 1.20953, ""C06"": 1.126955, ""C07"": 1.191094, ""C08"": 1.135334, ""C09"": 1.17024, ""C10"": 1.594423, ""C11"": 1.479041, ""C12"": 1.499147, ""C13"": 1.534692, ""C14"": 1.578363, ""C15"": 1.619029, ""C16"": 1.476676, ""C17"": 1.534641, ""C18"": 1.600423, ""C19"": 1.485041, ""C20"": 2.374414, ""C21"": 2.303461, ""C22"": 2.296497, ""C23"": 2.286203, ""C24"": 2.293712, ""C25"": 2.380414}","{""C01"": 0, ""C02"": 0, ""C03"": 0, ""C04"": 0, ""C05"": 0, ""C06"": 0, ""C07"": 0, ""C08"": 0, ""C09"": 0, ""C10"": 0, ""C11"": 0, ""C12"": 0, ""C13"": 0, ""C14"": 0, ""C15"": 0, ""C16"": 0, ""C17"": 0, ""C18"": 0, ""C19"": 0, ""C20"": 749, ""C21"": 0, ""C22"": 0, ""C23"": 0, ""C24"": 0, ""C25"": 822}","{""C01"": 0.025375540222217954, ""C02"": 0.025375540222217954, ""C03"": 0.025375540222217954, ""C04"": 0.025375540222217954, ""C05"": 0.025375540222217954, ""C06"": 0.025375540222217954, ""C07"": 0.025375540222217954, ""C08"": 0.025375540222217954, ""C09"": 0.025375540222217954, ""C10"": 0.025375540222217954, ""C11"": 0.025375540222217954, ""C12"": 0.025375540222217954, ""C13"": 0.025375540222217954, ""C14"": 0.025375540222217954, ""C15"": 0.025375540222217954, ""C16"": 0.025375540222217954, ""C17"": 0.025375540222217954, ""C18"": 0.025375540222217954, ""C19"": 0.025375540222217954, ""C20"": 0.024941781050060428, ""C21"": 0.025375540222217954, ""C22"": 0.025375540222217954, ""C23"": 0.025375540222217954, ""C24"": 0.025375540222217954, ""C25"": 0.024899508880320952}"
24,24,1,84,0.740677,25,"{""C01"": 1.137705, ""C02"": 1.170051, ""C03"": 1.191831, ""C04"": 1.202206, ""C05"": 1.205705, ""C06"": 1.135149, ""C07"": 1.19336, ""C08"": 1.143705, ""C09"": 1.176051, ""C10"": 1.591477, ""C11"": 1.481132, ""C12"": 1.507173, ""C13"": 1.546759, ""C14"": 1.590678, ""C15"": 1.627681, ""C16"": 1.478545, ""C17"": 1.547473, ""C18"": 1.597477, ""C19"": 1.487132, ""C20"": 2.379807, ""C21"": 2.302056, ""C22"": 2.292216, ""C23"": 2.284322, ""C24"": 2.289032, ""C25"": 2.385807}","{""C01"": 0, ""C02"": 0, ""C03"": 0, ""C04"": 0, ""C05"": 0, ""C06"": 0, ""C07"": 0, ""C08"": 0, ""C09"": 0, ""C10"": 0, ""C11"": 0, ""C12"": 0, ""C13"": 0, ""C14"": 0, ""C15"": 0, ""C16"": 0, ""C17"": 0, ""C18"": 0, ""C19"": 0, ""C20"": 752, ""C21"": 0, ""C22"": 0, ""C23"": 0, ""C24"": 0, ""C25"": 818}","{""C01"": 0.025377020158059704, ""C02"": 0.025377020158059704, ""C03"": 0.025377020158059704, ""C04"": 0.025377020158059704, ""C05"": 0.025377020158059704, ""C06"": 0.025377020158059704, ""C07"": 0.025377020158059704, ""C08"": 0.025377020158059704, ""C09"": 0.025377020158059704, ""C10"": 0.025377020158059704, ""C11"": 0.025377020158059704, ""C12"": 0.025377020158059704, ""C13"": 0.025377020158059704, ""C14"": 0.025377020158059704, ""C15"": 0.025377020158059704, ""C16"": 0.025377020158059704, ""C17"": 0.025377020158059704, ""C18"": 0.025377020158059704, ""C19"": 0.025377020158059704, ""C20"": 0.024941523571486848, ""C21"": 0.025377020158059704, ""C22"": 0.025377020158059704, ""C23"": 0.025377020158059704, ""C24"": 0.025377020158059704, ""C25"": 0.024903305097935313}"
25,25,1,82,0.689762,25,"{""C01"": 1.14528, ""C02"": 1.1743, ""C03"": 1.191805, ""C04"": 1.19897, ""C05"": 1.20183, ""C06"": 1.142683, ""C07"": 1.193819, ""C08"": 1.15128, ""C09"": 1.1803, ""C10"": 1.589778, ""C11"": 1.485113, ""C12"": 1.516714, ""C13"": 1.559124, ""C14"": 1.601803, ""C15"": 1.634086, ""C16"": 1.482421, ""C17"": 1.560514, ""C18"": 1.595778, ""C19"": 1.491113, ""C20"": 2.382019, ""C21"": 2.298574, ""C22"": 2.287715, ""C23"": 2.283953, ""C24"": 2.284227, ""C25"": 2.388019}","{""C01"": 0, ""C02"": 0, ""C03"": 0, ""C04"": 0, ""C05"": 0, ""C06"": 0, ""C07"": 0, ""C08"": 0, ""C09"": 0, ""C10"": 0, ""C11"": 0, ""C12"": 0, ""C13"": 0, ""C14"": 0, ""C15"": 0, ""C16"": 0, ""C17"": 0, ""C18"": 0, ""C19"": 0, ""C20"": 757, ""C21"": 0, ""C22"": 0, ""C23"": 0, ""C24"": 0, ""C25"": 813}","{""C01"": 0.02537785819794819, ""C02"": 0.02537785819794819, ""C03"": 0.02537785819794819, ""C04"": 0.02537785819794819, ""C05"": 0.02537785819794819, ""C06"": 0.02537785819794819, ""C07"": 0.02537785819794819, ""C08"": 0.02537785819794819, ""C09"": 0.02537785819794819, ""C10"": 0.02537785819794819, ""C11"": 0.02537785819794819, ""C12"": 0.02537785819794819, ""C13"": 0.02537785819794819, ""C14"": 0.02537785819794819, ""C15"": 0.02537785819794819, ""C16"": 0.02537785819794819, ""C17"": 0.02537785819794819, ""C18"": 0.02537785819794819, ""C19"": 0.02537785819794819, ""C20"": 0.024939465737091777, ""C21"": 0.02537785819794819, ""C22"": 0.02537785819794819, ""C23"": 0.02537785819794819, ""C24"": 0.02537785819794819, ""C25"": 0.024907038002594573}"
26,26,1,77,0.637679,25,"{""C01"": 1.15174, ""C02"": 1.176872, ""C03"": 1.190259, ""C04"": 1.19501, ""C05"": 1.198298, ""C06"": 1.149238, ""C07"": 1.192599, ""C08"": 1.15774, ""C09"": 1.182872, ""C10"": 1.589682, ""C11"": 1.490988, ""C12"": 1.527427, ""C13"": 1.571267, ""C14"": 1.611297, ""C15"": 1.638096, ""C16"": 1.488312, ""C17"": 1.573215, ""C18"": 1.595682, ""C19"": 1.496988, ""C20"": 2.381348, ""C21"": 2.293668, ""C22"": 2.283706, ""C23"": 2.285556, ""C24"": 2.280014, ""C25"": 2.387348}","{""C01"": 0, ""C02"": 0, ""C03"": 0, ""C04"": 0, ""C05"": 0, ""C06"": 0, ""C07"": 0, ""C08"": 0, ""C09"": 0, ""C10"": 0, ""C11"": 0, ""C12"": 0, ""C13"": 0, ""C14"": 0, ""C15"": 0, ""C16"": 0, ""C17"": 0, ""C18"": 0, ""C19"": 0, ""C20"": 754, ""C21"": 0, ""C22"": 0, ""C23"": 0, ""C24"": 0, ""C25"": 816}","{""C01"": 0.025377606267125527, ""C02"": 0.025377606267125527, ""C03"": 0.025377606267125527, ""C04"": 0.025377606267125527, ""C05"": 0.025377606267125527, ""C06"": 0.025377606267125527, ""C07"": 0.025377606267125527, ""C08"": 0.025377606267125527, ""C09"": 0.025377606267125527, ""C10"": 0.025377606267125527, ""C11"": 0.025377606267125527, ""C12"": 0.025377606267125527, ""C13"": 0.025377606267125527, ""C14"": 0.025377606267125527, ""C15"": 0.025377606267125527, ""C16"": 0.025377606267125527, ""C17"": 0.025377606267125527, ""C18"": 0.025377606267125527, ""C19"": 0.025377606267125527, ""C20"": 0.024940951160803554, ""C21"": 0.025377606267125527, ""C22"": 0.025377606267125527, ""C23"": 0.025377606267125527, ""C24"": 0.025377606267125527, ""C25"": 0.02490504893136498}"
27,27,1,77,0.633429,25,"{""C01"": 1.156824, ""C02"": 1.177749, ""C03"": 1.187427, ""C04"": 1.190714, ""C05"": 1.195469, ""C06"": 1.154551, ""C07"": 1.189918, ""C08"": 1.162824, ""C09"": 1.183749, ""C10"": 1.59143, ""C11"": 1.498624, ""C12"": 1.538879, ""C13"": 1.582668, ""C14"": 1.618803, ""C15"": 1.639695, ""C16"": 1.496085, ""C17"": 1.585031, ""C18"": 1.59743, ""C19"": 1.504624, ""C20"": 2.378241, ""C21"": 2.288045, ""C22"": 2.280845, ""C23"": 2.289434, ""C24"": 2.277054, ""C25"": 2.384241}","{""C01"": 0, ""C02"": 0, ""C03"": 0, ""C04"": 0, ""C05"": 0, ""C06"": 0, ""C07"": 0, ""C08"": 0, ""C09"": 0, ""C10"": 0, ""C11"": 0, ""C12"": 0, ""C13"": 0, ""C14"": 0, ""C15"": 0, ""C16"": 0, ""C17"": 0, ""C18"": 0, ""C19"": 0, ""C20"": 765, ""C21"": 0, ""C22"": 0, ""C23"": 0, ""C24"": 0, ""C25"": 806}","{""C01"": 0.025376983040645062, ""C02"": 0.025376983040645062, ""C03"": 0.025376983040645062, ""C04"": 0.025376983040645062, ""C05"": 0.025376983040645062, ""C06"": 0.025376983040645062, ""C07"": 0.025376983040645062, ""C08"": 0.025376983040645062, ""C09"": 0.025376983040645062, ""C10"": 0.025376983040645062, ""C11"": 0.025376983040645062, ""C12"": 0.025376983040645062, ""C13"": 0.025376983040645062, ""C14"": 0.025376983040645062, ""C15"": 0.025376983040645062, ""C16"": 0.025376983040645062, ""C17"": 0.025376983040645062, ""C18"": 0.025376983040645062, ""C19"": 0.025376983040645062, ""C20"": 0.024933957634363485, ""C21"": 0.025376983040645062, ""C22"": 0.025376983040645062, ""C23"": 0.025376983040645062, ""C24"": 0.025376983040645062, ""C25"": 0.02491021636095192}"
28,28,1,85,0.740940,25,"{""C01"": 1.160344, ""C02"": 1.177005, ""C03"": 1.183617, ""C04"": 1.186478, ""C05"": 1.193647, ""C06"": 1.158424, ""C07"": 1.186074, ""C08"": 1.166344, ""C09"": 1.183005, ""C10"": 1.595128, ""C11"": 1.507765, ""C12"": 1.550576, ""C13"": 1.592834, ""C14"": 1.624071, ""C15"": 1.639001, ""C16"": 1.505479, ""C17"": 1.595452, ""C18"": 1.601128, ""C19"": 1.513765, ""C20"": 2.373266, ""C21"": 2.282432, ""C22"": 2.279685, ""C23"": 2.295722, ""C24"": 2.275903, ""C25"": 2.379266}","{""C01"": 0, ""C02"": 0, ""C03"": 0, ""C04"": 0, ""C05"": 0, ""C06"": 0, ""C07"": 0, ""C08"": 0, ""C09"": 0, ""C10"": 0, ""C11"": 0, ""C12"": 0, ""C13"": 0, ""C14"": 0, ""C15"": 0, ""C16"": 0, ""C17"": 0, ""C18"": 0, ""C19"": 0, ""C20"": 754, ""C21"": 0, ""C22"": 0, ""C23"": 0, ""C24"": 0, ""C25"": 818}","{""C01"": 0.025375673458798306, ""C02"": 0.025375673458798306, ""C03"": 0.025375673458798306, ""C04"": 0.025375673458798306, ""C05"": 0.025375673458798306, ""C06"": 0.025375673458798306, ""C07"": 0.025375673458798306, ""C08"": 0.025375673458798306, ""C09"": 0.025375673458798306, ""C10"": 0.025375673458798306, ""C11"": 0.025375673458798306, ""C12"": 0.025375673458798306, ""C13"": 0.025375673458798306, ""C14"": 0.025375673458798306, ""C15"": 0.025375673458798306, ""C16"": 0.025375673458798306, ""C17"": 0.025375673458798306, ""C18"": 0.025375673458798306, ""C19"": 0.025375673458798306, ""C20"": 0.024939018352476333, ""C21"": 0.025375673458798306, ""C22"": 0.025375673458798306, ""C23"": 0.025375673458798306, ""C24"": 0.025375673458798306, ""C25"": 0.024901957379995607}"
29,29,1,101,0.826612,25,"{""C01"": 1.162204, ""C02"": 1.174808, ""C03"": 1.179187, ""C04"": 1.182687, ""C05"": 1.193069, ""C06"": 1.16075, ""C07"": 1.181428, ""C08"": 1.168204, ""C09"": 1.180808, ""C10"": 1.60075, ""C11"": 1.518043, ""C12"": 1.561993, ""C13"": 1.601336, ""C14"": 1.626976, ""C15"": 1.636259, ""C16"": 1.516119, ""C17"": 1.604036, ""C18"": 1.60675, ""C19"": 1.524043, ""C20"": 2.367084, ""C21"": 2.27753, ""C22"": 2.280649, ""C23"": 2.304382, ""C24"": 2.276984, ""C25"": 2.373084}","{""C01"": 0, ""C02"": 0, ""C03"": 0, ""C04"": 0, ""C05"": 0, ""C06"": 0, ""C07"": 0, ""C08"": 0, ""C09"": 0, ""C10"": 0, ""C11"": 0, ""C12"": 0, ""C13"": 0, ""C14"": 0, ""C15"": 0, ""C16"": 0, ""C17"": 0, ""C18"": 0, ""C19"": 0, ""C20"": 756, ""C21"": 0, ""C22"": 0, ""C23"": 0, ""C24"": 0, ""C25"": 817}","{""C01"": 0.025373874984302686, ""C02"": 0.025373874984302686, ""C03"": 0.025373874984302686, ""C04"": 0.025373874984302686, ""C05"": 0.025373874984302686, ""C06"": 0.025373874984302686, ""C07"": 0.025373874984302686, ""C08"": 0.025373874984302686, ""C09"": 0.025373874984302686, ""C10"": 0.025373874984302686, ""C11"": 0.025373874984302686, ""C12"": 0.025373874984302686, ""C13"": 0.025373874984302686, ""C14"": 0.025373874984302686, ""C15"": 0.025373874984302686, ""C16"": 0.025373874984302686, ""C17"": 0.025373874984302686, ""C18"": 0.025373874984302686, ""C19"": 0.025373874984302686, ""C20"": 0.02493606164162442, ""C21"": 0.025373874984302686, ""C22"": 0.025373874984302686, ""C23"": 0.025373874984302686, ""C24"": 0.025373874984302686, ""C25"": 0.024900738509616716}"
30,30,1,126,1.046607,25,"{""C01"": 1.162401, ""C02"": 1.171408, ""C03"": 1.174524, ""C04"": 1.17969, ""C05"": 1.193883, ""C06"": 1.161508, ""C07"": 1.176379, ""C08"": 1.168401, ""C09"": 1.177408, ""C10"": 1.608135, ""C11"": 1.529008, ""C12"": 1.572607, ""C13"": 1.607834, ""C14"": 1.627526, ""C15"": 1.631828, ""C16"": 1.527545, ""C17"": 1.61044, ""C18"": 1.614135, ""C19"": 1.535008, ""C20"": 2.360405, ""C21"": 2.273968, ""C22"": 2.284004, ""C23"": 2.3152, ""C24"": 2.28056, ""C25"": 2.366405}","{""C01"": 0, ""C02"": 0, ""C03"": 0, ""C04"": 0, ""C05"": 0, ""C06"": 0, ""C07"": 0, ""C08"": 0, ""C09"": 0, ""C10"": 0, ""C11"": 0, ""C12"": 0, ""C13"": 0, ""C14"": 0, ""C15"": 0, ""C16"": 0, ""C17"": 0, ""C18"": 0, ""C19"": 0, ""C20"": 740, ""C21"": 0, ""C22"": 0, ""C23"": 0, ""C24"": 0, ""C25"": 834}","{""C01"": 0.025371902712906153, ""C02"": 0.025371902712906153, ""C03"": 0.025371902712906153, ""C04"": 0.025371902712906153, ""C05"": 0.025371902712906153, ""C06"": 0.025371902712906153, ""C07"": 0.025371902712906153, ""C08"": 0.025371902712906153, ""C09"": 0.025371902712906153, ""C10"": 0.025371902712906153, ""C11"": 0.025371902712906153, ""C12"": 0.025371902712906153, ""C13"": 0.025371902712906153, ""C14"": 0.025371902712906153, ""C15"": 0.025371902712906153, ""C16"": 0.025371902712906153, ""C17"": 0.025371902712906153, ""C18"": 0.025371902712906153, ""C19"": 0.025371902712906153, ""C20"": 0.02494335554942987, ""C21"": 0.025371902712906153, ""C22"": 0.025371902712906153, ""C23"": 0.025371902712906153, ""C24"": 0.025371902712906153, ""C25"": 0.02488892181706391}"
31,31,1,195,1.635595,25,"{""C01"": 1.161028, ""C02"": 1.167122, ""C03"": 1.170025, ""C04"": 1.177779, ""C05"": 1.196143, ""C06"": 1.160772, ""C07"": 1.171343, ""C08"": 1.167028, ""C09"": 1.173122, ""C10"": 1.616998, ""C11"": 1.540154, ""C12"": 1.581935, ""C13"": 1.612098, ""C14"": 1.625861, ""C15"": 1.626159, ""C16"": 1.539237, ""C17"": 1.614439, ""C18"": 1.622998, ""C19"": 1.546154, ""C20"": 2.353949, ""C21"": 2.272273, ""C22"": 2.289845, ""C23"": 2.327807, ""C24"": 2.286722, ""C25"": 2.359949}","{""C01"": 0, ""C02"": 0, ""C03"": 0, ""C04"": 0, ""C05"": 0, ""C06"": 0, ""C07"": 0, ""C08"": 0, ""C09"": 0, ""C10"": 0, ""C11"": 0, ""C12"": 0, ""C13"": 0, ""C14"": 0, ""C15"": 0, ""C16"": 0, ""C17"": 0, ""C18"": 0, ""C19"": 0, ""C20"": 703, ""C21"": 0, ""C22"": 0, ""C23"": 0, ""C24"": 0, ""C25"": 873}","{""C01"": 0.025370619492862637, ""C02"": 0.025370619492862637, ""C03"": 0.025370619492862637, ""C04"": 0.025370619492862637, ""C05"": 0.025370619492862637, ""C06"": 0.025370619492862637, ""C07"": 0.025370619492862637, ""C08"": 0.025370619492862637, ""C09"": 0.025370619492862637, ""C10"": 0.025370619492862637, ""C11"": 0.025370619492862637, ""C12"": 0.025370619492862637, ""C13"": 0.025370619492862637, ""C14"": 0.025370619492862637, ""C15"": 0.025370619492862637, ""C16"": 0.025370619492862637, ""C17"": 0.025370619492862637, ""C18"": 0.025370619492862637, ""C19"": 0.025370619492862637, ""C20"": 0.024963499413626102, ""C21"": 0.025370619492862637, ""C22"": 0.025370619492862637, ""C23"": 0.025370619492862637, ""C24"": 0.025370619492862637, ""C25"": 0.02486505180648954}"
32,32,1,544,4.730440,25,"{""C01"": 1.158268, ""C02"": 1.162313, ""C03"": 1.166067, ""C04"": 1.17717, ""C05"": 1.199807, ""C06"": 1.158701, ""C07"": 1.166726, ""C08"": 1.164268, ""C09"": 1.168313, ""C10"": 1.626952, ""C11"": 1.550951, ""C12"": 1.58956, ""C13"": 1.614027, ""C14"": 1.62225, ""C15"": 1.619768, ""C16"": 1.55065, ""C17"": 1.615943, ""C18"": 1.632952, ""C19"": 1.556951, ""C20"": 2.3484, ""C21"": 2.272832, ""C22"": 2.298091, ""C23"": 2.341704, ""C24"": 2.295382, ""C25"": 2.3544}","{""C01"": 0, ""C02"": 0, ""C03"": 0, ""C04"": 0, ""C05"": 0, ""C06"": 0, ""C07"": 0, ""C08"": 0, ""C09"": 0, ""C10"": 0, ""C11"": 0, ""C12"": 0, ""C13"": 0, ""C14"": 0, ""C15"": 0, ""C16"": 0, ""C17"": 0, ""C18"": 0, ""C19"": 0, ""C20"": 528, ""C21"": 0, ""C22"": 0, ""C23"": 0, ""C24"": 0, ""C25"": 1048}","{""C01"": 0.025368722927456705, ""C02"": 0.025368722927456705, ""C03"": 0.025368722927456705, ""C04"": 0.025368722927456705, ""C05"": 0.025368722927456705, ""C06"": 0.025368722927456705, ""C07"": 0.025368722927456705, ""C08"": 0.025368722927456705, ""C09"": 0.025368722927456705, ""C10"": 0.025368722927456705, ""C11"": 0.025368722927456705, ""C12"": 0.025368722927456705, ""C13"": 0.025368722927456705, ""C14"": 0.025368722927456705, ""C15"": 0.025368722927456705, ""C16"": 0.025368722927456705, ""C17"": 0.025368722927456705, ""C18"": 0.025368722927456705, ""C19"": 0.025368722927456705, ""C20"": 0.025062948807304447, ""C21"": 0.025368722927456705, ""C22"": 0.025368722927456705, ""C23"": 0.025368722927456705, ""C24"": 0.025368722927456705, ""C25"": 0.024761810735340502}"
33,33,1,557,4.815056,25,"{""C01"": 1.154384, ""C02"": 1.157373, ""C03"": 1.162987, ""C04"": 1.177993, ""C05"": 1.204739, ""C06"": 1.155534, ""C07"": 1.1629, ""C08"": 1.160384, ""C09"": 1.163373, ""C10"": 1.637529, ""C11"": 1.56088, ""C12"": 1.59516, ""C13"": 1.613652, ""C14"": 1.617067, ""C15"": 1.613204, ""C16"": 1.561247, ""C17"": 1.615001, ""C18"": 1.643529, ""C19"": 1.56688, ""C20"": 2.344367, ""C21"": 2.275875, ""C22"": 2.308494, ""C23"": 2.356288, ""C24"": 2.306282, ""C25"": 2.350367}","{""C01"": 0, ""C02"": 0, ""C03"": 0, ""C04"": 0, ""C05"": 0, ""C06"": 0, ""C07"": 0, ""C08"": 0, ""C09"": 0, ""C10"": 0, ""C11"": 0, ""C12"": 0, ""C13"": 0, ""C14"": 0, ""C15"": 0, ""C16"": 0, ""C17"": 0, ""C18"": 0, ""C19"": 0, ""C20"": 0, ""C21"": 0, ""C22"": 0, ""C23"": 1047, ""C24"": 0, ""C25"": 529}","{""C01"": 0.025369465771766853, ""C02"": 0.025369465771766853, ""C03"": 0.025369465771766853, ""C04"": 0.025369465771766853, ""C05"": 0.025369465771766853, ""C06"": 0.025369465771766853, ""C07"": 0.025369465771766853, ""C08"": 0.025369465771766853, ""C09"": 0.025369465771766853, ""C10"": 0.025369465771766853, ""C11"": 0.025369465771766853, ""C12"": 0.025369465771766853, ""C13"": 0.025369465771766853, ""C14"": 0.025369465771766853, ""C15"": 0.025369465771766853, ""C16"": 0.025369465771766853, ""C17"": 0.025369465771766853, ""C18"": 0.025369465771766853, ""C19"": 0.025369465771766853, ""C20"": 0.025369465771766853, ""C21"": 0.025369465771766853, ""C22"": 0.025369465771766853, ""C23"": 0.024763132028586262, ""C24"": 0.025369465771766853, ""C25"": 0.025063112255527695}"
34,34,1,508,4.473316,25,"{""C01"": 1.149703, ""C02"": 1.152692, ""C03"": 1.161061, ""C04"": 1.18028, ""C05"": 1.210716, ""C06"": 1.151571, ""C07"": 1.16018, ""C08"": 1.155703, ""C09"": 1.158692, ""C10"": 1.648214, ""C11"": 1.569464, ""C12"": 1.598527, ""C13"": 1.61114, ""C14"": 1.610778, ""C15"": 1.607016, ""C16"": 1.570531, ""C17"": 1.611807, ""C18"": 1.654214, ""C19"": 1.575464, ""C20"": 2.342345, ""C21"": 2.281457, ""C22"": 2.320652, ""C23"": 2.3709, ""C24"": 2.319009, ""C25"": 2.348345}","{""C01"": 0, ""C02"": 0, ""C03"": 0, ""C04"": 0, ""C05"": 0, ""C06"": 0, ""C07"": 0, ""C08"": 0, ""C09"": 0, ""C10"": 0, ""C11"": 0, ""C12"": 0, ""C13"": 0, ""C14"": 0, ""C15"": 0, ""C16"": 0, ""C17"": 0, ""C18"": 0, ""C19"": 0, ""C20"": 0, ""C21"": 0, ""C22"": 0, ""C23"": 1571, ""C24"": 0, ""C25"": 0}","{""C01"": 0.025372982940680966, ""C02"": 0.025372982940680966, ""C03"": 0.025372982940680966, ""C04"": 0.025372982940680966, ""C05"": 0.025372982940680966, ""C06"": 0.025372982940680966, ""C07"": 0.025372982940680966, ""C08"": 0.025372982940680966, ""C09"": 0.025372982940680966, ""C10"": 0.025372982940680966, ""C11"": 0.025372982940680966, ""C12"": 0.025372982940680966, ""C13"": 0.025372982940680966, ""C14"": 0.025372982940680966, ""C15"": 0.025372982940680966, ""C16"": 0.025372982940680966, ""C17"": 0.025372982940680966, ""C18"": 0.025372982940680966, ""C19"": 0.025372982940680966, ""C20"": 0.025372982940680966, ""C21"": 0.025372982940680966, ""C22"": 0.025372982940680966, ""C23"": 0.024463192241724992, ""C24"": 0.025372982940680966, ""C25"": 0.025372982940680966}"
35,35,1,330,3.002760,25,"{""C01"": 1.144594, ""C02"": 1.148642, ""C03"": 1.160489, ""C04"": 1.18397, ""C05"": 1.217447, ""C06"": 1.147157, ""C07"": 1.158807, ""C08"": 1.150594, ""C09"": 1.154642, ""C10"": 1.658475, ""C11"": 1.576303, ""C12"": 1.599585, ""C13"": 1.606777, ""C14"": 1.603904, ""C15"": 1.601722, ""C16"": 1.578083, ""C17"": 1.606674, ""C18"": 1.664475, ""C19"": 1.582303, ""C20"": 2.342688, ""C21"": 2.28946, ""C22"": 2.334036, ""C23"": 2.384858, ""C24"": 2.333021, ""C25"": 2.348688}","{""C01"": 0, ""C02"": 0, ""C03"": 0, ""C04"": 0, ""C05"": 0, ""C06"": 0, ""C07"": 0, ""C08"": 0, ""C09"": 0, ""C10"": 0, ""C11"": 0, ""C12"": 0, ""C13"": 0, ""C14"": 0, ""C15"": 0, ""C16"": 0, ""C17"": 0, ""C18"": 0, ""C19"": 0, ""C20"": 0, ""C21"": 0, ""C22"": 0, ""C23"": 1569, ""C24"": 0, ""C25"": 0}","{""C01"": 0.025377175350153505, ""C02"": 0.025377175350153505, ""C03"": 0.025377175350153505, ""C04"": 0.025377175350153505, ""C05"": 0.025377175350153505, ""C06"": 0.025377175350153505, ""C07"": 0.025377175350153505, ""C08"": 0.025377175350153505, ""C09"": 0.025377175350153505, ""C10"": 0.025377175350153505, ""C11"": 0.025377175350153505, ""C12"": 0.025377175350153505, ""C13"": 0.025377175350153505, ""C14"": 0.025377175350153505, ""C15"": 0.025377175350153505, ""C16"": 0.025377175350153505, ""C17"": 0.025377175350153505, ""C18"": 0.025377175350153505, ""C19"": 0.025377175350153505, ""C20"": 0.025377175350153505, ""C21"": 0.025377175350153505, ""C22"": 0.025377175350153505, ""C23"": 0.024468541414156462, ""C24"": 0.025377175350153505, ""C25"": 0.025377175350153505}"
36,36,1,268,3.428185,25,"{""C01"": 1.139449, ""C02"": 1.145548, ""C03"": 1.161379, ""C04"": 1.188905, ""C05"": 1.224585, ""C06"": 1.142657, ""C07"": 1.158933, ""C08"": 1.145449, ""C09"": 1.151548, ""C10"": 1.667795, ""C11"": 1.581092, ""C12"": 1.59839, ""C13"": 1.600958, ""C14"": 1.596995, ""C15"": 1.597772, ""C16"": 1.583577, ""C17"": 1.600033, ""C18"": 1.673795, ""C19"": 1.587092, ""C20"": 2.345589, ""C21"": 2.299599, ""C22"": 2.348029, ""C23"": 2.397508, ""C24"": 2.347688, ""C25"": 2.351589}","{""C01"": 0, ""C02"": 0, ""C03"": 0, ""C04"": 0, ""C05"": 0, ""C06"": 0, ""C07"": 0, ""C08"": 0, ""C09"": 0, ""C10"": 0, ""C11"": 0, ""C12"": 0, ""C13"": 0, ""C14"": 0, ""C15"": 0, ""C16"": 0, ""C17"": 0, ""C18"": 0, ""C19"": 0, ""C20"": 0, ""C21"": 0, ""C22"": 0, ""C23"": 1566, ""C24"": 0, ""C25"": 0}","{""C01"": 0.025380249560732857, ""C02"": 0.025380249560732857, ""C03"": 0.025380249560732857, ""C04"": 0.025380249560732857, ""C05"": 0.025380249560732857, ""C06"": 0.025380249560732857, ""C07"": 0.025380249560732857, ""C08"": 0.025380249560732857, ""C09"": 0.025380249560732857, ""C10"": 0.025380249560732857, ""C11"": 0.025380249560732857, ""C12"": 0.025380249560732857, ""C13"": 0.025380249560732857, ""C14"": 0.025380249560732857, ""C15"": 0.025380249560732857, ""C16"": 0.025380249560732857, ""C17"": 0.025380249560732857, ""C18"": 0.025380249560732857, ""C19"": 0.025380249560732857, ""C20"": 0.025380249560732857, ""C21"": 0.025380249560732857, ""C22"": 0.025380249560732857, ""C23"": 0.02447335359623798, ""C24"": 0.025380249560732857, ""C25"": 0.025380249560732857}"
37,37,1,267,2.346196,25,"{""C01"": 1.134656, ""C02"": 1.14367, ""C03"": 1.163745, ""C04"": 1.194848, ""C05"": 1.231757, ""C06"": 1.138437, ""C07"": 1.16061, ""C08"": 1.140656, ""C09"": 1.14967, ""C10"": 1.675709, ""C11"": 1.58365, ""C12"": 1.595131, ""C13"": 1.594158, ""C14"": 1.590597, ""C15"": 1.595527, ""C16"": 1.586812, ""C17"": 1.592395, ""C18"": 1.681709, ""C19"": 1.58965, ""C20"": 2.351063, ""C21"": 2.311441, ""C22"": 2.361958, ""C23"": 2.40826, ""C24"": 2.362321, ""C25"": 2.357063}","{""C01"": 0, ""C02"": 0, ""C03"": 0, ""C04"": 0, ""C05"": 0, ""C06"": 0, ""C07"": 0, ""C08"": 0, ""C09"": 0, ""C10"": 0, ""C11"": 0, ""C12"": 0, ""C13"": 0, ""C14"": 0, ""C15"": 0, ""C16"": 0, ""C17"": 0, ""C18"": 0, ""C19"": 0, ""C20"": 0, ""C21"": 0, ""C22"": 0, ""C23"": 1564, ""C24"": 0, ""C25"": 0}","{""C01"": 0.025383155720843126, ""C02"": 0.025383155720843126, ""C03"": 0.025383155720843126, ""C04"": 0.025383155720843126, ""C05"": 0.025383155720843126, ""C06"": 0.025383155720843126, ""C07"": 0.025383155720843126, ""C08"": 0.025383155720843126, ""C09"": 0.025383155720843126, ""C10"": 0.025383155720843126, ""C11"": 0.025383155720843126, ""C12"": 0.025383155720843126, ""C13"": 0.025383155720843126, ""C14"": 0.025383155720843126, ""C15"": 0.025383155720843126, ""C16"": 0.025383155720843126, ""C17"": 0.025383155720843126, ""C18"": 0.025383155720843126, ""C19"": 0.025383155720843126, ""C20"": 0.025383155720843126, ""C21"": 0.025383155720843126, ""C22"": 0.025383155720843126, ""C23"": 0.024477417648423226, ""C24"": 0.025383155720843126, ""C25"": 0.025383155720843126}"
38,38,1,295,3.334701,25,"{""C01"": 1.130578, ""C02"": 1.143189, ""C03"": 1.167504, ""C04"": 1.201494, ""C05"": 1.238579, ""C06"": 1.13484, ""C07"": 1.163793, ""C08"": 1.136578, ""C09"": 1.149189, ""C10"": 1.681833, ""C11"": 1.583922, ""C12"": 1.590116, ""C13"": 1.586908, ""C14"": 1.585212, ""C15"": 1.595233, ""C16"": 1.587712, ""C17"": 1.584327, ""C18"": 1.687833, ""C19"": 1.589922, ""C20"": 2.358957, ""C21"": 2.324435, ""C22"": 2.37514, ""C23"": 2.416631, ""C24"": 2.376221, ""C25"": 2.364957}","{""C01"": 0, ""C02"": 0, ""C03"": 0, ""C04"": 0, ""C05"": 0, ""C06"": 0, ""C07"": 0, ""C08"": 0, ""C09"": 0, ""C10"": 0, ""C11"": 0, ""C12"": 0, ""C13"": 0, ""C14"": 0, ""C15"": 0, ""C16"": 0, ""C17"": 0, ""C18"": 0, ""C19"": 0, ""C20"": 0, ""C21"": 0, ""C22"": 0, ""C23"": 1562, ""C24"": 0, ""C25"": 0}","{""C01"": 0.025385144526385836, ""C02"": 0.025385144526385836, ""C03"": 0.025385144526385836, ""C04"": 0.025385144526385836, ""C05"": 0.025385144526385836, ""C06"": 0.025385144526385836, ""C07"": 0.025385144526385836, ""C08"": 0.025385144526385836, ""C09"": 0.025385144526385836, ""C10"": 0.025385144526385836, ""C11"": 0.025385144526385836, ""C12"": 0.025385144526385836, ""C13"": 0.025385144526385836, ""C14"": 0.025385144526385836, ""C15"": 0.025385144526385836, ""C16"": 0.025385144526385836, ""C17"": 0.025385144526385836, ""C18"": 0.025385144526385836, ""C19"": 0.025385144526385836, ""C20"": 0.025385144526385836, ""C21"": 0.025385144526385836, ""C22"": 0.025385144526385836, ""C23"": 0.024480565156233414, ""C24"": 0.025385144526385836, ""C25"": 0.025385144526385836}"
39,39,1,371,3.725994,25,"{""C01"": 1.127526, ""C02"": 1.144194, ""C03"": 1.17248, ""C04"": 1.208487, ""C05"": 1.244687, ""C06"": 1.132158, ""C07"": 1.168336, ""C08"": 1.133526, ""C09"": 1.150194, ""C10"": 1.685883, ""C11"": 1.581992, ""C12"": 1.583757, ""C13"": 1.579755, ""C14"": 1.581274, ""C15"": 1.597006, ""C16"": 1.586345, ""C17"": 1.576412, ""C18"": 1.691883, ""C19"": 1.587992, ""C20"": 2.368949, ""C21"": 2.337944, ""C22"": 2.386929, ""C23"": 2.422272, ""C24"": 2.388726, ""C25"": 2.374949}","{""C01"": 0, ""C02"": 0, ""C03"": 0, ""C04"": 0, ""C05"": 0, ""C06"": 0, ""C07"": 0, ""C08"": 0, ""C09"": 0, ""C10"": 0, ""C11"": 0, ""C12"": 0, ""C13"": 0, ""C14"": 0, ""C15"": 0, ""C16"": 0, ""C17"": 0, ""C18"": 0, ""C19"": 0, ""C20"": 0, ""C21"": 0, ""C22"": 0, ""C23"": 1561, ""C24"": 0, ""C25"": 0}","{""C01"": 0.02538667866693768, ""C02"": 0.02538667866693768, ""C03"": 0.02538667866693768, ""C04"": 0.02538667866693768, ""C05"": 0.02538667866693768, ""C06"": 0.02538667866693768, ""C07"": 0.02538667866693768, ""C08"": 0.02538667866693768, ""C09"": 0.02538667866693768, ""C10"": 0.02538667866693768, ""C11"": 0.02538667866693768, ""C12"": 0.02538667866693768, ""C13"": 0.02538667866693768, ""C14"": 0.02538667866693768, ""C15"": 0.02538667866693768, ""C16"": 0.02538667866693768, ""C17"": 0.02538667866693768, ""C18"": 0.02538667866693768, ""C19"": 0.02538667866693768, ""C20"": 0.02538667866693768, ""C21"": 0.02538667866693768, ""C22"": 0.02538667866693768, ""C23"": 0.02448267817057098, ""C24"": 0.02538667866693768, ""C25"": 0.02538667866693768}"
40,40,1,476,4.201355,25,"{""C01"": 1.125746, ""C02"": 1.146679, ""C03"": 1.178421, ""C04"": 1.21545, ""C05"": 1.249757, ""C06"": 1.130624, ""C07"": 1.174009, ""C08"": 1.131746, ""C09"": 1.152679, ""C10"": 1.687701, ""C11"": 1.578071, ""C12"": 1.576542, ""C13"": 1.573238, ""C14"": 1.579121, ""C15"": 1.60083, ""C16"": 1.582904, ""C17"": 1.569223, ""C18"": 1.693701, ""C19"": 1.584071, ""C20"": 2.38058, ""C21"": 2.351288, ""C22"": 2.39675, ""C23"": 2.424992, ""C24"": 2.399245, ""C25"": 2.38658}","{""C01"": 0, ""C02"": 0, ""C03"": 0, ""C04"": 0, ""C05"": 0, ""C06"": 0, ""C07"": 0, ""C08"": 0, ""C09"": 0, ""C10"": 0, ""C11"": 0, ""C12"": 0, ""C13"": 0, ""C14"": 0, ""C15"": 0, ""C16"": 0, ""C17"": 0, ""C18"": 0, ""C19"": 0, ""C20"": 0, ""C21"": 0, ""C22"": 0, ""C23"": 1560, ""C24"": 0, ""C25"": 0}","{""C01"": 0.0253871152207365, ""C02"": 0.0253871152207365, ""C03"": 0.0253871152207365, ""C04"": 0.0253871152207365, ""C05"": 0.0253871152207365, ""C06"": 0.0253871152207365, ""C07"": 0.0253871152207365, ""C08"": 0.0253871152207365, ""C09"": 0.0253871152207365, ""C10"": 0.0253871152207365, ""C11"": 0.0253871152207365, ""C12"": 0.0253871152207365, ""C13"": 0.0253871152207365, ""C14"": 0.0253871152207365, ""C15"": 0.0253871152207365, ""C16"": 0.0253871152207365, ""C17"": 0.0253871152207365, ""C18"": 0.0253871152207365, ""C19"": 0.0253871152207365, ""C20"": 0.0253871152207365, ""C21"": 0.0253871152207365, ""C22"": 0.0253871152207365, ""C23"": 0.024483694569922606, ""C24"": 0.0253871152207365, ""C25"": 0.0253871152207365}"
41,41,1,661,5.835774,25,"{""C01"": 1.125401, ""C02"": 1.15054, ""C03"": 1.185008, ""C04"": 1.222, ""C05"": 1.253524, ""C06"": 1.130393, ""C07"": 1.180508, ""C08"": 1.131401, ""C09"": 1.15654, ""C10"": 1.687259, ""C11"": 1.572489, ""C12"": 1.569003, ""C13"": 1.567848, ""C14"": 1.578972, ""C15"": 1.606551, ""C16"": 1.577707, ""C17"": 1.56328, ""C18"": 1.693259, ""C19"": 1.578489, ""C20"": 2.393273, ""C21"": 2.363786, ""C22"": 2.404143, ""C23"": 2.424771, ""C24"": 2.407303, ""C25"": 2.399273}","{""C01"": 0, ""C02"": 0, ""C03"": 0, ""C04"": 0, ""C05"": 0, ""C06"": 0, ""C07"": 0, ""C08"": 0, ""C09"": 0, ""C10"": 0, ""C11"": 0, ""C12"": 0, ""C13"": 0, ""C14"": 0, ""C15"": 0, ""C16"": 0, ""C17"": 0, ""C18"": 0, ""C19"": 0, ""C20"": 0, ""C21"": 0, ""C22"": 0, ""C23"": 1560, ""C24"": 0, ""C25"": 0}","{""C01"": 0.025387032590684783, ""C02"": 0.025387032590684783, ""C03"": 0.025387032590684783, ""C04"": 0.025387032590684783, ""C05"": 0.025387032590684783, ""C06"": 0.025387032590684783, ""C07"": 0.025387032590684783, ""C08"": 0.025387032590684783, ""C09"": 0.025387032590684783, ""C10"": 0.025387032590684783, ""C11"": 0.025387032590684783, ""C12"": 0.025387032590684783, ""C13"": 0.025387032590684783, ""C14"": 0.025387032590684783, ""C15"": 0.025387032590684783, ""C16"": 0.025387032590684783, ""C17"": 0.025387032590684783, ""C18"": 0.025387032590684783, ""C19"": 0.025387032590684783, ""C20"": 0.025387032590684783, ""C21"": 0.025387032590684783, ""C22"": 0.025387032590684783, ""C23"": 0.024483612013057553, ""C24"": 0.025387032590684783, ""C25"": 0.025387032590684783}"
42,42,1,1546,14.676488,25,"{""C01"": 1.126559, ""C02"": 1.155585, ""C03"": 1.191879, ""C04"": 1.227778, ""C05"": 1.255804, ""C06"": 1.131529, ""C07"": 1.187475, ""C08"": 1.132559, ""C09"": 1.161585, ""C10"": 1.684665, ""C11"": 1.565673, ""C12"": 1.561691, ""C13"": 1.563999, ""C14"": 1.580917, ""C15"": 1.613895, ""C16"": 1.571168, ""C17"": 1.559022, ""C18"": 1.690665, ""C19"": 1.571673, ""C20"": 2.40638, ""C21"": 2.374799, ""C22"": 2.408785, ""C23"": 2.42176, ""C24"": 2.412562, ""C25"": 2.41238}","{""C01"": 0, ""C02"": 0, ""C03"": 0, ""C04"": 0, ""C05"": 0, ""C06"": 0, ""C07"": 0, ""C08"": 0, ""C09"": 0, ""C10"": 0, ""C11"": 0, ""C12"": 0, ""C13"": 0, ""C14"": 0, ""C15"": 0, ""C16"": 0, ""C17"": 0, ""C18"": 0, ""C19"": 0, ""C20"": 0, ""C21"": 0, ""C22"": 0, ""C23"": 1561, ""C24"": 0, ""C25"": 0}","{""C01"": 0.025386486960055646, ""C02"": 0.025386486960055646, ""C03"": 0.025386486960055646, ""C04"": 0.025386486960055646, ""C05"": 0.025386486960055646, ""C06"": 0.025386486960055646, ""C07"": 0.025386486960055646, ""C08"": 0.025386486960055646, ""C09"": 0.025386486960055646, ""C10"": 0.025386486960055646, ""C11"": 0.025386486960055646, ""C12"": 0.025386486960055646, ""C13"": 0.025386486960055646, ""C14"": 0.025386486960055646, ""C15"": 0.025386486960055646, ""C16"": 0.025386486960055646, ""C17"": 0.025386486960055646, ""C18"": 0.025386486960055646, ""C19"": 0.025386486960055646, ""C20"": 0.025386486960055646, ""C21"": 0.025386486960055646, ""C22"": 0.025386486960055646, ""C23"": 0.024482486633374337, ""C24"": 0.025386486960055646, ""C25"": 0.025386486960055646}"
43,43,1,1001,8.875269,25,"{""C01"": 1.129193, ""C02"": 1.161545, ""C03"": 1.198652, ""C04"": 1.232469, ""C05"": 1.256497, ""C06"": 1.134005, ""C07"": 1.194524, ""C08"": 1.135193, ""C09"": 1.167545, ""C10"": 1.680154, ""C11"": 1.558121, ""C12"": 1.555135, ""C13"": 1.562005, ""C14"": 1.584908, ""C15"": 1.622478, ""C16"": 1.563778, ""C17"": 1.556781, ""C18"": 1.686154, ""C19"": 1.564121, ""C20"": 2.419213, ""C21"": 2.383772, ""C22"": 2.410518, ""C23"": 2.416277, ""C24"": 2.414848, ""C25"": 2.425213}","{""C01"": 0, ""C02"": 0, ""C03"": 0, ""C04"": 0, ""C05"": 0, ""C06"": 0, ""C07"": 0, ""C08"": 0, ""C09"": 0, ""C10"": 0, ""C11"": 0, ""C12"": 0, ""C13"": 0, ""C14"": 0, ""C15"": 0, ""C16"": 0, ""C17"": 0, ""C18"": 0, ""C19"": 0, ""C20"": 328, ""C21"": 0, ""C22"": 0, ""C23"": 123, ""C24"": 0, ""C25"": 1110}","{""C01"": 0.02538704400102637, ""C02"": 0.02538704400102637, ""C03"": 0.02538704400102637, ""C04"": 0.02538704400102637, ""C05"": 0.02538704400102637, ""C06"": 0.02538704400102637, ""C07"": 0.02538704400102637, ""C08"": 0.02538704400102637, ""C09"": 0.02538704400102637, ""C10"": 0.02538704400102637, ""C11"": 0.02538704400102637, ""C12"": 0.02538704400102637, ""C13"": 0.02538704400102637, ""C14"": 0.02538704400102637, ""C15"": 0.02538704400102637, ""C16"": 0.02538704400102637, ""C17"": 0.02538704400102637, ""C18"": 0.02538704400102637, ""C19"": 0.02538704400102637, ""C20"": 0.025197093700328698, ""C21"": 0.02538704400102637, ""C22"": 0.02538704400102637, ""C23"": 0.025315812465114433, ""C24"": 0.02538704400102637, ""C25"": 0.024744226888509385}"
44,44,1,310,2.778395,25,"{""C01"": 1.133182, ""C02"": 1.168091, ""C03"": 1.204948, ""C04"": 1.235824, ""C05"": 1.255604, ""C06"": 1.137706, ""C07"": 1.20126, ""C08"": 1.139182, ""C09"": 1.174091, ""C10"": 1.674076, ""C11"": 1.550372, ""C12"": 1.54981, ""C13"": 1.56206, ""C14"": 1.590768, ""C15"": 1.631837, ""C16"": 1.556071, ""C17"": 1.55676, ""C18"": 1.680076, ""C19"": 1.556372, ""C20"": 2.431095, ""C21"": 2.390268, ""C22"": 2.409353, ""C23"": 2.408781, ""C24"": 2.414163, ""C25"": 2.437095}","{""C01"": 0, ""C02"": 0, ""C03"": 0, ""C04"": 0, ""C05"": 0, ""C06"": 0, ""C07"": 0, ""C08"": 0, ""C09"": 0, ""C10"": 0, ""C11"": 0, ""C12"": 0, ""C13"": 0, ""C14"": 0, ""C15"": 0, ""C16"": 0, ""C17"": 0, ""C18"": 0, ""C19"": 0, ""C20"": 653, ""C21"": 0, ""C22"": 0, ""C23"": 0, ""C24"": 0, ""C25"": 906}","{""C01"": 0.025390109837434782, ""C02"": 0.025390109837434782, ""C03"": 0.025390109837434782, ""C04"": 0.025390109837434782, ""C05"": 0.025390109837434782, ""C06"": 0.025390109837434782, ""C07"": 0.025390109837434782, ""C08"": 0.025390109837434782, ""C09"": 0.025390109837434782, ""C10"": 0.025390109837434782, ""C11"": 0.025390109837434782, ""C12"": 0.025390109837434782, ""C13"": 0.025390109837434782, ""C14"": 0.025390109837434782, ""C15"": 0.025390109837434782, ""C16"": 0.025390109837434782, ""C17"": 0.025390109837434782, ""C18"": 0.025390109837434782, ""C19"": 0.025390109837434782, ""C20"": 0.02501194610205455, ""C21"": 0.025390109837434782, ""C22"": 0.025390109837434782, ""C23"": 0.025390109837434782, ""C24"": 0.025390109837434782, ""C25"": 0.024865432729208783}"
45,45,1,188,1.634396,25,"{""C01"": 1.138315, ""C02"": 1.174855, ""C03"": 1.210413, ""C04"": 1.237672, ""C05"": 1.253217, ""C06"": 1.142431, ""C07"": 1.207307, ""C08"": 1.144315, ""C09"": 1.180855, ""C10"": 1.666874, ""C11"": 1.542972, ""C12"": 1.546113, ""C13"": 1.564224, ""C14"": 1.598195, ""C15"": 1.641454, ""C16"": 1.548592, ""C17"": 1.559025, ""C18"": 1.672874, ""C19"": 1.548972, ""C20"": 2.441399, ""C21"": 2.393993, ""C22"": 2.405475, ""C23"": 2.399851, ""C24"": 2.410678, ""C25"": 2.447399}","{""C01"": 0, ""C02"": 0, ""C03"": 0, ""C04"": 0, ""C05"": 0, ""C06"": 0, ""C07"": 0, ""C08"": 0, ""C09"": 0, ""C10"": 0, ""C11"": 0, ""C12"": 0, ""C13"": 0, ""C14"": 0, ""C15"": 0, ""C16"": 0, ""C17"": 0, ""C18"": 0, ""C19"": 0, ""C20"": 705, ""C21"": 0, ""C22"": 0, ""C23"": 0, ""C24"": 0, ""C25"": 852}","{""C01"": 0.0253926939020106, ""C02"": 0.0253926939020106, ""C03"": 0.0253926939020106, ""C04"": 0.0253926939020106, ""C05"": 0.0253926939020106, ""C06"": 0.0253926939020106, ""C07"": 0.0253926939020106, ""C08"": 0.0253926939020106, ""C09"": 0.0253926939020106, ""C10"": 0.0253926939020106, ""C11"": 0.0253926939020106, ""C12"": 0.0253926939020106, ""C13"": 0.0253926939020106, ""C14"": 0.0253926939020106, ""C15"": 0.0253926939020106, ""C16"": 0.0253926939020106, ""C17"": 0.0253926939020106, ""C18"": 0.0253926939020106, ""C19"": 0.0253926939020106, ""C20"": 0.024984416053075168, ""C21"": 0.0253926939020106, ""C22"": 0.0253926939020106, ""C23"": 0.0253926939020106, ""C24"": 0.0253926939020106, ""C25"": 0.024899289250301233}"
46,46,1,136,1.243971,25,"{""C01"": 1.14431, ""C02"": 1.181452, ""C03"": 1.214745, ""C04"": 1.237935, ""C05"": 1.249523, ""C06"": 1.147914, ""C07"": 1.212332, ""C08"": 1.15031, ""C09"": 1.187452, ""C10"": 1.659055, ""C11"": 1.536442, ""C12"": 1.544334, ""C13"": 1.568424, ""C14"": 1.606789, ""C15"": 1.650792, ""C16"": 1.541864, ""C17"": 1.563497, ""C18"": 1.665055, ""C19"": 1.542442, ""C20"": 2.449589, ""C21"": 2.394821, ""C22"": 2.399229, ""C23"": 2.390146, ""C24"": 2.404731, ""C25"": 2.455589}","{""C01"": 0, ""C02"": 0, ""C03"": 0, ""C04"": 0, ""C05"": 0, ""C06"": 0, ""C07"": 0, ""C08"": 0, ""C09"": 0, ""C10"": 0, ""C11"": 0, ""C12"": 0, ""C13"": 0, ""C14"": 0, ""C15"": 0, ""C16"": 0, ""C17"": 0, ""C18"": 0, ""C19"": 0, ""C20"": 723, ""C21"": 0, ""C22"": 0, ""C23"": 0, ""C24"": 0, ""C25"": 833}","{""C01"": 0.025395108988018153, ""C02"": 0.025395108988018153, ""C03"": 0.025395108988018153, ""C04"": 0.025395108988018153, ""C05"": 0.025395108988018153, ""C06"": 0.025395108988018153, ""C07"": 0.025395108988018153, ""C08"": 0.025395108988018153, ""C09"": 0.025395108988018153, ""C10"": 0.025395108988018153, ""C11"": 0.025395108988018153, ""C12"": 0.025395108988018153, ""C13"": 0.025395108988018153, ""C14"": 0.025395108988018153, ""C15"": 0.025395108988018153, ""C16"": 0.025395108988018153, ""C17"": 0.025395108988018153, ""C18"": 0.025395108988018153, ""C19"": 0.025395108988018153, ""C20"": 0.0249764065452187, ""C21"": 0.025395108988018153, ""C22"": 0.025395108988018153, ""C23"": 0.025395108988018153, ""C24"": 0.025395108988018153, ""C25"": 0.024912706595602848}"
47,47,1,109,0.993183,25,"{""C01"": 1.150827, ""C02"": 1.187506, ""C03"": 1.217706, ""C04"": 1.236629, ""C05"": 1.244783, ""C06"": 1.153831, ""C07"": 1.21606, ""C08"": 1.156827, ""C09"": 1.193506, ""C10"": 1.651161, ""C11"": 1.531243, ""C12"": 1.544638, ""C13"": 1.574453, ""C14"": 1.616071, ""C15"": 1.659325, ""C16"": 1.536354, ""C17"": 1.569957, ""C18"": 1.657161, ""C19"": 1.537243, ""C20"": 2.455251, ""C21"": 2.392796, ""C22"": 2.3911, ""C23"": 2.380367, ""C24"": 2.3968, ""C25"": 2.461251}","{""C01"": 0, ""C02"": 0, ""C03"": 0, ""C04"": 0, ""C05"": 0, ""C06"": 0, ""C07"": 0, ""C08"": 0, ""C09"": 0, ""C10"": 0, ""C11"": 0, ""C12"": 0, ""C13"": 0, ""C14"": 0, ""C15"": 0, ""C16"": 0, ""C17"": 0, ""C18"": 0, ""C19"": 0, ""C20"": 739, ""C21"": 0, ""C22"": 0, ""C23"": 0, ""C24"": 0, ""C25"": 816}","{""C01"": 0.025396586536484356, ""C02"": 0.025396586536484356, ""C03"": 0.025396586536484356, ""C04"": 0.025396586536484356, ""C05"": 0.025396586536484356, ""C06"": 0.025396586536484356, ""C07"": 0.025396586536484356, ""C08"": 0.025396586536484356, ""C09"": 0.025396586536484356, ""C10"": 0.025396586536484356, ""C11"": 0.025396586536484356, ""C12"": 0.025396586536484356, ""C13"": 0.025396586536484356, ""C14"": 0.025396586536484356, ""C15"": 0.025396586536484356, ""C16"": 0.025396586536484356, ""C17"": 0.025396586536484356, ""C18"": 0.025396586536484356, ""C19"": 0.025396586536484356, ""C20"": 0.02496861820283457, ""C21"": 0.025396586536484356, ""C22"": 0.025396586536484356, ""C23"": 0.025396586536484356, ""C24"": 0.025396586536484356, ""C25"": 0.024924028996196248}"
48,48,1,94,0.823705,25,"{""C01"": 1.157493, ""C02"": 1.192671, ""C03"": 1.219145, ""C04"": 1.233868, ""C05"": 1.239324, ""C06"": 1.159833, ""C07"": 1.2183, ""C08"": 1.163493, ""C09"": 1.198671, ""C10"": 1.643735, ""C11"": 1.527751, ""C12"": 1.54706, ""C13"": 1.581989, ""C14"": 1.625516, ""C15"": 1.666575, ""C16"": 1.532447, ""C17"": 1.578065, ""C18"": 1.649735, ""C19"": 1.533751, ""C20"": 2.458125, ""C21"": 2.388135, ""C22"": 2.381684, ""C23"": 2.371212, ""C24"": 2.387477, ""C25"": 2.464125}","{""C01"": 0, ""C02"": 0, ""C03"": 0, ""C04"": 0, ""C05"": 0, ""C06"": 0, ""C07"": 0, ""C08"": 0, ""C09"": 0, ""C10"": 0, ""C11"": 0, ""C12"": 0, ""C13"": 0, ""C14"": 0, ""C15"": 0, ""C16"": 0, ""C17"": 0, ""C18"": 0, ""C19"": 0, ""C20"": 741, ""C21"": 0, ""C22"": 0, ""C23"": 0, ""C24"": 0, ""C25"": 813}","{""C01"": 0.02539705672953818, ""C02"": 0.02539705672953818, ""C03"": 0.02539705672953818, ""C04"": 0.02539705672953818, ""C05"": 0.02539705672953818, ""C06"": 0.02539705672953818, ""C07"": 0.02539705672953818, ""C08"": 0.02539705672953818, ""C09"": 0.02539705672953818, ""C10"": 0.02539705672953818, ""C11"": 0.02539705672953818, ""C12"": 0.02539705672953818, ""C13"": 0.02539705672953818, ""C14"": 0.02539705672953818, ""C15"": 0.02539705672953818, ""C16"": 0.02539705672953818, ""C17"": 0.02539705672953818, ""C18"": 0.02539705672953818, ""C19"": 0.02539705672953818, ""C20"": 0.02496793049083219, ""C21"": 0.02539705672953818, ""C22"": 0.02539705672953818, ""C23"": 0.02539705672953818, ""C24"": 0.02539705672953818, ""C25"": 0.024926237247717132}"
49,49,1,87,0.760117,25,"{""C01"": 1.163922, ""C02"": 1.196656, ""C03"": 1.219, ""C04"": 1.229852, ""C05"": 1.233514, ""C06"": 1.165557, ""C07"": 1.218948, ""C08"": 1.169922, ""C09"": 1.202656, ""C10"": 1.637288, ""C11"": 1.526231, ""C12"": 1.551498, ""C13"": 1.590612, ""C14"": 1.634585, ""C15"": 1.67214, ""C16"": 1.53042, ""C17"": 1.587375, ""C18"": 1.643288, ""C19"": 1.532231, ""C20"": 2.458116, ""C21"": 2.381213, ""C22"": 2.371651, ""C23"": 2.363333, ""C24"": 2.377429, ""C25"": 2.464116}","{""C01"": 0, ""C02"": 0, ""C03"": 0, ""C04"": 0, ""C05"": 0, ""C06"": 0, ""C07"": 0, ""C08"": 0, ""C09"": 0, ""C10"": 0, ""C11"": 0, ""C12"": 0, ""C13"": 0, ""C14"": 0, ""C15"": 0, ""C16"": 0, ""C17"": 0, ""C18"": 0, ""C19"": 0, ""C20"": 742, ""C21"": 0, ""C22"": 0, ""C23"": 0, ""C24"": 0, ""C25"": 812}","{""C01"": 0.025397052016043253, ""C02"": 0.025397052016043253, ""C03"": 0.025397052016043253, ""C04"": 0.025397052016043253, ""C05"": 0.025397052016043253, ""C06"": 0.025397052016043253, ""C07"": 0.025397052016043253, ""C08"": 0.025397052016043253, ""C09"": 0.025397052016043253, ""C10"": 0.025397052016043253, ""C11"": 0.025397052016043253, ""C12"": 0.025397052016043253, ""C13"": 0.025397052016043253, ""C14"": 0.025397052016043253, ""C15"": 0.025397052016043253, ""C16"": 0.025397052016043253, ""C17"": 0.025397052016043253, ""C18"": 0.025397052016043253, ""C19"": 0.025397052016043253, ""C20"": 0.024967346661462025, ""C21"": 0.025397052016043253, ""C22"": 0.025397052016043253, ""C23"": 0.025397052016043253, ""C24"": 0.025397052016043253, ""C25"": 0.024926811659332762}"
50,50,1,83,0.721938,25,"{""C01"": 1.169741, ""C02"": 1.199239, ""C03"": 1.217309, ""C04"": 1.224858, ""C05"": 1.227742, ""C06"": 1.170655, ""C07"": 1.218001, ""C08"": 1.175741, ""C09"": 1.205239, ""C10"": 1.632265, ""C11"": 1.526822, ""C12"": 1.557719, ""C13"": 1.599832, ""C14"": 1.642759, ""C15"": 1.675719, ""C16"": 1.530426, ""C17"": 1.597367, ""C18"": 1.638265, ""C19"": 1.532822, ""C20"": 2.455302, ""C21"": 2.372536, ""C22"": 2.361701, ""C23"": 2.3573, ""C24"": 2.367356, ""C25"": 2.461302}","{""C01"": 0, ""C02"": 0, ""C03"": 0, ""C04"": 0, ""C05"": 0, ""C06"": 0, ""C07"": 0, ""C08"": 0, ""C09"": 0, ""C10"": 0, ""C11"": 0, ""C12"": 0, ""C13"": 0, ""C14"": 0, ""C15"": 0, ""C16"": 0, ""C17"": 0, ""C18"": 0, ""C19"": 0, ""C20"": 748, ""C21"": 0, ""C22"": 0, ""C23"": 0, ""C24"": 0, ""C25"": 807}","{""C01"": 0.02539659250890708, ""C02"": 0.02539659250890708, ""C03"": 0.02539659250890708, ""C04"": 0.02539659250890708, ""C05"": 0.02539659250890708, ""C06"": 0.02539659250890708, ""C07"": 0.02539659250890708, ""C08"": 0.02539659250890708, ""C09"": 0.02539659250890708, ""C10"": 0.02539659250890708, ""C11"": 0.02539659250890708, ""C12"": 0.02539659250890708, ""C13"": 0.02539659250890708, ""C14"": 0.02539659250890708, ""C15"": 0.02539659250890708, ""C16"": 0.02539659250890708, ""C17"": 0.02539659250890708, ""C18"": 0.02539659250890708, ""C19"": 0.02539659250890708, ""C20"": 0.02496341211165398, ""C21"": 0.02539659250890708, ""C22"": 0.02539659250890708, ""C23"": 0.02539659250890708, ""C24"": 0.02539659250890708, ""C25"": 0.024929247051412515}"
51,51,1,81,0.701551,25,"{""C01"": 1.174614, ""C02"": 1.200286, ""C03"": 1.214201, ""C04"": 1.219221, ""C05"": 1.222391, ""C06"": 1.174818, ""C07"": 1.215547, ""C08"": 1.180614, ""C09"": 1.206286, ""C10"": 1.629021, ""C11"": 1.529531, ""C12"": 1.565381, ""C13"": 1.609115, ""C14"": 1.649573, ""C15"": 1.677131, ""C16"": 1.53249, ""C17"": 1.607473, ""C18"": 1.635021, ""C19"": 1.535531, ""C20"": 2.449931, ""C21"": 2.362718, ""C22"": 2.352528, ""C23"": 2.353559, ""C24"": 2.357957, ""C25"": 2.455931}","{""C01"": 0, ""C02"": 0, ""C03"": 0, ""C04"": 0, ""C05"": 0, ""C06"": 0, ""C07"": 0, ""C08"": 0, ""C09"": 0, ""C10"": 0, ""C11"": 0, ""C12"": 0, ""C13"": 0, ""C14"": 0, ""C15"": 0, ""C16"": 0, ""C17"": 0, ""C18"": 0, ""C19"": 0, ""C20"": 749, ""C21"": 0, ""C22"": 0, ""C23"": 0, ""C24"": 0, ""C25"": 807}","{""C01"": 0.02539519797313118, ""C02"": 0.02539519797313118, ""C03"": 0.02539519797313118, ""C04"": 0.02539519797313118, ""C05"": 0.02539519797313118, ""C06"": 0.02539519797313118, ""C07"": 0.02539519797313118, ""C08"": 0.02539519797313118, ""C09"": 0.02539519797313118, ""C10"": 0.02539519797313118, ""C11"": 0.02539519797313118, ""C12"": 0.02539519797313118, ""C13"": 0.02539519797313118, ""C14"": 0.02539519797313118, ""C15"": 0.02539519797313118, ""C16"": 0.02539519797313118, ""C17"": 0.02539519797313118, ""C18"": 0.02539519797313118, ""C19"": 0.02539519797313118, ""C20"": 0.024961438457699936, ""C21"": 0.02539519797313118, ""C22"": 0.02539519797313118, ""C23"": 0.02539519797313118, ""C24"": 0.02539519797313118, ""C25"": 0.024927852644963}"
52,52,1,76,1.029780,25,"{""C01"": 1.178262, ""C02"": 1.199754, ""C03"": 1.209893, ""C04"": 1.213315, ""C05"": 1.217818, ""C06"": 1.177791, ""C07"": 1.211769, ""C08"": 1.184262, ""C09"": 1.205754, ""C10"": 1.627797, ""C11"": 1.534228, ""C12"": 1.574044, ""C13"": 1.617926, ""C14"": 1.654641, ""C15"": 1.676328, ""C16"": 1.5365, ""C17"": 1.617122, ""C18"": 1.633797, ""C19"": 1.540228, ""C20"": 2.442405, ""C21"": 2.352437, ""C22"": 2.344769, ""C23"": 2.352412, ""C24"": 2.349871, ""C25"": 2.448405}","{""C01"": 0, ""C02"": 0, ""C03"": 0, ""C04"": 0, ""C05"": 0, ""C06"": 0, ""C07"": 0, ""C08"": 0, ""C09"": 0, ""C10"": 0, ""C11"": 0, ""C12"": 0, ""C13"": 0, ""C14"": 0, ""C15"": 0, ""C16"": 0, ""C17"": 0, ""C18"": 0, ""C19"": 0, ""C20"": 754, ""C21"": 0, ""C22"": 0, ""C23"": 0, ""C24"": 0, ""C25"": 803}","{""C01"": 0.02539299602204946, ""C02"": 0.02539299602204946, ""C03"": 0.02539299602204946, ""C04"": 0.02539299602204946, ""C05"": 0.02539299602204946, ""C06"": 0.02539299602204946, ""C07"": 0.02539299602204946, ""C08"": 0.02539299602204946, ""C09"": 0.02539299602204946, ""C10"": 0.02539299602204946, ""C11"": 0.02539299602204946, ""C12"": 0.02539299602204946, ""C13"": 0.02539299602204946, ""C14"": 0.02539299602204946, ""C15"": 0.02539299602204946, ""C16"": 0.02539299602204946, ""C17"": 0.02539299602204946, ""C18"": 0.02539299602204946, ""C19"": 0.02539299602204946, ""C20"": 0.024956341338074492, ""C21"": 0.02539299602204946, ""C22"": 0.02539299602204946, ""C23"": 0.02539299602204946, ""C24"": 0.02539299602204946, ""C25"": 0.02492796802604633}"
53,53,1,85,1.128030,25,"{""C01"": 1.180479, ""C02"": 1.197699, ""C03"": 1.204675, ""C04"": 1.20753, ""C05"": 1.214329, ""C06"": 1.179394, ""C07"": 1.20693, ""C08"": 1.186479, ""C09"": 1.203699, ""C10"": 1.628704, ""C11"": 1.540656, ""C12"": 1.583208, ""C13"": 1.625752, ""C14"": 1.657686, ""C15"": 1.673397, ""C16"": 1.542218, ""C17"": 1.625765, ""C18"": 1.634704, ""C19"": 1.546656, ""C20"": 2.433255, ""C21"": 2.342396, ""C22"": 2.338969, ""C23"": 2.353993, ""C24"": 2.343653, ""C25"": 2.439255}","{""C01"": 0, ""C02"": 0, ""C03"": 0, ""C04"": 0, ""C05"": 0, ""C06"": 0, ""C07"": 0, ""C08"": 0, ""C09"": 0, ""C10"": 0, ""C11"": 0, ""C12"": 0, ""C13"": 0, ""C14"": 0, ""C15"": 0, ""C16"": 0, ""C17"": 0, ""C18"": 0, ""C19"": 0, ""C20"": 748, ""C21"": 0, ""C22"": 0, ""C23"": 0, ""C24"": 0, ""C25"": 811}","{""C01"": 0.025390776677209265, ""C02"": 0.025390776677209265, ""C03"": 0.025390776677209265, ""C04"": 0.025390776677209265, ""C05"": 0.025390776677209265, ""C06"": 0.025390776677209265, ""C07"": 0.025390776677209265, ""C08"": 0.025390776677209265, ""C09"": 0.025390776677209265, ""C10"": 0.025390776677209265, ""C11"": 0.025390776677209265, ""C12"": 0.025390776677209265, ""C13"": 0.025390776677209265, ""C14"": 0.025390776677209265, ""C15"": 0.025390776677209265, ""C16"": 0.025390776677209265, ""C17"": 0.025390776677209265, ""C18"": 0.025390776677209265, ""C19"": 0.025390776677209265, ""C20"": 0.02495759660561206, ""C21"": 0.025390776677209265, ""C22"": 0.025390776677209265, ""C23"": 0.025390776677209265, ""C24"": 0.025390776677209265, ""C25"": 0.0249211154634643}"
54,54,1,100,1.335566,25,"{""C01"": 1.181148, ""C02"": 1.194269, ""C03"": 1.198891, ""C04"": 1.202246, ""C05"": 1.212162, ""C06"": 1.179531, ""C07"": 1.201354, ""C08"": 1.187148, ""C09"": 1.200269, ""C10"": 1.631721, ""C11"": 1.548452, ""C12"": 1.592336, ""C13"": 1.63214, ""C14"": 1.658551, ""C15"": 1.668552, ""C16"": 1.549303, ""C17"": 1.632912, ""C18"": 1.637721, ""C19"": 1.554452, ""C20"": 2.423109, ""C21"": 2.333277, ""C22"": 2.335548, ""C23"": 2.358262, ""C24"": 2.33973, ""C25"": 2.429109}","{""C01"": 0, ""C02"": 0, ""C03"": 0, ""C04"": 0, ""C05"": 0, ""C06"": 0, ""C07"": 0, ""C08"": 0, ""C09"": 0, ""C10"": 0, ""C11"": 0, ""C12"": 0, ""C13"": 0, ""C14"": 0, ""C15"": 0, ""C16"": 0, ""C17"": 0, ""C18"": 0, ""C19"": 0, ""C20"": 744, ""C21"": 0, ""C22"": 0, ""C23"": 0, ""C24"": 0, ""C25"": 817}","{""C01"": 0.025388165861667297, ""C02"": 0.025388165861667297, ""C03"": 0.025388165861667297, ""C04"": 0.025388165861667297, ""C05"": 0.025388165861667297, ""C06"": 0.025388165861667297, ""C07"": 0.025388165861667297, ""C08"": 0.025388165861667297, ""C09"": 0.025388165861667297, ""C10"": 0.025388165861667297, ""C11"": 0.025388165861667297, ""C12"": 0.025388165861667297, ""C13"": 0.025388165861667297, ""C14"": 0.025388165861667297, ""C15"": 0.025388165861667297, ""C16"": 0.025388165861667297, ""C17"": 0.025388165861667297, ""C18"": 0.025388165861667297, ""C19"": 0.025388165861667297, ""C20"": 0.024957302283190225, ""C21"": 0.025388165861667297, ""C22"": 0.025388165861667297, ""C23"": 0.025388165861667297, ""C24"": 0.025388165861667297, ""C25"": 0.024915030020251597}"
55,55,1,126,1.223685,25,"{""C01"": 1.180246, ""C02"": 1.189696, ""C03"": 1.19292, ""C04"": 1.197809, ""C05"": 1.211469, ""C06"": 1.178198, ""C07"": 1.195408, ""C08"": 1.186246, ""C09"": 1.195696, ""C10"": 1.636692, ""C11"": 1.55716, ""C12"": 1.600892, ""C13"": 1.636725, ""C14"": 1.657214, ""C15"": 1.662128, ""C16"": 1.557318, ""C17"": 1.638164, ""C18"": 1.642692, ""C19"": 1.56316, ""C20"": 2.412652, ""C21"": 2.325702, ""C22"": 2.334774, ""C23"": 2.365009, ""C24"": 2.338384, ""C25"": 2.418652}","{""C01"": 0, ""C02"": 0, ""C03"": 0, ""C04"": 0, ""C05"": 0, ""C06"": 0, ""C07"": 0, ""C08"": 0, ""C09"": 0, ""C10"": 0, ""C11"": 0, ""C12"": 0, ""C13"": 0, ""C14"": 0, ""C15"": 0, ""C16"": 0, ""C17"": 0, ""C18"": 0, ""C19"": 0, ""C20"": 731, ""C21"": 0, ""C22"": 0, ""C23"": 0, ""C24"": 0, ""C25"": 832}","{""C01"": 0.025385430429311337, ""C02"": 0.025385430429311337, ""C03"": 0.025385430429311337, ""C04"": 0.025385430429311337, ""C05"": 0.025385430429311337, ""C06"": 0.025385430429311337, ""C07"": 0.025385430429311337, ""C08"": 0.025385430429311337, ""C09"": 0.025385430429311337, ""C10"": 0.025385430429311337, ""C11"": 0.025385430429311337, ""C12"": 0.025385430429311337, ""C13"": 0.025385430429311337, ""C14"": 0.025385430429311337, ""C15"": 0.025385430429311337, ""C16"": 0.025385430429311337, ""C17"": 0.025385430429311337, ""C18"": 0.025385430429311337, ""C19"": 0.025385430429311337, ""C20"": 0.024962095435661316, ""C21"": 0.025385430429311337, ""C22"": 0.025385430429311337, ""C23"": 0.025385430429311337, ""C24"": 0.025385430429311337, ""C25"": 0.024903607981792208}"
56,56,1,189,1.664708,25,"{""C01"": 1.177847, ""C02"": 1.184281, ""C03"": 1.187151, ""C04"": 1.194514, ""C05"": 1.212313, ""C06"": 1.175485, ""C07"": 1.18948, ""C08"": 1.183847, ""C09"": 1.190281, ""C10"": 1.643336, ""C11"": 1.56627, ""C12"": 1.608374, ""C13"": 1.639252, ""C14"": 1.653788, ""C15"": 1.654552, ""C16"": 1.565774, ""C17"": 1.641239, ""C18"": 1.649336, ""C19"": 1.57227, ""C20"": 2.402586, ""C21"": 2.320192, ""C22"": 2.336745, ""C23"": 2.373865, ""C24"": 2.339723, ""C25"": 2.408586}","{""C01"": 0, ""C02"": 0, ""C03"": 0, ""C04"": 0, ""C05"": 0, ""C06"": 0, ""C07"": 0, ""C08"": 0, ""C09"": 0, ""C10"": 0, ""C11"": 0, ""C12"": 0, ""C13"": 0, ""C14"": 0, ""C15"": 0, ""C16"": 0, ""C17"": 0, ""C18"": 0, ""C19"": 0, ""C20"": 701, ""C21"": 0, ""C22"": 0, ""C23"": 0, ""C24"": 0, ""C25"": 864}","{""C01"": 0.025382845097993434, ""C02"": 0.025382845097993434, ""C03"": 0.025382845097993434, ""C04"": 0.025382845097993434, ""C05"": 0.025382845097993434, ""C06"": 0.025382845097993434, ""C07"": 0.025382845097993434, ""C08"": 0.025382845097993434, ""C09"": 0.025382845097993434, ""C10"": 0.025382845097993434, ""C11"": 0.025382845097993434, ""C12"": 0.025382845097993434, ""C13"": 0.025382845097993434, ""C14"": 0.025382845097993434, ""C15"": 0.025382845097993434, ""C16"": 0.025382845097993434, ""C17"": 0.025382845097993434, ""C18"": 0.025382845097993434, ""C19"": 0.025382845097993434, ""C20"": 0.024976883638111257, ""C21"": 0.025382845097993434, ""C22"": 0.025382845097993434, ""C23"": 0.025382845097993434, ""C24"": 0.025382845097993434, ""C25"": 0.024882490854293095}"
57,57,1,528,4.766230,25,"{""C01"": 1.174117, ""C02"": 1.178379, ""C03"": 1.18196, ""C04"": 1.192582, ""C05"": 1.214655, ""C06"": 1.171569, ""C07"": 1.183955, ""C08"": 1.180117, ""C09"": 1.184379, ""C10"": 1.651269, ""C11"": 1.575242, ""C12"": 1.614344, ""C13"": 1.63959, ""C14"": 1.648514, ""C15"": 1.646324, ""C16"": 1.57415, ""C17"": 1.64198, ""C18"": 1.657269, ""C19"": 1.581242, ""C20"": 2.393583, ""C21"": 2.317139, ""C22"": 2.341386, ""C23"": 2.384327, ""C24"": 2.343688, ""C25"": 2.399583}","{""C01"": 0, ""C02"": 0, ""C03"": 0, ""C04"": 0, ""C05"": 0, ""C06"": 0, ""C07"": 0, ""C08"": 0, ""C09"": 0, ""C10"": 0, ""C11"": 0, ""C12"": 0, ""C13"": 0, ""C14"": 0, ""C15"": 0, ""C16"": 0, ""C17"": 0, ""C18"": 0, ""C19"": 0, ""C20"": 535, ""C21"": 0, ""C22"": 0, ""C23"": 0, ""C24"": 0, ""C25"": 1032}","{""C01"": 0.025380840306850255, ""C02"": 0.025380840306850255, ""C03"": 0.025380840306850255, ""C04"": 0.025380840306850255, ""C05"": 0.025380840306850255, ""C06"": 0.025380840306850255, ""C07"": 0.025380840306850255, ""C08"": 0.025380840306850255, ""C09"": 0.025380840306850255, ""C10"": 0.025380840306850255, ""C11"": 0.025380840306850255, ""C12"": 0.025380840306850255, ""C13"": 0.025380840306850255, ""C14"": 0.025380840306850255, ""C15"": 0.025380840306850255, ""C16"": 0.025380840306850255, ""C17"": 0.025380840306850255, ""C18"": 0.025380840306850255, ""C19"": 0.025380840306850255, ""C20"": 0.025071012081542225, ""C21"": 0.025380840306850255, ""C22"": 0.025380840306850255, ""C23"": 0.025380840306850255, ""C24"": 0.025380840306850255, ""C25"": 0.024783193303213352}"
58,58,1,877,7.829848,25,"{""C01"": 1.169302, ""C02"": 1.172371, ""C03"": 1.177683, ""C04"": 1.192148, ""C05"": 1.218367, ""C06"": 1.166703, ""C07"": 1.179187, ""C08"": 1.175302, ""C09"": 1.178371, ""C10"": 1.660022, ""C11"": 1.583544, ""C12"": 1.618456, ""C13"": 1.637745, ""C14"": 1.641744, ""C15"": 1.63798, ""C16"": 1.58193, ""C17"": 1.640376, ""C18"": 1.666022, ""C19"": 1.589544, ""C20"": 2.386248, ""C21"": 2.316776, ""C22"": 2.348454, ""C23"": 2.395788, ""C24"": 2.350051, ""C25"": 2.392248}","{""C01"": 0, ""C02"": 0, ""C03"": 0, ""C04"": 0, ""C05"": 0, ""C06"": 0, ""C07"": 0, ""C08"": 0, ""C09"": 0, ""C10"": 0, ""C11"": 0, ""C12"": 0, ""C13"": 0, ""C14"": 0, ""C15"": 0, ""C16"": 0, ""C17"": 0, ""C18"": 0, ""C19"": 0, ""C20"": 0, ""C21"": 0, ""C22"": 0, ""C23"": 1034, ""C24"": 0, ""C25"": 533}","{""C01"": 0.0253797199749978, ""C02"": 0.0253797199749978, ""C03"": 0.0253797199749978, ""C04"": 0.0253797199749978, ""C05"": 0.0253797199749978, ""C06"": 0.0253797199749978, ""C07"": 0.0253797199749978, ""C08"": 0.0253797199749978, ""C09"": 0.0253797199749978, ""C10"": 0.0253797199749978, ""C11"": 0.0253797199749978, ""C12"": 0.0253797199749978, ""C13"": 0.0253797199749978, ""C14"": 0.0253797199749978, ""C15"": 0.0253797199749978, ""C16"": 0.0253797199749978, ""C17"": 0.0253797199749978, ""C18"": 0.0253797199749978, ""C19"": 0.0253797199749978, ""C20"": 0.0253797199749978, ""C21"": 0.0253797199749978, ""C22"": 0.0253797199749978, ""C23"": 0.024780915112578992, ""C24"": 0.0253797199749978, ""C25"": 0.025071050780461943}"
59,59,1,648,5.763398,25,"{""C01"": 1.163717, ""C02"": 1.166645, ""C03"": 1.174602, ""C04"": 1.193253, ""C05"": 1.223232, ""C06"": 1.161204, ""C07"": 1.175482, ""C08"": 1.169717, ""C09"": 1.172645, ""C10"": 1.669075, ""C11"": 1.590683, ""C12"": 1.620479, ""C13"": 1.633853, ""C14"": 1.633924, ""C15"": 1.630063, ""C16"": 1.588637, ""C17"": 1.636552, ""C18"": 1.675075, ""C19"": 1.596683, ""C20"": 2.381077, ""C21"": 2.319167, ""C22"": 2.357549, ""C23"": 2.407577, ""C24"": 2.358428, ""C25"": 2.387077}","{""C01"": 0, ""C02"": 0, ""C03"": 0, ""C04"": 0, ""C05"": 0, ""C06"": 0, ""C07"": 0, ""C08"": 0, ""C09"": 0, ""C10"": 0, ""C11"": 0, ""C12"": 0, ""C13"": 0, ""C14"": 0, ""C15"": 0, ""C16"": 0, ""C17"": 0, ""C18"": 0, ""C19"": 0, ""C20"": 0, ""C21"": 0, ""C22"": 0, ""C23"": 1564, ""C24"": 0, ""C25"": 0}","{""C01"": 0.025382898024493034, ""C02"": 0.025382898024493034, ""C03"": 0.025382898024493034, ""C04"": 0.025382898024493034, ""C05"": 0.025382898024493034, ""C06"": 0.025382898024493034, ""C07"": 0.025382898024493034, ""C08"": 0.025382898024493034, ""C09"": 0.025382898024493034, ""C10"": 0.025382898024493034, ""C11"": 0.025382898024493034, ""C12"": 0.025382898024493034, ""C13"": 0.025382898024493034, ""C14"": 0.025382898024493034, ""C15"": 0.025382898024493034, ""C16"": 0.025382898024493034, ""C17"": 0.025382898024493034, ""C18"": 0.025382898024493034, ""C19"": 0.025382898024493034, ""C20"": 0.025382898024493034, ""C21"": 0.025382898024493034, ""C22"": 0.025382898024493034, ""C23"": 0.02447716017969314, ""C24"": 0.025382898024493034, ""C25"": 0.025382898024493034}"
60,60,1,358,3.066388,25,"{""C01"": 1.157722, ""C02"": 1.16157, ""C03"": 1.172921, ""C04"": 1.195842, ""C05"": 1.228961, ""C06"": 1.155429, ""C07"": 1.173079, ""C08"": 1.163722, ""C09"": 1.16757, ""C10"": 1.677887, ""C11"": 1.596238, ""C12"": 1.620308, ""C13"": 1.628181, ""C14"": 1.625561, ""C15"": 1.623087, ""C16"": 1.593862, ""C17"": 1.630772, ""C18"": 1.683887, ""C19"": 1.602238, ""C20"": 2.378432, ""C21"": 2.324201, ""C22"": 2.368144, ""C23"": 2.419, ""C24"": 2.368307, ""C25"": 2.384432}","{""C01"": 0, ""C02"": 0, ""C03"": 0, ""C04"": 0, ""C05"": 0, ""C06"": 0, ""C07"": 0, ""C08"": 0, ""C09"": 0, ""C10"": 0, ""C11"": 0, ""C12"": 0, ""C13"": 0, ""C14"": 0, ""C15"": 0, ""C16"": 0, ""C17"": 0, ""C18"": 0, ""C19"": 0, ""C20"": 0, ""C21"": 0, ""C22"": 0, ""C23"": 1562, ""C24"": 0, ""C25"": 0}","{""C01"": 0.025386033535282876, ""C02"": 0.025386033535282876, ""C03"": 0.025386033535282876, ""C04"": 0.025386033535282876, ""C05"": 0.025386033535282876, ""C06"": 0.025386033535282876, ""C07"": 0.025386033535282876, ""C08"": 0.025386033535282876, ""C09"": 0.025386033535282876, ""C10"": 0.025386033535282876, ""C11"": 0.025386033535282876, ""C12"": 0.025386033535282876, ""C13"": 0.025386033535282876, ""C14"": 0.025386033535282876, ""C15"": 0.025386033535282876, ""C16"": 0.025386033535282876, ""C17"": 0.025386033535282876, ""C18"": 0.025386033535282876, ""C19"": 0.025386033535282876, ""C20"": 0.025386033535282876, ""C21"": 0.025386033535282876, ""C22"": 0.025386033535282876, ""C23"": 0.02448145337878201, ""C24"": 0.025386033535282876, ""C25"": 0.025386033535282876}"
61,61,1,275,2.444502,25,"{""C01"": 1.151701, ""C02"": 1.157474, ""C03"": 1.172757, ""C04"": 1.199767, ""C05"": 1.235209, ""C06"": 1.149753, ""C07"": 1.172131, ""C08"": 1.157701, ""C09"": 1.163474, ""C10"": 1.685931, ""C11"": 1.599884, ""C12"": 1.617974, ""C13"": 1.6211, ""C14"": 1.617197, ""C15"": 1.617507, ""C16"": 1.59729, ""C17"": 1.623413, ""C18"": 1.691931, ""C19"": 1.605884, ""C20"": 2.378511, ""C21"": 2.331601, ""C22"": 2.379617, ""C23"": 2.429382, ""C24"": 2.379083, ""C25"": 2.384511}","{""C01"": 0, ""C02"": 0, ""C03"": 0, ""C04"": 0, ""C05"": 0, ""C06"": 0, ""C07"": 0, ""C08"": 0, ""C09"": 0, ""C10"": 0, ""C11"": 0, ""C12"": 0, ""C13"": 0, ""C14"": 0, ""C15"": 0, ""C16"": 0, ""C17"": 0, ""C18"": 0, ""C19"": 0, ""C20"": 0, ""C21"": 0, ""C22"": 0, ""C23"": 1559, ""C24"": 0, ""C25"": 0}","{""C01"": 0.025388173371521203, ""C02"": 0.025388173371521203, ""C03"": 0.025388173371521203, ""C04"": 0.025388173371521203, ""C05"": 0.025388173371521203, ""C06"": 0.025388173371521203, ""C07"": 0.025388173371521203, ""C08"": 0.025388173371521203, ""C09"": 0.025388173371521203, ""C10"": 0.025388173371521203, ""C11"": 0.025388173371521203, ""C12"": 0.025388173371521203, ""C13"": 0.025388173371521203, ""C14"": 0.025388173371521203, ""C15"": 0.025388173371521203, ""C16"": 0.025388173371521203, ""C17"": 0.025388173371521203, ""C18"": 0.025388173371521203, ""C19"": 0.025388173371521203, ""C20"": 0.025388173371521203, ""C21"": 0.025388173371521203, ""C22"": 0.025388173371521203, ""C23"": 0.024485332016252324, ""C24"": 0.025388173371521203, ""C25"": 0.025388173371521203}"
62,62,1,264,2.685767,25,"{""C01"": 1.146042, ""C02"": 1.154624, ""C03"": 1.174131, ""C04"": 1.204795, ""C05"": 1.241599, ""C06"": 1.144552, ""C07"": 1.172702, ""C08"": 1.152042, ""C09"": 1.160624, ""C10"": 1.692726, ""C11"": 1.601413, ""C12"": 1.613643, ""C13"": 1.61307, ""C14"": 1.609369, ""C15"": 1.613688, ""C16"": 1.598719, ""C17"": 1.614946, ""C18"": 1.698726, ""C19"": 1.607413, ""C20"": 2.381343, ""C21"": 2.34094, ""C22"": 2.391287, ""C23"": 2.438111, ""C24"": 2.390091, ""C25"": 2.387343}","{""C01"": 0, ""C02"": 0, ""C03"": 0, ""C04"": 0, ""C05"": 0, ""C06"": 0, ""C07"": 0, ""C08"": 0, ""C09"": 0, ""C10"": 0, ""C11"": 0, ""C12"": 0, ""C13"": 0, ""C14"": 0, ""C15"": 0, ""C16"": 0, ""C17"": 0, ""C18"": 0, ""C19"": 0, ""C20"": 0, ""C21"": 0, ""C22"": 0, ""C23"": 1558, ""C24"": 0, ""C25"": 0}","{""C01"": 0.025390840141216897, ""C02"": 0.025390840141216897, ""C03"": 0.025390840141216897, ""C04"": 0.025390840141216897, ""C05"": 0.025390840141216897, ""C06"": 0.025390840141216897, ""C07"": 0.025390840141216897, ""C08"": 0.025390840141216897, ""C09"": 0.025390840141216897, ""C10"": 0.025390840141216897, ""C11"": 0.025390840141216897, ""C12"": 0.025390840141216897, ""C13"": 0.025390840141216897, ""C14"": 0.025390840141216897, ""C15"": 0.025390840141216897, ""C16"": 0.025390840141216897, ""C17"": 0.025390840141216897, ""C18"": 0.025390840141216897, ""C19"": 0.025390840141216897, ""C20"": 0.025390840141216897, ""C21"": 0.025390840141216897, ""C22"": 0.025390840141216897, ""C23"": 0.024488576654871176, ""C24"": 0.025390840141216897, ""C25"": 0.025390840141216897}"
63,63,1,288,2.943431,25,"{""C01"": 1.141106, ""C02"": 1.153207, ""C03"": 1.17697, ""C04"": 1.210623, ""C05"": 1.247746, ""C06"": 1.140172, ""C07"": 1.174761, ""C08"": 1.147106, ""C09"": 1.159207, ""C10"": 1.697867, ""C11"": 1.600748, ""C12"": 1.607601, ""C13"": 1.604609, ""C14"": 1.602584, ""C15"": 1.611886, ""C16"": 1.598075, ""C17"": 1.605908, ""C18"": 1.703867, ""C19"": 1.606748, ""C20"": 2.386782, ""C21"": 2.351669, ""C22"": 2.40246, ""C23"": 2.444674, ""C24"": 2.400651, ""C25"": 2.392782}","{""C01"": 0, ""C02"": 0, ""C03"": 0, ""C04"": 0, ""C05"": 0, ""C06"": 0, ""C07"": 0, ""C08"": 0, ""C09"": 0, ""C10"": 0, ""C11"": 0, ""C12"": 0, ""C13"": 0, ""C14"": 0, ""C15"": 0, ""C16"": 0, ""C17"": 0, ""C18"": 0, ""C19"": 0, ""C20"": 0, ""C21"": 0, ""C22"": 0, ""C23"": 1556, ""C24"": 0, ""C25"": 0}","{""C01"": 0.02539210994617358, ""C02"": 0.02539210994617358, ""C03"": 0.02539210994617358, ""C04"": 0.02539210994617358, ""C05"": 0.02539210994617358, ""C06"": 0.02539210994617358, ""C07"": 0.02539210994617358, ""C08"": 0.02539210994617358, ""C09"": 0.02539210994617358, ""C10"": 0.02539210994617358, ""C11"": 0.02539210994617358, ""C12"": 0.02539210994617358, ""C13"": 0.02539210994617358, ""C14"": 0.02539210994617358, ""C15"": 0.02539210994617358, ""C16"": 0.02539210994617358, ""C17"": 0.02539210994617358, ""C18"": 0.02539210994617358, ""C19"": 0.02539210994617358, ""C20"": 0.02539210994617358, ""C21"": 0.02539210994617358, ""C22"": 0.02539210994617358, ""C23"": 0.024491005801724558, ""C24"": 0.02539210994617358, ""C25"": 0.02539210994617358}"
64,64,1,353,3.684374,25,"{""C01"": 1.13721, ""C02"": 1.153322, ""C03"": 1.181105, ""C04"": 1.2169, ""C05"": 1.253277, ""C06"": 1.136908, ""C07"": 1.178179, ""C08"": 1.14321, ""C09"": 1.159322, ""C10"": 1.701051, ""C11"": 1.597948, ""C12"": 1.600241, ""C13"": 1.596258, ""C14"": 1.597279, ""C15"": 1.61223, ""C16"": 1.595417, ""C17"": 1.596866, ""C18"": 1.707051, ""C19"": 1.603948, ""C20"": 2.394521, ""C21"": 2.363148, ""C22"": 2.412469, ""C23"": 2.448693, ""C24"": 2.41011, ""C25"": 2.400521}","{""C01"": 0, ""C02"": 0, ""C03"": 0, ""C04"": 0, ""C05"": 0, ""C06"": 0, ""C07"": 0, ""C08"": 0, ""C09"": 0, ""C10"": 0, ""C11"": 0, ""C12"": 0, ""C13"": 0, ""C14"": 0, ""C15"": 0, ""C16"": 0, ""C17"": 0, ""C18"": 0, ""C19"": 0, ""C20"": 0, ""C21"": 0, ""C22"": 0, ""C23"": 1555, ""C24"": 0, ""C25"": 0}","{""C01"": 0.02539301383345985, ""C02"": 0.02539301383345985, ""C03"": 0.02539301383345985, ""C04"": 0.02539301383345985, ""C05"": 0.02539301383345985, ""C06"": 0.02539301383345985, ""C07"": 0.02539301383345985, ""C08"": 0.02539301383345985, ""C09"": 0.02539301383345985, ""C10"": 0.02539301383345985, ""C11"": 0.02539301383345985, ""C12"": 0.02539301383345985, ""C13"": 0.02539301383345985, ""C14"": 0.02539301383345985, ""C15"": 0.02539301383345985, ""C16"": 0.02539301383345985, ""C17"": 0.02539301383345985, ""C18"": 0.02539301383345985, ""C19"": 0.02539301383345985, ""C20"": 0.02539301383345985, ""C21"": 0.02539301383345985, ""C22"": 0.02539301383345985, ""C23"": 0.024492489121925004, ""C24"": 0.02539301383345985, ""C25"": 0.02539301383345985}"
65,65,1,422,3.611824,25,"{""C01"": 1.134605, ""C02"": 1.15497, ""C03"": 1.186291, ""C04"": 1.223244, ""C05"": 1.257857, ""C06"": 1.134989, ""C07"": 1.182749, ""C08"": 1.140605, ""C09"": 1.16097, ""C10"": 1.702096, ""C11"": 1.5932, ""C12"": 1.592035, ""C13"": 1.588554, ""C14"": 1.5938, ""C15"": 1.614713, ""C16"": 1.590926, ""C17"": 1.588387, ""C18"": 1.708096, ""C19"": 1.5992, ""C20"": 2.404103, ""C21"": 2.374692, ""C22"": 2.42072, ""C23"": 2.449944, ""C24"": 2.417886, ""C25"": 2.410103}","{""C01"": 0, ""C02"": 0, ""C03"": 0, ""C04"": 0, ""C05"": 0, ""C06"": 0, ""C07"": 0, ""C08"": 0, ""C09"": 0, ""C10"": 0, ""C11"": 0, ""C12"": 0, ""C13"": 0, ""C14"": 0, ""C15"": 0, ""C16"": 0, ""C17"": 0, ""C18"": 0, ""C19"": 0, ""C20"": 0, ""C21"": 0, ""C22"": 0, ""C23"": 1555, ""C24"": 0, ""C25"": 0}","{""C01"": 0.025393475451461173, ""C02"": 0.025393475451461173, ""C03"": 0.025393475451461173, ""C04"": 0.025393475451461173, ""C05"": 0.025393475451461173, ""C06"": 0.025393475451461173, ""C07"": 0.025393475451461173, ""C08"": 0.025393475451461173, ""C09"": 0.025393475451461173, ""C10"": 0.025393475451461173, ""C11"": 0.025393475451461173, ""C12"": 0.025393475451461173, ""C13"": 0.025393475451461173, ""C14"": 0.025393475451461173, ""C15"": 0.025393475451461173, ""C16"": 0.025393475451461173, ""C17"": 0.025393475451461173, ""C18"": 0.025393475451461173, ""C19"": 0.025393475451461173, ""C20"": 0.025393475451461173, ""C21"": 0.025393475451461173, ""C22"": 0.025393475451461173, ""C23"": 0.02449295032963303, ""C24"": 0.025393475451461173, ""C25"": 0.025393475451461173}"
66,66,1,581,6.160424,25,"{""C01"": 1.133464, ""C02"": 1.158057, ""C03"": 1.192212, ""C04"": 1.22927, ""C05"": 1.26121, ""C06"": 1.134564, ""C07"": 1.188189, ""C08"": 1.139464, ""C09"": 1.164057, ""C10"": 1.70095, ""C11"": 1.586816, ""C12"": 1.583508, ""C13"": 1.581988, ""C14"": 1.592377, ""C15"": 1.619196, ""C16"": 1.584909, ""C17"": 1.580996, ""C18"": 1.70695, ""C19"": 1.592816, ""C20"": 2.414958, ""C21"": 2.385607, ""C22"": 2.426723, ""C23"": 2.448374, ""C24"": 2.4235, ""C25"": 2.420958}","{""C01"": 0, ""C02"": 0, ""C03"": 0, ""C04"": 0, ""C05"": 0, ""C06"": 0, ""C07"": 0, ""C08"": 0, ""C09"": 0, ""C10"": 0, ""C11"": 0, ""C12"": 0, ""C13"": 0, ""C14"": 0, ""C15"": 0, ""C16"": 0, ""C17"": 0, ""C18"": 0, ""C19"": 0, ""C20"": 0, ""C21"": 0, ""C22"": 0, ""C23"": 1556, ""C24"": 0, ""C25"": 0}","{""C01"": 0.02539347711762184, ""C02"": 0.02539347711762184, ""C03"": 0.02539347711762184, ""C04"": 0.02539347711762184, ""C05"": 0.02539347711762184, ""C06"": 0.02539347711762184, ""C07"": 0.02539347711762184, ""C08"": 0.02539347711762184, ""C09"": 0.02539347711762184, ""C10"": 0.02539347711762184, ""C11"": 0.02539347711762184, ""C12"": 0.02539347711762184, ""C13"": 0.02539347711762184, ""C14"": 0.02539347711762184, ""C15"": 0.02539347711762184, ""C16"": 0.02539347711762184, ""C17"": 0.02539347711762184, ""C18"": 0.02539347711762184, ""C19"": 0.02539347711762184, ""C20"": 0.02539347711762184, ""C21"": 0.02539347711762184, ""C22"": 0.02539347711762184, ""C23"": 0.024492371758814538, ""C24"": 0.02539347711762184, ""C25"": 0.02539347711762184}"
67,67,1,967,9.623683,25,"{""C01"": 1.133863, ""C02"": 1.1624, ""C03"": 1.198508, ""C04"": 1.234611, ""C05"": 1.263135, ""C06"": 1.135682, ""C07"": 1.194162, ""C08"": 1.139863, ""C09"": 1.1684, ""C10"": 1.6977, ""C11"": 1.579205, ""C12"": 1.575204, ""C13"": 1.576983, ""C14"": 1.593113, ""C15"": 1.625413, ""C16"": 1.577762, ""C17"": 1.575153, ""C18"": 1.7037, ""C19"": 1.585205, ""C20"": 2.426436, ""C21"": 2.395238, ""C22"": 2.43013, ""C23"": 2.444106, ""C24"": 2.426614, ""C25"": 2.432436}","{""C01"": 0, ""C02"": 0, ""C03"": 0, ""C04"": 0, ""C05"": 0, ""C06"": 0, ""C07"": 0, ""C08"": 0, ""C09"": 0, ""C10"": 0, ""C11"": 0, ""C12"": 0, ""C13"": 0, ""C14"": 0, ""C15"": 0, ""C16"": 0, ""C17"": 0, ""C18"": 0, ""C19"": 0, ""C20"": 0, ""C21"": 0, ""C22"": 0, ""C23"": 1556, ""C24"": 0, ""C25"": 0}","{""C01"": 0.02539189979914218, ""C02"": 0.02539189979914218, ""C03"": 0.02539189979914218, ""C04"": 0.02539189979914218, ""C05"": 0.02539189979914218, ""C06"": 0.02539189979914218, ""C07"": 0.02539189979914218, ""C08"": 0.02539189979914218, ""C09"": 0.02539189979914218, ""C10"": 0.02539189979914218, ""C11"": 0.02539189979914218, ""C12"": 0.02539189979914218, ""C13"": 0.02539189979914218, ""C14"": 0.02539189979914218, ""C15"": 0.02539189979914218, ""C16"": 0.02539189979914218, ""C17"": 0.02539189979914218, ""C18"": 0.02539189979914218, ""C19"": 0.02539189979914218, ""C20"": 0.02539189979914218, ""C21"": 0.02539189979914218, ""C22"": 0.02539189979914218, ""C23"": 0.024490795841344393, ""C24"": 0.02539189979914218, ""C25"": 0.02539189979914218}"
68,68,1,574,5.078447,25,"{""C01"": 1.135786, ""C02"": 1.167737, ""C03"": 1.204797, ""C04"": 1.238943, ""C05"": 1.263522, ""C06"": 1.138302, ""C07"": 1.200305, ""C08"": 1.141786, ""C09"": 1.173737, ""C10"": 1.692559, ""C11"": 1.570854, ""C12"": 1.567651, ""C13"": 1.573862, ""C14"": 1.595973, ""C15"": 1.632991, ""C16"": 1.56996, ""C17"": 1.571217, ""C18"": 1.698559, ""C19"": 1.576854, ""C20"": 2.437842, ""C21"": 2.403008, ""C22"": 2.430749, ""C23"": 2.437424, ""C24"": 2.427041, ""C25"": 2.443842}","{""C01"": 0, ""C02"": 0, ""C03"": 0, ""C04"": 0, ""C05"": 0, ""C06"": 0, ""C07"": 0, ""C08"": 0, ""C09"": 0, ""C10"": 0, ""C11"": 0, ""C12"": 0, ""C13"": 0, ""C14"": 0, ""C15"": 0, ""C16"": 0, ""C17"": 0, ""C18"": 0, ""C19"": 0, ""C20"": 344, ""C21"": 0, ""C22"": 0, ""C23"": 327, ""C24"": 0, ""C25"": 887}","{""C01"": 0.025391974519403532, ""C02"": 0.025391974519403532, ""C03"": 0.025391974519403532, ""C04"": 0.025391974519403532, ""C05"": 0.025391974519403532, ""C06"": 0.025391974519403532, ""C07"": 0.025391974519403532, ""C08"": 0.025391974519403532, ""C09"": 0.025391974519403532, ""C10"": 0.025391974519403532, ""C11"": 0.025391974519403532, ""C12"": 0.025391974519403532, ""C13"": 0.025391974519403532, ""C14"": 0.025391974519403532, ""C15"": 0.025391974519403532, ""C16"": 0.025391974519403532, ""C17"": 0.025391974519403532, ""C18"": 0.025391974519403532, ""C19"": 0.025391974519403532, ""C20"": 0.025192758161770173, ""C21"": 0.025391974519403532, ""C22"": 0.025391974519403532, ""C23"": 0.02520260287514984, ""C24"": 0.025391974519403532, ""C25"": 0.024878300224973372}"
69,69,1,270,2.382237,25,"{""C01"": 1.139121, ""C02"": 1.173742, ""C03"": 1.210693, ""C04"": 1.242002, ""C05"": 1.262351, ""C06"": 1.142287, ""C07"": 1.206239, ""C08"": 1.145121, ""C09"": 1.179742, ""C10"": 1.685858, ""C11"": 1.562293, ""C12"": 1.561331, ""C13"": 1.572831, ""C14"": 1.600792, ""C15"": 1.641469, ""C16"": 1.562018, ""C17"": 1.569431, ""C18"": 1.691858, ""C19"": 1.568293, ""C20"": 2.448489, ""C21"": 2.408454, ""C22"": 2.428563, ""C23"": 2.428765, ""C24"": 2.424768, ""C25"": 2.454489}","{""C01"": 0, ""C02"": 0, ""C03"": 0, ""C04"": 0, ""C05"": 0, ""C06"": 0, ""C07"": 0, ""C08"": 0, ""C09"": 0, ""C10"": 0, ""C11"": 0, ""C12"": 0, ""C13"": 0, ""C14"": 0, ""C15"": 0, ""C16"": 0, ""C17"": 0, ""C18"": 0, ""C19"": 0, ""C20"": 664, ""C21"": 0, ""C22"": 0, ""C23"": 0, ""C24"": 0, ""C25"": 892}","{""C01"": 0.025394787718159312, ""C02"": 0.025394787718159312, ""C03"": 0.025394787718159312, ""C04"": 0.025394787718159312, ""C05"": 0.025394787718159312, ""C06"": 0.025394787718159312, ""C07"": 0.025394787718159312, ""C08"": 0.025394787718159312, ""C09"": 0.025394787718159312, ""C10"": 0.025394787718159312, ""C11"": 0.025394787718159312, ""C12"": 0.025394787718159312, ""C13"": 0.025394787718159312, ""C14"": 0.025394787718159312, ""C15"": 0.025394787718159312, ""C16"": 0.025394787718159312, ""C17"": 0.025394787718159312, ""C18"": 0.025394787718159312, ""C19"": 0.025394787718159312, ""C20"": 0.025010253247870463, ""C21"": 0.025394787718159312, ""C22"": 0.025394787718159312, ""C23"": 0.025394787718159312, ""C24"": 0.025394787718159312, ""C25"": 0.024878217478546287}"
70,70,1,178,1.586401,25,"{""C01"": 1.143666, ""C02"": 1.180048, ""C03"": 1.215836, ""C04"": 1.243606, ""C05"": 1.259704, ""C06"": 1.14741, ""C07"": 1.211602, ""C08"": 1.149666, ""C09"": 1.186048, ""C10"": 1.678025, ""C11"": 1.554064, ""C12"": 1.556647, ""C13"": 1.573966, ""C14"": 1.607281, ""C15"": 1.650331, ""C16"": 1.554458, ""C17"": 1.569902, ""C18"": 1.684025, ""C19"": 1.560064, ""C20"": 2.457734, ""C21"": 2.411255, ""C22"": 2.423726, ""C23"": 2.418687, ""C24"": 2.419952, ""C25"": 2.463734}","{""C01"": 0, ""C02"": 0, ""C03"": 0, ""C04"": 0, ""C05"": 0, ""C06"": 0, ""C07"": 0, ""C08"": 0, ""C09"": 0, ""C10"": 0, ""C11"": 0, ""C12"": 0, ""C13"": 0, ""C14"": 0, ""C15"": 0, ""C16"": 0, ""C17"": 0, ""C18"": 0, ""C19"": 0, ""C20"": 712, ""C21"": 0, ""C22"": 0, ""C23"": 0, ""C24"": 0, ""C25"": 842}","{""C01"": 0.025396954458002483, ""C02"": 0.025396954458002483, ""C03"": 0.025396954458002483, ""C04"": 0.025396954458002483, ""C05"": 0.025396954458002483, ""C06"": 0.025396954458002483, ""C07"": 0.025396954458002483, ""C08"": 0.025396954458002483, ""C09"": 0.025396954458002483, ""C10"": 0.025396954458002483, ""C11"": 0.025396954458002483, ""C12"": 0.025396954458002483, ""C13"": 0.025396954458002483, ""C14"": 0.025396954458002483, ""C15"": 0.025396954458002483, ""C16"": 0.025396954458002483, ""C17"": 0.025396954458002483, ""C18"": 0.025396954458002483, ""C19"": 0.025396954458002483, ""C20"": 0.024984622650306564, ""C21"": 0.025396954458002483, ""C22"": 0.025396954458002483, ""C23"": 0.025396954458002483, ""C24"": 0.025396954458002483, ""C25"": 0.024909340561314698}"
71,71,1,127,1.112066,25,"{""C01"": 1.149146, ""C02"": 1.186269, ""C03"": 1.219914, ""C04"": 1.243661, ""C05"": 1.255749, ""C06"": 1.153378, ""C07"": 1.21607, ""C08"": 1.155146, ""C09"": 1.192269, ""C10"": 1.669558, ""C11"": 1.546691, ""C12"": 1.553901, ""C13"": 1.577204, ""C14"": 1.615047, ""C15"": 1.659037, ""C16"": 1.547787, ""C17"": 1.572598, ""C18"": 1.675558, ""C19"": 1.552691, ""C20"": 2.465018, ""C21"": 2.411256, ""C22"": 2.416556, ""C23"": 2.407833, ""C24"": 2.412911, ""C25"": 2.471018}","{""C01"": 0, ""C02"": 0, ""C03"": 0, ""C04"": 0, ""C05"": 0, ""C06"": 0, ""C07"": 0, ""C08"": 0, ""C09"": 0, ""C10"": 0, ""C11"": 0, ""C12"": 0, ""C13"": 0, ""C14"": 0, ""C15"": 0, ""C16"": 0, ""C17"": 0, ""C18"": 0, ""C19"": 0, ""C20"": 732, ""C21"": 0, ""C22"": 0, ""C23"": 0, ""C24"": 0, ""C25"": 821}","{""C01"": 0.025399009849232823, ""C02"": 0.025399009849232823, ""C03"": 0.025399009849232823, ""C04"": 0.025399009849232823, ""C05"": 0.025399009849232823, ""C06"": 0.025399009849232823, ""C07"": 0.025399009849232823, ""C08"": 0.025399009849232823, ""C09"": 0.025399009849232823, ""C10"": 0.025399009849232823, ""C11"": 0.025399009849232823, ""C12"": 0.025399009849232823, ""C13"": 0.025399009849232823, ""C14"": 0.025399009849232823, ""C15"": 0.025399009849232823, ""C16"": 0.025399009849232823, ""C17"": 0.025399009849232823, ""C18"": 0.025399009849232823, ""C19"": 0.025399009849232823, ""C20"": 0.02497509534283006, ""C21"": 0.025399009849232823, ""C22"": 0.025399009849232823, ""C23"": 0.025399009849232823, ""C24"": 0.025399009849232823, ""C25"": 0.024923556772007412}"
72,72,1,106,1.464182,25,"{""C01"": 1.155224, ""C02"": 1.192025, ""C03"": 1.222677, ""C04"": 1.242169, ""C05"": 1.25074, ""C06"": 1.159834, ""C07"": 1.219372, ""C08"": 1.161224, ""C09"": 1.198025, ""C10"": 1.660991, ""C11"": 1.54064, ""C12"": 1.553273, ""C13"": 1.582355, ""C14"": 1.623615, ""C15"": 1.667054, ""C16"": 1.542449, ""C17"": 1.577352, ""C18"": 1.666991, ""C19"": 1.54664, ""C20"": 2.469906, ""C21"": 2.408472, ""C22"": 2.407516, ""C23"": 2.396894, ""C24"": 2.404103, ""C25"": 2.475906}","{""C01"": 0, ""C02"": 0, ""C03"": 0, ""C04"": 0, ""C05"": 0, ""C06"": 0, ""C07"": 0, ""C08"": 0, ""C09"": 0, ""C10"": 0, ""C11"": 0, ""C12"": 0, ""C13"": 0, ""C14"": 0, ""C15"": 0, ""C16"": 0, ""C17"": 0, ""C18"": 0, ""C19"": 0, ""C20"": 749, ""C21"": 0, ""C22"": 0, ""C23"": 0, ""C24"": 0, ""C25"": 803}","{""C01"": 0.025400187284780218, ""C02"": 0.025400187284780218, ""C03"": 0.025400187284780218, ""C04"": 0.025400187284780218, ""C05"": 0.025400187284780218, ""C06"": 0.025400187284780218, ""C07"": 0.025400187284780218, ""C08"": 0.025400187284780218, ""C09"": 0.025400187284780218, ""C10"": 0.025400187284780218, ""C11"": 0.025400187284780218, ""C12"": 0.025400187284780218, ""C13"": 0.025400187284780218, ""C14"": 0.025400187284780218, ""C15"": 0.025400187284780218, ""C16"": 0.025400187284780218, ""C17"": 0.025400187284780218, ""C18"": 0.025400187284780218, ""C19"": 0.025400187284780218, ""C20"": 0.024966427769348973, ""C21"": 0.025400187284780218, ""C22"": 0.025400187284780218, ""C23"": 0.025400187284780218, ""C24"": 0.025400187284780218, ""C25"": 0.024935158447988274}"
73,73,1,96,1.293196,25,"{""C01"": 1.161528, ""C02"": 1.196963, ""C03"": 1.223959, ""C04"": 1.239227, ""C05"": 1.244992, ""C06"": 1.166393, ""C07"": 1.221316, ""C08"": 1.167528, ""C09"": 1.202963, ""C10"": 1.652866, ""C11"": 1.536296, ""C12"": 1.554811, ""C13"": 1.589107, ""C14"": 1.632463, ""C15"": 1.673893, ""C16"": 1.538809, ""C17"": 1.58387, ""C18"": 1.658866, ""C19"": 1.542296, ""C20"": 2.472108, ""C21"": 2.403092, ""C22"": 2.397183, ""C23"": 2.386565, ""C24"": 2.394102, ""C25"": 2.478108}","{""C01"": 0, ""C02"": 0, ""C03"": 0, ""C04"": 0, ""C05"": 0, ""C06"": 0, ""C07"": 0, ""C08"": 0, ""C09"": 0, ""C10"": 0, ""C11"": 0, ""C12"": 0, ""C13"": 0, ""C14"": 0, ""C15"": 0, ""C16"": 0, ""C17"": 0, ""C18"": 0, ""C19"": 0, ""C20"": 743, ""C21"": 0, ""C22"": 0, ""C23"": 0, ""C24"": 0, ""C25"": 808}","{""C01"": 0.025400416113914817, ""C02"": 0.025400416113914817, ""C03"": 0.025400416113914817, ""C04"": 0.025400416113914817, ""C05"": 0.025400416113914817, ""C06"": 0.025400416113914817, ""C07"": 0.025400416113914817, ""C08"": 0.025400416113914817, ""C09"": 0.025400416113914817, ""C10"": 0.025400416113914817, ""C11"": 0.025400416113914817, ""C12"": 0.025400416113914817, ""C13"": 0.025400416113914817, ""C14"": 0.025400416113914817, ""C15"": 0.025400416113914817, ""C16"": 0.025400416113914817, ""C17"": 0.025400416113914817, ""C18"": 0.025400416113914817, ""C19"": 0.025400416113914817, ""C20"": 0.02497013176865341, ""C21"": 0.025400416113914817, ""C22"": 0.025400416113914817, ""C23"": 0.025400416113914817, ""C24"": 0.025400416113914817, ""C25"": 0.02493249258575177}"
74,74,1,91,1.091640,25,"{""C01"": 1.167671, ""C02"": 1.20078, ""C03"": 1.223686, ""C04"": 1.235024, ""C05"": 1.238867, ""C06"": 1.17266, ""C07"": 1.22179, ""C08"": 1.173671, ""C09"": 1.20678, ""C10"": 1.645697, ""C11"": 1.533939, ""C12"": 1.558426, ""C13"": 1.597049, ""C14"": 1.641048, ""C15"": 1.679137, ""C16"": 1.537127, ""C17"": 1.591751, ""C18"": 1.651697, ""C19"": 1.539939, ""C20"": 2.471501, ""C21"": 2.395464, ""C22"": 2.386212, ""C23"": 2.377503, ""C24"": 2.383554, ""C25"": 2.477501}","{""C01"": 0, ""C02"": 0, ""C03"": 0, ""C04"": 0, ""C05"": 0, ""C06"": 0, ""C07"": 0, ""C08"": 0, ""C09"": 0, ""C10"": 0, ""C11"": 0, ""C12"": 0, ""C13"": 0, ""C14"": 0, ""C15"": 0, ""C16"": 0, ""C17"": 0, ""C18"": 0, ""C19"": 0, ""C20"": 739, ""C21"": 0, ""C22"": 0, ""C23"": 0, ""C24"": 0, ""C25"": 813}","{""C01"": 0.025400781925636898, ""C02"": 0.025400781925636898, ""C03"": 0.025400781925636898, ""C04"": 0.025400781925636898, ""C05"": 0.025400781925636898, ""C06"": 0.025400781925636898, ""C07"": 0.025400781925636898, ""C08"": 0.025400781925636898, ""C09"": 0.025400781925636898, ""C10"": 0.025400781925636898, ""C11"": 0.025400781925636898, ""C12"": 0.025400781925636898, ""C13"": 0.025400781925636898, ""C14"": 0.025400781925636898, ""C15"": 0.025400781925636898, ""C16"": 0.025400781925636898, ""C17"": 0.025400781925636898, ""C18"": 0.025400781925636898, ""C19"": 0.025400781925636898, ""C20"": 0.024972813591987112, ""C21"": 0.025400781925636898, ""C22"": 0.025400781925636898, ""C23"": 0.025400781925636898, ""C24"": 0.025400781925636898, ""C25"": 0.024929961348266864}"
75,75,1,84,0.733651,25,"{""C01"": 1.173277, ""C02"": 1.203243, ""C03"": 1.221879, ""C04"": 1.229826, ""C05"": 1.232752, ""C06"": 1.178253, ""C07"": 1.220778, ""C08"": 1.179277, ""C09"": 1.209243, ""C10"": 1.639937, ""C11"": 1.533721, ""C12"": 1.563903, ""C13"": 1.605693, ""C14"": 1.648844, ""C15"": 1.682467, ""C16"": 1.537535, ""C17"": 1.60051, ""C18"": 1.645937, ""C19"": 1.539721, ""C20"": 2.468138, ""C21"": 2.386076, ""C22"": 2.3753, ""C23"": 2.370285, ""C24"": 2.373148, ""C25"": 2.474138}","{""C01"": 0, ""C02"": 0, ""C03"": 0, ""C04"": 0, ""C05"": 0, ""C06"": 0, ""C07"": 0, ""C08"": 0, ""C09"": 0, ""C10"": 0, ""C11"": 0, ""C12"": 0, ""C13"": 0, ""C14"": 0, ""C15"": 0, ""C16"": 0, ""C17"": 0, ""C18"": 0, ""C19"": 0, ""C20"": 748, ""C21"": 0, ""C22"": 0, ""C23"": 0, ""C24"": 0, ""C25"": 804}","{""C01"": 0.025399544507166166, ""C02"": 0.025399544507166166, ""C03"": 0.025399544507166166, ""C04"": 0.025399544507166166, ""C05"": 0.025399544507166166, ""C06"": 0.025399544507166166, ""C07"": 0.025399544507166166, ""C08"": 0.025399544507166166, ""C09"": 0.025399544507166166, ""C10"": 0.025399544507166166, ""C11"": 0.025399544507166166, ""C12"": 0.025399544507166166, ""C13"": 0.025399544507166166, ""C14"": 0.025399544507166166, ""C15"": 0.025399544507166166, ""C16"": 0.025399544507166166, ""C17"": 0.025399544507166166, ""C18"": 0.025399544507166166, ""C19"": 0.025399544507166166, ""C20"": 0.02496636445939099, ""C21"": 0.025399544507166166, ""C22"": 0.025399544507166166, ""C23"": 0.025399544507166166, ""C24"": 0.025399544507166166, ""C25"": 0.024933937124190737}"
76,76,1,81,0.679857,25,"{""C01"": 1.177999, ""C02"": 1.204205, ""C03"": 1.218655, ""C04"": 1.22396, ""C05"": 1.227031, ""C06"": 1.182826, ""C07"": 1.218355, ""C08"": 1.183999, ""C09"": 1.210205, ""C10"": 1.635951, ""C11"": 1.535664, ""C12"": 1.570907, ""C13"": 1.61451, ""C14"": 1.655373, ""C15"": 1.683683, ""C16"": 1.540038, ""C17"": 1.609612, ""C18"": 1.641951, ""C19"": 1.541664, ""C20"": 2.462238, ""C21"": 2.375523, ""C22"": 2.365137, ""C23"": 2.365371, ""C24"": 2.363561, ""C25"": 2.468238}","{""C01"": 0, ""C02"": 0, ""C03"": 0, ""C04"": 0, ""C05"": 0, ""C06"": 0, ""C07"": 0, ""C08"": 0, ""C09"": 0, ""C10"": 0, ""C11"": 0, ""C12"": 0, ""C13"": 0, ""C14"": 0, ""C15"": 0, ""C16"": 0, ""C17"": 0, ""C18"": 0, ""C19"": 0, ""C20"": 742, ""C21"": 0, ""C22"": 0, ""C23"": 0, ""C24"": 0, ""C25"": 811}","{""C01"": 0.025397979905651402, ""C02"": 0.025397979905651402, ""C03"": 0.025397979905651402, ""C04"": 0.025397979905651402, ""C05"": 0.025397979905651402, ""C06"": 0.025397979905651402, ""C07"": 0.025397979905651402, ""C08"": 0.025397979905651402, ""C09"": 0.025397979905651402, ""C10"": 0.025397979905651402, ""C11"": 0.025397979905651402, ""C12"": 0.025397979905651402, ""C13"": 0.025397979905651402, ""C14"": 0.025397979905651402, ""C15"": 0.025397979905651402, ""C16"": 0.025397979905651402, ""C17"": 0.025397979905651402, ""C18"": 0.025397979905651402, ""C19"": 0.025397979905651402, ""C20"": 0.024968274650464792, ""C21"": 0.025397979905651402, ""C22"": 0.025397979905651402, ""C23"": 0.025397979905651402, ""C24"": 0.025397979905651402, ""C25"": 0.02492831895757996}"
77,77,1,78,0.666825,25,"{""C01"": 1.18155, ""C02"": 1.203608, ""C03"": 1.214217, ""C04"": 1.217794, ""C05"": 1.222062, ""C06"": 1.186098, ""C07"": 1.21468, ""C08"": 1.18755, ""C09"": 1.209608, ""C10"": 1.633993, ""C11"": 1.539653, ""C12"": 1.579009, ""C13"": 1.622958, ""C14"": 1.660236, ""C15"": 1.682716, ""C16"": 1.544504, ""C17"": 1.618503, ""C18"": 1.639993, ""C19"": 1.545653, ""C20"": 2.45418, ""C21"": 2.364473, ""C22"": 2.356366, ""C23"": 2.363078, ""C24"": 2.355425, ""C25"": 2.46018}","{""C01"": 0, ""C02"": 0, ""C03"": 0, ""C04"": 0, ""C05"": 0, ""C06"": 0, ""C07"": 0, ""C08"": 0, ""C09"": 0, ""C10"": 0, ""C11"": 0, ""C12"": 0, ""C13"": 0, ""C14"": 0, ""C15"": 0, ""C16"": 0, ""C17"": 0, ""C18"": 0, ""C19"": 0, ""C20"": 751, ""C21"": 0, ""C22"": 0, ""C23"": 0, ""C24"": 0, ""C25"": 804}","{""C01"": 0.025396176340298462, ""C02"": 0.025396176340298462, ""C03"": 0.025396176340298462, ""C04"": 0.025396176340298462, ""C05"": 0.025396176340298462, ""C06"": 0.025396176340298462, ""C07"": 0.025396176340298462, ""C08"": 0.025396176340298462, ""C09"": 0.025396176340298462, ""C10"": 0.025396176340298462, ""C11"": 0.025396176340298462, ""C12"": 0.025396176340298462, ""C13"": 0.025396176340298462, ""C14"": 0.025396176340298462, ""C15"": 0.025396176340298462, ""C16"": 0.025396176340298462, ""C17"": 0.025396176340298462, ""C18"": 0.025396176340298462, ""C19"": 0.025396176340298462, ""C20"": 0.024961258588510928, ""C21"": 0.025396176340298462, ""C22"": 0.025396176340298462, ""C23"": 0.025396176340298462, ""C24"": 0.025396176340298462, ""C25"": 0.02493056861684218}"
78,78,1,85,0.751168,25,"{""C01"": 1.183711, ""C02"": 1.201494, ""C03"": 1.208846, ""C04"": 1.211716, ""C05"": 1.21816, ""C06"": 1.187859, ""C07"": 1.209995, ""C08"": 1.189711, ""C09"": 1.207494, ""C10"": 1.634191, ""C11"": 1.545447, ""C12"": 1.587713, ""C13"": 1.630518, ""C14"": 1.663136, ""C15"": 1.679633, ""C16"": 1.550678, ""C17"": 1.626645, ""C18"": 1.640191, ""C19"": 1.551447, ""C20"": 2.444476, ""C21"": 2.353624, ""C22"": 2.349544, ""C23"": 2.36356, ""C24"": 2.34928, ""C25"": 2.450476}","{""C01"": 0, ""C02"": 0, ""C03"": 0, ""C04"": 0, ""C05"": 0, ""C06"": 0, ""C07"": 0, ""C08"": 0, ""C09"": 0, ""C10"": 0, ""C11"": 0, ""C12"": 0, ""C13"": 0, ""C14"": 0, ""C15"": 0, ""C16"": 0, ""C17"": 0, ""C18"": 0, ""C19"": 0, ""C20"": 753, ""C21"": 0, ""C22"": 0, ""C23"": 0, ""C24"": 0, ""C25"": 804}","{""C01"": 0.025393762459212904, ""C02"": 0.025393762459212904, ""C03"": 0.025393762459212904, ""C04"": 0.025393762459212904, ""C05"": 0.025393762459212904, ""C06"": 0.025393762459212904, ""C07"": 0.025393762459212904, ""C08"": 0.025393762459212904, ""C09"": 0.025393762459212904, ""C10"": 0.025393762459212904, ""C11"": 0.025393762459212904, ""C12"": 0.025393762459212904, ""C13"": 0.025393762459212904, ""C14"": 0.025393762459212904, ""C15"": 0.025393762459212904, ""C16"": 0.025393762459212904, ""C17"": 0.025393762459212904, ""C18"": 0.025393762459212904, ""C19"": 0.025393762459212904, ""C20"": 0.024957686471069076, ""C21"": 0.025393762459212904, ""C22"": 0.025393762459212904, ""C23"": 0.025393762459212904, ""C24"": 0.025393762459212904, ""C25"": 0.02492815465939071}"
79,79,1,98,0.814959,25,"{""C01"": 1.184351, ""C02"": 1.197998, ""C03"": 1.202879, ""C04"": 1.206107, ""C05"": 1.215569, ""C06"": 1.187993, ""C07"": 1.204601, ""C08"": 1.190351, ""C09"": 1.203998, ""C10"": 1.63654, ""C11"": 1.55269, ""C12"": 1.596482, ""C13"": 1.636725, ""C14"": 1.663899, ""C15"": 1.674631, ""C16"": 1.558193, ""C17"": 1.633547, ""C18"": 1.64254, ""C19"": 1.55869, ""C20"": 2.433738, ""C21"": 2.34366, ""C22"": 2.345103, ""C23"": 2.366796, ""C24"": 2.345546, ""C25"": 2.439738}","{""C01"": 0, ""C02"": 0, ""C03"": 0, ""C04"": 0, ""C05"": 0, ""C06"": 0, ""C07"": 0, ""C08"": 0, ""C09"": 0, ""C10"": 0, ""C11"": 0, ""C12"": 0, ""C13"": 0, ""C14"": 0, ""C15"": 0, ""C16"": 0, ""C17"": 0, ""C18"": 0, ""C19"": 0, ""C20"": 748, ""C21"": 0, ""C22"": 0, ""C23"": 0, ""C24"": 0, ""C25"": 811}","{""C01"": 0.025390956050296898, ""C02"": 0.025390956050296898, ""C03"": 0.025390956050296898, ""C04"": 0.025390956050296898, ""C05"": 0.025390956050296898, ""C06"": 0.025390956050296898, ""C07"": 0.025390956050296898, ""C08"": 0.025390956050296898, ""C09"": 0.025390956050296898, ""C10"": 0.025390956050296898, ""C11"": 0.025390956050296898, ""C12"": 0.025390956050296898, ""C13"": 0.025390956050296898, ""C14"": 0.025390956050296898, ""C15"": 0.025390956050296898, ""C16"": 0.025390956050296898, ""C17"": 0.025390956050296898, ""C18"": 0.025390956050296898, ""C19"": 0.025390956050296898, ""C20"": 0.02495777592586554, ""C21"": 0.025390956050296898, ""C22"": 0.025390956050296898, ""C23"": 0.025390956050296898, ""C24"": 0.025390956050296898, ""C25"": 0.02492129467695414}"
80,80,1,119,1.053634,25,"{""C01"": 1.183435, ""C02"": 1.193339, ""C03"": 1.19669, ""C04"": 1.201319, ""C05"": 1.214454, ""C06"": 1.186483, ""C07"": 1.198842, ""C08"": 1.189435, ""C09"": 1.199339, ""C10"": 1.640896, ""C11"": 1.560938, ""C12"": 1.604776, ""C13"": 1.641199, ""C14"": 1.662484, ""C15"": 1.668025, ""C16"": 1.566599, ""C17"": 1.638798, ""C18"": 1.646896, ""C19"": 1.566938, ""C20"": 2.422645, ""C21"": 2.33521, ""C22"": 2.343331, ""C23"": 2.372594, ""C24"": 2.344492, ""C25"": 2.428645}","{""C01"": 0, ""C02"": 0, ""C03"": 0, ""C04"": 0, ""C05"": 0, ""C06"": 0, ""C07"": 0, ""C08"": 0, ""C09"": 0, ""C10"": 0, ""C11"": 0, ""C12"": 0, ""C13"": 0, ""C14"": 0, ""C15"": 0, ""C16"": 0, ""C17"": 0, ""C18"": 0, ""C19"": 0, ""C20"": 733, ""C21"": 0, ""C22"": 0, ""C23"": 0, ""C24"": 0, ""C25"": 828}","{""C01"": 0.025388008340730295, ""C02"": 0.025388008340730295, ""C03"": 0.025388008340730295, ""C04"": 0.025388008340730295, ""C05"": 0.025388008340730295, ""C06"": 0.025388008340730295, ""C07"": 0.025388008340730295, ""C08"": 0.025388008340730295, ""C09"": 0.025388008340730295, ""C10"": 0.025388008340730295, ""C11"": 0.025388008340730295, ""C12"": 0.025388008340730295, ""C13"": 0.025388008340730295, ""C14"": 0.025388008340730295, ""C15"": 0.025388008340730295, ""C16"": 0.025388008340730295, ""C17"": 0.025388008340730295, ""C18"": 0.025388008340730295, ""C19"": 0.025388008340730295, ""C20"": 0.024963515098434187, ""C21"": 0.025388008340730295, ""C22"": 0.025388008340730295, ""C23"": 0.025388008340730295, ""C24"": 0.025388008340730295, ""C25"": 0.024908502309041333}"
81,81,1,184,1.879295,25,"{""C01"": 1.181022, ""C02"": 1.187811, ""C03"": 1.190667, ""C04"": 1.197652, ""C05"": 1.214888, ""C06"": 1.18341, ""C07"": 1.193083, ""C08"": 1.187022, ""C09"": 1.193811, ""C10"": 1.646996, ""C11"": 1.569683, ""C12"": 1.612085, ""C13"": 1.643667, ""C14"": 1.658982, ""C15"": 1.660232, ""C16"": 1.575381, ""C17"": 1.642092, ""C18"": 1.652996, ""C19"": 1.575683, ""C20"": 2.411893, ""C21"": 2.328807, ""C22"": 2.344344, ""C23"": 2.380603, ""C24"": 2.34622, ""C25"": 2.417893}","{""C01"": 0, ""C02"": 0, ""C03"": 0, ""C04"": 0, ""C05"": 0, ""C06"": 0, ""C07"": 0, ""C08"": 0, ""C09"": 0, ""C10"": 0, ""C11"": 0, ""C12"": 0, ""C13"": 0, ""C14"": 0, ""C15"": 0, ""C16"": 0, ""C17"": 0, ""C18"": 0, ""C19"": 0, ""C20"": 704, ""C21"": 0, ""C22"": 0, ""C23"": 0, ""C24"": 0, ""C25"": 859}","{""C01"": 0.025385184227383742, ""C02"": 0.025385184227383742, ""C03"": 0.025385184227383742, ""C04"": 0.025385184227383742, ""C05"": 0.025385184227383742, ""C06"": 0.025385184227383742, ""C07"": 0.025385184227383742, ""C08"": 0.025385184227383742, ""C09"": 0.025385184227383742, ""C10"": 0.025385184227383742, ""C11"": 0.025385184227383742, ""C12"": 0.025385184227383742, ""C13"": 0.025385184227383742, ""C14"": 0.025385184227383742, ""C15"": 0.025385184227383742, ""C16"": 0.025385184227383742, ""C17"": 0.025385184227383742, ""C18"": 0.025385184227383742, ""C19"": 0.025385184227383742, ""C20"": 0.024977485471954525, ""C21"": 0.025385184227383742, ""C22"": 0.025385184227383742, ""C23"": 0.025385184227383742, ""C24"": 0.025385184227383742, ""C25"": 0.024887725732941533}"
82,82,1,506,6.618283,25,"{""C01"": 1.177264, ""C02"": 1.181761, ""C03"": 1.185187, ""C04"": 1.195338, ""C05"": 1.216846, ""C06"": 1.178949, ""C07"": 1.187687, ""C08"": 1.183264, ""C09"": 1.187761, ""C10"": 1.654465, ""C11"": 1.578385, ""C12"": 1.617959, ""C13"": 1.643979, ""C14"": 1.653616, ""C15"": 1.651741, ""C16"": 1.583999, ""C17"": 1.643242, ""C18"": 1.660465, ""C19"": 1.584385, ""C20"": 2.402159, ""C21"": 2.324858, ""C22"": 2.348089, ""C23"": 2.390331, ""C24"": 2.350661, ""C25"": 2.408159}","{""C01"": 0, ""C02"": 0, ""C03"": 0, ""C04"": 0, ""C05"": 0, ""C06"": 0, ""C07"": 0, ""C08"": 0, ""C09"": 0, ""C10"": 0, ""C11"": 0, ""C12"": 0, ""C13"": 0, ""C14"": 0, ""C15"": 0, ""C16"": 0, ""C17"": 0, ""C18"": 0, ""C19"": 0, ""C20"": 538, ""C21"": 0, ""C22"": 0, ""C23"": 0, ""C24"": 0, ""C25"": 1027}","{""C01"": 0.025382919838490142, ""C02"": 0.025382919838490142, ""C03"": 0.025382919838490142, ""C04"": 0.025382919838490142, ""C05"": 0.025382919838490142, ""C06"": 0.025382919838490142, ""C07"": 0.025382919838490142, ""C08"": 0.025382919838490142, ""C09"": 0.025382919838490142, ""C10"": 0.025382919838490142, ""C11"": 0.025382919838490142, ""C12"": 0.025382919838490142, ""C13"": 0.025382919838490142, ""C14"": 0.025382919838490142, ""C15"": 0.025382919838490142, ""C16"": 0.025382919838490142, ""C17"": 0.025382919838490142, ""C18"": 0.025382919838490142, ""C19"": 0.025382919838490142, ""C20"": 0.025071354258647673, ""C21"": 0.025382919838490142, ""C22"": 0.025382919838490142, ""C23"": 0.025382919838490142, ""C24"": 0.025382919838490142, ""C25"": 0.024788168814462608}"
83,83,1,107,0.959796,25,"{""C01"": 1.172399, ""C02"": 1.175566, ""C03"": 1.180593, ""C04"": 1.194523, ""C05"": 1.220209, ""C06"": 1.173363, ""C07"": 1.182992, ""C08"": 1.178399, ""C09"": 1.181566, ""C10"": 1.662841, ""C11"": 1.586509, ""C12"": 1.622037, ""C13"": 1.642122, ""C14"": 1.646724, ""C15"": 1.643085, ""C16"": 1.59192, ""C17"": 1.642198, ""C18"": 1.668841, ""C19"": 1.592509, ""C20"": 2.394057, ""C21"": 2.323616, ""C22"": 2.354339, ""C23"": 2.401183, ""C24"": 2.357571, ""C25"": 2.400057}","{""C01"": 0, ""C02"": 0, ""C03"": 0, ""C04"": 0, ""C05"": 0, ""C06"": 0, ""C07"": 0, ""C08"": 0, ""C09"": 0, ""C10"": 0, ""C11"": 0, ""C12"": 0, ""C13"": 0, ""C14"": 0, ""C15"": 0, ""C16"": 0, ""C17"": 0, ""C18"": 0, ""C19"": 0, ""C20"": 463, ""C21"": 0, ""C22"": 0, ""C23"": 565, ""C24"": 0, ""C25"": 539}","{""C01"": 0.0253812785652507, ""C02"": 0.0253812785652507, ""C03"": 0.0253812785652507, ""C04"": 0.0253812785652507, ""C05"": 0.0253812785652507, ""C06"": 0.0253812785652507, ""C07"": 0.0253812785652507, ""C08"": 0.0253812785652507, ""C09"": 0.0253812785652507, ""C10"": 0.0253812785652507, ""C11"": 0.0253812785652507, ""C12"": 0.0253812785652507, ""C13"": 0.0253812785652507, ""C14"": 0.0253812785652507, ""C15"": 0.0253812785652507, ""C16"": 0.0253812785652507, ""C17"": 0.0253812785652507, ""C18"": 0.0253812785652507, ""C19"": 0.0253812785652507, ""C20"": 0.02511314684876917, ""C21"": 0.0253812785652507, ""C22"": 0.0253812785652507, ""C23"": 0.025054079685000803, ""C24"": 0.0253812785652507, ""C25"": 0.02506913579115701}"
84,84,1,678,6.714618,25,"{""C01"": 1.16673, ""C02"": 1.169615, ""C03"": 1.177174, ""C04"": 1.195259, ""C05"": 1.22477, ""C06"": 1.166982, ""C07"": 1.179294, ""C08"": 1.17273, ""C09"": 1.175615, ""C10"": 1.671609, ""C11"": 1.593552, ""C12"": 1.624069, ""C13"": 1.638213, ""C14"": 1.638738, ""C15"": 1.634804, ""C16"": 1.598648, ""C17"": 1.639042, ""C18"": 1.677609, ""C19"": 1.599552, ""C20"": 2.388096, ""C21"": 2.325165, ""C22"": 2.362714, ""C23"": 2.41249, ""C24"": 2.366556, ""C25"": 2.394096}","{""C01"": 0, ""C02"": 0, ""C03"": 0, ""C04"": 0, ""C05"": 0, ""C06"": 0, ""C07"": 0, ""C08"": 0, ""C09"": 0, ""C10"": 0, ""C11"": 0, ""C12"": 0, ""C13"": 0, ""C14"": 0, ""C15"": 0, ""C16"": 0, ""C17"": 0, ""C18"": 0, ""C19"": 0, ""C20"": 0, ""C21"": 0, ""C22"": 0, ""C23"": 1563, ""C24"": 0, ""C25"": 0}","{""C01"": 0.02538416867569733, ""C02"": 0.02538416867569733, ""C03"": 0.02538416867569733, ""C04"": 0.02538416867569733, ""C05"": 0.02538416867569733, ""C06"": 0.02538416867569733, ""C07"": 0.02538416867569733, ""C08"": 0.02538416867569733, ""C09"": 0.02538416867569733, ""C10"": 0.02538416867569733, ""C11"": 0.02538416867569733, ""C12"": 0.02538416867569733, ""C13"": 0.02538416867569733, ""C14"": 0.02538416867569733, ""C15"": 0.02538416867569733, ""C16"": 0.02538416867569733, ""C17"": 0.02538416867569733, ""C18"": 0.02538416867569733, ""C19"": 0.02538416867569733, ""C20"": 0.02538416867569733, ""C21"": 0.02538416867569733, ""C22"": 0.02538416867569733, ""C23"": 0.024479009937884617, ""C24"": 0.02538416867569733, ""C25"": 0.02538416867569733}"
85,85,1,381,4.615980,25,"{""C01"": 1.160613, ""C02"": 1.164279, ""C03"": 1.175144, ""C04"": 1.197503, ""C05"": 1.230248, ""C06"": 1.160187, ""C07"": 1.17682, ""C08"": 1.166613, ""C09"": 1.170279, ""C10"": 1.680226, ""C11"": 1.599081, ""C12"": 1.623933, ""C13"": 1.6325, ""C14"": 1.630159, ""C15"": 1.627418, ""C16"": 1.603758, ""C17"": 1.633988, ""C18"": 1.686226, ""C19"": 1.605081, ""C20"": 2.384654, ""C21"": 2.329414, ""C22"": 2.372698, ""C23"": 2.423555, ""C24"": 2.377086, ""C25"": 2.390654}","{""C01"": 0, ""C02"": 0, ""C03"": 0, ""C04"": 0, ""C05"": 0, ""C06"": 0, ""C07"": 0, ""C08"": 0, ""C09"": 0, ""C10"": 0, ""C11"": 0, ""C12"": 0, ""C13"": 0, ""C14"": 0, ""C15"": 0, ""C16"": 0, ""C17"": 0, ""C18"": 0, ""C19"": 0, ""C20"": 0, ""C21"": 0, ""C22"": 0, ""C23"": 1561, ""C24"": 0, ""C25"": 0}","{""C01"": 0.02538715879744928, ""C02"": 0.02538715879744928, ""C03"": 0.02538715879744928, ""C04"": 0.02538715879744928, ""C05"": 0.02538715879744928, ""C06"": 0.02538715879744928, ""C07"": 0.02538715879744928, ""C08"": 0.02538715879744928, ""C09"": 0.02538715879744928, ""C10"": 0.02538715879744928, ""C11"": 0.02538715879744928, ""C12"": 0.02538715879744928, ""C13"": 0.02538715879744928, ""C14"": 0.02538715879744928, ""C15"": 0.02538715879744928, ""C16"": 0.02538715879744928, ""C17"": 0.02538715879744928, ""C18"": 0.02538715879744928, ""C19"": 0.02538715879744928, ""C20"": 0.02538715879744928, ""C21"": 0.02538715879744928, ""C22"": 0.02538715879744928, ""C23"": 0.024483157876098283, ""C24"": 0.02538715879744928, ""C25"": 0.02538715879744928}"
86,86,1,281,2.542641,25,"{""C01"": 1.15443, ""C02"": 1.159893, ""C03"": 1.174631, ""C04"": 1.201119, ""C05"": 1.236304, ""C06"": 1.153385, ""C07"": 1.175722, ""C08"": 1.16043, ""C09"": 1.165893, ""C10"": 1.688162, ""C11"": 1.602755, ""C12"": 1.621641, ""C13"": 1.625341, ""C14"": 1.621524, ""C15"": 1.62139, ""C16"": 1.606922, ""C17"": 1.627366, ""C18"": 1.694162, ""C19"": 1.608755, ""C20"": 2.38395, ""C21"": 2.336106, ""C22"": 2.383678, ""C23"": 2.433697, ""C24"": 2.388536, ""C25"": 2.38995}","{""C01"": 0, ""C02"": 0, ""C03"": 0, ""C04"": 0, ""C05"": 0, ""C06"": 0, ""C07"": 0, ""C08"": 0, ""C09"": 0, ""C10"": 0, ""C11"": 0, ""C12"": 0, ""C13"": 0, ""C14"": 0, ""C15"": 0, ""C16"": 0, ""C17"": 0, ""C18"": 0, ""C19"": 0, ""C20"": 0, ""C21"": 0, ""C22"": 0, ""C23"": 1559, ""C24"": 0, ""C25"": 0}","{""C01"": 0.025389780738943907, ""C02"": 0.025389780738943907, ""C03"": 0.025389780738943907, ""C04"": 0.025389780738943907, ""C05"": 0.025389780738943907, ""C06"": 0.025389780738943907, ""C07"": 0.025389780738943907, ""C08"": 0.025389780738943907, ""C09"": 0.025389780738943907, ""C10"": 0.025389780738943907, ""C11"": 0.025389780738943907, ""C12"": 0.025389780738943907, ""C13"": 0.025389780738943907, ""C14"": 0.025389780738943907, ""C15"": 0.025389780738943907, ""C16"": 0.025389780738943907, ""C17"": 0.025389780738943907, ""C18"": 0.025389780738943907, ""C19"": 0.025389780738943907, ""C20"": 0.025389780738943907, ""C21"": 0.025389780738943907, ""C22"": 0.025389780738943907, ""C23"": 0.02448693795896551, ""C24"": 0.025389780738943907, ""C25"": 0.025389780738943907}"
87,87,1,288,3.204477,25,"{""C01"": 1.148567, ""C02"": 1.156731, ""C03"": 1.17567, ""C04"": 1.205882, ""C05"": 1.242565, ""C06"": 1.146983, ""C07"": 1.176066, ""C08"": 1.154567, ""C09"": 1.162731, ""C10"": 1.694924, ""C11"": 1.60435, ""C12"": 1.617337, ""C13"": 1.617186, ""C14"": 1.613372, ""C15"": 1.617097, ""C16"": 1.607929, ""C17"": 1.619601, ""C18"": 1.700924, ""C19"": 1.61035, ""C20"": 2.386035, ""C21"": 2.344831, ""C22"": 2.394975, ""C23"": 2.44229, ""C24"": 2.400217, ""C25"": 2.392035}","{""C01"": 0, ""C02"": 0, ""C03"": 0, ""C04"": 0, ""C05"": 0, ""C06"": 0, ""C07"": 0, ""C08"": 0, ""C09"": 0, ""C10"": 0, ""C11"": 0, ""C12"": 0, ""C13"": 0, ""C14"": 0, ""C15"": 0, ""C16"": 0, ""C17"": 0, ""C18"": 0, ""C19"": 0, ""C20"": 0, ""C21"": 0, ""C22"": 0, ""C23"": 1557, ""C24"": 0, ""C25"": 0}","{""C01"": 0.02539180861276452, ""C02"": 0.02539180861276452, ""C03"": 0.02539180861276452, ""C04"": 0.02539180861276452, ""C05"": 0.02539180861276452, ""C06"": 0.02539180861276452, ""C07"": 0.02539180861276452, ""C08"": 0.02539180861276452, ""C09"": 0.02539180861276452, ""C10"": 0.02539180861276452, ""C11"": 0.02539180861276452, ""C12"": 0.02539180861276452, ""C13"": 0.02539180861276452, ""C14"": 0.02539180861276452, ""C15"": 0.02539180861276452, ""C16"": 0.02539180861276452, ""C17"": 0.02539180861276452, ""C18"": 0.02539180861276452, ""C19"": 0.02539180861276452, ""C20"": 0.02539180861276452, ""C21"": 0.02539180861276452, ""C22"": 0.02539180861276452, ""C23"": 0.02449012450094189, ""C24"": 0.02539180861276452, ""C25"": 0.02539180861276452}"
88,88,1,337,3.437850,25,"{""C01"": 1.143391, ""C02"": 1.154992, ""C03"": 1.178197, ""C04"": 1.211499, ""C05"": 1.248641, ""C06"": 1.141369, ""C07"": 1.177825, ""C08"": 1.149391, ""C09"": 1.160992, ""C10"": 1.700097, ""C11"": 1.603768, ""C12"": 1.611294, ""C13"": 1.608543, ""C14"": 1.606214, ""C15"": 1.614809, ""C16"": 1.6067, ""C17"": 1.611186, ""C18"": 1.706097, ""C19"": 1.609768, ""C20"": 2.390783, ""C21"": 2.35505, ""C22"": 2.405893, ""C23"": 2.448806, ""C24"": 2.411423, ""C25"": 2.396783}","{""C01"": 0, ""C02"": 0, ""C03"": 0, ""C04"": 0, ""C05"": 0, ""C06"": 0, ""C07"": 0, ""C08"": 0, ""C09"": 0, ""C10"": 0, ""C11"": 0, ""C12"": 0, ""C13"": 0, ""C14"": 0, ""C15"": 0, ""C16"": 0, ""C17"": 0, ""C18"": 0, ""C19"": 0, ""C20"": 0, ""C21"": 0, ""C22"": 0, ""C23"": 1555, ""C24"": 0, ""C25"": 0}","{""C01"": 0.025393055544527407, ""C02"": 0.025393055544527407, ""C03"": 0.025393055544527407, ""C04"": 0.025393055544527407, ""C05"": 0.025393055544527407, ""C06"": 0.025393055544527407, ""C07"": 0.025393055544527407, ""C08"": 0.025393055544527407, ""C09"": 0.025393055544527407, ""C10"": 0.025393055544527407, ""C11"": 0.025393055544527407, ""C12"": 0.025393055544527407, ""C13"": 0.025393055544527407, ""C14"": 0.025393055544527407, ""C15"": 0.025393055544527407, ""C16"": 0.025393055544527407, ""C17"": 0.025393055544527407, ""C18"": 0.025393055544527407, ""C19"": 0.025393055544527407, ""C20"": 0.025393055544527407, ""C21"": 0.025393055544527407, ""C22"": 0.025393055544527407, ""C23"": 0.024492530795919384, ""C24"": 0.025393055544527407, ""C25"": 0.025393055544527407}"
89,89,1,388,3.383828,25,"{""C01"": 1.139225, ""C02"": 1.154785, ""C03"": 1.182057, ""C04"": 1.217622, ""C05"": 1.254158, ""C06"": 1.13688, ""C07"": 1.180883, ""C08"": 1.145225, ""C09"": 1.160785, ""C10"": 1.703361, ""C11"": 1.601049, ""C12"": 1.60389, ""C13"": 1.599953, ""C14"": 1.600497, ""C15"": 1.614672, ""C16"": 1.603293, ""C17"": 1.60265, ""C18"": 1.709361, ""C19"": 1.607049, ""C20"": 2.397904, ""C21"": 2.366134, ""C22"": 2.415758, ""C23"": 2.452843, ""C24"": 2.421474, ""C25"": 2.403904}","{""C01"": 0, ""C02"": 0, ""C03"": 0, ""C04"": 0, ""C05"": 0, ""C06"": 0, ""C07"": 0, ""C08"": 0, ""C09"": 0, ""C10"": 0, ""C11"": 0, ""C12"": 0, ""C13"": 0, ""C14"": 0, ""C15"": 0, ""C16"": 0, ""C17"": 0, ""C18"": 0, ""C19"": 0, ""C20"": 0, ""C21"": 0, ""C22"": 0, ""C23"": 1555, ""C24"": 0, ""C25"": 0}","{""C01"": 0.025394543857371207, ""C02"": 0.025394543857371207, ""C03"": 0.025394543857371207, ""C04"": 0.025394543857371207, ""C05"": 0.025394543857371207, ""C06"": 0.025394543857371207, ""C07"": 0.025394543857371207, ""C08"": 0.025394543857371207, ""C09"": 0.025394543857371207, ""C10"": 0.025394543857371207, ""C11"": 0.025394543857371207, ""C12"": 0.025394543857371207, ""C13"": 0.025394543857371207, ""C14"": 0.025394543857371207, ""C15"": 0.025394543857371207, ""C16"": 0.025394543857371207, ""C17"": 0.025394543857371207, ""C18"": 0.025394543857371207, ""C19"": 0.025394543857371207, ""C20"": 0.025394543857371207, ""C21"": 0.025394543857371207, ""C22"": 0.025394543857371207, ""C23"": 0.024494017785893205, ""C24"": 0.025394543857371207, ""C25"": 0.025394543857371207}"
90,90,1,480,4.240535,25,"{""C01"": 1.136329, ""C02"": 1.156124, ""C03"": 1.187012, ""C04"": 1.223871, ""C05"": 1.258773, ""C06"": 1.13379, ""C07"": 1.185046, ""C08"": 1.142329, ""C09"": 1.162124, ""C10"": 1.704515, ""C11"": 1.596365, ""C12"": 1.595586, ""C13"": 1.591953, ""C14"": 1.596579, ""C15"": 1.616696, ""C16"": 1.597898, ""C17"": 1.594528, ""C18"": 1.710515, ""C19"": 1.602365, ""C20"": 2.40696, ""C21"": 2.377397, ""C22"": 2.42396, ""C23"": 2.454156, ""C24"": 2.429757, ""C25"": 2.41296}","{""C01"": 0, ""C02"": 0, ""C03"": 0, ""C04"": 0, ""C05"": 0, ""C06"": 0, ""C07"": 0, ""C08"": 0, ""C09"": 0, ""C10"": 0, ""C11"": 0, ""C12"": 0, ""C13"": 0, ""C14"": 0, ""C15"": 0, ""C16"": 0, ""C17"": 0, ""C18"": 0, ""C19"": 0, ""C20"": 0, ""C21"": 0, ""C22"": 0, ""C23"": 1554, ""C24"": 0, ""C25"": 0}","{""C01"": 0.025394446183462163, ""C02"": 0.025394446183462163, ""C03"": 0.025394446183462163, ""C04"": 0.025394446183462163, ""C05"": 0.025394446183462163, ""C06"": 0.025394446183462163, ""C07"": 0.025394446183462163, ""C08"": 0.025394446183462163, ""C09"": 0.025394446183462163, ""C10"": 0.025394446183462163, ""C11"": 0.025394446183462163, ""C12"": 0.025394446183462163, ""C13"": 0.025394446183462163, ""C14"": 0.025394446183462163, ""C15"": 0.025394446183462163, ""C16"": 0.025394446183462163, ""C17"": 0.025394446183462163, ""C18"": 0.025394446183462163, ""C19"": 0.025394446183462163, ""C20"": 0.025394446183462163, ""C21"": 0.025394446183462163, ""C22"": 0.025394446183462163, ""C23"": 0.024494500435183888, ""C24"": 0.025394446183462163, ""C25"": 0.025394446183462163}"
91,91,1,690,7.083654,25,"{""C01"": 1.134886, ""C02"": 1.158929, ""C03"": 1.192755, ""C04"": 1.229861, ""C05"": 1.262202, ""C06"": 1.132286, ""C07"": 1.190047, ""C08"": 1.140886, ""C09"": 1.164929, ""C10"": 1.703491, ""C11"": 1.590008, ""C12"": 1.586903, ""C13"": 1.585042, ""C14"": 1.594707, ""C15"": 1.620759, ""C16"": 1.59083, ""C17"": 1.587325, ""C18"": 1.709491, ""C19"": 1.596008, ""C20"": 2.417392, ""C21"": 2.388144, ""C22"": 2.429995, ""C23"": 2.452668, ""C24"": 2.435764, ""C25"": 2.423392}","{""C01"": 0, ""C02"": 0, ""C03"": 0, ""C04"": 0, ""C05"": 0, ""C06"": 0, ""C07"": 0, ""C08"": 0, ""C09"": 0, ""C10"": 0, ""C11"": 0, ""C12"": 0, ""C13"": 0, ""C14"": 0, ""C15"": 0, ""C16"": 0, ""C17"": 0, ""C18"": 0, ""C19"": 0, ""C20"": 0, ""C21"": 0, ""C22"": 0, ""C23"": 1555, ""C24"": 0, ""C25"": 0}","{""C01"": 0.025394479414704255, ""C02"": 0.025394479414704255, ""C03"": 0.025394479414704255, ""C04"": 0.025394479414704255, ""C05"": 0.025394479414704255, ""C06"": 0.025394479414704255, ""C07"": 0.025394479414704255, ""C08"": 0.025394479414704255, ""C09"": 0.025394479414704255, ""C10"": 0.025394479414704255, ""C11"": 0.025394479414704255, ""C12"": 0.025394479414704255, ""C13"": 0.025394479414704255, ""C14"": 0.025394479414704255, ""C15"": 0.025394479414704255, ""C16"": 0.025394479414704255, ""C17"": 0.025394479414704255, ""C18"": 0.025394479414704255, ""C19"": 0.025394479414704255, ""C20"": 0.025394479414704255, ""C21"": 0.025394479414704255, ""C22"": 0.025394479414704255, ""C23"": 0.024493953400507307, ""C24"": 0.025394479414704255, ""C25"": 0.025394479414704255}"
92,92,1,1456,12.642627,25,"{""C01"": 1.134986, ""C02"": 1.163025, ""C03"": 1.19893, ""C04"": 1.235219, ""C05"": 1.264232, ""C06"": 1.132463, ""C07"": 1.195571, ""C08"": 1.140986, ""C09"": 1.169025, ""C10"": 1.700355, ""C11"": 1.582378, ""C12"": 1.578382, ""C13"": 1.579653, ""C14"": 1.594999, ""C15"": 1.626609, ""C16"": 1.582509, ""C17"": 1.581487, ""C18"": 1.706355, ""C19"": 1.588378, ""C20"": 2.428555, ""C21"": 2.39771, ""C22"": 2.43349, ""C23"": 2.448473, ""C24"": 2.439125, ""C25"": 2.434555}","{""C01"": 0, ""C02"": 0, ""C03"": 0, ""C04"": 0, ""C05"": 0, ""C06"": 0, ""C07"": 0, ""C08"": 0, ""C09"": 0, ""C10"": 0, ""C11"": 0, ""C12"": 0, ""C13"": 0, ""C14"": 0, ""C15"": 0, ""C16"": 0, ""C17"": 0, ""C18"": 0, ""C19"": 0, ""C20"": 0, ""C21"": 0, ""C22"": 0, ""C23"": 1556, ""C24"": 0, ""C25"": 0}","{""C01"": 0.02539351365721844, ""C02"": 0.02539351365721844, ""C03"": 0.02539351365721844, ""C04"": 0.02539351365721844, ""C05"": 0.02539351365721844, ""C06"": 0.02539351365721844, ""C07"": 0.02539351365721844, ""C08"": 0.02539351365721844, ""C09"": 0.02539351365721844, ""C10"": 0.02539351365721844, ""C11"": 0.02539351365721844, ""C12"": 0.02539351365721844, ""C13"": 0.02539351365721844, ""C14"": 0.02539351365721844, ""C15"": 0.02539351365721844, ""C16"": 0.02539351365721844, ""C17"": 0.02539351365721844, ""C18"": 0.02539351365721844, ""C19"": 0.02539351365721844, ""C20"": 0.02539351365721844, ""C21"": 0.02539351365721844, ""C22"": 0.02539351365721844, ""C23"": 0.02449240826595464, ""C24"": 0.02539351365721844, ""C25"": 0.02539351365721844}"
93,93,1,341,2.969661,25,"{""C01"": 1.136624, ""C02"": 1.16816, ""C03"": 1.205154, ""C04"": 1.239614, ""C05"": 1.264738, ""C06"": 1.134311, ""C07"": 1.201268, ""C08"": 1.142624, ""C09"": 1.17416, ""C10"": 1.695302, ""C11"": 1.573949, ""C12"": 1.570555, ""C13"": 1.576122, ""C14"": 1.597439, ""C15"": 1.633885, ""C16"": 1.573428, ""C17"": 1.577369, ""C18"": 1.701302, ""C19"": 1.579949, ""C20"": 2.43976, ""C21"": 2.405504, ""C22"": 2.434232, ""C23"": 2.441838, ""C24"": 2.439629, ""C25"": 2.44576}","{""C01"": 0, ""C02"": 0, ""C03"": 0, ""C04"": 0, ""C05"": 0, ""C06"": 0, ""C07"": 0, ""C08"": 0, ""C09"": 0, ""C10"": 0, ""C11"": 0, ""C12"": 0, ""C13"": 0, ""C14"": 0, ""C15"": 0, ""C16"": 0, ""C17"": 0, ""C18"": 0, ""C19"": 0, ""C20"": 301, ""C21"": 0, ""C22"": 0, ""C23"": 331, ""C24"": 299, ""C25"": 627}","{""C01"": 0.025392500654201178, ""C02"": 0.025392500654201178, ""C03"": 0.025392500654201178, ""C04"": 0.025392500654201178, ""C05"": 0.025392500654201178, ""C06"": 0.025392500654201178, ""C07"": 0.025392500654201178, ""C08"": 0.025392500654201178, ""C09"": 0.025392500654201178, ""C10"": 0.025392500654201178, ""C11"": 0.025392500654201178, ""C12"": 0.025392500654201178, ""C13"": 0.025392500654201178, ""C14"": 0.025392500654201178, ""C15"": 0.025392500654201178, ""C16"": 0.025392500654201178, ""C17"": 0.025392500654201178, ""C18"": 0.025392500654201178, ""C19"": 0.025392500654201178, ""C20"": 0.025218186082579277, ""C21"": 0.025392500654201178, ""C22"": 0.025392500654201178, ""C23"": 0.025200813289099986, ""C24"": 0.025219344318935567, ""C25"": 0.025029396971154798}"
94,94,1,377,3.302299,25,"{""C01"": 1.1397, ""C02"": 1.174015, ""C03"": 1.211043, ""C04"": 1.242774, ""C05"": 1.263691, ""C06"": 1.137724, ""C07"": 1.206781, ""C08"": 1.1457, ""C09"": 1.180015, ""C10"": 1.688651, ""C11"": 1.565249, ""C12"": 1.563911, ""C13"": 1.574672, ""C14"": 1.601877, ""C15"": 1.642137, ""C16"": 1.564134, ""C17"": 1.57522, ""C18"": 1.694651, ""C19"": 1.571249, ""C20"": 2.450311, ""C21"": 2.411046, ""C22"": 2.432179, ""C23"": 2.433178, ""C24"": 2.437239, ""C25"": 2.456311}","{""C01"": 0, ""C02"": 0, ""C03"": 0, ""C04"": 0, ""C05"": 0, ""C06"": 0, ""C07"": 0, ""C08"": 0, ""C09"": 0, ""C10"": 0, ""C11"": 0, ""C12"": 0, ""C13"": 0, ""C14"": 0, ""C15"": 0, ""C16"": 0, ""C17"": 0, ""C18"": 0, ""C19"": 0, ""C20"": 603, ""C21"": 0, ""C22"": 0, ""C23"": 0, ""C24"": 0, ""C25"": 952}","{""C01"": 0.02539496397367541, ""C02"": 0.02539496397367541, ""C03"": 0.02539496397367541, ""C04"": 0.02539496397367541, ""C05"": 0.02539496397367541, ""C06"": 0.02539496397367541, ""C07"": 0.02539496397367541, ""C08"": 0.02539496397367541, ""C09"": 0.02539496397367541, ""C10"": 0.02539496397367541, ""C11"": 0.02539496397367541, ""C12"": 0.02539496397367541, ""C13"": 0.02539496397367541, ""C14"": 0.02539496397367541, ""C15"": 0.02539496397367541, ""C16"": 0.02539496397367541, ""C17"": 0.02539496397367541, ""C18"": 0.02539496397367541, ""C19"": 0.02539496397367541, ""C20"": 0.025045756162454354, ""C21"": 0.02539496397367541, ""C22"": 0.02539496397367541, ""C23"": 0.02539496397367541, ""C24"": 0.02539496397367541, ""C25"": 0.02484364743729773}"
95,95,1,203,1.753066,25,"{""C01"": 1.144024, ""C02"": 1.180228, ""C03"": 1.21623, ""C04"": 1.244503, ""C05"": 1.261156, ""C06"": 1.142499, ""C07"": 1.211765, ""C08"": 1.150024, ""C09"": 1.186228, ""C10"": 1.680815, ""C11"": 1.55682, ""C12"": 1.558864, ""C13"": 1.575393, ""C14"": 1.608038, ""C15"": 1.650853, ""C16"": 1.555187, ""C17"": 1.575161, ""C18"": 1.686815, ""C19"": 1.56282, ""C20"": 2.459558, ""C21"": 2.413993, ""C22"": 2.42746, ""C23"": 2.423034, ""C24"": 2.432091, ""C25"": 2.465558}","{""C01"": 0, ""C02"": 0, ""C03"": 0, ""C04"": 0, ""C05"": 0, ""C06"": 0, ""C07"": 0, ""C08"": 0, ""C09"": 0, ""C10"": 0, ""C11"": 0, ""C12"": 0, ""C13"": 0, ""C14"": 0, ""C15"": 0, ""C16"": 0, ""C17"": 0, ""C18"": 0, ""C19"": 0, ""C20"": 707, ""C21"": 0, ""C22"": 0, ""C23"": 0, ""C24"": 0, ""C25"": 847}","{""C01"": 0.025397629760052595, ""C02"": 0.025397629760052595, ""C03"": 0.025397629760052595, ""C04"": 0.025397629760052595, ""C05"": 0.025397629760052595, ""C06"": 0.025397629760052595, ""C07"": 0.025397629760052595, ""C08"": 0.025397629760052595, ""C09"": 0.025397629760052595, ""C10"": 0.025397629760052595, ""C11"": 0.025397629760052595, ""C12"": 0.025397629760052595, ""C13"": 0.025397629760052595, ""C14"": 0.025397629760052595, ""C15"": 0.025397629760052595, ""C16"": 0.025397629760052595, ""C17"": 0.025397629760052595, ""C18"": 0.025397629760052595, ""C19"": 0.025397629760052595, ""C20"": 0.024988193208103478, ""C21"": 0.025397629760052595, ""C22"": 0.025397629760052595, ""C23"": 0.025397629760052595, ""C24"": 0.025397629760052595, ""C25"": 0.02490711965602727}"
96,96,1,145,1.254944,25,"{""C01"": 1.149327, ""C02"": 1.186413, ""C03"": 1.220394, ""C04"": 1.244694, ""C05"": 1.257292, ""C06"": 1.148351, ""C07"": 1.215908, ""C08"": 1.155327, ""C09"": 1.192413, ""C10"": 1.672284, ""C11"": 1.549187, ""C12"": 1.555731, ""C13"": 1.578243, ""C14"": 1.615543, ""C15"": 1.659494, ""C16"": 1.547126, ""C17"": 1.577184, ""C18"": 1.678284, ""C19"": 1.555187, ""C20"": 2.466927, ""C21"": 2.414165, ""C22"": 2.420373, ""C23"": 2.41204, ""C24"": 2.424494, ""C25"": 2.472927}","{""C01"": 0, ""C02"": 0, ""C03"": 0, ""C04"": 0, ""C05"": 0, ""C06"": 0, ""C07"": 0, ""C08"": 0, ""C09"": 0, ""C10"": 0, ""C11"": 0, ""C12"": 0, ""C13"": 0, ""C14"": 0, ""C15"": 0, ""C16"": 0, ""C17"": 0, ""C18"": 0, ""C19"": 0, ""C20"": 723, ""C21"": 0, ""C22"": 0, ""C23"": 0, ""C24"": 0, ""C25"": 829}","{""C01"": 0.02539913813814461, ""C02"": 0.02539913813814461, ""C03"": 0.02539913813814461, ""C04"": 0.02539913813814461, ""C05"": 0.02539913813814461, ""C06"": 0.02539913813814461, ""C07"": 0.02539913813814461, ""C08"": 0.02539913813814461, ""C09"": 0.02539913813814461, ""C10"": 0.02539913813814461, ""C11"": 0.02539913813814461, ""C12"": 0.02539913813814461, ""C13"": 0.02539913813814461, ""C14"": 0.02539913813814461, ""C15"": 0.02539913813814461, ""C16"": 0.02539913813814461, ""C17"": 0.02539913813814461, ""C18"": 0.02539913813814461, ""C19"": 0.02539913813814461, ""C20"": 0.024980436142419092, ""C21"": 0.02539913813814461, ""C22"": 0.02539913813814461, ""C23"": 0.02539913813814461, ""C24"": 0.02539913813814461, ""C25"": 0.02491905309608393}"
97,97,1,111,0.985791,25,"{""C01"": 1.155281, ""C02"": 1.192186, ""C03"": 1.223278, ""C04"": 1.243338, ""C05"": 1.25234, ""C06"": 1.154933, ""C07"": 1.218954, ""C08"": 1.161281, ""C09"": 1.198186, ""C10"": 1.663589, ""C11"": 1.542827, ""C12"": 1.554707, ""C13"": 1.583047, ""C14"": 1.623925, ""C15"": 1.667523, ""C16"": 1.54044, ""C17"": 1.581151, ""C18"": 1.669589, ""C19"": 1.548827, ""C20"": 2.471964, ""C21"": 2.411554, ""C22"": 2.411361, ""C23"": 2.400882, ""C24"": 2.414902, ""C25"": 2.477964}","{""C01"": 0, ""C02"": 0, ""C03"": 0, ""C04"": 0, ""C05"": 0, ""C06"": 0, ""C07"": 0, ""C08"": 0, ""C09"": 0, ""C10"": 0, ""C11"": 0, ""C12"": 0, ""C13"": 0, ""C14"": 0, ""C15"": 0, ""C16"": 0, ""C17"": 0, ""C18"": 0, ""C19"": 0, ""C20"": 739, ""C21"": 0, ""C22"": 0, ""C23"": 0, ""C24"": 0, ""C25"": 812}","{""C01"": 0.025400369354469085, ""C02"": 0.025400369354469085, ""C03"": 0.025400369354469085, ""C04"": 0.025400369354469085, ""C05"": 0.025400369354469085, ""C06"": 0.025400369354469085, ""C07"": 0.025400369354469085, ""C08"": 0.025400369354469085, ""C09"": 0.025400369354469085, ""C10"": 0.025400369354469085, ""C11"": 0.025400369354469085, ""C12"": 0.025400369354469085, ""C13"": 0.025400369354469085, ""C14"": 0.025400369354469085, ""C15"": 0.025400369354469085, ""C16"": 0.025400369354469085, ""C17"": 0.025400369354469085, ""C18"": 0.025400369354469085, ""C19"": 0.025400369354469085, ""C20"": 0.024972401492144754, ""C21"": 0.025400369354469085, ""C22"": 0.025400369354469085, ""C23"": 0.025400369354469085, ""C24"": 0.025400369354469085, ""C25"": 0.024930129384569136}"
98,98,1,98,0.780424,25,"{""C01"": 1.161516, ""C02"": 1.19719, ""C03"": 1.224702, ""C04"": 1.240519, ""C05"": 1.246609, ""C06"": 1.161851, ""C07"": 1.220716, ""C08"": 1.167516, ""C09"": 1.20319, ""C10"": 1.655274, ""C11"": 1.538137, ""C12"": 1.555857, ""C13"": 1.589506, ""C14"": 1.632666, ""C15"": 1.674442, ""C16"": 1.535537, ""C17"": 1.586798, ""C18"": 1.661274, ""C19"": 1.544137, ""C20"": 2.474357, ""C21"": 2.406325, ""C22"": 2.400987, ""C23"": 2.390258, ""C24"": 2.403891, ""C25"": 2.480357}","{""C01"": 0, ""C02"": 0, ""C03"": 0, ""C04"": 0, ""C05"": 0, ""C06"": 0, ""C07"": 0, ""C08"": 0, ""C09"": 0, ""C10"": 0, ""C11"": 0, ""C12"": 0, ""C13"": 0, ""C14"": 0, ""C15"": 0, ""C16"": 0, ""C17"": 0, ""C18"": 0, ""C19"": 0, ""C20"": 738, ""C21"": 0, ""C22"": 0, ""C23"": 0, ""C24"": 0, ""C25"": 813}","{""C01"": 0.025401240782397402, ""C02"": 0.025401240782397402, ""C03"": 0.025401240782397402, ""C04"": 0.025401240782397402, ""C05"": 0.025401240782397402, ""C06"": 0.025401240782397402, ""C07"": 0.025401240782397402, ""C08"": 0.025401240782397402, ""C09"": 0.025401240782397402, ""C10"": 0.025401240782397402, ""C11"": 0.025401240782397402, ""C12"": 0.025401240782397402, ""C13"": 0.025401240782397402, ""C14"": 0.025401240782397402, ""C15"": 0.025401240782397402, ""C16"": 0.025401240782397402, ""C17"": 0.025401240782397402, ""C18"": 0.025401240782397402, ""C19"": 0.025401240782397402, ""C20"": 0.02497385156692576, ""C21"": 0.025401240782397402, ""C22"": 0.025401240782397402, ""C23"": 0.025401240782397402, ""C24"": 0.025401240782397402, ""C25"": 0.024930420911965585}"
99,99,1,89,0.723529,25,"{""C01"": 1.167646, ""C02"": 1.201114, ""C03"": 1.22458, ""C04"": 1.236413, ""C05"": 1.240455, ""C06"": 1.168696, ""C07"": 1.221089, ""C08"": 1.173646, ""C09"": 1.207114, ""C10"": 1.647856, ""C11"": 1.53541, ""C12"": 1.559112, ""C13"": 1.597222, ""C14"": 1.641222, ""C15"": 1.679824, ""C16"": 1.532715, ""C17"": 1.593765, ""C18"": 1.653856, ""C19"": 1.54141, ""C20"": 2.47396, ""C21"": 2.398806, ""C22"": 2.389897, ""C23"": 2.380828, ""C24"": 2.392122, ""C25"": 2.47996}","{""C01"": 0, ""C02"": 0, ""C03"": 0, ""C04"": 0, ""C05"": 0, ""C06"": 0, ""C07"": 0, ""C08"": 0, ""C09"": 0, ""C10"": 0, ""C11"": 0, ""C12"": 0, ""C13"": 0, ""C14"": 0, ""C15"": 0, ""C16"": 0, ""C17"": 0, ""C18"": 0, ""C19"": 0, ""C20"": 742, ""C21"": 0, ""C22"": 0, ""C23"": 0, ""C24"": 0, ""C25"": 809}","{""C01"": 0.025401090907324925, ""C02"": 0.025401090907324925, ""C03"": 0.025401090907324925, ""C04"": 0.025401090907324925, ""C05"": 0.025401090907324925, ""C06"": 0.025401090907324925, ""C07"": 0.025401090907324925, ""C08"": 0.025401090907324925, ""C09"": 0.025401090907324925, ""C10"": 0.025401090907324925, ""C11"": 0.025401090907324925, ""C12"": 0.025401090907324925, ""C13"": 0.025401090907324925, ""C14"": 0.025401090907324925, ""C15"": 0.025401090907324925, ""C16"": 0.025401090907324925, ""C17"": 0.025401090907324925, ""C18"": 0.025401090907324925, ""C19"": 0.025401090907324925, ""C20"": 0.0249713852191407, ""C21"": 0.025401090907324925, ""C22"": 0.025401090907324925, ""C23"": 0.025401090907324925, ""C24"": 0.025401090907324925, ""C25"": 0.024932587654542253}"
100,100,1,85,0.696680,25,"{""C01"": 1.173291, ""C02"": 1.203715, ""C03"": 1.222919, ""C04"": 1.231276, ""C05"": 1.234264, ""C06"": 1.175061, ""C07"": 1.220054, ""C08"": 1.179291, ""C09"": 1.209715, ""C10"": 1.641797, ""C11"": 1.534816, ""C12"": 1.56427, ""C13"": 1.605715, ""C14"": 1.649063, ""C15"": 1.683334, ""C16"": 1.532147, ""C17"": 1.601603, ""C18"": 1.647797, ""C19"": 1.540816, ""C20"": 2.4708, ""C21"": 2.389467, ""C22"": 2.378784, ""C23"": 2.373183, ""C24"": 2.380301, ""C25"": 2.4768}","{""C01"": 0, ""C02"": 0, ""C03"": 0, ""C04"": 0, ""C05"": 0, ""C06"": 0, ""C07"": 0, ""C08"": 0, ""C09"": 0, ""C10"": 0, ""C11"": 0, ""C12"": 0, ""C13"": 0, ""C14"": 0, ""C15"": 0, ""C16"": 0, ""C17"": 0, ""C18"": 0, ""C19"": 0, ""C20"": 742, ""C21"": 0, ""C22"": 0, ""C23"": 0, ""C24"": 0, ""C25"": 810}","{""C01"": 0.025400522615488003, ""C02"": 0.025400522615488003, ""C03"": 0.025400522615488003, ""C04"": 0.025400522615488003, ""C05"": 0.025400522615488003, ""C06"": 0.025400522615488003, ""C07"": 0.025400522615488003, ""C08"": 0.025400522615488003, ""C09"": 0.025400522615488003, ""C10"": 0.025400522615488003, ""C11"": 0.025400522615488003, ""C12"": 0.025400522615488003, ""C13"": 0.025400522615488003, ""C14"": 0.025400522615488003, ""C15"": 0.025400522615488003, ""C16"": 0.025400522615488003, ""C17"": 0.025400522615488003, ""C18"": 0.025400522615488003, ""C19"": 0.025400522615488003, ""C20"": 0.02497081692730378, ""C21"": 0.025400522615488003, ""C22"": 0.025400522615488003, ""C23"": 0.025400522615488003, ""C24"": 0.025400522615488003, ""C25"": 0.024931439632636106}"
1,1,1,360,4.470748,25,"{""C01"": 1.012744, ""C02"": 1.03733, ""C03"": 1.050196, ""C04"": 1.054695, ""C05"": 1.05812, ""C06"": 1.014662, ""C07"": 1.052604, ""C08"": 1.018744, ""C09"": 1.04333, ""C10"": 1.356879, ""C11"": 1.258979, ""C12"": 1.295989, ""C13"": 1.339909, ""C14"": 1.379489, ""C15"": 1.40552, ""C16"": 1.262745, ""C17"": 1.342277, ""C18"": 1.362879, ""C19"": 1.264979, ""C20"": 1.977327, ""C21"": 1.889209, ""C22"": 1.87951, ""C23"": 1.882197, ""C24"": 1.883782, ""C25"": 1.983327}","{""C01"": 0, ""C02"": 0, ""C03"": 0, ""C04"": 0, ""C05"": 0, ""C06"": 0, ""C07"": 0, ""C08"": 0, ""C09"": 0, ""C10"": 0, ""C11"": 0, ""C12"": 0, ""C13"": 0, ""C14"": 0, ""C15"": 0, ""C16"": 0, ""C17"": 0, ""C18"": 0, ""C19"": 0, ""C20"": 653, ""C21"": 0, ""C22"": 0, ""C23"": 0, ""C24"": 0, ""C25"": 1011}","{""C01"": 0.0252582300668171, ""C02"": 0.0252582300668171, ""C03"": 0.0252582300668171, ""C04"": 0.0252582300668171, ""C05"": 0.0252582300668171, ""C06"": 0.0252582300668171, ""C07"": 0.0252582300668171, ""C08"": 0.0252582300668171, ""C09"": 0.0252582300668171, ""C10"": 0.0252582300668171, ""C11"": 0.0252582300668171, ""C12"": 0.0252582300668171, ""C13"": 0.0252582300668171, ""C14"": 0.0252582300668171, ""C15"": 0.0252582300668171, ""C16"": 0.0252582300668171, ""C17"": 0.0252582300668171, ""C18"": 0.0252582300668171, ""C19"": 0.0252582300668171, ""C20"": 0.024880065896487856, ""C21"": 0.0252582300668171, ""C22"": 0.0252582300668171, ""C23"": 0.0252582300668171, ""C24"": 0.0252582300668171, ""C25"": 0.024672745395129914}"
2,2,1,73,0.599413,25,"{""C01"": 1.027263, ""C02"": 1.047619, ""C03"": 1.05685, ""C04"": 1.060018, ""C05"": 1.065042, ""C06"": 1.029872, ""C07"": 1.058986, ""C08"": 1.033263, ""C09"": 1.053619, ""C10"": 1.374939, ""C11"": 1.28289, ""C12"": 1.323561, ""C13"": 1.367231, ""C14"": 1.402767, ""C15"": 1.422862, ""C16"": 1.287222, ""C17"": 1.369187, ""C18"": 1.380939, ""C19"": 1.28889, ""C20"": 2.001769, ""C21"": 1.911379, ""C22"": 1.904678, ""C23"": 1.914224, ""C24"": 1.909438, ""C25"": 2.007769}","{""C01"": 0, ""C02"": 0, ""C03"": 0, ""C04"": 0, ""C05"": 0, ""C06"": 0, ""C07"": 0, ""C08"": 0, ""C09"": 0, ""C10"": 0, ""C11"": 0, ""C12"": 0, ""C13"": 0, ""C14"": 0, ""C15"": 0, ""C16"": 0, ""C17"": 0, ""C18"": 0, ""C19"": 0, ""C20"": 796, ""C21"": 0, ""C22"": 0, ""C23"": 0, ""C24"": 0, ""C25"": 862}","{""C01"": 0.02526631662829966, ""C02"": 0.02526631662829966, ""C03"": 0.02526631662829966, ""C04"": 0.02526631662829966, ""C05"": 0.02526631662829966, ""C06"": 0.02526631662829966, ""C07"": 0.02526631662829966, ""C08"": 0.02526631662829966, ""C09"": 0.02526631662829966, ""C10"": 0.02526631662829966, ""C11"": 0.02526631662829966, ""C12"": 0.02526631662829966, ""C13"": 0.02526631662829966, ""C14"": 0.02526631662829966, ""C15"": 0.02526631662829966, ""C16"": 0.02526631662829966, ""C17"": 0.02526631662829966, ""C18"": 0.02526631662829966, ""C19"": 0.02526631662829966, ""C20"": 0.02480533855849556, ""C21"": 0.02526631662829966, ""C22"": 0.02526631662829966, ""C23"": 0.02526631662829966, ""C24"": 0.02526631662829966, ""C25"": 0.02476712058050093}"
3,3,1,80,0.711724,25,"{""C01"": 1.039537, ""C02"": 1.055641, ""C03"": 1.061906, ""C04"": 1.06479, ""C05"": 1.072344, ""C06"": 1.042788, ""C07"": 1.063605, ""C08"": 1.045537, ""C09"": 1.061641, ""C10"": 1.393848, ""C11"": 1.307155, ""C12"": 1.350201, ""C13"": 1.392149, ""C14"": 1.422676, ""C15"": 1.43683, ""C16"": 1.311971, ""C17"": 1.393549, ""C18"": 1.399848, ""C19"": 1.313155, ""C20"": 2.022509, ""C21"": 1.931735, ""C22"": 1.929692, ""C23"": 1.946747, ""C24"": 1.934856, ""C25"": 2.028509}","{""C01"": 0, ""C02"": 0, ""C03"": 0, ""C04"": 0, ""C05"": 0, ""C06"": 0, ""C07"": 0, ""C08"": 0, ""C09"": 0, ""C10"": 0, ""C11"": 0, ""C12"": 0, ""C13"": 0, ""C14"": 0, ""C15"": 0, ""C16"": 0, ""C17"": 0, ""C18"": 0, ""C19"": 0, ""C20"": 790, ""C21"": 0, ""C22"": 0, ""C23"": 0, ""C24"": 0, ""C25"": 863}","{""C01"": 0.02527330748913538, ""C02"": 0.02527330748913538, ""C03"": 0.02527330748913538, ""C04"": 0.02527330748913538, ""C05"": 0.02527330748913538, ""C06"": 0.02527330748913538, ""C07"": 0.02527330748913538, ""C08"": 0.02527330748913538, ""C09"": 0.02527330748913538, ""C10"": 0.02527330748913538, ""C11"": 0.02527330748913538, ""C12"": 0.02527330748913538, ""C13"": 0.02527330748913538, ""C14"": 0.02527330748913538, ""C15"": 0.02527330748913538, ""C16"": 0.02527330748913538, ""C17"": 0.02527330748913538, ""C18"": 0.02527330748913538, ""C19"": 0.02527330748913538, ""C20"": 0.024815804128400155, ""C21"": 0.02527330748913538, ""C22"": 0.02527330748913538, ""C23"": 0.02527330748913538, ""C24"": 0.02527330748913538, ""C25"": 0.02477353172583698}"
4,4,1,106,0.889939,25,"{""C01"": 1.049526, ""C02"": 1.061621, ""C03"": 1.065774, ""C04"": 1.069438, ""C05"": 1.080296, ""C06"": 1.053344, ""C07"": 1.066894, ""C08"": 1.055526, ""C09"": 1.067621, ""C10"": 1.413636, ""C11"": 1.331471, ""C12"": 1.375461, ""C13"": 1.414322, ""C14"": 1.439184, ""C15"": 1.447761, ""C16"": 1.336675, ""C17"": 1.415047, ""C18"": 1.419636, ""C19"": 1.337471, ""C20"": 2.040347, ""C21"": 1.951104, ""C22"": 1.95509, ""C23"": 1.979836, ""C24"": 1.960564, ""C25"": 2.046347}","{""C01"": 0, ""C02"": 0, ""C03"": 0, ""C04"": 0, ""C05"": 0, ""C06"": 0, ""C07"": 0, ""C08"": 0, ""C09"": 0, ""C10"": 0, ""C11"": 0, ""C12"": 0, ""C13"": 0, ""C14"": 0, ""C15"": 0, ""C16"": 0, ""C17"": 0, ""C18"": 0, ""C19"": 0, ""C20"": 779, ""C21"": 0, ""C22"": 0, ""C23"": 0, ""C24"": 0, ""C25"": 869}","{""C01"": 0.025278817667287096, ""C02"": 0.025278817667287096, ""C03"": 0.025278817667287096, ""C04"": 0.025278817667287096, ""C05"": 0.025278817667287096, ""C06"": 0.025278817667287096, ""C07"": 0.025278817667287096, ""C08"": 0.025278817667287096, ""C09"": 0.025278817667287096, ""C10"": 0.025278817667287096, ""C11"": 0.025278817667287096, ""C12"": 0.025278817667287096, ""C13"": 0.025278817667287096, ""C14"": 0.025278817667287096, ""C15"": 0.025278817667287096, ""C16"": 0.025278817667287096, ""C17"": 0.025278817667287096, ""C18"": 0.025278817667287096, ""C19"": 0.025278817667287096, ""C20"": 0.024827684606511476, ""C21"": 0.025278817667287096, ""C22"": 0.025278817667287096, ""C23"": 0.025278817667287096, ""C24"": 0.025278817667287096, ""C25"": 0.024775567817938788}"
5,5,1,124,1.088659,25,"{""C01"": 1.057283, ""C02"": 1.06586, ""C03"": 1.068886, ""C04"": 1.074346, ""C05"": 1.089077, ""C06"": 1.061574, ""C07"": 1.069316, ""C08"": 1.063283, ""C09"": 1.07186, ""C10"": 1.434196, ""C11"": 1.355451, ""C12"": 1.398891, ""C13"": 1.433494, ""C14"": 1.452389, ""C15"": 1.456098, ""C16"": 1.360937, ""C17"": 1.433455, ""C18"": 1.440196, ""C19"": 1.361451, ""C20"": 2.056121, ""C21"": 1.970226, ""C22"": 1.981237, ""C23"": 2.01338, ""C24"": 1.98692, ""C25"": 2.062121}","{""C01"": 0, ""C02"": 0, ""C03"": 0, ""C04"": 0, ""C05"": 0, ""C06"": 0, ""C07"": 0, ""C08"": 0, ""C09"": 0, ""C10"": 0, ""C11"": 0, ""C12"": 0, ""C13"": 0, ""C14"": 0, ""C15"": 0, ""C16"": 0, ""C17"": 0, ""C18"": 0, ""C19"": 0, ""C20"": 765, ""C21"": 0, ""C22"": 0, ""C23"": 0, ""C24"": 0, ""C25"": 879}","{""C01"": 0.025283862301258606, ""C02"": 0.025283862301258606, ""C03"": 0.025283862301258606, ""C04"": 0.025283862301258606, ""C05"": 0.025283862301258606, ""C06"": 0.025283862301258606, ""C07"": 0.025283862301258606, ""C08"": 0.025283862301258606, ""C09"": 0.025283862301258606, ""C10"": 0.025283862301258606, ""C11"": 0.025283862301258606, ""C12"": 0.025283862301258606, ""C13"": 0.025283862301258606, ""C14"": 0.025283862301258606, ""C15"": 0.025283862301258606, ""C16"": 0.025283862301258606, ""C17"": 0.025283862301258606, ""C18"": 0.025283862301258606, ""C19"": 0.025283862301258606, ""C20"": 0.024840836894977028, ""C21"": 0.025283862301258606, ""C22"": 0.025283862301258606, ""C23"": 0.025283862301258606, ""C24"": 0.025283862301258606, ""C25"": 0.024774821220197366}"
6,6,1,339,3.039951,25,"{""C01"": 1.062953, ""C02"": 1.068722, ""C03"": 1.071678, ""C04"": 1.079837, ""C05"": 1.098768, ""C06"": 1.067606, ""C07"": 1.071342, ""C08"": 1.068953, ""C09"": 1.074722, ""C10"": 1.455294, ""C11"": 1.378648, ""C12"": 1.420082, ""C13"": 1.449517, ""C14"": 1.462515, ""C15"": 1.462369, ""C16"": 1.3843, ""C17"": 1.448659, ""C18"": 1.461294, ""C19"": 1.384648, ""C20"": 2.070663, ""C21"": 1.989727, ""C22"": 2.008321, ""C23"": 2.047106, ""C24"": 2.014109, ""C25"": 2.076663}","{""C01"": 0, ""C02"": 0, ""C03"": 0, ""C04"": 0, ""C05"": 0, ""C06"": 0, ""C07"": 0, ""C08"": 0, ""C09"": 0, ""C10"": 0, ""C11"": 0, ""C12"": 0, ""C13"": 0, ""C14"": 0, ""C15"": 0, ""C16"": 0, ""C17"": 0, ""C18"": 0, ""C19"": 0, ""C20"": 657, ""C21"": 0, ""C22"": 0, ""C23"": 0, ""C24"": 0, ""C25"": 983}","{""C01"": 0.025288425538098333, ""C02"": 0.025288425538098333, ""C03"": 0.025288425538098333, ""C04"": 0.025288425538098333, ""C05"": 0.025288425538098333, ""C06"": 0.025288425538098333, ""C07"": 0.025288425538098333, ""C08"": 0.025288425538098333, ""C09"": 0.025288425538098333, ""C10"": 0.025288425538098333, ""C11"": 0.025288425538098333, ""C12"": 0.025288425538098333, ""C13"": 0.025288425538098333, ""C14"": 0.025288425538098333, ""C15"": 0.025288425538098333, ""C16"": 0.025288425538098333, ""C17"": 0.025288425538098333, ""C18"": 0.025288425538098333, ""C19"": 0.025288425538098333, ""C20"": 0.024907944895056506, ""C21"": 0.025288425538098333, ""C22"": 0.025288425538098333, ""C23"": 0.025288425538098333, ""C24"": 0.025288425538098333, ""C25"": 0.024719156233566617}"
7,7,1,686,6.010929,25,"{""C01"": 1.066769, ""C02"": 1.070614, ""C03"": 1.074559, ""C04"": 1.086153, ""C05"": 1.109351, ""C06"": 1.071659, ""C07"": 1.073422, ""C08"": 1.072769, ""C09"": 1.076614, ""C10"": 1.476594, ""C11"": 1.400593, ""C12"": 1.438689, ""C13"": 1.462371, ""C14"": 1.469906, ""C15"": 1.467158, ""C16"": 1.406292, ""C17"": 1.460675, ""C18"": 1.482594, ""C19"": 1.406593, ""C20"": 2.084755, ""C21"": 2.01008, ""C22"": 2.036345, ""C23"": 2.080604, ""C24"": 2.04213, ""C25"": 2.090755}","{""C01"": 0, ""C02"": 0, ""C03"": 0, ""C04"": 0, ""C05"": 0, ""C06"": 0, ""C07"": 0, ""C08"": 0, ""C09"": 0, ""C10"": 0, ""C11"": 0, ""C12"": 0, ""C13"": 0, ""C14"": 0, ""C15"": 0, ""C16"": 0, ""C17"": 0, ""C18"": 0, ""C19"": 0, ""C20"": 484, ""C21"": 0, ""C22"": 0, ""C23"": 0, ""C24"": 0, ""C25"": 1152}","{""C01"": 0.025292828520698682, ""C02"": 0.025292828520698682, ""C03"": 0.025292828520698682, ""C04"": 0.025292828520698682, ""C05"": 0.025292828520698682, ""C06"": 0.025292828520698682, ""C07"": 0.025292828520698682, ""C08"": 0.025292828520698682, ""C09"": 0.025292828520698682, ""C10"": 0.025292828520698682, ""C11"": 0.025292828520698682, ""C12"": 0.025292828520698682, ""C13"": 0.025292828520698682, ""C14"": 0.025292828520698682, ""C15"": 0.025292828520698682, ""C16"": 0.025292828520698682, ""C17"": 0.025292828520698682, ""C18"": 0.025292828520698682, ""C19"": 0.025292828520698682, ""C20"": 0.02501253532247609, ""C21"": 0.025292828520698682, ""C22"": 0.025292828520698682, ""C23"": 0.025292828520698682, ""C24"": 0.025292828520698682, ""C25"": 0.02462568825223174}"
8,8,1,1380,13.852359,25,"{""C01"": 1.069035, ""C02"": 1.071962, ""C03"": 1.077894, ""C04"": 1.093447, ""C05"": 1.120712, ""C06"": 1.07403, ""C07"": 1.075963, ""C08"": 1.075035, ""C09"": 1.077962, ""C10"": 1.497676, ""C11"": 1.42083, ""C12"": 1.454462, ""C13"": 1.472161, ""C14"": 1.475009, ""C15"": 1.471073, ""C16"": 1.426455, ""C17"": 1.469644, ""C18"": 1.503676, ""C19"": 1.42683, ""C20"": 2.099094, ""C21"": 2.031592, ""C22"": 2.065138, ""C23"": 2.113362, ""C24"": 2.070812, ""C25"": 2.105094}","{""C01"": 0, ""C02"": 0, ""C03"": 0, ""C04"": 0, ""C05"": 0, ""C06"": 0, ""C07"": 0, ""C08"": 0, ""C09"": 0, ""C10"": 0, ""C11"": 0, ""C12"": 0, ""C13"": 0, ""C14"": 0, ""C15"": 0, ""C16"": 0, ""C17"": 0, ""C18"": 0, ""C19"": 0, ""C20"": 0, ""C21"": 0, ""C22"": 0, ""C23"": 1630, ""C24"": 0, ""C25"": 0}","{""C01"": 0.025300348370144693, ""C02"": 0.025300348370144693, ""C03"": 0.025300348370144693, ""C04"": 0.025300348370144693, ""C05"": 0.025300348370144693, ""C06"": 0.025300348370144693, ""C07"": 0.025300348370144693, ""C08"": 0.025300348370144693, ""C09"": 0.025300348370144693, ""C10"": 0.025300348370144693, ""C11"": 0.025300348370144693, ""C12"": 0.025300348370144693, ""C13"": 0.025300348370144693, ""C14"": 0.025300348370144693, ""C15"": 0.025300348370144693, ""C16"": 0.025300348370144693, ""C17"": 0.025300348370144693, ""C18"": 0.025300348370144693, ""C19"": 0.025300348370144693, ""C20"": 0.025300348370144693, ""C21"": 0.025300348370144693, ""C22"": 0.025300348370144693, ""C23"": 0.024356388183735568, ""C24"": 0.025300348370144693, ""C25"": 0.025300348370144693}"
9,9,1,427,5.229593,25,"{""C01"": 1.070119, ""C02"": 1.073188, ""C03"": 1.081982, ""C04"": 1.101769, ""C05"": 1.132651, ""C06"": 1.075082, ""C07"": 1.079306, ""C08"": 1.076119, ""C09"": 1.079188, ""C10"": 1.518075, ""C11"": 1.438943, ""C12"": 1.467263, ""C13"": 1.479123, ""C14"": 1.47835, ""C15"": 1.474714, ""C16"": 1.444375, ""C17"": 1.475838, ""C18"": 1.524075, ""C19"": 1.444943, ""C20"": 2.114251, ""C21"": 2.054387, ""C22"": 2.094373, ""C23"": 2.144807, ""C24"": 2.099832, ""C25"": 2.120251}","{""C01"": 0, ""C02"": 0, ""C03"": 0, ""C04"": 0, ""C05"": 0, ""C06"": 0, ""C07"": 0, ""C08"": 0, ""C09"": 0, ""C10"": 0, ""C11"": 0, ""C12"": 0, ""C13"": 0, ""C14"": 0, ""C15"": 0, ""C16"": 0, ""C17"": 0, ""C18"": 0, ""C19"": 0, ""C20"": 0, ""C21"": 0, ""C22"": 0, ""C23"": 1622, ""C24"": 0, ""C25"": 0}","{""C01"": 0.02530965041970548, ""C02"": 0.02530965041970548, ""C03"": 0.02530965041970548, ""C04"": 0.02530965041970548, ""C05"": 0.02530965041970548, ""C06"": 0.02530965041970548, ""C07"": 0.02530965041970548, ""C08"": 0.02530965041970548, ""C09"": 0.02530965041970548, ""C10"": 0.02530965041970548, ""C11"": 0.02530965041970548, ""C12"": 0.02530965041970548, ""C13"": 0.02530965041970548, ""C14"": 0.02530965041970548, ""C15"": 0.02530965041970548, ""C16"": 0.02530965041970548, ""C17"": 0.02530965041970548, ""C18"": 0.02530965041970548, ""C19"": 0.02530965041970548, ""C20"": 0.02530965041970548, ""C21"": 0.02530965041970548, ""C22"": 0.02530965041970548, ""C23"": 0.02437032385406926, ""C24"": 0.02530965041970548, ""C25"": 0.02530965041970548}"
10,10,1,291,3.750588,25,"{""C01"": 1.070423, ""C02"": 1.074688, ""C03"": 1.08704, ""C04"": 1.111076, ""C05"": 1.144897, ""C06"": 1.075219, ""C07"": 1.083708, ""C08"": 1.076423, ""C09"": 1.080688, ""C10"": 1.537307, ""C11"": 1.454592, ""C12"": 1.477084, ""C13"": 1.48361, ""C14"": 1.480507, ""C15"": 1.478642, ""C16"": 1.459717, ""C17"": 1.479645, ""C18"": 1.543307, ""C19"": 1.460592, ""C20"": 2.130644, ""C21"": 2.078411, ""C22"": 2.123593, ""C23"": 2.174346, ""C24"": 2.128736, ""C25"": 2.136644}","{""C01"": 0, ""C02"": 0, ""C03"": 0, ""C04"": 0, ""C05"": 0, ""C06"": 0, ""C07"": 0, ""C08"": 0, ""C09"": 0, ""C10"": 0, ""C11"": 0, ""C12"": 0, ""C13"": 0, ""C14"": 0, ""C15"": 0, ""C16"": 0, ""C17"": 0, ""C18"": 0, ""C19"": 0, ""C20"": 0, ""C21"": 0, ""C22"": 0, ""C23"": 1615, ""C24"": 0, ""C25"": 0}","{""C01"": 0.025318445043657864, ""C02"": 0.025318445043657864, ""C03"": 0.025318445043657864, ""C04"": 0.025318445043657864, ""C05"": 0.025318445043657864, ""C06"": 0.025318445043657864, ""C07"": 0.025318445043657864, ""C08"": 0.025318445043657864, ""C09"": 0.025318445043657864, ""C10"": 0.025318445043657864, ""C11"": 0.025318445043657864, ""C12"": 0.025318445043657864, ""C13"": 0.025318445043657864, ""C14"": 0.025318445043657864, ""C15"": 0.025318445043657864, ""C16"": 0.025318445043657864, ""C17"": 0.025318445043657864, ""C18"": 0.025318445043657864, ""C19"": 0.025318445043657864, ""C20"": 0.025318445043657864, ""C21"": 0.025318445043657864, ""C22"": 0.025318445043657864, ""C23"": 0.024383172339944883, ""C24"": 0.025318445043657864, ""C25"": 0.025318445043657864}"
11,11,1,252,2.132979,25,"{""C01"": 1.070369, ""C02"": 1.076807, ""C03"": 1.093193, ""C04"": 1.121226, ""C05"": 1.157128, ""C06"": 1.074868, ""C07"": 1.089327, ""C08"": 1.076369, ""C09"": 1.082807, ""C10"": 1.554909, ""C11"": 1.467536, ""C12"": 1.484044, ""C13"": 1.486074, ""C14"": 1.482079, ""C15"": 1.483343, ""C16"": 1.47225, ""C17"": 1.481546, ""C18"": 1.560909, ""C19"": 1.473536, ""C20"": 2.148523, ""C21"": 2.103438, ""C22"": 2.15225, ""C23"": 2.20141, ""C24"": 2.156985, ""C25"": 2.154523}","{""C01"": 0, ""C02"": 0, ""C03"": 0, ""C04"": 0, ""C05"": 0, ""C06"": 0, ""C07"": 0, ""C08"": 0, ""C09"": 0, ""C10"": 0, ""C11"": 0, ""C12"": 0, ""C13"": 0, ""C14"": 0, ""C15"": 0, ""C16"": 0, ""C17"": 0, ""C18"": 0, ""C19"": 0, ""C20"": 0, ""C21"": 0, ""C22"": 0, ""C23"": 1609, ""C24"": 0, ""C25"": 0}","{""C01"": 0.025326542909727398, ""C02"": 0.025326542909727398, ""C03"": 0.025326542909727398, ""C04"": 0.025326542909727398, ""C05"": 0.025326542909727398, ""C06"": 0.025326542909727398, ""C07"": 0.025326542909727398, ""C08"": 0.025326542909727398, ""C09"": 0.025326542909727398, ""C10"": 0.025326542909727398, ""C11"": 0.025326542909727398, ""C12"": 0.025326542909727398, ""C13"": 0.025326542909727398, ""C14"": 0.025326542909727398, ""C15"": 0.025326542909727398, ""C16"": 0.025326542909727398, ""C17"": 0.025326542909727398, ""C18"": 0.025326542909727398, ""C19"": 0.025326542909727398, ""C20"": 0.025326542909727398, ""C21"": 0.025326542909727398, ""C22"": 0.025326542909727398, ""C23"": 0.024394744463348602, ""C24"": 0.025326542909727398, ""C25"": 0.025326542909727398}"
12,12,1,274,3.303614,25,"{""C01"": 1.070367, ""C02"": 1.079823, ""C03"": 1.100468, ""C04"": 1.131998, ""C05"": 1.168991, ""C06"": 1.074451, ""C07"": 1.09622, ""C08"": 1.076367, ""C09"": 1.085823, ""C10"": 1.570467, ""C11"": 1.477651, ""C12"": 1.488392, ""C13"": 1.487044, ""C14"": 1.483647, ""C15"": 1.489206, ""C16"": 1.481862, ""C17"": 1.482094, ""C18"": 1.576467, ""C19"": 1.483651, ""C20"": 2.167956, ""C21"": 2.129092, ""C22"": 2.179744, ""C23"": 2.225496, ""C24"": 2.183986, ""C25"": 2.173956}","{""C01"": 0, ""C02"": 0, ""C03"": 0, ""C04"": 0, ""C05"": 0, ""C06"": 0, ""C07"": 0, ""C08"": 0, ""C09"": 0, ""C10"": 0, ""C11"": 0, ""C12"": 0, ""C13"": 0, ""C14"": 0, ""C15"": 0, ""C16"": 0, ""C17"": 0, ""C18"": 0, ""C19"": 0, ""C20"": 0, ""C21"": 0, ""C22"": 0, ""C23"": 1603, ""C24"": 0, ""C25"": 0}","{""C01"": 0.025333209800409914, ""C02"": 0.025333209800409914, ""C03"": 0.025333209800409914, ""C04"": 0.025333209800409914, ""C05"": 0.025333209800409914, ""C06"": 0.025333209800409914, ""C07"": 0.025333209800409914, ""C08"": 0.025333209800409914, ""C09"": 0.025333209800409914, ""C10"": 0.025333209800409914, ""C11"": 0.025333209800409914, ""C12"": 0.025333209800409914, ""C13"": 0.025333209800409914, ""C14"": 0.025333209800409914, ""C15"": 0.025333209800409914, ""C16"": 0.025333209800409914, ""C17"": 0.025333209800409914, ""C18"": 0.025333209800409914, ""C19"": 0.025333209800409914, ""C20"": 0.025333209800409914, ""C21"": 0.025333209800409914, ""C22"": 0.025333209800409914, ""C23"": 0.024404886835771043, ""C24"": 0.025333209800409914, ""C25"": 0.025333209800409914}"
13,13,1,295,4.337646,25,"{""C01"": 1.070799, ""C02"": 1.083927, ""C03"": 1.108791, ""C04"": 1.143102, ""C05"": 1.18013, ""C06"": 1.074363, ""C07"": 1.104331, ""C08"": 1.076799, ""C09"": 1.089927, ""C10"": 1.583647, ""C11"": 1.484942, ""C12"": 1.490492, ""C13"": 1.487093, ""C14"": 1.48575, ""C15"": 1.496501, ""C16"": 1.488571, ""C17"": 1.481882, ""C18"": 1.589647, ""C19"": 1.490942, ""C20"": 2.188836, ""C21"": 2.154878, ""C22"": 2.205464, ""C23"": 2.246208, ""C24"": 2.209141, ""C25"": 2.194836}","{""C01"": 0, ""C02"": 0, ""C03"": 0, ""C04"": 0, ""C05"": 0, ""C06"": 0, ""C07"": 0, ""C08"": 0, ""C09"": 0, ""C10"": 0, ""C11"": 0, ""C12"": 0, ""C13"": 0, ""C14"": 0, ""C15"": 0, ""C16"": 0, ""C17"": 0, ""C18"": 0, ""C19"": 0, ""C20"": 0, ""C21"": 0, ""C22"": 0, ""C23"": 1599, ""C24"": 0, ""C25"": 0}","{""C01"": 0.02533950148380694, ""C02"": 0.02533950148380694, ""C03"": 0.02533950148380694, ""C04"": 0.02533950148380694, ""C05"": 0.02533950148380694, ""C06"": 0.02533950148380694, ""C07"": 0.02533950148380694, ""C08"": 0.02533950148380694, ""C09"": 0.02533950148380694, ""C10"": 0.02533950148380694, ""C11"": 0.02533950148380694, ""C12"": 0.02533950148380694, ""C13"": 0.02533950148380694, ""C14"": 0.02533950148380694, ""C15"": 0.02533950148380694, ""C16"": 0.02533950148380694, ""C17"": 0.02533950148380694, ""C18"": 0.02533950148380694, ""C19"": 0.02533950148380694, ""C20"": 0.02533950148380694, ""C21"": 0.02533950148380694, ""C22"": 0.02533950148380694, ""C23"": 0.02441349391667681, ""C24"": 0.02533950148380694, ""C25"": 0.02533950148380694}"
14,14,1,384,4.303195,25,"{""C01"": 1.071992, ""C02"": 1.08922, ""C03"": 1.118, ""C04"": 1.154202, ""C05"": 1.190206, ""C06"": 1.074952, ""C07"": 1.113511, ""C08"": 1.077992, ""C09"": 1.09522, ""C10"": 1.594222, ""C11"": 1.489547, ""C12"": 1.490805, ""C13"": 1.486809, ""C14"": 1.488847, ""C15"": 1.505365, ""C16"": 1.492533, ""C17"": 1.481509, ""C18"": 1.600222, ""C19"": 1.495547, ""C20"": 2.210887, ""C21"": 2.180216, ""C22"": 2.228833, ""C23"": 2.26328, ""C24"": 2.231884, ""C25"": 2.216887}","{""C01"": 0, ""C02"": 0, ""C03"": 0, ""C04"": 0, ""C05"": 0, ""C06"": 0, ""C07"": 0, ""C08"": 0, ""C09"": 0, ""C10"": 0, ""C11"": 0, ""C12"": 0, ""C13"": 0, ""C14"": 0, ""C15"": 0, ""C16"": 0, ""C17"": 0, ""C18"": 0, ""C19"": 0, ""C20"": 0, ""C21"": 0, ""C22"": 0, ""C23"": 1595, ""C24"": 0, ""C25"": 0}","{""C01"": 0.02534420094570594, ""C02"": 0.02534420094570594, ""C03"": 0.02534420094570594, ""C04"": 0.02534420094570594, ""C05"": 0.02534420094570594, ""C06"": 0.02534420094570594, ""C07"": 0.02534420094570594, ""C08"": 0.02534420094570594, ""C09"": 0.02534420094570594, ""C10"": 0.02534420094570594, ""C11"": 0.02534420094570594, ""C12"": 0.02534420094570594, ""C13"": 0.02534420094570594, ""C14"": 0.02534420094570594, ""C15"": 0.02534420094570594, ""C16"": 0.02534420094570594, ""C17"": 0.02534420094570594, ""C18"": 0.02534420094570594, ""C19"": 0.02534420094570594, ""C20"": 0.02534420094570594, ""C21"": 0.02534420094570594, ""C22"": 0.02534420094570594, ""C23"": 0.02442051014574115, ""C24"": 0.02534420094570594, ""C25"": 0.02534420094570594}"
15,15,1,452,4.841100,25,"{""C01"": 1.074202, ""C02"": 1.095702, ""C03"": 1.127853, ""C04"": 1.164938, ""C05"": 1.198924, ""C06"": 1.076494, ""C07"": 1.123518, ""C08"": 1.080202, ""C09"": 1.101702, ""C10"": 1.602083, ""C11"": 1.491729, ""C12"": 1.489859, ""C13"": 1.48676, ""C14"": 1.493294, ""C15"": 1.515796, ""C16"": 1.494029, ""C17"": 1.481547, ""C18"": 1.608083, ""C19"": 1.497729, ""C20"": 2.23369, ""C21"": 2.204483, ""C22"": 2.249353, ""C23"": 2.276604, ""C24"": 2.251733, ""C25"": 2.23969}","{""C01"": 0, ""C02"": 0, ""C03"": 0, ""C04"": 0, ""C05"": 0, ""C06"": 0, ""C07"": 0, ""C08"": 0, ""C09"": 0, ""C10"": 0, ""C11"": 0, ""C12"": 0, ""C13"": 0, ""C14"": 0, ""C15"": 0, ""C16"": 0, ""C17"": 0, ""C18"": 0, ""C19"": 0, ""C20"": 0, ""C21"": 0, ""C22"": 0, ""C23"": 1592, ""C24"": 0, ""C25"": 0}","{""C01"": 0.025347891212448417, ""C02"": 0.025347891212448417, ""C03"": 0.025347891212448417, ""C04"": 0.025347891212448417, ""C05"": 0.025347891212448417, ""C06"": 0.025347891212448417, ""C07"": 0.025347891212448417, ""C08"": 0.025347891212448417, ""C09"": 0.025347891212448417, ""C10"": 0.025347891212448417, ""C11"": 0.025347891212448417, ""C12"": 0.025347891212448417, ""C13"": 0.025347891212448417, ""C14"": 0.025347891212448417, ""C15"": 0.025347891212448417, ""C16"": 0.025347891212448417, ""C17"": 0.025347891212448417, ""C18"": 0.025347891212448417, ""C19"": 0.025347891212448417, ""C20"": 0.025347891212448417, ""C21"": 0.025347891212448417, ""C22"": 0.025347891212448417, ""C23"": 0.024425937844711372, ""C24"": 0.025347891212448417, ""C25"": 0.025347891212448417}"
16,16,1,638,6.679468,25,"{""C01"": 1.077599, ""C02"": 1.103278, ""C03"": 1.138043, ""C04"": 1.17495, ""C05"": 1.206047, ""C06"": 1.079184, ""C07"": 1.134038, ""C08"": 1.083599, ""C09"": 1.109278, ""C10"": 1.607254, ""C11"": 1.491864, ""C12"": 1.488227, ""C13"": 1.487459, ""C14"": 1.499328, ""C15"": 1.527659, ""C16"": 1.493455, ""C17"": 1.482504, ""C18"": 1.613254, ""C19"": 1.497864, ""C20"": 2.256716, ""C21"": 2.227058, ""C22"": 2.266635, ""C23"": 2.286239, ""C24"": 2.268312, ""C25"": 2.262716}","{""C01"": 0, ""C02"": 0, ""C03"": 0, ""C04"": 0, ""C05"": 0, ""C06"": 0, ""C07"": 0, ""C08"": 0, ""C09"": 0, ""C10"": 0, ""C11"": 0, ""C12"": 0, ""C13"": 0, ""C14"": 0, ""C15"": 0, ""C16"": 0, ""C17"": 0, ""C18"": 0, ""C19"": 0, ""C20"": 0, ""C21"": 0, ""C22"": 0, ""C23"": 1590, ""C24"": 0, ""C25"": 0}","{""C01"": 0.025350632159017047, ""C02"": 0.025350632159017047, ""C03"": 0.025350632159017047, ""C04"": 0.025350632159017047, ""C05"": 0.025350632159017047, ""C06"": 0.025350632159017047, ""C07"": 0.025350632159017047, ""C08"": 0.025350632159017047, ""C09"": 0.025350632159017047, ""C10"": 0.025350632159017047, ""C11"": 0.025350632159017047, ""C12"": 0.025350632159017047, ""C13"": 0.025350632159017047, ""C14"": 0.025350632159017047, ""C15"": 0.025350632159017047, ""C16"": 0.025350632159017047, ""C17"": 0.025350632159017047, ""C18"": 0.025350632159017047, ""C19"": 0.025350632159017047, ""C20"": 0.025350632159017047, ""C21"": 0.025350632159017047, ""C22"": 0.025350632159017047, ""C23"": 0.02442983683570799, ""C24"": 0.025350632159017047, ""C25"": 0.025350632159017047}"
17,17,1,898,7.898218,25,"{""C01"": 1.082256, ""C02"": 1.111761, ""C03"": 1.148223, ""C04"": 1.1839, ""C05"": 1.211419, ""C06"": 1.08312, ""C07"": 1.144706, ""C08"": 1.088256, ""C09"": 1.117761, ""C10"": 1.609889, ""C11"": 1.49042, ""C12"": 1.486485, ""C13"": 1.489341, ""C14"": 1.50705, ""C15"": 1.540691, ""C16"": 1.491299, ""C17"": 1.484805, ""C18"": 1.615889, ""C19"": 1.49642, ""C20"": 2.279359, ""C21"": 2.247364, ""C22"": 2.28043, ""C23"": 2.292412, ""C24"": 2.28139, ""C25"": 2.285359}","{""C01"": 0, ""C02"": 0, ""C03"": 0, ""C04"": 0, ""C05"": 0, ""C06"": 0, ""C07"": 0, ""C08"": 0, ""C09"": 0, ""C10"": 0, ""C11"": 0, ""C12"": 0, ""C13"": 0, ""C14"": 0, ""C15"": 0, ""C16"": 0, ""C17"": 0, ""C18"": 0, ""C19"": 0, ""C20"": 0, ""C21"": 0, ""C22"": 0, ""C23"": 1264, ""C24"": 0, ""C25"": 325}","{""C01"": 0.025351959460230444, ""C02"": 0.025351959460230444, ""C03"": 0.025351959460230444, ""C04"": 0.025351959460230444, ""C05"": 0.025351959460230444, ""C06"": 0.025351959460230444, ""C07"": 0.025351959460230444, ""C08"": 0.025351959460230444, ""C09"": 0.025351959460230444, ""C10"": 0.025351959460230444, ""C11"": 0.025351959460230444, ""C12"": 0.025351959460230444, ""C13"": 0.025351959460230444, ""C14"": 0.025351959460230444, ""C15"": 0.025351959460230444, ""C16"": 0.025351959460230444, ""C17"": 0.025351959460230444, ""C18"": 0.025351959460230444, ""C19"": 0.025351959460230444, ""C20"": 0.025351959460230444, ""C21"": 0.025351959460230444, ""C22"": 0.025351959460230444, ""C23"": 0.024619957698258685, ""C24"": 0.025351959460230444, ""C25"": 0.02516374605233304}"
18,18,1,653,5.663080,25,"{""C01"": 1.088152, ""C02"": 1.120892, ""C03"": 1.158027, ""C04"": 1.191499, ""C05"": 1.214972, ""C06"": 1.088308, ""C07"": 1.155131, ""C08"": 1.094152, ""C09"": 1.126892, ""C10"": 1.610268, ""C11"": 1.487931, ""C12"": 1.485187, ""C13"": 1.492731, ""C14"": 1.516423, ""C15"": 1.554526, ""C16"": 1.488116, ""C17"": 1.488756, ""C18"": 1.616268, ""C19"": 1.493931, ""C20"": 2.300981, ""C21"": 2.264907, ""C22"": 2.290649, ""C23"": 2.295507, ""C24"": 2.290892, ""C25"": 2.306981}","{""C01"": 0, ""C02"": 0, ""C03"": 0, ""C04"": 0, ""C05"": 0, ""C06"": 0, ""C07"": 0, ""C08"": 0, ""C09"": 0, ""C10"": 0, ""C11"": 0, ""C12"": 0, ""C13"": 0, ""C14"": 0, ""C15"": 0, ""C16"": 0, ""C17"": 0, ""C18"": 0, ""C19"": 0, ""C20"": 497, ""C21"": 0, ""C22"": 0, ""C23"": 0, ""C24"": 0, ""C25"": 1089}","{""C01"": 0.02535588644898991, ""C02"": 0.02535588644898991, ""C03"": 0.02535588644898991, ""C04"": 0.02535588644898991, ""C05"": 0.02535588644898991, ""C06"": 0.02535588644898991, ""C07"": 0.02535588644898991, ""C08"": 0.02535588644898991, ""C09"": 0.02535588644898991, ""C10"": 0.02535588644898991, ""C11"": 0.02535588644898991, ""C12"": 0.02535588644898991, ""C13"": 0.02535588644898991, ""C14"": 0.02535588644898991, ""C15"": 0.02535588644898991, ""C16"": 0.02535588644898991, ""C17"": 0.02535588644898991, ""C18"": 0.02535588644898991, ""C19"": 0.02535588644898991, ""C20"": 0.02506806500843648, ""C21"": 0.02535588644898991, ""C22"": 0.02535588644898991, ""C23"": 0.02535588644898991, ""C24"": 0.02535588644898991, ""C25"": 0.024725230561812712}"
19,19,1,217,2.857783,25,"{""C01"": 1.095167, ""C02"": 1.130349, ""C03"": 1.167093, ""C04"": 1.197523, ""C05"": 1.216734, ""C06"": 1.094651, ""C07"": 1.164918, ""C08"": 1.101167, ""C09"": 1.136349, ""C10"": 1.608781, ""C11"": 1.484965, ""C12"": 1.484825, ""C13"": 1.497833, ""C14"": 1.527278, ""C15"": 1.568718, ""C16"": 1.484494, ""C17"": 1.494537, ""C18"": 1.614781, ""C19"": 1.490965, ""C20"": 2.320952, ""C21"": 2.279312, ""C22"": 2.297374, ""C23"": 2.29605, ""C24"": 2.296917, ""C25"": 2.326952}","{""C01"": 0, ""C02"": 0, ""C03"": 0, ""C04"": 0, ""C05"": 0, ""C06"": 0, ""C07"": 0, ""C08"": 0, ""C09"": 0, ""C10"": 0, ""C11"": 0, ""C12"": 0, ""C13"": 0, ""C14"": 0, ""C15"": 0, ""C16"": 0, ""C17"": 0, ""C18"": 0, ""C19"": 0, ""C20"": 724, ""C21"": 0, ""C22"": 0, ""C23"": 0, ""C24"": 0, ""C25"": 859}","{""C01"": 0.025361736936881388, ""C02"": 0.025361736936881388, ""C03"": 0.025361736936881388, ""C04"": 0.025361736936881388, ""C05"": 0.025361736936881388, ""C06"": 0.025361736936881388, ""C07"": 0.025361736936881388, ""C08"": 0.025361736936881388, ""C09"": 0.025361736936881388, ""C10"": 0.025361736936881388, ""C11"": 0.025361736936881388, ""C12"": 0.025361736936881388, ""C13"": 0.025361736936881388, ""C14"": 0.025361736936881388, ""C15"": 0.025361736936881388, ""C16"": 0.025361736936881388, ""C17"": 0.025361736936881388, ""C18"": 0.025361736936881388, ""C19"": 0.025361736936881388, ""C20"": 0.02494245537590379, ""C21"": 0.025361736936881388, ""C22"": 0.025361736936881388, ""C23"": 0.025361736936881388, ""C24"": 0.025361736936881388, ""C25"": 0.024864277055241947}"
20,20,1,153,1.680744,25,"{""C01"": 1.103096, ""C02"": 1.139777, ""C03"": 1.175087, ""C04"": 1.201826, ""C05"": 1.216825, ""C06"": 1.101971, ""C07"": 1.173694, ""C08"": 1.109096, ""C09"": 1.145777, ""C10"": 1.605906, ""C11"": 1.482091, ""C12"": 1.485808, ""C13"": 1.504714, ""C14"": 1.539325, ""C15"": 1.582768, ""C16"": 1.481021, ""C17"": 1.502185, ""C18"": 1.611906, ""C19"": 1.488091, ""C20"": 2.338698, ""C21"": 2.29035, ""C22"": 2.300853, ""C23"": 2.294672, ""C24"": 2.299729, ""C25"": 2.344698}","{""C01"": 0, ""C02"": 0, ""C03"": 0, ""C04"": 0, ""C05"": 0, ""C06"": 0, ""C07"": 0, ""C08"": 0, ""C09"": 0, ""C10"": 0, ""C11"": 0, ""C12"": 0, ""C13"": 0, ""C14"": 0, ""C15"": 0, ""C16"": 0, ""C17"": 0, ""C18"": 0, ""C19"": 0, ""C20"": 735, ""C21"": 0, ""C22"": 0, ""C23"": 0, ""C24"": 0, ""C25"": 844}","{""C01"": 0.02536637404137157, ""C02"": 0.02536637404137157, ""C03"": 0.02536637404137157, ""C04"": 0.02536637404137157, ""C05"": 0.02536637404137157, ""C06"": 0.02536637404137157, ""C07"": 0.02536637404137157, ""C08"": 0.02536637404137157, ""C09"": 0.02536637404137157, ""C10"": 0.02536637404137157, ""C11"": 0.02536637404137157, ""C12"": 0.02536637404137157, ""C13"": 0.02536637404137157, ""C14"": 0.02536637404137157, ""C15"": 0.02536637404137157, ""C16"": 0.02536637404137157, ""C17"": 0.02536637404137157, ""C18"": 0.02536637404137157, ""C19"": 0.02536637404137157, ""C20"": 0.024940722180434367, ""C21"": 0.02536637404137157, ""C22"": 0.02536637404137157, ""C23"": 0.02536637404137157, ""C24"": 0.02536637404137157, ""C25"": 0.02487760129653171}"
21,21,1,119,1.092404,25,"{""C01"": 1.11166, ""C02"": 1.148803, ""C03"": 1.181728, ""C04"": 1.204358, ""C05"": 1.215455, ""C06"": 1.110009, ""C07"": 1.181139, ""C08"": 1.11766, ""C09"": 1.154803, ""C10"": 1.602178, ""C11"": 1.479845, ""C12"": 1.488431, ""C13"": 1.513304, ""C14"": 1.552172, ""C15"": 1.596161, ""C16"": 1.47825, ""C17"": 1.511595, ""C18"": 1.608178, ""C19"": 1.485845, ""C20"": 2.353737, ""C21"": 2.297957, ""C22"": 2.30149, ""C23"": 2.292081, ""C24"": 2.299747, ""C25"": 2.359737}","{""C01"": 0, ""C02"": 0, ""C03"": 0, ""C04"": 0, ""C05"": 0, ""C06"": 0, ""C07"": 0, ""C08"": 0, ""C09"": 0, ""C10"": 0, ""C11"": 0, ""C12"": 0, ""C13"": 0, ""C14"": 0, ""C15"": 0, ""C16"": 0, ""C17"": 0, ""C18"": 0, ""C19"": 0, ""C20"": 737, ""C21"": 0, ""C22"": 0, ""C23"": 0, ""C24"": 0, ""C25"": 839}","{""C01"": 0.025370487056422655, ""C02"": 0.025370487056422655, ""C03"": 0.025370487056422655, ""C04"": 0.025370487056422655, ""C05"": 0.025370487056422655, ""C06"": 0.025370487056422655, ""C07"": 0.025370487056422655, ""C08"": 0.025370487056422655, ""C09"": 0.025370487056422655, ""C10"": 0.025370487056422655, ""C11"": 0.025370487056422655, ""C12"": 0.025370487056422655, ""C13"": 0.025370487056422655, ""C14"": 0.025370487056422655, ""C15"": 0.025370487056422655, ""C16"": 0.025370487056422655, ""C17"": 0.025370487056422655, ""C18"": 0.025370487056422655, ""C19"": 0.025370487056422655, ""C20"": 0.02494367695912916, ""C21"": 0.025370487056422655, ""C22"": 0.025370487056422655, ""C23"": 0.025370487056422655, ""C24"": 0.025370487056422655, ""C25"": 0.02488460959986226}"
22,22,1,100,0.846820,25,"{""C01"": 1.120528, ""C02"": 1.157066, ""C03"": 1.186803, ""C04"": 1.20516, ""C05"": 1.212908, ""C06"": 1.118454, ""C07"": 1.186995, ""C08"": 1.126528, ""C09"": 1.163066, ""C10"": 1.598164, ""C11"": 1.478702, ""C12"": 1.492866, ""C13"": 1.523402, ""C14"": 1.565354, ""C15"": 1.608398, ""C16"": 1.476671, ""C17"": 1.522532, ""C18"": 1.604164, ""C19"": 1.484702, ""C20"": 2.365711, ""C21"": 2.302237, ""C22"": 2.299824, ""C23"": 2.289015, ""C24"": 2.297523, ""C25"": 2.371711}","{""C01"": 0, ""C02"": 0, ""C03"": 0, ""C04"": 0, ""C05"": 0, ""C06"": 0, ""C07"": 0, ""C08"": 0, ""C09"": 0, ""C10"": 0, ""C11"": 0, ""C12"": 0, ""C13"": 0, ""C14"": 0, ""C15"": 0, ""C16"": 0, ""C17"": 0, ""C18"": 0, ""C19"": 0, ""C20"": 745, ""C21"": 0, ""C22"": 0, ""C23"": 0, ""C24"": 0, ""C25"": 828}","{""C01"": 0.025373362209772432, ""C02"": 0.025373362209772432, ""C03"": 0.025373362209772432, ""C04"": 0.025373362209772432, ""C05"": 0.025373362209772432, ""C06"": 0.025373362209772432, ""C07"": 0.025373362209772432, ""C08"": 0.025373362209772432, ""C09"": 0.025373362209772432, ""C10"": 0.025373362209772432, ""C11"": 0.025373362209772432, ""C12"": 0.025373362209772432, ""C13"": 0.025373362209772432, ""C14"": 0.025373362209772432, ""C15"": 0.025373362209772432, ""C16"": 0.025373362209772432, ""C17"": 0.025373362209772432, ""C18"": 0.025373362209772432, ""C19"": 0.025373362209772432, ""C20"": 0.02494191916705377, ""C21"": 0.025373362209772432, ""C22"": 0.025373362209772432, ""C23"": 0.025373362209772432, ""C24"": 0.025373362209772432, ""C25"": 0.024893855856248037}"
23,23,1,92,0.767302,25,"{""C01"": 1.129334, ""C02"": 1.16424, ""C03"": 1.190183, ""C04"": 1.204368, ""C05"": 1.20953, ""C06"": 1.126955, ""C07"": 1.191094, ""C08"": 1.135334, ""C09"": 1.17024, ""C10"": 1.594423, ""C11"": 1.479041, ""C12"": 1.499147, ""C13"": 1.534692, ""C14"": 1.578363, ""C15"": 1.619029, ""C16"": 1.476676, ""C17"": 1.534641, ""C18"": 1.600423, ""C19"": 1.485041, ""C20"": 2.374414, ""C21"": 2.303461, ""C22"": 2.296497, ""C23"": 2.286203, ""C24"": 2.293712, ""C25"": 2.380414}","{""C01"": 0, ""C02"": 0, ""C03"": 0, ""C04"": 0, ""C05"": 0, ""C06"": 0, ""C07"": 0, ""C08"": 0, ""C09"": 0, ""C10"": 0, ""C11"": 0, ""C12"": 0, ""C13"": 0, ""C14"": 0, ""C15"": 0, ""C16"": 0, ""C17"": 0, ""C18"": 0, ""C19"": 0, ""C20"": 747, ""C21"": 0, ""C22"": 0, ""C23"": 0, ""C24"": 0, ""C25"": 824}","{""C01"": 0.025375543152098626, ""C02"": 0.025375543152098626, ""C03"": 0.025375543152098626, ""C04"": 0.025375543152098626, ""C05"": 0.025375543152098626, ""C06"": 0.025375543152098626, ""C07"": 0.025375543152098626, ""C08"": 0.025375543152098626, ""C09"": 0.025375543152098626, ""C10"": 0.025375543152098626, ""C11"": 0.025375543152098626, ""C12"": 0.025375543152098626, ""C13"": 0.025375543152098626, ""C14"": 0.025375543152098626, ""C15"": 0.025375543152098626, ""C16"": 0.025375543152098626, ""C17"": 0.025375543152098626, ""C18"": 0.025375543152098626, ""C19"": 0.025375543152098626, ""C20"": 0.02494294221357844, ""C21"": 0.025375543152098626, ""C22"": 0.025375543152098626, ""C23"": 0.025375543152098626, ""C24"": 0.025375543152098626, ""C25"": 0.024898353565680823}"
24,24,1,86,1.002197,25,"{""C01"": 1.137705, ""C02"": 1.170051, ""C03"": 1.191831, ""C04"": 1.202206, ""C05"": 1.205705, ""C06"": 1.135149, ""C07"": 1.19336, ""C08"": 1.143705, ""C09"": 1.176051, ""C10"": 1.591477, ""C11"": 1.481132, ""C12"": 1.507173, ""C13"": 1.546759, ""C14"": 1.590678, ""C15"": 1.627681, ""C16"": 1.478545, ""C17"": 1.547473, ""C18"": 1.597477, ""C19"": 1.487132, ""C20"": 2.379807, ""C21"": 2.302056, ""C22"": 2.292216, ""C23"": 2.284322, ""C24"": 2.289032, ""C25"": 2.385807}","{""C01"": 0, ""C02"": 0, ""C03"": 0, ""C04"": 0, ""C05"": 0, ""C06"": 0, ""C07"": 0, ""C08"": 0, ""C09"": 0, ""C10"": 0, ""C11"": 0, ""C12"": 0, ""C13"": 0, ""C14"": 0, ""C15"": 0, ""C16"": 0, ""C17"": 0, ""C18"": 0, ""C19"": 0, ""C20"": 752, ""C21"": 0, ""C22"": 0, ""C23"": 0, ""C24"": 0, ""C25"": 818}","{""C01"": 0.025377020158059704, ""C02"": 0.025377020158059704, ""C03"": 0.025377020158059704, ""C04"": 0.025377020158059704, ""C05"": 0.025377020158059704, ""C06"": 0.025377020158059704, ""C07"": 0.025377020158059704, ""C08"": 0.025377020158059704, ""C09"": 0.025377020158059704, ""C10"": 0.025377020158059704, ""C11"": 0.025377020158059704, ""C12"": 0.025377020158059704, ""C13"": 0.025377020158059704, ""C14"": 0.025377020158059704, ""C15"": 0.025377020158059704, ""C16"": 0.025377020158059704, ""C17"": 0.025377020158059704, ""C18"": 0.025377020158059704, ""C19"": 0.025377020158059704, ""C20"": 0.024941523571486848, ""C21"": 0.025377020158059704, ""C22"": 0.025377020158059704, ""C23"": 0.025377020158059704, ""C24"": 0.025377020158059704, ""C25"": 0.024903305097935313}"
25,25,1,83,1.221377,25,"{""C01"": 1.14528, ""C02"": 1.1743, ""C03"": 1.191805, ""C04"": 1.19897, ""C05"": 1.20183, ""C06"": 1.142683, ""C07"": 1.193819, ""C08"": 1.15128, ""C09"": 1.1803, ""C10"": 1.589778, ""C11"": 1.485113, ""C12"": 1.516714, ""C13"": 1.559124, ""C14"": 1.601803, ""C15"": 1.634086, ""C16"": 1.482421, ""C17"": 1.560514, ""C18"": 1.595778, ""C19"": 1.491113, ""C20"": 2.382019, ""C21"": 2.298574, ""C22"": 2.287715, ""C23"": 2.283953, ""C24"": 2.284227, ""C25"": 2.388019}","{""C01"": 0, ""C02"": 0, ""C03"": 0, ""C04"": 0, ""C05"": 0, ""C06"": 0, ""C07"": 0, ""C08"": 0, ""C09"": 0, ""C10"": 0, ""C11"": 0, ""C12"": 0, ""C13"": 0, ""C14"": 0, ""C15"": 0, ""C16"": 0, ""C17"": 0, ""C18"": 0, ""C19"": 0, ""C20"": 755, ""C21"": 0, ""C22"": 0, ""C23"": 0, ""C24"": 0, ""C25"": 815}","{""C01"": 0.02537786111696297, ""C02"": 0.02537786111696297, ""C03"": 0.02537786111696297, ""C04"": 0.02537786111696297, ""C05"": 0.02537786111696297, ""C06"": 0.02537786111696297, ""C07"": 0.02537786111696297, ""C08"": 0.02537786111696297, ""C09"": 0.02537786111696297, ""C10"": 0.02537786111696297, ""C11"": 0.02537786111696297, ""C12"": 0.02537786111696297, ""C13"": 0.02537786111696297, ""C14"": 0.02537786111696297, ""C15"": 0.02537786111696297, ""C16"": 0.02537786111696297, ""C17"": 0.02537786111696297, ""C18"": 0.02537786111696297, ""C19"": 0.02537786111696297, ""C20"": 0.024940626892462847, ""C21"": 0.02537786111696297, ""C22"": 0.02537786111696297, ""C23"": 0.02537786111696297, ""C24"": 0.02537786111696297, ""C25"": 0.024905882677113113}"
26,26,1,80,1.181529,25,"{""C01"": 1.15174, ""C02"": 1.176872, ""C03"": 1.190259, ""C04"": 1.19501, ""C05"": 1.198298, ""C06"": 1.149238, ""C07"": 1.192599, ""C08"": 1.15774, ""C09"": 1.182872, ""C10"": 1.589682, ""C11"": 1.490988, ""C12"": 1.527427, ""C13"": 1.571267, ""C14"": 1.611297, ""C15"": 1.638096, ""C16"": 1.488312, ""C17"": 1.573215, ""C18"": 1.595682, ""C19"": 1.496988, ""C20"": 2.381348, ""C21"": 2.293668, ""C22"": 2.283706, ""C23"": 2.285556, ""C24"": 2.280014, ""C25"": 2.387348}","{""C01"": 0, ""C02"": 0, ""C03"": 0, ""C04"": 0, ""C05"": 0, ""C06"": 0, ""C07"": 0, ""C08"": 0, ""C09"": 0, ""C10"": 0, ""C11"": 0, ""C12"": 0, ""C13"": 0, ""C14"": 0, ""C15"": 0, ""C16"": 0, ""C17"": 0, ""C18"": 0, ""C19"": 0, ""C20"": 754, ""C21"": 0, ""C22"": 0, ""C23"": 0, ""C24"": 0, ""C25"": 816}","{""C01"": 0.025377606267125527, ""C02"": 0.025377606267125527, ""C03"": 0.025377606267125527, ""C04"": 0.025377606267125527, ""C05"": 0.025377606267125527, ""C06"": 0.025377606267125527, ""C07"": 0.025377606267125527, ""C08"": 0.025377606267125527, ""C09"": 0.025377606267125527, ""C10"": 0.025377606267125527, ""C11"": 0.025377606267125527, ""C12"": 0.025377606267125527, ""C13"": 0.025377606267125527, ""C14"": 0.025377606267125527, ""C15"": 0.025377606267125527, ""C16"": 0.025377606267125527, ""C17"": 0.025377606267125527, ""C18"": 0.025377606267125527, ""C19"": 0.025377606267125527, ""C20"": 0.024940951160803554, ""C21"": 0.025377606267125527, ""C22"": 0.025377606267125527, ""C23"": 0.025377606267125527, ""C24"": 0.025377606267125527, ""C25"": 0.02490504893136498}"
27,27,1,79,1.228074,25,"{""C01"": 1.156824, ""C02"": 1.177749, ""C03"": 1.187427, ""C04"": 1.190714, ""C05"": 1.195469, ""C06"": 1.154551, ""C07"": 1.189918, ""C08"": 1.162824, ""C09"": 1.183749, ""C10"": 1.59143, ""C11"": 1.498624, ""C12"": 1.538879, ""C13"": 1.582668, ""C14"": 1.618803, ""C15"": 1.639695, ""C16"": 1.496085, ""C17"": 1.585031, ""C18"": 1.59743, ""C19"": 1.504624, ""C20"": 2.378241, ""C21"": 2.288045, ""C22"": 2.280845, ""C23"": 2.289434, ""C24"": 2.277054, ""C25"": 2.384241}","{""C01"": 0, ""C02"": 0, ""C03"": 0, ""C04"": 0, ""C05"": 0, ""C06"": 0, ""C07"": 0, ""C08"": 0, ""C09"": 0, ""C10"": 0, ""C11"": 0, ""C12"": 0, ""C13"": 0, ""C14"": 0, ""C15"": 0, ""C16"": 0, ""C17"": 0, ""C18"": 0, ""C19"": 0, ""C20"": 765, ""C21"": 0, ""C22"": 0, ""C23"": 0, ""C24"": 0, ""C25"": 806}","{""C01"": 0.025376983040645062, ""C02"": 0.025376983040645062, ""C03"": 0.025376983040645062, ""C04"": 0.025376983040645062, ""C05"": 0.025376983040645062, ""C06"": 0.025376983040645062, ""C07"": 0.025376983040645062, ""C08"": 0.025376983040645062, ""C09"": 0.025376983040645062, ""C10"": 0.025376983040645062, ""C11"": 0.025376983040645062, ""C12"": 0.025376983040645062, ""C13"": 0.025376983040645062, ""C14"": 0.025376983040645062, ""C15"": 0.025376983040645062, ""C16"": 0.025376983040645062, ""C17"": 0.025376983040645062, ""C18"": 0.025376983040645062, ""C19"": 0.025376983040645062, ""C20"": 0.024933957634363485, ""C21"": 0.025376983040645062, ""C22"": 0.025376983040645062, ""C23"": 0.025376983040645062, ""C24"": 0.025376983040645062, ""C25"": 0.02491021636095192}"
28,28,1,87,0.808137,25,"{""C01"": 1.160344, ""C02"": 1.177005, ""C03"": 1.183617, ""C04"": 1.186478, ""C05"": 1.193647, ""C06"": 1.158424, ""C07"": 1.186074, ""C08"": 1.166344, ""C09"": 1.183005, ""C10"": 1.595128, ""C11"": 1.507765, ""C12"": 1.550576, ""C13"": 1.592834, ""C14"": 1.624071, ""C15"": 1.639001, ""C16"": 1.505479, ""C17"": 1.595452, ""C18"": 1.601128, ""C19"": 1.513765, ""C20"": 2.373266, ""C21"": 2.282432, ""C22"": 2.279685, ""C23"": 2.295722, ""C24"": 2.275903, ""C25"": 2.379266}","{""C01"": 0, ""C02"": 0, ""C03"": 0, ""C04"": 0, ""C05"": 0, ""C06"": 0, ""C07"": 0, ""C08"": 0, ""C09"": 0, ""C10"": 0, ""C11"": 0, ""C12"": 0, ""C13"": 0, ""C14"": 0, ""C15"": 0, ""C16"": 0, ""C17"": 0, ""C18"": 0, ""C19"": 0, ""C20"": 752, ""C21"": 0, ""C22"": 0, ""C23"": 0, ""C24"": 0, ""C25"": 820}","{""C01"": 0.025375676388053728, ""C02"": 0.025375676388053728, ""C03"": 0.025375676388053728, ""C04"": 0.025375676388053728, ""C05"": 0.025375676388053728, ""C06"": 0.025375676388053728, ""C07"": 0.025375676388053728, ""C08"": 0.025375676388053728, ""C09"": 0.025375676388053728, ""C10"": 0.025375676388053728, ""C11"": 0.025375676388053728, ""C12"": 0.025375676388053728, ""C13"": 0.025375676388053728, ""C14"": 0.025375676388053728, ""C15"": 0.025375676388053728, ""C16"": 0.025375676388053728, ""C17"": 0.025375676388053728, ""C18"": 0.025375676388053728, ""C19"": 0.025375676388053728, ""C20"": 0.024940179518088045, ""C21"": 0.025375676388053728, ""C22"": 0.025375676388053728, ""C23"": 0.025375676388053728, ""C24"": 0.025375676388053728, ""C25"": 0.024900802064736847}"
29,29,1,104,0.863101,25,"{""C01"": 1.162204, ""C02"": 1.174808, ""C03"": 1.179187, ""C04"": 1.182687, ""C05"": 1.193069, ""C06"": 1.16075, ""C07"": 1.181428, ""C08"": 1.168204, ""C09"": 1.180808, ""C10"": 1.60075, ""C11"": 1.518043, ""C12"": 1.561993, ""C13"": 1.601336, ""C14"": 1.626976, ""C15"": 1.636259, ""C16"": 1.516119, ""C17"": 1.604036, ""C18"": 1.60675, ""C19"": 1.524043, ""C20"": 2.367084, ""C21"": 2.27753, ""C22"": 2.280649, ""C23"": 2.304382, ""C24"": 2.276984, ""C25"": 2.373084}","{""C01"": 0, ""C02"": 0, ""C03"": 0, ""C04"": 0, ""C05"": 0, ""C06"": 0, ""C07"": 0, ""C08"": 0, ""C09"": 0, ""C10"": 0, ""C11"": 0, ""C12"": 0, ""C13"": 0, ""C14"": 0, ""C15"": 0, ""C16"": 0, ""C17"": 0, ""C18"": 0, ""C19"": 0, ""C20"": 756, ""C21"": 0, ""C22"": 0, ""C23"": 0, ""C24"": 0, ""C25"": 817}","{""C01"": 0.025373874984302686, ""C02"": 0.025373874984302686, ""C03"": 0.025373874984302686, ""C04"": 0.025373874984302686, ""C05"": 0.025373874984302686, ""C06"": 0.025373874984302686, ""C07"": 0.025373874984302686, ""C08"": 0.025373874984302686, ""C09"": 0.025373874984302686, ""C10"": 0.025373874984302686, ""C11"": 0.025373874984302686, ""C12"": 0.025373874984302686, ""C13"": 0.025373874984302686, ""C14"": 0.025373874984302686, ""C15"": 0.025373874984302686, ""C16"": 0.025373874984302686, ""C17"": 0.025373874984302686, ""C18"": 0.025373874984302686, ""C19"": 0.025373874984302686, ""C20"": 0.02493606164162442, ""C21"": 0.025373874984302686, ""C22"": 0.025373874984302686, ""C23"": 0.025373874984302686, ""C24"": 0.025373874984302686, ""C25"": 0.024900738509616716}"
30,30,1,128,1.055395,25,"{""C01"": 1.162401, ""C02"": 1.171408, ""C03"": 1.174524, ""C04"": 1.17969, ""C05"": 1.193883, ""C06"": 1.161508, ""C07"": 1.176379, ""C08"": 1.168401, ""C09"": 1.177408, ""C10"": 1.608135, ""C11"": 1.529008, ""C12"": 1.572607, ""C13"": 1.607834, ""C14"": 1.627526, ""C15"": 1.631828, ""C16"": 1.527545, ""C17"": 1.61044, ""C18"": 1.614135, ""C19"": 1.535008, ""C20"": 2.360405, ""C21"": 2.273968, ""C22"": 2.284004, ""C23"": 2.3152, ""C24"": 2.28056, ""C25"": 2.366405}","{""C01"": 0, ""C02"": 0, ""C03"": 0, ""C04"": 0, ""C05"": 0, ""C06"": 0, ""C07"": 0, ""C08"": 0, ""C09"": 0, ""C10"": 0, ""C11"": 0, ""C12"": 0, ""C13"": 0, ""C14"": 0, ""C15"": 0, ""C16"": 0, ""C17"": 0, ""C18"": 0, ""C19"": 0, ""C20"": 739, ""C21"": 0, ""C22"": 0, ""C23"": 0, ""C24"": 0, ""C25"": 835}","{""C01"": 0.025371904186401728, ""C02"": 0.025371904186401728, ""C03"": 0.025371904186401728, ""C04"": 0.025371904186401728, ""C05"": 0.025371904186401728, ""C06"": 0.025371904186401728, ""C07"": 0.025371904186401728, ""C08"": 0.025371904186401728, ""C09"": 0.025371904186401728, ""C10"": 0.025371904186401728, ""C11"": 0.025371904186401728, ""C12"": 0.025371904186401728, ""C13"": 0.025371904186401728, ""C14"": 0.025371904186401728, ""C15"": 0.025371904186401728, ""C16"": 0.025371904186401728, ""C17"": 0.025371904186401728, ""C18"": 0.025371904186401728, ""C19"": 0.025371904186401728, ""C20"": 0.024943936139738852, ""C21"": 0.025371904186401728, ""C22"": 0.025371904186401728, ""C23"": 0.025371904186401728, ""C24"": 0.025371904186401728, ""C25"": 0.024888344168283245}"
31,31,1,199,1.965166,25,"{""C01"": 1.161028, ""C02"": 1.167122, ""C03"": 1.170025, ""C04"": 1.177779, ""C05"": 1.196143, ""C06"": 1.160772, ""C07"": 1.171343, ""C08"": 1.167028, ""C09"": 1.173122, ""C10"": 1.616998, ""C11"": 1.540154, ""C12"": 1.581935, ""C13"": 1.612098, ""C14"": 1.625861, ""C15"": 1.626159, ""C16"": 1.539237, ""C17"": 1.614439, ""C18"": 1.622998, ""C19"": 1.546154, ""C20"": 2.353949, ""C21"": 2.272273, ""C22"": 2.289845, ""C23"": 2.327807, ""C24"": 2.286722, ""C25"": 2.359949}","{""C01"": 0, ""C02"": 0, ""C03"": 0, ""C04"": 0, ""C05"": 0, ""C06"": 0, ""C07"": 0, ""C08"": 0, ""C09"": 0, ""C10"": 0, ""C11"": 0, ""C12"": 0, ""C13"": 0, ""C14"": 0, ""C15"": 0, ""C16"": 0, ""C17"": 0, ""C18"": 0, ""C19"": 0, ""C20"": 700, ""C21"": 0, ""C22"": 0, ""C23"": 0, ""C24"": 0, ""C25"": 876}","{""C01"": 0.02537062392241507, ""C02"": 0.02537062392241507, ""C03"": 0.02537062392241507, ""C04"": 0.02537062392241507, ""C05"": 0.02537062392241507, ""C06"": 0.02537062392241507, ""C07"": 0.02537062392241507, ""C08"": 0.02537062392241507, ""C09"": 0.02537062392241507, ""C10"": 0.02537062392241507, ""C11"": 0.02537062392241507, ""C12"": 0.02537062392241507, ""C13"": 0.02537062392241507, ""C14"": 0.02537062392241507, ""C15"": 0.02537062392241507, ""C16"": 0.02537062392241507, ""C17"": 0.02537062392241507, ""C18"": 0.02537062392241507, ""C19"": 0.02537062392241507, ""C20"": 0.02496524119771297, ""C21"": 0.02537062392241507, ""C22"": 0.02537062392241507, ""C23"": 0.02537062392241507, ""C24"": 0.02537062392241507, ""C25"": 0.02486331886920446}"
32,32,1,547,5.971086,25,"{""C01"": 1.158268, ""C02"": 1.162313, ""C03"": 1.166067, ""C04"": 1.17717, ""C05"": 1.199807, ""C06"": 1.158701, ""C07"": 1.166726, ""C08"": 1.164268, ""C09"": 1.168313, ""C10"": 1.626952, ""C11"": 1.550951, ""C12"": 1.58956, ""C13"": 1.614027, ""C14"": 1.62225, ""C15"": 1.619768, ""C16"": 1.55065, ""C17"": 1.615943, ""C18"": 1.632952, ""C19"": 1.556951, ""C20"": 2.3484, ""C21"": 2.272832, ""C22"": 2.298091, ""C23"": 2.341704, ""C24"": 2.295382, ""C25"": 2.3544}","{""C01"": 0, ""C02"": 0, ""C03"": 0, ""C04"": 0, ""C05"": 0, ""C06"": 0, ""C07"": 0, ""C08"": 0, ""C09"": 0, ""C10"": 0, ""C11"": 0, ""C12"": 0, ""C13"": 0, ""C14"": 0, ""C15"": 0, ""C16"": 0, ""C17"": 0, ""C18"": 0, ""C19"": 0, ""C20"": 529, ""C21"": 0, ""C22"": 0, ""C23"": 0, ""C24"": 0, ""C25"": 1047}","{""C01"": 0.02536872144645301, ""C02"": 0.02536872144645301, ""C03"": 0.02536872144645301, ""C04"": 0.02536872144645301, ""C05"": 0.02536872144645301, ""C06"": 0.02536872144645301, ""C07"": 0.02536872144645301, ""C08"": 0.02536872144645301, ""C09"": 0.02536872144645301, ""C10"": 0.02536872144645301, ""C11"": 0.02536872144645301, ""C12"": 0.02536872144645301, ""C13"": 0.02536872144645301, ""C14"": 0.02536872144645301, ""C15"": 0.02536872144645301, ""C16"": 0.02536872144645301, ""C17"": 0.02536872144645301, ""C18"": 0.02536872144645301, ""C19"": 0.02536872144645301, ""C20"": 0.025062368209492095, ""C21"": 0.02536872144645301, ""C22"": 0.02536872144645301, ""C23"": 0.02536872144645301, ""C24"": 0.02536872144645301, ""C25"": 0.02476238837662721}"
33,33,1,559,4.697724,25,"{""C01"": 1.154384, ""C02"": 1.157373, ""C03"": 1.162987, ""C04"": 1.177993, ""C05"": 1.204739, ""C06"": 1.155534, ""C07"": 1.1629, ""C08"": 1.160384, ""C09"": 1.163373, ""C10"": 1.637529, ""C11"": 1.56088, ""C12"": 1.59516, ""C13"": 1.613652, ""C14"": 1.617067, ""C15"": 1.613204, ""C16"": 1.561247, ""C17"": 1.615001, ""C18"": 1.643529, ""C19"": 1.56688, ""C20"": 2.344367, ""C21"": 2.275875, ""C22"": 2.308494, ""C23"": 2.356288, ""C24"": 2.306282, ""C25"": 2.350367}","{""C01"": 0, ""C02"": 0, ""C03"": 0, ""C04"": 0, ""C05"": 0, ""C06"": 0, ""C07"": 0, ""C08"": 0, ""C09"": 0, ""C10"": 0, ""C11"": 0, ""C12"": 0, ""C13"": 0, ""C14"": 0, ""C15"": 0, ""C16"": 0, ""C17"": 0, ""C18"": 0, ""C19"": 0, ""C20"": 0, ""C21"": 0, ""C22"": 0, ""C23"": 1048, ""C24"": 0, ""C25"": 528}","{""C01"": 0.025369467231534742, ""C02"": 0.025369467231534742, ""C03"": 0.025369467231534742, ""C04"": 0.025369467231534742, ""C05"": 0.025369467231534742, ""C06"": 0.025369467231534742, ""C07"": 0.025369467231534742, ""C08"": 0.025369467231534742, ""C09"": 0.025369467231534742, ""C10"": 0.025369467231534742, ""C11"": 0.025369467231534742, ""C12"": 0.025369467231534742, ""C13"": 0.025369467231534742, ""C14"": 0.025369467231534742, ""C15"": 0.025369467231534742, ""C16"": 0.025369467231534742, ""C17"": 0.025369467231534742, ""C18"": 0.025369467231534742, ""C19"": 0.025369467231534742, ""C20"": 0.025369467231534742, ""C21"": 0.025369467231534742, ""C22"": 0.025369467231534742, ""C23"": 0.02476255436612287, ""C24"": 0.025369467231534742, ""C25"": 0.025063692833473733}"
34,34,1,510,4.312841,25,"{""C01"": 1.149703, ""C02"": 1.152692, ""C03"": 1.161061, ""C04"": 1.18028, ""C05"": 1.210716, ""C06"": 1.151571, ""C07"": 1.16018, ""C08"": 1.155703, ""C09"": 1.158692, ""C10"": 1.648214, ""C11"": 1.569464, ""C12"": 1.598527, ""C13"": 1.61114, ""C14"": 1.610778, ""C15"": 1.607016, ""C16"": 1.570531, ""C17"": 1.611807, ""C18"": 1.654214, ""C19"": 1.575464, ""C20"": 2.342345, ""C21"": 2.281457, ""C22"": 2.320652, ""C23"": 2.3709, ""C24"": 2.319009, ""C25"": 2.348345}","{""C01"": 0, ""C02"": 0, ""C03"": 0, ""C04"": 0, ""C05"": 0, ""C06"": 0, ""C07"": 0, ""C08"": 0, ""C09"": 0, ""C10"": 0, ""C11"": 0, ""C12"": 0, ""C13"": 0, ""C14"": 0, ""C15"": 0, ""C16"": 0, ""C17"": 0, ""C18"": 0, ""C19"": 0, ""C20"": 0, ""C21"": 0, ""C22"": 0, ""C23"": 1571, ""C24"": 0, ""C25"": 0}","{""C01"": 0.025372982940680966, ""C02"": 0.025372982940680966, ""C03"": 0.025372982940680966, ""C04"": 0.025372982940680966, ""C05"": 0.025372982940680966, ""C06"": 0.025372982940680966, ""C07"": 0.025372982940680966, ""C08"": 0.025372982940680966, ""C09"": 0.025372982940680966, ""C10"": 0.025372982940680966, ""C11"": 0.025372982940680966, ""C12"": 0.025372982940680966, ""C13"": 0.025372982940680966, ""C14"": 0.025372982940680966, ""C15"": 0.025372982940680966, ""C16"": 0.025372982940680966, ""C17"": 0.025372982940680966, ""C18"": 0.025372982940680966, ""C19"": 0.025372982940680966, ""C20"": 0.025372982940680966, ""C21"": 0.025372982940680966, ""C22"": 0.025372982940680966, ""C23"": 0.024463192241724992, ""C24"": 0.025372982940680966, ""C25"": 0.025372982940680966}"
35,35,1,331,3.003500,25,"{""C01"": 1.144594, ""C02"": 1.148642, ""C03"": 1.160489, ""C04"": 1.18397, ""C05"": 1.217447, ""C06"": 1.147157, ""C07"": 1.158807, ""C08"": 1.150594, ""C09"": 1.154642, ""C10"": 1.658475, ""C11"": 1.576303, ""C12"": 1.599585, ""C13"": 1.606777, ""C14"": 1.603904, ""C15"": 1.601722, ""C16"": 1.578083, ""C17"": 1.606674, ""C18"": 1.664475, ""C19"": 1.582303, ""C20"": 2.342688, ""C21"": 2.28946, ""C22"": 2.334036, ""C23"": 2.384858, ""C24"": 2.333021, ""C25"": 2.348688}","{""C01"": 0, ""C02"": 0, ""C03"": 0, ""C04"": 0, ""C05"": 0, ""C06"": 0, ""C07"": 0, ""C08"": 0, ""C09"": 0, ""C10"": 0, ""C11"": 0, ""C12"": 0, ""C13"": 0, ""C14"": 0, ""C15"": 0, ""C16"": 0, ""C17"": 0, ""C18"": 0, ""C19"": 0, ""C20"": 0, ""C21"": 0, ""C22"": 0, ""C23"": 1569, ""C24"": 0, ""C25"": 0}","{""C01"": 0.025377175350153505, ""C02"": 0.025377175350153505, ""C03"": 0.025377175350153505, ""C04"": 0.025377175350153505, ""C05"": 0.025377175350153505, ""C06"": 0.025377175350153505, ""C07"": 0.025377175350153505, ""C08"": 0.025377175350153505, ""C09"": 0.025377175350153505, ""C10"": 0.025377175350153505, ""C11"": 0.025377175350153505, ""C12"": 0.025377175350153505, ""C13"": 0.025377175350153505, ""C14"": 0.025377175350153505, ""C15"": 0.025377175350153505, ""C16"": 0.025377175350153505, ""C17"": 0.025377175350153505, ""C18"": 0.025377175350153505, ""C19"": 0.025377175350153505, ""C20"": 0.025377175350153505, ""C21"": 0.025377175350153505, ""C22"": 0.025377175350153505, ""C23"": 0.024468541414156462, ""C24"": 0.025377175350153505, ""C25"": 0.025377175350153505}"
36,36,1,270,2.345855,25,"{""C01"": 1.139449, ""C02"": 1.145548, ""C03"": 1.161379, ""C04"": 1.188905, ""C05"": 1.224585, ""C06"": 1.142657, ""C07"": 1.158933, ""C08"": 1.145449, ""C09"": 1.151548, ""C10"": 1.667795, ""C11"": 1.581092, ""C12"": 1.59839, ""C13"": 1.600958, ""C14"": 1.596995, ""C15"": 1.597772, ""C16"": 1.583577, ""C17"": 1.600033, ""C18"": 1.673795, ""C19"": 1.587092, ""C20"": 2.345589, ""C21"": 2.299599, ""C22"": 2.348029, ""C23"": 2.397508, ""C24"": 2.347688, ""C25"": 2.351589}","{""C01"": 0, ""C02"": 0, ""C03"": 0, ""C04"": 0, ""C05"": 0, ""C06"": 0, ""C07"": 0, ""C08"": 0, ""C09"": 0, ""C10"": 0, ""C11"": 0, ""C12"": 0, ""C13"": 0, ""C14"": 0, ""C15"": 0, ""C16"": 0, ""C17"": 0, ""C18"": 0, ""C19"": 0, ""C20"": 0, ""C21"": 0, ""C22"": 0, ""C23"": 1566, ""C24"": 0, ""C25"": 0}","{""C01"": 0.025380249560732857, ""C02"": 0.025380249560732857, ""C03"": 0.025380249560732857, ""C04"": 0.025380249560732857, ""C05"": 0.025380249560732857, ""C06"": 0.025380249560732857, ""C07"": 0.025380249560732857, ""C08"": 0.025380249560732857, ""C09"": 0.025380249560732857, ""C10"": 0.025380249560732857, ""C11"": 0.025380249560732857, ""C12"": 0.025380249560732857, ""C13"": 0.025380249560732857, ""C14"": 0.025380249560732857, ""C15"": 0.025380249560732857, ""C16"": 0.025380249560732857, ""C17"": 0.025380249560732857, ""C18"": 0.025380249560732857, ""C19"": 0.025380249560732857, ""C20"": 0.025380249560732857, ""C21"": 0.025380249560732857, ""C22"": 0.025380249560732857, ""C23"": 0.02447335359623798, ""C24"": 0.025380249560732857, ""C25"": 0.025380249560732857}"
37,37,1,269,2.399950,25,"{""C01"": 1.134656, ""C02"": 1.14367, ""C03"": 1.163745, ""C04"": 1.194848, ""C05"": 1.231757, ""C06"": 1.138437, ""C07"": 1.16061, ""C08"": 1.140656, ""C09"": 1.14967, ""C10"": 1.675709, ""C11"": 1.58365, ""C12"": 1.595131, ""C13"": 1.594158, ""C14"": 1.590597, ""C15"": 1.595527, ""C16"": 1.586812, ""C17"": 1.592395, ""C18"": 1.681709, ""C19"": 1.58965, ""C20"": 2.351063, ""C21"": 2.311441, ""C22"": 2.361958, ""C23"": 2.40826, ""C24"": 2.362321, ""C25"": 2.357063}","{""C01"": 0, ""C02"": 0, ""C03"": 0, ""C04"": 0, ""C05"": 0, ""C06"": 0, ""C07"": 0, ""C08"": 0, ""C09"": 0, ""C10"": 0, ""C11"": 0, ""C12"": 0, ""C13"": 0, ""C14"": 0, ""C15"": 0, ""C16"": 0, ""C17"": 0, ""C18"": 0, ""C19"": 0, ""C20"": 0, ""C21"": 0, ""C22"": 0, ""C23"": 1564, ""C24"": 0, ""C25"": 0}","{""C01"": 0.025383155720843126, ""C02"": 0.025383155720843126, ""C03"": 0.025383155720843126, ""C04"": 0.025383155720843126, ""C05"": 0.025383155720843126, ""C06"": 0.025383155720843126, ""C07"": 0.025383155720843126, ""C08"": 0.025383155720843126, ""C09"": 0.025383155720843126, ""C10"": 0.025383155720843126, ""C11"": 0.025383155720843126, ""C12"": 0.025383155720843126, ""C13"": 0.025383155720843126, ""C14"": 0.025383155720843126, ""C15"": 0.025383155720843126, ""C16"": 0.025383155720843126, ""C17"": 0.025383155720843126, ""C18"": 0.025383155720843126, ""C19"": 0.025383155720843126, ""C20"": 0.025383155720843126, ""C21"": 0.025383155720843126, ""C22"": 0.025383155720843126, ""C23"": 0.024477417648423226, ""C24"": 0.025383155720843126, ""C25"": 0.025383155720843126}"
38,38,1,296,2.565159,25,"{""C01"": 1.130578, ""C02"": 1.143189, ""C03"": 1.167504, ""C04"": 1.201494, ""C05"": 1.238579, ""C06"": 1.13484, ""C07"": 1.163793, ""C08"": 1.136578, ""C09"": 1.149189, ""C10"": 1.681833, ""C11"": 1.583922, ""C12"": 1.590116, ""C13"": 1.586908, ""C14"": 1.585212, ""C15"": 1.595233, ""C16"": 1.587712, ""C17"": 1.584327, ""C18"": 1.687833, ""C19"": 1.589922, ""C20"": 2.358957, ""C21"": 2.324435, ""C22"": 2.37514, ""C23"": 2.416631, ""C24"": 2.376221, ""C25"": 2.364957}","{""C01"": 0, ""C02"": 0, ""C03"": 0, ""C04"": 0, ""C05"": 0, ""C06"": 0, ""C07"": 0, ""C08"": 0, ""C09"": 0, ""C10"": 0, ""C11"": 0, ""C12"": 0, ""C13"": 0, ""C14"": 0, ""C15"": 0, ""C16"": 0, ""C17"": 0, ""C18"": 0, ""C19"": 0, ""C20"": 0, ""C21"": 0, ""C22"": 0, ""C23"": 1562, ""C24"": 0, ""C25"": 0}","{""C01"": 0.025385144526385836, ""C02"": 0.025385144526385836, ""C03"": 0.025385144526385836, ""C04"": 0.025385144526385836, ""C05"": 0.025385144526385836, ""C06"": 0.025385144526385836, ""C07"": 0.025385144526385836, ""C08"": 0.025385144526385836, ""C09"": 0.025385144526385836, ""C10"": 0.025385144526385836, ""C11"": 0.025385144526385836, ""C12"": 0.025385144526385836, ""C13"": 0.025385144526385836, ""C14"": 0.025385144526385836, ""C15"": 0.025385144526385836, ""C16"": 0.025385144526385836, ""C17"": 0.025385144526385836, ""C18"": 0.025385144526385836, ""C19"": 0.025385144526385836, ""C20"": 0.025385144526385836, ""C21"": 0.025385144526385836, ""C22"": 0.025385144526385836, ""C23"": 0.024480565156233414, ""C24"": 0.025385144526385836, ""C25"": 0.025385144526385836}"
39,39,1,373,3.300001,25,"{""C01"": 1.127526, ""C02"": 1.144194, ""C03"": 1.17248, ""C04"": 1.208487, ""C05"": 1.244687, ""C06"": 1.132158, ""C07"": 1.168336, ""C08"": 1.133526, ""C09"": 1.150194, ""C10"": 1.685883, ""C11"": 1.581992, ""C12"": 1.583757, ""C13"": 1.579755, ""C14"": 1.581274, ""C15"": 1.597006, ""C16"": 1.586345, ""C17"": 1.576412, ""C18"": 1.691883, ""C19"": 1.587992, ""C20"": 2.368949, ""C21"": 2.337944, ""C22"": 2.386929, ""C23"": 2.422272, ""C24"": 2.388726, ""C25"": 2.374949}","{""C01"": 0, ""C02"": 0, ""C03"": 0, ""C04"": 0, ""C05"": 0, ""C06"": 0, ""C07"": 0, ""C08"": 0, ""C09"": 0, ""C10"": 0, ""C11"": 0, ""C12"": 0, ""C13"": 0, ""C14"": 0, ""C15"": 0, ""C16"": 0, ""C17"": 0, ""C18"": 0, ""C19"": 0, ""C20"": 0, ""C21"": 0, ""C22"": 0, ""C23"": 1561, ""C24"": 0, ""C25"": 0}","{""C01"": 0.02538667866693768, ""C02"": 0.02538667866693768, ""C03"": 0.02538667866693768, ""C04"": 0.02538667866693768, ""C05"": 0.02538667866693768, ""C06"": 0.02538667866693768, ""C07"": 0.02538667866693768, ""C08"": 0.02538667866693768, ""C09"": 0.02538667866693768, ""C10"": 0.02538667866693768, ""C11"": 0.02538667866693768, ""C12"": 0.02538667866693768, ""C13"": 0.02538667866693768, ""C14"": 0.02538667866693768, ""C15"": 0.02538667866693768, ""C16"": 0.02538667866693768, ""C17"": 0.02538667866693768, ""C18"": 0.02538667866693768, ""C19"": 0.02538667866693768, ""C20"": 0.02538667866693768, ""C21"": 0.02538667866693768, ""C22"": 0.02538667866693768, ""C23"": 0.02448267817057098, ""C24"": 0.02538667866693768, ""C25"": 0.02538667866693768}"
40,40,1,477,4.156576,25,"{""C01"": 1.125746, ""C02"": 1.146679, ""C03"": 1.178421, ""C04"": 1.21545, ""C05"": 1.249757, ""C06"": 1.130624, ""C07"": 1.174009, ""C08"": 1.131746, ""C09"": 1.152679, ""C10"": 1.687701, ""C11"": 1.578071, ""C12"": 1.576542, ""C13"": 1.573238, ""C14"": 1.579121, ""C15"": 1.60083, ""C16"": 1.582904, ""C17"": 1.569223, ""C18"": 1.693701, ""C19"": 1.584071, ""C20"": 2.38058, ""C21"": 2.351288, ""C22"": 2.39675, ""C23"": 2.424992, ""C24"": 2.399245, ""C25"": 2.38658}","{""C01"": 0, ""C02"": 0, ""C03"": 0, ""C04"": 0, ""C05"": 0, ""C06"": 0, ""C07"": 0, ""C08"": 0, ""C09"": 0, ""C10"": 0, ""C11"": 0, ""C12"": 0, ""C13"": 0, ""C14"": 0, ""C15"": 0, ""C16"": 0, ""C17"": 0, ""C18"": 0, ""C19"": 0, ""C20"": 0, ""C21"": 0, ""C22"": 0, ""C23"": 1560, ""C24"": 0, ""C25"": 0}","{""C01"": 0.0253871152207365, ""C02"": 0.0253871152207365, ""C03"": 0.0253871152207365, ""C04"": 0.0253871152207365, ""C05"": 0.0253871152207365, ""C06"": 0.0253871152207365, ""C07"": 0.0253871152207365, ""C08"": 0.0253871152207365, ""C09"": 0.0253871152207365, ""C10"": 0.0253871152207365, ""C11"": 0.0253871152207365, ""C12"": 0.0253871152207365, ""C13"": 0.0253871152207365, ""C14"": 0.0253871152207365, ""C15"": 0.0253871152207365, ""C16"": 0.0253871152207365, ""C17"": 0.0253871152207365, ""C18"": 0.0253871152207365, ""C19"": 0.0253871152207365, ""C20"": 0.0253871152207365, ""C21"": 0.0253871152207365, ""C22"": 0.0253871152207365, ""C23"": 0.024483694569922606, ""C24"": 0.0253871152207365, ""C25"": 0.0253871152207365}"
41,41,1,664,5.760518,25,"{""C01"": 1.125401, ""C02"": 1.15054, ""C03"": 1.185008, ""C04"": 1.222, ""C05"": 1.253524, ""C06"": 1.130393, ""C07"": 1.180508, ""C08"": 1.131401, ""C09"": 1.15654, ""C10"": 1.687259, ""C11"": 1.572489, ""C12"": 1.569003, ""C13"": 1.567848, ""C14"": 1.578972, ""C15"": 1.606551, ""C16"": 1.577707, ""C17"": 1.56328, ""C18"": 1.693259, ""C19"": 1.578489, ""C20"": 2.393273, ""C21"": 2.363786, ""C22"": 2.404143, ""C23"": 2.424771, ""C24"": 2.407303, ""C25"": 2.399273}","{""C01"": 0, ""C02"": 0, ""C03"": 0, ""C04"": 0, ""C05"": 0, ""C06"": 0, ""C07"": 0, ""C08"": 0, ""C09"": 0, ""C10"": 0, ""C11"": 0, ""C12"": 0, ""C13"": 0, ""C14"": 0, ""C15"": 0, ""C16"": 0, ""C17"": 0, ""C18"": 0, ""C19"": 0, ""C20"": 0, ""C21"": 0, ""C22"": 0, ""C23"": 1560, ""C24"": 0, ""C25"": 0}","{""C01"": 0.025387032590684783, ""C02"": 0.025387032590684783, ""C03"": 0.025387032590684783, ""C04"": 0.025387032590684783, ""C05"": 0.025387032590684783, ""C06"": 0.025387032590684783, ""C07"": 0.025387032590684783, ""C08"": 0.025387032590684783, ""C09"": 0.025387032590684783, ""C10"": 0.025387032590684783, ""C11"": 0.025387032590684783, ""C12"": 0.025387032590684783, ""C13"": 0.025387032590684783, ""C14"": 0.025387032590684783, ""C15"": 0.025387032590684783, ""C16"": 0.025387032590684783, ""C17"": 0.025387032590684783, ""C18"": 0.025387032590684783, ""C19"": 0.025387032590684783, ""C20"": 0.025387032590684783, ""C21"": 0.025387032590684783, ""C22"": 0.025387032590684783, ""C23"": 0.024483612013057553, ""C24"": 0.025387032590684783, ""C25"": 0.025387032590684783}"
42,42,1,1548,13.690152,25,"{""C01"": 1.126559, ""C02"": 1.155585, ""C03"": 1.191879, ""C04"": 1.227778, ""C05"": 1.255804, ""C06"": 1.131529, ""C07"": 1.187475, ""C08"": 1.132559, ""C09"": 1.161585, ""C10"": 1.684665, ""C11"": 1.565673, ""C12"": 1.561691, ""C13"": 1.563999, ""C14"": 1.580917, ""C15"": 1.613895, ""C16"": 1.571168, ""C17"": 1.559022, ""C18"": 1.690665, ""C19"": 1.571673, ""C20"": 2.40638, ""C21"": 2.374799, ""C22"": 2.408785, ""C23"": 2.42176, ""C24"": 2.412562, ""C25"": 2.41238}","{""C01"": 0, ""C02"": 0, ""C03"": 0, ""C04"": 0, ""C05"": 0, ""C06"": 0, ""C07"": 0, ""C08"": 0, ""C09"": 0, ""C10"": 0, ""C11"": 0, ""C12"": 0, ""C13"": 0, ""C14"": 0, ""C15"": 0, ""C16"": 0, ""C17"": 0, ""C18"": 0, ""C19"": 0, ""C20"": 0, ""C21"": 0, ""C22"": 0, ""C23"": 1561, ""C24"": 0, ""C25"": 0}","{""C01"": 0.025386486960055646, ""C02"": 0.025386486960055646, ""C03"": 0.025386486960055646, ""C04"": 0.025386486960055646, ""C05"": 0.025386486960055646, ""C06"": 0.025386486960055646, ""C07"": 0.025386486960055646, ""C08"": 0.025386486960055646, ""C09"": 0.025386486960055646, ""C10"": 0.025386486960055646, ""C11"": 0.025386486960055646, ""C12"": 0.025386486960055646, ""C13"": 0.025386486960055646, ""C14"": 0.025386486960055646, ""C15"": 0.025386486960055646, ""C16"": 0.025386486960055646, ""C17"": 0.025386486960055646, ""C18"": 0.025386486960055646, ""C19"": 0.025386486960055646, ""C20"": 0.025386486960055646, ""C21"": 0.025386486960055646, ""C22"": 0.025386486960055646, ""C23"": 0.024482486633374337, ""C24"": 0.025386486960055646, ""C25"": 0.025386486960055646}"
43,43,1,1003,8.644781,25,"{""C01"": 1.129193, ""C02"": 1.161545, ""C03"": 1.198652, ""C04"": 1.232469, ""C05"": 1.256497, ""C06"": 1.134005, ""C07"": 1.194524, ""C08"": 1.135193, ""C09"": 1.167545, ""C10"": 1.680154, ""C11"": 1.558121, ""C12"": 1.555135, ""C13"": 1.562005, ""C14"": 1.584908, ""C15"": 1.622478, ""C16"": 1.563778, ""C17"": 1.556781, ""C18"": 1.686154, ""C19"": 1.564121, ""C20"": 2.419213, ""C21"": 2.383772, ""C22"": 2.410518, ""C23"": 2.416277, ""C24"": 2.414848, ""C25"": 2.425213}","{""C01"": 0, ""C02"": 0, ""C03"": 0, ""C04"": 0, ""C05"": 0, ""C06"": 0, ""C07"": 0, ""C08"": 0, ""C09"": 0, ""C10"": 0, ""C11"": 0, ""C12"": 0, ""C13"": 0, ""C14"": 0, ""C15"": 0, ""C16"": 0, ""C17"": 0, ""C18"": 0, ""C19"": 0, ""C20"": 330, ""C21"": 0, ""C22"": 0, ""C23"": 121, ""C24"": 0, ""C25"": 1110}","{""C01"": 0.02538704540845904, ""C02"": 0.02538704540845904, ""C03"": 0.02538704540845904, ""C04"": 0.02538704540845904, ""C05"": 0.02538704540845904, ""C06"": 0.02538704540845904, ""C07"": 0.02538704540845904, ""C08"": 0.02538704540845904, ""C09"": 0.02538704540845904, ""C10"": 0.02538704540845904, ""C11"": 0.02538704540845904, ""C12"": 0.02538704540845904, ""C13"": 0.02538704540845904, ""C14"": 0.02538704540845904, ""C15"": 0.02538704540845904, ""C16"": 0.02538704540845904, ""C17"": 0.02538704540845904, ""C18"": 0.02538704540845904, ""C19"": 0.02538704540845904, ""C20"": 0.025195936870090963, ""C21"": 0.02538704540845904, ""C22"": 0.02538704540845904, ""C23"": 0.025316972108903393, ""C24"": 0.02538704540845904, ""C25"": 0.024744228291995796}"
44,44,1,313,4.425622,25,"{""C01"": 1.133182, ""C02"": 1.168091, ""C03"": 1.204948, ""C04"": 1.235824, ""C05"": 1.255604, ""C06"": 1.137706, ""C07"": 1.20126, ""C08"": 1.139182, ""C09"": 1.174091, ""C10"": 1.674076, ""C11"": 1.550372, ""C12"": 1.54981, ""C13"": 1.56206, ""C14"": 1.590768, ""C15"": 1.631837, ""C16"": 1.556071, ""C17"": 1.55676, ""C18"": 1.680076, ""C19"": 1.556372, ""C20"": 2.431095, ""C21"": 2.390268, ""C22"": 2.409353, ""C23"": 2.408781, ""C24"": 2.414163, ""C25"": 2.437095}","{""C01"": 0, ""C02"": 0, ""C03"": 0, ""C04"": 0, ""C05"": 0, ""C06"": 0, ""C07"": 0, ""C08"": 0, ""C09"": 0, ""C10"": 0, ""C11"": 0, ""C12"": 0, ""C13"": 0, ""C14"": 0, ""C15"": 0, ""C16"": 0, ""C17"": 0, ""C18"": 0, ""C19"": 0, ""C20"": 652, ""C21"": 0, ""C22"": 0, ""C23"": 0, ""C24"": 0, ""C25"": 907}","{""C01"": 0.02539011126845342, ""C02"": 0.02539011126845342, ""C03"": 0.02539011126845342, ""C04"": 0.02539011126845342, ""C05"": 0.02539011126845342, ""C06"": 0.02539011126845342, ""C07"": 0.02539011126845342, ""C08"": 0.02539011126845342, ""C09"": 0.02539011126845342, ""C10"": 0.02539011126845342, ""C11"": 0.02539011126845342, ""C12"": 0.02539011126845342, ""C13"": 0.02539011126845342, ""C14"": 0.02539011126845342, ""C15"": 0.02539011126845342, ""C16"": 0.02539011126845342, ""C17"": 0.02539011126845342, ""C18"": 0.02539011126845342, ""C19"": 0.02539011126845342, ""C20"": 0.025012526649912943, ""C21"": 0.02539011126845342, ""C22"": 0.02539011126845342, ""C23"": 0.02539011126845342, ""C24"": 0.02539011126845342, ""C25"": 0.02486485503803049}"
45,45,1,192,1.579467,25,"{""C01"": 1.138315, ""C02"": 1.174855, ""C03"": 1.210413, ""C04"": 1.237672, ""C05"": 1.253217, ""C06"": 1.142431, ""C07"": 1.207307, ""C08"": 1.144315, ""C09"": 1.180855, ""C10"": 1.666874, ""C11"": 1.542972, ""C12"": 1.546113, ""C13"": 1.564224, ""C14"": 1.598195, ""C15"": 1.641454, ""C16"": 1.548592, ""C17"": 1.559025, ""C18"": 1.672874, ""C19"": 1.548972, ""C20"": 2.441399, ""C21"": 2.393993, ""C22"": 2.405475, ""C23"": 2.399851, ""C24"": 2.410678, ""C25"": 2.447399}","{""C01"": 0, ""C02"": 0, ""C03"": 0, ""C04"": 0, ""C05"": 0, ""C06"": 0, ""C07"": 0, ""C08"": 0, ""C09"": 0, ""C10"": 0, ""C11"": 0, ""C12"": 0, ""C13"": 0, ""C14"": 0, ""C15"": 0, ""C16"": 0, ""C17"": 0, ""C18"": 0, ""C19"": 0, ""C20"": 703, ""C21"": 0, ""C22"": 0, ""C23"": 0, ""C24"": 0, ""C25"": 854}","{""C01"": 0.02539269675212283, ""C02"": 0.02539269675212283, ""C03"": 0.02539269675212283, ""C04"": 0.02539269675212283, ""C05"": 0.02539269675212283, ""C06"": 0.02539269675212283, ""C07"": 0.02539269675212283, ""C08"": 0.02539269675212283, ""C09"": 0.02539269675212283, ""C10"": 0.02539269675212283, ""C11"": 0.02539269675212283, ""C12"": 0.02539269675212283, ""C13"": 0.02539269675212283, ""C14"": 0.02539269675212283, ""C15"": 0.02539269675212283, ""C16"": 0.02539269675212283, ""C17"": 0.02539269675212283, ""C18"": 0.02539269675212283, ""C19"": 0.02539269675212283, ""C20"": 0.024985577136874448, ""C21"": 0.02539269675212283, ""C22"": 0.02539269675212283, ""C23"": 0.02539269675212283, ""C24"": 0.02539269675212283, ""C25"": 0.024898133856042292}"
46,46,1,138,1.232072,25,"{""C01"": 1.14431, ""C02"": 1.181452, ""C03"": 1.214745, ""C04"": 1.237935, ""C05"": 1.249523, ""C06"": 1.147914, ""C07"": 1.212332, ""C08"": 1.15031, ""C09"": 1.187452, ""C10"": 1.659055, ""C11"": 1.536442, ""C12"": 1.544334, ""C13"": 1.568424, ""C14"": 1.606789, ""C15"": 1.650792, ""C16"": 1.541864, ""C17"": 1.563497, ""C18"": 1.665055, ""C19"": 1.542442, ""C20"": 2.449589, ""C21"": 2.394821, ""C22"": 2.399229, ""C23"": 2.390146, ""C24"": 2.404731, ""C25"": 2.455589}","{""C01"": 0, ""C02"": 0, ""C03"": 0, ""C04"": 0, ""C05"": 0, ""C06"": 0, ""C07"": 0, ""C08"": 0, ""C09"": 0, ""C10"": 0, ""C11"": 0, ""C12"": 0, ""C13"": 0, ""C14"": 0, ""C15"": 0, ""C16"": 0, ""C17"": 0, ""C18"": 0, ""C19"": 0, ""C20"": 724, ""C21"": 0, ""C22"": 0, ""C23"": 0, ""C24"": 0, ""C25"": 832}","{""C01"": 0.025395107568512848, ""C02"": 0.025395107568512848, ""C03"": 0.025395107568512848, ""C04"": 0.025395107568512848, ""C05"": 0.025395107568512848, ""C06"": 0.025395107568512848, ""C07"": 0.025395107568512848, ""C08"": 0.025395107568512848, ""C09"": 0.025395107568512848, ""C10"": 0.025395107568512848, ""C11"": 0.025395107568512848, ""C12"": 0.025395107568512848, ""C13"": 0.025395107568512848, ""C14"": 0.025395107568512848, ""C15"": 0.025395107568512848, ""C16"": 0.025395107568512848, ""C17"": 0.025395107568512848, ""C18"": 0.025395107568512848, ""C19"": 0.025395107568512848, ""C20"": 0.02497582600753525, ""C21"": 0.025395107568512848, ""C22"": 0.025395107568512848, ""C23"": 0.025395107568512848, ""C24"": 0.025395107568512848, ""C25"": 0.02491328429827037}"
47,47,1,112,0.966099,25,"{""C01"": 1.150827, ""C02"": 1.187506, ""C03"": 1.217706, ""C04"": 1.236629, ""C05"": 1.244783, ""C06"": 1.153831, ""C07"": 1.21606, ""C08"": 1.156827, ""C09"": 1.193506, ""C10"": 1.651161, ""C11"": 1.531243, ""C12"": 1.544638, ""C13"": 1.574453, ""C14"": 1.616071, ""C15"": 1.659325, ""C16"": 1.536354, ""C17"": 1.569957, ""C18"": 1.657161, ""C19"": 1.537243, ""C20"": 2.455251, ""C21"": 2.392796, ""C22"": 2.3911, ""C23"": 2.380367, ""C24"": 2.3968, ""C25"": 2.461251}","{""C01"": 0, ""C02"": 0, ""C03"": 0, ""C04"": 0, ""C05"": 0, ""C06"": 0, ""C07"": 0, ""C08"": 0, ""C09"": 0, ""C10"": 0, ""C11"": 0, ""C12"": 0, ""C13"": 0, ""C14"": 0, ""C15"": 0, ""C16"": 0, ""C17"": 0, ""C18"": 0, ""C19"": 0, ""C20"": 742, ""C21"": 0, ""C22"": 0, ""C23"": 0, ""C24"": 0, ""C25"": 813}","{""C01"": 0.025396582288134226, ""C02"": 0.025396582288134226, ""C03"": 0.025396582288134226, ""C04"": 0.025396582288134226, ""C05"": 0.025396582288134226, ""C06"": 0.025396582288134226, ""C07"": 0.025396582288134226, ""C08"": 0.025396582288134226, ""C09"": 0.025396582288134226, ""C10"": 0.025396582288134226, ""C11"": 0.025396582288134226, ""C12"": 0.025396582288134226, ""C13"": 0.025396582288134226, ""C14"": 0.025396582288134226, ""C15"": 0.025396582288134226, ""C16"": 0.025396582288134226, ""C17"": 0.025396582288134226, ""C18"": 0.025396582288134226, ""C19"": 0.025396582288134226, ""C20"": 0.024966876599950002, ""C21"": 0.025396582288134226, ""C22"": 0.025396582288134226, ""C23"": 0.025396582288134226, ""C24"": 0.025396582288134226, ""C25"": 0.024925762114344194}"
48,48,1,96,1.390234,25,"{""C01"": 1.157493, ""C02"": 1.192671, ""C03"": 1.219145, ""C04"": 1.233868, ""C05"": 1.239324, ""C06"": 1.159833, ""C07"": 1.2183, ""C08"": 1.163493, ""C09"": 1.198671, ""C10"": 1.643735, ""C11"": 1.527751, ""C12"": 1.54706, ""C13"": 1.581989, ""C14"": 1.625516, ""C15"": 1.666575, ""C16"": 1.532447, ""C17"": 1.578065, ""C18"": 1.649735, ""C19"": 1.533751, ""C20"": 2.458125, ""C21"": 2.388135, ""C22"": 2.381684, ""C23"": 2.371212, ""C24"": 2.387477, ""C25"": 2.464125}","{""C01"": 0, ""C02"": 0, ""C03"": 0, ""C04"": 0, ""C05"": 0, ""C06"": 0, ""C07"": 0, ""C08"": 0, ""C09"": 0, ""C10"": 0, ""C11"": 0, ""C12"": 0, ""C13"": 0, ""C14"": 0, ""C15"": 0, ""C16"": 0, ""C17"": 0, ""C18"": 0, ""C19"": 0, ""C20"": 743, ""C21"": 0, ""C22"": 0, ""C23"": 0, ""C24"": 0, ""C25"": 811}","{""C01"": 0.025397053899464422, ""C02"": 0.025397053899464422, ""C03"": 0.025397053899464422, ""C04"": 0.025397053899464422, ""C05"": 0.025397053899464422, ""C06"": 0.025397053899464422, ""C07"": 0.025397053899464422, ""C08"": 0.025397053899464422, ""C09"": 0.025397053899464422, ""C10"": 0.025397053899464422, ""C11"": 0.025397053899464422, ""C12"": 0.025397053899464422, ""C13"": 0.025397053899464422, ""C14"": 0.025397053899464422, ""C15"": 0.025397053899464422, ""C16"": 0.025397053899464422, ""C17"": 0.025397053899464422, ""C18"": 0.025397053899464422, ""C19"": 0.025397053899464422, ""C20"": 0.02496676942705814, ""C21"": 0.025397053899464422, ""C22"": 0.025397053899464422, ""C23"": 0.025397053899464422, ""C24"": 0.025397053899464422, ""C25"": 0.024927392661974492}"
49,49,1,90,1.279201,25,"{""C01"": 1.163922, ""C02"": 1.196656, ""C03"": 1.219, ""C04"": 1.229852, ""C05"": 1.233514, ""C06"": 1.165557, ""C07"": 1.218948, ""C08"": 1.169922, ""C09"": 1.202656, ""C10"": 1.637288, ""C11"": 1.526231, ""C12"": 1.551498, ""C13"": 1.590612, ""C14"": 1.634585, ""C15"": 1.67214, ""C16"": 1.53042, ""C17"": 1.587375, ""C18"": 1.643288, ""C19"": 1.532231, ""C20"": 2.458116, ""C21"": 2.381213, ""C22"": 2.371651, ""C23"": 2.363333, ""C24"": 2.377429, ""C25"": 2.464116}","{""C01"": 0, ""C02"": 0, ""C03"": 0, ""C04"": 0, ""C05"": 0, ""C06"": 0, ""C07"": 0, ""C08"": 0, ""C09"": 0, ""C10"": 0, ""C11"": 0, ""C12"": 0, ""C13"": 0, ""C14"": 0, ""C15"": 0, ""C16"": 0, ""C17"": 0, ""C18"": 0, ""C19"": 0, ""C20"": 743, ""C21"": 0, ""C22"": 0, ""C23"": 0, ""C24"": 0, ""C25"": 811}","{""C01"": 0.025397050600997256, ""C02"": 0.025397050600997256, ""C03"": 0.025397050600997256, ""C04"": 0.025397050600997256, ""C05"": 0.025397050600997256, ""C06"": 0.025397050600997256, ""C07"": 0.025397050600997256, ""C08"": 0.025397050600997256, ""C09"": 0.025397050600997256, ""C10"": 0.025397050600997256, ""C11"": 0.025397050600997256, ""C12"": 0.025397050600997256, ""C13"": 0.025397050600997256, ""C14"": 0.025397050600997256, ""C15"": 0.025397050600997256, ""C16"": 0.025397050600997256, ""C17"": 0.025397050600997256, ""C18"": 0.025397050600997256, ""C19"": 0.025397050600997256, ""C20"": 0.0249667661295659, ""C21"": 0.025397050600997256, ""C22"": 0.025397050600997256, ""C23"": 0.025397050600997256, ""C24"": 0.025397050600997256, ""C25"": 0.02492738936645222}"
50,50,1,85,1.197789,25,"{""C01"": 1.169741, ""C02"": 1.199239, ""C03"": 1.217309, ""C04"": 1.224858, ""C05"": 1.227742, ""C06"": 1.170655, ""C07"": 1.218001, ""C08"": 1.175741, ""C09"": 1.205239, ""C10"": 1.632265, ""C11"": 1.526822, ""C12"": 1.557719, ""C13"": 1.599832, ""C14"": 1.642759, ""C15"": 1.675719, ""C16"": 1.530426, ""C17"": 1.597367, ""C18"": 1.638265, ""C19"": 1.532822, ""C20"": 2.455302, ""C21"": 2.372536, ""C22"": 2.361701, ""C23"": 2.3573, ""C24"": 2.367356, ""C25"": 2.461302}","{""C01"": 0, ""C02"": 0, ""C03"": 0, ""C04"": 0, ""C05"": 0, ""C06"": 0, ""C07"": 0, ""C08"": 0, ""C09"": 0, ""C10"": 0, ""C11"": 0, ""C12"": 0, ""C13"": 0, ""C14"": 0, ""C15"": 0, ""C16"": 0, ""C17"": 0, ""C18"": 0, ""C19"": 0, ""C20"": 749, ""C21"": 0, ""C22"": 0, ""C23"": 0, ""C24"": 0, ""C25"": 806}","{""C01"": 0.02539659109280734, ""C02"": 0.02539659109280734, ""C03"": 0.02539659109280734, ""C04"": 0.02539659109280734, ""C05"": 0.02539659109280734, ""C06"": 0.02539659109280734, ""C07"": 0.02539659109280734, ""C08"": 0.02539659109280734, ""C09"": 0.02539659109280734, ""C10"": 0.02539659109280734, ""C11"": 0.02539659109280734, ""C12"": 0.02539659109280734, ""C13"": 0.02539659109280734, ""C14"": 0.02539659109280734, ""C15"": 0.02539659109280734, ""C16"": 0.02539659109280734, ""C17"": 0.02539659109280734, ""C18"": 0.02539659109280734, ""C19"": 0.02539659109280734, ""C20"": 0.024962831577376096, ""C21"": 0.02539659109280734, ""C22"": 0.02539659109280734, ""C23"": 0.02539659109280734, ""C24"": 0.02539659109280734, ""C25"": 0.024929824757478777}"
51,51,1,82,1.142775,25,"{""C01"": 1.174614, ""C02"": 1.200286, ""C03"": 1.214201, ""C04"": 1.219221, ""C05"": 1.222391, ""C06"": 1.174818, ""C07"": 1.215547, ""C08"": 1.180614, ""C09"": 1.206286, ""C10"": 1.629021, ""C11"": 1.529531, ""C12"": 1.565381, ""C13"": 1.609115, ""C14"": 1.649573, ""C15"": 1.677131, ""C16"": 1.53249, ""C17"": 1.607473, ""C18"": 1.635021, ""C19"": 1.535531, ""C20"": 2.449931, ""C21"": 2.362718, ""C22"": 2.352528, ""C23"": 2.353559, ""C24"": 2.357957, ""C25"": 2.455931}","{""C01"": 0, ""C02"": 0, ""C03"": 0, ""C04"": 0, ""C05"": 0, ""C06"": 0, ""C07"": 0, ""C08"": 0, ""C09"": 0, ""C10"": 0, ""C11"": 0, ""C12"": 0, ""C13"": 0, ""C14"": 0, ""C15"": 0, ""C16"": 0, ""C17"": 0, ""C18"": 0, ""C19"": 0, ""C20"": 751, ""C21"": 0, ""C22"": 0, ""C23"": 0, ""C24"": 0, ""C25"": 805}","{""C01"": 0.02539519513452629, ""C02"": 0.02539519513452629, ""C03"": 0.02539519513452629, ""C04"": 0.02539519513452629, ""C05"": 0.02539519513452629, ""C06"": 0.02539519513452629, ""C07"": 0.02539519513452629, ""C08"": 0.02539519513452629, ""C09"": 0.02539519513452629, ""C10"": 0.02539519513452629, ""C11"": 0.02539519513452629, ""C12"": 0.02539519513452629, ""C13"": 0.02539519513452629, ""C14"": 0.02539519513452629, ""C15"": 0.02539519513452629, ""C16"": 0.02539519513452629, ""C17"": 0.02539519513452629, ""C18"": 0.02539519513452629, ""C19"": 0.02539519513452629, ""C20"": 0.024960277382738753, ""C21"": 0.02539519513452629, ""C22"": 0.02539519513452629, ""C23"": 0.02539519513452629, ""C24"": 0.02539519513452629, ""C25"": 0.02492900805070297}"
52,52,1,78,1.104340,25,"{""C01"": 1.178262, ""C02"": 1.199754, ""C03"": 1.209893, ""C04"": 1.213315, ""C05"": 1.217818, ""C06"": 1.177791, ""C07"": 1.211769, ""C08"": 1.184262, ""C09"": 1.205754, ""C10"": 1.627797, ""C11"": 1.534228, ""C12"": 1.574044, ""C13"": 1.617926, ""C14"": 1.654641, ""C15"": 1.676328, ""C16"": 1.5365, ""C17"": 1.617122, ""C18"": 1.633797, ""C19"": 1.540228, ""C20"": 2.442405, ""C21"": 2.352437, ""C22"": 2.344769, ""C23"": 2.352412, ""C24"": 2.349871, ""C25"": 2.448405}","{""C01"": 0, ""C02"": 0, ""C03"": 0, ""C04"": 0, ""C05"": 0, ""C06"": 0, ""C07"": 0, ""C08"": 0, ""C09"": 0, ""C10"": 0, ""C11"": 0, ""C12"": 0, ""C13"": 0, ""C14"": 0, ""C15"": 0, ""C16"": 0, ""C17"": 0, ""C18"": 0, ""C19"": 0, ""C20"": 754, ""C21"": 0, ""C22"": 0, ""C23"": 0, ""C24"": 0, ""C25"": 803}","{""C01"": 0.02539299602204946, ""C02"": 0.02539299602204946, ""C03"": 0.02539299602204946, ""C04"": 0.02539299602204946, ""C05"": 0.02539299602204946, ""C06"": 0.02539299602204946, ""C07"": 0.02539299602204946, ""C08"": 0.02539299602204946, ""C09"": 0.02539299602204946, ""C10"": 0.02539299602204946, ""C11"": 0.02539299602204946, ""C12"": 0.02539299602204946, ""C13"": 0.02539299602204946, ""C14"": 0.02539299602204946, ""C15"": 0.02539299602204946, ""C16"": 0.02539299602204946, ""C17"": 0.02539299602204946, ""C18"": 0.02539299602204946, ""C19"": 0.02539299602204946, ""C20"": 0.024956341338074492, ""C21"": 0.02539299602204946, ""C22"": 0.02539299602204946, ""C23"": 0.02539299602204946, ""C24"": 0.02539299602204946, ""C25"": 0.02492796802604633}"
53,53,1,87,0.893619,25,"{""C01"": 1.180479, ""C02"": 1.197699, ""C03"": 1.204675, ""C04"": 1.20753, ""C05"": 1.214329, ""C06"": 1.179394, ""C07"": 1.20693, ""C08"": 1.186479, ""C09"": 1.203699, ""C10"": 1.628704, ""C11"": 1.540656, ""C12"": 1.583208, ""C13"": 1.625752, ""C14"": 1.657686, ""C15"": 1.673397, ""C16"": 1.542218, ""C17"": 1.625765, ""C18"": 1.634704, ""C19"": 1.546656, ""C20"": 2.433255, ""C21"": 2.342396, ""C22"": 2.338969, ""C23"": 2.353993, ""C24"": 2.343653, ""C25"": 2.439255}","{""C01"": 0, ""C02"": 0, ""C03"": 0, ""C04"": 0, ""C05"": 0, ""C06"": 0, ""C07"": 0, ""C08"": 0, ""C09"": 0, ""C10"": 0, ""C11"": 0, ""C12"": 0, ""C13"": 0, ""C14"": 0, ""C15"": 0, ""C16"": 0, ""C17"": 0, ""C18"": 0, ""C19"": 0, ""C20"": 745, ""C21"": 0, ""C22"": 0, ""C23"": 0, ""C24"": 0, ""C25"": 814}","{""C01"": 0.025390780965635504, ""C02"": 0.025390780965635504, ""C03"": 0.025390780965635504, ""C04"": 0.025390780965635504, ""C05"": 0.025390780965635504, ""C06"": 0.025390780965635504, ""C07"": 0.025390780965635504, ""C08"": 0.025390780965635504, ""C09"": 0.025390780965635504, ""C10"": 0.025390780965635504, ""C11"": 0.025390780965635504, ""C12"": 0.025390780965635504, ""C13"": 0.025390780965635504, ""C14"": 0.025390780965635504, ""C15"": 0.025390780965635504, ""C16"": 0.025390780965635504, ""C17"": 0.025390780965635504, ""C18"": 0.025390780965635504, ""C19"": 0.025390780965635504, ""C20"": 0.024959338244561403, ""C21"": 0.025390780965635504, ""C22"": 0.025390780965635504, ""C23"": 0.025390780965635504, ""C24"": 0.025390780965635504, ""C25"": 0.024919382385311443}"
54,54,1,102,1.438539,25,"{""C01"": 1.181148, ""C02"": 1.194269, ""C03"": 1.198891, ""C04"": 1.202246, ""C05"": 1.212162, ""C06"": 1.179531, ""C07"": 1.201354, ""C08"": 1.187148, ""C09"": 1.200269, ""C10"": 1.631721, ""C11"": 1.548452, ""C12"": 1.592336, ""C13"": 1.63214, ""C14"": 1.658551, ""C15"": 1.668552, ""C16"": 1.549303, ""C17"": 1.632912, ""C18"": 1.637721, ""C19"": 1.554452, ""C20"": 2.423109, ""C21"": 2.333277, ""C22"": 2.335548, ""C23"": 2.358262, ""C24"": 2.33973, ""C25"": 2.429109}","{""C01"": 0, ""C02"": 0, ""C03"": 0, ""C04"": 0, ""C05"": 0, ""C06"": 0, ""C07"": 0, ""C08"": 0, ""C09"": 0, ""C10"": 0, ""C11"": 0, ""C12"": 0, ""C13"": 0, ""C14"": 0, ""C15"": 0, ""C16"": 0, ""C17"": 0, ""C18"": 0, ""C19"": 0, ""C20"": 745, ""C21"": 0, ""C22"": 0, ""C23"": 0, ""C24"": 0, ""C25"": 816}","{""C01"": 0.025388164426150134, ""C02"": 0.025388164426150134, ""C03"": 0.025388164426150134, ""C04"": 0.025388164426150134, ""C05"": 0.025388164426150134, ""C06"": 0.025388164426150134, ""C07"": 0.025388164426150134, ""C08"": 0.025388164426150134, ""C09"": 0.025388164426150134, ""C10"": 0.025388164426150134, ""C11"": 0.025388164426150134, ""C12"": 0.025388164426150134, ""C13"": 0.025388164426150134, ""C14"": 0.025388164426150134, ""C15"": 0.025388164426150134, ""C16"": 0.025388164426150134, ""C17"": 0.025388164426150134, ""C18"": 0.025388164426150134, ""C19"": 0.025388164426150134, ""C20"": 0.024956721730835886, ""C21"": 0.025388164426150134, ""C22"": 0.025388164426150134, ""C23"": 0.025388164426150134, ""C24"": 0.025388164426150134, ""C25"": 0.024915607706939066}"
55,55,1,128,1.817509,25,"{""C01"": 1.180246, ""C02"": 1.189696, ""C03"": 1.19292, ""C04"": 1.197809, ""C05"": 1.211469, ""C06"": 1.178198, ""C07"": 1.195408, ""C08"": 1.186246, ""C09"": 1.195696, ""C10"": 1.636692, ""C11"": 1.55716, ""C12"": 1.600892, ""C13"": 1.636725, ""C14"": 1.657214, ""C15"": 1.662128, ""C16"": 1.557318, ""C17"": 1.638164, ""C18"": 1.642692, ""C19"": 1.56316, ""C20"": 2.412652, ""C21"": 2.325702, ""C22"": 2.334774, ""C23"": 2.365009, ""C24"": 2.338384, ""C25"": 2.418652}","{""C01"": 0, ""C02"": 0, ""C03"": 0, ""C04"": 0, ""C05"": 0, ""C06"": 0, ""C07"": 0, ""C08"": 0, ""C09"": 0, ""C10"": 0, ""C11"": 0, ""C12"": 0, ""C13"": 0, ""C14"": 0, ""C15"": 0, ""C16"": 0, ""C17"": 0, ""C18"": 0, ""C19"": 0, ""C20"": 730, ""C21"": 0, ""C22"": 0, ""C23"": 0, ""C24"": 0, ""C25"": 833}","{""C01"": 0.02538543187116689, ""C02"": 0.02538543187116689, ""C03"": 0.02538543187116689, ""C04"": 0.02538543187116689, ""C05"": 0.02538543187116689, ""C06"": 0.02538543187116689, ""C07"": 0.02538543187116689, ""C08"": 0.02538543187116689, ""C09"": 0.02538543187116689, ""C10"": 0.02538543187116689, ""C11"": 0.02538543187116689, ""C12"": 0.02538543187116689, ""C13"": 0.02538543187116689, ""C14"": 0.02538543187116689, ""C15"": 0.02538543187116689, ""C16"": 0.02538543187116689, ""C17"": 0.02538543187116689, ""C18"": 0.02538543187116689, ""C19"": 0.02538543187116689, ""C20"": 0.02496267599434984, ""C21"": 0.02538543187116689, ""C22"": 0.02538543187116689, ""C23"": 0.02538543187116689, ""C24"": 0.02538543187116689, ""C25"": 0.02490303030143055}"
56,56,1,192,1.640353,25,"{""C01"": 1.177847, ""C02"": 1.184281, ""C03"": 1.187151, ""C04"": 1.194514, ""C05"": 1.212313, ""C06"": 1.175485, ""C07"": 1.18948, ""C08"": 1.183847, ""C09"": 1.190281, ""C10"": 1.643336, ""C11"": 1.56627, ""C12"": 1.608374, ""C13"": 1.639252, ""C14"": 1.653788, ""C15"": 1.654552, ""C16"": 1.565774, ""C17"": 1.641239, ""C18"": 1.649336, ""C19"": 1.57227, ""C20"": 2.402586, ""C21"": 2.320192, ""C22"": 2.336745, ""C23"": 2.373865, ""C24"": 2.339723, ""C25"": 2.408586}","{""C01"": 0, ""C02"": 0, ""C03"": 0, ""C04"": 0, ""C05"": 0, ""C06"": 0, ""C07"": 0, ""C08"": 0, ""C09"": 0, ""C10"": 0, ""C11"": 0, ""C12"": 0, ""C13"": 0, ""C14"": 0, ""C15"": 0, ""C16"": 0, ""C17"": 0, ""C18"": 0, ""C19"": 0, ""C20"": 700, ""C21"": 0, ""C22"": 0, ""C23"": 0, ""C24"": 0, ""C25"": 865}","{""C01"": 0.025382846545860052, ""C02"": 0.025382846545860052, ""C03"": 0.025382846545860052, ""C04"": 0.025382846545860052, ""C05"": 0.025382846545860052, ""C06"": 0.025382846545860052, ""C07"": 0.025382846545860052, ""C08"": 0.025382846545860052, ""C09"": 0.025382846545860052, ""C10"": 0.025382846545860052, ""C11"": 0.025382846545860052, ""C12"": 0.025382846545860052, ""C13"": 0.025382846545860052, ""C14"": 0.025382846545860052, ""C15"": 0.025382846545860052, ""C16"": 0.025382846545860052, ""C17"": 0.025382846545860052, ""C18"": 0.025382846545860052, ""C19"": 0.025382846545860052, ""C20"": 0.0249774642028071, ""C21"": 0.025382846545860052, ""C22"": 0.025382846545860052, ""C23"": 0.025382846545860052, ""C24"": 0.025382846545860052, ""C25"": 0.02488191317993118}"
57,57,1,529,7.177654,25,"{""C01"": 1.174117, ""C02"": 1.178379, ""C03"": 1.18196, ""C04"": 1.192582, ""C05"": 1.214655, ""C06"": 1.171569, ""C07"": 1.183955, ""C08"": 1.180117, ""C09"": 1.184379, ""C10"": 1.651269, ""C11"": 1.575242, ""C12"": 1.614344, ""C13"": 1.63959, ""C14"": 1.648514, ""C15"": 1.646324, ""C16"": 1.57415, ""C17"": 1.64198, ""C18"": 1.657269, ""C19"": 1.581242, ""C20"": 2.393583, ""C21"": 2.317139, ""C22"": 2.341386, ""C23"": 2.384327, ""C24"": 2.343688, ""C25"": 2.399583}","{""C01"": 0, ""C02"": 0, ""C03"": 0, ""C04"": 0, ""C05"": 0, ""C06"": 0, ""C07"": 0, ""C08"": 0, ""C09"": 0, ""C10"": 0, ""C11"": 0, ""C12"": 0, ""C13"": 0, ""C14"": 0, ""C15"": 0, ""C16"": 0, ""C17"": 0, ""C18"": 0, ""C19"": 0, ""C20"": 536, ""C21"": 0, ""C22"": 0, ""C23"": 0, ""C24"": 0, ""C25"": 1031}","{""C01"": 0.02538083885430746, ""C02"": 0.02538083885430746, ""C03"": 0.02538083885430746, ""C04"": 0.02538083885430746, ""C05"": 0.02538083885430746, ""C06"": 0.02538083885430746, ""C07"": 0.02538083885430746, ""C08"": 0.02538083885430746, ""C09"": 0.02538083885430746, ""C10"": 0.02538083885430746, ""C11"": 0.02538083885430746, ""C12"": 0.02538083885430746, ""C13"": 0.02538083885430746, ""C14"": 0.02538083885430746, ""C15"": 0.02538083885430746, ""C16"": 0.02538083885430746, ""C17"": 0.02538083885430746, ""C18"": 0.02538083885430746, ""C19"": 0.02538083885430746, ""C20"": 0.025070431510821282, ""C21"": 0.02538083885430746, ""C22"": 0.02538083885430746, ""C23"": 0.02538083885430746, ""C24"": 0.02538083885430746, ""C25"": 0.02478377097290575}"
58,58,1,876,9.940993,25,"{""C01"": 1.169302, ""C02"": 1.172371, ""C03"": 1.177683, ""C04"": 1.192148, ""C05"": 1.218367, ""C06"": 1.166703, ""C07"": 1.179187, ""C08"": 1.175302, ""C09"": 1.178371, ""C10"": 1.660022, ""C11"": 1.583544, ""C12"": 1.618456, ""C13"": 1.637745, ""C14"": 1.641744, ""C15"": 1.63798, ""C16"": 1.58193, ""C17"": 1.640376, ""C18"": 1.666022, ""C19"": 1.589544, ""C20"": 2.386248, ""C21"": 2.316776, ""C22"": 2.348454, ""C23"": 2.395788, ""C24"": 2.350051, ""C25"": 2.392248}","{""C01"": 0, ""C02"": 0, ""C03"": 0, ""C04"": 0, ""C05"": 0, ""C06"": 0, ""C07"": 0, ""C08"": 0, ""C09"": 0, ""C10"": 0, ""C11"": 0, ""C12"": 0, ""C13"": 0, ""C14"": 0, ""C15"": 0, ""C16"": 0, ""C17"": 0, ""C18"": 0, ""C19"": 0, ""C20"": 0, ""C21"": 0, ""C22"": 0, ""C23"": 1032, ""C24"": 0, ""C25"": 535}","{""C01"": 0.02537971825791041, ""C02"": 0.02537971825791041, ""C03"": 0.02537971825791041, ""C04"": 0.02537971825791041, ""C05"": 0.02537971825791041, ""C06"": 0.02537971825791041, ""C07"": 0.02537971825791041, ""C08"": 0.02537971825791041, ""C09"": 0.02537971825791041, ""C10"": 0.02537971825791041, ""C11"": 0.02537971825791041, ""C12"": 0.02537971825791041, ""C13"": 0.02537971825791041, ""C14"": 0.02537971825791041, ""C15"": 0.02537971825791041, ""C16"": 0.02537971825791041, ""C17"": 0.02537971825791041, ""C18"": 0.02537971825791041, ""C19"": 0.02537971825791041, ""C20"": 0.02537971825791041, ""C21"": 0.02537971825791041, ""C22"": 0.02537971825791041, ""C23"": 0.02478207163664202, ""C24"": 0.02537971825791041, ""C25"": 0.025069890828616315}"
59,59,1,648,6.069110,25,"{""C01"": 1.163717, ""C02"": 1.166645, ""C03"": 1.174602, ""C04"": 1.193253, ""C05"": 1.223232, ""C06"": 1.161204, ""C07"": 1.175482, ""C08"": 1.169717, ""C09"": 1.172645, ""C10"": 1.669075, ""C11"": 1.590683, ""C12"": 1.620479, ""C13"": 1.633853, ""C14"": 1.633924, ""C15"": 1.630063, ""C16"": 1.588637, ""C17"": 1.636552, ""C18"": 1.675075, ""C19"": 1.596683, ""C20"": 2.381077, ""C21"": 2.319167, ""C22"": 2.357549, ""C23"": 2.407577, ""C24"": 2.358428, ""C25"": 2.387077}","{""C01"": 0, ""C02"": 0, ""C03"": 0, ""C04"": 0, ""C05"": 0, ""C06"": 0, ""C07"": 0, ""C08"": 0, ""C09"": 0, ""C10"": 0, ""C11"": 0, ""C12"": 0, ""C13"": 0, ""C14"": 0, ""C15"": 0, ""C16"": 0, ""C17"": 0, ""C18"": 0, ""C19"": 0, ""C20"": 0, ""C21"": 0, ""C22"": 0, ""C23"": 1564, ""C24"": 0, ""C25"": 0}","{""C01"": 0.025382898024493034, ""C02"": 0.025382898024493034, ""C03"": 0.025382898024493034, ""C04"": 0.025382898024493034, ""C05"": 0.025382898024493034, ""C06"": 0.025382898024493034, ""C07"": 0.025382898024493034, ""C08"": 0.025382898024493034, ""C09"": 0.025382898024493034, ""C10"": 0.025382898024493034, ""C11"": 0.025382898024493034, ""C12"": 0.025382898024493034, ""C13"": 0.025382898024493034, ""C14"": 0.025382898024493034, ""C15"": 0.025382898024493034, ""C16"": 0.025382898024493034, ""C17"": 0.025382898024493034, ""C18"": 0.025382898024493034, ""C19"": 0.025382898024493034, ""C20"": 0.025382898024493034, ""C21"": 0.025382898024493034, ""C22"": 0.025382898024493034, ""C23"": 0.02447716017969314, ""C24"": 0.025382898024493034, ""C25"": 0.025382898024493034}"
60,60,1,360,3.483783,25,"{""C01"": 1.157722, ""C02"": 1.16157, ""C03"": 1.172921, ""C04"": 1.195842, ""C05"": 1.228961, ""C06"": 1.155429, ""C07"": 1.173079, ""C08"": 1.163722, ""C09"": 1.16757, ""C10"": 1.677887, ""C11"": 1.596238, ""C12"": 1.620308, ""C13"": 1.628181, ""C14"": 1.625561, ""C15"": 1.623087, ""C16"": 1.593862, ""C17"": 1.630772, ""C18"": 1.683887, ""C19"": 1.602238, ""C20"": 2.378432, ""C21"": 2.324201, ""C22"": 2.368144, ""C23"": 2.419, ""C24"": 2.368307, ""C25"": 2.384432}","{""C01"": 0, ""C02"": 0, ""C03"": 0, ""C04"": 0, ""C05"": 0, ""C06"": 0, ""C07"": 0, ""C08"": 0, ""C09"": 0, ""C10"": 0, ""C11"": 0, ""C12"": 0, ""C13"": 0, ""C14"": 0, ""C15"": 0, ""C16"": 0, ""C17"": 0, ""C18"": 0, ""C19"": 0, ""C20"": 0, ""C21"": 0, ""C22"": 0, ""C23"": 1562, ""C24"": 0, ""C25"": 0}","{""C01"": 0.025386033535282876, ""C02"": 0.025386033535282876, ""C03"": 0.025386033535282876, ""C04"": 0.025386033535282876, ""C05"": 0.025386033535282876, ""C06"": 0.025386033535282876, ""C07"": 0.025386033535282876, ""C08"": 0.025386033535282876, ""C09"": 0.025386033535282876, ""C10"": 0.025386033535282876, ""C11"": 0.025386033535282876, ""C12"": 0.025386033535282876, ""C13"": 0.025386033535282876, ""C14"": 0.025386033535282876, ""C15"": 0.025386033535282876, ""C16"": 0.025386033535282876, ""C17"": 0.025386033535282876, ""C18"": 0.025386033535282876, ""C19"": 0.025386033535282876, ""C20"": 0.025386033535282876, ""C21"": 0.025386033535282876, ""C22"": 0.025386033535282876, ""C23"": 0.02448145337878201, ""C24"": 0.025386033535282876, ""C25"": 0.025386033535282876}"
61,61,1,276,2.972238,25,"{""C01"": 1.151701, ""C02"": 1.157474, ""C03"": 1.172757, ""C04"": 1.199767, ""C05"": 1.235209, ""C06"": 1.149753, ""C07"": 1.172131, ""C08"": 1.157701, ""C09"": 1.163474, ""C10"": 1.685931, ""C11"": 1.599884, ""C12"": 1.617974, ""C13"": 1.6211, ""C14"": 1.617197, ""C15"": 1.617507, ""C16"": 1.59729, ""C17"": 1.623413, ""C18"": 1.691931, ""C19"": 1.605884, ""C20"": 2.378511, ""C21"": 2.331601, ""C22"": 2.379617, ""C23"": 2.429382, ""C24"": 2.379083, ""C25"": 2.384511}","{""C01"": 0, ""C02"": 0, ""C03"": 0, ""C04"": 0, ""C05"": 0, ""C06"": 0, ""C07"": 0, ""C08"": 0, ""C09"": 0, ""C10"": 0, ""C11"": 0, ""C12"": 0, ""C13"": 0, ""C14"": 0, ""C15"": 0, ""C16"": 0, ""C17"": 0, ""C18"": 0, ""C19"": 0, ""C20"": 0, ""C21"": 0, ""C22"": 0, ""C23"": 1559, ""C24"": 0, ""C25"": 0}","{""C01"": 0.025388173371521203, ""C02"": 0.025388173371521203, ""C03"": 0.025388173371521203, ""C04"": 0.025388173371521203, ""C05"": 0.025388173371521203, ""C06"": 0.025388173371521203, ""C07"": 0.025388173371521203, ""C08"": 0.025388173371521203, ""C09"": 0.025388173371521203, ""C10"": 0.025388173371521203, ""C11"": 0.025388173371521203, ""C12"": 0.025388173371521203, ""C13"": 0.025388173371521203, ""C14"": 0.025388173371521203, ""C15"": 0.025388173371521203, ""C16"": 0.025388173371521203, ""C17"": 0.025388173371521203, ""C18"": 0.025388173371521203, ""C19"": 0.025388173371521203, ""C20"": 0.025388173371521203, ""C21"": 0.025388173371521203, ""C22"": 0.025388173371521203, ""C23"": 0.024485332016252324, ""C24"": 0.025388173371521203, ""C25"": 0.025388173371521203}"
62,62,1,265,4.026955,25,"{""C01"": 1.146042, ""C02"": 1.154624, ""C03"": 1.174131, ""C04"": 1.204795, ""C05"": 1.241599, ""C06"": 1.144552, ""C07"": 1.172702, ""C08"": 1.152042, ""C09"": 1.160624, ""C10"": 1.692726, ""C11"": 1.601413, ""C12"": 1.613643, ""C13"": 1.61307, ""C14"": 1.609369, ""C15"": 1.613688, ""C16"": 1.598719, ""C17"": 1.614946, ""C18"": 1.698726, ""C19"": 1.607413, ""C20"": 2.381343, ""C21"": 2.34094, ""C22"": 2.391287, ""C23"": 2.438111, ""C24"": 2.390091, ""C25"": 2.387343}","{""C01"": 0, ""C02"": 0, ""C03"": 0, ""C04"": 0, ""C05"": 0, ""C06"": 0, ""C07"": 0, ""C08"": 0, ""C09"": 0, ""C10"": 0, ""C11"": 0, ""C12"": 0, ""C13"": 0, ""C14"": 0, ""C15"": 0, ""C16"": 0, ""C17"": 0, ""C18"": 0, ""C19"": 0, ""C20"": 0, ""C21"": 0, ""C22"": 0, ""C23"": 1558, ""C24"": 0, ""C25"": 0}","{""C01"": 0.025390840141216897, ""C02"": 0.025390840141216897, ""C03"": 0.025390840141216897, ""C04"": 0.025390840141216897, ""C05"": 0.025390840141216897, ""C06"": 0.025390840141216897, ""C07"": 0.025390840141216897, ""C08"": 0.025390840141216897, ""C09"": 0.025390840141216897, ""C10"": 0.025390840141216897, ""C11"": 0.025390840141216897, ""C12"": 0.025390840141216897, ""C13"": 0.025390840141216897, ""C14"": 0.025390840141216897, ""C15"": 0.025390840141216897, ""C16"": 0.025390840141216897, ""C17"": 0.025390840141216897, ""C18"": 0.025390840141216897, ""C19"": 0.025390840141216897, ""C20"": 0.025390840141216897, ""C21"": 0.025390840141216897, ""C22"": 0.025390840141216897, ""C23"": 0.024488576654871176, ""C24"": 0.025390840141216897, ""C25"": 0.025390840141216897}"
63,63,1,290,3.278085,25,"{""C01"": 1.141106, ""C02"": 1.153207, ""C03"": 1.17697, ""C04"": 1.210623, ""C05"": 1.247746, ""C06"": 1.140172, ""C07"": 1.174761, ""C08"": 1.147106, ""C09"": 1.159207, ""C10"": 1.697867, ""C11"": 1.600748, ""C12"": 1.607601, ""C13"": 1.604609, ""C14"": 1.602584, ""C15"": 1.611886, ""C16"": 1.598075, ""C17"": 1.605908, ""C18"": 1.703867, ""C19"": 1.606748, ""C20"": 2.386782, ""C21"": 2.351669, ""C22"": 2.40246, ""C23"": 2.444674, ""C24"": 2.400651, ""C25"": 2.392782}","{""C01"": 0, ""C02"": 0, ""C03"": 0, ""C04"": 0, ""C05"": 0, ""C06"": 0, ""C07"": 0, ""C08"": 0, ""C09"": 0, ""C10"": 0, ""C11"": 0, ""C12"": 0, ""C13"": 0, ""C14"": 0, ""C15"": 0, ""C16"": 0, ""C17"": 0, ""C18"": 0, ""C19"": 0, ""C20"": 0, ""C21"": 0, ""C22"": 0, ""C23"": 1556, ""C24"": 0, ""C25"": 0}","{""C01"": 0.02539210994617358, ""C02"": 0.02539210994617358, ""C03"": 0.02539210994617358, ""C04"": 0.02539210994617358, ""C05"": 0.02539210994617358, ""C06"": 0.02539210994617358, ""C07"": 0.02539210994617358, ""C08"": 0.02539210994617358, ""C09"": 0.02539210994617358, ""C10"": 0.02539210994617358, ""C11"": 0.02539210994617358, ""C12"": 0.02539210994617358, ""C13"": 0.02539210994617358, ""C14"": 0.02539210994617358, ""C15"": 0.02539210994617358, ""C16"": 0.02539210994617358, ""C17"": 0.02539210994617358, ""C18"": 0.02539210994617358, ""C19"": 0.02539210994617358, ""C20"": 0.02539210994617358, ""C21"": 0.02539210994617358, ""C22"": 0.02539210994617358, ""C23"": 0.024491005801724558, ""C24"": 0.02539210994617358, ""C25"": 0.02539210994617358}"
64,64,1,354,3.553237,25,"{""C01"": 1.13721, ""C02"": 1.153322, ""C03"": 1.181105, ""C04"": 1.2169, ""C05"": 1.253277, ""C06"": 1.136908, ""C07"": 1.178179, ""C08"": 1.14321, ""C09"": 1.159322, ""C10"": 1.701051, ""C11"": 1.597948, ""C12"": 1.600241, ""C13"": 1.596258, ""C14"": 1.597279, ""C15"": 1.61223, ""C16"": 1.595417, ""C17"": 1.596866, ""C18"": 1.707051, ""C19"": 1.603948, ""C20"": 2.394521, ""C21"": 2.363148, ""C22"": 2.412469, ""C23"": 2.448693, ""C24"": 2.41011, ""C25"": 2.400521}","{""C01"": 0, ""C02"": 0, ""C03"": 0, ""C04"": 0, ""C05"": 0, ""C06"": 0, ""C07"": 0, ""C08"": 0, ""C09"": 0, ""C10"": 0, ""C11"": 0, ""C12"": 0, ""C13"": 0, ""C14"": 0, ""C15"": 0, ""C16"": 0, ""C17"": 0, ""C18"": 0, ""C19"": 0, ""C20"": 0, ""C21"": 0, ""C22"": 0, ""C23"": 1555, ""C24"": 0, ""C25"": 0}","{""C01"": 0.02539301383345985, ""C02"": 0.02539301383345985, ""C03"": 0.02539301383345985, ""C04"": 0.02539301383345985, ""C05"": 0.02539301383345985, ""C06"": 0.02539301383345985, ""C07"": 0.02539301383345985, ""C08"": 0.02539301383345985, ""C09"": 0.02539301383345985, ""C10"": 0.02539301383345985, ""C11"": 0.02539301383345985, ""C12"": 0.02539301383345985, ""C13"": 0.02539301383345985, ""C14"": 0.02539301383345985, ""C15"": 0.02539301383345985, ""C16"": 0.02539301383345985, ""C17"": 0.02539301383345985, ""C18"": 0.02539301383345985, ""C19"": 0.02539301383345985, ""C20"": 0.02539301383345985, ""C21"": 0.02539301383345985, ""C22"": 0.02539301383345985, ""C23"": 0.024492489121925004, ""C24"": 0.02539301383345985, ""C25"": 0.02539301383345985}"
65,65,1,424,5.318126,25,"{""C01"": 1.134605, ""C02"": 1.15497, ""C03"": 1.186291, ""C04"": 1.223244, ""C05"": 1.257857, ""C06"": 1.134989, ""C07"": 1.182749, ""C08"": 1.140605, ""C09"": 1.16097, ""C10"": 1.702096, ""C11"": 1.5932, ""C12"": 1.592035, ""C13"": 1.588554, ""C14"": 1.5938, ""C15"": 1.614713, ""C16"": 1.590926, ""C17"": 1.588387, ""C18"": 1.708096, ""C19"": 1.5992, ""C20"": 2.404103, ""C21"": 2.374692, ""C22"": 2.42072, ""C23"": 2.449944, ""C24"": 2.417886, ""C25"": 2.410103}","{""C01"": 0, ""C02"": 0, ""C03"": 0, ""C04"": 0, ""C05"": 0, ""C06"": 0, ""C07"": 0, ""C08"": 0, ""C09"": 0, ""C10"": 0, ""C11"": 0, ""C12"": 0, ""C13"": 0, ""C14"": 0, ""C15"": 0, ""C16"": 0, ""C17"": 0, ""C18"": 0, ""C19"": 0, ""C20"": 0, ""C21"": 0, ""C22"": 0, ""C23"": 1555, ""C24"": 0, ""C25"": 0}","{""C01"": 0.025393475451461173, ""C02"": 0.025393475451461173, ""C03"": 0.025393475451461173, ""C04"": 0.025393475451461173, ""C05"": 0.025393475451461173, ""C06"": 0.025393475451461173, ""C07"": 0.025393475451461173, ""C08"": 0.025393475451461173, ""C09"": 0.025393475451461173, ""C10"": 0.025393475451461173, ""C11"": 0.025393475451461173, ""C12"": 0.025393475451461173, ""C13"": 0.025393475451461173, ""C14"": 0.025393475451461173, ""C15"": 0.025393475451461173, ""C16"": 0.025393475451461173, ""C17"": 0.025393475451461173, ""C18"": 0.025393475451461173, ""C19"": 0.025393475451461173, ""C20"": 0.025393475451461173, ""C21"": 0.025393475451461173, ""C22"": 0.025393475451461173, ""C23"": 0.02449295032963303, ""C24"": 0.025393475451461173, ""C25"": 0.025393475451461173}"
66,66,1,584,4.954600,25,"{""C01"": 1.133464, ""C02"": 1.158057, ""C03"": 1.192212, ""C04"": 1.22927, ""C05"": 1.26121, ""C06"": 1.134564, ""C07"": 1.188189, ""C08"": 1.139464, ""C09"": 1.164057, ""C10"": 1.70095, ""C11"": 1.586816, ""C12"": 1.583508, ""C13"": 1.581988, ""C14"": 1.592377, ""C15"": 1.619196, ""C16"": 1.584909, ""C17"": 1.580996, ""C18"": 1.70695, ""C19"": 1.592816, ""C20"": 2.414958, ""C21"": 2.385607, ""C22"": 2.426723, ""C23"": 2.448374, ""C24"": 2.4235, ""C25"": 2.420958}","{""C01"": 0, ""C02"": 0, ""C03"": 0, ""C04"": 0, ""C05"": 0, ""C06"": 0, ""C07"": 0, ""C08"": 0, ""C09"": 0, ""C10"": 0, ""C11"": 0, ""C12"": 0, ""C13"": 0, ""C14"": 0, ""C15"": 0, ""C16"": 0, ""C17"": 0, ""C18"": 0, ""C19"": 0, ""C20"": 0, ""C21"": 0, ""C22"": 0, ""C23"": 1556, ""C24"": 0, ""C25"": 0}","{""C01"": 0.02539347711762184, ""C02"": 0.02539347711762184, ""C03"": 0.02539347711762184, ""C04"": 0.02539347711762184, ""C05"": 0.02539347711762184, ""C06"": 0.02539347711762184, ""C07"": 0.02539347711762184, ""C08"": 0.02539347711762184, ""C09"": 0.02539347711762184, ""C10"": 0.02539347711762184, ""C11"": 0.02539347711762184, ""C12"": 0.02539347711762184, ""C13"": 0.02539347711762184, ""C14"": 0.02539347711762184, ""C15"": 0.02539347711762184, ""C16"": 0.02539347711762184, ""C17"": 0.02539347711762184, ""C18"": 0.02539347711762184, ""C19"": 0.02539347711762184, ""C20"": 0.02539347711762184, ""C21"": 0.02539347711762184, ""C22"": 0.02539347711762184, ""C23"": 0.024492371758814538, ""C24"": 0.02539347711762184, ""C25"": 0.02539347711762184}"
67,67,1,968,8.456278,25,"{""C01"": 1.133863, ""C02"": 1.1624, ""C03"": 1.198508, ""C04"": 1.234611, ""C05"": 1.263135, ""C06"": 1.135682, ""C07"": 1.194162, ""C08"": 1.139863, ""C09"": 1.1684, ""C10"": 1.6977, ""C11"": 1.579205, ""C12"": 1.575204, ""C13"": 1.576983, ""C14"": 1.593113, ""C15"": 1.625413, ""C16"": 1.577762, ""C17"": 1.575153, ""C18"": 1.7037, ""C19"": 1.585205, ""C20"": 2.426436, ""C21"": 2.395238, ""C22"": 2.43013, ""C23"": 2.444106, ""C24"": 2.426614, ""C25"": 2.432436}","{""C01"": 0, ""C02"": 0, ""C03"": 0, ""C04"": 0, ""C05"": 0, ""C06"": 0, ""C07"": 0, ""C08"": 0, ""C09"": 0, ""C10"": 0, ""C11"": 0, ""C12"": 0, ""C13"": 0, ""C14"": 0, ""C15"": 0, ""C16"": 0, ""C17"": 0, ""C18"": 0, ""C19"": 0, ""C20"": 0, ""C21"": 0, ""C22"": 0, ""C23"": 1556, ""C24"": 0, ""C25"": 0}","{""C01"": 0.02539189979914218, ""C02"": 0.02539189979914218, ""C03"": 0.02539189979914218, ""C04"": 0.02539189979914218, ""C05"": 0.02539189979914218, ""C06"": 0.02539189979914218, ""C07"": 0.02539189979914218, ""C08"": 0.02539189979914218, ""C09"": 0.02539189979914218, ""C10"": 0.02539189979914218, ""C11"": 0.02539189979914218, ""C12"": 0.02539189979914218, ""C13"": 0.02539189979914218, ""C14"": 0.02539189979914218, ""C15"": 0.02539189979914218, ""C16"": 0.02539189979914218, ""C17"": 0.02539189979914218, ""C18"": 0.02539189979914218, ""C19"": 0.02539189979914218, ""C20"": 0.02539189979914218, ""C21"": 0.02539189979914218, ""C22"": 0.02539189979914218, ""C23"": 0.024490795841344393, ""C24"": 0.02539189979914218, ""C25"": 0.02539189979914218}"
68,68,1,575,6.166969,25,"{""C01"": 1.135786, ""C02"": 1.167737, ""C03"": 1.204797, ""C04"": 1.238943, ""C05"": 1.263522, ""C06"": 1.138302, ""C07"": 1.200305, ""C08"": 1.141786, ""C09"": 1.173737, ""C10"": 1.692559, ""C11"": 1.570854, ""C12"": 1.567651, ""C13"": 1.573862, ""C14"": 1.595973, ""C15"": 1.632991, ""C16"": 1.56996, ""C17"": 1.571217, ""C18"": 1.698559, ""C19"": 1.576854, ""C20"": 2.437842, ""C21"": 2.403008, ""C22"": 2.430749, ""C23"": 2.437424, ""C24"": 2.427041, ""C25"": 2.443842}","{""C01"": 0, ""C02"": 0, ""C03"": 0, ""C04"": 0, ""C05"": 0, ""C06"": 0, ""C07"": 0, ""C08"": 0, ""C09"": 0, ""C10"": 0, ""C11"": 0, ""C12"": 0, ""C13"": 0, ""C14"": 0, ""C15"": 0, ""C16"": 0, ""C17"": 0, ""C18"": 0, ""C19"": 0, ""C20"": 343, ""C21"": 0, ""C22"": 0, ""C23"": 327, ""C24"": 0, ""C25"": 888}","{""C01"": 0.025391975946118903, ""C02"": 0.025391975946118903, ""C03"": 0.025391975946118903, ""C04"": 0.025391975946118903, ""C05"": 0.025391975946118903, ""C06"": 0.025391975946118903, ""C07"": 0.025391975946118903, ""C08"": 0.025391975946118903, ""C09"": 0.025391975946118903, ""C10"": 0.025391975946118903, ""C11"": 0.025391975946118903, ""C12"": 0.025391975946118903, ""C13"": 0.025391975946118903, ""C14"": 0.025391975946118903, ""C15"": 0.025391975946118903, ""C16"": 0.025391975946118903, ""C17"": 0.025391975946118903, ""C18"": 0.025391975946118903, ""C19"": 0.025391975946118903, ""C20"": 0.025193338705328548, ""C21"": 0.025391975946118903, ""C22"": 0.025391975946118903, ""C23"": 0.02520260430186521, ""C24"": 0.025391975946118903, ""C25"": 0.024877722529501305}"
69,69,1,274,2.289718,25,"{""C01"": 1.139121, ""C02"": 1.173742, ""C03"": 1.210693, ""C04"": 1.242002, ""C05"": 1.262351, ""C06"": 1.142287, ""C07"": 1.206239, ""C08"": 1.145121, ""C09"": 1.179742, ""C10"": 1.685858, ""C11"": 1.562293, ""C12"": 1.561331, ""C13"": 1.572831, ""C14"": 1.600792, ""C15"": 1.641469, ""C16"": 1.562018, ""C17"": 1.569431, ""C18"": 1.691858, ""C19"": 1.568293, ""C20"": 2.448489, ""C21"": 2.408454, ""C22"": 2.428563, ""C23"": 2.428765, ""C24"": 2.424768, ""C25"": 2.454489}","{""C01"": 0, ""C02"": 0, ""C03"": 0, ""C04"": 0, ""C05"": 0, ""C06"": 0, ""C07"": 0, ""C08"": 0, ""C09"": 0, ""C10"": 0, ""C11"": 0, ""C12"": 0, ""C13"": 0, ""C14"": 0, ""C15"": 0, ""C16"": 0, ""C17"": 0, ""C18"": 0, ""C19"": 0, ""C20"": 665, ""C21"": 0, ""C22"": 0, ""C23"": 0, ""C24"": 0, ""C25"": 891}","{""C01"": 0.02539478629791589, ""C02"": 0.02539478629791589, ""C03"": 0.02539478629791589, ""C04"": 0.02539478629791589, ""C05"": 0.02539478629791589, ""C06"": 0.02539478629791589, ""C07"": 0.02539478629791589, ""C08"": 0.02539478629791589, ""C09"": 0.02539478629791589, ""C10"": 0.02539478629791589, ""C11"": 0.02539478629791589, ""C12"": 0.02539478629791589, ""C13"": 0.02539478629791589, ""C14"": 0.02539478629791589, ""C15"": 0.02539478629791589, ""C16"": 0.02539478629791589, ""C17"": 0.02539478629791589, ""C18"": 0.02539478629791589, ""C19"": 0.02539478629791589, ""C20"": 0.025009672709448896, ""C21"": 0.02539478629791589, ""C22"": 0.02539478629791589, ""C23"": 0.02539478629791589, ""C24"": 0.02539478629791589, ""C25"": 0.02487879518047723}"
70,70,1,181,1.546403,25,"{""C01"": 1.143666, ""C02"": 1.180048, ""C03"": 1.215836, ""C04"": 1.243606, ""C05"": 1.259704, ""C06"": 1.14741, ""C07"": 1.211602, ""C08"": 1.149666, ""C09"": 1.186048, ""C10"": 1.678025, ""C11"": 1.554064, ""C12"": 1.556647, ""C13"": 1.573966, ""C14"": 1.607281, ""C15"": 1.650331, ""C16"": 1.554458, ""C17"": 1.569902, ""C18"": 1.684025, ""C19"": 1.560064, ""C20"": 2.457734, ""C21"": 2.411255, ""C22"": 2.423726, ""C23"": 2.418687, ""C24"": 2.419952, ""C25"": 2.463734}","{""C01"": 0, ""C02"": 0, ""C03"": 0, ""C04"": 0, ""C05"": 0, ""C06"": 0, ""C07"": 0, ""C08"": 0, ""C09"": 0, ""C10"": 0, ""C11"": 0, ""C12"": 0, ""C13"": 0, ""C14"": 0, ""C15"": 0, ""C16"": 0, ""C17"": 0, ""C18"": 0, ""C19"": 0, ""C20"": 709, ""C21"": 0, ""C22"": 0, ""C23"": 0, ""C24"": 0, ""C25"": 845}","{""C01"": 0.02539695870379216, ""C02"": 0.02539695870379216, ""C03"": 0.02539695870379216, ""C04"": 0.02539695870379216, ""C05"": 0.02539695870379216, ""C06"": 0.02539695870379216, ""C07"": 0.02539695870379216, ""C08"": 0.02539695870379216, ""C09"": 0.02539695870379216, ""C10"": 0.02539695870379216, ""C11"": 0.02539695870379216, ""C12"": 0.02539695870379216, ""C13"": 0.02539695870379216, ""C14"": 0.02539695870379216, ""C15"": 0.02539695870379216, ""C16"": 0.02539695870379216, ""C17"": 0.02539695870379216, ""C18"": 0.02539695870379216, ""C19"": 0.02539695870379216, ""C20"": 0.02498636424664616, ""C21"": 0.02539695870379216, ""C22"": 0.02539695870379216, ""C23"": 0.02539695870379216, ""C24"": 0.02539695870379216, ""C25"": 0.024907607440606425}"
71,71,1,130,1.072481,25,"{""C01"": 1.149146, ""C02"": 1.186269, ""C03"": 1.219914, ""C04"": 1.243661, ""C05"": 1.255749, ""C06"": 1.153378, ""C07"": 1.21607, ""C08"": 1.155146, ""C09"": 1.192269, ""C10"": 1.669558, ""C11"": 1.546691, ""C12"": 1.553901, ""C13"": 1.577204, ""C14"": 1.615047, ""C15"": 1.659037, ""C16"": 1.547787, ""C17"": 1.572598, ""C18"": 1.675558, ""C19"": 1.552691, ""C20"": 2.465018, ""C21"": 2.411256, ""C22"": 2.416556, ""C23"": 2.407833, ""C24"": 2.412911, ""C25"": 2.471018}","{""C01"": 0, ""C02"": 0, ""C03"": 0, ""C04"": 0, ""C05"": 0, ""C06"": 0, ""C07"": 0, ""C08"": 0, ""C09"": 0, ""C10"": 0, ""C11"": 0, ""C12"": 0, ""C13"": 0, ""C14"": 0, ""C15"": 0, ""C16"": 0, ""C17"": 0, ""C18"": 0, ""C19"": 0, ""C20"": 732, ""C21"": 0, ""C22"": 0, ""C23"": 0, ""C24"": 0, ""C25"": 821}","{""C01"": 0.025399009849232823, ""C02"": 0.025399009849232823, ""C03"": 0.025399009849232823, ""C04"": 0.025399009849232823, ""C05"": 0.025399009849232823, ""C06"": 0.025399009849232823, ""C07"": 0.025399009849232823, ""C08"": 0.025399009849232823, ""C09"": 0.025399009849232823, ""C10"": 0.025399009849232823, ""C11"": 0.025399009849232823, ""C12"": 0.025399009849232823, ""C13"": 0.025399009849232823, ""C14"": 0.025399009849232823, ""C15"": 0.025399009849232823, ""C16"": 0.025399009849232823, ""C17"": 0.025399009849232823, ""C18"": 0.025399009849232823, ""C19"": 0.025399009849232823, ""C20"": 0.02497509534283006, ""C21"": 0.025399009849232823, ""C22"": 0.025399009849232823, ""C23"": 0.025399009849232823, ""C24"": 0.025399009849232823, ""C25"": 0.024923556772007412}"
72,72,1,108,0.944493,25,"{""C01"": 1.155224, ""C02"": 1.192025, ""C03"": 1.222677, ""C04"": 1.242169, ""C05"": 1.25074, ""C06"": 1.159834, ""C07"": 1.219372, ""C08"": 1.161224, ""C09"": 1.198025, ""C10"": 1.660991, ""C11"": 1.54064, ""C12"": 1.553273, ""C13"": 1.582355, ""C14"": 1.623615, ""C15"": 1.667054, ""C16"": 1.542449, ""C17"": 1.577352, ""C18"": 1.666991, ""C19"": 1.54664, ""C20"": 2.469906, ""C21"": 2.408472, ""C22"": 2.407516, ""C23"": 2.396894, ""C24"": 2.404103, ""C25"": 2.475906}","{""C01"": 0, ""C02"": 0, ""C03"": 0, ""C04"": 0, ""C05"": 0, ""C06"": 0, ""C07"": 0, ""C08"": 0, ""C09"": 0, ""C10"": 0, ""C11"": 0, ""C12"": 0, ""C13"": 0, ""C14"": 0, ""C15"": 0, ""C16"": 0, ""C17"": 0, ""C18"": 0, ""C19"": 0, ""C20"": 751, ""C21"": 0, ""C22"": 0, ""C23"": 0, ""C24"": 0, ""C25"": 801}","{""C01"": 0.02540018446903579, ""C02"": 0.02540018446903579, ""C03"": 0.02540018446903579, ""C04"": 0.02540018446903579, ""C05"": 0.02540018446903579, ""C06"": 0.02540018446903579, ""C07"": 0.02540018446903579, ""C08"": 0.02540018446903579, ""C09"": 0.02540018446903579, ""C10"": 0.02540018446903579, ""C11"": 0.02540018446903579, ""C12"": 0.02540018446903579, ""C13"": 0.02540018446903579, ""C14"": 0.02540018446903579, ""C15"": 0.02540018446903579, ""C16"": 0.02540018446903579, ""C17"": 0.02540018446903579, ""C18"": 0.02540018446903579, ""C19"": 0.02540018446903579, ""C20"": 0.024965266717248254, ""C21"": 0.02540018446903579, ""C22"": 0.02540018446903579, ""C23"": 0.02540018446903579, ""C24"": 0.02540018446903579, ""C25"": 0.0249363138765452}"
73,73,1,98,0.832027,25,"{""C01"": 1.161528, ""C02"": 1.196963, ""C03"": 1.223959, ""C04"": 1.239227, ""C05"": 1.244992, ""C06"": 1.166393, ""C07"": 1.221316, ""C08"": 1.167528, ""C09"": 1.202963, ""C10"": 1.652866, ""C11"": 1.536296, ""C12"": 1.554811, ""C13"": 1.589107, ""C14"": 1.632463, ""C15"": 1.673893, ""C16"": 1.538809, ""C17"": 1.58387, ""C18"": 1.658866, ""C19"": 1.542296, ""C20"": 2.472108, ""C21"": 2.403092, ""C22"": 2.397183, ""C23"": 2.386565, ""C24"": 2.394102, ""C25"": 2.478108}","{""C01"": 0, ""C02"": 0, ""C03"": 0, ""C04"": 0, ""C05"": 0, ""C06"": 0, ""C07"": 0, ""C08"": 0, ""C09"": 0, ""C10"": 0, ""C11"": 0, ""C12"": 0, ""C13"": 0, ""C14"": 0, ""C15"": 0, ""C16"": 0, ""C17"": 0, ""C18"": 0, ""C19"": 0, ""C20"": 743, ""C21"": 0, ""C22"": 0, ""C23"": 0, ""C24"": 0, ""C25"": 808}","{""C01"": 0.025400416113914817, ""C02"": 0.025400416113914817, ""C03"": 0.025400416113914817, ""C04"": 0.025400416113914817, ""C05"": 0.025400416113914817, ""C06"": 0.025400416113914817, ""C07"": 0.025400416113914817, ""C08"": 0.025400416113914817, ""C09"": 0.025400416113914817, ""C10"": 0.025400416113914817, ""C11"": 0.025400416113914817, ""C12"": 0.025400416113914817, ""C13"": 0.025400416113914817, ""C14"": 0.025400416113914817, ""C15"": 0.025400416113914817, ""C16"": 0.025400416113914817, ""C17"": 0.025400416113914817, ""C18"": 0.025400416113914817, ""C19"": 0.025400416113914817, ""C20"": 0.02497013176865341, ""C21"": 0.025400416113914817, ""C22"": 0.025400416113914817, ""C23"": 0.025400416113914817, ""C24"": 0.025400416113914817, ""C25"": 0.02493249258575177}"
74,74,1,93,0.805125,25,"{""C01"": 1.167671, ""C02"": 1.20078, ""C03"": 1.223686, ""C04"": 1.235024, ""C05"": 1.238867, ""C06"": 1.17266, ""C07"": 1.22179, ""C08"": 1.173671, ""C09"": 1.20678, ""C10"": 1.645697, ""C11"": 1.533939, ""C12"": 1.558426, ""C13"": 1.597049, ""C14"": 1.641048, ""C15"": 1.679137, ""C16"": 1.537127, ""C17"": 1.591751, ""C18"": 1.651697, ""C19"": 1.539939, ""C20"": 2.471501, ""C21"": 2.395464, ""C22"": 2.386212, ""C23"": 2.377503, ""C24"": 2.383554, ""C25"": 2.477501}","{""C01"": 0, ""C02"": 0, ""C03"": 0, ""C04"": 0, ""C05"": 0, ""C06"": 0, ""C07"": 0, ""C08"": 0, ""C09"": 0, ""C10"": 0, ""C11"": 0, ""C12"": 0, ""C13"": 0, ""C14"": 0, ""C15"": 0, ""C16"": 0, ""C17"": 0, ""C18"": 0, ""C19"": 0, ""C20"": 740, ""C21"": 0, ""C22"": 0, ""C23"": 0, ""C24"": 0, ""C25"": 812}","{""C01"": 0.02540078051912445, ""C02"": 0.02540078051912445, ""C03"": 0.02540078051912445, ""C04"": 0.02540078051912445, ""C05"": 0.02540078051912445, ""C06"": 0.02540078051912445, ""C07"": 0.02540078051912445, ""C08"": 0.02540078051912445, ""C09"": 0.02540078051912445, ""C10"": 0.02540078051912445, ""C11"": 0.02540078051912445, ""C12"": 0.02540078051912445, ""C13"": 0.02540078051912445, ""C14"": 0.02540078051912445, ""C15"": 0.02540078051912445, ""C16"": 0.02540078051912445, ""C17"": 0.02540078051912445, ""C18"": 0.02540078051912445, ""C19"": 0.02540078051912445, ""C20"": 0.02497223306729652, ""C21"": 0.02540078051912445, ""C22"": 0.02540078051912445, ""C23"": 0.02540078051912445, ""C24"": 0.02540078051912445, ""C25"": 0.02493053906390126}"
75,75,1,85,0.706135,25,"{""C01"": 1.173277, ""C02"": 1.203243, ""C03"": 1.221879, ""C04"": 1.229826, ""C05"": 1.232752, ""C06"": 1.178253, ""C07"": 1.220778, ""C08"": 1.179277, ""C09"": 1.209243, ""C10"": 1.639937, ""C11"": 1.533721, ""C12"": 1.563903, ""C13"": 1.605693, ""C14"": 1.648844, ""C15"": 1.682467, ""C16"": 1.537535, ""C17"": 1.60051, ""C18"": 1.645937, ""C19"": 1.539721, ""C20"": 2.468138, ""C21"": 2.386076, ""C22"": 2.3753, ""C23"": 2.370285, ""C24"": 2.373148, ""C25"": 2.474138}","{""C01"": 0, ""C02"": 0, ""C03"": 0, ""C04"": 0, ""C05"": 0, ""C06"": 0, ""C07"": 0, ""C08"": 0, ""C09"": 0, ""C10"": 0, ""C11"": 0, ""C12"": 0, ""C13"": 0, ""C14"": 0, ""C15"": 0, ""C16"": 0, ""C17"": 0, ""C18"": 0, ""C19"": 0, ""C20"": 749, ""C21"": 0, ""C22"": 0, ""C23"": 0, ""C24"": 0, ""C25"": 803}","{""C01"": 0.025399543097826563, ""C02"": 0.025399543097826563, ""C03"": 0.025399543097826563, ""C04"": 0.025399543097826563, ""C05"": 0.025399543097826563, ""C06"": 0.025399543097826563, ""C07"": 0.025399543097826563, ""C08"": 0.025399543097826563, ""C09"": 0.025399543097826563, ""C10"": 0.025399543097826563, ""C11"": 0.025399543097826563, ""C12"": 0.025399543097826563, ""C13"": 0.025399543097826563, ""C14"": 0.025399543097826563, ""C15"": 0.025399543097826563, ""C16"": 0.025399543097826563, ""C17"": 0.025399543097826563, ""C18"": 0.025399543097826563, ""C19"": 0.025399543097826563, ""C20"": 0.02496578393319764, ""C21"": 0.025399543097826563, ""C22"": 0.025399543097826563, ""C23"": 0.025399543097826563, ""C24"": 0.025399543097826563, ""C25"": 0.024934514837005848}"
76,76,1,83,1.233672,25,"{""C01"": 1.177999, ""C02"": 1.204205, ""C03"": 1.218655, ""C04"": 1.22396, ""C05"": 1.227031, ""C06"": 1.182826, ""C07"": 1.218355, ""C08"": 1.183999, ""C09"": 1.210205, ""C10"": 1.635951, ""C11"": 1.535664, ""C12"": 1.570907, ""C13"": 1.61451, ""C14"": 1.655373, ""C15"": 1.683683, ""C16"": 1.540038, ""C17"": 1.609612, ""C18"": 1.641951, ""C19"": 1.541664, ""C20"": 2.462238, ""C21"": 2.375523, ""C22"": 2.365137, ""C23"": 2.365371, ""C24"": 2.363561, ""C25"": 2.468238}","{""C01"": 0, ""C02"": 0, ""C03"": 0, ""C04"": 0, ""C05"": 0, ""C06"": 0, ""C07"": 0, ""C08"": 0, ""C09"": 0, ""C10"": 0, ""C11"": 0, ""C12"": 0, ""C13"": 0, ""C14"": 0, ""C15"": 0, ""C16"": 0, ""C17"": 0, ""C18"": 0, ""C19"": 0, ""C20"": 743, ""C21"": 0, ""C22"": 0, ""C23"": 0, ""C24"": 0, ""C25"": 810}","{""C01"": 0.025397978492731454, ""C02"": 0.025397978492731454, ""C03"": 0.025397978492731454, ""C04"": 0.025397978492731454, ""C05"": 0.025397978492731454, ""C06"": 0.025397978492731454, ""C07"": 0.025397978492731454, ""C08"": 0.025397978492731454, ""C09"": 0.025397978492731454, ""C10"": 0.025397978492731454, ""C11"": 0.025397978492731454, ""C12"": 0.025397978492731454, ""C13"": 0.025397978492731454, ""C14"": 0.025397978492731454, ""C15"": 0.025397978492731454, ""C16"": 0.025397978492731454, ""C17"": 0.025397978492731454, ""C18"": 0.025397978492731454, ""C19"": 0.025397978492731454, ""C20"": 0.02496769412069376, ""C21"": 0.025397978492731454, ""C22"": 0.025397978492731454, ""C23"": 0.025397978492731454, ""C24"": 0.025397978492731454, ""C25"": 0.02492889666682235}"
77,77,1,81,1.350526,25,"{""C01"": 1.18155, ""C02"": 1.203608, ""C03"": 1.214217, ""C04"": 1.217794, ""C05"": 1.222062, ""C06"": 1.186098, ""C07"": 1.21468, ""C08"": 1.18755, ""C09"": 1.209608, ""C10"": 1.633993, ""C11"": 1.539653, ""C12"": 1.579009, ""C13"": 1.622958, ""C14"": 1.660236, ""C15"": 1.682716, ""C16"": 1.544504, ""C17"": 1.618503, ""C18"": 1.639993, ""C19"": 1.545653, ""C20"": 2.45418, ""C21"": 2.364473, ""C22"": 2.356366, ""C23"": 2.363078, ""C24"": 2.355425, ""C25"": 2.46018}","{""C01"": 0, ""C02"": 0, ""C03"": 0, ""C04"": 0, ""C05"": 0, ""C06"": 0, ""C07"": 0, ""C08"": 0, ""C09"": 0, ""C10"": 0, ""C11"": 0, ""C12"": 0, ""C13"": 0, ""C14"": 0, ""C15"": 0, ""C16"": 0, ""C17"": 0, ""C18"": 0, ""C19"": 0, ""C20"": 748, ""C21"": 0, ""C22"": 0, ""C23"": 0, ""C24"": 0, ""C25"": 807}","{""C01"": 0.025396180591442566, ""C02"": 0.025396180591442566, ""C03"": 0.025396180591442566, ""C04"": 0.025396180591442566, ""C05"": 0.025396180591442566, ""C06"": 0.025396180591442566, ""C07"": 0.025396180591442566, ""C08"": 0.025396180591442566, ""C09"": 0.025396180591442566, ""C10"": 0.025396180591442566, ""C11"": 0.025396180591442566, ""C12"": 0.025396180591442566, ""C13"": 0.025396180591442566, ""C14"": 0.025396180591442566, ""C15"": 0.025396180591442566, ""C16"": 0.025396180591442566, ""C17"": 0.025396180591442566, ""C18"": 0.025396180591442566, ""C19"": 0.025396180591442566, ""C20"": 0.024963000194189466, ""C21"": 0.025396180591442566, ""C22"": 0.025396180591442566, ""C23"": 0.025396180591442566, ""C24"": 0.025396180591442566, ""C25"": 0.024928835501480298}"
78,78,1,87,1.238657,25,"{""C01"": 1.183711, ""C02"": 1.201494, ""C03"": 1.208846, ""C04"": 1.211716, ""C05"": 1.21816, ""C06"": 1.187859, ""C07"": 1.209995, ""C08"": 1.189711, ""C09"": 1.207494, ""C10"": 1.634191, ""C11"": 1.545447, ""C12"": 1.587713, ""C13"": 1.630518, ""C14"": 1.663136, ""C15"": 1.679633, ""C16"": 1.550678, ""C17"": 1.626645, ""C18"": 1.640191, ""C19"": 1.551447, ""C20"": 2.444476, ""C21"": 2.353624, ""C22"": 2.349544, ""C23"": 2.36356, ""C24"": 2.34928, ""C25"": 2.450476}","{""C01"": 0, ""C02"": 0, ""C03"": 0, ""C04"": 0, ""C05"": 0, ""C06"": 0, ""C07"": 0, ""C08"": 0, ""C09"": 0, ""C10"": 0, ""C11"": 0, ""C12"": 0, ""C13"": 0, ""C14"": 0, ""C15"": 0, ""C16"": 0, ""C17"": 0, ""C18"": 0, ""C19"": 0, ""C20"": 752, ""C21"": 0, ""C22"": 0, ""C23"": 0, ""C24"": 0, ""C25"": 805}","{""C01"": 0.025393763881810694, ""C02"": 0.025393763881810694, ""C03"": 0.025393763881810694, ""C04"": 0.025393763881810694, ""C05"": 0.025393763881810694, ""C06"": 0.025393763881810694, ""C07"": 0.025393763881810694, ""C08"": 0.025393763881810694, ""C09"": 0.025393763881810694, ""C10"": 0.025393763881810694, ""C11"": 0.025393763881810694, ""C12"": 0.025393763881810694, ""C13"": 0.025393763881810694, ""C14"": 0.025393763881810694, ""C15"": 0.025393763881810694, ""C16"": 0.025393763881810694, ""C17"": 0.025393763881810694, ""C18"": 0.025393763881810694, ""C19"": 0.025393763881810694, ""C20"": 0.02495826701184501, ""C21"": 0.025393763881810694, ""C22"": 0.025393763881810694, ""C23"": 0.025393763881810694, ""C24"": 0.025393763881810694, ""C25"": 0.02492757695980947}"
79,79,1,101,1.414043,25,"{""C01"": 1.184351, ""C02"": 1.197998, ""C03"": 1.202879, ""C04"": 1.206107, ""C05"": 1.215569, ""C06"": 1.187993, ""C07"": 1.204601, ""C08"": 1.190351, ""C09"": 1.203998, ""C10"": 1.63654, ""C11"": 1.55269, ""C12"": 1.596482, ""C13"": 1.636725, ""C14"": 1.663899, ""C15"": 1.674631, ""C16"": 1.558193, ""C17"": 1.633547, ""C18"": 1.64254, ""C19"": 1.55869, ""C20"": 2.433738, ""C21"": 2.34366, ""C22"": 2.345103, ""C23"": 2.366796, ""C24"": 2.345546, ""C25"": 2.439738}","{""C01"": 0, ""C02"": 0, ""C03"": 0, ""C04"": 0, ""C05"": 0, ""C06"": 0, ""C07"": 0, ""C08"": 0, ""C09"": 0, ""C10"": 0, ""C11"": 0, ""C12"": 0, ""C13"": 0, ""C14"": 0, ""C15"": 0, ""C16"": 0, ""C17"": 0, ""C18"": 0, ""C19"": 0, ""C20"": 751, ""C21"": 0, ""C22"": 0, ""C23"": 0, ""C24"": 0, ""C25"": 808}","{""C01"": 0.025390951763083106, ""C02"": 0.025390951763083106, ""C03"": 0.025390951763083106, ""C04"": 0.025390951763083106, ""C05"": 0.025390951763083106, ""C06"": 0.025390951763083106, ""C07"": 0.025390951763083106, ""C08"": 0.025390951763083106, ""C09"": 0.025390951763083106, ""C10"": 0.025390951763083106, ""C11"": 0.025390951763083106, ""C12"": 0.025390951763083106, ""C13"": 0.025390951763083106, ""C14"": 0.025390951763083106, ""C15"": 0.025390951763083106, ""C16"": 0.025390951763083106, ""C17"": 0.025390951763083106, ""C18"": 0.025390951763083106, ""C19"": 0.025390951763083106, ""C20"": 0.024956034288127434, ""C21"": 0.025390951763083106, ""C22"": 0.025390951763083106, ""C23"": 0.025390951763083106, ""C24"": 0.025390951763083106, ""C25"": 0.02492302775631611}"
80,80,1,121,1.397791,25,"{""C01"": 1.183435, ""C02"": 1.193339, ""C03"": 1.19669, ""C04"": 1.201319, ""C05"": 1.214454, ""C06"": 1.186483, ""C07"": 1.198842, ""C08"": 1.189435, ""C09"": 1.199339, ""C10"": 1.640896, ""C11"": 1.560938, ""C12"": 1.604776, ""C13"": 1.641199, ""C14"": 1.662484, ""C15"": 1.668025, ""C16"": 1.566599, ""C17"": 1.638798, ""C18"": 1.646896, ""C19"": 1.566938, ""C20"": 2.422645, ""C21"": 2.33521, ""C22"": 2.343331, ""C23"": 2.372594, ""C24"": 2.344492, ""C25"": 2.428645}","{""C01"": 0, ""C02"": 0, ""C03"": 0, ""C04"": 0, ""C05"": 0, ""C06"": 0, ""C07"": 0, ""C08"": 0, ""C09"": 0, ""C10"": 0, ""C11"": 0, ""C12"": 0, ""C13"": 0, ""C14"": 0, ""C15"": 0, ""C16"": 0, ""C17"": 0, ""C18"": 0, ""C19"": 0, ""C20"": 733, ""C21"": 0, ""C22"": 0, ""C23"": 0, ""C24"": 0, ""C25"": 828}","{""C01"": 0.025388008340730295, ""C02"": 0.025388008340730295, ""C03"": 0.025388008340730295, ""C04"": 0.025388008340730295, ""C05"": 0.025388008340730295, ""C06"": 0.025388008340730295, ""C07"": 0.025388008340730295, ""C08"": 0.025388008340730295, ""C09"": 0.025388008340730295, ""C10"": 0.025388008340730295, ""C11"": 0.025388008340730295, ""C12"": 0.025388008340730295, ""C13"": 0.025388008340730295, ""C14"": 0.025388008340730295, ""C15"": 0.025388008340730295, ""C16"": 0.025388008340730295, ""C17"": 0.025388008340730295, ""C18"": 0.025388008340730295, ""C19"": 0.025388008340730295, ""C20"": 0.024963515098434187, ""C21"": 0.025388008340730295, ""C22"": 0.025388008340730295, ""C23"": 0.025388008340730295, ""C24"": 0.025388008340730295, ""C25"": 0.024908502309041333}"
81,81,1,186,1.589485,25,"{""C01"": 1.181022, ""C02"": 1.187811, ""C03"": 1.190667, ""C04"": 1.197652, ""C05"": 1.214888, ""C06"": 1.18341, ""C07"": 1.193083, ""C08"": 1.187022, ""C09"": 1.193811, ""C10"": 1.646996, ""C11"": 1.569683, ""C12"": 1.612085, ""C13"": 1.643667, ""C14"": 1.658982, ""C15"": 1.660232, ""C16"": 1.575381, ""C17"": 1.642092, ""C18"": 1.652996, ""C19"": 1.575683, ""C20"": 2.411893, ""C21"": 2.328807, ""C22"": 2.344344, ""C23"": 2.380603, ""C24"": 2.34622, ""C25"": 2.417893}","{""C01"": 0, ""C02"": 0, ""C03"": 0, ""C04"": 0, ""C05"": 0, ""C06"": 0, ""C07"": 0, ""C08"": 0, ""C09"": 0, ""C10"": 0, ""C11"": 0, ""C12"": 0, ""C13"": 0, ""C14"": 0, ""C15"": 0, ""C16"": 0, ""C17"": 0, ""C18"": 0, ""C19"": 0, ""C20"": 708, ""C21"": 0, ""C22"": 0, ""C23"": 0, ""C24"": 0, ""C25"": 855}","{""C01"": 0.025385178457641558, ""C02"": 0.025385178457641558, ""C03"": 0.025385178457641558, ""C04"": 0.025385178457641558, ""C05"": 0.025385178457641558, ""C06"": 0.025385178457641558, ""C07"": 0.025385178457641558, ""C08"": 0.025385178457641558, ""C09"": 0.025385178457641558, ""C10"": 0.025385178457641558, ""C11"": 0.025385178457641558, ""C12"": 0.025385178457641558, ""C13"": 0.025385178457641558, ""C14"": 0.025385178457641558, ""C15"": 0.025385178457641558, ""C16"": 0.025385178457641558, ""C17"": 0.025385178457641558, ""C18"": 0.025385178457641558, ""C19"": 0.025385178457641558, ""C20"": 0.024975163234881952, ""C21"": 0.025385178457641558, ""C22"": 0.025385178457641558, ""C23"": 0.025385178457641558, ""C24"": 0.025385178457641558, ""C25"": 0.02489003645207342}"
82,82,1,509,5.495572,25,"{""C01"": 1.177264, ""C02"": 1.181761, ""C03"": 1.185187, ""C04"": 1.195338, ""C05"": 1.216846, ""C06"": 1.178949, ""C07"": 1.187687, ""C08"": 1.183264, ""C09"": 1.187761, ""C10"": 1.654465, ""C11"": 1.578385, ""C12"": 1.617959, ""C13"": 1.643979, ""C14"": 1.653616, ""C15"": 1.651741, ""C16"": 1.583999, ""C17"": 1.643242, ""C18"": 1.660465, ""C19"": 1.584385, ""C20"": 2.402159, ""C21"": 2.324858, ""C22"": 2.348089, ""C23"": 2.390331, ""C24"": 2.350661, ""C25"": 2.408159}","{""C01"": 0, ""C02"": 0, ""C03"": 0, ""C04"": 0, ""C05"": 0, ""C06"": 0, ""C07"": 0, ""C08"": 0, ""C09"": 0, ""C10"": 0, ""C11"": 0, ""C12"": 0, ""C13"": 0, ""C14"": 0, ""C15"": 0, ""C16"": 0, ""C17"": 0, ""C18"": 0, ""C19"": 0, ""C20"": 536, ""C21"": 0, ""C22"": 0, ""C23"": 0, ""C24"": 0, ""C25"": 1029}","{""C01"": 0.025382922733871743, ""C02"": 0.025382922733871743, ""C03"": 0.025382922733871743, ""C04"": 0.025382922733871743, ""C05"": 0.025382922733871743, ""C06"": 0.025382922733871743, ""C07"": 0.025382922733871743, ""C08"": 0.025382922733871743, ""C09"": 0.025382922733871743, ""C10"": 0.025382922733871743, ""C11"": 0.025382922733871743, ""C12"": 0.025382922733871743, ""C13"": 0.025382922733871743, ""C14"": 0.025382922733871743, ""C15"": 0.025382922733871743, ""C16"": 0.025382922733871743, ""C17"": 0.025382922733871743, ""C18"": 0.025382922733871743, ""C19"": 0.025382922733871743, ""C20"": 0.025072515390385564, ""C21"": 0.025382922733871743, ""C22"": 0.025382922733871743, ""C23"": 0.025382922733871743, ""C24"": 0.025382922733871743, ""C25"": 0.02478701346539048}"
83,83,1,109,1.381865,25,"{""C01"": 1.172399, ""C02"": 1.175566, ""C03"": 1.180593, ""C04"": 1.194523, ""C05"": 1.220209, ""C06"": 1.173363, ""C07"": 1.182992, ""C08"": 1.178399, ""C09"": 1.181566, ""C10"": 1.662841, ""C11"": 1.586509, ""C12"": 1.622037, ""C13"": 1.642122, ""C14"": 1.646724, ""C15"": 1.643085, ""C16"": 1.59192, ""C17"": 1.642198, ""C18"": 1.668841, ""C19"": 1.592509, ""C20"": 2.394057, ""C21"": 2.323616, ""C22"": 2.354339, ""C23"": 2.401183, ""C24"": 2.357571, ""C25"": 2.400057}","{""C01"": 0, ""C02"": 0, ""C03"": 0, ""C04"": 0, ""C05"": 0, ""C06"": 0, ""C07"": 0, ""C08"": 0, ""C09"": 0, ""C10"": 0, ""C11"": 0, ""C12"": 0, ""C13"": 0, ""C14"": 0, ""C15"": 0, ""C16"": 0, ""C17"": 0, ""C18"": 0, ""C19"": 0, ""C20"": 462, ""C21"": 0, ""C22"": 0, ""C23"": 563, ""C24"": 0, ""C25"": 542}","{""C01"": 0.025381279471965362, ""C02"": 0.025381279471965362, ""C03"": 0.025381279471965362, ""C04"": 0.025381279471965362, ""C05"": 0.025381279471965362, ""C06"": 0.025381279471965362, ""C07"": 0.025381279471965362, ""C08"": 0.025381279471965362, ""C09"": 0.025381279471965362, ""C10"": 0.025381279471965362, ""C11"": 0.025381279471965362, ""C12"": 0.025381279471965362, ""C13"": 0.025381279471965362, ""C14"": 0.025381279471965362, ""C15"": 0.025381279471965362, ""C16"": 0.025381279471965362, ""C17"": 0.025381279471965362, ""C18"": 0.025381279471965362, ""C19"": 0.025381279471965362, ""C20"": 0.02511372687366198, ""C21"": 0.025381279471965362, ""C22"": 0.025381279471965362, ""C23"": 0.02505523882553874, ""C24"": 0.025381279471965362, ""C25"": 0.025067399341648044}"
84,84,1,682,8.916576,25,"{""C01"": 1.16673, ""C02"": 1.169615, ""C03"": 1.177174, ""C04"": 1.195259, ""C05"": 1.22477, ""C06"": 1.166982, ""C07"": 1.179294, ""C08"": 1.17273, ""C09"": 1.175615, ""C10"": 1.671609, ""C11"": 1.593552, ""C12"": 1.624069, ""C13"": 1.638213, ""C14"": 1.638738, ""C15"": 1.634804, ""C16"": 1.598648, ""C17"": 1.639042, ""C18"": 1.677609, ""C19"": 1.599552, ""C20"": 2.388096, ""C21"": 2.325165, ""C22"": 2.362714, ""C23"": 2.41249, ""C24"": 2.366556, ""C25"": 2.394096}","{""C01"": 0, ""C02"": 0, ""C03"": 0, ""C04"": 0, ""C05"": 0, ""C06"": 0, ""C07"": 0, ""C08"": 0, ""C09"": 0, ""C10"": 0, ""C11"": 0, ""C12"": 0, ""C13"": 0, ""C14"": 0, ""C15"": 0, ""C16"": 0, ""C17"": 0, ""C18"": 0, ""C19"": 0, ""C20"": 0, ""C21"": 0, ""C22"": 0, ""C23"": 1563, ""C24"": 0, ""C25"": 0}","{""C01"": 0.02538416867569733, ""C02"": 0.02538416867569733, ""C03"": 0.02538416867569733, ""C04"": 0.02538416867569733, ""C05"": 0.02538416867569733, ""C06"": 0.02538416867569733, ""C07"": 0.02538416867569733, ""C08"": 0.02538416867569733, ""C09"": 0.02538416867569733, ""C10"": 0.02538416867569733, ""C11"": 0.02538416867569733, ""C12"": 0.02538416867569733, ""C13"": 0.02538416867569733, ""C14"": 0.02538416867569733, ""C15"": 0.02538416867569733, ""C16"": 0.02538416867569733, ""C17"": 0.02538416867569733, ""C18"": 0.02538416867569733, ""C19"": 0.02538416867569733, ""C20"": 0.02538416867569733, ""C21"": 0.02538416867569733, ""C22"": 0.02538416867569733, ""C23"": 0.024479009937884617, ""C24"": 0.02538416867569733, ""C25"": 0.02538416867569733}"
85,85,1,382,3.283975,25,"{""C01"": 1.160613, ""C02"": 1.164279, ""C03"": 1.175144, ""C04"": 1.197503, ""C05"": 1.230248, ""C06"": 1.160187, ""C07"": 1.17682, ""C08"": 1.166613, ""C09"": 1.170279, ""C10"": 1.680226, ""C11"": 1.599081, ""C12"": 1.623933, ""C13"": 1.6325, ""C14"": 1.630159, ""C15"": 1.627418, ""C16"": 1.603758, ""C17"": 1.633988, ""C18"": 1.686226, ""C19"": 1.605081, ""C20"": 2.384654, ""C21"": 2.329414, ""C22"": 2.372698, ""C23"": 2.423555, ""C24"": 2.377086, ""C25"": 2.390654}","{""C01"": 0, ""C02"": 0, ""C03"": 0, ""C04"": 0, ""C05"": 0, ""C06"": 0, ""C07"": 0, ""C08"": 0, ""C09"": 0, ""C10"": 0, ""C11"": 0, ""C12"": 0, ""C13"": 0, ""C14"": 0, ""C15"": 0, ""C16"": 0, ""C17"": 0, ""C18"": 0, ""C19"": 0, ""C20"": 0, ""C21"": 0, ""C22"": 0, ""C23"": 1561, ""C24"": 0, ""C25"": 0}","{""C01"": 0.02538715879744928, ""C02"": 0.02538715879744928, ""C03"": 0.02538715879744928, ""C04"": 0.02538715879744928, ""C05"": 0.02538715879744928, ""C06"": 0.02538715879744928, ""C07"": 0.02538715879744928, ""C08"": 0.02538715879744928, ""C09"": 0.02538715879744928, ""C10"": 0.02538715879744928, ""C11"": 0.02538715879744928, ""C12"": 0.02538715879744928, ""C13"": 0.02538715879744928, ""C14"": 0.02538715879744928, ""C15"": 0.02538715879744928, ""C16"": 0.02538715879744928, ""C17"": 0.02538715879744928, ""C18"": 0.02538715879744928, ""C19"": 0.02538715879744928, ""C20"": 0.02538715879744928, ""C21"": 0.02538715879744928, ""C22"": 0.02538715879744928, ""C23"": 0.024483157876098283, ""C24"": 0.02538715879744928, ""C25"": 0.02538715879744928}"
86,86,1,284,3.811625,25,"{""C01"": 1.15443, ""C02"": 1.159893, ""C03"": 1.174631, ""C04"": 1.201119, ""C05"": 1.236304, ""C06"": 1.153385, ""C07"": 1.175722, ""C08"": 1.16043, ""C09"": 1.165893, ""C10"": 1.688162, ""C11"": 1.602755, ""C12"": 1.621641, ""C13"": 1.625341, ""C14"": 1.621524, ""C15"": 1.62139, ""C16"": 1.606922, ""C17"": 1.627366, ""C18"": 1.694162, ""C19"": 1.608755, ""C20"": 2.38395, ""C21"": 2.336106, ""C22"": 2.383678, ""C23"": 2.433697, ""C24"": 2.388536, ""C25"": 2.38995}","{""C01"": 0, ""C02"": 0, ""C03"": 0, ""C04"": 0, ""C05"": 0, ""C06"": 0, ""C07"": 0, ""C08"": 0, ""C09"": 0, ""C10"": 0, ""C11"": 0, ""C12"": 0, ""C13"": 0, ""C14"": 0, ""C15"": 0, ""C16"": 0, ""C17"": 0, ""C18"": 0, ""C19"": 0, ""C20"": 0, ""C21"": 0, ""C22"": 0, ""C23"": 1559, ""C24"": 0, ""C25"": 0}","{""C01"": 0.025389780738943907, ""C02"": 0.025389780738943907, ""C03"": 0.025389780738943907, ""C04"": 0.025389780738943907, ""C05"": 0.025389780738943907, ""C06"": 0.025389780738943907, ""C07"": 0.025389780738943907, ""C08"": 0.025389780738943907, ""C09"": 0.025389780738943907, ""C10"": 0.025389780738943907, ""C11"": 0.025389780738943907, ""C12"": 0.025389780738943907, ""C13"": 0.025389780738943907, ""C14"": 0.025389780738943907, ""C15"": 0.025389780738943907, ""C16"": 0.025389780738943907, ""C17"": 0.025389780738943907, ""C18"": 0.025389780738943907, ""C19"": 0.025389780738943907, ""C20"": 0.025389780738943907, ""C21"": 0.025389780738943907, ""C22"": 0.025389780738943907, ""C23"": 0.02448693795896551, ""C24"": 0.025389780738943907, ""C25"": 0.025389780738943907}"
87,87,1,291,2.419952,25,"{""C01"": 1.148567, ""C02"": 1.156731, ""C03"": 1.17567, ""C04"": 1.205882, ""C05"": 1.242565, ""C06"": 1.146983, ""C07"": 1.176066, ""C08"": 1.154567, ""C09"": 1.162731, ""C10"": 1.694924, ""C11"": 1.60435, ""C12"": 1.617337, ""C13"": 1.617186, ""C14"": 1.613372, ""C15"": 1.617097, ""C16"": 1.607929, ""C17"": 1.619601, ""C18"": 1.700924, ""C19"": 1.61035, ""C20"": 2.386035, ""C21"": 2.344831, ""C22"": 2.394975, ""C23"": 2.44229, ""C24"": 2.400217, ""C25"": 2.392035}","{""C01"": 0, ""C02"": 0, ""C03"": 0, ""C04"": 0, ""C05"": 0, ""C06"": 0, ""C07"": 0, ""C08"": 0, ""C09"": 0, ""C10"": 0, ""C11"": 0, ""C12"": 0, ""C13"": 0, ""C14"": 0, ""C15"": 0, ""C16"": 0, ""C17"": 0, ""C18"": 0, ""C19"": 0, ""C20"": 0, ""C21"": 0, ""C22"": 0, ""C23"": 1557, ""C24"": 0, ""C25"": 0}","{""C01"": 0.02539180861276452, ""C02"": 0.02539180861276452, ""C03"": 0.02539180861276452, ""C04"": 0.02539180861276452, ""C05"": 0.02539180861276452, ""C06"": 0.02539180861276452, ""C07"": 0.02539180861276452, ""C08"": 0.02539180861276452, ""C09"": 0.02539180861276452, ""C10"": 0.02539180861276452, ""C11"": 0.02539180861276452, ""C12"": 0.02539180861276452, ""C13"": 0.02539180861276452, ""C14"": 0.02539180861276452, ""C15"": 0.02539180861276452, ""C16"": 0.02539180861276452, ""C17"": 0.02539180861276452, ""C18"": 0.02539180861276452, ""C19"": 0.02539180861276452, ""C20"": 0.02539180861276452, ""C21"": 0.02539180861276452, ""C22"": 0.02539180861276452, ""C23"": 0.02449012450094189, ""C24"": 0.02539180861276452, ""C25"": 0.02539180861276452}"
88,88,1,339,2.771693,25,"{""C01"": 1.143391, ""C02"": 1.154992, ""C03"": 1.178197, ""C04"": 1.211499, ""C05"": 1.248641, ""C06"": 1.141369, ""C07"": 1.177825, ""C08"": 1.149391, ""C09"": 1.160992, ""C10"": 1.700097, ""C11"": 1.603768, ""C12"": 1.611294, ""C13"": 1.608543, ""C14"": 1.606214, ""C15"": 1.614809, ""C16"": 1.6067, ""C17"": 1.611186, ""C18"": 1.706097, ""C19"": 1.609768, ""C20"": 2.390783, ""C21"": 2.35505, ""C22"": 2.405893, ""C23"": 2.448806, ""C24"": 2.411423, ""C25"": 2.396783}","{""C01"": 0, ""C02"": 0, ""C03"": 0, ""C04"": 0, ""C05"": 0, ""C06"": 0, ""C07"": 0, ""C08"": 0, ""C09"": 0, ""C10"": 0, ""C11"": 0, ""C12"": 0, ""C13"": 0, ""C14"": 0, ""C15"": 0, ""C16"": 0, ""C17"": 0, ""C18"": 0, ""C19"": 0, ""C20"": 0, ""C21"": 0, ""C22"": 0, ""C23"": 1555, ""C24"": 0, ""C25"": 0}","{""C01"": 0.025393055544527407, ""C02"": 0.025393055544527407, ""C03"": 0.025393055544527407, ""C04"": 0.025393055544527407, ""C05"": 0.025393055544527407, ""C06"": 0.025393055544527407, ""C07"": 0.025393055544527407, ""C08"": 0.025393055544527407, ""C09"": 0.025393055544527407, ""C10"": 0.025393055544527407, ""C11"": 0.025393055544527407, ""C12"": 0.025393055544527407, ""C13"": 0.025393055544527407, ""C14"": 0.025393055544527407, ""C15"": 0.025393055544527407, ""C16"": 0.025393055544527407, ""C17"": 0.025393055544527407, ""C18"": 0.025393055544527407, ""C19"": 0.025393055544527407, ""C20"": 0.025393055544527407, ""C21"": 0.025393055544527407, ""C22"": 0.025393055544527407, ""C23"": 0.024492530795919384, ""C24"": 0.025393055544527407, ""C25"": 0.025393055544527407}"
89,89,1,393,3.418449,25,"{""C01"": 1.139225, ""C02"": 1.154785, ""C03"": 1.182057, ""C04"": 1.217622, ""C05"": 1.254158, ""C06"": 1.13688, ""C07"": 1.180883, ""C08"": 1.145225, ""C09"": 1.160785, ""C10"": 1.703361, ""C11"": 1.601049, ""C12"": 1.60389, ""C13"": 1.599953, ""C14"": 1.600497, ""C15"": 1.614672, ""C16"": 1.603293, ""C17"": 1.60265, ""C18"": 1.709361, ""C19"": 1.607049, ""C20"": 2.397904, ""C21"": 2.366134, ""C22"": 2.415758, ""C23"": 2.452843, ""C24"": 2.421474, ""C25"": 2.403904}","{""C01"": 0, ""C02"": 0, ""C03"": 0, ""C04"": 0, ""C05"": 0, ""C06"": 0, ""C07"": 0, ""C08"": 0, ""C09"": 0, ""C10"": 0, ""C11"": 0, ""C12"": 0, ""C13"": 0, ""C14"": 0, ""C15"": 0, ""C16"": 0, ""C17"": 0, ""C18"": 0, ""C19"": 0, ""C20"": 0, ""C21"": 0, ""C22"": 0, ""C23"": 1555, ""C24"": 0, ""C25"": 0}","{""C01"": 0.025394543857371207, ""C02"": 0.025394543857371207, ""C03"": 0.025394543857371207, ""C04"": 0.025394543857371207, ""C05"": 0.025394543857371207, ""C06"": 0.025394543857371207, ""C07"": 0.025394543857371207, ""C08"": 0.025394543857371207, ""C09"": 0.025394543857371207, ""C10"": 0.025394543857371207, ""C11"": 0.025394543857371207, ""C12"": 0.025394543857371207, ""C13"": 0.025394543857371207, ""C14"": 0.025394543857371207, ""C15"": 0.025394543857371207, ""C16"": 0.025394543857371207, ""C17"": 0.025394543857371207, ""C18"": 0.025394543857371207, ""C19"": 0.025394543857371207, ""C20"": 0.025394543857371207, ""C21"": 0.025394543857371207, ""C22"": 0.025394543857371207, ""C23"": 0.024494017785893205, ""C24"": 0.025394543857371207, ""C25"": 0.025394543857371207}"
90,90,1,481,3.938626,25,"{""C01"": 1.136329, ""C02"": 1.156124, ""C03"": 1.187012, ""C04"": 1.223871, ""C05"": 1.258773, ""C06"": 1.13379, ""C07"": 1.185046, ""C08"": 1.142329, ""C09"": 1.162124, ""C10"": 1.704515, ""C11"": 1.596365, ""C12"": 1.595586, ""C13"": 1.591953, ""C14"": 1.596579, ""C15"": 1.616696, ""C16"": 1.597898, ""C17"": 1.594528, ""C18"": 1.710515, ""C19"": 1.602365, ""C20"": 2.40696, ""C21"": 2.377397, ""C22"": 2.42396, ""C23"": 2.454156, ""C24"": 2.429757, ""C25"": 2.41296}","{""C01"": 0, ""C02"": 0, ""C03"": 0, ""C04"": 0, ""C05"": 0, ""C06"": 0, ""C07"": 0, ""C08"": 0, ""C09"": 0, ""C10"": 0, ""C11"": 0, ""C12"": 0, ""C13"": 0, ""C14"": 0, ""C15"": 0, ""C16"": 0, ""C17"": 0, ""C18"": 0, ""C19"": 0, ""C20"": 0, ""C21"": 0, ""C22"": 0, ""C23"": 1554, ""C24"": 0, ""C25"": 0}","{""C01"": 0.025394446183462163, ""C02"": 0.025394446183462163, ""C03"": 0.025394446183462163, ""C04"": 0.025394446183462163, ""C05"": 0.025394446183462163, ""C06"": 0.025394446183462163, ""C07"": 0.025394446183462163, ""C08"": 0.025394446183462163, ""C09"": 0.025394446183462163, ""C10"": 0.025394446183462163, ""C11"": 0.025394446183462163, ""C12"": 0.025394446183462163, ""C13"": 0.025394446183462163, ""C14"": 0.025394446183462163, ""C15"": 0.025394446183462163, ""C16"": 0.025394446183462163, ""C17"": 0.025394446183462163, ""C18"": 0.025394446183462163, ""C19"": 0.025394446183462163, ""C20"": 0.025394446183462163, ""C21"": 0.025394446183462163, ""C22"": 0.025394446183462163, ""C23"": 0.024494500435183888, ""C24"": 0.025394446183462163, ""C25"": 0.025394446183462163}"
91,91,1,696,6.017838,25,"{""C01"": 1.134886, ""C02"": 1.158929, ""C03"": 1.192755, ""C04"": 1.229861, ""C05"": 1.262202, ""C06"": 1.132286, ""C07"": 1.190047, ""C08"": 1.140886, ""C09"": 1.164929, ""C10"": 1.703491, ""C11"": 1.590008, ""C12"": 1.586903, ""C13"": 1.585042, ""C14"": 1.594707, ""C15"": 1.620759, ""C16"": 1.59083, ""C17"": 1.587325, ""C18"": 1.709491, ""C19"": 1.596008, ""C20"": 2.417392, ""C21"": 2.388144, ""C22"": 2.429995, ""C23"": 2.452668, ""C24"": 2.435764, ""C25"": 2.423392}","{""C01"": 0, ""C02"": 0, ""C03"": 0, ""C04"": 0, ""C05"": 0, ""C06"": 0, ""C07"": 0, ""C08"": 0, ""C09"": 0, ""C10"": 0, ""C11"": 0, ""C12"": 0, ""C13"": 0, ""C14"": 0, ""C15"": 0, ""C16"": 0, ""C17"": 0, ""C18"": 0, ""C19"": 0, ""C20"": 0, ""C21"": 0, ""C22"": 0, ""C23"": 1555, ""C24"": 0, ""C25"": 0}","{""C01"": 0.025394479414704255, ""C02"": 0.025394479414704255, ""C03"": 0.025394479414704255, ""C04"": 0.025394479414704255, ""C05"": 0.025394479414704255, ""C06"": 0.025394479414704255, ""C07"": 0.025394479414704255, ""C08"": 0.025394479414704255, ""C09"": 0.025394479414704255, ""C10"": 0.025394479414704255, ""C11"": 0.025394479414704255, ""C12"": 0.025394479414704255, ""C13"": 0.025394479414704255, ""C14"": 0.025394479414704255, ""C15"": 0.025394479414704255, ""C16"": 0.025394479414704255, ""C17"": 0.025394479414704255, ""C18"": 0.025394479414704255, ""C19"": 0.025394479414704255, ""C20"": 0.025394479414704255, ""C21"": 0.025394479414704255, ""C22"": 0.025394479414704255, ""C23"": 0.024493953400507307, ""C24"": 0.025394479414704255, ""C25"": 0.025394479414704255}"
92,92,1,1458,15.201806,25,"{""C01"": 1.134986, ""C02"": 1.163025, ""C03"": 1.19893, ""C04"": 1.235219, ""C05"": 1.264232, ""C06"": 1.132463, ""C07"": 1.195571, ""C08"": 1.140986, ""C09"": 1.169025, ""C10"": 1.700355, ""C11"": 1.582378, ""C12"": 1.578382, ""C13"": 1.579653, ""C14"": 1.594999, ""C15"": 1.626609, ""C16"": 1.582509, ""C17"": 1.581487, ""C18"": 1.706355, ""C19"": 1.588378, ""C20"": 2.428555, ""C21"": 2.39771, ""C22"": 2.43349, ""C23"": 2.448473, ""C24"": 2.439125, ""C25"": 2.434555}","{""C01"": 0, ""C02"": 0, ""C03"": 0, ""C04"": 0, ""C05"": 0, ""C06"": 0, ""C07"": 0, ""C08"": 0, ""C09"": 0, ""C10"": 0, ""C11"": 0, ""C12"": 0, ""C13"": 0, ""C14"": 0, ""C15"": 0, ""C16"": 0, ""C17"": 0, ""C18"": 0, ""C19"": 0, ""C20"": 0, ""C21"": 0, ""C22"": 0, ""C23"": 1556, ""C24"": 0, ""C25"": 0}","{""C01"": 0.02539351365721844, ""C02"": 0.02539351365721844, ""C03"": 0.02539351365721844, ""C04"": 0.02539351365721844, ""C05"": 0.02539351365721844, ""C06"": 0.02539351365721844, ""C07"": 0.02539351365721844, ""C08"": 0.02539351365721844, ""C09"": 0.02539351365721844, ""C10"": 0.02539351365721844, ""C11"": 0.02539351365721844, ""C12"": 0.02539351365721844, ""C13"": 0.02539351365721844, ""C14"": 0.02539351365721844, ""C15"": 0.02539351365721844, ""C16"": 0.02539351365721844, ""C17"": 0.02539351365721844, ""C18"": 0.02539351365721844, ""C19"": 0.02539351365721844, ""C20"": 0.02539351365721844, ""C21"": 0.02539351365721844, ""C22"": 0.02539351365721844, ""C23"": 0.02449240826595464, ""C24"": 0.02539351365721844, ""C25"": 0.02539351365721844}"
93,93,1,345,2.822364,25,"{""C01"": 1.136624, ""C02"": 1.16816, ""C03"": 1.205154, ""C04"": 1.239614, ""C05"": 1.264738, ""C06"": 1.134311, ""C07"": 1.201268, ""C08"": 1.142624, ""C09"": 1.17416, ""C10"": 1.695302, ""C11"": 1.573949, ""C12"": 1.570555, ""C13"": 1.576122, ""C14"": 1.597439, ""C15"": 1.633885, ""C16"": 1.573428, ""C17"": 1.577369, ""C18"": 1.701302, ""C19"": 1.579949, ""C20"": 2.43976, ""C21"": 2.405504, ""C22"": 2.434232, ""C23"": 2.441838, ""C24"": 2.439629, ""C25"": 2.44576}","{""C01"": 0, ""C02"": 0, ""C03"": 0, ""C04"": 0, ""C05"": 0, ""C06"": 0, ""C07"": 0, ""C08"": 0, ""C09"": 0, ""C10"": 0, ""C11"": 0, ""C12"": 0, ""C13"": 0, ""C14"": 0, ""C15"": 0, ""C16"": 0, ""C17"": 0, ""C18"": 0, ""C19"": 0, ""C20"": 301, ""C21"": 0, ""C22"": 0, ""C23"": 333, ""C24"": 297, ""C25"": 627}","{""C01"": 0.025392501703846923, ""C02"": 0.025392501703846923, ""C03"": 0.025392501703846923, ""C04"": 0.025392501703846923, ""C05"": 0.025392501703846923, ""C06"": 0.025392501703846923, ""C07"": 0.025392501703846923, ""C08"": 0.025392501703846923, ""C09"": 0.025392501703846923, ""C10"": 0.025392501703846923, ""C11"": 0.025392501703846923, ""C12"": 0.025392501703846923, ""C13"": 0.025392501703846923, ""C14"": 0.025392501703846923, ""C15"": 0.025392501703846923, ""C16"": 0.025392501703846923, ""C17"": 0.025392501703846923, ""C18"": 0.025392501703846923, ""C19"": 0.025392501703846923, ""C20"": 0.025218187132225022, ""C21"": 0.025392501703846923, ""C22"": 0.025392501703846923, ""C23"": 0.025199656101405937, ""C24"": 0.025220503604937605, ""C25"": 0.02502939801785003}"
94,94,1,380,4.314949,25,"{""C01"": 1.1397, ""C02"": 1.174015, ""C03"": 1.211043, ""C04"": 1.242774, ""C05"": 1.263691, ""C06"": 1.137724, ""C07"": 1.206781, ""C08"": 1.1457, ""C09"": 1.180015, ""C10"": 1.688651, ""C11"": 1.565249, ""C12"": 1.563911, ""C13"": 1.574672, ""C14"": 1.601877, ""C15"": 1.642137, ""C16"": 1.564134, ""C17"": 1.57522, ""C18"": 1.694651, ""C19"": 1.571249, ""C20"": 2.450311, ""C21"": 2.411046, ""C22"": 2.432179, ""C23"": 2.433178, ""C24"": 2.437239, ""C25"": 2.456311}","{""C01"": 0, ""C02"": 0, ""C03"": 0, ""C04"": 0, ""C05"": 0, ""C06"": 0, ""C07"": 0, ""C08"": 0, ""C09"": 0, ""C10"": 0, ""C11"": 0, ""C12"": 0, ""C13"": 0, ""C14"": 0, ""C15"": 0, ""C16"": 0, ""C17"": 0, ""C18"": 0, ""C19"": 0, ""C20"": 603, ""C21"": 0, ""C22"": 0, ""C23"": 0, ""C24"": 0, ""C25"": 952}","{""C01"": 0.02539496397367541, ""C02"": 0.02539496397367541, ""C03"": 0.02539496397367541, ""C04"": 0.02539496397367541, ""C05"": 0.02539496397367541, ""C06"": 0.02539496397367541, ""C07"": 0.02539496397367541, ""C08"": 0.02539496397367541, ""C09"": 0.02539496397367541, ""C10"": 0.02539496397367541, ""C11"": 0.02539496397367541, ""C12"": 0.02539496397367541, ""C13"": 0.02539496397367541, ""C14"": 0.02539496397367541, ""C15"": 0.02539496397367541, ""C16"": 0.02539496397367541, ""C17"": 0.02539496397367541, ""C18"": 0.02539496397367541, ""C19"": 0.02539496397367541, ""C20"": 0.025045756162454354, ""C21"": 0.02539496397367541, ""C22"": 0.02539496397367541, ""C23"": 0.02539496397367541, ""C24"": 0.02539496397367541, ""C25"": 0.02484364743729773}"
95,95,1,204,1.952027,25,"{""C01"": 1.144024, ""C02"": 1.180228, ""C03"": 1.21623, ""C04"": 1.244503, ""C05"": 1.261156, ""C06"": 1.142499, ""C07"": 1.211765, ""C08"": 1.150024, ""C09"": 1.186228, ""C10"": 1.680815, ""C11"": 1.55682, ""C12"": 1.558864, ""C13"": 1.575393, ""C14"": 1.608038, ""C15"": 1.650853, ""C16"": 1.555187, ""C17"": 1.575161, ""C18"": 1.686815, ""C19"": 1.56282, ""C20"": 2.459558, ""C21"": 2.413993, ""C22"": 2.42746, ""C23"": 2.423034, ""C24"": 2.432091, ""C25"": 2.465558}","{""C01"": 0, ""C02"": 0, ""C03"": 0, ""C04"": 0, ""C05"": 0, ""C06"": 0, ""C07"": 0, ""C08"": 0, ""C09"": 0, ""C10"": 0, ""C11"": 0, ""C12"": 0, ""C13"": 0, ""C14"": 0, ""C15"": 0, ""C16"": 0, ""C17"": 0, ""C18"": 0, ""C19"": 0, ""C20"": 706, ""C21"": 0, ""C22"": 0, ""C23"": 0, ""C24"": 0, ""C25"": 848}","{""C01"": 0.025397631173771362, ""C02"": 0.025397631173771362, ""C03"": 0.025397631173771362, ""C04"": 0.025397631173771362, ""C05"": 0.025397631173771362, ""C06"": 0.025397631173771362, ""C07"": 0.025397631173771362, ""C08"": 0.025397631173771362, ""C09"": 0.025397631173771362, ""C10"": 0.025397631173771362, ""C11"": 0.025397631173771362, ""C12"": 0.025397631173771362, ""C13"": 0.025397631173771362, ""C14"": 0.025397631173771362, ""C15"": 0.025397631173771362, ""C16"": 0.025397631173771362, ""C17"": 0.025397631173771362, ""C18"": 0.025397631173771362, ""C19"": 0.025397631173771362, ""C20"": 0.02498877374000039, ""C21"": 0.025397631173771362, ""C22"": 0.025397631173771362, ""C23"": 0.025397631173771362, ""C24"": 0.025397631173771362, ""C25"": 0.024906541947584286}"
96,96,1,147,1.200600,25,"{""C01"": 1.149327, ""C02"": 1.186413, ""C03"": 1.220394, ""C04"": 1.244694, ""C05"": 1.257292, ""C06"": 1.148351, ""C07"": 1.215908, ""C08"": 1.155327, ""C09"": 1.192413, ""C10"": 1.672284, ""C11"": 1.549187, ""C12"": 1.555731, ""C13"": 1.578243, ""C14"": 1.615543, ""C15"": 1.659494, ""C16"": 1.547126, ""C17"": 1.577184, ""C18"": 1.678284, ""C19"": 1.555187, ""C20"": 2.466927, ""C21"": 2.414165, ""C22"": 2.420373, ""C23"": 2.41204, ""C24"": 2.424494, ""C25"": 2.472927}","{""C01"": 0, ""C02"": 0, ""C03"": 0, ""C04"": 0, ""C05"": 0, ""C06"": 0, ""C07"": 0, ""C08"": 0, ""C09"": 0, ""C10"": 0, ""C11"": 0, ""C12"": 0, ""C13"": 0, ""C14"": 0, ""C15"": 0, ""C16"": 0, ""C17"": 0, ""C18"": 0, ""C19"": 0, ""C20"": 723, ""C21"": 0, ""C22"": 0, ""C23"": 0, ""C24"": 0, ""C25"": 829}","{""C01"": 0.02539913813814461, ""C02"": 0.02539913813814461, ""C03"": 0.02539913813814461, ""C04"": 0.02539913813814461, ""C05"": 0.02539913813814461, ""C06"": 0.02539913813814461, ""C07"": 0.02539913813814461, ""C08"": 0.02539913813814461, ""C09"": 0.02539913813814461, ""C10"": 0.02539913813814461, ""C11"": 0.02539913813814461, ""C12"": 0.02539913813814461, ""C13"": 0.02539913813814461, ""C14"": 0.02539913813814461, ""C15"": 0.02539913813814461, ""C16"": 0.02539913813814461, ""C17"": 0.02539913813814461, ""C18"": 0.02539913813814461, ""C19"": 0.02539913813814461, ""C20"": 0.024980436142419092, ""C21"": 0.02539913813814461, ""C22"": 0.02539913813814461, ""C23"": 0.02539913813814461, ""C24"": 0.02539913813814461, ""C25"": 0.02491905309608393}"
97,97,1,113,0.937475,25,"{""C01"": 1.155281, ""C02"": 1.192186, ""C03"": 1.223278, ""C04"": 1.243338, ""C05"": 1.25234, ""C06"": 1.154933, ""C07"": 1.218954, ""C08"": 1.161281, ""C09"": 1.198186, ""C10"": 1.663589, ""C11"": 1.542827, ""C12"": 1.554707, ""C13"": 1.583047, ""C14"": 1.623925, ""C15"": 1.667523, ""C16"": 1.54044, ""C17"": 1.581151, ""C18"": 1.669589, ""C19"": 1.548827, ""C20"": 2.471964, ""C21"": 2.411554, ""C22"": 2.411361, ""C23"": 2.400882, ""C24"": 2.414902, ""C25"": 2.477964}","{""C01"": 0, ""C02"": 0, ""C03"": 0, ""C04"": 0, ""C05"": 0, ""C06"": 0, ""C07"": 0, ""C08"": 0, ""C09"": 0, ""C10"": 0, ""C11"": 0, ""C12"": 0, ""C13"": 0, ""C14"": 0, ""C15"": 0, ""C16"": 0, ""C17"": 0, ""C18"": 0, ""C19"": 0, ""C20"": 742, ""C21"": 0, ""C22"": 0, ""C23"": 0, ""C24"": 0, ""C25"": 809}","{""C01"": 0.025400365132095384, ""C02"": 0.025400365132095384, ""C03"": 0.025400365132095384, ""C04"": 0.025400365132095384, ""C05"": 0.025400365132095384, ""C06"": 0.025400365132095384, ""C07"": 0.025400365132095384, ""C08"": 0.025400365132095384, ""C09"": 0.025400365132095384, ""C10"": 0.025400365132095384, ""C11"": 0.025400365132095384, ""C12"": 0.025400365132095384, ""C13"": 0.025400365132095384, ""C14"": 0.025400365132095384, ""C15"": 0.025400365132095384, ""C16"": 0.025400365132095384, ""C17"": 0.025400365132095384, ""C18"": 0.025400365132095384, ""C19"": 0.025400365132095384, ""C20"": 0.024970659919207272, ""C21"": 0.025400365132095384, ""C22"": 0.025400365132095384, ""C23"": 0.025400365132095384, ""C24"": 0.025400365132095384, ""C25"": 0.02493186252865167}"
98,98,1,100,0.840882,25,"{""C01"": 1.161516, ""C02"": 1.19719, ""C03"": 1.224702, ""C04"": 1.240519, ""C05"": 1.246609, ""C06"": 1.161851, ""C07"": 1.220716, ""C08"": 1.167516, ""C09"": 1.20319, ""C10"": 1.655274, ""C11"": 1.538137, ""C12"": 1.555857, ""C13"": 1.589506, ""C14"": 1.632666, ""C15"": 1.674442, ""C16"": 1.535537, ""C17"": 1.586798, ""C18"": 1.661274, ""C19"": 1.544137, ""C20"": 2.474357, ""C21"": 2.406325, ""C22"": 2.400987, ""C23"": 2.390258, ""C24"": 2.403891, ""C25"": 2.480357}","{""C01"": 0, ""C02"": 0, ""C03"": 0, ""C04"": 0, ""C05"": 0, ""C06"": 0, ""C07"": 0, ""C08"": 0, ""C09"": 0, ""C10"": 0, ""C11"": 0, ""C12"": 0, ""C13"": 0, ""C14"": 0, ""C15"": 0, ""C16"": 0, ""C17"": 0, ""C18"": 0, ""C19"": 0, ""C20"": 738, ""C21"": 0, ""C22"": 0, ""C23"": 0, ""C24"": 0, ""C25"": 813}","{""C01"": 0.025401240782397402, ""C02"": 0.025401240782397402, ""C03"": 0.025401240782397402, ""C04"": 0.025401240782397402, ""C05"": 0.025401240782397402, ""C06"": 0.025401240782397402, ""C07"": 0.025401240782397402, ""C08"": 0.025401240782397402, ""C09"": 0.025401240782397402, ""C10"": 0.025401240782397402, ""C11"": 0.025401240782397402, ""C12"": 0.025401240782397402, ""C13"": 0.025401240782397402, ""C14"": 0.025401240782397402, ""C15"": 0.025401240782397402, ""C16"": 0.025401240782397402, ""C17"": 0.025401240782397402, ""C18"": 0.025401240782397402, ""C19"": 0.025401240782397402, ""C20"": 0.02497385156692576, ""C21"": 0.025401240782397402, ""C22"": 0.025401240782397402, ""C23"": 0.025401240782397402, ""C24"": 0.025401240782397402, ""C25"": 0.024930420911965585}"
99,99,1,93,0.762482,25,"{""C01"": 1.167646, ""C02"": 1.201114, ""C03"": 1.22458, ""C04"": 1.236413, ""C05"": 1.240455, ""C06"": 1.168696, ""C07"": 1.221089, ""C08"": 1.173646, ""C09"": 1.207114, ""C10"": 1.647856, ""C11"": 1.53541, ""C12"": 1.559112, ""C13"": 1.597222, ""C14"": 1.641222, ""C15"": 1.679824, ""C16"": 1.532715, ""C17"": 1.593765, ""C18"": 1.653856, ""C19"": 1.54141, ""C20"": 2.47396, ""C21"": 2.398806, ""C22"": 2.389897, ""C23"": 2.380828, ""C24"": 2.392122, ""C25"": 2.47996}","{""C01"": 0, ""C02"": 0, ""C03"": 0, ""C04"": 0, ""C05"": 0, ""C06"": 0, ""C07"": 0, ""C08"": 0, ""C09"": 0, ""C10"": 0, ""C11"": 0, ""C12"": 0, ""C13"": 0, ""C14"": 0, ""C15"": 0, ""C16"": 0, ""C17"": 0, ""C18"": 0, ""C19"": 0, ""C20"": 741, ""C21"": 0, ""C22"": 0, ""C23"": 0, ""C24"": 0, ""C25"": 810}","{""C01"": 0.025401092313128898, ""C02"": 0.025401092313128898, ""C03"": 0.025401092313128898, ""C04"": 0.025401092313128898, ""C05"": 0.025401092313128898, ""C06"": 0.025401092313128898, ""C07"": 0.025401092313128898, ""C08"": 0.025401092313128898, ""C09"": 0.025401092313128898, ""C10"": 0.025401092313128898, ""C11"": 0.025401092313128898, ""C12"": 0.025401092313128898, ""C13"": 0.025401092313128898, ""C14"": 0.025401092313128898, ""C15"": 0.025401092313128898, ""C16"": 0.025401092313128898, ""C17"": 0.025401092313128898, ""C18"": 0.025401092313128898, ""C19"": 0.025401092313128898, ""C20"": 0.02497196574312282, ""C21"": 0.025401092313128898, ""C22"": 0.025401092313128898, ""C23"": 0.025401092313128898, ""C24"": 0.025401092313128898, ""C25"": 0.024932009938198798}"
100,100,1,87,0.735976,25,"{""C01"": 1.173291, ""C02"": 1.203715, ""C03"": 1.222919, ""C04"": 1.231276, ""C05"": 1.234264, ""C06"": 1.175061, ""C07"": 1.220054, ""C08"": 1.179291, ""C09"": 1.209715, ""C10"": 1.641797, ""C11"": 1.534816, ""C12"": 1.56427, ""C13"": 1.605715, ""C14"": 1.649063, ""C15"": 1.683334, ""C16"": 1.532147, ""C17"": 1.601603, ""C18"": 1.647797, ""C19"": 1.540816, ""C20"": 2.4708, ""C21"": 2.389467, ""C22"": 2.378784, ""C23"": 2.373183, ""C24"": 2.380301, ""C25"": 2.4768}","{""C01"": 0, ""C02"": 0, ""C03"": 0, ""C04"": 0, ""C05"": 0, ""C06"": 0, ""C07"": 0, ""C08"": 0, ""C09"": 0, ""C10"": 0, ""C11"": 0, ""C12"": 0, ""C13"": 0, ""C14"": 0, ""C15"": 0, ""C16"": 0, ""C17"": 0, ""C18"": 0, ""C19"": 0, ""C20"": 741, ""C21"": 0, ""C22"": 0, ""C23"": 0, ""C24"": 0, ""C25"": 811}","{""C01"": 0.025400524022589396, ""C02"": 0.025400524022589396, ""C03"": 0.025400524022589396, ""C04"": 0.025400524022589396, ""C05"": 0.025400524022589396, ""C06"": 0.025400524022589396, ""C07"": 0.025400524022589396, ""C08"": 0.025400524022589396, ""C09"": 0.025400524022589396, ""C10"": 0.025400524022589396, ""C11"": 0.025400524022589396, ""C12"": 0.025400524022589396, ""C13"": 0.025400524022589396, ""C14"": 0.025400524022589396, ""C15"": 0.025400524022589396, ""C16"": 0.025400524022589396, ""C17"": 0.025400524022589396, ""C18"": 0.025400524022589396, ""C19"": 0.025400524022589396, ""C20"": 0.024971397452583317, ""C21"": 0.025400524022589396, ""C22"": 0.025400524022589396, ""C23"": 0.025400524022589396, ""C24"": 0.025400524022589396, ""C25"": 0.024930861917589028}"
