game_id,iter_idx,converged,rounds,duration_sec,player_count,quality_scores_json,final_datasizes_json,final_payoffs_json
1,1,1,101,0.142946,5,"{""C01"": 1.042744, ""C02"": 1.06733, ""C03"": 1.355583, ""C04"": 1.353882, ""C05"": 1.890127}","{""C01"": 0, ""C02"": 0, ""C03"": 0, ""C04"": 0, ""C05"": 1682}","{""C01"": 0.025222988505933033, ""C02"": 0.025222988505933033, ""C03"": 0.025222988505933033, ""C04"": 0.025222988505933033, ""C05"": 0.024248933877262818}"
2,2,1,100,0.197889,5,"{""C01"": 1.057263, ""C02"": 1.077619, ""C03"": 1.367979, ""C04"": 1.364416, ""C05"": 1.915167}","{""C01"": 0, ""C02"": 0, ""C03"": 0, ""C04"": 0, ""C05"": 1675}","{""C01"": 0.02523179920380786, ""C02"": 0.02523179920380786, ""C03"": 0.02523179920380786, ""C04"": 0.02523179920380786, ""C05"": 0.024261798602755718}"
3,3,1,100,0.140241,5,"{""C01"": 1.069537, ""C02"": 1.085641, ""C03"": 1.377926, ""C04"": 1.373964, ""C05"": 1.940024}","{""C01"": 0, ""C02"": 0, ""C03"": 0, ""C04"": 0, ""C05"": 1668}","{""C01"": 0.025240298300686845, ""C02"": 0.025240298300686845, ""C03"": 0.025240298300686845, ""C04"": 0.025240298300686845, ""C05"": 0.024274352487062993}"
4,4,1,99,0.138434,5,"{""C01"": 1.079526, ""C02"": 1.091621, ""C03"": 1.386012, ""C04"": 1.383142, ""C05"": 1.965243}","{""C01"": 0, ""C02"": 0, ""C03"": 0, ""C04"": 0, ""C05"": 1661}","{""C01"": 0.02524876592177465, ""C02"": 0.02524876592177465, ""C03"": 0.02524876592177465, ""C04"": 0.02524876592177465, ""C05"": 0.02428687497304662}"
5,5,1,98,0.144997,5,"{""C01"": 1.087283, ""C02"": 1.09586, ""C03"": 1.392857, ""C04"": 1.3925, ""C05"": 1.991202}","{""C01"": 0, ""C02"": 0, ""C03"": 0, ""C04"": 0, ""C05"": 1654}","{""C01"": 0.025257382696732875, ""C02"": 0.025257382696732875, ""C03"": 0.025257382696732875, ""C04"": 0.025257382696732875, ""C05"": 0.024299546242621192}"
6,6,1,97,0.135904,5,"{""C01"": 1.092953, ""C02"": 1.098722, ""C03"": 1.39908, ""C04"": 1.402502, ""C05"": 2.0181}","{""C01"": 0, ""C02"": 0, ""C03"": 0, ""C04"": 0, ""C05"": 1647}","{""C01"": 0.025266231435585693, ""C02"": 0.025266231435585693, ""C03"": 0.025266231435585693, ""C04"": 0.025266231435585693, ""C05"": 0.02431244889393649}"
7,7,1,97,0.136768,5,"{""C01"": 1.096769, ""C02"": 1.100614, ""C03"": 1.405269, ""C04"": 1.413501, ""C05"": 2.045952}","{""C01"": 0, ""C02"": 0, ""C03"": 0, ""C04"": 0, ""C05"": 1640}","{""C01"": 0.02527530234668894, ""C02"": 0.02527530234668894, ""C03"": 0.02527530234668894, ""C04"": 0.02527530234668894, ""C05"": 0.024325573151757977}"
8,8,1,96,0.139359,5,"{""C01"": 1.099035, ""C02"": 1.101962, ""C03"": 1.411945, ""C04"": 1.425719, ""C05"": 2.074597}","{""C01"": 0, ""C02"": 0, ""C03"": 0, ""C04"": 0, ""C05"": 1633}","{""C01"": 0.025284504540606226, ""C02"": 0.025284504540606226, ""C03"": 0.025284504540606226, ""C04"": 0.025284504540606226, ""C05"": 0.024338828347716626}"
9,9,1,96,0.135611,5,"{""C01"": 1.100119, ""C02"": 1.103188, ""C03"": 1.419537, ""C04"": 1.439239, ""C05"": 2.103718}","{""C01"": 0, ""C02"": 0, ""C03"": 0, ""C04"": 0, ""C05"": 1626}","{""C01"": 0.02529368254798603, ""C02"": 0.02529368254798603, ""C03"": 0.02529368254798603, ""C04"": 0.02529368254798603, ""C05"": 0.024352059401206754}"
10,10,1,95,0.133409,5,"{""C01"": 1.100423, ""C02"": 1.104688, ""C03"": 1.428358, ""C04"": 1.454008, ""C05"": 2.132865}","{""C01"": 0, ""C02"": 0, ""C03"": 0, ""C04"": 0, ""C05"": 1619}","{""C01"": 0.025302632819426185, ""C02"": 0.025302632819426185, ""C03"": 0.025302632819426185, ""C04"": 0.025302632819426185, ""C05"": 0.024365063281249287}"
11,11,1,95,0.133475,5,"{""C01"": 1.100369, ""C02"": 1.106807, ""C03"": 1.438593, ""C04"": 1.469838, ""C05"": 2.161494}","{""C01"": 0, ""C02"": 0, ""C03"": 0, ""C04"": 0, ""C05"": 1612}","{""C01"": 0.02531112528864092, ""C02"": 0.02531112528864092, ""C03"": 0.02531112528864092, ""C04"": 0.02531112528864092, ""C05"": 0.024377610517580434}"
12,12,1,95,0.136698,5,"{""C01"": 1.100367, ""C02"": 1.109823, ""C03"": 1.450285, ""C04"": 1.486427, ""C05"": 2.189007}","{""C01"": 0, ""C02"": 0, ""C03"": 0, ""C04"": 0, ""C05"": 1606}","{""C01"": 0.02531950662078311, ""C02"": 0.02531950662078311, ""C03"": 0.02531950662078311, ""C04"": 0.02531950662078311, ""C05"": 0.024389464535873626}"
13,13,1,95,0.132914,5,"{""C01"": 1.100799, ""C02"": 1.113927, ""C03"": 1.463341, ""C04"": 1.503377, ""C05"": 2.214791}","{""C01"": 0, ""C02"": 0, ""C03"": 0, ""C04"": 0, ""C05"": 1600}","{""C01"": 0.025326964091296894, ""C02"": 0.025326964091296894, ""C03"": 0.025326964091296894, ""C04"": 0.025326964091296894, ""C05"": 0.024400397049518522}"
14,14,1,95,0.132435,5,"{""C01"": 1.101992, ""C02"": 1.11922, ""C03"": 1.477542, ""C04"": 1.520225, ""C05"": 2.238267}","{""C01"": 0, ""C02"": 0, ""C03"": 0, ""C04"": 0, ""C05"": 1594}","{""C01"": 0.025333295306384382, ""C02"": 0.025333295306384382, ""C03"": 0.025333295306384382, ""C04"": 0.025333295306384382, ""C05"": 0.024410206217353708}"
15,15,1,95,0.137694,5,"{""C01"": 1.104202, ""C02"": 1.125702, ""C03"": 1.492553, ""C04"": 1.536472, ""C05"": 2.258929}","{""C01"": 0, ""C02"": 0, ""C03"": 0, ""C04"": 0, ""C05"": 1590}","{""C01"": 0.025339504203020502, ""C02"": 0.025339504203020502, ""C03"": 0.025339504203020502, ""C04"": 0.025339504203020502, ""C05"": 0.024418728602388782}"
16,16,1,95,0.132164,5,"{""C01"": 1.107599, ""C02"": 1.133278, ""C03"": 1.507952, ""C04"": 1.551622, ""C05"": 2.276379}","{""C01"": 0, ""C02"": 0, ""C03"": 0, ""C04"": 0, ""C05"": 1586}","{""C01"": 0.025344304996786443, ""C02"": 0.025344304996786443, ""C03"": 0.025344304996786443, ""C04"": 0.025344304996786443, ""C05"": 0.024425846528134072}"
17,17,1,95,0.133581,5,"{""C01"": 1.112256, ""C02"": 1.141761, ""C03"": 1.52326, ""C04"": 1.565208, ""C05"": 2.290357}","{""C01"": 0, ""C02"": 0, ""C03"": 0, ""C04"": 0, ""C05"": 1583}","{""C01"": 0.025348218098931924, ""C02"": 0.025348218098931924, ""C03"": 0.025348218098931924, ""C04"": 0.025348218098931924, ""C05"": 0.02443149666493953}"
18,18,1,95,0.132148,5,"{""C01"": 1.118152, ""C02"": 1.150892, ""C03"": 1.537968, ""C04"": 1.576829, ""C05"": 2.300766}","{""C01"": 0, ""C02"": 0, ""C03"": 0, ""C04"": 0, ""C05"": 1580}","{""C01"": 0.025350655090039503, ""C02"": 0.025350655090039503, ""C03"": 0.025350655090039503, ""C04"": 0.025350655090039503, ""C05"": 0.024435674543491805}"
19,19,1,96,0.136539,5,"{""C01"": 1.125167, ""C02"": 1.160349, ""C03"": 1.551575, ""C04"": 1.586177, ""C05"": 2.307672}","{""C01"": 0, ""C02"": 0, ""C03"": 0, ""C04"": 0, ""C05"": 1579}","{""C01"": 0.025352836880504465, ""C02"": 0.025352836880504465, ""C03"": 0.025352836880504465, ""C04"": 0.025352836880504465, ""C05"": 0.024438433052923373}"
20,20,1,96,0.134205,5,"{""C01"": 1.133096, ""C02"": 1.169777, ""C03"": 1.563619, ""C04"": 1.593054, ""C05"": 2.311313}","{""C01"": 0, ""C02"": 0, ""C03"": 0, ""C04"": 0, ""C05"": 1578}","{""C01"": 0.02535370655657196, ""C02"": 0.02535370655657196, ""C03"": 0.02535370655657196, ""C04"": 0.02535370655657196, ""C05"": 0.024439882876626785}"
21,21,1,96,0.138229,5,"{""C01"": 1.14166, ""C02"": 1.178803, ""C03"": 1.573709, ""C04"": 1.597391, ""C05"": 2.312085}","{""C01"": 0, ""C02"": 0, ""C03"": 0, ""C04"": 0, ""C05"": 1578}","{""C01"": 0.025354014444710693, ""C02"": 0.025354014444710693, ""C03"": 0.025354014444710693, ""C04"": 0.025354014444710693, ""C05"": 0.024440189959398662}"
22,22,1,96,0.139938,5,"{""C01"": 1.150528, ""C02"": 1.187066, ""C03"": 1.581553, ""C04"": 1.599252, ""C05"": 2.310516}","{""C01"": 0, ""C02"": 0, ""C03"": 0, ""C04"": 0, ""C05"": 1578}","{""C01"": 0.02535338854035589, ""C02"": 0.02535338854035589, ""C03"": 0.02535338854035589, ""C04"": 0.02535338854035589, ""C05"": 0.024439565692258056}"
23,23,1,97,0.136497,5,"{""C01"": 1.159334, ""C02"": 1.19424, ""C03"": 1.586972, ""C04"": 1.598831, ""C05"": 2.307243}","{""C01"": 0, ""C02"": 0, ""C03"": 0, ""C04"": 0, ""C05"": 1579}","{""C01"": 0.025352665377753256, ""C02"": 0.025352665377753256, ""C03"": 0.025352665377753256, ""C04"": 0.025352665377753256, ""C05"": 0.024438261998479056}"
24,24,1,97,0.136609,5,"{""C01"": 1.167705, ""C02"": 1.200051, ""C03"": 1.589918, ""C04"": 1.596444, ""C05"": 2.30297}","{""C01"": 0, ""C02"": 0, ""C03"": 0, ""C04"": 0, ""C05"": 1580}","{""C01"": 0.025351539059217443, ""C02"": 0.025351539059217443, ""C03"": 0.025351539059217443, ""C04"": 0.025351539059217443, ""C05"": 0.024436556203616296}"
25,25,1,97,0.124229,5,"{""C01"": 1.17528, ""C02"": 1.2043, ""C03"": 1.590479, ""C04"": 1.592509, ""C05"": 2.298429}","{""C01"": 0, ""C02"": 0, ""C03"": 0, ""C04"": 0, ""C05"": 1581}","{""C01"": 0.02535030087567766, ""C02"": 0.02535030087567766, ""C03"": 0.02535030087567766, ""C04"": 0.02535030087567766, ""C05"": 0.024434738836059035}"
26,26,1,97,0.085701,5,"{""C01"": 1.18174, ""C02"": 1.206872, ""C03"": 1.588868, ""C04"": 1.58752, ""C05"": 2.294338}","{""C01"": 0, ""C02"": 0, ""C03"": 0, ""C04"": 0, ""C05"": 1582}","{""C01"": 0.025349239220123984, ""C02"": 0.025349239220123984, ""C03"": 0.025349239220123984, ""C04"": 0.025349239220123984, ""C05"": 0.024433097535889778}"
27,27,1,97,0.084859,5,"{""C01"": 1.186824, ""C02"": 1.207749, ""C03"": 1.585421, ""C04"": 1.582022, ""C05"": 2.291354}","{""C01"": 0, ""C02"": 0, ""C03"": 0, ""C04"": 0, ""C05"": 1582}","{""C01"": 0.02534803622957381, ""C02"": 0.02534803622957381, ""C03"": 0.02534803622957381, ""C04"": 0.02534803622957381, ""C05"": 0.02443189768340545}"
28,28,1,97,0.084400,5,"{""C01"": 1.190344, ""C02"": 1.207005, ""C03"": 1.580568, ""C04"": 1.576573, ""C05"": 2.290039}","{""C01"": 0, ""C02"": 0, ""C03"": 0, ""C04"": 0, ""C05"": 1583}","{""C01"": 0.025348089719053404, ""C02"": 0.025348089719053404, ""C03"": 0.025348089719053404, ""C04"": 0.025348089719053404, ""C05"": 0.02443136861972868}"
29,29,1,97,0.083907,5,"{""C01"": 1.192204, ""C02"": 1.204808, ""C03"": 1.574813, ""C04"": 1.571714, ""C05"": 2.290827}","{""C01"": 0, ""C02"": 0, ""C03"": 0, ""C04"": 0, ""C05"": 1583}","{""C01"": 0.025348407795117517, ""C02"": 0.025348407795117517, ""C03"": 0.025348407795117517, ""C04"": 0.025348407795117517, ""C05"": 0.024431685866611152}"
30,30,1,96,0.129831,5,"{""C01"": 1.192401, ""C02"": 1.201408, ""C03"": 1.568703, ""C04"": 1.567935, ""C05"": 2.293994}","{""C01"": 0, ""C02"": 0, ""C03"": 0, ""C04"": 0, ""C05"": 1582}","{""C01"": 0.0253491006541159, ""C02"": 0.0253491006541159, ""C03"": 0.0253491006541159, ""C04"": 0.0253491006541159, ""C05"": 0.024432959331347634}"
31,31,1,96,0.083573,5,"{""C01"": 1.191028, ""C02"": 1.197122, ""C03"": 1.562792, ""C04"": 1.565648, ""C05"": 2.299648}","{""C01"": 0, ""C02"": 0, ""C03"": 0, ""C04"": 0, ""C05"": 1581}","{""C01"": 0.025350790522337047, ""C02"": 0.025350790522337047, ""C03"": 0.025350790522337047, ""C04"": 0.025350790522337047, ""C05"": 0.0244352272045302}"
32,32,1,95,0.083674,5,"{""C01"": 1.188268, ""C02"": 1.192313, ""C03"": 1.557612, ""C04"": 1.565157, ""C05"": 2.30772}","{""C01"": 0, ""C02"": 0, ""C03"": 0, ""C04"": 0, ""C05"": 1579}","{""C01"": 0.02535285606672695, ""C02"": 0.02535285606672695, ""C03"": 0.02535285606672695, ""C04"": 0.02535285606672695, ""C05"": 0.02443845218899306}"
33,33,1,95,0.082266,5,"{""C01"": 1.184384, ""C02"": 1.187373, ""C03"": 1.553636, ""C04"": 1.566645, ""C05"": 2.317971}","{""C01"": 0, ""C02"": 0, ""C03"": 0, ""C04"": 0, ""C05"": 1577}","{""C01"": 0.025355773172842114, ""C02"": 0.025355773172842114, ""C03"": 0.025355773172842114, ""C04"": 0.025355773172842114, ""C05"": 0.02444252650864194}"
34,34,1,95,0.082586,5,"{""C01"": 1.179703, ""C02"": 1.182692, ""C03"": 1.551254, ""C04"": 1.570161, ""C05"": 2.33001}","{""C01"": 0, ""C02"": 0, ""C03"": 0, ""C04"": 0, ""C05"": 1574}","{""C01"": 0.02535878847136444, ""C02"": 0.02535878847136444, ""C03"": 0.02535878847136444, ""C04"": 0.02535878847136444, ""C05"": 0.024447281188995577}"
35,35,1,94,0.119319,5,"{""C01"": 1.174594, ""C02"": 1.178642, ""C03"": 1.550745, ""C04"": 1.575617, ""C05"": 2.343315}","{""C01"": 0, ""C02"": 0, ""C03"": 0, ""C04"": 0, ""C05"": 1571}","{""C01"": 0.025362267567368313, ""C02"": 0.025362267567368313, ""C03"": 0.025362267567368313, ""C04"": 0.025362267567368313, ""C05"": 0.02445249845438395}"
36,36,1,94,0.082992,5,"{""C01"": 1.169449, ""C02"": 1.175548, ""C03"": 1.552263, ""C04"": 1.582799, ""C05"": 2.357274}","{""C01"": 0, ""C02"": 0, ""C03"": 0, ""C04"": 0, ""C05"": 1568}","{""C01"": 0.025365962002010647, ""C02"": 0.025365962002010647, ""C03"": 0.025365962002010647, ""C04"": 0.025365962002010647, ""C05"": 0.02445793049285318}"
37,37,1,94,0.081622,5,"{""C01"": 1.164656, ""C02"": 1.17367, ""C03"": 1.555828, ""C04"": 1.591372, ""C05"": 2.371215}","{""C01"": 0, ""C02"": 0, ""C03"": 0, ""C04"": 0, ""C05"": 1565}","{""C01"": 0.025369607220066343, ""C02"": 0.025369607220066343, ""C03"": 0.025369607220066343, ""C04"": 0.025369607220066343, ""C05"": 0.02446331344390495}"
38,38,1,94,0.080976,5,"{""C01"": 1.160578, ""C02"": 1.173189, ""C03"": 1.561325, ""C04"": 1.600911, ""C05"": 2.384456}","{""C01"": 0, ""C02"": 0, ""C03"": 0, ""C04"": 0, ""C05"": 1563}","{""C01"": 0.02537352715949981, ""C02"": 0.02537352715949981, ""C03"": 0.02537352715949981, ""C04"": 0.02537352715949981, ""C05"": 0.02446838793420767}"
39,39,1,94,0.081944,5,"{""C01"": 1.157526, ""C02"": 1.174194, ""C03"": 1.568512, ""C04"": 1.610922, ""C05"": 2.396346}","{""C01"": 0, ""C02"": 0, ""C03"": 0, ""C04"": 0, ""C05"": 1560}","{""C01"": 0.02537631210363224, ""C02"": 0.02537631210363224, ""C03"": 0.02537631210363224, ""C04"": 0.02537631210363224, ""C05"": 0.024472912881374292}"
40,40,1,94,0.087673,5,"{""C01"": 1.155746, ""C02"": 1.176679, ""C03"": 1.577033, ""C04"": 1.620873, ""C05"": 2.406305}","{""C01"": 0, ""C02"": 0, ""C03"": 0, ""C04"": 0, ""C05"": 1558}","{""C01"": 0.025378921604534727, ""C02"": 0.025378921604534727, ""C03"": 0.025378921604534727, ""C04"": 0.025378921604534727, ""C05"": 0.02447668039259176}"
41,41,1,94,0.084935,5,"{""C01"": 1.155401, ""C02"": 1.18054, ""C03"": 1.586444, ""C04"": 1.630233, ""C05"": 2.413863}","{""C01"": 0, ""C02"": 0, ""C03"": 0, ""C04"": 0, ""C05"": 1557}","{""C01"": 0.02538119078621033, ""C02"": 0.02538119078621033, ""C03"": 0.02538119078621033, ""C04"": 0.02538119078621033, ""C05"": 0.02447952601906803}"
42,42,1,94,0.080915,5,"{""C01"": 1.156559, ""C02"": 1.185585, ""C03"": 1.596241, ""C04"": 1.638499, ""C05"": 2.418688}","{""C01"": 0, ""C02"": 0, ""C03"": 0, ""C04"": 0, ""C05"": 1556}","{""C01"": 0.025382422041003078, ""C02"": 0.025382422041003078, ""C03"": 0.025382422041003078, ""C04"": 0.025382422041003078, ""C05"": 0.024481336471550322}"
43,43,1,95,0.082610,5,"{""C01"": 1.159193, ""C02"": 1.191545, ""C03"": 1.605888, ""C04"": 1.645232, ""C05"": 2.420609}","{""C01"": 0, ""C02"": 0, ""C03"": 0, ""C04"": 0, ""C05"": 1555}","{""C01"": 0.025382559296750387, ""C02"": 0.025382559296750387, ""C03"": 0.025382559296750387, ""C04"": 0.025382559296750387, ""C05"": 0.02448205583267156}"
44,44,1,95,0.082761,5,"{""C01"": 1.163182, ""C02"": 1.198091, ""C03"": 1.614855, ""C04"": 1.650082, ""C05"": 2.419627}","{""C01"": 0, ""C02"": 0, ""C03"": 0, ""C04"": 0, ""C05"": 1555}","{""C01"": 0.02538219053320835, ""C02"": 0.02538219053320835, ""C03"": 0.02538219053320835, ""C04"": 0.02538219053320835, ""C05"": 0.02448168804924293}"
45,45,1,95,0.081771,5,"{""C01"": 1.168315, ""C02"": 1.204855, ""C03"": 1.62265, ""C04"": 1.652812, ""C05"": 2.415915}","{""C01"": 0, ""C02"": 0, ""C03"": 0, ""C04"": 0, ""C05"": 1556}","{""C01"": 0.02538137925161707, ""C02"": 0.02538137925161707, ""C03"": 0.02538137925161707, ""C04"": 0.02538137925161707, ""C05"": 0.024480296451893886}"
46,46,1,96,0.084877,5,"{""C01"": 1.17431, ""C02"": 1.211452, ""C03"": 1.628847, ""C04"": 1.653313, ""C05"": 2.409808}","{""C01"": 0, ""C02"": 0, ""C03"": 0, ""C04"": 0, ""C05"": 1557}","{""C01"": 0.025379661300311315, ""C02"": 0.025379661300311315, ""C03"": 0.025379661300311315, ""C04"": 0.025379661300311315, ""C05"": 0.02447800059272529}"
47,47,1,96,0.085891,5,"{""C01"": 1.180827, ""C02"": 1.217506, ""C03"": 1.633116, ""C04"": 1.651609, ""C05"": 2.401781}","{""C01"": 0, ""C02"": 0, ""C03"": 0, ""C04"": 0, ""C05"": 1559}","{""C01"": 0.025377792212165018, ""C02"": 0.025377792212165018, ""C03"": 0.025377792212165018, ""C04"": 0.025377792212165018, ""C05"": 0.024474971530460767}"
48,48,1,96,0.082959,5,"{""C01"": 1.187493, ""C02"": 1.222671, ""C03"": 1.635246, ""C04"": 1.647859, ""C05"": 2.392426}","{""C01"": 0, ""C02"": 0, ""C03"": 0, ""C04"": 0, ""C05"": 1561}","{""C01"": 0.025375403623725312, ""C02"": 0.025375403623725312, ""C03"": 0.025375403623725312, ""C04"": 0.025375403623725312, ""C05"": 0.024471424346937345}"
49,49,1,96,0.082989,5,"{""C01"": 1.193922, ""C02"": 1.226656, ""C03"": 1.635151, ""C04"": 1.642344, ""C05"": 2.382406}","{""C01"": 0, ""C02"": 0, ""C03"": 0, ""C04"": 0, ""C05"": 1563}","{""C01"": 0.02537274182400813, ""C02"": 0.02537274182400813, ""C03"": 0.02537274182400813, ""C04"": 0.02537274182400813, ""C05"": 0.02446760467447697}"
50,50,1,96,0.082972,5,"{""C01"": 1.199741, ""C02"": 1.229239, ""C03"": 1.632883, ""C04"": 1.635451, ""C05"": 2.372424}","{""C01"": 0, ""C02"": 0, ""C03"": 0, ""C04"": 0, ""C05"": 1565}","{""C01"": 0.02537007341774393, ""C02"": 0.02537007341774393, ""C03"": 0.02537007341774393, ""C04"": 0.02537007341774393, ""C05"": 0.02446377841110844}"
51,51,1,96,0.085406,5,"{""C01"": 1.204614, ""C02"": 1.230286, ""C03"": 1.628625, ""C04"": 1.627653, ""C05"": 2.363173}","{""C01"": 0, ""C02"": 0, ""C03"": 0, ""C04"": 0, ""C05"": 1567}","{""C01"": 0.025367666994884366, ""C02"": 0.025367666994884366, ""C03"": 0.025367666994884366, ""C04"": 0.025367666994884366, ""C05"": 0.024460213438782717}"
52,52,1,97,0.088533,5,"{""C01"": 1.208262, ""C02"": 1.229754, ""C03"": 1.62268, ""C04"": 1.619471, ""C05"": 2.355296}","{""C01"": 0, ""C02"": 0, ""C03"": 0, ""C04"": 0, ""C05"": 1569}","{""C01"": 0.02536577697248936, ""C02"": 0.02536577697248936, ""C03"": 0.02536577697248936, ""C04"": 0.02536577697248936, ""C05"": 0.02445716350776001}"
53,53,1,96,0.085663,5,"{""C01"": 1.210479, ""C02"": 1.227699, ""C03"": 1.615455, ""C04"": 1.611453, ""C05"": 2.349345}","{""C01"": 0, ""C02"": 0, ""C03"": 0, ""C04"": 0, ""C05"": 1570}","{""C01"": 0.025364041633520087, ""C02"": 0.025364041633520087, ""C03"": 0.025364041633520087, ""C04"": 0.025364041633520087, ""C05"": 0.02445485029474102}"
54,54,1,96,0.085752,5,"{""C01"": 1.211148, ""C02"": 1.224269, ""C03"": 1.607433, ""C04"": 1.60413, ""C05"": 2.34575}","{""C01"": 0, ""C02"": 0, ""C03"": 0, ""C04"": 0, ""C05"": 1571}","{""C01"": 0.02536322084183784, ""C02"": 0.02536322084183784, ""C03"": 0.02536322084183784, ""C04"": 0.02536322084183784, ""C05"": 0.02445344922319638}"
55,55,1,96,0.083234,5,"{""C01"": 1.210246, ""C02"": 1.219696, ""C03"": 1.599144, ""C04"": 1.597988, ""C05"": 2.344789}","{""C01"": 0, ""C02"": 0, ""C03"": 0, ""C04"": 0, ""C05"": 1571}","{""C01"": 0.025362844794130868, ""C02"": 0.025362844794130868, ""C03"": 0.025362844794130868, ""C04"": 0.025362844794130868, ""C05"": 0.024453074163934357}"
56,56,1,96,0.083809,5,"{""C01"": 1.207847, ""C02"": 1.214281, ""C03"": 1.591133, ""C04"": 1.59344, ""C05"": 2.346573}","{""C01"": 0, ""C02"": 0, ""C03"": 0, ""C04"": 0, ""C05"": 1571}","{""C01"": 0.02536354271010334, ""C02"": 0.02536354271010334, ""C03"": 0.02536354271010334, ""C04"": 0.02536354271010334, ""C05"": 0.024453770245414314}"
57,57,1,95,0.086905,5,"{""C01"": 1.204117, ""C02"": 1.208379, ""C03"": 1.583925, ""C04"": 1.590796, ""C05"": 2.351037}","{""C01"": 0, ""C02"": 0, ""C03"": 0, ""C04"": 0, ""C05"": 1570}","{""C01"": 0.0253647018973589, ""C02"": 0.0253647018973589, ""C03"": 0.0253647018973589, ""C04"": 0.0253647018973589, ""C05"": 0.024455508821860938}"
58,58,1,95,0.089405,5,"{""C01"": 1.199302, ""C02"": 1.202371, ""C03"": 1.577994, ""C04"": 1.590245, ""C05"": 2.357949}","{""C01"": 0, ""C02"": 0, ""C03"": 0, ""C04"": 0, ""C05"": 1568}","{""C01"": 0.025366224349006525, ""C02"": 0.025366224349006525, ""C03"": 0.025366224349006525, ""C04"": 0.025366224349006525, ""C05"": 0.024458192148854963}"
59,59,1,94,0.081084,5,"{""C01"": 1.193717, ""C02"": 1.196645, ""C03"": 1.573733, ""C04"": 1.591845, ""C05"": 2.36692}","{""C01"": 0, ""C02"": 0, ""C03"": 0, ""C04"": 0, ""C05"": 1566}","{""C01"": 0.02536853291572061, ""C02"": 0.02536853291572061, ""C03"": 0.02536853291572061, ""C04"": 0.02536853291572061, ""C05"": 0.024461659523967214}"
60,60,1,94,0.081127,5,"{""C01"": 1.187722, ""C02"": 1.19157, ""C03"": 1.571429, ""C04"": 1.595519, ""C05"": 2.377431}","{""C01"": 0, ""C02"": 0, ""C03"": 0, ""C04"": 0, ""C05"": 1564}","{""C01"": 0.02537141642061355, ""C02"": 0.02537141642061355, ""C03"": 0.02537141642061355, ""C04"": 0.02537141642061355, ""C05"": 0.024465700319518342}"
61,61,1,94,0.081809,5,"{""C01"": 1.181701, ""C02"": 1.187474, ""C03"": 1.571244, ""C04"": 1.601059, ""C05"": 2.388864}","{""C01"": 0, ""C02"": 0, ""C03"": 0, ""C04"": 0, ""C05"": 1562}","{""C01"": 0.025374628648635253, ""C02"": 0.025374628648635253, ""C03"": 0.025374628648635253, ""C04"": 0.025374628648635253, ""C05"": 0.024470068965287115}"
62,62,1,94,0.082416,5,"{""C01"": 1.176042, ""C02"": 1.184624, ""C03"": 1.573211, ""C04"": 1.60814, ""C05"": 2.40054}","{""C01"": 0, ""C02"": 0, ""C03"": 0, ""C04"": 0, ""C05"": 1559}","{""C01"": 0.025377321360762026, ""C02"": 0.025377321360762026, ""C03"": 0.025377321360762026, ""C04"": 0.025377321360762026, ""C05"": 0.02447450192702663}"
63,63,1,94,0.087907,5,"{""C01"": 1.171106, ""C02"": 1.183207, ""C03"": 1.577224, ""C04"": 1.616339, ""C05"": 2.411766}","{""C01"": 0, ""C02"": 0, ""C03"": 0, ""C04"": 0, ""C05"": 1557}","{""C01"": 0.0253804002979912, ""C02"": 0.0253804002979912, ""C03"": 0.0253804002979912, ""C04"": 0.0253804002979912, ""C05"": 0.024478737628996137}"
64,64,1,94,0.083450,5,"{""C01"": 1.16721, ""C02"": 1.183322, ""C03"": 1.583051, ""C04"": 1.625163, ""C05"": 2.421871}","{""C01"": 0, ""C02"": 0, ""C03"": 0, ""C04"": 0, ""C05"": 1555}","{""C01"": 0.02538303288588975, ""C02"": 0.02538303288588975, ""C03"": 0.02538303288588975, ""C04"": 0.02538303288588975, ""C05"": 0.02448252816306319}"
65,65,1,94,0.083003,5,"{""C01"": 1.164605, ""C02"": 1.18497, ""C03"": 1.590345, ""C04"": 1.63408, ""C05"": 2.430254}","{""C01"": 0, ""C02"": 0, ""C03"": 0, ""C04"": 0, ""C05"": 1553}","{""C01"": 0.025385001902379856, ""C02"": 0.025385001902379856, ""C03"": 0.025385001902379856, ""C04"": 0.025385001902379856, ""C05"": 0.024485656890287415}"
66,66,1,94,0.081052,5,"{""C01"": 1.163464, ""C02"": 1.188057, ""C03"": 1.598666, ""C04"": 1.642548, ""C05"": 2.43642}","{""C01"": 0, ""C02"": 0, ""C03"": 0, ""C04"": 0, ""C05"": 1552}","{""C01"": 0.02538671637808118, ""C02"": 0.02538671637808118, ""C03"": 0.02538671637808118, ""C04"": 0.02538671637808118, ""C05"": 0.024487949278364847}"
67,67,1,94,0.081524,5,"{""C01"": 1.163863, ""C02"": 1.1924, ""C03"": 1.607511, ""C04"": 1.650055, ""C05"": 2.440008}","{""C01"": 0, ""C02"": 0, ""C03"": 0, ""C04"": 0, ""C05"": 1551}","{""C01"": 0.025387466193820304, ""C02"": 0.025387466193820304, ""C03"": 0.025387466193820304, ""C04"": 0.025387466193820304, ""C05"": 0.024489279575727555}"
68,68,1,94,0.081719,5,"{""C01"": 1.165786, ""C02"": 1.197737, ""C03"": 1.616342, ""C04"": 1.656147, ""C05"": 2.440816}","{""C01"": 0, ""C02"": 0, ""C03"": 0, ""C04"": 0, ""C05"": 1551}","{""C01"": 0.025387766292891523, ""C02"": 0.025387766292891523, ""C03"": 0.025387766292891523, ""C04"": 0.025387766292891523, ""C05"": 0.024489578874940635}"
69,69,1,95,0.088208,5,"{""C01"": 1.169121, ""C02"": 1.203742, ""C03"": 1.624622, ""C04"": 1.660456, ""C05"": 2.438814}","{""C01"": 0, ""C02"": 0, ""C03"": 0, ""C04"": 0, ""C05"": 1551}","{""C01"": 0.025387022464654727, ""C02"": 0.025387022464654727, ""C03"": 0.025387022464654727, ""C04"": 0.025387022464654727, ""C05"": 0.024488837029218866}"
70,70,1,95,0.087289,5,"{""C01"": 1.173666, ""C02"": 1.210048, ""C03"": 1.631847, ""C04"": 1.662725, ""C05"": 2.434146}","{""C01"": 0, ""C02"": 0, ""C03"": 0, ""C04"": 0, ""C05"": 1552}","{""C01"": 0.025385869443588893, ""C02"": 0.025385869443588893, ""C03"": 0.025385869443588893, ""C04"": 0.025385869443588893, ""C05"": 0.02448710459963114}"
71,71,1,96,0.082195,5,"{""C01"": 1.179146, ""C02"": 1.216269, ""C03"": 1.637578, ""C04"": 1.662824, ""C05"": 2.427119}","{""C01"": 0, ""C02"": 0, ""C03"": 0, ""C04"": 0, ""C05"": 1554}","{""C01"": 0.025384414495428276, ""C02"": 0.025384414495428276, ""C03"": 0.025384414495428276, ""C04"": 0.025384414495428276, ""C05"": 0.02448448857135908}"
72,72,1,96,0.083138,5,"{""C01"": 1.185224, ""C02"": 1.222025, ""C03"": 1.641467, ""C04"": 1.660756, ""C05"": 2.418186}","{""C01"": 0, ""C02"": 0, ""C03"": 0, ""C04"": 0, ""C05"": 1556}","{""C01"": 0.025382233392932912, ""C02"": 0.025382233392932912, ""C03"": 0.025382233392932912, ""C04"": 0.025382233392932912, ""C05"": 0.024481148324554006}"
73,73,1,96,0.083480,5,"{""C01"": 1.191528, ""C02"": 1.226963, ""C03"": 1.643282, ""C04"": 1.656657, ""C05"": 2.407919}","{""C01"": 0, ""C02"": 0, ""C03"": 0, ""C04"": 0, ""C05"": 1558}","{""C01"": 0.02537953194666548, ""C02"": 0.02537953194666548, ""C03"": 0.02537953194666548, ""C04"": 0.02537953194666548, ""C05"": 0.024477289115880367}"
74,74,1,96,0.082536,5,"{""C01"": 1.197671, ""C02"": 1.23078, ""C03"": 1.642918, ""C04"": 1.650791, ""C05"": 2.396969}","{""C01"": 0, ""C02"": 0, ""C03"": 0, ""C04"": 0, ""C05"": 1560}","{""C01"": 0.025376549056932554, ""C02"": 0.025376549056932554, ""C03"": 0.025376549056932554, ""C04"": 0.025376549056932554, ""C05"": 0.0244731492070753}"
75,75,1,96,0.090033,5,"{""C01"": 1.203277, ""C02"": 1.233243, ""C03"": 1.640405, ""C04"": 1.64353, ""C05"": 2.38603}","{""C01"": 0, ""C02"": 0, ""C03"": 0, ""C04"": 0, ""C05"": 1562}","{""C01"": 0.025373545317539006, ""C02"": 0.025373545317539006, ""C03"": 0.025373545317539006, ""C04"": 0.025373545317539006, ""C05"": 0.02446898849955244}"
76,76,1,96,0.088747,5,"{""C01"": 1.207999, ""C02"": 1.234205, ""C03"": 1.635906, ""C04"": 1.635333, ""C05"": 2.375795}","{""C01"": 0, ""C02"": 0, ""C03"": 0, ""C04"": 0, ""C05"": 1564}","{""C01"": 0.025370787241743298, ""C02"": 0.025370787241743298, ""C03"": 0.025370787241743298, ""C04"": 0.025370787241743298, ""C05"": 0.02446507280244712}"
77,77,1,96,0.082669,5,"{""C01"": 1.21155, ""C02"": 1.233608, ""C03"": 1.629708, ""C04"": 1.626715, ""C05"": 2.366911}","{""C01"": 0, ""C02"": 0, ""C03"": 0, ""C04"": 0, ""C05"": 1566}","{""C01"": 0.02536852943578219, ""C02"": 0.02536852943578219, ""C03"": 0.02536852943578219, ""C04"": 0.02536852943578219, ""C05"": 0.024461656053207367}"
78,78,1,97,0.084378,5,"{""C01"": 1.213711, ""C02"": 1.231494, ""C03"": 1.622202, ""C04"": 1.61822, ""C05"": 2.359941}","{""C01"": 0, ""C02"": 0, ""C03"": 0, ""C04"": 0, ""C05"": 1568}","{""C01"": 0.025366997924983217, ""C02"": 0.025366997924983217, ""C03"": 0.025366997924983217, ""C04"": 0.025366997924983217, ""C05"": 0.024458963687265665}"
79,79,1,96,0.082349,5,"{""C01"": 1.214351, ""C02"": 1.227998, ""C03"": 1.613861, ""C04"": 1.61038, ""C05"": 2.35533}","{""C01"": 0, ""C02"": 0, ""C03"": 0, ""C04"": 0, ""C05"": 1569}","{""C01"": 0.025365790201959504, ""C02"": 0.025365790201959504, ""C03"": 0.025365790201959504, ""C04"": 0.025365790201959504, ""C05"": 0.02445717670240776}"
80,80,1,96,0.084715,5,"{""C01"": 1.213435, ""C02"": 1.223339, ""C03"": 1.605208, ""C04"": 1.603688, ""C05"": 2.353371}","{""C01"": 0, ""C02"": 0, ""C03"": 0, ""C04"": 0, ""C05"": 1569}","{""C01"": 0.025365027495699022, ""C02"": 0.025365027495699022, ""C03"": 0.025365027495699022, ""C04"": 0.025365027495699022, ""C05"": 0.024456416003695323}"
81,81,1,95,0.092429,5,"{""C01"": 1.211022, ""C02"": 1.217811, ""C03"": 1.596787, ""C04"": 1.598566, ""C05"": 2.354196}","{""C01"": 0, ""C02"": 0, ""C03"": 0, ""C04"": 0, ""C05"": 1569}","{""C01"": 0.025365348809652216, ""C02"": 0.025365348809652216, ""C03"": 0.025365348809652216, ""C04"": 0.025365348809652216, ""C05"": 0.024456736471914577}"
82,82,1,95,0.081667,5,"{""C01"": 1.207264, ""C02"": 1.211761, ""C03"": 1.589125, ""C04"": 1.595336, ""C05"": 2.357762}","{""C01"": 0, ""C02"": 0, ""C03"": 0, ""C04"": 0, ""C05"": 1568}","{""C01"": 0.02536615168015921, ""C02"": 0.02536615168015921, ""C03"": 0.02536615168015921, ""C04"": 0.02536615168015921, ""C05"": 0.024458119671410584}"
83,83,1,95,0.082250,5,"{""C01"": 1.202399, ""C02"": 1.205566, ""C03"": 1.582703, ""C04"": 1.594204, ""C05"": 2.363854}","{""C01"": 0, ""C02"": 0, ""C03"": 0, ""C04"": 0, ""C05"": 1567}","{""C01"": 0.02536793078646324, ""C02"": 0.02536793078646324, ""C03"": 0.02536793078646324, ""C04"": 0.02536793078646324, ""C05"": 0.024460476535065726}"
84,84,1,94,0.081445,5,"{""C01"": 1.19673, ""C02"": 1.199615, ""C03"": 1.577925, ""C04"": 1.595243, ""C05"": 2.3721}","{""C01"": 0, ""C02"": 0, ""C03"": 0, ""C04"": 0, ""C05"": 1565}","{""C01"": 0.025369948515440513, ""C02"": 0.025369948515440513, ""C03"": 0.025369948515440513, ""C04"": 0.025369948515440513, ""C05"": 0.024463653838472734}"
85,85,1,94,0.081831,5,"{""C01"": 1.190613, ""C02"": 1.194279, ""C03"": 1.575091, ""C04"": 1.598394, ""C05"": 2.381994}","{""C01"": 0, ""C02"": 0, ""C03"": 0, ""C04"": 0, ""C05"": 1563}","{""C01"": 0.025372583871580368, ""C02"": 0.025372583871580368, ""C03"": 0.025372583871580368, ""C04"": 0.025372583871580368, ""C05"": 0.024467447139532257}"
86,86,1,94,0.084635,5,"{""C01"": 1.18443, ""C02"": 1.189893, ""C03"": 1.574381, ""C04"": 1.603463, ""C05"": 2.392927}","{""C01"": 0, ""C02"": 0, ""C03"": 0, ""C04"": 0, ""C05"": 1561}","{""C01"": 0.025375594582206715, ""C02"": 0.025375594582206715, ""C03"": 0.025375594582206715, ""C04"": 0.025375594582206715, ""C05"": 0.02447161479998676}"
87,87,1,94,0.083629,5,"{""C01"": 1.178567, ""C02"": 1.186731, ""C03"": 1.575842, ""C04"": 1.610139, ""C05"": 2.404224}","{""C01"": 0, ""C02"": 0, ""C03"": 0, ""C04"": 0, ""C05"": 1559}","{""C01"": 0.025378718080097756, ""C02"": 0.025378718080097756, ""C03"": 0.025378718080097756, ""C04"": 0.025378718080097756, ""C05"": 0.024475894944345707}"
88,88,1,94,0.083365,5,"{""C01"": 1.173391, ""C02"": 1.184992, ""C03"": 1.579386, ""C04"": 1.618009, ""C05"": 2.415189}","{""C01"": 0, ""C02"": 0, ""C03"": 0, ""C04"": 0, ""C05"": 1556}","{""C01"": 0.02538110594969714, ""C02"": 0.02538110594969714, ""C03"": 0.02538110594969714, ""C04"": 0.02538110594969714, ""C05"": 0.024480023875862848}"
89,89,1,94,0.082323,5,"{""C01"": 1.169225, ""C02"": 1.184785, ""C03"": 1.584797, ""C04"": 1.626587, ""C05"": 2.425144}","{""C01"": 0, ""C02"": 0, ""C03"": 0, ""C04"": 0, ""C05"": 1554}","{""C01"": 0.025383675302737427, ""C02"": 0.025383675302737427, ""C03"": 0.025383675302737427, ""C04"": 0.025383675302737427, ""C05"": 0.024483751344734}"
90,90,1,94,0.082047,5,"{""C01"": 1.166329, ""C02"": 1.186124, ""C03"": 1.591739, ""C04"": 1.635342, ""C05"": 2.433475}","{""C01"": 0, ""C02"": 0, ""C03"": 0, ""C04"": 0, ""C05"": 1553}","{""C01"": 0.025386203647989672, ""C02"": 0.025386203647989672, ""C03"": 0.025386203647989672, ""C04"": 0.025386203647989672, ""C05"": 0.024486855437275988}"
91,91,1,94,0.082149,5,"{""C01"": 1.164886, ""C02"": 1.188929, ""C03"": 1.599784, ""C04"": 1.643733, ""C05"": 2.439669}","{""C01"": 0, ""C02"": 0, ""C03"": 0, ""C04"": 0, ""C05"": 1551}","{""C01"": 0.025387340242672085, ""C02"": 0.025387340242672085, ""C03"": 0.025387340242672085, ""C04"": 0.025387340242672085, ""C05"": 0.024489153960275265}"
92,92,1,94,0.086228,5,"{""C01"": 1.164986, ""C02"": 1.193025, ""C03"": 1.608434, ""C04"": 1.651239, ""C05"": 2.443343}","{""C01"": 0, ""C02"": 0, ""C03"": 0, ""C04"": 0, ""C05"": 1551}","{""C01"": 0.025388703909150406, ""C02"": 0.025388703909150406, ""C03"": 0.025388703909150406, ""C04"": 0.025388703909150406, ""C05"": 0.02449051399208631}"
93,93,1,94,0.083879,5,"{""C01"": 1.166624, ""C02"": 1.19816, ""C03"": 1.617153, ""C04"": 1.657397, ""C05"": 2.444274}","{""C01"": 0, ""C02"": 0, ""C03"": 0, ""C04"": 0, ""C05"": 1550}","{""C01"": 0.025388464747928788, ""C02"": 0.025388464747928788, ""C03"": 0.025388464747928788, ""C04"": 0.025388464747928788, ""C05"": 0.02449085794972737}"
94,94,1,95,0.082275,5,"{""C01"": 1.1697, ""C02"": 1.204015, ""C03"": 1.625401, ""C04"": 1.661825, ""C05"": 2.442406}","{""C01"": 0, ""C02"": 0, ""C03"": 0, ""C04"": 0, ""C05"": 1551}","{""C01"": 0.02538835641070805, ""C02"": 0.02538835641070805, ""C03"": 0.02538835641070805, ""C04"": 0.02538835641070805, ""C05"": 0.02449016741987563}"
95,95,1,95,0.081795,5,"{""C01"": 1.174024, ""C02"": 1.210228, ""C03"": 1.632667, ""C04"": 1.664249, ""C05"": 2.437859}","{""C01"": 0, ""C02"": 0, ""C03"": 0, ""C04"": 0, ""C05"": 1552}","{""C01"": 0.025387251726515223, ""C02"": 0.025387251726515223, ""C03"": 0.025387251726515223, ""C04"": 0.025387251726515223, ""C05"": 0.024488483200884918}"
96,96,1,95,0.082275,5,"{""C01"": 1.179327, ""C02"": 1.216413, ""C03"": 1.638501, ""C04"": 1.664522, ""C05"": 2.430919}","{""C01"": 0, ""C02"": 0, ""C03"": 0, ""C04"": 0, ""C05"": 1553}","{""C01"": 0.025385250202498738, ""C02"": 0.025385250202498738, ""C03"": 0.025385250202498738, ""C04"": 0.025385250202498738, ""C05"": 0.024485904529533982}"
97,97,1,96,0.083197,5,"{""C01"": 1.185281, ""C02"": 1.222186, ""C03"": 1.642542, ""C04"": 1.662626, ""C05"": 2.422019}","{""C01"": 0, ""C02"": 0, ""C03"": 0, ""C04"": 0, ""C05"": 1555}","{""C01"": 0.025383088402039594, ""C02"": 0.025383088402039594, ""C03"": 0.025383088402039594, ""C04"": 0.025383088402039594, ""C05"": 0.02448258353165557}"
98,98,1,96,0.085253,5,"{""C01"": 1.191516, ""C02"": 1.22719, ""C03"": 1.644539, ""C04"": 1.658683, ""C05"": 2.411717}","{""C01"": 0, ""C02"": 0, ""C03"": 0, ""C04"": 0, ""C05"": 1557}","{""C01"": 0.025380381814872705, ""C02"": 0.025380381814872705, ""C03"": 0.025380381814872705, ""C04"": 0.025380381814872705, ""C05"": 0.024478719194935442}"
99,99,1,96,0.092001,5,"{""C01"": 1.197646, ""C02"": 1.231114, ""C03"": 1.644371, ""C04"": 1.652938, ""C05"": 2.400653}","{""C01"": 0, ""C02"": 0, ""C03"": 0, ""C04"": 0, ""C05"": 1559}","{""C01"": 0.025377364249134587, ""C02"": 0.025377364249134587, ""C03"": 0.025377364249134587, ""C04"": 0.025377364249134587, ""C05"": 0.02447454470172662}"
100,100,1,97,0.084106,5,"{""C01"": 1.203291, ""C02"": 1.233715, ""C03"": 1.642048, ""C04"": 1.645749, ""C05"": 2.38952}","{""C01"": 0, ""C02"": 0, ""C03"": 0, ""C04"": 0, ""C05"": 1562}","{""C01"": 0.025374879145067974, ""C02"": 0.025374879145067974, ""C03"": 0.025374879145067974, ""C04"": 0.025374879145067974, ""C05"": 0.02447031879914763}"
1,1,1,10,0.014059,5,"{""C01"": 1.0, ""C02"": 1.0, ""C03"": 1.0, ""C04"": 1.0, ""C05"": 1.0}","{""C01"": 412, ""C02"": 412, ""C03"": 412, ""C04"": 412, ""C05"": 412}","{""C01"": 0.024513362141732806, ""C02"": 0.024513362141732806, ""C03"": 0.024513362141732806, ""C04"": 0.024513362141732806, ""C05"": 0.024513362141732806}"
2,2,1,1058,1.448101,5,"{""C01"": 1.001521, ""C02"": 1.01244, ""C03"": 1.008059, ""C04"": 1.016456, ""C05"": 1.020494}","{""C01"": 0, ""C02"": 0, ""C03"": 0, ""C04"": 0, ""C05"": 2046}","{""C01"": 0.024768005164854626, ""C02"": 0.024768005164854626, ""C03"": 0.024768005164854626, ""C04"": 0.024768005164854626, ""C05"": 0.023583132099337822}"
3,3,1,354,0.482848,5,"{""C01"": 1.003375, ""C02"": 1.026667, ""C03"": 1.018514, ""C04"": 1.034074, ""C05"": 1.048744}","{""C01"": 0, ""C02"": 0, ""C03"": 0, ""C04"": 0, ""C05"": 2029}","{""C01"": 0.024790437519934067, ""C02"": 0.024790437519934067, ""C03"": 0.024790437519934067, ""C04"": 0.024790437519934067, ""C05"": 0.023615409185538422}"
4,4,1,189,0.259727,5,"{""C01"": 1.005381, ""C02"": 1.041655, ""C03"": 1.030117, ""C04"": 1.052157, ""C05"": 1.080917}","{""C01"": 0, ""C02"": 0, ""C03"": 0, ""C04"": 0, ""C05"": 2010}","{""C01"": 0.024814834439807226, ""C02"": 0.024814834439807226, ""C03"": 0.024814834439807226, ""C04"": 0.024814834439807226, ""C05"": 0.023650809466281765}"
5,5,1,132,0.181649,5,"{""C01"": 1.00749, ""C02"": 1.057161, ""C03"": 1.042534, ""C04"": 1.07055, ""C05"": 1.115934}","{""C01"": 0, ""C02"": 0, ""C03"": 0, ""C04"": 0, ""C05"": 1990}","{""C01"": 0.024840245717447543, ""C02"": 0.024840245717447543, ""C03"": 0.024840245717447543, ""C04"": 0.024840245717447543, ""C05"": 0.023687803392492015}"
6,6,1,102,0.141444,5,"{""C01"": 1.009682, ""C02"": 1.073064, ""C03"": 1.055594, ""C04"": 1.089178, ""C05"": 1.153232}","{""C01"": 0, ""C02"": 0, ""C03"": 0, ""C04"": 0, ""C05"": 1970}","{""C01"": 0.024866430876110873, ""C02"": 0.024866430876110873, ""C03"": 0.024866430876110873, ""C04"": 0.024866430876110873, ""C05"": 0.023725570654225137}"
7,7,1,84,0.114966,5,"{""C01"": 1.01194, ""C02"": 1.08929, ""C03"": 1.069191, ""C04"": 1.107993, ""C05"": 1.192453}","{""C01"": 0, ""C02"": 0, ""C03"": 0, ""C04"": 0, ""C05"": 1950}","{""C01"": 0.02489287473019154, ""C02"": 0.02489287473019154, ""C03"": 0.02489287473019154, ""C04"": 0.02489287473019154, ""C05"": 0.02376359640371862}"
8,8,1,72,0.098563,5,"{""C01"": 1.014256, ""C02"": 1.10579, ""C03"": 1.08325, ""C04"": 1.126967, ""C05"": 1.23335}","{""C01"": 0, ""C02"": 0, ""C03"": 0, ""C04"": 0, ""C05"": 1929}","{""C01"": 0.024918655559026212, ""C02"": 0.024918655559026212, ""C03"": 0.024918655559026212, ""C04"": 0.024918655559026212, ""C05"": 0.02380153957757147}"
9,9,1,64,0.088374,5,"{""C01"": 1.016622, ""C02"": 1.122528, ""C03"": 1.097718, ""C04"": 1.146077, ""C05"": 1.275739}","{""C01"": 0, ""C02"": 0, ""C03"": 0, ""C04"": 0, ""C05"": 1909}","{""C01"": 0.024944698741860574, ""C02"": 0.024944698741860574, ""C03"": 0.024944698741860574, ""C04"": 0.024944698741860574, ""C05"": 0.023839164886222803}"
10,10,1,58,0.080801,5,"{""C01"": 1.019034, ""C02"": 1.139477, ""C03"": 1.112553, ""C04"": 1.165307, ""C05"": 1.319477}","{""C01"": 0, ""C02"": 0, ""C03"": 0, ""C04"": 0, ""C05"": 1889}","{""C01"": 0.024970258449708307, ""C02"": 0.024970258449708307, ""C03"": 0.024970258449708307, ""C04"": 0.024970258449708307, ""C05"": 0.023876307038007243}"
11,11,1,54,0.074462,5,"{""C01"": 1.021485, ""C02"": 1.156616, ""C03"": 1.127723, ""C04"": 1.184645, ""C05"": 1.364448}","{""C01"": 0, ""C02"": 0, ""C03"": 0, ""C04"": 0, ""C05"": 1869}","{""C01"": 0.024995217946529286, ""C02"": 0.024995217946529286, ""C03"": 0.024995217946529286, ""C04"": 0.024995217946529286, ""C05"": 0.02391284939314796}"
12,12,1,51,0.070783,5,"{""C01"": 1.023974, ""C02"": 1.173927, ""C03"": 1.143199, ""C04"": 1.204079, ""C05"": 1.41056}","{""C01"": 0, ""C02"": 0, ""C03"": 0, ""C04"": 0, ""C05"": 1850}","{""C01"": 0.025020079927774566, ""C02"": 0.025020079927774566, ""C03"": 0.025020079927774566, ""C04"": 0.025020079927774566, ""C05"": 0.02394871423462714}"
13,13,1,48,0.066045,5,"{""C01"": 1.026497, ""C02"": 1.191397, ""C03"": 1.158959, ""C04"": 1.223603, ""C05"": 1.457733}","{""C01"": 0, ""C02"": 0, ""C03"": 0, ""C04"": 0, ""C05"": 1831}","{""C01"": 0.02504420893829694, ""C02"": 0.02504420893829694, ""C03"": 0.02504420893829694, ""C04"": 0.02504420893829694, ""C05"": 0.02398384661958189}"
14,14,1,46,0.063787,5,"{""C01"": 1.029052, ""C02"": 1.209013, ""C03"": 1.174985, ""C04"": 1.243208, ""C05"": 1.505901}","{""C01"": 0, ""C02"": 0, ""C03"": 0, ""C04"": 0, ""C05"": 1813}","{""C01"": 0.025068152321753634, ""C02"": 0.025068152321753634, ""C03"": 0.025068152321753634, ""C04"": 0.025068152321753634, ""C05"": 0.024018213421447356}"
15,15,1,44,0.060873,5,"{""C01"": 1.031636, ""C02"": 1.226765, ""C03"": 1.191259, ""C04"": 1.262888, ""C05"": 1.555004}","{""C01"": 0, ""C02"": 0, ""C03"": 0, ""C04"": 0, ""C05"": 1795}","{""C01"": 0.025091308209492943, ""C02"": 0.025091308209492943, ""C03"": 0.025091308209492943, ""C04"": 0.025091308209492943, ""C05"": 0.024051793290382047}"
16,16,1,42,0.058817,5,"{""C01"": 1.034249, ""C02"": 1.244645, ""C03"": 1.207767, ""C04"": 1.282639, ""C05"": 1.604993}","{""C01"": 0, ""C02"": 0, ""C03"": 0, ""C04"": 0, ""C05"": 1777}","{""C01"": 0.025113669055339474, ""C02"": 0.025113669055339474, ""C03"": 0.025113669055339474, ""C04"": 0.025113669055339474, ""C05"": 0.024084578705120225}"
17,17,1,41,0.056537,5,"{""C01"": 1.036887, ""C02"": 1.262644, ""C03"": 1.224498, ""C04"": 1.302456, ""C05"": 1.655822}","{""C01"": 0, ""C02"": 0, ""C03"": 0, ""C04"": 0, ""C05"": 1760}","{""C01"": 0.025135814135802112, ""C02"": 0.025135814135802112, ""C03"": 0.025135814135802112, ""C04"": 0.025135814135802112, ""C05"": 0.024116568406523944}"
18,18,1,40,0.054957,5,"{""C01"": 1.039551, ""C02"": 1.280756, ""C03"": 1.241438, ""C04"": 1.322336, ""C05"": 1.707452}","{""C01"": 0, ""C02"": 0, ""C03"": 0, ""C04"": 0, ""C05"": 1743}","{""C01"": 0.02515716900659988, ""C02"": 0.02515716900659988, ""C03"": 0.02515716900659988, ""C04"": 0.02515716900659988, ""C05"": 0.024147768492120428}"
19,19,1,39,0.051025,5,"{""C01"": 1.042238, ""C02"": 1.298976, ""C03"": 1.25858, ""C04"": 1.342273, ""C05"": 1.759848}","{""C01"": 0, ""C02"": 0, ""C03"": 0, ""C04"": 0, ""C05"": 1726}","{""C01"": 0.025177744259488835, ""C02"": 0.025177744259488835, ""C03"": 0.025177744259488835, ""C04"": 0.025177744259488835, ""C05"": 0.024178189564723424}"
20,20,1,38,0.034545,5,"{""C01"": 1.044948, ""C02"": 1.317296, ""C03"": 1.275913, ""C04"": 1.362267, ""C05"": 1.812976}","{""C01"": 0, ""C02"": 0, ""C03"": 0, ""C04"": 0, ""C05"": 1710}","{""C01"": 0.02519813342632643, ""C02"": 0.02519813342632643, ""C03"": 0.02519813342632643, ""C04"": 0.02519813342632643, ""C05"": 0.024207844565039827}"
21,21,1,37,0.030509,5,"{""C01"": 1.047679, ""C02"": 1.335714, ""C03"": 1.293429, ""C04"": 1.382312, ""C05"": 1.866809}","{""C01"": 0, ""C02"": 0, ""C03"": 0, ""C04"": 0, ""C05"": 1695}","{""C01"": 0.02521835394228443, ""C02"": 0.02521835394228443, ""C03"": 0.02521835394228443, ""C04"": 0.02521835394228443, ""C05"": 0.024236750890144047}"
22,22,1,36,0.029805,5,"{""C01"": 1.05043, ""C02"": 1.354223, ""C03"": 1.311122, ""C04"": 1.402409, ""C05"": 1.921319}","{""C01"": 0, ""C02"": 0, ""C03"": 0, ""C04"": 0, ""C05"": 1679}","{""C01"": 0.025237261469812783, ""C02"": 0.025237261469812783, ""C03"": 0.025237261469812783, ""C04"": 0.025237261469812783, ""C05"": 0.024264925419243084}"
23,23,1,36,0.030012,5,"{""C01"": 1.053202, ""C02"": 1.372821, ""C03"": 1.328984, ""C04"": 1.422553, ""C05"": 1.976482}","{""C01"": 0, ""C02"": 0, ""C03"": 0, ""C04"": 0, ""C05"": 1664}","{""C01"": 0.02525603698601818, ""C02"": 0.02525603698601818, ""C03"": 0.02525603698601818, ""C04"": 0.02525603698601818, ""C05"": 0.02429238788978069}"
24,24,1,35,0.028886,5,"{""C01"": 1.055992, ""C02"": 1.391504, ""C03"": 1.347009, ""C04"": 1.442742, ""C05"": 2.032276}","{""C01"": 0, ""C02"": 0, ""C03"": 0, ""C04"": 0, ""C05"": 1650}","{""C01"": 0.025274700778659592, ""C02"": 0.025274700778659592, ""C03"": 0.025274700778659592, ""C04"": 0.025274700778659592, ""C05"": 0.024319158547286196}"
25,25,1,35,0.028435,5,"{""C01"": 1.058801, ""C02"": 1.410269, ""C03"": 1.365192, ""C04"": 1.462976, ""C05"": 2.088679}","{""C01"": 0, ""C02"": 0, ""C03"": 0, ""C04"": 0, ""C05"": 1636}","{""C01"": 0.025292691647205268, ""C02"": 0.025292691647205268, ""C03"": 0.025292691647205268, ""C04"": 0.025292691647205268, ""C05"": 0.0243452568192774}"
26,26,1,35,0.029623,5,"{""C01"": 1.061627, ""C02"": 1.429111, ""C03"": 1.383527, ""C04"": 1.483252, ""C05"": 2.145674}","{""C01"": 0, ""C02"": 0, ""C03"": 0, ""C04"": 0, ""C05"": 1622}","{""C01"": 0.0253100312097521, ""C02"": 0.0253100312097521, ""C03"": 0.0253100312097521, ""C04"": 0.0253100312097521, ""C05"": 0.024370704320888725}"
27,27,1,34,0.030065,5,"{""C01"": 1.06447, ""C02"": 1.448029, ""C03"": 1.402009, ""C04"": 1.503569, ""C05"": 2.203241}","{""C01"": 0, ""C02"": 0, ""C03"": 0, ""C04"": 0, ""C05"": 1608}","{""C01"": 0.025326738866124673, ""C02"": 0.025326738866124673, ""C03"": 0.025326738866124673, ""C04"": 0.025326738866124673, ""C05"": 0.024395520450664863}"
28,28,1,34,0.028973,5,"{""C01"": 1.06733, ""C02"": 1.467021, ""C03"": 1.420634, ""C04"": 1.523925, ""C05"": 2.261365}","{""C01"": 0, ""C02"": 0, ""C03"": 0, ""C04"": 0, ""C05"": 1595}","{""C01"": 0.025343416621449566, ""C02"": 0.025343416621449566, ""C03"": 0.025343416621449566, ""C04"": 0.025343416621449566, ""C05"": 0.024419726499578607}"
29,29,1,33,0.027982,5,"{""C01"": 1.070206, ""C02"": 1.486082, ""C03"": 1.439397, ""C04"": 1.544318, ""C05"": 2.320029}","{""C01"": 0, ""C02"": 0, ""C03"": 0, ""C04"": 0, ""C05"": 1582}","{""C01"": 0.02535950279252737, ""C02"": 0.02535950279252737, ""C03"": 0.02535950279252737, ""C04"": 0.02535950279252737, ""C05"": 0.024443341464951026}"
30,30,1,33,0.028631,5,"{""C01"": 1.073097, ""C02"": 1.505212, ""C03"": 1.458295, ""C04"": 1.564748, ""C05"": 2.37922}","{""C01"": 0, ""C02"": 0, ""C03"": 0, ""C04"": 0, ""C05"": 1570}","{""C01"": 0.025375598574550587, ""C02"": 0.025375598574550587, ""C03"": 0.025375598574550587, ""C04"": 0.025375598574550587, ""C05"": 0.024466385800742417}"
31,31,1,33,0.028273,5,"{""C01"": 1.076003, ""C02"": 1.524408, ""C03"": 1.477324, ""C04"": 1.585213, ""C05"": 2.438923}","{""C01"": 0, ""C02"": 0, ""C03"": 0, ""C04"": 0, ""C05"": 1557}","{""C01"": 0.025390560446286764, ""C02"": 0.025390560446286764, ""C03"": 0.025390560446286764, ""C04"": 0.025390560446286764, ""C05"": 0.024488877442324645}"
32,32,1,32,0.026670,5,"{""C01"": 1.078924, ""C02"": 1.543668, ""C03"": 1.49648, ""C04"": 1.605713, ""C05"": 2.499126}","{""C01"": 0, ""C02"": 0, ""C03"": 0, ""C04"": 0, ""C05"": 1545}","{""C01"": 0.02540556933429973, ""C02"": 0.02540556933429973, ""C03"": 0.02540556933429973, ""C04"": 0.02540556933429973, ""C05"": 0.02451083582502621}"
33,33,1,32,0.027638,5,"{""C01"": 1.081858, ""C02"": 1.56299, ""C03"": 1.51576, ""C04"": 1.626245, ""C05"": 2.559816}","{""C01"": 0, ""C02"": 0, ""C03"": 0, ""C04"": 0, ""C05"": 1534}","{""C01"": 0.025420642959886247, ""C02"": 0.025420642959886247, ""C03"": 0.025420642959886247, ""C04"": 0.025420642959886247, ""C05"": 0.024532278626812995}"
34,34,1,32,0.026698,5,"{""C01"": 1.084807, ""C02"": 1.582373, ""C03"": 1.535161, ""C04"": 1.64681, ""C05"": 2.620983}","{""C01"": 0, ""C02"": 0, ""C03"": 0, ""C04"": 0, ""C05"": 1522}","{""C01"": 0.025434636998444823, ""C02"": 0.025434636998444823, ""C03"": 0.025434636998444823, ""C04"": 0.025434636998444823, ""C05"": 0.024553223057221435}"
35,35,1,32,0.027338,5,"{""C01"": 1.087769, ""C02"": 1.601815, ""C03"": 1.55468, ""C04"": 1.667405, ""C05"": 2.682614}","{""C01"": 0, ""C02"": 0, ""C03"": 0, ""C04"": 0, ""C05"": 1511}","{""C01"": 0.025448729750933305, ""C02"": 0.025448729750933305, ""C03"": 0.025448729750933305, ""C04"": 0.025448729750933305, ""C05"": 0.02457368584859461}"
36,36,1,32,0.027395,5,"{""C01"": 1.090744, ""C02"": 1.621313, ""C03"": 1.574314, ""C04"": 1.688032, ""C05"": 2.744701}","{""C01"": 0, ""C02"": 0, ""C03"": 0, ""C04"": 0, ""C05"": 1500}","{""C01"": 0.025462357054892693, ""C02"": 0.025462357054892693, ""C03"": 0.025462357054892693, ""C04"": 0.025462357054892693, ""C05"": 0.02459368360933753}"
37,37,1,32,0.027444,5,"{""C01"": 1.093732, ""C02"": 1.640868, ""C03"": 1.594061, ""C04"": 1.708687, ""C05"": 2.807233}","{""C01"": 0, ""C02"": 0, ""C03"": 0, ""C04"": 0, ""C05"": 1490}","{""C01"": 0.025476115245524622, ""C02"": 0.025476115245524622, ""C03"": 0.025476115245524622, ""C04"": 0.025476115245524622, ""C05"": 0.024613231844054936}"
38,38,1,31,0.062670,5,"{""C01"": 1.096733, ""C02"": 1.660477, ""C03"": 1.613917, ""C04"": 1.729371, ""C05"": 2.8702}","{""C01"": 0, ""C02"": 0, ""C03"": 0, ""C04"": 0, ""C05"": 1479}","{""C01"": 0.02548885706004099, ""C02"": 0.02548885706004099, ""C03"": 0.02548885706004099, ""C04"": 0.02548885706004099, ""C05"": 0.024632344925214808}"
39,39,1,31,0.043026,5,"{""C01"": 1.099745, ""C02"": 1.680139, ""C03"": 1.633882, ""C04"": 1.750084, ""C05"": 2.933595}","{""C01"": 0, ""C02"": 0, ""C03"": 0, ""C04"": 0, ""C05"": 1469}","{""C01"": 0.02550175964697403, ""C02"": 0.02550175964697403, ""C03"": 0.02550175964697403, ""C04"": 0.02550175964697403, ""C05"": 0.02465103833191747}"
40,40,1,31,0.043493,5,"{""C01"": 1.10277, ""C02"": 1.699853, ""C03"": 1.653951, ""C04"": 1.770823, ""C05"": 2.997408}","{""C01"": 0, ""C02"": 0, ""C03"": 0, ""C04"": 0, ""C05"": 1459}","{""C01"": 0.025514255400137104, ""C02"": 0.025514255400137104, ""C03"": 0.025514255400137104, ""C04"": 0.025514255400137104, ""C05"": 0.02466932528011124}"
41,41,1,31,0.042930,5,"{""C01"": 1.105806, ""C02"": 1.719618, ""C03"": 1.674124, ""C04"": 1.791589, ""C05"": 3.061631}","{""C01"": 0, ""C02"": 0, ""C03"": 0, ""C04"": 0, ""C05"": 1449}","{""C01"": 0.025526357740239383, ""C02"": 0.025526357740239383, ""C03"": 0.025526357740239383, ""C04"": 0.025526357740239383, ""C05"": 0.024687219186061964}"
42,42,1,31,0.042962,5,"{""C01"": 1.108853, ""C02"": 1.739432, ""C03"": 1.694398, ""C04"": 1.812381, ""C05"": 3.126257}","{""C01"": 0, ""C02"": 0, ""C03"": 0, ""C04"": 0, ""C05"": 1440}","{""C01"": 0.02553866084613915, ""C02"": 0.02553866084613915, ""C03"": 0.02553866084613915, ""C04"": 0.02553866084613915, ""C05"": 0.024704733336994814}"
43,43,1,31,0.042426,5,"{""C01"": 1.111912, ""C02"": 1.759294, ""C03"": 1.714771, ""C04"": 1.833199, ""C05"": 3.191279}","{""C01"": 0, ""C02"": 0, ""C03"": 0, ""C04"": 0, ""C05"": 1430}","{""C01"": 0.025550015026510844, ""C02"": 0.025550015026510844, ""C03"": 0.025550015026510844, ""C04"": 0.025550015026510844, ""C05"": 0.024721879798952674}"
44,44,1,31,0.042625,5,"{""C01"": 1.114982, ""C02"": 1.779204, ""C03"": 1.735241, ""C04"": 1.854041, ""C05"": 3.256688}","{""C01"": 0, ""C02"": 0, ""C03"": 0, ""C04"": 0, ""C05"": 1421}","{""C01"": 0.02556159383097345, ""C02"": 0.02556159383097345, ""C03"": 0.02556159383097345, ""C04"": 0.02556159383097345, ""C05"": 0.02473867033216553}"
45,45,1,31,0.042536,5,"{""C01"": 1.118062, ""C02"": 1.79916, ""C03"": 1.755807, ""C04"": 1.874908, ""C05"": 3.322479}","{""C01"": 0, ""C02"": 0, ""C03"": 0, ""C04"": 0, ""C05"": 1412}","{""C01"": 0.025572828011930115, ""C02"": 0.025572828011930115, ""C03"": 0.025572828011930115, ""C04"": 0.025572828011930115, ""C05"": 0.024755116571636454}"
46,46,1,31,0.043013,5,"{""C01"": 1.121153, ""C02"": 1.819162, ""C03"": 1.776467, ""C04"": 1.895798, ""C05"": 3.388645}","{""C01"": 0, ""C02"": 0, ""C03"": 0, ""C04"": 0, ""C05"": 1403}","{""C01"": 0.025583728402297945, ""C02"": 0.025583728402297945, ""C03"": 0.025583728402297945, ""C04"": 0.025583728402297945, ""C05"": 0.024771229346386123}"
47,47,1,30,0.041439,5,"{""C01"": 1.124255, ""C02"": 1.839208, ""C03"": 1.797218, ""C04"": 1.916711, ""C05"": 3.45518}","{""C01"": 0, ""C02"": 0, ""C03"": 0, ""C04"": 0, ""C05"": 1394}","{""C01"": 0.02559430553159224, ""C02"": 0.02559430553159224, ""C03"": 0.02559430553159224, ""C04"": 0.02559430553159224, ""C05"": 0.024787019182198746}"
48,48,1,30,0.041402,5,"{""C01"": 1.127366, ""C02"": 1.859297, ""C03"": 1.81806, ""C04"": 1.937648, ""C05"": 3.522077}","{""C01"": 0, ""C02"": 0, ""C03"": 0, ""C04"": 0, ""C05"": 1386}","{""C01"": 0.025605150687271247, ""C02"": 0.025605150687271247, ""C03"": 0.025605150687271247, ""C04"": 0.025605150687271247, ""C05"": 0.024802496404410377}"
49,49,1,30,0.041563,5,"{""C01"": 1.130487, ""C02"": 1.87943, ""C03"": 1.838991, ""C04"": 1.958606, ""C05"": 3.589331}","{""C01"": 0, ""C02"": 0, ""C03"": 0, ""C04"": 0, ""C05"": 1378}","{""C01"": 0.025615692334811965, ""C02"": 0.025615692334811965, ""C03"": 0.025615692334811965, ""C04"": 0.025615692334811965, ""C05"": 0.02481767041035129}"
50,50,1,30,0.041461,5,"{""C01"": 1.133618, ""C02"": 1.899604, ""C03"": 1.860009, ""C04"": 1.979586, ""C05"": 3.656936}","{""C01"": 0, ""C02"": 0, ""C03"": 0, ""C04"": 0, ""C05"": 1369}","{""C01"": 0.025625358569481532, ""C02"": 0.025625358569481532, ""C03"": 0.025625358569481532, ""C04"": 0.025625358569481532, ""C05"": 0.024832550271460946}"
51,51,1,30,0.041477,5,"{""C01"": 1.136759, ""C02"": 1.91982, ""C03"": 1.881113, ""C04"": 2.000588, ""C05"": 3.724887}","{""C01"": 0, ""C02"": 0, ""C03"": 0, ""C04"": 0, ""C05"": 1361}","{""C01"": 0.025635320956177418, ""C02"": 0.025635320956177418, ""C03"": 0.025635320956177418, ""C04"": 0.025635320956177418, ""C05"": 0.024847145599720424}"
52,52,1,30,0.041675,5,"{""C01"": 1.139909, ""C02"": 1.940076, ""C03"": 1.902302, ""C04"": 2.021611, ""C05"": 3.793179}","{""C01"": 0, ""C02"": 0, ""C03"": 0, ""C04"": 0, ""C05"": 1354}","{""C01"": 0.025645588157037214, ""C02"": 0.025645588157037214, ""C03"": 0.025645588157037214, ""C04"": 0.025645588157037214, ""C05"": 0.02486146502019434}"
53,53,1,30,0.041342,5,"{""C01"": 1.143069, ""C02"": 1.960372, ""C03"": 1.923574, ""C04"": 2.042654, ""C05"": 3.861806}","{""C01"": 0, ""C02"": 0, ""C03"": 0, ""C04"": 0, ""C05"": 1346}","{""C01"": 0.025655005729917288, ""C02"": 0.025655005729917288, ""C03"": 0.025655005729917288, ""C04"": 0.025655005729917288, ""C05"": 0.024875516081595314}"
54,54,1,30,0.041630,5,"{""C01"": 1.146237, ""C02"": 1.980707, ""C03"": 1.944928, ""C04"": 2.063718, ""C05"": 3.930764}","{""C01"": 0, ""C02"": 0, ""C03"": 0, ""C04"": 0, ""C05"": 1338}","{""C01"": 0.02566416297125866, ""C02"": 0.02566416297125866, ""C03"": 0.02566416297125866, ""C04"": 0.02566416297125866, ""C05"": 0.024889307085950142}"
55,55,1,30,0.041246,5,"{""C01"": 1.149415, ""C02"": 2.001081, ""C03"": 1.966363, ""C04"": 2.084802, ""C05"": 4.000048}","{""C01"": 0, ""C02"": 0, ""C03"": 0, ""C04"": 0, ""C05"": 1331}","{""C01"": 0.025673648891004902, ""C02"": 0.025673648891004902, ""C03"": 0.025673648891004902, ""C04"": 0.025673648891004902, ""C05"": 0.024902846003758226}"
56,56,1,30,0.041749,5,"{""C01"": 1.152601, ""C02"": 2.021492, ""C03"": 1.987877, ""C04"": 2.105905, ""C05"": 4.069653}","{""C01"": 0, ""C02"": 0, ""C03"": 0, ""C04"": 0, ""C05"": 1323}","{""C01"": 0.02568230800479536, ""C02"": 0.02568230800479536, ""C03"": 0.02568230800479536, ""C04"": 0.02568230800479536, ""C05"": 0.024916139408762163}"
57,57,1,30,0.041470,5,"{""C01"": 1.155796, ""C02"": 2.04194, ""C03"": 2.00947, ""C04"": 2.127027, ""C05"": 4.139576}","{""C01"": 0, ""C02"": 0, ""C03"": 0, ""C04"": 0, ""C05"": 1316}","{""C01"": 0.025691310532497375, ""C02"": 0.025691310532497375, ""C03"": 0.025691310532497375, ""C04"": 0.025691310532497375, ""C05"": 0.024929195434072883}"
58,58,1,30,0.041705,5,"{""C01"": 1.159, ""C02"": 2.062425, ""C03"": 2.03114, ""C04"": 2.148168, ""C05"": 4.209812}","{""C01"": 0, ""C02"": 0, ""C03"": 0, ""C04"": 0, ""C05"": 1309}","{""C01"": 0.025700081651726547, ""C02"": 0.025700081651726547, ""C03"": 0.025700081651726547, ""C04"": 0.025700081651726547, ""C05"": 0.024942020291196052}"
59,59,1,30,0.041451,5,"{""C01"": 1.162212, ""C02"": 2.082946, ""C03"": 2.052886, ""C04"": 2.169328, ""C05"": 4.280356}","{""C01"": 0, ""C02"": 0, ""C03"": 0, ""C04"": 0, ""C05"": 1302}","{""C01"": 0.025708627776714107, ""C02"": 0.025708627776714107, ""C03"": 0.025708627776714107, ""C04"": 0.025708627776714107, ""C05"": 0.024954620391623758}"
60,60,1,30,0.041618,5,"{""C01"": 1.165432, ""C02"": 2.103502, ""C03"": 2.074707, ""C04"": 2.190506, ""C05"": 4.351205}","{""C01"": 0, ""C02"": 0, ""C03"": 0, ""C04"": 0, ""C05"": 1295}","{""C01"": 0.025716955386225662, ""C02"": 0.025716955386225662, ""C03"": 0.025716955386225662, ""C04"": 0.025716955386225662, ""C05"": 0.024967002211234875}"
61,61,1,30,0.041459,5,"{""C01"": 1.168661, ""C02"": 2.124093, ""C03"": 2.096603, ""C04"": 2.211702, ""C05"": 4.422355}","{""C01"": 0, ""C02"": 0, ""C03"": 0, ""C04"": 0, ""C05"": 1289}","{""C01"": 0.025725652100179436, ""C02"": 0.025725652100179436, ""C03"": 0.025725652100179436, ""C04"": 0.025725652100179436, ""C05"": 0.024979172266526344}"
62,62,1,30,0.041585,5,"{""C01"": 1.171898, ""C02"": 2.144719, ""C03"": 2.118571, ""C04"": 2.232915, ""C05"": 4.493802}","{""C01"": 0, ""C02"": 0, ""C03"": 0, ""C04"": 0, ""C05"": 1282}","{""C01"": 0.02573356073765938, ""C02"": 0.02573356073765938, ""C03"": 0.02573356073765938, ""C04"": 0.02573356073765938, ""C05"": 0.02499113556426043}"
63,63,1,30,0.041021,5,"{""C01"": 1.175142, ""C02"": 2.165378, ""C03"": 2.140612, ""C04"": 2.254146, ""C05"": 4.565542}","{""C01"": 0, ""C02"": 0, ""C03"": 0, ""C04"": 0, ""C05"": 1276}","{""C01"": 0.02574184977507725, ""C02"": 0.02574184977507725, ""C03"": 0.02574184977507725, ""C04"": 0.02574184977507725, ""C05"": 0.02500289836797927}"
64,64,1,30,0.041898,5,"{""C01"": 1.178395, ""C02"": 2.18607, ""C03"": 2.162723, ""C04"": 2.275394, ""C05"": 4.637573}","{""C01"": 0, ""C02"": 0, ""C03"": 0, ""C04"": 0, ""C05"": 1269}","{""C01"": 0.025749362051344052, ""C02"": 0.025749362051344052, ""C03"": 0.025749362051344052, ""C04"": 0.025749362051344052, ""C05"": 0.025014465744674946}"
65,65,1,30,0.041964,5,"{""C01"": 1.181655, ""C02"": 2.206796, ""C03"": 2.184906, ""C04"": 2.296659, ""C05"": 4.709889}","{""C01"": 0, ""C02"": 0, ""C03"": 0, ""C04"": 0, ""C05"": 1263}","{""C01"": 0.025757265336912374, ""C02"": 0.025757265336912374, ""C03"": 0.025757265336912374, ""C04"": 0.025757265336912374, ""C05"": 0.025025843210948584}"
66,66,1,30,0.042516,5,"{""C01"": 1.184923, ""C02"": 2.227554, ""C03"": 2.207157, ""C04"": 2.317941, ""C05"": 4.782489}","{""C01"": 0, ""C02"": 0, ""C03"": 0, ""C04"": 0, ""C05"": 1257}","{""C01"": 0.025764983531078117, ""C02"": 0.025764983531078117, ""C03"": 0.025764983531078117, ""C04"": 0.025764983531078117, ""C05"": 0.025037035784578356}"
67,67,1,30,0.041081,5,"{""C01"": 1.188199, ""C02"": 2.248344, ""C03"": 2.229477, ""C04"": 2.339239, ""C05"": 4.855369}","{""C01"": 0, ""C02"": 0, ""C03"": 0, ""C04"": 0, ""C05"": 1251}","{""C01"": 0.025772521424320544, ""C02"": 0.025772521424320544, ""C03"": 0.025772521424320544, ""C04"": 0.025772521424320544, ""C05"": 0.025048048253732424}"
68,68,1,30,0.041884,5,"{""C01"": 1.191481, ""C02"": 2.269165, ""C03"": 2.251865, ""C04"": 2.360553, ""C05"": 4.928525}","{""C01"": 0, ""C02"": 0, ""C03"": 0, ""C04"": 0, ""C05"": 1245}","{""C01"": 0.025779883611988713, ""C02"": 0.025779883611988713, ""C03"": 0.025779883611988713, ""C04"": 0.025779883611988713, ""C05"": 0.025058885211612432}"
69,69,1,30,0.041216,5,"{""C01"": 1.194772, ""C02"": 2.290018, ""C03"": 2.27432, ""C04"": 2.381883, ""C05"": 5.001954}","{""C01"": 0, ""C02"": 0, ""C03"": 0, ""C04"": 0, ""C05"": 1239}","{""C01"": 0.0257870746478584, ""C02"": 0.0257870746478584, ""C03"": 0.0257870746478584, ""C04"": 0.0257870746478584, ""C05"": 0.025069551209840675}"
70,70,1,30,0.041251,5,"{""C01"": 1.198069, ""C02"": 2.310901, ""C03"": 2.296841, ""C04"": 2.403229, ""C05"": 5.075654}","{""C01"": 0, ""C02"": 0, ""C03"": 0, ""C04"": 0, ""C05"": 1233}","{""C01"": 0.025794099039368357, ""C02"": 0.025794099039368357, ""C03"": 0.025794099039368357, ""C04"": 0.025794099039368357, ""C05"": 0.025080050753701878}"
71,71,1,30,0.041615,5,"{""C01"": 1.201374, ""C02"": 2.331815, ""C03"": 2.319427, ""C04"": 2.42459, ""C05"": 5.149622}","{""C01"": 0, ""C02"": 0, ""C03"": 0, ""C04"": 0, ""C05"": 1227}","{""C01"": 0.025800960966334746, ""C02"": 0.025800960966334746, ""C03"": 0.025800960966334746, ""C04"": 0.025800960966334746, ""C05"": 0.02509038802118133}"
72,72,1,30,0.041585,5,"{""C01"": 1.204686, ""C02"": 2.352758, ""C03"": 2.342078, ""C04"": 2.445966, ""C05"": 5.223854}","{""C01"": 0, ""C02"": 0, ""C03"": 0, ""C04"": 0, ""C05"": 1222}","{""C01"": 0.02580824607972354, ""C02"": 0.02580824607972354, ""C03"": 0.02580824607972354, ""C04"": 0.02580824607972354, ""C05"": 0.025100567449239518}"
73,73,1,30,0.041782,5,"{""C01"": 1.208005, ""C02"": 2.373731, ""C03"": 2.364793, ""C04"": 2.467358, ""C05"": 5.298348}","{""C01"": 0, ""C02"": 0, ""C03"": 0, ""C04"": 0, ""C05"": 1216}","{""C01"": 0.025814795155678874, ""C02"": 0.025814795155678874, ""C03"": 0.025814795155678874, ""C04"": 0.025814795155678874, ""C05"": 0.025110592225553358}"
74,74,1,30,0.041708,5,"{""C01"": 1.21133, ""C02"": 2.394733, ""C03"": 2.387571, ""C04"": 2.488764, ""C05"": 5.373101}","{""C01"": 0, ""C02"": 0, ""C03"": 0, ""C04"": 0, ""C05"": 1211}","{""C01"": 0.025821775196328514, ""C02"": 0.025821775196328514, ""C03"": 0.025821775196328514, ""C04"": 0.025821775196328514, ""C05"": 0.02512046691779226}"
75,75,1,30,0.041602,5,"{""C01"": 1.214663, ""C02"": 2.415764, ""C03"": 2.410411, ""C04"": 2.510185, ""C05"": 5.448111}","{""C01"": 0, ""C02"": 0, ""C03"": 0, ""C04"": 0, ""C05"": 1205}","{""C01"": 0.025828026722560446, ""C02"": 0.025828026722560446, ""C03"": 0.025828026722560446, ""C04"": 0.025828026722560446, ""C05"": 0.02513019449701716}"
76,76,1,30,0.041751,5,"{""C01"": 1.218002, ""C02"": 2.436823, ""C03"": 2.433314, ""C04"": 2.531621, ""C05"": 5.523375}","{""C01"": 0, ""C02"": 0, ""C03"": 0, ""C04"": 0, ""C05"": 1200}","{""C01"": 0.025834716613456737, ""C02"": 0.025834716613456737, ""C03"": 0.025834716613456737, ""C04"": 0.025834716613456737, ""C05"": 0.025139779368579356}"
77,77,1,30,0.044063,5,"{""C01"": 1.221348, ""C02"": 2.45791, ""C03"": 2.456277, ""C04"": 2.553071, ""C05"": 5.598889}","{""C01"": 0, ""C02"": 0, ""C03"": 0, ""C04"": 0, ""C05"": 1195}","{""C01"": 0.025841266377085947, ""C02"": 0.025841266377085947, ""C03"": 0.025841266377085947, ""C04"": 0.025841266377085947, ""C05"": 0.02514922427076071}"
78,78,1,30,0.041559,5,"{""C01"": 1.224701, ""C02"": 2.479026, ""C03"": 2.479301, ""C04"": 2.574534, ""C05"": 5.674653}","{""C01"": 0, ""C02"": 0, ""C03"": 0, ""C04"": 0, ""C05"": 1190}","{""C01"": 0.025847679696292397, ""C02"": 0.025847679696292397, ""C03"": 0.025847679696292397, ""C04"": 0.025847679696292397, ""C05"": 0.02515853288417371}"
79,79,1,30,0.041628,5,"{""C01"": 1.22806, ""C02"": 2.500168, ""C03"": 2.502385, ""C04"": 2.596012, ""C05"": 5.750663}","{""C01"": 0, ""C02"": 0, ""C03"": 0, ""C04"": 0, ""C05"": 1185}","{""C01"": 0.02585395962615028, ""C02"": 0.02585395962615028, ""C03"": 0.02585395962615028, ""C04"": 0.02585395962615028, ""C05"": 0.02516770826236203}"
80,80,1,30,0.041302,5,"{""C01"": 1.231426, ""C02"": 2.521338, ""C03"": 2.525528, ""C04"": 2.617504, ""C05"": 5.826917}","{""C01"": 0, ""C02"": 0, ""C03"": 0, ""C04"": 0, ""C05"": 1180}","{""C01"": 0.025860109349081256, ""C02"": 0.025860109349081256, ""C03"": 0.025860109349081256, ""C04"": 0.025860109349081256, ""C05"": 0.02517675358603144}"
81,81,1,30,0.041048,5,"{""C01"": 1.234798, ""C02"": 2.542534, ""C03"": 2.54873, ""C04"": 2.639009, ""C05"": 5.903413}","{""C01"": 0, ""C02"": 0, ""C03"": 0, ""C04"": 0, ""C05"": 1175}","{""C01"": 0.025866131927865813, ""C02"": 0.025866131927865813, ""C03"": 0.025866131927865813, ""C04"": 0.025866131927865813, ""C05"": 0.025185671916354513}"
82,82,1,30,0.041931,5,"{""C01"": 1.238176, ""C02"": 2.563758, ""C03"": 2.57199, ""C04"": 2.660528, ""C05"": 5.980148}","{""C01"": 0, ""C02"": 0, ""C03"": 0, ""C04"": 0, ""C05"": 1170}","{""C01"": 0.02587203019729964, ""C02"": 0.02587203019729964, ""C03"": 0.02587203019729964, ""C04"": 0.02587203019729964, ""C05"": 0.025194466086759737}"
83,83,1,30,0.041285,5,"{""C01"": 1.241561, ""C02"": 2.585007, ""C03"": 2.595307, ""C04"": 2.68206, ""C05"": 6.05712}","{""C01"": 0, ""C02"": 0, ""C03"": 0, ""C04"": 0, ""C05"": 1165}","{""C01"": 0.02587780700259451, ""C02"": 0.02587780700259451, ""C03"": 0.02587780700259451, ""C04"": 0.02587780700259451, ""C05"": 0.025203138941049308}"
84,84,1,30,0.041733,5,"{""C01"": 1.244952, ""C02"": 2.606282, ""C03"": 2.618682, ""C04"": 2.703605, ""C05"": 6.134328}","{""C01"": 0, ""C02"": 0, ""C03"": 0, ""C04"": 0, ""C05"": 1160}","{""C01"": 0.025883465194487282, ""C02"": 0.025883465194487282, ""C03"": 0.025883465194487282, ""C04"": 0.025883465194487282, ""C05"": 0.0252116933285137}"
85,85,1,30,0.041220,5,"{""C01"": 1.248349, ""C02"": 2.627583, ""C03"": 2.642112, ""C04"": 2.725163, ""C05"": 6.211768}","{""C01"": 0, ""C02"": 0, ""C03"": 0, ""C04"": 0, ""C05"": 1156}","{""C01"": 0.025889589040200806, ""C02"": 0.025889589040200806, ""C03"": 0.025889589040200806, ""C04"": 0.025889589040200806, ""C05"": 0.025220132180860715}"
86,86,1,30,0.041298,5,"{""C01"": 1.251752, ""C02"": 2.648909, ""C03"": 2.665599, ""C04"": 2.746734, ""C05"": 6.289439}","{""C01"": 0, ""C02"": 0, ""C03"": 0, ""C04"": 0, ""C05"": 1151}","{""C01"": 0.025895017801989453, ""C02"": 0.025895017801989453, ""C03"": 0.025895017801989453, ""C04"": 0.025895017801989453, ""C05"": 0.025228457417284793}"
87,87,1,30,0.041370,5,"{""C01"": 1.255161, ""C02"": 2.67026, ""C03"": 2.689141, ""C04"": 2.768318, ""C05"": 6.367339}","{""C01"": 0, ""C02"": 0, ""C03"": 0, ""C04"": 0, ""C05"": 1147}","{""C01"": 0.025900917280108723, ""C02"": 0.025900917280108723, ""C03"": 0.025900917280108723, ""C04"": 0.025900917280108723, ""C05"": 0.02523667216118888}"
88,88,1,29,0.040241,5,"{""C01"": 1.258576, ""C02"": 2.691637, ""C03"": 2.712738, ""C04"": 2.789914, ""C05"": 6.445466}","{""C01"": 0, ""C02"": 0, ""C03"": 0, ""C04"": 0, ""C05"": 1142}","{""C01"": 0.025906126729446505, ""C02"": 0.025906126729446505, ""C03"": 0.025906126729446505, ""C04"": 0.025906126729446505, ""C05"": 0.025244778358866363}"
89,89,1,30,0.041024,5,"{""C01"": 1.261997, ""C02"": 2.713037, ""C03"": 2.736389, ""C04"": 2.811522, ""C05"": 6.523817}","{""C01"": 0, ""C02"": 0, ""C03"": 0, ""C04"": 0, ""C05"": 1138}","{""C01"": 0.0259118115687869, ""C02"": 0.0259118115687869, ""C03"": 0.0259118115687869, ""C04"": 0.0259118115687869, ""C05"": 0.02525277871743613}"
90,90,1,29,0.039941,5,"{""C01"": 1.265423, ""C02"": 2.734462, ""C03"": 2.760094, ""C04"": 2.833143, ""C05"": 6.602392}","{""C01"": 0, ""C02"": 0, ""C03"": 0, ""C04"": 0, ""C05"": 1133}","{""C01"": 0.02591681102268481, ""C02"": 0.02591681102268481, ""C03"": 0.02591681102268481, ""C04"": 0.02591681102268481, ""C05"": 0.025260675188801086}"
91,91,1,30,0.040872,5,"{""C01"": 1.268856, ""C02"": 2.755912, ""C03"": 2.783852, ""C04"": 2.854776, ""C05"": 6.681187}","{""C01"": 0, ""C02"": 0, ""C03"": 0, ""C04"": 0, ""C05"": 1129}","{""C01"": 0.02592229049505565, ""C02"": 0.02592229049505565, ""C03"": 0.02592229049505565, ""C04"": 0.02592229049505565, ""C05"": 0.02526847042849955}"
92,92,1,30,0.041545,5,"{""C01"": 1.272294, ""C02"": 2.777385, ""C03"": 2.807663, ""C04"": 2.876421, ""C05"": 6.760202}","{""C01"": 0, ""C02"": 0, ""C03"": 0, ""C04"": 0, ""C05"": 1125}","{""C01"": 0.02592767053014862, ""C02"": 0.02592767053014862, ""C03"": 0.02592767053014862, ""C04"": 0.02592767053014862, ""C05"": 0.02527616634933696}"
93,93,1,29,0.039755,5,"{""C01"": 1.275738, ""C02"": 2.798881, ""C03"": 2.831526, ""C04"": 2.898078, ""C05"": 6.839434}","{""C01"": 0, ""C02"": 0, ""C03"": 0, ""C04"": 0, ""C05"": 1120}","{""C01"": 0.02593237139087784, ""C02"": 0.02593237139087784, ""C03"": 0.02593237139087784, ""C04"": 0.02593237139087784, ""C05"": 0.02528376461761482}"
94,94,1,29,0.040441,5,"{""C01"": 1.279188, ""C02"": 2.820401, ""C03"": 2.855442, ""C04"": 2.919747, ""C05"": 6.918882}","{""C01"": 0, ""C02"": 0, ""C03"": 0, ""C04"": 0, ""C05"": 1116}","{""C01"": 0.025937558807772668, ""C02"": 0.025937558807772668, ""C03"": 0.025937558807772668, ""C04"": 0.025937558807772668, ""C05"": 0.025291268161262096}"
95,95,1,29,0.040248,5,"{""C01"": 1.282643, ""C02"": 2.841944, ""C03"": 2.879408, ""C04"": 2.941427, ""C05"": 6.998543}","{""C01"": 0, ""C02"": 0, ""C03"": 0, ""C04"": 0, ""C05"": 1112}","{""C01"": 0.025942652760039625, ""C02"": 0.025942652760039625, ""C03"": 0.025942652760039625, ""C04"": 0.025942652760039625, ""C05"": 0.025298678355314817}"
96,96,1,29,0.041052,5,"{""C01"": 1.286103, ""C02"": 2.863511, ""C03"": 2.903426, ""C04"": 2.963119, ""C05"": 7.078417}","{""C01"": 0, ""C02"": 0, ""C03"": 0, ""C04"": 0, ""C05"": 1108}","{""C01"": 0.02594765533693444, ""C02"": 0.02594765533693444, ""C03"": 0.02594765533693444, ""C04"": 0.02594765533693444, ""C05"": 0.025305997287681747}"
97,97,1,29,0.040237,5,"{""C01"": 1.289569, ""C02"": 2.885099, ""C03"": 2.927495, ""C04"": 2.984823, ""C05"": 7.158501}","{""C01"": 0, ""C02"": 0, ""C03"": 0, ""C04"": 0, ""C05"": 1104}","{""C01"": 0.025952568286352146, ""C02"": 0.025952568286352146, ""C03"": 0.025952568286352146, ""C04"": 0.025952568286352146, ""C05"": 0.02531322670532679}"
98,98,1,29,0.040077,5,"{""C01"": 1.293041, ""C02"": 2.906711, ""C03"": 2.951614, ""C04"": 3.006537, ""C05"": 7.238794}","{""C01"": 0, ""C02"": 0, ""C03"": 0, ""C04"": 0, ""C05"": 1100}","{""C01"": 0.025957393479703855, ""C02"": 0.025957393479703855, ""C03"": 0.025957393479703855, ""C04"": 0.025957393479703855, ""C05"": 0.025320368478552905}"
99,99,1,29,0.040060,5,"{""C01"": 1.296518, ""C02"": 2.928344, ""C03"": 2.975782, ""C04"": 3.028263, ""C05"": 7.319294}","{""C01"": 0, ""C02"": 0, ""C03"": 0, ""C04"": 0, ""C05"": 1096}","{""C01"": 0.025962132639601745, ""C02"": 0.025962132639601745, ""C03"": 0.025962132639601745, ""C04"": 0.025962132639601745, ""C05"": 0.025327424329037472}"
100,100,1,29,0.040095,5,"{""C01"": 1.3, ""C02"": 2.95, ""C03"": 3.0, ""C04"": 3.05, ""C05"": 7.4}","{""C01"": 0, ""C02"": 0, ""C03"": 0, ""C04"": 0, ""C05"": 1092}","{""C01"": 0.02596678752037679, ""C02"": 0.02596678752037679, ""C03"": 0.02596678752037679, ""C04"": 0.02596678752037679, ""C05"": 0.02533439601011851}"
1,1,1,30,0.040992,5,"{""C01"": 1.0, ""C02"": 1.0, ""C03"": 1.0, ""C04"": 1.0, ""C05"": 1.0}","{""C01"": 412, ""C02"": 412, ""C03"": 412, ""C04"": 412, ""C05"": 412}","{""C01"": 0.024513362141732806, ""C02"": 0.024513362141732806, ""C03"": 0.024513362141732806, ""C04"": 0.024513362141732806, ""C05"": 0.024513362141732806}"
2,2,1,895,1.215399,5,"{""C01"": 1.001521, ""C02"": 1.01244, ""C03"": 1.008059, ""C04"": 1.016456, ""C05"": 1.020494}","{""C01"": 0, ""C02"": 0, ""C03"": 0, ""C04"": 761, ""C05"": 1282}","{""C01"": 0.02476450736120228, ""C02"": 0.02476450736120228, ""C03"": 0.02476450736120228, ""C04"": 0.02432380193136087, ""C05"": 0.024022097185256296}"
3,3,1,1086,1.476528,5,"{""C01"": 1.003375, ""C02"": 1.026667, ""C03"": 1.018514, ""C04"": 1.034074, ""C05"": 1.048744}","{""C01"": 0, ""C02"": 0, ""C03"": 0, ""C04"": 0, ""C05"": 2023}","{""C01"": 0.024786946711397292, ""C02"": 0.024786946711397292, ""C03"": 0.024786946711397292, ""C04"": 0.024786946711397292, ""C05"": 0.023615409185538422}"
4,4,1,548,0.741763,5,"{""C01"": 1.005381, ""C02"": 1.041655, ""C03"": 1.030117, ""C04"": 1.052157, ""C05"": 1.080917}","{""C01"": 0, ""C02"": 0, ""C03"": 0, ""C04"": 0, ""C05"": 2004}","{""C01"": 0.024811343289198998, ""C02"": 0.024811343289198998, ""C03"": 0.024811343289198998, ""C04"": 0.024811343289198998, ""C05"": 0.023650809466281765}"
5,5,1,386,0.351330,5,"{""C01"": 1.00749, ""C02"": 1.057161, ""C03"": 1.042534, ""C04"": 1.07055, ""C05"": 1.115934}","{""C01"": 0, ""C02"": 0, ""C03"": 0, ""C04"": 0, ""C05"": 1984}","{""C01"": 0.024836753876558024, ""C02"": 0.024836753876558024, ""C03"": 0.024836753876558024, ""C04"": 0.024836753876558024, ""C05"": 0.023687803392492015}"
6,6,1,299,0.245970,5,"{""C01"": 1.009682, ""C02"": 1.073064, ""C03"": 1.055594, ""C04"": 1.089178, ""C05"": 1.153232}","{""C01"": 0, ""C02"": 0, ""C03"": 0, ""C04"": 0, ""C05"": 1964}","{""C01"": 0.02486293943698148, ""C02"": 0.02486293943698148, ""C03"": 0.02486293943698148, ""C04"": 0.02486293943698148, ""C05"": 0.023725570654225137}"
7,7,1,243,0.194412,5,"{""C01"": 1.01194, ""C02"": 1.08929, ""C03"": 1.069191, ""C04"": 1.107993, ""C05"": 1.192453}","{""C01"": 0, ""C02"": 0, ""C03"": 0, ""C04"": 0, ""C05"": 1944}","{""C01"": 0.024889384107039683, ""C02"": 0.024889384107039683, ""C03"": 0.024889384107039683, ""C04"": 0.024889384107039683, ""C05"": 0.02376359640371862}"
8,8,1,207,0.164307,5,"{""C01"": 1.014256, ""C02"": 1.10579, ""C03"": 1.08325, ""C04"": 1.126967, ""C05"": 1.23335}","{""C01"": 0, ""C02"": 0, ""C03"": 0, ""C04"": 0, ""C05"": 1923}","{""C01"": 0.024915163071460855, ""C02"": 0.024915163071460855, ""C03"": 0.024915163071460855, ""C04"": 0.024915163071460855, ""C05"": 0.02380153957757147}"
9,9,1,183,0.145602,5,"{""C01"": 1.016622, ""C02"": 1.122528, ""C03"": 1.097718, ""C04"": 1.146077, ""C05"": 1.275739}","{""C01"": 0, ""C02"": 0, ""C03"": 0, ""C04"": 0, ""C05"": 1903}","{""C01"": 0.024941206602667423, ""C02"": 0.024941206602667423, ""C03"": 0.024941206602667423, ""C04"": 0.024941206602667423, ""C05"": 0.023839164886222803}"
10,10,1,165,0.131296,5,"{""C01"": 1.019034, ""C02"": 1.139477, ""C03"": 1.112553, ""C04"": 1.165307, ""C05"": 1.319477}","{""C01"": 0, ""C02"": 0, ""C03"": 0, ""C04"": 0, ""C05"": 1883}","{""C01"": 0.024966766017838815, ""C02"": 0.024966766017838815, ""C03"": 0.024966766017838815, ""C04"": 0.024966766017838815, ""C05"": 0.023876307038007243}"
11,11,1,153,0.122336,5,"{""C01"": 1.021485, ""C02"": 1.156616, ""C03"": 1.127723, ""C04"": 1.184645, ""C05"": 1.364448}","{""C01"": 0, ""C02"": 0, ""C03"": 0, ""C04"": 0, ""C05"": 1863}","{""C01"": 0.024991724387597267, ""C02"": 0.024991724387597267, ""C03"": 0.024991724387597267, ""C04"": 0.024991724387597267, ""C05"": 0.02391284939314796}"
12,12,1,142,0.113948,5,"{""C01"": 1.023974, ""C02"": 1.173927, ""C03"": 1.143199, ""C04"": 1.204079, ""C05"": 1.41056}","{""C01"": 0, ""C02"": 0, ""C03"": 0, ""C04"": 0, ""C05"": 1844}","{""C01"": 0.025016587011559677, ""C02"": 0.025016587011559677, ""C03"": 0.025016587011559677, ""C04"": 0.025016587011559677, ""C05"": 0.02394871423462714}"
13,13,1,134,0.106789,5,"{""C01"": 1.026497, ""C02"": 1.191397, ""C03"": 1.158959, ""C04"": 1.223603, ""C05"": 1.457733}","{""C01"": 0, ""C02"": 0, ""C03"": 0, ""C04"": 0, ""C05"": 1825}","{""C01"": 0.02504071563020968, ""C02"": 0.02504071563020968, ""C03"": 0.02504071563020968, ""C04"": 0.02504071563020968, ""C05"": 0.02398384661958189}"
14,14,1,128,0.102040,5,"{""C01"": 1.029052, ""C02"": 1.209013, ""C03"": 1.174985, ""C04"": 1.243208, ""C05"": 1.505901}","{""C01"": 0, ""C02"": 0, ""C03"": 0, ""C04"": 0, ""C05"": 1807}","{""C01"": 0.025064660307746803, ""C02"": 0.025064660307746803, ""C03"": 0.025064660307746803, ""C04"": 0.025064660307746803, ""C05"": 0.024018213421447356}"
15,15,1,123,0.097429,5,"{""C01"": 1.031636, ""C02"": 1.226765, ""C03"": 1.191259, ""C04"": 1.262888, ""C05"": 1.555004}","{""C01"": 0, ""C02"": 0, ""C03"": 0, ""C04"": 0, ""C05"": 1789}","{""C01"": 0.025087816357552722, ""C02"": 0.025087816357552722, ""C03"": 0.025087816357552722, ""C04"": 0.025087816357552722, ""C05"": 0.024051793290382047}"
16,16,1,118,0.093410,5,"{""C01"": 1.034249, ""C02"": 1.244645, ""C03"": 1.207767, ""C04"": 1.282639, ""C05"": 1.604993}","{""C01"": 0, ""C02"": 0, ""C03"": 0, ""C04"": 0, ""C05"": 1771}","{""C01"": 0.02511017618324983, ""C02"": 0.02511017618324983, ""C03"": 0.02511017618324983, ""C04"": 0.02511017618324983, ""C05"": 0.024084578705120225}"
17,17,1,115,0.091159,5,"{""C01"": 1.036887, ""C02"": 1.262644, ""C03"": 1.224498, ""C04"": 1.302456, ""C05"": 1.655822}","{""C01"": 0, ""C02"": 0, ""C03"": 0, ""C04"": 0, ""C05"": 1754}","{""C01"": 0.02513232191394317, ""C02"": 0.02513232191394317, ""C03"": 0.02513232191394317, ""C04"": 0.02513232191394317, ""C05"": 0.024116568406523944}"
18,18,1,111,0.089314,5,"{""C01"": 1.039551, ""C02"": 1.280756, ""C03"": 1.241438, ""C04"": 1.322336, ""C05"": 1.707452}","{""C01"": 0, ""C02"": 0, ""C03"": 0, ""C04"": 0, ""C05"": 1737}","{""C01"": 0.02515367624047718, ""C02"": 0.02515367624047718, ""C03"": 0.02515367624047718, ""C04"": 0.02515367624047718, ""C05"": 0.024147768492120428}"
19,19,1,108,0.085723,5,"{""C01"": 1.042238, ""C02"": 1.298976, ""C03"": 1.25858, ""C04"": 1.342273, ""C05"": 1.759848}","{""C01"": 0, ""C02"": 0, ""C03"": 0, ""C04"": 0, ""C05"": 1720}","{""C01"": 0.025174249732201545, ""C02"": 0.025174249732201545, ""C03"": 0.025174249732201545, ""C04"": 0.025174249732201545, ""C05"": 0.024178189564723424}"
20,20,1,106,0.164662,5,"{""C01"": 1.044948, ""C02"": 1.317296, ""C03"": 1.275913, ""C04"": 1.362267, ""C05"": 1.812976}","{""C01"": 0, ""C02"": 0, ""C03"": 0, ""C04"": 0, ""C05"": 1704}","{""C01"": 0.025194638885769297, ""C02"": 0.025194638885769297, ""C03"": 0.025194638885769297, ""C04"": 0.025194638885769297, ""C05"": 0.024207844565039827}"
21,21,1,104,0.140299,5,"{""C01"": 1.047679, ""C02"": 1.335714, ""C03"": 1.293429, ""C04"": 1.382312, ""C05"": 1.866809}","{""C01"": 0, ""C02"": 0, ""C03"": 0, ""C04"": 0, ""C05"": 1689}","{""C01"": 0.025214861213407186, ""C02"": 0.025214861213407186, ""C03"": 0.025214861213407186, ""C04"": 0.025214861213407186, ""C05"": 0.024236750890144047}"
22,22,1,102,0.138087,5,"{""C01"": 1.05043, ""C02"": 1.354223, ""C03"": 1.311122, ""C04"": 1.402409, ""C05"": 1.921319}","{""C01"": 0, ""C02"": 0, ""C03"": 0, ""C04"": 0, ""C05"": 1673}","{""C01"": 0.025233766377942946, ""C02"": 0.025233766377942946, ""C03"": 0.025233766377942946, ""C04"": 0.025233766377942946, ""C05"": 0.024264925419243084}"
23,23,1,100,0.135751,5,"{""C01"": 1.053202, ""C02"": 1.372821, ""C03"": 1.328984, ""C04"": 1.422553, ""C05"": 1.976482}","{""C01"": 0, ""C02"": 0, ""C03"": 0, ""C04"": 0, ""C05"": 1658}","{""C01"": 0.02525254140222763, ""C02"": 0.02525254140222763, ""C03"": 0.02525254140222763, ""C04"": 0.02525254140222763, ""C05"": 0.02429238788978069}"
24,24,1,99,0.133871,5,"{""C01"": 1.055992, ""C02"": 1.391504, ""C03"": 1.347009, ""C04"": 1.442742, ""C05"": 2.032276}","{""C01"": 0, ""C02"": 0, ""C03"": 0, ""C04"": 0, ""C05"": 1644}","{""C01"": 0.025271206659406575, ""C02"": 0.025271206659406575, ""C03"": 0.025271206659406575, ""C04"": 0.025271206659406575, ""C05"": 0.024319158547286196}"
25,25,1,98,0.132910,5,"{""C01"": 1.058801, ""C02"": 1.410269, ""C03"": 1.365192, ""C04"": 1.462976, ""C05"": 2.088679}","{""C01"": 0, ""C02"": 0, ""C03"": 0, ""C04"": 0, ""C05"": 1630}","{""C01"": 0.025289197909169225, ""C02"": 0.025289197909169225, ""C03"": 0.025289197909169225, ""C04"": 0.025289197909169225, ""C05"": 0.0243452568192774}"
26,26,1,97,0.131556,5,"{""C01"": 1.061627, ""C02"": 1.429111, ""C03"": 1.383527, ""C04"": 1.483252, ""C05"": 2.145674}","{""C01"": 0, ""C02"": 0, ""C03"": 0, ""C04"": 0, ""C05"": 1616}","{""C01"": 0.025306536775392727, ""C02"": 0.025306536775392727, ""C03"": 0.025306536775392727, ""C04"": 0.025306536775392727, ""C05"": 0.024370704320888725}"
27,27,1,96,0.129983,5,"{""C01"": 1.06447, ""C02"": 1.448029, ""C03"": 1.402009, ""C04"": 1.503569, ""C05"": 2.203241}","{""C01"": 0, ""C02"": 0, ""C03"": 0, ""C04"": 0, ""C05"": 1602}","{""C01"": 0.0253232426602987, ""C02"": 0.0253232426602987, ""C03"": 0.0253232426602987, ""C04"": 0.0253232426602987, ""C05"": 0.024395520450664863}"
28,28,1,95,0.128494,5,"{""C01"": 1.06733, ""C02"": 1.467021, ""C03"": 1.420634, ""C04"": 1.523925, ""C05"": 2.261365}","{""C01"": 0, ""C02"": 0, ""C03"": 0, ""C04"": 0, ""C05"": 1589}","{""C01"": 0.02533992078291117, ""C02"": 0.02533992078291117, ""C03"": 0.02533992078291117, ""C04"": 0.02533992078291117, ""C05"": 0.024419726499578607}"
29,29,1,94,0.127110,5,"{""C01"": 1.070206, ""C02"": 1.486082, ""C03"": 1.439397, ""C04"": 1.544318, ""C05"": 2.320029}","{""C01"": 0, ""C02"": 0, ""C03"": 0, ""C04"": 0, ""C05"": 1576}","{""C01"": 0.0253560063138753, ""C02"": 0.0253560063138753, ""C03"": 0.0253560063138753, ""C04"": 0.0253560063138753, ""C05"": 0.024443341464951026}"
30,30,1,93,0.125668,5,"{""C01"": 1.073097, ""C02"": 1.505212, ""C03"": 1.458295, ""C04"": 1.564748, ""C05"": 2.37922}","{""C01"": 0, ""C02"": 0, ""C03"": 0, ""C04"": 0, ""C05"": 1564}","{""C01"": 0.02537210371719391, ""C02"": 0.02537210371719391, ""C03"": 0.02537210371719391, ""C04"": 0.02537210371719391, ""C05"": 0.024466385800742417}"
31,31,1,92,0.124626,5,"{""C01"": 1.076003, ""C02"": 1.524408, ""C03"": 1.477324, ""C04"": 1.585213, ""C05"": 2.438923}","{""C01"": 0, ""C02"": 0, ""C03"": 0, ""C04"": 0, ""C05"": 1551}","{""C01"": 0.0253870629857592, ""C02"": 0.0253870629857592, ""C03"": 0.0253870629857592, ""C04"": 0.0253870629857592, ""C05"": 0.024488877442324645}"
32,32,1,92,0.124559,5,"{""C01"": 1.078924, ""C02"": 1.543668, ""C03"": 1.49648, ""C04"": 1.605713, ""C05"": 2.499126}","{""C01"": 0, ""C02"": 0, ""C03"": 0, ""C04"": 0, ""C05"": 1539}","{""C01"": 0.025402071601796306, ""C02"": 0.025402071601796306, ""C03"": 0.025402071601796306, ""C04"": 0.025402071601796306, ""C05"": 0.02451083582502621}"
33,33,1,91,0.123086,5,"{""C01"": 1.081858, ""C02"": 1.56299, ""C03"": 1.51576, ""C04"": 1.626245, ""C05"": 2.559816}","{""C01"": 0, ""C02"": 0, ""C03"": 0, ""C04"": 0, ""C05"": 1528}","{""C01"": 0.025417147374277402, ""C02"": 0.025417147374277402, ""C03"": 0.025417147374277402, ""C04"": 0.025417147374277402, ""C05"": 0.024532278626812995}"
34,34,1,90,0.121683,5,"{""C01"": 1.084807, ""C02"": 1.582373, ""C03"": 1.535161, ""C04"": 1.64681, ""C05"": 2.620983}","{""C01"": 0, ""C02"": 0, ""C03"": 0, ""C04"": 0, ""C05"": 1516}","{""C01"": 0.025431139335450173, ""C02"": 0.025431139335450173, ""C03"": 0.025431139335450173, ""C04"": 0.025431139335450173, ""C05"": 0.024553223057221435}"
35,35,1,90,0.122018,5,"{""C01"": 1.087769, ""C02"": 1.601815, ""C03"": 1.55468, ""C04"": 1.667405, ""C05"": 2.682614}","{""C01"": 0, ""C02"": 0, ""C03"": 0, ""C04"": 0, ""C05"": 1505}","{""C01"": 0.025445232498934434, ""C02"": 0.025445232498934434, ""C03"": 0.025445232498934434, ""C04"": 0.025445232498934434, ""C05"": 0.02457368584859461}"
36,36,1,90,0.121200,5,"{""C01"": 1.090744, ""C02"": 1.621313, ""C03"": 1.574314, ""C04"": 1.688032, ""C05"": 2.744701}","{""C01"": 0, ""C02"": 0, ""C03"": 0, ""C04"": 0, ""C05"": 1494}","{""C01"": 0.02545885937288496, ""C02"": 0.02545885937288496, ""C03"": 0.02545885937288496, ""C04"": 0.02545885937288496, ""C05"": 0.02459368360933753}"
37,37,1,89,0.120711,5,"{""C01"": 1.093732, ""C02"": 1.640868, ""C03"": 1.594061, ""C04"": 1.708687, ""C05"": 2.807233}","{""C01"": 0, ""C02"": 0, ""C03"": 0, ""C04"": 0, ""C05"": 1484}","{""C01"": 0.025472619742670663, ""C02"": 0.025472619742670663, ""C03"": 0.025472619742670663, ""C04"": 0.025472619742670663, ""C05"": 0.024613231844054936}"
38,38,1,89,0.120160,5,"{""C01"": 1.096733, ""C02"": 1.660477, ""C03"": 1.613917, ""C04"": 1.729371, ""C05"": 2.8702}","{""C01"": 0, ""C02"": 0, ""C03"": 0, ""C04"": 0, ""C05"": 1473}","{""C01"": 0.02548535949718736, ""C02"": 0.02548535949718736, ""C03"": 0.02548535949718736, ""C04"": 0.02548535949718736, ""C05"": 0.024632344925214808}"
39,39,1,88,0.118599,5,"{""C01"": 1.099745, ""C02"": 1.680139, ""C03"": 1.633882, ""C04"": 1.750084, ""C05"": 2.933595}","{""C01"": 0, ""C02"": 0, ""C03"": 0, ""C04"": 0, ""C05"": 1463}","{""C01"": 0.02549826270223063, ""C02"": 0.02549826270223063, ""C03"": 0.02549826270223063, ""C04"": 0.02549826270223063, ""C05"": 0.02465103833191747}"
40,40,1,88,0.118575,5,"{""C01"": 1.10277, ""C02"": 1.699853, ""C03"": 1.653951, ""C04"": 1.770823, ""C05"": 2.997408}","{""C01"": 0, ""C02"": 0, ""C03"": 0, ""C04"": 0, ""C05"": 1453}","{""C01"": 0.025510758318222762, ""C02"": 0.025510758318222762, ""C03"": 0.025510758318222762, ""C04"": 0.025510758318222762, ""C05"": 0.02466932528011124}"
41,41,1,88,0.118712,5,"{""C01"": 1.105806, ""C02"": 1.719618, ""C03"": 1.674124, ""C04"": 1.791589, ""C05"": 3.061631}","{""C01"": 0, ""C02"": 0, ""C03"": 0, ""C04"": 0, ""C05"": 1443}","{""C01"": 0.02552285977469554, ""C02"": 0.02552285977469554, ""C03"": 0.02552285977469554, ""C04"": 0.02552285977469554, ""C05"": 0.024687219186061964}"
42,42,1,88,0.118711,5,"{""C01"": 1.108853, ""C02"": 1.739432, ""C03"": 1.694398, ""C04"": 1.812381, ""C05"": 3.126257}","{""C01"": 0, ""C02"": 0, ""C03"": 0, ""C04"": 0, ""C05"": 1434}","{""C01"": 0.025535164824611545, ""C02"": 0.025535164824611545, ""C03"": 0.025535164824611545, ""C04"": 0.025535164824611545, ""C05"": 0.024704733336994814}"
43,43,1,88,0.098292,5,"{""C01"": 1.111912, ""C02"": 1.759294, ""C03"": 1.714771, ""C04"": 1.833199, ""C05"": 3.191279}","{""C01"": 0, ""C02"": 0, ""C03"": 0, ""C04"": 0, ""C05"": 1424}","{""C01"": 0.02554651668043477, ""C02"": 0.02554651668043477, ""C03"": 0.02554651668043477, ""C04"": 0.02554651668043477, ""C05"": 0.024721879798952674}"
44,44,1,88,0.068093,5,"{""C01"": 1.114982, ""C02"": 1.779204, ""C03"": 1.735241, ""C04"": 1.854041, ""C05"": 3.256688}","{""C01"": 0, ""C02"": 0, ""C03"": 0, ""C04"": 0, ""C05"": 1415}","{""C01"": 0.025558096052657173, ""C02"": 0.025558096052657173, ""C03"": 0.025558096052657173, ""C04"": 0.025558096052657173, ""C05"": 0.02473867033216553}"
45,45,1,88,0.067976,5,"{""C01"": 1.118062, ""C02"": 1.79916, ""C03"": 1.755807, ""C04"": 1.874908, ""C05"": 3.322479}","{""C01"": 0, ""C02"": 0, ""C03"": 0, ""C04"": 0, ""C05"": 1406}","{""C01"": 0.0255693301375364, ""C02"": 0.0255693301375364, ""C03"": 0.0255693301375364, ""C04"": 0.0255693301375364, ""C05"": 0.024755116571636454}"
46,46,1,88,0.067932,5,"{""C01"": 1.121153, ""C02"": 1.819162, ""C03"": 1.776467, ""C04"": 1.895798, ""C05"": 3.388645}","{""C01"": 0, ""C02"": 0, ""C03"": 0, ""C04"": 0, ""C05"": 1397}","{""C01"": 0.02558022977573153, ""C02"": 0.02558022977573153, ""C03"": 0.02558022977573153, ""C04"": 0.02558022977573153, ""C05"": 0.024771229346386123}"
47,47,1,87,0.068732,5,"{""C01"": 1.124255, ""C02"": 1.839208, ""C03"": 1.797218, ""C04"": 1.916711, ""C05"": 3.45518}","{""C01"": 0, ""C02"": 0, ""C03"": 0, ""C04"": 0, ""C05"": 1388}","{""C01"": 0.025590805504166897, ""C02"": 0.025590805504166897, ""C03"": 0.025590805504166897, ""C04"": 0.025590805504166897, ""C05"": 0.024787019182198746}"
48,48,1,87,0.067238,5,"{""C01"": 1.127366, ""C02"": 1.859297, ""C03"": 1.81806, ""C04"": 1.937648, ""C05"": 3.522077}","{""C01"": 0, ""C02"": 0, ""C03"": 0, ""C04"": 0, ""C05"": 1380}","{""C01"": 0.025601652327626484, ""C02"": 0.025601652327626484, ""C03"": 0.025601652327626484, ""C04"": 0.025601652327626484, ""C05"": 0.024802496404410377}"
49,49,1,87,0.067448,5,"{""C01"": 1.130487, ""C02"": 1.87943, ""C03"": 1.838991, ""C04"": 1.958606, ""C05"": 3.589331}","{""C01"": 0, ""C02"": 0, ""C03"": 0, ""C04"": 0, ""C05"": 1372}","{""C01"": 0.025612195055437742, ""C02"": 0.025612195055437742, ""C03"": 0.025612195055437742, ""C04"": 0.025612195055437742, ""C05"": 0.02481767041035129}"
50,50,1,87,0.066978,5,"{""C01"": 1.133618, ""C02"": 1.899604, ""C03"": 1.860009, ""C04"": 1.979586, ""C05"": 3.656936}","{""C01"": 0, ""C02"": 0, ""C03"": 0, ""C04"": 0, ""C05"": 1363}","{""C01"": 0.025621858036652803, ""C02"": 0.025621858036652803, ""C03"": 0.025621858036652803, ""C04"": 0.025621858036652803, ""C05"": 0.024832550271460946}"
51,51,1,87,0.067485,5,"{""C01"": 1.136759, ""C02"": 1.91982, ""C03"": 1.881113, ""C04"": 2.000588, ""C05"": 3.724887}","{""C01"": 0, ""C02"": 0, ""C03"": 0, ""C04"": 0, ""C05"": 1355}","{""C01"": 0.025631820329280436, ""C02"": 0.025631820329280436, ""C03"": 0.025631820329280436, ""C04"": 0.025631820329280436, ""C05"": 0.024847145599720424}"
52,52,1,87,0.067856,5,"{""C01"": 1.139909, ""C02"": 1.940076, ""C03"": 1.902302, ""C04"": 2.021611, ""C05"": 3.793179}","{""C01"": 0, ""C02"": 0, ""C03"": 0, ""C04"": 0, ""C05"": 1348}","{""C01"": 0.025642090670659992, ""C02"": 0.025642090670659992, ""C03"": 0.025642090670659992, ""C04"": 0.025642090670659992, ""C05"": 0.02486146502019434}"
53,53,1,87,0.067549,5,"{""C01"": 1.143069, ""C02"": 1.960372, ""C03"": 1.923574, ""C04"": 2.042654, ""C05"": 3.861806}","{""C01"": 0, ""C02"": 0, ""C03"": 0, ""C04"": 0, ""C05"": 1340}","{""C01"": 0.025651507048122676, ""C02"": 0.025651507048122676, ""C03"": 0.025651507048122676, ""C04"": 0.025651507048122676, ""C05"": 0.024875516081595314}"
54,54,1,87,0.067343,5,"{""C01"": 1.146237, ""C02"": 1.980707, ""C03"": 1.944928, ""C04"": 2.063718, ""C05"": 3.930764}","{""C01"": 0, ""C02"": 0, ""C03"": 0, ""C04"": 0, ""C05"": 1332}","{""C01"": 0.0256606625410971, ""C02"": 0.0256606625410971, ""C03"": 0.0256606625410971, ""C04"": 0.0256606625410971, ""C05"": 0.024889307085950142}"
55,55,1,87,0.067039,5,"{""C01"": 1.149415, ""C02"": 2.001081, ""C03"": 1.966363, ""C04"": 2.084802, ""C05"": 4.000048}","{""C01"": 0, ""C02"": 0, ""C03"": 0, ""C04"": 0, ""C05"": 1325}","{""C01"": 0.025670150034059355, ""C02"": 0.025670150034059355, ""C03"": 0.025670150034059355, ""C04"": 0.025670150034059355, ""C05"": 0.024902846003758226}"
56,56,1,86,0.066667,5,"{""C01"": 1.152601, ""C02"": 2.021492, ""C03"": 1.987877, ""C04"": 2.105905, ""C05"": 4.069653}","{""C01"": 0, ""C02"": 0, ""C03"": 0, ""C04"": 0, ""C05"": 1317}","{""C01"": 0.025678806335424936, ""C02"": 0.025678806335424936, ""C03"": 0.025678806335424936, ""C04"": 0.025678806335424936, ""C05"": 0.024916139408762163}"
57,57,1,86,0.066820,5,"{""C01"": 1.155796, ""C02"": 2.04194, ""C03"": 2.00947, ""C04"": 2.127027, ""C05"": 4.139576}","{""C01"": 0, ""C02"": 0, ""C03"": 0, ""C04"": 0, ""C05"": 1310}","{""C01"": 0.025687809430269326, ""C02"": 0.025687809430269326, ""C03"": 0.025687809430269326, ""C04"": 0.025687809430269326, ""C05"": 0.024929195434072883}"
58,58,1,86,0.066754,5,"{""C01"": 1.159, ""C02"": 2.062425, ""C03"": 2.03114, ""C04"": 2.148168, ""C05"": 4.209812}","{""C01"": 0, ""C02"": 0, ""C03"": 0, ""C04"": 0, ""C05"": 1303}","{""C01"": 0.025696580632708896, ""C02"": 0.025696580632708896, ""C03"": 0.025696580632708896, ""C04"": 0.025696580632708896, ""C05"": 0.024942020291196052}"
59,59,1,86,0.066434,5,"{""C01"": 1.162212, ""C02"": 2.082946, ""C03"": 2.052886, ""C04"": 2.169328, ""C05"": 4.280356}","{""C01"": 0, ""C02"": 0, ""C03"": 0, ""C04"": 0, ""C05"": 1296}","{""C01"": 0.025705126362423683, ""C02"": 0.025705126362423683, ""C03"": 0.025705126362423683, ""C04"": 0.025705126362423683, ""C05"": 0.024954620391623758}"
60,60,1,86,0.066451,5,"{""C01"": 1.165432, ""C02"": 2.103502, ""C03"": 2.074707, ""C04"": 2.190506, ""C05"": 4.351205}","{""C01"": 0, ""C02"": 0, ""C03"": 0, ""C04"": 0, ""C05"": 1289}","{""C01"": 0.025713453103924117, ""C02"": 0.025713453103924117, ""C03"": 0.025713453103924117, ""C04"": 0.025713453103924117, ""C05"": 0.024967002211234875}"
61,61,1,86,0.066584,5,"{""C01"": 1.168661, ""C02"": 2.124093, ""C03"": 2.096603, ""C04"": 2.211702, ""C05"": 4.422355}","{""C01"": 0, ""C02"": 0, ""C03"": 0, ""C04"": 0, ""C05"": 1283}","{""C01"": 0.025722152481807925, ""C02"": 0.025722152481807925, ""C03"": 0.025722152481807925, ""C04"": 0.025722152481807925, ""C05"": 0.024979172266526344}"
62,62,1,86,0.066048,5,"{""C01"": 1.171898, ""C02"": 2.144719, ""C03"": 2.118571, ""C04"": 2.232915, ""C05"": 4.493802}","{""C01"": 0, ""C02"": 0, ""C03"": 0, ""C04"": 0, ""C05"": 1276}","{""C01"": 0.02573005934442678, ""C02"": 0.02573005934442678, ""C03"": 0.02573005934442678, ""C04"": 0.02573005934442678, ""C05"": 0.02499113556426043}"
63,63,1,86,0.066996,5,"{""C01"": 1.175142, ""C02"": 2.165378, ""C03"": 2.140612, ""C04"": 2.254146, ""C05"": 4.565542}","{""C01"": 0, ""C02"": 0, ""C03"": 0, ""C04"": 0, ""C05"": 1270}","{""C01"": 0.02573835018995918, ""C02"": 0.02573835018995918, ""C03"": 0.02573835018995918, ""C04"": 0.02573835018995918, ""C05"": 0.02500289836797927}"
64,64,1,86,0.066555,5,"{""C01"": 1.178395, ""C02"": 2.18607, ""C03"": 2.162723, ""C04"": 2.275394, ""C05"": 4.637573}","{""C01"": 0, ""C02"": 0, ""C03"": 0, ""C04"": 0, ""C05"": 1263}","{""C01"": 0.025745859804366417, ""C02"": 0.025745859804366417, ""C03"": 0.025745859804366417, ""C04"": 0.025745859804366417, ""C05"": 0.025014465744674946}"
65,65,1,86,0.067727,5,"{""C01"": 1.181655, ""C02"": 2.206796, ""C03"": 2.184906, ""C04"": 2.296659, ""C05"": 4.709889}","{""C01"": 0, ""C02"": 0, ""C03"": 0, ""C04"": 0, ""C05"": 1257}","{""C01"": 0.025753764063271692, ""C02"": 0.025753764063271692, ""C03"": 0.025753764063271692, ""C04"": 0.025753764063271692, ""C05"": 0.025025843210948584}"
66,66,1,86,0.066802,5,"{""C01"": 1.184923, ""C02"": 2.227554, ""C03"": 2.207157, ""C04"": 2.317941, ""C05"": 4.782489}","{""C01"": 0, ""C02"": 0, ""C03"": 0, ""C04"": 0, ""C05"": 1251}","{""C01"": 0.025761482830410895, ""C02"": 0.025761482830410895, ""C03"": 0.025761482830410895, ""C04"": 0.025761482830410895, ""C05"": 0.025037035784578356}"
67,67,1,86,0.066381,5,"{""C01"": 1.188199, ""C02"": 2.248344, ""C03"": 2.229477, ""C04"": 2.339239, ""C05"": 4.855369}","{""C01"": 0, ""C02"": 0, ""C03"": 0, ""C04"": 0, ""C05"": 1245}","{""C01"": 0.025769020900866108, ""C02"": 0.025769020900866108, ""C03"": 0.025769020900866108, ""C04"": 0.025769020900866108, ""C05"": 0.025048048253732424}"
68,68,1,86,0.067514,5,"{""C01"": 1.191481, ""C02"": 2.269165, ""C03"": 2.251865, ""C04"": 2.360553, ""C05"": 4.928525}","{""C01"": 0, ""C02"": 0, ""C03"": 0, ""C04"": 0, ""C05"": 1239}","{""C01"": 0.02577638287426047, ""C02"": 0.02577638287426047, ""C03"": 0.02577638287426047, ""C04"": 0.02577638287426047, ""C05"": 0.025058885211612432}"
69,69,1,86,0.067661,5,"{""C01"": 1.194772, ""C02"": 2.290018, ""C03"": 2.27432, ""C04"": 2.381883, ""C05"": 5.001954}","{""C01"": 0, ""C02"": 0, ""C03"": 0, ""C04"": 0, ""C05"": 1233}","{""C01"": 0.02578357330865591, ""C02"": 0.02578357330865591, ""C03"": 0.02578357330865591, ""C04"": 0.02578357330865591, ""C05"": 0.025069551209840675}"
70,70,1,86,0.066906,5,"{""C01"": 1.198069, ""C02"": 2.310901, ""C03"": 2.296841, ""C04"": 2.403229, ""C05"": 5.075654}","{""C01"": 0, ""C02"": 0, ""C03"": 0, ""C04"": 0, ""C05"": 1227}","{""C01"": 0.025790596715777922, ""C02"": 0.025790596715777922, ""C03"": 0.025790596715777922, ""C04"": 0.025790596715777922, ""C05"": 0.025080050753701878}"
71,71,1,85,0.066426,5,"{""C01"": 1.201374, ""C02"": 2.331815, ""C03"": 2.319427, ""C04"": 2.42459, ""C05"": 5.149622}","{""C01"": 0, ""C02"": 0, ""C03"": 0, ""C04"": 0, ""C05"": 1221}","{""C01"": 0.02579745727908013, ""C02"": 0.02579745727908013, ""C03"": 0.02579745727908013, ""C04"": 0.02579745727908013, ""C05"": 0.02509038802118133}"
72,72,1,86,0.066926,5,"{""C01"": 1.204686, ""C02"": 2.352758, ""C03"": 2.342078, ""C04"": 2.445966, ""C05"": 5.223854}","{""C01"": 0, ""C02"": 0, ""C03"": 0, ""C04"": 0, ""C05"": 1216}","{""C01"": 0.025804744879335595, ""C02"": 0.025804744879335595, ""C03"": 0.025804744879335595, ""C04"": 0.025804744879335595, ""C05"": 0.025100567449239518}"
73,73,1,85,0.065527,5,"{""C01"": 1.208005, ""C02"": 2.373731, ""C03"": 2.364793, ""C04"": 2.467358, ""C05"": 5.298348}","{""C01"": 0, ""C02"": 0, ""C03"": 0, ""C04"": 0, ""C05"": 1210}","{""C01"": 0.025811291866351824, ""C02"": 0.025811291866351824, ""C03"": 0.025811291866351824, ""C04"": 0.025811291866351824, ""C05"": 0.025110592225553358}"
74,74,1,86,0.066820,5,"{""C01"": 1.21133, ""C02"": 2.394733, ""C03"": 2.387571, ""C04"": 2.488764, ""C05"": 5.373101}","{""C01"": 0, ""C02"": 0, ""C03"": 0, ""C04"": 0, ""C05"": 1205}","{""C01"": 0.025818273715109585, ""C02"": 0.025818273715109585, ""C03"": 0.025818273715109585, ""C04"": 0.025818273715109585, ""C05"": 0.02512046691779226}"
75,75,1,85,0.065572,5,"{""C01"": 1.214663, ""C02"": 2.415764, ""C03"": 2.410411, ""C04"": 2.510185, ""C05"": 5.448111}","{""C01"": 0, ""C02"": 0, ""C03"": 0, ""C04"": 0, ""C05"": 1199}","{""C01"": 0.025824522441467226, ""C02"": 0.025824522441467226, ""C03"": 0.025824522441467226, ""C04"": 0.025824522441467226, ""C05"": 0.02513019449701716}"
76,76,1,85,0.067457,5,"{""C01"": 1.218002, ""C02"": 2.436823, ""C03"": 2.433314, ""C04"": 2.531621, ""C05"": 5.523375}","{""C01"": 0, ""C02"": 0, ""C03"": 0, ""C04"": 0, ""C05"": 1194}","{""C01"": 0.025831213477345752, ""C02"": 0.025831213477345752, ""C03"": 0.025831213477345752, ""C04"": 0.025831213477345752, ""C05"": 0.025139779368579356}"
77,77,1,85,0.065590,5,"{""C01"": 1.221348, ""C02"": 2.45791, ""C03"": 2.456277, ""C04"": 2.553071, ""C05"": 5.598889}","{""C01"": 0, ""C02"": 0, ""C03"": 0, ""C04"": 0, ""C05"": 1189}","{""C01"": 0.02583776406783525, ""C02"": 0.02583776406783525, ""C03"": 0.02583776406783525, ""C04"": 0.02583776406783525, ""C05"": 0.02514922427076071}"
78,78,1,85,0.066059,5,"{""C01"": 1.224701, ""C02"": 2.479026, ""C03"": 2.479301, ""C04"": 2.574534, ""C05"": 5.674653}","{""C01"": 0, ""C02"": 0, ""C03"": 0, ""C04"": 0, ""C05"": 1184}","{""C01"": 0.02584417790023806, ""C02"": 0.02584417790023806, ""C03"": 0.02584417790023806, ""C04"": 0.02584417790023806, ""C05"": 0.02515853288417371}"
79,79,1,85,0.066049,5,"{""C01"": 1.22806, ""C02"": 2.500168, ""C03"": 2.502385, ""C04"": 2.596012, ""C05"": 5.750663}","{""C01"": 0, ""C02"": 0, ""C03"": 0, ""C04"": 0, ""C05"": 1179}","{""C01"": 0.02585045803267494, ""C02"": 0.02585045803267494, ""C03"": 0.02585045803267494, ""C04"": 0.02585045803267494, ""C05"": 0.02516770826236203}"
80,80,1,85,0.066260,5,"{""C01"": 1.231426, ""C02"": 2.521338, ""C03"": 2.525528, ""C04"": 2.617504, ""C05"": 5.826917}","{""C01"": 0, ""C02"": 0, ""C03"": 0, ""C04"": 0, ""C05"": 1174}","{""C01"": 0.02585660765098656, ""C02"": 0.02585660765098656, ""C03"": 0.02585660765098656, ""C04"": 0.02585660765098656, ""C05"": 0.02517675358603144}"
81,81,1,85,0.065634,5,"{""C01"": 1.234798, ""C02"": 2.542534, ""C03"": 2.54873, ""C04"": 2.639009, ""C05"": 5.903413}","{""C01"": 0, ""C02"": 0, ""C03"": 0, ""C04"": 0, ""C05"": 1169}","{""C01"": 0.0258626298211561, ""C02"": 0.0258626298211561, ""C03"": 0.0258626298211561, ""C04"": 0.0258626298211561, ""C05"": 0.025185671916354513}"
82,82,1,85,0.066109,5,"{""C01"": 1.238176, ""C02"": 2.563758, ""C03"": 2.57199, ""C04"": 2.660528, ""C05"": 5.980148}","{""C01"": 0, ""C02"": 0, ""C03"": 0, ""C04"": 0, ""C05"": 1164}","{""C01"": 0.02586852738069728, ""C02"": 0.02586852738069728, ""C03"": 0.02586852738069728, ""C04"": 0.02586852738069728, ""C05"": 0.025194466086759737}"
83,83,1,85,0.065192,5,"{""C01"": 1.241561, ""C02"": 2.585007, ""C03"": 2.595307, ""C04"": 2.68206, ""C05"": 6.05712}","{""C01"": 0, ""C02"": 0, ""C03"": 0, ""C04"": 0, ""C05"": 1159}","{""C01"": 0.025874303177624056, ""C02"": 0.025874303177624056, ""C03"": 0.025874303177624056, ""C04"": 0.025874303177624056, ""C05"": 0.025203138941049308}"
84,84,1,85,0.066413,5,"{""C01"": 1.244952, ""C02"": 2.606282, ""C03"": 2.618682, ""C04"": 2.703605, ""C05"": 6.134328}","{""C01"": 0, ""C02"": 0, ""C03"": 0, ""C04"": 0, ""C05"": 1154}","{""C01"": 0.02587996006555035, ""C02"": 0.02587996006555035, ""C03"": 0.02587996006555035, ""C04"": 0.02587996006555035, ""C05"": 0.0252116933285137}"
85,85,1,85,0.065740,5,"{""C01"": 1.248349, ""C02"": 2.627583, ""C03"": 2.642112, ""C04"": 2.725163, ""C05"": 6.211768}","{""C01"": 0, ""C02"": 0, ""C03"": 0, ""C04"": 0, ""C05"": 1150}","{""C01"": 0.025886086789121243, ""C02"": 0.025886086789121243, ""C03"": 0.025886086789121243, ""C04"": 0.025886086789121243, ""C05"": 0.025220132180860715}"
86,86,1,85,0.066037,5,"{""C01"": 1.251752, ""C02"": 2.648909, ""C03"": 2.665599, ""C04"": 2.746734, ""C05"": 6.289439}","{""C01"": 0, ""C02"": 0, ""C03"": 0, ""C04"": 0, ""C05"": 1145}","{""C01"": 0.02589151368426522, ""C02"": 0.02589151368426522, ""C03"": 0.02589151368426522, ""C04"": 0.02589151368426522, ""C05"": 0.025228457417284793}"
87,87,1,85,0.065796,5,"{""C01"": 1.255161, ""C02"": 2.67026, ""C03"": 2.689141, ""C04"": 2.768318, ""C05"": 6.367339}","{""C01"": 0, ""C02"": 0, ""C03"": 0, ""C04"": 0, ""C05"": 1141}","{""C01"": 0.025897415518037828, ""C02"": 0.025897415518037828, ""C03"": 0.025897415518037828, ""C04"": 0.025897415518037828, ""C05"": 0.02523667216118888}"
88,88,1,84,0.064803,5,"{""C01"": 1.258576, ""C02"": 2.691637, ""C03"": 2.712738, ""C04"": 2.789914, ""C05"": 6.445466}","{""C01"": 0, ""C02"": 0, ""C03"": 0, ""C04"": 0, ""C05"": 1136}","{""C01"": 0.025902622548719875, ""C02"": 0.025902622548719875, ""C03"": 0.025902622548719875, ""C04"": 0.025902622548719875, ""C05"": 0.025244778358866363}"
89,89,1,85,0.065907,5,"{""C01"": 1.261997, ""C02"": 2.713037, ""C03"": 2.736389, ""C04"": 2.811522, ""C05"": 6.523817}","{""C01"": 0, ""C02"": 0, ""C03"": 0, ""C04"": 0, ""C05"": 1132}","{""C01"": 0.025908309232893015, ""C02"": 0.025908309232893015, ""C03"": 0.025908309232893015, ""C04"": 0.025908309232893015, ""C05"": 0.02525277871743613}"
90,90,1,84,0.065898,5,"{""C01"": 1.265423, ""C02"": 2.734462, ""C03"": 2.760094, ""C04"": 2.833143, ""C05"": 6.602392}","{""C01"": 0, ""C02"": 0, ""C03"": 0, ""C04"": 0, ""C05"": 1127}","{""C01"": 0.025913305725216607, ""C02"": 0.025913305725216607, ""C03"": 0.025913305725216607, ""C04"": 0.025913305725216607, ""C05"": 0.025260675188801086}"
91,91,1,84,0.066355,5,"{""C01"": 1.268856, ""C02"": 2.755912, ""C03"": 2.783852, ""C04"": 2.854776, ""C05"": 6.681187}","{""C01"": 0, ""C02"": 0, ""C03"": 0, ""C04"": 0, ""C05"": 1123}","{""C01"": 0.025918786542257155, ""C02"": 0.025918786542257155, ""C03"": 0.025918786542257155, ""C04"": 0.025918786542257155, ""C05"": 0.02526847042849955}"
92,92,1,84,0.065933,5,"{""C01"": 1.272294, ""C02"": 2.777385, ""C03"": 2.807663, ""C04"": 2.876421, ""C05"": 6.760202}","{""C01"": 0, ""C02"": 0, ""C03"": 0, ""C04"": 0, ""C05"": 1119}","{""C01"": 0.02592416768334467, ""C02"": 0.02592416768334467, ""C03"": 0.02592416768334467, ""C04"": 0.02592416768334467, ""C05"": 0.02527616634933696}"
93,93,1,84,0.065440,5,"{""C01"": 1.275738, ""C02"": 2.798881, ""C03"": 2.831526, ""C04"": 2.898078, ""C05"": 6.839434}","{""C01"": 0, ""C02"": 0, ""C03"": 0, ""C04"": 0, ""C05"": 1114}","{""C01"": 0.02592886479543491, ""C02"": 0.02592886479543491, ""C03"": 0.02592886479543491, ""C04"": 0.02592886479543491, ""C05"": 0.02528376461761482}"
94,94,1,84,0.064785,5,"{""C01"": 1.279188, ""C02"": 2.820401, ""C03"": 2.855442, ""C04"": 2.919747, ""C05"": 6.918882}","{""C01"": 0, ""C02"": 0, ""C03"": 0, ""C04"": 0, ""C05"": 1110}","{""C01"": 0.02593405283228091, ""C02"": 0.02593405283228091, ""C03"": 0.02593405283228091, ""C04"": 0.02593405283228091, ""C05"": 0.025291268161262096}"
95,95,1,84,0.065349,5,"{""C01"": 1.282643, ""C02"": 2.841944, ""C03"": 2.879408, ""C04"": 2.941427, ""C05"": 6.998543}","{""C01"": 0, ""C02"": 0, ""C03"": 0, ""C04"": 0, ""C05"": 1106}","{""C01"": 0.02593914717256432, ""C02"": 0.02593914717256432, ""C03"": 0.02593914717256432, ""C04"": 0.02593914717256432, ""C05"": 0.025298678355314817}"
96,96,1,84,0.068334,5,"{""C01"": 1.286103, ""C02"": 2.863511, ""C03"": 2.903426, ""C04"": 2.963119, ""C05"": 7.078417}","{""C01"": 0, ""C02"": 0, ""C03"": 0, ""C04"": 0, ""C05"": 1102}","{""C01"": 0.025944149908228756, ""C02"": 0.025944149908228756, ""C03"": 0.025944149908228756, ""C04"": 0.025944149908228756, ""C05"": 0.025305997287681747}"
97,97,1,84,0.064881,5,"{""C01"": 1.289569, ""C02"": 2.885099, ""C03"": 2.927495, ""C04"": 2.984823, ""C05"": 7.158501}","{""C01"": 0, ""C02"": 0, ""C03"": 0, ""C04"": 0, ""C05"": 1098}","{""C01"": 0.025949062789022856, ""C02"": 0.025949062789022856, ""C03"": 0.025949062789022856, ""C04"": 0.025949062789022856, ""C05"": 0.02531322670532679}"
98,98,1,84,0.065083,5,"{""C01"": 1.293041, ""C02"": 2.906711, ""C03"": 2.951614, ""C04"": 3.006537, ""C05"": 7.238794}","{""C01"": 0, ""C02"": 0, ""C03"": 0, ""C04"": 0, ""C05"": 1094}","{""C01"": 0.02595388768856488, ""C02"": 0.02595388768856488, ""C03"": 0.02595388768856488, ""C04"": 0.02595388768856488, ""C05"": 0.025320368478552905}"
99,99,1,84,0.064950,5,"{""C01"": 1.296518, ""C02"": 2.928344, ""C03"": 2.975782, ""C04"": 3.028263, ""C05"": 7.319294}","{""C01"": 0, ""C02"": 0, ""C03"": 0, ""C04"": 0, ""C05"": 1090}","{""C01"": 0.025958626331326687, ""C02"": 0.025958626331326687, ""C03"": 0.025958626331326687, ""C04"": 0.025958626331326687, ""C05"": 0.025327424329037472}"
100,100,1,84,0.066110,5,"{""C01"": 1.3, ""C02"": 2.95, ""C03"": 3.0, ""C04"": 3.05, ""C05"": 7.4}","{""C01"": 0, ""C02"": 0, ""C03"": 0, ""C04"": 0, ""C05"": 1086}","{""C01"": 0.025963280473615666, ""C02"": 0.025963280473615666, ""C03"": 0.025963280473615666, ""C04"": 0.025963280473615666, ""C05"": 0.02533439601011851}"
1,1,1,52,0.079567,5,"{""C01"": 1.0, ""C02"": 1.0, ""C03"": 1.0, ""C04"": 1.0, ""C05"": 1.0}","{""C01"": 412, ""C02"": 412, ""C03"": 412, ""C04"": 412, ""C05"": 412}","{""C01"": 0.024513362141732806, ""C02"": 0.024513362141732806, ""C03"": 0.024513362141732806, ""C04"": 0.024513362141732806, ""C05"": 0.024513362141732806}"
2,2,1,917,1.447227,5,"{""C01"": 1.001521, ""C02"": 1.01244, ""C03"": 1.008059, ""C04"": 1.016456, ""C05"": 1.020494}","{""C01"": 0, ""C02"": 0, ""C03"": 0, ""C04"": 761, ""C05"": 1282}","{""C01"": 0.02476450736120228, ""C02"": 0.02476450736120228, ""C03"": 0.02476450736120228, ""C04"": 0.02432380193136087, ""C05"": 0.024022097185256296}"
3,3,1,1109,1.716303,5,"{""C01"": 1.003375, ""C02"": 1.026667, ""C03"": 1.018514, ""C04"": 1.034074, ""C05"": 1.048744}","{""C01"": 0, ""C02"": 0, ""C03"": 0, ""C04"": 0, ""C05"": 2023}","{""C01"": 0.024786946711397292, ""C02"": 0.024786946711397292, ""C03"": 0.024786946711397292, ""C04"": 0.024786946711397292, ""C05"": 0.023615409185538422}"
4,4,1,571,0.542846,5,"{""C01"": 1.005381, ""C02"": 1.041655, ""C03"": 1.030117, ""C04"": 1.052157, ""C05"": 1.080917}","{""C01"": 0, ""C02"": 0, ""C03"": 0, ""C04"": 0, ""C05"": 2004}","{""C01"": 0.024811343289198998, ""C02"": 0.024811343289198998, ""C03"": 0.024811343289198998, ""C04"": 0.024811343289198998, ""C05"": 0.023650809466281765}"
5,5,1,408,0.376716,5,"{""C01"": 1.00749, ""C02"": 1.057161, ""C03"": 1.042534, ""C04"": 1.07055, ""C05"": 1.115934}","{""C01"": 0, ""C02"": 0, ""C03"": 0, ""C04"": 0, ""C05"": 1984}","{""C01"": 0.024836753876558024, ""C02"": 0.024836753876558024, ""C03"": 0.024836753876558024, ""C04"": 0.024836753876558024, ""C05"": 0.023687803392492015}"
6,6,1,321,0.282492,5,"{""C01"": 1.009682, ""C02"": 1.073064, ""C03"": 1.055594, ""C04"": 1.089178, ""C05"": 1.153232}","{""C01"": 0, ""C02"": 0, ""C03"": 0, ""C04"": 0, ""C05"": 1964}","{""C01"": 0.02486293943698148, ""C02"": 0.02486293943698148, ""C03"": 0.02486293943698148, ""C04"": 0.02486293943698148, ""C05"": 0.023725570654225137}"
7,7,1,265,0.238211,5,"{""C01"": 1.01194, ""C02"": 1.08929, ""C03"": 1.069191, ""C04"": 1.107993, ""C05"": 1.192453}","{""C01"": 0, ""C02"": 0, ""C03"": 0, ""C04"": 0, ""C05"": 1944}","{""C01"": 0.024889384107039683, ""C02"": 0.024889384107039683, ""C03"": 0.024889384107039683, ""C04"": 0.024889384107039683, ""C05"": 0.02376359640371862}"
8,8,1,229,0.199991,5,"{""C01"": 1.014256, ""C02"": 1.10579, ""C03"": 1.08325, ""C04"": 1.126967, ""C05"": 1.23335}","{""C01"": 0, ""C02"": 0, ""C03"": 0, ""C04"": 0, ""C05"": 1923}","{""C01"": 0.024915163071460855, ""C02"": 0.024915163071460855, ""C03"": 0.024915163071460855, ""C04"": 0.024915163071460855, ""C05"": 0.02380153957757147}"
9,9,1,204,0.184172,5,"{""C01"": 1.016622, ""C02"": 1.122528, ""C03"": 1.097718, ""C04"": 1.146077, ""C05"": 1.275739}","{""C01"": 0, ""C02"": 0, ""C03"": 0, ""C04"": 0, ""C05"": 1903}","{""C01"": 0.024941206602667423, ""C02"": 0.024941206602667423, ""C03"": 0.024941206602667423, ""C04"": 0.024941206602667423, ""C05"": 0.023839164886222803}"
10,10,1,187,0.172653,5,"{""C01"": 1.019034, ""C02"": 1.139477, ""C03"": 1.112553, ""C04"": 1.165307, ""C05"": 1.319477}","{""C01"": 0, ""C02"": 0, ""C03"": 0, ""C04"": 0, ""C05"": 1883}","{""C01"": 0.024966766017838815, ""C02"": 0.024966766017838815, ""C03"": 0.024966766017838815, ""C04"": 0.024966766017838815, ""C05"": 0.023876307038007243}"
11,11,1,174,0.251079,5,"{""C01"": 1.021485, ""C02"": 1.156616, ""C03"": 1.127723, ""C04"": 1.184645, ""C05"": 1.364448}","{""C01"": 0, ""C02"": 0, ""C03"": 0, ""C04"": 0, ""C05"": 1863}","{""C01"": 0.024991724387597267, ""C02"": 0.024991724387597267, ""C03"": 0.024991724387597267, ""C04"": 0.024991724387597267, ""C05"": 0.02391284939314796}"
12,12,1,164,0.250825,5,"{""C01"": 1.023974, ""C02"": 1.173927, ""C03"": 1.143199, ""C04"": 1.204079, ""C05"": 1.41056}","{""C01"": 0, ""C02"": 0, ""C03"": 0, ""C04"": 0, ""C05"": 1844}","{""C01"": 0.025016587011559677, ""C02"": 0.025016587011559677, ""C03"": 0.025016587011559677, ""C04"": 0.025016587011559677, ""C05"": 0.02394871423462714}"
13,13,1,156,0.239294,5,"{""C01"": 1.026497, ""C02"": 1.191397, ""C03"": 1.158959, ""C04"": 1.223603, ""C05"": 1.457733}","{""C01"": 0, ""C02"": 0, ""C03"": 0, ""C04"": 0, ""C05"": 1825}","{""C01"": 0.02504071563020968, ""C02"": 0.02504071563020968, ""C03"": 0.02504071563020968, ""C04"": 0.02504071563020968, ""C05"": 0.02398384661958189}"
14,14,1,150,0.227328,5,"{""C01"": 1.029052, ""C02"": 1.209013, ""C03"": 1.174985, ""C04"": 1.243208, ""C05"": 1.505901}","{""C01"": 0, ""C02"": 0, ""C03"": 0, ""C04"": 0, ""C05"": 1807}","{""C01"": 0.025064660307746803, ""C02"": 0.025064660307746803, ""C03"": 0.025064660307746803, ""C04"": 0.025064660307746803, ""C05"": 0.024018213421447356}"
15,15,1,145,0.220801,5,"{""C01"": 1.031636, ""C02"": 1.226765, ""C03"": 1.191259, ""C04"": 1.262888, ""C05"": 1.555004}","{""C01"": 0, ""C02"": 0, ""C03"": 0, ""C04"": 0, ""C05"": 1789}","{""C01"": 0.025087816357552722, ""C02"": 0.025087816357552722, ""C03"": 0.025087816357552722, ""C04"": 0.025087816357552722, ""C05"": 0.024051793290382047}"
16,16,1,140,0.217101,5,"{""C01"": 1.034249, ""C02"": 1.244645, ""C03"": 1.207767, ""C04"": 1.282639, ""C05"": 1.604993}","{""C01"": 0, ""C02"": 0, ""C03"": 0, ""C04"": 0, ""C05"": 1771}","{""C01"": 0.02511017618324983, ""C02"": 0.02511017618324983, ""C03"": 0.02511017618324983, ""C04"": 0.02511017618324983, ""C05"": 0.024084578705120225}"
17,17,1,136,0.212888,5,"{""C01"": 1.036887, ""C02"": 1.262644, ""C03"": 1.224498, ""C04"": 1.302456, ""C05"": 1.655822}","{""C01"": 0, ""C02"": 0, ""C03"": 0, ""C04"": 0, ""C05"": 1754}","{""C01"": 0.02513232191394317, ""C02"": 0.02513232191394317, ""C03"": 0.02513232191394317, ""C04"": 0.02513232191394317, ""C05"": 0.024116568406523944}"
18,18,1,133,0.202725,5,"{""C01"": 1.039551, ""C02"": 1.280756, ""C03"": 1.241438, ""C04"": 1.322336, ""C05"": 1.707452}","{""C01"": 0, ""C02"": 0, ""C03"": 0, ""C04"": 0, ""C05"": 1737}","{""C01"": 0.02515367624047718, ""C02"": 0.02515367624047718, ""C03"": 0.02515367624047718, ""C04"": 0.02515367624047718, ""C05"": 0.024147768492120428}"
19,19,1,130,0.198514,5,"{""C01"": 1.042238, ""C02"": 1.298976, ""C03"": 1.25858, ""C04"": 1.342273, ""C05"": 1.759848}","{""C01"": 0, ""C02"": 0, ""C03"": 0, ""C04"": 0, ""C05"": 1720}","{""C01"": 0.025174249732201545, ""C02"": 0.025174249732201545, ""C03"": 0.025174249732201545, ""C04"": 0.025174249732201545, ""C05"": 0.024178189564723424}"
20,20,1,128,0.193910,5,"{""C01"": 1.044948, ""C02"": 1.317296, ""C03"": 1.275913, ""C04"": 1.362267, ""C05"": 1.812976}","{""C01"": 0, ""C02"": 0, ""C03"": 0, ""C04"": 0, ""C05"": 1704}","{""C01"": 0.025194638885769297, ""C02"": 0.025194638885769297, ""C03"": 0.025194638885769297, ""C04"": 0.025194638885769297, ""C05"": 0.024207844565039827}"
21,21,1,126,0.194280,5,"{""C01"": 1.047679, ""C02"": 1.335714, ""C03"": 1.293429, ""C04"": 1.382312, ""C05"": 1.866809}","{""C01"": 0, ""C02"": 0, ""C03"": 0, ""C04"": 0, ""C05"": 1689}","{""C01"": 0.025214861213407186, ""C02"": 0.025214861213407186, ""C03"": 0.025214861213407186, ""C04"": 0.025214861213407186, ""C05"": 0.024236750890144047}"
22,22,1,124,0.190697,5,"{""C01"": 1.05043, ""C02"": 1.354223, ""C03"": 1.311122, ""C04"": 1.402409, ""C05"": 1.921319}","{""C01"": 0, ""C02"": 0, ""C03"": 0, ""C04"": 0, ""C05"": 1673}","{""C01"": 0.025233766377942946, ""C02"": 0.025233766377942946, ""C03"": 0.025233766377942946, ""C04"": 0.025233766377942946, ""C05"": 0.024264925419243084}"
23,23,1,122,0.191682,5,"{""C01"": 1.053202, ""C02"": 1.372821, ""C03"": 1.328984, ""C04"": 1.422553, ""C05"": 1.976482}","{""C01"": 0, ""C02"": 0, ""C03"": 0, ""C04"": 0, ""C05"": 1658}","{""C01"": 0.02525254140222763, ""C02"": 0.02525254140222763, ""C03"": 0.02525254140222763, ""C04"": 0.02525254140222763, ""C05"": 0.02429238788978069}"
24,24,1,121,0.186508,5,"{""C01"": 1.055992, ""C02"": 1.391504, ""C03"": 1.347009, ""C04"": 1.442742, ""C05"": 2.032276}","{""C01"": 0, ""C02"": 0, ""C03"": 0, ""C04"": 0, ""C05"": 1644}","{""C01"": 0.025271206659406575, ""C02"": 0.025271206659406575, ""C03"": 0.025271206659406575, ""C04"": 0.025271206659406575, ""C05"": 0.024319158547286196}"
25,25,1,120,0.181281,5,"{""C01"": 1.058801, ""C02"": 1.410269, ""C03"": 1.365192, ""C04"": 1.462976, ""C05"": 2.088679}","{""C01"": 0, ""C02"": 0, ""C03"": 0, ""C04"": 0, ""C05"": 1630}","{""C01"": 0.025289197909169225, ""C02"": 0.025289197909169225, ""C03"": 0.025289197909169225, ""C04"": 0.025289197909169225, ""C05"": 0.0243452568192774}"
26,26,1,119,0.182772,5,"{""C01"": 1.061627, ""C02"": 1.429111, ""C03"": 1.383527, ""C04"": 1.483252, ""C05"": 2.145674}","{""C01"": 0, ""C02"": 0, ""C03"": 0, ""C04"": 0, ""C05"": 1616}","{""C01"": 0.025306536775392727, ""C02"": 0.025306536775392727, ""C03"": 0.025306536775392727, ""C04"": 0.025306536775392727, ""C05"": 0.024370704320888725}"
27,27,1,117,0.182961,5,"{""C01"": 1.06447, ""C02"": 1.448029, ""C03"": 1.402009, ""C04"": 1.503569, ""C05"": 2.203241}","{""C01"": 0, ""C02"": 0, ""C03"": 0, ""C04"": 0, ""C05"": 1602}","{""C01"": 0.0253232426602987, ""C02"": 0.0253232426602987, ""C03"": 0.0253232426602987, ""C04"": 0.0253232426602987, ""C05"": 0.024395520450664863}"
28,28,1,117,0.180681,5,"{""C01"": 1.06733, ""C02"": 1.467021, ""C03"": 1.420634, ""C04"": 1.523925, ""C05"": 2.261365}","{""C01"": 0, ""C02"": 0, ""C03"": 0, ""C04"": 0, ""C05"": 1589}","{""C01"": 0.02533992078291117, ""C02"": 0.02533992078291117, ""C03"": 0.02533992078291117, ""C04"": 0.02533992078291117, ""C05"": 0.024419726499578607}"
29,29,1,116,0.143407,5,"{""C01"": 1.070206, ""C02"": 1.486082, ""C03"": 1.439397, ""C04"": 1.544318, ""C05"": 2.320029}","{""C01"": 0, ""C02"": 0, ""C03"": 0, ""C04"": 0, ""C05"": 1576}","{""C01"": 0.0253560063138753, ""C02"": 0.0253560063138753, ""C03"": 0.0253560063138753, ""C04"": 0.0253560063138753, ""C05"": 0.024443341464951026}"
30,30,1,115,0.107556,5,"{""C01"": 1.073097, ""C02"": 1.505212, ""C03"": 1.458295, ""C04"": 1.564748, ""C05"": 2.37922}","{""C01"": 0, ""C02"": 0, ""C03"": 0, ""C04"": 0, ""C05"": 1564}","{""C01"": 0.02537210371719391, ""C02"": 0.02537210371719391, ""C03"": 0.02537210371719391, ""C04"": 0.02537210371719391, ""C05"": 0.024466385800742417}"
31,31,1,114,0.114596,5,"{""C01"": 1.076003, ""C02"": 1.524408, ""C03"": 1.477324, ""C04"": 1.585213, ""C05"": 2.438923}","{""C01"": 0, ""C02"": 0, ""C03"": 0, ""C04"": 0, ""C05"": 1551}","{""C01"": 0.0253870629857592, ""C02"": 0.0253870629857592, ""C03"": 0.0253870629857592, ""C04"": 0.0253870629857592, ""C05"": 0.024488877442324645}"
32,32,1,114,0.108969,5,"{""C01"": 1.078924, ""C02"": 1.543668, ""C03"": 1.49648, ""C04"": 1.605713, ""C05"": 2.499126}","{""C01"": 0, ""C02"": 0, ""C03"": 0, ""C04"": 0, ""C05"": 1539}","{""C01"": 0.025402071601796306, ""C02"": 0.025402071601796306, ""C03"": 0.025402071601796306, ""C04"": 0.025402071601796306, ""C05"": 0.02451083582502621}"
33,33,1,113,0.107714,5,"{""C01"": 1.081858, ""C02"": 1.56299, ""C03"": 1.51576, ""C04"": 1.626245, ""C05"": 2.559816}","{""C01"": 0, ""C02"": 0, ""C03"": 0, ""C04"": 0, ""C05"": 1528}","{""C01"": 0.025417147374277402, ""C02"": 0.025417147374277402, ""C03"": 0.025417147374277402, ""C04"": 0.025417147374277402, ""C05"": 0.024532278626812995}"
34,34,1,112,0.102324,5,"{""C01"": 1.084807, ""C02"": 1.582373, ""C03"": 1.535161, ""C04"": 1.64681, ""C05"": 2.620983}","{""C01"": 0, ""C02"": 0, ""C03"": 0, ""C04"": 0, ""C05"": 1516}","{""C01"": 0.025431139335450173, ""C02"": 0.025431139335450173, ""C03"": 0.025431139335450173, ""C04"": 0.025431139335450173, ""C05"": 0.024553223057221435}"
35,35,1,112,0.100527,5,"{""C01"": 1.087769, ""C02"": 1.601815, ""C03"": 1.55468, ""C04"": 1.667405, ""C05"": 2.682614}","{""C01"": 0, ""C02"": 0, ""C03"": 0, ""C04"": 0, ""C05"": 1505}","{""C01"": 0.025445232498934434, ""C02"": 0.025445232498934434, ""C03"": 0.025445232498934434, ""C04"": 0.025445232498934434, ""C05"": 0.02457368584859461}"
36,36,1,112,0.102234,5,"{""C01"": 1.090744, ""C02"": 1.621313, ""C03"": 1.574314, ""C04"": 1.688032, ""C05"": 2.744701}","{""C01"": 0, ""C02"": 0, ""C03"": 0, ""C04"": 0, ""C05"": 1494}","{""C01"": 0.02545885937288496, ""C02"": 0.02545885937288496, ""C03"": 0.02545885937288496, ""C04"": 0.02545885937288496, ""C05"": 0.02459368360933753}"
37,37,1,111,0.099534,5,"{""C01"": 1.093732, ""C02"": 1.640868, ""C03"": 1.594061, ""C04"": 1.708687, ""C05"": 2.807233}","{""C01"": 0, ""C02"": 0, ""C03"": 0, ""C04"": 0, ""C05"": 1484}","{""C01"": 0.025472619742670663, ""C02"": 0.025472619742670663, ""C03"": 0.025472619742670663, ""C04"": 0.025472619742670663, ""C05"": 0.024613231844054936}"
38,38,1,111,0.098905,5,"{""C01"": 1.096733, ""C02"": 1.660477, ""C03"": 1.613917, ""C04"": 1.729371, ""C05"": 2.8702}","{""C01"": 0, ""C02"": 0, ""C03"": 0, ""C04"": 0, ""C05"": 1473}","{""C01"": 0.02548535949718736, ""C02"": 0.02548535949718736, ""C03"": 0.02548535949718736, ""C04"": 0.02548535949718736, ""C05"": 0.024632344925214808}"
39,39,1,110,0.098059,5,"{""C01"": 1.099745, ""C02"": 1.680139, ""C03"": 1.633882, ""C04"": 1.750084, ""C05"": 2.933595}","{""C01"": 0, ""C02"": 0, ""C03"": 0, ""C04"": 0, ""C05"": 1463}","{""C01"": 0.02549826270223063, ""C02"": 0.02549826270223063, ""C03"": 0.02549826270223063, ""C04"": 0.02549826270223063, ""C05"": 0.02465103833191747}"
40,40,1,110,0.098561,5,"{""C01"": 1.10277, ""C02"": 1.699853, ""C03"": 1.653951, ""C04"": 1.770823, ""C05"": 2.997408}","{""C01"": 0, ""C02"": 0, ""C03"": 0, ""C04"": 0, ""C05"": 1453}","{""C01"": 0.025510758318222762, ""C02"": 0.025510758318222762, ""C03"": 0.025510758318222762, ""C04"": 0.025510758318222762, ""C05"": 0.02466932528011124}"
41,41,1,110,0.099211,5,"{""C01"": 1.105806, ""C02"": 1.719618, ""C03"": 1.674124, ""C04"": 1.791589, ""C05"": 3.061631}","{""C01"": 0, ""C02"": 0, ""C03"": 0, ""C04"": 0, ""C05"": 1443}","{""C01"": 0.02552285977469554, ""C02"": 0.02552285977469554, ""C03"": 0.02552285977469554, ""C04"": 0.02552285977469554, ""C05"": 0.024687219186061964}"
42,42,1,110,0.099065,5,"{""C01"": 1.108853, ""C02"": 1.739432, ""C03"": 1.694398, ""C04"": 1.812381, ""C05"": 3.126257}","{""C01"": 0, ""C02"": 0, ""C03"": 0, ""C04"": 0, ""C05"": 1434}","{""C01"": 0.025535164824611545, ""C02"": 0.025535164824611545, ""C03"": 0.025535164824611545, ""C04"": 0.025535164824611545, ""C05"": 0.024704733336994814}"
43,43,1,110,0.100417,5,"{""C01"": 1.111912, ""C02"": 1.759294, ""C03"": 1.714771, ""C04"": 1.833199, ""C05"": 3.191279}","{""C01"": 0, ""C02"": 0, ""C03"": 0, ""C04"": 0, ""C05"": 1424}","{""C01"": 0.02554651668043477, ""C02"": 0.02554651668043477, ""C03"": 0.02554651668043477, ""C04"": 0.02554651668043477, ""C05"": 0.024721879798952674}"
44,44,1,110,0.098798,5,"{""C01"": 1.114982, ""C02"": 1.779204, ""C03"": 1.735241, ""C04"": 1.854041, ""C05"": 3.256688}","{""C01"": 0, ""C02"": 0, ""C03"": 0, ""C04"": 0, ""C05"": 1415}","{""C01"": 0.025558096052657173, ""C02"": 0.025558096052657173, ""C03"": 0.025558096052657173, ""C04"": 0.025558096052657173, ""C05"": 0.02473867033216553}"
45,45,1,109,0.125693,5,"{""C01"": 1.118062, ""C02"": 1.79916, ""C03"": 1.755807, ""C04"": 1.874908, ""C05"": 3.322479}","{""C01"": 0, ""C02"": 0, ""C03"": 0, ""C04"": 0, ""C05"": 1406}","{""C01"": 0.0255693301375364, ""C02"": 0.0255693301375364, ""C03"": 0.0255693301375364, ""C04"": 0.0255693301375364, ""C05"": 0.024755116571636454}"
46,46,1,109,0.105965,5,"{""C01"": 1.121153, ""C02"": 1.819162, ""C03"": 1.776467, ""C04"": 1.895798, ""C05"": 3.388645}","{""C01"": 0, ""C02"": 0, ""C03"": 0, ""C04"": 0, ""C05"": 1397}","{""C01"": 0.02558022977573153, ""C02"": 0.02558022977573153, ""C03"": 0.02558022977573153, ""C04"": 0.02558022977573153, ""C05"": 0.024771229346386123}"
47,47,1,109,0.099468,5,"{""C01"": 1.124255, ""C02"": 1.839208, ""C03"": 1.797218, ""C04"": 1.916711, ""C05"": 3.45518}","{""C01"": 0, ""C02"": 0, ""C03"": 0, ""C04"": 0, ""C05"": 1388}","{""C01"": 0.025590805504166897, ""C02"": 0.025590805504166897, ""C03"": 0.025590805504166897, ""C04"": 0.025590805504166897, ""C05"": 0.024787019182198746}"
48,48,1,109,0.099598,5,"{""C01"": 1.127366, ""C02"": 1.859297, ""C03"": 1.81806, ""C04"": 1.937648, ""C05"": 3.522077}","{""C01"": 0, ""C02"": 0, ""C03"": 0, ""C04"": 0, ""C05"": 1380}","{""C01"": 0.025601652327626484, ""C02"": 0.025601652327626484, ""C03"": 0.025601652327626484, ""C04"": 0.025601652327626484, ""C05"": 0.024802496404410377}"
49,49,1,109,0.097854,5,"{""C01"": 1.130487, ""C02"": 1.87943, ""C03"": 1.838991, ""C04"": 1.958606, ""C05"": 3.589331}","{""C01"": 0, ""C02"": 0, ""C03"": 0, ""C04"": 0, ""C05"": 1372}","{""C01"": 0.025612195055437742, ""C02"": 0.025612195055437742, ""C03"": 0.025612195055437742, ""C04"": 0.025612195055437742, ""C05"": 0.02481767041035129}"
50,50,1,109,0.099430,5,"{""C01"": 1.133618, ""C02"": 1.899604, ""C03"": 1.860009, ""C04"": 1.979586, ""C05"": 3.656936}","{""C01"": 0, ""C02"": 0, ""C03"": 0, ""C04"": 0, ""C05"": 1363}","{""C01"": 0.025621858036652803, ""C02"": 0.025621858036652803, ""C03"": 0.025621858036652803, ""C04"": 0.025621858036652803, ""C05"": 0.024832550271460946}"
51,51,1,109,0.098639,5,"{""C01"": 1.136759, ""C02"": 1.91982, ""C03"": 1.881113, ""C04"": 2.000588, ""C05"": 3.724887}","{""C01"": 0, ""C02"": 0, ""C03"": 0, ""C04"": 0, ""C05"": 1355}","{""C01"": 0.025631820329280436, ""C02"": 0.025631820329280436, ""C03"": 0.025631820329280436, ""C04"": 0.025631820329280436, ""C05"": 0.024847145599720424}"
52,52,1,109,0.097764,5,"{""C01"": 1.139909, ""C02"": 1.940076, ""C03"": 1.902302, ""C04"": 2.021611, ""C05"": 3.793179}","{""C01"": 0, ""C02"": 0, ""C03"": 0, ""C04"": 0, ""C05"": 1348}","{""C01"": 0.025642090670659992, ""C02"": 0.025642090670659992, ""C03"": 0.025642090670659992, ""C04"": 0.025642090670659992, ""C05"": 0.02486146502019434}"
53,53,1,109,0.099085,5,"{""C01"": 1.143069, ""C02"": 1.960372, ""C03"": 1.923574, ""C04"": 2.042654, ""C05"": 3.861806}","{""C01"": 0, ""C02"": 0, ""C03"": 0, ""C04"": 0, ""C05"": 1340}","{""C01"": 0.025651507048122676, ""C02"": 0.025651507048122676, ""C03"": 0.025651507048122676, ""C04"": 0.025651507048122676, ""C05"": 0.024875516081595314}"
54,54,1,108,0.096519,5,"{""C01"": 1.146237, ""C02"": 1.980707, ""C03"": 1.944928, ""C04"": 2.063718, ""C05"": 3.930764}","{""C01"": 0, ""C02"": 0, ""C03"": 0, ""C04"": 0, ""C05"": 1332}","{""C01"": 0.0256606625410971, ""C02"": 0.0256606625410971, ""C03"": 0.0256606625410971, ""C04"": 0.0256606625410971, ""C05"": 0.024889307085950142}"
55,55,1,108,0.096867,5,"{""C01"": 1.149415, ""C02"": 2.001081, ""C03"": 1.966363, ""C04"": 2.084802, ""C05"": 4.000048}","{""C01"": 0, ""C02"": 0, ""C03"": 0, ""C04"": 0, ""C05"": 1325}","{""C01"": 0.025670150034059355, ""C02"": 0.025670150034059355, ""C03"": 0.025670150034059355, ""C04"": 0.025670150034059355, ""C05"": 0.024902846003758226}"
56,56,1,108,0.096255,5,"{""C01"": 1.152601, ""C02"": 2.021492, ""C03"": 1.987877, ""C04"": 2.105905, ""C05"": 4.069653}","{""C01"": 0, ""C02"": 0, ""C03"": 0, ""C04"": 0, ""C05"": 1317}","{""C01"": 0.025678806335424936, ""C02"": 0.025678806335424936, ""C03"": 0.025678806335424936, ""C04"": 0.025678806335424936, ""C05"": 0.024916139408762163}"
57,57,1,108,0.097861,5,"{""C01"": 1.155796, ""C02"": 2.04194, ""C03"": 2.00947, ""C04"": 2.127027, ""C05"": 4.139576}","{""C01"": 0, ""C02"": 0, ""C03"": 0, ""C04"": 0, ""C05"": 1310}","{""C01"": 0.025687809430269326, ""C02"": 0.025687809430269326, ""C03"": 0.025687809430269326, ""C04"": 0.025687809430269326, ""C05"": 0.024929195434072883}"
58,58,1,108,0.095670,5,"{""C01"": 1.159, ""C02"": 2.062425, ""C03"": 2.03114, ""C04"": 2.148168, ""C05"": 4.209812}","{""C01"": 0, ""C02"": 0, ""C03"": 0, ""C04"": 0, ""C05"": 1303}","{""C01"": 0.025696580632708896, ""C02"": 0.025696580632708896, ""C03"": 0.025696580632708896, ""C04"": 0.025696580632708896, ""C05"": 0.024942020291196052}"
59,59,1,108,0.099451,5,"{""C01"": 1.162212, ""C02"": 2.082946, ""C03"": 2.052886, ""C04"": 2.169328, ""C05"": 4.280356}","{""C01"": 0, ""C02"": 0, ""C03"": 0, ""C04"": 0, ""C05"": 1296}","{""C01"": 0.025705126362423683, ""C02"": 0.025705126362423683, ""C03"": 0.025705126362423683, ""C04"": 0.025705126362423683, ""C05"": 0.024954620391623758}"
60,60,1,108,0.105370,5,"{""C01"": 1.165432, ""C02"": 2.103502, ""C03"": 2.074707, ""C04"": 2.190506, ""C05"": 4.351205}","{""C01"": 0, ""C02"": 0, ""C03"": 0, ""C04"": 0, ""C05"": 1289}","{""C01"": 0.025713453103924117, ""C02"": 0.025713453103924117, ""C03"": 0.025713453103924117, ""C04"": 0.025713453103924117, ""C05"": 0.024967002211234875}"
61,61,1,108,0.108042,5,"{""C01"": 1.168661, ""C02"": 2.124093, ""C03"": 2.096603, ""C04"": 2.211702, ""C05"": 4.422355}","{""C01"": 0, ""C02"": 0, ""C03"": 0, ""C04"": 0, ""C05"": 1283}","{""C01"": 0.025722152481807925, ""C02"": 0.025722152481807925, ""C03"": 0.025722152481807925, ""C04"": 0.025722152481807925, ""C05"": 0.024979172266526344}"
62,62,1,108,0.103732,5,"{""C01"": 1.171898, ""C02"": 2.144719, ""C03"": 2.118571, ""C04"": 2.232915, ""C05"": 4.493802}","{""C01"": 0, ""C02"": 0, ""C03"": 0, ""C04"": 0, ""C05"": 1276}","{""C01"": 0.02573005934442678, ""C02"": 0.02573005934442678, ""C03"": 0.02573005934442678, ""C04"": 0.02573005934442678, ""C05"": 0.02499113556426043}"
63,63,1,108,0.100964,5,"{""C01"": 1.175142, ""C02"": 2.165378, ""C03"": 2.140612, ""C04"": 2.254146, ""C05"": 4.565542}","{""C01"": 0, ""C02"": 0, ""C03"": 0, ""C04"": 0, ""C05"": 1270}","{""C01"": 0.02573835018995918, ""C02"": 0.02573835018995918, ""C03"": 0.02573835018995918, ""C04"": 0.02573835018995918, ""C05"": 0.02500289836797927}"
64,64,1,108,0.098259,5,"{""C01"": 1.178395, ""C02"": 2.18607, ""C03"": 2.162723, ""C04"": 2.275394, ""C05"": 4.637573}","{""C01"": 0, ""C02"": 0, ""C03"": 0, ""C04"": 0, ""C05"": 1263}","{""C01"": 0.025745859804366417, ""C02"": 0.025745859804366417, ""C03"": 0.025745859804366417, ""C04"": 0.025745859804366417, ""C05"": 0.025014465744674946}"
65,65,1,108,0.098581,5,"{""C01"": 1.181655, ""C02"": 2.206796, ""C03"": 2.184906, ""C04"": 2.296659, ""C05"": 4.709889}","{""C01"": 0, ""C02"": 0, ""C03"": 0, ""C04"": 0, ""C05"": 1257}","{""C01"": 0.025753764063271692, ""C02"": 0.025753764063271692, ""C03"": 0.025753764063271692, ""C04"": 0.025753764063271692, ""C05"": 0.025025843210948584}"
66,66,1,108,0.100152,5,"{""C01"": 1.184923, ""C02"": 2.227554, ""C03"": 2.207157, ""C04"": 2.317941, ""C05"": 4.782489}","{""C01"": 0, ""C02"": 0, ""C03"": 0, ""C04"": 0, ""C05"": 1251}","{""C01"": 0.025761482830410895, ""C02"": 0.025761482830410895, ""C03"": 0.025761482830410895, ""C04"": 0.025761482830410895, ""C05"": 0.025037035784578356}"
67,67,1,108,0.098393,5,"{""C01"": 1.188199, ""C02"": 2.248344, ""C03"": 2.229477, ""C04"": 2.339239, ""C05"": 4.855369}","{""C01"": 0, ""C02"": 0, ""C03"": 0, ""C04"": 0, ""C05"": 1245}","{""C01"": 0.025769020900866108, ""C02"": 0.025769020900866108, ""C03"": 0.025769020900866108, ""C04"": 0.025769020900866108, ""C05"": 0.025048048253732424}"
68,68,1,108,0.096847,5,"{""C01"": 1.191481, ""C02"": 2.269165, ""C03"": 2.251865, ""C04"": 2.360553, ""C05"": 4.928525}","{""C01"": 0, ""C02"": 0, ""C03"": 0, ""C04"": 0, ""C05"": 1239}","{""C01"": 0.02577638287426047, ""C02"": 0.02577638287426047, ""C03"": 0.02577638287426047, ""C04"": 0.02577638287426047, ""C05"": 0.025058885211612432}"
69,69,1,107,0.096338,5,"{""C01"": 1.194772, ""C02"": 2.290018, ""C03"": 2.27432, ""C04"": 2.381883, ""C05"": 5.001954}","{""C01"": 0, ""C02"": 0, ""C03"": 0, ""C04"": 0, ""C05"": 1233}","{""C01"": 0.02578357330865591, ""C02"": 0.02578357330865591, ""C03"": 0.02578357330865591, ""C04"": 0.02578357330865591, ""C05"": 0.025069551209840675}"
70,70,1,107,0.096493,5,"{""C01"": 1.198069, ""C02"": 2.310901, ""C03"": 2.296841, ""C04"": 2.403229, ""C05"": 5.075654}","{""C01"": 0, ""C02"": 0, ""C03"": 0, ""C04"": 0, ""C05"": 1227}","{""C01"": 0.025790596715777922, ""C02"": 0.025790596715777922, ""C03"": 0.025790596715777922, ""C04"": 0.025790596715777922, ""C05"": 0.025080050753701878}"
71,71,1,107,0.096609,5,"{""C01"": 1.201374, ""C02"": 2.331815, ""C03"": 2.319427, ""C04"": 2.42459, ""C05"": 5.149622}","{""C01"": 0, ""C02"": 0, ""C03"": 0, ""C04"": 0, ""C05"": 1221}","{""C01"": 0.02579745727908013, ""C02"": 0.02579745727908013, ""C03"": 0.02579745727908013, ""C04"": 0.02579745727908013, ""C05"": 0.02509038802118133}"
72,72,1,107,0.099529,5,"{""C01"": 1.204686, ""C02"": 2.352758, ""C03"": 2.342078, ""C04"": 2.445966, ""C05"": 5.223854}","{""C01"": 0, ""C02"": 0, ""C03"": 0, ""C04"": 0, ""C05"": 1216}","{""C01"": 0.025804744879335595, ""C02"": 0.025804744879335595, ""C03"": 0.025804744879335595, ""C04"": 0.025804744879335595, ""C05"": 0.025100567449239518}"
73,73,1,107,0.106056,5,"{""C01"": 1.208005, ""C02"": 2.373731, ""C03"": 2.364793, ""C04"": 2.467358, ""C05"": 5.298348}","{""C01"": 0, ""C02"": 0, ""C03"": 0, ""C04"": 0, ""C05"": 1210}","{""C01"": 0.025811291866351824, ""C02"": 0.025811291866351824, ""C03"": 0.025811291866351824, ""C04"": 0.025811291866351824, ""C05"": 0.025110592225553358}"
74,74,1,107,0.101822,5,"{""C01"": 1.21133, ""C02"": 2.394733, ""C03"": 2.387571, ""C04"": 2.488764, ""C05"": 5.373101}","{""C01"": 0, ""C02"": 0, ""C03"": 0, ""C04"": 0, ""C05"": 1205}","{""C01"": 0.025818273715109585, ""C02"": 0.025818273715109585, ""C03"": 0.025818273715109585, ""C04"": 0.025818273715109585, ""C05"": 0.02512046691779226}"
75,75,1,107,0.104298,5,"{""C01"": 1.214663, ""C02"": 2.415764, ""C03"": 2.410411, ""C04"": 2.510185, ""C05"": 5.448111}","{""C01"": 0, ""C02"": 0, ""C03"": 0, ""C04"": 0, ""C05"": 1199}","{""C01"": 0.025824522441467226, ""C02"": 0.025824522441467226, ""C03"": 0.025824522441467226, ""C04"": 0.025824522441467226, ""C05"": 0.02513019449701716}"
76,76,1,107,0.104281,5,"{""C01"": 1.218002, ""C02"": 2.436823, ""C03"": 2.433314, ""C04"": 2.531621, ""C05"": 5.523375}","{""C01"": 0, ""C02"": 0, ""C03"": 0, ""C04"": 0, ""C05"": 1194}","{""C01"": 0.025831213477345752, ""C02"": 0.025831213477345752, ""C03"": 0.025831213477345752, ""C04"": 0.025831213477345752, ""C05"": 0.025139779368579356}"
77,77,1,107,0.098254,5,"{""C01"": 1.221348, ""C02"": 2.45791, ""C03"": 2.456277, ""C04"": 2.553071, ""C05"": 5.598889}","{""C01"": 0, ""C02"": 0, ""C03"": 0, ""C04"": 0, ""C05"": 1189}","{""C01"": 0.02583776406783525, ""C02"": 0.02583776406783525, ""C03"": 0.02583776406783525, ""C04"": 0.02583776406783525, ""C05"": 0.02514922427076071}"
78,78,1,107,0.097764,5,"{""C01"": 1.224701, ""C02"": 2.479026, ""C03"": 2.479301, ""C04"": 2.574534, ""C05"": 5.674653}","{""C01"": 0, ""C02"": 0, ""C03"": 0, ""C04"": 0, ""C05"": 1184}","{""C01"": 0.02584417790023806, ""C02"": 0.02584417790023806, ""C03"": 0.02584417790023806, ""C04"": 0.02584417790023806, ""C05"": 0.02515853288417371}"
79,79,1,107,0.097335,5,"{""C01"": 1.22806, ""C02"": 2.500168, ""C03"": 2.502385, ""C04"": 2.596012, ""C05"": 5.750663}","{""C01"": 0, ""C02"": 0, ""C03"": 0, ""C04"": 0, ""C05"": 1179}","{""C01"": 0.02585045803267494, ""C02"": 0.02585045803267494, ""C03"": 0.02585045803267494, ""C04"": 0.02585045803267494, ""C05"": 0.02516770826236203}"
80,80,1,107,0.098341,5,"{""C01"": 1.231426, ""C02"": 2.521338, ""C03"": 2.525528, ""C04"": 2.617504, ""C05"": 5.826917}","{""C01"": 0, ""C02"": 0, ""C03"": 0, ""C04"": 0, ""C05"": 1174}","{""C01"": 0.02585660765098656, ""C02"": 0.02585660765098656, ""C03"": 0.02585660765098656, ""C04"": 0.02585660765098656, ""C05"": 0.02517675358603144}"
81,81,1,107,0.099071,5,"{""C01"": 1.234798, ""C02"": 2.542534, ""C03"": 2.54873, ""C04"": 2.639009, ""C05"": 5.903413}","{""C01"": 0, ""C02"": 0, ""C03"": 0, ""C04"": 0, ""C05"": 1169}","{""C01"": 0.0258626298211561, ""C02"": 0.0258626298211561, ""C03"": 0.0258626298211561, ""C04"": 0.0258626298211561, ""C05"": 0.025185671916354513}"
82,82,1,107,0.099476,5,"{""C01"": 1.238176, ""C02"": 2.563758, ""C03"": 2.57199, ""C04"": 2.660528, ""C05"": 5.980148}","{""C01"": 0, ""C02"": 0, ""C03"": 0, ""C04"": 0, ""C05"": 1164}","{""C01"": 0.02586852738069728, ""C02"": 0.02586852738069728, ""C03"": 0.02586852738069728, ""C04"": 0.02586852738069728, ""C05"": 0.025194466086759737}"
83,83,1,107,0.096766,5,"{""C01"": 1.241561, ""C02"": 2.585007, ""C03"": 2.595307, ""C04"": 2.68206, ""C05"": 6.05712}","{""C01"": 0, ""C02"": 0, ""C03"": 0, ""C04"": 0, ""C05"": 1159}","{""C01"": 0.025874303177624056, ""C02"": 0.025874303177624056, ""C03"": 0.025874303177624056, ""C04"": 0.025874303177624056, ""C05"": 0.025203138941049308}"
84,84,1,106,0.095149,5,"{""C01"": 1.244952, ""C02"": 2.606282, ""C03"": 2.618682, ""C04"": 2.703605, ""C05"": 6.134328}","{""C01"": 0, ""C02"": 0, ""C03"": 0, ""C04"": 0, ""C05"": 1154}","{""C01"": 0.02587996006555035, ""C02"": 0.02587996006555035, ""C03"": 0.02587996006555035, ""C04"": 0.02587996006555035, ""C05"": 0.0252116933285137}"
85,85,1,107,0.095121,5,"{""C01"": 1.248349, ""C02"": 2.627583, ""C03"": 2.642112, ""C04"": 2.725163, ""C05"": 6.211768}","{""C01"": 0, ""C02"": 0, ""C03"": 0, ""C04"": 0, ""C05"": 1150}","{""C01"": 0.025886086789121243, ""C02"": 0.025886086789121243, ""C03"": 0.025886086789121243, ""C04"": 0.025886086789121243, ""C05"": 0.025220132180860715}"
86,86,1,106,0.095152,5,"{""C01"": 1.251752, ""C02"": 2.648909, ""C03"": 2.665599, ""C04"": 2.746734, ""C05"": 6.289439}","{""C01"": 0, ""C02"": 0, ""C03"": 0, ""C04"": 0, ""C05"": 1145}","{""C01"": 0.02589151368426522, ""C02"": 0.02589151368426522, ""C03"": 0.02589151368426522, ""C04"": 0.02589151368426522, ""C05"": 0.025228457417284793}"
87,87,1,106,0.094802,5,"{""C01"": 1.255161, ""C02"": 2.67026, ""C03"": 2.689141, ""C04"": 2.768318, ""C05"": 6.367339}","{""C01"": 0, ""C02"": 0, ""C03"": 0, ""C04"": 0, ""C05"": 1141}","{""C01"": 0.025897415518037828, ""C02"": 0.025897415518037828, ""C03"": 0.025897415518037828, ""C04"": 0.025897415518037828, ""C05"": 0.02523667216118888}"
88,88,1,106,0.096254,5,"{""C01"": 1.258576, ""C02"": 2.691637, ""C03"": 2.712738, ""C04"": 2.789914, ""C05"": 6.445466}","{""C01"": 0, ""C02"": 0, ""C03"": 0, ""C04"": 0, ""C05"": 1136}","{""C01"": 0.025902622548719875, ""C02"": 0.025902622548719875, ""C03"": 0.025902622548719875, ""C04"": 0.025902622548719875, ""C05"": 0.025244778358866363}"
89,89,1,106,0.100890,5,"{""C01"": 1.261997, ""C02"": 2.713037, ""C03"": 2.736389, ""C04"": 2.811522, ""C05"": 6.523817}","{""C01"": 0, ""C02"": 0, ""C03"": 0, ""C04"": 0, ""C05"": 1132}","{""C01"": 0.025908309232893015, ""C02"": 0.025908309232893015, ""C03"": 0.025908309232893015, ""C04"": 0.025908309232893015, ""C05"": 0.02525277871743613}"
90,90,1,106,0.100131,5,"{""C01"": 1.265423, ""C02"": 2.734462, ""C03"": 2.760094, ""C04"": 2.833143, ""C05"": 6.602392}","{""C01"": 0, ""C02"": 0, ""C03"": 0, ""C04"": 0, ""C05"": 1127}","{""C01"": 0.025913305725216607, ""C02"": 0.025913305725216607, ""C03"": 0.025913305725216607, ""C04"": 0.025913305725216607, ""C05"": 0.025260675188801086}"
91,91,1,106,0.097133,5,"{""C01"": 1.268856, ""C02"": 2.755912, ""C03"": 2.783852, ""C04"": 2.854776, ""C05"": 6.681187}","{""C01"": 0, ""C02"": 0, ""C03"": 0, ""C04"": 0, ""C05"": 1123}","{""C01"": 0.025918786542257155, ""C02"": 0.025918786542257155, ""C03"": 0.025918786542257155, ""C04"": 0.025918786542257155, ""C05"": 0.02526847042849955}"
92,92,1,106,0.094511,5,"{""C01"": 1.272294, ""C02"": 2.777385, ""C03"": 2.807663, ""C04"": 2.876421, ""C05"": 6.760202}","{""C01"": 0, ""C02"": 0, ""C03"": 0, ""C04"": 0, ""C05"": 1119}","{""C01"": 0.02592416768334467, ""C02"": 0.02592416768334467, ""C03"": 0.02592416768334467, ""C04"": 0.02592416768334467, ""C05"": 0.02527616634933696}"
93,93,1,106,0.096083,5,"{""C01"": 1.275738, ""C02"": 2.798881, ""C03"": 2.831526, ""C04"": 2.898078, ""C05"": 6.839434}","{""C01"": 0, ""C02"": 0, ""C03"": 0, ""C04"": 0, ""C05"": 1114}","{""C01"": 0.02592886479543491, ""C02"": 0.02592886479543491, ""C03"": 0.02592886479543491, ""C04"": 0.02592886479543491, ""C05"": 0.02528376461761482}"
94,94,1,106,0.095191,5,"{""C01"": 1.279188, ""C02"": 2.820401, ""C03"": 2.855442, ""C04"": 2.919747, ""C05"": 6.918882}","{""C01"": 0, ""C02"": 0, ""C03"": 0, ""C04"": 0, ""C05"": 1110}","{""C01"": 0.02593405283228091, ""C02"": 0.02593405283228091, ""C03"": 0.02593405283228091, ""C04"": 0.02593405283228091, ""C05"": 0.025291268161262096}"
95,95,1,106,0.095925,5,"{""C01"": 1.282643, ""C02"": 2.841944, ""C03"": 2.879408, ""C04"": 2.941427, ""C05"": 6.998543}","{""C01"": 0, ""C02"": 0, ""C03"": 0, ""C04"": 0, ""C05"": 1106}","{""C01"": 0.02593914717256432, ""C02"": 0.02593914717256432, ""C03"": 0.02593914717256432, ""C04"": 0.02593914717256432, ""C05"": 0.025298678355314817}"
96,96,1,106,0.095516,5,"{""C01"": 1.286103, ""C02"": 2.863511, ""C03"": 2.903426, ""C04"": 2.963119, ""C05"": 7.078417}","{""C01"": 0, ""C02"": 0, ""C03"": 0, ""C04"": 0, ""C05"": 1102}","{""C01"": 0.025944149908228756, ""C02"": 0.025944149908228756, ""C03"": 0.025944149908228756, ""C04"": 0.025944149908228756, ""C05"": 0.025305997287681747}"
97,97,1,106,0.096256,5,"{""C01"": 1.289569, ""C02"": 2.885099, ""C03"": 2.927495, ""C04"": 2.984823, ""C05"": 7.158501}","{""C01"": 0, ""C02"": 0, ""C03"": 0, ""C04"": 0, ""C05"": 1098}","{""C01"": 0.025949062789022856, ""C02"": 0.025949062789022856, ""C03"": 0.025949062789022856, ""C04"": 0.025949062789022856, ""C05"": 0.02531322670532679}"
98,98,1,106,0.094794,5,"{""C01"": 1.293041, ""C02"": 2.906711, ""C03"": 2.951614, ""C04"": 3.006537, ""C05"": 7.238794}","{""C01"": 0, ""C02"": 0, ""C03"": 0, ""C04"": 0, ""C05"": 1094}","{""C01"": 0.02595388768856488, ""C02"": 0.02595388768856488, ""C03"": 0.02595388768856488, ""C04"": 0.02595388768856488, ""C05"": 0.025320368478552905}"
99,99,1,106,0.095632,5,"{""C01"": 1.296518, ""C02"": 2.928344, ""C03"": 2.975782, ""C04"": 3.028263, ""C05"": 7.319294}","{""C01"": 0, ""C02"": 0, ""C03"": 0, ""C04"": 0, ""C05"": 1090}","{""C01"": 0.025958626331326687, ""C02"": 0.025958626331326687, ""C03"": 0.025958626331326687, ""C04"": 0.025958626331326687, ""C05"": 0.025327424329037472}"
100,100,1,106,0.094688,5,"{""C01"": 1.3, ""C02"": 2.95, ""C03"": 3.0, ""C04"": 3.05, ""C05"": 7.4}","{""C01"": 0, ""C02"": 0, ""C03"": 0, ""C04"": 0, ""C05"": 1086}","{""C01"": 0.025963280473615666, ""C02"": 0.025963280473615666, ""C03"": 0.025963280473615666, ""C04"": 0.025963280473615666, ""C05"": 0.02533439601011851}"
