game_id,iter_idx,converged,rounds,duration_sec,player_count,quality_scores_json,final_datasizes_json,final_payoffs_json
1,0,1,203,0.693205,10,"{""50051"": 1.0373056650520343, ""50053"": 1.0635440493817272, ""50055"": 1.0, ""50057"": 1.0, ""50059"": 1.0635440493817272, ""50061"": 1.2, ""50063"": 1.0640956655809906, ""50065"": 1.0918573243927197, ""50067"": 1.0635440493817272, ""50069"": 1.0515496906463464}","{""50051"": 0, ""50053"": 0, ""50055"": 0, ""50057"": 0, ""50059"": 0, ""50061"": 1940, ""50063"": 0, ""50065"": 0, ""50067"": 0, ""50069"": 0}","{""50051"": 0.0248941960438029, ""50053"": 0.0248941960438029, ""50055"": 0.0248941960438029, ""50057"": 0.0248941960438029, ""50059"": 0.0248941960438029, ""50061"": 0.023770725538288778, ""50063"": 0.0248941960438029, ""50065"": 0.0248941960438029, ""50067"": 0.0248941960438029, ""50069"": 0.0248941960438029}"
2,1,1,983,3.533164,10,"{""50051"": 1.1042284320470852, ""50053"": 1.0635440493817272, ""50055"": 1.0, ""50057"": 1.0, ""50059"": 1.1363638475475066, ""50061"": 1.2728197981657794, ""50063"": 1.13691546374677, ""50065"": 1.2918573243927196, ""50067"": 1.1817622926409705, ""50069"": 1.1761472675525086}","{""50051"": 0, ""50053"": 0, ""50055"": 0, ""50057"": 0, ""50059"": 0, ""50061"": 0, ""50063"": 0, ""50065"": 1896, ""50067"": 0, ""50069"": 0}","{""50051"": 0.024951033890981703, ""50053"": 0.024951033890981703, ""50055"": 0.024951033890981703, ""50057"": 0.024951033890981703, ""50059"": 0.024951033890981703, ""50061"": 0.024951033890981703, ""50063"": 0.024951033890981703, ""50065"": 0.023853044255323332, ""50067"": 0.024951033890981703, ""50069"": 0.024951033890981703}"
3,2,1,517,1.777016,10,"{""50051"": 1.2046477785601255, ""50053"": 1.2010318657251249, ""50055"": 1.0, ""50057"": 1.1374878163433977, ""50059"": 1.2756474282355723, ""50061"": 1.4695214520737616, ""50063"": 1.2951646514457789, ""50065"": 1.4293451407361173, ""50067"": 1.3817622926409705, ""50069"": 1.3439082131481952}","{""50051"": 0, ""50053"": 0, ""50055"": 0, ""50057"": 0, ""50059"": 0, ""50061"": 1821, ""50063"": 0, ""50065"": 0, ""50067"": 0, ""50069"": 0}","{""50051"": 0.02504694888293399, ""50053"": 0.02504694888293399, ""50055"": 0.02504694888293399, ""50057"": 0.02504694888293399, ""50059"": 0.02504694888293399, ""50061"": 0.023992393869732096, ""50063"": 0.02504694888293399, ""50065"": 0.02504694888293399, ""50067"": 0.02504694888293399, ""50069"": 0.02504694888293399}"
4,3,1,579,2.014788,10,"{""50051"": 1.3414645702405776, ""50053"": 1.337848657405577, ""50055"": 1.1368167916804521, ""50057"": 1.1374878163433977, ""50059"": 1.4159482758681903, ""50061"": 1.608510559828252, ""50063"": 1.413245715464205, ""50065"": 1.6041281893508503, ""50067"": 1.5817622926409705, ""50069"": 1.529471686891093}","{""50051"": 0, ""50053"": 0, ""50055"": 0, ""50057"": 0, ""50059"": 0, ""50061"": 1114, ""50063"": 0, ""50065"": 657, ""50067"": 0, ""50069"": 0}","{""50051"": 0.025111393347428734, ""50053"": 0.025111393347428734, ""50055"": 0.025111393347428734, ""50057"": 0.025111393347428734, ""50059"": 0.025111393347428734, ""50061"": 0.024466278978620887, ""50063"": 0.025111393347428734, ""50065"": 0.02473092302058453, ""50067"": 0.025111393347428734, ""50069"": 0.025111393347428734}"
5,4,1,216,0.738648,10,"{""50051"": 1.3414645702405776, ""50053"": 1.337848657405577, ""50055"": 1.1691778876850816, ""50057"": 1.1374878163433977, ""50059"": 1.4483093718728197, ""50061"": 1.6350382318606584, ""50063"": 1.413245715464205, ""50065"": 1.6041281893508503, ""50067"": 1.7817622926409704, ""50069"": 1.5618327828957224}","{""50051"": 0, ""50053"": 0, ""50055"": 0, ""50057"": 0, ""50059"": 0, ""50061"": 0, ""50063"": 0, ""50065"": 0, ""50067"": 1714, ""50069"": 0}","{""50051"": 0.025183150950629632, ""50053"": 0.025183150950629632, ""50055"": 0.025183150950629632, ""50057"": 0.025183150950629632, ""50059"": 0.025183150950629632, ""50061"": 0.025183150950629632, ""50063"": 0.025183150950629632, ""50065"": 0.025183150950629632, ""50067"": 0.02419056248161362, ""50069"": 0.025183150950629632}"
6,5,1,276,0.966848,10,"{""50051"": 1.4477793364199782, ""50053"": 1.3390632484905698, ""50055"": 1.2697702577938648, ""50057"": 1.1389257283974066, ""50059"": 1.5504073392104505, ""50061"": 1.8350382318606584, ""50063"": 1.5375715118897788, ""50065"": 1.7047205594596335, ""50067"": 1.950517850320846, ""50069"": 1.6624251530045056}","{""50051"": 0, ""50053"": 0, ""50055"": 0, ""50057"": 0, ""50059"": 0, ""50061"": 0, ""50063"": 0, ""50065"": 0, ""50067"": 1665, ""50069"": 0}","{""50051"": 0.02524379671581914, ""50053"": 0.02524379671581914, ""50055"": 0.02524379671581914, ""50057"": 0.02524379671581914, ""50059"": 0.02524379671581914, ""50061"": 0.02524379671581914, ""50063"": 0.02524379671581914, ""50065"": 0.02524379671581914, ""50067"": 0.024279589023482137, ""50069"": 0.02524379671581914}"
7,6,1,146,0.502739,10,"{""50051"": 1.4970404971994338, ""50053"": 1.3390632484905698, ""50055"": 1.2697702577938648, ""50057"": 1.1749792695962968, ""50059"": 1.5504073392104505, ""50061"": 1.838151859473434, ""50063"": 1.5375715118897788, ""50065"": 1.7407741006585238, ""50067"": 2.150517850320846, ""50069"": 1.6984786942033958}","{""50051"": 0, ""50053"": 0, ""50055"": 0, ""50057"": 0, ""50059"": 0, ""50061"": 0, ""50063"": 0, ""50065"": 0, ""50067"": 1615, ""50069"": 0}","{""50051"": 0.025308080067160857, ""50053"": 0.025308080067160857, ""50055"": 0.025308080067160857, ""50057"": 0.025308080067160857, ""50059"": 0.025308080067160857, ""50061"": 0.025308080067160857, ""50063"": 0.025308080067160857, ""50065"": 0.025308080067160857, ""50067"": 0.0243728260227415, ""50069"": 0.025308080067160857}"
8,7,1,200,0.686248,10,"{""50051"": 1.6604806423498575, ""50053"": 1.3390632484905698, ""50055"": 1.288000910039961, ""50057"": 1.1749792695962968, ""50059"": 1.6429532325574334, ""50061"": 2.0381518594734342, ""50063"": 1.6531309454147065, ""50065"": 1.891365123165956, ""50067"": 2.243063743667829, ""50069"": 1.7910245875503787}","{""50051"": 0, ""50053"": 0, ""50055"": 0, ""50057"": 0, ""50059"": 0, ""50061"": 0, ""50063"": 0, ""50065"": 0, ""50067"": 1593, ""50069"": 0}","{""50051"": 0.025334704249949408, ""50053"": 0.025334704249949408, ""50055"": 0.025334704249949408, ""50057"": 0.025334704249949408, ""50059"": 0.025334704249949408, ""50061"": 0.025334704249949408, ""50063"": 0.025334704249949408, ""50065"": 0.025334704249949408, ""50067"": 0.02441219390580032, ""50069"": 0.025334704249949408}"
9,8,1,178,0.640577,10,"{""50051"": 1.8604806423498574, ""50053"": 1.3390632484905698, ""50055"": 1.288000910039961, ""50057"": 1.1749792695962968, ""50059"": 1.7144433560974515, ""50061"": 2.1096419830134523, ""50063"": 1.7246210689547246, ""50065"": 1.9954125583956994, ""50067"": 2.358563043018804, ""50069"": 1.8719087177497868}","{""50051"": 0, ""50053"": 0, ""50055"": 0, ""50057"": 0, ""50059"": 0, ""50061"": 0, ""50063"": 0, ""50065"": 0, ""50067"": 1568, ""50069"": 0}","{""50051"": 0.02536646290905424, ""50053"": 0.02536646290905424, ""50055"": 0.02536646290905424, ""50057"": 0.02536646290905424, ""50059"": 0.02536646290905424, ""50061"": 0.02536646290905424, ""50063"": 0.02536646290905424, ""50065"": 0.02536646290905424, ""50067"": 0.02445843008055364, ""50069"": 0.02536646290905424}"
10,9,1,293,0.670988,10,"{""50051"": 2.031798624036373, ""50053"": 1.3390632484905698, ""50055"": 1.288000910039961, ""50057"": 1.1749792695962968, ""50059"": 1.807428668354208, ""50061"": 2.3096419830134525, ""50063"": 1.8453902678950536, ""50065"": 2.088397870652456, ""50067"": 2.4515483552755604, ""50069"": 2.0307187229202386}","{""50051"": 0, ""50053"": 0, ""50055"": 0, ""50057"": 0, ""50059"": 0, ""50061"": 0, ""50063"": 0, ""50065"": 0, ""50067"": 1549, ""50069"": 0}","{""50051"": 0.025390571240469895, ""50053"": 0.025390571240469895, ""50055"": 0.025390571240469895, ""50057"": 0.025390571240469895, ""50059"": 0.025390571240469895, ""50061"": 0.025390571240469895, ""50063"": 0.025390571240469895, ""50065"": 0.025390571240469895, ""50067"": 0.024493541305807484, ""50069"": 0.025390571240469895}"
11,10,1,770,2.207476,10,"{""50051"": 2.1031923412580555, ""50053"": 1.3390632484905698, ""50055"": 1.288000910039961, ""50057"": 1.1749792695962968, ""50059"": 1.8900094627625543, ""50061"": 2.5096419830134526, ""50063"": 1.9167839851167363, ""50065"": 2.1861588874703197, ""50067"": 2.5709625646011296, ""50069"": 2.102112440141921}","{""50051"": 0, ""50053"": 0, ""50055"": 0, ""50057"": 0, ""50059"": 0, ""50061"": 0, ""50063"": 0, ""50065"": 0, ""50067"": 1526, ""50069"": 0}","{""50051"": 0.025419855216606016, ""50053"": 0.025419855216606016, ""50055"": 0.025419855216606016, ""50057"": 0.025419855216606016, ""50059"": 0.025419855216606016, ""50061"": 0.025419855216606016, ""50063"": 0.025419855216606016, ""50065"": 0.025419855216606016, ""50067"": 0.024536144192796646, ""50069"": 0.025419855216606016}"
12,11,1,424,1.486408,10,"{""50051"": 2.2200529524412436, ""50053"": 1.4559238596737578, ""50055"": 1.288000910039961, ""50057"": 1.1749792695962968, ""50059"": 2.048169824162254, ""50061"": 2.6743473537582587, ""50063"": 2.059110834954697, ""50065"": 2.3030194986535077, ""50067"": 2.7709625646011298, ""50069"": 2.2549441364417713}","{""50051"": 0, ""50053"": 0, ""50055"": 0, ""50057"": 0, ""50059"": 0, ""50061"": 0, ""50063"": 0, ""50065"": 0, ""50067"": 1490, ""50069"": 0}","{""50051"": 0.025464825963114307, ""50053"": 0.025464825963114307, ""50055"": 0.025464825963114307, ""50057"": 0.025464825963114307, ""50059"": 0.025464825963114307, ""50061"": 0.025464825963114307, ""50063"": 0.025464825963114307, ""50065"": 0.025464825963114307, ""50067"": 0.024601964066403904, ""50069"": 0.025464825963114307}"
13,12,1,734,1.905935,10,"{""50051"": 2.4200529524412437, ""50053"": 1.4559238596737578, ""50055"": 1.319597184232596, ""50057"": 1.1749792695962968, ""50059"": 2.0566264446665845, ""50061"": 2.7059436279508935, ""50063"": 2.059110834954697, ""50065"": 2.3030194986535077, ""50067"": 2.783679863445244, ""50069"": 2.286540410634406}","{""50051"": 0, ""50053"": 0, ""50055"": 0, ""50057"": 0, ""50059"": 0, ""50061"": 0, ""50063"": 0, ""50065"": 0, ""50067"": 1488, ""50069"": 0}","{""50051"": 0.02546764132966882, ""50053"": 0.02546764132966882, ""50055"": 0.02546764132966882, ""50057"": 0.02546764132966882, ""50059"": 0.02546764132966882, ""50061"": 0.02546764132966882, ""50063"": 0.02546764132966882, ""50065"": 0.02546764132966882, ""50067"": 0.024605936827610083, ""50069"": 0.02546764132966882}"
14,13,1,102,0.224834,10,"{""50051"": 2.568791121999255, ""50053"": 1.4559238596737578, ""50055"": 1.319597184232596, ""50057"": 1.2577240886411527, ""50059"": 2.0873330316060574, ""50061"": 2.9059436279508937, ""50063"": 2.123563486631751, ""50065"": 2.3857643176983636, ""50067"": 2.918996188584697, ""50069"": 2.369285229679262}","{""50051"": 0, ""50053"": 0, ""50055"": 0, ""50057"": 0, ""50059"": 0, ""50061"": 715, ""50063"": 0, ""50065"": 0, ""50067"": 753, ""50069"": 0}","{""50051"": 0.025495046516707684, ""50053"": 0.025495046516707684, ""50055"": 0.025495046516707684, ""50057"": 0.025495046516707684, ""50059"": 0.025495046516707684, ""50061"": 0.02508098548774441, ""50063"": 0.025495046516707684, ""50065"": 0.025495046516707684, ""50067"": 0.025058998755789645, ""50069"": 0.025495046516707684}"
15,14,1,404,0.904092,10,"{""50051"": 2.634635943348461, ""50053"": 1.4559238596737578, ""50055"": 1.3854420055818015, ""50057"": 1.2577240886411527, ""50059"": 2.176903977464694, ""50061"": 3.105943627950894, ""50063"": 2.157383049394084, ""50065"": 2.4471846155203365, ""50067"": 2.984841009933903, ""50069"": 2.4453881726807594}","{""50051"": 0, ""50053"": 0, ""50055"": 0, ""50057"": 0, ""50059"": 0, ""50061"": 1436, ""50063"": 0, ""50065"": 0, ""50067"": 0, ""50069"": 0}","{""50051"": 0.02553086428974087, ""50053"": 0.02553086428974087, ""50055"": 0.02553086428974087, ""50057"": 0.02553086428974087, ""50059"": 0.02553086428974087, ""50061"": 0.024699279766021116, ""50063"": 0.02553086428974087, ""50065"": 0.02553086428974087, ""50067"": 0.02553086428974087, ""50069"": 0.02553086428974087}"
16,15,1,231,0.488172,10,"{""50051"": 2.815058320131656, ""50053"": 1.4559238596737578, ""50055"": 1.3854420055818015, ""50057"": 1.2577240886411527, ""50059"": 2.2531619544401686, ""50061"": 3.305943627950894, ""50063"": 2.2196273331384715, ""50065"": 2.5234425924958113, ""50067"": 3.0610989869093777, ""50069"": 2.5365273509815003}","{""50051"": 0, ""50053"": 0, ""50055"": 0, ""50057"": 0, ""50059"": 0, ""50061"": 1408, ""50063"": 0, ""50065"": 0, ""50067"": 0, ""50069"": 0}","{""50051"": 0.025566394167494108, ""50053"": 0.025566394167494108, ""50055"": 0.025566394167494108, ""50057"": 0.025566394167494108, ""50059"": 0.025566394167494108, ""50061"": 0.024751023646943694, ""50063"": 0.025566394167494108, ""50065"": 0.025566394167494108, ""50067"": 0.025566394167494108, ""50069"": 0.025566394167494108}"
17,16,1,263,0.711056,10,"{""50051"": 2.92987821840138, ""50053"": 1.570743757943482, ""50055"": 1.3854420055818015, ""50057"": 1.3725439869108769, ""50059"": 2.3340425573870585, ""50061"": 3.491218799473557, ""50063"": 2.3145946776097674, ""50065"": 2.6161666925574045, ""50067"": 3.261098986909378, ""50069"": 2.686419419867127}","{""50051"": 0, ""50053"": 0, ""50055"": 0, ""50057"": 0, ""50059"": 0, ""50061"": 1384, ""50063"": 0, ""50065"": 0, ""50067"": 0, ""50069"": 0}","{""50051"": 0.025596878839341627, ""50053"": 0.025596878839341627, ""50055"": 0.025596878839341627, ""50057"": 0.025596878839341627, ""50059"": 0.025596878839341627, ""50061"": 0.024795405763375952, ""50063"": 0.025596878839341627, ""50065"": 0.025596878839341627, ""50067"": 0.025596878839341627, ""50069"": 0.025596878839341627}"
18,17,1,263,0.934971,10,"{""50051"": 2.92987821840138, ""50053"": 1.570743757943482, ""50055"": 1.3854420055818015, ""50057"": 1.3725439869108769, ""50059"": 2.3340425573870585, ""50061"": 3.491218799473557, ""50063"": 2.3145946776097674, ""50065"": 2.6161666925574045, ""50067"": 3.261098986909378, ""50069"": 2.686419419867127}","{""50051"": 0, ""50053"": 0, ""50055"": 0, ""50057"": 0, ""50059"": 0, ""50061"": 1384, ""50063"": 0, ""50065"": 0, ""50067"": 0, ""50069"": 0}","{""50051"": 0.025596878839341627, ""50053"": 0.025596878839341627, ""50055"": 0.025596878839341627, ""50057"": 0.025596878839341627, ""50059"": 0.025596878839341627, ""50061"": 0.024795405763375952, ""50063"": 0.025596878839341627, ""50065"": 0.025596878839341627, ""50067"": 0.025596878839341627, ""50069"": 0.025596878839341627}"
19,18,1,263,0.912557,10,"{""50051"": 2.92987821840138, ""50053"": 1.570743757943482, ""50055"": 1.3854420055818015, ""50057"": 1.3725439869108769, ""50059"": 2.3340425573870585, ""50061"": 3.491218799473557, ""50063"": 2.3145946776097674, ""50065"": 2.6161666925574045, ""50067"": 3.261098986909378, ""50069"": 2.686419419867127}","{""50051"": 0, ""50053"": 0, ""50055"": 0, ""50057"": 0, ""50059"": 0, ""50061"": 1384, ""50063"": 0, ""50065"": 0, ""50067"": 0, ""50069"": 0}","{""50051"": 0.025596878839341627, ""50053"": 0.025596878839341627, ""50055"": 0.025596878839341627, ""50057"": 0.025596878839341627, ""50059"": 0.025596878839341627, ""50061"": 0.024795405763375952, ""50063"": 0.025596878839341627, ""50065"": 0.025596878839341627, ""50067"": 0.025596878839341627, ""50069"": 0.025596878839341627}"
20,19,1,224,0.680233,10,"{""50051"": 3.1298782184013803, ""50053"": 1.629671526848106, ""50055"": 1.3854420055818015, ""50057"": 1.4314717558155008, ""50059"": 2.3690422544055854, ""50061"": 3.58351011029781, ""50063"": 2.373522446514391, ""50065"": 2.652807009963902, ""50067"": 3.3050792326822016, ""50069"": 2.6910022311773933}","{""50051"": 0, ""50053"": 0, ""50055"": 0, ""50057"": 0, ""50059"": 0, ""50061"": 1372, ""50063"": 0, ""50065"": 0, ""50067"": 0, ""50069"": 0}","{""50051"": 0.025610892443334435, ""50053"": 0.025610892443334435, ""50055"": 0.025610892443334435, ""50057"": 0.025610892443334435, ""50059"": 0.025610892443334435, ""50061"": 0.024816371761594885, ""50063"": 0.025610892443334435, ""50065"": 0.025610892443334435, ""50067"": 0.025610892443334435, ""50069"": 0.025610892443334435}"
21,20,1,225,0.486874,10,"{""50051"": 3.3298782184013804, ""50053"": 1.6582429554195344, ""50055"": 1.3854420055818015, ""50057"": 1.4314717558155008, ""50059"": 2.3690422544055854, ""50061"": 3.6120815388692384, ""50063"": 2.373522446514391, ""50065"": 2.6813784385353303, ""50067"": 3.3050792326822016, ""50069"": 2.6910022311773933}","{""50051"": 0, ""50053"": 0, ""50055"": 0, ""50057"": 0, ""50059"": 0, ""50061"": 1369, ""50063"": 0, ""50065"": 0, ""50067"": 0, ""50069"": 0}","{""50051"": 0.0256155047731782, ""50053"": 0.0256155047731782, ""50055"": 0.0256155047731782, ""50057"": 0.0256155047731782, ""50059"": 0.0256155047731782, ""50061"": 0.02482271881190862, ""50063"": 0.0256155047731782, ""50065"": 0.0256155047731782, ""50067"": 0.0256155047731782, ""50069"": 0.0256155047731782}"
22,21,1,168,0.335320,10,"{""50051"": 3.3799858745963864, ""50053"": 1.6582429554195344, ""50055"": 1.3854420055818015, ""50057"": 1.4314717558155008, ""50059"": 2.4191499106005914, ""50061"": 3.8120815388692386, ""50063"": 2.423630102709397, ""50065"": 2.728827720704401, ""50067"": 3.3616174971433166, ""50069"": 2.737768277912248}","{""50051"": 0, ""50053"": 0, ""50055"": 0, ""50057"": 0, ""50059"": 0, ""50061"": 1345, ""50063"": 0, ""50065"": 0, ""50067"": 0, ""50069"": 0}","{""50051"": 0.025644251622005565, ""50053"": 0.025644251622005565, ""50055"": 0.025644251622005565, ""50057"": 0.025644251622005565, ""50059"": 0.025644251622005565, ""50061"": 0.024865368235784276, ""50063"": 0.025644251622005565, ""50065"": 0.025644251622005565, ""50067"": 0.025644251622005565, ""50069"": 0.025644251622005565}"
23,22,1,256,0.520650,10,"{""50051"": 3.5799858745963866, ""50053"": 1.6582429554195344, ""50055"": 1.3854420055818015, ""50057"": 1.4314717558155008, ""50059"": 2.4191499106005914, ""50061"": 3.830733028453868, ""50063"": 2.4548660297929157, ""50065"": 2.7600636477879195, ""50067"": 3.392853424226835, ""50069"": 2.737768277912248}","{""50051"": 0, ""50053"": 0, ""50055"": 0, ""50057"": 0, ""50059"": 0, ""50061"": 1343, ""50063"": 0, ""50065"": 0, ""50067"": 0, ""50069"": 0}","{""50051"": 0.025646920666294315, ""50053"": 0.025646920666294315, ""50055"": 0.025646920666294315, ""50057"": 0.025646920666294315, ""50059"": 0.025646920666294315, ""50061"": 0.02486919497739059, ""50063"": 0.025646920666294315, ""50065"": 0.025646920666294315, ""50067"": 0.025646920666294315, ""50069"": 0.025646920666294315}"
24,23,1,709,1.432857,10,"{""50051"": 3.779985874596387, ""50053"": 1.6868143839909628, ""50055"": 1.3854420055818015, ""50057"": 1.4314717558155008, ""50059"": 2.4191499106005914, ""50061"": 3.8593044570252966, ""50063"": 2.483437458364344, ""50065"": 2.7600636477879195, ""50067"": 3.392853424226835, ""50069"": 2.737768277912248}","{""50051"": 0, ""50053"": 0, ""50055"": 0, ""50057"": 0, ""50059"": 0, ""50061"": 1340, ""50063"": 0, ""50065"": 0, ""50067"": 0, ""50069"": 0}","{""50051"": 0.02565099899954243, ""50053"": 0.02565099899954243, ""50055"": 0.02565099899954243, ""50057"": 0.02565099899954243, ""50059"": 0.02565099899954243, ""50061"": 0.02487500961840676, ""50063"": 0.02565099899954243, ""50065"": 0.02565099899954243, ""50067"": 0.02565099899954243, ""50069"": 0.02565099899954243}"
25,24,1,709,1.449568,10,"{""50051"": 3.779985874596387, ""50053"": 1.6868143839909628, ""50055"": 1.3854420055818015, ""50057"": 1.4314717558155008, ""50059"": 2.4191499106005914, ""50061"": 3.8593044570252966, ""50063"": 2.483437458364344, ""50065"": 2.7600636477879195, ""50067"": 3.392853424226835, ""50069"": 2.737768277912248}","{""50051"": 0, ""50053"": 0, ""50055"": 0, ""50057"": 0, ""50059"": 0, ""50061"": 1340, ""50063"": 0, ""50065"": 0, ""50067"": 0, ""50069"": 0}","{""50051"": 0.02565099899954243, ""50053"": 0.02565099899954243, ""50055"": 0.02565099899954243, ""50057"": 0.02565099899954243, ""50059"": 0.02565099899954243, ""50061"": 0.02487500961840676, ""50063"": 0.02565099899954243, ""50065"": 0.02565099899954243, ""50067"": 0.02565099899954243, ""50069"": 0.02565099899954243}"
26,25,1,685,1.397970,10,"{""50051"": 3.979985874596387, ""50053"": 1.6868143839909628, ""50055"": 1.3854420055818015, ""50057"": 1.4600431843869293, ""50059"": 2.4191499106005914, ""50061"": 3.887875885596725, ""50063"": 2.483437458364344, ""50065"": 2.7600636477879195, ""50067"": 3.392853424226835, ""50069"": 2.7663397064836763}","{""50051"": 1327, ""50053"": 0, ""50055"": 0, ""50057"": 0, ""50059"": 0, ""50061"": 0, ""50063"": 0, ""50065"": 0, ""50067"": 0, ""50069"": 0}","{""50051"": 0.024898957625411618, ""50053"": 0.025667419138135375, ""50055"": 0.025667419138135375, ""50057"": 0.025667419138135375, ""50059"": 0.025667419138135375, ""50061"": 0.025667419138135375, ""50063"": 0.025667419138135375, ""50065"": 0.025667419138135375, ""50067"": 0.025667419138135375, ""50069"": 0.025667419138135375}"
27,26,1,685,1.388743,10,"{""50051"": 3.979985874596387, ""50053"": 1.6868143839909628, ""50055"": 1.3854420055818015, ""50057"": 1.4600431843869293, ""50059"": 2.4191499106005914, ""50061"": 3.887875885596725, ""50063"": 2.483437458364344, ""50065"": 2.7600636477879195, ""50067"": 3.392853424226835, ""50069"": 2.7663397064836763}","{""50051"": 1327, ""50053"": 0, ""50055"": 0, ""50057"": 0, ""50059"": 0, ""50061"": 0, ""50063"": 0, ""50065"": 0, ""50067"": 0, ""50069"": 0}","{""50051"": 0.024898957625411618, ""50053"": 0.025667419138135375, ""50055"": 0.025667419138135375, ""50057"": 0.025667419138135375, ""50059"": 0.025667419138135375, ""50061"": 0.025667419138135375, ""50063"": 0.025667419138135375, ""50065"": 0.025667419138135375, ""50067"": 0.025667419138135375, ""50069"": 0.025667419138135375}"
28,27,1,250,0.492689,10,"{""50051"": 4.179985874596387, ""50053"": 1.7153858125623913, ""50055"": 1.41401343415323, ""50057"": 1.4600431843869293, ""50059"": 2.4191499106005914, ""50061"": 3.887875885596725, ""50063"": 2.5120088869357726, ""50065"": 2.7600636477879195, ""50067"": 3.392853424226835, ""50069"": 2.7663397064836763}","{""50051"": 1306, ""50053"": 0, ""50055"": 0, ""50057"": 0, ""50059"": 0, ""50061"": 0, ""50063"": 0, ""50065"": 0, ""50067"": 0, ""50069"": 0}","{""50051"": 0.024936608889164418, ""50053"": 0.025692906783053443, ""50055"": 0.025692906783053443, ""50057"": 0.025692906783053443, ""50059"": 0.025692906783053443, ""50061"": 0.025692906783053443, ""50063"": 0.025692906783053443, ""50065"": 0.025692906783053443, ""50067"": 0.025692906783053443, ""50069"": 0.025692906783053443}"
29,28,1,250,0.502590,10,"{""50051"": 4.179985874596387, ""50053"": 1.7153858125623913, ""50055"": 1.41401343415323, ""50057"": 1.4600431843869293, ""50059"": 2.4191499106005914, ""50061"": 3.887875885596725, ""50063"": 2.5120088869357726, ""50065"": 2.7600636477879195, ""50067"": 3.392853424226835, ""50069"": 2.7663397064836763}","{""50051"": 1306, ""50053"": 0, ""50055"": 0, ""50057"": 0, ""50059"": 0, ""50061"": 0, ""50063"": 0, ""50065"": 0, ""50067"": 0, ""50069"": 0}","{""50051"": 0.024936608889164418, ""50053"": 0.025692906783053443, ""50055"": 0.025692906783053443, ""50057"": 0.025692906783053443, ""50059"": 0.025692906783053443, ""50061"": 0.025692906783053443, ""50063"": 0.025692906783053443, ""50065"": 0.025692906783053443, ""50067"": 0.025692906783053443, ""50069"": 0.025692906783053443}"
30,29,1,250,0.501382,10,"{""50051"": 4.179985874596387, ""50053"": 1.7153858125623913, ""50055"": 1.41401343415323, ""50057"": 1.4600431843869293, ""50059"": 2.4191499106005914, ""50061"": 3.887875885596725, ""50063"": 2.5120088869357726, ""50065"": 2.7600636477879195, ""50067"": 3.392853424226835, ""50069"": 2.7663397064836763}","{""50051"": 1306, ""50053"": 0, ""50055"": 0, ""50057"": 0, ""50059"": 0, ""50061"": 0, ""50063"": 0, ""50065"": 0, ""50067"": 0, ""50069"": 0}","{""50051"": 0.024936608889164418, ""50053"": 0.025692906783053443, ""50055"": 0.025692906783053443, ""50057"": 0.025692906783053443, ""50059"": 0.025692906783053443, ""50061"": 0.025692906783053443, ""50063"": 0.025692906783053443, ""50065"": 0.025692906783053443, ""50067"": 0.025692906783053443, ""50069"": 0.025692906783053443}"
31,30,1,250,0.497106,10,"{""50051"": 4.179985874596387, ""50053"": 1.7153858125623913, ""50055"": 1.41401343415323, ""50057"": 1.4600431843869293, ""50059"": 2.4191499106005914, ""50061"": 3.887875885596725, ""50063"": 2.5120088869357726, ""50065"": 2.7600636477879195, ""50067"": 3.392853424226835, ""50069"": 2.7663397064836763}","{""50051"": 1306, ""50053"": 0, ""50055"": 0, ""50057"": 0, ""50059"": 0, ""50061"": 0, ""50063"": 0, ""50065"": 0, ""50067"": 0, ""50069"": 0}","{""50051"": 0.024936608889164418, ""50053"": 0.025692906783053443, ""50055"": 0.025692906783053443, ""50057"": 0.025692906783053443, ""50059"": 0.025692906783053443, ""50061"": 0.025692906783053443, ""50063"": 0.025692906783053443, ""50065"": 0.025692906783053443, ""50067"": 0.025692906783053443, ""50069"": 0.025692906783053443}"
32,31,1,176,0.362163,10,"{""50051"": 4.379985874596387, ""50053"": 1.7153858125623913, ""50055"": 1.41401343415323, ""50057"": 1.4600431843869293, ""50059"": 2.4191499106005914, ""50061"": 3.9164473141681535, ""50063"": 2.540580315507201, ""50065"": 2.7600636477879195, ""50067"": 3.4214248527982636, ""50069"": 2.7663397064836763}","{""50051"": 1287, ""50053"": 0, ""50055"": 0, ""50057"": 0, ""50059"": 0, ""50061"": 0, ""50063"": 0, ""50065"": 0, ""50067"": 0, ""50069"": 0}","{""50051"": 0.024971956686361377, ""50053"": 0.025717253615783878, ""50055"": 0.025717253615783878, ""50057"": 0.025717253615783878, ""50059"": 0.025717253615783878, ""50061"": 0.025717253615783878, ""50063"": 0.025717253615783878, ""50065"": 0.025717253615783878, ""50067"": 0.025717253615783878, ""50069"": 0.025717253615783878}"
33,32,1,146,0.301468,10,"{""50051"": 4.579985874596387, ""50053"": 1.7153858125623913, ""50055"": 1.41401343415323, ""50057"": 1.492192844982392, ""50059"": 2.4191499106005914, ""50061"": 3.9414949383363935, ""50063"": 2.572729976102664, ""50065"": 2.7600636477879195, ""50067"": 3.4535745133937263, ""50069"": 2.7663397064836763}","{""50051"": 1268, ""50053"": 0, ""50055"": 0, ""50057"": 0, ""50059"": 0, ""50061"": 0, ""50063"": 0, ""50065"": 0, ""50067"": 0, ""50069"": 0}","{""50051"": 0.025005236892421744, ""50053"": 0.02573952614768517, ""50055"": 0.02573952614768517, ""50057"": 0.02573952614768517, ""50059"": 0.02573952614768517, ""50061"": 0.02573952614768517, ""50063"": 0.02573952614768517, ""50065"": 0.02573952614768517, ""50067"": 0.02573952614768517, ""50069"": 0.02573952614768517}"
34,33,1,127,0.257321,10,"{""50051"": 4.779985874596387, ""50053"": 1.7439572411338198, ""50055"": 1.41401343415323, ""50057"": 1.492192844982392, ""50059"": 2.4191499106005914, ""50061"": 3.9414949383363935, ""50063"": 2.572729976102664, ""50065"": 2.788635076359348, ""50067"": 3.482145941965155, ""50069"": 2.7663397064836763}","{""50051"": 1251, ""50053"": 0, ""50055"": 0, ""50057"": 0, ""50059"": 0, ""50061"": 0, ""50063"": 0, ""50065"": 0, ""50067"": 0, ""50069"": 0}","{""50051"": 0.025036653556442006, ""50053"": 0.025761099314410646, ""50055"": 0.025761099314410646, ""50057"": 0.025761099314410646, ""50059"": 0.025761099314410646, ""50061"": 0.025761099314410646, ""50063"": 0.025761099314410646, ""50065"": 0.025761099314410646, ""50067"": 0.025761099314410646, ""50069"": 0.025761099314410646}"
35,34,1,127,0.451494,10,"{""50051"": 4.779985874596387, ""50053"": 1.7439572411338198, ""50055"": 1.41401343415323, ""50057"": 1.492192844982392, ""50059"": 2.4191499106005914, ""50061"": 3.9414949383363935, ""50063"": 2.572729976102664, ""50065"": 2.788635076359348, ""50067"": 3.482145941965155, ""50069"": 2.7663397064836763}","{""50051"": 1251, ""50053"": 0, ""50055"": 0, ""50057"": 0, ""50059"": 0, ""50061"": 0, ""50063"": 0, ""50065"": 0, ""50067"": 0, ""50069"": 0}","{""50051"": 0.025036653556442006, ""50053"": 0.025761099314410646, ""50055"": 0.025761099314410646, ""50057"": 0.025761099314410646, ""50059"": 0.025761099314410646, ""50061"": 0.025761099314410646, ""50063"": 0.025761099314410646, ""50065"": 0.025761099314410646, ""50067"": 0.025761099314410646, ""50069"": 0.025761099314410646}"
36,35,1,127,0.463374,10,"{""50051"": 4.779985874596387, ""50053"": 1.7439572411338198, ""50055"": 1.41401343415323, ""50057"": 1.492192844982392, ""50059"": 2.4191499106005914, ""50061"": 3.9414949383363935, ""50063"": 2.572729976102664, ""50065"": 2.788635076359348, ""50067"": 3.482145941965155, ""50069"": 2.7663397064836763}","{""50051"": 1251, ""50053"": 0, ""50055"": 0, ""50057"": 0, ""50059"": 0, ""50061"": 0, ""50063"": 0, ""50065"": 0, ""50067"": 0, ""50069"": 0}","{""50051"": 0.025036653556442006, ""50053"": 0.025761099314410646, ""50055"": 0.025761099314410646, ""50057"": 0.025761099314410646, ""50059"": 0.025761099314410646, ""50061"": 0.025761099314410646, ""50063"": 0.025761099314410646, ""50065"": 0.025761099314410646, ""50067"": 0.025761099314410646, ""50069"": 0.025761099314410646}"
37,36,1,127,0.437902,10,"{""50051"": 4.779985874596387, ""50053"": 1.7439572411338198, ""50055"": 1.41401343415323, ""50057"": 1.492192844982392, ""50059"": 2.4191499106005914, ""50061"": 3.9414949383363935, ""50063"": 2.572729976102664, ""50065"": 2.788635076359348, ""50067"": 3.482145941965155, ""50069"": 2.7663397064836763}","{""50051"": 1251, ""50053"": 0, ""50055"": 0, ""50057"": 0, ""50059"": 0, ""50061"": 0, ""50063"": 0, ""50065"": 0, ""50067"": 0, ""50069"": 0}","{""50051"": 0.025036653556442006, ""50053"": 0.025761099314410646, ""50055"": 0.025761099314410646, ""50057"": 0.025761099314410646, ""50059"": 0.025761099314410646, ""50061"": 0.025761099314410646, ""50063"": 0.025761099314410646, ""50065"": 0.025761099314410646, ""50067"": 0.025761099314410646, ""50069"": 0.025761099314410646}"
38,37,1,122,0.416894,10,"{""50051"": 4.979985874596387, ""50053"": 1.7439572411338198, ""50055"": 1.4935486718034048, ""50057"": 1.492192844982392, ""50059"": 2.4986851482507664, ""50061"": 4.040072240867313, ""50063"": 2.6121033211065408, ""50065"": 2.8747887540459764, ""50067"": 3.6147882802949542, ""50069"": 2.8458749441338513}","{""50051"": 1235, ""50053"": 0, ""50055"": 0, ""50057"": 0, ""50059"": 0, ""50061"": 0, ""50063"": 0, ""50065"": 0, ""50067"": 0, ""50069"": 0}","{""50051"": 0.025066382024568915, ""50053"": 0.02578156396378692, ""50055"": 0.02578156396378692, ""50057"": 0.02578156396378692, ""50059"": 0.02578156396378692, ""50061"": 0.02578156396378692, ""50063"": 0.02578156396378692, ""50065"": 0.02578156396378692, ""50067"": 0.02578156396378692, ""50069"": 0.02578156396378692}"
39,38,1,112,0.384568,10,"{""50051"": 5.179985874596388, ""50053"": 1.7725286697052482, ""50055"": 1.4935486718034048, ""50057"": 1.492192844982392, ""50059"": 2.527256576822195, ""50061"": 4.040072240867313, ""50063"": 2.6121033211065408, ""50065"": 2.903360182617405, ""50067"": 3.6147882802949542, ""50069"": 2.8458749441338513}","{""50051"": 1219, ""50053"": 0, ""50055"": 0, ""50057"": 0, ""50059"": 0, ""50061"": 0, ""50063"": 0, ""50065"": 0, ""50067"": 0, ""50069"": 0}","{""50051"": 0.025094575136925715, ""50053"": 0.02580048805853928, ""50055"": 0.02580048805853928, ""50057"": 0.02580048805853928, ""50059"": 0.02580048805853928, ""50061"": 0.02580048805853928, ""50063"": 0.02580048805853928, ""50065"": 0.02580048805853928, ""50067"": 0.02580048805853928, ""50069"": 0.02580048805853928}"
40,39,1,105,0.366743,10,"{""50051"": 5.379985874596388, ""50053"": 1.8011000982766767, ""50055"": 1.4935486718034048, ""50057"": 1.5207642735538205, ""50059"": 2.527256576822195, ""50061"": 4.040072240867313, ""50063"": 2.6121033211065408, ""50065"": 2.9319316111888334, ""50067"": 3.6147882802949542, ""50069"": 2.8458749441338513}","{""50051"": 1204, ""50053"": 0, ""50055"": 0, ""50057"": 0, ""50059"": 0, ""50061"": 0, ""50063"": 0, ""50065"": 0, ""50067"": 0, ""50069"": 0}","{""50051"": 0.02512136705112961, ""50053"": 0.025818591511108227, ""50055"": 0.025818591511108227, ""50057"": 0.025818591511108227, ""50059"": 0.025818591511108227, ""50061"": 0.025818591511108227, ""50063"": 0.025818591511108227, ""50065"": 0.025818591511108227, ""50067"": 0.025818591511108227, ""50069"": 0.025818591511108227}"
41,40,1,105,0.368325,10,"{""50051"": 5.379985874596388, ""50053"": 1.8011000982766767, ""50055"": 1.4935486718034048, ""50057"": 1.5207642735538205, ""50059"": 2.527256576822195, ""50061"": 4.040072240867313, ""50063"": 2.6121033211065408, ""50065"": 2.9319316111888334, ""50067"": 3.6147882802949542, ""50069"": 2.8458749441338513}","{""50051"": 1204, ""50053"": 0, ""50055"": 0, ""50057"": 0, ""50059"": 0, ""50061"": 0, ""50063"": 0, ""50065"": 0, ""50067"": 0, ""50069"": 0}","{""50051"": 0.02512136705112961, ""50053"": 0.025818591511108227, ""50055"": 0.025818591511108227, ""50057"": 0.025818591511108227, ""50059"": 0.025818591511108227, ""50061"": 0.025818591511108227, ""50063"": 0.025818591511108227, ""50065"": 0.025818591511108227, ""50067"": 0.025818591511108227, ""50069"": 0.025818591511108227}"
42,41,1,103,0.359509,10,"{""50051"": 5.579985874596388, ""50053"": 1.8011000982766767, ""50055"": 1.4935486718034048, ""50057"": 1.5666898079158378, ""50059"": 2.5476329577825894, ""50061"": 4.14117460044104, ""50063"": 2.6121033211065408, ""50065"": 2.9319316111888334, ""50067"": 3.6607138146569715, ""50069"": 2.8918004784958686}","{""50051"": 1190, ""50053"": 0, ""50055"": 0, ""50057"": 0, ""50059"": 0, ""50061"": 0, ""50063"": 0, ""50065"": 0, ""50067"": 0, ""50069"": 0}","{""50051"": 0.025146875709113652, ""50053"": 0.025835992733919372, ""50055"": 0.025835992733919372, ""50057"": 0.025835992733919372, ""50059"": 0.025835992733919372, ""50061"": 0.025835992733919372, ""50063"": 0.025835992733919372, ""50065"": 0.025835992733919372, ""50067"": 0.025835992733919372, ""50069"": 0.025835992733919372}"
43,42,1,103,0.351638,10,"{""50051"": 5.579985874596388, ""50053"": 1.8011000982766767, ""50055"": 1.4935486718034048, ""50057"": 1.5666898079158378, ""50059"": 2.5476329577825894, ""50061"": 4.14117460044104, ""50063"": 2.6121033211065408, ""50065"": 2.9319316111888334, ""50067"": 3.6607138146569715, ""50069"": 2.8918004784958686}","{""50051"": 1190, ""50053"": 0, ""50055"": 0, ""50057"": 0, ""50059"": 0, ""50061"": 0, ""50063"": 0, ""50065"": 0, ""50067"": 0, ""50069"": 0}","{""50051"": 0.025146875709113652, ""50053"": 0.025835992733919372, ""50055"": 0.025835992733919372, ""50057"": 0.025835992733919372, ""50059"": 0.025835992733919372, ""50061"": 0.025835992733919372, ""50063"": 0.025835992733919372, ""50065"": 0.025835992733919372, ""50067"": 0.025835992733919372, ""50069"": 0.025835992733919372}"
44,43,1,103,0.359335,10,"{""50051"": 5.579985874596388, ""50053"": 1.8011000982766767, ""50055"": 1.4935486718034048, ""50057"": 1.5666898079158378, ""50059"": 2.5476329577825894, ""50061"": 4.14117460044104, ""50063"": 2.6121033211065408, ""50065"": 2.9319316111888334, ""50067"": 3.6607138146569715, ""50069"": 2.8918004784958686}","{""50051"": 1190, ""50053"": 0, ""50055"": 0, ""50057"": 0, ""50059"": 0, ""50061"": 0, ""50063"": 0, ""50065"": 0, ""50067"": 0, ""50069"": 0}","{""50051"": 0.025146875709113652, ""50053"": 0.025835992733919372, ""50055"": 0.025835992733919372, ""50057"": 0.025835992733919372, ""50059"": 0.025835992733919372, ""50061"": 0.025835992733919372, ""50063"": 0.025835992733919372, ""50065"": 0.025835992733919372, ""50067"": 0.025835992733919372, ""50069"": 0.025835992733919372}"
45,44,1,99,0.220706,10,"{""50051"": 5.779985874596388, ""50053"": 1.8011000982766767, ""50055"": 1.5221201003748333, ""50057"": 1.5666898079158378, ""50059"": 2.576204386354018, ""50061"": 4.14117460044104, ""50063"": 2.6121033211065408, ""50065"": 2.9319316111888334, ""50067"": 3.6607138146569715, ""50069"": 2.920371907067297}","{""50051"": 1177, ""50053"": 0, ""50055"": 0, ""50057"": 0, ""50059"": 0, ""50061"": 0, ""50063"": 0, ""50065"": 0, ""50067"": 0, ""50069"": 0}","{""50051"": 0.02517120519667478, ""50053"": 0.025852796248472462, ""50055"": 0.025852796248472462, ""50057"": 0.025852796248472462, ""50059"": 0.025852796248472462, ""50061"": 0.025852796248472462, ""50063"": 0.025852796248472462, ""50065"": 0.025852796248472462, ""50067"": 0.025852796248472462, ""50069"": 0.025852796248472462}"
46,45,1,95,0.207823,10,"{""50051"": 5.979985874596388, ""50053"": 1.8296715268481052, ""50055"": 1.5221201003748333, ""50057"": 1.5666898079158378, ""50059"": 2.576204386354018, ""50061"": 4.14117460044104, ""50063"": 2.6406747496779692, ""50065"": 2.9319316111888334, ""50067"": 3.6607138146569715, ""50069"": 2.9489433356387256}","{""50051"": 1164, ""50053"": 0, ""50055"": 0, ""50057"": 0, ""50059"": 0, ""50061"": 0, ""50063"": 0, ""50065"": 0, ""50067"": 0, ""50069"": 0}","{""50051"": 0.025194447660680033, ""50053"": 0.02586850888758087, ""50055"": 0.02586850888758087, ""50057"": 0.02586850888758087, ""50059"": 0.02586850888758087, ""50061"": 0.02586850888758087, ""50063"": 0.02586850888758087, ""50065"": 0.02586850888758087, ""50067"": 0.02586850888758087, ""50069"": 0.02586850888758087}"
47,46,1,93,0.194528,10,"{""50051"": 6.1799858745963885, ""50053"": 1.8296715268481052, ""50055"": 1.5221201003748333, ""50057"": 1.5666898079158378, ""50059"": 2.6047758149254463, ""50061"": 4.169746029012469, ""50063"": 2.6406747496779692, ""50065"": 2.9319316111888334, ""50067"": 3.6607138146569715, ""50069"": 2.977514764210154}","{""50051"": 1152, ""50053"": 0, ""50055"": 0, ""50057"": 0, ""50059"": 0, ""50061"": 0, ""50063"": 0, ""50065"": 0, ""50067"": 0, ""50069"": 0}","{""50051"": 0.025216685811457345, ""50053"": 0.025883799323194234, ""50055"": 0.025883799323194234, ""50057"": 0.025883799323194234, ""50059"": 0.025883799323194234, ""50061"": 0.025883799323194234, ""50063"": 0.025883799323194234, ""50065"": 0.025883799323194234, ""50067"": 0.025883799323194234, ""50069"": 0.025883799323194234}"
48,47,1,93,0.246583,10,"{""50051"": 6.1799858745963885, ""50053"": 1.8296715268481052, ""50055"": 1.5221201003748333, ""50057"": 1.5666898079158378, ""50059"": 2.6047758149254463, ""50061"": 4.169746029012469, ""50063"": 2.6406747496779692, ""50065"": 2.9319316111888334, ""50067"": 3.6607138146569715, ""50069"": 2.977514764210154}","{""50051"": 1152, ""50053"": 0, ""50055"": 0, ""50057"": 0, ""50059"": 0, ""50061"": 0, ""50063"": 0, ""50065"": 0, ""50067"": 0, ""50069"": 0}","{""50051"": 0.025216685811457345, ""50053"": 0.025883799323194234, ""50055"": 0.025883799323194234, ""50057"": 0.025883799323194234, ""50059"": 0.025883799323194234, ""50061"": 0.025883799323194234, ""50063"": 0.025883799323194234, ""50065"": 0.025883799323194234, ""50067"": 0.025883799323194234, ""50069"": 0.025883799323194234}"
49,48,1,91,0.194286,10,"{""50051"": 6.379985874596389, ""50053"": 1.8296715268481052, ""50055"": 1.5506915289462617, ""50057"": 1.5666898079158378, ""50059"": 2.6047758149254463, ""50061"": 4.198317457583897, ""50063"": 2.6406747496779692, ""50065"": 2.960503039760262, ""50067"": 3.6607138146569715, ""50069"": 2.977514764210154}","{""50051"": 1140, ""50053"": 0, ""50055"": 0, ""50057"": 0, ""50059"": 0, ""50061"": 0, ""50063"": 0, ""50065"": 0, ""50067"": 0, ""50069"": 0}","{""50051"": 0.02523799322781346, ""50053"": 0.025898155636910475, ""50055"": 0.025898155636910475, ""50057"": 0.025898155636910475, ""50059"": 0.025898155636910475, ""50061"": 0.025898155636910475, ""50063"": 0.025898155636910475, ""50065"": 0.025898155636910475, ""50067"": 0.025898155636910475, ""50069"": 0.025898155636910475}"
50,49,1,91,0.201723,10,"{""50051"": 6.379985874596389, ""50053"": 1.8296715268481052, ""50055"": 1.5506915289462617, ""50057"": 1.5666898079158378, ""50059"": 2.6047758149254463, ""50061"": 4.198317457583897, ""50063"": 2.6406747496779692, ""50065"": 2.960503039760262, ""50067"": 3.6607138146569715, ""50069"": 2.977514764210154}","{""50051"": 1140, ""50053"": 0, ""50055"": 0, ""50057"": 0, ""50059"": 0, ""50061"": 0, ""50063"": 0, ""50065"": 0, ""50067"": 0, ""50069"": 0}","{""50051"": 0.02523799322781346, ""50053"": 0.025898155636910475, ""50055"": 0.025898155636910475, ""50057"": 0.025898155636910475, ""50059"": 0.025898155636910475, ""50061"": 0.025898155636910475, ""50063"": 0.025898155636910475, ""50065"": 0.025898155636910475, ""50067"": 0.025898155636910475, ""50069"": 0.025898155636910475}"
51,50,1,91,0.193488,10,"{""50051"": 6.379985874596389, ""50053"": 1.8296715268481052, ""50055"": 1.5506915289462617, ""50057"": 1.5666898079158378, ""50059"": 2.6047758149254463, ""50061"": 4.198317457583897, ""50063"": 2.6406747496779692, ""50065"": 2.960503039760262, ""50067"": 3.6607138146569715, ""50069"": 2.977514764210154}","{""50051"": 1140, ""50053"": 0, ""50055"": 0, ""50057"": 0, ""50059"": 0, ""50061"": 0, ""50063"": 0, ""50065"": 0, ""50067"": 0, ""50069"": 0}","{""50051"": 0.02523799322781346, ""50053"": 0.025898155636910475, ""50055"": 0.025898155636910475, ""50057"": 0.025898155636910475, ""50059"": 0.025898155636910475, ""50061"": 0.025898155636910475, ""50063"": 0.025898155636910475, ""50065"": 0.025898155636910475, ""50067"": 0.025898155636910475, ""50069"": 0.025898155636910475}"
52,51,1,91,0.202937,10,"{""50051"": 6.379985874596389, ""50053"": 1.8296715268481052, ""50055"": 1.5506915289462617, ""50057"": 1.5666898079158378, ""50059"": 2.6047758149254463, ""50061"": 4.198317457583897, ""50063"": 2.6406747496779692, ""50065"": 2.960503039760262, ""50067"": 3.6607138146569715, ""50069"": 2.977514764210154}","{""50051"": 1140, ""50053"": 0, ""50055"": 0, ""50057"": 0, ""50059"": 0, ""50061"": 0, ""50063"": 0, ""50065"": 0, ""50067"": 0, ""50069"": 0}","{""50051"": 0.02523799322781346, ""50053"": 0.025898155636910475, ""50055"": 0.025898155636910475, ""50057"": 0.025898155636910475, ""50059"": 0.025898155636910475, ""50061"": 0.025898155636910475, ""50063"": 0.025898155636910475, ""50065"": 0.025898155636910475, ""50067"": 0.025898155636910475, ""50069"": 0.025898155636910475}"
53,52,1,91,0.193421,10,"{""50051"": 6.379985874596389, ""50053"": 1.8296715268481052, ""50055"": 1.5506915289462617, ""50057"": 1.5666898079158378, ""50059"": 2.6047758149254463, ""50061"": 4.198317457583897, ""50063"": 2.6406747496779692, ""50065"": 2.960503039760262, ""50067"": 3.6607138146569715, ""50069"": 2.977514764210154}","{""50051"": 1140, ""50053"": 0, ""50055"": 0, ""50057"": 0, ""50059"": 0, ""50061"": 0, ""50063"": 0, ""50065"": 0, ""50067"": 0, ""50069"": 0}","{""50051"": 0.02523799322781346, ""50053"": 0.025898155636910475, ""50055"": 0.025898155636910475, ""50057"": 0.025898155636910475, ""50059"": 0.025898155636910475, ""50061"": 0.025898155636910475, ""50063"": 0.025898155636910475, ""50065"": 0.025898155636910475, ""50067"": 0.025898155636910475, ""50069"": 0.025898155636910475}"
54,53,1,89,0.203134,10,"{""50051"": 6.579985874596389, ""50053"": 1.8296715268481052, ""50055"": 1.5506915289462617, ""50057"": 1.5952612364872663, ""50059"": 2.6333472434968748, ""50061"": 4.198317457583897, ""50063"": 2.6406747496779692, ""50065"": 2.9890744683316903, ""50067"": 3.6607138146569715, ""50069"": 2.977514764210154}","{""50051"": 1128, ""50053"": 0, ""50055"": 0, ""50057"": 0, ""50059"": 0, ""50061"": 0, ""50063"": 0, ""50065"": 0, ""50067"": 0, ""50069"": 0}","{""50051"": 0.025258435952375653, ""50053"": 0.02591164400513611, ""50055"": 0.02591164400513611, ""50057"": 0.02591164400513611, ""50059"": 0.02591164400513611, ""50061"": 0.02591164400513611, ""50063"": 0.02591164400513611, ""50065"": 0.02591164400513611, ""50067"": 0.02591164400513611, ""50069"": 0.02591164400513611}"
55,54,1,89,0.187915,10,"{""50051"": 6.579985874596389, ""50053"": 1.8296715268481052, ""50055"": 1.5506915289462617, ""50057"": 1.5952612364872663, ""50059"": 2.6333472434968748, ""50061"": 4.198317457583897, ""50063"": 2.6406747496779692, ""50065"": 2.9890744683316903, ""50067"": 3.6607138146569715, ""50069"": 2.977514764210154}","{""50051"": 1128, ""50053"": 0, ""50055"": 0, ""50057"": 0, ""50059"": 0, ""50061"": 0, ""50063"": 0, ""50065"": 0, ""50067"": 0, ""50069"": 0}","{""50051"": 0.025258435952375653, ""50053"": 0.02591164400513611, ""50055"": 0.02591164400513611, ""50057"": 0.02591164400513611, ""50059"": 0.02591164400513611, ""50061"": 0.02591164400513611, ""50063"": 0.02591164400513611, ""50065"": 0.02591164400513611, ""50067"": 0.02591164400513611, ""50069"": 0.02591164400513611}"
56,55,1,88,0.193737,10,"{""50051"": 6.779985874596389, ""50053"": 1.8604696450850875, ""50055"": 1.5506915289462617, ""50057"": 1.6260593547242486, ""50059"": 2.6489340711557516, ""50061"": 4.22911557582088, ""50063"": 2.6406747496779692, ""50065"": 2.9890744683316903, ""50067"": 3.6607138146569715, ""50069"": 2.977514764210154}","{""50051"": 1118, ""50053"": 0, ""50055"": 0, ""50057"": 0, ""50059"": 0, ""50061"": 0, ""50063"": 0, ""50065"": 0, ""50067"": 0, ""50069"": 0}","{""50051"": 0.025278074672005917, ""50053"": 0.02592549725427265, ""50055"": 0.02592549725427265, ""50057"": 0.02592549725427265, ""50059"": 0.02592549725427265, ""50061"": 0.02592549725427265, ""50063"": 0.02592549725427265, ""50065"": 0.02592549725427265, ""50067"": 0.02592549725427265, ""50069"": 0.02592549725427265}"
57,56,1,88,0.180361,10,"{""50051"": 6.779985874596389, ""50053"": 1.8604696450850875, ""50055"": 1.5506915289462617, ""50057"": 1.6260593547242486, ""50059"": 2.6489340711557516, ""50061"": 4.22911557582088, ""50063"": 2.6406747496779692, ""50065"": 2.9890744683316903, ""50067"": 3.6607138146569715, ""50069"": 2.977514764210154}","{""50051"": 1118, ""50053"": 0, ""50055"": 0, ""50057"": 0, ""50059"": 0, ""50061"": 0, ""50063"": 0, ""50065"": 0, ""50067"": 0, ""50069"": 0}","{""50051"": 0.025278074672005917, ""50053"": 0.02592549725427265, ""50055"": 0.02592549725427265, ""50057"": 0.02592549725427265, ""50059"": 0.02592549725427265, ""50061"": 0.02592549725427265, ""50063"": 0.02592549725427265, ""50065"": 0.02592549725427265, ""50067"": 0.02592549725427265, ""50069"": 0.02592549725427265}"
58,57,1,88,0.195577,10,"{""50051"": 6.779985874596389, ""50053"": 1.8604696450850875, ""50055"": 1.5506915289462617, ""50057"": 1.6260593547242486, ""50059"": 2.6489340711557516, ""50061"": 4.22911557582088, ""50063"": 2.6406747496779692, ""50065"": 2.9890744683316903, ""50067"": 3.6607138146569715, ""50069"": 2.977514764210154}","{""50051"": 1118, ""50053"": 0, ""50055"": 0, ""50057"": 0, ""50059"": 0, ""50061"": 0, ""50063"": 0, ""50065"": 0, ""50067"": 0, ""50069"": 0}","{""50051"": 0.025278074672005917, ""50053"": 0.02592549725427265, ""50055"": 0.02592549725427265, ""50057"": 0.02592549725427265, ""50059"": 0.02592549725427265, ""50061"": 0.02592549725427265, ""50063"": 0.02592549725427265, ""50065"": 0.02592549725427265, ""50067"": 0.02592549725427265, ""50069"": 0.02592549725427265}"
59,58,1,88,0.182564,10,"{""50051"": 6.779985874596389, ""50053"": 1.8604696450850875, ""50055"": 1.5506915289462617, ""50057"": 1.6260593547242486, ""50059"": 2.6489340711557516, ""50061"": 4.22911557582088, ""50063"": 2.6406747496779692, ""50065"": 2.9890744683316903, ""50067"": 3.6607138146569715, ""50069"": 2.977514764210154}","{""50051"": 1118, ""50053"": 0, ""50055"": 0, ""50057"": 0, ""50059"": 0, ""50061"": 0, ""50063"": 0, ""50065"": 0, ""50067"": 0, ""50069"": 0}","{""50051"": 0.025278074672005917, ""50053"": 0.02592549725427265, ""50055"": 0.02592549725427265, ""50057"": 0.02592549725427265, ""50059"": 0.02592549725427265, ""50061"": 0.02592549725427265, ""50063"": 0.02592549725427265, ""50065"": 0.02592549725427265, ""50067"": 0.02592549725427265, ""50069"": 0.02592549725427265}"
60,59,1,88,0.187307,10,"{""50051"": 6.779985874596389, ""50053"": 1.8604696450850875, ""50055"": 1.5506915289462617, ""50057"": 1.6260593547242486, ""50059"": 2.6489340711557516, ""50061"": 4.22911557582088, ""50063"": 2.6406747496779692, ""50065"": 2.9890744683316903, ""50067"": 3.6607138146569715, ""50069"": 2.977514764210154}","{""50051"": 1118, ""50053"": 0, ""50055"": 0, ""50057"": 0, ""50059"": 0, ""50061"": 0, ""50063"": 0, ""50065"": 0, ""50067"": 0, ""50069"": 0}","{""50051"": 0.025278074672005917, ""50053"": 0.02592549725427265, ""50055"": 0.02592549725427265, ""50057"": 0.02592549725427265, ""50059"": 0.02592549725427265, ""50061"": 0.02592549725427265, ""50063"": 0.02592549725427265, ""50065"": 0.02592549725427265, ""50067"": 0.02592549725427265, ""50069"": 0.02592549725427265}"
61,60,1,88,0.178472,10,"{""50051"": 6.779985874596389, ""50053"": 1.8604696450850875, ""50055"": 1.5506915289462617, ""50057"": 1.6260593547242486, ""50059"": 2.6489340711557516, ""50061"": 4.22911557582088, ""50063"": 2.6406747496779692, ""50065"": 2.9890744683316903, ""50067"": 3.6607138146569715, ""50069"": 2.977514764210154}","{""50051"": 1118, ""50053"": 0, ""50055"": 0, ""50057"": 0, ""50059"": 0, ""50061"": 0, ""50063"": 0, ""50065"": 0, ""50067"": 0, ""50069"": 0}","{""50051"": 0.025278074672005917, ""50053"": 0.02592549725427265, ""50055"": 0.02592549725427265, ""50057"": 0.02592549725427265, ""50059"": 0.02592549725427265, ""50061"": 0.02592549725427265, ""50063"": 0.02592549725427265, ""50065"": 0.02592549725427265, ""50067"": 0.02592549725427265, ""50069"": 0.02592549725427265}"
62,61,1,88,0.191098,10,"{""50051"": 6.779985874596389, ""50053"": 1.8604696450850875, ""50055"": 1.5506915289462617, ""50057"": 1.6260593547242486, ""50059"": 2.6489340711557516, ""50061"": 4.22911557582088, ""50063"": 2.6406747496779692, ""50065"": 2.9890744683316903, ""50067"": 3.6607138146569715, ""50069"": 2.977514764210154}","{""50051"": 1118, ""50053"": 0, ""50055"": 0, ""50057"": 0, ""50059"": 0, ""50061"": 0, ""50063"": 0, ""50065"": 0, ""50067"": 0, ""50069"": 0}","{""50051"": 0.025278074672005917, ""50053"": 0.02592549725427265, ""50055"": 0.02592549725427265, ""50057"": 0.02592549725427265, ""50059"": 0.02592549725427265, ""50061"": 0.02592549725427265, ""50063"": 0.02592549725427265, ""50065"": 0.02592549725427265, ""50067"": 0.02592549725427265, ""50069"": 0.02592549725427265}"
63,62,1,88,0.182243,10,"{""50051"": 6.779985874596389, ""50053"": 1.8604696450850875, ""50055"": 1.5506915289462617, ""50057"": 1.6260593547242486, ""50059"": 2.6489340711557516, ""50061"": 4.22911557582088, ""50063"": 2.6406747496779692, ""50065"": 2.9890744683316903, ""50067"": 3.6607138146569715, ""50069"": 2.977514764210154}","{""50051"": 1118, ""50053"": 0, ""50055"": 0, ""50057"": 0, ""50059"": 0, ""50061"": 0, ""50063"": 0, ""50065"": 0, ""50067"": 0, ""50069"": 0}","{""50051"": 0.025278074672005917, ""50053"": 0.02592549725427265, ""50055"": 0.02592549725427265, ""50057"": 0.02592549725427265, ""50059"": 0.02592549725427265, ""50061"": 0.02592549725427265, ""50063"": 0.02592549725427265, ""50065"": 0.02592549725427265, ""50067"": 0.02592549725427265, ""50069"": 0.02592549725427265}"
64,63,1,87,0.202996,10,"{""50051"": 6.979985874596389, ""50053"": 1.8604696450850875, ""50055"": 1.5792629575176902, ""50057"": 1.654630783295677, ""50059"": 2.6489340711557516, ""50061"": 4.22911557582088, ""50063"": 2.6692461782493977, ""50065"": 2.9890744683316903, ""50067"": 3.6607138146569715, ""50069"": 2.977514764210154}","{""50051"": 1107, ""50053"": 0, ""50055"": 0, ""50057"": 0, ""50059"": 0, ""50061"": 0, ""50063"": 0, ""50065"": 0, ""50067"": 0, ""50069"": 0}","{""50051"": 0.02529696216889336, ""50053"": 0.02593801047196334, ""50055"": 0.02593801047196334, ""50057"": 0.02593801047196334, ""50059"": 0.02593801047196334, ""50061"": 0.02593801047196334, ""50063"": 0.02593801047196334, ""50065"": 0.02593801047196334, ""50067"": 0.02593801047196334, ""50069"": 0.02593801047196334}"
65,64,1,87,0.179927,10,"{""50051"": 6.979985874596389, ""50053"": 1.8604696450850875, ""50055"": 1.5792629575176902, ""50057"": 1.654630783295677, ""50059"": 2.6489340711557516, ""50061"": 4.22911557582088, ""50063"": 2.6692461782493977, ""50065"": 2.9890744683316903, ""50067"": 3.6607138146569715, ""50069"": 2.977514764210154}","{""50051"": 1107, ""50053"": 0, ""50055"": 0, ""50057"": 0, ""50059"": 0, ""50061"": 0, ""50063"": 0, ""50065"": 0, ""50067"": 0, ""50069"": 0}","{""50051"": 0.02529696216889336, ""50053"": 0.02593801047196334, ""50055"": 0.02593801047196334, ""50057"": 0.02593801047196334, ""50059"": 0.02593801047196334, ""50061"": 0.02593801047196334, ""50063"": 0.02593801047196334, ""50065"": 0.02593801047196334, ""50067"": 0.02593801047196334, ""50069"": 0.02593801047196334}"
66,65,1,87,0.179024,10,"{""50051"": 6.979985874596389, ""50053"": 1.8604696450850875, ""50055"": 1.5792629575176902, ""50057"": 1.654630783295677, ""50059"": 2.6489340711557516, ""50061"": 4.22911557582088, ""50063"": 2.6692461782493977, ""50065"": 2.9890744683316903, ""50067"": 3.6607138146569715, ""50069"": 2.977514764210154}","{""50051"": 1107, ""50053"": 0, ""50055"": 0, ""50057"": 0, ""50059"": 0, ""50061"": 0, ""50063"": 0, ""50065"": 0, ""50067"": 0, ""50069"": 0}","{""50051"": 0.02529696216889336, ""50053"": 0.02593801047196334, ""50055"": 0.02593801047196334, ""50057"": 0.02593801047196334, ""50059"": 0.02593801047196334, ""50061"": 0.02593801047196334, ""50063"": 0.02593801047196334, ""50065"": 0.02593801047196334, ""50067"": 0.02593801047196334, ""50069"": 0.02593801047196334}"
67,66,1,87,0.192844,10,"{""50051"": 6.979985874596389, ""50053"": 1.8604696450850875, ""50055"": 1.5792629575176902, ""50057"": 1.654630783295677, ""50059"": 2.6489340711557516, ""50061"": 4.22911557582088, ""50063"": 2.6692461782493977, ""50065"": 2.9890744683316903, ""50067"": 3.6607138146569715, ""50069"": 2.977514764210154}","{""50051"": 1107, ""50053"": 0, ""50055"": 0, ""50057"": 0, ""50059"": 0, ""50061"": 0, ""50063"": 0, ""50065"": 0, ""50067"": 0, ""50069"": 0}","{""50051"": 0.02529696216889336, ""50053"": 0.02593801047196334, ""50055"": 0.02593801047196334, ""50057"": 0.02593801047196334, ""50059"": 0.02593801047196334, ""50061"": 0.02593801047196334, ""50063"": 0.02593801047196334, ""50065"": 0.02593801047196334, ""50067"": 0.02593801047196334, ""50069"": 0.02593801047196334}"
68,67,1,87,0.178913,10,"{""50051"": 6.979985874596389, ""50053"": 1.8604696450850875, ""50055"": 1.5792629575176902, ""50057"": 1.654630783295677, ""50059"": 2.6489340711557516, ""50061"": 4.22911557582088, ""50063"": 2.6692461782493977, ""50065"": 2.9890744683316903, ""50067"": 3.6607138146569715, ""50069"": 2.977514764210154}","{""50051"": 1107, ""50053"": 0, ""50055"": 0, ""50057"": 0, ""50059"": 0, ""50061"": 0, ""50063"": 0, ""50065"": 0, ""50067"": 0, ""50069"": 0}","{""50051"": 0.02529696216889336, ""50053"": 0.02593801047196334, ""50055"": 0.02593801047196334, ""50057"": 0.02593801047196334, ""50059"": 0.02593801047196334, ""50061"": 0.02593801047196334, ""50063"": 0.02593801047196334, ""50065"": 0.02593801047196334, ""50067"": 0.02593801047196334, ""50069"": 0.02593801047196334}"
69,68,1,87,0.182302,10,"{""50051"": 6.979985874596389, ""50053"": 1.8604696450850875, ""50055"": 1.5792629575176902, ""50057"": 1.654630783295677, ""50059"": 2.6489340711557516, ""50061"": 4.22911557582088, ""50063"": 2.6692461782493977, ""50065"": 2.9890744683316903, ""50067"": 3.6607138146569715, ""50069"": 2.977514764210154}","{""50051"": 1107, ""50053"": 0, ""50055"": 0, ""50057"": 0, ""50059"": 0, ""50061"": 0, ""50063"": 0, ""50065"": 0, ""50067"": 0, ""50069"": 0}","{""50051"": 0.02529696216889336, ""50053"": 0.02593801047196334, ""50055"": 0.02593801047196334, ""50057"": 0.02593801047196334, ""50059"": 0.02593801047196334, ""50061"": 0.02593801047196334, ""50063"": 0.02593801047196334, ""50065"": 0.02593801047196334, ""50067"": 0.02593801047196334, ""50069"": 0.02593801047196334}"
70,69,1,87,0.178634,10,"{""50051"": 6.979985874596389, ""50053"": 1.8604696450850875, ""50055"": 1.5792629575176902, ""50057"": 1.654630783295677, ""50059"": 2.6489340711557516, ""50061"": 4.22911557582088, ""50063"": 2.6692461782493977, ""50065"": 2.9890744683316903, ""50067"": 3.6607138146569715, ""50069"": 2.977514764210154}","{""50051"": 1107, ""50053"": 0, ""50055"": 0, ""50057"": 0, ""50059"": 0, ""50061"": 0, ""50063"": 0, ""50065"": 0, ""50067"": 0, ""50069"": 0}","{""50051"": 0.02529696216889336, ""50053"": 0.02593801047196334, ""50055"": 0.02593801047196334, ""50057"": 0.02593801047196334, ""50059"": 0.02593801047196334, ""50061"": 0.02593801047196334, ""50063"": 0.02593801047196334, ""50065"": 0.02593801047196334, ""50067"": 0.02593801047196334, ""50069"": 0.02593801047196334}"
71,70,1,87,0.183516,10,"{""50051"": 6.979985874596389, ""50053"": 1.8604696450850875, ""50055"": 1.5792629575176902, ""50057"": 1.654630783295677, ""50059"": 2.6489340711557516, ""50061"": 4.22911557582088, ""50063"": 2.6692461782493977, ""50065"": 2.9890744683316903, ""50067"": 3.6607138146569715, ""50069"": 2.977514764210154}","{""50051"": 1107, ""50053"": 0, ""50055"": 0, ""50057"": 0, ""50059"": 0, ""50061"": 0, ""50063"": 0, ""50065"": 0, ""50067"": 0, ""50069"": 0}","{""50051"": 0.02529696216889336, ""50053"": 0.02593801047196334, ""50055"": 0.02593801047196334, ""50057"": 0.02593801047196334, ""50059"": 0.02593801047196334, ""50061"": 0.02593801047196334, ""50063"": 0.02593801047196334, ""50065"": 0.02593801047196334, ""50067"": 0.02593801047196334, ""50069"": 0.02593801047196334}"
72,71,1,87,0.183266,10,"{""50051"": 6.979985874596389, ""50053"": 1.8604696450850875, ""50055"": 1.5792629575176902, ""50057"": 1.654630783295677, ""50059"": 2.6489340711557516, ""50061"": 4.22911557582088, ""50063"": 2.6692461782493977, ""50065"": 2.9890744683316903, ""50067"": 3.6607138146569715, ""50069"": 2.977514764210154}","{""50051"": 1107, ""50053"": 0, ""50055"": 0, ""50057"": 0, ""50059"": 0, ""50061"": 0, ""50063"": 0, ""50065"": 0, ""50067"": 0, ""50069"": 0}","{""50051"": 0.02529696216889336, ""50053"": 0.02593801047196334, ""50055"": 0.02593801047196334, ""50057"": 0.02593801047196334, ""50059"": 0.02593801047196334, ""50061"": 0.02593801047196334, ""50063"": 0.02593801047196334, ""50065"": 0.02593801047196334, ""50067"": 0.02593801047196334, ""50069"": 0.02593801047196334}"
73,72,1,87,0.178086,10,"{""50051"": 6.979985874596389, ""50053"": 1.8604696450850875, ""50055"": 1.5792629575176902, ""50057"": 1.654630783295677, ""50059"": 2.6489340711557516, ""50061"": 4.22911557582088, ""50063"": 2.6692461782493977, ""50065"": 2.9890744683316903, ""50067"": 3.6607138146569715, ""50069"": 2.977514764210154}","{""50051"": 1107, ""50053"": 0, ""50055"": 0, ""50057"": 0, ""50059"": 0, ""50061"": 0, ""50063"": 0, ""50065"": 0, ""50067"": 0, ""50069"": 0}","{""50051"": 0.02529696216889336, ""50053"": 0.02593801047196334, ""50055"": 0.02593801047196334, ""50057"": 0.02593801047196334, ""50059"": 0.02593801047196334, ""50061"": 0.02593801047196334, ""50063"": 0.02593801047196334, ""50065"": 0.02593801047196334, ""50067"": 0.02593801047196334, ""50069"": 0.02593801047196334}"
74,73,1,87,0.181767,10,"{""50051"": 6.979985874596389, ""50053"": 1.8604696450850875, ""50055"": 1.5792629575176902, ""50057"": 1.654630783295677, ""50059"": 2.6489340711557516, ""50061"": 4.22911557582088, ""50063"": 2.6692461782493977, ""50065"": 2.9890744683316903, ""50067"": 3.6607138146569715, ""50069"": 2.977514764210154}","{""50051"": 1107, ""50053"": 0, ""50055"": 0, ""50057"": 0, ""50059"": 0, ""50061"": 0, ""50063"": 0, ""50065"": 0, ""50067"": 0, ""50069"": 0}","{""50051"": 0.02529696216889336, ""50053"": 0.02593801047196334, ""50055"": 0.02593801047196334, ""50057"": 0.02593801047196334, ""50059"": 0.02593801047196334, ""50061"": 0.02593801047196334, ""50063"": 0.02593801047196334, ""50065"": 0.02593801047196334, ""50067"": 0.02593801047196334, ""50069"": 0.02593801047196334}"
75,74,1,87,0.179423,10,"{""50051"": 6.979985874596389, ""50053"": 1.8604696450850875, ""50055"": 1.5792629575176902, ""50057"": 1.654630783295677, ""50059"": 2.6489340711557516, ""50061"": 4.22911557582088, ""50063"": 2.6692461782493977, ""50065"": 2.9890744683316903, ""50067"": 3.6607138146569715, ""50069"": 2.977514764210154}","{""50051"": 1107, ""50053"": 0, ""50055"": 0, ""50057"": 0, ""50059"": 0, ""50061"": 0, ""50063"": 0, ""50065"": 0, ""50067"": 0, ""50069"": 0}","{""50051"": 0.02529696216889336, ""50053"": 0.02593801047196334, ""50055"": 0.02593801047196334, ""50057"": 0.02593801047196334, ""50059"": 0.02593801047196334, ""50061"": 0.02593801047196334, ""50063"": 0.02593801047196334, ""50065"": 0.02593801047196334, ""50067"": 0.02593801047196334, ""50069"": 0.02593801047196334}"
76,75,1,87,0.177882,10,"{""50051"": 6.979985874596389, ""50053"": 1.8604696450850875, ""50055"": 1.5792629575176902, ""50057"": 1.654630783295677, ""50059"": 2.6489340711557516, ""50061"": 4.22911557582088, ""50063"": 2.6692461782493977, ""50065"": 2.9890744683316903, ""50067"": 3.6607138146569715, ""50069"": 2.977514764210154}","{""50051"": 1107, ""50053"": 0, ""50055"": 0, ""50057"": 0, ""50059"": 0, ""50061"": 0, ""50063"": 0, ""50065"": 0, ""50067"": 0, ""50069"": 0}","{""50051"": 0.02529696216889336, ""50053"": 0.02593801047196334, ""50055"": 0.02593801047196334, ""50057"": 0.02593801047196334, ""50059"": 0.02593801047196334, ""50061"": 0.02593801047196334, ""50063"": 0.02593801047196334, ""50065"": 0.02593801047196334, ""50067"": 0.02593801047196334, ""50069"": 0.02593801047196334}"
77,76,1,87,0.178851,10,"{""50051"": 6.979985874596389, ""50053"": 1.8604696450850875, ""50055"": 1.5792629575176902, ""50057"": 1.654630783295677, ""50059"": 2.6489340711557516, ""50061"": 4.22911557582088, ""50063"": 2.6692461782493977, ""50065"": 2.9890744683316903, ""50067"": 3.6607138146569715, ""50069"": 2.977514764210154}","{""50051"": 1107, ""50053"": 0, ""50055"": 0, ""50057"": 0, ""50059"": 0, ""50061"": 0, ""50063"": 0, ""50065"": 0, ""50067"": 0, ""50069"": 0}","{""50051"": 0.02529696216889336, ""50053"": 0.02593801047196334, ""50055"": 0.02593801047196334, ""50057"": 0.02593801047196334, ""50059"": 0.02593801047196334, ""50061"": 0.02593801047196334, ""50063"": 0.02593801047196334, ""50065"": 0.02593801047196334, ""50067"": 0.02593801047196334, ""50069"": 0.02593801047196334}"
78,77,1,87,0.178881,10,"{""50051"": 6.979985874596389, ""50053"": 1.8604696450850875, ""50055"": 1.5792629575176902, ""50057"": 1.654630783295677, ""50059"": 2.6489340711557516, ""50061"": 4.22911557582088, ""50063"": 2.6692461782493977, ""50065"": 2.9890744683316903, ""50067"": 3.6607138146569715, ""50069"": 2.977514764210154}","{""50051"": 1107, ""50053"": 0, ""50055"": 0, ""50057"": 0, ""50059"": 0, ""50061"": 0, ""50063"": 0, ""50065"": 0, ""50067"": 0, ""50069"": 0}","{""50051"": 0.02529696216889336, ""50053"": 0.02593801047196334, ""50055"": 0.02593801047196334, ""50057"": 0.02593801047196334, ""50059"": 0.02593801047196334, ""50061"": 0.02593801047196334, ""50063"": 0.02593801047196334, ""50065"": 0.02593801047196334, ""50067"": 0.02593801047196334, ""50069"": 0.02593801047196334}"
79,78,1,87,0.178662,10,"{""50051"": 6.979985874596389, ""50053"": 1.8604696450850875, ""50055"": 1.5792629575176902, ""50057"": 1.654630783295677, ""50059"": 2.6489340711557516, ""50061"": 4.22911557582088, ""50063"": 2.6692461782493977, ""50065"": 2.9890744683316903, ""50067"": 3.6607138146569715, ""50069"": 2.977514764210154}","{""50051"": 1107, ""50053"": 0, ""50055"": 0, ""50057"": 0, ""50059"": 0, ""50061"": 0, ""50063"": 0, ""50065"": 0, ""50067"": 0, ""50069"": 0}","{""50051"": 0.02529696216889336, ""50053"": 0.02593801047196334, ""50055"": 0.02593801047196334, ""50057"": 0.02593801047196334, ""50059"": 0.02593801047196334, ""50061"": 0.02593801047196334, ""50063"": 0.02593801047196334, ""50065"": 0.02593801047196334, ""50067"": 0.02593801047196334, ""50069"": 0.02593801047196334}"
80,79,1,87,0.176165,10,"{""50051"": 6.979985874596389, ""50053"": 1.8604696450850875, ""50055"": 1.5792629575176902, ""50057"": 1.654630783295677, ""50059"": 2.6489340711557516, ""50061"": 4.22911557582088, ""50063"": 2.6692461782493977, ""50065"": 2.9890744683316903, ""50067"": 3.6607138146569715, ""50069"": 2.977514764210154}","{""50051"": 1107, ""50053"": 0, ""50055"": 0, ""50057"": 0, ""50059"": 0, ""50061"": 0, ""50063"": 0, ""50065"": 0, ""50067"": 0, ""50069"": 0}","{""50051"": 0.02529696216889336, ""50053"": 0.02593801047196334, ""50055"": 0.02593801047196334, ""50057"": 0.02593801047196334, ""50059"": 0.02593801047196334, ""50061"": 0.02593801047196334, ""50063"": 0.02593801047196334, ""50065"": 0.02593801047196334, ""50067"": 0.02593801047196334, ""50069"": 0.02593801047196334}"
81,80,1,87,0.179826,10,"{""50051"": 6.979985874596389, ""50053"": 1.8604696450850875, ""50055"": 1.5792629575176902, ""50057"": 1.654630783295677, ""50059"": 2.6489340711557516, ""50061"": 4.22911557582088, ""50063"": 2.6692461782493977, ""50065"": 2.9890744683316903, ""50067"": 3.6607138146569715, ""50069"": 2.977514764210154}","{""50051"": 1107, ""50053"": 0, ""50055"": 0, ""50057"": 0, ""50059"": 0, ""50061"": 0, ""50063"": 0, ""50065"": 0, ""50067"": 0, ""50069"": 0}","{""50051"": 0.02529696216889336, ""50053"": 0.02593801047196334, ""50055"": 0.02593801047196334, ""50057"": 0.02593801047196334, ""50059"": 0.02593801047196334, ""50061"": 0.02593801047196334, ""50063"": 0.02593801047196334, ""50065"": 0.02593801047196334, ""50067"": 0.02593801047196334, ""50069"": 0.02593801047196334}"
82,81,1,87,0.184109,10,"{""50051"": 6.979985874596389, ""50053"": 1.8604696450850875, ""50055"": 1.5792629575176902, ""50057"": 1.654630783295677, ""50059"": 2.6489340711557516, ""50061"": 4.22911557582088, ""50063"": 2.6692461782493977, ""50065"": 2.9890744683316903, ""50067"": 3.6607138146569715, ""50069"": 2.977514764210154}","{""50051"": 1107, ""50053"": 0, ""50055"": 0, ""50057"": 0, ""50059"": 0, ""50061"": 0, ""50063"": 0, ""50065"": 0, ""50067"": 0, ""50069"": 0}","{""50051"": 0.02529696216889336, ""50053"": 0.02593801047196334, ""50055"": 0.02593801047196334, ""50057"": 0.02593801047196334, ""50059"": 0.02593801047196334, ""50061"": 0.02593801047196334, ""50063"": 0.02593801047196334, ""50065"": 0.02593801047196334, ""50067"": 0.02593801047196334, ""50069"": 0.02593801047196334}"
83,82,1,87,0.188393,10,"{""50051"": 7.008557303167818, ""50053"": 1.8604696450850875, ""50055"": 1.6078343860891187, ""50057"": 1.6832022118671055, ""50059"": 2.848934071155752, ""50061"": 4.22911557582088, ""50063"": 2.6692461782493977, ""50065"": 2.9890744683316903, ""50067"": 3.6607138146569715, ""50069"": 2.977514764210154}","{""50051"": 1106, ""50053"": 0, ""50055"": 0, ""50057"": 0, ""50059"": 0, ""50061"": 0, ""50063"": 0, ""50065"": 0, ""50067"": 0, ""50069"": 0}","{""50051"": 0.025299602173494397, ""50053"": 0.025940074538818234, ""50055"": 0.025940074538818234, ""50057"": 0.025940074538818234, ""50059"": 0.025940074538818234, ""50061"": 0.025940074538818234, ""50063"": 0.025940074538818234, ""50065"": 0.025940074538818234, ""50067"": 0.025940074538818234, ""50069"": 0.025940074538818234}"
84,83,1,87,0.177612,10,"{""50051"": 7.008557303167818, ""50053"": 1.8604696450850875, ""50055"": 1.6078343860891187, ""50057"": 1.6832022118671055, ""50059"": 2.848934071155752, ""50061"": 4.22911557582088, ""50063"": 2.6692461782493977, ""50065"": 2.9890744683316903, ""50067"": 3.6607138146569715, ""50069"": 2.977514764210154}","{""50051"": 1106, ""50053"": 0, ""50055"": 0, ""50057"": 0, ""50059"": 0, ""50061"": 0, ""50063"": 0, ""50065"": 0, ""50067"": 0, ""50069"": 0}","{""50051"": 0.025299602173494397, ""50053"": 0.025940074538818234, ""50055"": 0.025940074538818234, ""50057"": 0.025940074538818234, ""50059"": 0.025940074538818234, ""50061"": 0.025940074538818234, ""50063"": 0.025940074538818234, ""50065"": 0.025940074538818234, ""50067"": 0.025940074538818234, ""50069"": 0.025940074538818234}"
85,84,1,87,0.183343,10,"{""50051"": 7.008557303167818, ""50053"": 1.8604696450850875, ""50055"": 1.6078343860891187, ""50057"": 1.6832022118671055, ""50059"": 2.848934071155752, ""50061"": 4.22911557582088, ""50063"": 2.6692461782493977, ""50065"": 2.9890744683316903, ""50067"": 3.6607138146569715, ""50069"": 2.977514764210154}","{""50051"": 1106, ""50053"": 0, ""50055"": 0, ""50057"": 0, ""50059"": 0, ""50061"": 0, ""50063"": 0, ""50065"": 0, ""50067"": 0, ""50069"": 0}","{""50051"": 0.025299602173494397, ""50053"": 0.025940074538818234, ""50055"": 0.025940074538818234, ""50057"": 0.025940074538818234, ""50059"": 0.025940074538818234, ""50061"": 0.025940074538818234, ""50063"": 0.025940074538818234, ""50065"": 0.025940074538818234, ""50067"": 0.025940074538818234, ""50069"": 0.025940074538818234}"
86,85,1,87,0.178698,10,"{""50051"": 7.008557303167818, ""50053"": 1.8604696450850875, ""50055"": 1.6078343860891187, ""50057"": 1.6832022118671055, ""50059"": 2.848934071155752, ""50061"": 4.22911557582088, ""50063"": 2.6692461782493977, ""50065"": 2.9890744683316903, ""50067"": 3.6607138146569715, ""50069"": 2.977514764210154}","{""50051"": 1106, ""50053"": 0, ""50055"": 0, ""50057"": 0, ""50059"": 0, ""50061"": 0, ""50063"": 0, ""50065"": 0, ""50067"": 0, ""50069"": 0}","{""50051"": 0.025299602173494397, ""50053"": 0.025940074538818234, ""50055"": 0.025940074538818234, ""50057"": 0.025940074538818234, ""50059"": 0.025940074538818234, ""50061"": 0.025940074538818234, ""50063"": 0.025940074538818234, ""50065"": 0.025940074538818234, ""50067"": 0.025940074538818234, ""50069"": 0.025940074538818234}"
87,86,1,87,0.179016,10,"{""50051"": 7.008557303167818, ""50053"": 1.8604696450850875, ""50055"": 1.6078343860891187, ""50057"": 1.6832022118671055, ""50059"": 2.848934071155752, ""50061"": 4.22911557582088, ""50063"": 2.6692461782493977, ""50065"": 2.9890744683316903, ""50067"": 3.6607138146569715, ""50069"": 2.977514764210154}","{""50051"": 1106, ""50053"": 0, ""50055"": 0, ""50057"": 0, ""50059"": 0, ""50061"": 0, ""50063"": 0, ""50065"": 0, ""50067"": 0, ""50069"": 0}","{""50051"": 0.025299602173494397, ""50053"": 0.025940074538818234, ""50055"": 0.025940074538818234, ""50057"": 0.025940074538818234, ""50059"": 0.025940074538818234, ""50061"": 0.025940074538818234, ""50063"": 0.025940074538818234, ""50065"": 0.025940074538818234, ""50067"": 0.025940074538818234, ""50069"": 0.025940074538818234}"
88,87,1,87,0.184657,10,"{""50051"": 7.008557303167818, ""50053"": 1.889041073656516, ""50055"": 1.6078343860891187, ""50057"": 1.711773640438534, ""50059"": 3.048934071155752, ""50061"": 4.22911557582088, ""50063"": 2.697817606820826, ""50065"": 2.9890744683316903, ""50067"": 3.6607138146569715, ""50069"": 2.977514764210154}","{""50051"": 1106, ""50053"": 0, ""50055"": 0, ""50057"": 0, ""50059"": 0, ""50061"": 0, ""50063"": 0, ""50065"": 0, ""50067"": 0, ""50069"": 0}","{""50051"": 0.025299602173494397, ""50053"": 0.025940074538818234, ""50055"": 0.025940074538818234, ""50057"": 0.025940074538818234, ""50059"": 0.025940074538818234, ""50061"": 0.025940074538818234, ""50063"": 0.025940074538818234, ""50065"": 0.025940074538818234, ""50067"": 0.025940074538818234, ""50069"": 0.025940074538818234}"
89,88,1,87,0.177243,10,"{""50051"": 7.008557303167818, ""50053"": 1.889041073656516, ""50055"": 1.6078343860891187, ""50057"": 1.711773640438534, ""50059"": 3.048934071155752, ""50061"": 4.22911557582088, ""50063"": 2.697817606820826, ""50065"": 2.9890744683316903, ""50067"": 3.6607138146569715, ""50069"": 2.977514764210154}","{""50051"": 1106, ""50053"": 0, ""50055"": 0, ""50057"": 0, ""50059"": 0, ""50061"": 0, ""50063"": 0, ""50065"": 0, ""50067"": 0, ""50069"": 0}","{""50051"": 0.025299602173494397, ""50053"": 0.025940074538818234, ""50055"": 0.025940074538818234, ""50057"": 0.025940074538818234, ""50059"": 0.025940074538818234, ""50061"": 0.025940074538818234, ""50063"": 0.025940074538818234, ""50065"": 0.025940074538818234, ""50067"": 0.025940074538818234, ""50069"": 0.025940074538818234}"
90,89,1,87,0.184727,10,"{""50051"": 7.008557303167818, ""50053"": 1.889041073656516, ""50055"": 1.6078343860891187, ""50057"": 1.711773640438534, ""50059"": 3.048934071155752, ""50061"": 4.22911557582088, ""50063"": 2.697817606820826, ""50065"": 2.9890744683316903, ""50067"": 3.6607138146569715, ""50069"": 2.977514764210154}","{""50051"": 1106, ""50053"": 0, ""50055"": 0, ""50057"": 0, ""50059"": 0, ""50061"": 0, ""50063"": 0, ""50065"": 0, ""50067"": 0, ""50069"": 0}","{""50051"": 0.025299602173494397, ""50053"": 0.025940074538818234, ""50055"": 0.025940074538818234, ""50057"": 0.025940074538818234, ""50059"": 0.025940074538818234, ""50061"": 0.025940074538818234, ""50063"": 0.025940074538818234, ""50065"": 0.025940074538818234, ""50067"": 0.025940074538818234, ""50069"": 0.025940074538818234}"
91,90,1,87,0.177225,10,"{""50051"": 7.008557303167818, ""50053"": 1.889041073656516, ""50055"": 1.6078343860891187, ""50057"": 1.711773640438534, ""50059"": 3.048934071155752, ""50061"": 4.22911557582088, ""50063"": 2.697817606820826, ""50065"": 2.9890744683316903, ""50067"": 3.6607138146569715, ""50069"": 2.977514764210154}","{""50051"": 1106, ""50053"": 0, ""50055"": 0, ""50057"": 0, ""50059"": 0, ""50061"": 0, ""50063"": 0, ""50065"": 0, ""50067"": 0, ""50069"": 0}","{""50051"": 0.025299602173494397, ""50053"": 0.025940074538818234, ""50055"": 0.025940074538818234, ""50057"": 0.025940074538818234, ""50059"": 0.025940074538818234, ""50061"": 0.025940074538818234, ""50063"": 0.025940074538818234, ""50065"": 0.025940074538818234, ""50067"": 0.025940074538818234, ""50069"": 0.025940074538818234}"
92,91,1,87,0.185444,10,"{""50051"": 7.008557303167818, ""50053"": 1.889041073656516, ""50055"": 1.6078343860891187, ""50057"": 1.711773640438534, ""50059"": 3.048934071155752, ""50061"": 4.22911557582088, ""50063"": 2.697817606820826, ""50065"": 2.9890744683316903, ""50067"": 3.6607138146569715, ""50069"": 2.977514764210154}","{""50051"": 1106, ""50053"": 0, ""50055"": 0, ""50057"": 0, ""50059"": 0, ""50061"": 0, ""50063"": 0, ""50065"": 0, ""50067"": 0, ""50069"": 0}","{""50051"": 0.025299602173494397, ""50053"": 0.025940074538818234, ""50055"": 0.025940074538818234, ""50057"": 0.025940074538818234, ""50059"": 0.025940074538818234, ""50061"": 0.025940074538818234, ""50063"": 0.025940074538818234, ""50065"": 0.025940074538818234, ""50067"": 0.025940074538818234, ""50069"": 0.025940074538818234}"
93,92,1,87,0.178243,10,"{""50051"": 7.037128731739246, ""50053"": 1.889041073656516, ""50055"": 1.6078343860891187, ""50057"": 1.7403450690099624, ""50059"": 3.248934071155752, ""50061"": 4.22911557582088, ""50063"": 2.697817606820826, ""50065"": 2.9890744683316903, ""50067"": 3.6607138146569715, ""50069"": 3.0060861927815825}","{""50051"": 1104, ""50053"": 0, ""50055"": 0, ""50057"": 0, ""50059"": 0, ""50061"": 0, ""50063"": 0, ""50065"": 0, ""50067"": 0, ""50069"": 0}","{""50051"": 0.025302227675118055, ""50053"": 0.025941537969396827, ""50055"": 0.025941537969396827, ""50057"": 0.025941537969396827, ""50059"": 0.025941537969396827, ""50061"": 0.025941537969396827, ""50063"": 0.025941537969396827, ""50065"": 0.025941537969396827, ""50067"": 0.025941537969396827, ""50069"": 0.025941537969396827}"
94,93,1,87,0.181457,10,"{""50051"": 7.205116220259058, ""50053"": 1.889041073656516, ""50055"": 1.6078343860891187, ""50057"": 1.7929147102270786, ""50059"": 3.4489340711557523, ""50061"": 4.281685217037996, ""50063"": 2.697817606820826, ""50065"": 3.0416441095488063, ""50067"": 3.6607138146569715, ""50069"": 3.0060861927815825}","{""50051"": 1096, ""50053"": 0, ""50055"": 0, ""50057"": 0, ""50059"": 0, ""50061"": 0, ""50063"": 0, ""50065"": 0, ""50067"": 0, ""50069"": 0}","{""50051"": 0.025317385885951168, ""50053"": 0.025952065813910907, ""50055"": 0.025952065813910907, ""50057"": 0.025952065813910907, ""50059"": 0.025952065813910907, ""50061"": 0.025952065813910907, ""50063"": 0.025952065813910907, ""50065"": 0.025952065813910907, ""50067"": 0.025952065813910907, ""50069"": 0.025952065813910907}"
95,94,1,87,0.182381,10,"{""50051"": 7.205116220259058, ""50053"": 1.889041073656516, ""50055"": 1.6078343860891187, ""50057"": 1.7929147102270786, ""50059"": 3.4489340711557523, ""50061"": 4.281685217037996, ""50063"": 2.697817606820826, ""50065"": 3.0416441095488063, ""50067"": 3.6607138146569715, ""50069"": 3.0060861927815825}","{""50051"": 1096, ""50053"": 0, ""50055"": 0, ""50057"": 0, ""50059"": 0, ""50061"": 0, ""50063"": 0, ""50065"": 0, ""50067"": 0, ""50069"": 0}","{""50051"": 0.025317385885951168, ""50053"": 0.025952065813910907, ""50055"": 0.025952065813910907, ""50057"": 0.025952065813910907, ""50059"": 0.025952065813910907, ""50061"": 0.025952065813910907, ""50063"": 0.025952065813910907, ""50065"": 0.025952065813910907, ""50067"": 0.025952065813910907, ""50069"": 0.025952065813910907}"
96,95,1,87,0.179613,10,"{""50051"": 7.205116220259058, ""50053"": 1.9176125022279444, ""50055"": 1.6364058146605471, ""50057"": 1.7929147102270786, ""50059"": 3.6489340711557525, ""50061"": 4.281685217037996, ""50063"": 2.697817606820826, ""50065"": 3.0416441095488063, ""50067"": 3.6892852432284, ""50069"": 3.0060861927815825}","{""50051"": 1096, ""50053"": 0, ""50055"": 0, ""50057"": 0, ""50059"": 0, ""50061"": 0, ""50063"": 0, ""50065"": 0, ""50067"": 0, ""50069"": 0}","{""50051"": 0.025317385885951168, ""50053"": 0.025952065813910907, ""50055"": 0.025952065813910907, ""50057"": 0.025952065813910907, ""50059"": 0.025952065813910907, ""50061"": 0.025952065813910907, ""50063"": 0.025952065813910907, ""50065"": 0.025952065813910907, ""50067"": 0.025952065813910907, ""50069"": 0.025952065813910907}"
97,96,1,87,0.182086,10,"{""50051"": 7.205116220259058, ""50053"": 1.9176125022279444, ""50055"": 1.6364058146605471, ""50057"": 1.7929147102270786, ""50059"": 3.6489340711557525, ""50061"": 4.281685217037996, ""50063"": 2.697817606820826, ""50065"": 3.0416441095488063, ""50067"": 3.6892852432284, ""50069"": 3.0060861927815825}","{""50051"": 1096, ""50053"": 0, ""50055"": 0, ""50057"": 0, ""50059"": 0, ""50061"": 0, ""50063"": 0, ""50065"": 0, ""50067"": 0, ""50069"": 0}","{""50051"": 0.025317385885951168, ""50053"": 0.025952065813910907, ""50055"": 0.025952065813910907, ""50057"": 0.025952065813910907, ""50059"": 0.025952065813910907, ""50061"": 0.025952065813910907, ""50063"": 0.025952065813910907, ""50065"": 0.025952065813910907, ""50067"": 0.025952065813910907, ""50069"": 0.025952065813910907}"
98,97,1,87,0.180112,10,"{""50051"": 7.205116220259058, ""50053"": 1.9176125022279444, ""50055"": 1.6364058146605471, ""50057"": 1.7929147102270786, ""50059"": 3.6489340711557525, ""50061"": 4.281685217037996, ""50063"": 2.697817606820826, ""50065"": 3.0416441095488063, ""50067"": 3.6892852432284, ""50069"": 3.0060861927815825}","{""50051"": 1096, ""50053"": 0, ""50055"": 0, ""50057"": 0, ""50059"": 0, ""50061"": 0, ""50063"": 0, ""50065"": 0, ""50067"": 0, ""50069"": 0}","{""50051"": 0.025317385885951168, ""50053"": 0.025952065813910907, ""50055"": 0.025952065813910907, ""50057"": 0.025952065813910907, ""50059"": 0.025952065813910907, ""50061"": 0.025952065813910907, ""50063"": 0.025952065813910907, ""50065"": 0.025952065813910907, ""50067"": 0.025952065813910907, ""50069"": 0.025952065813910907}"
99,98,1,87,0.179173,10,"{""50051"": 7.205116220259058, ""50053"": 1.9176125022279444, ""50055"": 1.6364058146605471, ""50057"": 1.7929147102270786, ""50059"": 3.6489340711557525, ""50061"": 4.281685217037996, ""50063"": 2.697817606820826, ""50065"": 3.0416441095488063, ""50067"": 3.6892852432284, ""50069"": 3.0060861927815825}","{""50051"": 1096, ""50053"": 0, ""50055"": 0, ""50057"": 0, ""50059"": 0, ""50061"": 0, ""50063"": 0, ""50065"": 0, ""50067"": 0, ""50069"": 0}","{""50051"": 0.025317385885951168, ""50053"": 0.025952065813910907, ""50055"": 0.025952065813910907, ""50057"": 0.025952065813910907, ""50059"": 0.025952065813910907, ""50061"": 0.025952065813910907, ""50063"": 0.025952065813910907, ""50065"": 0.025952065813910907, ""50067"": 0.025952065813910907, ""50069"": 0.025952065813910907}"
100,99,1,87,0.200801,10,"{""50051"": 7.205116220259058, ""50053"": 1.9176125022279444, ""50055"": 1.6364058146605471, ""50057"": 1.7929147102270786, ""50059"": 3.6489340711557525, ""50061"": 4.281685217037996, ""50063"": 2.697817606820826, ""50065"": 3.0416441095488063, ""50067"": 3.6892852432284, ""50069"": 3.0060861927815825}","{""50051"": 1096, ""50053"": 0, ""50055"": 0, ""50057"": 0, ""50059"": 0, ""50061"": 0, ""50063"": 0, ""50065"": 0, ""50067"": 0, ""50069"": 0}","{""50051"": 0.025317385885951168, ""50053"": 0.025952065813910907, ""50055"": 0.025952065813910907, ""50057"": 0.025952065813910907, ""50059"": 0.025952065813910907, ""50061"": 0.025952065813910907, ""50063"": 0.025952065813910907, ""50065"": 0.025952065813910907, ""50067"": 0.025952065813910907, ""50069"": 0.025952065813910907}"
1,0,1,80,0.277387,10,"{""50051"": 1.0373056650520343, ""50053"": 1.0635440493817272, ""50055"": 1.0, ""50057"": 1.0, ""50059"": 1.0635440493817272, ""50061"": 1.2, ""50063"": 1.0640956655809906, ""50065"": 1.0918573243927197, ""50067"": 1.0635440493817272, ""50069"": 1.0515496906463464}","{""50051"": 0, ""50053"": 0, ""50055"": 0, ""50057"": 0, ""50059"": 0, ""50061"": 1946, ""50063"": 0, ""50065"": 0, ""50067"": 0, ""50069"": 0}","{""50051"": 0.024897687159174814, ""50053"": 0.024897687159174814, ""50055"": 0.024897687159174814, ""50057"": 0.024897687159174814, ""50059"": 0.024897687159174814, ""50061"": 0.023770725538288778, ""50063"": 0.024897687159174814, ""50065"": 0.024897687159174814, ""50067"": 0.024897687159174814, ""50069"": 0.024897687159174814}"
2,1,1,333,1.143247,10,"{""50051"": 1.1042284320470852, ""50053"": 1.0635440493817272, ""50055"": 1.0, ""50057"": 1.0, ""50059"": 1.1363638475475066, ""50061"": 1.2728197981657794, ""50063"": 1.13691546374677, ""50065"": 1.2918573243927196, ""50067"": 1.1817622926409705, ""50069"": 1.1761472675525086}","{""50051"": 0, ""50053"": 0, ""50055"": 0, ""50057"": 0, ""50059"": 0, ""50061"": 0, ""50063"": 0, ""50065"": 1902, ""50067"": 0, ""50069"": 0}","{""50051"": 0.02495452487977466, ""50053"": 0.02495452487977466, ""50055"": 0.02495452487977466, ""50057"": 0.02495452487977466, ""50059"": 0.02495452487977466, ""50061"": 0.02495452487977466, ""50063"": 0.02495452487977466, ""50065"": 0.023853044255323332, ""50067"": 0.02495452487977466, ""50069"": 0.02495452487977466}"
3,2,1,194,0.664239,10,"{""50051"": 1.2046477785601255, ""50053"": 1.2010318657251249, ""50055"": 1.0, ""50057"": 1.1374878163433977, ""50059"": 1.2756474282355723, ""50061"": 1.4695214520737616, ""50063"": 1.2951646514457789, ""50065"": 1.4293451407361173, ""50067"": 1.3817622926409705, ""50069"": 1.3439082131481952}","{""50051"": 0, ""50053"": 0, ""50055"": 0, ""50057"": 0, ""50059"": 0, ""50061"": 1827, ""50063"": 0, ""50065"": 0, ""50067"": 0, ""50069"": 0}","{""50051"": 0.025050440548350747, ""50053"": 0.025050440548350747, ""50055"": 0.025050440548350747, ""50057"": 0.025050440548350747, ""50059"": 0.025050440548350747, ""50061"": 0.023992393869732096, ""50063"": 0.025050440548350747, ""50065"": 0.025050440548350747, ""50067"": 0.025050440548350747, ""50069"": 0.025050440548350747}"
4,3,1,402,1.520039,10,"{""50051"": 1.3414645702405776, ""50053"": 1.337848657405577, ""50055"": 1.1368167916804521, ""50057"": 1.1374878163433977, ""50059"": 1.4159482758681903, ""50061"": 1.608510559828252, ""50063"": 1.413245715464205, ""50065"": 1.6041281893508503, ""50067"": 1.5817622926409705, ""50069"": 1.529471686891093}","{""50051"": 0, ""50053"": 0, ""50055"": 0, ""50057"": 0, ""50059"": 0, ""50061"": 1097, ""50063"": 0, ""50065"": 680, ""50067"": 0, ""50069"": 0}","{""50051"": 0.025114851462611318, ""50053"": 0.025114851462611318, ""50055"": 0.025114851462611318, ""50057"": 0.025114851462611318, ""50059"": 0.025114851462611318, ""50061"": 0.024479562378558927, ""50063"": 0.025114851462611318, ""50065"": 0.024721051101472137, ""50067"": 0.025114851462611318, ""50069"": 0.025114851462611318}"
5,4,1,75,0.316333,10,"{""50051"": 1.3414645702405776, ""50053"": 1.337848657405577, ""50055"": 1.1691778876850816, ""50057"": 1.1374878163433977, ""50059"": 1.4483093718728197, ""50061"": 1.6350382318606584, ""50063"": 1.413245715464205, ""50065"": 1.6041281893508503, ""50067"": 1.7817622926409704, ""50069"": 1.5618327828957224}","{""50051"": 0, ""50053"": 0, ""50055"": 0, ""50057"": 0, ""50059"": 0, ""50061"": 0, ""50063"": 0, ""50065"": 0, ""50067"": 1720, ""50069"": 0}","{""50051"": 0.02518664348430094, ""50053"": 0.02518664348430094, ""50055"": 0.02518664348430094, ""50057"": 0.02518664348430094, ""50059"": 0.02518664348430094, ""50061"": 0.02518664348430094, ""50063"": 0.02518664348430094, ""50065"": 0.02518664348430094, ""50067"": 0.02419056248161362, ""50069"": 0.02518664348430094}"
6,5,1,96,0.331397,10,"{""50051"": 1.4477793364199782, ""50053"": 1.3390632484905698, ""50055"": 1.2697702577938648, ""50057"": 1.1389257283974066, ""50059"": 1.5504073392104505, ""50061"": 1.8350382318606584, ""50063"": 1.5375715118897788, ""50065"": 1.7047205594596335, ""50067"": 1.950517850320846, ""50069"": 1.6624251530045056}","{""50051"": 0, ""50053"": 0, ""50055"": 0, ""50057"": 0, ""50059"": 0, ""50061"": 0, ""50063"": 0, ""50065"": 0, ""50067"": 1671, ""50069"": 0}","{""50051"": 0.02524729204438181, ""50053"": 0.02524729204438181, ""50055"": 0.02524729204438181, ""50057"": 0.02524729204438181, ""50059"": 0.02524729204438181, ""50061"": 0.02524729204438181, ""50063"": 0.02524729204438181, ""50065"": 0.02524729204438181, ""50067"": 0.024279589023482137, ""50069"": 0.02524729204438181}"
7,6,1,51,0.184478,10,"{""50051"": 1.4970404971994338, ""50053"": 1.3390632484905698, ""50055"": 1.2697702577938648, ""50057"": 1.1749792695962968, ""50059"": 1.5504073392104505, ""50061"": 1.838151859473434, ""50063"": 1.5375715118897788, ""50065"": 1.7407741006585238, ""50067"": 2.150517850320846, ""50069"": 1.6984786942033958}","{""50051"": 0, ""50053"": 0, ""50055"": 0, ""50057"": 0, ""50059"": 0, ""50061"": 0, ""50063"": 0, ""50065"": 0, ""50067"": 1621, ""50069"": 0}","{""50051"": 0.025311574031834608, ""50053"": 0.025311574031834608, ""50055"": 0.025311574031834608, ""50057"": 0.025311574031834608, ""50059"": 0.025311574031834608, ""50061"": 0.025311574031834608, ""50063"": 0.025311574031834608, ""50065"": 0.025311574031834608, ""50067"": 0.0243728260227415, ""50069"": 0.025311574031834608}"
8,7,1,69,0.238058,10,"{""50051"": 1.6604806423498575, ""50053"": 1.3390632484905698, ""50055"": 1.288000910039961, ""50057"": 1.1749792695962968, ""50059"": 1.6429532325574334, ""50061"": 2.0381518594734342, ""50063"": 1.6531309454147065, ""50065"": 1.891365123165956, ""50067"": 2.243063743667829, ""50069"": 1.7910245875503787}","{""50051"": 0, ""50053"": 0, ""50055"": 0, ""50057"": 0, ""50059"": 0, ""50061"": 0, ""50063"": 0, ""50065"": 0, ""50067"": 1599, ""50069"": 0}","{""50051"": 0.025338200351096116, ""50053"": 0.025338200351096116, ""50055"": 0.025338200351096116, ""50057"": 0.025338200351096116, ""50059"": 0.025338200351096116, ""50061"": 0.025338200351096116, ""50063"": 0.025338200351096116, ""50065"": 0.025338200351096116, ""50067"": 0.02441219390580032, ""50069"": 0.025338200351096116}"
9,8,1,63,0.217940,10,"{""50051"": 1.8604806423498574, ""50053"": 1.3390632484905698, ""50055"": 1.288000910039961, ""50057"": 1.1749792695962968, ""50059"": 1.7144433560974515, ""50061"": 2.1096419830134523, ""50063"": 1.7246210689547246, ""50065"": 1.9954125583956994, ""50067"": 2.358563043018804, ""50069"": 1.8719087177497868}","{""50051"": 0, ""50053"": 0, ""50055"": 0, ""50057"": 0, ""50059"": 0, ""50061"": 0, ""50063"": 0, ""50065"": 0, ""50067"": 1574, ""50069"": 0}","{""50051"": 0.02536995879551443, ""50053"": 0.02536995879551443, ""50055"": 0.02536995879551443, ""50057"": 0.02536995879551443, ""50059"": 0.02536995879551443, ""50061"": 0.02536995879551443, ""50063"": 0.02536995879551443, ""50065"": 0.02536995879551443, ""50067"": 0.02445843008055364, ""50069"": 0.02536995879551443}"
10,9,1,99,0.381954,10,"{""50051"": 2.031798624036373, ""50053"": 1.3390632484905698, ""50055"": 1.288000910039961, ""50057"": 1.1749792695962968, ""50059"": 1.807428668354208, ""50061"": 2.3096419830134525, ""50063"": 1.8453902678950536, ""50065"": 2.088397870652456, ""50067"": 2.4515483552755604, ""50069"": 2.0307187229202386}","{""50051"": 0, ""50053"": 0, ""50055"": 0, ""50057"": 0, ""50059"": 0, ""50061"": 0, ""50063"": 0, ""50065"": 0, ""50067"": 1555, ""50069"": 0}","{""50051"": 0.02539406695338474, ""50053"": 0.02539406695338474, ""50055"": 0.02539406695338474, ""50057"": 0.02539406695338474, ""50059"": 0.02539406695338474, ""50061"": 0.02539406695338474, ""50063"": 0.02539406695338474, ""50065"": 0.02539406695338474, ""50067"": 0.024493541305807484, ""50069"": 0.02539406695338474}"
11,10,1,209,0.775127,10,"{""50051"": 2.1031923412580555, ""50053"": 1.3390632484905698, ""50055"": 1.288000910039961, ""50057"": 1.1749792695962968, ""50059"": 1.8900094627625543, ""50061"": 2.5096419830134526, ""50063"": 1.9167839851167363, ""50065"": 2.1861588874703197, ""50067"": 2.5709625646011296, ""50069"": 2.102112440141921}","{""50051"": 0, ""50053"": 0, ""50055"": 0, ""50057"": 0, ""50059"": 0, ""50061"": 0, ""50063"": 0, ""50065"": 0, ""50067"": 1532, ""50069"": 0}","{""50051"": 0.025423350466639835, ""50053"": 0.025423350466639835, ""50055"": 0.025423350466639835, ""50057"": 0.025423350466639835, ""50059"": 0.025423350466639835, ""50061"": 0.025423350466639835, ""50063"": 0.025423350466639835, ""50065"": 0.025423350466639835, ""50067"": 0.024536144192796646, ""50069"": 0.025423350466639835}"
12,11,1,148,0.503783,10,"{""50051"": 2.2200529524412436, ""50053"": 1.4559238596737578, ""50055"": 1.288000910039961, ""50057"": 1.1749792695962968, ""50059"": 2.048169824162254, ""50061"": 2.6743473537582587, ""50063"": 2.059110834954697, ""50065"": 2.3030194986535077, ""50067"": 2.7709625646011298, ""50069"": 2.2549441364417713}","{""50051"": 0, ""50053"": 0, ""50055"": 0, ""50057"": 0, ""50059"": 0, ""50061"": 0, ""50063"": 0, ""50065"": 0, ""50067"": 1496, ""50069"": 0}","{""50051"": 0.025468321919435655, ""50053"": 0.025468321919435655, ""50055"": 0.025468321919435655, ""50057"": 0.025468321919435655, ""50059"": 0.025468321919435655, ""50061"": 0.025468321919435655, ""50063"": 0.025468321919435655, ""50065"": 0.025468321919435655, ""50067"": 0.024601964066403904, ""50069"": 0.025468321919435655}"
13,12,1,197,0.419212,10,"{""50051"": 2.4200529524412437, ""50053"": 1.4559238596737578, ""50055"": 1.319597184232596, ""50057"": 1.1749792695962968, ""50059"": 2.0566264446665845, ""50061"": 2.7059436279508935, ""50063"": 2.059110834954697, ""50065"": 2.3030194986535077, ""50067"": 2.783679863445244, ""50069"": 2.286540410634406}","{""50051"": 0, ""50053"": 0, ""50055"": 0, ""50057"": 0, ""50059"": 0, ""50061"": 0, ""50063"": 0, ""50065"": 0, ""50067"": 1494, ""50069"": 0}","{""50051"": 0.025471136731097993, ""50053"": 0.025471136731097993, ""50055"": 0.025471136731097993, ""50057"": 0.025471136731097993, ""50059"": 0.025471136731097993, ""50061"": 0.025471136731097993, ""50063"": 0.025471136731097993, ""50065"": 0.025471136731097993, ""50067"": 0.024605936827610083, ""50069"": 0.025471136731097993}"
14,13,1,1131,2.338159,10,"{""50051"": 2.568791121999255, ""50053"": 1.4559238596737578, ""50055"": 1.319597184232596, ""50057"": 1.2577240886411527, ""50059"": 2.0873330316060574, ""50061"": 2.9059436279508937, ""50063"": 2.123563486631751, ""50065"": 2.3857643176983636, ""50067"": 2.918996188584697, ""50069"": 2.369285229679262}","{""50051"": 0, ""50053"": 0, ""50055"": 0, ""50057"": 0, ""50059"": 0, ""50061"": 0, ""50063"": 0, ""50065"": 0, ""50067"": 1471, ""50069"": 0}","{""50051"": 0.025498659890074785, ""50053"": 0.025498659890074785, ""50055"": 0.025498659890074785, ""50057"": 0.025498659890074785, ""50059"": 0.025498659890074785, ""50061"": 0.025498659890074785, ""50063"": 0.025498659890074785, ""50065"": 0.025498659890074785, ""50067"": 0.02464678090225602, ""50069"": 0.025498659890074785}"
15,14,1,137,0.283071,10,"{""50051"": 2.634635943348461, ""50053"": 1.4559238596737578, ""50055"": 1.3854420055818015, ""50057"": 1.2577240886411527, ""50059"": 2.176903977464694, ""50061"": 3.105943627950894, ""50063"": 2.157383049394084, ""50065"": 2.4471846155203365, ""50067"": 2.984841009933903, ""50069"": 2.4453881726807594}","{""50051"": 0, ""50053"": 0, ""50055"": 0, ""50057"": 0, ""50059"": 0, ""50061"": 1442, ""50063"": 0, ""50065"": 0, ""50067"": 0, ""50069"": 0}","{""50051"": 0.025534363775664454, ""50053"": 0.025534363775664454, ""50055"": 0.025534363775664454, ""50057"": 0.025534363775664454, ""50059"": 0.025534363775664454, ""50061"": 0.024699279766021116, ""50063"": 0.025534363775664454, ""50065"": 0.025534363775664454, ""50067"": 0.025534363775664454, ""50069"": 0.025534363775664454}"
16,15,1,80,0.158084,10,"{""50051"": 2.815058320131656, ""50053"": 1.4559238596737578, ""50055"": 1.3854420055818015, ""50057"": 1.2577240886411527, ""50059"": 2.2531619544401686, ""50061"": 3.305943627950894, ""50063"": 2.2196273331384715, ""50065"": 2.5234425924958113, ""50067"": 3.0610989869093777, ""50069"": 2.5365273509815003}","{""50051"": 0, ""50053"": 0, ""50055"": 0, ""50057"": 0, ""50059"": 0, ""50061"": 1414, ""50063"": 0, ""50065"": 0, ""50067"": 0, ""50069"": 0}","{""50051"": 0.02556989288976326, ""50053"": 0.02556989288976326, ""50055"": 0.02556989288976326, ""50057"": 0.02556989288976326, ""50059"": 0.02556989288976326, ""50061"": 0.024751023646943694, ""50063"": 0.02556989288976326, ""50065"": 0.02556989288976326, ""50067"": 0.02556989288976326, ""50069"": 0.02556989288976326}"
17,16,1,89,0.186464,10,"{""50051"": 2.92987821840138, ""50053"": 1.570743757943482, ""50055"": 1.3854420055818015, ""50057"": 1.3725439869108769, ""50059"": 2.3340425573870585, ""50061"": 3.491218799473557, ""50063"": 2.3145946776097674, ""50065"": 2.6161666925574045, ""50067"": 3.261098986909378, ""50069"": 2.686419419867127}","{""50051"": 0, ""50053"": 0, ""50055"": 0, ""50057"": 0, ""50059"": 0, ""50061"": 1390, ""50063"": 0, ""50065"": 0, ""50067"": 0, ""50069"": 0}","{""50051"": 0.025600376728576388, ""50053"": 0.025600376728576388, ""50055"": 0.025600376728576388, ""50057"": 0.025600376728576388, ""50059"": 0.025600376728576388, ""50061"": 0.024795405763375952, ""50063"": 0.025600376728576388, ""50065"": 0.025600376728576388, ""50067"": 0.025600376728576388, ""50069"": 0.025600376728576388}"
18,17,1,89,0.173849,10,"{""50051"": 2.92987821840138, ""50053"": 1.570743757943482, ""50055"": 1.3854420055818015, ""50057"": 1.3725439869108769, ""50059"": 2.3340425573870585, ""50061"": 3.491218799473557, ""50063"": 2.3145946776097674, ""50065"": 2.6161666925574045, ""50067"": 3.261098986909378, ""50069"": 2.686419419867127}","{""50051"": 0, ""50053"": 0, ""50055"": 0, ""50057"": 0, ""50059"": 0, ""50061"": 1390, ""50063"": 0, ""50065"": 0, ""50067"": 0, ""50069"": 0}","{""50051"": 0.025600376728576388, ""50053"": 0.025600376728576388, ""50055"": 0.025600376728576388, ""50057"": 0.025600376728576388, ""50059"": 0.025600376728576388, ""50061"": 0.024795405763375952, ""50063"": 0.025600376728576388, ""50065"": 0.025600376728576388, ""50067"": 0.025600376728576388, ""50069"": 0.025600376728576388}"
19,18,1,89,0.187908,10,"{""50051"": 2.92987821840138, ""50053"": 1.570743757943482, ""50055"": 1.3854420055818015, ""50057"": 1.3725439869108769, ""50059"": 2.3340425573870585, ""50061"": 3.491218799473557, ""50063"": 2.3145946776097674, ""50065"": 2.6161666925574045, ""50067"": 3.261098986909378, ""50069"": 2.686419419867127}","{""50051"": 0, ""50053"": 0, ""50055"": 0, ""50057"": 0, ""50059"": 0, ""50061"": 1390, ""50063"": 0, ""50065"": 0, ""50067"": 0, ""50069"": 0}","{""50051"": 0.025600376728576388, ""50053"": 0.025600376728576388, ""50055"": 0.025600376728576388, ""50057"": 0.025600376728576388, ""50059"": 0.025600376728576388, ""50061"": 0.024795405763375952, ""50063"": 0.025600376728576388, ""50065"": 0.025600376728576388, ""50067"": 0.025600376728576388, ""50069"": 0.025600376728576388}"
20,19,1,77,0.153946,10,"{""50051"": 3.1298782184013803, ""50053"": 1.629671526848106, ""50055"": 1.3854420055818015, ""50057"": 1.4314717558155008, ""50059"": 2.3690422544055854, ""50061"": 3.58351011029781, ""50063"": 2.373522446514391, ""50065"": 2.652807009963902, ""50067"": 3.3050792326822016, ""50069"": 2.6910022311773933}","{""50051"": 0, ""50053"": 0, ""50055"": 0, ""50057"": 0, ""50059"": 0, ""50061"": 1378, ""50063"": 0, ""50065"": 0, ""50067"": 0, ""50069"": 0}","{""50051"": 0.02561439236905226, ""50053"": 0.02561439236905226, ""50055"": 0.02561439236905226, ""50057"": 0.02561439236905226, ""50059"": 0.02561439236905226, ""50061"": 0.024816371761594885, ""50063"": 0.02561439236905226, ""50065"": 0.02561439236905226, ""50067"": 0.02561439236905226, ""50069"": 0.02561439236905226}"
21,20,1,78,0.154226,10,"{""50051"": 3.3298782184013804, ""50053"": 1.6582429554195344, ""50055"": 1.3854420055818015, ""50057"": 1.4314717558155008, ""50059"": 2.3690422544055854, ""50061"": 3.6120815388692384, ""50063"": 2.373522446514391, ""50065"": 2.6813784385353303, ""50067"": 3.3050792326822016, ""50069"": 2.6910022311773933}","{""50051"": 0, ""50053"": 0, ""50055"": 0, ""50057"": 0, ""50059"": 0, ""50061"": 1375, ""50063"": 0, ""50065"": 0, ""50067"": 0, ""50069"": 0}","{""50051"": 0.025619002952589343, ""50053"": 0.025619002952589343, ""50055"": 0.025619002952589343, ""50057"": 0.025619002952589343, ""50059"": 0.025619002952589343, ""50061"": 0.02482271881190862, ""50063"": 0.025619002952589343, ""50065"": 0.025619002952589343, ""50067"": 0.025619002952589343, ""50069"": 0.025619002952589343}"
22,21,1,58,0.120408,10,"{""50051"": 3.3799858745963864, ""50053"": 1.6582429554195344, ""50055"": 1.3854420055818015, ""50057"": 1.4314717558155008, ""50059"": 2.4191499106005914, ""50061"": 3.8120815388692386, ""50063"": 2.423630102709397, ""50065"": 2.728827720704401, ""50067"": 3.3616174971433166, ""50069"": 2.737768277912248}","{""50051"": 0, ""50053"": 0, ""50055"": 0, ""50057"": 0, ""50059"": 0, ""50061"": 1351, ""50063"": 0, ""50065"": 0, ""50067"": 0, ""50069"": 0}","{""50051"": 0.025647752399636348, ""50053"": 0.025647752399636348, ""50055"": 0.025647752399636348, ""50057"": 0.025647752399636348, ""50059"": 0.025647752399636348, ""50061"": 0.024865368235784276, ""50063"": 0.025647752399636348, ""50065"": 0.025647752399636348, ""50067"": 0.025647752399636348, ""50069"": 0.025647752399636348}"
23,22,1,88,0.185579,10,"{""50051"": 3.5799858745963866, ""50053"": 1.6582429554195344, ""50055"": 1.3854420055818015, ""50057"": 1.4314717558155008, ""50059"": 2.4191499106005914, ""50061"": 3.830733028453868, ""50063"": 2.4548660297929157, ""50065"": 2.7600636477879195, ""50067"": 3.392853424226835, ""50069"": 2.737768277912248}","{""50051"": 0, ""50053"": 0, ""50055"": 0, ""50057"": 0, ""50059"": 0, ""50061"": 1349, ""50063"": 0, ""50065"": 0, ""50067"": 0, ""50069"": 0}","{""50051"": 0.02565042109264193, ""50053"": 0.02565042109264193, ""50055"": 0.02565042109264193, ""50057"": 0.02565042109264193, ""50059"": 0.02565042109264193, ""50061"": 0.02486919497739059, ""50063"": 0.02565042109264193, ""50065"": 0.02565042109264193, ""50067"": 0.02565042109264193, ""50069"": 0.02565042109264193}"
24,23,1,241,0.498042,10,"{""50051"": 3.779985874596387, ""50053"": 1.6868143839909628, ""50055"": 1.3854420055818015, ""50057"": 1.4314717558155008, ""50059"": 2.4191499106005914, ""50061"": 3.8593044570252966, ""50063"": 2.483437458364344, ""50065"": 2.7600636477879195, ""50067"": 3.392853424226835, ""50069"": 2.737768277912248}","{""50051"": 0, ""50053"": 0, ""50055"": 0, ""50057"": 0, ""50059"": 0, ""50061"": 1346, ""50063"": 0, ""50065"": 0, ""50067"": 0, ""50069"": 0}","{""50051"": 0.02565449873995107, ""50053"": 0.02565449873995107, ""50055"": 0.02565449873995107, ""50057"": 0.02565449873995107, ""50059"": 0.02565449873995107, ""50061"": 0.02487500961840676, ""50063"": 0.02565449873995107, ""50065"": 0.02565449873995107, ""50067"": 0.02565449873995107, ""50069"": 0.02565449873995107}"
25,24,1,241,0.495755,10,"{""50051"": 3.779985874596387, ""50053"": 1.6868143839909628, ""50055"": 1.3854420055818015, ""50057"": 1.4314717558155008, ""50059"": 2.4191499106005914, ""50061"": 3.8593044570252966, ""50063"": 2.483437458364344, ""50065"": 2.7600636477879195, ""50067"": 3.392853424226835, ""50069"": 2.737768277912248}","{""50051"": 0, ""50053"": 0, ""50055"": 0, ""50057"": 0, ""50059"": 0, ""50061"": 1346, ""50063"": 0, ""50065"": 0, ""50067"": 0, ""50069"": 0}","{""50051"": 0.02565449873995107, ""50053"": 0.02565449873995107, ""50055"": 0.02565449873995107, ""50057"": 0.02565449873995107, ""50059"": 0.02565449873995107, ""50061"": 0.02487500961840676, ""50063"": 0.02565449873995107, ""50065"": 0.02565449873995107, ""50067"": 0.02565449873995107, ""50069"": 0.02565449873995107}"
26,25,1,232,0.494836,10,"{""50051"": 3.979985874596387, ""50053"": 1.6868143839909628, ""50055"": 1.3854420055818015, ""50057"": 1.4600431843869293, ""50059"": 2.4191499106005914, ""50061"": 3.887875885596725, ""50063"": 2.483437458364344, ""50065"": 2.7600636477879195, ""50067"": 3.392853424226835, ""50069"": 2.7663397064836763}","{""50051"": 1333, ""50053"": 0, ""50055"": 0, ""50057"": 0, ""50059"": 0, ""50061"": 0, ""50063"": 0, ""50065"": 0, ""50067"": 0, ""50069"": 0}","{""50051"": 0.024898957625411618, ""50053"": 0.025670918489635944, ""50055"": 0.025670918489635944, ""50057"": 0.025670918489635944, ""50059"": 0.025670918489635944, ""50061"": 0.025670918489635944, ""50063"": 0.025670918489635944, ""50065"": 0.025670918489635944, ""50067"": 0.025670918489635944, ""50069"": 0.025670918489635944}"
27,26,1,232,0.469668,10,"{""50051"": 3.979985874596387, ""50053"": 1.6868143839909628, ""50055"": 1.3854420055818015, ""50057"": 1.4600431843869293, ""50059"": 2.4191499106005914, ""50061"": 3.887875885596725, ""50063"": 2.483437458364344, ""50065"": 2.7600636477879195, ""50067"": 3.392853424226835, ""50069"": 2.7663397064836763}","{""50051"": 1333, ""50053"": 0, ""50055"": 0, ""50057"": 0, ""50059"": 0, ""50061"": 0, ""50063"": 0, ""50065"": 0, ""50067"": 0, ""50069"": 0}","{""50051"": 0.024898957625411618, ""50053"": 0.025670918489635944, ""50055"": 0.025670918489635944, ""50057"": 0.025670918489635944, ""50059"": 0.025670918489635944, ""50061"": 0.025670918489635944, ""50063"": 0.025670918489635944, ""50065"": 0.025670918489635944, ""50067"": 0.025670918489635944, ""50069"": 0.025670918489635944}"
28,27,1,85,0.182410,10,"{""50051"": 4.179985874596387, ""50053"": 1.7153858125623913, ""50055"": 1.41401343415323, ""50057"": 1.4600431843869293, ""50059"": 2.4191499106005914, ""50061"": 3.887875885596725, ""50063"": 2.5120088869357726, ""50065"": 2.7600636477879195, ""50067"": 3.392853424226835, ""50069"": 2.7663397064836763}","{""50051"": 1312, ""50053"": 0, ""50055"": 0, ""50057"": 0, ""50059"": 0, ""50061"": 0, ""50063"": 0, ""50065"": 0, ""50067"": 0, ""50069"": 0}","{""50051"": 0.024936608889164418, ""50053"": 0.025696407656195866, ""50055"": 0.025696407656195866, ""50057"": 0.025696407656195866, ""50059"": 0.025696407656195866, ""50061"": 0.025696407656195866, ""50063"": 0.025696407656195866, ""50065"": 0.025696407656195866, ""50067"": 0.025696407656195866, ""50069"": 0.025696407656195866}"
29,28,1,85,0.167954,10,"{""50051"": 4.179985874596387, ""50053"": 1.7153858125623913, ""50055"": 1.41401343415323, ""50057"": 1.4600431843869293, ""50059"": 2.4191499106005914, ""50061"": 3.887875885596725, ""50063"": 2.5120088869357726, ""50065"": 2.7600636477879195, ""50067"": 3.392853424226835, ""50069"": 2.7663397064836763}","{""50051"": 1312, ""50053"": 0, ""50055"": 0, ""50057"": 0, ""50059"": 0, ""50061"": 0, ""50063"": 0, ""50065"": 0, ""50067"": 0, ""50069"": 0}","{""50051"": 0.024936608889164418, ""50053"": 0.025696407656195866, ""50055"": 0.025696407656195866, ""50057"": 0.025696407656195866, ""50059"": 0.025696407656195866, ""50061"": 0.025696407656195866, ""50063"": 0.025696407656195866, ""50065"": 0.025696407656195866, ""50067"": 0.025696407656195866, ""50069"": 0.025696407656195866}"
30,29,1,85,0.172035,10,"{""50051"": 4.179985874596387, ""50053"": 1.7153858125623913, ""50055"": 1.41401343415323, ""50057"": 1.4600431843869293, ""50059"": 2.4191499106005914, ""50061"": 3.887875885596725, ""50063"": 2.5120088869357726, ""50065"": 2.7600636477879195, ""50067"": 3.392853424226835, ""50069"": 2.7663397064836763}","{""50051"": 1312, ""50053"": 0, ""50055"": 0, ""50057"": 0, ""50059"": 0, ""50061"": 0, ""50063"": 0, ""50065"": 0, ""50067"": 0, ""50069"": 0}","{""50051"": 0.024936608889164418, ""50053"": 0.025696407656195866, ""50055"": 0.025696407656195866, ""50057"": 0.025696407656195866, ""50059"": 0.025696407656195866, ""50061"": 0.025696407656195866, ""50063"": 0.025696407656195866, ""50065"": 0.025696407656195866, ""50067"": 0.025696407656195866, ""50069"": 0.025696407656195866}"
31,30,1,85,0.166194,10,"{""50051"": 4.179985874596387, ""50053"": 1.7153858125623913, ""50055"": 1.41401343415323, ""50057"": 1.4600431843869293, ""50059"": 2.4191499106005914, ""50061"": 3.887875885596725, ""50063"": 2.5120088869357726, ""50065"": 2.7600636477879195, ""50067"": 3.392853424226835, ""50069"": 2.7663397064836763}","{""50051"": 1312, ""50053"": 0, ""50055"": 0, ""50057"": 0, ""50059"": 0, ""50061"": 0, ""50063"": 0, ""50065"": 0, ""50067"": 0, ""50069"": 0}","{""50051"": 0.024936608889164418, ""50053"": 0.025696407656195866, ""50055"": 0.025696407656195866, ""50057"": 0.025696407656195866, ""50059"": 0.025696407656195866, ""50061"": 0.025696407656195866, ""50063"": 0.025696407656195866, ""50065"": 0.025696407656195866, ""50067"": 0.025696407656195866, ""50069"": 0.025696407656195866}"
32,31,1,62,0.126702,10,"{""50051"": 4.379985874596387, ""50053"": 1.7153858125623913, ""50055"": 1.41401343415323, ""50057"": 1.4600431843869293, ""50059"": 2.4191499106005914, ""50061"": 3.9164473141681535, ""50063"": 2.540580315507201, ""50065"": 2.7600636477879195, ""50067"": 3.4214248527982636, ""50069"": 2.7663397064836763}","{""50051"": 1293, ""50053"": 0, ""50055"": 0, ""50057"": 0, ""50059"": 0, ""50061"": 0, ""50063"": 0, ""50065"": 0, ""50067"": 0, ""50069"": 0}","{""50051"": 0.024971956686361377, ""50053"": 0.025720753054032805, ""50055"": 0.025720753054032805, ""50057"": 0.025720753054032805, ""50059"": 0.025720753054032805, ""50061"": 0.025720753054032805, ""50063"": 0.025720753054032805, ""50065"": 0.025720753054032805, ""50067"": 0.025720753054032805, ""50069"": 0.025720753054032805}"
33,32,1,51,0.105358,10,"{""50051"": 4.579985874596387, ""50053"": 1.7153858125623913, ""50055"": 1.41401343415323, ""50057"": 1.492192844982392, ""50059"": 2.4191499106005914, ""50061"": 3.9414949383363935, ""50063"": 2.572729976102664, ""50065"": 2.7600636477879195, ""50067"": 3.4535745133937263, ""50069"": 2.7663397064836763}","{""50051"": 1274, ""50053"": 0, ""50055"": 0, ""50057"": 0, ""50059"": 0, ""50061"": 0, ""50063"": 0, ""50065"": 0, ""50067"": 0, ""50069"": 0}","{""50051"": 0.025005236892421744, ""50053"": 0.025743028634279172, ""50055"": 0.025743028634279172, ""50057"": 0.025743028634279172, ""50059"": 0.025743028634279172, ""50061"": 0.025743028634279172, ""50063"": 0.025743028634279172, ""50065"": 0.025743028634279172, ""50067"": 0.025743028634279172, ""50069"": 0.025743028634279172}"
34,33,1,45,0.090028,10,"{""50051"": 4.779985874596387, ""50053"": 1.7439572411338198, ""50055"": 1.41401343415323, ""50057"": 1.492192844982392, ""50059"": 2.4191499106005914, ""50061"": 3.9414949383363935, ""50063"": 2.572729976102664, ""50065"": 2.788635076359348, ""50067"": 3.482145941965155, ""50069"": 2.7663397064836763}","{""50051"": 1257, ""50053"": 0, ""50055"": 0, ""50057"": 0, ""50059"": 0, ""50061"": 0, ""50063"": 0, ""50065"": 0, ""50067"": 0, ""50069"": 0}","{""50051"": 0.025036653556442006, ""50053"": 0.025764600875125776, ""50055"": 0.025764600875125776, ""50057"": 0.025764600875125776, ""50059"": 0.025764600875125776, ""50061"": 0.025764600875125776, ""50063"": 0.025764600875125776, ""50065"": 0.025764600875125776, ""50067"": 0.025764600875125776, ""50069"": 0.025764600875125776}"
35,34,1,45,0.090159,10,"{""50051"": 4.779985874596387, ""50053"": 1.7439572411338198, ""50055"": 1.41401343415323, ""50057"": 1.492192844982392, ""50059"": 2.4191499106005914, ""50061"": 3.9414949383363935, ""50063"": 2.572729976102664, ""50065"": 2.788635076359348, ""50067"": 3.482145941965155, ""50069"": 2.7663397064836763}","{""50051"": 1257, ""50053"": 0, ""50055"": 0, ""50057"": 0, ""50059"": 0, ""50061"": 0, ""50063"": 0, ""50065"": 0, ""50067"": 0, ""50069"": 0}","{""50051"": 0.025036653556442006, ""50053"": 0.025764600875125776, ""50055"": 0.025764600875125776, ""50057"": 0.025764600875125776, ""50059"": 0.025764600875125776, ""50061"": 0.025764600875125776, ""50063"": 0.025764600875125776, ""50065"": 0.025764600875125776, ""50067"": 0.025764600875125776, ""50069"": 0.025764600875125776}"
36,35,1,45,0.092968,10,"{""50051"": 4.779985874596387, ""50053"": 1.7439572411338198, ""50055"": 1.41401343415323, ""50057"": 1.492192844982392, ""50059"": 2.4191499106005914, ""50061"": 3.9414949383363935, ""50063"": 2.572729976102664, ""50065"": 2.788635076359348, ""50067"": 3.482145941965155, ""50069"": 2.7663397064836763}","{""50051"": 1257, ""50053"": 0, ""50055"": 0, ""50057"": 0, ""50059"": 0, ""50061"": 0, ""50063"": 0, ""50065"": 0, ""50067"": 0, ""50069"": 0}","{""50051"": 0.025036653556442006, ""50053"": 0.025764600875125776, ""50055"": 0.025764600875125776, ""50057"": 0.025764600875125776, ""50059"": 0.025764600875125776, ""50061"": 0.025764600875125776, ""50063"": 0.025764600875125776, ""50065"": 0.025764600875125776, ""50067"": 0.025764600875125776, ""50069"": 0.025764600875125776}"
37,36,1,45,0.092358,10,"{""50051"": 4.779985874596387, ""50053"": 1.7439572411338198, ""50055"": 1.41401343415323, ""50057"": 1.492192844982392, ""50059"": 2.4191499106005914, ""50061"": 3.9414949383363935, ""50063"": 2.572729976102664, ""50065"": 2.788635076359348, ""50067"": 3.482145941965155, ""50069"": 2.7663397064836763}","{""50051"": 1257, ""50053"": 0, ""50055"": 0, ""50057"": 0, ""50059"": 0, ""50061"": 0, ""50063"": 0, ""50065"": 0, ""50067"": 0, ""50069"": 0}","{""50051"": 0.025036653556442006, ""50053"": 0.025764600875125776, ""50055"": 0.025764600875125776, ""50057"": 0.025764600875125776, ""50059"": 0.025764600875125776, ""50061"": 0.025764600875125776, ""50063"": 0.025764600875125776, ""50065"": 0.025764600875125776, ""50067"": 0.025764600875125776, ""50069"": 0.025764600875125776}"
38,37,1,43,0.085478,10,"{""50051"": 4.979985874596387, ""50053"": 1.7439572411338198, ""50055"": 1.4935486718034048, ""50057"": 1.492192844982392, ""50059"": 2.4986851482507664, ""50061"": 4.040072240867313, ""50063"": 2.6121033211065408, ""50065"": 2.8747887540459764, ""50067"": 3.6147882802949542, ""50069"": 2.8458749441338513}","{""50051"": 1241, ""50053"": 0, ""50055"": 0, ""50057"": 0, ""50059"": 0, ""50061"": 0, ""50063"": 0, ""50065"": 0, ""50067"": 0, ""50069"": 0}","{""50051"": 0.025066382024568915, ""50053"": 0.02578506422151916, ""50055"": 0.02578506422151916, ""50057"": 0.02578506422151916, ""50059"": 0.02578506422151916, ""50061"": 0.02578506422151916, ""50063"": 0.02578506422151916, ""50065"": 0.02578506422151916, ""50067"": 0.02578506422151916, ""50069"": 0.02578506422151916}"
39,38,1,40,0.080083,10,"{""50051"": 5.179985874596388, ""50053"": 1.7725286697052482, ""50055"": 1.4935486718034048, ""50057"": 1.492192844982392, ""50059"": 2.527256576822195, ""50061"": 4.040072240867313, ""50063"": 2.6121033211065408, ""50065"": 2.903360182617405, ""50067"": 3.6147882802949542, ""50069"": 2.8458749441338513}","{""50051"": 1225, ""50053"": 0, ""50055"": 0, ""50057"": 0, ""50059"": 0, ""50061"": 0, ""50063"": 0, ""50065"": 0, ""50067"": 0, ""50069"": 0}","{""50051"": 0.025094575136925715, ""50053"": 0.025803990487338557, ""50055"": 0.025803990487338557, ""50057"": 0.025803990487338557, ""50059"": 0.025803990487338557, ""50061"": 0.025803990487338557, ""50063"": 0.025803990487338557, ""50065"": 0.025803990487338557, ""50067"": 0.025803990487338557, ""50069"": 0.025803990487338557}"
40,39,1,37,0.081553,10,"{""50051"": 5.379985874596388, ""50053"": 1.8011000982766767, ""50055"": 1.4935486718034048, ""50057"": 1.5207642735538205, ""50059"": 2.527256576822195, ""50061"": 4.040072240867313, ""50063"": 2.6121033211065408, ""50065"": 2.9319316111888334, ""50067"": 3.6147882802949542, ""50069"": 2.8458749441338513}","{""50051"": 1210, ""50053"": 0, ""50055"": 0, ""50057"": 0, ""50059"": 0, ""50061"": 0, ""50063"": 0, ""50065"": 0, ""50067"": 0, ""50069"": 0}","{""50051"": 0.02512136705112961, ""50053"": 0.025822095147639626, ""50055"": 0.025822095147639626, ""50057"": 0.025822095147639626, ""50059"": 0.025822095147639626, ""50061"": 0.025822095147639626, ""50063"": 0.025822095147639626, ""50065"": 0.025822095147639626, ""50067"": 0.025822095147639626, ""50069"": 0.025822095147639626}"
41,40,1,37,0.084920,10,"{""50051"": 5.379985874596388, ""50053"": 1.8011000982766767, ""50055"": 1.4935486718034048, ""50057"": 1.5207642735538205, ""50059"": 2.527256576822195, ""50061"": 4.040072240867313, ""50063"": 2.6121033211065408, ""50065"": 2.9319316111888334, ""50067"": 3.6147882802949542, ""50069"": 2.8458749441338513}","{""50051"": 1210, ""50053"": 0, ""50055"": 0, ""50057"": 0, ""50059"": 0, ""50061"": 0, ""50063"": 0, ""50065"": 0, ""50067"": 0, ""50069"": 0}","{""50051"": 0.02512136705112961, ""50053"": 0.025822095147639626, ""50055"": 0.025822095147639626, ""50057"": 0.025822095147639626, ""50059"": 0.025822095147639626, ""50061"": 0.025822095147639626, ""50063"": 0.025822095147639626, ""50065"": 0.025822095147639626, ""50067"": 0.025822095147639626, ""50069"": 0.025822095147639626}"
42,41,1,37,0.075493,10,"{""50051"": 5.579985874596388, ""50053"": 1.8011000982766767, ""50055"": 1.4935486718034048, ""50057"": 1.5666898079158378, ""50059"": 2.5476329577825894, ""50061"": 4.14117460044104, ""50063"": 2.6121033211065408, ""50065"": 2.9319316111888334, ""50067"": 3.6607138146569715, ""50069"": 2.8918004784958686}","{""50051"": 1196, ""50053"": 0, ""50055"": 0, ""50057"": 0, ""50059"": 0, ""50061"": 0, ""50063"": 0, ""50065"": 0, ""50067"": 0, ""50069"": 0}","{""50051"": 0.025146875709113652, ""50053"": 0.02583949630023115, ""50055"": 0.02583949630023115, ""50057"": 0.02583949630023115, ""50059"": 0.02583949630023115, ""50061"": 0.02583949630023115, ""50063"": 0.02583949630023115, ""50065"": 0.02583949630023115, ""50067"": 0.02583949630023115, ""50069"": 0.02583949630023115}"
43,42,1,37,0.077753,10,"{""50051"": 5.579985874596388, ""50053"": 1.8011000982766767, ""50055"": 1.4935486718034048, ""50057"": 1.5666898079158378, ""50059"": 2.5476329577825894, ""50061"": 4.14117460044104, ""50063"": 2.6121033211065408, ""50065"": 2.9319316111888334, ""50067"": 3.6607138146569715, ""50069"": 2.8918004784958686}","{""50051"": 1196, ""50053"": 0, ""50055"": 0, ""50057"": 0, ""50059"": 0, ""50061"": 0, ""50063"": 0, ""50065"": 0, ""50067"": 0, ""50069"": 0}","{""50051"": 0.025146875709113652, ""50053"": 0.02583949630023115, ""50055"": 0.02583949630023115, ""50057"": 0.02583949630023115, ""50059"": 0.02583949630023115, ""50061"": 0.02583949630023115, ""50063"": 0.02583949630023115, ""50065"": 0.02583949630023115, ""50067"": 0.02583949630023115, ""50069"": 0.02583949630023115}"
44,43,1,37,0.072500,10,"{""50051"": 5.579985874596388, ""50053"": 1.8011000982766767, ""50055"": 1.4935486718034048, ""50057"": 1.5666898079158378, ""50059"": 2.5476329577825894, ""50061"": 4.14117460044104, ""50063"": 2.6121033211065408, ""50065"": 2.9319316111888334, ""50067"": 3.6607138146569715, ""50069"": 2.8918004784958686}","{""50051"": 1196, ""50053"": 0, ""50055"": 0, ""50057"": 0, ""50059"": 0, ""50061"": 0, ""50063"": 0, ""50065"": 0, ""50067"": 0, ""50069"": 0}","{""50051"": 0.025146875709113652, ""50053"": 0.02583949630023115, ""50055"": 0.02583949630023115, ""50057"": 0.02583949630023115, ""50059"": 0.02583949630023115, ""50061"": 0.02583949630023115, ""50063"": 0.02583949630023115, ""50065"": 0.02583949630023115, ""50067"": 0.02583949630023115, ""50069"": 0.02583949630023115}"
45,44,1,36,0.070634,10,"{""50051"": 5.779985874596388, ""50053"": 1.8011000982766767, ""50055"": 1.5221201003748333, ""50057"": 1.5666898079158378, ""50059"": 2.576204386354018, ""50061"": 4.14117460044104, ""50063"": 2.6121033211065408, ""50065"": 2.9319316111888334, ""50067"": 3.6607138146569715, ""50069"": 2.920371907067297}","{""50051"": 1183, ""50053"": 0, ""50055"": 0, ""50057"": 0, ""50059"": 0, ""50061"": 0, ""50063"": 0, ""50065"": 0, ""50067"": 0, ""50069"": 0}","{""50051"": 0.02517120519667478, ""50053"": 0.025856298175213177, ""50055"": 0.025856298175213177, ""50057"": 0.025856298175213177, ""50059"": 0.025856298175213177, ""50061"": 0.025856298175213177, ""50063"": 0.025856298175213177, ""50065"": 0.025856298175213177, ""50067"": 0.025856298175213177, ""50069"": 0.025856298175213177}"
46,45,1,34,0.066468,10,"{""50051"": 5.979985874596388, ""50053"": 1.8296715268481052, ""50055"": 1.5221201003748333, ""50057"": 1.5666898079158378, ""50059"": 2.576204386354018, ""50061"": 4.14117460044104, ""50063"": 2.6406747496779692, ""50065"": 2.9319316111888334, ""50067"": 3.6607138146569715, ""50069"": 2.9489433356387256}","{""50051"": 1170, ""50053"": 0, ""50055"": 0, ""50057"": 0, ""50059"": 0, ""50061"": 0, ""50063"": 0, ""50065"": 0, ""50067"": 0, ""50069"": 0}","{""50051"": 0.025194447660680033, ""50053"": 0.025872011748956994, ""50055"": 0.025872011748956994, ""50057"": 0.025872011748956994, ""50059"": 0.025872011748956994, ""50061"": 0.025872011748956994, ""50063"": 0.025872011748956994, ""50065"": 0.025872011748956994, ""50067"": 0.025872011748956994, ""50069"": 0.025872011748956994}"
47,46,1,34,0.069315,10,"{""50051"": 6.1799858745963885, ""50053"": 1.8296715268481052, ""50055"": 1.5221201003748333, ""50057"": 1.5666898079158378, ""50059"": 2.6047758149254463, ""50061"": 4.169746029012469, ""50063"": 2.6406747496779692, ""50065"": 2.9319316111888334, ""50067"": 3.6607138146569715, ""50069"": 2.977514764210154}","{""50051"": 1158, ""50053"": 0, ""50055"": 0, ""50057"": 0, ""50059"": 0, ""50061"": 0, ""50063"": 0, ""50065"": 0, ""50067"": 0, ""50069"": 0}","{""50051"": 0.025216685811457345, ""50053"": 0.02588730111692572, ""50055"": 0.02588730111692572, ""50057"": 0.02588730111692572, ""50059"": 0.02588730111692572, ""50061"": 0.02588730111692572, ""50063"": 0.02588730111692572, ""50065"": 0.02588730111692572, ""50067"": 0.02588730111692572, ""50069"": 0.02588730111692572}"
48,47,1,34,0.074880,10,"{""50051"": 6.1799858745963885, ""50053"": 1.8296715268481052, ""50055"": 1.5221201003748333, ""50057"": 1.5666898079158378, ""50059"": 2.6047758149254463, ""50061"": 4.169746029012469, ""50063"": 2.6406747496779692, ""50065"": 2.9319316111888334, ""50067"": 3.6607138146569715, ""50069"": 2.977514764210154}","{""50051"": 1158, ""50053"": 0, ""50055"": 0, ""50057"": 0, ""50059"": 0, ""50061"": 0, ""50063"": 0, ""50065"": 0, ""50067"": 0, ""50069"": 0}","{""50051"": 0.025216685811457345, ""50053"": 0.02588730111692572, ""50055"": 0.02588730111692572, ""50057"": 0.02588730111692572, ""50059"": 0.02588730111692572, ""50061"": 0.02588730111692572, ""50063"": 0.02588730111692572, ""50065"": 0.02588730111692572, ""50067"": 0.02588730111692572, ""50069"": 0.02588730111692572}"
49,48,1,33,0.068230,10,"{""50051"": 6.379985874596389, ""50053"": 1.8296715268481052, ""50055"": 1.5506915289462617, ""50057"": 1.5666898079158378, ""50059"": 2.6047758149254463, ""50061"": 4.198317457583897, ""50063"": 2.6406747496779692, ""50065"": 2.960503039760262, ""50067"": 3.6607138146569715, ""50069"": 2.977514764210154}","{""50051"": 1146, ""50053"": 0, ""50055"": 0, ""50057"": 0, ""50059"": 0, ""50061"": 0, ""50063"": 0, ""50065"": 0, ""50067"": 0, ""50069"": 0}","{""50051"": 0.02523799322781346, ""50053"": 0.025901658626993146, ""50055"": 0.025901658626993146, ""50057"": 0.025901658626993146, ""50059"": 0.025901658626993146, ""50061"": 0.025901658626993146, ""50063"": 0.025901658626993146, ""50065"": 0.025901658626993146, ""50067"": 0.025901658626993146, ""50069"": 0.025901658626993146}"
50,49,1,33,0.067895,10,"{""50051"": 6.379985874596389, ""50053"": 1.8296715268481052, ""50055"": 1.5506915289462617, ""50057"": 1.5666898079158378, ""50059"": 2.6047758149254463, ""50061"": 4.198317457583897, ""50063"": 2.6406747496779692, ""50065"": 2.960503039760262, ""50067"": 3.6607138146569715, ""50069"": 2.977514764210154}","{""50051"": 1146, ""50053"": 0, ""50055"": 0, ""50057"": 0, ""50059"": 0, ""50061"": 0, ""50063"": 0, ""50065"": 0, ""50067"": 0, ""50069"": 0}","{""50051"": 0.02523799322781346, ""50053"": 0.025901658626993146, ""50055"": 0.025901658626993146, ""50057"": 0.025901658626993146, ""50059"": 0.025901658626993146, ""50061"": 0.025901658626993146, ""50063"": 0.025901658626993146, ""50065"": 0.025901658626993146, ""50067"": 0.025901658626993146, ""50069"": 0.025901658626993146}"
51,50,1,33,0.065670,10,"{""50051"": 6.379985874596389, ""50053"": 1.8296715268481052, ""50055"": 1.5506915289462617, ""50057"": 1.5666898079158378, ""50059"": 2.6047758149254463, ""50061"": 4.198317457583897, ""50063"": 2.6406747496779692, ""50065"": 2.960503039760262, ""50067"": 3.6607138146569715, ""50069"": 2.977514764210154}","{""50051"": 1146, ""50053"": 0, ""50055"": 0, ""50057"": 0, ""50059"": 0, ""50061"": 0, ""50063"": 0, ""50065"": 0, ""50067"": 0, ""50069"": 0}","{""50051"": 0.02523799322781346, ""50053"": 0.025901658626993146, ""50055"": 0.025901658626993146, ""50057"": 0.025901658626993146, ""50059"": 0.025901658626993146, ""50061"": 0.025901658626993146, ""50063"": 0.025901658626993146, ""50065"": 0.025901658626993146, ""50067"": 0.025901658626993146, ""50069"": 0.025901658626993146}"
52,51,1,33,0.066059,10,"{""50051"": 6.379985874596389, ""50053"": 1.8296715268481052, ""50055"": 1.5506915289462617, ""50057"": 1.5666898079158378, ""50059"": 2.6047758149254463, ""50061"": 4.198317457583897, ""50063"": 2.6406747496779692, ""50065"": 2.960503039760262, ""50067"": 3.6607138146569715, ""50069"": 2.977514764210154}","{""50051"": 1146, ""50053"": 0, ""50055"": 0, ""50057"": 0, ""50059"": 0, ""50061"": 0, ""50063"": 0, ""50065"": 0, ""50067"": 0, ""50069"": 0}","{""50051"": 0.02523799322781346, ""50053"": 0.025901658626993146, ""50055"": 0.025901658626993146, ""50057"": 0.025901658626993146, ""50059"": 0.025901658626993146, ""50061"": 0.025901658626993146, ""50063"": 0.025901658626993146, ""50065"": 0.025901658626993146, ""50067"": 0.025901658626993146, ""50069"": 0.025901658626993146}"
53,52,1,33,0.065608,10,"{""50051"": 6.379985874596389, ""50053"": 1.8296715268481052, ""50055"": 1.5506915289462617, ""50057"": 1.5666898079158378, ""50059"": 2.6047758149254463, ""50061"": 4.198317457583897, ""50063"": 2.6406747496779692, ""50065"": 2.960503039760262, ""50067"": 3.6607138146569715, ""50069"": 2.977514764210154}","{""50051"": 1146, ""50053"": 0, ""50055"": 0, ""50057"": 0, ""50059"": 0, ""50061"": 0, ""50063"": 0, ""50065"": 0, ""50067"": 0, ""50069"": 0}","{""50051"": 0.02523799322781346, ""50053"": 0.025901658626993146, ""50055"": 0.025901658626993146, ""50057"": 0.025901658626993146, ""50059"": 0.025901658626993146, ""50061"": 0.025901658626993146, ""50063"": 0.025901658626993146, ""50065"": 0.025901658626993146, ""50067"": 0.025901658626993146, ""50069"": 0.025901658626993146}"
54,53,1,32,0.067892,10,"{""50051"": 6.579985874596389, ""50053"": 1.8296715268481052, ""50055"": 1.5506915289462617, ""50057"": 1.5952612364872663, ""50059"": 2.6333472434968748, ""50061"": 4.198317457583897, ""50063"": 2.6406747496779692, ""50065"": 2.9890744683316903, ""50067"": 3.6607138146569715, ""50069"": 2.977514764210154}","{""50051"": 1134, ""50053"": 0, ""50055"": 0, ""50057"": 0, ""50059"": 0, ""50061"": 0, ""50063"": 0, ""50065"": 0, ""50067"": 0, ""50069"": 0}","{""50051"": 0.025258435952375653, ""50053"": 0.02591515036639537, ""50055"": 0.02591515036639537, ""50057"": 0.02591515036639537, ""50059"": 0.02591515036639537, ""50061"": 0.02591515036639537, ""50063"": 0.02591515036639537, ""50065"": 0.02591515036639537, ""50067"": 0.02591515036639537, ""50069"": 0.02591515036639537}"
55,54,1,32,0.071419,10,"{""50051"": 6.579985874596389, ""50053"": 1.8296715268481052, ""50055"": 1.5506915289462617, ""50057"": 1.5952612364872663, ""50059"": 2.6333472434968748, ""50061"": 4.198317457583897, ""50063"": 2.6406747496779692, ""50065"": 2.9890744683316903, ""50067"": 3.6607138146569715, ""50069"": 2.977514764210154}","{""50051"": 1134, ""50053"": 0, ""50055"": 0, ""50057"": 0, ""50059"": 0, ""50061"": 0, ""50063"": 0, ""50065"": 0, ""50067"": 0, ""50069"": 0}","{""50051"": 0.025258435952375653, ""50053"": 0.02591515036639537, ""50055"": 0.02591515036639537, ""50057"": 0.02591515036639537, ""50059"": 0.02591515036639537, ""50061"": 0.02591515036639537, ""50063"": 0.02591515036639537, ""50065"": 0.02591515036639537, ""50067"": 0.02591515036639537, ""50069"": 0.02591515036639537}"
56,55,1,32,0.067974,10,"{""50051"": 6.779985874596389, ""50053"": 1.8604696450850875, ""50055"": 1.5506915289462617, ""50057"": 1.6260593547242486, ""50059"": 2.6489340711557516, ""50061"": 4.22911557582088, ""50063"": 2.6406747496779692, ""50065"": 2.9890744683316903, ""50067"": 3.6607138146569715, ""50069"": 2.977514764210154}","{""50051"": 1124, ""50053"": 0, ""50055"": 0, ""50057"": 0, ""50059"": 0, ""50061"": 0, ""50063"": 0, ""50065"": 0, ""50067"": 0, ""50069"": 0}","{""50051"": 0.025278074672005917, ""50053"": 0.025928999862545113, ""50055"": 0.025928999862545113, ""50057"": 0.025928999862545113, ""50059"": 0.025928999862545113, ""50061"": 0.025928999862545113, ""50063"": 0.025928999862545113, ""50065"": 0.025928999862545113, ""50067"": 0.025928999862545113, ""50069"": 0.025928999862545113}"
57,56,1,32,0.063326,10,"{""50051"": 6.779985874596389, ""50053"": 1.8604696450850875, ""50055"": 1.5506915289462617, ""50057"": 1.6260593547242486, ""50059"": 2.6489340711557516, ""50061"": 4.22911557582088, ""50063"": 2.6406747496779692, ""50065"": 2.9890744683316903, ""50067"": 3.6607138146569715, ""50069"": 2.977514764210154}","{""50051"": 1124, ""50053"": 0, ""50055"": 0, ""50057"": 0, ""50059"": 0, ""50061"": 0, ""50063"": 0, ""50065"": 0, ""50067"": 0, ""50069"": 0}","{""50051"": 0.025278074672005917, ""50053"": 0.025928999862545113, ""50055"": 0.025928999862545113, ""50057"": 0.025928999862545113, ""50059"": 0.025928999862545113, ""50061"": 0.025928999862545113, ""50063"": 0.025928999862545113, ""50065"": 0.025928999862545113, ""50067"": 0.025928999862545113, ""50069"": 0.025928999862545113}"
58,57,1,32,0.064007,10,"{""50051"": 6.779985874596389, ""50053"": 1.8604696450850875, ""50055"": 1.5506915289462617, ""50057"": 1.6260593547242486, ""50059"": 2.6489340711557516, ""50061"": 4.22911557582088, ""50063"": 2.6406747496779692, ""50065"": 2.9890744683316903, ""50067"": 3.6607138146569715, ""50069"": 2.977514764210154}","{""50051"": 1124, ""50053"": 0, ""50055"": 0, ""50057"": 0, ""50059"": 0, ""50061"": 0, ""50063"": 0, ""50065"": 0, ""50067"": 0, ""50069"": 0}","{""50051"": 0.025278074672005917, ""50053"": 0.025928999862545113, ""50055"": 0.025928999862545113, ""50057"": 0.025928999862545113, ""50059"": 0.025928999862545113, ""50061"": 0.025928999862545113, ""50063"": 0.025928999862545113, ""50065"": 0.025928999862545113, ""50067"": 0.025928999862545113, ""50069"": 0.025928999862545113}"
59,58,1,32,0.064191,10,"{""50051"": 6.779985874596389, ""50053"": 1.8604696450850875, ""50055"": 1.5506915289462617, ""50057"": 1.6260593547242486, ""50059"": 2.6489340711557516, ""50061"": 4.22911557582088, ""50063"": 2.6406747496779692, ""50065"": 2.9890744683316903, ""50067"": 3.6607138146569715, ""50069"": 2.977514764210154}","{""50051"": 1124, ""50053"": 0, ""50055"": 0, ""50057"": 0, ""50059"": 0, ""50061"": 0, ""50063"": 0, ""50065"": 0, ""50067"": 0, ""50069"": 0}","{""50051"": 0.025278074672005917, ""50053"": 0.025928999862545113, ""50055"": 0.025928999862545113, ""50057"": 0.025928999862545113, ""50059"": 0.025928999862545113, ""50061"": 0.025928999862545113, ""50063"": 0.025928999862545113, ""50065"": 0.025928999862545113, ""50067"": 0.025928999862545113, ""50069"": 0.025928999862545113}"
60,59,1,32,0.063361,10,"{""50051"": 6.779985874596389, ""50053"": 1.8604696450850875, ""50055"": 1.5506915289462617, ""50057"": 1.6260593547242486, ""50059"": 2.6489340711557516, ""50061"": 4.22911557582088, ""50063"": 2.6406747496779692, ""50065"": 2.9890744683316903, ""50067"": 3.6607138146569715, ""50069"": 2.977514764210154}","{""50051"": 1124, ""50053"": 0, ""50055"": 0, ""50057"": 0, ""50059"": 0, ""50061"": 0, ""50063"": 0, ""50065"": 0, ""50067"": 0, ""50069"": 0}","{""50051"": 0.025278074672005917, ""50053"": 0.025928999862545113, ""50055"": 0.025928999862545113, ""50057"": 0.025928999862545113, ""50059"": 0.025928999862545113, ""50061"": 0.025928999862545113, ""50063"": 0.025928999862545113, ""50065"": 0.025928999862545113, ""50067"": 0.025928999862545113, ""50069"": 0.025928999862545113}"
61,60,1,32,0.067842,10,"{""50051"": 6.779985874596389, ""50053"": 1.8604696450850875, ""50055"": 1.5506915289462617, ""50057"": 1.6260593547242486, ""50059"": 2.6489340711557516, ""50061"": 4.22911557582088, ""50063"": 2.6406747496779692, ""50065"": 2.9890744683316903, ""50067"": 3.6607138146569715, ""50069"": 2.977514764210154}","{""50051"": 1124, ""50053"": 0, ""50055"": 0, ""50057"": 0, ""50059"": 0, ""50061"": 0, ""50063"": 0, ""50065"": 0, ""50067"": 0, ""50069"": 0}","{""50051"": 0.025278074672005917, ""50053"": 0.025928999862545113, ""50055"": 0.025928999862545113, ""50057"": 0.025928999862545113, ""50059"": 0.025928999862545113, ""50061"": 0.025928999862545113, ""50063"": 0.025928999862545113, ""50065"": 0.025928999862545113, ""50067"": 0.025928999862545113, ""50069"": 0.025928999862545113}"
62,61,1,32,0.070722,10,"{""50051"": 6.779985874596389, ""50053"": 1.8604696450850875, ""50055"": 1.5506915289462617, ""50057"": 1.6260593547242486, ""50059"": 2.6489340711557516, ""50061"": 4.22911557582088, ""50063"": 2.6406747496779692, ""50065"": 2.9890744683316903, ""50067"": 3.6607138146569715, ""50069"": 2.977514764210154}","{""50051"": 1124, ""50053"": 0, ""50055"": 0, ""50057"": 0, ""50059"": 0, ""50061"": 0, ""50063"": 0, ""50065"": 0, ""50067"": 0, ""50069"": 0}","{""50051"": 0.025278074672005917, ""50053"": 0.025928999862545113, ""50055"": 0.025928999862545113, ""50057"": 0.025928999862545113, ""50059"": 0.025928999862545113, ""50061"": 0.025928999862545113, ""50063"": 0.025928999862545113, ""50065"": 0.025928999862545113, ""50067"": 0.025928999862545113, ""50069"": 0.025928999862545113}"
63,62,1,32,0.065717,10,"{""50051"": 6.779985874596389, ""50053"": 1.8604696450850875, ""50055"": 1.5506915289462617, ""50057"": 1.6260593547242486, ""50059"": 2.6489340711557516, ""50061"": 4.22911557582088, ""50063"": 2.6406747496779692, ""50065"": 2.9890744683316903, ""50067"": 3.6607138146569715, ""50069"": 2.977514764210154}","{""50051"": 1124, ""50053"": 0, ""50055"": 0, ""50057"": 0, ""50059"": 0, ""50061"": 0, ""50063"": 0, ""50065"": 0, ""50067"": 0, ""50069"": 0}","{""50051"": 0.025278074672005917, ""50053"": 0.025928999862545113, ""50055"": 0.025928999862545113, ""50057"": 0.025928999862545113, ""50059"": 0.025928999862545113, ""50061"": 0.025928999862545113, ""50063"": 0.025928999862545113, ""50065"": 0.025928999862545113, ""50067"": 0.025928999862545113, ""50069"": 0.025928999862545113}"
64,63,1,31,0.063228,10,"{""50051"": 6.979985874596389, ""50053"": 1.8604696450850875, ""50055"": 1.5792629575176902, ""50057"": 1.654630783295677, ""50059"": 2.6489340711557516, ""50061"": 4.22911557582088, ""50063"": 2.6692461782493977, ""50065"": 2.9890744683316903, ""50067"": 3.6607138146569715, ""50069"": 2.977514764210154}","{""50051"": 1113, ""50053"": 0, ""50055"": 0, ""50057"": 0, ""50059"": 0, ""50061"": 0, ""50063"": 0, ""50065"": 0, ""50067"": 0, ""50069"": 0}","{""50051"": 0.02529696216889336, ""50053"": 0.025941515807496138, ""50055"": 0.025941515807496138, ""50057"": 0.025941515807496138, ""50059"": 0.025941515807496138, ""50061"": 0.025941515807496138, ""50063"": 0.025941515807496138, ""50065"": 0.025941515807496138, ""50067"": 0.025941515807496138, ""50069"": 0.025941515807496138}"
65,64,1,31,0.061175,10,"{""50051"": 6.979985874596389, ""50053"": 1.8604696450850875, ""50055"": 1.5792629575176902, ""50057"": 1.654630783295677, ""50059"": 2.6489340711557516, ""50061"": 4.22911557582088, ""50063"": 2.6692461782493977, ""50065"": 2.9890744683316903, ""50067"": 3.6607138146569715, ""50069"": 2.977514764210154}","{""50051"": 1113, ""50053"": 0, ""50055"": 0, ""50057"": 0, ""50059"": 0, ""50061"": 0, ""50063"": 0, ""50065"": 0, ""50067"": 0, ""50069"": 0}","{""50051"": 0.02529696216889336, ""50053"": 0.025941515807496138, ""50055"": 0.025941515807496138, ""50057"": 0.025941515807496138, ""50059"": 0.025941515807496138, ""50061"": 0.025941515807496138, ""50063"": 0.025941515807496138, ""50065"": 0.025941515807496138, ""50067"": 0.025941515807496138, ""50069"": 0.025941515807496138}"
66,65,1,31,0.061100,10,"{""50051"": 6.979985874596389, ""50053"": 1.8604696450850875, ""50055"": 1.5792629575176902, ""50057"": 1.654630783295677, ""50059"": 2.6489340711557516, ""50061"": 4.22911557582088, ""50063"": 2.6692461782493977, ""50065"": 2.9890744683316903, ""50067"": 3.6607138146569715, ""50069"": 2.977514764210154}","{""50051"": 1113, ""50053"": 0, ""50055"": 0, ""50057"": 0, ""50059"": 0, ""50061"": 0, ""50063"": 0, ""50065"": 0, ""50067"": 0, ""50069"": 0}","{""50051"": 0.02529696216889336, ""50053"": 0.025941515807496138, ""50055"": 0.025941515807496138, ""50057"": 0.025941515807496138, ""50059"": 0.025941515807496138, ""50061"": 0.025941515807496138, ""50063"": 0.025941515807496138, ""50065"": 0.025941515807496138, ""50067"": 0.025941515807496138, ""50069"": 0.025941515807496138}"
67,66,1,31,0.061959,10,"{""50051"": 6.979985874596389, ""50053"": 1.8604696450850875, ""50055"": 1.5792629575176902, ""50057"": 1.654630783295677, ""50059"": 2.6489340711557516, ""50061"": 4.22911557582088, ""50063"": 2.6692461782493977, ""50065"": 2.9890744683316903, ""50067"": 3.6607138146569715, ""50069"": 2.977514764210154}","{""50051"": 1113, ""50053"": 0, ""50055"": 0, ""50057"": 0, ""50059"": 0, ""50061"": 0, ""50063"": 0, ""50065"": 0, ""50067"": 0, ""50069"": 0}","{""50051"": 0.02529696216889336, ""50053"": 0.025941515807496138, ""50055"": 0.025941515807496138, ""50057"": 0.025941515807496138, ""50059"": 0.025941515807496138, ""50061"": 0.025941515807496138, ""50063"": 0.025941515807496138, ""50065"": 0.025941515807496138, ""50067"": 0.025941515807496138, ""50069"": 0.025941515807496138}"
68,67,1,31,0.074360,10,"{""50051"": 6.979985874596389, ""50053"": 1.8604696450850875, ""50055"": 1.5792629575176902, ""50057"": 1.654630783295677, ""50059"": 2.6489340711557516, ""50061"": 4.22911557582088, ""50063"": 2.6692461782493977, ""50065"": 2.9890744683316903, ""50067"": 3.6607138146569715, ""50069"": 2.977514764210154}","{""50051"": 1113, ""50053"": 0, ""50055"": 0, ""50057"": 0, ""50059"": 0, ""50061"": 0, ""50063"": 0, ""50065"": 0, ""50067"": 0, ""50069"": 0}","{""50051"": 0.02529696216889336, ""50053"": 0.025941515807496138, ""50055"": 0.025941515807496138, ""50057"": 0.025941515807496138, ""50059"": 0.025941515807496138, ""50061"": 0.025941515807496138, ""50063"": 0.025941515807496138, ""50065"": 0.025941515807496138, ""50067"": 0.025941515807496138, ""50069"": 0.025941515807496138}"
69,68,1,31,0.067351,10,"{""50051"": 6.979985874596389, ""50053"": 1.8604696450850875, ""50055"": 1.5792629575176902, ""50057"": 1.654630783295677, ""50059"": 2.6489340711557516, ""50061"": 4.22911557582088, ""50063"": 2.6692461782493977, ""50065"": 2.9890744683316903, ""50067"": 3.6607138146569715, ""50069"": 2.977514764210154}","{""50051"": 1113, ""50053"": 0, ""50055"": 0, ""50057"": 0, ""50059"": 0, ""50061"": 0, ""50063"": 0, ""50065"": 0, ""50067"": 0, ""50069"": 0}","{""50051"": 0.02529696216889336, ""50053"": 0.025941515807496138, ""50055"": 0.025941515807496138, ""50057"": 0.025941515807496138, ""50059"": 0.025941515807496138, ""50061"": 0.025941515807496138, ""50063"": 0.025941515807496138, ""50065"": 0.025941515807496138, ""50067"": 0.025941515807496138, ""50069"": 0.025941515807496138}"
70,69,1,31,0.062829,10,"{""50051"": 6.979985874596389, ""50053"": 1.8604696450850875, ""50055"": 1.5792629575176902, ""50057"": 1.654630783295677, ""50059"": 2.6489340711557516, ""50061"": 4.22911557582088, ""50063"": 2.6692461782493977, ""50065"": 2.9890744683316903, ""50067"": 3.6607138146569715, ""50069"": 2.977514764210154}","{""50051"": 1113, ""50053"": 0, ""50055"": 0, ""50057"": 0, ""50059"": 0, ""50061"": 0, ""50063"": 0, ""50065"": 0, ""50067"": 0, ""50069"": 0}","{""50051"": 0.02529696216889336, ""50053"": 0.025941515807496138, ""50055"": 0.025941515807496138, ""50057"": 0.025941515807496138, ""50059"": 0.025941515807496138, ""50061"": 0.025941515807496138, ""50063"": 0.025941515807496138, ""50065"": 0.025941515807496138, ""50067"": 0.025941515807496138, ""50069"": 0.025941515807496138}"
71,70,1,31,0.060933,10,"{""50051"": 6.979985874596389, ""50053"": 1.8604696450850875, ""50055"": 1.5792629575176902, ""50057"": 1.654630783295677, ""50059"": 2.6489340711557516, ""50061"": 4.22911557582088, ""50063"": 2.6692461782493977, ""50065"": 2.9890744683316903, ""50067"": 3.6607138146569715, ""50069"": 2.977514764210154}","{""50051"": 1113, ""50053"": 0, ""50055"": 0, ""50057"": 0, ""50059"": 0, ""50061"": 0, ""50063"": 0, ""50065"": 0, ""50067"": 0, ""50069"": 0}","{""50051"": 0.02529696216889336, ""50053"": 0.025941515807496138, ""50055"": 0.025941515807496138, ""50057"": 0.025941515807496138, ""50059"": 0.025941515807496138, ""50061"": 0.025941515807496138, ""50063"": 0.025941515807496138, ""50065"": 0.025941515807496138, ""50067"": 0.025941515807496138, ""50069"": 0.025941515807496138}"
72,71,1,31,0.061627,10,"{""50051"": 6.979985874596389, ""50053"": 1.8604696450850875, ""50055"": 1.5792629575176902, ""50057"": 1.654630783295677, ""50059"": 2.6489340711557516, ""50061"": 4.22911557582088, ""50063"": 2.6692461782493977, ""50065"": 2.9890744683316903, ""50067"": 3.6607138146569715, ""50069"": 2.977514764210154}","{""50051"": 1113, ""50053"": 0, ""50055"": 0, ""50057"": 0, ""50059"": 0, ""50061"": 0, ""50063"": 0, ""50065"": 0, ""50067"": 0, ""50069"": 0}","{""50051"": 0.02529696216889336, ""50053"": 0.025941515807496138, ""50055"": 0.025941515807496138, ""50057"": 0.025941515807496138, ""50059"": 0.025941515807496138, ""50061"": 0.025941515807496138, ""50063"": 0.025941515807496138, ""50065"": 0.025941515807496138, ""50067"": 0.025941515807496138, ""50069"": 0.025941515807496138}"
73,72,1,31,0.061322,10,"{""50051"": 6.979985874596389, ""50053"": 1.8604696450850875, ""50055"": 1.5792629575176902, ""50057"": 1.654630783295677, ""50059"": 2.6489340711557516, ""50061"": 4.22911557582088, ""50063"": 2.6692461782493977, ""50065"": 2.9890744683316903, ""50067"": 3.6607138146569715, ""50069"": 2.977514764210154}","{""50051"": 1113, ""50053"": 0, ""50055"": 0, ""50057"": 0, ""50059"": 0, ""50061"": 0, ""50063"": 0, ""50065"": 0, ""50067"": 0, ""50069"": 0}","{""50051"": 0.02529696216889336, ""50053"": 0.025941515807496138, ""50055"": 0.025941515807496138, ""50057"": 0.025941515807496138, ""50059"": 0.025941515807496138, ""50061"": 0.025941515807496138, ""50063"": 0.025941515807496138, ""50065"": 0.025941515807496138, ""50067"": 0.025941515807496138, ""50069"": 0.025941515807496138}"
74,73,1,31,0.085548,10,"{""50051"": 6.979985874596389, ""50053"": 1.8604696450850875, ""50055"": 1.5792629575176902, ""50057"": 1.654630783295677, ""50059"": 2.6489340711557516, ""50061"": 4.22911557582088, ""50063"": 2.6692461782493977, ""50065"": 2.9890744683316903, ""50067"": 3.6607138146569715, ""50069"": 2.977514764210154}","{""50051"": 1113, ""50053"": 0, ""50055"": 0, ""50057"": 0, ""50059"": 0, ""50061"": 0, ""50063"": 0, ""50065"": 0, ""50067"": 0, ""50069"": 0}","{""50051"": 0.02529696216889336, ""50053"": 0.025941515807496138, ""50055"": 0.025941515807496138, ""50057"": 0.025941515807496138, ""50059"": 0.025941515807496138, ""50061"": 0.025941515807496138, ""50063"": 0.025941515807496138, ""50065"": 0.025941515807496138, ""50067"": 0.025941515807496138, ""50069"": 0.025941515807496138}"
75,74,1,31,0.080896,10,"{""50051"": 6.979985874596389, ""50053"": 1.8604696450850875, ""50055"": 1.5792629575176902, ""50057"": 1.654630783295677, ""50059"": 2.6489340711557516, ""50061"": 4.22911557582088, ""50063"": 2.6692461782493977, ""50065"": 2.9890744683316903, ""50067"": 3.6607138146569715, ""50069"": 2.977514764210154}","{""50051"": 1113, ""50053"": 0, ""50055"": 0, ""50057"": 0, ""50059"": 0, ""50061"": 0, ""50063"": 0, ""50065"": 0, ""50067"": 0, ""50069"": 0}","{""50051"": 0.02529696216889336, ""50053"": 0.025941515807496138, ""50055"": 0.025941515807496138, ""50057"": 0.025941515807496138, ""50059"": 0.025941515807496138, ""50061"": 0.025941515807496138, ""50063"": 0.025941515807496138, ""50065"": 0.025941515807496138, ""50067"": 0.025941515807496138, ""50069"": 0.025941515807496138}"
76,75,1,31,0.061711,10,"{""50051"": 6.979985874596389, ""50053"": 1.8604696450850875, ""50055"": 1.5792629575176902, ""50057"": 1.654630783295677, ""50059"": 2.6489340711557516, ""50061"": 4.22911557582088, ""50063"": 2.6692461782493977, ""50065"": 2.9890744683316903, ""50067"": 3.6607138146569715, ""50069"": 2.977514764210154}","{""50051"": 1113, ""50053"": 0, ""50055"": 0, ""50057"": 0, ""50059"": 0, ""50061"": 0, ""50063"": 0, ""50065"": 0, ""50067"": 0, ""50069"": 0}","{""50051"": 0.02529696216889336, ""50053"": 0.025941515807496138, ""50055"": 0.025941515807496138, ""50057"": 0.025941515807496138, ""50059"": 0.025941515807496138, ""50061"": 0.025941515807496138, ""50063"": 0.025941515807496138, ""50065"": 0.025941515807496138, ""50067"": 0.025941515807496138, ""50069"": 0.025941515807496138}"
77,76,1,31,0.061305,10,"{""50051"": 6.979985874596389, ""50053"": 1.8604696450850875, ""50055"": 1.5792629575176902, ""50057"": 1.654630783295677, ""50059"": 2.6489340711557516, ""50061"": 4.22911557582088, ""50063"": 2.6692461782493977, ""50065"": 2.9890744683316903, ""50067"": 3.6607138146569715, ""50069"": 2.977514764210154}","{""50051"": 1113, ""50053"": 0, ""50055"": 0, ""50057"": 0, ""50059"": 0, ""50061"": 0, ""50063"": 0, ""50065"": 0, ""50067"": 0, ""50069"": 0}","{""50051"": 0.02529696216889336, ""50053"": 0.025941515807496138, ""50055"": 0.025941515807496138, ""50057"": 0.025941515807496138, ""50059"": 0.025941515807496138, ""50061"": 0.025941515807496138, ""50063"": 0.025941515807496138, ""50065"": 0.025941515807496138, ""50067"": 0.025941515807496138, ""50069"": 0.025941515807496138}"
78,77,1,31,0.063578,10,"{""50051"": 6.979985874596389, ""50053"": 1.8604696450850875, ""50055"": 1.5792629575176902, ""50057"": 1.654630783295677, ""50059"": 2.6489340711557516, ""50061"": 4.22911557582088, ""50063"": 2.6692461782493977, ""50065"": 2.9890744683316903, ""50067"": 3.6607138146569715, ""50069"": 2.977514764210154}","{""50051"": 1113, ""50053"": 0, ""50055"": 0, ""50057"": 0, ""50059"": 0, ""50061"": 0, ""50063"": 0, ""50065"": 0, ""50067"": 0, ""50069"": 0}","{""50051"": 0.02529696216889336, ""50053"": 0.025941515807496138, ""50055"": 0.025941515807496138, ""50057"": 0.025941515807496138, ""50059"": 0.025941515807496138, ""50061"": 0.025941515807496138, ""50063"": 0.025941515807496138, ""50065"": 0.025941515807496138, ""50067"": 0.025941515807496138, ""50069"": 0.025941515807496138}"
79,78,1,31,0.061101,10,"{""50051"": 6.979985874596389, ""50053"": 1.8604696450850875, ""50055"": 1.5792629575176902, ""50057"": 1.654630783295677, ""50059"": 2.6489340711557516, ""50061"": 4.22911557582088, ""50063"": 2.6692461782493977, ""50065"": 2.9890744683316903, ""50067"": 3.6607138146569715, ""50069"": 2.977514764210154}","{""50051"": 1113, ""50053"": 0, ""50055"": 0, ""50057"": 0, ""50059"": 0, ""50061"": 0, ""50063"": 0, ""50065"": 0, ""50067"": 0, ""50069"": 0}","{""50051"": 0.02529696216889336, ""50053"": 0.025941515807496138, ""50055"": 0.025941515807496138, ""50057"": 0.025941515807496138, ""50059"": 0.025941515807496138, ""50061"": 0.025941515807496138, ""50063"": 0.025941515807496138, ""50065"": 0.025941515807496138, ""50067"": 0.025941515807496138, ""50069"": 0.025941515807496138}"
80,79,1,31,0.061103,10,"{""50051"": 6.979985874596389, ""50053"": 1.8604696450850875, ""50055"": 1.5792629575176902, ""50057"": 1.654630783295677, ""50059"": 2.6489340711557516, ""50061"": 4.22911557582088, ""50063"": 2.6692461782493977, ""50065"": 2.9890744683316903, ""50067"": 3.6607138146569715, ""50069"": 2.977514764210154}","{""50051"": 1113, ""50053"": 0, ""50055"": 0, ""50057"": 0, ""50059"": 0, ""50061"": 0, ""50063"": 0, ""50065"": 0, ""50067"": 0, ""50069"": 0}","{""50051"": 0.02529696216889336, ""50053"": 0.025941515807496138, ""50055"": 0.025941515807496138, ""50057"": 0.025941515807496138, ""50059"": 0.025941515807496138, ""50061"": 0.025941515807496138, ""50063"": 0.025941515807496138, ""50065"": 0.025941515807496138, ""50067"": 0.025941515807496138, ""50069"": 0.025941515807496138}"
81,80,1,31,0.062124,10,"{""50051"": 6.979985874596389, ""50053"": 1.8604696450850875, ""50055"": 1.5792629575176902, ""50057"": 1.654630783295677, ""50059"": 2.6489340711557516, ""50061"": 4.22911557582088, ""50063"": 2.6692461782493977, ""50065"": 2.9890744683316903, ""50067"": 3.6607138146569715, ""50069"": 2.977514764210154}","{""50051"": 1113, ""50053"": 0, ""50055"": 0, ""50057"": 0, ""50059"": 0, ""50061"": 0, ""50063"": 0, ""50065"": 0, ""50067"": 0, ""50069"": 0}","{""50051"": 0.02529696216889336, ""50053"": 0.025941515807496138, ""50055"": 0.025941515807496138, ""50057"": 0.025941515807496138, ""50059"": 0.025941515807496138, ""50061"": 0.025941515807496138, ""50063"": 0.025941515807496138, ""50065"": 0.025941515807496138, ""50067"": 0.025941515807496138, ""50069"": 0.025941515807496138}"
82,81,1,31,0.068490,10,"{""50051"": 6.979985874596389, ""50053"": 1.8604696450850875, ""50055"": 1.5792629575176902, ""50057"": 1.654630783295677, ""50059"": 2.6489340711557516, ""50061"": 4.22911557582088, ""50063"": 2.6692461782493977, ""50065"": 2.9890744683316903, ""50067"": 3.6607138146569715, ""50069"": 2.977514764210154}","{""50051"": 1113, ""50053"": 0, ""50055"": 0, ""50057"": 0, ""50059"": 0, ""50061"": 0, ""50063"": 0, ""50065"": 0, ""50067"": 0, ""50069"": 0}","{""50051"": 0.02529696216889336, ""50053"": 0.025941515807496138, ""50055"": 0.025941515807496138, ""50057"": 0.025941515807496138, ""50059"": 0.025941515807496138, ""50061"": 0.025941515807496138, ""50063"": 0.025941515807496138, ""50065"": 0.025941515807496138, ""50067"": 0.025941515807496138, ""50069"": 0.025941515807496138}"
83,82,1,31,0.071924,10,"{""50051"": 7.008557303167818, ""50053"": 1.8604696450850875, ""50055"": 1.6078343860891187, ""50057"": 1.6832022118671055, ""50059"": 2.848934071155752, ""50061"": 4.22911557582088, ""50063"": 2.6692461782493977, ""50065"": 2.9890744683316903, ""50067"": 3.6607138146569715, ""50069"": 2.977514764210154}","{""50051"": 1112, ""50053"": 0, ""50055"": 0, ""50057"": 0, ""50059"": 0, ""50061"": 0, ""50063"": 0, ""50065"": 0, ""50067"": 0, ""50069"": 0}","{""50051"": 0.025299602173494397, ""50053"": 0.025943577756301087, ""50055"": 0.025943577756301087, ""50057"": 0.025943577756301087, ""50059"": 0.025943577756301087, ""50061"": 0.025943577756301087, ""50063"": 0.025943577756301087, ""50065"": 0.025943577756301087, ""50067"": 0.025943577756301087, ""50069"": 0.025943577756301087}"
84,83,1,31,0.061624,10,"{""50051"": 7.008557303167818, ""50053"": 1.8604696450850875, ""50055"": 1.6078343860891187, ""50057"": 1.6832022118671055, ""50059"": 2.848934071155752, ""50061"": 4.22911557582088, ""50063"": 2.6692461782493977, ""50065"": 2.9890744683316903, ""50067"": 3.6607138146569715, ""50069"": 2.977514764210154}","{""50051"": 1112, ""50053"": 0, ""50055"": 0, ""50057"": 0, ""50059"": 0, ""50061"": 0, ""50063"": 0, ""50065"": 0, ""50067"": 0, ""50069"": 0}","{""50051"": 0.025299602173494397, ""50053"": 0.025943577756301087, ""50055"": 0.025943577756301087, ""50057"": 0.025943577756301087, ""50059"": 0.025943577756301087, ""50061"": 0.025943577756301087, ""50063"": 0.025943577756301087, ""50065"": 0.025943577756301087, ""50067"": 0.025943577756301087, ""50069"": 0.025943577756301087}"
85,84,1,31,0.062762,10,"{""50051"": 7.008557303167818, ""50053"": 1.8604696450850875, ""50055"": 1.6078343860891187, ""50057"": 1.6832022118671055, ""50059"": 2.848934071155752, ""50061"": 4.22911557582088, ""50063"": 2.6692461782493977, ""50065"": 2.9890744683316903, ""50067"": 3.6607138146569715, ""50069"": 2.977514764210154}","{""50051"": 1112, ""50053"": 0, ""50055"": 0, ""50057"": 0, ""50059"": 0, ""50061"": 0, ""50063"": 0, ""50065"": 0, ""50067"": 0, ""50069"": 0}","{""50051"": 0.025299602173494397, ""50053"": 0.025943577756301087, ""50055"": 0.025943577756301087, ""50057"": 0.025943577756301087, ""50059"": 0.025943577756301087, ""50061"": 0.025943577756301087, ""50063"": 0.025943577756301087, ""50065"": 0.025943577756301087, ""50067"": 0.025943577756301087, ""50069"": 0.025943577756301087}"
86,85,1,31,0.064154,10,"{""50051"": 7.008557303167818, ""50053"": 1.8604696450850875, ""50055"": 1.6078343860891187, ""50057"": 1.6832022118671055, ""50059"": 2.848934071155752, ""50061"": 4.22911557582088, ""50063"": 2.6692461782493977, ""50065"": 2.9890744683316903, ""50067"": 3.6607138146569715, ""50069"": 2.977514764210154}","{""50051"": 1112, ""50053"": 0, ""50055"": 0, ""50057"": 0, ""50059"": 0, ""50061"": 0, ""50063"": 0, ""50065"": 0, ""50067"": 0, ""50069"": 0}","{""50051"": 0.025299602173494397, ""50053"": 0.025943577756301087, ""50055"": 0.025943577756301087, ""50057"": 0.025943577756301087, ""50059"": 0.025943577756301087, ""50061"": 0.025943577756301087, ""50063"": 0.025943577756301087, ""50065"": 0.025943577756301087, ""50067"": 0.025943577756301087, ""50069"": 0.025943577756301087}"
87,86,1,31,0.071080,10,"{""50051"": 7.008557303167818, ""50053"": 1.8604696450850875, ""50055"": 1.6078343860891187, ""50057"": 1.6832022118671055, ""50059"": 2.848934071155752, ""50061"": 4.22911557582088, ""50063"": 2.6692461782493977, ""50065"": 2.9890744683316903, ""50067"": 3.6607138146569715, ""50069"": 2.977514764210154}","{""50051"": 1112, ""50053"": 0, ""50055"": 0, ""50057"": 0, ""50059"": 0, ""50061"": 0, ""50063"": 0, ""50065"": 0, ""50067"": 0, ""50069"": 0}","{""50051"": 0.025299602173494397, ""50053"": 0.025943577756301087, ""50055"": 0.025943577756301087, ""50057"": 0.025943577756301087, ""50059"": 0.025943577756301087, ""50061"": 0.025943577756301087, ""50063"": 0.025943577756301087, ""50065"": 0.025943577756301087, ""50067"": 0.025943577756301087, ""50069"": 0.025943577756301087}"
88,87,1,31,0.068554,10,"{""50051"": 7.008557303167818, ""50053"": 1.889041073656516, ""50055"": 1.6078343860891187, ""50057"": 1.711773640438534, ""50059"": 3.048934071155752, ""50061"": 4.22911557582088, ""50063"": 2.697817606820826, ""50065"": 2.9890744683316903, ""50067"": 3.6607138146569715, ""50069"": 2.977514764210154}","{""50051"": 1112, ""50053"": 0, ""50055"": 0, ""50057"": 0, ""50059"": 0, ""50061"": 0, ""50063"": 0, ""50065"": 0, ""50067"": 0, ""50069"": 0}","{""50051"": 0.025299602173494397, ""50053"": 0.025943577756301087, ""50055"": 0.025943577756301087, ""50057"": 0.025943577756301087, ""50059"": 0.025943577756301087, ""50061"": 0.025943577756301087, ""50063"": 0.025943577756301087, ""50065"": 0.025943577756301087, ""50067"": 0.025943577756301087, ""50069"": 0.025943577756301087}"
89,88,1,31,0.063470,10,"{""50051"": 7.008557303167818, ""50053"": 1.889041073656516, ""50055"": 1.6078343860891187, ""50057"": 1.711773640438534, ""50059"": 3.048934071155752, ""50061"": 4.22911557582088, ""50063"": 2.697817606820826, ""50065"": 2.9890744683316903, ""50067"": 3.6607138146569715, ""50069"": 2.977514764210154}","{""50051"": 1112, ""50053"": 0, ""50055"": 0, ""50057"": 0, ""50059"": 0, ""50061"": 0, ""50063"": 0, ""50065"": 0, ""50067"": 0, ""50069"": 0}","{""50051"": 0.025299602173494397, ""50053"": 0.025943577756301087, ""50055"": 0.025943577756301087, ""50057"": 0.025943577756301087, ""50059"": 0.025943577756301087, ""50061"": 0.025943577756301087, ""50063"": 0.025943577756301087, ""50065"": 0.025943577756301087, ""50067"": 0.025943577756301087, ""50069"": 0.025943577756301087}"
90,89,1,31,0.063481,10,"{""50051"": 7.008557303167818, ""50053"": 1.889041073656516, ""50055"": 1.6078343860891187, ""50057"": 1.711773640438534, ""50059"": 3.048934071155752, ""50061"": 4.22911557582088, ""50063"": 2.697817606820826, ""50065"": 2.9890744683316903, ""50067"": 3.6607138146569715, ""50069"": 2.977514764210154}","{""50051"": 1112, ""50053"": 0, ""50055"": 0, ""50057"": 0, ""50059"": 0, ""50061"": 0, ""50063"": 0, ""50065"": 0, ""50067"": 0, ""50069"": 0}","{""50051"": 0.025299602173494397, ""50053"": 0.025943577756301087, ""50055"": 0.025943577756301087, ""50057"": 0.025943577756301087, ""50059"": 0.025943577756301087, ""50061"": 0.025943577756301087, ""50063"": 0.025943577756301087, ""50065"": 0.025943577756301087, ""50067"": 0.025943577756301087, ""50069"": 0.025943577756301087}"
91,90,1,31,0.061733,10,"{""50051"": 7.008557303167818, ""50053"": 1.889041073656516, ""50055"": 1.6078343860891187, ""50057"": 1.711773640438534, ""50059"": 3.048934071155752, ""50061"": 4.22911557582088, ""50063"": 2.697817606820826, ""50065"": 2.9890744683316903, ""50067"": 3.6607138146569715, ""50069"": 2.977514764210154}","{""50051"": 1112, ""50053"": 0, ""50055"": 0, ""50057"": 0, ""50059"": 0, ""50061"": 0, ""50063"": 0, ""50065"": 0, ""50067"": 0, ""50069"": 0}","{""50051"": 0.025299602173494397, ""50053"": 0.025943577756301087, ""50055"": 0.025943577756301087, ""50057"": 0.025943577756301087, ""50059"": 0.025943577756301087, ""50061"": 0.025943577756301087, ""50063"": 0.025943577756301087, ""50065"": 0.025943577756301087, ""50067"": 0.025943577756301087, ""50069"": 0.025943577756301087}"
92,91,1,31,0.061479,10,"{""50051"": 7.008557303167818, ""50053"": 1.889041073656516, ""50055"": 1.6078343860891187, ""50057"": 1.711773640438534, ""50059"": 3.048934071155752, ""50061"": 4.22911557582088, ""50063"": 2.697817606820826, ""50065"": 2.9890744683316903, ""50067"": 3.6607138146569715, ""50069"": 2.977514764210154}","{""50051"": 1112, ""50053"": 0, ""50055"": 0, ""50057"": 0, ""50059"": 0, ""50061"": 0, ""50063"": 0, ""50065"": 0, ""50067"": 0, ""50069"": 0}","{""50051"": 0.025299602173494397, ""50053"": 0.025943577756301087, ""50055"": 0.025943577756301087, ""50057"": 0.025943577756301087, ""50059"": 0.025943577756301087, ""50061"": 0.025943577756301087, ""50063"": 0.025943577756301087, ""50065"": 0.025943577756301087, ""50067"": 0.025943577756301087, ""50069"": 0.025943577756301087}"
93,92,1,31,0.063300,10,"{""50051"": 7.037128731739246, ""50053"": 1.889041073656516, ""50055"": 1.6078343860891187, ""50057"": 1.7403450690099624, ""50059"": 3.248934071155752, ""50061"": 4.22911557582088, ""50063"": 2.697817606820826, ""50065"": 2.9890744683316903, ""50067"": 3.6607138146569715, ""50069"": 3.0060861927815825}","{""50051"": 1110, ""50053"": 0, ""50055"": 0, ""50057"": 0, ""50059"": 0, ""50061"": 0, ""50063"": 0, ""50065"": 0, ""50067"": 0, ""50069"": 0}","{""50051"": 0.025302227675118055, ""50053"": 0.025945043761096978, ""50055"": 0.025945043761096978, ""50057"": 0.025945043761096978, ""50059"": 0.025945043761096978, ""50061"": 0.025945043761096978, ""50063"": 0.025945043761096978, ""50065"": 0.025945043761096978, ""50067"": 0.025945043761096978, ""50069"": 0.025945043761096978}"
94,93,1,31,0.061609,10,"{""50051"": 7.205116220259058, ""50053"": 1.889041073656516, ""50055"": 1.6078343860891187, ""50057"": 1.7929147102270786, ""50059"": 3.4489340711557523, ""50061"": 4.281685217037996, ""50063"": 2.697817606820826, ""50065"": 3.0416441095488063, ""50067"": 3.6607138146569715, ""50069"": 3.0060861927815825}","{""50051"": 1102, ""50053"": 0, ""50055"": 0, ""50057"": 0, ""50059"": 0, ""50061"": 0, ""50063"": 0, ""50065"": 0, ""50067"": 0, ""50069"": 0}","{""50051"": 0.025317385885951168, ""50053"": 0.025955569934392228, ""50055"": 0.025955569934392228, ""50057"": 0.025955569934392228, ""50059"": 0.025955569934392228, ""50061"": 0.025955569934392228, ""50063"": 0.025955569934392228, ""50065"": 0.025955569934392228, ""50067"": 0.025955569934392228, ""50069"": 0.025955569934392228}"
95,94,1,31,0.069005,10,"{""50051"": 7.205116220259058, ""50053"": 1.889041073656516, ""50055"": 1.6078343860891187, ""50057"": 1.7929147102270786, ""50059"": 3.4489340711557523, ""50061"": 4.281685217037996, ""50063"": 2.697817606820826, ""50065"": 3.0416441095488063, ""50067"": 3.6607138146569715, ""50069"": 3.0060861927815825}","{""50051"": 1102, ""50053"": 0, ""50055"": 0, ""50057"": 0, ""50059"": 0, ""50061"": 0, ""50063"": 0, ""50065"": 0, ""50067"": 0, ""50069"": 0}","{""50051"": 0.025317385885951168, ""50053"": 0.025955569934392228, ""50055"": 0.025955569934392228, ""50057"": 0.025955569934392228, ""50059"": 0.025955569934392228, ""50061"": 0.025955569934392228, ""50063"": 0.025955569934392228, ""50065"": 0.025955569934392228, ""50067"": 0.025955569934392228, ""50069"": 0.025955569934392228}"
96,95,1,31,0.063252,10,"{""50051"": 7.205116220259058, ""50053"": 1.9176125022279444, ""50055"": 1.6364058146605471, ""50057"": 1.7929147102270786, ""50059"": 3.6489340711557525, ""50061"": 4.281685217037996, ""50063"": 2.697817606820826, ""50065"": 3.0416441095488063, ""50067"": 3.6892852432284, ""50069"": 3.0060861927815825}","{""50051"": 1102, ""50053"": 0, ""50055"": 0, ""50057"": 0, ""50059"": 0, ""50061"": 0, ""50063"": 0, ""50065"": 0, ""50067"": 0, ""50069"": 0}","{""50051"": 0.025317385885951168, ""50053"": 0.025955569934392228, ""50055"": 0.025955569934392228, ""50057"": 0.025955569934392228, ""50059"": 0.025955569934392228, ""50061"": 0.025955569934392228, ""50063"": 0.025955569934392228, ""50065"": 0.025955569934392228, ""50067"": 0.025955569934392228, ""50069"": 0.025955569934392228}"
97,96,1,31,0.062609,10,"{""50051"": 7.205116220259058, ""50053"": 1.9176125022279444, ""50055"": 1.6364058146605471, ""50057"": 1.7929147102270786, ""50059"": 3.6489340711557525, ""50061"": 4.281685217037996, ""50063"": 2.697817606820826, ""50065"": 3.0416441095488063, ""50067"": 3.6892852432284, ""50069"": 3.0060861927815825}","{""50051"": 1102, ""50053"": 0, ""50055"": 0, ""50057"": 0, ""50059"": 0, ""50061"": 0, ""50063"": 0, ""50065"": 0, ""50067"": 0, ""50069"": 0}","{""50051"": 0.025317385885951168, ""50053"": 0.025955569934392228, ""50055"": 0.025955569934392228, ""50057"": 0.025955569934392228, ""50059"": 0.025955569934392228, ""50061"": 0.025955569934392228, ""50063"": 0.025955569934392228, ""50065"": 0.025955569934392228, ""50067"": 0.025955569934392228, ""50069"": 0.025955569934392228}"
98,97,1,31,0.061571,10,"{""50051"": 7.205116220259058, ""50053"": 1.9176125022279444, ""50055"": 1.6364058146605471, ""50057"": 1.7929147102270786, ""50059"": 3.6489340711557525, ""50061"": 4.281685217037996, ""50063"": 2.697817606820826, ""50065"": 3.0416441095488063, ""50067"": 3.6892852432284, ""50069"": 3.0060861927815825}","{""50051"": 1102, ""50053"": 0, ""50055"": 0, ""50057"": 0, ""50059"": 0, ""50061"": 0, ""50063"": 0, ""50065"": 0, ""50067"": 0, ""50069"": 0}","{""50051"": 0.025317385885951168, ""50053"": 0.025955569934392228, ""50055"": 0.025955569934392228, ""50057"": 0.025955569934392228, ""50059"": 0.025955569934392228, ""50061"": 0.025955569934392228, ""50063"": 0.025955569934392228, ""50065"": 0.025955569934392228, ""50067"": 0.025955569934392228, ""50069"": 0.025955569934392228}"
99,98,1,31,0.062308,10,"{""50051"": 7.205116220259058, ""50053"": 1.9176125022279444, ""50055"": 1.6364058146605471, ""50057"": 1.7929147102270786, ""50059"": 3.6489340711557525, ""50061"": 4.281685217037996, ""50063"": 2.697817606820826, ""50065"": 3.0416441095488063, ""50067"": 3.6892852432284, ""50069"": 3.0060861927815825}","{""50051"": 1102, ""50053"": 0, ""50055"": 0, ""50057"": 0, ""50059"": 0, ""50061"": 0, ""50063"": 0, ""50065"": 0, ""50067"": 0, ""50069"": 0}","{""50051"": 0.025317385885951168, ""50053"": 0.025955569934392228, ""50055"": 0.025955569934392228, ""50057"": 0.025955569934392228, ""50059"": 0.025955569934392228, ""50061"": 0.025955569934392228, ""50063"": 0.025955569934392228, ""50065"": 0.025955569934392228, ""50067"": 0.025955569934392228, ""50069"": 0.025955569934392228}"
100,99,1,31,0.063299,10,"{""50051"": 7.205116220259058, ""50053"": 1.9176125022279444, ""50055"": 1.6364058146605471, ""50057"": 1.7929147102270786, ""50059"": 3.6489340711557525, ""50061"": 4.281685217037996, ""50063"": 2.697817606820826, ""50065"": 3.0416441095488063, ""50067"": 3.6892852432284, ""50069"": 3.0060861927815825}","{""50051"": 1102, ""50053"": 0, ""50055"": 0, ""50057"": 0, ""50059"": 0, ""50061"": 0, ""50063"": 0, ""50065"": 0, ""50067"": 0, ""50069"": 0}","{""50051"": 0.025317385885951168, ""50053"": 0.025955569934392228, ""50055"": 0.025955569934392228, ""50057"": 0.025955569934392228, ""50059"": 0.025955569934392228, ""50061"": 0.025955569934392228, ""50063"": 0.025955569934392228, ""50065"": 0.025955569934392228, ""50067"": 0.025955569934392228, ""50069"": 0.025955569934392228}"
1,0,1,225,0.860383,10,"{""50051"": 1.0373056650520343, ""50053"": 1.0635440493817272, ""50055"": 1.0, ""50057"": 1.0, ""50059"": 1.0635440493817272, ""50061"": 1.2, ""50063"": 1.0640956655809906, ""50065"": 1.0918573243927197, ""50067"": 1.0635440493817272, ""50069"": 1.0515496906463464}","{""50051"": 0, ""50053"": 0, ""50055"": 0, ""50057"": 0, ""50059"": 0, ""50061"": 1940, ""50063"": 0, ""50065"": 0, ""50067"": 0, ""50069"": 0}","{""50051"": 0.0248941960438029, ""50053"": 0.0248941960438029, ""50055"": 0.0248941960438029, ""50057"": 0.0248941960438029, ""50059"": 0.0248941960438029, ""50061"": 0.023770725538288778, ""50063"": 0.0248941960438029, ""50065"": 0.0248941960438029, ""50067"": 0.0248941960438029, ""50069"": 0.0248941960438029}"
2,1,1,1004,3.111468,10,"{""50051"": 1.1042284320470852, ""50053"": 1.0635440493817272, ""50055"": 1.0, ""50057"": 1.0, ""50059"": 1.1363638475475066, ""50061"": 1.2728197981657794, ""50063"": 1.13691546374677, ""50065"": 1.2918573243927196, ""50067"": 1.1817622926409705, ""50069"": 1.1761472675525086}","{""50051"": 0, ""50053"": 0, ""50055"": 0, ""50057"": 0, ""50059"": 0, ""50061"": 0, ""50063"": 0, ""50065"": 1896, ""50067"": 0, ""50069"": 0}","{""50051"": 0.024951033890981703, ""50053"": 0.024951033890981703, ""50055"": 0.024951033890981703, ""50057"": 0.024951033890981703, ""50059"": 0.024951033890981703, ""50061"": 0.024951033890981703, ""50063"": 0.024951033890981703, ""50065"": 0.023853044255323332, ""50067"": 0.024951033890981703, ""50069"": 0.024951033890981703}"
3,2,1,539,1.269016,10,"{""50051"": 1.2046477785601255, ""50053"": 1.2010318657251249, ""50055"": 1.0, ""50057"": 1.1374878163433977, ""50059"": 1.2756474282355723, ""50061"": 1.4695214520737616, ""50063"": 1.2951646514457789, ""50065"": 1.4293451407361173, ""50067"": 1.3817622926409705, ""50069"": 1.3439082131481952}","{""50051"": 0, ""50053"": 0, ""50055"": 0, ""50057"": 0, ""50059"": 0, ""50061"": 1821, ""50063"": 0, ""50065"": 0, ""50067"": 0, ""50069"": 0}","{""50051"": 0.02504694888293399, ""50053"": 0.02504694888293399, ""50055"": 0.02504694888293399, ""50057"": 0.02504694888293399, ""50059"": 0.02504694888293399, ""50061"": 0.023992393869732096, ""50063"": 0.02504694888293399, ""50065"": 0.02504694888293399, ""50067"": 0.02504694888293399, ""50069"": 0.02504694888293399}"
4,3,1,600,1.327658,10,"{""50051"": 1.3414645702405776, ""50053"": 1.337848657405577, ""50055"": 1.1368167916804521, ""50057"": 1.1374878163433977, ""50059"": 1.4159482758681903, ""50061"": 1.608510559828252, ""50063"": 1.413245715464205, ""50065"": 1.6041281893508503, ""50067"": 1.5817622926409705, ""50069"": 1.529471686891093}","{""50051"": 0, ""50053"": 0, ""50055"": 0, ""50057"": 0, ""50059"": 0, ""50061"": 1113, ""50063"": 0, ""50065"": 658, ""50067"": 0, ""50069"": 0}","{""50051"": 0.025111391756713966, ""50053"": 0.025111391756713966, ""50055"": 0.025111391756713966, ""50057"": 0.025111391756713966, ""50059"": 0.025111391756713966, ""50061"": 0.024466856517787277, ""50063"": 0.025111391756713966, ""50065"": 0.024730342319488542, ""50067"": 0.025111391756713966, ""50069"": 0.025111391756713966}"
5,4,1,237,0.512303,10,"{""50051"": 1.3414645702405776, ""50053"": 1.337848657405577, ""50055"": 1.1691778876850816, ""50057"": 1.1374878163433977, ""50059"": 1.4483093718728197, ""50061"": 1.6350382318606584, ""50063"": 1.413245715464205, ""50065"": 1.6041281893508503, ""50067"": 1.7817622926409704, ""50069"": 1.5618327828957224}","{""50051"": 0, ""50053"": 0, ""50055"": 0, ""50057"": 0, ""50059"": 0, ""50061"": 0, ""50063"": 0, ""50065"": 0, ""50067"": 1714, ""50069"": 0}","{""50051"": 0.025183150950629632, ""50053"": 0.025183150950629632, ""50055"": 0.025183150950629632, ""50057"": 0.025183150950629632, ""50059"": 0.025183150950629632, ""50061"": 0.025183150950629632, ""50063"": 0.025183150950629632, ""50065"": 0.025183150950629632, ""50067"": 0.02419056248161362, ""50069"": 0.025183150950629632}"
6,5,1,298,0.702975,10,"{""50051"": 1.4477793364199782, ""50053"": 1.3390632484905698, ""50055"": 1.2697702577938648, ""50057"": 1.1389257283974066, ""50059"": 1.5504073392104505, ""50061"": 1.8350382318606584, ""50063"": 1.5375715118897788, ""50065"": 1.7047205594596335, ""50067"": 1.950517850320846, ""50069"": 1.6624251530045056}","{""50051"": 0, ""50053"": 0, ""50055"": 0, ""50057"": 0, ""50059"": 0, ""50061"": 0, ""50063"": 0, ""50065"": 0, ""50067"": 1665, ""50069"": 0}","{""50051"": 0.02524379671581914, ""50053"": 0.02524379671581914, ""50055"": 0.02524379671581914, ""50057"": 0.02524379671581914, ""50059"": 0.02524379671581914, ""50061"": 0.02524379671581914, ""50063"": 0.02524379671581914, ""50065"": 0.02524379671581914, ""50067"": 0.024279589023482137, ""50069"": 0.02524379671581914}"
7,6,1,168,0.367638,10,"{""50051"": 1.4970404971994338, ""50053"": 1.3390632484905698, ""50055"": 1.2697702577938648, ""50057"": 1.1749792695962968, ""50059"": 1.5504073392104505, ""50061"": 1.838151859473434, ""50063"": 1.5375715118897788, ""50065"": 1.7407741006585238, ""50067"": 2.150517850320846, ""50069"": 1.6984786942033958}","{""50051"": 0, ""50053"": 0, ""50055"": 0, ""50057"": 0, ""50059"": 0, ""50061"": 0, ""50063"": 0, ""50065"": 0, ""50067"": 1615, ""50069"": 0}","{""50051"": 0.025308080067160857, ""50053"": 0.025308080067160857, ""50055"": 0.025308080067160857, ""50057"": 0.025308080067160857, ""50059"": 0.025308080067160857, ""50061"": 0.025308080067160857, ""50063"": 0.025308080067160857, ""50065"": 0.025308080067160857, ""50067"": 0.0243728260227415, ""50069"": 0.025308080067160857}"
8,7,1,222,0.485552,10,"{""50051"": 1.6604806423498575, ""50053"": 1.3390632484905698, ""50055"": 1.288000910039961, ""50057"": 1.1749792695962968, ""50059"": 1.6429532325574334, ""50061"": 2.0381518594734342, ""50063"": 1.6531309454147065, ""50065"": 1.891365123165956, ""50067"": 2.243063743667829, ""50069"": 1.7910245875503787}","{""50051"": 0, ""50053"": 0, ""50055"": 0, ""50057"": 0, ""50059"": 0, ""50061"": 0, ""50063"": 0, ""50065"": 0, ""50067"": 1593, ""50069"": 0}","{""50051"": 0.025334704249949408, ""50053"": 0.025334704249949408, ""50055"": 0.025334704249949408, ""50057"": 0.025334704249949408, ""50059"": 0.025334704249949408, ""50061"": 0.025334704249949408, ""50063"": 0.025334704249949408, ""50065"": 0.025334704249949408, ""50067"": 0.02441219390580032, ""50069"": 0.025334704249949408}"
9,8,1,200,0.448110,10,"{""50051"": 1.8604806423498574, ""50053"": 1.3390632484905698, ""50055"": 1.288000910039961, ""50057"": 1.1749792695962968, ""50059"": 1.7144433560974515, ""50061"": 2.1096419830134523, ""50063"": 1.7246210689547246, ""50065"": 1.9954125583956994, ""50067"": 2.358563043018804, ""50069"": 1.8719087177497868}","{""50051"": 0, ""50053"": 0, ""50055"": 0, ""50057"": 0, ""50059"": 0, ""50061"": 0, ""50063"": 0, ""50065"": 0, ""50067"": 1568, ""50069"": 0}","{""50051"": 0.02536646290905424, ""50053"": 0.02536646290905424, ""50055"": 0.02536646290905424, ""50057"": 0.02536646290905424, ""50059"": 0.02536646290905424, ""50061"": 0.02536646290905424, ""50063"": 0.02536646290905424, ""50065"": 0.02536646290905424, ""50067"": 0.02445843008055364, ""50069"": 0.02536646290905424}"
10,9,1,314,0.697533,10,"{""50051"": 2.031798624036373, ""50053"": 1.3390632484905698, ""50055"": 1.288000910039961, ""50057"": 1.1749792695962968, ""50059"": 1.807428668354208, ""50061"": 2.3096419830134525, ""50063"": 1.8453902678950536, ""50065"": 2.088397870652456, ""50067"": 2.4515483552755604, ""50069"": 2.0307187229202386}","{""50051"": 0, ""50053"": 0, ""50055"": 0, ""50057"": 0, ""50059"": 0, ""50061"": 0, ""50063"": 0, ""50065"": 0, ""50067"": 1549, ""50069"": 0}","{""50051"": 0.025390571240469895, ""50053"": 0.025390571240469895, ""50055"": 0.025390571240469895, ""50057"": 0.025390571240469895, ""50059"": 0.025390571240469895, ""50061"": 0.025390571240469895, ""50063"": 0.025390571240469895, ""50065"": 0.025390571240469895, ""50067"": 0.024493541305807484, ""50069"": 0.025390571240469895}"
11,10,1,794,1.760796,10,"{""50051"": 2.1031923412580555, ""50053"": 1.3390632484905698, ""50055"": 1.288000910039961, ""50057"": 1.1749792695962968, ""50059"": 1.8900094627625543, ""50061"": 2.5096419830134526, ""50063"": 1.9167839851167363, ""50065"": 2.1861588874703197, ""50067"": 2.5709625646011296, ""50069"": 2.102112440141921}","{""50051"": 0, ""50053"": 0, ""50055"": 0, ""50057"": 0, ""50059"": 0, ""50061"": 0, ""50063"": 0, ""50065"": 0, ""50067"": 1526, ""50069"": 0}","{""50051"": 0.025419855216606016, ""50053"": 0.025419855216606016, ""50055"": 0.025419855216606016, ""50057"": 0.025419855216606016, ""50059"": 0.025419855216606016, ""50061"": 0.025419855216606016, ""50063"": 0.025419855216606016, ""50065"": 0.025419855216606016, ""50067"": 0.024536144192796646, ""50069"": 0.025419855216606016}"
12,11,1,446,0.983565,10,"{""50051"": 2.2200529524412436, ""50053"": 1.4559238596737578, ""50055"": 1.288000910039961, ""50057"": 1.1749792695962968, ""50059"": 2.048169824162254, ""50061"": 2.6743473537582587, ""50063"": 2.059110834954697, ""50065"": 2.3030194986535077, ""50067"": 2.7709625646011298, ""50069"": 2.2549441364417713}","{""50051"": 0, ""50053"": 0, ""50055"": 0, ""50057"": 0, ""50059"": 0, ""50061"": 0, ""50063"": 0, ""50065"": 0, ""50067"": 1490, ""50069"": 0}","{""50051"": 0.025464825963114307, ""50053"": 0.025464825963114307, ""50055"": 0.025464825963114307, ""50057"": 0.025464825963114307, ""50059"": 0.025464825963114307, ""50061"": 0.025464825963114307, ""50063"": 0.025464825963114307, ""50065"": 0.025464825963114307, ""50067"": 0.024601964066403904, ""50069"": 0.025464825963114307}"
13,12,1,755,1.687595,10,"{""50051"": 2.4200529524412437, ""50053"": 1.4559238596737578, ""50055"": 1.319597184232596, ""50057"": 1.1749792695962968, ""50059"": 2.0566264446665845, ""50061"": 2.7059436279508935, ""50063"": 2.059110834954697, ""50065"": 2.3030194986535077, ""50067"": 2.783679863445244, ""50069"": 2.286540410634406}","{""50051"": 0, ""50053"": 0, ""50055"": 0, ""50057"": 0, ""50059"": 0, ""50061"": 0, ""50063"": 0, ""50065"": 0, ""50067"": 1488, ""50069"": 0}","{""50051"": 0.02546764132966882, ""50053"": 0.02546764132966882, ""50055"": 0.02546764132966882, ""50057"": 0.02546764132966882, ""50059"": 0.02546764132966882, ""50061"": 0.02546764132966882, ""50063"": 0.02546764132966882, ""50065"": 0.02546764132966882, ""50067"": 0.024605936827610083, ""50069"": 0.02546764132966882}"
14,13,1,124,0.288835,10,"{""50051"": 2.568791121999255, ""50053"": 1.4559238596737578, ""50055"": 1.319597184232596, ""50057"": 1.2577240886411527, ""50059"": 2.0873330316060574, ""50061"": 2.9059436279508937, ""50063"": 2.123563486631751, ""50065"": 2.3857643176983636, ""50067"": 2.918996188584697, ""50069"": 2.369285229679262}","{""50051"": 0, ""50053"": 0, ""50055"": 0, ""50057"": 0, ""50059"": 0, ""50061"": 716, ""50063"": 0, ""50065"": 0, ""50067"": 752, ""50069"": 0}","{""50051"": 0.025495043901397174, ""50053"": 0.025495043901397174, ""50055"": 0.025495043901397174, ""50057"": 0.025495043901397174, ""50059"": 0.025495043901397174, ""50061"": 0.02508040376720848, ""50063"": 0.025495043901397174, ""50065"": 0.025495043901397174, ""50067"": 0.025059575281998692, ""50069"": 0.025495043901397174}"
15,14,1,426,0.933549,10,"{""50051"": 2.634635943348461, ""50053"": 1.4559238596737578, ""50055"": 1.3854420055818015, ""50057"": 1.2577240886411527, ""50059"": 2.176903977464694, ""50061"": 3.105943627950894, ""50063"": 2.157383049394084, ""50065"": 2.4471846155203365, ""50067"": 2.984841009933903, ""50069"": 2.4453881726807594}","{""50051"": 0, ""50053"": 0, ""50055"": 0, ""50057"": 0, ""50059"": 0, ""50061"": 1436, ""50063"": 0, ""50065"": 0, ""50067"": 0, ""50069"": 0}","{""50051"": 0.02553086428974087, ""50053"": 0.02553086428974087, ""50055"": 0.02553086428974087, ""50057"": 0.02553086428974087, ""50059"": 0.02553086428974087, ""50061"": 0.024699279766021116, ""50063"": 0.02553086428974087, ""50065"": 0.02553086428974087, ""50067"": 0.02553086428974087, ""50069"": 0.02553086428974087}"
16,15,1,253,0.573888,10,"{""50051"": 2.815058320131656, ""50053"": 1.4559238596737578, ""50055"": 1.3854420055818015, ""50057"": 1.2577240886411527, ""50059"": 2.2531619544401686, ""50061"": 3.305943627950894, ""50063"": 2.2196273331384715, ""50065"": 2.5234425924958113, ""50067"": 3.0610989869093777, ""50069"": 2.5365273509815003}","{""50051"": 0, ""50053"": 0, ""50055"": 0, ""50057"": 0, ""50059"": 0, ""50061"": 1408, ""50063"": 0, ""50065"": 0, ""50067"": 0, ""50069"": 0}","{""50051"": 0.025566394167494108, ""50053"": 0.025566394167494108, ""50055"": 0.025566394167494108, ""50057"": 0.025566394167494108, ""50059"": 0.025566394167494108, ""50061"": 0.024751023646943694, ""50063"": 0.025566394167494108, ""50065"": 0.025566394167494108, ""50067"": 0.025566394167494108, ""50069"": 0.025566394167494108}"
17,16,1,286,0.637120,10,"{""50051"": 2.92987821840138, ""50053"": 1.570743757943482, ""50055"": 1.3854420055818015, ""50057"": 1.3725439869108769, ""50059"": 2.3340425573870585, ""50061"": 3.491218799473557, ""50063"": 2.3145946776097674, ""50065"": 2.6161666925574045, ""50067"": 3.261098986909378, ""50069"": 2.686419419867127}","{""50051"": 0, ""50053"": 0, ""50055"": 0, ""50057"": 0, ""50059"": 0, ""50061"": 1384, ""50063"": 0, ""50065"": 0, ""50067"": 0, ""50069"": 0}","{""50051"": 0.025596878839341627, ""50053"": 0.025596878839341627, ""50055"": 0.025596878839341627, ""50057"": 0.025596878839341627, ""50059"": 0.025596878839341627, ""50061"": 0.024795405763375952, ""50063"": 0.025596878839341627, ""50065"": 0.025596878839341627, ""50067"": 0.025596878839341627, ""50069"": 0.025596878839341627}"
18,17,1,286,0.648456,10,"{""50051"": 2.92987821840138, ""50053"": 1.570743757943482, ""50055"": 1.3854420055818015, ""50057"": 1.3725439869108769, ""50059"": 2.3340425573870585, ""50061"": 3.491218799473557, ""50063"": 2.3145946776097674, ""50065"": 2.6161666925574045, ""50067"": 3.261098986909378, ""50069"": 2.686419419867127}","{""50051"": 0, ""50053"": 0, ""50055"": 0, ""50057"": 0, ""50059"": 0, ""50061"": 1384, ""50063"": 0, ""50065"": 0, ""50067"": 0, ""50069"": 0}","{""50051"": 0.025596878839341627, ""50053"": 0.025596878839341627, ""50055"": 0.025596878839341627, ""50057"": 0.025596878839341627, ""50059"": 0.025596878839341627, ""50061"": 0.024795405763375952, ""50063"": 0.025596878839341627, ""50065"": 0.025596878839341627, ""50067"": 0.025596878839341627, ""50069"": 0.025596878839341627}"
19,18,1,286,0.627967,10,"{""50051"": 2.92987821840138, ""50053"": 1.570743757943482, ""50055"": 1.3854420055818015, ""50057"": 1.3725439869108769, ""50059"": 2.3340425573870585, ""50061"": 3.491218799473557, ""50063"": 2.3145946776097674, ""50065"": 2.6161666925574045, ""50067"": 3.261098986909378, ""50069"": 2.686419419867127}","{""50051"": 0, ""50053"": 0, ""50055"": 0, ""50057"": 0, ""50059"": 0, ""50061"": 1384, ""50063"": 0, ""50065"": 0, ""50067"": 0, ""50069"": 0}","{""50051"": 0.025596878839341627, ""50053"": 0.025596878839341627, ""50055"": 0.025596878839341627, ""50057"": 0.025596878839341627, ""50059"": 0.025596878839341627, ""50061"": 0.024795405763375952, ""50063"": 0.025596878839341627, ""50065"": 0.025596878839341627, ""50067"": 0.025596878839341627, ""50069"": 0.025596878839341627}"
20,19,1,246,0.558710,10,"{""50051"": 3.1298782184013803, ""50053"": 1.629671526848106, ""50055"": 1.3854420055818015, ""50057"": 1.4314717558155008, ""50059"": 2.3690422544055854, ""50061"": 3.58351011029781, ""50063"": 2.373522446514391, ""50065"": 2.652807009963902, ""50067"": 3.3050792326822016, ""50069"": 2.6910022311773933}","{""50051"": 0, ""50053"": 0, ""50055"": 0, ""50057"": 0, ""50059"": 0, ""50061"": 1372, ""50063"": 0, ""50065"": 0, ""50067"": 0, ""50069"": 0}","{""50051"": 0.025610892443334435, ""50053"": 0.025610892443334435, ""50055"": 0.025610892443334435, ""50057"": 0.025610892443334435, ""50059"": 0.025610892443334435, ""50061"": 0.024816371761594885, ""50063"": 0.025610892443334435, ""50065"": 0.025610892443334435, ""50067"": 0.025610892443334435, ""50069"": 0.025610892443334435}"
21,20,1,248,0.543679,10,"{""50051"": 3.3298782184013804, ""50053"": 1.6582429554195344, ""50055"": 1.3854420055818015, ""50057"": 1.4314717558155008, ""50059"": 2.3690422544055854, ""50061"": 3.6120815388692384, ""50063"": 2.373522446514391, ""50065"": 2.6813784385353303, ""50067"": 3.3050792326822016, ""50069"": 2.6910022311773933}","{""50051"": 0, ""50053"": 0, ""50055"": 0, ""50057"": 0, ""50059"": 0, ""50061"": 1369, ""50063"": 0, ""50065"": 0, ""50067"": 0, ""50069"": 0}","{""50051"": 0.0256155047731782, ""50053"": 0.0256155047731782, ""50055"": 0.0256155047731782, ""50057"": 0.0256155047731782, ""50059"": 0.0256155047731782, ""50061"": 0.02482271881190862, ""50063"": 0.0256155047731782, ""50065"": 0.0256155047731782, ""50067"": 0.0256155047731782, ""50069"": 0.0256155047731782}"
22,21,1,190,0.454121,10,"{""50051"": 3.3799858745963864, ""50053"": 1.6582429554195344, ""50055"": 1.3854420055818015, ""50057"": 1.4314717558155008, ""50059"": 2.4191499106005914, ""50061"": 3.8120815388692386, ""50063"": 2.423630102709397, ""50065"": 2.728827720704401, ""50067"": 3.3616174971433166, ""50069"": 2.737768277912248}","{""50051"": 0, ""50053"": 0, ""50055"": 0, ""50057"": 0, ""50059"": 0, ""50061"": 1345, ""50063"": 0, ""50065"": 0, ""50067"": 0, ""50069"": 0}","{""50051"": 0.025644251622005565, ""50053"": 0.025644251622005565, ""50055"": 0.025644251622005565, ""50057"": 0.025644251622005565, ""50059"": 0.025644251622005565, ""50061"": 0.024865368235784276, ""50063"": 0.025644251622005565, ""50065"": 0.025644251622005565, ""50067"": 0.025644251622005565, ""50069"": 0.025644251622005565}"
23,22,1,279,0.606180,10,"{""50051"": 3.5799858745963866, ""50053"": 1.6582429554195344, ""50055"": 1.3854420055818015, ""50057"": 1.4314717558155008, ""50059"": 2.4191499106005914, ""50061"": 3.830733028453868, ""50063"": 2.4548660297929157, ""50065"": 2.7600636477879195, ""50067"": 3.392853424226835, ""50069"": 2.737768277912248}","{""50051"": 0, ""50053"": 0, ""50055"": 0, ""50057"": 0, ""50059"": 0, ""50061"": 1343, ""50063"": 0, ""50065"": 0, ""50067"": 0, ""50069"": 0}","{""50051"": 0.025646920666294315, ""50053"": 0.025646920666294315, ""50055"": 0.025646920666294315, ""50057"": 0.025646920666294315, ""50059"": 0.025646920666294315, ""50061"": 0.02486919497739059, ""50063"": 0.025646920666294315, ""50065"": 0.025646920666294315, ""50067"": 0.025646920666294315, ""50069"": 0.025646920666294315}"
24,23,1,731,1.611640,10,"{""50051"": 3.779985874596387, ""50053"": 1.6868143839909628, ""50055"": 1.3854420055818015, ""50057"": 1.4314717558155008, ""50059"": 2.4191499106005914, ""50061"": 3.8593044570252966, ""50063"": 2.483437458364344, ""50065"": 2.7600636477879195, ""50067"": 3.392853424226835, ""50069"": 2.737768277912248}","{""50051"": 0, ""50053"": 0, ""50055"": 0, ""50057"": 0, ""50059"": 0, ""50061"": 1340, ""50063"": 0, ""50065"": 0, ""50067"": 0, ""50069"": 0}","{""50051"": 0.02565099899954243, ""50053"": 0.02565099899954243, ""50055"": 0.02565099899954243, ""50057"": 0.02565099899954243, ""50059"": 0.02565099899954243, ""50061"": 0.02487500961840676, ""50063"": 0.02565099899954243, ""50065"": 0.02565099899954243, ""50067"": 0.02565099899954243, ""50069"": 0.02565099899954243}"
25,24,1,731,1.615449,10,"{""50051"": 3.779985874596387, ""50053"": 1.6868143839909628, ""50055"": 1.3854420055818015, ""50057"": 1.4314717558155008, ""50059"": 2.4191499106005914, ""50061"": 3.8593044570252966, ""50063"": 2.483437458364344, ""50065"": 2.7600636477879195, ""50067"": 3.392853424226835, ""50069"": 2.737768277912248}","{""50051"": 0, ""50053"": 0, ""50055"": 0, ""50057"": 0, ""50059"": 0, ""50061"": 1340, ""50063"": 0, ""50065"": 0, ""50067"": 0, ""50069"": 0}","{""50051"": 0.02565099899954243, ""50053"": 0.02565099899954243, ""50055"": 0.02565099899954243, ""50057"": 0.02565099899954243, ""50059"": 0.02565099899954243, ""50061"": 0.02487500961840676, ""50063"": 0.02565099899954243, ""50065"": 0.02565099899954243, ""50067"": 0.02565099899954243, ""50069"": 0.02565099899954243}"
26,25,1,706,1.560222,10,"{""50051"": 3.979985874596387, ""50053"": 1.6868143839909628, ""50055"": 1.3854420055818015, ""50057"": 1.4600431843869293, ""50059"": 2.4191499106005914, ""50061"": 3.887875885596725, ""50063"": 2.483437458364344, ""50065"": 2.7600636477879195, ""50067"": 3.392853424226835, ""50069"": 2.7663397064836763}","{""50051"": 1327, ""50053"": 0, ""50055"": 0, ""50057"": 0, ""50059"": 0, ""50061"": 0, ""50063"": 0, ""50065"": 0, ""50067"": 0, ""50069"": 0}","{""50051"": 0.024898957625411618, ""50053"": 0.025667419138135375, ""50055"": 0.025667419138135375, ""50057"": 0.025667419138135375, ""50059"": 0.025667419138135375, ""50061"": 0.025667419138135375, ""50063"": 0.025667419138135375, ""50065"": 0.025667419138135375, ""50067"": 0.025667419138135375, ""50069"": 0.025667419138135375}"
27,26,1,706,1.586944,10,"{""50051"": 3.979985874596387, ""50053"": 1.6868143839909628, ""50055"": 1.3854420055818015, ""50057"": 1.4600431843869293, ""50059"": 2.4191499106005914, ""50061"": 3.887875885596725, ""50063"": 2.483437458364344, ""50065"": 2.7600636477879195, ""50067"": 3.392853424226835, ""50069"": 2.7663397064836763}","{""50051"": 1327, ""50053"": 0, ""50055"": 0, ""50057"": 0, ""50059"": 0, ""50061"": 0, ""50063"": 0, ""50065"": 0, ""50067"": 0, ""50069"": 0}","{""50051"": 0.024898957625411618, ""50053"": 0.025667419138135375, ""50055"": 0.025667419138135375, ""50057"": 0.025667419138135375, ""50059"": 0.025667419138135375, ""50061"": 0.025667419138135375, ""50063"": 0.025667419138135375, ""50065"": 0.025667419138135375, ""50067"": 0.025667419138135375, ""50069"": 0.025667419138135375}"
28,27,1,271,0.626512,10,"{""50051"": 4.179985874596387, ""50053"": 1.7153858125623913, ""50055"": 1.41401343415323, ""50057"": 1.4600431843869293, ""50059"": 2.4191499106005914, ""50061"": 3.887875885596725, ""50063"": 2.5120088869357726, ""50065"": 2.7600636477879195, ""50067"": 3.392853424226835, ""50069"": 2.7663397064836763}","{""50051"": 1306, ""50053"": 0, ""50055"": 0, ""50057"": 0, ""50059"": 0, ""50061"": 0, ""50063"": 0, ""50065"": 0, ""50067"": 0, ""50069"": 0}","{""50051"": 0.024936608889164418, ""50053"": 0.025692906783053443, ""50055"": 0.025692906783053443, ""50057"": 0.025692906783053443, ""50059"": 0.025692906783053443, ""50061"": 0.025692906783053443, ""50063"": 0.025692906783053443, ""50065"": 0.025692906783053443, ""50067"": 0.025692906783053443, ""50069"": 0.025692906783053443}"
29,28,1,271,0.716828,10,"{""50051"": 4.179985874596387, ""50053"": 1.7153858125623913, ""50055"": 1.41401343415323, ""50057"": 1.4600431843869293, ""50059"": 2.4191499106005914, ""50061"": 3.887875885596725, ""50063"": 2.5120088869357726, ""50065"": 2.7600636477879195, ""50067"": 3.392853424226835, ""50069"": 2.7663397064836763}","{""50051"": 1306, ""50053"": 0, ""50055"": 0, ""50057"": 0, ""50059"": 0, ""50061"": 0, ""50063"": 0, ""50065"": 0, ""50067"": 0, ""50069"": 0}","{""50051"": 0.024936608889164418, ""50053"": 0.025692906783053443, ""50055"": 0.025692906783053443, ""50057"": 0.025692906783053443, ""50059"": 0.025692906783053443, ""50061"": 0.025692906783053443, ""50063"": 0.025692906783053443, ""50065"": 0.025692906783053443, ""50067"": 0.025692906783053443, ""50069"": 0.025692906783053443}"
30,29,1,271,0.625680,10,"{""50051"": 4.179985874596387, ""50053"": 1.7153858125623913, ""50055"": 1.41401343415323, ""50057"": 1.4600431843869293, ""50059"": 2.4191499106005914, ""50061"": 3.887875885596725, ""50063"": 2.5120088869357726, ""50065"": 2.7600636477879195, ""50067"": 3.392853424226835, ""50069"": 2.7663397064836763}","{""50051"": 1306, ""50053"": 0, ""50055"": 0, ""50057"": 0, ""50059"": 0, ""50061"": 0, ""50063"": 0, ""50065"": 0, ""50067"": 0, ""50069"": 0}","{""50051"": 0.024936608889164418, ""50053"": 0.025692906783053443, ""50055"": 0.025692906783053443, ""50057"": 0.025692906783053443, ""50059"": 0.025692906783053443, ""50061"": 0.025692906783053443, ""50063"": 0.025692906783053443, ""50065"": 0.025692906783053443, ""50067"": 0.025692906783053443, ""50069"": 0.025692906783053443}"
31,30,1,271,0.624950,10,"{""50051"": 4.179985874596387, ""50053"": 1.7153858125623913, ""50055"": 1.41401343415323, ""50057"": 1.4600431843869293, ""50059"": 2.4191499106005914, ""50061"": 3.887875885596725, ""50063"": 2.5120088869357726, ""50065"": 2.7600636477879195, ""50067"": 3.392853424226835, ""50069"": 2.7663397064836763}","{""50051"": 1306, ""50053"": 0, ""50055"": 0, ""50057"": 0, ""50059"": 0, ""50061"": 0, ""50063"": 0, ""50065"": 0, ""50067"": 0, ""50069"": 0}","{""50051"": 0.024936608889164418, ""50053"": 0.025692906783053443, ""50055"": 0.025692906783053443, ""50057"": 0.025692906783053443, ""50059"": 0.025692906783053443, ""50061"": 0.025692906783053443, ""50063"": 0.025692906783053443, ""50065"": 0.025692906783053443, ""50067"": 0.025692906783053443, ""50069"": 0.025692906783053443}"
32,31,1,197,0.691764,10,"{""50051"": 4.379985874596387, ""50053"": 1.7153858125623913, ""50055"": 1.41401343415323, ""50057"": 1.4600431843869293, ""50059"": 2.4191499106005914, ""50061"": 3.9164473141681535, ""50063"": 2.540580315507201, ""50065"": 2.7600636477879195, ""50067"": 3.4214248527982636, ""50069"": 2.7663397064836763}","{""50051"": 1287, ""50053"": 0, ""50055"": 0, ""50057"": 0, ""50059"": 0, ""50061"": 0, ""50063"": 0, ""50065"": 0, ""50067"": 0, ""50069"": 0}","{""50051"": 0.024971956686361377, ""50053"": 0.025717253615783878, ""50055"": 0.025717253615783878, ""50057"": 0.025717253615783878, ""50059"": 0.025717253615783878, ""50061"": 0.025717253615783878, ""50063"": 0.025717253615783878, ""50065"": 0.025717253615783878, ""50067"": 0.025717253615783878, ""50069"": 0.025717253615783878}"
33,32,1,168,0.637554,10,"{""50051"": 4.579985874596387, ""50053"": 1.7153858125623913, ""50055"": 1.41401343415323, ""50057"": 1.492192844982392, ""50059"": 2.4191499106005914, ""50061"": 3.9414949383363935, ""50063"": 2.572729976102664, ""50065"": 2.7600636477879195, ""50067"": 3.4535745133937263, ""50069"": 2.7663397064836763}","{""50051"": 1268, ""50053"": 0, ""50055"": 0, ""50057"": 0, ""50059"": 0, ""50061"": 0, ""50063"": 0, ""50065"": 0, ""50067"": 0, ""50069"": 0}","{""50051"": 0.025005236892421744, ""50053"": 0.02573952614768517, ""50055"": 0.02573952614768517, ""50057"": 0.02573952614768517, ""50059"": 0.02573952614768517, ""50061"": 0.02573952614768517, ""50063"": 0.02573952614768517, ""50065"": 0.02573952614768517, ""50067"": 0.02573952614768517, ""50069"": 0.02573952614768517}"
34,33,1,149,0.569012,10,"{""50051"": 4.779985874596387, ""50053"": 1.7439572411338198, ""50055"": 1.41401343415323, ""50057"": 1.492192844982392, ""50059"": 2.4191499106005914, ""50061"": 3.9414949383363935, ""50063"": 2.572729976102664, ""50065"": 2.788635076359348, ""50067"": 3.482145941965155, ""50069"": 2.7663397064836763}","{""50051"": 1251, ""50053"": 0, ""50055"": 0, ""50057"": 0, ""50059"": 0, ""50061"": 0, ""50063"": 0, ""50065"": 0, ""50067"": 0, ""50069"": 0}","{""50051"": 0.025036653556442006, ""50053"": 0.025761099314410646, ""50055"": 0.025761099314410646, ""50057"": 0.025761099314410646, ""50059"": 0.025761099314410646, ""50061"": 0.025761099314410646, ""50063"": 0.025761099314410646, ""50065"": 0.025761099314410646, ""50067"": 0.025761099314410646, ""50069"": 0.025761099314410646}"
35,34,1,149,0.590006,10,"{""50051"": 4.779985874596387, ""50053"": 1.7439572411338198, ""50055"": 1.41401343415323, ""50057"": 1.492192844982392, ""50059"": 2.4191499106005914, ""50061"": 3.9414949383363935, ""50063"": 2.572729976102664, ""50065"": 2.788635076359348, ""50067"": 3.482145941965155, ""50069"": 2.7663397064836763}","{""50051"": 1251, ""50053"": 0, ""50055"": 0, ""50057"": 0, ""50059"": 0, ""50061"": 0, ""50063"": 0, ""50065"": 0, ""50067"": 0, ""50069"": 0}","{""50051"": 0.025036653556442006, ""50053"": 0.025761099314410646, ""50055"": 0.025761099314410646, ""50057"": 0.025761099314410646, ""50059"": 0.025761099314410646, ""50061"": 0.025761099314410646, ""50063"": 0.025761099314410646, ""50065"": 0.025761099314410646, ""50067"": 0.025761099314410646, ""50069"": 0.025761099314410646}"
36,35,1,149,0.562988,10,"{""50051"": 4.779985874596387, ""50053"": 1.7439572411338198, ""50055"": 1.41401343415323, ""50057"": 1.492192844982392, ""50059"": 2.4191499106005914, ""50061"": 3.9414949383363935, ""50063"": 2.572729976102664, ""50065"": 2.788635076359348, ""50067"": 3.482145941965155, ""50069"": 2.7663397064836763}","{""50051"": 1251, ""50053"": 0, ""50055"": 0, ""50057"": 0, ""50059"": 0, ""50061"": 0, ""50063"": 0, ""50065"": 0, ""50067"": 0, ""50069"": 0}","{""50051"": 0.025036653556442006, ""50053"": 0.025761099314410646, ""50055"": 0.025761099314410646, ""50057"": 0.025761099314410646, ""50059"": 0.025761099314410646, ""50061"": 0.025761099314410646, ""50063"": 0.025761099314410646, ""50065"": 0.025761099314410646, ""50067"": 0.025761099314410646, ""50069"": 0.025761099314410646}"
37,36,1,149,0.567022,10,"{""50051"": 4.779985874596387, ""50053"": 1.7439572411338198, ""50055"": 1.41401343415323, ""50057"": 1.492192844982392, ""50059"": 2.4191499106005914, ""50061"": 3.9414949383363935, ""50063"": 2.572729976102664, ""50065"": 2.788635076359348, ""50067"": 3.482145941965155, ""50069"": 2.7663397064836763}","{""50051"": 1251, ""50053"": 0, ""50055"": 0, ""50057"": 0, ""50059"": 0, ""50061"": 0, ""50063"": 0, ""50065"": 0, ""50067"": 0, ""50069"": 0}","{""50051"": 0.025036653556442006, ""50053"": 0.025761099314410646, ""50055"": 0.025761099314410646, ""50057"": 0.025761099314410646, ""50059"": 0.025761099314410646, ""50061"": 0.025761099314410646, ""50063"": 0.025761099314410646, ""50065"": 0.025761099314410646, ""50067"": 0.025761099314410646, ""50069"": 0.025761099314410646}"
38,37,1,143,0.540121,10,"{""50051"": 4.979985874596387, ""50053"": 1.7439572411338198, ""50055"": 1.4935486718034048, ""50057"": 1.492192844982392, ""50059"": 2.4986851482507664, ""50061"": 4.040072240867313, ""50063"": 2.6121033211065408, ""50065"": 2.8747887540459764, ""50067"": 3.6147882802949542, ""50069"": 2.8458749441338513}","{""50051"": 1235, ""50053"": 0, ""50055"": 0, ""50057"": 0, ""50059"": 0, ""50061"": 0, ""50063"": 0, ""50065"": 0, ""50067"": 0, ""50069"": 0}","{""50051"": 0.025066382024568915, ""50053"": 0.02578156396378692, ""50055"": 0.02578156396378692, ""50057"": 0.02578156396378692, ""50059"": 0.02578156396378692, ""50061"": 0.02578156396378692, ""50063"": 0.02578156396378692, ""50065"": 0.02578156396378692, ""50067"": 0.02578156396378692, ""50069"": 0.02578156396378692}"
39,38,1,134,0.509057,10,"{""50051"": 5.179985874596388, ""50053"": 1.7725286697052482, ""50055"": 1.4935486718034048, ""50057"": 1.492192844982392, ""50059"": 2.527256576822195, ""50061"": 4.040072240867313, ""50063"": 2.6121033211065408, ""50065"": 2.903360182617405, ""50067"": 3.6147882802949542, ""50069"": 2.8458749441338513}","{""50051"": 1219, ""50053"": 0, ""50055"": 0, ""50057"": 0, ""50059"": 0, ""50061"": 0, ""50063"": 0, ""50065"": 0, ""50067"": 0, ""50069"": 0}","{""50051"": 0.025094575136925715, ""50053"": 0.02580048805853928, ""50055"": 0.02580048805853928, ""50057"": 0.02580048805853928, ""50059"": 0.02580048805853928, ""50061"": 0.02580048805853928, ""50063"": 0.02580048805853928, ""50065"": 0.02580048805853928, ""50067"": 0.02580048805853928, ""50069"": 0.02580048805853928}"
40,39,1,127,0.481327,10,"{""50051"": 5.379985874596388, ""50053"": 1.8011000982766767, ""50055"": 1.4935486718034048, ""50057"": 1.5207642735538205, ""50059"": 2.527256576822195, ""50061"": 4.040072240867313, ""50063"": 2.6121033211065408, ""50065"": 2.9319316111888334, ""50067"": 3.6147882802949542, ""50069"": 2.8458749441338513}","{""50051"": 1204, ""50053"": 0, ""50055"": 0, ""50057"": 0, ""50059"": 0, ""50061"": 0, ""50063"": 0, ""50065"": 0, ""50067"": 0, ""50069"": 0}","{""50051"": 0.02512136705112961, ""50053"": 0.025818591511108227, ""50055"": 0.025818591511108227, ""50057"": 0.025818591511108227, ""50059"": 0.025818591511108227, ""50061"": 0.025818591511108227, ""50063"": 0.025818591511108227, ""50065"": 0.025818591511108227, ""50067"": 0.025818591511108227, ""50069"": 0.025818591511108227}"
41,40,1,127,0.299332,10,"{""50051"": 5.379985874596388, ""50053"": 1.8011000982766767, ""50055"": 1.4935486718034048, ""50057"": 1.5207642735538205, ""50059"": 2.527256576822195, ""50061"": 4.040072240867313, ""50063"": 2.6121033211065408, ""50065"": 2.9319316111888334, ""50067"": 3.6147882802949542, ""50069"": 2.8458749441338513}","{""50051"": 1204, ""50053"": 0, ""50055"": 0, ""50057"": 0, ""50059"": 0, ""50061"": 0, ""50063"": 0, ""50065"": 0, ""50067"": 0, ""50069"": 0}","{""50051"": 0.02512136705112961, ""50053"": 0.025818591511108227, ""50055"": 0.025818591511108227, ""50057"": 0.025818591511108227, ""50059"": 0.025818591511108227, ""50061"": 0.025818591511108227, ""50063"": 0.025818591511108227, ""50065"": 0.025818591511108227, ""50067"": 0.025818591511108227, ""50069"": 0.025818591511108227}"
42,41,1,125,0.278466,10,"{""50051"": 5.579985874596388, ""50053"": 1.8011000982766767, ""50055"": 1.4935486718034048, ""50057"": 1.5666898079158378, ""50059"": 2.5476329577825894, ""50061"": 4.14117460044104, ""50063"": 2.6121033211065408, ""50065"": 2.9319316111888334, ""50067"": 3.6607138146569715, ""50069"": 2.8918004784958686}","{""50051"": 1190, ""50053"": 0, ""50055"": 0, ""50057"": 0, ""50059"": 0, ""50061"": 0, ""50063"": 0, ""50065"": 0, ""50067"": 0, ""50069"": 0}","{""50051"": 0.025146875709113652, ""50053"": 0.025835992733919372, ""50055"": 0.025835992733919372, ""50057"": 0.025835992733919372, ""50059"": 0.025835992733919372, ""50061"": 0.025835992733919372, ""50063"": 0.025835992733919372, ""50065"": 0.025835992733919372, ""50067"": 0.025835992733919372, ""50069"": 0.025835992733919372}"
43,42,1,125,0.304774,10,"{""50051"": 5.579985874596388, ""50053"": 1.8011000982766767, ""50055"": 1.4935486718034048, ""50057"": 1.5666898079158378, ""50059"": 2.5476329577825894, ""50061"": 4.14117460044104, ""50063"": 2.6121033211065408, ""50065"": 2.9319316111888334, ""50067"": 3.6607138146569715, ""50069"": 2.8918004784958686}","{""50051"": 1190, ""50053"": 0, ""50055"": 0, ""50057"": 0, ""50059"": 0, ""50061"": 0, ""50063"": 0, ""50065"": 0, ""50067"": 0, ""50069"": 0}","{""50051"": 0.025146875709113652, ""50053"": 0.025835992733919372, ""50055"": 0.025835992733919372, ""50057"": 0.025835992733919372, ""50059"": 0.025835992733919372, ""50061"": 0.025835992733919372, ""50063"": 0.025835992733919372, ""50065"": 0.025835992733919372, ""50067"": 0.025835992733919372, ""50069"": 0.025835992733919372}"
44,43,1,125,0.274851,10,"{""50051"": 5.579985874596388, ""50053"": 1.8011000982766767, ""50055"": 1.4935486718034048, ""50057"": 1.5666898079158378, ""50059"": 2.5476329577825894, ""50061"": 4.14117460044104, ""50063"": 2.6121033211065408, ""50065"": 2.9319316111888334, ""50067"": 3.6607138146569715, ""50069"": 2.8918004784958686}","{""50051"": 1190, ""50053"": 0, ""50055"": 0, ""50057"": 0, ""50059"": 0, ""50061"": 0, ""50063"": 0, ""50065"": 0, ""50067"": 0, ""50069"": 0}","{""50051"": 0.025146875709113652, ""50053"": 0.025835992733919372, ""50055"": 0.025835992733919372, ""50057"": 0.025835992733919372, ""50059"": 0.025835992733919372, ""50061"": 0.025835992733919372, ""50063"": 0.025835992733919372, ""50065"": 0.025835992733919372, ""50067"": 0.025835992733919372, ""50069"": 0.025835992733919372}"
45,44,1,121,0.262165,10,"{""50051"": 5.779985874596388, ""50053"": 1.8011000982766767, ""50055"": 1.5221201003748333, ""50057"": 1.5666898079158378, ""50059"": 2.576204386354018, ""50061"": 4.14117460044104, ""50063"": 2.6121033211065408, ""50065"": 2.9319316111888334, ""50067"": 3.6607138146569715, ""50069"": 2.920371907067297}","{""50051"": 1177, ""50053"": 0, ""50055"": 0, ""50057"": 0, ""50059"": 0, ""50061"": 0, ""50063"": 0, ""50065"": 0, ""50067"": 0, ""50069"": 0}","{""50051"": 0.02517120519667478, ""50053"": 0.025852796248472462, ""50055"": 0.025852796248472462, ""50057"": 0.025852796248472462, ""50059"": 0.025852796248472462, ""50061"": 0.025852796248472462, ""50063"": 0.025852796248472462, ""50065"": 0.025852796248472462, ""50067"": 0.025852796248472462, ""50069"": 0.025852796248472462}"
46,45,1,117,0.254526,10,"{""50051"": 5.979985874596388, ""50053"": 1.8296715268481052, ""50055"": 1.5221201003748333, ""50057"": 1.5666898079158378, ""50059"": 2.576204386354018, ""50061"": 4.14117460044104, ""50063"": 2.6406747496779692, ""50065"": 2.9319316111888334, ""50067"": 3.6607138146569715, ""50069"": 2.9489433356387256}","{""50051"": 1164, ""50053"": 0, ""50055"": 0, ""50057"": 0, ""50059"": 0, ""50061"": 0, ""50063"": 0, ""50065"": 0, ""50067"": 0, ""50069"": 0}","{""50051"": 0.025194447660680033, ""50053"": 0.02586850888758087, ""50055"": 0.02586850888758087, ""50057"": 0.02586850888758087, ""50059"": 0.02586850888758087, ""50061"": 0.02586850888758087, ""50063"": 0.02586850888758087, ""50065"": 0.02586850888758087, ""50067"": 0.02586850888758087, ""50069"": 0.02586850888758087}"
47,46,1,115,0.251726,10,"{""50051"": 6.1799858745963885, ""50053"": 1.8296715268481052, ""50055"": 1.5221201003748333, ""50057"": 1.5666898079158378, ""50059"": 2.6047758149254463, ""50061"": 4.169746029012469, ""50063"": 2.6406747496779692, ""50065"": 2.9319316111888334, ""50067"": 3.6607138146569715, ""50069"": 2.977514764210154}","{""50051"": 1152, ""50053"": 0, ""50055"": 0, ""50057"": 0, ""50059"": 0, ""50061"": 0, ""50063"": 0, ""50065"": 0, ""50067"": 0, ""50069"": 0}","{""50051"": 0.025216685811457345, ""50053"": 0.025883799323194234, ""50055"": 0.025883799323194234, ""50057"": 0.025883799323194234, ""50059"": 0.025883799323194234, ""50061"": 0.025883799323194234, ""50063"": 0.025883799323194234, ""50065"": 0.025883799323194234, ""50067"": 0.025883799323194234, ""50069"": 0.025883799323194234}"
48,47,1,115,0.268747,10,"{""50051"": 6.1799858745963885, ""50053"": 1.8296715268481052, ""50055"": 1.5221201003748333, ""50057"": 1.5666898079158378, ""50059"": 2.6047758149254463, ""50061"": 4.169746029012469, ""50063"": 2.6406747496779692, ""50065"": 2.9319316111888334, ""50067"": 3.6607138146569715, ""50069"": 2.977514764210154}","{""50051"": 1152, ""50053"": 0, ""50055"": 0, ""50057"": 0, ""50059"": 0, ""50061"": 0, ""50063"": 0, ""50065"": 0, ""50067"": 0, ""50069"": 0}","{""50051"": 0.025216685811457345, ""50053"": 0.025883799323194234, ""50055"": 0.025883799323194234, ""50057"": 0.025883799323194234, ""50059"": 0.025883799323194234, ""50061"": 0.025883799323194234, ""50063"": 0.025883799323194234, ""50065"": 0.025883799323194234, ""50067"": 0.025883799323194234, ""50069"": 0.025883799323194234}"
49,48,1,113,0.247739,10,"{""50051"": 6.379985874596389, ""50053"": 1.8296715268481052, ""50055"": 1.5506915289462617, ""50057"": 1.5666898079158378, ""50059"": 2.6047758149254463, ""50061"": 4.198317457583897, ""50063"": 2.6406747496779692, ""50065"": 2.960503039760262, ""50067"": 3.6607138146569715, ""50069"": 2.977514764210154}","{""50051"": 1140, ""50053"": 0, ""50055"": 0, ""50057"": 0, ""50059"": 0, ""50061"": 0, ""50063"": 0, ""50065"": 0, ""50067"": 0, ""50069"": 0}","{""50051"": 0.02523799322781346, ""50053"": 0.025898155636910475, ""50055"": 0.025898155636910475, ""50057"": 0.025898155636910475, ""50059"": 0.025898155636910475, ""50061"": 0.025898155636910475, ""50063"": 0.025898155636910475, ""50065"": 0.025898155636910475, ""50067"": 0.025898155636910475, ""50069"": 0.025898155636910475}"
50,49,1,113,0.249303,10,"{""50051"": 6.379985874596389, ""50053"": 1.8296715268481052, ""50055"": 1.5506915289462617, ""50057"": 1.5666898079158378, ""50059"": 2.6047758149254463, ""50061"": 4.198317457583897, ""50063"": 2.6406747496779692, ""50065"": 2.960503039760262, ""50067"": 3.6607138146569715, ""50069"": 2.977514764210154}","{""50051"": 1140, ""50053"": 0, ""50055"": 0, ""50057"": 0, ""50059"": 0, ""50061"": 0, ""50063"": 0, ""50065"": 0, ""50067"": 0, ""50069"": 0}","{""50051"": 0.02523799322781346, ""50053"": 0.025898155636910475, ""50055"": 0.025898155636910475, ""50057"": 0.025898155636910475, ""50059"": 0.025898155636910475, ""50061"": 0.025898155636910475, ""50063"": 0.025898155636910475, ""50065"": 0.025898155636910475, ""50067"": 0.025898155636910475, ""50069"": 0.025898155636910475}"
51,50,1,113,0.250095,10,"{""50051"": 6.379985874596389, ""50053"": 1.8296715268481052, ""50055"": 1.5506915289462617, ""50057"": 1.5666898079158378, ""50059"": 2.6047758149254463, ""50061"": 4.198317457583897, ""50063"": 2.6406747496779692, ""50065"": 2.960503039760262, ""50067"": 3.6607138146569715, ""50069"": 2.977514764210154}","{""50051"": 1140, ""50053"": 0, ""50055"": 0, ""50057"": 0, ""50059"": 0, ""50061"": 0, ""50063"": 0, ""50065"": 0, ""50067"": 0, ""50069"": 0}","{""50051"": 0.02523799322781346, ""50053"": 0.025898155636910475, ""50055"": 0.025898155636910475, ""50057"": 0.025898155636910475, ""50059"": 0.025898155636910475, ""50061"": 0.025898155636910475, ""50063"": 0.025898155636910475, ""50065"": 0.025898155636910475, ""50067"": 0.025898155636910475, ""50069"": 0.025898155636910475}"
52,51,1,113,0.245163,10,"{""50051"": 6.379985874596389, ""50053"": 1.8296715268481052, ""50055"": 1.5506915289462617, ""50057"": 1.5666898079158378, ""50059"": 2.6047758149254463, ""50061"": 4.198317457583897, ""50063"": 2.6406747496779692, ""50065"": 2.960503039760262, ""50067"": 3.6607138146569715, ""50069"": 2.977514764210154}","{""50051"": 1140, ""50053"": 0, ""50055"": 0, ""50057"": 0, ""50059"": 0, ""50061"": 0, ""50063"": 0, ""50065"": 0, ""50067"": 0, ""50069"": 0}","{""50051"": 0.02523799322781346, ""50053"": 0.025898155636910475, ""50055"": 0.025898155636910475, ""50057"": 0.025898155636910475, ""50059"": 0.025898155636910475, ""50061"": 0.025898155636910475, ""50063"": 0.025898155636910475, ""50065"": 0.025898155636910475, ""50067"": 0.025898155636910475, ""50069"": 0.025898155636910475}"
53,52,1,113,0.318298,10,"{""50051"": 6.379985874596389, ""50053"": 1.8296715268481052, ""50055"": 1.5506915289462617, ""50057"": 1.5666898079158378, ""50059"": 2.6047758149254463, ""50061"": 4.198317457583897, ""50063"": 2.6406747496779692, ""50065"": 2.960503039760262, ""50067"": 3.6607138146569715, ""50069"": 2.977514764210154}","{""50051"": 1140, ""50053"": 0, ""50055"": 0, ""50057"": 0, ""50059"": 0, ""50061"": 0, ""50063"": 0, ""50065"": 0, ""50067"": 0, ""50069"": 0}","{""50051"": 0.02523799322781346, ""50053"": 0.025898155636910475, ""50055"": 0.025898155636910475, ""50057"": 0.025898155636910475, ""50059"": 0.025898155636910475, ""50061"": 0.025898155636910475, ""50063"": 0.025898155636910475, ""50065"": 0.025898155636910475, ""50067"": 0.025898155636910475, ""50069"": 0.025898155636910475}"
54,53,1,111,0.244825,10,"{""50051"": 6.579985874596389, ""50053"": 1.8296715268481052, ""50055"": 1.5506915289462617, ""50057"": 1.5952612364872663, ""50059"": 2.6333472434968748, ""50061"": 4.198317457583897, ""50063"": 2.6406747496779692, ""50065"": 2.9890744683316903, ""50067"": 3.6607138146569715, ""50069"": 2.977514764210154}","{""50051"": 1128, ""50053"": 0, ""50055"": 0, ""50057"": 0, ""50059"": 0, ""50061"": 0, ""50063"": 0, ""50065"": 0, ""50067"": 0, ""50069"": 0}","{""50051"": 0.025258435952375653, ""50053"": 0.02591164400513611, ""50055"": 0.02591164400513611, ""50057"": 0.02591164400513611, ""50059"": 0.02591164400513611, ""50061"": 0.02591164400513611, ""50063"": 0.02591164400513611, ""50065"": 0.02591164400513611, ""50067"": 0.02591164400513611, ""50069"": 0.02591164400513611}"
55,54,1,111,0.244771,10,"{""50051"": 6.579985874596389, ""50053"": 1.8296715268481052, ""50055"": 1.5506915289462617, ""50057"": 1.5952612364872663, ""50059"": 2.6333472434968748, ""50061"": 4.198317457583897, ""50063"": 2.6406747496779692, ""50065"": 2.9890744683316903, ""50067"": 3.6607138146569715, ""50069"": 2.977514764210154}","{""50051"": 1128, ""50053"": 0, ""50055"": 0, ""50057"": 0, ""50059"": 0, ""50061"": 0, ""50063"": 0, ""50065"": 0, ""50067"": 0, ""50069"": 0}","{""50051"": 0.025258435952375653, ""50053"": 0.02591164400513611, ""50055"": 0.02591164400513611, ""50057"": 0.02591164400513611, ""50059"": 0.02591164400513611, ""50061"": 0.02591164400513611, ""50063"": 0.02591164400513611, ""50065"": 0.02591164400513611, ""50067"": 0.02591164400513611, ""50069"": 0.02591164400513611}"
56,55,1,110,0.241764,10,"{""50051"": 6.779985874596389, ""50053"": 1.8604696450850875, ""50055"": 1.5506915289462617, ""50057"": 1.6260593547242486, ""50059"": 2.6489340711557516, ""50061"": 4.22911557582088, ""50063"": 2.6406747496779692, ""50065"": 2.9890744683316903, ""50067"": 3.6607138146569715, ""50069"": 2.977514764210154}","{""50051"": 1118, ""50053"": 0, ""50055"": 0, ""50057"": 0, ""50059"": 0, ""50061"": 0, ""50063"": 0, ""50065"": 0, ""50067"": 0, ""50069"": 0}","{""50051"": 0.025278074672005917, ""50053"": 0.02592549725427265, ""50055"": 0.02592549725427265, ""50057"": 0.02592549725427265, ""50059"": 0.02592549725427265, ""50061"": 0.02592549725427265, ""50063"": 0.02592549725427265, ""50065"": 0.02592549725427265, ""50067"": 0.02592549725427265, ""50069"": 0.02592549725427265}"
57,56,1,110,0.243472,10,"{""50051"": 6.779985874596389, ""50053"": 1.8604696450850875, ""50055"": 1.5506915289462617, ""50057"": 1.6260593547242486, ""50059"": 2.6489340711557516, ""50061"": 4.22911557582088, ""50063"": 2.6406747496779692, ""50065"": 2.9890744683316903, ""50067"": 3.6607138146569715, ""50069"": 2.977514764210154}","{""50051"": 1118, ""50053"": 0, ""50055"": 0, ""50057"": 0, ""50059"": 0, ""50061"": 0, ""50063"": 0, ""50065"": 0, ""50067"": 0, ""50069"": 0}","{""50051"": 0.025278074672005917, ""50053"": 0.02592549725427265, ""50055"": 0.02592549725427265, ""50057"": 0.02592549725427265, ""50059"": 0.02592549725427265, ""50061"": 0.02592549725427265, ""50063"": 0.02592549725427265, ""50065"": 0.02592549725427265, ""50067"": 0.02592549725427265, ""50069"": 0.02592549725427265}"
58,57,1,110,0.239520,10,"{""50051"": 6.779985874596389, ""50053"": 1.8604696450850875, ""50055"": 1.5506915289462617, ""50057"": 1.6260593547242486, ""50059"": 2.6489340711557516, ""50061"": 4.22911557582088, ""50063"": 2.6406747496779692, ""50065"": 2.9890744683316903, ""50067"": 3.6607138146569715, ""50069"": 2.977514764210154}","{""50051"": 1118, ""50053"": 0, ""50055"": 0, ""50057"": 0, ""50059"": 0, ""50061"": 0, ""50063"": 0, ""50065"": 0, ""50067"": 0, ""50069"": 0}","{""50051"": 0.025278074672005917, ""50053"": 0.02592549725427265, ""50055"": 0.02592549725427265, ""50057"": 0.02592549725427265, ""50059"": 0.02592549725427265, ""50061"": 0.02592549725427265, ""50063"": 0.02592549725427265, ""50065"": 0.02592549725427265, ""50067"": 0.02592549725427265, ""50069"": 0.02592549725427265}"
59,58,1,110,0.428722,10,"{""50051"": 6.779985874596389, ""50053"": 1.8604696450850875, ""50055"": 1.5506915289462617, ""50057"": 1.6260593547242486, ""50059"": 2.6489340711557516, ""50061"": 4.22911557582088, ""50063"": 2.6406747496779692, ""50065"": 2.9890744683316903, ""50067"": 3.6607138146569715, ""50069"": 2.977514764210154}","{""50051"": 1118, ""50053"": 0, ""50055"": 0, ""50057"": 0, ""50059"": 0, ""50061"": 0, ""50063"": 0, ""50065"": 0, ""50067"": 0, ""50069"": 0}","{""50051"": 0.025278074672005917, ""50053"": 0.02592549725427265, ""50055"": 0.02592549725427265, ""50057"": 0.02592549725427265, ""50059"": 0.02592549725427265, ""50061"": 0.02592549725427265, ""50063"": 0.02592549725427265, ""50065"": 0.02592549725427265, ""50067"": 0.02592549725427265, ""50069"": 0.02592549725427265}"
60,59,1,110,0.416206,10,"{""50051"": 6.779985874596389, ""50053"": 1.8604696450850875, ""50055"": 1.5506915289462617, ""50057"": 1.6260593547242486, ""50059"": 2.6489340711557516, ""50061"": 4.22911557582088, ""50063"": 2.6406747496779692, ""50065"": 2.9890744683316903, ""50067"": 3.6607138146569715, ""50069"": 2.977514764210154}","{""50051"": 1118, ""50053"": 0, ""50055"": 0, ""50057"": 0, ""50059"": 0, ""50061"": 0, ""50063"": 0, ""50065"": 0, ""50067"": 0, ""50069"": 0}","{""50051"": 0.025278074672005917, ""50053"": 0.02592549725427265, ""50055"": 0.02592549725427265, ""50057"": 0.02592549725427265, ""50059"": 0.02592549725427265, ""50061"": 0.02592549725427265, ""50063"": 0.02592549725427265, ""50065"": 0.02592549725427265, ""50067"": 0.02592549725427265, ""50069"": 0.02592549725427265}"
61,60,1,110,0.416252,10,"{""50051"": 6.779985874596389, ""50053"": 1.8604696450850875, ""50055"": 1.5506915289462617, ""50057"": 1.6260593547242486, ""50059"": 2.6489340711557516, ""50061"": 4.22911557582088, ""50063"": 2.6406747496779692, ""50065"": 2.9890744683316903, ""50067"": 3.6607138146569715, ""50069"": 2.977514764210154}","{""50051"": 1118, ""50053"": 0, ""50055"": 0, ""50057"": 0, ""50059"": 0, ""50061"": 0, ""50063"": 0, ""50065"": 0, ""50067"": 0, ""50069"": 0}","{""50051"": 0.025278074672005917, ""50053"": 0.02592549725427265, ""50055"": 0.02592549725427265, ""50057"": 0.02592549725427265, ""50059"": 0.02592549725427265, ""50061"": 0.02592549725427265, ""50063"": 0.02592549725427265, ""50065"": 0.02592549725427265, ""50067"": 0.02592549725427265, ""50069"": 0.02592549725427265}"
62,61,1,110,0.428978,10,"{""50051"": 6.779985874596389, ""50053"": 1.8604696450850875, ""50055"": 1.5506915289462617, ""50057"": 1.6260593547242486, ""50059"": 2.6489340711557516, ""50061"": 4.22911557582088, ""50063"": 2.6406747496779692, ""50065"": 2.9890744683316903, ""50067"": 3.6607138146569715, ""50069"": 2.977514764210154}","{""50051"": 1118, ""50053"": 0, ""50055"": 0, ""50057"": 0, ""50059"": 0, ""50061"": 0, ""50063"": 0, ""50065"": 0, ""50067"": 0, ""50069"": 0}","{""50051"": 0.025278074672005917, ""50053"": 0.02592549725427265, ""50055"": 0.02592549725427265, ""50057"": 0.02592549725427265, ""50059"": 0.02592549725427265, ""50061"": 0.02592549725427265, ""50063"": 0.02592549725427265, ""50065"": 0.02592549725427265, ""50067"": 0.02592549725427265, ""50069"": 0.02592549725427265}"
63,62,1,110,0.453038,10,"{""50051"": 6.779985874596389, ""50053"": 1.8604696450850875, ""50055"": 1.5506915289462617, ""50057"": 1.6260593547242486, ""50059"": 2.6489340711557516, ""50061"": 4.22911557582088, ""50063"": 2.6406747496779692, ""50065"": 2.9890744683316903, ""50067"": 3.6607138146569715, ""50069"": 2.977514764210154}","{""50051"": 1118, ""50053"": 0, ""50055"": 0, ""50057"": 0, ""50059"": 0, ""50061"": 0, ""50063"": 0, ""50065"": 0, ""50067"": 0, ""50069"": 0}","{""50051"": 0.025278074672005917, ""50053"": 0.02592549725427265, ""50055"": 0.02592549725427265, ""50057"": 0.02592549725427265, ""50059"": 0.02592549725427265, ""50061"": 0.02592549725427265, ""50063"": 0.02592549725427265, ""50065"": 0.02592549725427265, ""50067"": 0.02592549725427265, ""50069"": 0.02592549725427265}"
64,63,1,109,0.421028,10,"{""50051"": 6.979985874596389, ""50053"": 1.8604696450850875, ""50055"": 1.5792629575176902, ""50057"": 1.654630783295677, ""50059"": 2.6489340711557516, ""50061"": 4.22911557582088, ""50063"": 2.6692461782493977, ""50065"": 2.9890744683316903, ""50067"": 3.6607138146569715, ""50069"": 2.977514764210154}","{""50051"": 1107, ""50053"": 0, ""50055"": 0, ""50057"": 0, ""50059"": 0, ""50061"": 0, ""50063"": 0, ""50065"": 0, ""50067"": 0, ""50069"": 0}","{""50051"": 0.02529696216889336, ""50053"": 0.02593801047196334, ""50055"": 0.02593801047196334, ""50057"": 0.02593801047196334, ""50059"": 0.02593801047196334, ""50061"": 0.02593801047196334, ""50063"": 0.02593801047196334, ""50065"": 0.02593801047196334, ""50067"": 0.02593801047196334, ""50069"": 0.02593801047196334}"
65,64,1,109,0.413110,10,"{""50051"": 6.979985874596389, ""50053"": 1.8604696450850875, ""50055"": 1.5792629575176902, ""50057"": 1.654630783295677, ""50059"": 2.6489340711557516, ""50061"": 4.22911557582088, ""50063"": 2.6692461782493977, ""50065"": 2.9890744683316903, ""50067"": 3.6607138146569715, ""50069"": 2.977514764210154}","{""50051"": 1107, ""50053"": 0, ""50055"": 0, ""50057"": 0, ""50059"": 0, ""50061"": 0, ""50063"": 0, ""50065"": 0, ""50067"": 0, ""50069"": 0}","{""50051"": 0.02529696216889336, ""50053"": 0.02593801047196334, ""50055"": 0.02593801047196334, ""50057"": 0.02593801047196334, ""50059"": 0.02593801047196334, ""50061"": 0.02593801047196334, ""50063"": 0.02593801047196334, ""50065"": 0.02593801047196334, ""50067"": 0.02593801047196334, ""50069"": 0.02593801047196334}"
66,65,1,109,0.415319,10,"{""50051"": 6.979985874596389, ""50053"": 1.8604696450850875, ""50055"": 1.5792629575176902, ""50057"": 1.654630783295677, ""50059"": 2.6489340711557516, ""50061"": 4.22911557582088, ""50063"": 2.6692461782493977, ""50065"": 2.9890744683316903, ""50067"": 3.6607138146569715, ""50069"": 2.977514764210154}","{""50051"": 1107, ""50053"": 0, ""50055"": 0, ""50057"": 0, ""50059"": 0, ""50061"": 0, ""50063"": 0, ""50065"": 0, ""50067"": 0, ""50069"": 0}","{""50051"": 0.02529696216889336, ""50053"": 0.02593801047196334, ""50055"": 0.02593801047196334, ""50057"": 0.02593801047196334, ""50059"": 0.02593801047196334, ""50061"": 0.02593801047196334, ""50063"": 0.02593801047196334, ""50065"": 0.02593801047196334, ""50067"": 0.02593801047196334, ""50069"": 0.02593801047196334}"
67,66,1,109,0.411512,10,"{""50051"": 6.979985874596389, ""50053"": 1.8604696450850875, ""50055"": 1.5792629575176902, ""50057"": 1.654630783295677, ""50059"": 2.6489340711557516, ""50061"": 4.22911557582088, ""50063"": 2.6692461782493977, ""50065"": 2.9890744683316903, ""50067"": 3.6607138146569715, ""50069"": 2.977514764210154}","{""50051"": 1107, ""50053"": 0, ""50055"": 0, ""50057"": 0, ""50059"": 0, ""50061"": 0, ""50063"": 0, ""50065"": 0, ""50067"": 0, ""50069"": 0}","{""50051"": 0.02529696216889336, ""50053"": 0.02593801047196334, ""50055"": 0.02593801047196334, ""50057"": 0.02593801047196334, ""50059"": 0.02593801047196334, ""50061"": 0.02593801047196334, ""50063"": 0.02593801047196334, ""50065"": 0.02593801047196334, ""50067"": 0.02593801047196334, ""50069"": 0.02593801047196334}"
68,67,1,109,0.413852,10,"{""50051"": 6.979985874596389, ""50053"": 1.8604696450850875, ""50055"": 1.5792629575176902, ""50057"": 1.654630783295677, ""50059"": 2.6489340711557516, ""50061"": 4.22911557582088, ""50063"": 2.6692461782493977, ""50065"": 2.9890744683316903, ""50067"": 3.6607138146569715, ""50069"": 2.977514764210154}","{""50051"": 1107, ""50053"": 0, ""50055"": 0, ""50057"": 0, ""50059"": 0, ""50061"": 0, ""50063"": 0, ""50065"": 0, ""50067"": 0, ""50069"": 0}","{""50051"": 0.02529696216889336, ""50053"": 0.02593801047196334, ""50055"": 0.02593801047196334, ""50057"": 0.02593801047196334, ""50059"": 0.02593801047196334, ""50061"": 0.02593801047196334, ""50063"": 0.02593801047196334, ""50065"": 0.02593801047196334, ""50067"": 0.02593801047196334, ""50069"": 0.02593801047196334}"
69,68,1,109,0.413718,10,"{""50051"": 6.979985874596389, ""50053"": 1.8604696450850875, ""50055"": 1.5792629575176902, ""50057"": 1.654630783295677, ""50059"": 2.6489340711557516, ""50061"": 4.22911557582088, ""50063"": 2.6692461782493977, ""50065"": 2.9890744683316903, ""50067"": 3.6607138146569715, ""50069"": 2.977514764210154}","{""50051"": 1107, ""50053"": 0, ""50055"": 0, ""50057"": 0, ""50059"": 0, ""50061"": 0, ""50063"": 0, ""50065"": 0, ""50067"": 0, ""50069"": 0}","{""50051"": 0.02529696216889336, ""50053"": 0.02593801047196334, ""50055"": 0.02593801047196334, ""50057"": 0.02593801047196334, ""50059"": 0.02593801047196334, ""50061"": 0.02593801047196334, ""50063"": 0.02593801047196334, ""50065"": 0.02593801047196334, ""50067"": 0.02593801047196334, ""50069"": 0.02593801047196334}"
70,69,1,109,0.414358,10,"{""50051"": 6.979985874596389, ""50053"": 1.8604696450850875, ""50055"": 1.5792629575176902, ""50057"": 1.654630783295677, ""50059"": 2.6489340711557516, ""50061"": 4.22911557582088, ""50063"": 2.6692461782493977, ""50065"": 2.9890744683316903, ""50067"": 3.6607138146569715, ""50069"": 2.977514764210154}","{""50051"": 1107, ""50053"": 0, ""50055"": 0, ""50057"": 0, ""50059"": 0, ""50061"": 0, ""50063"": 0, ""50065"": 0, ""50067"": 0, ""50069"": 0}","{""50051"": 0.02529696216889336, ""50053"": 0.02593801047196334, ""50055"": 0.02593801047196334, ""50057"": 0.02593801047196334, ""50059"": 0.02593801047196334, ""50061"": 0.02593801047196334, ""50063"": 0.02593801047196334, ""50065"": 0.02593801047196334, ""50067"": 0.02593801047196334, ""50069"": 0.02593801047196334}"
71,70,1,109,0.387879,10,"{""50051"": 6.979985874596389, ""50053"": 1.8604696450850875, ""50055"": 1.5792629575176902, ""50057"": 1.654630783295677, ""50059"": 2.6489340711557516, ""50061"": 4.22911557582088, ""50063"": 2.6692461782493977, ""50065"": 2.9890744683316903, ""50067"": 3.6607138146569715, ""50069"": 2.977514764210154}","{""50051"": 1107, ""50053"": 0, ""50055"": 0, ""50057"": 0, ""50059"": 0, ""50061"": 0, ""50063"": 0, ""50065"": 0, ""50067"": 0, ""50069"": 0}","{""50051"": 0.02529696216889336, ""50053"": 0.02593801047196334, ""50055"": 0.02593801047196334, ""50057"": 0.02593801047196334, ""50059"": 0.02593801047196334, ""50061"": 0.02593801047196334, ""50063"": 0.02593801047196334, ""50065"": 0.02593801047196334, ""50067"": 0.02593801047196334, ""50069"": 0.02593801047196334}"
72,71,1,109,0.244460,10,"{""50051"": 6.979985874596389, ""50053"": 1.8604696450850875, ""50055"": 1.5792629575176902, ""50057"": 1.654630783295677, ""50059"": 2.6489340711557516, ""50061"": 4.22911557582088, ""50063"": 2.6692461782493977, ""50065"": 2.9890744683316903, ""50067"": 3.6607138146569715, ""50069"": 2.977514764210154}","{""50051"": 1107, ""50053"": 0, ""50055"": 0, ""50057"": 0, ""50059"": 0, ""50061"": 0, ""50063"": 0, ""50065"": 0, ""50067"": 0, ""50069"": 0}","{""50051"": 0.02529696216889336, ""50053"": 0.02593801047196334, ""50055"": 0.02593801047196334, ""50057"": 0.02593801047196334, ""50059"": 0.02593801047196334, ""50061"": 0.02593801047196334, ""50063"": 0.02593801047196334, ""50065"": 0.02593801047196334, ""50067"": 0.02593801047196334, ""50069"": 0.02593801047196334}"
73,72,1,109,0.250995,10,"{""50051"": 6.979985874596389, ""50053"": 1.8604696450850875, ""50055"": 1.5792629575176902, ""50057"": 1.654630783295677, ""50059"": 2.6489340711557516, ""50061"": 4.22911557582088, ""50063"": 2.6692461782493977, ""50065"": 2.9890744683316903, ""50067"": 3.6607138146569715, ""50069"": 2.977514764210154}","{""50051"": 1107, ""50053"": 0, ""50055"": 0, ""50057"": 0, ""50059"": 0, ""50061"": 0, ""50063"": 0, ""50065"": 0, ""50067"": 0, ""50069"": 0}","{""50051"": 0.02529696216889336, ""50053"": 0.02593801047196334, ""50055"": 0.02593801047196334, ""50057"": 0.02593801047196334, ""50059"": 0.02593801047196334, ""50061"": 0.02593801047196334, ""50063"": 0.02593801047196334, ""50065"": 0.02593801047196334, ""50067"": 0.02593801047196334, ""50069"": 0.02593801047196334}"
74,73,1,109,0.249266,10,"{""50051"": 6.979985874596389, ""50053"": 1.8604696450850875, ""50055"": 1.5792629575176902, ""50057"": 1.654630783295677, ""50059"": 2.6489340711557516, ""50061"": 4.22911557582088, ""50063"": 2.6692461782493977, ""50065"": 2.9890744683316903, ""50067"": 3.6607138146569715, ""50069"": 2.977514764210154}","{""50051"": 1107, ""50053"": 0, ""50055"": 0, ""50057"": 0, ""50059"": 0, ""50061"": 0, ""50063"": 0, ""50065"": 0, ""50067"": 0, ""50069"": 0}","{""50051"": 0.02529696216889336, ""50053"": 0.02593801047196334, ""50055"": 0.02593801047196334, ""50057"": 0.02593801047196334, ""50059"": 0.02593801047196334, ""50061"": 0.02593801047196334, ""50063"": 0.02593801047196334, ""50065"": 0.02593801047196334, ""50067"": 0.02593801047196334, ""50069"": 0.02593801047196334}"
75,74,1,109,0.243696,10,"{""50051"": 6.979985874596389, ""50053"": 1.8604696450850875, ""50055"": 1.5792629575176902, ""50057"": 1.654630783295677, ""50059"": 2.6489340711557516, ""50061"": 4.22911557582088, ""50063"": 2.6692461782493977, ""50065"": 2.9890744683316903, ""50067"": 3.6607138146569715, ""50069"": 2.977514764210154}","{""50051"": 1107, ""50053"": 0, ""50055"": 0, ""50057"": 0, ""50059"": 0, ""50061"": 0, ""50063"": 0, ""50065"": 0, ""50067"": 0, ""50069"": 0}","{""50051"": 0.02529696216889336, ""50053"": 0.02593801047196334, ""50055"": 0.02593801047196334, ""50057"": 0.02593801047196334, ""50059"": 0.02593801047196334, ""50061"": 0.02593801047196334, ""50063"": 0.02593801047196334, ""50065"": 0.02593801047196334, ""50067"": 0.02593801047196334, ""50069"": 0.02593801047196334}"
76,75,1,109,0.243691,10,"{""50051"": 6.979985874596389, ""50053"": 1.8604696450850875, ""50055"": 1.5792629575176902, ""50057"": 1.654630783295677, ""50059"": 2.6489340711557516, ""50061"": 4.22911557582088, ""50063"": 2.6692461782493977, ""50065"": 2.9890744683316903, ""50067"": 3.6607138146569715, ""50069"": 2.977514764210154}","{""50051"": 1107, ""50053"": 0, ""50055"": 0, ""50057"": 0, ""50059"": 0, ""50061"": 0, ""50063"": 0, ""50065"": 0, ""50067"": 0, ""50069"": 0}","{""50051"": 0.02529696216889336, ""50053"": 0.02593801047196334, ""50055"": 0.02593801047196334, ""50057"": 0.02593801047196334, ""50059"": 0.02593801047196334, ""50061"": 0.02593801047196334, ""50063"": 0.02593801047196334, ""50065"": 0.02593801047196334, ""50067"": 0.02593801047196334, ""50069"": 0.02593801047196334}"
77,76,1,109,0.243235,10,"{""50051"": 6.979985874596389, ""50053"": 1.8604696450850875, ""50055"": 1.5792629575176902, ""50057"": 1.654630783295677, ""50059"": 2.6489340711557516, ""50061"": 4.22911557582088, ""50063"": 2.6692461782493977, ""50065"": 2.9890744683316903, ""50067"": 3.6607138146569715, ""50069"": 2.977514764210154}","{""50051"": 1107, ""50053"": 0, ""50055"": 0, ""50057"": 0, ""50059"": 0, ""50061"": 0, ""50063"": 0, ""50065"": 0, ""50067"": 0, ""50069"": 0}","{""50051"": 0.02529696216889336, ""50053"": 0.02593801047196334, ""50055"": 0.02593801047196334, ""50057"": 0.02593801047196334, ""50059"": 0.02593801047196334, ""50061"": 0.02593801047196334, ""50063"": 0.02593801047196334, ""50065"": 0.02593801047196334, ""50067"": 0.02593801047196334, ""50069"": 0.02593801047196334}"
78,77,1,109,0.251335,10,"{""50051"": 6.979985874596389, ""50053"": 1.8604696450850875, ""50055"": 1.5792629575176902, ""50057"": 1.654630783295677, ""50059"": 2.6489340711557516, ""50061"": 4.22911557582088, ""50063"": 2.6692461782493977, ""50065"": 2.9890744683316903, ""50067"": 3.6607138146569715, ""50069"": 2.977514764210154}","{""50051"": 1107, ""50053"": 0, ""50055"": 0, ""50057"": 0, ""50059"": 0, ""50061"": 0, ""50063"": 0, ""50065"": 0, ""50067"": 0, ""50069"": 0}","{""50051"": 0.02529696216889336, ""50053"": 0.02593801047196334, ""50055"": 0.02593801047196334, ""50057"": 0.02593801047196334, ""50059"": 0.02593801047196334, ""50061"": 0.02593801047196334, ""50063"": 0.02593801047196334, ""50065"": 0.02593801047196334, ""50067"": 0.02593801047196334, ""50069"": 0.02593801047196334}"
79,78,1,109,0.256819,10,"{""50051"": 6.979985874596389, ""50053"": 1.8604696450850875, ""50055"": 1.5792629575176902, ""50057"": 1.654630783295677, ""50059"": 2.6489340711557516, ""50061"": 4.22911557582088, ""50063"": 2.6692461782493977, ""50065"": 2.9890744683316903, ""50067"": 3.6607138146569715, ""50069"": 2.977514764210154}","{""50051"": 1107, ""50053"": 0, ""50055"": 0, ""50057"": 0, ""50059"": 0, ""50061"": 0, ""50063"": 0, ""50065"": 0, ""50067"": 0, ""50069"": 0}","{""50051"": 0.02529696216889336, ""50053"": 0.02593801047196334, ""50055"": 0.02593801047196334, ""50057"": 0.02593801047196334, ""50059"": 0.02593801047196334, ""50061"": 0.02593801047196334, ""50063"": 0.02593801047196334, ""50065"": 0.02593801047196334, ""50067"": 0.02593801047196334, ""50069"": 0.02593801047196334}"
80,79,1,109,0.242861,10,"{""50051"": 6.979985874596389, ""50053"": 1.8604696450850875, ""50055"": 1.5792629575176902, ""50057"": 1.654630783295677, ""50059"": 2.6489340711557516, ""50061"": 4.22911557582088, ""50063"": 2.6692461782493977, ""50065"": 2.9890744683316903, ""50067"": 3.6607138146569715, ""50069"": 2.977514764210154}","{""50051"": 1107, ""50053"": 0, ""50055"": 0, ""50057"": 0, ""50059"": 0, ""50061"": 0, ""50063"": 0, ""50065"": 0, ""50067"": 0, ""50069"": 0}","{""50051"": 0.02529696216889336, ""50053"": 0.02593801047196334, ""50055"": 0.02593801047196334, ""50057"": 0.02593801047196334, ""50059"": 0.02593801047196334, ""50061"": 0.02593801047196334, ""50063"": 0.02593801047196334, ""50065"": 0.02593801047196334, ""50067"": 0.02593801047196334, ""50069"": 0.02593801047196334}"
81,80,1,109,0.243429,10,"{""50051"": 6.979985874596389, ""50053"": 1.8604696450850875, ""50055"": 1.5792629575176902, ""50057"": 1.654630783295677, ""50059"": 2.6489340711557516, ""50061"": 4.22911557582088, ""50063"": 2.6692461782493977, ""50065"": 2.9890744683316903, ""50067"": 3.6607138146569715, ""50069"": 2.977514764210154}","{""50051"": 1107, ""50053"": 0, ""50055"": 0, ""50057"": 0, ""50059"": 0, ""50061"": 0, ""50063"": 0, ""50065"": 0, ""50067"": 0, ""50069"": 0}","{""50051"": 0.02529696216889336, ""50053"": 0.02593801047196334, ""50055"": 0.02593801047196334, ""50057"": 0.02593801047196334, ""50059"": 0.02593801047196334, ""50061"": 0.02593801047196334, ""50063"": 0.02593801047196334, ""50065"": 0.02593801047196334, ""50067"": 0.02593801047196334, ""50069"": 0.02593801047196334}"
82,81,1,109,0.244180,10,"{""50051"": 6.979985874596389, ""50053"": 1.8604696450850875, ""50055"": 1.5792629575176902, ""50057"": 1.654630783295677, ""50059"": 2.6489340711557516, ""50061"": 4.22911557582088, ""50063"": 2.6692461782493977, ""50065"": 2.9890744683316903, ""50067"": 3.6607138146569715, ""50069"": 2.977514764210154}","{""50051"": 1107, ""50053"": 0, ""50055"": 0, ""50057"": 0, ""50059"": 0, ""50061"": 0, ""50063"": 0, ""50065"": 0, ""50067"": 0, ""50069"": 0}","{""50051"": 0.02529696216889336, ""50053"": 0.02593801047196334, ""50055"": 0.02593801047196334, ""50057"": 0.02593801047196334, ""50059"": 0.02593801047196334, ""50061"": 0.02593801047196334, ""50063"": 0.02593801047196334, ""50065"": 0.02593801047196334, ""50067"": 0.02593801047196334, ""50069"": 0.02593801047196334}"
83,82,1,108,0.244032,10,"{""50051"": 7.008557303167818, ""50053"": 1.8604696450850875, ""50055"": 1.6078343860891187, ""50057"": 1.6832022118671055, ""50059"": 2.848934071155752, ""50061"": 4.22911557582088, ""50063"": 2.6692461782493977, ""50065"": 2.9890744683316903, ""50067"": 3.6607138146569715, ""50069"": 2.977514764210154}","{""50051"": 1106, ""50053"": 0, ""50055"": 0, ""50057"": 0, ""50059"": 0, ""50061"": 0, ""50063"": 0, ""50065"": 0, ""50067"": 0, ""50069"": 0}","{""50051"": 0.025299602173494397, ""50053"": 0.025940074538818234, ""50055"": 0.025940074538818234, ""50057"": 0.025940074538818234, ""50059"": 0.025940074538818234, ""50061"": 0.025940074538818234, ""50063"": 0.025940074538818234, ""50065"": 0.025940074538818234, ""50067"": 0.025940074538818234, ""50069"": 0.025940074538818234}"
84,83,1,108,0.254612,10,"{""50051"": 7.008557303167818, ""50053"": 1.8604696450850875, ""50055"": 1.6078343860891187, ""50057"": 1.6832022118671055, ""50059"": 2.848934071155752, ""50061"": 4.22911557582088, ""50063"": 2.6692461782493977, ""50065"": 2.9890744683316903, ""50067"": 3.6607138146569715, ""50069"": 2.977514764210154}","{""50051"": 1106, ""50053"": 0, ""50055"": 0, ""50057"": 0, ""50059"": 0, ""50061"": 0, ""50063"": 0, ""50065"": 0, ""50067"": 0, ""50069"": 0}","{""50051"": 0.025299602173494397, ""50053"": 0.025940074538818234, ""50055"": 0.025940074538818234, ""50057"": 0.025940074538818234, ""50059"": 0.025940074538818234, ""50061"": 0.025940074538818234, ""50063"": 0.025940074538818234, ""50065"": 0.025940074538818234, ""50067"": 0.025940074538818234, ""50069"": 0.025940074538818234}"
85,84,1,108,0.243338,10,"{""50051"": 7.008557303167818, ""50053"": 1.8604696450850875, ""50055"": 1.6078343860891187, ""50057"": 1.6832022118671055, ""50059"": 2.848934071155752, ""50061"": 4.22911557582088, ""50063"": 2.6692461782493977, ""50065"": 2.9890744683316903, ""50067"": 3.6607138146569715, ""50069"": 2.977514764210154}","{""50051"": 1106, ""50053"": 0, ""50055"": 0, ""50057"": 0, ""50059"": 0, ""50061"": 0, ""50063"": 0, ""50065"": 0, ""50067"": 0, ""50069"": 0}","{""50051"": 0.025299602173494397, ""50053"": 0.025940074538818234, ""50055"": 0.025940074538818234, ""50057"": 0.025940074538818234, ""50059"": 0.025940074538818234, ""50061"": 0.025940074538818234, ""50063"": 0.025940074538818234, ""50065"": 0.025940074538818234, ""50067"": 0.025940074538818234, ""50069"": 0.025940074538818234}"
86,85,1,108,0.242734,10,"{""50051"": 7.008557303167818, ""50053"": 1.8604696450850875, ""50055"": 1.6078343860891187, ""50057"": 1.6832022118671055, ""50059"": 2.848934071155752, ""50061"": 4.22911557582088, ""50063"": 2.6692461782493977, ""50065"": 2.9890744683316903, ""50067"": 3.6607138146569715, ""50069"": 2.977514764210154}","{""50051"": 1106, ""50053"": 0, ""50055"": 0, ""50057"": 0, ""50059"": 0, ""50061"": 0, ""50063"": 0, ""50065"": 0, ""50067"": 0, ""50069"": 0}","{""50051"": 0.025299602173494397, ""50053"": 0.025940074538818234, ""50055"": 0.025940074538818234, ""50057"": 0.025940074538818234, ""50059"": 0.025940074538818234, ""50061"": 0.025940074538818234, ""50063"": 0.025940074538818234, ""50065"": 0.025940074538818234, ""50067"": 0.025940074538818234, ""50069"": 0.025940074538818234}"
87,86,1,108,0.244834,10,"{""50051"": 7.008557303167818, ""50053"": 1.8604696450850875, ""50055"": 1.6078343860891187, ""50057"": 1.6832022118671055, ""50059"": 2.848934071155752, ""50061"": 4.22911557582088, ""50063"": 2.6692461782493977, ""50065"": 2.9890744683316903, ""50067"": 3.6607138146569715, ""50069"": 2.977514764210154}","{""50051"": 1106, ""50053"": 0, ""50055"": 0, ""50057"": 0, ""50059"": 0, ""50061"": 0, ""50063"": 0, ""50065"": 0, ""50067"": 0, ""50069"": 0}","{""50051"": 0.025299602173494397, ""50053"": 0.025940074538818234, ""50055"": 0.025940074538818234, ""50057"": 0.025940074538818234, ""50059"": 0.025940074538818234, ""50061"": 0.025940074538818234, ""50063"": 0.025940074538818234, ""50065"": 0.025940074538818234, ""50067"": 0.025940074538818234, ""50069"": 0.025940074538818234}"
88,87,1,109,0.244950,10,"{""50051"": 7.008557303167818, ""50053"": 1.889041073656516, ""50055"": 1.6078343860891187, ""50057"": 1.711773640438534, ""50059"": 3.048934071155752, ""50061"": 4.22911557582088, ""50063"": 2.697817606820826, ""50065"": 2.9890744683316903, ""50067"": 3.6607138146569715, ""50069"": 2.977514764210154}","{""50051"": 1106, ""50053"": 0, ""50055"": 0, ""50057"": 0, ""50059"": 0, ""50061"": 0, ""50063"": 0, ""50065"": 0, ""50067"": 0, ""50069"": 0}","{""50051"": 0.025299602173494397, ""50053"": 0.025940074538818234, ""50055"": 0.025940074538818234, ""50057"": 0.025940074538818234, ""50059"": 0.025940074538818234, ""50061"": 0.025940074538818234, ""50063"": 0.025940074538818234, ""50065"": 0.025940074538818234, ""50067"": 0.025940074538818234, ""50069"": 0.025940074538818234}"
89,88,1,109,0.269801,10,"{""50051"": 7.008557303167818, ""50053"": 1.889041073656516, ""50055"": 1.6078343860891187, ""50057"": 1.711773640438534, ""50059"": 3.048934071155752, ""50061"": 4.22911557582088, ""50063"": 2.697817606820826, ""50065"": 2.9890744683316903, ""50067"": 3.6607138146569715, ""50069"": 2.977514764210154}","{""50051"": 1106, ""50053"": 0, ""50055"": 0, ""50057"": 0, ""50059"": 0, ""50061"": 0, ""50063"": 0, ""50065"": 0, ""50067"": 0, ""50069"": 0}","{""50051"": 0.025299602173494397, ""50053"": 0.025940074538818234, ""50055"": 0.025940074538818234, ""50057"": 0.025940074538818234, ""50059"": 0.025940074538818234, ""50061"": 0.025940074538818234, ""50063"": 0.025940074538818234, ""50065"": 0.025940074538818234, ""50067"": 0.025940074538818234, ""50069"": 0.025940074538818234}"
90,89,1,109,0.293441,10,"{""50051"": 7.008557303167818, ""50053"": 1.889041073656516, ""50055"": 1.6078343860891187, ""50057"": 1.711773640438534, ""50059"": 3.048934071155752, ""50061"": 4.22911557582088, ""50063"": 2.697817606820826, ""50065"": 2.9890744683316903, ""50067"": 3.6607138146569715, ""50069"": 2.977514764210154}","{""50051"": 1106, ""50053"": 0, ""50055"": 0, ""50057"": 0, ""50059"": 0, ""50061"": 0, ""50063"": 0, ""50065"": 0, ""50067"": 0, ""50069"": 0}","{""50051"": 0.025299602173494397, ""50053"": 0.025940074538818234, ""50055"": 0.025940074538818234, ""50057"": 0.025940074538818234, ""50059"": 0.025940074538818234, ""50061"": 0.025940074538818234, ""50063"": 0.025940074538818234, ""50065"": 0.025940074538818234, ""50067"": 0.025940074538818234, ""50069"": 0.025940074538818234}"
91,90,1,109,0.247540,10,"{""50051"": 7.008557303167818, ""50053"": 1.889041073656516, ""50055"": 1.6078343860891187, ""50057"": 1.711773640438534, ""50059"": 3.048934071155752, ""50061"": 4.22911557582088, ""50063"": 2.697817606820826, ""50065"": 2.9890744683316903, ""50067"": 3.6607138146569715, ""50069"": 2.977514764210154}","{""50051"": 1106, ""50053"": 0, ""50055"": 0, ""50057"": 0, ""50059"": 0, ""50061"": 0, ""50063"": 0, ""50065"": 0, ""50067"": 0, ""50069"": 0}","{""50051"": 0.025299602173494397, ""50053"": 0.025940074538818234, ""50055"": 0.025940074538818234, ""50057"": 0.025940074538818234, ""50059"": 0.025940074538818234, ""50061"": 0.025940074538818234, ""50063"": 0.025940074538818234, ""50065"": 0.025940074538818234, ""50067"": 0.025940074538818234, ""50069"": 0.025940074538818234}"
92,91,1,109,0.247799,10,"{""50051"": 7.008557303167818, ""50053"": 1.889041073656516, ""50055"": 1.6078343860891187, ""50057"": 1.711773640438534, ""50059"": 3.048934071155752, ""50061"": 4.22911557582088, ""50063"": 2.697817606820826, ""50065"": 2.9890744683316903, ""50067"": 3.6607138146569715, ""50069"": 2.977514764210154}","{""50051"": 1106, ""50053"": 0, ""50055"": 0, ""50057"": 0, ""50059"": 0, ""50061"": 0, ""50063"": 0, ""50065"": 0, ""50067"": 0, ""50069"": 0}","{""50051"": 0.025299602173494397, ""50053"": 0.025940074538818234, ""50055"": 0.025940074538818234, ""50057"": 0.025940074538818234, ""50059"": 0.025940074538818234, ""50061"": 0.025940074538818234, ""50063"": 0.025940074538818234, ""50065"": 0.025940074538818234, ""50067"": 0.025940074538818234, ""50069"": 0.025940074538818234}"
93,92,1,109,0.243885,10,"{""50051"": 7.037128731739246, ""50053"": 1.889041073656516, ""50055"": 1.6078343860891187, ""50057"": 1.7403450690099624, ""50059"": 3.248934071155752, ""50061"": 4.22911557582088, ""50063"": 2.697817606820826, ""50065"": 2.9890744683316903, ""50067"": 3.6607138146569715, ""50069"": 3.0060861927815825}","{""50051"": 1104, ""50053"": 0, ""50055"": 0, ""50057"": 0, ""50059"": 0, ""50061"": 0, ""50063"": 0, ""50065"": 0, ""50067"": 0, ""50069"": 0}","{""50051"": 0.025302227675118055, ""50053"": 0.025941537969396827, ""50055"": 0.025941537969396827, ""50057"": 0.025941537969396827, ""50059"": 0.025941537969396827, ""50061"": 0.025941537969396827, ""50063"": 0.025941537969396827, ""50065"": 0.025941537969396827, ""50067"": 0.025941537969396827, ""50069"": 0.025941537969396827}"
94,93,1,108,0.239967,10,"{""50051"": 7.205116220259058, ""50053"": 1.889041073656516, ""50055"": 1.6078343860891187, ""50057"": 1.7929147102270786, ""50059"": 3.4489340711557523, ""50061"": 4.281685217037996, ""50063"": 2.697817606820826, ""50065"": 3.0416441095488063, ""50067"": 3.6607138146569715, ""50069"": 3.0060861927815825}","{""50051"": 1096, ""50053"": 0, ""50055"": 0, ""50057"": 0, ""50059"": 0, ""50061"": 0, ""50063"": 0, ""50065"": 0, ""50067"": 0, ""50069"": 0}","{""50051"": 0.025317385885951168, ""50053"": 0.025952065813910907, ""50055"": 0.025952065813910907, ""50057"": 0.025952065813910907, ""50059"": 0.025952065813910907, ""50061"": 0.025952065813910907, ""50063"": 0.025952065813910907, ""50065"": 0.025952065813910907, ""50067"": 0.025952065813910907, ""50069"": 0.025952065813910907}"
95,94,1,108,0.396840,10,"{""50051"": 7.205116220259058, ""50053"": 1.889041073656516, ""50055"": 1.6078343860891187, ""50057"": 1.7929147102270786, ""50059"": 3.4489340711557523, ""50061"": 4.281685217037996, ""50063"": 2.697817606820826, ""50065"": 3.0416441095488063, ""50067"": 3.6607138146569715, ""50069"": 3.0060861927815825}","{""50051"": 1096, ""50053"": 0, ""50055"": 0, ""50057"": 0, ""50059"": 0, ""50061"": 0, ""50063"": 0, ""50065"": 0, ""50067"": 0, ""50069"": 0}","{""50051"": 0.025317385885951168, ""50053"": 0.025952065813910907, ""50055"": 0.025952065813910907, ""50057"": 0.025952065813910907, ""50059"": 0.025952065813910907, ""50061"": 0.025952065813910907, ""50063"": 0.025952065813910907, ""50065"": 0.025952065813910907, ""50067"": 0.025952065813910907, ""50069"": 0.025952065813910907}"
96,95,1,108,0.410079,10,"{""50051"": 7.205116220259058, ""50053"": 1.9176125022279444, ""50055"": 1.6364058146605471, ""50057"": 1.7929147102270786, ""50059"": 3.6489340711557525, ""50061"": 4.281685217037996, ""50063"": 2.697817606820826, ""50065"": 3.0416441095488063, ""50067"": 3.6892852432284, ""50069"": 3.0060861927815825}","{""50051"": 1096, ""50053"": 0, ""50055"": 0, ""50057"": 0, ""50059"": 0, ""50061"": 0, ""50063"": 0, ""50065"": 0, ""50067"": 0, ""50069"": 0}","{""50051"": 0.025317385885951168, ""50053"": 0.025952065813910907, ""50055"": 0.025952065813910907, ""50057"": 0.025952065813910907, ""50059"": 0.025952065813910907, ""50061"": 0.025952065813910907, ""50063"": 0.025952065813910907, ""50065"": 0.025952065813910907, ""50067"": 0.025952065813910907, ""50069"": 0.025952065813910907}"
97,96,1,108,0.412974,10,"{""50051"": 7.205116220259058, ""50053"": 1.9176125022279444, ""50055"": 1.6364058146605471, ""50057"": 1.7929147102270786, ""50059"": 3.6489340711557525, ""50061"": 4.281685217037996, ""50063"": 2.697817606820826, ""50065"": 3.0416441095488063, ""50067"": 3.6892852432284, ""50069"": 3.0060861927815825}","{""50051"": 1096, ""50053"": 0, ""50055"": 0, ""50057"": 0, ""50059"": 0, ""50061"": 0, ""50063"": 0, ""50065"": 0, ""50067"": 0, ""50069"": 0}","{""50051"": 0.025317385885951168, ""50053"": 0.025952065813910907, ""50055"": 0.025952065813910907, ""50057"": 0.025952065813910907, ""50059"": 0.025952065813910907, ""50061"": 0.025952065813910907, ""50063"": 0.025952065813910907, ""50065"": 0.025952065813910907, ""50067"": 0.025952065813910907, ""50069"": 0.025952065813910907}"
98,97,1,108,0.411907,10,"{""50051"": 7.205116220259058, ""50053"": 1.9176125022279444, ""50055"": 1.6364058146605471, ""50057"": 1.7929147102270786, ""50059"": 3.6489340711557525, ""50061"": 4.281685217037996, ""50063"": 2.697817606820826, ""50065"": 3.0416441095488063, ""50067"": 3.6892852432284, ""50069"": 3.0060861927815825}","{""50051"": 1096, ""50053"": 0, ""50055"": 0, ""50057"": 0, ""50059"": 0, ""50061"": 0, ""50063"": 0, ""50065"": 0, ""50067"": 0, ""50069"": 0}","{""50051"": 0.025317385885951168, ""50053"": 0.025952065813910907, ""50055"": 0.025952065813910907, ""50057"": 0.025952065813910907, ""50059"": 0.025952065813910907, ""50061"": 0.025952065813910907, ""50063"": 0.025952065813910907, ""50065"": 0.025952065813910907, ""50067"": 0.025952065813910907, ""50069"": 0.025952065813910907}"
99,98,1,108,0.381097,10,"{""50051"": 7.205116220259058, ""50053"": 1.9176125022279444, ""50055"": 1.6364058146605471, ""50057"": 1.7929147102270786, ""50059"": 3.6489340711557525, ""50061"": 4.281685217037996, ""50063"": 2.697817606820826, ""50065"": 3.0416441095488063, ""50067"": 3.6892852432284, ""50069"": 3.0060861927815825}","{""50051"": 1096, ""50053"": 0, ""50055"": 0, ""50057"": 0, ""50059"": 0, ""50061"": 0, ""50063"": 0, ""50065"": 0, ""50067"": 0, ""50069"": 0}","{""50051"": 0.025317385885951168, ""50053"": 0.025952065813910907, ""50055"": 0.025952065813910907, ""50057"": 0.025952065813910907, ""50059"": 0.025952065813910907, ""50061"": 0.025952065813910907, ""50063"": 0.025952065813910907, ""50065"": 0.025952065813910907, ""50067"": 0.025952065813910907, ""50069"": 0.025952065813910907}"
100,99,1,108,0.241582,10,"{""50051"": 7.205116220259058, ""50053"": 1.9176125022279444, ""50055"": 1.6364058146605471, ""50057"": 1.7929147102270786, ""50059"": 3.6489340711557525, ""50061"": 4.281685217037996, ""50063"": 2.697817606820826, ""50065"": 3.0416441095488063, ""50067"": 3.6892852432284, ""50069"": 3.0060861927815825}","{""50051"": 1096, ""50053"": 0, ""50055"": 0, ""50057"": 0, ""50059"": 0, ""50061"": 0, ""50063"": 0, ""50065"": 0, ""50067"": 0, ""50069"": 0}","{""50051"": 0.025317385885951168, ""50053"": 0.025952065813910907, ""50055"": 0.025952065813910907, ""50057"": 0.025952065813910907, ""50059"": 0.025952065813910907, ""50061"": 0.025952065813910907, ""50063"": 0.025952065813910907, ""50065"": 0.025952065813910907, ""50067"": 0.025952065813910907, ""50069"": 0.025952065813910907}"
