game_id,iter_idx,converged,rounds,duration_sec,player_count,quality_scores_json,final_datasizes_json,final_payoffs_json
1,1,1,686,6.372434,20,"{""C01"": 0.997928, ""C02"": 0.743347, ""C03"": 1.142036, ""C04"": 0.985971, ""C05"": 1.037293, ""C06"": 1.198596, ""C07"": 0.934859, ""C08"": 1.166808, ""C09"": 0.887447, ""C10"": 0.833295, ""C11"": 0.775619, ""C12"": 0.779868, ""C13"": 0.940616, ""C14"": 0.991492, ""C15"": 0.838027, ""C16"": 1.012323, ""C17"": 1.168308, ""C18"": 0.893837, ""C19"": 0.91071, ""C20"": 0.74943}","{""C01"": 0, ""C02"": 0, ""C03"": 0, ""C04"": 0, ""C05"": 0, ""C06"": 1941, ""C07"": 0, ""C08"": 0, ""C09"": 0, ""C10"": 0, ""C11"": 0, ""C12"": 0, ""C13"": 0, ""C14"": 0, ""C15"": 0, ""C16"": 0, ""C17"": 0, ""C18"": 0, ""C19"": 0, ""C20"": 0}","{""C01"": 0.024893454516013477, ""C02"": 0.024893454516013477, ""C03"": 0.024893454516013477, ""C04"": 0.024893454516013477, ""C05"": 0.024893454516013477, ""C06"": 0.023769403750276752, ""C07"": 0.024893454516013477, ""C08"": 0.024893454516013477, ""C09"": 0.024893454516013477, ""C10"": 0.024893454516013477, ""C11"": 0.024893454516013477, ""C12"": 0.024893454516013477, ""C13"": 0.024893454516013477, ""C14"": 0.024893454516013477, ""C15"": 0.024893454516013477, ""C16"": 0.024893454516013477, ""C17"": 0.024893454516013477, ""C18"": 0.024893454516013477, ""C19"": 0.024893454516013477, ""C20"": 0.024893454516013477}"
2,2,1,245,1.923137,20,"{""C01"": 1.247018, ""C02"": 1.136644, ""C03"": 1.142036, ""C04"": 0.985971, ""C05"": 1.037293, ""C06"": 1.198596, ""C07"": 1.195231, ""C08"": 1.166808, ""C09"": 0.887447, ""C10"": 1.093909, ""C11"": 1.131378, ""C12"": 1.040643, ""C13"": 1.201471, ""C14"": 1.252999, ""C15"": 1.189295, ""C16"": 1.012323, ""C17"": 1.168308, ""C18"": 0.893837, ""C19"": 1.361504, ""C20"": 1.21352}","{""C01"": 0, ""C02"": 0, ""C03"": 0, ""C04"": 0, ""C05"": 0, ""C06"": 0, ""C07"": 0, ""C08"": 0, ""C09"": 0, ""C10"": 0, ""C11"": 0, ""C12"": 0, ""C13"": 0, ""C14"": 0, ""C15"": 0, ""C16"": 0, ""C17"": 0, ""C18"": 0, ""C19"": 1865, ""C20"": 0}","{""C01"": 0.024990542195776122, ""C02"": 0.024990542195776122, ""C03"": 0.024990542195776122, ""C04"": 0.024990542195776122, ""C05"": 0.024990542195776122, ""C06"": 0.024990542195776122, ""C07"": 0.024990542195776122, ""C08"": 0.024990542195776122, ""C09"": 0.024990542195776122, ""C10"": 0.024990542195776122, ""C11"": 0.024990542195776122, ""C12"": 0.024990542195776122, ""C13"": 0.024990542195776122, ""C14"": 0.024990542195776122, ""C15"": 0.024990542195776122, ""C16"": 0.024990542195776122, ""C17"": 0.024990542195776122, ""C18"": 0.024990542195776122, ""C19"": 0.02391050594482472, ""C20"": 0.024990542195776122}"
3,3,1,482,3.063694,20,"{""C01"": 1.247018, ""C02"": 1.136644, ""C03"": 1.142036, ""C04"": 1.14343, ""C05"": 1.223649, ""C06"": 1.319047, ""C07"": 1.195231, ""C08"": 1.166808, ""C09"": 1.143501, ""C10"": 1.093909, ""C11"": 1.131378, ""C12"": 1.040643, ""C13"": 1.201471, ""C14"": 1.252999, ""C15"": 1.189295, ""C16"": 1.321205, ""C17"": 1.471623, ""C18"": 1.41614, ""C19"": 1.361504, ""C20"": 1.22966}","{""C01"": 0, ""C02"": 0, ""C03"": 0, ""C04"": 0, ""C05"": 0, ""C06"": 0, ""C07"": 0, ""C08"": 0, ""C09"": 0, ""C10"": 0, ""C11"": 0, ""C12"": 0, ""C13"": 0, ""C14"": 0, ""C15"": 0, ""C16"": 0, ""C17"": 1820, ""C18"": 0, ""C19"": 0, ""C20"": 0}","{""C01"": 0.025047883237656998, ""C02"": 0.025047883237656998, ""C03"": 0.025047883237656998, ""C04"": 0.025047883237656998, ""C05"": 0.025047883237656998, ""C06"": 0.025047883237656998, ""C07"": 0.025047883237656998, ""C08"": 0.025047883237656998, ""C09"": 0.025047883237656998, ""C10"": 0.025047883237656998, ""C11"": 0.025047883237656998, ""C12"": 0.025047883237656998, ""C13"": 0.025047883237656998, ""C14"": 0.025047883237656998, ""C15"": 0.025047883237656998, ""C16"": 0.025047883237656998, ""C17"": 0.023993908116990495, ""C18"": 0.025047883237656998, ""C19"": 0.025047883237656998, ""C20"": 0.025047883237656998}"
4,4,1,270,1.755058,20,"{""C01"": 1.247018, ""C02"": 1.237594, ""C03"": 1.142036, ""C04"": 1.14343, ""C05"": 1.223649, ""C06"": 1.319047, ""C07"": 1.195231, ""C08"": 1.166808, ""C09"": 1.143501, ""C10"": 1.265058, ""C11"": 1.131378, ""C12"": 1.401419, ""C13"": 1.201471, ""C14"": 1.252999, ""C15"": 1.189295, ""C16"": 1.321205, ""C17"": 1.471623, ""C18"": 1.41614, ""C19"": 1.361504, ""C20"": 1.582071}","{""C01"": 0, ""C02"": 0, ""C03"": 0, ""C04"": 0, ""C05"": 0, ""C06"": 0, ""C07"": 0, ""C08"": 0, ""C09"": 0, ""C10"": 0, ""C11"": 0, ""C12"": 0, ""C13"": 0, ""C14"": 0, ""C15"": 0, ""C16"": 0, ""C17"": 0, ""C18"": 0, ""C19"": 0, ""C20"": 1779}","{""C01"": 0.025099944506619093, ""C02"": 0.025099944506619093, ""C03"": 0.025099944506619093, ""C04"": 0.025099944506619093, ""C05"": 0.025099944506619093, ""C06"": 0.025099944506619093, ""C07"": 0.025099944506619093, ""C08"": 0.025099944506619093, ""C09"": 0.025099944506619093, ""C10"": 0.025099944506619093, ""C11"": 0.025099944506619093, ""C12"": 0.025099944506619093, ""C13"": 0.025099944506619093, ""C14"": 0.025099944506619093, ""C15"": 0.025099944506619093, ""C16"": 0.025099944506619093, ""C17"": 0.025099944506619093, ""C18"": 0.025099944506619093, ""C19"": 0.025099944506619093, ""C20"": 0.024069714110779107}"
5,5,1,348,2.266464,20,"{""C01"": 1.247018, ""C02"": 1.237594, ""C03"": 1.142036, ""C04"": 1.14343, ""C05"": 1.223649, ""C06"": 1.319047, ""C07"": 1.239344, ""C08"": 1.166808, ""C09"": 1.433934, ""C10"": 1.265058, ""C11"": 1.295571, ""C12"": 1.401419, ""C13"": 1.403476, ""C14"": 1.356527, ""C15"": 1.346473, ""C16"": 1.321205, ""C17"": 1.471623, ""C18"": 1.770825, ""C19"": 1.681951, ""C20"": 1.582071}","{""C01"": 0, ""C02"": 0, ""C03"": 0, ""C04"": 0, ""C05"": 0, ""C06"": 0, ""C07"": 0, ""C08"": 0, ""C09"": 0, ""C10"": 0, ""C11"": 0, ""C12"": 0, ""C13"": 0, ""C14"": 0, ""C15"": 0, ""C16"": 0, ""C17"": 0, ""C18"": 1717, ""C19"": 0, ""C20"": 0}","{""C01"": 0.025178736808505395, ""C02"": 0.025178736808505395, ""C03"": 0.025178736808505395, ""C04"": 0.025178736808505395, ""C05"": 0.025178736808505395, ""C06"": 0.025178736808505395, ""C07"": 0.025178736808505395, ""C08"": 0.025178736808505395, ""C09"": 0.025178736808505395, ""C10"": 0.025178736808505395, ""C11"": 0.025178736808505395, ""C12"": 0.025178736808505395, ""C13"": 0.025178736808505395, ""C14"": 0.025178736808505395, ""C15"": 0.025178736808505395, ""C16"": 0.025178736808505395, ""C17"": 0.025178736808505395, ""C18"": 0.024184412407025117, ""C19"": 0.025178736808505395, ""C20"": 0.025178736808505395}"
6,6,1,200,1.296242,20,"{""C01"": 1.247018, ""C02"": 1.237594, ""C03"": 1.269196, ""C04"": 1.27108, ""C05"": 1.435566, ""C06"": 1.374116, ""C07"": 1.239344, ""C08"": 1.380712, ""C09"": 1.433934, ""C10"": 1.265058, ""C11"": 1.295571, ""C12"": 1.401419, ""C13"": 1.403476, ""C14"": 1.356527, ""C15"": 1.346473, ""C16"": 1.413605, ""C17"": 1.780433, ""C18"": 1.770825, ""C19"": 1.681951, ""C20"": 1.582071}","{""C01"": 0, ""C02"": 0, ""C03"": 0, ""C04"": 0, ""C05"": 0, ""C06"": 0, ""C07"": 0, ""C08"": 0, ""C09"": 0, ""C10"": 0, ""C11"": 0, ""C12"": 0, ""C13"": 0, ""C14"": 0, ""C15"": 0, ""C16"": 0, ""C17"": 892, ""C18"": 826, ""C19"": 0, ""C20"": 0}","{""C01"": 0.02518213720426478, ""C02"": 0.02518213720426478, ""C03"": 0.02518213720426478, ""C04"": 0.02518213720426478, ""C05"": 0.02518213720426478, ""C06"": 0.02518213720426478, ""C07"": 0.02518213720426478, ""C08"": 0.02518213720426478, ""C09"": 0.02518213720426478, ""C10"": 0.02518213720426478, ""C11"": 0.02518213720426478, ""C12"": 0.02518213720426478, ""C13"": 0.02518213720426478, ""C14"": 0.02518213720426478, ""C15"": 0.02518213720426478, ""C16"": 0.02518213720426478, ""C17"": 0.024665587692339792, ""C18"": 0.0247037885692716, ""C19"": 0.02518213720426478, ""C20"": 0.02518213720426478}"
7,7,1,217,1.392975,20,"{""C01"": 1.361266, ""C02"": 1.269786, ""C03"": 1.269196, ""C04"": 1.27108, ""C05"": 1.435566, ""C06"": 1.374116, ""C07"": 1.590118, ""C08"": 1.380712, ""C09"": 1.433934, ""C10"": 1.361181, ""C11"": 1.528199, ""C12"": 1.495594, ""C13"": 1.403476, ""C14"": 1.356527, ""C15"": 1.346473, ""C16"": 1.413605, ""C17"": 1.780433, ""C18"": 1.770825, ""C19"": 2.053383, ""C20"": 1.858245}","{""C01"": 0, ""C02"": 0, ""C03"": 0, ""C04"": 0, ""C05"": 0, ""C06"": 0, ""C07"": 0, ""C08"": 0, ""C09"": 0, ""C10"": 0, ""C11"": 0, ""C12"": 0, ""C13"": 0, ""C14"": 0, ""C15"": 0, ""C16"": 0, ""C17"": 0, ""C18"": 0, ""C19"": 1638, ""C20"": 0}","{""C01"": 0.025277605408540044, ""C02"": 0.025277605408540044, ""C03"": 0.025277605408540044, ""C04"": 0.025277605408540044, ""C05"": 0.025277605408540044, ""C06"": 0.025277605408540044, ""C07"": 0.025277605408540044, ""C08"": 0.025277605408540044, ""C09"": 0.025277605408540044, ""C10"": 0.025277605408540044, ""C11"": 0.025277605408540044, ""C12"": 0.025277605408540044, ""C13"": 0.025277605408540044, ""C14"": 0.025277605408540044, ""C15"": 0.025277605408540044, ""C16"": 0.025277605408540044, ""C17"": 0.025277605408540044, ""C18"": 0.025277605408540044, ""C19"": 0.024329035034980198, ""C20"": 0.025277605408540044}"
8,8,1,851,5.914123,20,"{""C01"": 1.361266, ""C02"": 1.269786, ""C03"": 1.269196, ""C04"": 1.27108, ""C05"": 1.435566, ""C06"": 1.374116, ""C07"": 1.590118, ""C08"": 1.380712, ""C09"": 1.546101, ""C10"": 1.361181, ""C11"": 1.528199, ""C12"": 1.495594, ""C13"": 1.48069, ""C14"": 1.434142, ""C15"": 1.490666, ""C16"": 1.413605, ""C17"": 1.843111, ""C18"": 2.101219, ""C19"": 2.05821, ""C20"": 1.870834}","{""C01"": 0, ""C02"": 0, ""C03"": 0, ""C04"": 0, ""C05"": 0, ""C06"": 0, ""C07"": 0, ""C08"": 0, ""C09"": 0, ""C10"": 0, ""C11"": 0, ""C12"": 0, ""C13"": 0, ""C14"": 0, ""C15"": 0, ""C16"": 0, ""C17"": 0, ""C18"": 1627, ""C19"": 0, ""C20"": 0}","{""C01"": 0.02529313759702584, ""C02"": 0.02529313759702584, ""C03"": 0.02529313759702584, ""C04"": 0.02529313759702584, ""C05"": 0.02529313759702584, ""C06"": 0.02529313759702584, ""C07"": 0.02529313759702584, ""C08"": 0.02529313759702584, ""C09"": 0.02529313759702584, ""C10"": 0.02529313759702584, ""C11"": 0.02529313759702584, ""C12"": 0.02529313759702584, ""C13"": 0.02529313759702584, ""C14"": 0.02529313759702584, ""C15"": 0.02529313759702584, ""C16"": 0.02529313759702584, ""C17"": 0.02529313759702584, ""C18"": 0.024350933506167613, ""C19"": 0.02529313759702584, ""C20"": 0.02529313759702584}"
9,9,1,730,4.921516,20,"{""C01"": 1.361266, ""C02"": 1.377243, ""C03"": 1.286274, ""C04"": 1.27108, ""C05"": 1.516488, ""C06"": 1.474402, ""C07"": 1.590118, ""C08"": 1.542163, ""C09"": 1.546101, ""C10"": 1.361181, ""C11"": 1.528199, ""C12"": 1.495594, ""C13"": 1.48069, ""C14"": 1.434142, ""C15"": 1.490666, ""C16"": 1.44936, ""C17"": 2.145228, ""C18"": 2.101219, ""C19"": 2.05821, ""C20"": 2.202623}","{""C01"": 0, ""C02"": 0, ""C03"": 0, ""C04"": 0, ""C05"": 0, ""C06"": 0, ""C07"": 0, ""C08"": 0, ""C09"": 0, ""C10"": 0, ""C11"": 0, ""C12"": 0, ""C13"": 0, ""C14"": 0, ""C15"": 0, ""C16"": 0, ""C17"": 0, ""C18"": 0, ""C19"": 0, ""C20"": 1602}","{""C01"": 0.025322980051720442, ""C02"": 0.025322980051720442, ""C03"": 0.025322980051720442, ""C04"": 0.025322980051720442, ""C05"": 0.025322980051720442, ""C06"": 0.025322980051720442, ""C07"": 0.025322980051720442, ""C08"": 0.025322980051720442, ""C09"": 0.025322980051720442, ""C10"": 0.025322980051720442, ""C11"": 0.025322980051720442, ""C12"": 0.025322980051720442, ""C13"": 0.025322980051720442, ""C14"": 0.025322980051720442, ""C15"": 0.025322980051720442, ""C16"": 0.025322980051720442, ""C17"": 0.025322980051720442, ""C18"": 0.025322980051720442, ""C19"": 0.025322980051720442, ""C20"": 0.02439525851779039}"
10,10,1,772,5.096340,20,"{""C01"": 1.361266, ""C02"": 1.377243, ""C03"": 1.286274, ""C04"": 1.27108, ""C05"": 1.516488, ""C06"": 1.474402, ""C07"": 1.605634, ""C08"": 1.542163, ""C09"": 1.546101, ""C10"": 1.534495, ""C11"": 1.528199, ""C12"": 1.517366, ""C13"": 1.600322, ""C14"": 1.632106, ""C15"": 1.631277, ""C16"": 1.44936, ""C17"": 2.145228, ""C18"": 2.101219, ""C19"": 2.248145, ""C20"": 2.202623}","{""C01"": 0, ""C02"": 0, ""C03"": 0, ""C04"": 0, ""C05"": 0, ""C06"": 0, ""C07"": 0, ""C08"": 0, ""C09"": 0, ""C10"": 0, ""C11"": 0, ""C12"": 0, ""C13"": 0, ""C14"": 0, ""C15"": 0, ""C16"": 0, ""C17"": 0, ""C18"": 0, ""C19"": 1592, ""C20"": 0}","{""C01"": 0.0253362253077955, ""C02"": 0.0253362253077955, ""C03"": 0.0253362253077955, ""C04"": 0.0253362253077955, ""C05"": 0.0253362253077955, ""C06"": 0.0253362253077955, ""C07"": 0.0253362253077955, ""C08"": 0.0253362253077955, ""C09"": 0.0253362253077955, ""C10"": 0.0253362253077955, ""C11"": 0.0253362253077955, ""C12"": 0.0253362253077955, ""C13"": 0.0253362253077955, ""C14"": 0.0253362253077955, ""C15"": 0.0253362253077955, ""C16"": 0.0253362253077955, ""C17"": 0.0253362253077955, ""C18"": 0.0253362253077955, ""C19"": 0.024414293417362783, ""C20"": 0.0253362253077955}"
11,11,1,483,3.107519,20,"{""C01"": 1.361266, ""C02"": 1.377243, ""C03"": 1.384496, ""C04"": 1.354895, ""C05"": 1.634668, ""C06"": 1.62796, ""C07"": 1.605634, ""C08"": 1.542163, ""C09"": 1.546101, ""C10"": 1.534495, ""C11"": 1.528199, ""C12"": 1.517366, ""C13"": 1.600322, ""C14"": 1.632106, ""C15"": 1.631277, ""C16"": 1.588309, ""C17"": 2.320371, ""C18"": 2.214137, ""C19"": 2.248145, ""C20"": 2.202623}","{""C01"": 0, ""C02"": 0, ""C03"": 0, ""C04"": 0, ""C05"": 0, ""C06"": 0, ""C07"": 0, ""C08"": 0, ""C09"": 0, ""C10"": 0, ""C11"": 0, ""C12"": 0, ""C13"": 0, ""C14"": 0, ""C15"": 0, ""C16"": 0, ""C17"": 1576, ""C18"": 0, ""C19"": 0, ""C20"": 0}","{""C01"": 0.025356142059908465, ""C02"": 0.025356142059908465, ""C03"": 0.025356142059908465, ""C04"": 0.025356142059908465, ""C05"": 0.025356142059908465, ""C06"": 0.025356142059908465, ""C07"": 0.025356142059908465, ""C08"": 0.025356142059908465, ""C09"": 0.025356142059908465, ""C10"": 0.025356142059908465, ""C11"": 0.025356142059908465, ""C12"": 0.025356142059908465, ""C13"": 0.025356142059908465, ""C14"": 0.025356142059908465, ""C15"": 0.025356142059908465, ""C16"": 0.025356142059908465, ""C17"": 0.02444347685541728, ""C18"": 0.025356142059908465, ""C19"": 0.025356142059908465, ""C20"": 0.025356142059908465}"
12,12,1,237,1.523241,20,"{""C01"": 1.361266, ""C02"": 1.377243, ""C03"": 1.384496, ""C04"": 1.354895, ""C05"": 1.634668, ""C06"": 1.62796, ""C07"": 1.605634, ""C08"": 1.613975, ""C09"": 1.546101, ""C10"": 1.653137, ""C11"": 1.644929, ""C12"": 1.636299, ""C13"": 1.600322, ""C14"": 1.632106, ""C15"": 1.631277, ""C16"": 1.588309, ""C17"": 2.320371, ""C18"": 2.214137, ""C19"": 2.248145, ""C20"": 2.527263}","{""C01"": 0, ""C02"": 0, ""C03"": 0, ""C04"": 0, ""C05"": 0, ""C06"": 0, ""C07"": 0, ""C08"": 0, ""C09"": 0, ""C10"": 0, ""C11"": 0, ""C12"": 0, ""C13"": 0, ""C14"": 0, ""C15"": 0, ""C16"": 0, ""C17"": 0, ""C18"": 0, ""C19"": 0, ""C20"": 1534}","{""C01"": 0.025409203834767566, ""C02"": 0.025409203834767566, ""C03"": 0.025409203834767566, ""C04"": 0.025409203834767566, ""C05"": 0.025409203834767566, ""C06"": 0.025409203834767566, ""C07"": 0.025409203834767566, ""C08"": 0.025409203834767566, ""C09"": 0.025409203834767566, ""C10"": 0.025409203834767566, ""C11"": 0.025409203834767566, ""C12"": 0.025409203834767566, ""C13"": 0.025409203834767566, ""C14"": 0.025409203834767566, ""C15"": 0.025409203834767566, ""C16"": 0.025409203834767566, ""C17"": 0.025409203834767566, ""C18"": 0.025409203834767566, ""C19"": 0.025409203834767566, ""C20"": 0.024520861417330845}"
13,13,1,318,2.061524,20,"{""C01"": 1.361266, ""C02"": 1.377243, ""C03"": 1.384496, ""C04"": 1.354895, ""C05"": 1.634668, ""C06"": 1.62796, ""C07"": 1.605634, ""C08"": 1.613975, ""C09"": 1.642682, ""C10"": 1.653137, ""C11"": 1.644929, ""C12"": 1.636299, ""C13"": 1.606806, ""C14"": 1.637586, ""C15"": 1.64428, ""C16"": 1.588309, ""C17"": 2.320371, ""C18"": 2.591106, ""C19"": 2.593739, ""C20"": 2.527263}","{""C01"": 0, ""C02"": 0, ""C03"": 0, ""C04"": 0, ""C05"": 0, ""C06"": 0, ""C07"": 0, ""C08"": 0, ""C09"": 0, ""C10"": 0, ""C11"": 0, ""C12"": 0, ""C13"": 0, ""C14"": 0, ""C15"": 0, ""C16"": 0, ""C17"": 0, ""C18"": 750, ""C19"": 772, ""C20"": 0}","{""C01"": 0.02542492576719342, ""C02"": 0.02542492576719342, ""C03"": 0.02542492576719342, ""C04"": 0.02542492576719342, ""C05"": 0.02542492576719342, ""C06"": 0.02542492576719342, ""C07"": 0.02542492576719342, ""C08"": 0.02542492576719342, ""C09"": 0.02542492576719342, ""C10"": 0.02542492576719342, ""C11"": 0.02542492576719342, ""C12"": 0.02542492576719342, ""C13"": 0.02542492576719342, ""C14"": 0.02542492576719342, ""C15"": 0.02542492576719342, ""C16"": 0.02542492576719342, ""C17"": 0.02542492576719342, ""C18"": 0.02499060761117308, ""C19"": 0.02497787236537016, ""C20"": 0.02542492576719342}"
14,14,1,579,3.891922,20,"{""C01"": 1.361266, ""C02"": 1.377243, ""C03"": 1.384496, ""C04"": 1.354895, ""C05"": 1.634668, ""C06"": 1.62796, ""C07"": 1.605634, ""C08"": 1.737771, ""C09"": 1.642682, ""C10"": 1.653137, ""C11"": 1.644929, ""C12"": 1.636299, ""C13"": 1.606806, ""C14"": 1.637586, ""C15"": 1.64428, ""C16"": 1.61669, ""C17"": 2.659941, ""C18"": 2.591106, ""C19"": 2.593739, ""C20"": 2.527263}","{""C01"": 0, ""C02"": 0, ""C03"": 0, ""C04"": 0, ""C05"": 0, ""C06"": 0, ""C07"": 0, ""C08"": 0, ""C09"": 0, ""C10"": 0, ""C11"": 0, ""C12"": 0, ""C13"": 0, ""C14"": 0, ""C15"": 0, ""C16"": 0, ""C17"": 1509, ""C18"": 0, ""C19"": 0, ""C20"": 0}","{""C01"": 0.02544009337963278, ""C02"": 0.02544009337963278, ""C03"": 0.02544009337963278, ""C04"": 0.02544009337963278, ""C05"": 0.02544009337963278, ""C06"": 0.02544009337963278, ""C07"": 0.02544009337963278, ""C08"": 0.02544009337963278, ""C09"": 0.02544009337963278, ""C10"": 0.02544009337963278, ""C11"": 0.02544009337963278, ""C12"": 0.02544009337963278, ""C13"": 0.02544009337963278, ""C14"": 0.02544009337963278, ""C15"": 0.02544009337963278, ""C16"": 0.02544009337963278, ""C17"": 0.02456623054438107, ""C18"": 0.02544009337963278, ""C19"": 0.02544009337963278, ""C20"": 0.02544009337963278}"
15,15,1,750,5.847530,20,"{""C01"": 1.388267, ""C02"": 1.377243, ""C03"": 1.384496, ""C04"": 1.354895, ""C05"": 1.634668, ""C06"": 1.62796, ""C07"": 1.718197, ""C08"": 1.737771, ""C09"": 1.642682, ""C10"": 1.742562, ""C11"": 1.746317, ""C12"": 1.754649, ""C13"": 1.606806, ""C14"": 1.782998, ""C15"": 1.792618, ""C16"": 1.61669, ""C17"": 2.659941, ""C18"": 2.591106, ""C19"": 2.916705, ""C20"": 2.84531}","{""C01"": 0, ""C02"": 0, ""C03"": 0, ""C04"": 0, ""C05"": 0, ""C06"": 0, ""C07"": 0, ""C08"": 0, ""C09"": 0, ""C10"": 0, ""C11"": 0, ""C12"": 0, ""C13"": 0, ""C14"": 0, ""C15"": 0, ""C16"": 0, ""C17"": 0, ""C18"": 0, ""C19"": 1466, ""C20"": 0}","{""C01"": 0.02549507370710595, ""C02"": 0.02549507370710595, ""C03"": 0.02549507370710595, ""C04"": 0.02549507370710595, ""C05"": 0.02549507370710595, ""C06"": 0.02549507370710595, ""C07"": 0.02549507370710595, ""C08"": 0.02549507370710595, ""C09"": 0.02549507370710595, ""C10"": 0.02549507370710595, ""C11"": 0.02549507370710595, ""C12"": 0.02549507370710595, ""C13"": 0.02549507370710595, ""C14"": 0.02549507370710595, ""C15"": 0.02549507370710595, ""C16"": 0.02549507370710595, ""C17"": 0.02549507370710595, ""C18"": 0.02549507370710595, ""C19"": 0.02464611034784196, ""C20"": 0.02549507370710595}"
16,16,1,357,2.316043,20,"{""C01"": 1.388267, ""C02"": 1.377243, ""C03"": 1.384496, ""C04"": 1.400524, ""C05"": 1.80776, ""C06"": 1.771902, ""C07"": 1.718197, ""C08"": 1.737771, ""C09"": 1.741839, ""C10"": 1.742562, ""C11"": 1.746317, ""C12"": 1.754649, ""C13"": 1.641751, ""C14"": 1.782998, ""C15"": 1.792618, ""C16"": 1.61669, ""C17"": 3.066823, ""C18"": 2.870237, ""C19"": 2.916705, ""C20"": 2.84531}","{""C01"": 0, ""C02"": 0, ""C03"": 0, ""C04"": 0, ""C05"": 0, ""C06"": 0, ""C07"": 0, ""C08"": 0, ""C09"": 0, ""C10"": 0, ""C11"": 0, ""C12"": 0, ""C13"": 0, ""C14"": 0, ""C15"": 0, ""C16"": 0, ""C17"": 1442, ""C18"": 0, ""C19"": 0, ""C20"": 0}","{""C01"": 0.025523704370140413, ""C02"": 0.025523704370140413, ""C03"": 0.025523704370140413, ""C04"": 0.025523704370140413, ""C05"": 0.025523704370140413, ""C06"": 0.025523704370140413, ""C07"": 0.025523704370140413, ""C08"": 0.025523704370140413, ""C09"": 0.025523704370140413, ""C10"": 0.025523704370140413, ""C11"": 0.025523704370140413, ""C12"": 0.025523704370140413, ""C13"": 0.025523704370140413, ""C14"": 0.025523704370140413, ""C15"": 0.025523704370140413, ""C16"": 0.025523704370140413, ""C17"": 0.024688644080591564, ""C18"": 0.025523704370140413, ""C19"": 0.025523704370140413, ""C20"": 0.025523704370140413}"
17,17,1,448,2.854583,20,"{""C01"": 1.388267, ""C02"": 1.377243, ""C03"": 1.384496, ""C04"": 1.400524, ""C05"": 1.80776, ""C06"": 1.771902, ""C07"": 1.718197, ""C08"": 1.807848, ""C09"": 1.741839, ""C10"": 1.884794, ""C11"": 1.746317, ""C12"": 1.754649, ""C13"": 1.641751, ""C14"": 1.782998, ""C15"": 1.792618, ""C16"": 1.688466, ""C17"": 3.066823, ""C18"": 2.870237, ""C19"": 2.916705, ""C20"": 3.169974}","{""C01"": 0, ""C02"": 0, ""C03"": 0, ""C04"": 0, ""C05"": 0, ""C06"": 0, ""C07"": 0, ""C08"": 0, ""C09"": 0, ""C10"": 0, ""C11"": 0, ""C12"": 0, ""C13"": 0, ""C14"": 0, ""C15"": 0, ""C16"": 0, ""C17"": 0, ""C18"": 0, ""C19"": 0, ""C20"": 1427}","{""C01"": 0.025542686662456668, ""C02"": 0.025542686662456668, ""C03"": 0.025542686662456668, ""C04"": 0.025542686662456668, ""C05"": 0.025542686662456668, ""C06"": 0.025542686662456668, ""C07"": 0.025542686662456668, ""C08"": 0.025542686662456668, ""C09"": 0.025542686662456668, ""C10"": 0.025542686662456668, ""C11"": 0.025542686662456668, ""C12"": 0.025542686662456668, ""C13"": 0.025542686662456668, ""C14"": 0.025542686662456668, ""C15"": 0.025542686662456668, ""C16"": 0.025542686662456668, ""C17"": 0.025542686662456668, ""C18"": 0.025542686662456668, ""C19"": 0.025542686662456668, ""C20"": 0.024716312633963507}"
18,18,1,738,4.590457,20,"{""C01"": 1.388267, ""C02"": 1.377243, ""C03"": 1.384496, ""C04"": 1.400524, ""C05"": 1.80776, ""C06"": 1.771902, ""C07"": 1.761376, ""C08"": 1.807848, ""C09"": 1.888924, ""C10"": 1.884794, ""C11"": 1.771943, ""C12"": 1.796914, ""C13"": 1.812276, ""C14"": 1.875231, ""C15"": 1.864379, ""C16"": 1.688466, ""C17"": 3.066823, ""C18"": 3.25099, ""C19"": 3.089433, ""C20"": 3.169974}","{""C01"": 0, ""C02"": 0, ""C03"": 0, ""C04"": 0, ""C05"": 0, ""C06"": 0, ""C07"": 0, ""C08"": 0, ""C09"": 0, ""C10"": 0, ""C11"": 0, ""C12"": 0, ""C13"": 0, ""C14"": 0, ""C15"": 0, ""C16"": 0, ""C17"": 0, ""C18"": 1416, ""C19"": 0, ""C20"": 0}","{""C01"": 0.025557231403090352, ""C02"": 0.025557231403090352, ""C03"": 0.025557231403090352, ""C04"": 0.025557231403090352, ""C05"": 0.025557231403090352, ""C06"": 0.025557231403090352, ""C07"": 0.025557231403090352, ""C08"": 0.025557231403090352, ""C09"": 0.025557231403090352, ""C10"": 0.025557231403090352, ""C11"": 0.025557231403090352, ""C12"": 0.025557231403090352, ""C13"": 0.025557231403090352, ""C14"": 0.025557231403090352, ""C15"": 0.025557231403090352, ""C16"": 0.025557231403090352, ""C17"": 0.025557231403090352, ""C18"": 0.02473722542514947, ""C19"": 0.025557231403090352, ""C20"": 0.025557231403090352}"
19,19,1,783,5.083505,20,"{""C01"": 1.388267, ""C02"": 1.377243, ""C03"": 1.400561, ""C04"": 1.400524, ""C05"": 1.882041, ""C06"": 1.771902, ""C07"": 1.761376, ""C08"": 1.807848, ""C09"": 1.888924, ""C10"": 1.884794, ""C11"": 1.771943, ""C12"": 1.796914, ""C13"": 1.812276, ""C14"": 1.875231, ""C15"": 1.864379, ""C16"": 1.89152, ""C17"": 3.299929, ""C18"": 3.25099, ""C19"": 3.101208, ""C20"": 3.169974}","{""C01"": 0, ""C02"": 0, ""C03"": 0, ""C04"": 0, ""C05"": 0, ""C06"": 0, ""C07"": 0, ""C08"": 0, ""C09"": 0, ""C10"": 0, ""C11"": 0, ""C12"": 0, ""C13"": 0, ""C14"": 0, ""C15"": 0, ""C16"": 0, ""C17"": 1409, ""C18"": 0, ""C19"": 0, ""C20"": 0}","{""C01"": 0.025565478900428096, ""C02"": 0.025565478900428096, ""C03"": 0.025565478900428096, ""C04"": 0.025565478900428096, ""C05"": 0.025565478900428096, ""C06"": 0.025565478900428096, ""C07"": 0.025565478900428096, ""C08"": 0.025565478900428096, ""C09"": 0.025565478900428096, ""C10"": 0.025565478900428096, ""C11"": 0.025565478900428096, ""C12"": 0.025565478900428096, ""C13"": 0.025565478900428096, ""C14"": 0.025565478900428096, ""C15"": 0.025565478900428096, ""C16"": 0.025565478900428096, ""C17"": 0.02474952826646768, ""C18"": 0.025565478900428096, ""C19"": 0.025565478900428096, ""C20"": 0.025565478900428096}"
20,20,1,906,5.878089,20,"{""C01"": 1.388267, ""C02"": 1.377243, ""C03"": 1.400561, ""C04"": 1.400524, ""C05"": 1.882041, ""C06"": 1.771902, ""C07"": 1.761376, ""C08"": 1.826498, ""C09"": 1.888924, ""C10"": 1.88735, ""C11"": 1.903724, ""C12"": 1.913644, ""C13"": 1.812276, ""C14"": 1.875231, ""C15"": 1.864379, ""C16"": 1.89152, ""C17"": 3.299929, ""C18"": 3.25099, ""C19"": 3.395895, ""C20"": 3.335461}","{""C01"": 0, ""C02"": 0, ""C03"": 0, ""C04"": 0, ""C05"": 0, ""C06"": 0, ""C07"": 0, ""C08"": 0, ""C09"": 0, ""C10"": 0, ""C11"": 0, ""C12"": 0, ""C13"": 0, ""C14"": 0, ""C15"": 0, ""C16"": 0, ""C17"": 0, ""C18"": 0, ""C19"": 1396, ""C20"": 0}","{""C01"": 0.025581390686978706, ""C02"": 0.025581390686978706, ""C03"": 0.025581390686978706, ""C04"": 0.025581390686978706, ""C05"": 0.025581390686978706, ""C06"": 0.025581390686978706, ""C07"": 0.025581390686978706, ""C08"": 0.025581390686978706, ""C09"": 0.025581390686978706, ""C10"": 0.025581390686978706, ""C11"": 0.025581390686978706, ""C12"": 0.025581390686978706, ""C13"": 0.025581390686978706, ""C14"": 0.025581390686978706, ""C15"": 0.025581390686978706, ""C16"": 0.025581390686978706, ""C17"": 0.025581390686978706, ""C18"": 0.025581390686978706, ""C19"": 0.024772969644674334, ""C20"": 0.025581390686978706}"
21,21,1,462,3.001023,20,"{""C01"": 1.388267, ""C02"": 1.377243, ""C03"": 1.400561, ""C04"": 1.400524, ""C05"": 1.882041, ""C06"": 1.771902, ""C07"": 1.802789, ""C08"": 1.826498, ""C09"": 1.92242, ""C10"": 1.88735, ""C11"": 1.903724, ""C12"": 1.913644, ""C13"": 1.812276, ""C14"": 1.875231, ""C15"": 1.864379, ""C16"": 1.89152, ""C17"": 3.299929, ""C18"": 3.406433, ""C19"": 3.395895, ""C20"": 3.335461}","{""C01"": 0, ""C02"": 0, ""C03"": 0, ""C04"": 0, ""C05"": 0, ""C06"": 0, ""C07"": 0, ""C08"": 0, ""C09"": 0, ""C10"": 0, ""C11"": 0, ""C12"": 0, ""C13"": 0, ""C14"": 0, ""C15"": 0, ""C16"": 0, ""C17"": 0, ""C18"": 838, ""C19"": 558, ""C20"": 0}","{""C01"": 0.02558290979903914, ""C02"": 0.02558290979903914, ""C03"": 0.02558290979903914, ""C04"": 0.02558290979903914, ""C05"": 0.02558290979903914, ""C06"": 0.02558290979903914, ""C07"": 0.02558290979903914, ""C08"": 0.02558290979903914, ""C09"": 0.02558290979903914, ""C10"": 0.02558290979903914, ""C11"": 0.02558290979903914, ""C12"": 0.02558290979903914, ""C13"": 0.02558290979903914, ""C14"": 0.02558290979903914, ""C15"": 0.02558290979903914, ""C16"": 0.02558290979903914, ""C17"": 0.02558290979903914, ""C18"": 0.025097638614625852, ""C19"": 0.025259776756904294, ""C20"": 0.02558290979903914}"
22,22,1,503,3.344926,20,"{""C01"": 1.388267, ""C02"": 1.446732, ""C03"": 1.400561, ""C04"": 1.400524, ""C05"": 1.882041, ""C06"": 1.799192, ""C07"": 1.802789, ""C08"": 1.972028, ""C09"": 1.92242, ""C10"": 1.88735, ""C11"": 1.903724, ""C12"": 1.913644, ""C13"": 1.812276, ""C14"": 1.875231, ""C15"": 1.864379, ""C16"": 1.917387, ""C17"": 3.518134, ""C18"": 3.406433, ""C19"": 3.395895, ""C20"": 3.335461}","{""C01"": 0, ""C02"": 0, ""C03"": 0, ""C04"": 0, ""C05"": 0, ""C06"": 0, ""C07"": 0, ""C08"": 0, ""C09"": 0, ""C10"": 0, ""C11"": 0, ""C12"": 0, ""C13"": 0, ""C14"": 0, ""C15"": 0, ""C16"": 0, ""C17"": 1380, ""C18"": 0, ""C19"": 0, ""C20"": 0}","{""C01"": 0.025600747933141058, ""C02"": 0.025600747933141058, ""C03"": 0.025600747933141058, ""C04"": 0.025600747933141058, ""C05"": 0.025600747933141058, ""C06"": 0.025600747933141058, ""C07"": 0.025600747933141058, ""C08"": 0.025600747933141058, ""C09"": 0.025600747933141058, ""C10"": 0.025600747933141058, ""C11"": 0.025600747933141058, ""C12"": 0.025600747933141058, ""C13"": 0.025600747933141058, ""C14"": 0.025600747933141058, ""C15"": 0.025600747933141058, ""C16"": 0.025600747933141058, ""C17"": 0.024801594744482614, ""C18"": 0.025600747933141058, ""C19"": 0.025600747933141058, ""C20"": 0.025600747933141058}"
23,23,1,267,1.738971,20,"{""C01"": 1.3959, ""C02"": 1.446732, ""C03"": 1.400561, ""C04"": 1.400524, ""C05"": 1.882041, ""C06"": 1.799192, ""C07"": 1.99639, ""C08"": 1.972028, ""C09"": 1.92242, ""C10"": 1.907661, ""C11"": 1.91913, ""C12"": 1.966942, ""C13"": 2.022806, ""C14"": 2.012486, ""C15"": 2.04869, ""C16"": 1.917387, ""C17"": 3.518134, ""C18"": 3.406433, ""C19"": 3.644943, ""C20"": 3.649518}","{""C01"": 0, ""C02"": 0, ""C03"": 0, ""C04"": 0, ""C05"": 0, ""C06"": 0, ""C07"": 0, ""C08"": 0, ""C09"": 0, ""C10"": 0, ""C11"": 0, ""C12"": 0, ""C13"": 0, ""C14"": 0, ""C15"": 0, ""C16"": 0, ""C17"": 0, ""C18"": 0, ""C19"": 655, ""C20"": 710}","{""C01"": 0.025620927601116894, ""C02"": 0.025620927601116894, ""C03"": 0.025620927601116894, ""C04"": 0.025620927601116894, ""C05"": 0.025620927601116894, ""C06"": 0.025620927601116894, ""C07"": 0.025620927601116894, ""C08"": 0.025620927601116894, ""C09"": 0.025620927601116894, ""C10"": 0.025620927601116894, ""C11"": 0.025620927601116894, ""C12"": 0.025620927601116894, ""C13"": 0.025620927601116894, ""C14"": 0.025620927601116894, ""C15"": 0.025620927601116894, ""C16"": 0.025620927601116894, ""C17"": 0.025620927601116894, ""C18"": 0.025620927601116894, ""C19"": 0.025241627334518006, ""C20"": 0.025209782346058716}"
24,24,1,404,2.639624,20,"{""C01"": 1.3959, ""C02"": 1.446732, ""C03"": 1.453115, ""C04"": 1.400524, ""C05"": 2.063311, ""C06"": 1.994599, ""C07"": 1.99639, ""C08"": 1.972028, ""C09"": 2.016331, ""C10"": 1.907661, ""C11"": 1.91913, ""C12"": 1.966942, ""C13"": 2.022806, ""C14"": 2.012486, ""C15"": 2.04869, ""C16"": 2.114994, ""C17"": 3.885195, ""C18"": 3.728925, ""C19"": 3.644943, ""C20"": 3.649518}","{""C01"": 0, ""C02"": 0, ""C03"": 0, ""C04"": 0, ""C05"": 0, ""C06"": 0, ""C07"": 0, ""C08"": 0, ""C09"": 0, ""C10"": 0, ""C11"": 0, ""C12"": 0, ""C13"": 0, ""C14"": 0, ""C15"": 0, ""C16"": 0, ""C17"": 1337, ""C18"": 0, ""C19"": 0, ""C20"": 0}","{""C01"": 0.025654480950947675, ""C02"": 0.025654480950947675, ""C03"": 0.025654480950947675, ""C04"": 0.025654480950947675, ""C05"": 0.025654480950947675, ""C06"": 0.025654480950947675, ""C07"": 0.025654480950947675, ""C08"": 0.025654480950947675, ""C09"": 0.025654480950947675, ""C10"": 0.025654480950947675, ""C11"": 0.025654480950947675, ""C12"": 0.025654480950947675, ""C13"": 0.025654480950947675, ""C14"": 0.025654480950947675, ""C15"": 0.025654480950947675, ""C16"": 0.025654480950947675, ""C17"": 0.024880229736034244, ""C18"": 0.025654480950947675, ""C19"": 0.025654480950947675, ""C20"": 0.025654480950947675}"
25,25,1,755,4.941870,20,"{""C01"": 1.3959, ""C02"": 1.446732, ""C03"": 1.453115, ""C04"": 1.400524, ""C05"": 2.063311, ""C06"": 1.994599, ""C07"": 1.99639, ""C08"": 2.069723, ""C09"": 2.016331, ""C10"": 2.112444, ""C11"": 1.91913, ""C12"": 2.146395, ""C13"": 2.022806, ""C14"": 2.012486, ""C15"": 2.04869, ""C16"": 2.114994, ""C17"": 3.885195, ""C18"": 3.728925, ""C19"": 3.658919, ""C20"": 3.95416}","{""C01"": 0, ""C02"": 0, ""C03"": 0, ""C04"": 0, ""C05"": 0, ""C06"": 0, ""C07"": 0, ""C08"": 0, ""C09"": 0, ""C10"": 0, ""C11"": 0, ""C12"": 0, ""C13"": 0, ""C14"": 0, ""C15"": 0, ""C16"": 0, ""C17"": 0, ""C18"": 0, ""C19"": 0, ""C20"": 1330}","{""C01"": 0.025664114235535246, ""C02"": 0.025664114235535246, ""C03"": 0.025664114235535246, ""C04"": 0.025664114235535246, ""C05"": 0.025664114235535246, ""C06"": 0.025664114235535246, ""C07"": 0.025664114235535246, ""C08"": 0.025664114235535246, ""C09"": 0.025664114235535246, ""C10"": 0.025664114235535246, ""C11"": 0.025664114235535246, ""C12"": 0.025664114235535246, ""C13"": 0.025664114235535246, ""C14"": 0.025664114235535246, ""C15"": 0.025664114235535246, ""C16"": 0.025664114235535246, ""C17"": 0.025664114235535246, ""C18"": 0.025664114235535246, ""C19"": 0.025664114235535246, ""C20"": 0.024893914003330478}"
26,26,1,368,2.464491,20,"{""C01"": 1.3959, ""C02"": 1.446732, ""C03"": 1.453115, ""C04"": 1.400524, ""C05"": 2.063311, ""C06"": 1.994599, ""C07"": 2.034733, ""C08"": 2.069723, ""C09"": 2.15819, ""C10"": 2.112444, ""C11"": 2.063206, ""C12"": 2.146395, ""C13"": 2.128151, ""C14"": 2.123894, ""C15"": 2.107842, ""C16"": 2.114994, ""C17"": 3.885195, ""C18"": 3.977007, ""C19"": 3.95832, ""C20"": 3.95416}","{""C01"": 0, ""C02"": 0, ""C03"": 0, ""C04"": 0, ""C05"": 0, ""C06"": 0, ""C07"": 0, ""C08"": 0, ""C09"": 0, ""C10"": 0, ""C11"": 0, ""C12"": 0, ""C13"": 0, ""C14"": 0, ""C15"": 0, ""C16"": 0, ""C17"": 0, ""C18"": 647, ""C19"": 343, ""C20"": 341}","{""C01"": 0.025667088903326585, ""C02"": 0.025667088903326585, ""C03"": 0.025667088903326585, ""C04"": 0.025667088903326585, ""C05"": 0.025667088903326585, ""C06"": 0.025667088903326585, ""C07"": 0.025667088903326585, ""C08"": 0.025667088903326585, ""C09"": 0.025667088903326585, ""C10"": 0.025667088903326585, ""C11"": 0.025667088903326585, ""C12"": 0.025667088903326585, ""C13"": 0.025667088903326585, ""C14"": 0.025667088903326585, ""C15"": 0.025667088903326585, ""C16"": 0.025667088903326585, ""C17"": 0.025667088903326585, ""C18"": 0.025292427106099347, ""C19"": 0.025468459478078093, ""C20"": 0.025469614929357284}"
27,27,1,696,4.577548,20,"{""C01"": 1.3959, ""C02"": 1.446732, ""C03"": 1.453115, ""C04"": 1.413669, ""C05"": 2.103942, ""C06"": 2.139092, ""C07"": 2.034733, ""C08"": 2.220489, ""C09"": 2.15819, ""C10"": 2.112444, ""C11"": 2.063206, ""C12"": 2.146395, ""C13"": 2.128151, ""C14"": 2.123894, ""C15"": 2.107842, ""C16"": 2.174012, ""C17"": 4.126952, ""C18"": 4.024671, ""C19"": 3.95832, ""C20"": 3.95416}","{""C01"": 0, ""C02"": 0, ""C03"": 0, ""C04"": 0, ""C05"": 0, ""C06"": 0, ""C07"": 0, ""C08"": 0, ""C09"": 0, ""C10"": 0, ""C11"": 0, ""C12"": 0, ""C13"": 0, ""C14"": 0, ""C15"": 0, ""C16"": 0, ""C17"": 1312, ""C18"": 0, ""C19"": 0, ""C20"": 0}","{""C01"": 0.025686636540423413, ""C02"": 0.025686636540423413, ""C03"": 0.025686636540423413, ""C04"": 0.025686636540423413, ""C05"": 0.025686636540423413, ""C06"": 0.025686636540423413, ""C07"": 0.025686636540423413, ""C08"": 0.025686636540423413, ""C09"": 0.025686636540423413, ""C10"": 0.025686636540423413, ""C11"": 0.025686636540423413, ""C12"": 0.025686636540423413, ""C13"": 0.025686636540423413, ""C14"": 0.025686636540423413, ""C15"": 0.025686636540423413, ""C16"": 0.025686636540423413, ""C17"": 0.024926860099540826, ""C18"": 0.025686636540423413, ""C19"": 0.025686636540423413, ""C20"": 0.025686636540423413}"
28,28,1,1207,8.103947,20,"{""C01"": 1.459869, ""C02"": 1.446732, ""C03"": 1.453115, ""C04"": 1.413669, ""C05"": 2.103942, ""C06"": 2.139092, ""C07"": 2.161132, ""C08"": 2.220489, ""C09"": 2.15819, ""C10"": 2.145228, ""C11"": 2.201412, ""C12"": 2.19765, ""C13"": 2.128151, ""C14"": 2.123894, ""C15"": 2.107842, ""C16"": 2.174012, ""C17"": 4.126952, ""C18"": 4.024671, ""C19"": 4.199835, ""C20"": 4.151633}","{""C01"": 0, ""C02"": 0, ""C03"": 0, ""C04"": 0, ""C05"": 0, ""C06"": 0, ""C07"": 0, ""C08"": 0, ""C09"": 0, ""C10"": 0, ""C11"": 0, ""C12"": 0, ""C13"": 0, ""C14"": 0, ""C15"": 0, ""C16"": 0, ""C17"": 0, ""C18"": 0, ""C19"": 1304, ""C20"": 0}","{""C01"": 0.025695355313604465, ""C02"": 0.025695355313604465, ""C03"": 0.025695355313604465, ""C04"": 0.025695355313604465, ""C05"": 0.025695355313604465, ""C06"": 0.025695355313604465, ""C07"": 0.025695355313604465, ""C08"": 0.025695355313604465, ""C09"": 0.025695355313604465, ""C10"": 0.025695355313604465, ""C11"": 0.025695355313604465, ""C12"": 0.025695355313604465, ""C13"": 0.025695355313604465, ""C14"": 0.025695355313604465, ""C15"": 0.025695355313604465, ""C16"": 0.025695355313604465, ""C17"": 0.025695355313604465, ""C18"": 0.025695355313604465, ""C19"": 0.024940215790340996, ""C20"": 0.025695355313604465}"
29,29,1,907,7.039323,20,"{""C01"": 1.459869, ""C02"": 1.446732, ""C03"": 1.453115, ""C04"": 1.413669, ""C05"": 2.103942, ""C06"": 2.139092, ""C07"": 2.161132, ""C08"": 2.220489, ""C09"": 2.15819, ""C10"": 2.145228, ""C11"": 2.201412, ""C12"": 2.19765, ""C13"": 2.128151, ""C14"": 2.131338, ""C15"": 2.117531, ""C16"": 2.174012, ""C17"": 4.126952, ""C18"": 4.18638, ""C19"": 4.199835, ""C20"": 4.151633}","{""C01"": 0, ""C02"": 0, ""C03"": 0, ""C04"": 0, ""C05"": 0, ""C06"": 0, ""C07"": 0, ""C08"": 0, ""C09"": 0, ""C10"": 0, ""C11"": 0, ""C12"": 0, ""C13"": 0, ""C14"": 0, ""C15"": 0, ""C16"": 0, ""C17"": 0, ""C18"": 342, ""C19"": 963, ""C20"": 0}","{""C01"": 0.025695299302397376, ""C02"": 0.025695299302397376, ""C03"": 0.025695299302397376, ""C04"": 0.025695299302397376, ""C05"": 0.025695299302397376, ""C06"": 0.025695299302397376, ""C07"": 0.025695299302397376, ""C08"": 0.025695299302397376, ""C09"": 0.025695299302397376, ""C10"": 0.025695299302397376, ""C11"": 0.025695299302397376, ""C12"": 0.025695299302397376, ""C13"": 0.025695299302397376, ""C14"": 0.025695299302397376, ""C15"": 0.025695299302397376, ""C16"": 0.025695299302397376, ""C17"": 0.025695299302397376, ""C18"": 0.025497256344882386, ""C19"": 0.025137639640545224, ""C20"": 0.025695299302397376}"
30,30,1,639,4.440125,20,"{""C01"": 1.459869, ""C02"": 1.455618, ""C03"": 1.453115, ""C04"": 1.413669, ""C05"": 2.103942, ""C06"": 2.139092, ""C07"": 2.161132, ""C08"": 2.220489, ""C09"": 2.15819, ""C10"": 2.145228, ""C11"": 2.201412, ""C12"": 2.19765, ""C13"": 2.128151, ""C14"": 2.131338, ""C15"": 2.117531, ""C16"": 2.174012, ""C17"": 4.261611, ""C18"": 4.18638, ""C19"": 4.199835, ""C20"": 4.381931}","{""C01"": 0, ""C02"": 0, ""C03"": 0, ""C04"": 0, ""C05"": 0, ""C06"": 0, ""C07"": 0, ""C08"": 0, ""C09"": 0, ""C10"": 0, ""C11"": 0, ""C12"": 0, ""C13"": 0, ""C14"": 0, ""C15"": 0, ""C16"": 0, ""C17"": 0, ""C18"": 0, ""C19"": 0, ""C20"": 1287}","{""C01"": 0.02571758799725976, ""C02"": 0.02571758799725976, ""C03"": 0.02571758799725976, ""C04"": 0.02571758799725976, ""C05"": 0.02571758799725976, ""C06"": 0.02571758799725976, ""C07"": 0.02571758799725976, ""C08"": 0.02571758799725976, ""C09"": 0.02571758799725976, ""C10"": 0.02571758799725976, ""C11"": 0.02571758799725976, ""C12"": 0.02571758799725976, ""C13"": 0.02571758799725976, ""C14"": 0.02571758799725976, ""C15"": 0.02571758799725976, ""C16"": 0.02571758799725976, ""C17"": 0.02571758799725976, ""C18"": 0.02571758799725976, ""C19"": 0.02571758799725976, ""C20"": 0.024972289978372617}"
31,31,1,704,5.551408,20,"{""C01"": 1.459869, ""C02"": 1.455618, ""C03"": 1.453115, ""C04"": 1.413669, ""C05"": 2.103942, ""C06"": 2.139092, ""C07"": 2.170266, ""C08"": 2.220489, ""C09"": 2.15819, ""C10"": 2.16332, ""C11"": 2.201412, ""C12"": 2.20751, ""C13"": 2.213729, ""C14"": 2.313773, ""C15"": 2.312463, ""C16"": 2.174012, ""C17"": 4.261611, ""C18"": 4.18638, ""C19"": 4.465046, ""C20"": 4.381931}","{""C01"": 0, ""C02"": 0, ""C03"": 0, ""C04"": 0, ""C05"": 0, ""C06"": 0, ""C07"": 0, ""C08"": 0, ""C09"": 0, ""C10"": 0, ""C11"": 0, ""C12"": 0, ""C13"": 0, ""C14"": 0, ""C15"": 0, ""C16"": 0, ""C17"": 0, ""C18"": 0, ""C19"": 1279, ""C20"": 0}","{""C01"": 0.025727014398054485, ""C02"": 0.025727014398054485, ""C03"": 0.025727014398054485, ""C04"": 0.025727014398054485, ""C05"": 0.025727014398054485, ""C06"": 0.025727014398054485, ""C07"": 0.025727014398054485, ""C08"": 0.025727014398054485, ""C09"": 0.025727014398054485, ""C10"": 0.025727014398054485, ""C11"": 0.025727014398054485, ""C12"": 0.025727014398054485, ""C13"": 0.025727014398054485, ""C14"": 0.025727014398054485, ""C15"": 0.025727014398054485, ""C16"": 0.025727014398054485, ""C17"": 0.025727014398054485, ""C18"": 0.025727014398054485, ""C19"": 0.024986351016049735, ""C20"": 0.025727014398054485}"
32,32,1,667,4.257874,20,"{""C01"": 1.459869, ""C02"": 1.455618, ""C03"": 1.460755, ""C04"": 1.45753, ""C05"": 2.291487, ""C06"": 2.244316, ""C07"": 2.170266, ""C08"": 2.220489, ""C09"": 2.160893, ""C10"": 2.16332, ""C11"": 2.201412, ""C12"": 2.20751, ""C13"": 2.213729, ""C14"": 2.313773, ""C15"": 2.312463, ""C16"": 2.302184, ""C17"": 4.501847, ""C18"": 4.420555, ""C19"": 4.465046, ""C20"": 4.381931}","{""C01"": 0, ""C02"": 0, ""C03"": 0, ""C04"": 0, ""C05"": 0, ""C06"": 0, ""C07"": 0, ""C08"": 0, ""C09"": 0, ""C10"": 0, ""C11"": 0, ""C12"": 0, ""C13"": 0, ""C14"": 0, ""C15"": 0, ""C16"": 0, ""C17"": 942, ""C18"": 0, ""C19"": 336, ""C20"": 0}","{""C01"": 0.025730958195304007, ""C02"": 0.025730958195304007, ""C03"": 0.025730958195304007, ""C04"": 0.025730958195304007, ""C05"": 0.025730958195304007, ""C06"": 0.025730958195304007, ""C07"": 0.025730958195304007, ""C08"": 0.025730958195304007, ""C09"": 0.025730958195304007, ""C10"": 0.025730958195304007, ""C11"": 0.025730958195304007, ""C12"": 0.025730958195304007, ""C13"": 0.025730958195304007, ""C14"": 0.025730958195304007, ""C15"": 0.025730958195304007, ""C16"": 0.025730958195304007, ""C17"": 0.025185459983562763, ""C18"": 0.025730958195304007, ""C19"": 0.025536376536425855, ""C20"": 0.025730958195304007}"
33,33,1,413,2.585344,20,"{""C01"": 1.459869, ""C02"": 1.455618, ""C03"": 1.460755, ""C04"": 1.45753, ""C05"": 2.291487, ""C06"": 2.244316, ""C07"": 2.170266, ""C08"": 2.280824, ""C09"": 2.160893, ""C10"": 2.354583, ""C11"": 2.363545, ""C12"": 2.373587, ""C13"": 2.213729, ""C14"": 2.313773, ""C15"": 2.312463, ""C16"": 2.302184, ""C17"": 4.501847, ""C18"": 4.420555, ""C19"": 4.465046, ""C20"": 4.688387}","{""C01"": 0, ""C02"": 0, ""C03"": 0, ""C04"": 0, ""C05"": 0, ""C06"": 0, ""C07"": 0, ""C08"": 0, ""C09"": 0, ""C10"": 0, ""C11"": 0, ""C12"": 0, ""C13"": 0, ""C14"": 0, ""C15"": 0, ""C16"": 0, ""C17"": 0, ""C18"": 0, ""C19"": 0, ""C20"": 1259}","{""C01"": 0.025751564628594056, ""C02"": 0.025751564628594056, ""C03"": 0.025751564628594056, ""C04"": 0.025751564628594056, ""C05"": 0.025751564628594056, ""C06"": 0.025751564628594056, ""C07"": 0.025751564628594056, ""C08"": 0.025751564628594056, ""C09"": 0.025751564628594056, ""C10"": 0.025751564628594056, ""C11"": 0.025751564628594056, ""C12"": 0.025751564628594056, ""C13"": 0.025751564628594056, ""C14"": 0.025751564628594056, ""C15"": 0.025751564628594056, ""C16"": 0.025751564628594056, ""C17"": 0.025751564628594056, ""C18"": 0.025751564628594056, ""C19"": 0.025751564628594056, ""C20"": 0.025022484591177858}"
34,34,1,724,4.556441,20,"{""C01"": 1.459869, ""C02"": 1.455618, ""C03"": 1.460755, ""C04"": 1.45753, ""C05"": 2.291487, ""C06"": 2.244316, ""C07"": 2.263145, ""C08"": 2.280824, ""C09"": 2.312541, ""C10"": 2.354583, ""C11"": 2.363545, ""C12"": 2.373587, ""C13"": 2.239231, ""C14"": 2.386292, ""C15"": 2.339268, ""C16"": 2.302184, ""C17"": 4.501847, ""C18"": 4.817011, ""C19"": 4.705855, ""C20"": 4.688387}","{""C01"": 0, ""C02"": 0, ""C03"": 0, ""C04"": 0, ""C05"": 0, ""C06"": 0, ""C07"": 0, ""C08"": 0, ""C09"": 0, ""C10"": 0, ""C11"": 0, ""C12"": 0, ""C13"": 0, ""C14"": 0, ""C15"": 0, ""C16"": 0, ""C17"": 0, ""C18"": 1248, ""C19"": 0, ""C20"": 0}","{""C01"": 0.02576498852207669, ""C02"": 0.02576498852207669, ""C03"": 0.02576498852207669, ""C04"": 0.02576498852207669, ""C05"": 0.02576498852207669, ""C06"": 0.02576498852207669, ""C07"": 0.02576498852207669, ""C08"": 0.02576498852207669, ""C09"": 0.02576498852207669, ""C10"": 0.02576498852207669, ""C11"": 0.02576498852207669, ""C12"": 0.02576498852207669, ""C13"": 0.02576498852207669, ""C14"": 0.02576498852207669, ""C15"": 0.02576498852207669, ""C16"": 0.02576498852207669, ""C17"": 0.02576498852207669, ""C18"": 0.025042279563627163, ""C19"": 0.02576498852207669, ""C20"": 0.02576498852207669}"
35,35,1,869,5.520427,20,"{""C01"": 1.459869, ""C02"": 1.455618, ""C03"": 1.460755, ""C04"": 1.45753, ""C05"": 2.291487, ""C06"": 2.277732, ""C07"": 2.263145, ""C08"": 2.396322, ""C09"": 2.312541, ""C10"": 2.354583, ""C11"": 2.363545, ""C12"": 2.373587, ""C13"": 2.239231, ""C14"": 2.386292, ""C15"": 2.339268, ""C16"": 2.402628, ""C17"": 4.741365, ""C18"": 4.817011, ""C19"": 4.705855, ""C20"": 4.688387}","{""C01"": 0, ""C02"": 0, ""C03"": 0, ""C04"": 0, ""C05"": 0, ""C06"": 0, ""C07"": 0, ""C08"": 0, ""C09"": 0, ""C10"": 0, ""C11"": 0, ""C12"": 0, ""C13"": 0, ""C14"": 0, ""C15"": 0, ""C16"": 0, ""C17"": 0, ""C18"": 1248, ""C19"": 0, ""C20"": 0}","{""C01"": 0.02576498852207669, ""C02"": 0.02576498852207669, ""C03"": 0.02576498852207669, ""C04"": 0.02576498852207669, ""C05"": 0.02576498852207669, ""C06"": 0.02576498852207669, ""C07"": 0.02576498852207669, ""C08"": 0.02576498852207669, ""C09"": 0.02576498852207669, ""C10"": 0.02576498852207669, ""C11"": 0.02576498852207669, ""C12"": 0.02576498852207669, ""C13"": 0.02576498852207669, ""C14"": 0.02576498852207669, ""C15"": 0.02576498852207669, ""C16"": 0.02576498852207669, ""C17"": 0.02576498852207669, ""C18"": 0.025042279563627163, ""C19"": 0.02576498852207669, ""C20"": 0.02576498852207669}"
36,36,1,544,3.388803,20,"{""C01"": 1.459869, ""C02"": 1.455618, ""C03"": 1.460755, ""C04"": 1.45753, ""C05"": 2.291487, ""C06"": 2.277732, ""C07"": 2.384032, ""C08"": 2.396322, ""C09"": 2.312541, ""C10"": 2.354583, ""C11"": 2.363545, ""C12"": 2.394105, ""C13"": 2.484261, ""C14"": 2.498829, ""C15"": 2.451911, ""C16"": 2.402628, ""C17"": 4.741365, ""C18"": 4.817011, ""C19"": 4.856964, ""C20"": 4.887401}","{""C01"": 0, ""C02"": 0, ""C03"": 0, ""C04"": 0, ""C05"": 0, ""C06"": 0, ""C07"": 0, ""C08"": 0, ""C09"": 0, ""C10"": 0, ""C11"": 0, ""C12"": 0, ""C13"": 0, ""C14"": 0, ""C15"": 0, ""C16"": 0, ""C17"": 0, ""C18"": 0, ""C19"": 434, ""C20"": 811}","{""C01"": 0.025772226541912593, ""C02"": 0.025772226541912593, ""C03"": 0.025772226541912593, ""C04"": 0.025772226541912593, ""C05"": 0.025772226541912593, ""C06"": 0.025772226541912593, ""C07"": 0.025772226541912593, ""C08"": 0.025772226541912593, ""C09"": 0.025772226541912593, ""C10"": 0.025772226541912593, ""C11"": 0.025772226541912593, ""C12"": 0.025772226541912593, ""C13"": 0.025772226541912593, ""C14"": 0.025772226541912593, ""C15"": 0.025772226541912593, ""C16"": 0.025772226541912593, ""C17"": 0.025772226541912593, ""C18"": 0.025772226541912593, ""C19"": 0.0255208949279127, ""C20"": 0.025302591683297057}"
37,37,1,741,4.722869,20,"{""C01"": 1.459869, ""C02"": 1.455618, ""C03"": 1.460755, ""C04"": 1.500838, ""C05"": 2.395884, ""C06"": 2.414831, ""C07"": 2.384032, ""C08"": 2.396322, ""C09"": 2.345402, ""C10"": 2.354583, ""C11"": 2.363545, ""C12"": 2.394105, ""C13"": 2.484261, ""C14"": 2.498829, ""C15"": 2.451911, ""C16"": 2.534278, ""C17"": 4.958781, ""C18"": 4.902456, ""C19"": 4.856964, ""C20"": 4.887401}","{""C01"": 0, ""C02"": 0, ""C03"": 0, ""C04"": 0, ""C05"": 0, ""C06"": 0, ""C07"": 0, ""C08"": 0, ""C09"": 0, ""C10"": 0, ""C11"": 0, ""C12"": 0, ""C13"": 0, ""C14"": 0, ""C15"": 0, ""C16"": 0, ""C17"": 965, ""C18"": 274, ""C19"": 0, ""C20"": 0}","{""C01"": 0.025778996074453872, ""C02"": 0.025778996074453872, ""C03"": 0.025778996074453872, ""C04"": 0.025778996074453872, ""C05"": 0.025778996074453872, ""C06"": 0.025778996074453872, ""C07"": 0.025778996074453872, ""C08"": 0.025778996074453872, ""C09"": 0.025778996074453872, ""C10"": 0.025778996074453872, ""C11"": 0.025778996074453872, ""C12"": 0.025778996074453872, ""C13"": 0.025778996074453872, ""C14"": 0.025778996074453872, ""C15"": 0.025778996074453872, ""C16"": 0.025778996074453872, ""C17"": 0.025220181034120614, ""C18"": 0.025620317693641908, ""C19"": 0.025778996074453872, ""C20"": 0.025778996074453872}"
38,38,1,696,4.440546,20,"{""C01"": 1.459869, ""C02"": 1.458638, ""C03"": 1.460755, ""C04"": 1.500838, ""C05"": 2.395884, ""C06"": 2.414831, ""C07"": 2.384032, ""C08"": 2.418513, ""C09"": 2.345402, ""C10"": 2.437934, ""C11"": 2.363545, ""C12"": 2.505879, ""C13"": 2.484261, ""C14"": 2.498829, ""C15"": 2.451911, ""C16"": 2.534278, ""C17"": 4.958781, ""C18"": 4.902456, ""C19"": 4.856964, ""C20"": 5.038678}","{""C01"": 0, ""C02"": 0, ""C03"": 0, ""C04"": 0, ""C05"": 0, ""C06"": 0, ""C07"": 0, ""C08"": 0, ""C09"": 0, ""C10"": 0, ""C11"": 0, ""C12"": 0, ""C13"": 0, ""C14"": 0, ""C15"": 0, ""C16"": 0, ""C17"": 0, ""C18"": 0, ""C19"": 0, ""C20"": 1230}","{""C01"": 0.025787092426170097, ""C02"": 0.025787092426170097, ""C03"": 0.025787092426170097, ""C04"": 0.025787092426170097, ""C05"": 0.025787092426170097, ""C06"": 0.025787092426170097, ""C07"": 0.025787092426170097, ""C08"": 0.025787092426170097, ""C09"": 0.025787092426170097, ""C10"": 0.025787092426170097, ""C11"": 0.025787092426170097, ""C12"": 0.025787092426170097, ""C13"": 0.025787092426170097, ""C14"": 0.025787092426170097, ""C15"": 0.025787092426170097, ""C16"": 0.025787092426170097, ""C17"": 0.025787092426170097, ""C18"": 0.025787092426170097, ""C19"": 0.025787092426170097, ""C20"": 0.025074808369591153}"
39,39,1,829,5.196191,20,"{""C01"": 1.459869, ""C02"": 1.458638, ""C03"": 1.460755, ""C04"": 1.500838, ""C05"": 2.395884, ""C06"": 2.414831, ""C07"": 2.384032, ""C08"": 2.418513, ""C09"": 2.456597, ""C10"": 2.437934, ""C11"": 2.363545, ""C12"": 2.505879, ""C13"": 2.484261, ""C14"": 2.498829, ""C15"": 2.476112, ""C16"": 2.534278, ""C17"": 4.958781, ""C18"": 5.151941, ""C19"": 5.053383, ""C20"": 5.053689}","{""C01"": 0, ""C02"": 0, ""C03"": 0, ""C04"": 0, ""C05"": 0, ""C06"": 0, ""C07"": 0, ""C08"": 0, ""C09"": 0, ""C10"": 0, ""C11"": 0, ""C12"": 0, ""C13"": 0, ""C14"": 0, ""C15"": 0, ""C16"": 0, ""C17"": 0, ""C18"": 1221, ""C19"": 0, ""C20"": 0}","{""C01"": 0.025797779413013908, ""C02"": 0.025797779413013908, ""C03"": 0.025797779413013908, ""C04"": 0.025797779413013908, ""C05"": 0.025797779413013908, ""C06"": 0.025797779413013908, ""C07"": 0.025797779413013908, ""C08"": 0.025797779413013908, ""C09"": 0.025797779413013908, ""C10"": 0.025797779413013908, ""C11"": 0.025797779413013908, ""C12"": 0.025797779413013908, ""C13"": 0.025797779413013908, ""C14"": 0.025797779413013908, ""C15"": 0.025797779413013908, ""C16"": 0.025797779413013908, ""C17"": 0.025797779413013908, ""C18"": 0.025090709045131627, ""C19"": 0.025797779413013908, ""C20"": 0.025797779413013908}"
40,40,1,361,2.244273,20,"{""C01"": 1.459869, ""C02"": 1.458638, ""C03"": 1.484735, ""C04"": 1.500838, ""C05"": 2.422028, ""C06"": 2.421239, ""C07"": 2.384032, ""C08"": 2.418513, ""C09"": 2.456597, ""C10"": 2.437934, ""C11"": 2.363545, ""C12"": 2.505879, ""C13"": 2.484261, ""C14"": 2.498829, ""C15"": 2.476112, ""C16"": 2.534278, ""C17"": 5.173165, ""C18"": 5.151941, ""C19"": 5.053383, ""C20"": 5.053689}","{""C01"": 0, ""C02"": 0, ""C03"": 0, ""C04"": 0, ""C05"": 0, ""C06"": 0, ""C07"": 0, ""C08"": 0, ""C09"": 0, ""C10"": 0, ""C11"": 0, ""C12"": 0, ""C13"": 0, ""C14"": 0, ""C15"": 0, ""C16"": 0, ""C17"": 622, ""C18"": 600, ""C19"": 0, ""C20"": 0}","{""C01"": 0.025799862271327564, ""C02"": 0.025799862271327564, ""C03"": 0.025799862271327564, ""C04"": 0.025799862271327564, ""C05"": 0.025799862271327564, ""C06"": 0.025799862271327564, ""C07"": 0.025799862271327564, ""C08"": 0.025799862271327564, ""C09"": 0.025799862271327564, ""C10"": 0.025799862271327564, ""C11"": 0.025799862271327564, ""C12"": 0.025799862271327564, ""C13"": 0.025799862271327564, ""C14"": 0.025799862271327564, ""C15"": 0.025799862271327564, ""C16"": 0.025799862271327564, ""C17"": 0.025439682758558325, ""C18"": 0.025452404667974132, ""C19"": 0.025799862271327564, ""C20"": 0.025799862271327564}"
41,41,1,352,2.196122,20,"{""C01"": 1.489863, ""C02"": 1.458638, ""C03"": 1.484735, ""C04"": 1.500838, ""C05"": 2.422028, ""C06"": 2.421239, ""C07"": 2.55073, ""C08"": 2.418513, ""C09"": 2.456597, ""C10"": 2.453329, ""C11"": 2.496851, ""C12"": 2.545348, ""C13"": 2.484261, ""C14"": 2.498829, ""C15"": 2.476112, ""C16"": 2.534278, ""C17"": 5.173165, ""C18"": 5.151941, ""C19"": 5.308504, ""C20"": 5.298264}","{""C01"": 0, ""C02"": 0, ""C03"": 0, ""C04"": 0, ""C05"": 0, ""C06"": 0, ""C07"": 0, ""C08"": 0, ""C09"": 0, ""C10"": 0, ""C11"": 0, ""C12"": 0, ""C13"": 0, ""C14"": 0, ""C15"": 0, ""C16"": 0, ""C17"": 0, ""C18"": 0, ""C19"": 614, ""C20"": 597}","{""C01"": 0.025812560350331804, ""C02"": 0.025812560350331804, ""C03"": 0.025812560350331804, ""C04"": 0.025812560350331804, ""C05"": 0.025812560350331804, ""C06"": 0.025812560350331804, ""C07"": 0.025812560350331804, ""C08"": 0.025812560350331804, ""C09"": 0.025812560350331804, ""C10"": 0.025812560350331804, ""C11"": 0.025812560350331804, ""C12"": 0.025812560350331804, ""C13"": 0.025812560350331804, ""C14"": 0.025812560350331804, ""C15"": 0.025812560350331804, ""C16"": 0.025812560350331804, ""C17"": 0.025812560350331804, ""C18"": 0.025812560350331804, ""C19"": 0.025457011383684645, ""C20"": 0.02546684690356962}"
42,42,1,706,4.437287,20,"{""C01"": 1.489863, ""C02"": 1.458638, ""C03"": 1.484735, ""C04"": 1.500838, ""C05"": 2.422028, ""C06"": 2.421239, ""C07"": 2.55073, ""C08"": 2.418513, ""C09"": 2.481715, ""C10"": 2.453329, ""C11"": 2.496851, ""C12"": 2.545348, ""C13"": 2.5581, ""C14"": 2.498829, ""C15"": 2.542338, ""C16"": 2.534278, ""C17"": 5.173165, ""C18"": 5.46396, ""C19"": 5.334017, ""C20"": 5.298264}","{""C01"": 0, ""C02"": 0, ""C03"": 0, ""C04"": 0, ""C05"": 0, ""C06"": 0, ""C07"": 0, ""C08"": 0, ""C09"": 0, ""C10"": 0, ""C11"": 0, ""C12"": 0, ""C13"": 0, ""C14"": 0, ""C15"": 0, ""C16"": 0, ""C17"": 0, ""C18"": 1198, ""C19"": 0, ""C20"": 0}","{""C01"": 0.02582597696631113, ""C02"": 0.02582597696631113, ""C03"": 0.02582597696631113, ""C04"": 0.02582597696631113, ""C05"": 0.02582597696631113, ""C06"": 0.02582597696631113, ""C07"": 0.02582597696631113, ""C08"": 0.02582597696631113, ""C09"": 0.02582597696631113, ""C10"": 0.02582597696631113, ""C11"": 0.02582597696631113, ""C12"": 0.02582597696631113, ""C13"": 0.02582597696631113, ""C14"": 0.02582597696631113, ""C15"": 0.02582597696631113, ""C16"": 0.02582597696631113, ""C17"": 0.02582597696631113, ""C18"": 0.02513222738175869, ""C19"": 0.02582597696631113, ""C20"": 0.02582597696631113}"
43,43,1,351,2.193066,20,"{""C01"": 1.489863, ""C02"": 1.516622, ""C03"": 1.484735, ""C04"": 1.500838, ""C05"": 2.515659, ""C06"": 2.497565, ""C07"": 2.55073, ""C08"": 2.561638, ""C09"": 2.481715, ""C10"": 2.453329, ""C11"": 2.496851, ""C12"": 2.545348, ""C13"": 2.5581, ""C14"": 2.498829, ""C15"": 2.542338, ""C16"": 2.59024, ""C17"": 5.326998, ""C18"": 5.46396, ""C19"": 5.334017, ""C20"": 5.512681}","{""C01"": 0, ""C02"": 0, ""C03"": 0, ""C04"": 0, ""C05"": 0, ""C06"": 0, ""C07"": 0, ""C08"": 0, ""C09"": 0, ""C10"": 0, ""C11"": 0, ""C12"": 0, ""C13"": 0, ""C14"": 0, ""C15"": 0, ""C16"": 0, ""C17"": 0, ""C18"": 576, ""C19"": 0, ""C20"": 624}","{""C01"": 0.025830389894484093, ""C02"": 0.025830389894484093, ""C03"": 0.025830389894484093, ""C04"": 0.025830389894484093, ""C05"": 0.025830389894484093, ""C06"": 0.025830389894484093, ""C07"": 0.025830389894484093, ""C08"": 0.025830389894484093, ""C09"": 0.025830389894484093, ""C10"": 0.025830389894484093, ""C11"": 0.025830389894484093, ""C12"": 0.025830389894484093, ""C13"": 0.025830389894484093, ""C14"": 0.025830389894484093, ""C15"": 0.025830389894484093, ""C16"": 0.025830389894484093, ""C17"": 0.025830389894484093, ""C18"": 0.02549681959835097, ""C19"": 0.025830389894484093, ""C20"": 0.02546905208151984}"
44,44,1,819,5.081873,20,"{""C01"": 1.489863, ""C02"": 1.516622, ""C03"": 1.484735, ""C04"": 1.500838, ""C05"": 2.515659, ""C06"": 2.497565, ""C07"": 2.565755, ""C08"": 2.561638, ""C09"": 2.481715, ""C10"": 2.497215, ""C11"": 2.564853, ""C12"": 2.545348, ""C13"": 2.674649, ""C14"": 2.598329, ""C15"": 2.663249, ""C16"": 2.59024, ""C17"": 5.326998, ""C18"": 5.46396, ""C19"": 5.592057, ""C20"": 5.512681}","{""C01"": 0, ""C02"": 0, ""C03"": 0, ""C04"": 0, ""C05"": 0, ""C06"": 0, ""C07"": 0, ""C08"": 0, ""C09"": 0, ""C10"": 0, ""C11"": 0, ""C12"": 0, ""C13"": 0, ""C14"": 0, ""C15"": 0, ""C16"": 0, ""C17"": 0, ""C18"": 0, ""C19"": 1189, ""C20"": 0}","{""C01"": 0.02583691326481051, ""C02"": 0.02583691326481051, ""C03"": 0.02583691326481051, ""C04"": 0.02583691326481051, ""C05"": 0.02583691326481051, ""C06"": 0.02583691326481051, ""C07"": 0.02583691326481051, ""C08"": 0.02583691326481051, ""C09"": 0.02583691326481051, ""C10"": 0.02583691326481051, ""C11"": 0.02583691326481051, ""C12"": 0.02583691326481051, ""C13"": 0.02583691326481051, ""C14"": 0.02583691326481051, ""C15"": 0.02583691326481051, ""C16"": 0.02583691326481051, ""C17"": 0.02583691326481051, ""C18"": 0.02583691326481051, ""C19"": 0.025148376483179614, ""C20"": 0.02583691326481051}"
45,45,1,355,2.206652,20,"{""C01"": 1.489863, ""C02"": 1.516622, ""C03"": 1.534875, ""C04"": 1.500838, ""C05"": 2.624866, ""C06"": 2.606863, ""C07"": 2.565755, ""C08"": 2.561638, ""C09"": 2.481715, ""C10"": 2.497215, ""C11"": 2.564853, ""C12"": 2.545348, ""C13"": 2.674649, ""C14"": 2.598329, ""C15"": 2.663249, ""C16"": 2.700453, ""C17"": 5.576692, ""C18"": 5.560001, ""C19"": 5.592057, ""C20"": 5.512681}","{""C01"": 0, ""C02"": 0, ""C03"": 0, ""C04"": 0, ""C05"": 0, ""C06"": 0, ""C07"": 0, ""C08"": 0, ""C09"": 0, ""C10"": 0, ""C11"": 0, ""C12"": 0, ""C13"": 0, ""C14"": 0, ""C15"": 0, ""C16"": 0, ""C17"": 307, ""C18"": 302, ""C19"": 583, ""C20"": 0}","{""C01"": 0.025837162508503278, ""C02"": 0.025837162508503278, ""C03"": 0.025837162508503278, ""C04"": 0.025837162508503278, ""C05"": 0.025837162508503278, ""C06"": 0.025837162508503278, ""C07"": 0.025837162508503278, ""C08"": 0.025837162508503278, ""C09"": 0.025837162508503278, ""C10"": 0.025837162508503278, ""C11"": 0.025837162508503278, ""C12"": 0.025837162508503278, ""C13"": 0.025837162508503278, ""C14"": 0.025837162508503278, ""C15"": 0.025837162508503278, ""C16"": 0.025837162508503278, ""C17"": 0.02565939194748909, ""C18"": 0.02566227684540264, ""C19"": 0.02549956859413783, ""C20"": 0.025837162508503278}"
46,46,1,366,2.288394,20,"{""C01"": 1.489863, ""C02"": 1.516622, ""C03"": 1.534875, ""C04"": 1.500838, ""C05"": 2.624866, ""C06"": 2.606863, ""C07"": 2.565755, ""C08"": 2.561638, ""C09"": 2.481715, ""C10"": 2.606607, ""C11"": 2.674334, ""C12"": 2.652096, ""C13"": 2.674649, ""C14"": 2.598329, ""C15"": 2.663249, ""C16"": 2.700453, ""C17"": 5.576692, ""C18"": 5.560001, ""C19"": 5.592057, ""C20"": 5.637474}","{""C01"": 0, ""C02"": 0, ""C03"": 0, ""C04"": 0, ""C05"": 0, ""C06"": 0, ""C07"": 0, ""C08"": 0, ""C09"": 0, ""C10"": 0, ""C11"": 0, ""C12"": 0, ""C13"": 0, ""C14"": 0, ""C15"": 0, ""C16"": 0, ""C17"": 292, ""C18"": 0, ""C19"": 302, ""C20"": 598}","{""C01"": 0.025841030778012697, ""C02"": 0.025841030778012697, ""C03"": 0.025841030778012697, ""C04"": 0.025841030778012697, ""C05"": 0.025841030778012697, ""C06"": 0.025841030778012697, ""C07"": 0.025841030778012697, ""C08"": 0.025841030778012697, ""C09"": 0.025841030778012697, ""C10"": 0.025841030778012697, ""C11"": 0.025841030778012697, ""C12"": 0.025841030778012697, ""C13"": 0.025841030778012697, ""C14"": 0.025841030778012697, ""C15"": 0.025841030778012697, ""C16"": 0.025841030778012697, ""C17"": 0.025671928269994107, ""C18"": 0.025841030778012697, ""C19"": 0.02566613970831594, ""C20"": 0.025494749565722844}"
47,47,1,365,2.273398,20,"{""C01"": 1.489863, ""C02"": 1.516622, ""C03"": 1.534875, ""C04"": 1.500838, ""C05"": 2.624866, ""C06"": 2.606863, ""C07"": 2.565755, ""C08"": 2.561638, ""C09"": 2.5615, ""C10"": 2.606607, ""C11"": 2.674334, ""C12"": 2.652096, ""C13"": 2.674649, ""C14"": 2.626987, ""C15"": 2.663249, ""C16"": 2.700453, ""C17"": 5.576692, ""C18"": 5.725062, ""C19"": 5.743916, ""C20"": 5.637474}","{""C01"": 0, ""C02"": 0, ""C03"": 0, ""C04"": 0, ""C05"": 0, ""C06"": 0, ""C07"": 0, ""C08"": 0, ""C09"": 0, ""C10"": 0, ""C11"": 0, ""C12"": 0, ""C13"": 0, ""C14"": 0, ""C15"": 0, ""C16"": 0, ""C17"": 0, ""C18"": 563, ""C19"": 618, ""C20"": 0}","{""C01"": 0.0258497361132268, ""C02"": 0.0258497361132268, ""C03"": 0.0258497361132268, ""C04"": 0.0258497361132268, ""C05"": 0.0258497361132268, ""C06"": 0.0258497361132268, ""C07"": 0.0258497361132268, ""C08"": 0.0258497361132268, ""C09"": 0.0258497361132268, ""C10"": 0.0258497361132268, ""C11"": 0.0258497361132268, ""C12"": 0.0258497361132268, ""C13"": 0.0258497361132268, ""C14"": 0.0258497361132268, ""C15"": 0.0258497361132268, ""C16"": 0.0258497361132268, ""C17"": 0.0258497361132268, ""C18"": 0.0255237092824934, ""C19"": 0.025491873550218296, ""C20"": 0.0258497361132268}"
48,48,1,349,2.172721,20,"{""C01"": 1.489863, ""C02"": 1.516622, ""C03"": 1.534875, ""C04"": 1.500838, ""C05"": 2.624866, ""C06"": 2.606863, ""C07"": 2.565755, ""C08"": 2.664596, ""C09"": 2.5615, ""C10"": 2.606607, ""C11"": 2.674334, ""C12"": 2.652096, ""C13"": 2.674649, ""C14"": 2.626987, ""C15"": 2.663249, ""C16"": 2.700453, ""C17"": 5.701474, ""C18"": 5.725062, ""C19"": 5.743916, ""C20"": 5.637474}","{""C01"": 0, ""C02"": 0, ""C03"": 0, ""C04"": 0, ""C05"": 0, ""C06"": 0, ""C07"": 0, ""C08"": 0, ""C09"": 0, ""C10"": 0, ""C11"": 0, ""C12"": 0, ""C13"": 0, ""C14"": 0, ""C15"": 0, ""C16"": 0, ""C17"": 298, ""C18"": 308, ""C19"": 576, ""C20"": 0}","{""C01"": 0.025849522227177638, ""C02"": 0.025849522227177638, ""C03"": 0.025849522227177638, ""C04"": 0.025849522227177638, ""C05"": 0.025849522227177638, ""C06"": 0.025849522227177638, ""C07"": 0.025849522227177638, ""C08"": 0.025849522227177638, ""C09"": 0.025849522227177638, ""C10"": 0.025849522227177638, ""C11"": 0.025849522227177638, ""C12"": 0.025849522227177638, ""C13"": 0.025849522227177638, ""C14"": 0.025849522227177638, ""C15"": 0.025849522227177638, ""C16"": 0.025849522227177638, ""C17"": 0.025676950209437634, ""C18"": 0.025671172645141713, ""C19"": 0.025515985007141532, ""C20"": 0.025849522227177638}"
49,49,1,701,5.480849,20,"{""C01"": 1.494661, ""C02"": 1.516622, ""C03"": 1.534875, ""C04"": 1.500838, ""C05"": 2.624866, ""C06"": 2.606863, ""C07"": 2.699179, ""C08"": 2.664596, ""C09"": 2.5615, ""C10"": 2.664101, ""C11"": 2.717575, ""C12"": 2.734911, ""C13"": 2.674649, ""C14"": 2.626987, ""C15"": 2.770172, ""C16"": 2.700453, ""C17"": 5.701474, ""C18"": 5.725062, ""C19"": 5.967344, ""C20"": 5.858251}","{""C01"": 0, ""C02"": 0, ""C03"": 0, ""C04"": 0, ""C05"": 0, ""C06"": 0, ""C07"": 0, ""C08"": 0, ""C09"": 0, ""C10"": 0, ""C11"": 0, ""C12"": 0, ""C13"": 0, ""C14"": 0, ""C15"": 0, ""C16"": 0, ""C17"": 0, ""C18"": 0, ""C19"": 1165, ""C20"": 0}","{""C01"": 0.02586765083235104, ""C02"": 0.02586765083235104, ""C03"": 0.02586765083235104, ""C04"": 0.02586765083235104, ""C05"": 0.02586765083235104, ""C06"": 0.02586765083235104, ""C07"": 0.02586765083235104, ""C08"": 0.02586765083235104, ""C09"": 0.02586765083235104, ""C10"": 0.02586765083235104, ""C11"": 0.02586765083235104, ""C12"": 0.02586765083235104, ""C13"": 0.02586765083235104, ""C14"": 0.02586765083235104, ""C15"": 0.02586765083235104, ""C16"": 0.02586765083235104, ""C17"": 0.02586765083235104, ""C18"": 0.02586765083235104, ""C19"": 0.025193009118750723, ""C20"": 0.02586765083235104}"
50,50,1,329,2.064729,20,"{""C01"": 1.494661, ""C02"": 1.516622, ""C03"": 1.534875, ""C04"": 1.609632, ""C05"": 2.624866, ""C06"": 2.749194, ""C07"": 2.699179, ""C08"": 2.664596, ""C09"": 2.71461, ""C10"": 2.664101, ""C11"": 2.717575, ""C12"": 2.734911, ""C13"": 2.674649, ""C14"": 2.667146, ""C15"": 2.770172, ""C16"": 2.700453, ""C17"": 5.969831, ""C18"": 6.013256, ""C19"": 5.967344, ""C20"": 5.861292}","{""C01"": 0, ""C02"": 0, ""C03"": 0, ""C04"": 0, ""C05"": 0, ""C06"": 0, ""C07"": 0, ""C08"": 0, ""C09"": 0, ""C10"": 0, ""C11"": 0, ""C12"": 0, ""C13"": 0, ""C14"": 0, ""C15"": 0, ""C16"": 0, ""C17"": 302, ""C18"": 564, ""C19"": 300, ""C20"": 0}","{""C01"": 0.025870841712530415, ""C02"": 0.025870841712530415, ""C03"": 0.025870841712530415, ""C04"": 0.025870841712530415, ""C05"": 0.025870841712530415, ""C06"": 0.025870841712530415, ""C07"": 0.025870841712530415, ""C08"": 0.025870841712530415, ""C09"": 0.025870841712530415, ""C10"": 0.025870841712530415, ""C11"": 0.025870841712530415, ""C12"": 0.025870841712530415, ""C13"": 0.025870841712530415, ""C14"": 0.025870841712530415, ""C15"": 0.025870841712530415, ""C16"": 0.025870841712530415, ""C17"": 0.02569595406622297, ""C18"": 0.02554425401340822, ""C19"": 0.025697111159730265, ""C20"": 0.025870841712530415}"
51,51,1,636,4.017990,20,"{""C01"": 1.494661, ""C02"": 1.563519, ""C03"": 1.534875, ""C04"": 1.609632, ""C05"": 2.629292, ""C06"": 2.749194, ""C07"": 2.699179, ""C08"": 2.770089, ""C09"": 2.71461, ""C10"": 2.664101, ""C11"": 2.717575, ""C12"": 2.734911, ""C13"": 2.674649, ""C14"": 2.667146, ""C15"": 2.770172, ""C16"": 2.784859, ""C17"": 5.969831, ""C18"": 6.013256, ""C19"": 5.967344, ""C20"": 6.150589}","{""C01"": 0, ""C02"": 0, ""C03"": 0, ""C04"": 0, ""C05"": 0, ""C06"": 0, ""C07"": 0, ""C08"": 0, ""C09"": 0, ""C10"": 0, ""C11"": 0, ""C12"": 0, ""C13"": 0, ""C14"": 0, ""C15"": 0, ""C16"": 0, ""C17"": 0, ""C18"": 0, ""C19"": 0, ""C20"": 1153}","{""C01"": 0.02588116440261176, ""C02"": 0.02588116440261176, ""C03"": 0.02588116440261176, ""C04"": 0.02588116440261176, ""C05"": 0.02588116440261176, ""C06"": 0.02588116440261176, ""C07"": 0.02588116440261176, ""C08"": 0.02588116440261176, ""C09"": 0.02588116440261176, ""C10"": 0.02588116440261176, ""C11"": 0.02588116440261176, ""C12"": 0.02588116440261176, ""C13"": 0.02588116440261176, ""C14"": 0.02588116440261176, ""C15"": 0.02588116440261176, ""C16"": 0.02588116440261176, ""C17"": 0.02588116440261176, ""C18"": 0.02588116440261176, ""C19"": 0.02588116440261176, ""C20"": 0.02521347689969805}"
52,52,1,898,5.767613,20,"{""C01"": 1.494661, ""C02"": 1.563519, ""C03"": 1.534875, ""C04"": 1.609632, ""C05"": 2.629292, ""C06"": 2.749194, ""C07"": 2.774122, ""C08"": 2.770089, ""C09"": 2.831417, ""C10"": 2.664101, ""C11"": 2.717575, ""C12"": 2.759333, ""C13"": 2.826809, ""C14"": 2.829266, ""C15"": 2.825359, ""C16"": 2.784859, ""C17"": 5.969831, ""C18"": 6.013256, ""C19"": 6.033026, ""C20"": 6.150589}","{""C01"": 0, ""C02"": 0, ""C03"": 0, ""C04"": 0, ""C05"": 0, ""C06"": 0, ""C07"": 0, ""C08"": 0, ""C09"": 0, ""C10"": 0, ""C11"": 0, ""C12"": 0, ""C13"": 0, ""C14"": 0, ""C15"": 0, ""C16"": 0, ""C17"": 0, ""C18"": 0, ""C19"": 0, ""C20"": 1153}","{""C01"": 0.02588116440261176, ""C02"": 0.02588116440261176, ""C03"": 0.02588116440261176, ""C04"": 0.02588116440261176, ""C05"": 0.02588116440261176, ""C06"": 0.02588116440261176, ""C07"": 0.02588116440261176, ""C08"": 0.02588116440261176, ""C09"": 0.02588116440261176, ""C10"": 0.02588116440261176, ""C11"": 0.02588116440261176, ""C12"": 0.02588116440261176, ""C13"": 0.02588116440261176, ""C14"": 0.02588116440261176, ""C15"": 0.02588116440261176, ""C16"": 0.02588116440261176, ""C17"": 0.02588116440261176, ""C18"": 0.02588116440261176, ""C19"": 0.02588116440261176, ""C20"": 0.02521347689969805}"
53,53,1,573,3.591749,20,"{""C01"": 1.494661, ""C02"": 1.563519, ""C03"": 1.575526, ""C04"": 1.609632, ""C05"": 2.791363, ""C06"": 2.786947, ""C07"": 2.774122, ""C08"": 2.770089, ""C09"": 2.831417, ""C10"": 2.664101, ""C11"": 2.717575, ""C12"": 2.759333, ""C13"": 2.826809, ""C14"": 2.829266, ""C15"": 2.825359, ""C16"": 2.902848, ""C17"": 6.111185, ""C18"": 6.038196, ""C19"": 6.033026, ""C20"": 6.150589}","{""C01"": 0, ""C02"": 0, ""C03"": 0, ""C04"": 0, ""C05"": 0, ""C06"": 0, ""C07"": 0, ""C08"": 0, ""C09"": 0, ""C10"": 0, ""C11"": 0, ""C12"": 0, ""C13"": 0, ""C14"": 0, ""C15"": 0, ""C16"": 0, ""C17"": 343, ""C18"": 0, ""C19"": 0, ""C20"": 813}","{""C01"": 0.025881634811379117, ""C02"": 0.025881634811379117, ""C03"": 0.025881634811379117, ""C04"": 0.025881634811379117, ""C05"": 0.025881634811379117, ""C06"": 0.025881634811379117, ""C07"": 0.025881634811379117, ""C08"": 0.025881634811379117, ""C09"": 0.025881634811379117, ""C10"": 0.025881634811379117, ""C11"": 0.025881634811379117, ""C12"": 0.025881634811379117, ""C13"": 0.025881634811379117, ""C14"": 0.025881634811379117, ""C15"": 0.025881634811379117, ""C16"": 0.025881634811379117, ""C17"": 0.025683003257225848, ""C18"": 0.025881634811379117, ""C19"": 0.025881634811379117, ""C20"": 0.025410842138404017}"
54,54,1,561,3.607414,20,"{""C01"": 1.494661, ""C02"": 1.563519, ""C03"": 1.575526, ""C04"": 1.609632, ""C05"": 2.791363, ""C06"": 2.786947, ""C07"": 2.774122, ""C08"": 2.770089, ""C09"": 2.831417, ""C10"": 2.815206, ""C11"": 2.823689, ""C12"": 2.866702, ""C13"": 2.826809, ""C14"": 2.829266, ""C15"": 2.825359, ""C16"": 2.902848, ""C17"": 6.111185, ""C18"": 6.038196, ""C19"": 6.033026, ""C20"": 6.184092}","{""C01"": 0, ""C02"": 0, ""C03"": 0, ""C04"": 0, ""C05"": 0, ""C06"": 0, ""C07"": 0, ""C08"": 0, ""C09"": 0, ""C10"": 0, ""C11"": 0, ""C12"": 0, ""C13"": 0, ""C14"": 0, ""C15"": 0, ""C16"": 0, ""C17"": 345, ""C18"": 0, ""C19"": 0, ""C20"": 810}","{""C01"": 0.025883621974968046, ""C02"": 0.025883621974968046, ""C03"": 0.025883621974968046, ""C04"": 0.025883621974968046, ""C05"": 0.025883621974968046, ""C06"": 0.025883621974968046, ""C07"": 0.025883621974968046, ""C08"": 0.025883621974968046, ""C09"": 0.025883621974968046, ""C10"": 0.025883621974968046, ""C11"": 0.025883621974968046, ""C12"": 0.025883621974968046, ""C13"": 0.025883621974968046, ""C14"": 0.025883621974968046, ""C15"": 0.025883621974968046, ""C16"": 0.025883621974968046, ""C17"": 0.025683826203507728, ""C18"": 0.025883621974968046, ""C19"": 0.025883621974968046, ""C20"": 0.02541457236494808}"
55,55,1,79,0.507731,20,"{""C01"": 1.494661, ""C02"": 1.563519, ""C03"": 1.575526, ""C04"": 1.609632, ""C05"": 2.791363, ""C06"": 2.786947, ""C07"": 2.774122, ""C08"": 2.770089, ""C09"": 2.831417, ""C10"": 2.815206, ""C11"": 2.823689, ""C12"": 2.866702, ""C13"": 2.826809, ""C14"": 2.829266, ""C15"": 2.825359, ""C16"": 2.902848, ""C17"": 6.111185, ""C18"": 6.172517, ""C19"": 6.156347, ""C20"": 6.184092}","{""C01"": 0, ""C02"": 0, ""C03"": 0, ""C04"": 0, ""C05"": 0, ""C06"": 0, ""C07"": 0, ""C08"": 0, ""C09"": 0, ""C10"": 0, ""C11"": 0, ""C12"": 0, ""C13"": 0, ""C14"": 0, ""C15"": 0, ""C16"": 0, ""C17"": 270, ""C18"": 297, ""C19"": 290, ""C20"": 299}","{""C01"": 0.025883637935093434, ""C02"": 0.025883637935093434, ""C03"": 0.025883637935093434, ""C04"": 0.025883637935093434, ""C05"": 0.025883637935093434, ""C06"": 0.025883637935093434, ""C07"": 0.025883637935093434, ""C08"": 0.025883637935093434, ""C09"": 0.025883637935093434, ""C10"": 0.025883637935093434, ""C11"": 0.025883637935093434, ""C12"": 0.025883637935093434, ""C13"": 0.025883637935093434, ""C14"": 0.025883637935093434, ""C15"": 0.025883637935093434, ""C16"": 0.025883637935093434, ""C17"": 0.025727276026994053, ""C18"": 0.025711666047063715, ""C19"": 0.02571570862908541, ""C20"": 0.025710517532179483}"
56,56,1,80,0.517230,20,"{""C01"": 1.494661, ""C02"": 1.563519, ""C03"": 1.575526, ""C04"": 1.609632, ""C05"": 2.791363, ""C06"": 2.786947, ""C07"": 2.774122, ""C08"": 2.850073, ""C09"": 2.831417, ""C10"": 2.815206, ""C11"": 2.823689, ""C12"": 2.866702, ""C13"": 2.826809, ""C14"": 2.829266, ""C15"": 2.825359, ""C16"": 2.902848, ""C17"": 6.145111, ""C18"": 6.172517, ""C19"": 6.156347, ""C20"": 6.184092}","{""C01"": 0, ""C02"": 0, ""C03"": 0, ""C04"": 0, ""C05"": 0, ""C06"": 0, ""C07"": 0, ""C08"": 0, ""C09"": 0, ""C10"": 0, ""C11"": 0, ""C12"": 0, ""C13"": 0, ""C14"": 0, ""C15"": 0, ""C16"": 0, ""C17"": 277, ""C18"": 294, ""C19"": 285, ""C20"": 299}","{""C01"": 0.025883910645792207, ""C02"": 0.025883910645792207, ""C03"": 0.025883910645792207, ""C04"": 0.025883910645792207, ""C05"": 0.025883910645792207, ""C06"": 0.025883910645792207, ""C07"": 0.025883910645792207, ""C08"": 0.025883910645792207, ""C09"": 0.025883910645792207, ""C10"": 0.025883910645792207, ""C11"": 0.025883910645792207, ""C12"": 0.025883910645792207, ""C13"": 0.025883910645792207, ""C14"": 0.025883910645792207, ""C15"": 0.025883910645792207, ""C16"": 0.025883910645792207, ""C17"": 0.02572350221881578, ""C18"": 0.025713673005254702, ""C19"": 0.025718874553761147, ""C20"": 0.02571078713495055}"
57,57,1,336,2.175988,20,"{""C01"": 1.523211, ""C02"": 1.563519, ""C03"": 1.575526, ""C04"": 1.609632, ""C05"": 2.791363, ""C06"": 2.786947, ""C07"": 2.850752, ""C08"": 2.850073, ""C09"": 2.831417, ""C10"": 2.815206, ""C11"": 2.825457, ""C12"": 2.866702, ""C13"": 2.894383, ""C14"": 2.95006, ""C15"": 2.912139, ""C16"": 2.902848, ""C17"": 6.145111, ""C18"": 6.172517, ""C19"": 6.32901, ""C20"": 6.346574}","{""C01"": 0, ""C02"": 0, ""C03"": 0, ""C04"": 0, ""C05"": 0, ""C06"": 0, ""C07"": 0, ""C08"": 0, ""C09"": 0, ""C10"": 0, ""C11"": 0, ""C12"": 0, ""C13"": 0, ""C14"": 0, ""C15"": 0, ""C16"": 0, ""C17"": 0, ""C18"": 0, ""C19"": 559, ""C20"": 584}","{""C01"": 0.025895495919921324, ""C02"": 0.025895495919921324, ""C03"": 0.025895495919921324, ""C04"": 0.025895495919921324, ""C05"": 0.025895495919921324, ""C06"": 0.025895495919921324, ""C07"": 0.025895495919921324, ""C08"": 0.025895495919921324, ""C09"": 0.025895495919921324, ""C10"": 0.025895495919921324, ""C11"": 0.025895495919921324, ""C12"": 0.025895495919921324, ""C13"": 0.025895495919921324, ""C14"": 0.025895495919921324, ""C15"": 0.025895495919921324, ""C16"": 0.025895495919921324, ""C17"": 0.025895495919921324, ""C18"": 0.025895495919921324, ""C19"": 0.025571790459265786, ""C20"": 0.02555732642374135}"
58,58,1,79,0.509892,20,"{""C01"": 1.523211, ""C02"": 1.563519, ""C03"": 1.616285, ""C04"": 1.609632, ""C05"": 2.856792, ""C06"": 2.852557, ""C07"": 2.850752, ""C08"": 2.850073, ""C09"": 2.831417, ""C10"": 2.815206, ""C11"": 2.825457, ""C12"": 2.866702, ""C13"": 2.894383, ""C14"": 2.95006, ""C15"": 2.912139, ""C16"": 2.970274, ""C17"": 6.350398, ""C18"": 6.275171, ""C19"": 6.32901, ""C20"": 6.346574}","{""C01"": 0, ""C02"": 0, ""C03"": 0, ""C04"": 0, ""C05"": 0, ""C06"": 0, ""C07"": 0, ""C08"": 0, ""C09"": 0, ""C10"": 0, ""C11"": 0, ""C12"": 0, ""C13"": 0, ""C14"": 0, ""C15"": 0, ""C16"": 0, ""C17"": 295, ""C18"": 266, ""C19"": 290, ""C20"": 295}","{""C01"": 0.025896040711734403, ""C02"": 0.025896040711734403, ""C03"": 0.025896040711734403, ""C04"": 0.025896040711734403, ""C05"": 0.025896040711734403, ""C06"": 0.025896040711734403, ""C07"": 0.025896040711734403, ""C08"": 0.025896040711734403, ""C09"": 0.025896040711734403, ""C10"": 0.025896040711734403, ""C11"": 0.025896040711734403, ""C12"": 0.025896040711734403, ""C13"": 0.025896040711734403, ""C14"": 0.025896040711734403, ""C15"": 0.025896040711734403, ""C16"": 0.025896040711734403, ""C17"": 0.025725233249213515, ""C18"": 0.025741995276347605, ""C19"": 0.025728113015517844, ""C20"": 0.02572522984073783}"
59,59,1,375,2.334127,20,"{""C01"": 1.523211, ""C02"": 1.563519, ""C03"": 1.616285, ""C04"": 1.609632, ""C05"": 2.856792, ""C06"": 2.852557, ""C07"": 2.850752, ""C08"": 2.850073, ""C09"": 2.831417, ""C10"": 2.891374, ""C11"": 2.825457, ""C12"": 2.953571, ""C13"": 2.894383, ""C14"": 2.95006, ""C15"": 2.912139, ""C16"": 2.970274, ""C17"": 6.350398, ""C18"": 6.275171, ""C19"": 6.32901, ""C20"": 6.615136}","{""C01"": 0, ""C02"": 0, ""C03"": 0, ""C04"": 0, ""C05"": 0, ""C06"": 0, ""C07"": 0, ""C08"": 0, ""C09"": 0, ""C10"": 0, ""C11"": 0, ""C12"": 0, ""C13"": 0, ""C14"": 0, ""C15"": 0, ""C16"": 0, ""C17"": 0, ""C18"": 0, ""C19"": 0, ""C20"": 1127}","{""C01"": 0.025914579766440793, ""C02"": 0.025914579766440793, ""C03"": 0.025914579766440793, ""C04"": 0.025914579766440793, ""C05"": 0.025914579766440793, ""C06"": 0.025914579766440793, ""C07"": 0.025914579766440793, ""C08"": 0.025914579766440793, ""C09"": 0.025914579766440793, ""C10"": 0.025914579766440793, ""C11"": 0.025914579766440793, ""C12"": 0.025914579766440793, ""C13"": 0.025914579766440793, ""C14"": 0.025914579766440793, ""C15"": 0.025914579766440793, ""C16"": 0.025914579766440793, ""C17"": 0.025914579766440793, ""C18"": 0.025914579766440793, ""C19"": 0.025914579766440793, ""C20"": 0.025261944451313138}"
60,60,1,488,3.053374,20,"{""C01"": 1.523211, ""C02"": 1.563519, ""C03"": 1.616285, ""C04"": 1.609632, ""C05"": 2.856792, ""C06"": 2.852557, ""C07"": 2.850752, ""C08"": 2.850073, ""C09"": 2.936421, ""C10"": 2.891374, ""C11"": 2.835377, ""C12"": 2.953571, ""C13"": 2.950445, ""C14"": 2.951549, ""C15"": 2.912139, ""C16"": 2.970274, ""C17"": 6.350398, ""C18"": 6.540261, ""C19"": 6.504367, ""C20"": 6.615136}","{""C01"": 0, ""C02"": 0, ""C03"": 0, ""C04"": 0, ""C05"": 0, ""C06"": 0, ""C07"": 0, ""C08"": 0, ""C09"": 0, ""C10"": 0, ""C11"": 0, ""C12"": 0, ""C13"": 0, ""C14"": 0, ""C15"": 0, ""C16"": 0, ""C17"": 0, ""C18"": 399, ""C19"": 0, ""C20"": 732}","{""C01"": 0.025914277199692387, ""C02"": 0.025914277199692387, ""C03"": 0.025914277199692387, ""C04"": 0.025914277199692387, ""C05"": 0.025914277199692387, ""C06"": 0.025914277199692387, ""C07"": 0.025914277199692387, ""C08"": 0.025914277199692387, ""C09"": 0.025914277199692387, ""C10"": 0.025914277199692387, ""C11"": 0.025914277199692387, ""C12"": 0.025914277199692387, ""C13"": 0.025914277199692387, ""C14"": 0.025914277199692387, ""C15"": 0.025914277199692387, ""C16"": 0.025914277199692387, ""C17"": 0.025914277199692387, ""C18"": 0.025683209046612192, ""C19"": 0.025914277199692387, ""C20"": 0.025490397088736842}"
61,61,1,601,3.866539,20,"{""C01"": 1.523211, ""C02"": 1.563519, ""C03"": 1.616285, ""C04"": 1.609632, ""C05"": 2.856792, ""C06"": 2.879385, ""C07"": 2.850752, ""C08"": 2.936113, ""C09"": 2.936421, ""C10"": 2.891374, ""C11"": 2.835377, ""C12"": 2.953571, ""C13"": 2.950445, ""C14"": 2.951549, ""C15"": 2.912139, ""C16"": 2.970274, ""C17"": 6.428082, ""C18"": 6.540261, ""C19"": 6.504367, ""C20"": 6.615136}","{""C01"": 0, ""C02"": 0, ""C03"": 0, ""C04"": 0, ""C05"": 0, ""C06"": 0, ""C07"": 0, ""C08"": 0, ""C09"": 0, ""C10"": 0, ""C11"": 0, ""C12"": 0, ""C13"": 0, ""C14"": 0, ""C15"": 0, ""C16"": 0, ""C17"": 0, ""C18"": 291, ""C19"": 0, ""C20"": 839}","{""C01"": 0.02591440760259403, ""C02"": 0.02591440760259403, ""C03"": 0.02591440760259403, ""C04"": 0.02591440760259403, ""C05"": 0.02591440760259403, ""C06"": 0.02591440760259403, ""C07"": 0.02591440760259403, ""C08"": 0.02591440760259403, ""C09"": 0.02591440760259403, ""C10"": 0.02591440760259403, ""C11"": 0.02591440760259403, ""C12"": 0.02591440760259403, ""C13"": 0.02591440760259403, ""C14"": 0.02591440760259403, ""C15"": 0.02591440760259403, ""C16"": 0.02591440760259403, ""C17"": 0.02591440760259403, ""C18"": 0.02574588421275359, ""C19"": 0.02591440760259403, ""C20"": 0.02542856032766222}"
62,62,1,892,5.748458,20,"{""C01"": 1.563136, ""C02"": 1.563519, ""C03"": 1.616285, ""C04"": 1.609632, ""C05"": 2.856792, ""C06"": 2.879385, ""C07"": 2.967035, ""C08"": 2.936113, ""C09"": 2.936421, ""C10"": 2.891374, ""C11"": 2.940478, ""C12"": 2.957526, ""C13"": 2.950445, ""C14"": 2.951549, ""C15"": 2.912139, ""C16"": 2.970274, ""C17"": 6.428082, ""C18"": 6.540261, ""C19"": 6.715277, ""C20"": 6.622168}","{""C01"": 0, ""C02"": 0, ""C03"": 0, ""C04"": 0, ""C05"": 0, ""C06"": 0, ""C07"": 0, ""C08"": 0, ""C09"": 0, ""C10"": 0, ""C11"": 0, ""C12"": 0, ""C13"": 0, ""C14"": 0, ""C15"": 0, ""C16"": 0, ""C17"": 0, ""C18"": 0, ""C19"": 1121, ""C20"": 0}","{""C01"": 0.025920962099111447, ""C02"": 0.025920962099111447, ""C03"": 0.025920962099111447, ""C04"": 0.025920962099111447, ""C05"": 0.025920962099111447, ""C06"": 0.025920962099111447, ""C07"": 0.025920962099111447, ""C08"": 0.025920962099111447, ""C09"": 0.025920962099111447, ""C10"": 0.025920962099111447, ""C11"": 0.025920962099111447, ""C12"": 0.025920962099111447, ""C13"": 0.025920962099111447, ""C14"": 0.025920962099111447, ""C15"": 0.025920962099111447, ""C16"": 0.025920962099111447, ""C17"": 0.025920962099111447, ""C18"": 0.025920962099111447, ""C19"": 0.02527180531996912, ""C20"": 0.025920962099111447}"
63,63,1,577,3.645723,20,"{""C01"": 1.563136, ""C02"": 1.563519, ""C03"": 1.616285, ""C04"": 1.609632, ""C05"": 2.856792, ""C06"": 2.879385, ""C07"": 2.967035, ""C08"": 2.936113, ""C09"": 2.936421, ""C10"": 2.891374, ""C11"": 2.940478, ""C12"": 2.957526, ""C13"": 2.950445, ""C14"": 2.951549, ""C15"": 2.933475, ""C16"": 2.970274, ""C17"": 6.428082, ""C18"": 6.659582, ""C19"": 6.715277, ""C20"": 6.622168}","{""C01"": 0, ""C02"": 0, ""C03"": 0, ""C04"": 0, ""C05"": 0, ""C06"": 0, ""C07"": 0, ""C08"": 0, ""C09"": 0, ""C10"": 0, ""C11"": 0, ""C12"": 0, ""C13"": 0, ""C14"": 0, ""C15"": 0, ""C16"": 0, ""C17"": 0, ""C18"": 397, ""C19"": 727, ""C20"": 0}","{""C01"": 0.025920790463485444, ""C02"": 0.025920790463485444, ""C03"": 0.025920790463485444, ""C04"": 0.025920790463485444, ""C05"": 0.025920790463485444, ""C06"": 0.025920790463485444, ""C07"": 0.025920790463485444, ""C08"": 0.025920790463485444, ""C09"": 0.025920790463485444, ""C10"": 0.025920790463485444, ""C11"": 0.025920790463485444, ""C12"": 0.025920790463485444, ""C13"": 0.025920790463485444, ""C14"": 0.025920790463485444, ""C15"": 0.025920790463485444, ""C16"": 0.025920790463485444, ""C17"": 0.025920790463485444, ""C18"": 0.02569088512019947, ""C19"": 0.025499808256045805, ""C20"": 0.025920790463485444}"
64,64,1,478,2.968646,20,"{""C01"": 1.563136, ""C02"": 1.588382, ""C03"": 1.616285, ""C04"": 1.609632, ""C05"": 2.856792, ""C06"": 2.879385, ""C07"": 2.967035, ""C08"": 2.936113, ""C09"": 2.936421, ""C10"": 2.891374, ""C11"": 2.940478, ""C12"": 2.957526, ""C13"": 2.950445, ""C14"": 2.951549, ""C15"": 2.933475, ""C16"": 2.970274, ""C17"": 6.51652, ""C18"": 6.659582, ""C19"": 6.715277, ""C20"": 6.771567}","{""C01"": 0, ""C02"": 0, ""C03"": 0, ""C04"": 0, ""C05"": 0, ""C06"": 0, ""C07"": 0, ""C08"": 0, ""C09"": 0, ""C10"": 0, ""C11"": 0, ""C12"": 0, ""C13"": 0, ""C14"": 0, ""C15"": 0, ""C16"": 0, ""C17"": 0, ""C18"": 0, ""C19"": 402, ""C20"": 719}","{""C01"": 0.0259244824666523, ""C02"": 0.0259244824666523, ""C03"": 0.0259244824666523, ""C04"": 0.0259244824666523, ""C05"": 0.0259244824666523, ""C06"": 0.0259244824666523, ""C07"": 0.0259244824666523, ""C08"": 0.0259244824666523, ""C09"": 0.0259244824666523, ""C10"": 0.0259244824666523, ""C11"": 0.0259244824666523, ""C12"": 0.0259244824666523, ""C13"": 0.0259244824666523, ""C14"": 0.0259244824666523, ""C15"": 0.0259244824666523, ""C16"": 0.0259244824666523, ""C17"": 0.0259244824666523, ""C18"": 0.0259244824666523, ""C19"": 0.025691681606679236, ""C20"": 0.025508133470973488}"
65,65,1,472,2.969709,20,"{""C01"": 1.563136, ""C02"": 1.588382, ""C03"": 1.616285, ""C04"": 1.609632, ""C05"": 2.856792, ""C06"": 2.879385, ""C07"": 2.967035, ""C08"": 2.936113, ""C09"": 2.936421, ""C10"": 2.901292, ""C11"": 2.940478, ""C12"": 2.957526, ""C13"": 3.045393, ""C14"": 3.013736, ""C15"": 3.044839, ""C16"": 2.970274, ""C17"": 6.51652, ""C18"": 6.659582, ""C19"": 6.744798, ""C20"": 6.771567}","{""C01"": 0, ""C02"": 0, ""C03"": 0, ""C04"": 0, ""C05"": 0, ""C06"": 0, ""C07"": 0, ""C08"": 0, ""C09"": 0, ""C10"": 0, ""C11"": 0, ""C12"": 0, ""C13"": 0, ""C14"": 0, ""C15"": 0, ""C16"": 0, ""C17"": 0, ""C18"": 0, ""C19"": 412, ""C20"": 708}","{""C01"": 0.02592490057962342, ""C02"": 0.02592490057962342, ""C03"": 0.02592490057962342, ""C04"": 0.02592490057962342, ""C05"": 0.02592490057962342, ""C06"": 0.02592490057962342, ""C07"": 0.02592490057962342, ""C08"": 0.02592490057962342, ""C09"": 0.02592490057962342, ""C10"": 0.02592490057962342, ""C11"": 0.02592490057962342, ""C12"": 0.02592490057962342, ""C13"": 0.02592490057962342, ""C14"": 0.02592490057962342, ""C15"": 0.02592490057962342, ""C16"": 0.02592490057962342, ""C17"": 0.02592490057962342, ""C18"": 0.02592490057962342, ""C19"": 0.025686318344750547, ""C20"": 0.025514916976056626}"
66,66,1,81,0.495524,20,"{""C01"": 1.563136, ""C02"": 1.588382, ""C03"": 1.616285, ""C04"": 1.609632, ""C05"": 2.99766, ""C06"": 3.002226, ""C07"": 2.967035, ""C08"": 2.936113, ""C09"": 2.936421, ""C10"": 2.901292, ""C11"": 2.940478, ""C12"": 2.957526, ""C13"": 3.045393, ""C14"": 3.013736, ""C15"": 3.044839, ""C16"": 3.034052, ""C17"": 6.717395, ""C18"": 6.796783, ""C19"": 6.744798, ""C20"": 6.771567}","{""C01"": 0, ""C02"": 0, ""C03"": 0, ""C04"": 0, ""C05"": 0, ""C06"": 0, ""C07"": 0, ""C08"": 0, ""C09"": 0, ""C10"": 0, ""C11"": 0, ""C12"": 0, ""C13"": 0, ""C14"": 0, ""C15"": 0, ""C16"": 0, ""C17"": 265, ""C18"": 296, ""C19"": 274, ""C20"": 288}","{""C01"": 0.025926379742390523, ""C02"": 0.025926379742390523, ""C03"": 0.025926379742390523, ""C04"": 0.025926379742390523, ""C05"": 0.025926379742390523, ""C06"": 0.025926379742390523, ""C07"": 0.025926379742390523, ""C08"": 0.025926379742390523, ""C09"": 0.025926379742390523, ""C10"": 0.025926379742390523, ""C11"": 0.025926379742390523, ""C12"": 0.025926379742390523, ""C13"": 0.025926379742390523, ""C14"": 0.025926379742390523, ""C15"": 0.025926379742390523, ""C16"": 0.025926379742390523, ""C17"": 0.025772913425181874, ""C18"": 0.025754994839202204, ""C19"": 0.025767706217506934, ""C20"": 0.025759610358544828}"
67,67,1,612,3.823249,20,"{""C01"": 1.563136, ""C02"": 1.588382, ""C03"": 1.616285, ""C04"": 1.609632, ""C05"": 2.99766, ""C06"": 3.002226, ""C07"": 2.967035, ""C08"": 2.936113, ""C09"": 2.936421, ""C10"": 3.075113, ""C11"": 3.053653, ""C12"": 3.109603, ""C13"": 3.045393, ""C14"": 3.013736, ""C15"": 3.044839, ""C16"": 3.034052, ""C17"": 6.717395, ""C18"": 6.796783, ""C19"": 6.744798, ""C20"": 6.975582}","{""C01"": 0, ""C02"": 0, ""C03"": 0, ""C04"": 0, ""C05"": 0, ""C06"": 0, ""C07"": 0, ""C08"": 0, ""C09"": 0, ""C10"": 0, ""C11"": 0, ""C12"": 0, ""C13"": 0, ""C14"": 0, ""C15"": 0, ""C16"": 0, ""C17"": 0, ""C18"": 0, ""C19"": 0, ""C20"": 1107}","{""C01"": 0.025937600610109718, ""C02"": 0.025937600610109718, ""C03"": 0.025937600610109718, ""C04"": 0.025937600610109718, ""C05"": 0.025937600610109718, ""C06"": 0.025937600610109718, ""C07"": 0.025937600610109718, ""C08"": 0.025937600610109718, ""C09"": 0.025937600610109718, ""C10"": 0.025937600610109718, ""C11"": 0.025937600610109718, ""C12"": 0.025937600610109718, ""C13"": 0.025937600610109718, ""C14"": 0.025937600610109718, ""C15"": 0.025937600610109718, ""C16"": 0.025937600610109718, ""C17"": 0.025937600610109718, ""C18"": 0.025937600610109718, ""C19"": 0.025937600610109718, ""C20"": 0.02529655387362514}"
68,68,1,185,1.152189,20,"{""C01"": 1.563136, ""C02"": 1.588382, ""C03"": 1.616285, ""C04"": 1.609632, ""C05"": 2.99766, ""C06"": 3.002226, ""C07"": 2.967035, ""C08"": 2.936113, ""C09"": 3.066016, ""C10"": 3.075113, ""C11"": 3.053653, ""C12"": 3.109603, ""C13"": 3.079999, ""C14"": 3.040373, ""C15"": 3.088644, ""C16"": 3.034052, ""C17"": 6.717395, ""C18"": 6.986001, ""C19"": 6.985109, ""C20"": 6.975582}","{""C01"": 0, ""C02"": 0, ""C03"": 0, ""C04"": 0, ""C05"": 0, ""C06"": 0, ""C07"": 0, ""C08"": 0, ""C09"": 0, ""C10"": 0, ""C11"": 0, ""C12"": 0, ""C13"": 0, ""C14"": 0, ""C15"": 0, ""C16"": 0, ""C17"": 0, ""C18"": 403, ""C19"": 394, ""C20"": 310}","{""C01"": 0.02593826900169542, ""C02"": 0.02593826900169542, ""C03"": 0.02593826900169542, ""C04"": 0.02593826900169542, ""C05"": 0.02593826900169542, ""C06"": 0.02593826900169542, ""C07"": 0.02593826900169542, ""C08"": 0.02593826900169542, ""C09"": 0.02593826900169542, ""C10"": 0.02593826900169542, ""C11"": 0.02593826900169542, ""C12"": 0.02593826900169542, ""C13"": 0.02593826900169542, ""C14"": 0.02593826900169542, ""C15"": 0.02593826900169542, ""C16"": 0.02593826900169542, ""C17"": 0.02593826900169542, ""C18"": 0.02570492132420354, ""C19"": 0.025710132721577284, ""C20"": 0.025758771367971455}"
69,69,1,78,0.485355,20,"{""C01"": 1.563136, ""C02"": 1.588382, ""C03"": 1.616285, ""C04"": 1.609632, ""C05"": 3.003405, ""C06"": 3.008091, ""C07"": 2.967035, ""C08"": 3.046356, ""C09"": 3.066016, ""C10"": 3.075113, ""C11"": 3.053653, ""C12"": 3.109603, ""C13"": 3.079999, ""C14"": 3.040373, ""C15"": 3.088644, ""C16"": 3.118303, ""C17"": 6.913059, ""C18"": 6.986001, ""C19"": 6.985109, ""C20"": 6.975582}","{""C01"": 0, ""C02"": 0, ""C03"": 0, ""C04"": 0, ""C05"": 0, ""C06"": 0, ""C07"": 0, ""C08"": 0, ""C09"": 0, ""C10"": 0, ""C11"": 0, ""C12"": 0, ""C13"": 0, ""C14"": 0, ""C15"": 0, ""C16"": 0, ""C17"": 260, ""C18"": 284, ""C19"": 284, ""C20"": 283}","{""C01"": 0.02593905427058804, ""C02"": 0.02593905427058804, ""C03"": 0.02593905427058804, ""C04"": 0.02593905427058804, ""C05"": 0.02593905427058804, ""C06"": 0.02593905427058804, ""C07"": 0.02593905427058804, ""C08"": 0.02593905427058804, ""C09"": 0.02593905427058804, ""C10"": 0.02593905427058804, ""C11"": 0.02593905427058804, ""C12"": 0.02593905427058804, ""C13"": 0.02593905427058804, ""C14"": 0.02593905427058804, ""C15"": 0.02593905427058804, ""C16"": 0.02593905427058804, ""C17"": 0.02578848354427012, ""C18"": 0.025774612352218618, ""C19"": 0.025774611760279995, ""C20"": 0.02577518465231211}"
70,70,1,866,5.418948,20,"{""C01"": 1.5896, ""C02"": 1.588382, ""C03"": 1.616285, ""C04"": 1.609632, ""C05"": 3.003405, ""C06"": 3.008091, ""C07"": 3.104351, ""C08"": 3.046356, ""C09"": 3.066016, ""C10"": 3.075113, ""C11"": 3.055947, ""C12"": 3.109603, ""C13"": 3.079999, ""C14"": 3.161649, ""C15"": 3.191759, ""C16"": 3.118303, ""C17"": 6.913059, ""C18"": 6.986001, ""C19"": 7.109021, ""C20"": 6.98616}","{""C01"": 0, ""C02"": 0, ""C03"": 0, ""C04"": 0, ""C05"": 0, ""C06"": 0, ""C07"": 0, ""C08"": 0, ""C09"": 0, ""C10"": 0, ""C11"": 0, ""C12"": 0, ""C13"": 0, ""C14"": 0, ""C15"": 0, ""C16"": 0, ""C17"": 0, ""C18"": 0, ""C19"": 1101, ""C20"": 0}","{""C01"": 0.025946350064949275, ""C02"": 0.025946350064949275, ""C03"": 0.025946350064949275, ""C04"": 0.025946350064949275, ""C05"": 0.025946350064949275, ""C06"": 0.025946350064949275, ""C07"": 0.025946350064949275, ""C08"": 0.025946350064949275, ""C09"": 0.025946350064949275, ""C10"": 0.025946350064949275, ""C11"": 0.025946350064949275, ""C12"": 0.025946350064949275, ""C13"": 0.025946350064949275, ""C14"": 0.025946350064949275, ""C15"": 0.025946350064949275, ""C16"": 0.025946350064949275, ""C17"": 0.025946350064949275, ""C18"": 0.025946350064949275, ""C19"": 0.02530877284253922, ""C20"": 0.025946350064949275}"
71,71,1,602,4.775053,20,"{""C01"": 1.5896, ""C02"": 1.588382, ""C03"": 1.616285, ""C04"": 1.657477, ""C05"": 3.10575, ""C06"": 3.127221, ""C07"": 3.104351, ""C08"": 3.046356, ""C09"": 3.066016, ""C10"": 3.075113, ""C11"": 3.055947, ""C12"": 3.109603, ""C13"": 3.079999, ""C14"": 3.161649, ""C15"": 3.191759, ""C16"": 3.221187, ""C17"": 7.033361, ""C18"": 6.986001, ""C19"": 7.109021, ""C20"": 6.98616}","{""C01"": 0, ""C02"": 0, ""C03"": 0, ""C04"": 0, ""C05"": 0, ""C06"": 0, ""C07"": 0, ""C08"": 0, ""C09"": 0, ""C10"": 0, ""C11"": 0, ""C12"": 0, ""C13"": 0, ""C14"": 0, ""C15"": 0, ""C16"": 0, ""C17"": 279, ""C18"": 0, ""C19"": 825, ""C20"": 0}","{""C01"": 0.025946368033207365, ""C02"": 0.025946368033207365, ""C03"": 0.025946368033207365, ""C04"": 0.025946368033207365, ""C05"": 0.025946368033207365, ""C06"": 0.025946368033207365, ""C07"": 0.025946368033207365, ""C08"": 0.025946368033207365, ""C09"": 0.025946368033207365, ""C10"": 0.025946368033207365, ""C11"": 0.025946368033207365, ""C12"": 0.025946368033207365, ""C13"": 0.025946368033207365, ""C14"": 0.025946368033207365, ""C15"": 0.025946368033207365, ""C16"": 0.025946368033207365, ""C17"": 0.025784794464884186, ""C18"": 0.025946368033207365, ""C19"": 0.025468627213763077, ""C20"": 0.025946368033207365}"
72,72,1,580,3.601616,20,"{""C01"": 1.5896, ""C02"": 1.588382, ""C03"": 1.616285, ""C04"": 1.657477, ""C05"": 3.10575, ""C06"": 3.127221, ""C07"": 3.104351, ""C08"": 3.046356, ""C09"": 3.066016, ""C10"": 3.149559, ""C11"": 3.055947, ""C12"": 3.193973, ""C13"": 3.079999, ""C14"": 3.161649, ""C15"": 3.191759, ""C16"": 3.221187, ""C17"": 7.033361, ""C18"": 6.986001, ""C19"": 7.109021, ""C20"": 7.189209}","{""C01"": 0, ""C02"": 0, ""C03"": 0, ""C04"": 0, ""C05"": 0, ""C06"": 0, ""C07"": 0, ""C08"": 0, ""C09"": 0, ""C10"": 0, ""C11"": 0, ""C12"": 0, ""C13"": 0, ""C14"": 0, ""C15"": 0, ""C16"": 0, ""C17"": 0, ""C18"": 0, ""C19"": 286, ""C20"": 814}","{""C01"": 0.025951119831148825, ""C02"": 0.025951119831148825, ""C03"": 0.025951119831148825, ""C04"": 0.025951119831148825, ""C05"": 0.025951119831148825, ""C06"": 0.025951119831148825, ""C07"": 0.025951119831148825, ""C08"": 0.025951119831148825, ""C09"": 0.025951119831148825, ""C10"": 0.025951119831148825, ""C11"": 0.025951119831148825, ""C12"": 0.025951119831148825, ""C13"": 0.025951119831148825, ""C14"": 0.025951119831148825, ""C15"": 0.025951119831148825, ""C16"": 0.025951119831148825, ""C17"": 0.025951119831148825, ""C18"": 0.025951119831148825, ""C19"": 0.02578549203219911, ""C20"": 0.025479751030224103}"
73,73,1,325,2.033146,20,"{""C01"": 1.5896, ""C02"": 1.588382, ""C03"": 1.616285, ""C04"": 1.657477, ""C05"": 3.10575, ""C06"": 3.127221, ""C07"": 3.104351, ""C08"": 3.046356, ""C09"": 3.122029, ""C10"": 3.149559, ""C11"": 3.069057, ""C12"": 3.193973, ""C13"": 3.136495, ""C14"": 3.161649, ""C15"": 3.191759, ""C16"": 3.221187, ""C17"": 7.033361, ""C18"": 7.170434, ""C19"": 7.109021, ""C20"": 7.189209}","{""C01"": 0, ""C02"": 0, ""C03"": 0, ""C04"": 0, ""C05"": 0, ""C06"": 0, ""C07"": 0, ""C08"": 0, ""C09"": 0, ""C10"": 0, ""C11"": 0, ""C12"": 0, ""C13"": 0, ""C14"": 0, ""C15"": 0, ""C16"": 0, ""C17"": 0, ""C18"": 295, ""C19"": 268, ""C20"": 537}","{""C01"": 0.025950785697044274, ""C02"": 0.025950785697044274, ""C03"": 0.025950785697044274, ""C04"": 0.025950785697044274, ""C05"": 0.025950785697044274, ""C06"": 0.025950785697044274, ""C07"": 0.025950785697044274, ""C08"": 0.025950785697044274, ""C09"": 0.025950785697044274, ""C10"": 0.025950785697044274, ""C11"": 0.025950785697044274, ""C12"": 0.025950785697044274, ""C13"": 0.025950785697044274, ""C14"": 0.025950785697044274, ""C15"": 0.025950785697044274, ""C16"": 0.025950785697044274, ""C17"": 0.025950785697044274, ""C18"": 0.025779969747255715, ""C19"": 0.025795582774782472, ""C20"": 0.02563983663113859}"
74,74,1,327,2.045637,20,"{""C01"": 1.5896, ""C02"": 1.588382, ""C03"": 1.616285, ""C04"": 1.657477, ""C05"": 3.10575, ""C06"": 3.127221, ""C07"": 3.104351, ""C08"": 3.046356, ""C09"": 3.122029, ""C10"": 3.149559, ""C11"": 3.069057, ""C12"": 3.193973, ""C13"": 3.136495, ""C14"": 3.161649, ""C15"": 3.191759, ""C16"": 3.2221, ""C17"": 7.049874, ""C18"": 7.170434, ""C19"": 7.109021, ""C20"": 7.189209}","{""C01"": 0, ""C02"": 0, ""C03"": 0, ""C04"": 0, ""C05"": 0, ""C06"": 0, ""C07"": 0, ""C08"": 0, ""C09"": 0, ""C10"": 0, ""C11"": 0, ""C12"": 0, ""C13"": 0, ""C14"": 0, ""C15"": 0, ""C16"": 0, ""C17"": 0, ""C18"": 292, ""C19"": 267, ""C20"": 541}","{""C01"": 0.02595079683937379, ""C02"": 0.02595079683937379, ""C03"": 0.02595079683937379, ""C04"": 0.02595079683937379, ""C05"": 0.02595079683937379, ""C06"": 0.02595079683937379, ""C07"": 0.02595079683937379, ""C08"": 0.02595079683937379, ""C09"": 0.02595079683937379, ""C10"": 0.02595079683937379, ""C11"": 0.02595079683937379, ""C12"": 0.02595079683937379, ""C13"": 0.02595079683937379, ""C14"": 0.02595079683937379, ""C15"": 0.02595079683937379, ""C16"": 0.02595079683937379, ""C17"": 0.02595079683937379, ""C18"": 0.025781718140394556, ""C19"": 0.025796173020500298, ""C20"": 0.025637531167346114}"
75,75,1,317,2.025276,20,"{""C01"": 1.5896, ""C02"": 1.588382, ""C03"": 1.616285, ""C04"": 1.657477, ""C05"": 3.10575, ""C06"": 3.127221, ""C07"": 3.158788, ""C08"": 3.046356, ""C09"": 3.122029, ""C10"": 3.149559, ""C11"": 3.17764, ""C12"": 3.193973, ""C13"": 3.136495, ""C14"": 3.161649, ""C15"": 3.191759, ""C16"": 3.2221, ""C17"": 7.049874, ""C18"": 7.170434, ""C19"": 7.221099, ""C20"": 7.199324}","{""C01"": 0, ""C02"": 0, ""C03"": 0, ""C04"": 0, ""C05"": 0, ""C06"": 0, ""C07"": 0, ""C08"": 0, ""C09"": 0, ""C10"": 0, ""C11"": 0, ""C12"": 0, ""C13"": 0, ""C14"": 0, ""C15"": 0, ""C16"": 0, ""C17"": 0, ""C18"": 279, ""C19"": 529, ""C20"": 290}","{""C01"": 0.025953001449849633, ""C02"": 0.025953001449849633, ""C03"": 0.025953001449849633, ""C04"": 0.025953001449849633, ""C05"": 0.025953001449849633, ""C06"": 0.025953001449849633, ""C07"": 0.025953001449849633, ""C08"": 0.025953001449849633, ""C09"": 0.025953001449849633, ""C10"": 0.025953001449849633, ""C11"": 0.025953001449849633, ""C12"": 0.025953001449849633, ""C13"": 0.025953001449849633, ""C14"": 0.025953001449849633, ""C15"": 0.025953001449849633, ""C16"": 0.025953001449849633, ""C17"": 0.025953001449849633, ""C18"": 0.025791434004639437, ""C19"": 0.025646681873201054, ""C20"": 0.025785076769149304}"
76,76,1,307,1.974583,20,"{""C01"": 1.5896, ""C02"": 1.588382, ""C03"": 1.616285, ""C04"": 1.657477, ""C05"": 3.10575, ""C06"": 3.127221, ""C07"": 3.158788, ""C08"": 3.046356, ""C09"": 3.122029, ""C10"": 3.149559, ""C11"": 3.17764, ""C12"": 3.193973, ""C13"": 3.136495, ""C14"": 3.161649, ""C15"": 3.191759, ""C16"": 3.2221, ""C17"": 7.049874, ""C18"": 7.274057, ""C19"": 7.221099, ""C20"": 7.199324}","{""C01"": 0, ""C02"": 0, ""C03"": 0, ""C04"": 0, ""C05"": 0, ""C06"": 0, ""C07"": 0, ""C08"": 0, ""C09"": 0, ""C10"": 0, ""C11"": 0, ""C12"": 0, ""C13"": 0, ""C14"": 0, ""C15"": 0, ""C16"": 0, ""C17"": 0, ""C18"": 530, ""C19"": 288, ""C20"": 279}","{""C01"": 0.025955852404875565, ""C02"": 0.025955852404875565, ""C03"": 0.025955852404875565, ""C04"": 0.025955852404875565, ""C05"": 0.025955852404875565, ""C06"": 0.025955852404875565, ""C07"": 0.025955852404875565, ""C08"": 0.025955852404875565, ""C09"": 0.025955852404875565, ""C10"": 0.025955852404875565, ""C11"": 0.025955852404875565, ""C12"": 0.025955852404875565, ""C13"": 0.025955852404875565, ""C14"": 0.025955852404875565, ""C15"": 0.025955852404875565, ""C16"": 0.025955852404875565, ""C17"": 0.025955852404875565, ""C18"": 0.025648957607549747, ""C19"": 0.025789074027777983, ""C20"": 0.025794280311631335}"
77,77,1,330,2.126049,20,"{""C01"": 1.5896, ""C02"": 1.631259, ""C03"": 1.616285, ""C04"": 1.657477, ""C05"": 3.10575, ""C06"": 3.127221, ""C07"": 3.158788, ""C08"": 3.143915, ""C09"": 3.122029, ""C10"": 3.149559, ""C11"": 3.17764, ""C12"": 3.193973, ""C13"": 3.136495, ""C14"": 3.161649, ""C15"": 3.191759, ""C16"": 3.2221, ""C17"": 7.137387, ""C18"": 7.274057, ""C19"": 7.221099, ""C20"": 7.199324}","{""C01"": 0, ""C02"": 0, ""C03"": 0, ""C04"": 0, ""C05"": 0, ""C06"": 0, ""C07"": 0, ""C08"": 0, ""C09"": 0, ""C10"": 0, ""C11"": 0, ""C12"": 0, ""C13"": 0, ""C14"": 0, ""C15"": 0, ""C16"": 0, ""C17"": 0, ""C18"": 546, ""C19"": 280, ""C20"": 271}","{""C01"": 0.025955934812578185, ""C02"": 0.025955934812578185, ""C03"": 0.025955934812578185, ""C04"": 0.025955934812578185, ""C05"": 0.025955934812578185, ""C06"": 0.025955934812578185, ""C07"": 0.025955934812578185, ""C08"": 0.025955934812578185, ""C09"": 0.025955934812578185, ""C10"": 0.025955934812578185, ""C11"": 0.025955934812578185, ""C12"": 0.025955934812578185, ""C13"": 0.025955934812578185, ""C14"": 0.025955934812578185, ""C15"": 0.025955934812578185, ""C16"": 0.025955934812578185, ""C17"": 0.025955934812578185, ""C18"": 0.025639773133940943, ""C19"": 0.0257937889414351, ""C20"": 0.02579899544519517}"
78,78,1,329,2.112285,20,"{""C01"": 1.5896, ""C02"": 1.631259, ""C03"": 1.616285, ""C04"": 1.657477, ""C05"": 3.10575, ""C06"": 3.127221, ""C07"": 3.158788, ""C08"": 3.143915, ""C09"": 3.122029, ""C10"": 3.149559, ""C11"": 3.17764, ""C12"": 3.193973, ""C13"": 3.217762, ""C14"": 3.238802, ""C15"": 3.232546, ""C16"": 3.2221, ""C17"": 7.137387, ""C18"": 7.274057, ""C19"": 7.223984, ""C20"": 7.204514}","{""C01"": 0, ""C02"": 0, ""C03"": 0, ""C04"": 0, ""C05"": 0, ""C06"": 0, ""C07"": 0, ""C08"": 0, ""C09"": 0, ""C10"": 0, ""C11"": 0, ""C12"": 0, ""C13"": 0, ""C14"": 0, ""C15"": 0, ""C16"": 0, ""C17"": 0, ""C18"": 544, ""C19"": 279, ""C20"": 274}","{""C01"": 0.02595610060342174, ""C02"": 0.02595610060342174, ""C03"": 0.02595610060342174, ""C04"": 0.02595610060342174, ""C05"": 0.02595610060342174, ""C06"": 0.02595610060342174, ""C07"": 0.02595610060342174, ""C08"": 0.02595610060342174, ""C09"": 0.02595610060342174, ""C10"": 0.02595610060342174, ""C11"": 0.02595610060342174, ""C12"": 0.02595610060342174, ""C13"": 0.02595610060342174, ""C14"": 0.02595610060342174, ""C15"": 0.02595610060342174, ""C16"": 0.02595610060342174, ""C17"": 0.02595610060342174, ""C18"": 0.025641095168873022, ""C19"": 0.02579453389202114, ""C20"": 0.025797424274598347}"
79,79,1,81,0.522999,20,"{""C01"": 1.5896, ""C02"": 1.631259, ""C03"": 1.641535, ""C04"": 1.657477, ""C05"": 3.159632, ""C06"": 3.142995, ""C07"": 3.158788, ""C08"": 3.143915, ""C09"": 3.122029, ""C10"": 3.149559, ""C11"": 3.17764, ""C12"": 3.193973, ""C13"": 3.217762, ""C14"": 3.238802, ""C15"": 3.232546, ""C16"": 3.289485, ""C17"": 7.288119, ""C18"": 7.274057, ""C19"": 7.223984, ""C20"": 7.204514}","{""C01"": 0, ""C02"": 0, ""C03"": 0, ""C04"": 0, ""C05"": 0, ""C06"": 0, ""C07"": 0, ""C08"": 0, ""C09"": 0, ""C10"": 0, ""C11"": 0, ""C12"": 0, ""C13"": 0, ""C14"": 0, ""C15"": 0, ""C16"": 0, ""C17"": 291, ""C18"": 281, ""C19"": 267, ""C20"": 259}","{""C01"": 0.025957148380218398, ""C02"": 0.025957148380218398, ""C03"": 0.025957148380218398, ""C04"": 0.025957148380218398, ""C05"": 0.025957148380218398, ""C06"": 0.025957148380218398, ""C07"": 0.025957148380218398, ""C08"": 0.025957148380218398, ""C09"": 0.025957148380218398, ""C10"": 0.025957148380218398, ""C11"": 0.025957148380218398, ""C12"": 0.025957148380218398, ""C13"": 0.025957148380218398, ""C14"": 0.025957148380218398, ""C15"": 0.025957148380218398, ""C16"": 0.025957148380218398, ""C17"": 0.02578865732345973, ""C18"": 0.025794438946282323, ""C19"": 0.02580252621205474, ""C20"": 0.02580715677207862}"
80,80,1,80,0.513043,20,"{""C01"": 1.5896, ""C02"": 1.631259, ""C03"": 1.641535, ""C04"": 1.657477, ""C05"": 3.159632, ""C06"": 3.142995, ""C07"": 3.158788, ""C08"": 3.143915, ""C09"": 3.122029, ""C10"": 3.200031, ""C11"": 3.17764, ""C12"": 3.232178, ""C13"": 3.217762, ""C14"": 3.238802, ""C15"": 3.232546, ""C16"": 3.289485, ""C17"": 7.288119, ""C18"": 7.274057, ""C19"": 7.223984, ""C20"": 7.317354}","{""C01"": 0, ""C02"": 0, ""C03"": 0, ""C04"": 0, ""C05"": 0, ""C06"": 0, ""C07"": 0, ""C08"": 0, ""C09"": 0, ""C10"": 0, ""C11"": 0, ""C12"": 0, ""C13"": 0, ""C14"": 0, ""C15"": 0, ""C16"": 0, ""C17"": 279, ""C18"": 274, ""C19"": 256, ""C20"": 287}","{""C01"": 0.025958455293935853, ""C02"": 0.025958455293935853, ""C03"": 0.025958455293935853, ""C04"": 0.025958455293935853, ""C05"": 0.025958455293935853, ""C06"": 0.025958455293935853, ""C07"": 0.025958455293935853, ""C08"": 0.025958455293935853, ""C09"": 0.025958455293935853, ""C10"": 0.025958455293935853, ""C11"": 0.025958455293935853, ""C12"": 0.025958455293935853, ""C13"": 0.025958455293935853, ""C14"": 0.025958455293935853, ""C15"": 0.025958455293935853, ""C16"": 0.025958455293935853, ""C17"": 0.025796899419183904, ""C18"": 0.025799788344038562, ""C19"": 0.025810201040330515, ""C20"": 0.02579228586531265}"
81,81,1,82,0.525563,20,"{""C01"": 1.5896, ""C02"": 1.631259, ""C03"": 1.641535, ""C04"": 1.657477, ""C05"": 3.159632, ""C06"": 3.142995, ""C07"": 3.158788, ""C08"": 3.143915, ""C09"": 3.201189, ""C10"": 3.200031, ""C11"": 3.17764, ""C12"": 3.232178, ""C13"": 3.217762, ""C14"": 3.238802, ""C15"": 3.232546, ""C16"": 3.289485, ""C17"": 7.288119, ""C18"": 7.363307, ""C19"": 7.283065, ""C20"": 7.317354}","{""C01"": 0, ""C02"": 0, ""C03"": 0, ""C04"": 0, ""C05"": 0, ""C06"": 0, ""C07"": 0, ""C08"": 0, ""C09"": 0, ""C10"": 0, ""C11"": 0, ""C12"": 0, ""C13"": 0, ""C14"": 0, ""C15"": 0, ""C16"": 0, ""C17"": 264, ""C18"": 290, ""C19"": 263, ""C20"": 278}","{""C01"": 0.02596110934556424, ""C02"": 0.02596110934556424, ""C03"": 0.02596110934556424, ""C04"": 0.02596110934556424, ""C05"": 0.02596110934556424, ""C06"": 0.02596110934556424, ""C07"": 0.02596110934556424, ""C08"": 0.02596110934556424, ""C09"": 0.02596110934556424, ""C10"": 0.02596110934556424, ""C11"": 0.02596110934556424, ""C12"": 0.02596110934556424, ""C13"": 0.02596110934556424, ""C14"": 0.02596110934556424, ""C15"": 0.02596110934556424, ""C16"": 0.02596110934556424, ""C17"": 0.025808224192055102, ""C18"": 0.025793203234633497, ""C19"": 0.02580880227373035, ""C20"": 0.025800125368222772}"
82,82,1,82,0.525150,20,"{""C01"": 1.5896, ""C02"": 1.631259, ""C03"": 1.641535, ""C04"": 1.657477, ""C05"": 3.159632, ""C06"": 3.142995, ""C07"": 3.158788, ""C08"": 3.19376, ""C09"": 3.201189, ""C10"": 3.200031, ""C11"": 3.17764, ""C12"": 3.232178, ""C13"": 3.217762, ""C14"": 3.238802, ""C15"": 3.232546, ""C16"": 3.289485, ""C17"": 7.301711, ""C18"": 7.363307, ""C19"": 7.283065, ""C20"": 7.317354}","{""C01"": 0, ""C02"": 0, ""C03"": 0, ""C04"": 0, ""C05"": 0, ""C06"": 0, ""C07"": 0, ""C08"": 0, ""C09"": 0, ""C10"": 0, ""C11"": 0, ""C12"": 0, ""C13"": 0, ""C14"": 0, ""C15"": 0, ""C16"": 0, ""C17"": 267, ""C18"": 290, ""C19"": 261, ""C20"": 277}","{""C01"": 0.025961396989553492, ""C02"": 0.025961396989553492, ""C03"": 0.025961396989553492, ""C04"": 0.025961396989553492, ""C05"": 0.025961396989553492, ""C06"": 0.025961396989553492, ""C07"": 0.025961396989553492, ""C08"": 0.025961396989553492, ""C09"": 0.025961396989553492, ""C10"": 0.025961396989553492, ""C11"": 0.025961396989553492, ""C12"": 0.025961396989553492, ""C13"": 0.025961396989553492, ""C14"": 0.025961396989553492, ""C15"": 0.025961396989553492, ""C16"": 0.025961396989553492, ""C17"": 0.025806776422463082, ""C18"": 0.025793487408075483, ""C19"": 0.025810247769202717, ""C20"": 0.025800989973324417}"
83,83,1,334,2.127865,20,"{""C01"": 1.609196, ""C02"": 1.631259, ""C03"": 1.641535, ""C04"": 1.657477, ""C05"": 3.159632, ""C06"": 3.142995, ""C07"": 3.15894, ""C08"": 3.19376, ""C09"": 3.201189, ""C10"": 3.200031, ""C11"": 3.218872, ""C12"": 3.232178, ""C13"": 3.217762, ""C14"": 3.238802, ""C15"": 3.29657, ""C16"": 3.289485, ""C17"": 7.301711, ""C18"": 7.363307, ""C19"": 7.42029, ""C20"": 7.358235}","{""C01"": 0, ""C02"": 0, ""C03"": 0, ""C04"": 0, ""C05"": 0, ""C06"": 0, ""C07"": 0, ""C08"": 0, ""C09"": 0, ""C10"": 0, ""C11"": 0, ""C12"": 0, ""C13"": 0, ""C14"": 0, ""C15"": 0, ""C16"": 0, ""C17"": 0, ""C18"": 277, ""C19"": 541, ""C20"": 272}","{""C01"": 0.025964788899765986, ""C02"": 0.025964788899765986, ""C03"": 0.025964788899765986, ""C04"": 0.025964788899765986, ""C05"": 0.025964788899765986, ""C06"": 0.025964788899765986, ""C07"": 0.025964788899765986, ""C08"": 0.025964788899765986, ""C09"": 0.025964788899765986, ""C10"": 0.025964788899765986, ""C11"": 0.025964788899765986, ""C12"": 0.025964788899765986, ""C13"": 0.025964788899765986, ""C14"": 0.025964788899765986, ""C15"": 0.025964788899765986, ""C16"": 0.025964788899765986, ""C17"": 0.025964788899765986, ""C18"": 0.025804378115768592, ""C19"": 0.025651519889744012, ""C20"": 0.02580727250893948}"
84,84,1,327,2.095394,20,"{""C01"": 1.609196, ""C02"": 1.631259, ""C03"": 1.641535, ""C04"": 1.67772, ""C05"": 3.159632, ""C06"": 3.142995, ""C07"": 3.15894, ""C08"": 3.19376, ""C09"": 3.201189, ""C10"": 3.200031, ""C11"": 3.218872, ""C12"": 3.232178, ""C13"": 3.217762, ""C14"": 3.238802, ""C15"": 3.29657, ""C16"": 3.289485, ""C17"": 7.301711, ""C18"": 7.441576, ""C19"": 7.42029, ""C20"": 7.358235}","{""C01"": 0, ""C02"": 0, ""C03"": 0, ""C04"": 0, ""C05"": 0, ""C06"": 0, ""C07"": 0, ""C08"": 0, ""C09"": 0, ""C10"": 0, ""C11"": 0, ""C12"": 0, ""C13"": 0, ""C14"": 0, ""C15"": 0, ""C16"": 0, ""C17"": 0, ""C18"": 537, ""C19"": 286, ""C20"": 265}","{""C01"": 0.025965800019230767, ""C02"": 0.025965800019230767, ""C03"": 0.025965800019230767, ""C04"": 0.025965800019230767, ""C05"": 0.025965800019230767, ""C06"": 0.025965800019230767, ""C07"": 0.025965800019230767, ""C08"": 0.025965800019230767, ""C09"": 0.025965800019230767, ""C10"": 0.025965800019230767, ""C11"": 0.025965800019230767, ""C12"": 0.025965800019230767, ""C13"": 0.025965800019230767, ""C14"": 0.025965800019230767, ""C15"": 0.025965800019230767, ""C16"": 0.025965800019230767, ""C17"": 0.025965800019230767, ""C18"": 0.02565485018767537, ""C19"": 0.025800194587473724, ""C20"": 0.025812334375305935}"
85,85,1,850,5.480110,20,"{""C01"": 1.609196, ""C02"": 1.631259, ""C03"": 1.641535, ""C04"": 1.67772, ""C05"": 3.159632, ""C06"": 3.142995, ""C07"": 3.15894, ""C08"": 3.19376, ""C09"": 3.201189, ""C10"": 3.200031, ""C11"": 3.218872, ""C12"": 3.232178, ""C13"": 3.217762, ""C14"": 3.238802, ""C15"": 3.29657, ""C16"": 3.289485, ""C17"": 7.355069, ""C18"": 7.441576, ""C19"": 7.42029, ""C20"": 7.569769}","{""C01"": 0, ""C02"": 0, ""C03"": 0, ""C04"": 0, ""C05"": 0, ""C06"": 0, ""C07"": 0, ""C08"": 0, ""C09"": 0, ""C10"": 0, ""C11"": 0, ""C12"": 0, ""C13"": 0, ""C14"": 0, ""C15"": 0, ""C16"": 0, ""C17"": 0, ""C18"": 0, ""C19"": 0, ""C20"": 1078}","{""C01"": 0.025972989727621534, ""C02"": 0.025972989727621534, ""C03"": 0.025972989727621534, ""C04"": 0.025972989727621534, ""C05"": 0.025972989727621534, ""C06"": 0.025972989727621534, ""C07"": 0.025972989727621534, ""C08"": 0.025972989727621534, ""C09"": 0.025972989727621534, ""C10"": 0.025972989727621534, ""C11"": 0.025972989727621534, ""C12"": 0.025972989727621534, ""C13"": 0.025972989727621534, ""C14"": 0.025972989727621534, ""C15"": 0.025972989727621534, ""C16"": 0.025972989727621534, ""C17"": 0.025972989727621534, ""C18"": 0.025972989727621534, ""C19"": 0.025972989727621534, ""C20"": 0.02534873877800966}"
86,86,1,567,3.641035,20,"{""C01"": 1.609196, ""C02"": 1.631259, ""C03"": 1.641535, ""C04"": 1.67772, ""C05"": 3.159632, ""C06"": 3.142995, ""C07"": 3.15894, ""C08"": 3.19376, ""C09"": 3.286608, ""C10"": 3.200031, ""C11"": 3.218872, ""C12"": 3.232178, ""C13"": 3.2775, ""C14"": 3.284927, ""C15"": 3.29657, ""C16"": 3.289485, ""C17"": 7.355069, ""C18"": 7.441576, ""C19"": 7.520848, ""C20"": 7.569769}","{""C01"": 0, ""C02"": 0, ""C03"": 0, ""C04"": 0, ""C05"": 0, ""C06"": 0, ""C07"": 0, ""C08"": 0, ""C09"": 0, ""C10"": 0, ""C11"": 0, ""C12"": 0, ""C13"": 0, ""C14"": 0, ""C15"": 0, ""C16"": 0, ""C17"": 0, ""C18"": 0, ""C19"": 289, ""C20"": 791}","{""C01"": 0.025973067368912264, ""C02"": 0.025973067368912264, ""C03"": 0.025973067368912264, ""C04"": 0.025973067368912264, ""C05"": 0.025973067368912264, ""C06"": 0.025973067368912264, ""C07"": 0.025973067368912264, ""C08"": 0.025973067368912264, ""C09"": 0.025973067368912264, ""C10"": 0.025973067368912264, ""C11"": 0.025973067368912264, ""C12"": 0.025973067368912264, ""C13"": 0.025973067368912264, ""C14"": 0.025973067368912264, ""C15"": 0.025973067368912264, ""C16"": 0.025973067368912264, ""C17"": 0.025973067368912264, ""C18"": 0.025973067368912264, ""C19"": 0.025805712150708503, ""C20"": 0.02551502239099664}"
87,87,1,844,5.360823,20,"{""C01"": 1.609196, ""C02"": 1.631259, ""C03"": 1.641535, ""C04"": 1.67772, ""C05"": 3.194562, ""C06"": 3.220685, ""C07"": 3.15894, ""C08"": 3.19376, ""C09"": 3.286608, ""C10"": 3.200031, ""C11"": 3.218872, ""C12"": 3.232178, ""C13"": 3.2775, ""C14"": 3.284927, ""C15"": 3.29657, ""C16"": 3.328304, ""C17"": 7.467375, ""C18"": 7.441576, ""C19"": 7.520848, ""C20"": 7.569769}","{""C01"": 0, ""C02"": 0, ""C03"": 0, ""C04"": 0, ""C05"": 0, ""C06"": 0, ""C07"": 0, ""C08"": 0, ""C09"": 0, ""C10"": 0, ""C11"": 0, ""C12"": 0, ""C13"": 0, ""C14"": 0, ""C15"": 0, ""C16"": 0, ""C17"": 0, ""C18"": 0, ""C19"": 281, ""C20"": 799}","{""C01"": 0.025973097709871468, ""C02"": 0.025973097709871468, ""C03"": 0.025973097709871468, ""C04"": 0.025973097709871468, ""C05"": 0.025973097709871468, ""C06"": 0.025973097709871468, ""C07"": 0.025973097709871468, ""C08"": 0.025973097709871468, ""C09"": 0.025973097709871468, ""C10"": 0.025973097709871468, ""C11"": 0.025973097709871468, ""C12"": 0.025973097709871468, ""C13"": 0.025973097709871468, ""C14"": 0.025973097709871468, ""C15"": 0.025973097709871468, ""C16"": 0.025973097709871468, ""C17"": 0.025973097709871468, ""C18"": 0.025973097709871468, ""C19"": 0.025810374858882334, ""C20"": 0.025510419417102356}"
88,88,1,846,5.384616,20,"{""C01"": 1.609196, ""C02"": 1.631259, ""C03"": 1.641535, ""C04"": 1.67772, ""C05"": 3.194562, ""C06"": 3.220685, ""C07"": 3.15894, ""C08"": 3.19376, ""C09"": 3.286608, ""C10"": 3.23345, ""C11"": 3.3142, ""C12"": 3.303477, ""C13"": 3.2775, ""C14"": 3.284927, ""C15"": 3.29657, ""C16"": 3.328304, ""C17"": 7.467375, ""C18"": 7.441576, ""C19"": 7.520848, ""C20"": 7.569769}","{""C01"": 0, ""C02"": 0, ""C03"": 0, ""C04"": 0, ""C05"": 0, ""C06"": 0, ""C07"": 0, ""C08"": 0, ""C09"": 0, ""C10"": 0, ""C11"": 0, ""C12"": 0, ""C13"": 0, ""C14"": 0, ""C15"": 0, ""C16"": 0, ""C17"": 0, ""C18"": 0, ""C19"": 281, ""C20"": 799}","{""C01"": 0.025973097709871468, ""C02"": 0.025973097709871468, ""C03"": 0.025973097709871468, ""C04"": 0.025973097709871468, ""C05"": 0.025973097709871468, ""C06"": 0.025973097709871468, ""C07"": 0.025973097709871468, ""C08"": 0.025973097709871468, ""C09"": 0.025973097709871468, ""C10"": 0.025973097709871468, ""C11"": 0.025973097709871468, ""C12"": 0.025973097709871468, ""C13"": 0.025973097709871468, ""C14"": 0.025973097709871468, ""C15"": 0.025973097709871468, ""C16"": 0.025973097709871468, ""C17"": 0.025973097709871468, ""C18"": 0.025973097709871468, ""C19"": 0.025810374858882334, ""C20"": 0.025510419417102356}"
89,89,1,579,3.616893,20,"{""C01"": 1.609196, ""C02"": 1.631259, ""C03"": 1.641535, ""C04"": 1.67772, ""C05"": 3.194562, ""C06"": 3.220685, ""C07"": 3.15894, ""C08"": 3.19376, ""C09"": 3.286608, ""C10"": 3.23345, ""C11"": 3.3142, ""C12"": 3.303477, ""C13"": 3.2775, ""C14"": 3.284927, ""C15"": 3.29657, ""C16"": 3.328304, ""C17"": 7.467375, ""C18"": 7.549216, ""C19"": 7.520848, ""C20"": 7.569769}","{""C01"": 0, ""C02"": 0, ""C03"": 0, ""C04"": 0, ""C05"": 0, ""C06"": 0, ""C07"": 0, ""C08"": 0, ""C09"": 0, ""C10"": 0, ""C11"": 0, ""C12"": 0, ""C13"": 0, ""C14"": 0, ""C15"": 0, ""C16"": 0, ""C17"": 0, ""C18"": 279, ""C19"": 269, ""C20"": 533}","{""C01"": 0.025973285470081348, ""C02"": 0.025973285470081348, ""C03"": 0.025973285470081348, ""C04"": 0.025973285470081348, ""C05"": 0.025973285470081348, ""C06"": 0.025973285470081348, ""C07"": 0.025973285470081348, ""C08"": 0.025973285470081348, ""C09"": 0.025973285470081348, ""C10"": 0.025973285470081348, ""C11"": 0.025973285470081348, ""C12"": 0.025973285470081348, ""C13"": 0.025973285470081348, ""C14"": 0.025973285470081348, ""C15"": 0.025973285470081348, ""C16"": 0.025973285470081348, ""C17"": 0.025973285470081348, ""C18"": 0.025811733100522427, ""C19"": 0.025817511022124463, ""C20"": 0.025664650326936413}"
90,90,1,79,0.479195,20,"{""C01"": 1.609196, ""C02"": 1.631259, ""C03"": 1.641535, ""C04"": 1.67772, ""C05"": 3.194562, ""C06"": 3.220685, ""C07"": 3.15894, ""C08"": 3.229081, ""C09"": 3.286608, ""C10"": 3.23345, ""C11"": 3.3142, ""C12"": 3.303477, ""C13"": 3.2775, ""C14"": 3.284927, ""C15"": 3.29657, ""C16"": 3.328304, ""C17"": 7.492875, ""C18"": 7.549216, ""C19"": 7.520848, ""C20"": 7.569769}","{""C01"": 0, ""C02"": 0, ""C03"": 0, ""C04"": 0, ""C05"": 0, ""C06"": 0, ""C07"": 0, ""C08"": 0, ""C09"": 0, ""C10"": 0, ""C11"": 0, ""C12"": 0, ""C13"": 0, ""C14"": 0, ""C15"": 0, ""C16"": 0, ""C17"": 257, ""C18"": 278, ""C19"": 266, ""C20"": 282}","{""C01"": 0.025972940126235244, ""C02"": 0.025972940126235244, ""C03"": 0.025972940126235244, ""C04"": 0.025972940126235244, ""C05"": 0.025972940126235244, ""C06"": 0.025972940126235244, ""C07"": 0.025972940126235244, ""C08"": 0.025972940126235244, ""C09"": 0.025972940126235244, ""C10"": 0.025972940126235244, ""C11"": 0.025972940126235244, ""C12"": 0.025972940126235244, ""C13"": 0.025972940126235244, ""C14"": 0.025972940126235244, ""C15"": 0.025972940126235244, ""C16"": 0.025972940126235244, ""C17"": 0.025824109109398197, ""C18"": 0.02581197054003273, ""C19"": 0.025818905485313518, ""C20"": 0.025809667850478946}"
91,91,1,329,1.995637,20,"{""C01"": 1.609196, ""C02"": 1.631259, ""C03"": 1.641535, ""C04"": 1.67772, ""C05"": 3.194562, ""C06"": 3.220685, ""C07"": 3.230763, ""C08"": 3.229081, ""C09"": 3.286608, ""C10"": 3.23345, ""C11"": 3.3142, ""C12"": 3.303477, ""C13"": 3.321531, ""C14"": 3.329005, ""C15"": 3.355784, ""C16"": 3.328304, ""C17"": 7.492875, ""C18"": 7.549216, ""C19"": 7.628647, ""C20"": 7.576168}","{""C01"": 0, ""C02"": 0, ""C03"": 0, ""C04"": 0, ""C05"": 0, ""C06"": 0, ""C07"": 0, ""C08"": 0, ""C09"": 0, ""C10"": 0, ""C11"": 0, ""C12"": 0, ""C13"": 0, ""C14"": 0, ""C15"": 0, ""C16"": 0, ""C17"": 0, ""C18"": 264, ""C19"": 536, ""C20"": 280}","{""C01"": 0.025976316064911728, ""C02"": 0.025976316064911728, ""C03"": 0.025976316064911728, ""C04"": 0.025976316064911728, ""C05"": 0.025976316064911728, ""C06"": 0.025976316064911728, ""C07"": 0.025976316064911728, ""C08"": 0.025976316064911728, ""C09"": 0.025976316064911728, ""C10"": 0.025976316064911728, ""C11"": 0.025976316064911728, ""C12"": 0.025976316064911728, ""C13"": 0.025976316064911728, ""C14"": 0.025976316064911728, ""C15"": 0.025976316064911728, ""C16"": 0.025976316064911728, ""C17"": 0.025976316064911728, ""C18"": 0.02582343077541849, ""C19"": 0.025665947041638743, ""C20"": 0.025814171907503174}"
92,92,1,80,0.480712,20,"{""C01"": 1.609196, ""C02"": 1.631259, ""C03"": 1.641535, ""C04"": 1.67772, ""C05"": 3.266127, ""C06"": 3.270221, ""C07"": 3.230763, ""C08"": 3.229081, ""C09"": 3.286608, ""C10"": 3.23345, ""C11"": 3.3142, ""C12"": 3.303477, ""C13"": 3.321531, ""C14"": 3.329005, ""C15"": 3.355784, ""C16"": 3.392869, ""C17"": 7.620688, ""C18"": 7.549216, ""C19"": 7.628647, ""C20"": 7.576168}","{""C01"": 0, ""C02"": 0, ""C03"": 0, ""C04"": 0, ""C05"": 0, ""C06"": 0, ""C07"": 0, ""C08"": 0, ""C09"": 0, ""C10"": 0, ""C11"": 0, ""C12"": 0, ""C13"": 0, ""C14"": 0, ""C15"": 0, ""C16"": 0, ""C17"": 282, ""C18"": 255, ""C19"": 282, ""C20"": 262}","{""C01"": 0.025976857686613716, ""C02"": 0.025976857686613716, ""C03"": 0.025976857686613716, ""C04"": 0.025976857686613716, ""C05"": 0.025976857686613716, ""C06"": 0.025976857686613716, ""C07"": 0.025976857686613716, ""C08"": 0.025976857686613716, ""C09"": 0.025976857686613716, ""C10"": 0.025976857686613716, ""C11"": 0.025976857686613716, ""C12"": 0.025976857686613716, ""C13"": 0.025976857686613716, ""C14"": 0.025976857686613716, ""C15"": 0.025976857686613716, ""C16"": 0.025976857686613716, ""C17"": 0.025813572877540474, ""C18"": 0.025829183165541107, ""C19"": 0.025813577717379212, ""C20"": 0.02582513440404698}"
93,93,1,325,1.989603,20,"{""C01"": 1.609196, ""C02"": 1.631259, ""C03"": 1.641535, ""C04"": 1.67772, ""C05"": 3.266127, ""C06"": 3.270221, ""C07"": 3.230763, ""C08"": 3.229081, ""C09"": 3.286608, ""C10"": 3.301054, ""C11"": 3.3142, ""C12"": 3.3652, ""C13"": 3.321531, ""C14"": 3.329005, ""C15"": 3.355784, ""C16"": 3.392869, ""C17"": 7.620688, ""C18"": 7.549216, ""C19"": 7.628647, ""C20"": 7.719617}","{""C01"": 0, ""C02"": 0, ""C03"": 0, ""C04"": 0, ""C05"": 0, ""C06"": 0, ""C07"": 0, ""C08"": 0, ""C09"": 0, ""C10"": 0, ""C11"": 0, ""C12"": 0, ""C13"": 0, ""C14"": 0, ""C15"": 0, ""C16"": 0, ""C17"": 265, ""C18"": 0, ""C19"": 273, ""C20"": 540}","{""C01"": 0.025981472456164292, ""C02"": 0.025981472456164292, ""C03"": 0.025981472456164292, ""C04"": 0.025981472456164292, ""C05"": 0.025981472456164292, ""C06"": 0.025981472456164292, ""C07"": 0.025981472456164292, ""C08"": 0.025981472456164292, ""C09"": 0.025981472456164292, ""C10"": 0.025981472456164292, ""C11"": 0.025981472456164292, ""C12"": 0.025981472456164292, ""C13"": 0.025981472456164292, ""C14"": 0.025981472456164292, ""C15"": 0.025981472456164292, ""C16"": 0.025981472456164292, ""C17"": 0.025828006138955643, ""C18"": 0.025981472456164292, ""C19"": 0.025823373614550293, ""C20"": 0.0256687857437787}"
94,94,1,83,0.515758,20,"{""C01"": 1.609196, ""C02"": 1.631259, ""C03"": 1.641535, ""C04"": 1.67772, ""C05"": 3.266127, ""C06"": 3.270221, ""C07"": 3.230763, ""C08"": 3.229081, ""C09"": 3.286608, ""C10"": 3.301054, ""C11"": 3.3142, ""C12"": 3.3652, ""C13"": 3.321531, ""C14"": 3.329005, ""C15"": 3.355784, ""C16"": 3.392869, ""C17"": 7.620688, ""C18"": 7.651277, ""C19"": 7.628647, ""C20"": 7.719617}","{""C01"": 0, ""C02"": 0, ""C03"": 0, ""C04"": 0, ""C05"": 0, ""C06"": 0, ""C07"": 0, ""C08"": 0, ""C09"": 0, ""C10"": 0, ""C11"": 0, ""C12"": 0, ""C13"": 0, ""C14"": 0, ""C15"": 0, ""C16"": 0, ""C17"": 258, ""C18"": 272, ""C19"": 258, ""C20"": 292}","{""C01"": 0.025981389419094447, ""C02"": 0.025981389419094447, ""C03"": 0.025981389419094447, ""C04"": 0.025981389419094447, ""C05"": 0.025981389419094447, ""C06"": 0.025981389419094447, ""C07"": 0.025981389419094447, ""C08"": 0.025981389419094447, ""C09"": 0.025981389419094447, ""C10"": 0.025981389419094447, ""C11"": 0.025981389419094447, ""C12"": 0.025981389419094447, ""C13"": 0.025981389419094447, ""C14"": 0.025981389419094447, ""C15"": 0.025981389419094447, ""C16"": 0.025981389419094447, ""C17"": 0.02583197692913282, ""C18"": 0.025823873658303922, ""C19"": 0.025831977462912104, ""C20"": 0.025812325032450314}"
95,95,1,83,0.516328,20,"{""C01"": 1.609196, ""C02"": 1.631259, ""C03"": 1.641535, ""C04"": 1.67772, ""C05"": 3.266127, ""C06"": 3.270221, ""C07"": 3.230763, ""C08"": 3.321144, ""C09"": 3.286608, ""C10"": 3.301054, ""C11"": 3.3142, ""C12"": 3.3652, ""C13"": 3.321531, ""C14"": 3.329005, ""C15"": 3.355784, ""C16"": 3.392869, ""C17"": 7.620688, ""C18"": 7.651277, ""C19"": 7.628647, ""C20"": 7.719617}","{""C01"": 0, ""C02"": 0, ""C03"": 0, ""C04"": 0, ""C05"": 0, ""C06"": 0, ""C07"": 0, ""C08"": 0, ""C09"": 0, ""C10"": 0, ""C11"": 0, ""C12"": 0, ""C13"": 0, ""C14"": 0, ""C15"": 0, ""C16"": 0, ""C17"": 258, ""C18"": 271, ""C19"": 258, ""C20"": 293}","{""C01"": 0.02598139461531082, ""C02"": 0.02598139461531082, ""C03"": 0.02598139461531082, ""C04"": 0.02598139461531082, ""C05"": 0.02598139461531082, ""C06"": 0.02598139461531082, ""C07"": 0.02598139461531082, ""C08"": 0.02598139461531082, ""C09"": 0.02598139461531082, ""C10"": 0.02598139461531082, ""C11"": 0.02598139461531082, ""C12"": 0.02598139461531082, ""C13"": 0.02598139461531082, ""C14"": 0.02598139461531082, ""C15"": 0.02598139461531082, ""C16"": 0.02598139461531082, ""C17"": 0.025831982125349193, ""C18"": 0.025824457951514137, ""C19"": 0.02583198265207183, ""C20"": 0.02581175104680869}"
96,96,1,80,0.500404,20,"{""C01"": 1.63811, ""C02"": 1.631259, ""C03"": 1.641535, ""C04"": 1.67772, ""C05"": 3.266127, ""C06"": 3.270221, ""C07"": 3.288987, ""C08"": 3.321144, ""C09"": 3.286608, ""C10"": 3.301054, ""C11"": 3.3142, ""C12"": 3.3652, ""C13"": 3.321531, ""C14"": 3.329005, ""C15"": 3.355784, ""C16"": 3.392869, ""C17"": 7.620688, ""C18"": 7.651277, ""C19"": 7.714462, ""C20"": 7.719617}","{""C01"": 0, ""C02"": 0, ""C03"": 0, ""C04"": 0, ""C05"": 0, ""C06"": 0, ""C07"": 0, ""C08"": 0, ""C09"": 0, ""C10"": 0, ""C11"": 0, ""C12"": 0, ""C13"": 0, ""C14"": 0, ""C15"": 0, ""C16"": 0, ""C17"": 252, ""C18"": 259, ""C19"": 283, ""C20"": 283}","{""C01"": 0.025981414855011653, ""C02"": 0.025981414855011653, ""C03"": 0.025981414855011653, ""C04"": 0.025981414855011653, ""C05"": 0.025981414855011653, ""C06"": 0.025981414855011653, ""C07"": 0.025981414855011653, ""C08"": 0.025981414855011653, ""C09"": 0.025981414855011653, ""C10"": 0.025981414855011653, ""C11"": 0.025981414855011653, ""C12"": 0.025981414855011653, ""C13"": 0.025981414855011653, ""C14"": 0.025981414855011653, ""C15"": 0.025981414855011653, ""C16"": 0.025981414855011653, ""C17"": 0.025835477074118898, ""C18"": 0.025831427526840055, ""C19"": 0.02581755873602623, ""C20"": 0.025817562220257384}"
97,97,1,80,0.497260,20,"{""C01"": 1.63811, ""C02"": 1.631259, ""C03"": 1.641535, ""C04"": 1.67772, ""C05"": 3.266127, ""C06"": 3.270221, ""C07"": 3.288987, ""C08"": 3.321144, ""C09"": 3.286608, ""C10"": 3.301054, ""C11"": 3.3142, ""C12"": 3.3652, ""C13"": 3.321531, ""C14"": 3.329005, ""C15"": 3.355784, ""C16"": 3.392869, ""C17"": 7.620688, ""C18"": 7.651277, ""C19"": 7.714462, ""C20"": 7.719617}","{""C01"": 0, ""C02"": 0, ""C03"": 0, ""C04"": 0, ""C05"": 0, ""C06"": 0, ""C07"": 0, ""C08"": 0, ""C09"": 0, ""C10"": 0, ""C11"": 0, ""C12"": 0, ""C13"": 0, ""C14"": 0, ""C15"": 0, ""C16"": 0, ""C17"": 252, ""C18"": 259, ""C19"": 283, ""C20"": 283}","{""C01"": 0.025981414855011653, ""C02"": 0.025981414855011653, ""C03"": 0.025981414855011653, ""C04"": 0.025981414855011653, ""C05"": 0.025981414855011653, ""C06"": 0.025981414855011653, ""C07"": 0.025981414855011653, ""C08"": 0.025981414855011653, ""C09"": 0.025981414855011653, ""C10"": 0.025981414855011653, ""C11"": 0.025981414855011653, ""C12"": 0.025981414855011653, ""C13"": 0.025981414855011653, ""C14"": 0.025981414855011653, ""C15"": 0.025981414855011653, ""C16"": 0.025981414855011653, ""C17"": 0.025835477074118898, ""C18"": 0.025831427526840055, ""C19"": 0.02581755873602623, ""C20"": 0.025817562220257384}"
98,98,1,581,3.611090,20,"{""C01"": 1.63811, ""C02"": 1.631259, ""C03"": 1.641535, ""C04"": 1.67772, ""C05"": 3.266127, ""C06"": 3.270221, ""C07"": 3.288987, ""C08"": 3.321144, ""C09"": 3.286608, ""C10"": 3.301054, ""C11"": 3.3142, ""C12"": 3.3652, ""C13"": 3.321531, ""C14"": 3.329005, ""C15"": 3.355784, ""C16"": 3.392869, ""C17"": 7.620688, ""C18"": 7.651277, ""C19"": 7.714462, ""C20"": 7.786321}","{""C01"": 0, ""C02"": 0, ""C03"": 0, ""C04"": 0, ""C05"": 0, ""C06"": 0, ""C07"": 0, ""C08"": 0, ""C09"": 0, ""C10"": 0, ""C11"": 0, ""C12"": 0, ""C13"": 0, ""C14"": 0, ""C15"": 0, ""C16"": 0, ""C17"": 0, ""C18"": 0, ""C19"": 278, ""C20"": 793}","{""C01"": 0.025985141847129578, ""C02"": 0.025985141847129578, ""C03"": 0.025985141847129578, ""C04"": 0.025985141847129578, ""C05"": 0.025985141847129578, ""C06"": 0.025985141847129578, ""C07"": 0.025985141847129578, ""C08"": 0.025985141847129578, ""C09"": 0.025985141847129578, ""C10"": 0.025985141847129578, ""C11"": 0.025985141847129578, ""C12"": 0.025985141847129578, ""C13"": 0.025985141847129578, ""C14"": 0.025985141847129578, ""C15"": 0.025985141847129578, ""C16"": 0.025985141847129578, ""C17"": 0.025985141847129578, ""C18"": 0.025985141847129578, ""C19"": 0.02582415002450064, ""C20"": 0.02552593809411707}"
99,99,1,580,3.604824,20,"{""C01"": 1.63811, ""C02"": 1.631259, ""C03"": 1.641535, ""C04"": 1.67772, ""C05"": 3.266127, ""C06"": 3.270221, ""C07"": 3.288987, ""C08"": 3.321144, ""C09"": 3.286608, ""C10"": 3.301054, ""C11"": 3.3142, ""C12"": 3.3652, ""C13"": 3.355773, ""C14"": 3.329005, ""C15"": 3.355784, ""C16"": 3.392869, ""C17"": 7.620688, ""C18"": 7.651277, ""C19"": 7.714462, ""C20"": 7.786321}","{""C01"": 0, ""C02"": 0, ""C03"": 0, ""C04"": 0, ""C05"": 0, ""C06"": 0, ""C07"": 0, ""C08"": 0, ""C09"": 0, ""C10"": 0, ""C11"": 0, ""C12"": 0, ""C13"": 0, ""C14"": 0, ""C15"": 0, ""C16"": 0, ""C17"": 0, ""C18"": 0, ""C19"": 279, ""C20"": 792}","{""C01"": 0.025985136431193254, ""C02"": 0.025985136431193254, ""C03"": 0.025985136431193254, ""C04"": 0.025985136431193254, ""C05"": 0.025985136431193254, ""C06"": 0.025985136431193254, ""C07"": 0.025985136431193254, ""C08"": 0.025985136431193254, ""C09"": 0.025985136431193254, ""C10"": 0.025985136431193254, ""C11"": 0.025985136431193254, ""C12"": 0.025985136431193254, ""C13"": 0.025985136431193254, ""C14"": 0.025985136431193254, ""C15"": 0.025985136431193254, ""C16"": 0.025985136431193254, ""C17"": 0.025985136431193254, ""C18"": 0.025985136431193254, ""C19"": 0.025823565505156895, ""C20"": 0.025526511862908406}"
100,100,1,581,3.609567,20,"{""C01"": 1.63811, ""C02"": 1.631259, ""C03"": 1.649652, ""C04"": 1.67772, ""C05"": 3.266127, ""C06"": 3.270221, ""C07"": 3.288987, ""C08"": 3.321144, ""C09"": 3.286608, ""C10"": 3.301054, ""C11"": 3.3142, ""C12"": 3.3652, ""C13"": 3.355773, ""C14"": 3.329005, ""C15"": 3.355784, ""C16"": 3.401527, ""C17"": 7.637774, ""C18"": 7.651277, ""C19"": 7.714462, ""C20"": 7.786321}","{""C01"": 0, ""C02"": 0, ""C03"": 0, ""C04"": 0, ""C05"": 0, ""C06"": 0, ""C07"": 0, ""C08"": 0, ""C09"": 0, ""C10"": 0, ""C11"": 0, ""C12"": 0, ""C13"": 0, ""C14"": 0, ""C15"": 0, ""C16"": 0, ""C17"": 0, ""C18"": 0, ""C19"": 279, ""C20"": 792}","{""C01"": 0.025985136431193254, ""C02"": 0.025985136431193254, ""C03"": 0.025985136431193254, ""C04"": 0.025985136431193254, ""C05"": 0.025985136431193254, ""C06"": 0.025985136431193254, ""C07"": 0.025985136431193254, ""C08"": 0.025985136431193254, ""C09"": 0.025985136431193254, ""C10"": 0.025985136431193254, ""C11"": 0.025985136431193254, ""C12"": 0.025985136431193254, ""C13"": 0.025985136431193254, ""C14"": 0.025985136431193254, ""C15"": 0.025985136431193254, ""C16"": 0.025985136431193254, ""C17"": 0.025985136431193254, ""C18"": 0.025985136431193254, ""C19"": 0.025823565505156895, ""C20"": 0.025526511862908406}"
