game_id,iter_idx,converged,rounds,duration_sec,player_count,quality_scores_json,final_datasizes_json,final_payoffs_json
1,1,0,2000,21.780939,25,"{""C01"": 1.0, ""C02"": 1.0, ""C03"": 1.0, ""C04"": 1.0, ""C05"": 1.0, ""C06"": 1.0, ""C07"": 1.0, ""C08"": 1.0, ""C09"": 1.0, ""C10"": 1.0, ""C11"": 1.0, ""C12"": 1.0, ""C13"": 1.0, ""C14"": 1.0, ""C15"": 1.0, ""C16"": 1.0, ""C17"": 1.0, ""C18"": 1.0, ""C19"": 1.0, ""C20"": 1.0, ""C21"": 1.0, ""C22"": 1.0, ""C23"": 1.0, ""C24"": 1.0, ""C25"": 1.0}","{""C01"": 77, ""C02"": 77, ""C03"": 77, ""C04"": 77, ""C05"": 77, ""C06"": 77, ""C07"": 77, ""C08"": 77, ""C09"": 77, ""C10"": 77, ""C11"": 77, ""C12"": 77, ""C13"": 77, ""C14"": 77, ""C15"": 77, ""C16"": 77, ""C17"": 77, ""C18"": 77, ""C19"": 77, ""C20"": 77, ""C21"": 77, ""C22"": 77, ""C23"": 77, ""C24"": 77, ""C25"": 77}","{""C01"": 0.0247542749916273, ""C02"": 0.0247542749916273, ""C03"": 0.0247542749916273, ""C04"": 0.0247542749916273, ""C05"": 0.0247542749916273, ""C06"": 0.0247542749916273, ""C07"": 0.0247542749916273, ""C08"": 0.0247542749916273, ""C09"": 0.0247542749916273, ""C10"": 0.0247542749916273, ""C11"": 0.0247542749916273, ""C12"": 0.0247542749916273, ""C13"": 0.0247542749916273, ""C14"": 0.0247542749916273, ""C15"": 0.0247542749916273, ""C16"": 0.0247542749916273, ""C17"": 0.0247542749916273, ""C18"": 0.0247542749916273, ""C19"": 0.0247542749916273, ""C20"": 0.0247542749916273, ""C21"": 0.0247542749916273, ""C22"": 0.0247542749916273, ""C23"": 0.0247542749916273, ""C24"": 0.0247542749916273, ""C25"": 0.0247542749916273}"
2,2,1,131,1.221363,25,"{""C01"": 1.002828, ""C02"": 1.002929, ""C03"": 1.00303, ""C04"": 1.003131, ""C05"": 1.003232, ""C06"": 1.019798, ""C07"": 1.019899, ""C08"": 1.02, ""C09"": 1.020101, ""C10"": 1.020202, ""C11"": 1.020303, ""C12"": 1.020404, ""C13"": 1.020505, ""C14"": 1.020606, ""C15"": 1.020707, ""C16"": 1.019697, ""C17"": 1.020051, ""C18"": 1.020354, ""C19"": 1.019949, ""C20"": 1.020455, ""C21"": 1.063636, ""C22"": 1.064141, ""C23"": 1.064646, ""C24"": 1.065152, ""C25"": 1.065657}","{""C01"": 0, ""C02"": 0, ""C03"": 0, ""C04"": 0, ""C05"": 0, ""C06"": 0, ""C07"": 0, ""C08"": 0, ""C09"": 0, ""C10"": 0, ""C11"": 0, ""C12"": 0, ""C13"": 0, ""C14"": 0, ""C15"": 0, ""C16"": 0, ""C17"": 0, ""C18"": 0, ""C19"": 0, ""C20"": 0, ""C21"": 390, ""C22"": 400, ""C23"": 406, ""C24"": 409, ""C25"": 411}","{""C01"": 0.024800587978486083, ""C02"": 0.024800587978486083, ""C03"": 0.024800587978486083, ""C04"": 0.024800587978486083, ""C05"": 0.024800587978486083, ""C06"": 0.024800587978486083, ""C07"": 0.024800587978486083, ""C08"": 0.024800587978486083, ""C09"": 0.024800587978486083, ""C10"": 0.024800587978486083, ""C11"": 0.024800587978486083, ""C12"": 0.024800587978486083, ""C13"": 0.024800587978486083, ""C14"": 0.024800587978486083, ""C15"": 0.024800587978486083, ""C16"": 0.024800587978486083, ""C17"": 0.024800587978486083, ""C18"": 0.024800587978486083, ""C19"": 0.024800587978486083, ""C20"": 0.024800587978486083, ""C21"": 0.024574738503953916, ""C22"": 0.024568949047939003, ""C23"": 0.024565476197302094, ""C24"": 0.024563740769454966, ""C25"": 0.024562584797173784}"
3,3,1,93,0.869166,25,"{""C01"": 1.005657, ""C02"": 1.005859, ""C03"": 1.006061, ""C04"": 1.006263, ""C05"": 1.006465, ""C06"": 1.039596, ""C07"": 1.039798, ""C08"": 1.04, ""C09"": 1.040202, ""C10"": 1.040404, ""C11"": 1.040606, ""C12"": 1.040808, ""C13"": 1.04101, ""C14"": 1.041212, ""C15"": 1.041414, ""C16"": 1.039394, ""C17"": 1.040101, ""C18"": 1.040707, ""C19"": 1.039899, ""C20"": 1.040909, ""C21"": 1.127273, ""C22"": 1.128283, ""C23"": 1.129293, ""C24"": 1.130303, ""C25"": 1.131313}","{""C01"": 0, ""C02"": 0, ""C03"": 0, ""C04"": 0, ""C05"": 0, ""C06"": 0, ""C07"": 0, ""C08"": 0, ""C09"": 0, ""C10"": 0, ""C11"": 0, ""C12"": 0, ""C13"": 0, ""C14"": 0, ""C15"": 0, ""C16"": 0, ""C17"": 0, ""C18"": 0, ""C19"": 0, ""C20"": 0, ""C21"": 385, ""C22"": 390, ""C23"": 395, ""C24"": 402, ""C25"": 407}","{""C01"": 0.024847610613316085, ""C02"": 0.024847610613316085, ""C03"": 0.024847610613316085, ""C04"": 0.024847610613316085, ""C05"": 0.024847610613316085, ""C06"": 0.024847610613316085, ""C07"": 0.024847610613316085, ""C08"": 0.024847610613316085, ""C09"": 0.024847610613316085, ""C10"": 0.024847610613316085, ""C11"": 0.024847610613316085, ""C12"": 0.024847610613316085, ""C13"": 0.024847610613316085, ""C14"": 0.024847610613316085, ""C15"": 0.024847610613316085, ""C16"": 0.024847610613316085, ""C17"": 0.024847610613316085, ""C18"": 0.024847610613316085, ""C19"": 0.024847610613316085, ""C20"": 0.024847610613316085, ""C21"": 0.02462465505171278, ""C22"": 0.024621762501023506, ""C23"": 0.02461887038427639, ""C24"": 0.02461482063923521, ""C25"": 0.024611929736857698}"
4,4,1,84,0.741549,25,"{""C01"": 1.008485, ""C02"": 1.008788, ""C03"": 1.009091, ""C04"": 1.009394, ""C05"": 1.009697, ""C06"": 1.059394, ""C07"": 1.059697, ""C08"": 1.06, ""C09"": 1.060303, ""C10"": 1.060606, ""C11"": 1.060909, ""C12"": 1.061212, ""C13"": 1.061515, ""C14"": 1.061818, ""C15"": 1.062121, ""C16"": 1.059091, ""C17"": 1.060152, ""C18"": 1.061061, ""C19"": 1.059848, ""C20"": 1.061364, ""C21"": 1.190909, ""C22"": 1.192424, ""C23"": 1.193939, ""C24"": 1.195455, ""C25"": 1.19697}","{""C01"": 0, ""C02"": 0, ""C03"": 0, ""C04"": 0, ""C05"": 0, ""C06"": 0, ""C07"": 0, ""C08"": 0, ""C09"": 0, ""C10"": 0, ""C11"": 0, ""C12"": 0, ""C13"": 0, ""C14"": 0, ""C15"": 0, ""C16"": 0, ""C17"": 0, ""C18"": 0, ""C19"": 0, ""C20"": 0, ""C21"": 376, ""C22"": 383, ""C23"": 390, ""C24"": 396, ""C25"": 401}","{""C01"": 0.024892006881938114, ""C02"": 0.024892006881938114, ""C03"": 0.024892006881938114, ""C04"": 0.024892006881938114, ""C05"": 0.024892006881938114, ""C06"": 0.024892006881938114, ""C07"": 0.024892006881938114, ""C08"": 0.024892006881938114, ""C09"": 0.024892006881938114, ""C10"": 0.024892006881938114, ""C11"": 0.024892006881938114, ""C12"": 0.024892006881938114, ""C13"": 0.024892006881938114, ""C14"": 0.024892006881938114, ""C15"": 0.024892006881938114, ""C16"": 0.024892006881938114, ""C17"": 0.024892006881938114, ""C18"": 0.024892006881938114, ""C19"": 0.024892006881938114, ""C20"": 0.024892006881938114, ""C21"": 0.024674260079043896, ""C22"": 0.024670209106827243, ""C23"": 0.02466615934871004, ""C24"": 0.024662689917921136, ""C25"": 0.02465980071409913}"
5,5,1,81,1.423402,25,"{""C01"": 1.011313, ""C02"": 1.011717, ""C03"": 1.012121, ""C04"": 1.012525, ""C05"": 1.012929, ""C06"": 1.079192, ""C07"": 1.079596, ""C08"": 1.08, ""C09"": 1.080404, ""C10"": 1.080808, ""C11"": 1.081212, ""C12"": 1.081616, ""C13"": 1.08202, ""C14"": 1.082424, ""C15"": 1.082828, ""C16"": 1.078788, ""C17"": 1.080202, ""C18"": 1.081414, ""C19"": 1.079798, ""C20"": 1.081818, ""C21"": 1.254545, ""C22"": 1.256566, ""C23"": 1.258586, ""C24"": 1.260606, ""C25"": 1.262626}","{""C01"": 0, ""C02"": 0, ""C03"": 0, ""C04"": 0, ""C05"": 0, ""C06"": 0, ""C07"": 0, ""C08"": 0, ""C09"": 0, ""C10"": 0, ""C11"": 0, ""C12"": 0, ""C13"": 0, ""C14"": 0, ""C15"": 0, ""C16"": 0, ""C17"": 0, ""C18"": 0, ""C19"": 0, ""C20"": 0, ""C21"": 371, ""C22"": 376, ""C23"": 381, ""C24"": 390, ""C25"": 397}","{""C01"": 0.024933205655817747, ""C02"": 0.024933205655817747, ""C03"": 0.024933205655817747, ""C04"": 0.024933205655817747, ""C05"": 0.024933205655817747, ""C06"": 0.024933205655817747, ""C07"": 0.024933205655817747, ""C08"": 0.024933205655817747, ""C09"": 0.024933205655817747, ""C10"": 0.024933205655817747, ""C11"": 0.024933205655817747, ""C12"": 0.024933205655817747, ""C13"": 0.024933205655817747, ""C14"": 0.024933205655817747, ""C15"": 0.024933205655817747, ""C16"": 0.024933205655817747, ""C17"": 0.024933205655817747, ""C18"": 0.024933205655817747, ""C19"": 0.024933205655817747, ""C20"": 0.024933205655817747, ""C21"": 0.02471835316060208, ""C22"": 0.024715459751176432, ""C23"": 0.024712568307339523, ""C24"": 0.024707362344391845, ""C25"": 0.02470331655896948}"
6,6,1,267,3.147096,25,"{""C01"": 1.014141, ""C02"": 1.014646, ""C03"": 1.015152, ""C04"": 1.015657, ""C05"": 1.016162, ""C06"": 1.09899, ""C07"": 1.099495, ""C08"": 1.1, ""C09"": 1.100505, ""C10"": 1.10101, ""C11"": 1.101515, ""C12"": 1.10202, ""C13"": 1.102525, ""C14"": 1.10303, ""C15"": 1.103535, ""C16"": 1.098485, ""C17"": 1.100253, ""C18"": 1.101768, ""C19"": 1.099747, ""C20"": 1.102273, ""C21"": 1.318182, ""C22"": 1.320707, ""C23"": 1.323232, ""C24"": 1.325758, ""C25"": 1.328283}","{""C01"": 0, ""C02"": 0, ""C03"": 0, ""C04"": 0, ""C05"": 0, ""C06"": 0, ""C07"": 0, ""C08"": 0, ""C09"": 0, ""C10"": 0, ""C11"": 0, ""C12"": 0, ""C13"": 0, ""C14"": 0, ""C15"": 0, ""C16"": 0, ""C17"": 0, ""C18"": 0, ""C19"": 0, ""C20"": 0, ""C21"": 268, ""C22"": 369, ""C23"": 373, ""C24"": 386, ""C25"": 489}","{""C01"": 0.024971560136353946, ""C02"": 0.024971560136353946, ""C03"": 0.024971560136353946, ""C04"": 0.024971560136353946, ""C05"": 0.024971560136353946, ""C06"": 0.024971560136353946, ""C07"": 0.024971560136353946, ""C08"": 0.024971560136353946, ""C09"": 0.024971560136353946, ""C10"": 0.024971560136353946, ""C11"": 0.024971560136353946, ""C12"": 0.024971560136353946, ""C13"": 0.024971560136353946, ""C14"": 0.024971560136353946, ""C15"": 0.024971560136353946, ""C16"": 0.024971560136353946, ""C17"": 0.024971560136353946, ""C18"": 0.024971560136353946, ""C19"": 0.024971560136353946, ""C20"": 0.024971560136353946, ""C21"": 0.024816356464610858, ""C22"": 0.024757866940238397, ""C23"": 0.02475555477590564, ""C24"": 0.024748033137062163, ""C25"": 0.024688393468505966}"
7,7,1,436,4.081334,25,"{""C01"": 1.01697, ""C02"": 1.017576, ""C03"": 1.018182, ""C04"": 1.018788, ""C05"": 1.019394, ""C06"": 1.118788, ""C07"": 1.119394, ""C08"": 1.12, ""C09"": 1.120606, ""C10"": 1.121212, ""C11"": 1.121818, ""C12"": 1.122424, ""C13"": 1.12303, ""C14"": 1.123636, ""C15"": 1.124242, ""C16"": 1.118182, ""C17"": 1.120303, ""C18"": 1.122121, ""C19"": 1.119697, ""C20"": 1.122727, ""C21"": 1.381818, ""C22"": 1.384848, ""C23"": 1.387879, ""C24"": 1.390909, ""C25"": 1.393939}","{""C01"": 0, ""C02"": 0, ""C03"": 0, ""C04"": 0, ""C05"": 0, ""C06"": 0, ""C07"": 0, ""C08"": 0, ""C09"": 0, ""C10"": 0, ""C11"": 0, ""C12"": 0, ""C13"": 0, ""C14"": 0, ""C15"": 0, ""C16"": 0, ""C17"": 0, ""C18"": 0, ""C19"": 0, ""C20"": 0, ""C21"": 0, ""C22"": 364, ""C23"": 370, ""C24"": 378, ""C25"": 744}","{""C01"": 0.025008007977968316, ""C02"": 0.025008007977968316, ""C03"": 0.025008007977968316, ""C04"": 0.025008007977968316, ""C05"": 0.025008007977968316, ""C06"": 0.025008007977968316, ""C07"": 0.025008007977968316, ""C08"": 0.025008007977968316, ""C09"": 0.025008007977968316, ""C10"": 0.025008007977968316, ""C11"": 0.025008007977968316, ""C12"": 0.025008007977968316, ""C13"": 0.025008007977968316, ""C14"": 0.025008007977968316, ""C15"": 0.025008007977968316, ""C16"": 0.025008007977968316, ""C17"": 0.025008007977968316, ""C18"": 0.025008007977968316, ""C19"": 0.025008007977968316, ""C20"": 0.025008007977968316, ""C21"": 0.025008007977968316, ""C22"": 0.024797208961123227, ""C23"": 0.024793737329388495, ""C24"": 0.024789110964945554, ""C25"": 0.024577163759084388}"
8,8,1,430,4.010387,25,"{""C01"": 1.019798, ""C02"": 1.020505, ""C03"": 1.021212, ""C04"": 1.021919, ""C05"": 1.022626, ""C06"": 1.138586, ""C07"": 1.139293, ""C08"": 1.14, ""C09"": 1.140707, ""C10"": 1.141414, ""C11"": 1.142121, ""C12"": 1.142828, ""C13"": 1.143535, ""C14"": 1.144242, ""C15"": 1.144949, ""C16"": 1.137879, ""C17"": 1.140354, ""C18"": 1.142475, ""C19"": 1.139646, ""C20"": 1.143182, ""C21"": 1.445455, ""C22"": 1.44899, ""C23"": 1.452525, ""C24"": 1.456061, ""C25"": 1.459596}","{""C01"": 0, ""C02"": 0, ""C03"": 0, ""C04"": 0, ""C05"": 0, ""C06"": 0, ""C07"": 0, ""C08"": 0, ""C09"": 0, ""C10"": 0, ""C11"": 0, ""C12"": 0, ""C13"": 0, ""C14"": 0, ""C15"": 0, ""C16"": 0, ""C17"": 0, ""C18"": 0, ""C19"": 0, ""C20"": 0, ""C21"": 0, ""C22"": 358, ""C23"": 363, ""C24"": 371, ""C25"": 738}","{""C01"": 0.025041924800675477, ""C02"": 0.025041924800675477, ""C03"": 0.025041924800675477, ""C04"": 0.025041924800675477, ""C05"": 0.025041924800675477, ""C06"": 0.025041924800675477, ""C07"": 0.025041924800675477, ""C08"": 0.025041924800675477, ""C09"": 0.025041924800675477, ""C10"": 0.025041924800675477, ""C11"": 0.025041924800675477, ""C12"": 0.025041924800675477, ""C13"": 0.025041924800675477, ""C14"": 0.025041924800675477, ""C15"": 0.025041924800675477, ""C16"": 0.025041924800675477, ""C17"": 0.025041924800675477, ""C18"": 0.025041924800675477, ""C19"": 0.025041924800675477, ""C20"": 0.025041924800675477, ""C21"": 0.025041924800675477, ""C22"": 0.02483460049289926, ""C23"": 0.02483170717303366, ""C24"": 0.024827080812276227, ""C25"": 0.024614555291821032}"
9,9,1,586,5.805211,25,"{""C01"": 1.022626, ""C02"": 1.023434, ""C03"": 1.024242, ""C04"": 1.025051, ""C05"": 1.025859, ""C06"": 1.158384, ""C07"": 1.159192, ""C08"": 1.16, ""C09"": 1.160808, ""C10"": 1.161616, ""C11"": 1.162424, ""C12"": 1.163232, ""C13"": 1.16404, ""C14"": 1.164848, ""C15"": 1.165657, ""C16"": 1.157576, ""C17"": 1.160404, ""C18"": 1.162828, ""C19"": 1.159596, ""C20"": 1.163636, ""C21"": 1.509091, ""C22"": 1.513131, ""C23"": 1.517172, ""C24"": 1.521212, ""C25"": 1.525253}","{""C01"": 0, ""C02"": 0, ""C03"": 0, ""C04"": 0, ""C05"": 0, ""C06"": 0, ""C07"": 0, ""C08"": 0, ""C09"": 0, ""C10"": 0, ""C11"": 0, ""C12"": 0, ""C13"": 0, ""C14"": 0, ""C15"": 0, ""C16"": 0, ""C17"": 0, ""C18"": 0, ""C19"": 0, ""C20"": 0, ""C21"": 0, ""C22"": 269, ""C23"": 362, ""C24"": 370, ""C25"": 803}","{""C01"": 0.02507340621274856, ""C02"": 0.02507340621274856, ""C03"": 0.02507340621274856, ""C04"": 0.02507340621274856, ""C05"": 0.02507340621274856, ""C06"": 0.02507340621274856, ""C07"": 0.02507340621274856, ""C08"": 0.02507340621274856, ""C09"": 0.02507340621274856, ""C10"": 0.02507340621274856, ""C11"": 0.02507340621274856, ""C12"": 0.02507340621274856, ""C13"": 0.02507340621274856, ""C14"": 0.02507340621274856, ""C15"": 0.02507340621274856, ""C16"": 0.02507340621274856, ""C17"": 0.02507340621274856, ""C18"": 0.02507340621274856, ""C19"": 0.02507340621274856, ""C20"": 0.02507340621274856, ""C21"": 0.02507340621274856, ""C22"": 0.02491762342282733, ""C23"": 0.024863768113341084, ""C24"": 0.024859142896390244, ""C25"": 0.024608397454568408}"
10,10,1,920,9.870138,25,"{""C01"": 1.025455, ""C02"": 1.026364, ""C03"": 1.027273, ""C04"": 1.028182, ""C05"": 1.029091, ""C06"": 1.178182, ""C07"": 1.179091, ""C08"": 1.18, ""C09"": 1.180909, ""C10"": 1.181818, ""C11"": 1.182727, ""C12"": 1.183636, ""C13"": 1.184545, ""C14"": 1.185455, ""C15"": 1.186364, ""C16"": 1.177273, ""C17"": 1.180455, ""C18"": 1.183182, ""C19"": 1.179545, ""C20"": 1.184091, ""C21"": 1.572727, ""C22"": 1.577273, ""C23"": 1.581818, ""C24"": 1.586364, ""C25"": 1.590909}","{""C01"": 0, ""C02"": 0, ""C03"": 0, ""C04"": 0, ""C05"": 0, ""C06"": 0, ""C07"": 0, ""C08"": 0, ""C09"": 0, ""C10"": 0, ""C11"": 0, ""C12"": 0, ""C13"": 0, ""C14"": 0, ""C15"": 0, ""C16"": 0, ""C17"": 0, ""C18"": 0, ""C19"": 0, ""C20"": 0, ""C21"": 0, ""C22"": 0, ""C23"": 355, ""C24"": 368, ""C25"": 1056}","{""C01"": 0.025103925592505835, ""C02"": 0.025103925592505835, ""C03"": 0.025103925592505835, ""C04"": 0.025103925592505835, ""C05"": 0.025103925592505835, ""C06"": 0.025103925592505835, ""C07"": 0.025103925592505835, ""C08"": 0.025103925592505835, ""C09"": 0.025103925592505835, ""C10"": 0.025103925592505835, ""C11"": 0.025103925592505835, ""C12"": 0.025103925592505835, ""C13"": 0.025103925592505835, ""C14"": 0.025103925592505835, ""C15"": 0.025103925592505835, ""C16"": 0.025103925592505835, ""C17"": 0.025103925592505835, ""C18"": 0.025103925592505835, ""C19"": 0.025103925592505835, ""C20"": 0.025103925592505835, ""C21"": 0.025103925592505835, ""C22"": 0.025103925592505835, ""C23"": 0.024898339919205783, ""C24"": 0.024890818072684114, ""C25"": 0.024492397533675388}"
11,11,1,746,7.196588,25,"{""C01"": 1.028283, ""C02"": 1.029293, ""C03"": 1.030303, ""C04"": 1.031313, ""C05"": 1.032323, ""C06"": 1.19798, ""C07"": 1.19899, ""C08"": 1.2, ""C09"": 1.20101, ""C10"": 1.20202, ""C11"": 1.20303, ""C12"": 1.20404, ""C13"": 1.205051, ""C14"": 1.206061, ""C15"": 1.207071, ""C16"": 1.19697, ""C17"": 1.200505, ""C18"": 1.203535, ""C19"": 1.199495, ""C20"": 1.204545, ""C21"": 1.636364, ""C22"": 1.641414, ""C23"": 1.646465, ""C24"": 1.651515, ""C25"": 1.656566}","{""C01"": 0, ""C02"": 0, ""C03"": 0, ""C04"": 0, ""C05"": 0, ""C06"": 0, ""C07"": 0, ""C08"": 0, ""C09"": 0, ""C10"": 0, ""C11"": 0, ""C12"": 0, ""C13"": 0, ""C14"": 0, ""C15"": 0, ""C16"": 0, ""C17"": 0, ""C18"": 0, ""C19"": 0, ""C20"": 0, ""C21"": 0, ""C22"": 0, ""C23"": 351, ""C24"": 364, ""C25"": 1042}","{""C01"": 0.025132635698163652, ""C02"": 0.025132635698163652, ""C03"": 0.025132635698163652, ""C04"": 0.025132635698163652, ""C05"": 0.025132635698163652, ""C06"": 0.025132635698163652, ""C07"": 0.025132635698163652, ""C08"": 0.025132635698163652, ""C09"": 0.025132635698163652, ""C10"": 0.025132635698163652, ""C11"": 0.025132635698163652, ""C12"": 0.025132635698163652, ""C13"": 0.025132635698163652, ""C14"": 0.025132635698163652, ""C15"": 0.025132635698163652, ""C16"": 0.025132635698163652, ""C17"": 0.025132635698163652, ""C18"": 0.025132635698163652, ""C19"": 0.025132635698163652, ""C20"": 0.025132635698163652, ""C21"": 0.025132635698163652, ""C22"": 0.025132635698163652, ""C23"": 0.024929365789876312, ""C24"": 0.02492184362851213, ""C25"": 0.024529214345774233}"
12,12,1,733,7.089817,25,"{""C01"": 1.031111, ""C02"": 1.032222, ""C03"": 1.033333, ""C04"": 1.034444, ""C05"": 1.035556, ""C06"": 1.217778, ""C07"": 1.218889, ""C08"": 1.22, ""C09"": 1.221111, ""C10"": 1.222222, ""C11"": 1.223333, ""C12"": 1.224444, ""C13"": 1.225556, ""C14"": 1.226667, ""C15"": 1.227778, ""C16"": 1.216667, ""C17"": 1.220556, ""C18"": 1.223889, ""C19"": 1.219444, ""C20"": 1.225, ""C21"": 1.7, ""C22"": 1.705556, ""C23"": 1.711111, ""C24"": 1.716667, ""C25"": 1.722222}","{""C01"": 0, ""C02"": 0, ""C03"": 0, ""C04"": 0, ""C05"": 0, ""C06"": 0, ""C07"": 0, ""C08"": 0, ""C09"": 0, ""C10"": 0, ""C11"": 0, ""C12"": 0, ""C13"": 0, ""C14"": 0, ""C15"": 0, ""C16"": 0, ""C17"": 0, ""C18"": 0, ""C19"": 0, ""C20"": 0, ""C21"": 0, ""C22"": 0, ""C23"": 350, ""C24"": 360, ""C25"": 1025}","{""C01"": 0.025159232829757752, ""C02"": 0.025159232829757752, ""C03"": 0.025159232829757752, ""C04"": 0.025159232829757752, ""C05"": 0.025159232829757752, ""C06"": 0.025159232829757752, ""C07"": 0.025159232829757752, ""C08"": 0.025159232829757752, ""C09"": 0.025159232829757752, ""C10"": 0.025159232829757752, ""C11"": 0.025159232829757752, ""C12"": 0.025159232829757752, ""C13"": 0.025159232829757752, ""C14"": 0.025159232829757752, ""C15"": 0.025159232829757752, ""C16"": 0.025159232829757752, ""C17"": 0.025159232829757752, ""C18"": 0.025159232829757752, ""C19"": 0.025159232829757752, ""C20"": 0.025159232829757752, ""C21"": 0.025159232829757752, ""C22"": 0.025159232829757752, ""C23"": 0.024956542635013082, ""C24"": 0.024950759239298022, ""C25"": 0.024565660410918354}"
13,13,1,728,8.277221,25,"{""C01"": 1.033939, ""C02"": 1.035152, ""C03"": 1.036364, ""C04"": 1.037576, ""C05"": 1.038788, ""C06"": 1.237576, ""C07"": 1.238788, ""C08"": 1.24, ""C09"": 1.241212, ""C10"": 1.242424, ""C11"": 1.243636, ""C12"": 1.244848, ""C13"": 1.246061, ""C14"": 1.247273, ""C15"": 1.248485, ""C16"": 1.236364, ""C17"": 1.240606, ""C18"": 1.244242, ""C19"": 1.239394, ""C20"": 1.245455, ""C21"": 1.763636, ""C22"": 1.769697, ""C23"": 1.775758, ""C24"": 1.781818, ""C25"": 1.787879}","{""C01"": 0, ""C02"": 0, ""C03"": 0, ""C04"": 0, ""C05"": 0, ""C06"": 0, ""C07"": 0, ""C08"": 0, ""C09"": 0, ""C10"": 0, ""C11"": 0, ""C12"": 0, ""C13"": 0, ""C14"": 0, ""C15"": 0, ""C16"": 0, ""C17"": 0, ""C18"": 0, ""C19"": 0, ""C20"": 0, ""C21"": 0, ""C22"": 0, ""C23"": 344, ""C24"": 355, ""C25"": 1016}","{""C01"": 0.02518509717444886, ""C02"": 0.02518509717444886, ""C03"": 0.02518509717444886, ""C04"": 0.02518509717444886, ""C05"": 0.02518509717444886, ""C06"": 0.02518509717444886, ""C07"": 0.02518509717444886, ""C08"": 0.02518509717444886, ""C09"": 0.02518509717444886, ""C10"": 0.02518509717444886, ""C11"": 0.02518509717444886, ""C12"": 0.02518509717444886, ""C13"": 0.02518509717444886, ""C14"": 0.02518509717444886, ""C15"": 0.02518509717444886, ""C16"": 0.02518509717444886, ""C17"": 0.02518509717444886, ""C18"": 0.02518509717444886, ""C19"": 0.02518509717444886, ""C20"": 0.02518509717444886, ""C21"": 0.02518509717444886, ""C22"": 0.02518509717444886, ""C23"": 0.02498588111708581, ""C24"": 0.024979518165561758, ""C25"": 0.024596736257931587}"
14,14,1,717,8.817595,25,"{""C01"": 1.036768, ""C02"": 1.038081, ""C03"": 1.039394, ""C04"": 1.040707, ""C05"": 1.04202, ""C06"": 1.257374, ""C07"": 1.258687, ""C08"": 1.26, ""C09"": 1.261313, ""C10"": 1.262626, ""C11"": 1.263939, ""C12"": 1.265253, ""C13"": 1.266566, ""C14"": 1.267879, ""C15"": 1.269192, ""C16"": 1.256061, ""C17"": 1.260657, ""C18"": 1.264596, ""C19"": 1.259343, ""C20"": 1.265909, ""C21"": 1.827273, ""C22"": 1.833838, ""C23"": 1.840404, ""C24"": 1.84697, ""C25"": 1.853535}","{""C01"": 0, ""C02"": 0, ""C03"": 0, ""C04"": 0, ""C05"": 0, ""C06"": 0, ""C07"": 0, ""C08"": 0, ""C09"": 0, ""C10"": 0, ""C11"": 0, ""C12"": 0, ""C13"": 0, ""C14"": 0, ""C15"": 0, ""C16"": 0, ""C17"": 0, ""C18"": 0, ""C19"": 0, ""C20"": 0, ""C21"": 0, ""C22"": 0, ""C23"": 342, ""C24"": 353, ""C25"": 1001}","{""C01"": 0.02520976071406647, ""C02"": 0.02520976071406647, ""C03"": 0.02520976071406647, ""C04"": 0.02520976071406647, ""C05"": 0.02520976071406647, ""C06"": 0.02520976071406647, ""C07"": 0.02520976071406647, ""C08"": 0.02520976071406647, ""C09"": 0.02520976071406647, ""C10"": 0.02520976071406647, ""C11"": 0.02520976071406647, ""C12"": 0.02520976071406647, ""C13"": 0.02520976071406647, ""C14"": 0.02520976071406647, ""C15"": 0.02520976071406647, ""C16"": 0.02520976071406647, ""C17"": 0.02520976071406647, ""C18"": 0.02520976071406647, ""C19"": 0.02520976071406647, ""C20"": 0.02520976071406647, ""C21"": 0.02520976071406647, ""C22"": 0.02520976071406647, ""C23"": 0.025011702654301988, ""C24"": 0.02500533913740373, ""C25"": 0.024630085812331677}"
15,15,1,706,6.827904,25,"{""C01"": 1.039596, ""C02"": 1.04101, ""C03"": 1.042424, ""C04"": 1.043838, ""C05"": 1.045253, ""C06"": 1.277172, ""C07"": 1.278586, ""C08"": 1.28, ""C09"": 1.281414, ""C10"": 1.282828, ""C11"": 1.284242, ""C12"": 1.285657, ""C13"": 1.287071, ""C14"": 1.288485, ""C15"": 1.289899, ""C16"": 1.275758, ""C17"": 1.280707, ""C18"": 1.284949, ""C19"": 1.279293, ""C20"": 1.286364, ""C21"": 1.890909, ""C22"": 1.89798, ""C23"": 1.905051, ""C24"": 1.912121, ""C25"": 1.919192}","{""C01"": 0, ""C02"": 0, ""C03"": 0, ""C04"": 0, ""C05"": 0, ""C06"": 0, ""C07"": 0, ""C08"": 0, ""C09"": 0, ""C10"": 0, ""C11"": 0, ""C12"": 0, ""C13"": 0, ""C14"": 0, ""C15"": 0, ""C16"": 0, ""C17"": 0, ""C18"": 0, ""C19"": 0, ""C20"": 0, ""C21"": 0, ""C22"": 0, ""C23"": 339, ""C24"": 353, ""C25"": 986}","{""C01"": 0.02523338557660615, ""C02"": 0.02523338557660615, ""C03"": 0.02523338557660615, ""C04"": 0.02523338557660615, ""C05"": 0.02523338557660615, ""C06"": 0.02523338557660615, ""C07"": 0.02523338557660615, ""C08"": 0.02523338557660615, ""C09"": 0.02523338557660615, ""C10"": 0.02523338557660615, ""C11"": 0.02523338557660615, ""C12"": 0.02523338557660615, ""C13"": 0.02523338557660615, ""C14"": 0.02523338557660615, ""C15"": 0.02523338557660615, ""C16"": 0.02523338557660615, ""C17"": 0.02523338557660615, ""C18"": 0.02523338557660615, ""C19"": 0.02523338557660615, ""C20"": 0.02523338557660615, ""C21"": 0.02523338557660615, ""C22"": 0.02523338557660615, ""C23"": 0.025037064514214703, ""C24"": 0.025028962646421345, ""C25"": 0.02466239599691276}"
16,16,1,700,6.869298,25,"{""C01"": 1.042424, ""C02"": 1.043939, ""C03"": 1.045455, ""C04"": 1.04697, ""C05"": 1.048485, ""C06"": 1.29697, ""C07"": 1.298485, ""C08"": 1.3, ""C09"": 1.301515, ""C10"": 1.30303, ""C11"": 1.304545, ""C12"": 1.306061, ""C13"": 1.307576, ""C14"": 1.309091, ""C15"": 1.310606, ""C16"": 1.295455, ""C17"": 1.300758, ""C18"": 1.305303, ""C19"": 1.299242, ""C20"": 1.306818, ""C21"": 1.954545, ""C22"": 1.962121, ""C23"": 1.969697, ""C24"": 1.977273, ""C25"": 1.984848}","{""C01"": 0, ""C02"": 0, ""C03"": 0, ""C04"": 0, ""C05"": 0, ""C06"": 0, ""C07"": 0, ""C08"": 0, ""C09"": 0, ""C10"": 0, ""C11"": 0, ""C12"": 0, ""C13"": 0, ""C14"": 0, ""C15"": 0, ""C16"": 0, ""C17"": 0, ""C18"": 0, ""C19"": 0, ""C20"": 0, ""C21"": 0, ""C22"": 0, ""C23"": 332, ""C24"": 349, ""C25"": 979}","{""C01"": 0.02525553931756236, ""C02"": 0.02525553931756236, ""C03"": 0.02525553931756236, ""C04"": 0.02525553931756236, ""C05"": 0.02525553931756236, ""C06"": 0.02525553931756236, ""C07"": 0.02525553931756236, ""C08"": 0.02525553931756236, ""C09"": 0.02525553931756236, ""C10"": 0.02525553931756236, ""C11"": 0.02525553931756236, ""C12"": 0.02525553931756236, ""C13"": 0.02525553931756236, ""C14"": 0.02525553931756236, ""C15"": 0.02525553931756236, ""C16"": 0.02525553931756236, ""C17"": 0.02525553931756236, ""C18"": 0.02525553931756236, ""C19"": 0.02525553931756236, ""C20"": 0.02525553931756236, ""C21"": 0.02525553931756236, ""C22"": 0.02525553931756236, ""C23"": 0.025063272082417935, ""C24"": 0.02505343378929154, ""C25"": 0.024688605487043234}"
17,17,1,694,6.627553,25,"{""C01"": 1.045253, ""C02"": 1.046869, ""C03"": 1.048485, ""C04"": 1.050101, ""C05"": 1.051717, ""C06"": 1.316768, ""C07"": 1.318384, ""C08"": 1.32, ""C09"": 1.321616, ""C10"": 1.323232, ""C11"": 1.324848, ""C12"": 1.326465, ""C13"": 1.328081, ""C14"": 1.329697, ""C15"": 1.331313, ""C16"": 1.315152, ""C17"": 1.320808, ""C18"": 1.325657, ""C19"": 1.319192, ""C20"": 1.327273, ""C21"": 2.018182, ""C22"": 2.026263, ""C23"": 2.034343, ""C24"": 2.042424, ""C25"": 2.050505}","{""C01"": 0, ""C02"": 0, ""C03"": 0, ""C04"": 0, ""C05"": 0, ""C06"": 0, ""C07"": 0, ""C08"": 0, ""C09"": 0, ""C10"": 0, ""C11"": 0, ""C12"": 0, ""C13"": 0, ""C14"": 0, ""C15"": 0, ""C16"": 0, ""C17"": 0, ""C18"": 0, ""C19"": 0, ""C20"": 0, ""C21"": 0, ""C22"": 0, ""C23"": 329, ""C24"": 345, ""C25"": 969}","{""C01"": 0.02527687464617763, ""C02"": 0.02527687464617763, ""C03"": 0.02527687464617763, ""C04"": 0.02527687464617763, ""C05"": 0.02527687464617763, ""C06"": 0.02527687464617763, ""C07"": 0.02527687464617763, ""C08"": 0.02527687464617763, ""C09"": 0.02527687464617763, ""C10"": 0.02527687464617763, ""C11"": 0.02527687464617763, ""C12"": 0.02527687464617763, ""C13"": 0.02527687464617763, ""C14"": 0.02527687464617763, ""C15"": 0.02527687464617763, ""C16"": 0.02527687464617763, ""C17"": 0.02527687464617763, ""C18"": 0.02527687464617763, ""C19"": 0.02527687464617763, ""C20"": 0.02527687464617763, ""C21"": 0.02527687464617763, ""C22"": 0.02527687464617763, ""C23"": 0.025086344765567644, ""C24"": 0.025077085747574883, ""C25"": 0.024715732835014347}"
18,18,1,672,6.308675,25,"{""C01"": 1.048081, ""C02"": 1.049798, ""C03"": 1.051515, ""C04"": 1.053232, ""C05"": 1.054949, ""C06"": 1.336566, ""C07"": 1.338283, ""C08"": 1.34, ""C09"": 1.341717, ""C10"": 1.343434, ""C11"": 1.345152, ""C12"": 1.346869, ""C13"": 1.348586, ""C14"": 1.350303, ""C15"": 1.35202, ""C16"": 1.334848, ""C17"": 1.340859, ""C18"": 1.34601, ""C19"": 1.339141, ""C20"": 1.347727, ""C21"": 2.081818, ""C22"": 2.090404, ""C23"": 2.09899, ""C24"": 2.107576, ""C25"": 2.116162}","{""C01"": 0, ""C02"": 0, ""C03"": 0, ""C04"": 0, ""C05"": 0, ""C06"": 0, ""C07"": 0, ""C08"": 0, ""C09"": 0, ""C10"": 0, ""C11"": 0, ""C12"": 0, ""C13"": 0, ""C14"": 0, ""C15"": 0, ""C16"": 0, ""C17"": 0, ""C18"": 0, ""C19"": 0, ""C20"": 0, ""C21"": 0, ""C22"": 0, ""C23"": 326, ""C24"": 356, ""C25"": 945}","{""C01"": 0.025297473525924596, ""C02"": 0.025297473525924596, ""C03"": 0.025297473525924596, ""C04"": 0.025297473525924596, ""C05"": 0.025297473525924596, ""C06"": 0.025297473525924596, ""C07"": 0.025297473525924596, ""C08"": 0.025297473525924596, ""C09"": 0.025297473525924596, ""C10"": 0.025297473525924596, ""C11"": 0.025297473525924596, ""C12"": 0.025297473525924596, ""C13"": 0.025297473525924596, ""C14"": 0.025297473525924596, ""C15"": 0.025297473525924596, ""C16"": 0.025297473525924596, ""C17"": 0.025297473525924596, ""C18"": 0.025297473525924596, ""C19"": 0.025297473525924596, ""C20"": 0.025297473525924596, ""C21"": 0.025297473525924596, ""C22"": 0.025297473525924596, ""C23"": 0.02510868099984905, ""C24"": 0.025091313591894628, ""C25"": 0.024750230168460636}"
19,19,1,644,6.097705,25,"{""C01"": 1.050909, ""C02"": 1.052727, ""C03"": 1.054545, ""C04"": 1.056364, ""C05"": 1.058182, ""C06"": 1.356364, ""C07"": 1.358182, ""C08"": 1.36, ""C09"": 1.361818, ""C10"": 1.363636, ""C11"": 1.365455, ""C12"": 1.367273, ""C13"": 1.369091, ""C14"": 1.370909, ""C15"": 1.372727, ""C16"": 1.354545, ""C17"": 1.360909, ""C18"": 1.366364, ""C19"": 1.359091, ""C20"": 1.368182, ""C21"": 2.145455, ""C22"": 2.154545, ""C23"": 2.163636, ""C24"": 2.172727, ""C25"": 2.181818}","{""C01"": 0, ""C02"": 0, ""C03"": 0, ""C04"": 0, ""C05"": 0, ""C06"": 0, ""C07"": 0, ""C08"": 0, ""C09"": 0, ""C10"": 0, ""C11"": 0, ""C12"": 0, ""C13"": 0, ""C14"": 0, ""C15"": 0, ""C16"": 0, ""C17"": 0, ""C18"": 0, ""C19"": 0, ""C20"": 0, ""C21"": 0, ""C22"": 0, ""C23"": 320, ""C24"": 376, ""C25"": 915}","{""C01"": 0.025316867658733894, ""C02"": 0.025316867658733894, ""C03"": 0.025316867658733894, ""C04"": 0.025316867658733894, ""C05"": 0.025316867658733894, ""C06"": 0.025316867658733894, ""C07"": 0.025316867658733894, ""C08"": 0.025316867658733894, ""C09"": 0.025316867658733894, ""C10"": 0.025316867658733894, ""C11"": 0.025316867658733894, ""C12"": 0.025316867658733894, ""C13"": 0.025316867658733894, ""C14"": 0.025316867658733894, ""C15"": 0.025316867658733894, ""C16"": 0.025316867658733894, ""C17"": 0.025316867658733894, ""C18"": 0.025316867658733894, ""C19"": 0.025316867658733894, ""C20"": 0.025316867658733894, ""C21"": 0.025316867658733894, ""C22"": 0.025316867658733894, ""C23"": 0.025131549841727222, ""C24"": 0.02509912681465783, ""C25"": 0.02478700051647768}"
20,20,1,647,5.995039,25,"{""C01"": 1.053737, ""C02"": 1.055657, ""C03"": 1.057576, ""C04"": 1.059495, ""C05"": 1.061414, ""C06"": 1.376162, ""C07"": 1.378081, ""C08"": 1.38, ""C09"": 1.381919, ""C10"": 1.383838, ""C11"": 1.385758, ""C12"": 1.387677, ""C13"": 1.389596, ""C14"": 1.391515, ""C15"": 1.393434, ""C16"": 1.374242, ""C17"": 1.38096, ""C18"": 1.386717, ""C19"": 1.37904, ""C20"": 1.388636, ""C21"": 2.209091, ""C22"": 2.218687, ""C23"": 2.228283, ""C24"": 2.237879, ""C25"": 2.247475}","{""C01"": 0, ""C02"": 0, ""C03"": 0, ""C04"": 0, ""C05"": 0, ""C06"": 0, ""C07"": 0, ""C08"": 0, ""C09"": 0, ""C10"": 0, ""C11"": 0, ""C12"": 0, ""C13"": 0, ""C14"": 0, ""C15"": 0, ""C16"": 0, ""C17"": 0, ""C18"": 0, ""C19"": 0, ""C20"": 0, ""C21"": 0, ""C22"": 0, ""C23"": 304, ""C24"": 391, ""C25"": 901}","{""C01"": 0.02533579296937219, ""C02"": 0.02533579296937219, ""C03"": 0.02533579296937219, ""C04"": 0.02533579296937219, ""C05"": 0.02533579296937219, ""C06"": 0.02533579296937219, ""C07"": 0.02533579296937219, ""C08"": 0.02533579296937219, ""C09"": 0.02533579296937219, ""C10"": 0.02533579296937219, ""C11"": 0.02533579296937219, ""C12"": 0.02533579296937219, ""C13"": 0.02533579296937219, ""C14"": 0.02533579296937219, ""C15"": 0.02533579296937219, ""C16"": 0.02533579296937219, ""C17"": 0.02533579296937219, ""C18"": 0.02533579296937219, ""C19"": 0.02533579296937219, ""C20"": 0.02533579296937219, ""C21"": 0.02533579296937219, ""C22"": 0.02533579296937219, ""C23"": 0.02515974104321585, ""C24"": 0.02510936524183356, ""C25"": 0.02481403372981889}"
21,21,1,595,5.606228,25,"{""C01"": 1.056566, ""C02"": 1.058586, ""C03"": 1.060606, ""C04"": 1.062626, ""C05"": 1.064646, ""C06"": 1.39596, ""C07"": 1.39798, ""C08"": 1.4, ""C09"": 1.40202, ""C10"": 1.40404, ""C11"": 1.406061, ""C12"": 1.408081, ""C13"": 1.410101, ""C14"": 1.412121, ""C15"": 1.414141, ""C16"": 1.393939, ""C17"": 1.40101, ""C18"": 1.407071, ""C19"": 1.39899, ""C20"": 1.409091, ""C21"": 2.272727, ""C22"": 2.282828, ""C23"": 2.292929, ""C24"": 2.30303, ""C25"": 2.313131}","{""C01"": 0, ""C02"": 0, ""C03"": 0, ""C04"": 0, ""C05"": 0, ""C06"": 0, ""C07"": 0, ""C08"": 0, ""C09"": 0, ""C10"": 0, ""C11"": 0, ""C12"": 0, ""C13"": 0, ""C14"": 0, ""C15"": 0, ""C16"": 0, ""C17"": 0, ""C18"": 0, ""C19"": 0, ""C20"": 0, ""C21"": 0, ""C22"": 0, ""C23"": 314, ""C24"": 406, ""C25"": 862}","{""C01"": 0.02535413033066257, ""C02"": 0.02535413033066257, ""C03"": 0.02535413033066257, ""C04"": 0.02535413033066257, ""C05"": 0.02535413033066257, ""C06"": 0.02535413033066257, ""C07"": 0.02535413033066257, ""C08"": 0.02535413033066257, ""C09"": 0.02535413033066257, ""C10"": 0.02535413033066257, ""C11"": 0.02535413033066257, ""C12"": 0.02535413033066257, ""C13"": 0.02535413033066257, ""C14"": 0.02535413033066257, ""C15"": 0.02535413033066257, ""C16"": 0.02535413033066257, ""C17"": 0.02535413033066257, ""C18"": 0.02535413033066257, ""C19"": 0.02535413033066257, ""C20"": 0.02535413033066257, ""C21"": 0.02535413033066257, ""C22"": 0.02535413033066257, ""C23"": 0.02517228722272477, ""C24"": 0.025119015132346222, ""C25"": 0.02485495586092232}"
22,22,1,567,5.116096,25,"{""C01"": 1.059394, ""C02"": 1.061515, ""C03"": 1.063636, ""C04"": 1.065758, ""C05"": 1.067879, ""C06"": 1.415758, ""C07"": 1.417879, ""C08"": 1.42, ""C09"": 1.422121, ""C10"": 1.424242, ""C11"": 1.426364, ""C12"": 1.428485, ""C13"": 1.430606, ""C14"": 1.432727, ""C15"": 1.434848, ""C16"": 1.413636, ""C17"": 1.421061, ""C18"": 1.427424, ""C19"": 1.418939, ""C20"": 1.429545, ""C21"": 2.336364, ""C22"": 2.34697, ""C23"": 2.357576, ""C24"": 2.368182, ""C25"": 2.378788}","{""C01"": 0, ""C02"": 0, ""C03"": 0, ""C04"": 0, ""C05"": 0, ""C06"": 0, ""C07"": 0, ""C08"": 0, ""C09"": 0, ""C10"": 0, ""C11"": 0, ""C12"": 0, ""C13"": 0, ""C14"": 0, ""C15"": 0, ""C16"": 0, ""C17"": 0, ""C18"": 0, ""C19"": 0, ""C20"": 0, ""C21"": 0, ""C22"": 0, ""C23"": 314, ""C24"": 423, ""C25"": 831}","{""C01"": 0.025371536984184012, ""C02"": 0.025371536984184012, ""C03"": 0.025371536984184012, ""C04"": 0.025371536984184012, ""C05"": 0.025371536984184012, ""C06"": 0.025371536984184012, ""C07"": 0.025371536984184012, ""C08"": 0.025371536984184012, ""C09"": 0.025371536984184012, ""C10"": 0.025371536984184012, ""C11"": 0.025371536984184012, ""C12"": 0.025371536984184012, ""C13"": 0.025371536984184012, ""C14"": 0.025371536984184012, ""C15"": 0.025371536984184012, ""C16"": 0.025371536984184012, ""C17"": 0.025371536984184012, ""C18"": 0.025371536984184012, ""C19"": 0.025371536984184012, ""C20"": 0.025371536984184012, ""C21"": 0.025371536984184012, ""C22"": 0.025371536984184012, ""C23"": 0.025189693876246214, ""C24"": 0.025126577279917846, ""C25"": 0.024890316477308792}"
23,23,1,688,6.278978,25,"{""C01"": 1.062222, ""C02"": 1.064444, ""C03"": 1.066667, ""C04"": 1.068889, ""C05"": 1.071111, ""C06"": 1.435556, ""C07"": 1.437778, ""C08"": 1.44, ""C09"": 1.442222, ""C10"": 1.444444, ""C11"": 1.446667, ""C12"": 1.448889, ""C13"": 1.451111, ""C14"": 1.453333, ""C15"": 1.455556, ""C16"": 1.433333, ""C17"": 1.441111, ""C18"": 1.447778, ""C19"": 1.438889, ""C20"": 1.45, ""C21"": 2.4, ""C22"": 2.411111, ""C23"": 2.422222, ""C24"": 2.433333, ""C25"": 2.444444}","{""C01"": 0, ""C02"": 0, ""C03"": 0, ""C04"": 0, ""C05"": 0, ""C06"": 0, ""C07"": 0, ""C08"": 0, ""C09"": 0, ""C10"": 0, ""C11"": 0, ""C12"": 0, ""C13"": 0, ""C14"": 0, ""C15"": 0, ""C16"": 0, ""C17"": 0, ""C18"": 0, ""C19"": 0, ""C20"": 0, ""C21"": 0, ""C22"": 0, ""C23"": 240, ""C24"": 434, ""C25"": 880}","{""C01"": 0.025388437443110298, ""C02"": 0.025388437443110298, ""C03"": 0.025388437443110298, ""C04"": 0.025388437443110298, ""C05"": 0.025388437443110298, ""C06"": 0.025388437443110298, ""C07"": 0.025388437443110298, ""C08"": 0.025388437443110298, ""C09"": 0.025388437443110298, ""C10"": 0.025388437443110298, ""C11"": 0.025388437443110298, ""C12"": 0.025388437443110298, ""C13"": 0.025388437443110298, ""C14"": 0.025388437443110298, ""C15"": 0.025388437443110298, ""C16"": 0.025388437443110298, ""C17"": 0.025388437443110298, ""C18"": 0.025388437443110298, ""C19"": 0.025388437443110298, ""C20"": 0.025388437443110298, ""C21"": 0.025388437443110298, ""C22"": 0.025388437443110298, ""C23"": 0.025249449080355292, ""C24"": 0.025137107385150053, ""C25"": 0.024878840417117416}"
24,24,1,690,6.123615,25,"{""C01"": 1.065051, ""C02"": 1.067374, ""C03"": 1.069697, ""C04"": 1.07202, ""C05"": 1.074343, ""C06"": 1.455354, ""C07"": 1.457677, ""C08"": 1.46, ""C09"": 1.462323, ""C10"": 1.464646, ""C11"": 1.46697, ""C12"": 1.469293, ""C13"": 1.471616, ""C14"": 1.473939, ""C15"": 1.476263, ""C16"": 1.45303, ""C17"": 1.461162, ""C18"": 1.468131, ""C19"": 1.458838, ""C20"": 1.470455, ""C21"": 2.463636, ""C22"": 2.475253, ""C23"": 2.486869, ""C24"": 2.498485, ""C25"": 2.510101}","{""C01"": 0, ""C02"": 0, ""C03"": 0, ""C04"": 0, ""C05"": 0, ""C06"": 0, ""C07"": 0, ""C08"": 0, ""C09"": 0, ""C10"": 0, ""C11"": 0, ""C12"": 0, ""C13"": 0, ""C14"": 0, ""C15"": 0, ""C16"": 0, ""C17"": 0, ""C18"": 0, ""C19"": 0, ""C20"": 0, ""C21"": 0, ""C22"": 0, ""C23"": 228, ""C24"": 442, ""C25"": 871}","{""C01"": 0.02540475114987481, ""C02"": 0.02540475114987481, ""C03"": 0.02540475114987481, ""C04"": 0.02540475114987481, ""C05"": 0.02540475114987481, ""C06"": 0.02540475114987481, ""C07"": 0.02540475114987481, ""C08"": 0.02540475114987481, ""C09"": 0.02540475114987481, ""C10"": 0.02540475114987481, ""C11"": 0.02540475114987481, ""C12"": 0.02540475114987481, ""C13"": 0.02540475114987481, ""C14"": 0.02540475114987481, ""C15"": 0.02540475114987481, ""C16"": 0.02540475114987481, ""C17"": 0.02540475114987481, ""C18"": 0.02540475114987481, ""C19"": 0.02540475114987481, ""C20"": 0.02540475114987481, ""C21"": 0.02540475114987481, ""C22"": 0.02540475114987481, ""C23"": 0.025272712205257557, ""C24"": 0.02514878808395642, ""C25"": 0.024900366420971345}"
25,25,1,574,5.354605,25,"{""C01"": 1.067879, ""C02"": 1.070303, ""C03"": 1.072727, ""C04"": 1.075152, ""C05"": 1.077576, ""C06"": 1.475152, ""C07"": 1.477576, ""C08"": 1.48, ""C09"": 1.482424, ""C10"": 1.484848, ""C11"": 1.487273, ""C12"": 1.489697, ""C13"": 1.492121, ""C14"": 1.494545, ""C15"": 1.49697, ""C16"": 1.472727, ""C17"": 1.481212, ""C18"": 1.488485, ""C19"": 1.478788, ""C20"": 1.490909, ""C21"": 2.527273, ""C22"": 2.539394, ""C23"": 2.551515, ""C24"": 2.563636, ""C25"": 2.575758}","{""C01"": 0, ""C02"": 0, ""C03"": 0, ""C04"": 0, ""C05"": 0, ""C06"": 0, ""C07"": 0, ""C08"": 0, ""C09"": 0, ""C10"": 0, ""C11"": 0, ""C12"": 0, ""C13"": 0, ""C14"": 0, ""C15"": 0, ""C16"": 0, ""C17"": 0, ""C18"": 0, ""C19"": 0, ""C20"": 0, ""C21"": 0, ""C22"": 0, ""C23"": 275, ""C24"": 453, ""C25"": 801}","{""C01"": 0.025420510898332263, ""C02"": 0.025420510898332263, ""C03"": 0.025420510898332263, ""C04"": 0.025420510898332263, ""C05"": 0.025420510898332263, ""C06"": 0.025420510898332263, ""C07"": 0.025420510898332263, ""C08"": 0.025420510898332263, ""C09"": 0.025420510898332263, ""C10"": 0.025420510898332263, ""C11"": 0.025420510898332263, ""C12"": 0.025420510898332263, ""C13"": 0.025420510898332263, ""C14"": 0.025420510898332263, ""C15"": 0.025420510898332263, ""C16"": 0.025420510898332263, ""C17"": 0.025420510898332263, ""C18"": 0.025420510898332263, ""C19"": 0.025420510898332263, ""C20"": 0.025420510898332263, ""C21"": 0.025420510898332263, ""C22"": 0.025420510898332263, ""C23"": 0.025261253399342154, ""C24"": 0.025158177469310945, ""C25"": 0.024956664655815183}"
26,26,1,542,4.900425,25,"{""C01"": 1.070707, ""C02"": 1.073232, ""C03"": 1.075758, ""C04"": 1.078283, ""C05"": 1.080808, ""C06"": 1.494949, ""C07"": 1.497475, ""C08"": 1.5, ""C09"": 1.502525, ""C10"": 1.505051, ""C11"": 1.507576, ""C12"": 1.510101, ""C13"": 1.512626, ""C14"": 1.515152, ""C15"": 1.517677, ""C16"": 1.492424, ""C17"": 1.501263, ""C18"": 1.508838, ""C19"": 1.498737, ""C20"": 1.511364, ""C21"": 2.590909, ""C22"": 2.603535, ""C23"": 2.616162, ""C24"": 2.628788, ""C25"": 2.641414}","{""C01"": 0, ""C02"": 0, ""C03"": 0, ""C04"": 0, ""C05"": 0, ""C06"": 0, ""C07"": 0, ""C08"": 0, ""C09"": 0, ""C10"": 0, ""C11"": 0, ""C12"": 0, ""C13"": 0, ""C14"": 0, ""C15"": 0, ""C16"": 0, ""C17"": 0, ""C18"": 0, ""C19"": 0, ""C20"": 0, ""C21"": 0, ""C22"": 0, ""C23"": 282, ""C24"": 458, ""C25"": 777}","{""C01"": 0.025435741558549746, ""C02"": 0.025435741558549746, ""C03"": 0.025435741558549746, ""C04"": 0.025435741558549746, ""C05"": 0.025435741558549746, ""C06"": 0.025435741558549746, ""C07"": 0.025435741558549746, ""C08"": 0.025435741558549746, ""C09"": 0.025435741558549746, ""C10"": 0.025435741558549746, ""C11"": 0.025435741558549746, ""C12"": 0.025435741558549746, ""C13"": 0.025435741558549746, ""C14"": 0.025435741558549746, ""C15"": 0.025435741558549746, ""C16"": 0.025435741558549746, ""C17"": 0.025435741558549746, ""C18"": 0.025435741558549746, ""C19"": 0.025435741558549746, ""C20"": 0.025435741558549746, ""C21"": 0.025435741558549746, ""C22"": 0.025435741558549746, ""C23"": 0.025272430232312616, ""C24"": 0.02517051251209755, ""C25"": 0.02498579440921712}"
27,27,1,1074,10.023870,25,"{""C01"": 1.073535, ""C02"": 1.076162, ""C03"": 1.078788, ""C04"": 1.081414, ""C05"": 1.08404, ""C06"": 1.514747, ""C07"": 1.517374, ""C08"": 1.52, ""C09"": 1.522626, ""C10"": 1.525253, ""C11"": 1.527879, ""C12"": 1.530505, ""C13"": 1.533131, ""C14"": 1.535758, ""C15"": 1.538384, ""C16"": 1.512121, ""C17"": 1.521313, ""C18"": 1.529192, ""C19"": 1.518687, ""C20"": 1.531818, ""C21"": 2.654545, ""C22"": 2.667677, ""C23"": 2.680808, ""C24"": 2.693939, ""C25"": 2.707071}","{""C01"": 0, ""C02"": 0, ""C03"": 0, ""C04"": 0, ""C05"": 0, ""C06"": 0, ""C07"": 0, ""C08"": 0, ""C09"": 0, ""C10"": 0, ""C11"": 0, ""C12"": 0, ""C13"": 0, ""C14"": 0, ""C15"": 0, ""C16"": 0, ""C17"": 0, ""C18"": 0, ""C19"": 0, ""C20"": 0, ""C21"": 0, ""C22"": 0, ""C23"": 0, ""C24"": 463, ""C25"": 1040}","{""C01"": 0.025450723460883645, ""C02"": 0.025450723460883645, ""C03"": 0.025450723460883645, ""C04"": 0.025450723460883645, ""C05"": 0.025450723460883645, ""C06"": 0.025450723460883645, ""C07"": 0.025450723460883645, ""C08"": 0.025450723460883645, ""C09"": 0.025450723460883645, ""C10"": 0.025450723460883645, ""C11"": 0.025450723460883645, ""C12"": 0.025450723460883645, ""C13"": 0.025450723460883645, ""C14"": 0.025450723460883645, ""C15"": 0.025450723460883645, ""C16"": 0.025450723460883645, ""C17"": 0.025450723460883645, ""C18"": 0.025450723460883645, ""C19"": 0.025450723460883645, ""C20"": 0.025450723460883645, ""C21"": 0.025450723460883645, ""C22"": 0.025450723460883645, ""C23"": 0.025450723460883645, ""C24"": 0.025182597568419698, ""C25"": 0.0248484663537026}"
28,28,1,1045,9.596060,25,"{""C01"": 1.076364, ""C02"": 1.079091, ""C03"": 1.081818, ""C04"": 1.084545, ""C05"": 1.087273, ""C06"": 1.534545, ""C07"": 1.537273, ""C08"": 1.54, ""C09"": 1.542727, ""C10"": 1.545455, ""C11"": 1.548182, ""C12"": 1.550909, ""C13"": 1.553636, ""C14"": 1.556364, ""C15"": 1.559091, ""C16"": 1.531818, ""C17"": 1.541364, ""C18"": 1.549545, ""C19"": 1.538636, ""C20"": 1.552273, ""C21"": 2.718182, ""C22"": 2.731818, ""C23"": 2.745455, ""C24"": 2.759091, ""C25"": 2.772727}","{""C01"": 0, ""C02"": 0, ""C03"": 0, ""C04"": 0, ""C05"": 0, ""C06"": 0, ""C07"": 0, ""C08"": 0, ""C09"": 0, ""C10"": 0, ""C11"": 0, ""C12"": 0, ""C13"": 0, ""C14"": 0, ""C15"": 0, ""C16"": 0, ""C17"": 0, ""C18"": 0, ""C19"": 0, ""C20"": 0, ""C21"": 0, ""C22"": 0, ""C23"": 0, ""C24"": 464, ""C25"": 1028}","{""C01"": 0.025465215429579302, ""C02"": 0.025465215429579302, ""C03"": 0.025465215429579302, ""C04"": 0.025465215429579302, ""C05"": 0.025465215429579302, ""C06"": 0.025465215429579302, ""C07"": 0.025465215429579302, ""C08"": 0.025465215429579302, ""C09"": 0.025465215429579302, ""C10"": 0.025465215429579302, ""C11"": 0.025465215429579302, ""C12"": 0.025465215429579302, ""C13"": 0.025465215429579302, ""C14"": 0.025465215429579302, ""C15"": 0.025465215429579302, ""C16"": 0.025465215429579302, ""C17"": 0.025465215429579302, ""C18"": 0.025465215429579302, ""C19"": 0.025465215429579302, ""C20"": 0.025465215429579302, ""C21"": 0.025465215429579302, ""C22"": 0.025465215429579302, ""C23"": 0.025465215429579302, ""C24"": 0.025196509549152382, ""C25"": 0.024869906033247322}"
29,29,1,1011,9.946980,25,"{""C01"": 1.079192, ""C02"": 1.08202, ""C03"": 1.084848, ""C04"": 1.087677, ""C05"": 1.090505, ""C06"": 1.554343, ""C07"": 1.557172, ""C08"": 1.56, ""C09"": 1.562828, ""C10"": 1.565657, ""C11"": 1.568485, ""C12"": 1.571313, ""C13"": 1.574141, ""C14"": 1.57697, ""C15"": 1.579798, ""C16"": 1.551515, ""C17"": 1.561414, ""C18"": 1.569899, ""C19"": 1.558586, ""C20"": 1.572727, ""C21"": 2.781818, ""C22"": 2.79596, ""C23"": 2.810101, ""C24"": 2.824242, ""C25"": 2.838384}","{""C01"": 0, ""C02"": 0, ""C03"": 0, ""C04"": 0, ""C05"": 0, ""C06"": 0, ""C07"": 0, ""C08"": 0, ""C09"": 0, ""C10"": 0, ""C11"": 0, ""C12"": 0, ""C13"": 0, ""C14"": 0, ""C15"": 0, ""C16"": 0, ""C17"": 0, ""C18"": 0, ""C19"": 0, ""C20"": 0, ""C21"": 0, ""C22"": 0, ""C23"": 0, ""C24"": 470, ""C25"": 1011}","{""C01"": 0.025479050897057695, ""C02"": 0.025479050897057695, ""C03"": 0.025479050897057695, ""C04"": 0.025479050897057695, ""C05"": 0.025479050897057695, ""C06"": 0.025479050897057695, ""C07"": 0.025479050897057695, ""C08"": 0.025479050897057695, ""C09"": 0.025479050897057695, ""C10"": 0.025479050897057695, ""C11"": 0.025479050897057695, ""C12"": 0.025479050897057695, ""C13"": 0.025479050897057695, ""C14"": 0.025479050897057695, ""C15"": 0.025479050897057695, ""C16"": 0.025479050897057695, ""C17"": 0.025479050897057695, ""C18"": 0.025479050897057695, ""C19"": 0.025479050897057695, ""C20"": 0.025479050897057695, ""C21"": 0.025479050897057695, ""C22"": 0.025479050897057695, ""C23"": 0.025479050897057695, ""C24"": 0.025206870275127427, ""C25"": 0.024893586677011987}"
30,30,1,990,9.495159,25,"{""C01"": 1.08202, ""C02"": 1.084949, ""C03"": 1.087879, ""C04"": 1.090808, ""C05"": 1.093737, ""C06"": 1.574141, ""C07"": 1.577071, ""C08"": 1.58, ""C09"": 1.582929, ""C10"": 1.585859, ""C11"": 1.588788, ""C12"": 1.591717, ""C13"": 1.594646, ""C14"": 1.597576, ""C15"": 1.600505, ""C16"": 1.571212, ""C17"": 1.581465, ""C18"": 1.590253, ""C19"": 1.578535, ""C20"": 1.593182, ""C21"": 2.845455, ""C22"": 2.860101, ""C23"": 2.874747, ""C24"": 2.889394, ""C25"": 2.90404}","{""C01"": 0, ""C02"": 0, ""C03"": 0, ""C04"": 0, ""C05"": 0, ""C06"": 0, ""C07"": 0, ""C08"": 0, ""C09"": 0, ""C10"": 0, ""C11"": 0, ""C12"": 0, ""C13"": 0, ""C14"": 0, ""C15"": 0, ""C16"": 0, ""C17"": 0, ""C18"": 0, ""C19"": 0, ""C20"": 0, ""C21"": 0, ""C22"": 0, ""C23"": 0, ""C24"": 471, ""C25"": 999}","{""C01"": 0.025492292358017615, ""C02"": 0.025492292358017615, ""C03"": 0.025492292358017615, ""C04"": 0.025492292358017615, ""C05"": 0.025492292358017615, ""C06"": 0.025492292358017615, ""C07"": 0.025492292358017615, ""C08"": 0.025492292358017615, ""C09"": 0.025492292358017615, ""C10"": 0.025492292358017615, ""C11"": 0.025492292358017615, ""C12"": 0.025492292358017615, ""C13"": 0.025492292358017615, ""C14"": 0.025492292358017615, ""C15"": 0.025492292358017615, ""C16"": 0.025492292358017615, ""C17"": 0.025492292358017615, ""C18"": 0.025492292358017615, ""C19"": 0.025492292358017615, ""C20"": 0.025492292358017615, ""C21"": 0.025492292358017615, ""C22"": 0.025492292358017615, ""C23"": 0.025492292358017615, ""C24"": 0.02521953328834978, ""C25"": 0.024913779288850232}"
31,31,1,964,9.204633,25,"{""C01"": 1.084848, ""C02"": 1.087879, ""C03"": 1.090909, ""C04"": 1.093939, ""C05"": 1.09697, ""C06"": 1.593939, ""C07"": 1.59697, ""C08"": 1.6, ""C09"": 1.60303, ""C10"": 1.606061, ""C11"": 1.609091, ""C12"": 1.612121, ""C13"": 1.615152, ""C14"": 1.618182, ""C15"": 1.621212, ""C16"": 1.590909, ""C17"": 1.601515, ""C18"": 1.610606, ""C19"": 1.598485, ""C20"": 1.613636, ""C21"": 2.909091, ""C22"": 2.924242, ""C23"": 2.939394, ""C24"": 2.954545, ""C25"": 2.969697}","{""C01"": 0, ""C02"": 0, ""C03"": 0, ""C04"": 0, ""C05"": 0, ""C06"": 0, ""C07"": 0, ""C08"": 0, ""C09"": 0, ""C10"": 0, ""C11"": 0, ""C12"": 0, ""C13"": 0, ""C14"": 0, ""C15"": 0, ""C16"": 0, ""C17"": 0, ""C18"": 0, ""C19"": 0, ""C20"": 0, ""C21"": 0, ""C22"": 0, ""C23"": 0, ""C24"": 472, ""C25"": 988}","{""C01"": 0.025505541503392556, ""C02"": 0.025505541503392556, ""C03"": 0.025505541503392556, ""C04"": 0.025505541503392556, ""C05"": 0.025505541503392556, ""C06"": 0.025505541503392556, ""C07"": 0.025505541503392556, ""C08"": 0.025505541503392556, ""C09"": 0.025505541503392556, ""C10"": 0.025505541503392556, ""C11"": 0.025505541503392556, ""C12"": 0.025505541503392556, ""C13"": 0.025505541503392556, ""C14"": 0.025505541503392556, ""C15"": 0.025505541503392556, ""C16"": 0.025505541503392556, ""C17"": 0.025505541503392556, ""C18"": 0.025505541503392556, ""C19"": 0.025505541503392556, ""C20"": 0.025505541503392556, ""C21"": 0.025505541503392556, ""C22"": 0.025505541503392556, ""C23"": 0.025505541503392556, ""C24"": 0.02523220239124544, ""C25"": 0.024933396866420918}"
32,32,1,941,8.795981,25,"{""C01"": 1.087677, ""C02"": 1.090808, ""C03"": 1.093939, ""C04"": 1.097071, ""C05"": 1.100202, ""C06"": 1.613737, ""C07"": 1.616869, ""C08"": 1.62, ""C09"": 1.623131, ""C10"": 1.626263, ""C11"": 1.629394, ""C12"": 1.632525, ""C13"": 1.635657, ""C14"": 1.638788, ""C15"": 1.641919, ""C16"": 1.610606, ""C17"": 1.621566, ""C18"": 1.63096, ""C19"": 1.618434, ""C20"": 1.634091, ""C21"": 2.972727, ""C22"": 2.988384, ""C23"": 3.00404, ""C24"": 3.019697, ""C25"": 3.035354}","{""C01"": 0, ""C02"": 0, ""C03"": 0, ""C04"": 0, ""C05"": 0, ""C06"": 0, ""C07"": 0, ""C08"": 0, ""C09"": 0, ""C10"": 0, ""C11"": 0, ""C12"": 0, ""C13"": 0, ""C14"": 0, ""C15"": 0, ""C16"": 0, ""C17"": 0, ""C18"": 0, ""C19"": 0, ""C20"": 0, ""C21"": 0, ""C22"": 0, ""C23"": 0, ""C24"": 475, ""C25"": 975}","{""C01"": 0.02551823682956017, ""C02"": 0.02551823682956017, ""C03"": 0.02551823682956017, ""C04"": 0.02551823682956017, ""C05"": 0.02551823682956017, ""C06"": 0.02551823682956017, ""C07"": 0.02551823682956017, ""C08"": 0.02551823682956017, ""C09"": 0.02551823682956017, ""C10"": 0.02551823682956017, ""C11"": 0.02551823682956017, ""C12"": 0.02551823682956017, ""C13"": 0.02551823682956017, ""C14"": 0.02551823682956017, ""C15"": 0.02551823682956017, ""C16"": 0.02551823682956017, ""C17"": 0.02551823682956017, ""C18"": 0.02551823682956017, ""C19"": 0.02551823682956017, ""C20"": 0.02551823682956017, ""C21"": 0.02551823682956017, ""C22"": 0.02551823682956017, ""C23"": 0.02551823682956017, ""C24"": 0.025243159905589976, ""C25"": 0.024953620435520154}"
33,33,1,921,8.583735,25,"{""C01"": 1.090505, ""C02"": 1.093737, ""C03"": 1.09697, ""C04"": 1.100202, ""C05"": 1.103434, ""C06"": 1.633535, ""C07"": 1.636768, ""C08"": 1.64, ""C09"": 1.643232, ""C10"": 1.646465, ""C11"": 1.649697, ""C12"": 1.652929, ""C13"": 1.656162, ""C14"": 1.659394, ""C15"": 1.662626, ""C16"": 1.630303, ""C17"": 1.641616, ""C18"": 1.651313, ""C19"": 1.638384, ""C20"": 1.654545, ""C21"": 3.036364, ""C22"": 3.052525, ""C23"": 3.068687, ""C24"": 3.084848, ""C25"": 3.10101}","{""C01"": 0, ""C02"": 0, ""C03"": 0, ""C04"": 0, ""C05"": 0, ""C06"": 0, ""C07"": 0, ""C08"": 0, ""C09"": 0, ""C10"": 0, ""C11"": 0, ""C12"": 0, ""C13"": 0, ""C14"": 0, ""C15"": 0, ""C16"": 0, ""C17"": 0, ""C18"": 0, ""C19"": 0, ""C20"": 0, ""C21"": 0, ""C22"": 0, ""C23"": 0, ""C24"": 478, ""C25"": 962}","{""C01"": 0.025530410903695497, ""C02"": 0.025530410903695497, ""C03"": 0.025530410903695497, ""C04"": 0.025530410903695497, ""C05"": 0.025530410903695497, ""C06"": 0.025530410903695497, ""C07"": 0.025530410903695497, ""C08"": 0.025530410903695497, ""C09"": 0.025530410903695497, ""C10"": 0.025530410903695497, ""C11"": 0.025530410903695497, ""C12"": 0.025530410903695497, ""C13"": 0.025530410903695497, ""C14"": 0.025530410903695497, ""C15"": 0.025530410903695497, ""C16"": 0.025530410903695497, ""C17"": 0.025530410903695497, ""C18"": 0.025530410903695497, ""C19"": 0.025530410903695497, ""C20"": 0.025530410903695497, ""C21"": 0.025530410903695497, ""C22"": 0.025530410903695497, ""C23"": 0.025530410903695497, ""C24"": 0.025253597306335522, ""C25"": 0.02497332423258489}"
34,34,1,895,8.328085,25,"{""C01"": 1.093333, ""C02"": 1.096667, ""C03"": 1.1, ""C04"": 1.103333, ""C05"": 1.106667, ""C06"": 1.653333, ""C07"": 1.656667, ""C08"": 1.66, ""C09"": 1.663333, ""C10"": 1.666667, ""C11"": 1.67, ""C12"": 1.673333, ""C13"": 1.676667, ""C14"": 1.68, ""C15"": 1.683333, ""C16"": 1.65, ""C17"": 1.661667, ""C18"": 1.671667, ""C19"": 1.658333, ""C20"": 1.675, ""C21"": 3.1, ""C22"": 3.116667, ""C23"": 3.133333, ""C24"": 3.15, ""C25"": 3.166667}","{""C01"": 0, ""C02"": 0, ""C03"": 0, ""C04"": 0, ""C05"": 0, ""C06"": 0, ""C07"": 0, ""C08"": 0, ""C09"": 0, ""C10"": 0, ""C11"": 0, ""C12"": 0, ""C13"": 0, ""C14"": 0, ""C15"": 0, ""C16"": 0, ""C17"": 0, ""C18"": 0, ""C19"": 0, ""C20"": 0, ""C21"": 0, ""C22"": 0, ""C23"": 0, ""C24"": 480, ""C25"": 950}","{""C01"": 0.02554209238802954, ""C02"": 0.02554209238802954, ""C03"": 0.02554209238802954, ""C04"": 0.02554209238802954, ""C05"": 0.02554209238802954, ""C06"": 0.02554209238802954, ""C07"": 0.02554209238802954, ""C08"": 0.02554209238802954, ""C09"": 0.02554209238802954, ""C10"": 0.02554209238802954, ""C11"": 0.02554209238802954, ""C12"": 0.02554209238802954, ""C13"": 0.02554209238802954, ""C14"": 0.02554209238802954, ""C15"": 0.02554209238802954, ""C16"": 0.02554209238802954, ""C17"": 0.02554209238802954, ""C18"": 0.02554209238802954, ""C19"": 0.02554209238802954, ""C20"": 0.02554209238802954, ""C21"": 0.02554209238802954, ""C22"": 0.02554209238802954, ""C23"": 0.02554209238802954, ""C24"": 0.02526412162836429, ""C25"": 0.024991957732690587}"
35,35,1,886,8.011587,25,"{""C01"": 1.096162, ""C02"": 1.099596, ""C03"": 1.10303, ""C04"": 1.106465, ""C05"": 1.109899, ""C06"": 1.673131, ""C07"": 1.676566, ""C08"": 1.68, ""C09"": 1.683434, ""C10"": 1.686869, ""C11"": 1.690303, ""C12"": 1.693737, ""C13"": 1.697172, ""C14"": 1.700606, ""C15"": 1.70404, ""C16"": 1.669697, ""C17"": 1.681717, ""C18"": 1.69202, ""C19"": 1.678283, ""C20"": 1.695455, ""C21"": 3.163636, ""C22"": 3.180808, ""C23"": 3.19798, ""C24"": 3.215152, ""C25"": 3.232323}","{""C01"": 0, ""C02"": 0, ""C03"": 0, ""C04"": 0, ""C05"": 0, ""C06"": 0, ""C07"": 0, ""C08"": 0, ""C09"": 0, ""C10"": 0, ""C11"": 0, ""C12"": 0, ""C13"": 0, ""C14"": 0, ""C15"": 0, ""C16"": 0, ""C17"": 0, ""C18"": 0, ""C19"": 0, ""C20"": 0, ""C21"": 0, ""C22"": 0, ""C23"": 0, ""C24"": 472, ""C25"": 949}","{""C01"": 0.0255539171282243, ""C02"": 0.0255539171282243, ""C03"": 0.0255539171282243, ""C04"": 0.0255539171282243, ""C05"": 0.0255539171282243, ""C06"": 0.0255539171282243, ""C07"": 0.0255539171282243, ""C08"": 0.0255539171282243, ""C09"": 0.0255539171282243, ""C10"": 0.0255539171282243, ""C11"": 0.0255539171282243, ""C12"": 0.0255539171282243, ""C13"": 0.0255539171282243, ""C14"": 0.0255539171282243, ""C15"": 0.0255539171282243, ""C16"": 0.0255539171282243, ""C17"": 0.0255539171282243, ""C18"": 0.0255539171282243, ""C19"": 0.0255539171282243, ""C20"": 0.0255539171282243, ""C21"": 0.0255539171282243, ""C22"": 0.0255539171282243, ""C23"": 0.0255539171282243, ""C24"": 0.025280578492766832, ""C25"": 0.0250043599088398}"
36,36,1,868,8.045163,25,"{""C01"": 1.09899, ""C02"": 1.102525, ""C03"": 1.106061, ""C04"": 1.109596, ""C05"": 1.113131, ""C06"": 1.692929, ""C07"": 1.696465, ""C08"": 1.7, ""C09"": 1.703535, ""C10"": 1.707071, ""C11"": 1.710606, ""C12"": 1.714141, ""C13"": 1.717677, ""C14"": 1.721212, ""C15"": 1.724747, ""C16"": 1.689394, ""C17"": 1.701768, ""C18"": 1.712374, ""C19"": 1.698232, ""C20"": 1.715909, ""C21"": 3.227273, ""C22"": 3.244949, ""C23"": 3.262626, ""C24"": 3.280303, ""C25"": 3.29798}","{""C01"": 0, ""C02"": 0, ""C03"": 0, ""C04"": 0, ""C05"": 0, ""C06"": 0, ""C07"": 0, ""C08"": 0, ""C09"": 0, ""C10"": 0, ""C11"": 0, ""C12"": 0, ""C13"": 0, ""C14"": 0, ""C15"": 0, ""C16"": 0, ""C17"": 0, ""C18"": 0, ""C19"": 0, ""C20"": 0, ""C21"": 0, ""C22"": 0, ""C23"": 0, ""C24"": 473, ""C25"": 939}","{""C01"": 0.025565263811711175, ""C02"": 0.025565263811711175, ""C03"": 0.025565263811711175, ""C04"": 0.025565263811711175, ""C05"": 0.025565263811711175, ""C06"": 0.025565263811711175, ""C07"": 0.025565263811711175, ""C08"": 0.025565263811711175, ""C09"": 0.025565263811711175, ""C10"": 0.025565263811711175, ""C11"": 0.025565263811711175, ""C12"": 0.025565263811711175, ""C13"": 0.025565263811711175, ""C14"": 0.025565263811711175, ""C15"": 0.025565263811711175, ""C16"": 0.025565263811711175, ""C17"": 0.025565263811711175, ""C18"": 0.025565263811711175, ""C19"": 0.025565263811711175, ""C20"": 0.025565263811711175, ""C21"": 0.025565263811711175, ""C22"": 0.025565263811711175, ""C23"": 0.025565263811711175, ""C24"": 0.025291345925878016, ""C25"": 0.0250214976378443}"
37,37,1,858,7.926840,25,"{""C01"": 1.101818, ""C02"": 1.105455, ""C03"": 1.109091, ""C04"": 1.112727, ""C05"": 1.116364, ""C06"": 1.712727, ""C07"": 1.716364, ""C08"": 1.72, ""C09"": 1.723636, ""C10"": 1.727273, ""C11"": 1.730909, ""C12"": 1.734545, ""C13"": 1.738182, ""C14"": 1.741818, ""C15"": 1.745455, ""C16"": 1.709091, ""C17"": 1.721818, ""C18"": 1.732727, ""C19"": 1.718182, ""C20"": 1.736364, ""C21"": 3.290909, ""C22"": 3.309091, ""C23"": 3.327273, ""C24"": 3.345455, ""C25"": 3.363636}","{""C01"": 0, ""C02"": 0, ""C03"": 0, ""C04"": 0, ""C05"": 0, ""C06"": 0, ""C07"": 0, ""C08"": 0, ""C09"": 0, ""C10"": 0, ""C11"": 0, ""C12"": 0, ""C13"": 0, ""C14"": 0, ""C15"": 0, ""C16"": 0, ""C17"": 0, ""C18"": 0, ""C19"": 0, ""C20"": 0, ""C21"": 0, ""C22"": 0, ""C23"": 0, ""C24"": 471, ""C25"": 932}","{""C01"": 0.025576189926067028, ""C02"": 0.025576189926067028, ""C03"": 0.025576189926067028, ""C04"": 0.025576189926067028, ""C05"": 0.025576189926067028, ""C06"": 0.025576189926067028, ""C07"": 0.025576189926067028, ""C08"": 0.025576189926067028, ""C09"": 0.025576189926067028, ""C10"": 0.025576189926067028, ""C11"": 0.025576189926067028, ""C12"": 0.025576189926067028, ""C13"": 0.025576189926067028, ""C14"": 0.025576189926067028, ""C15"": 0.025576189926067028, ""C16"": 0.025576189926067028, ""C17"": 0.025576189926067028, ""C18"": 0.025576189926067028, ""C19"": 0.025576189926067028, ""C20"": 0.025576189926067028, ""C21"": 0.025576189926067028, ""C22"": 0.025576189926067028, ""C23"": 0.025576189926067028, ""C24"": 0.025303430668203942, ""C25"": 0.0250364786112805}"
38,38,1,839,7.690866,25,"{""C01"": 1.104646, ""C02"": 1.108384, ""C03"": 1.112121, ""C04"": 1.115859, ""C05"": 1.119596, ""C06"": 1.732525, ""C07"": 1.736263, ""C08"": 1.74, ""C09"": 1.743737, ""C10"": 1.747475, ""C11"": 1.751212, ""C12"": 1.754949, ""C13"": 1.758687, ""C14"": 1.762424, ""C15"": 1.766162, ""C16"": 1.728788, ""C17"": 1.741869, ""C18"": 1.753081, ""C19"": 1.738131, ""C20"": 1.756818, ""C21"": 3.354545, ""C22"": 3.373232, ""C23"": 3.391919, ""C24"": 3.410606, ""C25"": 3.429293}","{""C01"": 0, ""C02"": 0, ""C03"": 0, ""C04"": 0, ""C05"": 0, ""C06"": 0, ""C07"": 0, ""C08"": 0, ""C09"": 0, ""C10"": 0, ""C11"": 0, ""C12"": 0, ""C13"": 0, ""C14"": 0, ""C15"": 0, ""C16"": 0, ""C17"": 0, ""C18"": 0, ""C19"": 0, ""C20"": 0, ""C21"": 0, ""C22"": 0, ""C23"": 0, ""C24"": 478, ""C25"": 916}","{""C01"": 0.025586676685336193, ""C02"": 0.025586676685336193, ""C03"": 0.025586676685336193, ""C04"": 0.025586676685336193, ""C05"": 0.025586676685336193, ""C06"": 0.025586676685336193, ""C07"": 0.025586676685336193, ""C08"": 0.025586676685336193, ""C09"": 0.025586676685336193, ""C10"": 0.025586676685336193, ""C11"": 0.025586676685336193, ""C12"": 0.025586676685336193, ""C13"": 0.025586676685336193, ""C14"": 0.025586676685336193, ""C15"": 0.025586676685336193, ""C16"": 0.025586676685336193, ""C17"": 0.025586676685336193, ""C18"": 0.025586676685336193, ""C19"": 0.025586676685336193, ""C20"": 0.025586676685336193, ""C21"": 0.025586676685336193, ""C22"": 0.025586676685336193, ""C23"": 0.025586676685336193, ""C24"": 0.02530986465765623, ""C25"": 0.02505623378803877}"
39,39,1,834,7.603534,25,"{""C01"": 1.107475, ""C02"": 1.111313, ""C03"": 1.115152, ""C04"": 1.11899, ""C05"": 1.122828, ""C06"": 1.752323, ""C07"": 1.756162, ""C08"": 1.76, ""C09"": 1.763838, ""C10"": 1.767677, ""C11"": 1.771515, ""C12"": 1.775354, ""C13"": 1.779192, ""C14"": 1.78303, ""C15"": 1.786869, ""C16"": 1.748485, ""C17"": 1.761919, ""C18"": 1.773434, ""C19"": 1.758081, ""C20"": 1.777273, ""C21"": 3.418182, ""C22"": 3.437374, ""C23"": 3.456566, ""C24"": 3.475758, ""C25"": 3.494949}","{""C01"": 0, ""C02"": 0, ""C03"": 0, ""C04"": 0, ""C05"": 0, ""C06"": 0, ""C07"": 0, ""C08"": 0, ""C09"": 0, ""C10"": 0, ""C11"": 0, ""C12"": 0, ""C13"": 0, ""C14"": 0, ""C15"": 0, ""C16"": 0, ""C17"": 0, ""C18"": 0, ""C19"": 0, ""C20"": 0, ""C21"": 0, ""C22"": 0, ""C23"": 0, ""C24"": 469, ""C25"": 917}","{""C01"": 0.025597406581734122, ""C02"": 0.025597406581734122, ""C03"": 0.025597406581734122, ""C04"": 0.025597406581734122, ""C05"": 0.025597406581734122, ""C06"": 0.025597406581734122, ""C07"": 0.025597406581734122, ""C08"": 0.025597406581734122, ""C09"": 0.025597406581734122, ""C10"": 0.025597406581734122, ""C11"": 0.025597406581734122, ""C12"": 0.025597406581734122, ""C13"": 0.025597406581734122, ""C14"": 0.025597406581734122, ""C15"": 0.025597406581734122, ""C16"": 0.025597406581734122, ""C17"": 0.025597406581734122, ""C18"": 0.025597406581734122, ""C19"": 0.025597406581734122, ""C20"": 0.025597406581734122, ""C21"": 0.025597406581734122, ""C22"": 0.025597406581734122, ""C23"": 0.025597406581734122, ""C24"": 0.02532580553928304, ""C25"": 0.02506638227166354}"
40,40,1,817,7.570834,25,"{""C01"": 1.110303, ""C02"": 1.114242, ""C03"": 1.118182, ""C04"": 1.122121, ""C05"": 1.126061, ""C06"": 1.772121, ""C07"": 1.776061, ""C08"": 1.78, ""C09"": 1.783939, ""C10"": 1.787879, ""C11"": 1.791818, ""C12"": 1.795758, ""C13"": 1.799697, ""C14"": 1.803636, ""C15"": 1.807576, ""C16"": 1.768182, ""C17"": 1.78197, ""C18"": 1.793788, ""C19"": 1.77803, ""C20"": 1.797727, ""C21"": 3.481818, ""C22"": 3.501515, ""C23"": 3.521212, ""C24"": 3.540909, ""C25"": 3.560606}","{""C01"": 0, ""C02"": 0, ""C03"": 0, ""C04"": 0, ""C05"": 0, ""C06"": 0, ""C07"": 0, ""C08"": 0, ""C09"": 0, ""C10"": 0, ""C11"": 0, ""C12"": 0, ""C13"": 0, ""C14"": 0, ""C15"": 0, ""C16"": 0, ""C17"": 0, ""C18"": 0, ""C19"": 0, ""C20"": 0, ""C21"": 0, ""C22"": 0, ""C23"": 0, ""C24"": 471, ""C25"": 907}","{""C01"": 0.025607725383682195, ""C02"": 0.025607725383682195, ""C03"": 0.025607725383682195, ""C04"": 0.025607725383682195, ""C05"": 0.025607725383682195, ""C06"": 0.025607725383682195, ""C07"": 0.025607725383682195, ""C08"": 0.025607725383682195, ""C09"": 0.025607725383682195, ""C10"": 0.025607725383682195, ""C11"": 0.025607725383682195, ""C12"": 0.025607725383682195, ""C13"": 0.025607725383682195, ""C14"": 0.025607725383682195, ""C15"": 0.025607725383682195, ""C16"": 0.025607725383682195, ""C17"": 0.025607725383682195, ""C18"": 0.025607725383682195, ""C19"": 0.025607725383682195, ""C20"": 0.025607725383682195, ""C21"": 0.025607725383682195, ""C22"": 0.025607725383682195, ""C23"": 0.025607725383682195, ""C24"": 0.02533496566370959, ""C25"": 0.025082491391915072}"
41,41,1,808,7.263434,25,"{""C01"": 1.113131, ""C02"": 1.117172, ""C03"": 1.121212, ""C04"": 1.125253, ""C05"": 1.129293, ""C06"": 1.791919, ""C07"": 1.79596, ""C08"": 1.8, ""C09"": 1.80404, ""C10"": 1.808081, ""C11"": 1.812121, ""C12"": 1.816162, ""C13"": 1.820202, ""C14"": 1.824242, ""C15"": 1.828283, ""C16"": 1.787879, ""C17"": 1.80202, ""C18"": 1.814141, ""C19"": 1.79798, ""C20"": 1.818182, ""C21"": 3.545455, ""C22"": 3.565657, ""C23"": 3.585859, ""C24"": 3.606061, ""C25"": 3.626263}","{""C01"": 0, ""C02"": 0, ""C03"": 0, ""C04"": 0, ""C05"": 0, ""C06"": 0, ""C07"": 0, ""C08"": 0, ""C09"": 0, ""C10"": 0, ""C11"": 0, ""C12"": 0, ""C13"": 0, ""C14"": 0, ""C15"": 0, ""C16"": 0, ""C17"": 0, ""C18"": 0, ""C19"": 0, ""C20"": 0, ""C21"": 0, ""C22"": 0, ""C23"": 0, ""C24"": 470, ""C25"": 900}","{""C01"": 0.02561769383309928, ""C02"": 0.02561769383309928, ""C03"": 0.02561769383309928, ""C04"": 0.02561769383309928, ""C05"": 0.02561769383309928, ""C06"": 0.02561769383309928, ""C07"": 0.02561769383309928, ""C08"": 0.02561769383309928, ""C09"": 0.02561769383309928, ""C10"": 0.02561769383309928, ""C11"": 0.02561769383309928, ""C12"": 0.02561769383309928, ""C13"": 0.02561769383309928, ""C14"": 0.02561769383309928, ""C15"": 0.02561769383309928, ""C16"": 0.02561769383309928, ""C17"": 0.02561769383309928, ""C18"": 0.02561769383309928, ""C19"": 0.02561769383309928, ""C20"": 0.02561769383309928, ""C21"": 0.02561769383309928, ""C22"": 0.02561769383309928, ""C23"": 0.02561769383309928, ""C24"": 0.025345513228279035, ""C25"": 0.025096513783797056}"
42,42,1,804,7.279166,25,"{""C01"": 1.11596, ""C02"": 1.120101, ""C03"": 1.124242, ""C04"": 1.128384, ""C05"": 1.132525, ""C06"": 1.811717, ""C07"": 1.815859, ""C08"": 1.82, ""C09"": 1.824141, ""C10"": 1.828283, ""C11"": 1.832424, ""C12"": 1.836566, ""C13"": 1.840707, ""C14"": 1.844848, ""C15"": 1.84899, ""C16"": 1.807576, ""C17"": 1.822071, ""C18"": 1.834495, ""C19"": 1.817929, ""C20"": 1.838636, ""C21"": 3.609091, ""C22"": 3.629798, ""C23"": 3.650505, ""C24"": 3.671212, ""C25"": 3.691919}","{""C01"": 0, ""C02"": 0, ""C03"": 0, ""C04"": 0, ""C05"": 0, ""C06"": 0, ""C07"": 0, ""C08"": 0, ""C09"": 0, ""C10"": 0, ""C11"": 0, ""C12"": 0, ""C13"": 0, ""C14"": 0, ""C15"": 0, ""C16"": 0, ""C17"": 0, ""C18"": 0, ""C19"": 0, ""C20"": 0, ""C21"": 0, ""C22"": 0, ""C23"": 0, ""C24"": 465, ""C25"": 897}","{""C01"": 0.025627330010430063, ""C02"": 0.025627330010430063, ""C03"": 0.025627330010430063, ""C04"": 0.025627330010430063, ""C05"": 0.025627330010430063, ""C06"": 0.025627330010430063, ""C07"": 0.025627330010430063, ""C08"": 0.025627330010430063, ""C09"": 0.025627330010430063, ""C10"": 0.025627330010430063, ""C11"": 0.025627330010430063, ""C12"": 0.025627330010430063, ""C13"": 0.025627330010430063, ""C14"": 0.025627330010430063, ""C15"": 0.025627330010430063, ""C16"": 0.025627330010430063, ""C17"": 0.025627330010430063, ""C18"": 0.025627330010430063, ""C19"": 0.025627330010430063, ""C20"": 0.025627330010430063, ""C21"": 0.025627330010430063, ""C22"": 0.025627330010430063, ""C23"": 0.025627330010430063, ""C24"": 0.025358045404540067, ""C25"": 0.025107888350520018}"
43,43,1,801,7.226652,25,"{""C01"": 1.118788, ""C02"": 1.12303, ""C03"": 1.127273, ""C04"": 1.131515, ""C05"": 1.135758, ""C06"": 1.831515, ""C07"": 1.835758, ""C08"": 1.84, ""C09"": 1.844242, ""C10"": 1.848485, ""C11"": 1.852727, ""C12"": 1.85697, ""C13"": 1.861212, ""C14"": 1.865455, ""C15"": 1.869697, ""C16"": 1.827273, ""C17"": 1.842121, ""C18"": 1.854848, ""C19"": 1.837879, ""C20"": 1.859091, ""C21"": 3.672727, ""C22"": 3.693939, ""C23"": 3.715152, ""C24"": 3.736364, ""C25"": 3.757576}","{""C01"": 0, ""C02"": 0, ""C03"": 0, ""C04"": 0, ""C05"": 0, ""C06"": 0, ""C07"": 0, ""C08"": 0, ""C09"": 0, ""C10"": 0, ""C11"": 0, ""C12"": 0, ""C13"": 0, ""C14"": 0, ""C15"": 0, ""C16"": 0, ""C17"": 0, ""C18"": 0, ""C19"": 0, ""C20"": 0, ""C21"": 0, ""C22"": 0, ""C23"": 0, ""C24"": 466, ""C25"": 888}","{""C01"": 0.025636615543762134, ""C02"": 0.025636615543762134, ""C03"": 0.025636615543762134, ""C04"": 0.025636615543762134, ""C05"": 0.025636615543762134, ""C06"": 0.025636615543762134, ""C07"": 0.025636615543762134, ""C08"": 0.025636615543762134, ""C09"": 0.025636615543762134, ""C10"": 0.025636615543762134, ""C11"": 0.025636615543762134, ""C12"": 0.025636615543762134, ""C13"": 0.025636615543762134, ""C14"": 0.025636615543762134, ""C15"": 0.025636615543762134, ""C16"": 0.025636615543762134, ""C17"": 0.025636615543762134, ""C18"": 0.025636615543762134, ""C19"": 0.025636615543762134, ""C20"": 0.025636615543762134, ""C21"": 0.025636615543762134, ""C22"": 0.025636615543762134, ""C23"": 0.025636615543762134, ""C24"": 0.025366752767690633, ""C25"": 0.025122388192646478}"
44,44,1,789,7.120849,25,"{""C01"": 1.121616, ""C02"": 1.12596, ""C03"": 1.130303, ""C04"": 1.134646, ""C05"": 1.13899, ""C06"": 1.851313, ""C07"": 1.855657, ""C08"": 1.86, ""C09"": 1.864343, ""C10"": 1.868687, ""C11"": 1.87303, ""C12"": 1.877374, ""C13"": 1.881717, ""C14"": 1.886061, ""C15"": 1.890404, ""C16"": 1.84697, ""C17"": 1.862172, ""C18"": 1.875202, ""C19"": 1.857828, ""C20"": 1.879545, ""C21"": 3.736364, ""C22"": 3.758081, ""C23"": 3.779798, ""C24"": 3.801515, ""C25"": 3.823232}","{""C01"": 0, ""C02"": 0, ""C03"": 0, ""C04"": 0, ""C05"": 0, ""C06"": 0, ""C07"": 0, ""C08"": 0, ""C09"": 0, ""C10"": 0, ""C11"": 0, ""C12"": 0, ""C13"": 0, ""C14"": 0, ""C15"": 0, ""C16"": 0, ""C17"": 0, ""C18"": 0, ""C19"": 0, ""C20"": 0, ""C21"": 0, ""C22"": 0, ""C23"": 0, ""C24"": 462, ""C25"": 885}","{""C01"": 0.025646184576436498, ""C02"": 0.025646184576436498, ""C03"": 0.025646184576436498, ""C04"": 0.025646184576436498, ""C05"": 0.025646184576436498, ""C06"": 0.025646184576436498, ""C07"": 0.025646184576436498, ""C08"": 0.025646184576436498, ""C09"": 0.025646184576436498, ""C10"": 0.025646184576436498, ""C11"": 0.025646184576436498, ""C12"": 0.025646184576436498, ""C13"": 0.025646184576436498, ""C14"": 0.025646184576436498, ""C15"": 0.025646184576436498, ""C16"": 0.025646184576436498, ""C17"": 0.025646184576436498, ""C18"": 0.025646184576436498, ""C19"": 0.025646184576436498, ""C20"": 0.025646184576436498, ""C21"": 0.025646184576436498, ""C22"": 0.025646184576436498, ""C23"": 0.025646184576436498, ""C24"": 0.025378637065567863, ""C25"": 0.02513369196409475}"
45,45,1,784,6.922197,25,"{""C01"": 1.124444, ""C02"": 1.128889, ""C03"": 1.133333, ""C04"": 1.137778, ""C05"": 1.142222, ""C06"": 1.871111, ""C07"": 1.875556, ""C08"": 1.88, ""C09"": 1.884444, ""C10"": 1.888889, ""C11"": 1.893333, ""C12"": 1.897778, ""C13"": 1.902222, ""C14"": 1.906667, ""C15"": 1.911111, ""C16"": 1.866667, ""C17"": 1.882222, ""C18"": 1.895556, ""C19"": 1.877778, ""C20"": 1.9, ""C21"": 3.8, ""C22"": 3.822222, ""C23"": 3.844444, ""C24"": 3.866667, ""C25"": 3.888889}","{""C01"": 0, ""C02"": 0, ""C03"": 0, ""C04"": 0, ""C05"": 0, ""C06"": 0, ""C07"": 0, ""C08"": 0, ""C09"": 0, ""C10"": 0, ""C11"": 0, ""C12"": 0, ""C13"": 0, ""C14"": 0, ""C15"": 0, ""C16"": 0, ""C17"": 0, ""C18"": 0, ""C19"": 0, ""C20"": 0, ""C21"": 0, ""C22"": 0, ""C23"": 0, ""C24"": 463, ""C25"": 876}","{""C01"": 0.025654846582618906, ""C02"": 0.025654846582618906, ""C03"": 0.025654846582618906, ""C04"": 0.025654846582618906, ""C05"": 0.025654846582618906, ""C06"": 0.025654846582618906, ""C07"": 0.025654846582618906, ""C08"": 0.025654846582618906, ""C09"": 0.025654846582618906, ""C10"": 0.025654846582618906, ""C11"": 0.025654846582618906, ""C12"": 0.025654846582618906, ""C13"": 0.025654846582618906, ""C14"": 0.025654846582618906, ""C15"": 0.025654846582618906, ""C16"": 0.025654846582618906, ""C17"": 0.025654846582618906, ""C18"": 0.025654846582618906, ""C19"": 0.025654846582618906, ""C20"": 0.025654846582618906, ""C21"": 0.025654846582618906, ""C22"": 0.025654846582618906, ""C23"": 0.025654846582618906, ""C24"": 0.025386721769770523, ""C25"": 0.025147570223860254}"
46,46,1,783,7.182738,25,"{""C01"": 1.127273, ""C02"": 1.131818, ""C03"": 1.136364, ""C04"": 1.140909, ""C05"": 1.145455, ""C06"": 1.890909, ""C07"": 1.895455, ""C08"": 1.9, ""C09"": 1.904545, ""C10"": 1.909091, ""C11"": 1.913636, ""C12"": 1.918182, ""C13"": 1.922727, ""C14"": 1.927273, ""C15"": 1.931818, ""C16"": 1.886364, ""C17"": 1.902273, ""C18"": 1.915909, ""C19"": 1.897727, ""C20"": 1.920455, ""C21"": 3.863636, ""C22"": 3.886364, ""C23"": 3.909091, ""C24"": 3.931818, ""C25"": 3.954545}","{""C01"": 0, ""C02"": 0, ""C03"": 0, ""C04"": 0, ""C05"": 0, ""C06"": 0, ""C07"": 0, ""C08"": 0, ""C09"": 0, ""C10"": 0, ""C11"": 0, ""C12"": 0, ""C13"": 0, ""C14"": 0, ""C15"": 0, ""C16"": 0, ""C17"": 0, ""C18"": 0, ""C19"": 0, ""C20"": 0, ""C21"": 0, ""C22"": 0, ""C23"": 0, ""C24"": 458, ""C25"": 874}","{""C01"": 0.02566382006417056, ""C02"": 0.02566382006417056, ""C03"": 0.02566382006417056, ""C04"": 0.02566382006417056, ""C05"": 0.02566382006417056, ""C06"": 0.02566382006417056, ""C07"": 0.02566382006417056, ""C08"": 0.02566382006417056, ""C09"": 0.02566382006417056, ""C10"": 0.02566382006417056, ""C11"": 0.02566382006417056, ""C12"": 0.02566382006417056, ""C13"": 0.02566382006417056, ""C14"": 0.02566382006417056, ""C15"": 0.02566382006417056, ""C16"": 0.02566382006417056, ""C17"": 0.02566382006417056, ""C18"": 0.02566382006417056, ""C19"": 0.02566382006417056, ""C20"": 0.02566382006417056, ""C21"": 0.02566382006417056, ""C22"": 0.02566382006417056, ""C23"": 0.02566382006417056, ""C24"": 0.025398590438396054, ""C25"": 0.025157701126018606}"
47,47,1,780,7.027533,25,"{""C01"": 1.130101, ""C02"": 1.134747, ""C03"": 1.139394, ""C04"": 1.14404, ""C05"": 1.148687, ""C06"": 1.910707, ""C07"": 1.915354, ""C08"": 1.92, ""C09"": 1.924646, ""C10"": 1.929293, ""C11"": 1.933939, ""C12"": 1.938586, ""C13"": 1.943232, ""C14"": 1.947879, ""C15"": 1.952525, ""C16"": 1.906061, ""C17"": 1.922323, ""C18"": 1.936263, ""C19"": 1.917677, ""C20"": 1.940909, ""C21"": 3.927273, ""C22"": 3.950505, ""C23"": 3.973737, ""C24"": 3.99697, ""C25"": 4.020202}","{""C01"": 0, ""C02"": 0, ""C03"": 0, ""C04"": 0, ""C05"": 0, ""C06"": 0, ""C07"": 0, ""C08"": 0, ""C09"": 0, ""C10"": 0, ""C11"": 0, ""C12"": 0, ""C13"": 0, ""C14"": 0, ""C15"": 0, ""C16"": 0, ""C17"": 0, ""C18"": 0, ""C19"": 0, ""C20"": 0, ""C21"": 0, ""C22"": 0, ""C23"": 0, ""C24"": 454, ""C25"": 871}","{""C01"": 0.025672507974800807, ""C02"": 0.025672507974800807, ""C03"": 0.025672507974800807, ""C04"": 0.025672507974800807, ""C05"": 0.025672507974800807, ""C06"": 0.025672507974800807, ""C07"": 0.025672507974800807, ""C08"": 0.025672507974800807, ""C09"": 0.025672507974800807, ""C10"": 0.025672507974800807, ""C11"": 0.025672507974800807, ""C12"": 0.025672507974800807, ""C13"": 0.025672507974800807, ""C14"": 0.025672507974800807, ""C15"": 0.025672507974800807, ""C16"": 0.025672507974800807, ""C17"": 0.025672507974800807, ""C18"": 0.025672507974800807, ""C19"": 0.025672507974800807, ""C20"": 0.025672507974800807, ""C21"": 0.025672507974800807, ""C22"": 0.025672507974800807, ""C23"": 0.025672507974800807, ""C24"": 0.025409594821034196, ""C25"": 0.025168126478697202}"
48,48,1,771,6.863553,25,"{""C01"": 1.132929, ""C02"": 1.137677, ""C03"": 1.142424, ""C04"": 1.147172, ""C05"": 1.151919, ""C06"": 1.930505, ""C07"": 1.935253, ""C08"": 1.94, ""C09"": 1.944747, ""C10"": 1.949495, ""C11"": 1.954242, ""C12"": 1.95899, ""C13"": 1.963737, ""C14"": 1.968485, ""C15"": 1.973232, ""C16"": 1.925758, ""C17"": 1.942374, ""C18"": 1.956616, ""C19"": 1.937626, ""C20"": 1.961364, ""C21"": 3.990909, ""C22"": 4.014646, ""C23"": 4.038384, ""C24"": 4.062121, ""C25"": 4.085859}","{""C01"": 0, ""C02"": 0, ""C03"": 0, ""C04"": 0, ""C05"": 0, ""C06"": 0, ""C07"": 0, ""C08"": 0, ""C09"": 0, ""C10"": 0, ""C11"": 0, ""C12"": 0, ""C13"": 0, ""C14"": 0, ""C15"": 0, ""C16"": 0, ""C17"": 0, ""C18"": 0, ""C19"": 0, ""C20"": 0, ""C21"": 0, ""C22"": 0, ""C23"": 0, ""C24"": 456, ""C25"": 862}","{""C01"": 0.02568090352970534, ""C02"": 0.02568090352970534, ""C03"": 0.02568090352970534, ""C04"": 0.02568090352970534, ""C05"": 0.02568090352970534, ""C06"": 0.02568090352970534, ""C07"": 0.02568090352970534, ""C08"": 0.02568090352970534, ""C09"": 0.02568090352970534, ""C10"": 0.02568090352970534, ""C11"": 0.02568090352970534, ""C12"": 0.02568090352970534, ""C13"": 0.02568090352970534, ""C14"": 0.02568090352970534, ""C15"": 0.02568090352970534, ""C16"": 0.02568090352970534, ""C17"": 0.02568090352970534, ""C18"": 0.02568090352970534, ""C19"": 0.02568090352970534, ""C20"": 0.02568090352970534, ""C21"": 0.02568090352970534, ""C22"": 0.02568090352970534, ""C23"": 0.02568090352970534, ""C24"": 0.02541683260930299, ""C25"": 0.025181735241173595}"
49,49,1,762,6.872347,25,"{""C01"": 1.135758, ""C02"": 1.140606, ""C03"": 1.145455, ""C04"": 1.150303, ""C05"": 1.155152, ""C06"": 1.950303, ""C07"": 1.955152, ""C08"": 1.96, ""C09"": 1.964848, ""C10"": 1.969697, ""C11"": 1.974545, ""C12"": 1.979394, ""C13"": 1.984242, ""C14"": 1.989091, ""C15"": 1.993939, ""C16"": 1.945455, ""C17"": 1.962424, ""C18"": 1.97697, ""C19"": 1.957576, ""C20"": 1.981818, ""C21"": 4.054545, ""C22"": 4.078788, ""C23"": 4.10303, ""C24"": 4.127273, ""C25"": 4.151515}","{""C01"": 0, ""C02"": 0, ""C03"": 0, ""C04"": 0, ""C05"": 0, ""C06"": 0, ""C07"": 0, ""C08"": 0, ""C09"": 0, ""C10"": 0, ""C11"": 0, ""C12"": 0, ""C13"": 0, ""C14"": 0, ""C15"": 0, ""C16"": 0, ""C17"": 0, ""C18"": 0, ""C19"": 0, ""C20"": 0, ""C21"": 0, ""C22"": 0, ""C23"": 0, ""C24"": 455, ""C25"": 857}","{""C01"": 0.0256896325859214, ""C02"": 0.0256896325859214, ""C03"": 0.0256896325859214, ""C04"": 0.0256896325859214, ""C05"": 0.0256896325859214, ""C06"": 0.0256896325859214, ""C07"": 0.0256896325859214, ""C08"": 0.0256896325859214, ""C09"": 0.0256896325859214, ""C10"": 0.0256896325859214, ""C11"": 0.0256896325859214, ""C12"": 0.0256896325859214, ""C13"": 0.0256896325859214, ""C14"": 0.0256896325859214, ""C15"": 0.0256896325859214, ""C16"": 0.0256896325859214, ""C17"": 0.0256896325859214, ""C18"": 0.0256896325859214, ""C19"": 0.0256896325859214, ""C20"": 0.0256896325859214, ""C21"": 0.0256896325859214, ""C22"": 0.0256896325859214, ""C23"": 0.0256896325859214, ""C24"": 0.025426138982494385, ""C25"": 0.025193355909866492}"
50,50,1,768,6.958059,25,"{""C01"": 1.138586, ""C02"": 1.143535, ""C03"": 1.148485, ""C04"": 1.153434, ""C05"": 1.158384, ""C06"": 1.970101, ""C07"": 1.975051, ""C08"": 1.98, ""C09"": 1.984949, ""C10"": 1.989899, ""C11"": 1.994848, ""C12"": 1.999798, ""C13"": 2.004747, ""C14"": 2.009697, ""C15"": 2.014646, ""C16"": 1.965152, ""C17"": 1.982475, ""C18"": 1.997323, ""C19"": 1.977525, ""C20"": 2.002273, ""C21"": 4.118182, ""C22"": 4.142929, ""C23"": 4.167677, ""C24"": 4.192424, ""C25"": 4.217172}","{""C01"": 0, ""C02"": 0, ""C03"": 0, ""C04"": 0, ""C05"": 0, ""C06"": 0, ""C07"": 0, ""C08"": 0, ""C09"": 0, ""C10"": 0, ""C11"": 0, ""C12"": 0, ""C13"": 0, ""C14"": 0, ""C15"": 0, ""C16"": 0, ""C17"": 0, ""C18"": 0, ""C19"": 0, ""C20"": 0, ""C21"": 0, ""C22"": 0, ""C23"": 0, ""C24"": 449, ""C25"": 856}","{""C01"": 0.025697541101788124, ""C02"": 0.025697541101788124, ""C03"": 0.025697541101788124, ""C04"": 0.025697541101788124, ""C05"": 0.025697541101788124, ""C06"": 0.025697541101788124, ""C07"": 0.025697541101788124, ""C08"": 0.025697541101788124, ""C09"": 0.025697541101788124, ""C10"": 0.025697541101788124, ""C11"": 0.025697541101788124, ""C12"": 0.025697541101788124, ""C13"": 0.025697541101788124, ""C14"": 0.025697541101788124, ""C15"": 0.025697541101788124, ""C16"": 0.025697541101788124, ""C17"": 0.025697541101788124, ""C18"": 0.025697541101788124, ""C19"": 0.025697541101788124, ""C20"": 0.025697541101788124, ""C21"": 0.025697541101788124, ""C22"": 0.025697541101788124, ""C23"": 0.025697541101788124, ""C24"": 0.025437523280708366, ""C25"": 0.025201846039082265}"
51,51,1,755,6.972015,25,"{""C01"": 1.141414, ""C02"": 1.146465, ""C03"": 1.151515, ""C04"": 1.156566, ""C05"": 1.161616, ""C06"": 1.989899, ""C07"": 1.994949, ""C08"": 2.0, ""C09"": 2.005051, ""C10"": 2.010101, ""C11"": 2.015152, ""C12"": 2.020202, ""C13"": 2.025253, ""C14"": 2.030303, ""C15"": 2.035354, ""C16"": 1.984848, ""C17"": 2.002525, ""C18"": 2.017677, ""C19"": 1.997475, ""C20"": 2.022727, ""C21"": 4.181818, ""C22"": 4.207071, ""C23"": 4.232323, ""C24"": 4.257576, ""C25"": 4.282828}","{""C01"": 0, ""C02"": 0, ""C03"": 0, ""C04"": 0, ""C05"": 0, ""C06"": 0, ""C07"": 0, ""C08"": 0, ""C09"": 0, ""C10"": 0, ""C11"": 0, ""C12"": 0, ""C13"": 0, ""C14"": 0, ""C15"": 0, ""C16"": 0, ""C17"": 0, ""C18"": 0, ""C19"": 0, ""C20"": 0, ""C21"": 0, ""C22"": 0, ""C23"": 0, ""C24"": 451, ""C25"": 848}","{""C01"": 0.0257057639403349, ""C02"": 0.0257057639403349, ""C03"": 0.0257057639403349, ""C04"": 0.0257057639403349, ""C05"": 0.0257057639403349, ""C06"": 0.0257057639403349, ""C07"": 0.0257057639403349, ""C08"": 0.0257057639403349, ""C09"": 0.0257057639403349, ""C10"": 0.0257057639403349, ""C11"": 0.0257057639403349, ""C12"": 0.0257057639403349, ""C13"": 0.0257057639403349, ""C14"": 0.0257057639403349, ""C15"": 0.0257057639403349, ""C16"": 0.0257057639403349, ""C17"": 0.0257057639403349, ""C18"": 0.0257057639403349, ""C19"": 0.0257057639403349, ""C20"": 0.0257057639403349, ""C21"": 0.0257057639403349, ""C22"": 0.0257057639403349, ""C23"": 0.0257057639403349, ""C24"": 0.02544458649700552, ""C25"": 0.025214699480360297}"
52,52,1,761,7.079788,25,"{""C01"": 1.144242, ""C02"": 1.149394, ""C03"": 1.154545, ""C04"": 1.159697, ""C05"": 1.164848, ""C06"": 2.009697, ""C07"": 2.014848, ""C08"": 2.02, ""C09"": 2.025152, ""C10"": 2.030303, ""C11"": 2.035455, ""C12"": 2.040606, ""C13"": 2.045758, ""C14"": 2.050909, ""C15"": 2.056061, ""C16"": 2.004545, ""C17"": 2.022576, ""C18"": 2.03803, ""C19"": 2.017424, ""C20"": 2.043182, ""C21"": 4.245455, ""C22"": 4.271212, ""C23"": 4.29697, ""C24"": 4.322727, ""C25"": 4.348485}","{""C01"": 0, ""C02"": 0, ""C03"": 0, ""C04"": 0, ""C05"": 0, ""C06"": 0, ""C07"": 0, ""C08"": 0, ""C09"": 0, ""C10"": 0, ""C11"": 0, ""C12"": 0, ""C13"": 0, ""C14"": 0, ""C15"": 0, ""C16"": 0, ""C17"": 0, ""C18"": 0, ""C19"": 0, ""C20"": 0, ""C21"": 0, ""C22"": 0, ""C23"": 0, ""C24"": 449, ""C25"": 843}","{""C01"": 0.025713180320004497, ""C02"": 0.025713180320004497, ""C03"": 0.025713180320004497, ""C04"": 0.025713180320004497, ""C05"": 0.025713180320004497, ""C06"": 0.025713180320004497, ""C07"": 0.025713180320004497, ""C08"": 0.025713180320004497, ""C09"": 0.025713180320004497, ""C10"": 0.025713180320004497, ""C11"": 0.025713180320004497, ""C12"": 0.025713180320004497, ""C13"": 0.025713180320004497, ""C14"": 0.025713180320004497, ""C15"": 0.025713180320004497, ""C16"": 0.025713180320004497, ""C17"": 0.025713180320004497, ""C18"": 0.025713180320004497, ""C19"": 0.025713180320004497, ""C20"": 0.025713180320004497, ""C21"": 0.025713180320004497, ""C22"": 0.025713180320004497, ""C23"": 0.025713180320004497, ""C24"": 0.02545316325788838, ""C25"": 0.025225015644317336}"
53,53,1,762,6.944655,25,"{""C01"": 1.147071, ""C02"": 1.152323, ""C03"": 1.157576, ""C04"": 1.162828, ""C05"": 1.168081, ""C06"": 2.029495, ""C07"": 2.034747, ""C08"": 2.04, ""C09"": 2.045253, ""C10"": 2.050505, ""C11"": 2.055758, ""C12"": 2.06101, ""C13"": 2.066263, ""C14"": 2.071515, ""C15"": 2.076768, ""C16"": 2.024242, ""C17"": 2.042626, ""C18"": 2.058384, ""C19"": 2.037374, ""C20"": 2.063636, ""C21"": 4.309091, ""C22"": 4.335354, ""C23"": 4.361616, ""C24"": 4.387879, ""C25"": 4.414141}","{""C01"": 0, ""C02"": 0, ""C03"": 0, ""C04"": 0, ""C05"": 0, ""C06"": 0, ""C07"": 0, ""C08"": 0, ""C09"": 0, ""C10"": 0, ""C11"": 0, ""C12"": 0, ""C13"": 0, ""C14"": 0, ""C15"": 0, ""C16"": 0, ""C17"": 0, ""C18"": 0, ""C19"": 0, ""C20"": 0, ""C21"": 0, ""C22"": 0, ""C23"": 0, ""C24"": 442, ""C25"": 844}","{""C01"": 0.025720972740221296, ""C02"": 0.025720972740221296, ""C03"": 0.025720972740221296, ""C04"": 0.025720972740221296, ""C05"": 0.025720972740221296, ""C06"": 0.025720972740221296, ""C07"": 0.025720972740221296, ""C08"": 0.025720972740221296, ""C09"": 0.025720972740221296, ""C10"": 0.025720972740221296, ""C11"": 0.025720972740221296, ""C12"": 0.025720972740221296, ""C13"": 0.025720972740221296, ""C14"": 0.025720972740221296, ""C15"": 0.025720972740221296, ""C16"": 0.025720972740221296, ""C17"": 0.025720972740221296, ""C18"": 0.025720972740221296, ""C19"": 0.025720972740221296, ""C20"": 0.025720972740221296, ""C21"": 0.025720972740221296, ""C22"": 0.025720972740221296, ""C23"": 0.025720972740221296, ""C24"": 0.02546500894854989, ""C25"": 0.025232227756063458}"
54,54,1,764,6.951823,25,"{""C01"": 1.149899, ""C02"": 1.155253, ""C03"": 1.160606, ""C04"": 1.16596, ""C05"": 1.171313, ""C06"": 2.049293, ""C07"": 2.054646, ""C08"": 2.06, ""C09"": 2.065354, ""C10"": 2.070707, ""C11"": 2.076061, ""C12"": 2.081414, ""C13"": 2.086768, ""C14"": 2.092121, ""C15"": 2.097475, ""C16"": 2.043939, ""C17"": 2.062677, ""C18"": 2.078737, ""C19"": 2.057323, ""C20"": 2.084091, ""C21"": 4.372727, ""C22"": 4.399495, ""C23"": 4.426263, ""C24"": 4.45303, ""C25"": 4.479798}","{""C01"": 0, ""C02"": 0, ""C03"": 0, ""C04"": 0, ""C05"": 0, ""C06"": 0, ""C07"": 0, ""C08"": 0, ""C09"": 0, ""C10"": 0, ""C11"": 0, ""C12"": 0, ""C13"": 0, ""C14"": 0, ""C15"": 0, ""C16"": 0, ""C17"": 0, ""C18"": 0, ""C19"": 0, ""C20"": 0, ""C21"": 0, ""C22"": 0, ""C23"": 0, ""C24"": 437, ""C25"": 843}","{""C01"": 0.02572853930768701, ""C02"": 0.02572853930768701, ""C03"": 0.02572853930768701, ""C04"": 0.02572853930768701, ""C05"": 0.02572853930768701, ""C06"": 0.02572853930768701, ""C07"": 0.02572853930768701, ""C08"": 0.02572853930768701, ""C09"": 0.02572853930768701, ""C10"": 0.02572853930768701, ""C11"": 0.02572853930768701, ""C12"": 0.02572853930768701, ""C13"": 0.02572853930768701, ""C14"": 0.02572853930768701, ""C15"": 0.02572853930768701, ""C16"": 0.02572853930768701, ""C17"": 0.02572853930768701, ""C18"": 0.02572853930768701, ""C19"": 0.02572853930768701, ""C20"": 0.02572853930768701, ""C21"": 0.02572853930768701, ""C22"": 0.02572853930768701, ""C23"": 0.02572853930768701, ""C24"": 0.025475470891638194, ""C25"": 0.02524037301981392}"
55,55,1,759,6.673750,25,"{""C01"": 1.152727, ""C02"": 1.158182, ""C03"": 1.163636, ""C04"": 1.169091, ""C05"": 1.174545, ""C06"": 2.069091, ""C07"": 2.074545, ""C08"": 2.08, ""C09"": 2.085455, ""C10"": 2.090909, ""C11"": 2.096364, ""C12"": 2.101818, ""C13"": 2.107273, ""C14"": 2.112727, ""C15"": 2.118182, ""C16"": 2.063636, ""C17"": 2.082727, ""C18"": 2.099091, ""C19"": 2.077273, ""C20"": 2.104545, ""C21"": 4.436364, ""C22"": 4.463636, ""C23"": 4.490909, ""C24"": 4.518182, ""C25"": 4.545455}","{""C01"": 0, ""C02"": 0, ""C03"": 0, ""C04"": 0, ""C05"": 0, ""C06"": 0, ""C07"": 0, ""C08"": 0, ""C09"": 0, ""C10"": 0, ""C11"": 0, ""C12"": 0, ""C13"": 0, ""C14"": 0, ""C15"": 0, ""C16"": 0, ""C17"": 0, ""C18"": 0, ""C19"": 0, ""C20"": 0, ""C21"": 0, ""C22"": 0, ""C23"": 0, ""C24"": 437, ""C25"": 837}","{""C01"": 0.025735876762869037, ""C02"": 0.025735876762869037, ""C03"": 0.025735876762869037, ""C04"": 0.025735876762869037, ""C05"": 0.025735876762869037, ""C06"": 0.025735876762869037, ""C07"": 0.025735876762869037, ""C08"": 0.025735876762869037, ""C09"": 0.025735876762869037, ""C10"": 0.025735876762869037, ""C11"": 0.025735876762869037, ""C12"": 0.025735876762869037, ""C13"": 0.025735876762869037, ""C14"": 0.025735876762869037, ""C15"": 0.025735876762869037, ""C16"": 0.025735876762869037, ""C17"": 0.025735876762869037, ""C18"": 0.025735876762869037, ""C19"": 0.025735876762869037, ""C20"": 0.025735876762869037, ""C21"": 0.025735876762869037, ""C22"": 0.025735876762869037, ""C23"": 0.025735876762869037, ""C24"": 0.02548280851705509, ""C25"": 0.025251185626222052}"
56,56,1,756,6.527282,25,"{""C01"": 1.155556, ""C02"": 1.161111, ""C03"": 1.166667, ""C04"": 1.172222, ""C05"": 1.177778, ""C06"": 2.088889, ""C07"": 2.094444, ""C08"": 2.1, ""C09"": 2.105556, ""C10"": 2.111111, ""C11"": 2.116667, ""C12"": 2.122222, ""C13"": 2.127778, ""C14"": 2.133333, ""C15"": 2.138889, ""C16"": 2.083333, ""C17"": 2.102778, ""C18"": 2.119444, ""C19"": 2.097222, ""C20"": 2.125, ""C21"": 4.5, ""C22"": 4.527778, ""C23"": 4.555556, ""C24"": 4.583333, ""C25"": 4.611111}","{""C01"": 0, ""C02"": 0, ""C03"": 0, ""C04"": 0, ""C05"": 0, ""C06"": 0, ""C07"": 0, ""C08"": 0, ""C09"": 0, ""C10"": 0, ""C11"": 0, ""C12"": 0, ""C13"": 0, ""C14"": 0, ""C15"": 0, ""C16"": 0, ""C17"": 0, ""C18"": 0, ""C19"": 0, ""C20"": 0, ""C21"": 0, ""C22"": 0, ""C23"": 0, ""C24"": 435, ""C25"": 833}","{""C01"": 0.0257430163535054, ""C02"": 0.0257430163535054, ""C03"": 0.0257430163535054, ""C04"": 0.0257430163535054, ""C05"": 0.0257430163535054, ""C06"": 0.0257430163535054, ""C07"": 0.0257430163535054, ""C08"": 0.0257430163535054, ""C09"": 0.0257430163535054, ""C10"": 0.0257430163535054, ""C11"": 0.0257430163535054, ""C12"": 0.0257430163535054, ""C13"": 0.0257430163535054, ""C14"": 0.0257430163535054, ""C15"": 0.0257430163535054, ""C16"": 0.0257430163535054, ""C17"": 0.0257430163535054, ""C18"": 0.0257430163535054, ""C19"": 0.0257430163535054, ""C20"": 0.0257430163535054, ""C21"": 0.0257430163535054, ""C22"": 0.0257430163535054, ""C23"": 0.0257430163535054, ""C24"": 0.025491106782670008, ""C25"": 0.025260642733306013}"
57,57,1,749,6.531583,25,"{""C01"": 1.158384, ""C02"": 1.16404, ""C03"": 1.169697, ""C04"": 1.175354, ""C05"": 1.18101, ""C06"": 2.108687, ""C07"": 2.114343, ""C08"": 2.12, ""C09"": 2.125657, ""C10"": 2.131313, ""C11"": 2.13697, ""C12"": 2.142626, ""C13"": 2.148283, ""C14"": 2.153939, ""C15"": 2.159596, ""C16"": 2.10303, ""C17"": 2.122828, ""C18"": 2.139798, ""C19"": 2.117172, ""C20"": 2.145455, ""C21"": 4.563636, ""C22"": 4.591919, ""C23"": 4.620202, ""C24"": 4.648485, ""C25"": 4.676768}","{""C01"": 0, ""C02"": 0, ""C03"": 0, ""C04"": 0, ""C05"": 0, ""C06"": 0, ""C07"": 0, ""C08"": 0, ""C09"": 0, ""C10"": 0, ""C11"": 0, ""C12"": 0, ""C13"": 0, ""C14"": 0, ""C15"": 0, ""C16"": 0, ""C17"": 0, ""C18"": 0, ""C19"": 0, ""C20"": 0, ""C21"": 0, ""C22"": 0, ""C23"": 0, ""C24"": 434, ""C25"": 829}","{""C01"": 0.025750540068701713, ""C02"": 0.025750540068701713, ""C03"": 0.025750540068701713, ""C04"": 0.025750540068701713, ""C05"": 0.025750540068701713, ""C06"": 0.025750540068701713, ""C07"": 0.025750540068701713, ""C08"": 0.025750540068701713, ""C09"": 0.025750540068701713, ""C10"": 0.025750540068701713, ""C11"": 0.025750540068701713, ""C12"": 0.025750540068701713, ""C13"": 0.025750540068701713, ""C14"": 0.025750540068701713, ""C15"": 0.025750540068701713, ""C16"": 0.025750540068701713, ""C17"": 0.025750540068701713, ""C18"": 0.025750540068701713, ""C19"": 0.025750540068701713, ""C20"": 0.025750540068701713, ""C21"": 0.025750540068701713, ""C22"": 0.025750540068701713, ""C23"": 0.025750540068701713, ""C24"": 0.02549920744722508, ""C25"": 0.02527047857114823}"
58,58,1,754,6.725620,25,"{""C01"": 1.161212, ""C02"": 1.16697, ""C03"": 1.172727, ""C04"": 1.178485, ""C05"": 1.184242, ""C06"": 2.128485, ""C07"": 2.134242, ""C08"": 2.14, ""C09"": 2.145758, ""C10"": 2.151515, ""C11"": 2.157273, ""C12"": 2.16303, ""C13"": 2.168788, ""C14"": 2.174545, ""C15"": 2.180303, ""C16"": 2.122727, ""C17"": 2.142879, ""C18"": 2.160152, ""C19"": 2.137121, ""C20"": 2.165909, ""C21"": 4.627273, ""C22"": 4.656061, ""C23"": 4.684848, ""C24"": 4.713636, ""C25"": 4.742424}","{""C01"": 0, ""C02"": 0, ""C03"": 0, ""C04"": 0, ""C05"": 0, ""C06"": 0, ""C07"": 0, ""C08"": 0, ""C09"": 0, ""C10"": 0, ""C11"": 0, ""C12"": 0, ""C13"": 0, ""C14"": 0, ""C15"": 0, ""C16"": 0, ""C17"": 0, ""C18"": 0, ""C19"": 0, ""C20"": 0, ""C21"": 0, ""C22"": 0, ""C23"": 0, ""C24"": 425, ""C25"": 832}","{""C01"": 0.02575731499977378, ""C02"": 0.02575731499977378, ""C03"": 0.02575731499977378, ""C04"": 0.02575731499977378, ""C05"": 0.02575731499977378, ""C06"": 0.02575731499977378, ""C07"": 0.02575731499977378, ""C08"": 0.02575731499977378, ""C09"": 0.02575731499977378, ""C10"": 0.02575731499977378, ""C11"": 0.02575731499977378, ""C12"": 0.02575731499977378, ""C13"": 0.02575731499977378, ""C14"": 0.02575731499977378, ""C15"": 0.02575731499977378, ""C16"": 0.02575731499977378, ""C17"": 0.02575731499977378, ""C18"": 0.02575731499977378, ""C19"": 0.02575731499977378, ""C20"": 0.02575731499977378, ""C21"": 0.02575731499977378, ""C22"": 0.02575731499977378, ""C23"": 0.02575731499977378, ""C24"": 0.025511195549676388, ""C25"": 0.02527551821035785}"
59,59,1,758,6.804593,25,"{""C01"": 1.16404, ""C02"": 1.169899, ""C03"": 1.175758, ""C04"": 1.181616, ""C05"": 1.187475, ""C06"": 2.148283, ""C07"": 2.154141, ""C08"": 2.16, ""C09"": 2.165859, ""C10"": 2.171717, ""C11"": 2.177576, ""C12"": 2.183434, ""C13"": 2.189293, ""C14"": 2.195152, ""C15"": 2.20101, ""C16"": 2.142424, ""C17"": 2.162929, ""C18"": 2.180505, ""C19"": 2.157071, ""C20"": 2.186364, ""C21"": 4.690909, ""C22"": 4.720202, ""C23"": 4.749495, ""C24"": 4.778788, ""C25"": 4.808081}","{""C01"": 0, ""C02"": 0, ""C03"": 0, ""C04"": 0, ""C05"": 0, ""C06"": 0, ""C07"": 0, ""C08"": 0, ""C09"": 0, ""C10"": 0, ""C11"": 0, ""C12"": 0, ""C13"": 0, ""C14"": 0, ""C15"": 0, ""C16"": 0, ""C17"": 0, ""C18"": 0, ""C19"": 0, ""C20"": 0, ""C21"": 0, ""C22"": 0, ""C23"": 0, ""C24"": 427, ""C25"": 824}","{""C01"": 0.02576386536420111, ""C02"": 0.02576386536420111, ""C03"": 0.02576386536420111, ""C04"": 0.02576386536420111, ""C05"": 0.02576386536420111, ""C06"": 0.02576386536420111, ""C07"": 0.02576386536420111, ""C08"": 0.02576386536420111, ""C09"": 0.02576386536420111, ""C10"": 0.02576386536420111, ""C11"": 0.02576386536420111, ""C12"": 0.02576386536420111, ""C13"": 0.02576386536420111, ""C14"": 0.02576386536420111, ""C15"": 0.02576386536420111, ""C16"": 0.02576386536420111, ""C17"": 0.02576386536420111, ""C18"": 0.02576386536420111, ""C19"": 0.02576386536420111, ""C20"": 0.02576386536420111, ""C21"": 0.02576386536420111, ""C22"": 0.02576386536420111, ""C23"": 0.02576386536420111, ""C24"": 0.02551658903651544, ""C25"": 0.025286704628477364}"
60,60,1,753,6.838225,25,"{""C01"": 1.166869, ""C02"": 1.172828, ""C03"": 1.178788, ""C04"": 1.184747, ""C05"": 1.190707, ""C06"": 2.168081, ""C07"": 2.17404, ""C08"": 2.18, ""C09"": 2.18596, ""C10"": 2.191919, ""C11"": 2.197879, ""C12"": 2.203838, ""C13"": 2.209798, ""C14"": 2.215758, ""C15"": 2.221717, ""C16"": 2.162121, ""C17"": 2.18298, ""C18"": 2.200859, ""C19"": 2.17702, ""C20"": 2.206818, ""C21"": 4.754545, ""C22"": 4.784343, ""C23"": 4.814141, ""C24"": 4.843939, ""C25"": 4.873737}","{""C01"": 0, ""C02"": 0, ""C03"": 0, ""C04"": 0, ""C05"": 0, ""C06"": 0, ""C07"": 0, ""C08"": 0, ""C09"": 0, ""C10"": 0, ""C11"": 0, ""C12"": 0, ""C13"": 0, ""C14"": 0, ""C15"": 0, ""C16"": 0, ""C17"": 0, ""C18"": 0, ""C19"": 0, ""C20"": 0, ""C21"": 0, ""C22"": 0, ""C23"": 0, ""C24"": 423, ""C25"": 823}","{""C01"": 0.025770842888356363, ""C02"": 0.025770842888356363, ""C03"": 0.025770842888356363, ""C04"": 0.025770842888356363, ""C05"": 0.025770842888356363, ""C06"": 0.025770842888356363, ""C07"": 0.025770842888356363, ""C08"": 0.025770842888356363, ""C09"": 0.025770842888356363, ""C10"": 0.025770842888356363, ""C11"": 0.025770842888356363, ""C12"": 0.025770842888356363, ""C13"": 0.025770842888356363, ""C14"": 0.025770842888356363, ""C15"": 0.025770842888356363, ""C16"": 0.025770842888356363, ""C17"": 0.025770842888356363, ""C18"": 0.025770842888356363, ""C19"": 0.025770842888356363, ""C20"": 0.025770842888356363, ""C21"": 0.025770842888356363, ""C22"": 0.025770842888356363, ""C23"": 0.025770842888356363, ""C24"": 0.025525881830444776, ""C25"": 0.025294258605865164}"
61,61,1,747,6.502122,25,"{""C01"": 1.169697, ""C02"": 1.175758, ""C03"": 1.181818, ""C04"": 1.187879, ""C05"": 1.193939, ""C06"": 2.187879, ""C07"": 2.193939, ""C08"": 2.2, ""C09"": 2.206061, ""C10"": 2.212121, ""C11"": 2.218182, ""C12"": 2.224242, ""C13"": 2.230303, ""C14"": 2.236364, ""C15"": 2.242424, ""C16"": 2.181818, ""C17"": 2.20303, ""C18"": 2.221212, ""C19"": 2.19697, ""C20"": 2.227273, ""C21"": 4.818182, ""C22"": 4.848485, ""C23"": 4.878788, ""C24"": 4.909091, ""C25"": 4.939394}","{""C01"": 0, ""C02"": 0, ""C03"": 0, ""C04"": 0, ""C05"": 0, ""C06"": 0, ""C07"": 0, ""C08"": 0, ""C09"": 0, ""C10"": 0, ""C11"": 0, ""C12"": 0, ""C13"": 0, ""C14"": 0, ""C15"": 0, ""C16"": 0, ""C17"": 0, ""C18"": 0, ""C19"": 0, ""C20"": 0, ""C21"": 0, ""C22"": 0, ""C23"": 0, ""C24"": 427, ""C25"": 814}","{""C01"": 0.025777617620756185, ""C02"": 0.025777617620756185, ""C03"": 0.025777617620756185, ""C04"": 0.025777617620756185, ""C05"": 0.025777617620756185, ""C06"": 0.025777617620756185, ""C07"": 0.025777617620756185, ""C08"": 0.025777617620756185, ""C09"": 0.025777617620756185, ""C10"": 0.025777617620756185, ""C11"": 0.025777617620756185, ""C12"": 0.025777617620756185, ""C13"": 0.025777617620756185, ""C14"": 0.025777617620756185, ""C15"": 0.025777617620756185, ""C16"": 0.025777617620756185, ""C17"": 0.025777617620756185, ""C18"": 0.025777617620756185, ""C19"": 0.025777617620756185, ""C20"": 0.025777617620756185, ""C21"": 0.025777617620756185, ""C22"": 0.025777617620756185, ""C23"": 0.025777617620756185, ""C24"": 0.025530339018121725, ""C25"": 0.02530624360135756}"
62,62,1,755,6.524725,25,"{""C01"": 1.172525, ""C02"": 1.178687, ""C03"": 1.184848, ""C04"": 1.19101, ""C05"": 1.197172, ""C06"": 2.207677, ""C07"": 2.213838, ""C08"": 2.22, ""C09"": 2.226162, ""C10"": 2.232323, ""C11"": 2.238485, ""C12"": 2.244646, ""C13"": 2.250808, ""C14"": 2.25697, ""C15"": 2.263131, ""C16"": 2.201515, ""C17"": 2.223081, ""C18"": 2.241566, ""C19"": 2.216919, ""C20"": 2.247727, ""C21"": 4.881818, ""C22"": 4.912626, ""C23"": 4.943434, ""C24"": 4.974242, ""C25"": 5.005051}","{""C01"": 0, ""C02"": 0, ""C03"": 0, ""C04"": 0, ""C05"": 0, ""C06"": 0, ""C07"": 0, ""C08"": 0, ""C09"": 0, ""C10"": 0, ""C11"": 0, ""C12"": 0, ""C13"": 0, ""C14"": 0, ""C15"": 0, ""C16"": 0, ""C17"": 0, ""C18"": 0, ""C19"": 0, ""C20"": 0, ""C21"": 0, ""C22"": 0, ""C23"": 0, ""C24"": 421, ""C25"": 814}","{""C01"": 0.02578367376870061, ""C02"": 0.02578367376870061, ""C03"": 0.02578367376870061, ""C04"": 0.02578367376870061, ""C05"": 0.02578367376870061, ""C06"": 0.02578367376870061, ""C07"": 0.02578367376870061, ""C08"": 0.02578367376870061, ""C09"": 0.02578367376870061, ""C10"": 0.02578367376870061, ""C11"": 0.02578367376870061, ""C12"": 0.02578367376870061, ""C13"": 0.02578367376870061, ""C14"": 0.02578367376870061, ""C15"": 0.02578367376870061, ""C16"": 0.02578367376870061, ""C17"": 0.02578367376870061, ""C18"": 0.02578367376870061, ""C19"": 0.02578367376870061, ""C20"": 0.02578367376870061, ""C21"": 0.02578367376870061, ""C22"": 0.02578367376870061, ""C23"": 0.02578367376870061, ""C24"": 0.025539872151515087, ""C25"": 0.025312304346605814}"
63,63,1,759,6.639544,25,"{""C01"": 1.175354, ""C02"": 1.181616, ""C03"": 1.187879, ""C04"": 1.194141, ""C05"": 1.200404, ""C06"": 2.227475, ""C07"": 2.233737, ""C08"": 2.24, ""C09"": 2.246263, ""C10"": 2.252525, ""C11"": 2.258788, ""C12"": 2.265051, ""C13"": 2.271313, ""C14"": 2.277576, ""C15"": 2.283838, ""C16"": 2.221212, ""C17"": 2.243131, ""C18"": 2.261919, ""C19"": 2.236869, ""C20"": 2.268182, ""C21"": 4.945455, ""C22"": 4.976768, ""C23"": 5.008081, ""C24"": 5.039394, ""C25"": 5.070707}","{""C01"": 0, ""C02"": 0, ""C03"": 0, ""C04"": 0, ""C05"": 0, ""C06"": 0, ""C07"": 0, ""C08"": 0, ""C09"": 0, ""C10"": 0, ""C11"": 0, ""C12"": 0, ""C13"": 0, ""C14"": 0, ""C15"": 0, ""C16"": 0, ""C17"": 0, ""C18"": 0, ""C19"": 0, ""C20"": 0, ""C21"": 0, ""C22"": 0, ""C23"": 0, ""C24"": 414, ""C25"": 816}","{""C01"": 0.025790155458311648, ""C02"": 0.025790155458311648, ""C03"": 0.025790155458311648, ""C04"": 0.025790155458311648, ""C05"": 0.025790155458311648, ""C06"": 0.025790155458311648, ""C07"": 0.025790155458311648, ""C08"": 0.025790155458311648, ""C09"": 0.025790155458311648, ""C10"": 0.025790155458311648, ""C11"": 0.025790155458311648, ""C12"": 0.025790155458311648, ""C13"": 0.025790155458311648, ""C14"": 0.025790155458311648, ""C15"": 0.025790155458311648, ""C16"": 0.025790155458311648, ""C17"": 0.025790155458311648, ""C18"": 0.025790155458311648, ""C19"": 0.025790155458311648, ""C20"": 0.025790155458311648, ""C21"": 0.025790155458311648, ""C22"": 0.025790155458311648, ""C23"": 0.025790155458311648, ""C24"": 0.025550407161538446, ""C25"": 0.025317626695083497}"
64,64,1,762,6.803383,25,"{""C01"": 1.178182, ""C02"": 1.184545, ""C03"": 1.190909, ""C04"": 1.197273, ""C05"": 1.203636, ""C06"": 2.247273, ""C07"": 2.253636, ""C08"": 2.26, ""C09"": 2.266364, ""C10"": 2.272727, ""C11"": 2.279091, ""C12"": 2.285455, ""C13"": 2.291818, ""C14"": 2.298182, ""C15"": 2.304545, ""C16"": 2.240909, ""C17"": 2.263182, ""C18"": 2.282273, ""C19"": 2.256818, ""C20"": 2.288636, ""C21"": 5.009091, ""C22"": 5.040909, ""C23"": 5.072727, ""C24"": 5.104545, ""C25"": 5.136364}","{""C01"": 0, ""C02"": 0, ""C03"": 0, ""C04"": 0, ""C05"": 0, ""C06"": 0, ""C07"": 0, ""C08"": 0, ""C09"": 0, ""C10"": 0, ""C11"": 0, ""C12"": 0, ""C13"": 0, ""C14"": 0, ""C15"": 0, ""C16"": 0, ""C17"": 0, ""C18"": 0, ""C19"": 0, ""C20"": 0, ""C21"": 0, ""C22"": 0, ""C23"": 0, ""C24"": 410, ""C25"": 815}","{""C01"": 0.025796467490310976, ""C02"": 0.025796467490310976, ""C03"": 0.025796467490310976, ""C04"": 0.025796467490310976, ""C05"": 0.025796467490310976, ""C06"": 0.025796467490310976, ""C07"": 0.025796467490310976, ""C08"": 0.025796467490310976, ""C09"": 0.025796467490310976, ""C10"": 0.025796467490310976, ""C11"": 0.025796467490310976, ""C12"": 0.025796467490310976, ""C13"": 0.025796467490310976, ""C14"": 0.025796467490310976, ""C15"": 0.025796467490310976, ""C16"": 0.025796467490310976, ""C17"": 0.025796467490310976, ""C18"": 0.025796467490310976, ""C19"": 0.025796467490310976, ""C20"": 0.025796467490310976, ""C21"": 0.025796467490310976, ""C22"": 0.025796467490310976, ""C23"": 0.025796467490310976, ""C24"": 0.02555903544635688, ""C25"": 0.02532451738683676}"
65,65,1,760,6.791991,25,"{""C01"": 1.18101, ""C02"": 1.187475, ""C03"": 1.193939, ""C04"": 1.200404, ""C05"": 1.206869, ""C06"": 2.267071, ""C07"": 2.273535, ""C08"": 2.28, ""C09"": 2.286465, ""C10"": 2.292929, ""C11"": 2.299394, ""C12"": 2.305859, ""C13"": 2.312323, ""C14"": 2.318788, ""C15"": 2.325253, ""C16"": 2.260606, ""C17"": 2.283232, ""C18"": 2.302626, ""C19"": 2.276768, ""C20"": 2.309091, ""C21"": 5.072727, ""C22"": 5.105051, ""C23"": 5.137374, ""C24"": 5.169697, ""C25"": 5.20202}","{""C01"": 0, ""C02"": 0, ""C03"": 0, ""C04"": 0, ""C05"": 0, ""C06"": 0, ""C07"": 0, ""C08"": 0, ""C09"": 0, ""C10"": 0, ""C11"": 0, ""C12"": 0, ""C13"": 0, ""C14"": 0, ""C15"": 0, ""C16"": 0, ""C17"": 0, ""C18"": 0, ""C19"": 0, ""C20"": 0, ""C21"": 0, ""C22"": 0, ""C23"": 0, ""C24"": 408, ""C25"": 812}","{""C01"": 0.025802617984396342, ""C02"": 0.025802617984396342, ""C03"": 0.025802617984396342, ""C04"": 0.025802617984396342, ""C05"": 0.025802617984396342, ""C06"": 0.025802617984396342, ""C07"": 0.025802617984396342, ""C08"": 0.025802617984396342, ""C09"": 0.025802617984396342, ""C10"": 0.025802617984396342, ""C11"": 0.025802617984396342, ""C12"": 0.025802617984396342, ""C13"": 0.025802617984396342, ""C14"": 0.025802617984396342, ""C15"": 0.025802617984396342, ""C16"": 0.025802617984396342, ""C17"": 0.025802617984396342, ""C18"": 0.025802617984396342, ""C19"": 0.025802617984396342, ""C20"": 0.025802617984396342, ""C21"": 0.025802617984396342, ""C22"": 0.025802617984396342, ""C23"": 0.025802617984396342, ""C24"": 0.025566344224816708, ""C25"": 0.025332405376501527}"
66,66,1,760,6.540187,25,"{""C01"": 1.183838, ""C02"": 1.190404, ""C03"": 1.19697, ""C04"": 1.203535, ""C05"": 1.210101, ""C06"": 2.286869, ""C07"": 2.293434, ""C08"": 2.3, ""C09"": 2.306566, ""C10"": 2.313131, ""C11"": 2.319697, ""C12"": 2.326263, ""C13"": 2.332828, ""C14"": 2.339394, ""C15"": 2.34596, ""C16"": 2.280303, ""C17"": 2.303283, ""C18"": 2.32298, ""C19"": 2.296717, ""C20"": 2.329545, ""C21"": 5.136364, ""C22"": 5.169192, ""C23"": 5.20202, ""C24"": 5.234848, ""C25"": 5.267677}","{""C01"": 0, ""C02"": 0, ""C03"": 0, ""C04"": 0, ""C05"": 0, ""C06"": 0, ""C07"": 0, ""C08"": 0, ""C09"": 0, ""C10"": 0, ""C11"": 0, ""C12"": 0, ""C13"": 0, ""C14"": 0, ""C15"": 0, ""C16"": 0, ""C17"": 0, ""C18"": 0, ""C19"": 0, ""C20"": 0, ""C21"": 0, ""C22"": 0, ""C23"": 0, ""C24"": 407, ""C25"": 808}","{""C01"": 0.02580861507964549, ""C02"": 0.02580861507964549, ""C03"": 0.02580861507964549, ""C04"": 0.02580861507964549, ""C05"": 0.02580861507964549, ""C06"": 0.02580861507964549, ""C07"": 0.02580861507964549, ""C08"": 0.02580861507964549, ""C09"": 0.02580861507964549, ""C10"": 0.02580861507964549, ""C11"": 0.02580861507964549, ""C12"": 0.02580861507964549, ""C13"": 0.02580861507964549, ""C14"": 0.02580861507964549, ""C15"": 0.02580861507964549, ""C16"": 0.02580861507964549, ""C17"": 0.02580861507964549, ""C18"": 0.02580861507964549, ""C19"": 0.02580861507964549, ""C20"": 0.02580861507964549, ""C21"": 0.02580861507964549, ""C22"": 0.02580861507964549, ""C23"": 0.02580861507964549, ""C24"": 0.02557292073221473, ""C25"": 0.025340719639642507}"
67,67,1,762,6.702222,25,"{""C01"": 1.186667, ""C02"": 1.193333, ""C03"": 1.2, ""C04"": 1.206667, ""C05"": 1.213333, ""C06"": 2.306667, ""C07"": 2.313333, ""C08"": 2.32, ""C09"": 2.326667, ""C10"": 2.333333, ""C11"": 2.34, ""C12"": 2.346667, ""C13"": 2.353333, ""C14"": 2.36, ""C15"": 2.366667, ""C16"": 2.3, ""C17"": 2.323333, ""C18"": 2.343333, ""C19"": 2.316667, ""C20"": 2.35, ""C21"": 5.2, ""C22"": 5.233333, ""C23"": 5.266667, ""C24"": 5.3, ""C25"": 5.333333}","{""C01"": 0, ""C02"": 0, ""C03"": 0, ""C04"": 0, ""C05"": 0, ""C06"": 0, ""C07"": 0, ""C08"": 0, ""C09"": 0, ""C10"": 0, ""C11"": 0, ""C12"": 0, ""C13"": 0, ""C14"": 0, ""C15"": 0, ""C16"": 0, ""C17"": 0, ""C18"": 0, ""C19"": 0, ""C20"": 0, ""C21"": 0, ""C22"": 0, ""C23"": 0, ""C24"": 406, ""C25"": 804}","{""C01"": 0.02581446658154285, ""C02"": 0.02581446658154285, ""C03"": 0.02581446658154285, ""C04"": 0.02581446658154285, ""C05"": 0.02581446658154285, ""C06"": 0.02581446658154285, ""C07"": 0.02581446658154285, ""C08"": 0.02581446658154285, ""C09"": 0.02581446658154285, ""C10"": 0.02581446658154285, ""C11"": 0.02581446658154285, ""C12"": 0.02581446658154285, ""C13"": 0.02581446658154285, ""C14"": 0.02581446658154285, ""C15"": 0.02581446658154285, ""C16"": 0.02581446658154285, ""C17"": 0.02581446658154285, ""C18"": 0.02581446658154285, ""C19"": 0.02581446658154285, ""C20"": 0.02581446658154285, ""C21"": 0.02581446658154285, ""C22"": 0.02581446658154285, ""C23"": 0.02581446658154285, ""C24"": 0.02557935187265028, ""C25"": 0.025348888815571662}"
68,68,1,760,6.632634,25,"{""C01"": 1.189495, ""C02"": 1.196263, ""C03"": 1.20303, ""C04"": 1.209798, ""C05"": 1.216566, ""C06"": 2.326465, ""C07"": 2.333232, ""C08"": 2.34, ""C09"": 2.346768, ""C10"": 2.353535, ""C11"": 2.360303, ""C12"": 2.367071, ""C13"": 2.373838, ""C14"": 2.380606, ""C15"": 2.387374, ""C16"": 2.319697, ""C17"": 2.343384, ""C18"": 2.363687, ""C19"": 2.336616, ""C20"": 2.370455, ""C21"": 5.263636, ""C22"": 5.297475, ""C23"": 5.331313, ""C24"": 5.365152, ""C25"": 5.39899}","{""C01"": 0, ""C02"": 0, ""C03"": 0, ""C04"": 0, ""C05"": 0, ""C06"": 0, ""C07"": 0, ""C08"": 0, ""C09"": 0, ""C10"": 0, ""C11"": 0, ""C12"": 0, ""C13"": 0, ""C14"": 0, ""C15"": 0, ""C16"": 0, ""C17"": 0, ""C18"": 0, ""C19"": 0, ""C20"": 0, ""C21"": 0, ""C22"": 0, ""C23"": 0, ""C24"": 403, ""C25"": 802}","{""C01"": 0.02582018405144229, ""C02"": 0.02582018405144229, ""C03"": 0.02582018405144229, ""C04"": 0.02582018405144229, ""C05"": 0.02582018405144229, ""C06"": 0.02582018405144229, ""C07"": 0.02582018405144229, ""C08"": 0.02582018405144229, ""C09"": 0.02582018405144229, ""C10"": 0.02582018405144229, ""C11"": 0.02582018405144229, ""C12"": 0.02582018405144229, ""C13"": 0.02582018405144229, ""C14"": 0.02582018405144229, ""C15"": 0.02582018405144229, ""C16"": 0.02582018405144229, ""C17"": 0.02582018405144229, ""C18"": 0.02582018405144229, ""C19"": 0.02582018405144229, ""C20"": 0.02582018405144229, ""C21"": 0.02582018405144229, ""C22"": 0.02582018405144229, ""C23"": 0.02582018405144229, ""C24"": 0.025586807403784773, ""C25"": 0.02535576614211846}"
69,69,1,761,6.599020,25,"{""C01"": 1.192323, ""C02"": 1.199192, ""C03"": 1.206061, ""C04"": 1.212929, ""C05"": 1.219798, ""C06"": 2.346263, ""C07"": 2.353131, ""C08"": 2.36, ""C09"": 2.366869, ""C10"": 2.373737, ""C11"": 2.380606, ""C12"": 2.387475, ""C13"": 2.394343, ""C14"": 2.401212, ""C15"": 2.408081, ""C16"": 2.339394, ""C17"": 2.363434, ""C18"": 2.38404, ""C19"": 2.356566, ""C20"": 2.390909, ""C21"": 5.327273, ""C22"": 5.361616, ""C23"": 5.39596, ""C24"": 5.430303, ""C25"": 5.464646}","{""C01"": 0, ""C02"": 0, ""C03"": 0, ""C04"": 0, ""C05"": 0, ""C06"": 0, ""C07"": 0, ""C08"": 0, ""C09"": 0, ""C10"": 0, ""C11"": 0, ""C12"": 0, ""C13"": 0, ""C14"": 0, ""C15"": 0, ""C16"": 0, ""C17"": 0, ""C18"": 0, ""C19"": 0, ""C20"": 0, ""C21"": 0, ""C22"": 0, ""C23"": 0, ""C24"": 399, ""C25"": 802}","{""C01"": 0.02582635364350394, ""C02"": 0.02582635364350394, ""C03"": 0.02582635364350394, ""C04"": 0.02582635364350394, ""C05"": 0.02582635364350394, ""C06"": 0.02582635364350394, ""C07"": 0.02582635364350394, ""C08"": 0.02582635364350394, ""C09"": 0.02582635364350394, ""C10"": 0.02582635364350394, ""C11"": 0.02582635364350394, ""C12"": 0.02582635364350394, ""C13"": 0.02582635364350394, ""C14"": 0.02582635364350394, ""C15"": 0.02582635364350394, ""C16"": 0.02582635364350394, ""C17"": 0.02582635364350394, ""C18"": 0.02582635364350394, ""C19"": 0.02582635364350394, ""C20"": 0.02582635364350394, ""C21"": 0.02582635364350394, ""C22"": 0.02582635364350394, ""C23"": 0.02582635364350394, ""C24"": 0.02559529152820184, ""C25"": 0.02536193138989268}"
70,70,1,768,6.628227,25,"{""C01"": 1.195152, ""C02"": 1.202121, ""C03"": 1.209091, ""C04"": 1.216061, ""C05"": 1.22303, ""C06"": 2.366061, ""C07"": 2.37303, ""C08"": 2.38, ""C09"": 2.38697, ""C10"": 2.393939, ""C11"": 2.400909, ""C12"": 2.407879, ""C13"": 2.414848, ""C14"": 2.421818, ""C15"": 2.428788, ""C16"": 2.359091, ""C17"": 2.383485, ""C18"": 2.404394, ""C19"": 2.376515, ""C20"": 2.411364, ""C21"": 5.390909, ""C22"": 5.425758, ""C23"": 5.460606, ""C24"": 5.495455, ""C25"": 5.530303}","{""C01"": 0, ""C02"": 0, ""C03"": 0, ""C04"": 0, ""C05"": 0, ""C06"": 0, ""C07"": 0, ""C08"": 0, ""C09"": 0, ""C10"": 0, ""C11"": 0, ""C12"": 0, ""C13"": 0, ""C14"": 0, ""C15"": 0, ""C16"": 0, ""C17"": 0, ""C18"": 0, ""C19"": 0, ""C20"": 0, ""C21"": 0, ""C22"": 0, ""C23"": 0, ""C24"": 393, ""C25"": 803}","{""C01"": 0.025831811209104216, ""C02"": 0.025831811209104216, ""C03"": 0.025831811209104216, ""C04"": 0.025831811209104216, ""C05"": 0.025831811209104216, ""C06"": 0.025831811209104216, ""C07"": 0.025831811209104216, ""C08"": 0.025831811209104216, ""C09"": 0.025831811209104216, ""C10"": 0.025831811209104216, ""C11"": 0.025831811209104216, ""C12"": 0.025831811209104216, ""C13"": 0.025831811209104216, ""C14"": 0.025831811209104216, ""C15"": 0.025831811209104216, ""C16"": 0.025831811209104216, ""C17"": 0.025831811209104216, ""C18"": 0.025831811209104216, ""C19"": 0.025831811209104216, ""C20"": 0.025831811209104216, ""C21"": 0.025831811209104216, ""C22"": 0.025831811209104216, ""C23"": 0.025831811209104216, ""C24"": 0.025604224876174017, ""C25"": 0.025366812280101285}"
71,71,1,769,6.620104,25,"{""C01"": 1.19798, ""C02"": 1.205051, ""C03"": 1.212121, ""C04"": 1.219192, ""C05"": 1.226263, ""C06"": 2.385859, ""C07"": 2.392929, ""C08"": 2.4, ""C09"": 2.407071, ""C10"": 2.414141, ""C11"": 2.421212, ""C12"": 2.428283, ""C13"": 2.435354, ""C14"": 2.442424, ""C15"": 2.449495, ""C16"": 2.378788, ""C17"": 2.403535, ""C18"": 2.424747, ""C19"": 2.396465, ""C20"": 2.431818, ""C21"": 5.454545, ""C22"": 5.489899, ""C23"": 5.525253, ""C24"": 5.560606, ""C25"": 5.59596}","{""C01"": 0, ""C02"": 0, ""C03"": 0, ""C04"": 0, ""C05"": 0, ""C06"": 0, ""C07"": 0, ""C08"": 0, ""C09"": 0, ""C10"": 0, ""C11"": 0, ""C12"": 0, ""C13"": 0, ""C14"": 0, ""C15"": 0, ""C16"": 0, ""C17"": 0, ""C18"": 0, ""C19"": 0, ""C20"": 0, ""C21"": 0, ""C22"": 0, ""C23"": 0, ""C24"": 393, ""C25"": 799}","{""C01"": 0.02583770244773581, ""C02"": 0.02583770244773581, ""C03"": 0.02583770244773581, ""C04"": 0.02583770244773581, ""C05"": 0.02583770244773581, ""C06"": 0.02583770244773581, ""C07"": 0.02583770244773581, ""C08"": 0.02583770244773581, ""C09"": 0.02583770244773581, ""C10"": 0.02583770244773581, ""C11"": 0.02583770244773581, ""C12"": 0.02583770244773581, ""C13"": 0.02583770244773581, ""C14"": 0.02583770244773581, ""C15"": 0.02583770244773581, ""C16"": 0.02583770244773581, ""C17"": 0.02583770244773581, ""C18"": 0.02583770244773581, ""C19"": 0.02583770244773581, ""C20"": 0.02583770244773581, ""C21"": 0.02583770244773581, ""C22"": 0.02583770244773581, ""C23"": 0.02583770244773581, ""C24"": 0.025610114297592093, ""C25"": 0.025375016691426746}"
72,72,1,770,6.735779,25,"{""C01"": 1.200808, ""C02"": 1.20798, ""C03"": 1.215152, ""C04"": 1.222323, ""C05"": 1.229495, ""C06"": 2.405657, ""C07"": 2.412828, ""C08"": 2.42, ""C09"": 2.427172, ""C10"": 2.434343, ""C11"": 2.441515, ""C12"": 2.448687, ""C13"": 2.455859, ""C14"": 2.46303, ""C15"": 2.470202, ""C16"": 2.398485, ""C17"": 2.423586, ""C18"": 2.445101, ""C19"": 2.416414, ""C20"": 2.452273, ""C21"": 5.518182, ""C22"": 5.55404, ""C23"": 5.589899, ""C24"": 5.625758, ""C25"": 5.661616}","{""C01"": 0, ""C02"": 0, ""C03"": 0, ""C04"": 0, ""C05"": 0, ""C06"": 0, ""C07"": 0, ""C08"": 0, ""C09"": 0, ""C10"": 0, ""C11"": 0, ""C12"": 0, ""C13"": 0, ""C14"": 0, ""C15"": 0, ""C16"": 0, ""C17"": 0, ""C18"": 0, ""C19"": 0, ""C20"": 0, ""C21"": 0, ""C22"": 0, ""C23"": 0, ""C24"": 393, ""C25"": 794}","{""C01"": 0.02584288126219167, ""C02"": 0.02584288126219167, ""C03"": 0.02584288126219167, ""C04"": 0.02584288126219167, ""C05"": 0.02584288126219167, ""C06"": 0.02584288126219167, ""C07"": 0.02584288126219167, ""C08"": 0.02584288126219167, ""C09"": 0.02584288126219167, ""C10"": 0.02584288126219167, ""C11"": 0.02584288126219167, ""C12"": 0.02584288126219167, ""C13"": 0.02584288126219167, ""C14"": 0.02584288126219167, ""C15"": 0.02584288126219167, ""C16"": 0.02584288126219167, ""C17"": 0.02584288126219167, ""C18"": 0.02584288126219167, ""C19"": 0.02584288126219167, ""C20"": 0.02584288126219167, ""C21"": 0.02584288126219167, ""C22"": 0.02584288126219167, ""C23"": 0.02584288126219167, ""C24"": 0.025615295044083622, ""C25"": 0.02538309470084708}"
73,73,1,774,6.849273,25,"{""C01"": 1.203636, ""C02"": 1.210909, ""C03"": 1.218182, ""C04"": 1.225455, ""C05"": 1.232727, ""C06"": 2.425455, ""C07"": 2.432727, ""C08"": 2.44, ""C09"": 2.447273, ""C10"": 2.454545, ""C11"": 2.461818, ""C12"": 2.469091, ""C13"": 2.476364, ""C14"": 2.483636, ""C15"": 2.490909, ""C16"": 2.418182, ""C17"": 2.443636, ""C18"": 2.465455, ""C19"": 2.436364, ""C20"": 2.472727, ""C21"": 5.581818, ""C22"": 5.618182, ""C23"": 5.654545, ""C24"": 5.690909, ""C25"": 5.727273}","{""C01"": 0, ""C02"": 0, ""C03"": 0, ""C04"": 0, ""C05"": 0, ""C06"": 0, ""C07"": 0, ""C08"": 0, ""C09"": 0, ""C10"": 0, ""C11"": 0, ""C12"": 0, ""C13"": 0, ""C14"": 0, ""C15"": 0, ""C16"": 0, ""C17"": 0, ""C18"": 0, ""C19"": 0, ""C20"": 0, ""C21"": 0, ""C22"": 0, ""C23"": 0, ""C24"": 387, ""C25"": 796}","{""C01"": 0.02584854516170898, ""C02"": 0.02584854516170898, ""C03"": 0.02584854516170898, ""C04"": 0.02584854516170898, ""C05"": 0.02584854516170898, ""C06"": 0.02584854516170898, ""C07"": 0.02584854516170898, ""C08"": 0.02584854516170898, ""C09"": 0.02584854516170898, ""C10"": 0.02584854516170898, ""C11"": 0.02584854516170898, ""C12"": 0.02584854516170898, ""C13"": 0.02584854516170898, ""C14"": 0.02584854516170898, ""C15"": 0.02584854516170898, ""C16"": 0.02584854516170898, ""C17"": 0.02584854516170898, ""C18"": 0.02584854516170898, ""C19"": 0.02584854516170898, ""C20"": 0.02584854516170898, ""C21"": 0.02584854516170898, ""C22"": 0.02584854516170898, ""C23"": 0.02584854516170898, ""C24"": 0.025624432448073844, ""C25"": 0.02538759767193895}"
74,74,1,772,6.730708,25,"{""C01"": 1.206465, ""C02"": 1.213838, ""C03"": 1.221212, ""C04"": 1.228586, ""C05"": 1.23596, ""C06"": 2.445253, ""C07"": 2.452626, ""C08"": 2.46, ""C09"": 2.467374, ""C10"": 2.474747, ""C11"": 2.482121, ""C12"": 2.489495, ""C13"": 2.496869, ""C14"": 2.504242, ""C15"": 2.511616, ""C16"": 2.437879, ""C17"": 2.463687, ""C18"": 2.485808, ""C19"": 2.456313, ""C20"": 2.493182, ""C21"": 5.645455, ""C22"": 5.682323, ""C23"": 5.719192, ""C24"": 5.756061, ""C25"": 5.792929}","{""C01"": 0, ""C02"": 0, ""C03"": 0, ""C04"": 0, ""C05"": 0, ""C06"": 0, ""C07"": 0, ""C08"": 0, ""C09"": 0, ""C10"": 0, ""C11"": 0, ""C12"": 0, ""C13"": 0, ""C14"": 0, ""C15"": 0, ""C16"": 0, ""C17"": 0, ""C18"": 0, ""C19"": 0, ""C20"": 0, ""C21"": 0, ""C22"": 0, ""C23"": 0, ""C24"": 388, ""C25"": 790}","{""C01"": 0.025853477096027505, ""C02"": 0.025853477096027505, ""C03"": 0.025853477096027505, ""C04"": 0.025853477096027505, ""C05"": 0.025853477096027505, ""C06"": 0.025853477096027505, ""C07"": 0.025853477096027505, ""C08"": 0.025853477096027505, ""C09"": 0.025853477096027505, ""C10"": 0.025853477096027505, ""C11"": 0.025853477096027505, ""C12"": 0.025853477096027505, ""C13"": 0.025853477096027505, ""C14"": 0.025853477096027505, ""C15"": 0.025853477096027505, ""C16"": 0.025853477096027505, ""C17"": 0.025853477096027505, ""C18"": 0.025853477096027505, ""C19"": 0.025853477096027505, ""C20"": 0.025853477096027505, ""C21"": 0.025853477096027505, ""C22"": 0.025853477096027505, ""C23"": 0.025853477096027505, ""C24"": 0.025628787270912532, ""C25"": 0.02539600885383604}"
75,75,1,777,6.838986,25,"{""C01"": 1.209293, ""C02"": 1.216768, ""C03"": 1.224242, ""C04"": 1.231717, ""C05"": 1.239192, ""C06"": 2.465051, ""C07"": 2.472525, ""C08"": 2.48, ""C09"": 2.487475, ""C10"": 2.494949, ""C11"": 2.502424, ""C12"": 2.509899, ""C13"": 2.517374, ""C14"": 2.524848, ""C15"": 2.532323, ""C16"": 2.457576, ""C17"": 2.483737, ""C18"": 2.506162, ""C19"": 2.476263, ""C20"": 2.513636, ""C21"": 5.709091, ""C22"": 5.746465, ""C23"": 5.783838, ""C24"": 5.821212, ""C25"": 5.858586}","{""C01"": 0, ""C02"": 0, ""C03"": 0, ""C04"": 0, ""C05"": 0, ""C06"": 0, ""C07"": 0, ""C08"": 0, ""C09"": 0, ""C10"": 0, ""C11"": 0, ""C12"": 0, ""C13"": 0, ""C14"": 0, ""C15"": 0, ""C16"": 0, ""C17"": 0, ""C18"": 0, ""C19"": 0, ""C20"": 0, ""C21"": 0, ""C22"": 0, ""C23"": 0, ""C24"": 383, ""C25"": 791}","{""C01"": 0.025858900765180423, ""C02"": 0.025858900765180423, ""C03"": 0.025858900765180423, ""C04"": 0.025858900765180423, ""C05"": 0.025858900765180423, ""C06"": 0.025858900765180423, ""C07"": 0.025858900765180423, ""C08"": 0.025858900765180423, ""C09"": 0.025858900765180423, ""C10"": 0.025858900765180423, ""C11"": 0.025858900765180423, ""C12"": 0.025858900765180423, ""C13"": 0.025858900765180423, ""C14"": 0.025858900765180423, ""C15"": 0.025858900765180423, ""C16"": 0.025858900765180423, ""C17"": 0.025858900765180423, ""C18"": 0.025858900765180423, ""C19"": 0.025858900765180423, ""C20"": 0.025858900765180423, ""C21"": 0.025858900765180423, ""C22"": 0.025858900765180423, ""C23"": 0.025858900765180423, ""C24"": 0.02563710571244571, ""C25"": 0.025400851579711326}"
76,76,1,779,6.702790,25,"{""C01"": 1.212121, ""C02"": 1.219697, ""C03"": 1.227273, ""C04"": 1.234848, ""C05"": 1.242424, ""C06"": 2.484848, ""C07"": 2.492424, ""C08"": 2.5, ""C09"": 2.507576, ""C10"": 2.515152, ""C11"": 2.522727, ""C12"": 2.530303, ""C13"": 2.537879, ""C14"": 2.545455, ""C15"": 2.55303, ""C16"": 2.477273, ""C17"": 2.503788, ""C18"": 2.526515, ""C19"": 2.496212, ""C20"": 2.534091, ""C21"": 5.772727, ""C22"": 5.810606, ""C23"": 5.848485, ""C24"": 5.886364, ""C25"": 5.924242}","{""C01"": 0, ""C02"": 0, ""C03"": 0, ""C04"": 0, ""C05"": 0, ""C06"": 0, ""C07"": 0, ""C08"": 0, ""C09"": 0, ""C10"": 0, ""C11"": 0, ""C12"": 0, ""C13"": 0, ""C14"": 0, ""C15"": 0, ""C16"": 0, ""C17"": 0, ""C18"": 0, ""C19"": 0, ""C20"": 0, ""C21"": 0, ""C22"": 0, ""C23"": 0, ""C24"": 379, ""C25"": 791}","{""C01"": 0.0258642068945302, ""C02"": 0.0258642068945302, ""C03"": 0.0258642068945302, ""C04"": 0.0258642068945302, ""C05"": 0.0258642068945302, ""C06"": 0.0258642068945302, ""C07"": 0.0258642068945302, ""C08"": 0.0258642068945302, ""C09"": 0.0258642068945302, ""C10"": 0.0258642068945302, ""C11"": 0.0258642068945302, ""C12"": 0.0258642068945302, ""C13"": 0.0258642068945302, ""C14"": 0.0258642068945302, ""C15"": 0.0258642068945302, ""C16"": 0.0258642068945302, ""C17"": 0.0258642068945302, ""C18"": 0.0258642068945302, ""C19"": 0.0258642068945302, ""C20"": 0.0258642068945302, ""C21"": 0.0258642068945302, ""C22"": 0.0258642068945302, ""C23"": 0.0258642068945302, ""C24"": 0.025644727690179607, ""C25"": 0.025406156318316584}"
77,77,1,779,6.791998,25,"{""C01"": 1.214949, ""C02"": 1.222626, ""C03"": 1.230303, ""C04"": 1.23798, ""C05"": 1.245657, ""C06"": 2.504646, ""C07"": 2.512323, ""C08"": 2.52, ""C09"": 2.527677, ""C10"": 2.535354, ""C11"": 2.54303, ""C12"": 2.550707, ""C13"": 2.558384, ""C14"": 2.566061, ""C15"": 2.573737, ""C16"": 2.49697, ""C17"": 2.523838, ""C18"": 2.546869, ""C19"": 2.516162, ""C20"": 2.554545, ""C21"": 5.836364, ""C22"": 5.874747, ""C23"": 5.913131, ""C24"": 5.951515, ""C25"": 5.989899}","{""C01"": 0, ""C02"": 0, ""C03"": 0, ""C04"": 0, ""C05"": 0, ""C06"": 0, ""C07"": 0, ""C08"": 0, ""C09"": 0, ""C10"": 0, ""C11"": 0, ""C12"": 0, ""C13"": 0, ""C14"": 0, ""C15"": 0, ""C16"": 0, ""C17"": 0, ""C18"": 0, ""C19"": 0, ""C20"": 0, ""C21"": 0, ""C22"": 0, ""C23"": 0, ""C24"": 377, ""C25"": 789}","{""C01"": 0.02586939471232068, ""C02"": 0.02586939471232068, ""C03"": 0.02586939471232068, ""C04"": 0.02586939471232068, ""C05"": 0.02586939471232068, ""C06"": 0.02586939471232068, ""C07"": 0.02586939471232068, ""C08"": 0.02586939471232068, ""C09"": 0.02586939471232068, ""C10"": 0.02586939471232068, ""C11"": 0.02586939471232068, ""C12"": 0.02586939471232068, ""C13"": 0.02586939471232068, ""C14"": 0.02586939471232068, ""C15"": 0.02586939471232068, ""C16"": 0.02586939471232068, ""C17"": 0.02586939471232068, ""C18"": 0.02586939471232068, ""C19"": 0.02586939471232068, ""C20"": 0.02586939471232068, ""C21"": 0.02586939471232068, ""C22"": 0.02586939471232068, ""C23"": 0.02586939471232068, ""C24"": 0.025651073329279298, ""C25"": 0.02541250145368526}"
78,78,1,783,6.683370,25,"{""C01"": 1.217778, ""C02"": 1.225556, ""C03"": 1.233333, ""C04"": 1.241111, ""C05"": 1.248889, ""C06"": 2.524444, ""C07"": 2.532222, ""C08"": 2.54, ""C09"": 2.547778, ""C10"": 2.555556, ""C11"": 2.563333, ""C12"": 2.571111, ""C13"": 2.578889, ""C14"": 2.586667, ""C15"": 2.594444, ""C16"": 2.516667, ""C17"": 2.543889, ""C18"": 2.567222, ""C19"": 2.536111, ""C20"": 2.575, ""C21"": 5.9, ""C22"": 5.938889, ""C23"": 5.977778, ""C24"": 6.016667, ""C25"": 6.055556}","{""C01"": 0, ""C02"": 0, ""C03"": 0, ""C04"": 0, ""C05"": 0, ""C06"": 0, ""C07"": 0, ""C08"": 0, ""C09"": 0, ""C10"": 0, ""C11"": 0, ""C12"": 0, ""C13"": 0, ""C14"": 0, ""C15"": 0, ""C16"": 0, ""C17"": 0, ""C18"": 0, ""C19"": 0, ""C20"": 0, ""C21"": 0, ""C22"": 0, ""C23"": 0, ""C24"": 375, ""C25"": 787}","{""C01"": 0.025874474502095374, ""C02"": 0.025874474502095374, ""C03"": 0.025874474502095374, ""C04"": 0.025874474502095374, ""C05"": 0.025874474502095374, ""C06"": 0.025874474502095374, ""C07"": 0.025874474502095374, ""C08"": 0.025874474502095374, ""C09"": 0.025874474502095374, ""C10"": 0.025874474502095374, ""C11"": 0.025874474502095374, ""C12"": 0.025874474502095374, ""C13"": 0.025874474502095374, ""C14"": 0.025874474502095374, ""C15"": 0.025874474502095374, ""C16"": 0.025874474502095374, ""C17"": 0.025874474502095374, ""C18"": 0.025874474502095374, ""C19"": 0.025874474502095374, ""C20"": 0.025874474502095374, ""C21"": 0.025874474502095374, ""C22"": 0.025874474502095374, ""C23"": 0.025874474502095374, ""C24"": 0.025657311110626673, ""C25"": 0.025418738942502135}"
79,79,1,784,6.754767,25,"{""C01"": 1.220606, ""C02"": 1.228485, ""C03"": 1.236364, ""C04"": 1.244242, ""C05"": 1.252121, ""C06"": 2.544242, ""C07"": 2.552121, ""C08"": 2.56, ""C09"": 2.567879, ""C10"": 2.575758, ""C11"": 2.583636, ""C12"": 2.591515, ""C13"": 2.599394, ""C14"": 2.607273, ""C15"": 2.615152, ""C16"": 2.536364, ""C17"": 2.563939, ""C18"": 2.587576, ""C19"": 2.556061, ""C20"": 2.595455, ""C21"": 5.963636, ""C22"": 6.00303, ""C23"": 6.042424, ""C24"": 6.081818, ""C25"": 6.121212}","{""C01"": 0, ""C02"": 0, ""C03"": 0, ""C04"": 0, ""C05"": 0, ""C06"": 0, ""C07"": 0, ""C08"": 0, ""C09"": 0, ""C10"": 0, ""C11"": 0, ""C12"": 0, ""C13"": 0, ""C14"": 0, ""C15"": 0, ""C16"": 0, ""C17"": 0, ""C18"": 0, ""C19"": 0, ""C20"": 0, ""C21"": 0, ""C22"": 0, ""C23"": 0, ""C24"": 372, ""C25"": 786}","{""C01"": 0.025879452588752266, ""C02"": 0.025879452588752266, ""C03"": 0.025879452588752266, ""C04"": 0.025879452588752266, ""C05"": 0.025879452588752266, ""C06"": 0.025879452588752266, ""C07"": 0.025879452588752266, ""C08"": 0.025879452588752266, ""C09"": 0.025879452588752266, ""C10"": 0.025879452588752266, ""C11"": 0.025879452588752266, ""C12"": 0.025879452588752266, ""C13"": 0.025879452588752266, ""C14"": 0.025879452588752266, ""C15"": 0.025879452588752266, ""C16"": 0.025879452588752266, ""C17"": 0.025879452588752266, ""C18"": 0.025879452588752266, ""C19"": 0.025879452588752266, ""C20"": 0.025879452588752266, ""C21"": 0.025879452588752266, ""C22"": 0.025879452588752266, ""C23"": 0.025879452588752266, ""C24"": 0.02566402609769092, ""C25"": 0.025424295943868976}"
80,80,1,785,6.799683,25,"{""C01"": 1.223434, ""C02"": 1.231414, ""C03"": 1.239394, ""C04"": 1.247374, ""C05"": 1.255354, ""C06"": 2.56404, ""C07"": 2.57202, ""C08"": 2.58, ""C09"": 2.58798, ""C10"": 2.59596, ""C11"": 2.603939, ""C12"": 2.611919, ""C13"": 2.619899, ""C14"": 2.627879, ""C15"": 2.635859, ""C16"": 2.556061, ""C17"": 2.58399, ""C18"": 2.607929, ""C19"": 2.57601, ""C20"": 2.615909, ""C21"": 6.027273, ""C22"": 6.067172, ""C23"": 6.107071, ""C24"": 6.14697, ""C25"": 6.186869}","{""C01"": 0, ""C02"": 0, ""C03"": 0, ""C04"": 0, ""C05"": 0, ""C06"": 0, ""C07"": 0, ""C08"": 0, ""C09"": 0, ""C10"": 0, ""C11"": 0, ""C12"": 0, ""C13"": 0, ""C14"": 0, ""C15"": 0, ""C16"": 0, ""C17"": 0, ""C18"": 0, ""C19"": 0, ""C20"": 0, ""C21"": 0, ""C22"": 0, ""C23"": 0, ""C24"": 371, ""C25"": 783}","{""C01"": 0.025884320485812504, ""C02"": 0.025884320485812504, ""C03"": 0.025884320485812504, ""C04"": 0.025884320485812504, ""C05"": 0.025884320485812504, ""C06"": 0.025884320485812504, ""C07"": 0.025884320485812504, ""C08"": 0.025884320485812504, ""C09"": 0.025884320485812504, ""C10"": 0.025884320485812504, ""C11"": 0.025884320485812504, ""C12"": 0.025884320485812504, ""C13"": 0.025884320485812504, ""C14"": 0.025884320485812504, ""C15"": 0.025884320485812504, ""C16"": 0.025884320485812504, ""C17"": 0.025884320485812504, ""C18"": 0.025884320485812504, ""C19"": 0.025884320485812504, ""C20"": 0.025884320485812504, ""C21"": 0.025884320485812504, ""C22"": 0.025884320485812504, ""C23"": 0.025884320485812504, ""C24"": 0.025669473577867283, ""C25"": 0.02543090144806334}"
81,81,1,789,7.158704,25,"{""C01"": 1.226263, ""C02"": 1.234343, ""C03"": 1.242424, ""C04"": 1.250505, ""C05"": 1.258586, ""C06"": 2.583838, ""C07"": 2.591919, ""C08"": 2.6, ""C09"": 2.608081, ""C10"": 2.616162, ""C11"": 2.624242, ""C12"": 2.632323, ""C13"": 2.640404, ""C14"": 2.648485, ""C15"": 2.656566, ""C16"": 2.575758, ""C17"": 2.60404, ""C18"": 2.628283, ""C19"": 2.59596, ""C20"": 2.636364, ""C21"": 6.090909, ""C22"": 6.131313, ""C23"": 6.171717, ""C24"": 6.212121, ""C25"": 6.252525}","{""C01"": 0, ""C02"": 0, ""C03"": 0, ""C04"": 0, ""C05"": 0, ""C06"": 0, ""C07"": 0, ""C08"": 0, ""C09"": 0, ""C10"": 0, ""C11"": 0, ""C12"": 0, ""C13"": 0, ""C14"": 0, ""C15"": 0, ""C16"": 0, ""C17"": 0, ""C18"": 0, ""C19"": 0, ""C20"": 0, ""C21"": 0, ""C22"": 0, ""C23"": 0, ""C24"": 367, ""C25"": 783}","{""C01"": 0.025889099358995762, ""C02"": 0.025889099358995762, ""C03"": 0.025889099358995762, ""C04"": 0.025889099358995762, ""C05"": 0.025889099358995762, ""C06"": 0.025889099358995762, ""C07"": 0.025889099358995762, ""C08"": 0.025889099358995762, ""C09"": 0.025889099358995762, ""C10"": 0.025889099358995762, ""C11"": 0.025889099358995762, ""C12"": 0.025889099358995762, ""C13"": 0.025889099358995762, ""C14"": 0.025889099358995762, ""C15"": 0.025889099358995762, ""C16"": 0.025889099358995762, ""C17"": 0.025889099358995762, ""C18"": 0.025889099358995762, ""C19"": 0.025889099358995762, ""C20"": 0.025889099358995762, ""C21"": 0.025889099358995762, ""C22"": 0.025889099358995762, ""C23"": 0.025889099358995762, ""C24"": 0.02567656913624728, ""C25"": 0.025435680810655944}"
82,82,1,790,7.236162,25,"{""C01"": 1.229091, ""C02"": 1.237273, ""C03"": 1.245455, ""C04"": 1.253636, ""C05"": 1.261818, ""C06"": 2.603636, ""C07"": 2.611818, ""C08"": 2.62, ""C09"": 2.628182, ""C10"": 2.636364, ""C11"": 2.644545, ""C12"": 2.652727, ""C13"": 2.660909, ""C14"": 2.669091, ""C15"": 2.677273, ""C16"": 2.595455, ""C17"": 2.624091, ""C18"": 2.648636, ""C19"": 2.615909, ""C20"": 2.656818, ""C21"": 6.154545, ""C22"": 6.195455, ""C23"": 6.236364, ""C24"": 6.277273, ""C25"": 6.318182}","{""C01"": 0, ""C02"": 0, ""C03"": 0, ""C04"": 0, ""C05"": 0, ""C06"": 0, ""C07"": 0, ""C08"": 0, ""C09"": 0, ""C10"": 0, ""C11"": 0, ""C12"": 0, ""C13"": 0, ""C14"": 0, ""C15"": 0, ""C16"": 0, ""C17"": 0, ""C18"": 0, ""C19"": 0, ""C20"": 0, ""C21"": 0, ""C22"": 0, ""C23"": 0, ""C24"": 364, ""C25"": 782}","{""C01"": 0.02589377673094248, ""C02"": 0.02589377673094248, ""C03"": 0.02589377673094248, ""C04"": 0.02589377673094248, ""C05"": 0.02589377673094248, ""C06"": 0.02589377673094248, ""C07"": 0.02589377673094248, ""C08"": 0.02589377673094248, ""C09"": 0.02589377673094248, ""C10"": 0.02589377673094248, ""C11"": 0.02589377673094248, ""C12"": 0.02589377673094248, ""C13"": 0.02589377673094248, ""C14"": 0.02589377673094248, ""C15"": 0.02589377673094248, ""C16"": 0.02589377673094248, ""C17"": 0.02589377673094248, ""C18"": 0.02589377673094248, ""C19"": 0.02589377673094248, ""C20"": 0.02589377673094248, ""C21"": 0.02589377673094248, ""C22"": 0.02589377673094248, ""C23"": 0.02589377673094248, ""C24"": 0.025682984254623866, ""C25"": 0.02544093819328434}"
83,83,1,795,7.174951,25,"{""C01"": 1.231919, ""C02"": 1.240202, ""C03"": 1.248485, ""C04"": 1.256768, ""C05"": 1.265051, ""C06"": 2.623434, ""C07"": 2.631717, ""C08"": 2.64, ""C09"": 2.648283, ""C10"": 2.656566, ""C11"": 2.664848, ""C12"": 2.673131, ""C13"": 2.681414, ""C14"": 2.689697, ""C15"": 2.69798, ""C16"": 2.615152, ""C17"": 2.644141, ""C18"": 2.66899, ""C19"": 2.635859, ""C20"": 2.677273, ""C21"": 6.218182, ""C22"": 6.259596, ""C23"": 6.30101, ""C24"": 6.342424, ""C25"": 6.383838}","{""C01"": 0, ""C02"": 0, ""C03"": 0, ""C04"": 0, ""C05"": 0, ""C06"": 0, ""C07"": 0, ""C08"": 0, ""C09"": 0, ""C10"": 0, ""C11"": 0, ""C12"": 0, ""C13"": 0, ""C14"": 0, ""C15"": 0, ""C16"": 0, ""C17"": 0, ""C18"": 0, ""C19"": 0, ""C20"": 0, ""C21"": 0, ""C22"": 0, ""C23"": 0, ""C24"": 361, ""C25"": 781}","{""C01"": 0.025898358486991332, ""C02"": 0.025898358486991332, ""C03"": 0.025898358486991332, ""C04"": 0.025898358486991332, ""C05"": 0.025898358486991332, ""C06"": 0.025898358486991332, ""C07"": 0.025898358486991332, ""C08"": 0.025898358486991332, ""C09"": 0.025898358486991332, ""C10"": 0.025898358486991332, ""C11"": 0.025898358486991332, ""C12"": 0.025898358486991332, ""C13"": 0.025898358486991332, ""C14"": 0.025898358486991332, ""C15"": 0.025898358486991332, ""C16"": 0.025898358486991332, ""C17"": 0.025898358486991332, ""C18"": 0.025898358486991332, ""C19"": 0.025898358486991332, ""C20"": 0.025898358486991332, ""C21"": 0.025898358486991332, ""C22"": 0.025898358486991332, ""C23"": 0.025898358486991332, ""C24"": 0.02568930391569964, ""C25"": 0.02544610031626581}"
84,84,1,793,7.079215,25,"{""C01"": 1.234747, ""C02"": 1.243131, ""C03"": 1.251515, ""C04"": 1.259899, ""C05"": 1.268283, ""C06"": 2.643232, ""C07"": 2.651616, ""C08"": 2.66, ""C09"": 2.668384, ""C10"": 2.676768, ""C11"": 2.685152, ""C12"": 2.693535, ""C13"": 2.701919, ""C14"": 2.710303, ""C15"": 2.718687, ""C16"": 2.634848, ""C17"": 2.664192, ""C18"": 2.689343, ""C19"": 2.655808, ""C20"": 2.697727, ""C21"": 6.281818, ""C22"": 6.323737, ""C23"": 6.365657, ""C24"": 6.407576, ""C25"": 6.449495}","{""C01"": 0, ""C02"": 0, ""C03"": 0, ""C04"": 0, ""C05"": 0, ""C06"": 0, ""C07"": 0, ""C08"": 0, ""C09"": 0, ""C10"": 0, ""C11"": 0, ""C12"": 0, ""C13"": 0, ""C14"": 0, ""C15"": 0, ""C16"": 0, ""C17"": 0, ""C18"": 0, ""C19"": 0, ""C20"": 0, ""C21"": 0, ""C22"": 0, ""C23"": 0, ""C24"": 360, ""C25"": 778}","{""C01"": 0.025902839452291687, ""C02"": 0.025902839452291687, ""C03"": 0.025902839452291687, ""C04"": 0.025902839452291687, ""C05"": 0.025902839452291687, ""C06"": 0.025902839452291687, ""C07"": 0.025902839452291687, ""C08"": 0.025902839452291687, ""C09"": 0.025902839452291687, ""C10"": 0.025902839452291687, ""C11"": 0.025902839452291687, ""C12"": 0.025902839452291687, ""C13"": 0.025902839452291687, ""C14"": 0.025902839452291687, ""C15"": 0.025902839452291687, ""C16"": 0.025902839452291687, ""C17"": 0.025902839452291687, ""C18"": 0.025902839452291687, ""C19"": 0.025902839452291687, ""C20"": 0.025902839452291687, ""C21"": 0.025902839452291687, ""C22"": 0.025902839452291687, ""C23"": 0.025902839452291687, ""C24"": 0.025694364745076612, ""C25"": 0.025452320324034564}"
85,85,1,795,6.998757,25,"{""C01"": 1.237576, ""C02"": 1.246061, ""C03"": 1.254545, ""C04"": 1.26303, ""C05"": 1.271515, ""C06"": 2.66303, ""C07"": 2.671515, ""C08"": 2.68, ""C09"": 2.688485, ""C10"": 2.69697, ""C11"": 2.705455, ""C12"": 2.713939, ""C13"": 2.722424, ""C14"": 2.730909, ""C15"": 2.739394, ""C16"": 2.654545, ""C17"": 2.684242, ""C18"": 2.709697, ""C19"": 2.675758, ""C20"": 2.718182, ""C21"": 6.345455, ""C22"": 6.387879, ""C23"": 6.430303, ""C24"": 6.472727, ""C25"": 6.515152}","{""C01"": 0, ""C02"": 0, ""C03"": 0, ""C04"": 0, ""C05"": 0, ""C06"": 0, ""C07"": 0, ""C08"": 0, ""C09"": 0, ""C10"": 0, ""C11"": 0, ""C12"": 0, ""C13"": 0, ""C14"": 0, ""C15"": 0, ""C16"": 0, ""C17"": 0, ""C18"": 0, ""C19"": 0, ""C20"": 0, ""C21"": 0, ""C22"": 0, ""C23"": 0, ""C24"": 358, ""C25"": 776}","{""C01"": 0.025907233051728915, ""C02"": 0.025907233051728915, ""C03"": 0.025907233051728915, ""C04"": 0.025907233051728915, ""C05"": 0.025907233051728915, ""C06"": 0.025907233051728915, ""C07"": 0.025907233051728915, ""C08"": 0.025907233051728915, ""C09"": 0.025907233051728915, ""C10"": 0.025907233051728915, ""C11"": 0.025907233051728915, ""C12"": 0.025907233051728915, ""C13"": 0.025907233051728915, ""C14"": 0.025907233051728915, ""C15"": 0.025907233051728915, ""C16"": 0.025907233051728915, ""C17"": 0.025907233051728915, ""C18"": 0.025907233051728915, ""C19"": 0.025907233051728915, ""C20"": 0.025907233051728915, ""C21"": 0.025907233051728915, ""C22"": 0.025907233051728915, ""C23"": 0.025907233051728915, ""C24"": 0.025699917462005003, ""C25"": 0.025457874152247602}"
86,86,1,803,7.177831,25,"{""C01"": 1.240404, ""C02"": 1.24899, ""C03"": 1.257576, ""C04"": 1.266162, ""C05"": 1.274747, ""C06"": 2.682828, ""C07"": 2.691414, ""C08"": 2.7, ""C09"": 2.708586, ""C10"": 2.717172, ""C11"": 2.725758, ""C12"": 2.734343, ""C13"": 2.742929, ""C14"": 2.751515, ""C15"": 2.760101, ""C16"": 2.674242, ""C17"": 2.704293, ""C18"": 2.730051, ""C19"": 2.695707, ""C20"": 2.738636, ""C21"": 6.409091, ""C22"": 6.45202, ""C23"": 6.494949, ""C24"": 6.537879, ""C25"": 6.580808}","{""C01"": 0, ""C02"": 0, ""C03"": 0, ""C04"": 0, ""C05"": 0, ""C06"": 0, ""C07"": 0, ""C08"": 0, ""C09"": 0, ""C10"": 0, ""C11"": 0, ""C12"": 0, ""C13"": 0, ""C14"": 0, ""C15"": 0, ""C16"": 0, ""C17"": 0, ""C18"": 0, ""C19"": 0, ""C20"": 0, ""C21"": 0, ""C22"": 0, ""C23"": 0, ""C24"": 353, ""C25"": 778}","{""C01"": 0.025912135536767925, ""C02"": 0.025912135536767925, ""C03"": 0.025912135536767925, ""C04"": 0.025912135536767925, ""C05"": 0.025912135536767925, ""C06"": 0.025912135536767925, ""C07"": 0.025912135536767925, ""C08"": 0.025912135536767925, ""C09"": 0.025912135536767925, ""C10"": 0.025912135536767925, ""C11"": 0.025912135536767925, ""C12"": 0.025912135536767925, ""C13"": 0.025912135536767925, ""C14"": 0.025912135536767925, ""C15"": 0.025912135536767925, ""C16"": 0.025912135536767925, ""C17"": 0.025912135536767925, ""C18"": 0.025912135536767925, ""C19"": 0.025912135536767925, ""C20"": 0.025912135536767925, ""C21"": 0.025912135536767925, ""C22"": 0.025912135536767925, ""C23"": 0.025912135536767925, ""C24"": 0.02570771348491253, ""C25"": 0.025461613781764064}"
87,87,1,802,7.173301,25,"{""C01"": 1.243232, ""C02"": 1.251919, ""C03"": 1.260606, ""C04"": 1.269293, ""C05"": 1.27798, ""C06"": 2.702626, ""C07"": 2.711313, ""C08"": 2.72, ""C09"": 2.728687, ""C10"": 2.737374, ""C11"": 2.746061, ""C12"": 2.754747, ""C13"": 2.763434, ""C14"": 2.772121, ""C15"": 2.780808, ""C16"": 2.693939, ""C17"": 2.724343, ""C18"": 2.750404, ""C19"": 2.715657, ""C20"": 2.759091, ""C21"": 6.472727, ""C22"": 6.516162, ""C23"": 6.559596, ""C24"": 6.60303, ""C25"": 6.646465}","{""C01"": 0, ""C02"": 0, ""C03"": 0, ""C04"": 0, ""C05"": 0, ""C06"": 0, ""C07"": 0, ""C08"": 0, ""C09"": 0, ""C10"": 0, ""C11"": 0, ""C12"": 0, ""C13"": 0, ""C14"": 0, ""C15"": 0, ""C16"": 0, ""C17"": 0, ""C18"": 0, ""C19"": 0, ""C20"": 0, ""C21"": 0, ""C22"": 0, ""C23"": 0, ""C24"": 353, ""C25"": 774}","{""C01"": 0.025916345696210458, ""C02"": 0.025916345696210458, ""C03"": 0.025916345696210458, ""C04"": 0.025916345696210458, ""C05"": 0.025916345696210458, ""C06"": 0.025916345696210458, ""C07"": 0.025916345696210458, ""C08"": 0.025916345696210458, ""C09"": 0.025916345696210458, ""C10"": 0.025916345696210458, ""C11"": 0.025916345696210458, ""C12"": 0.025916345696210458, ""C13"": 0.025916345696210458, ""C14"": 0.025916345696210458, ""C15"": 0.025916345696210458, ""C16"": 0.025916345696210458, ""C17"": 0.025916345696210458, ""C18"": 0.025916345696210458, ""C19"": 0.025916345696210458, ""C20"": 0.025916345696210458, ""C21"": 0.025916345696210458, ""C22"": 0.025916345696210458, ""C23"": 0.025916345696210458, ""C24"": 0.02571192485699068, ""C25"": 0.0254681431512709}"
88,88,1,808,7.334152,25,"{""C01"": 1.246061, ""C02"": 1.254848, ""C03"": 1.263636, ""C04"": 1.272424, ""C05"": 1.281212, ""C06"": 2.722424, ""C07"": 2.731212, ""C08"": 2.74, ""C09"": 2.748788, ""C10"": 2.757576, ""C11"": 2.766364, ""C12"": 2.775152, ""C13"": 2.783939, ""C14"": 2.792727, ""C15"": 2.801515, ""C16"": 2.713636, ""C17"": 2.744394, ""C18"": 2.770758, ""C19"": 2.735606, ""C20"": 2.779545, ""C21"": 6.536364, ""C22"": 6.580303, ""C23"": 6.624242, ""C24"": 6.668182, ""C25"": 6.712121}","{""C01"": 0, ""C02"": 0, ""C03"": 0, ""C04"": 0, ""C05"": 0, ""C06"": 0, ""C07"": 0, ""C08"": 0, ""C09"": 0, ""C10"": 0, ""C11"": 0, ""C12"": 0, ""C13"": 0, ""C14"": 0, ""C15"": 0, ""C16"": 0, ""C17"": 0, ""C18"": 0, ""C19"": 0, ""C20"": 0, ""C21"": 0, ""C22"": 0, ""C23"": 0, ""C24"": 350, ""C25"": 774}","{""C01"": 0.02592106860971112, ""C02"": 0.02592106860971112, ""C03"": 0.02592106860971112, ""C04"": 0.02592106860971112, ""C05"": 0.02592106860971112, ""C06"": 0.02592106860971112, ""C07"": 0.02592106860971112, ""C08"": 0.02592106860971112, ""C09"": 0.02592106860971112, ""C10"": 0.02592106860971112, ""C11"": 0.02592106860971112, ""C12"": 0.02592106860971112, ""C13"": 0.02592106860971112, ""C14"": 0.02592106860971112, ""C15"": 0.02592106860971112, ""C16"": 0.02592106860971112, ""C17"": 0.02592106860971112, ""C18"": 0.02592106860971112, ""C19"": 0.02592106860971112, ""C20"": 0.02592106860971112, ""C21"": 0.02592106860971112, ""C22"": 0.02592106860971112, ""C23"": 0.02592106860971112, ""C24"": 0.025718383381363442, ""C25"": 0.025472862140822814}"
89,89,1,807,7.281832,25,"{""C01"": 1.248889, ""C02"": 1.257778, ""C03"": 1.266667, ""C04"": 1.275556, ""C05"": 1.284444, ""C06"": 2.742222, ""C07"": 2.751111, ""C08"": 2.76, ""C09"": 2.768889, ""C10"": 2.777778, ""C11"": 2.786667, ""C12"": 2.795556, ""C13"": 2.804444, ""C14"": 2.813333, ""C15"": 2.822222, ""C16"": 2.733333, ""C17"": 2.764444, ""C18"": 2.791111, ""C19"": 2.755556, ""C20"": 2.8, ""C21"": 6.6, ""C22"": 6.644444, ""C23"": 6.688889, ""C24"": 6.733333, ""C25"": 6.777778}","{""C01"": 0, ""C02"": 0, ""C03"": 0, ""C04"": 0, ""C05"": 0, ""C06"": 0, ""C07"": 0, ""C08"": 0, ""C09"": 0, ""C10"": 0, ""C11"": 0, ""C12"": 0, ""C13"": 0, ""C14"": 0, ""C15"": 0, ""C16"": 0, ""C17"": 0, ""C18"": 0, ""C19"": 0, ""C20"": 0, ""C21"": 0, ""C22"": 0, ""C23"": 0, ""C24"": 345, ""C25"": 775}","{""C01"": 0.025925130038910157, ""C02"": 0.025925130038910157, ""C03"": 0.025925130038910157, ""C04"": 0.025925130038910157, ""C05"": 0.025925130038910157, ""C06"": 0.025925130038910157, ""C07"": 0.025925130038910157, ""C08"": 0.025925130038910157, ""C09"": 0.025925130038910157, ""C10"": 0.025925130038910157, ""C11"": 0.025925130038910157, ""C12"": 0.025925130038910157, ""C13"": 0.025925130038910157, ""C14"": 0.025925130038910157, ""C15"": 0.025925130038910157, ""C16"": 0.025925130038910157, ""C17"": 0.025925130038910157, ""C18"": 0.025925130038910157, ""C19"": 0.025925130038910157, ""C20"": 0.025925130038910157, ""C21"": 0.025925130038910157, ""C22"": 0.025925130038910157, ""C23"": 0.025925130038910157, ""C24"": 0.0257253417992234, ""C25"": 0.025476347604540935}"
90,90,1,810,7.362138,25,"{""C01"": 1.251717, ""C02"": 1.260707, ""C03"": 1.269697, ""C04"": 1.278687, ""C05"": 1.287677, ""C06"": 2.76202, ""C07"": 2.77101, ""C08"": 2.78, ""C09"": 2.78899, ""C10"": 2.79798, ""C11"": 2.80697, ""C12"": 2.81596, ""C13"": 2.824949, ""C14"": 2.833939, ""C15"": 2.842929, ""C16"": 2.75303, ""C17"": 2.784495, ""C18"": 2.811465, ""C19"": 2.775505, ""C20"": 2.820455, ""C21"": 6.663636, ""C22"": 6.708586, ""C23"": 6.753535, ""C24"": 6.798485, ""C25"": 6.843434}","{""C01"": 0, ""C02"": 0, ""C03"": 0, ""C04"": 0, ""C05"": 0, ""C06"": 0, ""C07"": 0, ""C08"": 0, ""C09"": 0, ""C10"": 0, ""C11"": 0, ""C12"": 0, ""C13"": 0, ""C14"": 0, ""C15"": 0, ""C16"": 0, ""C17"": 0, ""C18"": 0, ""C19"": 0, ""C20"": 0, ""C21"": 0, ""C22"": 0, ""C23"": 0, ""C24"": 343, ""C25"": 773}","{""C01"": 0.025929098540330722, ""C02"": 0.025929098540330722, ""C03"": 0.025929098540330722, ""C04"": 0.025929098540330722, ""C05"": 0.025929098540330722, ""C06"": 0.025929098540330722, ""C07"": 0.025929098540330722, ""C08"": 0.025929098540330722, ""C09"": 0.025929098540330722, ""C10"": 0.025929098540330722, ""C11"": 0.025929098540330722, ""C12"": 0.025929098540330722, ""C13"": 0.025929098540330722, ""C14"": 0.025929098540330722, ""C15"": 0.025929098540330722, ""C16"": 0.025929098540330722, ""C17"": 0.025929098540330722, ""C18"": 0.025929098540330722, ""C19"": 0.025929098540330722, ""C20"": 0.025929098540330722, ""C21"": 0.025929098540330722, ""C22"": 0.025929098540330722, ""C23"": 0.025929098540330722, ""C24"": 0.02573047052386757, ""C25"": 0.025481477958491816}"
91,91,1,813,7.436049,25,"{""C01"": 1.254545, ""C02"": 1.263636, ""C03"": 1.272727, ""C04"": 1.281818, ""C05"": 1.290909, ""C06"": 2.781818, ""C07"": 2.790909, ""C08"": 2.8, ""C09"": 2.809091, ""C10"": 2.818182, ""C11"": 2.827273, ""C12"": 2.836364, ""C13"": 2.845455, ""C14"": 2.854545, ""C15"": 2.863636, ""C16"": 2.772727, ""C17"": 2.804545, ""C18"": 2.831818, ""C19"": 2.795455, ""C20"": 2.840909, ""C21"": 6.727273, ""C22"": 6.772727, ""C23"": 6.818182, ""C24"": 6.863636, ""C25"": 6.909091}","{""C01"": 0, ""C02"": 0, ""C03"": 0, ""C04"": 0, ""C05"": 0, ""C06"": 0, ""C07"": 0, ""C08"": 0, ""C09"": 0, ""C10"": 0, ""C11"": 0, ""C12"": 0, ""C13"": 0, ""C14"": 0, ""C15"": 0, ""C16"": 0, ""C17"": 0, ""C18"": 0, ""C19"": 0, ""C20"": 0, ""C21"": 0, ""C22"": 0, ""C23"": 0, ""C24"": 342, ""C25"": 771}","{""C01"": 0.025933570422104646, ""C02"": 0.025933570422104646, ""C03"": 0.025933570422104646, ""C04"": 0.025933570422104646, ""C05"": 0.025933570422104646, ""C06"": 0.025933570422104646, ""C07"": 0.025933570422104646, ""C08"": 0.025933570422104646, ""C09"": 0.025933570422104646, ""C10"": 0.025933570422104646, ""C11"": 0.025933570422104646, ""C12"": 0.025933570422104646, ""C13"": 0.025933570422104646, ""C14"": 0.025933570422104646, ""C15"": 0.025933570422104646, ""C16"": 0.025933570422104646, ""C17"": 0.025933570422104646, ""C18"": 0.025933570422104646, ""C19"": 0.025933570422104646, ""C20"": 0.025933570422104646, ""C21"": 0.025933570422104646, ""C22"": 0.025933570422104646, ""C23"": 0.025933570422104646, ""C24"": 0.025735519831205072, ""C25"": 0.025487105128006973}"
92,92,1,815,7.404733,25,"{""C01"": 1.257374, ""C02"": 1.266566, ""C03"": 1.275758, ""C04"": 1.284949, ""C05"": 1.294141, ""C06"": 2.801616, ""C07"": 2.810808, ""C08"": 2.82, ""C09"": 2.829192, ""C10"": 2.838384, ""C11"": 2.847576, ""C12"": 2.856768, ""C13"": 2.86596, ""C14"": 2.875152, ""C15"": 2.884343, ""C16"": 2.792424, ""C17"": 2.824596, ""C18"": 2.852172, ""C19"": 2.815404, ""C20"": 2.861364, ""C21"": 6.790909, ""C22"": 6.836869, ""C23"": 6.882828, ""C24"": 6.928788, ""C25"": 6.974747}","{""C01"": 0, ""C02"": 0, ""C03"": 0, ""C04"": 0, ""C05"": 0, ""C06"": 0, ""C07"": 0, ""C08"": 0, ""C09"": 0, ""C10"": 0, ""C11"": 0, ""C12"": 0, ""C13"": 0, ""C14"": 0, ""C15"": 0, ""C16"": 0, ""C17"": 0, ""C18"": 0, ""C19"": 0, ""C20"": 0, ""C21"": 0, ""C22"": 0, ""C23"": 0, ""C24"": 342, ""C25"": 768}","{""C01"": 0.0259379606228224, ""C02"": 0.0259379606228224, ""C03"": 0.0259379606228224, ""C04"": 0.0259379606228224, ""C05"": 0.0259379606228224, ""C06"": 0.0259379606228224, ""C07"": 0.0259379606228224, ""C08"": 0.0259379606228224, ""C09"": 0.0259379606228224, ""C10"": 0.0259379606228224, ""C11"": 0.0259379606228224, ""C12"": 0.0259379606228224, ""C13"": 0.0259379606228224, ""C14"": 0.0259379606228224, ""C15"": 0.0259379606228224, ""C16"": 0.0259379606228224, ""C17"": 0.0259379606228224, ""C18"": 0.0259379606228224, ""C19"": 0.0259379606228224, ""C20"": 0.0259379606228224, ""C21"": 0.0259379606228224, ""C22"": 0.0259379606228224, ""C23"": 0.0259379606228224, ""C24"": 0.025739908865912913, ""C25"": 0.025493230057519453}"
93,93,1,817,7.196844,25,"{""C01"": 1.260202, ""C02"": 1.269495, ""C03"": 1.278788, ""C04"": 1.288081, ""C05"": 1.297374, ""C06"": 2.821414, ""C07"": 2.830707, ""C08"": 2.84, ""C09"": 2.849293, ""C10"": 2.858586, ""C11"": 2.867879, ""C12"": 2.877172, ""C13"": 2.886465, ""C14"": 2.895758, ""C15"": 2.905051, ""C16"": 2.812121, ""C17"": 2.844646, ""C18"": 2.872525, ""C19"": 2.835354, ""C20"": 2.881818, ""C21"": 6.854545, ""C22"": 6.90101, ""C23"": 6.947475, ""C24"": 6.993939, ""C25"": 7.040404}","{""C01"": 0, ""C02"": 0, ""C03"": 0, ""C04"": 0, ""C05"": 0, ""C06"": 0, ""C07"": 0, ""C08"": 0, ""C09"": 0, ""C10"": 0, ""C11"": 0, ""C12"": 0, ""C13"": 0, ""C14"": 0, ""C15"": 0, ""C16"": 0, ""C17"": 0, ""C18"": 0, ""C19"": 0, ""C20"": 0, ""C21"": 0, ""C22"": 0, ""C23"": 0, ""C24"": 338, ""C25"": 768}","{""C01"": 0.025941703958354448, ""C02"": 0.025941703958354448, ""C03"": 0.025941703958354448, ""C04"": 0.025941703958354448, ""C05"": 0.025941703958354448, ""C06"": 0.025941703958354448, ""C07"": 0.025941703958354448, ""C08"": 0.025941703958354448, ""C09"": 0.025941703958354448, ""C10"": 0.025941703958354448, ""C11"": 0.025941703958354448, ""C12"": 0.025941703958354448, ""C13"": 0.025941703958354448, ""C14"": 0.025941703958354448, ""C15"": 0.025941703958354448, ""C16"": 0.025941703958354448, ""C17"": 0.025941703958354448, ""C18"": 0.025941703958354448, ""C19"": 0.025941703958354448, ""C20"": 0.025941703958354448, ""C21"": 0.025941703958354448, ""C22"": 0.025941703958354448, ""C23"": 0.025941703958354448, ""C24"": 0.025745970641690766, ""C25"": 0.025496977826027112}"
94,94,1,432,3.802696,25,"{""C01"": 1.26303, ""C02"": 1.272424, ""C03"": 1.281818, ""C04"": 1.291212, ""C05"": 1.300606, ""C06"": 2.841212, ""C07"": 2.850606, ""C08"": 2.86, ""C09"": 2.869394, ""C10"": 2.878788, ""C11"": 2.888182, ""C12"": 2.897576, ""C13"": 2.90697, ""C14"": 2.916364, ""C15"": 2.925758, ""C16"": 2.831818, ""C17"": 2.864697, ""C18"": 2.892879, ""C19"": 2.855303, ""C20"": 2.902273, ""C21"": 6.918182, ""C22"": 6.965152, ""C23"": 7.012121, ""C24"": 7.059091, ""C25"": 7.106061}","{""C01"": 0, ""C02"": 0, ""C03"": 0, ""C04"": 0, ""C05"": 0, ""C06"": 0, ""C07"": 0, ""C08"": 0, ""C09"": 0, ""C10"": 0, ""C11"": 0, ""C12"": 0, ""C13"": 0, ""C14"": 0, ""C15"": 0, ""C16"": 0, ""C17"": 0, ""C18"": 0, ""C19"": 0, ""C20"": 0, ""C21"": 0, ""C22"": 0, ""C23"": 193, ""C24"": 335, ""C25"": 577}","{""C01"": 0.02594563212009092, ""C02"": 0.02594563212009092, ""C03"": 0.02594563212009092, ""C04"": 0.02594563212009092, ""C05"": 0.02594563212009092, ""C06"": 0.02594563212009092, ""C07"": 0.02594563212009092, ""C08"": 0.02594563212009092, ""C09"": 0.02594563212009092, ""C10"": 0.02594563212009092, ""C11"": 0.02594563212009092, ""C12"": 0.02594563212009092, ""C13"": 0.02594563212009092, ""C14"": 0.02594563212009092, ""C15"": 0.02594563212009092, ""C16"": 0.02594563212009092, ""C17"": 0.02594563212009092, ""C18"": 0.02594563212009092, ""C19"": 0.02594563212009092, ""C20"": 0.02594563212009092, ""C21"": 0.02594563212009092, ""C22"": 0.02594563212009092, ""C23"": 0.02583386231170877, ""C24"": 0.02575163730654421, ""C25"": 0.02561151921262731}"
95,95,1,388,3.504429,25,"{""C01"": 1.265859, ""C02"": 1.275354, ""C03"": 1.284848, ""C04"": 1.294343, ""C05"": 1.303838, ""C06"": 2.86101, ""C07"": 2.870505, ""C08"": 2.88, ""C09"": 2.889495, ""C10"": 2.89899, ""C11"": 2.908485, ""C12"": 2.91798, ""C13"": 2.927475, ""C14"": 2.93697, ""C15"": 2.946465, ""C16"": 2.851515, ""C17"": 2.884747, ""C18"": 2.913232, ""C19"": 2.875253, ""C20"": 2.922727, ""C21"": 6.981818, ""C22"": 7.029293, ""C23"": 7.076768, ""C24"": 7.124242, ""C25"": 7.171717}","{""C01"": 0, ""C02"": 0, ""C03"": 0, ""C04"": 0, ""C05"": 0, ""C06"": 0, ""C07"": 0, ""C08"": 0, ""C09"": 0, ""C10"": 0, ""C11"": 0, ""C12"": 0, ""C13"": 0, ""C14"": 0, ""C15"": 0, ""C16"": 0, ""C17"": 0, ""C18"": 0, ""C19"": 0, ""C20"": 0, ""C21"": 0, ""C22"": 0, ""C23"": 214, ""C24"": 333, ""C25"": 555}","{""C01"": 0.025949641734922202, ""C02"": 0.025949641734922202, ""C03"": 0.025949641734922202, ""C04"": 0.025949641734922202, ""C05"": 0.025949641734922202, ""C06"": 0.025949641734922202, ""C07"": 0.025949641734922202, ""C08"": 0.025949641734922202, ""C09"": 0.025949641734922202, ""C10"": 0.025949641734922202, ""C11"": 0.025949641734922202, ""C12"": 0.025949641734922202, ""C13"": 0.025949641734922202, ""C14"": 0.025949641734922202, ""C15"": 0.025949641734922202, ""C16"": 0.025949641734922202, ""C17"": 0.025949641734922202, ""C18"": 0.025949641734922202, ""C19"": 0.025949641734922202, ""C20"": 0.025949641734922202, ""C21"": 0.025949641734922202, ""C22"": 0.025949641734922202, ""C23"": 0.02582571044479899, ""C24"": 0.0257568052047003, ""C25"": 0.02562826952182371}"
96,96,1,499,4.735453,25,"{""C01"": 1.268687, ""C02"": 1.278283, ""C03"": 1.287879, ""C04"": 1.297475, ""C05"": 1.307071, ""C06"": 2.880808, ""C07"": 2.890404, ""C08"": 2.9, ""C09"": 2.909596, ""C10"": 2.919192, ""C11"": 2.928788, ""C12"": 2.938384, ""C13"": 2.94798, ""C14"": 2.957576, ""C15"": 2.967172, ""C16"": 2.871212, ""C17"": 2.904798, ""C18"": 2.933586, ""C19"": 2.895202, ""C20"": 2.943182, ""C21"": 7.045455, ""C22"": 7.093434, ""C23"": 7.141414, ""C24"": 7.189394, ""C25"": 7.237374}","{""C01"": 0, ""C02"": 0, ""C03"": 0, ""C04"": 0, ""C05"": 0, ""C06"": 0, ""C07"": 0, ""C08"": 0, ""C09"": 0, ""C10"": 0, ""C11"": 0, ""C12"": 0, ""C13"": 0, ""C14"": 0, ""C15"": 0, ""C16"": 0, ""C17"": 0, ""C18"": 0, ""C19"": 0, ""C20"": 0, ""C21"": 0, ""C22"": 0, ""C23"": 157, ""C24"": 331, ""C25"": 610}","{""C01"": 0.025953599800823776, ""C02"": 0.025953599800823776, ""C03"": 0.025953599800823776, ""C04"": 0.025953599800823776, ""C05"": 0.025953599800823776, ""C06"": 0.025953599800823776, ""C07"": 0.025953599800823776, ""C08"": 0.025953599800823776, ""C09"": 0.025953599800823776, ""C10"": 0.025953599800823776, ""C11"": 0.025953599800823776, ""C12"": 0.025953599800823776, ""C13"": 0.025953599800823776, ""C14"": 0.025953599800823776, ""C15"": 0.025953599800823776, ""C16"": 0.025953599800823776, ""C17"": 0.025953599800823776, ""C18"": 0.025953599800823776, ""C19"": 0.025953599800823776, ""C20"": 0.025953599800823776, ""C21"": 0.025953599800823776, ""C22"": 0.025953599800823776, ""C23"": 0.025862678246854877, ""C24"": 0.025761921575126218, ""C25"": 0.025600376219920513}"
97,97,1,470,4.525076,25,"{""C01"": 1.271515, ""C02"": 1.281212, ""C03"": 1.290909, ""C04"": 1.300606, ""C05"": 1.310303, ""C06"": 2.900606, ""C07"": 2.910303, ""C08"": 2.92, ""C09"": 2.929697, ""C10"": 2.939394, ""C11"": 2.949091, ""C12"": 2.958788, ""C13"": 2.968485, ""C14"": 2.978182, ""C15"": 2.987879, ""C16"": 2.890909, ""C17"": 2.924848, ""C18"": 2.953939, ""C19"": 2.915152, ""C20"": 2.963636, ""C21"": 7.109091, ""C22"": 7.157576, ""C23"": 7.206061, ""C24"": 7.254545, ""C25"": 7.30303}","{""C01"": 0, ""C02"": 0, ""C03"": 0, ""C04"": 0, ""C05"": 0, ""C06"": 0, ""C07"": 0, ""C08"": 0, ""C09"": 0, ""C10"": 0, ""C11"": 0, ""C12"": 0, ""C13"": 0, ""C14"": 0, ""C15"": 0, ""C16"": 0, ""C17"": 0, ""C18"": 0, ""C19"": 0, ""C20"": 0, ""C21"": 0, ""C22"": 0, ""C23"": 171, ""C24"": 331, ""C25"": 593}","{""C01"": 0.025957515195292588, ""C02"": 0.025957515195292588, ""C03"": 0.025957515195292588, ""C04"": 0.025957515195292588, ""C05"": 0.025957515195292588, ""C06"": 0.025957515195292588, ""C07"": 0.025957515195292588, ""C08"": 0.025957515195292588, ""C09"": 0.025957515195292588, ""C10"": 0.025957515195292588, ""C11"": 0.025957515195292588, ""C12"": 0.025957515195292588, ""C13"": 0.025957515195292588, ""C14"": 0.025957515195292588, ""C15"": 0.025957515195292588, ""C16"": 0.025957515195292588, ""C17"": 0.025957515195292588, ""C18"": 0.025957515195292588, ""C19"": 0.025957515195292588, ""C20"": 0.025957515195292588, ""C21"": 0.025957515195292588, ""C22"": 0.025957515195292588, ""C23"": 0.025858485986829646, ""C24"": 0.02576583700587201, ""C25"": 0.025614136697223264}"
98,98,1,443,4.110217,25,"{""C01"": 1.274343, ""C02"": 1.284141, ""C03"": 1.293939, ""C04"": 1.303737, ""C05"": 1.313535, ""C06"": 2.920404, ""C07"": 2.930202, ""C08"": 2.94, ""C09"": 2.949798, ""C10"": 2.959596, ""C11"": 2.969394, ""C12"": 2.979192, ""C13"": 2.98899, ""C14"": 2.998788, ""C15"": 3.008586, ""C16"": 2.910606, ""C17"": 2.944899, ""C18"": 2.974293, ""C19"": 2.935101, ""C20"": 2.984091, ""C21"": 7.172727, ""C22"": 7.221717, ""C23"": 7.270707, ""C24"": 7.319697, ""C25"": 7.368687}","{""C01"": 0, ""C02"": 0, ""C03"": 0, ""C04"": 0, ""C05"": 0, ""C06"": 0, ""C07"": 0, ""C08"": 0, ""C09"": 0, ""C10"": 0, ""C11"": 0, ""C12"": 0, ""C13"": 0, ""C14"": 0, ""C15"": 0, ""C16"": 0, ""C17"": 0, ""C18"": 0, ""C19"": 0, ""C20"": 0, ""C21"": 0, ""C22"": 0, ""C23"": 185, ""C24"": 328, ""C25"": 579}","{""C01"": 0.025961373753170883, ""C02"": 0.025961373753170883, ""C03"": 0.025961373753170883, ""C04"": 0.025961373753170883, ""C05"": 0.025961373753170883, ""C06"": 0.025961373753170883, ""C07"": 0.025961373753170883, ""C08"": 0.025961373753170883, ""C09"": 0.025961373753170883, ""C10"": 0.025961373753170883, ""C11"": 0.025961373753170883, ""C12"": 0.025961373753170883, ""C13"": 0.025961373753170883, ""C14"": 0.025961373753170883, ""C15"": 0.025961373753170883, ""C16"": 0.025961373753170883, ""C17"": 0.025961373753170883, ""C18"": 0.025961373753170883, ""C19"": 0.025961373753170883, ""C20"": 0.025961373753170883, ""C21"": 0.025961373753170883, ""C22"": 0.025961373753170883, ""C23"": 0.025854236890213902, ""C24"": 0.02577143302457959, ""C25"": 0.025626103109051387}"
99,99,1,424,3.743055,25,"{""C01"": 1.277172, ""C02"": 1.287071, ""C03"": 1.29697, ""C04"": 1.306869, ""C05"": 1.316768, ""C06"": 2.940202, ""C07"": 2.950101, ""C08"": 2.96, ""C09"": 2.969899, ""C10"": 2.979798, ""C11"": 2.989697, ""C12"": 2.999596, ""C13"": 3.009495, ""C14"": 3.019394, ""C15"": 3.029293, ""C16"": 2.930303, ""C17"": 2.964949, ""C18"": 2.994646, ""C19"": 2.955051, ""C20"": 3.004545, ""C21"": 7.236364, ""C22"": 7.285859, ""C23"": 7.335354, ""C24"": 7.384848, ""C25"": 7.434343}","{""C01"": 0, ""C02"": 0, ""C03"": 0, ""C04"": 0, ""C05"": 0, ""C06"": 0, ""C07"": 0, ""C08"": 0, ""C09"": 0, ""C10"": 0, ""C11"": 0, ""C12"": 0, ""C13"": 0, ""C14"": 0, ""C15"": 0, ""C16"": 0, ""C17"": 0, ""C18"": 0, ""C19"": 0, ""C20"": 0, ""C21"": 0, ""C22"": 0, ""C23"": 194, ""C24"": 326, ""C25"": 569}","{""C01"": 0.02596520026180775, ""C02"": 0.02596520026180775, ""C03"": 0.02596520026180775, ""C04"": 0.02596520026180775, ""C05"": 0.02596520026180775, ""C06"": 0.02596520026180775, ""C07"": 0.02596520026180775, ""C08"": 0.02596520026180775, ""C09"": 0.02596520026180775, ""C10"": 0.02596520026180775, ""C11"": 0.02596520026180775, ""C12"": 0.02596520026180775, ""C13"": 0.02596520026180775, ""C14"": 0.02596520026180775, ""C15"": 0.02596520026180775, ""C16"": 0.02596520026180775, ""C17"": 0.02596520026180775, ""C18"": 0.02596520026180775, ""C19"": 0.02596520026180775, ""C20"": 0.02596520026180775, ""C21"": 0.02596520026180775, ""C22"": 0.02596520026180775, ""C23"": 0.025852851335247454, ""C24"": 0.025776417785746356, ""C25"": 0.025635720835740575}"
100,100,1,409,3.645621,25,"{""C01"": 1.28, ""C02"": 1.29, ""C03"": 1.3, ""C04"": 1.31, ""C05"": 1.32, ""C06"": 2.96, ""C07"": 2.97, ""C08"": 2.98, ""C09"": 2.99, ""C10"": 3.0, ""C11"": 3.01, ""C12"": 3.02, ""C13"": 3.03, ""C14"": 3.04, ""C15"": 3.05, ""C16"": 2.95, ""C17"": 2.985, ""C18"": 3.015, ""C19"": 2.975, ""C20"": 3.025, ""C21"": 7.3, ""C22"": 7.35, ""C23"": 7.4, ""C24"": 7.45, ""C25"": 7.5}","{""C01"": 0, ""C02"": 0, ""C03"": 0, ""C04"": 0, ""C05"": 0, ""C06"": 0, ""C07"": 0, ""C08"": 0, ""C09"": 0, ""C10"": 0, ""C11"": 0, ""C12"": 0, ""C13"": 0, ""C14"": 0, ""C15"": 0, ""C16"": 0, ""C17"": 0, ""C18"": 0, ""C19"": 0, ""C20"": 0, ""C21"": 0, ""C22"": 0, ""C23"": 201, ""C24"": 324, ""C25"": 561}","{""C01"": 0.0259689767803742, ""C02"": 0.0259689767803742, ""C03"": 0.0259689767803742, ""C04"": 0.0259689767803742, ""C05"": 0.0259689767803742, ""C06"": 0.0259689767803742, ""C07"": 0.0259689767803742, ""C08"": 0.0259689767803742, ""C09"": 0.0259689767803742, ""C10"": 0.0259689767803742, ""C11"": 0.0259689767803742, ""C12"": 0.0259689767803742, ""C13"": 0.0259689767803742, ""C14"": 0.0259689767803742, ""C15"": 0.0259689767803742, ""C16"": 0.0259689767803742, ""C17"": 0.0259689767803742, ""C18"": 0.0259689767803742, ""C19"": 0.0259689767803742, ""C20"": 0.0259689767803742, ""C21"": 0.0259689767803742, ""C22"": 0.0259689767803742, ""C23"": 0.025852574026566884, ""C24"": 0.025781352593733983, ""C25"": 0.025644130401937186}"
