game_id,iter_idx,converged,rounds,duration_sec,player_count,quality_scores_json,final_datasizes_json,final_payoffs_json
1,1,1,125,0.754664,15,"{""C01"": 1.012744, ""C02"": 1.03733, ""C03"": 1.050196, ""C04"": 1.054695, ""C05"": 1.05812, ""C06"": 1.356879, ""C07"": 1.258979, ""C08"": 1.295989, ""C09"": 1.339909, ""C10"": 1.379489, ""C11"": 1.40552, ""C12"": 1.977327, ""C13"": 1.889209, ""C14"": 1.87951, ""C15"": 1.882197}","{""C01"": 0, ""C02"": 0, ""C03"": 0, ""C04"": 0, ""C05"": 0, ""C06"": 0, ""C07"": 0, ""C08"": 0, ""C09"": 0, ""C10"": 0, ""C11"": 0, ""C12"": 1664, ""C13"": 0, ""C14"": 0, ""C15"": 0}","{""C01"": 0.025256450229993885, ""C02"": 0.025256450229993885, ""C03"": 0.025256450229993885, ""C04"": 0.025256450229993885, ""C05"": 0.025256450229993885, ""C06"": 0.025256450229993885, ""C07"": 0.025256450229993885, ""C08"": 0.025256450229993885, ""C09"": 0.025256450229993885, ""C10"": 0.025256450229993885, ""C11"": 0.025256450229993885, ""C12"": 0.024292800792684973, ""C13"": 0.025256450229993885, ""C14"": 0.025256450229993885, ""C15"": 0.025256450229993885}"
2,2,1,124,0.745543,15,"{""C01"": 1.027263, ""C02"": 1.047619, ""C03"": 1.05685, ""C04"": 1.060018, ""C05"": 1.065042, ""C06"": 1.374939, ""C07"": 1.28289, ""C08"": 1.323561, ""C09"": 1.367231, ""C10"": 1.402767, ""C11"": 1.422862, ""C12"": 2.001769, ""C13"": 1.911379, ""C14"": 1.904678, ""C15"": 1.914224}","{""C01"": 0, ""C02"": 0, ""C03"": 0, ""C04"": 0, ""C05"": 0, ""C06"": 0, ""C07"": 0, ""C08"": 0, ""C09"": 0, ""C10"": 0, ""C11"": 0, ""C12"": 1658, ""C13"": 0, ""C14"": 0, ""C15"": 0}","{""C01"": 0.025264817865649464, ""C02"": 0.025264817865649464, ""C03"": 0.025264817865649464, ""C04"": 0.025264817865649464, ""C05"": 0.025264817865649464, ""C06"": 0.025264817865649464, ""C07"": 0.025264817865649464, ""C08"": 0.025264817865649464, ""C09"": 0.025264817865649464, ""C10"": 0.025264817865649464, ""C11"": 0.025264817865649464, ""C12"": 0.024304642495266378, ""C13"": 0.025264817865649464, ""C14"": 0.025264817865649464, ""C15"": 0.025264817865649464}"
3,3,1,143,0.885487,15,"{""C01"": 1.039537, ""C02"": 1.055641, ""C03"": 1.061906, ""C04"": 1.06479, ""C05"": 1.072344, ""C06"": 1.393848, ""C07"": 1.307155, ""C08"": 1.350201, ""C09"": 1.392149, ""C10"": 1.422676, ""C11"": 1.43683, ""C12"": 2.022509, ""C13"": 1.931735, ""C14"": 1.929692, ""C15"": 1.946747}","{""C01"": 0, ""C02"": 0, ""C03"": 0, ""C04"": 0, ""C05"": 0, ""C06"": 0, ""C07"": 0, ""C08"": 0, ""C09"": 0, ""C10"": 0, ""C11"": 0, ""C12"": 1652, ""C13"": 0, ""C14"": 0, ""C15"": 0}","{""C01"": 0.025271242033797076, ""C02"": 0.025271242033797076, ""C03"": 0.025271242033797076, ""C04"": 0.025271242033797076, ""C05"": 0.025271242033797076, ""C06"": 0.025271242033797076, ""C07"": 0.025271242033797076, ""C08"": 0.025271242033797076, ""C09"": 0.025271242033797076, ""C10"": 0.025271242033797076, ""C11"": 0.025271242033797076, ""C12"": 0.02431454233983186, ""C13"": 0.025271242033797076, ""C14"": 0.025271242033797076, ""C15"": 0.025271242033797076}"
4,4,1,178,1.180429,15,"{""C01"": 1.049526, ""C02"": 1.061621, ""C03"": 1.065774, ""C04"": 1.069438, ""C05"": 1.080296, ""C06"": 1.413636, ""C07"": 1.331471, ""C08"": 1.375461, ""C09"": 1.414322, ""C10"": 1.439184, ""C11"": 1.447761, ""C12"": 2.040347, ""C13"": 1.951104, ""C14"": 1.95509, ""C15"": 1.979836}","{""C01"": 0, ""C02"": 0, ""C03"": 0, ""C04"": 0, ""C05"": 0, ""C06"": 0, ""C07"": 0, ""C08"": 0, ""C09"": 0, ""C10"": 0, ""C11"": 0, ""C12"": 1648, ""C13"": 0, ""C14"": 0, ""C15"": 0}","{""C01"": 0.02527733519200727, ""C02"": 0.02527733519200727, ""C03"": 0.02527733519200727, ""C04"": 0.02527733519200727, ""C05"": 0.02527733519200727, ""C06"": 0.02527733519200727, ""C07"": 0.02527733519200727, ""C08"": 0.02527733519200727, ""C09"": 0.02527733519200727, ""C10"": 0.02527733519200727, ""C11"": 0.02527733519200727, ""C12"": 0.02432295110853663, ""C13"": 0.02527733519200727, ""C14"": 0.02527733519200727, ""C15"": 0.02527733519200727}"
5,5,1,252,1.612599,15,"{""C01"": 1.057283, ""C02"": 1.06586, ""C03"": 1.068886, ""C04"": 1.074346, ""C05"": 1.089077, ""C06"": 1.434196, ""C07"": 1.355451, ""C08"": 1.398891, ""C09"": 1.433494, ""C10"": 1.452389, ""C11"": 1.456098, ""C12"": 2.056121, ""C13"": 1.970226, ""C14"": 1.981237, ""C15"": 2.01338}","{""C01"": 0, ""C02"": 0, ""C03"": 0, ""C04"": 0, ""C05"": 0, ""C06"": 0, ""C07"": 0, ""C08"": 0, ""C09"": 0, ""C10"": 0, ""C11"": 0, ""C12"": 1644, ""C13"": 0, ""C14"": 0, ""C15"": 0}","{""C01"": 0.0252823742642298, ""C02"": 0.0252823742642298, ""C03"": 0.0252823742642298, ""C04"": 0.0252823742642298, ""C05"": 0.0252823742642298, ""C06"": 0.0252823742642298, ""C07"": 0.0252823742642298, ""C08"": 0.0252823742642298, ""C09"": 0.0252823742642298, ""C10"": 0.0252823742642298, ""C11"": 0.0252823742642298, ""C12"": 0.024330306667269458, ""C13"": 0.0252823742642298, ""C14"": 0.0252823742642298, ""C15"": 0.0252823742642298}"
6,6,1,425,2.659020,15,"{""C01"": 1.062953, ""C02"": 1.068722, ""C03"": 1.071678, ""C04"": 1.079837, ""C05"": 1.098768, ""C06"": 1.455294, ""C07"": 1.378648, ""C08"": 1.420082, ""C09"": 1.449517, ""C10"": 1.462515, ""C11"": 1.462369, ""C12"": 2.070663, ""C13"": 1.989727, ""C14"": 2.008321, ""C15"": 2.047106}","{""C01"": 0, ""C02"": 0, ""C03"": 0, ""C04"": 0, ""C05"": 0, ""C06"": 0, ""C07"": 0, ""C08"": 0, ""C09"": 0, ""C10"": 0, ""C11"": 0, ""C12"": 1640, ""C13"": 0, ""C14"": 0, ""C15"": 0}","{""C01"": 0.02528677281370141, ""C02"": 0.02528677281370141, ""C03"": 0.02528677281370141, ""C04"": 0.02528677281370141, ""C05"": 0.02528677281370141, ""C06"": 0.02528677281370141, ""C07"": 0.02528677281370141, ""C08"": 0.02528677281370141, ""C09"": 0.02528677281370141, ""C10"": 0.02528677281370141, ""C11"": 0.02528677281370141, ""C12"": 0.024337022239478468, ""C13"": 0.02528677281370141, ""C14"": 0.02528677281370141, ""C15"": 0.02528677281370141}"
7,7,1,120,0.745286,15,"{""C01"": 1.066769, ""C02"": 1.070614, ""C03"": 1.074559, ""C04"": 1.086153, ""C05"": 1.109351, ""C06"": 1.476594, ""C07"": 1.400593, ""C08"": 1.438689, ""C09"": 1.462371, ""C10"": 1.469906, ""C11"": 1.467158, ""C12"": 2.084755, ""C13"": 2.01008, ""C14"": 2.036345, ""C15"": 2.080604}","{""C01"": 0, ""C02"": 0, ""C03"": 0, ""C04"": 0, ""C05"": 0, ""C06"": 0, ""C07"": 0, ""C08"": 0, ""C09"": 0, ""C10"": 0, ""C11"": 0, ""C12"": 855, ""C13"": 0, ""C14"": 0, ""C15"": 783}","{""C01"": 0.025291160534863938, ""C02"": 0.025291160534863938, ""C03"": 0.025291160534863938, ""C04"": 0.025291160534863938, ""C05"": 0.025291160534863938, ""C06"": 0.025291160534863938, ""C07"": 0.025291160534863938, ""C08"": 0.025291160534863938, ""C09"": 0.025291160534863938, ""C10"": 0.025291160534863938, ""C11"": 0.025291160534863938, ""C12"": 0.02479601782299441, ""C13"": 0.025291160534863938, ""C14"": 0.025291160534863938, ""C15"": 0.02483771147272617}"
8,8,1,807,3.661424,15,"{""C01"": 1.069035, ""C02"": 1.071962, ""C03"": 1.077894, ""C04"": 1.093447, ""C05"": 1.120712, ""C06"": 1.497676, ""C07"": 1.42083, ""C08"": 1.454462, ""C09"": 1.472161, ""C10"": 1.475009, ""C11"": 1.471073, ""C12"": 2.099094, ""C13"": 2.031592, ""C14"": 2.065138, ""C15"": 2.113362}","{""C01"": 0, ""C02"": 0, ""C03"": 0, ""C04"": 0, ""C05"": 0, ""C06"": 0, ""C07"": 0, ""C08"": 0, ""C09"": 0, ""C10"": 0, ""C11"": 0, ""C12"": 0, ""C13"": 0, ""C14"": 0, ""C15"": 1630}","{""C01"": 0.025300348370144693, ""C02"": 0.025300348370144693, ""C03"": 0.025300348370144693, ""C04"": 0.025300348370144693, ""C05"": 0.025300348370144693, ""C06"": 0.025300348370144693, ""C07"": 0.025300348370144693, ""C08"": 0.025300348370144693, ""C09"": 0.025300348370144693, ""C10"": 0.025300348370144693, ""C11"": 0.025300348370144693, ""C12"": 0.025300348370144693, ""C13"": 0.025300348370144693, ""C14"": 0.025300348370144693, ""C15"": 0.024356388183735568}"
9,9,1,353,1.221751,15,"{""C01"": 1.070119, ""C02"": 1.073188, ""C03"": 1.081982, ""C04"": 1.101769, ""C05"": 1.132651, ""C06"": 1.518075, ""C07"": 1.438943, ""C08"": 1.467263, ""C09"": 1.479123, ""C10"": 1.47835, ""C11"": 1.474714, ""C12"": 2.114251, ""C13"": 2.054387, ""C14"": 2.094373, ""C15"": 2.144807}","{""C01"": 0, ""C02"": 0, ""C03"": 0, ""C04"": 0, ""C05"": 0, ""C06"": 0, ""C07"": 0, ""C08"": 0, ""C09"": 0, ""C10"": 0, ""C11"": 0, ""C12"": 0, ""C13"": 0, ""C14"": 0, ""C15"": 1622}","{""C01"": 0.02530965041970548, ""C02"": 0.02530965041970548, ""C03"": 0.02530965041970548, ""C04"": 0.02530965041970548, ""C05"": 0.02530965041970548, ""C06"": 0.02530965041970548, ""C07"": 0.02530965041970548, ""C08"": 0.02530965041970548, ""C09"": 0.02530965041970548, ""C10"": 0.02530965041970548, ""C11"": 0.02530965041970548, ""C12"": 0.02530965041970548, ""C13"": 0.02530965041970548, ""C14"": 0.02530965041970548, ""C15"": 0.02437032385406926}"
10,10,1,257,0.921396,15,"{""C01"": 1.070423, ""C02"": 1.074688, ""C03"": 1.08704, ""C04"": 1.111076, ""C05"": 1.144897, ""C06"": 1.537307, ""C07"": 1.454592, ""C08"": 1.477084, ""C09"": 1.48361, ""C10"": 1.480507, ""C11"": 1.478642, ""C12"": 2.130644, ""C13"": 2.078411, ""C14"": 2.123593, ""C15"": 2.174346}","{""C01"": 0, ""C02"": 0, ""C03"": 0, ""C04"": 0, ""C05"": 0, ""C06"": 0, ""C07"": 0, ""C08"": 0, ""C09"": 0, ""C10"": 0, ""C11"": 0, ""C12"": 0, ""C13"": 0, ""C14"": 0, ""C15"": 1615}","{""C01"": 0.025318445043657864, ""C02"": 0.025318445043657864, ""C03"": 0.025318445043657864, ""C04"": 0.025318445043657864, ""C05"": 0.025318445043657864, ""C06"": 0.025318445043657864, ""C07"": 0.025318445043657864, ""C08"": 0.025318445043657864, ""C09"": 0.025318445043657864, ""C10"": 0.025318445043657864, ""C11"": 0.025318445043657864, ""C12"": 0.025318445043657864, ""C13"": 0.025318445043657864, ""C14"": 0.025318445043657864, ""C15"": 0.024383172339944883}"
11,11,1,233,0.815448,15,"{""C01"": 1.070369, ""C02"": 1.076807, ""C03"": 1.093193, ""C04"": 1.121226, ""C05"": 1.157128, ""C06"": 1.554909, ""C07"": 1.467536, ""C08"": 1.484044, ""C09"": 1.486074, ""C10"": 1.482079, ""C11"": 1.483343, ""C12"": 2.148523, ""C13"": 2.103438, ""C14"": 2.15225, ""C15"": 2.20141}","{""C01"": 0, ""C02"": 0, ""C03"": 0, ""C04"": 0, ""C05"": 0, ""C06"": 0, ""C07"": 0, ""C08"": 0, ""C09"": 0, ""C10"": 0, ""C11"": 0, ""C12"": 0, ""C13"": 0, ""C14"": 0, ""C15"": 1609}","{""C01"": 0.025326542909727398, ""C02"": 0.025326542909727398, ""C03"": 0.025326542909727398, ""C04"": 0.025326542909727398, ""C05"": 0.025326542909727398, ""C06"": 0.025326542909727398, ""C07"": 0.025326542909727398, ""C08"": 0.025326542909727398, ""C09"": 0.025326542909727398, ""C10"": 0.025326542909727398, ""C11"": 0.025326542909727398, ""C12"": 0.025326542909727398, ""C13"": 0.025326542909727398, ""C14"": 0.025326542909727398, ""C15"": 0.024394744463348602}"
12,12,1,253,1.011482,15,"{""C01"": 1.070367, ""C02"": 1.079823, ""C03"": 1.100468, ""C04"": 1.131998, ""C05"": 1.168991, ""C06"": 1.570467, ""C07"": 1.477651, ""C08"": 1.488392, ""C09"": 1.487044, ""C10"": 1.483647, ""C11"": 1.489206, ""C12"": 2.167956, ""C13"": 2.129092, ""C14"": 2.179744, ""C15"": 2.225496}","{""C01"": 0, ""C02"": 0, ""C03"": 0, ""C04"": 0, ""C05"": 0, ""C06"": 0, ""C07"": 0, ""C08"": 0, ""C09"": 0, ""C10"": 0, ""C11"": 0, ""C12"": 0, ""C13"": 0, ""C14"": 0, ""C15"": 1603}","{""C01"": 0.025333209800409914, ""C02"": 0.025333209800409914, ""C03"": 0.025333209800409914, ""C04"": 0.025333209800409914, ""C05"": 0.025333209800409914, ""C06"": 0.025333209800409914, ""C07"": 0.025333209800409914, ""C08"": 0.025333209800409914, ""C09"": 0.025333209800409914, ""C10"": 0.025333209800409914, ""C11"": 0.025333209800409914, ""C12"": 0.025333209800409914, ""C13"": 0.025333209800409914, ""C14"": 0.025333209800409914, ""C15"": 0.024404886835771043}"
13,13,1,279,1.055353,15,"{""C01"": 1.070799, ""C02"": 1.083927, ""C03"": 1.108791, ""C04"": 1.143102, ""C05"": 1.18013, ""C06"": 1.583647, ""C07"": 1.484942, ""C08"": 1.490492, ""C09"": 1.487093, ""C10"": 1.48575, ""C11"": 1.496501, ""C12"": 2.188836, ""C13"": 2.154878, ""C14"": 2.205464, ""C15"": 2.246208}","{""C01"": 0, ""C02"": 0, ""C03"": 0, ""C04"": 0, ""C05"": 0, ""C06"": 0, ""C07"": 0, ""C08"": 0, ""C09"": 0, ""C10"": 0, ""C11"": 0, ""C12"": 0, ""C13"": 0, ""C14"": 0, ""C15"": 1599}","{""C01"": 0.02533950148380694, ""C02"": 0.02533950148380694, ""C03"": 0.02533950148380694, ""C04"": 0.02533950148380694, ""C05"": 0.02533950148380694, ""C06"": 0.02533950148380694, ""C07"": 0.02533950148380694, ""C08"": 0.02533950148380694, ""C09"": 0.02533950148380694, ""C10"": 0.02533950148380694, ""C11"": 0.02533950148380694, ""C12"": 0.02533950148380694, ""C13"": 0.02533950148380694, ""C14"": 0.02533950148380694, ""C15"": 0.02441349391667681}"
14,14,1,312,1.175648,15,"{""C01"": 1.071992, ""C02"": 1.08922, ""C03"": 1.118, ""C04"": 1.154202, ""C05"": 1.190206, ""C06"": 1.594222, ""C07"": 1.489547, ""C08"": 1.490805, ""C09"": 1.486809, ""C10"": 1.488847, ""C11"": 1.505365, ""C12"": 2.210887, ""C13"": 2.180216, ""C14"": 2.228833, ""C15"": 2.26328}","{""C01"": 0, ""C02"": 0, ""C03"": 0, ""C04"": 0, ""C05"": 0, ""C06"": 0, ""C07"": 0, ""C08"": 0, ""C09"": 0, ""C10"": 0, ""C11"": 0, ""C12"": 0, ""C13"": 0, ""C14"": 0, ""C15"": 1595}","{""C01"": 0.02534420094570594, ""C02"": 0.02534420094570594, ""C03"": 0.02534420094570594, ""C04"": 0.02534420094570594, ""C05"": 0.02534420094570594, ""C06"": 0.02534420094570594, ""C07"": 0.02534420094570594, ""C08"": 0.02534420094570594, ""C09"": 0.02534420094570594, ""C10"": 0.02534420094570594, ""C11"": 0.02534420094570594, ""C12"": 0.02534420094570594, ""C13"": 0.02534420094570594, ""C14"": 0.02534420094570594, ""C15"": 0.02442051014574115}"
15,15,1,432,1.649245,15,"{""C01"": 1.074202, ""C02"": 1.095702, ""C03"": 1.127853, ""C04"": 1.164938, ""C05"": 1.198924, ""C06"": 1.602083, ""C07"": 1.491729, ""C08"": 1.489859, ""C09"": 1.48676, ""C10"": 1.493294, ""C11"": 1.515796, ""C12"": 2.23369, ""C13"": 2.204483, ""C14"": 2.249353, ""C15"": 2.276604}","{""C01"": 0, ""C02"": 0, ""C03"": 0, ""C04"": 0, ""C05"": 0, ""C06"": 0, ""C07"": 0, ""C08"": 0, ""C09"": 0, ""C10"": 0, ""C11"": 0, ""C12"": 0, ""C13"": 0, ""C14"": 0, ""C15"": 1592}","{""C01"": 0.025347891212448417, ""C02"": 0.025347891212448417, ""C03"": 0.025347891212448417, ""C04"": 0.025347891212448417, ""C05"": 0.025347891212448417, ""C06"": 0.025347891212448417, ""C07"": 0.025347891212448417, ""C08"": 0.025347891212448417, ""C09"": 0.025347891212448417, ""C10"": 0.025347891212448417, ""C11"": 0.025347891212448417, ""C12"": 0.025347891212448417, ""C13"": 0.025347891212448417, ""C14"": 0.025347891212448417, ""C15"": 0.024425937844711372}"
16,16,1,672,2.537017,15,"{""C01"": 1.077599, ""C02"": 1.103278, ""C03"": 1.138043, ""C04"": 1.17495, ""C05"": 1.206047, ""C06"": 1.607254, ""C07"": 1.491864, ""C08"": 1.488227, ""C09"": 1.487459, ""C10"": 1.499328, ""C11"": 1.527659, ""C12"": 2.256716, ""C13"": 2.227058, ""C14"": 2.266635, ""C15"": 2.286239}","{""C01"": 0, ""C02"": 0, ""C03"": 0, ""C04"": 0, ""C05"": 0, ""C06"": 0, ""C07"": 0, ""C08"": 0, ""C09"": 0, ""C10"": 0, ""C11"": 0, ""C12"": 0, ""C13"": 0, ""C14"": 0, ""C15"": 1590}","{""C01"": 0.025350632159017047, ""C02"": 0.025350632159017047, ""C03"": 0.025350632159017047, ""C04"": 0.025350632159017047, ""C05"": 0.025350632159017047, ""C06"": 0.025350632159017047, ""C07"": 0.025350632159017047, ""C08"": 0.025350632159017047, ""C09"": 0.025350632159017047, ""C10"": 0.025350632159017047, ""C11"": 0.025350632159017047, ""C12"": 0.025350632159017047, ""C13"": 0.025350632159017047, ""C14"": 0.025350632159017047, ""C15"": 0.02442983683570799}"
17,17,1,1037,3.963225,15,"{""C01"": 1.082256, ""C02"": 1.111761, ""C03"": 1.148223, ""C04"": 1.1839, ""C05"": 1.211419, ""C06"": 1.609889, ""C07"": 1.49042, ""C08"": 1.486485, ""C09"": 1.489341, ""C10"": 1.50705, ""C11"": 1.540691, ""C12"": 2.279359, ""C13"": 2.247364, ""C14"": 2.28043, ""C15"": 2.292412}","{""C01"": 0, ""C02"": 0, ""C03"": 0, ""C04"": 0, ""C05"": 0, ""C06"": 0, ""C07"": 0, ""C08"": 0, ""C09"": 0, ""C10"": 0, ""C11"": 0, ""C12"": 0, ""C13"": 0, ""C14"": 0, ""C15"": 1588}","{""C01"": 0.025351959412826156, ""C02"": 0.025351959412826156, ""C03"": 0.025351959412826156, ""C04"": 0.025351959412826156, ""C05"": 0.025351959412826156, ""C06"": 0.025351959412826156, ""C07"": 0.025351959412826156, ""C08"": 0.025351959412826156, ""C09"": 0.025351959412826156, ""C10"": 0.025351959412826156, ""C11"": 0.025351959412826156, ""C12"": 0.025351959412826156, ""C13"": 0.025351959412826156, ""C14"": 0.025351959412826156, ""C15"": 0.02443232336126558}"
18,18,1,583,2.245241,15,"{""C01"": 1.088152, ""C02"": 1.120892, ""C03"": 1.158027, ""C04"": 1.191499, ""C05"": 1.214972, ""C06"": 1.610268, ""C07"": 1.487931, ""C08"": 1.485187, ""C09"": 1.492731, ""C10"": 1.516423, ""C11"": 1.554526, ""C12"": 2.300981, ""C13"": 2.264907, ""C14"": 2.290649, ""C15"": 2.295507}","{""C01"": 0, ""C02"": 0, ""C03"": 0, ""C04"": 0, ""C05"": 0, ""C06"": 0, ""C07"": 0, ""C08"": 0, ""C09"": 0, ""C10"": 0, ""C11"": 0, ""C12"": 1060, ""C13"": 0, ""C14"": 0, ""C15"": 528}","{""C01"": 0.025354670409044336, ""C02"": 0.025354670409044336, ""C03"": 0.025354670409044336, ""C04"": 0.025354670409044336, ""C05"": 0.025354670409044336, ""C06"": 0.025354670409044336, ""C07"": 0.025354670409044336, ""C08"": 0.025354670409044336, ""C09"": 0.025354670409044336, ""C10"": 0.025354670409044336, ""C11"": 0.025354670409044336, ""C12"": 0.024740807774797993, ""C13"": 0.025354670409044336, ""C14"": 0.025354670409044336, ""C15"": 0.025048896010983326}"
19,19,1,534,1.962264,15,"{""C01"": 1.095167, ""C02"": 1.130349, ""C03"": 1.167093, ""C04"": 1.197523, ""C05"": 1.216734, ""C06"": 1.608781, ""C07"": 1.484965, ""C08"": 1.484825, ""C09"": 1.497833, ""C10"": 1.527278, ""C11"": 1.568718, ""C12"": 2.320952, ""C13"": 2.279312, ""C14"": 2.297374, ""C15"": 2.29605}","{""C01"": 0, ""C02"": 0, ""C03"": 0, ""C04"": 0, ""C05"": 0, ""C06"": 0, ""C07"": 0, ""C08"": 0, ""C09"": 0, ""C10"": 0, ""C11"": 0, ""C12"": 1582, ""C13"": 0, ""C14"": 0, ""C15"": 0}","{""C01"": 0.025359868440583994, ""C02"": 0.025359868440583994, ""C03"": 0.025359868440583994, ""C04"": 0.025359868440583994, ""C05"": 0.025359868440583994, ""C06"": 0.025359868440583994, ""C07"": 0.025359868440583994, ""C08"": 0.025359868440583994, ""C09"": 0.025359868440583994, ""C10"": 0.025359868440583994, ""C11"": 0.025359868440583994, ""C12"": 0.024443706794052746, ""C13"": 0.025359868440583994, ""C14"": 0.025359868440583994, ""C15"": 0.025359868440583994}"
20,20,1,302,1.110559,15,"{""C01"": 1.103096, ""C02"": 1.139777, ""C03"": 1.175087, ""C04"": 1.201826, ""C05"": 1.216825, ""C06"": 1.605906, ""C07"": 1.482091, ""C08"": 1.485808, ""C09"": 1.504714, ""C10"": 1.539325, ""C11"": 1.582768, ""C12"": 2.338698, ""C13"": 2.29035, ""C14"": 2.300853, ""C15"": 2.294672}","{""C01"": 0, ""C02"": 0, ""C03"": 0, ""C04"": 0, ""C05"": 0, ""C06"": 0, ""C07"": 0, ""C08"": 0, ""C09"": 0, ""C10"": 0, ""C11"": 0, ""C12"": 1578, ""C13"": 0, ""C14"": 0, ""C15"": 0}","{""C01"": 0.025364537260269604, ""C02"": 0.025364537260269604, ""C03"": 0.025364537260269604, ""C04"": 0.025364537260269604, ""C05"": 0.025364537260269604, ""C06"": 0.025364537260269604, ""C07"": 0.025364537260269604, ""C08"": 0.025364537260269604, ""C09"": 0.025364537260269604, ""C10"": 0.025364537260269604, ""C11"": 0.025364537260269604, ""C12"": 0.02445069240926684, ""C13"": 0.025364537260269604, ""C14"": 0.025364537260269604, ""C15"": 0.025364537260269604}"
21,21,1,233,0.841749,15,"{""C01"": 1.11166, ""C02"": 1.148803, ""C03"": 1.181728, ""C04"": 1.204358, ""C05"": 1.215455, ""C06"": 1.602178, ""C07"": 1.479845, ""C08"": 1.488431, ""C09"": 1.513304, ""C10"": 1.552172, ""C11"": 1.596161, ""C12"": 2.353737, ""C13"": 2.297957, ""C14"": 2.30149, ""C15"": 2.292081}","{""C01"": 0, ""C02"": 0, ""C03"": 0, ""C04"": 0, ""C05"": 0, ""C06"": 0, ""C07"": 0, ""C08"": 0, ""C09"": 0, ""C10"": 0, ""C11"": 0, ""C12"": 1575, ""C13"": 0, ""C14"": 0, ""C15"": 0}","{""C01"": 0.02536866599885987, ""C02"": 0.02536866599885987, ""C03"": 0.02536866599885987, ""C04"": 0.02536866599885987, ""C05"": 0.02536866599885987, ""C06"": 0.02536866599885987, ""C07"": 0.02536866599885987, ""C08"": 0.02536866599885987, ""C09"": 0.02536866599885987, ""C10"": 0.02536866599885987, ""C11"": 0.02536866599885987, ""C12"": 0.024456558195301438, ""C13"": 0.02536866599885987, ""C14"": 0.02536866599885987, ""C15"": 0.02536866599885987}"
22,22,1,191,0.688419,15,"{""C01"": 1.120528, ""C02"": 1.157066, ""C03"": 1.186803, ""C04"": 1.20516, ""C05"": 1.212908, ""C06"": 1.598164, ""C07"": 1.478702, ""C08"": 1.492866, ""C09"": 1.523402, ""C10"": 1.565354, ""C11"": 1.608398, ""C12"": 2.365711, ""C13"": 2.302237, ""C14"": 2.299824, ""C15"": 2.289015}","{""C01"": 0, ""C02"": 0, ""C03"": 0, ""C04"": 0, ""C05"": 0, ""C06"": 0, ""C07"": 0, ""C08"": 0, ""C09"": 0, ""C10"": 0, ""C11"": 0, ""C12"": 1573, ""C13"": 0, ""C14"": 0, ""C15"": 0}","{""C01"": 0.025372143812349937, ""C02"": 0.025372143812349937, ""C03"": 0.025372143812349937, ""C04"": 0.025372143812349937, ""C05"": 0.025372143812349937, ""C06"": 0.025372143812349937, ""C07"": 0.025372143812349937, ""C08"": 0.025372143812349937, ""C09"": 0.025372143812349937, ""C10"": 0.025372143812349937, ""C11"": 0.025372143812349937, ""C12"": 0.024461193402710472, ""C13"": 0.025372143812349937, ""C14"": 0.025372143812349937, ""C15"": 0.025372143812349937}"
23,23,1,174,0.636644,15,"{""C01"": 1.129334, ""C02"": 1.16424, ""C03"": 1.190183, ""C04"": 1.204368, ""C05"": 1.20953, ""C06"": 1.594423, ""C07"": 1.479041, ""C08"": 1.499147, ""C09"": 1.534692, ""C10"": 1.578363, ""C11"": 1.619029, ""C12"": 2.374414, ""C13"": 2.303461, ""C14"": 2.296497, ""C15"": 2.286203}","{""C01"": 0, ""C02"": 0, ""C03"": 0, ""C04"": 0, ""C05"": 0, ""C06"": 0, ""C07"": 0, ""C08"": 0, ""C09"": 0, ""C10"": 0, ""C11"": 0, ""C12"": 1571, ""C13"": 0, ""C14"": 0, ""C15"": 0}","{""C01"": 0.025374334875660223, ""C02"": 0.025374334875660223, ""C03"": 0.025374334875660223, ""C04"": 0.025374334875660223, ""C05"": 0.025374334875660223, ""C06"": 0.025374334875660223, ""C07"": 0.025374334875660223, ""C08"": 0.025374334875660223, ""C09"": 0.025374334875660223, ""C10"": 0.025374334875660223, ""C11"": 0.025374334875660223, ""C12"": 0.024464542988389928, ""C13"": 0.025374334875660223, ""C14"": 0.025374334875660223, ""C15"": 0.025374334875660223}"
24,24,1,159,0.603513,15,"{""C01"": 1.137705, ""C02"": 1.170051, ""C03"": 1.191831, ""C04"": 1.202206, ""C05"": 1.205705, ""C06"": 1.591477, ""C07"": 1.481132, ""C08"": 1.507173, ""C09"": 1.546759, ""C10"": 1.590678, ""C11"": 1.627681, ""C12"": 2.379807, ""C13"": 2.302056, ""C14"": 2.292216, ""C15"": 2.284322}","{""C01"": 0, ""C02"": 0, ""C03"": 0, ""C04"": 0, ""C05"": 0, ""C06"": 0, ""C07"": 0, ""C08"": 0, ""C09"": 0, ""C10"": 0, ""C11"": 0, ""C12"": 1570, ""C13"": 0, ""C14"": 0, ""C15"": 0}","{""C01"": 0.025375823525904756, ""C02"": 0.025375823525904756, ""C03"": 0.025375823525904756, ""C04"": 0.025375823525904756, ""C05"": 0.025375823525904756, ""C06"": 0.025375823525904756, ""C07"": 0.025375823525904756, ""C08"": 0.025375823525904756, ""C09"": 0.025375823525904756, ""C10"": 0.025375823525904756, ""C11"": 0.025375823525904756, ""C12"": 0.02446661055422574, ""C13"": 0.025375823525904756, ""C14"": 0.025375823525904756, ""C15"": 0.025375823525904756}"
25,25,1,155,0.585036,15,"{""C01"": 1.14528, ""C02"": 1.1743, ""C03"": 1.191805, ""C04"": 1.19897, ""C05"": 1.20183, ""C06"": 1.589778, ""C07"": 1.485113, ""C08"": 1.516714, ""C09"": 1.559124, ""C10"": 1.601803, ""C11"": 1.634086, ""C12"": 2.382019, ""C13"": 2.298574, ""C14"": 2.287715, ""C15"": 2.283953}","{""C01"": 0, ""C02"": 0, ""C03"": 0, ""C04"": 0, ""C05"": 0, ""C06"": 0, ""C07"": 0, ""C08"": 0, ""C09"": 0, ""C10"": 0, ""C11"": 0, ""C12"": 1569, ""C13"": 0, ""C14"": 0, ""C15"": 0}","{""C01"": 0.025376089680201233, ""C02"": 0.025376089680201233, ""C03"": 0.025376089680201233, ""C04"": 0.025376089680201233, ""C05"": 0.025376089680201233, ""C06"": 0.025376089680201233, ""C07"": 0.025376089680201233, ""C08"": 0.025376089680201233, ""C09"": 0.025376089680201233, ""C10"": 0.025376089680201233, ""C11"": 0.025376089680201233, ""C12"": 0.024467456699826022, ""C13"": 0.025376089680201233, ""C14"": 0.025376089680201233, ""C15"": 0.025376089680201233}"
26,26,1,146,0.555243,15,"{""C01"": 1.15174, ""C02"": 1.176872, ""C03"": 1.190259, ""C04"": 1.19501, ""C05"": 1.198298, ""C06"": 1.589682, ""C07"": 1.490988, ""C08"": 1.527427, ""C09"": 1.571267, ""C10"": 1.611297, ""C11"": 1.638096, ""C12"": 2.381348, ""C13"": 2.293668, ""C14"": 2.283706, ""C15"": 2.285556}","{""C01"": 0, ""C02"": 0, ""C03"": 0, ""C04"": 0, ""C05"": 0, ""C06"": 0, ""C07"": 0, ""C08"": 0, ""C09"": 0, ""C10"": 0, ""C11"": 0, ""C12"": 1569, ""C13"": 0, ""C14"": 0, ""C15"": 0}","{""C01"": 0.025375832804972187, ""C02"": 0.025375832804972187, ""C03"": 0.025375832804972187, ""C04"": 0.025375832804972187, ""C05"": 0.025375832804972187, ""C06"": 0.025375832804972187, ""C07"": 0.025375832804972187, ""C08"": 0.025375832804972187, ""C09"": 0.025375832804972187, ""C10"": 0.025375832804972187, ""C11"": 0.025375832804972187, ""C12"": 0.024467200050695075, ""C13"": 0.025375832804972187, ""C14"": 0.025375832804972187, ""C15"": 0.025375832804972187}"
27,27,1,141,0.524579,15,"{""C01"": 1.156824, ""C02"": 1.177749, ""C03"": 1.187427, ""C04"": 1.190714, ""C05"": 1.195469, ""C06"": 1.59143, ""C07"": 1.498624, ""C08"": 1.538879, ""C09"": 1.582668, ""C10"": 1.618803, ""C11"": 1.639695, ""C12"": 2.378241, ""C13"": 2.288045, ""C14"": 2.280845, ""C15"": 2.289434}","{""C01"": 0, ""C02"": 0, ""C03"": 0, ""C04"": 0, ""C05"": 0, ""C06"": 0, ""C07"": 0, ""C08"": 0, ""C09"": 0, ""C10"": 0, ""C11"": 0, ""C12"": 1570, ""C13"": 0, ""C14"": 0, ""C15"": 0}","{""C01"": 0.02537522321970534, ""C02"": 0.02537522321970534, ""C03"": 0.02537522321970534, ""C04"": 0.02537522321970534, ""C05"": 0.02537522321970534, ""C06"": 0.02537522321970534, ""C07"": 0.02537522321970534, ""C08"": 0.02537522321970534, ""C09"": 0.02537522321970534, ""C10"": 0.02537522321970534, ""C11"": 0.02537522321970534, ""C12"": 0.024466010776060775, ""C13"": 0.02537522321970534, ""C14"": 0.02537522321970534, ""C15"": 0.02537522321970534}"
28,28,1,158,0.605149,15,"{""C01"": 1.160344, ""C02"": 1.177005, ""C03"": 1.183617, ""C04"": 1.186478, ""C05"": 1.193647, ""C06"": 1.595128, ""C07"": 1.507765, ""C08"": 1.550576, ""C09"": 1.592834, ""C10"": 1.624071, ""C11"": 1.639001, ""C12"": 2.373266, ""C13"": 2.282432, ""C14"": 2.279685, ""C15"": 2.295722}","{""C01"": 0, ""C02"": 0, ""C03"": 0, ""C04"": 0, ""C05"": 0, ""C06"": 0, ""C07"": 0, ""C08"": 0, ""C09"": 0, ""C10"": 0, ""C11"": 0, ""C12"": 1571, ""C13"": 0, ""C14"": 0, ""C15"": 0}","{""C01"": 0.025373893529305636, ""C02"": 0.025373893529305636, ""C03"": 0.025373893529305636, ""C04"": 0.025373893529305636, ""C05"": 0.025373893529305636, ""C06"": 0.025373893529305636, ""C07"": 0.025373893529305636, ""C08"": 0.025373893529305636, ""C09"": 0.025373893529305636, ""C10"": 0.025373893529305636, ""C11"": 0.025373893529305636, ""C12"": 0.024464102029975062, ""C13"": 0.025373893529305636, ""C14"": 0.025373893529305636, ""C15"": 0.025373893529305636}"
29,29,1,203,0.756163,15,"{""C01"": 1.162204, ""C02"": 1.174808, ""C03"": 1.179187, ""C04"": 1.182687, ""C05"": 1.193069, ""C06"": 1.60075, ""C07"": 1.518043, ""C08"": 1.561993, ""C09"": 1.601336, ""C10"": 1.626976, ""C11"": 1.636259, ""C12"": 2.367084, ""C13"": 2.27753, ""C14"": 2.280649, ""C15"": 2.304382}","{""C01"": 0, ""C02"": 0, ""C03"": 0, ""C04"": 0, ""C05"": 0, ""C06"": 0, ""C07"": 0, ""C08"": 0, ""C09"": 0, ""C10"": 0, ""C11"": 0, ""C12"": 1572, ""C13"": 0, ""C14"": 0, ""C15"": 0}","{""C01"": 0.025372092907070612, ""C02"": 0.025372092907070612, ""C03"": 0.025372092907070612, ""C04"": 0.025372092907070612, ""C05"": 0.025372092907070612, ""C06"": 0.025372092907070612, ""C07"": 0.025372092907070612, ""C08"": 0.025372092907070612, ""C09"": 0.025372092907070612, ""C10"": 0.025372092907070612, ""C11"": 0.025372092907070612, ""C12"": 0.02446172276554985, ""C13"": 0.025372092907070612, ""C14"": 0.025372092907070612, ""C15"": 0.025372092907070612}"
30,30,1,272,1.018863,15,"{""C01"": 1.162401, ""C02"": 1.171408, ""C03"": 1.174524, ""C04"": 1.17969, ""C05"": 1.193883, ""C06"": 1.608135, ""C07"": 1.529008, ""C08"": 1.572607, ""C09"": 1.607834, ""C10"": 1.627526, ""C11"": 1.631828, ""C12"": 2.360405, ""C13"": 2.273968, ""C14"": 2.284004, ""C15"": 2.3152}","{""C01"": 0, ""C02"": 0, ""C03"": 0, ""C04"": 0, ""C05"": 0, ""C06"": 0, ""C07"": 0, ""C08"": 0, ""C09"": 0, ""C10"": 0, ""C11"": 0, ""C12"": 1574, ""C13"": 0, ""C14"": 0, ""C15"": 0}","{""C01"": 0.025370672607527553, ""C02"": 0.025370672607527553, ""C03"": 0.025370672607527553, ""C04"": 0.025370672607527553, ""C05"": 0.025370672607527553, ""C06"": 0.025370672607527553, ""C07"": 0.025370672607527553, ""C08"": 0.025370672607527553, ""C09"": 0.025370672607527553, ""C10"": 0.025370672607527553, ""C11"": 0.025370672607527553, ""C12"": 0.024459143266437115, ""C13"": 0.025370672607527553, ""C14"": 0.025370672607527553, ""C15"": 0.025370672607527553}"
31,31,1,423,1.613783,15,"{""C01"": 1.161028, ""C02"": 1.167122, ""C03"": 1.170025, ""C04"": 1.177779, ""C05"": 1.196143, ""C06"": 1.616998, ""C07"": 1.540154, ""C08"": 1.581935, ""C09"": 1.612098, ""C10"": 1.625861, ""C11"": 1.626159, ""C12"": 2.353949, ""C13"": 2.272273, ""C14"": 2.289845, ""C15"": 2.327807}","{""C01"": 0, ""C02"": 0, ""C03"": 0, ""C04"": 0, ""C05"": 0, ""C06"": 0, ""C07"": 0, ""C08"": 0, ""C09"": 0, ""C10"": 0, ""C11"": 0, ""C12"": 1575, ""C13"": 0, ""C14"": 0, ""C15"": 0}","{""C01"": 0.025368748418683043, ""C02"": 0.025368748418683043, ""C03"": 0.025368748418683043, ""C04"": 0.025368748418683043, ""C05"": 0.025368748418683043, ""C06"": 0.025368748418683043, ""C07"": 0.025368748418683043, ""C08"": 0.025368748418683043, ""C09"": 0.025368748418683043, ""C10"": 0.025368748418683043, ""C11"": 0.025368748418683043, ""C12"": 0.02445664054288032, ""C13"": 0.025368748418683043, ""C14"": 0.025368748418683043, ""C15"": 0.025368748418683043}"
32,32,1,131,0.491794,15,"{""C01"": 1.158268, ""C02"": 1.162313, ""C03"": 1.166067, ""C04"": 1.17717, ""C05"": 1.199807, ""C06"": 1.626952, ""C07"": 1.550951, ""C08"": 1.58956, ""C09"": 1.614027, ""C10"": 1.62225, ""C11"": 1.619768, ""C12"": 2.3484, ""C13"": 2.272832, ""C14"": 2.298091, ""C15"": 2.341704}","{""C01"": 0, ""C02"": 0, ""C03"": 0, ""C04"": 0, ""C05"": 0, ""C06"": 0, ""C07"": 0, ""C08"": 0, ""C09"": 0, ""C10"": 0, ""C11"": 0, ""C12"": 850, ""C13"": 0, ""C14"": 0, ""C15"": 728}","{""C01"": 0.025367124892738402, ""C02"": 0.025367124892738402, ""C03"": 0.025367124892738402, ""C04"": 0.025367124892738402, ""C05"": 0.025367124892738402, ""C06"": 0.025367124892738402, ""C07"": 0.025367124892738402, ""C08"": 0.025367124892738402, ""C09"": 0.025367124892738402, ""C10"": 0.025367124892738402, ""C11"": 0.025367124892738402, ""C12"": 0.02487487809887473, ""C13"": 0.025367124892738402, ""C14"": 0.025367124892738402, ""C15"": 0.02494552685904822}"
33,33,1,804,4.160586,15,"{""C01"": 1.154384, ""C02"": 1.157373, ""C03"": 1.162987, ""C04"": 1.177993, ""C05"": 1.204739, ""C06"": 1.637529, ""C07"": 1.56088, ""C08"": 1.59516, ""C09"": 1.613652, ""C10"": 1.617067, ""C11"": 1.613204, ""C12"": 2.344367, ""C13"": 2.275875, ""C14"": 2.308494, ""C15"": 2.356288}","{""C01"": 0, ""C02"": 0, ""C03"": 0, ""C04"": 0, ""C05"": 0, ""C06"": 0, ""C07"": 0, ""C08"": 0, ""C09"": 0, ""C10"": 0, ""C11"": 0, ""C12"": 0, ""C13"": 0, ""C14"": 0, ""C15"": 1575}","{""C01"": 0.02536965703894141, ""C02"": 0.02536965703894141, ""C03"": 0.02536965703894141, ""C04"": 0.02536965703894141, ""C05"": 0.02536965703894141, ""C06"": 0.02536965703894141, ""C07"": 0.02536965703894141, ""C08"": 0.02536965703894141, ""C09"": 0.02536965703894141, ""C10"": 0.02536965703894141, ""C11"": 0.02536965703894141, ""C12"": 0.02536965703894141, ""C13"": 0.02536965703894141, ""C14"": 0.02536965703894141, ""C15"": 0.024457548366677163}"
34,34,1,426,1.924848,15,"{""C01"": 1.149703, ""C02"": 1.152692, ""C03"": 1.161061, ""C04"": 1.18028, ""C05"": 1.210716, ""C06"": 1.648214, ""C07"": 1.569464, ""C08"": 1.598527, ""C09"": 1.61114, ""C10"": 1.610778, ""C11"": 1.607016, ""C12"": 2.342345, ""C13"": 2.281457, ""C14"": 2.320652, ""C15"": 2.3709}","{""C01"": 0, ""C02"": 0, ""C03"": 0, ""C04"": 0, ""C05"": 0, ""C06"": 0, ""C07"": 0, ""C08"": 0, ""C09"": 0, ""C10"": 0, ""C11"": 0, ""C12"": 0, ""C13"": 0, ""C14"": 0, ""C15"": 1571}","{""C01"": 0.025372982940680966, ""C02"": 0.025372982940680966, ""C03"": 0.025372982940680966, ""C04"": 0.025372982940680966, ""C05"": 0.025372982940680966, ""C06"": 0.025372982940680966, ""C07"": 0.025372982940680966, ""C08"": 0.025372982940680966, ""C09"": 0.025372982940680966, ""C10"": 0.025372982940680966, ""C11"": 0.025372982940680966, ""C12"": 0.025372982940680966, ""C13"": 0.025372982940680966, ""C14"": 0.025372982940680966, ""C15"": 0.024463192241724992}"
35,35,1,297,1.110864,15,"{""C01"": 1.144594, ""C02"": 1.148642, ""C03"": 1.160489, ""C04"": 1.18397, ""C05"": 1.217447, ""C06"": 1.658475, ""C07"": 1.576303, ""C08"": 1.599585, ""C09"": 1.606777, ""C10"": 1.603904, ""C11"": 1.601722, ""C12"": 2.342688, ""C13"": 2.28946, ""C14"": 2.334036, ""C15"": 2.384858}","{""C01"": 0, ""C02"": 0, ""C03"": 0, ""C04"": 0, ""C05"": 0, ""C06"": 0, ""C07"": 0, ""C08"": 0, ""C09"": 0, ""C10"": 0, ""C11"": 0, ""C12"": 0, ""C13"": 0, ""C14"": 0, ""C15"": 1569}","{""C01"": 0.025377175350153505, ""C02"": 0.025377175350153505, ""C03"": 0.025377175350153505, ""C04"": 0.025377175350153505, ""C05"": 0.025377175350153505, ""C06"": 0.025377175350153505, ""C07"": 0.025377175350153505, ""C08"": 0.025377175350153505, ""C09"": 0.025377175350153505, ""C10"": 0.025377175350153505, ""C11"": 0.025377175350153505, ""C12"": 0.025377175350153505, ""C13"": 0.025377175350153505, ""C14"": 0.025377175350153505, ""C15"": 0.024468541414156462}"
36,36,1,251,0.946814,15,"{""C01"": 1.139449, ""C02"": 1.145548, ""C03"": 1.161379, ""C04"": 1.188905, ""C05"": 1.224585, ""C06"": 1.667795, ""C07"": 1.581092, ""C08"": 1.59839, ""C09"": 1.600958, ""C10"": 1.596995, ""C11"": 1.597772, ""C12"": 2.345589, ""C13"": 2.299599, ""C14"": 2.348029, ""C15"": 2.397508}","{""C01"": 0, ""C02"": 0, ""C03"": 0, ""C04"": 0, ""C05"": 0, ""C06"": 0, ""C07"": 0, ""C08"": 0, ""C09"": 0, ""C10"": 0, ""C11"": 0, ""C12"": 0, ""C13"": 0, ""C14"": 0, ""C15"": 1566}","{""C01"": 0.025380249560732857, ""C02"": 0.025380249560732857, ""C03"": 0.025380249560732857, ""C04"": 0.025380249560732857, ""C05"": 0.025380249560732857, ""C06"": 0.025380249560732857, ""C07"": 0.025380249560732857, ""C08"": 0.025380249560732857, ""C09"": 0.025380249560732857, ""C10"": 0.025380249560732857, ""C11"": 0.025380249560732857, ""C12"": 0.025380249560732857, ""C13"": 0.025380249560732857, ""C14"": 0.025380249560732857, ""C15"": 0.02447335359623798}"
37,37,1,259,0.980115,15,"{""C01"": 1.134656, ""C02"": 1.14367, ""C03"": 1.163745, ""C04"": 1.194848, ""C05"": 1.231757, ""C06"": 1.675709, ""C07"": 1.58365, ""C08"": 1.595131, ""C09"": 1.594158, ""C10"": 1.590597, ""C11"": 1.595527, ""C12"": 2.351063, ""C13"": 2.311441, ""C14"": 2.361958, ""C15"": 2.40826}","{""C01"": 0, ""C02"": 0, ""C03"": 0, ""C04"": 0, ""C05"": 0, ""C06"": 0, ""C07"": 0, ""C08"": 0, ""C09"": 0, ""C10"": 0, ""C11"": 0, ""C12"": 0, ""C13"": 0, ""C14"": 0, ""C15"": 1564}","{""C01"": 0.025383155720843126, ""C02"": 0.025383155720843126, ""C03"": 0.025383155720843126, ""C04"": 0.025383155720843126, ""C05"": 0.025383155720843126, ""C06"": 0.025383155720843126, ""C07"": 0.025383155720843126, ""C08"": 0.025383155720843126, ""C09"": 0.025383155720843126, ""C10"": 0.025383155720843126, ""C11"": 0.025383155720843126, ""C12"": 0.025383155720843126, ""C13"": 0.025383155720843126, ""C14"": 0.025383155720843126, ""C15"": 0.024477417648423226}"
38,38,1,300,1.125332,15,"{""C01"": 1.130578, ""C02"": 1.143189, ""C03"": 1.167504, ""C04"": 1.201494, ""C05"": 1.238579, ""C06"": 1.681833, ""C07"": 1.583922, ""C08"": 1.590116, ""C09"": 1.586908, ""C10"": 1.585212, ""C11"": 1.595233, ""C12"": 2.358957, ""C13"": 2.324435, ""C14"": 2.37514, ""C15"": 2.416631}","{""C01"": 0, ""C02"": 0, ""C03"": 0, ""C04"": 0, ""C05"": 0, ""C06"": 0, ""C07"": 0, ""C08"": 0, ""C09"": 0, ""C10"": 0, ""C11"": 0, ""C12"": 0, ""C13"": 0, ""C14"": 0, ""C15"": 1562}","{""C01"": 0.025385144526385836, ""C02"": 0.025385144526385836, ""C03"": 0.025385144526385836, ""C04"": 0.025385144526385836, ""C05"": 0.025385144526385836, ""C06"": 0.025385144526385836, ""C07"": 0.025385144526385836, ""C08"": 0.025385144526385836, ""C09"": 0.025385144526385836, ""C10"": 0.025385144526385836, ""C11"": 0.025385144526385836, ""C12"": 0.025385144526385836, ""C13"": 0.025385144526385836, ""C14"": 0.025385144526385836, ""C15"": 0.024480565156233414}"
39,39,1,336,1.261927,15,"{""C01"": 1.127526, ""C02"": 1.144194, ""C03"": 1.17248, ""C04"": 1.208487, ""C05"": 1.244687, ""C06"": 1.685883, ""C07"": 1.581992, ""C08"": 1.583757, ""C09"": 1.579755, ""C10"": 1.581274, ""C11"": 1.597006, ""C12"": 2.368949, ""C13"": 2.337944, ""C14"": 2.386929, ""C15"": 2.422272}","{""C01"": 0, ""C02"": 0, ""C03"": 0, ""C04"": 0, ""C05"": 0, ""C06"": 0, ""C07"": 0, ""C08"": 0, ""C09"": 0, ""C10"": 0, ""C11"": 0, ""C12"": 0, ""C13"": 0, ""C14"": 0, ""C15"": 1561}","{""C01"": 0.02538667866693768, ""C02"": 0.02538667866693768, ""C03"": 0.02538667866693768, ""C04"": 0.02538667866693768, ""C05"": 0.02538667866693768, ""C06"": 0.02538667866693768, ""C07"": 0.02538667866693768, ""C08"": 0.02538667866693768, ""C09"": 0.02538667866693768, ""C10"": 0.02538667866693768, ""C11"": 0.02538667866693768, ""C12"": 0.02538667866693768, ""C13"": 0.02538667866693768, ""C14"": 0.02538667866693768, ""C15"": 0.02448267817057098}"
40,40,1,428,1.624508,15,"{""C01"": 1.125746, ""C02"": 1.146679, ""C03"": 1.178421, ""C04"": 1.21545, ""C05"": 1.249757, ""C06"": 1.687701, ""C07"": 1.578071, ""C08"": 1.576542, ""C09"": 1.573238, ""C10"": 1.579121, ""C11"": 1.60083, ""C12"": 2.38058, ""C13"": 2.351288, ""C14"": 2.39675, ""C15"": 2.424992}","{""C01"": 0, ""C02"": 0, ""C03"": 0, ""C04"": 0, ""C05"": 0, ""C06"": 0, ""C07"": 0, ""C08"": 0, ""C09"": 0, ""C10"": 0, ""C11"": 0, ""C12"": 0, ""C13"": 0, ""C14"": 0, ""C15"": 1560}","{""C01"": 0.0253871152207365, ""C02"": 0.0253871152207365, ""C03"": 0.0253871152207365, ""C04"": 0.0253871152207365, ""C05"": 0.0253871152207365, ""C06"": 0.0253871152207365, ""C07"": 0.0253871152207365, ""C08"": 0.0253871152207365, ""C09"": 0.0253871152207365, ""C10"": 0.0253871152207365, ""C11"": 0.0253871152207365, ""C12"": 0.0253871152207365, ""C13"": 0.0253871152207365, ""C14"": 0.0253871152207365, ""C15"": 0.024483694569922606}"
41,41,1,724,3.480179,15,"{""C01"": 1.125401, ""C02"": 1.15054, ""C03"": 1.185008, ""C04"": 1.222, ""C05"": 1.253524, ""C06"": 1.687259, ""C07"": 1.572489, ""C08"": 1.569003, ""C09"": 1.567848, ""C10"": 1.578972, ""C11"": 1.606551, ""C12"": 2.393273, ""C13"": 2.363786, ""C14"": 2.404143, ""C15"": 2.424771}","{""C01"": 0, ""C02"": 0, ""C03"": 0, ""C04"": 0, ""C05"": 0, ""C06"": 0, ""C07"": 0, ""C08"": 0, ""C09"": 0, ""C10"": 0, ""C11"": 0, ""C12"": 0, ""C13"": 0, ""C14"": 0, ""C15"": 1560}","{""C01"": 0.025387032590684783, ""C02"": 0.025387032590684783, ""C03"": 0.025387032590684783, ""C04"": 0.025387032590684783, ""C05"": 0.025387032590684783, ""C06"": 0.025387032590684783, ""C07"": 0.025387032590684783, ""C08"": 0.025387032590684783, ""C09"": 0.025387032590684783, ""C10"": 0.025387032590684783, ""C11"": 0.025387032590684783, ""C12"": 0.025387032590684783, ""C13"": 0.025387032590684783, ""C14"": 0.025387032590684783, ""C15"": 0.024483612013057553}"
42,42,1,1000,4.320750,15,"{""C01"": 1.126559, ""C02"": 1.155585, ""C03"": 1.191879, ""C04"": 1.227778, ""C05"": 1.255804, ""C06"": 1.684665, ""C07"": 1.565673, ""C08"": 1.561691, ""C09"": 1.563999, ""C10"": 1.580917, ""C11"": 1.613895, ""C12"": 2.40638, ""C13"": 2.374799, ""C14"": 2.408785, ""C15"": 2.42176}","{""C01"": 0, ""C02"": 0, ""C03"": 0, ""C04"": 0, ""C05"": 0, ""C06"": 0, ""C07"": 0, ""C08"": 0, ""C09"": 0, ""C10"": 0, ""C11"": 0, ""C12"": 0, ""C13"": 0, ""C14"": 0, ""C15"": 1561}","{""C01"": 0.025386486960055646, ""C02"": 0.025386486960055646, ""C03"": 0.025386486960055646, ""C04"": 0.025386486960055646, ""C05"": 0.025386486960055646, ""C06"": 0.025386486960055646, ""C07"": 0.025386486960055646, ""C08"": 0.025386486960055646, ""C09"": 0.025386486960055646, ""C10"": 0.025386486960055646, ""C11"": 0.025386486960055646, ""C12"": 0.025386486960055646, ""C13"": 0.025386486960055646, ""C14"": 0.025386486960055646, ""C15"": 0.024482486633374337}"
43,43,1,171,0.615633,15,"{""C01"": 1.129193, ""C02"": 1.161545, ""C03"": 1.198652, ""C04"": 1.232469, ""C05"": 1.256497, ""C06"": 1.680154, ""C07"": 1.558121, ""C08"": 1.555135, ""C09"": 1.562005, ""C10"": 1.584908, ""C11"": 1.622478, ""C12"": 2.419213, ""C13"": 2.383772, ""C14"": 2.410518, ""C15"": 2.416277}","{""C01"": 0, ""C02"": 0, ""C03"": 0, ""C04"": 0, ""C05"": 0, ""C06"": 0, ""C07"": 0, ""C08"": 0, ""C09"": 0, ""C10"": 0, ""C11"": 0, ""C12"": 648, ""C13"": 0, ""C14"": 391, ""C15"": 524}","{""C01"": 0.025385508437054144, ""C02"": 0.025385508437054144, ""C03"": 0.025385508437054144, ""C04"": 0.025385508437054144, ""C05"": 0.025385508437054144, ""C06"": 0.025385508437054144, ""C07"": 0.025385508437054144, ""C08"": 0.025385508437054144, ""C09"": 0.025385508437054144, ""C10"": 0.025385508437054144, ""C11"": 0.025385508437054144, ""C12"": 0.02501024391906444, ""C13"": 0.025385508437054144, ""C14"": 0.025159073229399115, ""C15"": 0.025082052353759925}"
44,44,1,537,1.988539,15,"{""C01"": 1.133182, ""C02"": 1.168091, ""C03"": 1.204948, ""C04"": 1.235824, ""C05"": 1.255604, ""C06"": 1.674076, ""C07"": 1.550372, ""C08"": 1.54981, ""C09"": 1.56206, ""C10"": 1.590768, ""C11"": 1.631837, ""C12"": 2.431095, ""C13"": 2.390268, ""C14"": 2.409353, ""C15"": 2.408781}","{""C01"": 0, ""C02"": 0, ""C03"": 0, ""C04"": 0, ""C05"": 0, ""C06"": 0, ""C07"": 0, ""C08"": 0, ""C09"": 0, ""C10"": 0, ""C11"": 0, ""C12"": 1559, ""C13"": 0, ""C14"": 0, ""C15"": 0}","{""C01"": 0.02538881197487028, ""C02"": 0.02538881197487028, ""C03"": 0.02538881197487028, ""C04"": 0.02538881197487028, ""C05"": 0.02538881197487028, ""C06"": 0.02538881197487028, ""C07"": 0.02538881197487028, ""C08"": 0.02538881197487028, ""C09"": 0.02538881197487028, ""C10"": 0.02538881197487028, ""C11"": 0.02538881197487028, ""C12"": 0.02448597005358038, ""C13"": 0.02538881197487028, ""C14"": 0.02538881197487028, ""C15"": 0.02538881197487028}"
45,45,1,352,1.325534,15,"{""C01"": 1.138315, ""C02"": 1.174855, ""C03"": 1.210413, ""C04"": 1.237672, ""C05"": 1.253217, ""C06"": 1.666874, ""C07"": 1.542972, ""C08"": 1.546113, ""C09"": 1.564224, ""C10"": 1.598195, ""C11"": 1.641454, ""C12"": 2.441399, ""C13"": 2.393993, ""C14"": 2.405475, ""C15"": 2.399851}","{""C01"": 0, ""C02"": 0, ""C03"": 0, ""C04"": 0, ""C05"": 0, ""C06"": 0, ""C07"": 0, ""C08"": 0, ""C09"": 0, ""C10"": 0, ""C11"": 0, ""C12"": 1557, ""C13"": 0, ""C14"": 0, ""C15"": 0}","{""C01"": 0.02539147855864969, ""C02"": 0.02539147855864969, ""C03"": 0.02539147855864969, ""C04"": 0.02539147855864969, ""C05"": 0.02539147855864969, ""C06"": 0.02539147855864969, ""C07"": 0.02539147855864969, ""C08"": 0.02539147855864969, ""C09"": 0.02539147855864969, ""C10"": 0.02539147855864969, ""C11"": 0.02539147855864969, ""C12"": 0.024489794739786217, ""C13"": 0.02539147855864969, ""C14"": 0.02539147855864969, ""C15"": 0.02539147855864969}"
46,46,1,253,1.615150,15,"{""C01"": 1.14431, ""C02"": 1.181452, ""C03"": 1.214745, ""C04"": 1.237935, ""C05"": 1.249523, ""C06"": 1.659055, ""C07"": 1.536442, ""C08"": 1.544334, ""C09"": 1.568424, ""C10"": 1.606789, ""C11"": 1.650792, ""C12"": 2.449589, ""C13"": 2.394821, ""C14"": 2.399229, ""C15"": 2.390146}","{""C01"": 0, ""C02"": 0, ""C03"": 0, ""C04"": 0, ""C05"": 0, ""C06"": 0, ""C07"": 0, ""C08"": 0, ""C09"": 0, ""C10"": 0, ""C11"": 0, ""C12"": 1555, ""C13"": 0, ""C14"": 0, ""C15"": 0}","{""C01"": 0.025393344491754885, ""C02"": 0.025393344491754885, ""C03"": 0.025393344491754885, ""C04"": 0.025393344491754885, ""C05"": 0.025393344491754885, ""C06"": 0.025393344491754885, ""C07"": 0.025393344491754885, ""C08"": 0.025393344491754885, ""C09"": 0.025393344491754885, ""C10"": 0.025393344491754885, ""C11"": 0.025393344491754885, ""C12"": 0.02449281948632663, ""C13"": 0.025393344491754885, ""C14"": 0.025393344491754885, ""C15"": 0.025393344491754885}"
47,47,1,201,1.247252,15,"{""C01"": 1.150827, ""C02"": 1.187506, ""C03"": 1.217706, ""C04"": 1.236629, ""C05"": 1.244783, ""C06"": 1.651161, ""C07"": 1.531243, ""C08"": 1.544638, ""C09"": 1.574453, ""C10"": 1.616071, ""C11"": 1.659325, ""C12"": 2.455251, ""C13"": 2.392796, ""C14"": 2.3911, ""C15"": 2.380367}","{""C01"": 0, ""C02"": 0, ""C03"": 0, ""C04"": 0, ""C05"": 0, ""C06"": 0, ""C07"": 0, ""C08"": 0, ""C09"": 0, ""C10"": 0, ""C11"": 0, ""C12"": 1554, ""C13"": 0, ""C14"": 0, ""C15"": 0}","{""C01"": 0.025394849062461033, ""C02"": 0.025394849062461033, ""C03"": 0.025394849062461033, ""C04"": 0.025394849062461033, ""C05"": 0.025394849062461033, ""C06"": 0.025394849062461033, ""C07"": 0.025394849062461033, ""C08"": 0.025394849062461033, ""C09"": 0.025394849062461033, ""C10"": 0.025394849062461033, ""C11"": 0.025394849062461033, ""C12"": 0.024494902955844024, ""C13"": 0.025394849062461033, ""C14"": 0.025394849062461033, ""C15"": 0.025394849062461033}"
48,48,1,184,0.841168,15,"{""C01"": 1.157493, ""C02"": 1.192671, ""C03"": 1.219145, ""C04"": 1.233868, ""C05"": 1.239324, ""C06"": 1.643735, ""C07"": 1.527751, ""C08"": 1.54706, ""C09"": 1.581989, ""C10"": 1.625516, ""C11"": 1.666575, ""C12"": 2.458125, ""C13"": 2.388135, ""C14"": 2.381684, ""C15"": 2.371212}","{""C01"": 0, ""C02"": 0, ""C03"": 0, ""C04"": 0, ""C05"": 0, ""C06"": 0, ""C07"": 0, ""C08"": 0, ""C09"": 0, ""C10"": 0, ""C11"": 0, ""C12"": 1554, ""C13"": 0, ""C14"": 0, ""C15"": 0}","{""C01"": 0.02539590523400613, ""C02"": 0.02539590523400613, ""C03"": 0.02539590523400613, ""C04"": 0.02539590523400613, ""C05"": 0.02539590523400613, ""C06"": 0.02539590523400613, ""C07"": 0.02539590523400613, ""C08"": 0.02539590523400613, ""C09"": 0.02539590523400613, ""C10"": 0.02539590523400613, ""C11"": 0.02539590523400613, ""C12"": 0.024495958187950802, ""C13"": 0.02539590523400613, ""C14"": 0.02539590523400613, ""C15"": 0.02539590523400613}"
49,49,1,165,0.631440,15,"{""C01"": 1.163922, ""C02"": 1.196656, ""C03"": 1.219, ""C04"": 1.229852, ""C05"": 1.233514, ""C06"": 1.637288, ""C07"": 1.526231, ""C08"": 1.551498, ""C09"": 1.590612, ""C10"": 1.634585, ""C11"": 1.67214, ""C12"": 2.458116, ""C13"": 2.381213, ""C14"": 2.371651, ""C15"": 2.363333}","{""C01"": 0, ""C02"": 0, ""C03"": 0, ""C04"": 0, ""C05"": 0, ""C06"": 0, ""C07"": 0, ""C08"": 0, ""C09"": 0, ""C10"": 0, ""C11"": 0, ""C12"": 1554, ""C13"": 0, ""C14"": 0, ""C15"": 0}","{""C01"": 0.025395901929396586, ""C02"": 0.025395901929396586, ""C03"": 0.025395901929396586, ""C04"": 0.025395901929396586, ""C05"": 0.025395901929396586, ""C06"": 0.025395901929396586, ""C07"": 0.025395901929396586, ""C08"": 0.025395901929396586, ""C09"": 0.025395901929396586, ""C10"": 0.025395901929396586, ""C11"": 0.025395901929396586, ""C12"": 0.024495954886280782, ""C13"": 0.025395901929396586, ""C14"": 0.025395901929396586, ""C15"": 0.025395901929396586}"
50,50,1,155,0.590289,15,"{""C01"": 1.169741, ""C02"": 1.199239, ""C03"": 1.217309, ""C04"": 1.224858, ""C05"": 1.227742, ""C06"": 1.632265, ""C07"": 1.526822, ""C08"": 1.557719, ""C09"": 1.599832, ""C10"": 1.642759, ""C11"": 1.675719, ""C12"": 2.455302, ""C13"": 2.372536, ""C14"": 2.361701, ""C15"": 2.3573}","{""C01"": 0, ""C02"": 0, ""C03"": 0, ""C04"": 0, ""C05"": 0, ""C06"": 0, ""C07"": 0, ""C08"": 0, ""C09"": 0, ""C10"": 0, ""C11"": 0, ""C12"": 1554, ""C13"": 0, ""C14"": 0, ""C15"": 0}","{""C01"": 0.0253948678202887, ""C02"": 0.0253948678202887, ""C03"": 0.0253948678202887, ""C04"": 0.0253948678202887, ""C05"": 0.0253948678202887, ""C06"": 0.0253948678202887, ""C07"": 0.0253948678202887, ""C08"": 0.0253948678202887, ""C09"": 0.0253948678202887, ""C10"": 0.0253948678202887, ""C11"": 0.0253948678202887, ""C12"": 0.024494921696987453, ""C13"": 0.0253948678202887, ""C14"": 0.0253948678202887, ""C15"": 0.0253948678202887}"
51,51,1,151,0.583138,15,"{""C01"": 1.174614, ""C02"": 1.200286, ""C03"": 1.214201, ""C04"": 1.219221, ""C05"": 1.222391, ""C06"": 1.629021, ""C07"": 1.529531, ""C08"": 1.565381, ""C09"": 1.609115, ""C10"": 1.649573, ""C11"": 1.677131, ""C12"": 2.449931, ""C13"": 2.362718, ""C14"": 2.352528, ""C15"": 2.353559}","{""C01"": 0, ""C02"": 0, ""C03"": 0, ""C04"": 0, ""C05"": 0, ""C06"": 0, ""C07"": 0, ""C08"": 0, ""C09"": 0, ""C10"": 0, ""C11"": 0, ""C12"": 1555, ""C13"": 0, ""C14"": 0, ""C15"": 0}","{""C01"": 0.0253934706562427, ""C02"": 0.0253934706562427, ""C03"": 0.0253934706562427, ""C04"": 0.0253934706562427, ""C05"": 0.0253934706562427, ""C06"": 0.0253934706562427, ""C07"": 0.0253934706562427, ""C08"": 0.0253934706562427, ""C09"": 0.0253934706562427, ""C10"": 0.0253934706562427, ""C11"": 0.0253934706562427, ""C12"": 0.02449294553867669, ""C13"": 0.0253934706562427, ""C14"": 0.0253934706562427, ""C15"": 0.0253934706562427}"
52,52,1,146,0.569305,15,"{""C01"": 1.178262, ""C02"": 1.199754, ""C03"": 1.209893, ""C04"": 1.213315, ""C05"": 1.217818, ""C06"": 1.627797, ""C07"": 1.534228, ""C08"": 1.574044, ""C09"": 1.617926, ""C10"": 1.654641, ""C11"": 1.676328, ""C12"": 2.442405, ""C13"": 2.352437, ""C14"": 2.344769, ""C15"": 2.352412}","{""C01"": 0, ""C02"": 0, ""C03"": 0, ""C04"": 0, ""C05"": 0, ""C06"": 0, ""C07"": 0, ""C08"": 0, ""C09"": 0, ""C10"": 0, ""C11"": 0, ""C12"": 1557, ""C13"": 0, ""C14"": 0, ""C15"": 0}","{""C01"": 0.025391851199520935, ""C02"": 0.025391851199520935, ""C03"": 0.025391851199520935, ""C04"": 0.025391851199520935, ""C05"": 0.025391851199520935, ""C06"": 0.025391851199520935, ""C07"": 0.025391851199520935, ""C08"": 0.025391851199520935, ""C09"": 0.025391851199520935, ""C10"": 0.025391851199520935, ""C11"": 0.025391851199520935, ""C12"": 0.024490167049897583, ""C13"": 0.025391851199520935, ""C14"": 0.025391851199520935, ""C15"": 0.025391851199520935}"
53,53,1,159,0.626513,15,"{""C01"": 1.180479, ""C02"": 1.197699, ""C03"": 1.204675, ""C04"": 1.20753, ""C05"": 1.214329, ""C06"": 1.628704, ""C07"": 1.540656, ""C08"": 1.583208, ""C09"": 1.625752, ""C10"": 1.657686, ""C11"": 1.673397, ""C12"": 2.433255, ""C13"": 2.342396, ""C14"": 2.338969, ""C15"": 2.353993}","{""C01"": 0, ""C02"": 0, ""C03"": 0, ""C04"": 0, ""C05"": 0, ""C06"": 0, ""C07"": 0, ""C08"": 0, ""C09"": 0, ""C10"": 0, ""C11"": 0, ""C12"": 1559, ""C13"": 0, ""C14"": 0, ""C15"": 0}","{""C01"": 0.025389616282377125, ""C02"": 0.025389616282377125, ""C03"": 0.025389616282377125, ""C04"": 0.025389616282377125, ""C05"": 0.025389616282377125, ""C06"": 0.025389616282377125, ""C07"": 0.025389616282377125, ""C08"": 0.025389616282377125, ""C09"": 0.025389616282377125, ""C10"": 0.025389616282377125, ""C11"": 0.025389616282377125, ""C12"": 0.024486773648171582, ""C13"": 0.025389616282377125, ""C14"": 0.025389616282377125, ""C15"": 0.025389616282377125}"
54,54,1,201,0.787899,15,"{""C01"": 1.181148, ""C02"": 1.194269, ""C03"": 1.198891, ""C04"": 1.202246, ""C05"": 1.212162, ""C06"": 1.631721, ""C07"": 1.548452, ""C08"": 1.592336, ""C09"": 1.63214, ""C10"": 1.658551, ""C11"": 1.668552, ""C12"": 2.423109, ""C13"": 2.333277, ""C14"": 2.335548, ""C15"": 2.358262}","{""C01"": 0, ""C02"": 0, ""C03"": 0, ""C04"": 0, ""C05"": 0, ""C06"": 0, ""C07"": 0, ""C08"": 0, ""C09"": 0, ""C10"": 0, ""C11"": 0, ""C12"": 1561, ""C13"": 0, ""C14"": 0, ""C15"": 0}","{""C01"": 0.025386991935277742, ""C02"": 0.025386991935277742, ""C03"": 0.025386991935277742, ""C04"": 0.025386991935277742, ""C05"": 0.025386991935277742, ""C06"": 0.025386991935277742, ""C07"": 0.025386991935277742, ""C08"": 0.025386991935277742, ""C09"": 0.025386991935277742, ""C10"": 0.025386991935277742, ""C11"": 0.025386991935277742, ""C12"": 0.024482991161624765, ""C13"": 0.025386991935277742, ""C14"": 0.025386991935277742, ""C15"": 0.025386991935277742}"
55,55,1,264,1.024763,15,"{""C01"": 1.180246, ""C02"": 1.189696, ""C03"": 1.19292, ""C04"": 1.197809, ""C05"": 1.211469, ""C06"": 1.636692, ""C07"": 1.55716, ""C08"": 1.600892, ""C09"": 1.636725, ""C10"": 1.657214, ""C11"": 1.662128, ""C12"": 2.412652, ""C13"": 2.325702, ""C14"": 2.334774, ""C15"": 2.365009}","{""C01"": 0, ""C02"": 0, ""C03"": 0, ""C04"": 0, ""C05"": 0, ""C06"": 0, ""C07"": 0, ""C08"": 0, ""C09"": 0, ""C10"": 0, ""C11"": 0, ""C12"": 1563, ""C13"": 0, ""C14"": 0, ""C15"": 0}","{""C01"": 0.02538422964423384, ""C02"": 0.02538422964423384, ""C03"": 0.02538422964423384, ""C04"": 0.02538422964423384, ""C05"": 0.02538422964423384, ""C06"": 0.02538422964423384, ""C07"": 0.02538422964423384, ""C08"": 0.02538422964423384, ""C09"": 0.02538422964423384, ""C10"": 0.02538422964423384, ""C11"": 0.02538422964423384, ""C12"": 0.024479070852530902, ""C13"": 0.02538422964423384, ""C14"": 0.02538422964423384, ""C15"": 0.02538422964423384}"
56,56,1,406,1.544167,15,"{""C01"": 1.177847, ""C02"": 1.184281, ""C03"": 1.187151, ""C04"": 1.194514, ""C05"": 1.212313, ""C06"": 1.643336, ""C07"": 1.56627, ""C08"": 1.608374, ""C09"": 1.639252, ""C10"": 1.653788, ""C11"": 1.654552, ""C12"": 2.402586, ""C13"": 2.320192, ""C14"": 2.336745, ""C15"": 2.373865}","{""C01"": 0, ""C02"": 0, ""C03"": 0, ""C04"": 0, ""C05"": 0, ""C06"": 0, ""C07"": 0, ""C08"": 0, ""C09"": 0, ""C10"": 0, ""C11"": 0, ""C12"": 1565, ""C13"": 0, ""C14"": 0, ""C15"": 0}","{""C01"": 0.0253815928802113, ""C02"": 0.0253815928802113, ""C03"": 0.0253815928802113, ""C04"": 0.0253815928802113, ""C05"": 0.0253815928802113, ""C06"": 0.0253815928802113, ""C07"": 0.0253815928802113, ""C08"": 0.0253815928802113, ""C09"": 0.0253815928802113, ""C10"": 0.0253815928802113, ""C11"": 0.0253815928802113, ""C12"": 0.024475275958789146, ""C13"": 0.0253815928802113, ""C14"": 0.0253815928802113, ""C15"": 0.0253815928802113}"
57,57,1,1421,5.352132,15,"{""C01"": 1.174117, ""C02"": 1.178379, ""C03"": 1.18196, ""C04"": 1.192582, ""C05"": 1.214655, ""C06"": 1.651269, ""C07"": 1.575242, ""C08"": 1.614344, ""C09"": 1.63959, ""C10"": 1.648514, ""C11"": 1.646324, ""C12"": 2.393583, ""C13"": 2.317139, ""C14"": 2.341386, ""C15"": 2.384327}","{""C01"": 0, ""C02"": 0, ""C03"": 0, ""C04"": 0, ""C05"": 0, ""C06"": 0, ""C07"": 0, ""C08"": 0, ""C09"": 0, ""C10"": 0, ""C11"": 0, ""C12"": 1567, ""C13"": 0, ""C14"": 0, ""C15"": 0}","{""C01"": 0.025379339477178756, ""C02"": 0.025379339477178756, ""C03"": 0.025379339477178756, ""C04"": 0.025379339477178756, ""C05"": 0.025379339477178756, ""C06"": 0.025379339477178756, ""C07"": 0.025379339477178756, ""C08"": 0.025379339477178756, ""C09"": 0.025379339477178756, ""C10"": 0.025379339477178756, ""C11"": 0.025379339477178756, ""C12"": 0.024471864087570294, ""C13"": 0.025379339477178756, ""C14"": 0.025379339477178756, ""C15"": 0.025379339477178756}"
58,58,1,1261,4.729631,15,"{""C01"": 1.169302, ""C02"": 1.172371, ""C03"": 1.177683, ""C04"": 1.192148, ""C05"": 1.218367, ""C06"": 1.660022, ""C07"": 1.583544, ""C08"": 1.618456, ""C09"": 1.637745, ""C10"": 1.641744, ""C11"": 1.63798, ""C12"": 2.386248, ""C13"": 2.316776, ""C14"": 2.348454, ""C15"": 2.395788}","{""C01"": 0, ""C02"": 0, ""C03"": 0, ""C04"": 0, ""C05"": 0, ""C06"": 0, ""C07"": 0, ""C08"": 0, ""C09"": 0, ""C10"": 0, ""C11"": 0, ""C12"": 0, ""C13"": 0, ""C14"": 0, ""C15"": 1566}","{""C01"": 0.025379596524722423, ""C02"": 0.025379596524722423, ""C03"": 0.025379596524722423, ""C04"": 0.025379596524722423, ""C05"": 0.025379596524722423, ""C06"": 0.025379596524722423, ""C07"": 0.025379596524722423, ""C08"": 0.025379596524722423, ""C09"": 0.025379596524722423, ""C10"": 0.025379596524722423, ""C11"": 0.025379596524722423, ""C12"": 0.025379596524722423, ""C13"": 0.025379596524722423, ""C14"": 0.025379596524722423, ""C15"": 0.024472701136226918}"
59,59,1,438,2.153549,15,"{""C01"": 1.163717, ""C02"": 1.166645, ""C03"": 1.174602, ""C04"": 1.193253, ""C05"": 1.223232, ""C06"": 1.669075, ""C07"": 1.590683, ""C08"": 1.620479, ""C09"": 1.633853, ""C10"": 1.633924, ""C11"": 1.630063, ""C12"": 2.381077, ""C13"": 2.319167, ""C14"": 2.357549, ""C15"": 2.407577}","{""C01"": 0, ""C02"": 0, ""C03"": 0, ""C04"": 0, ""C05"": 0, ""C06"": 0, ""C07"": 0, ""C08"": 0, ""C09"": 0, ""C10"": 0, ""C11"": 0, ""C12"": 0, ""C13"": 0, ""C14"": 0, ""C15"": 1564}","{""C01"": 0.025382898024493034, ""C02"": 0.025382898024493034, ""C03"": 0.025382898024493034, ""C04"": 0.025382898024493034, ""C05"": 0.025382898024493034, ""C06"": 0.025382898024493034, ""C07"": 0.025382898024493034, ""C08"": 0.025382898024493034, ""C09"": 0.025382898024493034, ""C10"": 0.025382898024493034, ""C11"": 0.025382898024493034, ""C12"": 0.025382898024493034, ""C13"": 0.025382898024493034, ""C14"": 0.025382898024493034, ""C15"": 0.02447716017969314}"
60,60,1,300,1.910476,15,"{""C01"": 1.157722, ""C02"": 1.16157, ""C03"": 1.172921, ""C04"": 1.195842, ""C05"": 1.228961, ""C06"": 1.677887, ""C07"": 1.596238, ""C08"": 1.620308, ""C09"": 1.628181, ""C10"": 1.625561, ""C11"": 1.623087, ""C12"": 2.378432, ""C13"": 2.324201, ""C14"": 2.368144, ""C15"": 2.419}","{""C01"": 0, ""C02"": 0, ""C03"": 0, ""C04"": 0, ""C05"": 0, ""C06"": 0, ""C07"": 0, ""C08"": 0, ""C09"": 0, ""C10"": 0, ""C11"": 0, ""C12"": 0, ""C13"": 0, ""C14"": 0, ""C15"": 1561}","{""C01"": 0.02538545251913131, ""C02"": 0.02538545251913131, ""C03"": 0.02538545251913131, ""C04"": 0.02538545251913131, ""C05"": 0.02538545251913131, ""C06"": 0.02538545251913131, ""C07"": 0.02538545251913131, ""C08"": 0.02538545251913131, ""C09"": 0.02538545251913131, ""C10"": 0.02538545251913131, ""C11"": 0.02538545251913131, ""C12"": 0.02538545251913131, ""C13"": 0.02538545251913131, ""C14"": 0.02538545251913131, ""C15"": 0.024481453108037773}"
61,61,1,255,1.566152,15,"{""C01"": 1.151701, ""C02"": 1.157474, ""C03"": 1.172757, ""C04"": 1.199767, ""C05"": 1.235209, ""C06"": 1.685931, ""C07"": 1.599884, ""C08"": 1.617974, ""C09"": 1.6211, ""C10"": 1.617197, ""C11"": 1.617507, ""C12"": 2.378511, ""C13"": 2.331601, ""C14"": 2.379617, ""C15"": 2.429382}","{""C01"": 0, ""C02"": 0, ""C03"": 0, ""C04"": 0, ""C05"": 0, ""C06"": 0, ""C07"": 0, ""C08"": 0, ""C09"": 0, ""C10"": 0, ""C11"": 0, ""C12"": 0, ""C13"": 0, ""C14"": 0, ""C15"": 1559}","{""C01"": 0.025388173371521203, ""C02"": 0.025388173371521203, ""C03"": 0.025388173371521203, ""C04"": 0.025388173371521203, ""C05"": 0.025388173371521203, ""C06"": 0.025388173371521203, ""C07"": 0.025388173371521203, ""C08"": 0.025388173371521203, ""C09"": 0.025388173371521203, ""C10"": 0.025388173371521203, ""C11"": 0.025388173371521203, ""C12"": 0.025388173371521203, ""C13"": 0.025388173371521203, ""C14"": 0.025388173371521203, ""C15"": 0.024485332016252324}"
62,62,1,260,1.559484,15,"{""C01"": 1.146042, ""C02"": 1.154624, ""C03"": 1.174131, ""C04"": 1.204795, ""C05"": 1.241599, ""C06"": 1.692726, ""C07"": 1.601413, ""C08"": 1.613643, ""C09"": 1.61307, ""C10"": 1.609369, ""C11"": 1.613688, ""C12"": 2.381343, ""C13"": 2.34094, ""C14"": 2.391287, ""C15"": 2.438111}","{""C01"": 0, ""C02"": 0, ""C03"": 0, ""C04"": 0, ""C05"": 0, ""C06"": 0, ""C07"": 0, ""C08"": 0, ""C09"": 0, ""C10"": 0, ""C11"": 0, ""C12"": 0, ""C13"": 0, ""C14"": 0, ""C15"": 1558}","{""C01"": 0.025390840141216897, ""C02"": 0.025390840141216897, ""C03"": 0.025390840141216897, ""C04"": 0.025390840141216897, ""C05"": 0.025390840141216897, ""C06"": 0.025390840141216897, ""C07"": 0.025390840141216897, ""C08"": 0.025390840141216897, ""C09"": 0.025390840141216897, ""C10"": 0.025390840141216897, ""C11"": 0.025390840141216897, ""C12"": 0.025390840141216897, ""C13"": 0.025390840141216897, ""C14"": 0.025390840141216897, ""C15"": 0.024488576654871176}"
63,63,1,295,1.275470,15,"{""C01"": 1.141106, ""C02"": 1.153207, ""C03"": 1.17697, ""C04"": 1.210623, ""C05"": 1.247746, ""C06"": 1.697867, ""C07"": 1.600748, ""C08"": 1.607601, ""C09"": 1.604609, ""C10"": 1.602584, ""C11"": 1.611886, ""C12"": 2.386782, ""C13"": 2.351669, ""C14"": 2.40246, ""C15"": 2.444674}","{""C01"": 0, ""C02"": 0, ""C03"": 0, ""C04"": 0, ""C05"": 0, ""C06"": 0, ""C07"": 0, ""C08"": 0, ""C09"": 0, ""C10"": 0, ""C11"": 0, ""C12"": 0, ""C13"": 0, ""C14"": 0, ""C15"": 1556}","{""C01"": 0.02539210994617358, ""C02"": 0.02539210994617358, ""C03"": 0.02539210994617358, ""C04"": 0.02539210994617358, ""C05"": 0.02539210994617358, ""C06"": 0.02539210994617358, ""C07"": 0.02539210994617358, ""C08"": 0.02539210994617358, ""C09"": 0.02539210994617358, ""C10"": 0.02539210994617358, ""C11"": 0.02539210994617358, ""C12"": 0.02539210994617358, ""C13"": 0.02539210994617358, ""C14"": 0.02539210994617358, ""C15"": 0.024491005801724558}"
64,64,1,329,1.201296,15,"{""C01"": 1.13721, ""C02"": 1.153322, ""C03"": 1.181105, ""C04"": 1.2169, ""C05"": 1.253277, ""C06"": 1.701051, ""C07"": 1.597948, ""C08"": 1.600241, ""C09"": 1.596258, ""C10"": 1.597279, ""C11"": 1.61223, ""C12"": 2.394521, ""C13"": 2.363148, ""C14"": 2.412469, ""C15"": 2.448693}","{""C01"": 0, ""C02"": 0, ""C03"": 0, ""C04"": 0, ""C05"": 0, ""C06"": 0, ""C07"": 0, ""C08"": 0, ""C09"": 0, ""C10"": 0, ""C11"": 0, ""C12"": 0, ""C13"": 0, ""C14"": 0, ""C15"": 1555}","{""C01"": 0.02539301383345985, ""C02"": 0.02539301383345985, ""C03"": 0.02539301383345985, ""C04"": 0.02539301383345985, ""C05"": 0.02539301383345985, ""C06"": 0.02539301383345985, ""C07"": 0.02539301383345985, ""C08"": 0.02539301383345985, ""C09"": 0.02539301383345985, ""C10"": 0.02539301383345985, ""C11"": 0.02539301383345985, ""C12"": 0.02539301383345985, ""C13"": 0.02539301383345985, ""C14"": 0.02539301383345985, ""C15"": 0.024492489121925004}"
65,65,1,427,1.548000,15,"{""C01"": 1.134605, ""C02"": 1.15497, ""C03"": 1.186291, ""C04"": 1.223244, ""C05"": 1.257857, ""C06"": 1.702096, ""C07"": 1.5932, ""C08"": 1.592035, ""C09"": 1.588554, ""C10"": 1.5938, ""C11"": 1.614713, ""C12"": 2.404103, ""C13"": 2.374692, ""C14"": 2.42072, ""C15"": 2.449944}","{""C01"": 0, ""C02"": 0, ""C03"": 0, ""C04"": 0, ""C05"": 0, ""C06"": 0, ""C07"": 0, ""C08"": 0, ""C09"": 0, ""C10"": 0, ""C11"": 0, ""C12"": 0, ""C13"": 0, ""C14"": 0, ""C15"": 1555}","{""C01"": 0.025393475451461173, ""C02"": 0.025393475451461173, ""C03"": 0.025393475451461173, ""C04"": 0.025393475451461173, ""C05"": 0.025393475451461173, ""C06"": 0.025393475451461173, ""C07"": 0.025393475451461173, ""C08"": 0.025393475451461173, ""C09"": 0.025393475451461173, ""C10"": 0.025393475451461173, ""C11"": 0.025393475451461173, ""C12"": 0.025393475451461173, ""C13"": 0.025393475451461173, ""C14"": 0.025393475451461173, ""C15"": 0.02449295032963303}"
66,66,1,638,2.347133,15,"{""C01"": 1.133464, ""C02"": 1.158057, ""C03"": 1.192212, ""C04"": 1.22927, ""C05"": 1.26121, ""C06"": 1.70095, ""C07"": 1.586816, ""C08"": 1.583508, ""C09"": 1.581988, ""C10"": 1.592377, ""C11"": 1.619196, ""C12"": 2.414958, ""C13"": 2.385607, ""C14"": 2.426723, ""C15"": 2.448374}","{""C01"": 0, ""C02"": 0, ""C03"": 0, ""C04"": 0, ""C05"": 0, ""C06"": 0, ""C07"": 0, ""C08"": 0, ""C09"": 0, ""C10"": 0, ""C11"": 0, ""C12"": 0, ""C13"": 0, ""C14"": 0, ""C15"": 1556}","{""C01"": 0.02539347711762184, ""C02"": 0.02539347711762184, ""C03"": 0.02539347711762184, ""C04"": 0.02539347711762184, ""C05"": 0.02539347711762184, ""C06"": 0.02539347711762184, ""C07"": 0.02539347711762184, ""C08"": 0.02539347711762184, ""C09"": 0.02539347711762184, ""C10"": 0.02539347711762184, ""C11"": 0.02539347711762184, ""C12"": 0.02539347711762184, ""C13"": 0.02539347711762184, ""C14"": 0.02539347711762184, ""C15"": 0.024492371758814538}"
67,67,1,966,3.585548,15,"{""C01"": 1.133863, ""C02"": 1.1624, ""C03"": 1.198508, ""C04"": 1.234611, ""C05"": 1.263135, ""C06"": 1.6977, ""C07"": 1.579205, ""C08"": 1.575204, ""C09"": 1.576983, ""C10"": 1.593113, ""C11"": 1.625413, ""C12"": 2.426436, ""C13"": 2.395238, ""C14"": 2.43013, ""C15"": 2.444106}","{""C01"": 0, ""C02"": 0, ""C03"": 0, ""C04"": 0, ""C05"": 0, ""C06"": 0, ""C07"": 0, ""C08"": 0, ""C09"": 0, ""C10"": 0, ""C11"": 0, ""C12"": 0, ""C13"": 0, ""C14"": 0, ""C15"": 1556}","{""C01"": 0.02539189979914218, ""C02"": 0.02539189979914218, ""C03"": 0.02539189979914218, ""C04"": 0.02539189979914218, ""C05"": 0.02539189979914218, ""C06"": 0.02539189979914218, ""C07"": 0.02539189979914218, ""C08"": 0.02539189979914218, ""C09"": 0.02539189979914218, ""C10"": 0.02539189979914218, ""C11"": 0.02539189979914218, ""C12"": 0.02539189979914218, ""C13"": 0.02539189979914218, ""C14"": 0.02539189979914218, ""C15"": 0.024490795841344393}"
68,68,1,137,0.513142,15,"{""C01"": 1.135786, ""C02"": 1.167737, ""C03"": 1.204797, ""C04"": 1.238943, ""C05"": 1.263522, ""C06"": 1.692559, ""C07"": 1.570854, ""C08"": 1.567651, ""C09"": 1.573862, ""C10"": 1.595973, ""C11"": 1.632991, ""C12"": 2.437842, ""C13"": 2.403008, ""C14"": 2.430749, ""C15"": 2.437424}","{""C01"": 0, ""C02"": 0, ""C03"": 0, ""C04"": 0, ""C05"": 0, ""C06"": 0, ""C07"": 0, ""C08"": 0, ""C09"": 0, ""C10"": 0, ""C11"": 0, ""C12"": 570, ""C13"": 0, ""C14"": 434, ""C15"": 555}","{""C01"": 0.025390532373960592, ""C02"": 0.025390532373960592, ""C03"": 0.025390532373960592, ""C04"": 0.025390532373960592, ""C05"": 0.025390532373960592, ""C06"": 0.025390532373960592, ""C07"": 0.025390532373960592, ""C08"": 0.025390532373960592, ""C09"": 0.025390532373960592, ""C10"": 0.025390532373960592, ""C11"": 0.025390532373960592, ""C12"": 0.02506043831991482, ""C13"": 0.025390532373960592, ""C14"": 0.02513919508464529, ""C15"": 0.025069124794546916}"
69,69,1,535,2.003819,15,"{""C01"": 1.139121, ""C02"": 1.173742, ""C03"": 1.210693, ""C04"": 1.242002, ""C05"": 1.262351, ""C06"": 1.685858, ""C07"": 1.562293, ""C08"": 1.561331, ""C09"": 1.572831, ""C10"": 1.600792, ""C11"": 1.641469, ""C12"": 2.448489, ""C13"": 2.408454, ""C14"": 2.428563, ""C15"": 2.428765}","{""C01"": 0, ""C02"": 0, ""C03"": 0, ""C04"": 0, ""C05"": 0, ""C06"": 0, ""C07"": 0, ""C08"": 0, ""C09"": 0, ""C10"": 0, ""C11"": 0, ""C12"": 1556, ""C13"": 0, ""C14"": 0, ""C15"": 0}","{""C01"": 0.025393519562405112, ""C02"": 0.025393519562405112, ""C03"": 0.025393519562405112, ""C04"": 0.025393519562405112, ""C05"": 0.025393519562405112, ""C06"": 0.025393519562405112, ""C07"": 0.025393519562405112, ""C08"": 0.025393519562405112, ""C09"": 0.025393519562405112, ""C10"": 0.025393519562405112, ""C11"": 0.025393519562405112, ""C12"": 0.02449241416589605, ""C13"": 0.025393519562405112, ""C14"": 0.025393519562405112, ""C15"": 0.025393519562405112}"
70,70,1,377,1.401829,15,"{""C01"": 1.143666, ""C02"": 1.180048, ""C03"": 1.215836, ""C04"": 1.243606, ""C05"": 1.259704, ""C06"": 1.678025, ""C07"": 1.554064, ""C08"": 1.556647, ""C09"": 1.573966, ""C10"": 1.607281, ""C11"": 1.650331, ""C12"": 2.457734, ""C13"": 2.411255, ""C14"": 2.423726, ""C15"": 2.418687}","{""C01"": 0, ""C02"": 0, ""C03"": 0, ""C04"": 0, ""C05"": 0, ""C06"": 0, ""C07"": 0, ""C08"": 0, ""C09"": 0, ""C10"": 0, ""C11"": 0, ""C12"": 1554, ""C13"": 0, ""C14"": 0, ""C15"": 0}","{""C01"": 0.025395761650777032, ""C02"": 0.025395761650777032, ""C03"": 0.025395761650777032, ""C04"": 0.025395761650777032, ""C05"": 0.025395761650777032, ""C06"": 0.025395761650777032, ""C07"": 0.025395761650777032, ""C08"": 0.025395761650777032, ""C09"": 0.025395761650777032, ""C10"": 0.025395761650777032, ""C11"": 0.025395761650777032, ""C12"": 0.024495814732438167, ""C13"": 0.025395761650777032, ""C14"": 0.025395761650777032, ""C15"": 0.025395761650777032}"
71,71,1,269,1.011622,15,"{""C01"": 1.149146, ""C02"": 1.186269, ""C03"": 1.219914, ""C04"": 1.243661, ""C05"": 1.255749, ""C06"": 1.669558, ""C07"": 1.546691, ""C08"": 1.553901, ""C09"": 1.577204, ""C10"": 1.615047, ""C11"": 1.659037, ""C12"": 2.465018, ""C13"": 2.411256, ""C14"": 2.416556, ""C15"": 2.407833}","{""C01"": 0, ""C02"": 0, ""C03"": 0, ""C04"": 0, ""C05"": 0, ""C06"": 0, ""C07"": 0, ""C08"": 0, ""C09"": 0, ""C10"": 0, ""C11"": 0, ""C12"": 1552, ""C13"": 0, ""C14"": 0, ""C15"": 0}","{""C01"": 0.025397269817093324, ""C02"": 0.025397269817093324, ""C03"": 0.025397269817093324, ""C04"": 0.025397269817093324, ""C05"": 0.025397269817093324, ""C06"": 0.025397269817093324, ""C07"": 0.025397269817093324, ""C08"": 0.025397269817093324, ""C09"": 0.025397269817093324, ""C10"": 0.025397269817093324, ""C11"": 0.025397269817093324, ""C12"": 0.02449848203105257, ""C13"": 0.025397269817093324, ""C14"": 0.025397269817093324, ""C15"": 0.025397269817093324}"
72,72,1,208,0.789412,15,"{""C01"": 1.155224, ""C02"": 1.192025, ""C03"": 1.222677, ""C04"": 1.242169, ""C05"": 1.25074, ""C06"": 1.660991, ""C07"": 1.54064, ""C08"": 1.553273, ""C09"": 1.582355, ""C10"": 1.623615, ""C11"": 1.667054, ""C12"": 2.469906, ""C13"": 2.408472, ""C14"": 2.407516, ""C15"": 2.396894}","{""C01"": 0, ""C02"": 0, ""C03"": 0, ""C04"": 0, ""C05"": 0, ""C06"": 0, ""C07"": 0, ""C08"": 0, ""C09"": 0, ""C10"": 0, ""C11"": 0, ""C12"": 1551, ""C13"": 0, ""C14"": 0, ""C15"": 0}","{""C01"": 0.025398474838823723, ""C02"": 0.025398474838823723, ""C03"": 0.025398474838823723, ""C04"": 0.025398474838823723, ""C05"": 0.025398474838823723, ""C06"": 0.025398474838823723, ""C07"": 0.025398474838823723, ""C08"": 0.025398474838823723, ""C09"": 0.025398474838823723, ""C10"": 0.025398474838823723, ""C11"": 0.025398474838823723, ""C12"": 0.024500266217834746, ""C13"": 0.025398474838823723, ""C14"": 0.025398474838823723, ""C15"": 0.025398474838823723}"
73,73,1,186,0.700102,15,"{""C01"": 1.161528, ""C02"": 1.196963, ""C03"": 1.223959, ""C04"": 1.239227, ""C05"": 1.244992, ""C06"": 1.652866, ""C07"": 1.536296, ""C08"": 1.554811, ""C09"": 1.589107, ""C10"": 1.632463, ""C11"": 1.673893, ""C12"": 2.472108, ""C13"": 2.403092, ""C14"": 2.397183, ""C15"": 2.386565}","{""C01"": 0, ""C02"": 0, ""C03"": 0, ""C04"": 0, ""C05"": 0, ""C06"": 0, ""C07"": 0, ""C08"": 0, ""C09"": 0, ""C10"": 0, ""C11"": 0, ""C12"": 1551, ""C13"": 0, ""C14"": 0, ""C15"": 0}","{""C01"": 0.025399277927737926, ""C02"": 0.025399277927737926, ""C03"": 0.025399277927737926, ""C04"": 0.025399277927737926, ""C05"": 0.025399277927737926, ""C06"": 0.025399277927737926, ""C07"": 0.025399277927737926, ""C08"": 0.025399277927737926, ""C09"": 0.025399277927737926, ""C10"": 0.025399277927737926, ""C11"": 0.025399277927737926, ""C12"": 0.02450106859092484, ""C13"": 0.025399277927737926, ""C14"": 0.025399277927737926, ""C15"": 0.025399277927737926}"
74,74,1,170,0.633933,15,"{""C01"": 1.167671, ""C02"": 1.20078, ""C03"": 1.223686, ""C04"": 1.235024, ""C05"": 1.238867, ""C06"": 1.645697, ""C07"": 1.533939, ""C08"": 1.558426, ""C09"": 1.597049, ""C10"": 1.641048, ""C11"": 1.679137, ""C12"": 2.471501, ""C13"": 2.395464, ""C14"": 2.386212, ""C15"": 2.377503}","{""C01"": 0, ""C02"": 0, ""C03"": 0, ""C04"": 0, ""C05"": 0, ""C06"": 0, ""C07"": 0, ""C08"": 0, ""C09"": 0, ""C10"": 0, ""C11"": 0, ""C12"": 1551, ""C13"": 0, ""C14"": 0, ""C15"": 0}","{""C01"": 0.02539905665386008, ""C02"": 0.02539905665386008, ""C03"": 0.02539905665386008, ""C04"": 0.02539905665386008, ""C05"": 0.02539905665386008, ""C06"": 0.02539905665386008, ""C07"": 0.02539905665386008, ""C08"": 0.02539905665386008, ""C09"": 0.02539905665386008, ""C10"": 0.02539905665386008, ""C11"": 0.02539905665386008, ""C12"": 0.0245008475142796, ""C13"": 0.02539905665386008, ""C14"": 0.02539905665386008, ""C15"": 0.02539905665386008}"
75,75,1,156,0.581963,15,"{""C01"": 1.173277, ""C02"": 1.203243, ""C03"": 1.221879, ""C04"": 1.229826, ""C05"": 1.232752, ""C06"": 1.639937, ""C07"": 1.533721, ""C08"": 1.563903, ""C09"": 1.605693, ""C10"": 1.648844, ""C11"": 1.682467, ""C12"": 2.468138, ""C13"": 2.386076, ""C14"": 2.3753, ""C15"": 2.370285}","{""C01"": 0, ""C02"": 0, ""C03"": 0, ""C04"": 0, ""C05"": 0, ""C06"": 0, ""C07"": 0, ""C08"": 0, ""C09"": 0, ""C10"": 0, ""C11"": 0, ""C12"": 1552, ""C13"": 0, ""C14"": 0, ""C15"": 0}","{""C01"": 0.025398410356876483, ""C02"": 0.025398410356876483, ""C03"": 0.025398410356876483, ""C04"": 0.025398410356876483, ""C05"": 0.025398410356876483, ""C06"": 0.025398410356876483, ""C07"": 0.025398410356876483, ""C08"": 0.025398410356876483, ""C09"": 0.025398410356876483, ""C10"": 0.025398410356876483, ""C11"": 0.025398410356876483, ""C12"": 0.024499621554931867, ""C13"": 0.025398410356876483, ""C14"": 0.025398410356876483, ""C15"": 0.025398410356876483}"
76,76,1,151,0.558636,15,"{""C01"": 1.177999, ""C02"": 1.204205, ""C03"": 1.218655, ""C04"": 1.22396, ""C05"": 1.227031, ""C06"": 1.635951, ""C07"": 1.535664, ""C08"": 1.570907, ""C09"": 1.61451, ""C10"": 1.655373, ""C11"": 1.683683, ""C12"": 2.462238, ""C13"": 2.375523, ""C14"": 2.365137, ""C15"": 2.365371}","{""C01"": 0, ""C02"": 0, ""C03"": 0, ""C04"": 0, ""C05"": 0, ""C06"": 0, ""C07"": 0, ""C08"": 0, ""C09"": 0, ""C10"": 0, ""C11"": 0, ""C12"": 1553, ""C13"": 0, ""C14"": 0, ""C15"": 0}","{""C01"": 0.025396832963681004, ""C02"": 0.025396832963681004, ""C03"": 0.025396832963681004, ""C04"": 0.025396832963681004, ""C05"": 0.025396832963681004, ""C06"": 0.025396832963681004, ""C07"": 0.025396832963681004, ""C08"": 0.025396832963681004, ""C09"": 0.025396832963681004, ""C10"": 0.025396832963681004, ""C11"": 0.025396832963681004, ""C12"": 0.02449746532884841, ""C13"": 0.025396832963681004, ""C14"": 0.025396832963681004, ""C15"": 0.025396832963681004}"
77,77,1,147,0.552190,15,"{""C01"": 1.18155, ""C02"": 1.203608, ""C03"": 1.214217, ""C04"": 1.217794, ""C05"": 1.222062, ""C06"": 1.633993, ""C07"": 1.539653, ""C08"": 1.579009, ""C09"": 1.622958, ""C10"": 1.660236, ""C11"": 1.682716, ""C12"": 2.45418, ""C13"": 2.364473, ""C14"": 2.356366, ""C15"": 2.363078}","{""C01"": 0, ""C02"": 0, ""C03"": 0, ""C04"": 0, ""C05"": 0, ""C06"": 0, ""C07"": 0, ""C08"": 0, ""C09"": 0, ""C10"": 0, ""C11"": 0, ""C12"": 1554, ""C13"": 0, ""C14"": 0, ""C15"": 0}","{""C01"": 0.02539445501650238, ""C02"": 0.02539445501650238, ""C03"": 0.02539445501650238, ""C04"": 0.02539445501650238, ""C05"": 0.02539445501650238, ""C06"": 0.02539445501650238, ""C07"": 0.02539445501650238, ""C08"": 0.02539445501650238, ""C09"": 0.02539445501650238, ""C10"": 0.02539445501650238, ""C11"": 0.02539445501650238, ""C12"": 0.02449450926036768, ""C13"": 0.02539445501650238, ""C14"": 0.02539445501650238, ""C15"": 0.02539445501650238}"
78,78,1,157,0.594853,15,"{""C01"": 1.183711, ""C02"": 1.201494, ""C03"": 1.208846, ""C04"": 1.211716, ""C05"": 1.21816, ""C06"": 1.634191, ""C07"": 1.545447, ""C08"": 1.587713, ""C09"": 1.630518, ""C10"": 1.663136, ""C11"": 1.679633, ""C12"": 2.444476, ""C13"": 2.353624, ""C14"": 2.349544, ""C15"": 2.36356}","{""C01"": 0, ""C02"": 0, ""C03"": 0, ""C04"": 0, ""C05"": 0, ""C06"": 0, ""C07"": 0, ""C08"": 0, ""C09"": 0, ""C10"": 0, ""C11"": 0, ""C12"": 1556, ""C13"": 0, ""C14"": 0, ""C15"": 0}","{""C01"": 0.02539203669879596, ""C02"": 0.02539203669879596, ""C03"": 0.02539203669879596, ""C04"": 0.02539203669879596, ""C05"": 0.02539203669879596, ""C06"": 0.02539203669879596, ""C07"": 0.02539203669879596, ""C08"": 0.02539203669879596, ""C09"": 0.02539203669879596, ""C10"": 0.02539203669879596, ""C11"": 0.02539203669879596, ""C12"": 0.024490932619404895, ""C13"": 0.02539203669879596, ""C14"": 0.02539203669879596, ""C15"": 0.02539203669879596}"
79,79,1,190,0.715106,15,"{""C01"": 1.184351, ""C02"": 1.197998, ""C03"": 1.202879, ""C04"": 1.206107, ""C05"": 1.215569, ""C06"": 1.63654, ""C07"": 1.55269, ""C08"": 1.596482, ""C09"": 1.636725, ""C10"": 1.663899, ""C11"": 1.674631, ""C12"": 2.433738, ""C13"": 2.34366, ""C14"": 2.345103, ""C15"": 2.366796}","{""C01"": 0, ""C02"": 0, ""C03"": 0, ""C04"": 0, ""C05"": 0, ""C06"": 0, ""C07"": 0, ""C08"": 0, ""C09"": 0, ""C10"": 0, ""C11"": 0, ""C12"": 1559, ""C13"": 0, ""C14"": 0, ""C15"": 0}","{""C01"": 0.025389795991752798, ""C02"": 0.025389795991752798, ""C03"": 0.025389795991752798, ""C04"": 0.025389795991752798, ""C05"": 0.025389795991752798, ""C06"": 0.025389795991752798, ""C07"": 0.025389795991752798, ""C08"": 0.025389795991752798, ""C09"": 0.025389795991752798, ""C10"": 0.025389795991752798, ""C11"": 0.025389795991752798, ""C12"": 0.0244869531982543, ""C13"": 0.025389795991752798, ""C14"": 0.025389795991752798, ""C15"": 0.025389795991752798}"
80,80,1,259,0.993590,15,"{""C01"": 1.183435, ""C02"": 1.193339, ""C03"": 1.19669, ""C04"": 1.201319, ""C05"": 1.214454, ""C06"": 1.640896, ""C07"": 1.560938, ""C08"": 1.604776, ""C09"": 1.641199, ""C10"": 1.662484, ""C11"": 1.668025, ""C12"": 2.422645, ""C13"": 2.33521, ""C14"": 2.343331, ""C15"": 2.372594}","{""C01"": 0, ""C02"": 0, ""C03"": 0, ""C04"": 0, ""C05"": 0, ""C06"": 0, ""C07"": 0, ""C08"": 0, ""C09"": 0, ""C10"": 0, ""C11"": 0, ""C12"": 1561, ""C13"": 0, ""C14"": 0, ""C15"": 0}","{""C01"": 0.025386818291120855, ""C02"": 0.025386818291120855, ""C03"": 0.025386818291120855, ""C04"": 0.025386818291120855, ""C05"": 0.025386818291120855, ""C06"": 0.025386818291120855, ""C07"": 0.025386818291120855, ""C08"": 0.025386818291120855, ""C09"": 0.025386818291120855, ""C10"": 0.025386818291120855, ""C11"": 0.025386818291120855, ""C12"": 0.024482817671167723, ""C13"": 0.025386818291120855, ""C14"": 0.025386818291120855, ""C15"": 0.025386818291120855}"
81,81,1,395,2.013324,15,"{""C01"": 1.181022, ""C02"": 1.187811, ""C03"": 1.190667, ""C04"": 1.197652, ""C05"": 1.214888, ""C06"": 1.646996, ""C07"": 1.569683, ""C08"": 1.612085, ""C09"": 1.643667, ""C10"": 1.658982, ""C11"": 1.660232, ""C12"": 2.411893, ""C13"": 2.328807, ""C14"": 2.344344, ""C15"": 2.380603}","{""C01"": 0, ""C02"": 0, ""C03"": 0, ""C04"": 0, ""C05"": 0, ""C06"": 0, ""C07"": 0, ""C08"": 0, ""C09"": 0, ""C10"": 0, ""C11"": 0, ""C12"": 1563, ""C13"": 0, ""C14"": 0, ""C15"": 0}","{""C01"": 0.025383943943698153, ""C02"": 0.025383943943698153, ""C03"": 0.025383943943698153, ""C04"": 0.025383943943698153, ""C05"": 0.025383943943698153, ""C06"": 0.025383943943698153, ""C07"": 0.025383943943698153, ""C08"": 0.025383943943698153, ""C09"": 0.025383943943698153, ""C10"": 0.025383943943698153, ""C11"": 0.025383943943698153, ""C12"": 0.02447878540452467, ""C13"": 0.025383943943698153, ""C14"": 0.025383943943698153, ""C15"": 0.025383943943698153}"
82,82,1,802,3.807360,15,"{""C01"": 1.177264, ""C02"": 1.181761, ""C03"": 1.185187, ""C04"": 1.195338, ""C05"": 1.216846, ""C06"": 1.654465, ""C07"": 1.578385, ""C08"": 1.617959, ""C09"": 1.643979, ""C10"": 1.653616, ""C11"": 1.651741, ""C12"": 2.402159, ""C13"": 2.324858, ""C14"": 2.348089, ""C15"": 2.390331}","{""C01"": 0, ""C02"": 0, ""C03"": 0, ""C04"": 0, ""C05"": 0, ""C06"": 0, ""C07"": 0, ""C08"": 0, ""C09"": 0, ""C10"": 0, ""C11"": 0, ""C12"": 1565, ""C13"": 0, ""C14"": 0, ""C15"": 0}","{""C01"": 0.02538143127675943, ""C02"": 0.02538143127675943, ""C03"": 0.02538143127675943, ""C04"": 0.02538143127675943, ""C05"": 0.02538143127675943, ""C06"": 0.02538143127675943, ""C07"": 0.02538143127675943, ""C08"": 0.02538143127675943, ""C09"": 0.02538143127675943, ""C10"": 0.02538143127675943, ""C11"": 0.02538143127675943, ""C12"": 0.024475114497978467, ""C13"": 0.02538143127675943, ""C14"": 0.02538143127675943, ""C15"": 0.02538143127675943}"
83,83,1,146,0.543559,15,"{""C01"": 1.172399, ""C02"": 1.175566, ""C03"": 1.180593, ""C04"": 1.194523, ""C05"": 1.220209, ""C06"": 1.662841, ""C07"": 1.586509, ""C08"": 1.622037, ""C09"": 1.642122, ""C10"": 1.646724, ""C11"": 1.643085, ""C12"": 2.394057, ""C13"": 2.323616, ""C14"": 2.354339, ""C15"": 2.401183}","{""C01"": 0, ""C02"": 0, ""C03"": 0, ""C04"": 0, ""C05"": 0, ""C06"": 0, ""C07"": 0, ""C08"": 0, ""C09"": 0, ""C10"": 0, ""C11"": 0, ""C12"": 707, ""C13"": 0, ""C14"": 0, ""C15"": 860}","{""C01"": 0.02538100469293933, ""C02"": 0.02538100469293933, ""C03"": 0.02538100469293933, ""C04"": 0.02538100469293933, ""C05"": 0.02538100469293933, ""C06"": 0.02538100469293933, ""C07"": 0.02538100469293933, ""C08"": 0.02538100469293933, ""C09"": 0.02538100469293933, ""C10"": 0.02538100469293933, ""C11"": 0.02538100469293933, ""C12"": 0.024971568140990212, ""C13"": 0.02538100469293933, ""C14"": 0.02538100469293933, ""C15"": 0.024882966715329604}"
84,84,1,447,1.650247,15,"{""C01"": 1.16673, ""C02"": 1.169615, ""C03"": 1.177174, ""C04"": 1.195259, ""C05"": 1.22477, ""C06"": 1.671609, ""C07"": 1.593552, ""C08"": 1.624069, ""C09"": 1.638213, ""C10"": 1.638738, ""C11"": 1.634804, ""C12"": 2.388096, ""C13"": 2.325165, ""C14"": 2.362714, ""C15"": 2.41249}","{""C01"": 0, ""C02"": 0, ""C03"": 0, ""C04"": 0, ""C05"": 0, ""C06"": 0, ""C07"": 0, ""C08"": 0, ""C09"": 0, ""C10"": 0, ""C11"": 0, ""C12"": 0, ""C13"": 0, ""C14"": 0, ""C15"": 1563}","{""C01"": 0.02538416867569733, ""C02"": 0.02538416867569733, ""C03"": 0.02538416867569733, ""C04"": 0.02538416867569733, ""C05"": 0.02538416867569733, ""C06"": 0.02538416867569733, ""C07"": 0.02538416867569733, ""C08"": 0.02538416867569733, ""C09"": 0.02538416867569733, ""C10"": 0.02538416867569733, ""C11"": 0.02538416867569733, ""C12"": 0.02538416867569733, ""C13"": 0.02538416867569733, ""C14"": 0.02538416867569733, ""C15"": 0.024479009937884617}"
85,85,1,302,1.081092,15,"{""C01"": 1.160613, ""C02"": 1.164279, ""C03"": 1.175144, ""C04"": 1.197503, ""C05"": 1.230248, ""C06"": 1.680226, ""C07"": 1.599081, ""C08"": 1.623933, ""C09"": 1.6325, ""C10"": 1.630159, ""C11"": 1.627418, ""C12"": 2.384654, ""C13"": 2.329414, ""C14"": 2.372698, ""C15"": 2.423555}","{""C01"": 0, ""C02"": 0, ""C03"": 0, ""C04"": 0, ""C05"": 0, ""C06"": 0, ""C07"": 0, ""C08"": 0, ""C09"": 0, ""C10"": 0, ""C11"": 0, ""C12"": 0, ""C13"": 0, ""C14"": 0, ""C15"": 1561}","{""C01"": 0.02538715879744928, ""C02"": 0.02538715879744928, ""C03"": 0.02538715879744928, ""C04"": 0.02538715879744928, ""C05"": 0.02538715879744928, ""C06"": 0.02538715879744928, ""C07"": 0.02538715879744928, ""C08"": 0.02538715879744928, ""C09"": 0.02538715879744928, ""C10"": 0.02538715879744928, ""C11"": 0.02538715879744928, ""C12"": 0.02538715879744928, ""C13"": 0.02538715879744928, ""C14"": 0.02538715879744928, ""C15"": 0.024483157876098283}"
86,86,1,263,0.962663,15,"{""C01"": 1.15443, ""C02"": 1.159893, ""C03"": 1.174631, ""C04"": 1.201119, ""C05"": 1.236304, ""C06"": 1.688162, ""C07"": 1.602755, ""C08"": 1.621641, ""C09"": 1.625341, ""C10"": 1.621524, ""C11"": 1.62139, ""C12"": 2.38395, ""C13"": 2.336106, ""C14"": 2.383678, ""C15"": 2.433697}","{""C01"": 0, ""C02"": 0, ""C03"": 0, ""C04"": 0, ""C05"": 0, ""C06"": 0, ""C07"": 0, ""C08"": 0, ""C09"": 0, ""C10"": 0, ""C11"": 0, ""C12"": 0, ""C13"": 0, ""C14"": 0, ""C15"": 1559}","{""C01"": 0.025389780738943907, ""C02"": 0.025389780738943907, ""C03"": 0.025389780738943907, ""C04"": 0.025389780738943907, ""C05"": 0.025389780738943907, ""C06"": 0.025389780738943907, ""C07"": 0.025389780738943907, ""C08"": 0.025389780738943907, ""C09"": 0.025389780738943907, ""C10"": 0.025389780738943907, ""C11"": 0.025389780738943907, ""C12"": 0.025389780738943907, ""C13"": 0.025389780738943907, ""C14"": 0.025389780738943907, ""C15"": 0.02448693795896551}"
87,87,1,253,0.924794,15,"{""C01"": 1.148567, ""C02"": 1.156731, ""C03"": 1.17567, ""C04"": 1.205882, ""C05"": 1.242565, ""C06"": 1.694924, ""C07"": 1.60435, ""C08"": 1.617337, ""C09"": 1.617186, ""C10"": 1.613372, ""C11"": 1.617097, ""C12"": 2.386035, ""C13"": 2.344831, ""C14"": 2.394975, ""C15"": 2.44229}","{""C01"": 0, ""C02"": 0, ""C03"": 0, ""C04"": 0, ""C05"": 0, ""C06"": 0, ""C07"": 0, ""C08"": 0, ""C09"": 0, ""C10"": 0, ""C11"": 0, ""C12"": 0, ""C13"": 0, ""C14"": 0, ""C15"": 1557}","{""C01"": 0.02539180861276452, ""C02"": 0.02539180861276452, ""C03"": 0.02539180861276452, ""C04"": 0.02539180861276452, ""C05"": 0.02539180861276452, ""C06"": 0.02539180861276452, ""C07"": 0.02539180861276452, ""C08"": 0.02539180861276452, ""C09"": 0.02539180861276452, ""C10"": 0.02539180861276452, ""C11"": 0.02539180861276452, ""C12"": 0.02539180861276452, ""C13"": 0.02539180861276452, ""C14"": 0.02539180861276452, ""C15"": 0.02449012450094189}"
88,88,1,296,1.100478,15,"{""C01"": 1.143391, ""C02"": 1.154992, ""C03"": 1.178197, ""C04"": 1.211499, ""C05"": 1.248641, ""C06"": 1.700097, ""C07"": 1.603768, ""C08"": 1.611294, ""C09"": 1.608543, ""C10"": 1.606214, ""C11"": 1.614809, ""C12"": 2.390783, ""C13"": 2.35505, ""C14"": 2.405893, ""C15"": 2.448806}","{""C01"": 0, ""C02"": 0, ""C03"": 0, ""C04"": 0, ""C05"": 0, ""C06"": 0, ""C07"": 0, ""C08"": 0, ""C09"": 0, ""C10"": 0, ""C11"": 0, ""C12"": 0, ""C13"": 0, ""C14"": 0, ""C15"": 1555}","{""C01"": 0.025393055544527407, ""C02"": 0.025393055544527407, ""C03"": 0.025393055544527407, ""C04"": 0.025393055544527407, ""C05"": 0.025393055544527407, ""C06"": 0.025393055544527407, ""C07"": 0.025393055544527407, ""C08"": 0.025393055544527407, ""C09"": 0.025393055544527407, ""C10"": 0.025393055544527407, ""C11"": 0.025393055544527407, ""C12"": 0.025393055544527407, ""C13"": 0.025393055544527407, ""C14"": 0.025393055544527407, ""C15"": 0.024492530795919384}"
89,89,1,319,1.204726,15,"{""C01"": 1.139225, ""C02"": 1.154785, ""C03"": 1.182057, ""C04"": 1.217622, ""C05"": 1.254158, ""C06"": 1.703361, ""C07"": 1.601049, ""C08"": 1.60389, ""C09"": 1.599953, ""C10"": 1.600497, ""C11"": 1.614672, ""C12"": 2.397904, ""C13"": 2.366134, ""C14"": 2.415758, ""C15"": 2.452843}","{""C01"": 0, ""C02"": 0, ""C03"": 0, ""C04"": 0, ""C05"": 0, ""C06"": 0, ""C07"": 0, ""C08"": 0, ""C09"": 0, ""C10"": 0, ""C11"": 0, ""C12"": 0, ""C13"": 0, ""C14"": 0, ""C15"": 1555}","{""C01"": 0.025394543857371207, ""C02"": 0.025394543857371207, ""C03"": 0.025394543857371207, ""C04"": 0.025394543857371207, ""C05"": 0.025394543857371207, ""C06"": 0.025394543857371207, ""C07"": 0.025394543857371207, ""C08"": 0.025394543857371207, ""C09"": 0.025394543857371207, ""C10"": 0.025394543857371207, ""C11"": 0.025394543857371207, ""C12"": 0.025394543857371207, ""C13"": 0.025394543857371207, ""C14"": 0.025394543857371207, ""C15"": 0.024494017785893205}"
90,90,1,420,1.574570,15,"{""C01"": 1.136329, ""C02"": 1.156124, ""C03"": 1.187012, ""C04"": 1.223871, ""C05"": 1.258773, ""C06"": 1.704515, ""C07"": 1.596365, ""C08"": 1.595586, ""C09"": 1.591953, ""C10"": 1.596579, ""C11"": 1.616696, ""C12"": 2.40696, ""C13"": 2.377397, ""C14"": 2.42396, ""C15"": 2.454156}","{""C01"": 0, ""C02"": 0, ""C03"": 0, ""C04"": 0, ""C05"": 0, ""C06"": 0, ""C07"": 0, ""C08"": 0, ""C09"": 0, ""C10"": 0, ""C11"": 0, ""C12"": 0, ""C13"": 0, ""C14"": 0, ""C15"": 1554}","{""C01"": 0.025394446183462163, ""C02"": 0.025394446183462163, ""C03"": 0.025394446183462163, ""C04"": 0.025394446183462163, ""C05"": 0.025394446183462163, ""C06"": 0.025394446183462163, ""C07"": 0.025394446183462163, ""C08"": 0.025394446183462163, ""C09"": 0.025394446183462163, ""C10"": 0.025394446183462163, ""C11"": 0.025394446183462163, ""C12"": 0.025394446183462163, ""C13"": 0.025394446183462163, ""C14"": 0.025394446183462163, ""C15"": 0.024494500435183888}"
91,91,1,548,2.084690,15,"{""C01"": 1.134886, ""C02"": 1.158929, ""C03"": 1.192755, ""C04"": 1.229861, ""C05"": 1.262202, ""C06"": 1.703491, ""C07"": 1.590008, ""C08"": 1.586903, ""C09"": 1.585042, ""C10"": 1.594707, ""C11"": 1.620759, ""C12"": 2.417392, ""C13"": 2.388144, ""C14"": 2.429995, ""C15"": 2.452668}","{""C01"": 0, ""C02"": 0, ""C03"": 0, ""C04"": 0, ""C05"": 0, ""C06"": 0, ""C07"": 0, ""C08"": 0, ""C09"": 0, ""C10"": 0, ""C11"": 0, ""C12"": 0, ""C13"": 0, ""C14"": 0, ""C15"": 1555}","{""C01"": 0.025394479414704255, ""C02"": 0.025394479414704255, ""C03"": 0.025394479414704255, ""C04"": 0.025394479414704255, ""C05"": 0.025394479414704255, ""C06"": 0.025394479414704255, ""C07"": 0.025394479414704255, ""C08"": 0.025394479414704255, ""C09"": 0.025394479414704255, ""C10"": 0.025394479414704255, ""C11"": 0.025394479414704255, ""C12"": 0.025394479414704255, ""C13"": 0.025394479414704255, ""C14"": 0.025394479414704255, ""C15"": 0.024493953400507307}"
92,92,1,898,3.493219,15,"{""C01"": 1.134986, ""C02"": 1.163025, ""C03"": 1.19893, ""C04"": 1.235219, ""C05"": 1.264232, ""C06"": 1.700355, ""C07"": 1.582378, ""C08"": 1.578382, ""C09"": 1.579653, ""C10"": 1.594999, ""C11"": 1.626609, ""C12"": 2.428555, ""C13"": 2.39771, ""C14"": 2.43349, ""C15"": 2.448473}","{""C01"": 0, ""C02"": 0, ""C03"": 0, ""C04"": 0, ""C05"": 0, ""C06"": 0, ""C07"": 0, ""C08"": 0, ""C09"": 0, ""C10"": 0, ""C11"": 0, ""C12"": 0, ""C13"": 0, ""C14"": 0, ""C15"": 1556}","{""C01"": 0.02539351365721844, ""C02"": 0.02539351365721844, ""C03"": 0.02539351365721844, ""C04"": 0.02539351365721844, ""C05"": 0.02539351365721844, ""C06"": 0.02539351365721844, ""C07"": 0.02539351365721844, ""C08"": 0.02539351365721844, ""C09"": 0.02539351365721844, ""C10"": 0.02539351365721844, ""C11"": 0.02539351365721844, ""C12"": 0.02539351365721844, ""C13"": 0.02539351365721844, ""C14"": 0.02539351365721844, ""C15"": 0.02449240826595464}"
93,93,1,250,0.965530,15,"{""C01"": 1.136624, ""C02"": 1.16816, ""C03"": 1.205154, ""C04"": 1.239614, ""C05"": 1.264738, ""C06"": 1.695302, ""C07"": 1.573949, ""C08"": 1.570555, ""C09"": 1.576122, ""C10"": 1.597439, ""C11"": 1.633885, ""C12"": 2.43976, ""C13"": 2.405504, ""C14"": 2.434232, ""C15"": 2.441838}","{""C01"": 0, ""C02"": 0, ""C03"": 0, ""C04"": 0, ""C05"": 0, ""C06"": 0, ""C07"": 0, ""C08"": 0, ""C09"": 0, ""C10"": 0, ""C11"": 0, ""C12"": 526, ""C13"": 0, ""C14"": 381, ""C15"": 651}","{""C01"": 0.02539127254284032, ""C02"": 0.02539127254284032, ""C03"": 0.02539127254284032, ""C04"": 0.02539127254284032, ""C05"": 0.02539127254284032, ""C06"": 0.02539127254284032, ""C07"": 0.02539127254284032, ""C08"": 0.02539127254284032, ""C09"": 0.02539127254284032, ""C10"": 0.02539127254284032, ""C11"": 0.02539127254284032, ""C12"": 0.02508665897716912, ""C13"": 0.02539127254284032, ""C14"": 0.02517062851696675, ""C15"": 0.02501427068477353}"
94,94,1,652,2.502748,15,"{""C01"": 1.1397, ""C02"": 1.174015, ""C03"": 1.211043, ""C04"": 1.242774, ""C05"": 1.263691, ""C06"": 1.688651, ""C07"": 1.565249, ""C08"": 1.563911, ""C09"": 1.574672, ""C10"": 1.601877, ""C11"": 1.642137, ""C12"": 2.450311, ""C13"": 2.411046, ""C14"": 2.432179, ""C15"": 2.433178}","{""C01"": 0, ""C02"": 0, ""C03"": 0, ""C04"": 0, ""C05"": 0, ""C06"": 0, ""C07"": 0, ""C08"": 0, ""C09"": 0, ""C10"": 0, ""C11"": 0, ""C12"": 1555, ""C13"": 0, ""C14"": 0, ""C15"": 0}","{""C01"": 0.025393610808824907, ""C02"": 0.025393610808824907, ""C03"": 0.025393610808824907, ""C04"": 0.025393610808824907, ""C05"": 0.025393610808824907, ""C06"": 0.025393610808824907, ""C07"": 0.025393610808824907, ""C08"": 0.025393610808824907, ""C09"": 0.025393610808824907, ""C10"": 0.025393610808824907, ""C11"": 0.025393610808824907, ""C12"": 0.024493085566687334, ""C13"": 0.025393610808824907, ""C14"": 0.025393610808824907, ""C15"": 0.025393610808824907}"
95,95,1,398,1.494041,15,"{""C01"": 1.144024, ""C02"": 1.180228, ""C03"": 1.21623, ""C04"": 1.244503, ""C05"": 1.261156, ""C06"": 1.680815, ""C07"": 1.55682, ""C08"": 1.558864, ""C09"": 1.575393, ""C10"": 1.608038, ""C11"": 1.650853, ""C12"": 2.459558, ""C13"": 2.413993, ""C14"": 2.42746, ""C15"": 2.423034}","{""C01"": 0, ""C02"": 0, ""C03"": 0, ""C04"": 0, ""C05"": 0, ""C06"": 0, ""C07"": 0, ""C08"": 0, ""C09"": 0, ""C10"": 0, ""C11"": 0, ""C12"": 1553, ""C13"": 0, ""C14"": 0, ""C15"": 0}","{""C01"": 0.025395850255063565, ""C02"": 0.025395850255063565, ""C03"": 0.025395850255063565, ""C04"": 0.025395850255063565, ""C05"": 0.025395850255063565, ""C06"": 0.025395850255063565, ""C07"": 0.025395850255063565, ""C08"": 0.025395850255063565, ""C09"": 0.025395850255063565, ""C10"": 0.025395850255063565, ""C11"": 0.025395850255063565, ""C12"": 0.024496483494927328, ""C13"": 0.025395850255063565, ""C14"": 0.025395850255063565, ""C15"": 0.025395850255063565}"
96,96,1,271,1.011942,15,"{""C01"": 1.149327, ""C02"": 1.186413, ""C03"": 1.220394, ""C04"": 1.244694, ""C05"": 1.257292, ""C06"": 1.672284, ""C07"": 1.549187, ""C08"": 1.555731, ""C09"": 1.578243, ""C10"": 1.615543, ""C11"": 1.659494, ""C12"": 2.466927, ""C13"": 2.414165, ""C14"": 2.420373, ""C15"": 2.41204}","{""C01"": 0, ""C02"": 0, ""C03"": 0, ""C04"": 0, ""C05"": 0, ""C06"": 0, ""C07"": 0, ""C08"": 0, ""C09"": 0, ""C10"": 0, ""C11"": 0, ""C12"": 1552, ""C13"": 0, ""C14"": 0, ""C15"": 0}","{""C01"": 0.025397967916923433, ""C02"": 0.025397967916923433, ""C03"": 0.025397967916923433, ""C04"": 0.025397967916923433, ""C05"": 0.025397967916923433, ""C06"": 0.025397967916923433, ""C07"": 0.025397967916923433, ""C08"": 0.025397967916923433, ""C09"": 0.025397967916923433, ""C10"": 0.025397967916923433, ""C11"": 0.025397967916923433, ""C12"": 0.024499179509076156, ""C13"": 0.025397967916923433, ""C14"": 0.025397967916923433, ""C15"": 0.025397967916923433}"
97,97,1,214,0.805466,15,"{""C01"": 1.155281, ""C02"": 1.192186, ""C03"": 1.223278, ""C04"": 1.243338, ""C05"": 1.25234, ""C06"": 1.663589, ""C07"": 1.542827, ""C08"": 1.554707, ""C09"": 1.583047, ""C10"": 1.623925, ""C11"": 1.667523, ""C12"": 2.471964, ""C13"": 2.411554, ""C14"": 2.411361, ""C15"": 2.400882}","{""C01"": 0, ""C02"": 0, ""C03"": 0, ""C04"": 0, ""C05"": 0, ""C06"": 0, ""C07"": 0, ""C08"": 0, ""C09"": 0, ""C10"": 0, ""C11"": 0, ""C12"": 1551, ""C13"": 0, ""C14"": 0, ""C15"": 0}","{""C01"": 0.025399225441613896, ""C02"": 0.025399225441613896, ""C03"": 0.025399225441613896, ""C04"": 0.025399225441613896, ""C05"": 0.025399225441613896, ""C06"": 0.025399225441613896, ""C07"": 0.025399225441613896, ""C08"": 0.025399225441613896, ""C09"": 0.025399225441613896, ""C10"": 0.025399225441613896, ""C11"": 0.025399225441613896, ""C12"": 0.02450101615158443, ""C13"": 0.025399225441613896, ""C14"": 0.025399225441613896, ""C15"": 0.025399225441613896}"
98,98,1,190,0.714029,15,"{""C01"": 1.161516, ""C02"": 1.19719, ""C03"": 1.224702, ""C04"": 1.240519, ""C05"": 1.246609, ""C06"": 1.655274, ""C07"": 1.538137, ""C08"": 1.555857, ""C09"": 1.589506, ""C10"": 1.632666, ""C11"": 1.674442, ""C12"": 2.474357, ""C13"": 2.406325, ""C14"": 2.400987, ""C15"": 2.390258}","{""C01"": 0, ""C02"": 0, ""C03"": 0, ""C04"": 0, ""C05"": 0, ""C06"": 0, ""C07"": 0, ""C08"": 0, ""C09"": 0, ""C10"": 0, ""C11"": 0, ""C12"": 1550, ""C13"": 0, ""C14"": 0, ""C15"": 0}","{""C01"": 0.02539951612573313, ""C02"": 0.02539951612573313, ""C03"": 0.02539951612573313, ""C04"": 0.02539951612573313, ""C05"": 0.02539951612573313, ""C06"": 0.02539951612573313, ""C07"": 0.02539951612573313, ""C08"": 0.02539951612573313, ""C09"": 0.02539951612573313, ""C10"": 0.02539951612573313, ""C11"": 0.02539951612573313, ""C12"": 0.024501886815837856, ""C13"": 0.02539951612573313, ""C14"": 0.02539951612573313, ""C15"": 0.02539951612573313}"
99,99,1,172,0.643805,15,"{""C01"": 1.167646, ""C02"": 1.201114, ""C03"": 1.22458, ""C04"": 1.236413, ""C05"": 1.240455, ""C06"": 1.647856, ""C07"": 1.53541, ""C08"": 1.559112, ""C09"": 1.597222, ""C10"": 1.641222, ""C11"": 1.679824, ""C12"": 2.47396, ""C13"": 2.398806, ""C14"": 2.389897, ""C15"": 2.380828}","{""C01"": 0, ""C02"": 0, ""C03"": 0, ""C04"": 0, ""C05"": 0, ""C06"": 0, ""C07"": 0, ""C08"": 0, ""C09"": 0, ""C10"": 0, ""C11"": 0, ""C12"": 1550, ""C13"": 0, ""C14"": 0, ""C15"": 0}","{""C01"": 0.02539937156276774, ""C02"": 0.02539937156276774, ""C03"": 0.02539937156276774, ""C04"": 0.02539937156276774, ""C05"": 0.02539937156276774, ""C06"": 0.02539937156276774, ""C07"": 0.02539937156276774, ""C08"": 0.02539937156276774, ""C09"": 0.02539937156276774, ""C10"": 0.02539937156276774, ""C11"": 0.02539937156276774, ""C12"": 0.024501742381813532, ""C13"": 0.02539937156276774, ""C14"": 0.02539937156276774, ""C15"": 0.02539937156276774}"
100,100,1,158,0.585359,15,"{""C01"": 1.173291, ""C02"": 1.203715, ""C03"": 1.222919, ""C04"": 1.231276, ""C05"": 1.234264, ""C06"": 1.641797, ""C07"": 1.534816, ""C08"": 1.56427, ""C09"": 1.605715, ""C10"": 1.649063, ""C11"": 1.683334, ""C12"": 2.4708, ""C13"": 2.389467, ""C14"": 2.378784, ""C15"": 2.373183}","{""C01"": 0, ""C02"": 0, ""C03"": 0, ""C04"": 0, ""C05"": 0, ""C06"": 0, ""C07"": 0, ""C08"": 0, ""C09"": 0, ""C10"": 0, ""C11"": 0, ""C12"": 1551, ""C13"": 0, ""C14"": 0, ""C15"": 0}","{""C01"": 0.025398801014671846, ""C02"": 0.025398801014671846, ""C03"": 0.025398801014671846, ""C04"": 0.025398801014671846, ""C05"": 0.025398801014671846, ""C06"": 0.025398801014671846, ""C07"": 0.025398801014671846, ""C08"": 0.025398801014671846, ""C09"": 0.025398801014671846, ""C10"": 0.025398801014671846, ""C11"": 0.025398801014671846, ""C12"": 0.024500592102952887, ""C13"": 0.025398801014671846, ""C14"": 0.025398801014671846, ""C15"": 0.025398801014671846}"
1,1,1,1119,6.519534,15,"{""C01"": 1.452761, ""C02"": 1.647307, ""C03"": 1.595779, ""C04"": 1.609857, ""C05"": 1.309651, ""C06"": 1.7112, ""C07"": 1.529866, ""C08"": 1.535494, ""C09"": 1.545339, ""C10"": 1.490027, ""C11"": 1.382104, ""C12"": 1.605923, ""C13"": 1.521092, ""C14"": 1.484694, ""C15"": 1.718751}","{""C01"": 0, ""C02"": 0, ""C03"": 0, ""C04"": 0, ""C05"": 0, ""C06"": 0, ""C07"": 0, ""C08"": 0, ""C09"": 0, ""C10"": 0, ""C11"": 0, ""C12"": 0, ""C13"": 0, ""C14"": 0, ""C15"": 1739}","{""C01"": 0.02516151490370236, ""C02"": 0.02516151490370236, ""C03"": 0.02516151490370236, ""C04"": 0.02516151490370236, ""C05"": 0.02516151490370236, ""C06"": 0.02516151490370236, ""C07"": 0.02516151490370236, ""C08"": 0.02516151490370236, ""C09"": 0.02516151490370236, ""C10"": 0.02516151490370236, ""C11"": 0.02516151490370236, ""C12"": 0.02516151490370236, ""C13"": 0.02516151490370236, ""C14"": 0.02516151490370236, ""C15"": 0.02415443144215761}"
1,1,1,104,0.627246,15,"{""C01"": 1.452761, ""C02"": 1.647307, ""C03"": 1.595779, ""C04"": 1.609857, ""C05"": 1.309651, ""C06"": 1.7112, ""C07"": 1.529866, ""C08"": 1.535494, ""C09"": 1.545339, ""C10"": 1.490027, ""C11"": 1.382104, ""C12"": 1.605923, ""C13"": 1.521092, ""C14"": 1.484694, ""C15"": 1.718751}","{""C01"": 0, ""C02"": 6, ""C03"": 0, ""C04"": 0, ""C05"": 0, ""C06"": 816, ""C07"": 0, ""C08"": 0, ""C09"": 0, ""C10"": 0, ""C11"": 0, ""C12"": 0, ""C13"": 0, ""C14"": 0, ""C15"": 913}","{""C01"": 0.02515631821470124, ""C02"": 0.02515181648102445, ""C03"": 0.02515631821470124, ""C04"": 0.02515631821470124, ""C05"": 0.02515631821470124, ""C06"": 0.024684349737243944, ""C07"": 0.02515631821470124, ""C08"": 0.02515631821470124, ""C09"": 0.02515631821470124, ""C10"": 0.02515631821470124, ""C11"": 0.02515631821470124, ""C12"": 0.02515631821470124, ""C13"": 0.02515631821470124, ""C14"": 0.02515631821470124, ""C15"": 0.024628779588007875}"
2,2,1,90,0.543808,15,"{""C01"": 1.46547, ""C02"": 1.654449, ""C03"": 1.59614, ""C04"": 1.609623, ""C05"": 1.350688, ""C06"": 1.765728, ""C07"": 1.593968, ""C08"": 1.559309, ""C09"": 1.530848, ""C10"": 1.453279, ""C11"": 1.399266, ""C12"": 1.682308, ""C13"": 1.572769, ""C14"": 1.494584, ""C15"": 1.762449}","{""C01"": 0, ""C02"": 0, ""C03"": 0, ""C04"": 0, ""C05"": 0, ""C06"": 874, ""C07"": 0, ""C08"": 0, ""C09"": 0, ""C10"": 0, ""C11"": 0, ""C12"": 7, ""C13"": 0, ""C14"": 0, ""C15"": 838}","{""C01"": 0.025174689012620335, ""C02"": 0.025174689012620335, ""C03"": 0.025174689012620335, ""C04"": 0.025174689012620335, ""C05"": 0.025174689012620335, ""C06"": 0.024669738681653668, ""C07"": 0.025174689012620335, ""C08"": 0.025174689012620335, ""C09"": 0.025174689012620335, ""C10"": 0.025174689012620335, ""C11"": 0.025174689012620335, ""C12"": 0.025169650295689433, ""C13"": 0.025174689012620335, ""C14"": 0.025174689012620335, ""C15"": 0.024690574289585317}"
3,3,1,161,0.973670,15,"{""C01"": 1.464076, ""C02"": 1.699544, ""C03"": 1.656857, ""C04"": 1.627574, ""C05"": 1.356785, ""C06"": 1.817279, ""C07"": 1.635244, ""C08"": 1.591753, ""C09"": 1.580458, ""C10"": 1.496836, ""C11"": 1.397984, ""C12"": 1.669753, ""C13"": 1.6089, ""C14"": 1.563213, ""C15"": 1.727528}","{""C01"": 0, ""C02"": 0, ""C03"": 0, ""C04"": 0, ""C05"": 0, ""C06"": 1699, ""C07"": 0, ""C08"": 0, ""C09"": 0, ""C10"": 0, ""C11"": 0, ""C12"": 0, ""C13"": 0, ""C14"": 0, ""C15"": 1}","{""C01"": 0.02519401583931183, ""C02"": 0.02519401583931183, ""C03"": 0.02519401583931183, ""C04"": 0.02519401583931183, ""C05"": 0.02519401583931183, ""C06"": 0.02421129744416082, ""C07"": 0.02519401583931183, ""C08"": 0.02519401583931183, ""C09"": 0.02519401583931183, ""C10"": 0.02519401583931183, ""C11"": 0.02519401583931183, ""C12"": 0.02519401583931183, ""C13"": 0.02519401583931183, ""C14"": 0.02519401583931183, ""C15"": 0.025192901122384898}"
4,4,1,227,1.190533,15,"{""C01"": 1.515581, ""C02"": 1.700728, ""C03"": 1.658834, ""C04"": 1.626659, ""C05"": 1.38765, ""C06"": 1.820274, ""C07"": 1.603577, ""C08"": 1.591804, ""C09"": 1.622808, ""C10"": 1.48121, ""C11"": 1.423856, ""C12"": 1.717906, ""C13"": 1.586253, ""C14"": 1.549498, ""C15"": 1.758607}","{""C01"": 0, ""C02"": 0, ""C03"": 0, ""C04"": 0, ""C05"": 0, ""C06"": 1697, ""C07"": 0, ""C08"": 0, ""C09"": 0, ""C10"": 0, ""C11"": 0, ""C12"": 0, ""C13"": 0, ""C14"": 0, ""C15"": 2}","{""C01"": 0.025195066838690106, ""C02"": 0.025195066838690106, ""C03"": 0.025195066838690106, ""C04"": 0.025195066838690106, ""C05"": 0.025195066838690106, ""C06"": 0.02421350747041566, ""C07"": 0.025195066838690106, ""C08"": 0.025195066838690106, ""C09"": 0.025195066838690106, ""C10"": 0.025195066838690106, ""C11"": 0.025195066838690106, ""C12"": 0.025195066838690106, ""C13"": 0.025195066838690106, ""C14"": 0.025195066838690106, ""C15"": 0.025193366570424217}"
5,5,1,102,0.347813,15,"{""C01"": 1.535144, ""C02"": 1.721754, ""C03"": 1.657319, ""C04"": 1.663467, ""C05"": 1.417661, ""C06"": 1.81215, ""C07"": 1.652116, ""C08"": 1.592256, ""C09"": 1.640764, ""C10"": 1.544384, ""C11"": 1.440616, ""C12"": 1.708213, ""C13"": 1.628682, ""C14"": 1.570322, ""C15"": 1.784766}","{""C01"": 0, ""C02"": 2, ""C03"": 0, ""C04"": 0, ""C05"": 0, ""C06"": 1005, ""C07"": 0, ""C08"": 0, ""C09"": 0, ""C10"": 0, ""C11"": 0, ""C12"": 0, ""C13"": 0, ""C14"": 0, ""C15"": 703}","{""C01"": 0.025191383280697435, ""C02"": 0.025189709681690847, ""C03"": 0.025191383280697435, ""C04"": 0.025191383280697435, ""C05"": 0.025191383280697435, ""C06"": 0.024610581275561105, ""C07"": 0.025191383280697435, ""C08"": 0.025191383280697435, ""C09"": 0.025191383280697435, ""C10"": 0.025191383280697435, ""C11"": 0.025191383280697435, ""C12"": 0.025191383280697435, ""C13"": 0.025191383280697435, ""C14"": 0.025191383280697435, ""C15"": 0.02478368634211385}"
6,6,1,96,0.343557,15,"{""C01"": 1.524145, ""C02"": 1.743344, ""C03"": 1.687827, ""C04"": 1.718964, ""C05"": 1.414805, ""C06"": 1.836265, ""C07"": 1.669595, ""C08"": 1.591946, ""C09"": 1.625756, ""C10"": 1.560116, ""C11"": 1.453387, ""C12"": 1.753269, ""C13"": 1.617567, ""C14"": 1.591957, ""C15"": 1.829575}","{""C01"": 0, ""C02"": 0, ""C03"": 0, ""C04"": 0, ""C05"": 0, ""C06"": 883, ""C07"": 0, ""C08"": 0, ""C09"": 0, ""C10"": 0, ""C11"": 0, ""C12"": 5, ""C13"": 0, ""C14"": 0, ""C15"": 811}","{""C01"": 0.025201900600553787, ""C02"": 0.025201900600553787, ""C03"": 0.025201900600553787, ""C04"": 0.025201900600553787, ""C05"": 0.025201900600553787, ""C06"": 0.02469173386584531, ""C07"": 0.025201900600553787, ""C08"": 0.025201900600553787, ""C09"": 0.025201900600553787, ""C10"": 0.025201900600553787, ""C11"": 0.025201900600553787, ""C12"": 0.02519797840170475, ""C13"": 0.025201900600553787, ""C14"": 0.025201900600553787, ""C15"": 0.02473282998935628}"
7,7,1,104,0.369337,15,"{""C01"": 1.546136, ""C02"": 1.750767, ""C03"": 1.692394, ""C04"": 1.695005, ""C05"": 1.421525, ""C06"": 1.837213, ""C07"": 1.67838, ""C08"": 1.63192, ""C09"": 1.673179, ""C10"": 1.521556, ""C11"": 1.48072, ""C12"": 1.741534, ""C13"": 1.646823, ""C14"": 1.622408, ""C15"": 1.813745}","{""C01"": 0, ""C02"": 3, ""C03"": 0, ""C04"": 0, ""C05"": 0, ""C06"": 980, ""C07"": 0, ""C08"": 0, ""C09"": 0, ""C10"": 0, ""C11"": 0, ""C12"": 0, ""C13"": 0, ""C14"": 0, ""C15"": 719}","{""C01"": 0.025201172281935497, ""C02"": 0.025198934595405134, ""C03"": 0.025201172281935497, ""C04"": 0.025201172281935497, ""C05"": 0.025201172281935497, ""C06"": 0.024634842840374552, ""C07"": 0.025201172281935497, ""C08"": 0.025201172281935497, ""C09"": 0.025201172281935497, ""C10"": 0.025201172281935497, ""C11"": 0.025201172281935497, ""C12"": 0.025201172281935497, ""C13"": 0.025201172281935497, ""C14"": 0.025201172281935497, ""C15"": 0.024784207257867848}"
8,8,1,198,0.692085,15,"{""C01"": 1.582138, ""C02"": 1.722103, ""C03"": 1.702726, ""C04"": 1.704169, ""C05"": 1.455409, ""C06"": 1.905248, ""C07"": 1.700602, ""C08"": 1.651505, ""C09"": 1.661548, ""C10"": 1.556116, ""C11"": 1.491036, ""C12"": 1.729152, ""C13"": 1.674589, ""C14"": 1.565802, ""C15"": 1.832101}","{""C01"": 0, ""C02"": 0, ""C03"": 0, ""C04"": 0, ""C05"": 0, ""C06"": 1674, ""C07"": 0, ""C08"": 0, ""C09"": 0, ""C10"": 0, ""C11"": 0, ""C12"": 0, ""C13"": 0, ""C14"": 0, ""C15"": 1}","{""C01"": 0.025226084278718447, ""C02"": 0.025226084278718447, ""C03"": 0.025226084278718447, ""C04"": 0.025226084278718447, ""C05"": 0.025226084278718447, ""C06"": 0.024257842927032217, ""C07"": 0.025226084278718447, ""C08"": 0.025226084278718447, ""C09"": 0.025226084278718447, ""C10"": 0.025226084278718447, ""C11"": 0.025226084278718447, ""C12"": 0.025226084278718447, ""C13"": 0.025226084278718447, ""C14"": 0.025226084278718447, ""C15"": 0.025224956682965802}"
9,9,1,323,1.125157,15,"{""C01"": 1.571177, ""C02"": 1.801652, ""C03"": 1.704468, ""C04"": 1.720295, ""C05"": 1.455079, ""C06"": 1.862617, ""C07"": 1.68971, ""C08"": 1.640499, ""C09"": 1.666707, ""C10"": 1.577345, ""C11"": 1.47749, ""C12"": 1.765238, ""C13"": 1.68333, ""C14"": 1.620739, ""C15"": 1.82131}","{""C01"": 0, ""C02"": 0, ""C03"": 0, ""C04"": 0, ""C05"": 0, ""C06"": 1681, ""C07"": 0, ""C08"": 0, ""C09"": 0, ""C10"": 0, ""C11"": 0, ""C12"": 0, ""C13"": 0, ""C14"": 0, ""C15"": 4}","{""C01"": 0.02521022507898661, ""C02"": 0.02521022507898661, ""C03"": 0.02521022507898661, ""C04"": 0.02521022507898661, ""C05"": 0.02521022507898661, ""C06"": 0.024237937093023805, ""C07"": 0.02521022507898661, ""C08"": 0.02521022507898661, ""C09"": 0.02521022507898661, ""C10"": 0.02521022507898661, ""C11"": 0.02521022507898661, ""C12"": 0.02521022507898661, ""C13"": 0.02521022507898661, ""C14"": 0.02521022507898661, ""C15"": 0.025206776431855996}"
10,10,1,82,0.281736,15,"{""C01"": 1.561059, ""C02"": 1.76184, ""C03"": 1.710703, ""C04"": 1.704573, ""C05"": 1.453055, ""C06"": 1.882482, ""C07"": 1.689487, ""C08"": 1.679695, ""C09"": 1.687102, ""C10"": 1.571485, ""C11"": 1.502659, ""C12"": 1.758638, ""C13"": 1.662335, ""C14"": 1.627067, ""C15"": 1.85621}","{""C01"": 0, ""C02"": 0, ""C03"": 0, ""C04"": 0, ""C05"": 0, ""C06"": 956, ""C07"": 0, ""C08"": 0, ""C09"": 0, ""C10"": 0, ""C11"": 0, ""C12"": 0, ""C13"": 0, ""C14"": 0, ""C15"": 733}","{""C01"": 0.025217067122745337, ""C02"": 0.025216517882973216, ""C03"": 0.025217067122745337, ""C04"": 0.025217067122745337, ""C05"": 0.025217067122745337, ""C06"": 0.024664643696127652, ""C07"": 0.025217067122745337, ""C08"": 0.025217067122745337, ""C09"": 0.025217067122745337, ""C10"": 0.025217067122745337, ""C11"": 0.025217067122745337, ""C12"": 0.025217067122745337, ""C13"": 0.025217067122745337, ""C14"": 0.025217067122745337, ""C15"": 0.02479199477746634}"
11,11,1,286,1.024144,15,"{""C01"": 1.573881, ""C02"": 1.767308, ""C03"": 1.717202, ""C04"": 1.704829, ""C05"": 1.461375, ""C06"": 1.907423, ""C07"": 1.680263, ""C08"": 1.654415, ""C09"": 1.695133, ""C10"": 1.564407, ""C11"": 1.459864, ""C12"": 1.771111, ""C13"": 1.698764, ""C14"": 1.662114, ""C15"": 1.854041}","{""C01"": 0, ""C02"": 0, ""C03"": 0, ""C04"": 0, ""C05"": 0, ""C06"": 1670, ""C07"": 0, ""C08"": 0, ""C09"": 0, ""C10"": 0, ""C11"": 0, ""C12"": 0, ""C13"": 0, ""C14"": 0, ""C15"": 3}","{""C01"": 0.025226010133127155, ""C02"": 0.025226010133127155, ""C03"": 0.025226010133127155, ""C04"": 0.025226010133127155, ""C05"": 0.025226010133127155, ""C06"": 0.02426009527817339, ""C07"": 0.025226010133127155, ""C08"": 0.025226010133127155, ""C09"": 0.025226010133127155, ""C10"": 0.025226010133127155, ""C11"": 0.025226010133127155, ""C12"": 0.025226010133127155, ""C13"": 0.025226010133127155, ""C14"": 0.025226010133127155, ""C15"": 0.025223725722102935}"
12,12,1,207,0.749988,15,"{""C01"": 1.572296, ""C02"": 1.83042, ""C03"": 1.697827, ""C04"": 1.673399, ""C05"": 1.457753, ""C06"": 1.885346, ""C07"": 1.663616, ""C08"": 1.656198, ""C09"": 1.675857, ""C10"": 1.563746, ""C11"": 1.465313, ""C12"": 1.779696, ""C13"": 1.638135, ""C14"": 1.617672, ""C15"": 1.84808}","{""C01"": 0, ""C02"": 0, ""C03"": 0, ""C04"": 0, ""C05"": 0, ""C06"": 1304, ""C07"": 0, ""C08"": 0, ""C09"": 0, ""C10"": 0, ""C11"": 0, ""C12"": 0, ""C13"": 0, ""C14"": 0, ""C15"": 382}","{""C01"": 0.025218398092638927, ""C02"": 0.025218398092638927, ""C03"": 0.025218398092638927, ""C04"": 0.025218398092638927, ""C05"": 0.025218398092638927, ""C06"": 0.024464437855144877, ""C07"": 0.025218398092638927, ""C08"": 0.025218398092638927, ""C09"": 0.025218398092638927, ""C10"": 0.025218398092638927, ""C11"": 0.025218398092638927, ""C12"": 0.025218398092638927, ""C13"": 0.025218398092638927, ""C14"": 0.025218398092638927, ""C15"": 0.02499603606633605}"
13,13,1,121,0.422484,15,"{""C01"": 1.616058, ""C02"": 1.790856, ""C03"": 1.733791, ""C04"": 1.674398, ""C05"": 1.433572, ""C06"": 1.873786, ""C07"": 1.713068, ""C08"": 1.66554, ""C09"": 1.691838, ""C10"": 1.546914, ""C11"": 1.490707, ""C12"": 1.790345, ""C13"": 1.675988, ""C14"": 1.660909, ""C15"": 1.843198}","{""C01"": 0, ""C02"": 0, ""C03"": 0, ""C04"": 0, ""C05"": 0, ""C06"": 1053, ""C07"": 0, ""C08"": 0, ""C09"": 0, ""C10"": 0, ""C11"": 0, ""C12"": 0, ""C13"": 0, ""C14"": 0, ""C15"": 639}","{""C01"": 0.0252141562506889, ""C02"": 0.02521359555213777, ""C03"": 0.0252141562506889, ""C04"": 0.0252141562506889, ""C05"": 0.0252141562506889, ""C06"": 0.02460555579523222, ""C07"": 0.0252141562506889, ""C08"": 0.0252141562506889, ""C09"": 0.0252141562506889, ""C10"": 0.0252141562506889, ""C11"": 0.0252141562506889, ""C12"": 0.0252141562506889, ""C13"": 0.0252141562506889, ""C14"": 0.0252141562506889, ""C15"": 0.024843525808796414}"
14,14,1,162,0.561576,15,"{""C01"": 1.601512, ""C02"": 1.782315, ""C03"": 1.717832, ""C04"": 1.703589, ""C05"": 1.462034, ""C06"": 1.917311, ""C07"": 1.710478, ""C08"": 1.645095, ""C09"": 1.698534, ""C10"": 1.585983, ""C11"": 1.464816, ""C12"": 1.765923, ""C13"": 1.709216, ""C14"": 1.636977, ""C15"": 1.824851}","{""C01"": 0, ""C02"": 0, ""C03"": 0, ""C04"": 0, ""C05"": 0, ""C06"": 1668, ""C07"": 0, ""C08"": 0, ""C09"": 0, ""C10"": 0, ""C11"": 0, ""C12"": 0, ""C13"": 0, ""C14"": 0, ""C15"": 2}","{""C01"": 0.025229297643293624, ""C02"": 0.025229297643293624, ""C03"": 0.025229297643293624, ""C04"": 0.025229297643293624, ""C05"": 0.025229297643293624, ""C06"": 0.02426454321670514, ""C07"": 0.025229297643293624, ""C08"": 0.025229297643293624, ""C09"": 0.025229297643293624, ""C10"": 0.025229297643293624, ""C11"": 0.025229297643293624, ""C12"": 0.025229297643293624, ""C13"": 0.025229297643293624, ""C14"": 0.025229297643293624, ""C15"": 0.025227620289418537}"
15,15,1,271,0.952321,15,"{""C01"": 1.566275, ""C02"": 1.815507, ""C03"": 1.737848, ""C04"": 1.682099, ""C05"": 1.449385, ""C06"": 1.87497, ""C07"": 1.702129, ""C08"": 1.637216, ""C09"": 1.66434, ""C10"": 1.556579, ""C11"": 1.481493, ""C12"": 1.78469, ""C13"": 1.680954, ""C14"": 1.617863, ""C15"": 1.83519}","{""C01"": 0, ""C02"": 0, ""C03"": 0, ""C04"": 0, ""C05"": 0, ""C06"": 1484, ""C07"": 0, ""C08"": 0, ""C09"": 0, ""C10"": 0, ""C11"": 0, ""C12"": 0, ""C13"": 0, ""C14"": 0, ""C15"": 201}","{""C01"": 0.025214300962938335, ""C02"": 0.025214300962938335, ""C03"": 0.025214300962938335, ""C04"": 0.025214300962938335, ""C05"": 0.025214300962938335, ""C06"": 0.024356103958683116, ""C07"": 0.025214300962938335, ""C08"": 0.025214300962938335, ""C09"": 0.025214300962938335, ""C10"": 0.025214300962938335, ""C11"": 0.025214300962938335, ""C12"": 0.025214300962938335, ""C13"": 0.025214300962938335, ""C14"": 0.025214300962938335, ""C15"": 0.025096764486738712}"
16,16,1,144,0.504261,15,"{""C01"": 1.574973, ""C02"": 1.778213, ""C03"": 1.736949, ""C04"": 1.687241, ""C05"": 1.445524, ""C06"": 1.841435, ""C07"": 1.669115, ""C08"": 1.654885, ""C09"": 1.664735, ""C10"": 1.53975, ""C11"": 1.500524, ""C12"": 1.770773, ""C13"": 1.649419, ""C14"": 1.597344, ""C15"": 1.816565}","{""C01"": 0, ""C02"": 2, ""C03"": 0, ""C04"": 0, ""C05"": 0, ""C06"": 1055, ""C07"": 0, ""C08"": 0, ""C09"": 0, ""C10"": 0, ""C11"": 0, ""C12"": 0, ""C13"": 0, ""C14"": 0, ""C15"": 643}","{""C01"": 0.025202618953673234, ""C02"": 0.025200918668095984, ""C03"": 0.025202618953673234, ""C04"": 0.025202618953673234, ""C05"": 0.025202618953673234, ""C06"": 0.024592857206755424, ""C07"": 0.025202618953673234, ""C08"": 0.025202618953673234, ""C09"": 0.025202618953673234, ""C10"": 0.025202618953673234, ""C11"": 0.025202618953673234, ""C12"": 0.025202618953673234, ""C13"": 0.025202618953673234, ""C14"": 0.025202618953673234, ""C15"": 0.02482966757354147}"
17,17,1,224,0.802699,15,"{""C01"": 1.5978, ""C02"": 1.770201, ""C03"": 1.700288, ""C04"": 1.708303, ""C05"": 1.418208, ""C06"": 1.851685, ""C07"": 1.689475, ""C08"": 1.653234, ""C09"": 1.693579, ""C10"": 1.54, ""C11"": 1.517693, ""C12"": 1.77402, ""C13"": 1.653484, ""C14"": 1.603647, ""C15"": 1.787201}","{""C01"": 0, ""C02"": 0, ""C03"": 0, ""C04"": 0, ""C05"": 0, ""C06"": 1688, ""C07"": 0, ""C08"": 0, ""C09"": 0, ""C10"": 0, ""C11"": 0, ""C12"": 0, ""C13"": 0, ""C14"": 0, ""C15"": 2}","{""C01"": 0.02520676648776149, ""C02"": 0.02520676648776149, ""C03"": 0.02520676648776149, ""C04"": 0.02520676648776149, ""C05"": 0.02520676648776149, ""C06"": 0.024230418385136905, ""C07"": 0.02520676648776149, ""C08"": 0.02520676648776149, ""C09"": 0.02520676648776149, ""C10"": 0.02520676648776149, ""C11"": 0.02520676648776149, ""C12"": 0.02520676648776149, ""C13"": 0.02520676648776149, ""C14"": 0.02520676648776149, ""C15"": 0.025205068003036457}"
18,18,1,226,0.777526,15,"{""C01"": 1.608947, ""C02"": 1.766447, ""C03"": 1.714282, ""C04"": 1.707145, ""C05"": 1.457619, ""C06"": 1.902844, ""C07"": 1.685564, ""C08"": 1.606207, ""C09"": 1.656122, ""C10"": 1.52632, ""C11"": 1.462222, ""C12"": 1.764785, ""C13"": 1.687657, ""C14"": 1.634349, ""C15"": 1.838297}","{""C01"": 0, ""C02"": 0, ""C03"": 0, ""C04"": 0, ""C05"": 0, ""C06"": 1673, ""C07"": 0, ""C08"": 0, ""C09"": 0, ""C10"": 0, ""C11"": 0, ""C12"": 0, ""C13"": 0, ""C14"": 0, ""C15"": 2}","{""C01"": 0.025224831183133026, ""C02"": 0.025224831183133026, ""C03"": 0.025224831183133026, ""C04"": 0.025224831183133026, ""C05"": 0.025224831183133026, ""C06"": 0.024257173492141595, ""C07"": 0.025224831183133026, ""C08"": 0.025224831183133026, ""C09"": 0.025224831183133026, ""C10"": 0.025224831183133026, ""C11"": 0.025224831183133026, ""C12"": 0.025224831183133026, ""C13"": 0.025224831183133026, ""C14"": 0.025224831183133026, ""C15"": 0.025223130183089748}"
19,19,1,184,0.649114,15,"{""C01"": 1.577154, ""C02"": 1.779713, ""C03"": 1.691392, ""C04"": 1.669565, ""C05"": 1.427949, ""C06"": 1.888042, ""C07"": 1.692364, ""C08"": 1.646272, ""C09"": 1.702862, ""C10"": 1.538111, ""C11"": 1.498717, ""C12"": 1.784347, ""C13"": 1.663905, ""C14"": 1.634234, ""C15"": 1.807471}","{""C01"": 0, ""C02"": 0, ""C03"": 0, ""C04"": 0, ""C05"": 0, ""C06"": 1679, ""C07"": 0, ""C08"": 0, ""C09"": 0, ""C10"": 0, ""C11"": 0, ""C12"": 0, ""C13"": 0, ""C14"": 0, ""C15"": 1}","{""C01"": 0.02522009966611434, ""C02"": 0.02522009966611434, ""C03"": 0.02522009966611434, ""C04"": 0.02522009966611434, ""C05"": 0.02522009966611434, ""C06"": 0.0242489614282821, ""C07"": 0.02522009966611434, ""C08"": 0.02522009966611434, ""C09"": 0.02522009966611434, ""C10"": 0.02522009966611434, ""C11"": 0.02522009966611434, ""C12"": 0.02522009966611434, ""C13"": 0.02522009966611434, ""C14"": 0.02522009966611434, ""C15"": 0.025218977309871105}"
20,20,1,222,0.764653,15,"{""C01"": 1.563813, ""C02"": 1.754736, ""C03"": 1.73717, ""C04"": 1.719378, ""C05"": 1.416535, ""C06"": 1.879349, ""C07"": 1.69048, ""C08"": 1.68435, ""C09"": 1.633271, ""C10"": 1.558554, ""C11"": 1.456259, ""C12"": 1.749845, ""C13"": 1.673669, ""C14"": 1.637142, ""C15"": 1.812868}","{""C01"": 0, ""C02"": 0, ""C03"": 0, ""C04"": 0, ""C05"": 0, ""C06"": 1681, ""C07"": 0, ""C08"": 0, ""C09"": 0, ""C10"": 0, ""C11"": 0, ""C12"": 0, ""C13"": 0, ""C14"": 0, ""C15"": 1}","{""C01"": 0.025216738256927135, ""C02"": 0.025216738256927135, ""C03"": 0.025216738256927135, ""C04"": 0.025216738256927135, ""C05"": 0.025216738256927135, ""C06"": 0.024244444589507964, ""C07"": 0.025216738256927135, ""C08"": 0.025216738256927135, ""C09"": 0.025216738256927135, ""C10"": 0.025216738256927135, ""C11"": 0.025216738256927135, ""C12"": 0.025216738256927135, ""C13"": 0.025216738256927135, ""C14"": 0.025216738256927135, ""C15"": 0.025215606925082054}"
21,21,1,307,1.091878,15,"{""C01"": 1.596699, ""C02"": 1.736116, ""C03"": 1.703037, ""C04"": 1.688113, ""C05"": 1.423322, ""C06"": 1.858213, ""C07"": 1.623859, ""C08"": 1.647155, ""C09"": 1.667302, ""C10"": 1.521366, ""C11"": 1.472925, ""C12"": 1.770436, ""C13"": 1.65875, ""C14"": 1.637166, ""C15"": 1.816208}","{""C01"": 0, ""C02"": 0, ""C03"": 0, ""C04"": 0, ""C05"": 0, ""C06"": 1681, ""C07"": 0, ""C08"": 0, ""C09"": 0, ""C10"": 0, ""C11"": 0, ""C12"": 0, ""C13"": 0, ""C14"": 0, ""C15"": 5}","{""C01"": 0.025208457252107894, ""C02"": 0.025208457252107894, ""C03"": 0.025208457252107894, ""C04"": 0.025208457252107894, ""C05"": 0.025208457252107894, ""C06"": 0.024236171251933246, ""C07"": 0.025208457252107894, ""C08"": 0.025208457252107894, ""C09"": 0.025208457252107894, ""C10"": 0.025208457252107894, ""C11"": 0.025208457252107894, ""C12"": 0.025208457252107894, ""C13"": 0.025208457252107894, ""C14"": 0.025208457252107894, ""C15"": 0.025204432933260773}"
22,22,1,88,0.311099,15,"{""C01"": 1.61069, ""C02"": 1.79951, ""C03"": 1.71173, ""C04"": 1.703388, ""C05"": 1.433829, ""C06"": 1.837145, ""C07"": 1.667459, ""C08"": 1.612528, ""C09"": 1.661838, ""C10"": 1.523844, ""C11"": 1.503199, ""C12"": 1.75201, ""C13"": 1.685889, ""C14"": 1.615604, ""C15"": 1.818342}","{""C01"": 0, ""C02"": 391, ""C03"": 0, ""C04"": 0, ""C05"": 0, ""C06"": 751, ""C07"": 0, ""C08"": 0, ""C09"": 0, ""C10"": 0, ""C11"": 0, ""C12"": 0, ""C13"": 0, ""C14"": 0, ""C15"": 564}","{""C01"": 0.02520087877898905, ""C02"": 0.024973309177828924, ""C03"": 0.02520087877898905, ""C04"": 0.02520087877898905, ""C05"": 0.02520087877898905, ""C06"": 0.024767170818935, ""C07"": 0.02520087877898905, ""C08"": 0.02520087877898905, ""C09"": 0.02520087877898905, ""C10"": 0.02520087877898905, ""C11"": 0.02520087877898905, ""C12"": 0.02520087877898905, ""C13"": 0.02520087877898905, ""C14"": 0.02520087877898905, ""C15"": 0.0248742575227783}"
23,23,1,303,1.093279,15,"{""C01"": 1.552211, ""C02"": 1.745057, ""C03"": 1.727413, ""C04"": 1.69706, ""C05"": 1.427224, ""C06"": 1.849884, ""C07"": 1.673824, ""C08"": 1.649326, ""C09"": 1.64163, ""C10"": 1.516861, ""C11"": 1.471719, ""C12"": 1.752124, ""C13"": 1.678186, ""C14"": 1.652177, ""C15"": 1.80562}","{""C01"": 0, ""C02"": 0, ""C03"": 0, ""C04"": 0, ""C05"": 0, ""C06"": 1683, ""C07"": 0, ""C08"": 0, ""C09"": 0, ""C10"": 0, ""C11"": 0, ""C12"": 0, ""C13"": 0, ""C14"": 0, ""C15"": 6}","{""C01"": 0.02520575247357175, ""C02"": 0.02520575247357175, ""C03"": 0.02520575247357175, ""C04"": 0.02520575247357175, ""C05"": 0.02520575247357175, ""C06"": 0.02423230418048455, ""C07"": 0.02520575247357175, ""C08"": 0.02520575247357175, ""C09"": 0.02520575247357175, ""C10"": 0.02520575247357175, ""C11"": 0.02520575247357175, ""C12"": 0.02520575247357175, ""C13"": 0.02520575247357175, ""C14"": 0.02520575247357175, ""C15"": 0.025201159911444324}"
24,24,1,165,0.565601,15,"{""C01"": 1.570495, ""C02"": 1.791601, ""C03"": 1.703551, ""C04"": 1.70336, ""C05"": 1.427623, ""C06"": 1.883079, ""C07"": 1.696663, ""C08"": 1.672397, ""C09"": 1.651263, ""C10"": 1.562235, ""C11"": 1.474818, ""C12"": 1.755464, ""C13"": 1.668948, ""C14"": 1.620229, ""C15"": 1.793865}","{""C01"": 0, ""C02"": 0, ""C03"": 0, ""C04"": 0, ""C05"": 0, ""C06"": 1680, ""C07"": 0, ""C08"": 0, ""C09"": 0, ""C10"": 0, ""C11"": 0, ""C12"": 0, ""C13"": 0, ""C14"": 0, ""C15"": 0}","{""C01"": 0.025217532085876668, ""C02"": 0.025217532085876668, ""C03"": 0.025217532085876668, ""C04"": 0.025217532085876668, ""C05"": 0.025217532085876668, ""C06"": 0.0242458240761035, ""C07"": 0.025217532085876668, ""C08"": 0.025217532085876668, ""C09"": 0.025217532085876668, ""C10"": 0.025217532085876668, ""C11"": 0.025217532085876668, ""C12"": 0.025217532085876668, ""C13"": 0.025217532085876668, ""C14"": 0.025217532085876668, ""C15"": 0.025216973243308904}"
25,25,1,159,0.557359,15,"{""C01"": 1.587054, ""C02"": 1.776005, ""C03"": 1.719474, ""C04"": 1.701087, ""C05"": 1.430701, ""C06"": 1.870881, ""C07"": 1.716827, ""C08"": 1.681214, ""C09"": 1.693285, ""C10"": 1.531197, ""C11"": 1.467243, ""C12"": 1.730268, ""C13"": 1.680237, ""C14"": 1.602744, ""C15"": 1.775732}","{""C01"": 0, ""C02"": 0, ""C03"": 0, ""C04"": 0, ""C05"": 0, ""C06"": 1686, ""C07"": 0, ""C08"": 0, ""C09"": 0, ""C10"": 0, ""C11"": 0, ""C12"": 0, ""C13"": 0, ""C14"": 0, ""C15"": 0}","{""C01"": 0.025214086438855005, ""C02"": 0.025214086438855005, ""C03"": 0.025214086438855005, ""C04"": 0.025214086438855005, ""C05"": 0.025214086438855005, ""C06"": 0.02423889258573081, ""C07"": 0.025214086438855005, ""C08"": 0.025214086438855005, ""C09"": 0.025214086438855005, ""C10"": 0.025214086438855005, ""C11"": 0.025214086438855005, ""C12"": 0.025214086438855005, ""C13"": 0.025214086438855005, ""C14"": 0.025214086438855005, ""C15"": 0.025214086438855005}"
26,26,1,240,0.837916,15,"{""C01"": 1.581702, ""C02"": 1.798475, ""C03"": 1.68439, ""C04"": 1.714456, ""C05"": 1.444655, ""C06"": 1.884369, ""C07"": 1.663377, ""C08"": 1.672112, ""C09"": 1.673263, ""C10"": 1.558881, ""C11"": 1.503184, ""C12"": 1.739709, ""C13"": 1.682091, ""C14"": 1.650075, ""C15"": 1.825834}","{""C01"": 0, ""C02"": 0, ""C03"": 0, ""C04"": 0, ""C05"": 0, ""C06"": 1680, ""C07"": 0, ""C08"": 0, ""C09"": 0, ""C10"": 0, ""C11"": 0, ""C12"": 0, ""C13"": 0, ""C14"": 0, ""C15"": 1}","{""C01"": 0.025218783512503992, ""C02"": 0.025218783512503992, ""C03"": 0.025218783512503992, ""C04"": 0.025218783512503992, ""C05"": 0.025218783512503992, ""C06"": 0.02424706620578347, ""C07"": 0.025218783512503992, ""C08"": 0.025218783512503992, ""C09"": 0.025218783512503992, ""C10"": 0.025218783512503992, ""C11"": 0.025218783512503992, ""C12"": 0.025218783512503992, ""C13"": 0.025218783512503992, ""C14"": 0.025218783512503992, ""C15"": 0.025217647529513734}"
1,1,1,1524,6.113359,15,"{""C01"": 1.452761, ""C02"": 1.647307, ""C03"": 1.595779, ""C04"": 1.609857, ""C05"": 1.309651, ""C06"": 1.7112, ""C07"": 1.529866, ""C08"": 1.535494, ""C09"": 1.545339, ""C10"": 1.490027, ""C11"": 1.382104, ""C12"": 1.605923, ""C13"": 1.521092, ""C14"": 1.484694, ""C15"": 1.718751}","{""C01"": 0, ""C02"": 0, ""C03"": 0, ""C04"": 0, ""C05"": 0, ""C06"": 0, ""C07"": 0, ""C08"": 0, ""C09"": 0, ""C10"": 0, ""C11"": 0, ""C12"": 0, ""C13"": 0, ""C14"": 0, ""C15"": 1738}","{""C01"": 0.025160933796796348, ""C02"": 0.025160933796796348, ""C03"": 0.025160933796796348, ""C04"": 0.025160933796796348, ""C05"": 0.025160933796796348, ""C06"": 0.025160933796796348, ""C07"": 0.025160933796796348, ""C08"": 0.025160933796796348, ""C09"": 0.025160933796796348, ""C10"": 0.025160933796796348, ""C11"": 0.025160933796796348, ""C12"": 0.025160933796796348, ""C13"": 0.025160933796796348, ""C14"": 0.025160933796796348, ""C15"": 0.02415443144215761}"
2,2,1,99,0.343184,15,"{""C01"": 1.46547, ""C02"": 1.654449, ""C03"": 1.59614, ""C04"": 1.609623, ""C05"": 1.350688, ""C06"": 1.765728, ""C07"": 1.593968, ""C08"": 1.559309, ""C09"": 1.530848, ""C10"": 1.453279, ""C11"": 1.399266, ""C12"": 1.682308, ""C13"": 1.572769, ""C14"": 1.494584, ""C15"": 1.762449}","{""C01"": 0, ""C02"": 0, ""C03"": 0, ""C04"": 0, ""C05"": 0, ""C06"": 883, ""C07"": 0, ""C08"": 0, ""C09"": 0, ""C10"": 0, ""C11"": 0, ""C12"": 0, ""C13"": 0, ""C14"": 0, ""C15"": 842}","{""C01"": 0.02517959772559493, ""C02"": 0.02517959772559493, ""C03"": 0.02517959772559493, ""C04"": 0.02517959772559493, ""C05"": 0.02517959772559493, ""C06"": 0.02466824125480087, ""C07"": 0.02517959772559493, ""C08"": 0.02517959772559493, ""C09"": 0.02517959772559493, ""C10"": 0.02517959772559493, ""C11"": 0.02517959772559493, ""C12"": 0.02517959772559493, ""C13"": 0.02517959772559493, ""C14"": 0.02517959772559493, ""C15"": 0.024691981484373144}"
3,3,1,169,0.623385,15,"{""C01"": 1.464076, ""C02"": 1.699544, ""C03"": 1.656857, ""C04"": 1.627574, ""C05"": 1.356785, ""C06"": 1.817279, ""C07"": 1.635244, ""C08"": 1.591753, ""C09"": 1.580458, ""C10"": 1.496836, ""C11"": 1.397984, ""C12"": 1.669753, ""C13"": 1.6089, ""C14"": 1.563213, ""C15"": 1.727528}","{""C01"": 0, ""C02"": 0, ""C03"": 0, ""C04"": 0, ""C05"": 0, ""C06"": 1708, ""C07"": 0, ""C08"": 0, ""C09"": 0, ""C10"": 0, ""C11"": 0, ""C12"": 0, ""C13"": 0, ""C14"": 0, ""C15"": 0}","{""C01"": 0.02519932553197146, ""C02"": 0.02519932553197146, ""C03"": 0.02519932553197146, ""C04"": 0.02519932553197146, ""C05"": 0.02519932553197146, ""C06"": 0.024210196432358954, ""C07"": 0.02519932553197146, ""C08"": 0.02519932553197146, ""C09"": 0.02519932553197146, ""C10"": 0.02519932553197146, ""C11"": 0.02519932553197146, ""C12"": 0.02519932553197146, ""C13"": 0.02519932553197146, ""C14"": 0.02519932553197146, ""C15"": 0.02519932553197146}"
4,4,1,235,0.820633,15,"{""C01"": 1.515581, ""C02"": 1.700728, ""C03"": 1.658834, ""C04"": 1.626659, ""C05"": 1.38765, ""C06"": 1.820274, ""C07"": 1.603577, ""C08"": 1.591804, ""C09"": 1.622808, ""C10"": 1.48121, ""C11"": 1.423856, ""C12"": 1.717906, ""C13"": 1.586253, ""C14"": 1.549498, ""C15"": 1.758607}","{""C01"": 0, ""C02"": 0, ""C03"": 0, ""C04"": 0, ""C05"": 0, ""C06"": 1707, ""C07"": 0, ""C08"": 0, ""C09"": 0, ""C10"": 0, ""C11"": 0, ""C12"": 0, ""C13"": 0, ""C14"": 0, ""C15"": 0}","{""C01"": 0.02520037875265896, ""C02"": 0.02520037875265896, ""C03"": 0.02520037875265896, ""C04"": 0.02520037875265896, ""C05"": 0.02520037875265896, ""C06"": 0.024211829002331733, ""C07"": 0.02520037875265896, ""C08"": 0.02520037875265896, ""C09"": 0.02520037875265896, ""C10"": 0.02520037875265896, ""C11"": 0.02520037875265896, ""C12"": 0.02520037875265896, ""C13"": 0.02520037875265896, ""C14"": 0.02520037875265896, ""C15"": 0.02520037875265896}"
5,5,1,464,1.661674,15,"{""C01"": 1.535144, ""C02"": 1.721754, ""C03"": 1.657319, ""C04"": 1.663467, ""C05"": 1.417661, ""C06"": 1.81215, ""C07"": 1.652116, ""C08"": 1.592256, ""C09"": 1.640764, ""C10"": 1.544384, ""C11"": 1.440616, ""C12"": 1.708213, ""C13"": 1.628682, ""C14"": 1.570322, ""C15"": 1.784766}","{""C01"": 0, ""C02"": 0, ""C03"": 0, ""C04"": 0, ""C05"": 0, ""C06"": 1709, ""C07"": 0, ""C08"": 0, ""C09"": 0, ""C10"": 0, ""C11"": 0, ""C12"": 0, ""C13"": 0, ""C14"": 0, ""C15"": 0}","{""C01"": 0.025197099376956758, ""C02"": 0.025197099376956758, ""C03"": 0.025197099376956758, ""C04"": 0.025197099376956758, ""C05"": 0.025197099376956758, ""C06"": 0.024207392181111384, ""C07"": 0.025197099376956758, ""C08"": 0.025197099376956758, ""C09"": 0.025197099376956758, ""C10"": 0.025197099376956758, ""C11"": 0.025197099376956758, ""C12"": 0.025197099376956758, ""C13"": 0.025197099376956758, ""C14"": 0.025197099376956758, ""C15"": 0.025197099376956758}"
6,6,1,106,0.367277,15,"{""C01"": 1.524145, ""C02"": 1.743344, ""C03"": 1.687827, ""C04"": 1.718964, ""C05"": 1.414805, ""C06"": 1.836265, ""C07"": 1.669595, ""C08"": 1.591946, ""C09"": 1.625756, ""C10"": 1.560116, ""C11"": 1.453387, ""C12"": 1.753269, ""C13"": 1.617567, ""C14"": 1.591957, ""C15"": 1.829575}","{""C01"": 0, ""C02"": 0, ""C03"": 0, ""C04"": 0, ""C05"": 0, ""C06"": 893, ""C07"": 0, ""C08"": 0, ""C09"": 0, ""C10"": 0, ""C11"": 0, ""C12"": 0, ""C13"": 0, ""C14"": 0, ""C15"": 812}","{""C01"": 0.025206164138844453, ""C02"": 0.025206164138844453, ""C03"": 0.025206164138844453, ""C04"": 0.025206164138844453, ""C05"": 0.025206164138844453, ""C06"": 0.024689017130379284, ""C07"": 0.025206164138844453, ""C08"": 0.025206164138844453, ""C09"": 0.025206164138844453, ""C10"": 0.025206164138844453, ""C11"": 0.025206164138844453, ""C12"": 0.025206164138844453, ""C13"": 0.025206164138844453, ""C14"": 0.025206164138844453, ""C15"": 0.02473592017819002}"
7,7,1,584,2.098752,15,"{""C01"": 1.546136, ""C02"": 1.750767, ""C03"": 1.692394, ""C04"": 1.695005, ""C05"": 1.421525, ""C06"": 1.837213, ""C07"": 1.67838, ""C08"": 1.63192, ""C09"": 1.673179, ""C10"": 1.521556, ""C11"": 1.48072, ""C12"": 1.741534, ""C13"": 1.646823, ""C14"": 1.622408, ""C15"": 1.813745}","{""C01"": 0, ""C02"": 0, ""C03"": 0, ""C04"": 0, ""C05"": 0, ""C06"": 1702, ""C07"": 0, ""C08"": 0, ""C09"": 0, ""C10"": 0, ""C11"": 0, ""C12"": 0, ""C13"": 0, ""C14"": 0, ""C15"": 0}","{""C01"": 0.025206650682916235, ""C02"": 0.025206650682916235, ""C03"": 0.025206650682916235, ""C04"": 0.025206650682916235, ""C05"": 0.025206650682916235, ""C06"": 0.024220996603042926, ""C07"": 0.025206650682916235, ""C08"": 0.025206650682916235, ""C09"": 0.025206650682916235, ""C10"": 0.025206650682916235, ""C11"": 0.025206650682916235, ""C12"": 0.025206650682916235, ""C13"": 0.025206650682916235, ""C14"": 0.025206650682916235, ""C15"": 0.025206650682916235}"
8,8,1,206,0.893006,15,"{""C01"": 1.582138, ""C02"": 1.722103, ""C03"": 1.702726, ""C04"": 1.704169, ""C05"": 1.455409, ""C06"": 1.905248, ""C07"": 1.700602, ""C08"": 1.651505, ""C09"": 1.661548, ""C10"": 1.556116, ""C11"": 1.491036, ""C12"": 1.729152, ""C13"": 1.674589, ""C14"": 1.565802, ""C15"": 1.832101}","{""C01"": 0, ""C02"": 0, ""C03"": 0, ""C04"": 0, ""C05"": 0, ""C06"": 1683, ""C07"": 0, ""C08"": 0, ""C09"": 0, ""C10"": 0, ""C11"": 0, ""C12"": 0, ""C13"": 0, ""C14"": 0, ""C15"": 0}","{""C01"": 0.025231380686897315, ""C02"": 0.025231380686897315, ""C03"": 0.025231380686897315, ""C04"": 0.025231380686897315, ""C05"": 0.025231380686897315, ""C06"": 0.02425672916653496, ""C07"": 0.025231380686897315, ""C08"": 0.025231380686897315, ""C09"": 0.025231380686897315, ""C10"": 0.025231380686897315, ""C11"": 0.025231380686897315, ""C12"": 0.025231380686897315, ""C13"": 0.025231380686897315, ""C14"": 0.025231380686897315, ""C15"": 0.025231380686897315}"
9,9,1,333,2.013084,15,"{""C01"": 1.571177, ""C02"": 1.801652, ""C03"": 1.704468, ""C04"": 1.720295, ""C05"": 1.455079, ""C06"": 1.862617, ""C07"": 1.68971, ""C08"": 1.640499, ""C09"": 1.666707, ""C10"": 1.577345, ""C11"": 1.47749, ""C12"": 1.765238, ""C13"": 1.68333, ""C14"": 1.620739, ""C15"": 1.82131}","{""C01"": 0, ""C02"": 0, ""C03"": 0, ""C04"": 0, ""C05"": 0, ""C06"": 1695, ""C07"": 0, ""C08"": 0, ""C09"": 0, ""C10"": 0, ""C11"": 0, ""C12"": 0, ""C13"": 0, ""C14"": 0, ""C15"": 0}","{""C01"": 0.025216140368512024, ""C02"": 0.025216140368512024, ""C03"": 0.025216140368512024, ""C04"": 0.025216140368512024, ""C05"": 0.025216140368512024, ""C06"": 0.02423453946050278, ""C07"": 0.025216140368512024, ""C08"": 0.025216140368512024, ""C09"": 0.025216140368512024, ""C10"": 0.025216140368512024, ""C11"": 0.025216140368512024, ""C12"": 0.025216140368512024, ""C13"": 0.025216140368512024, ""C14"": 0.025216140368512024, ""C15"": 0.025216140368512024}"
10,10,1,459,2.471071,15,"{""C01"": 1.561059, ""C02"": 1.76184, ""C03"": 1.710703, ""C04"": 1.704573, ""C05"": 1.453055, ""C06"": 1.882482, ""C07"": 1.689487, ""C08"": 1.679695, ""C09"": 1.687102, ""C10"": 1.571485, ""C11"": 1.502659, ""C12"": 1.758638, ""C13"": 1.662335, ""C14"": 1.627067, ""C15"": 1.85621}","{""C01"": 0, ""C02"": 0, ""C03"": 0, ""C04"": 0, ""C05"": 0, ""C06"": 1689, ""C07"": 0, ""C08"": 0, ""C09"": 0, ""C10"": 0, ""C11"": 0, ""C12"": 0, ""C13"": 0, ""C14"": 0, ""C15"": 0}","{""C01"": 0.0252230868760535, ""C02"": 0.0252230868760535, ""C03"": 0.0252230868760535, ""C04"": 0.0252230868760535, ""C05"": 0.0252230868760535, ""C06"": 0.024244961392347046, ""C07"": 0.0252230868760535, ""C08"": 0.0252230868760535, ""C09"": 0.0252230868760535, ""C10"": 0.0252230868760535, ""C11"": 0.0252230868760535, ""C12"": 0.0252230868760535, ""C13"": 0.0252230868760535, ""C14"": 0.0252230868760535, ""C15"": 0.0252230868760535}"
11,11,1,295,1.103026,15,"{""C01"": 1.573881, ""C02"": 1.767308, ""C03"": 1.717202, ""C04"": 1.704829, ""C05"": 1.461375, ""C06"": 1.907423, ""C07"": 1.680263, ""C08"": 1.654415, ""C09"": 1.695133, ""C10"": 1.564407, ""C11"": 1.459864, ""C12"": 1.771111, ""C13"": 1.698764, ""C14"": 1.662114, ""C15"": 1.854041}","{""C01"": 0, ""C02"": 0, ""C03"": 0, ""C04"": 0, ""C05"": 0, ""C06"": 1682, ""C07"": 0, ""C08"": 0, ""C09"": 0, ""C10"": 0, ""C11"": 0, ""C12"": 0, ""C13"": 0, ""C14"": 0, ""C15"": 0}","{""C01"": 0.025231915276592742, ""C02"": 0.025231915276592742, ""C03"": 0.025231915276592742, ""C04"": 0.025231915276592742, ""C05"": 0.025231915276592742, ""C06"": 0.02425784367074295, ""C07"": 0.025231915276592742, ""C08"": 0.025231915276592742, ""C09"": 0.025231915276592742, ""C10"": 0.025231915276592742, ""C11"": 0.025231915276592742, ""C12"": 0.025231915276592742, ""C13"": 0.025231915276592742, ""C14"": 0.025231915276592742, ""C15"": 0.025231915276592742}"
12,12,1,403,1.500953,15,"{""C01"": 1.572296, ""C02"": 1.83042, ""C03"": 1.697827, ""C04"": 1.673399, ""C05"": 1.457753, ""C06"": 1.885346, ""C07"": 1.663616, ""C08"": 1.656198, ""C09"": 1.675857, ""C10"": 1.563746, ""C11"": 1.465313, ""C12"": 1.779696, ""C13"": 1.638135, ""C14"": 1.617672, ""C15"": 1.84808}","{""C01"": 0, ""C02"": 0, ""C03"": 0, ""C04"": 0, ""C05"": 0, ""C06"": 1688, ""C07"": 0, ""C08"": 0, ""C09"": 0, ""C10"": 0, ""C11"": 0, ""C12"": 0, ""C13"": 0, ""C14"": 0, ""C15"": 0}","{""C01"": 0.025223997961531477, ""C02"": 0.025223997961531477, ""C03"": 0.025223997961531477, ""C04"": 0.025223997961531477, ""C05"": 0.025223997961531477, ""C06"": 0.024246451982537724, ""C07"": 0.025223997961531477, ""C08"": 0.025223997961531477, ""C09"": 0.025223997961531477, ""C10"": 0.025223997961531477, ""C11"": 0.025223997961531477, ""C12"": 0.025223997961531477, ""C13"": 0.025223997961531477, ""C14"": 0.025223997961531477, ""C15"": 0.025223997961531477}"
13,13,1,449,1.654597,15,"{""C01"": 1.616058, ""C02"": 1.790856, ""C03"": 1.733791, ""C04"": 1.674398, ""C05"": 1.433572, ""C06"": 1.873786, ""C07"": 1.713068, ""C08"": 1.66554, ""C09"": 1.691838, ""C10"": 1.546914, ""C11"": 1.490707, ""C12"": 1.790345, ""C13"": 1.675988, ""C14"": 1.660909, ""C15"": 1.843198}","{""C01"": 0, ""C02"": 0, ""C03"": 0, ""C04"": 0, ""C05"": 0, ""C06"": 1692, ""C07"": 0, ""C08"": 0, ""C09"": 0, ""C10"": 0, ""C11"": 0, ""C12"": 0, ""C13"": 0, ""C14"": 0, ""C15"": 0}","{""C01"": 0.02522028097586272, ""C02"": 0.02522028097586272, ""C03"": 0.02522028097586272, ""C04"": 0.02522028097586272, ""C05"": 0.02522028097586272, ""C06"": 0.024240417058954883, ""C07"": 0.02522028097586272, ""C08"": 0.02522028097586272, ""C09"": 0.02522028097586272, ""C10"": 0.02522028097586272, ""C11"": 0.02522028097586272, ""C12"": 0.02522028097586272, ""C13"": 0.02522028097586272, ""C14"": 0.02522028097586272, ""C15"": 0.02522028097586272}"
14,14,1,171,0.618983,15,"{""C01"": 1.601512, ""C02"": 1.782315, ""C03"": 1.717832, ""C04"": 1.703589, ""C05"": 1.462034, ""C06"": 1.917311, ""C07"": 1.710478, ""C08"": 1.645095, ""C09"": 1.698534, ""C10"": 1.585983, ""C11"": 1.464816, ""C12"": 1.765923, ""C13"": 1.709216, ""C14"": 1.636977, ""C15"": 1.824851}","{""C01"": 0, ""C02"": 0, ""C03"": 0, ""C04"": 0, ""C05"": 0, ""C06"": 1679, ""C07"": 0, ""C08"": 0, ""C09"": 0, ""C10"": 0, ""C11"": 0, ""C12"": 0, ""C13"": 0, ""C14"": 0, ""C15"": 0}","{""C01"": 0.025235223423048056, ""C02"": 0.025235223423048056, ""C03"": 0.025235223423048056, ""C04"": 0.025235223423048056, ""C05"": 0.025235223423048056, ""C06"": 0.024262889710149303, ""C07"": 0.025235223423048056, ""C08"": 0.025235223423048056, ""C09"": 0.025235223423048056, ""C10"": 0.025235223423048056, ""C11"": 0.025235223423048056, ""C12"": 0.025235223423048056, ""C13"": 0.025235223423048056, ""C14"": 0.025235223423048056, ""C15"": 0.025235223423048056}"
15,15,1,360,1.300044,15,"{""C01"": 1.566275, ""C02"": 1.815507, ""C03"": 1.737848, ""C04"": 1.682099, ""C05"": 1.449385, ""C06"": 1.87497, ""C07"": 1.702129, ""C08"": 1.637216, ""C09"": 1.66434, ""C10"": 1.556579, ""C11"": 1.481493, ""C12"": 1.78469, ""C13"": 1.680954, ""C14"": 1.617863, ""C15"": 1.83519}","{""C01"": 0, ""C02"": 0, ""C03"": 0, ""C04"": 0, ""C05"": 0, ""C06"": 1691, ""C07"": 0, ""C08"": 0, ""C09"": 0, ""C10"": 0, ""C11"": 0, ""C12"": 0, ""C13"": 0, ""C14"": 0, ""C15"": 0}","{""C01"": 0.02522032078306538, ""C02"": 0.02522032078306538, ""C03"": 0.02522032078306538, ""C04"": 0.02522032078306538, ""C05"": 0.02522032078306538, ""C06"": 0.02424103731123078, ""C07"": 0.02522032078306538, ""C08"": 0.02522032078306538, ""C09"": 0.02522032078306538, ""C10"": 0.02522032078306538, ""C11"": 0.02522032078306538, ""C12"": 0.02522032078306538, ""C13"": 0.02522032078306538, ""C14"": 0.02522032078306538, ""C15"": 0.02522032078306538}"
16,16,1,485,1.752151,15,"{""C01"": 1.574973, ""C02"": 1.778213, ""C03"": 1.736949, ""C04"": 1.687241, ""C05"": 1.445524, ""C06"": 1.841435, ""C07"": 1.669115, ""C08"": 1.654885, ""C09"": 1.664735, ""C10"": 1.53975, ""C11"": 1.500524, ""C12"": 1.770773, ""C13"": 1.649419, ""C14"": 1.597344, ""C15"": 1.816565}","{""C01"": 0, ""C02"": 0, ""C03"": 0, ""C04"": 0, ""C05"": 0, ""C06"": 1701, ""C07"": 0, ""C08"": 0, ""C09"": 0, ""C10"": 0, ""C11"": 0, ""C12"": 0, ""C13"": 0, ""C14"": 0, ""C15"": 0}","{""C01"": 0.02520833979064896, ""C02"": 0.02520833979064896, ""C03"": 0.02520833979064896, ""C04"": 0.02520833979064896, ""C05"": 0.02520833979064896, ""C06"": 0.02422326437793449, ""C07"": 0.02520833979064896, ""C08"": 0.02520833979064896, ""C09"": 0.02520833979064896, ""C10"": 0.02520833979064896, ""C11"": 0.02520833979064896, ""C12"": 0.02520833979064896, ""C13"": 0.02520833979064896, ""C14"": 0.02520833979064896, ""C15"": 0.02520833979064896}"
17,17,1,232,0.841375,15,"{""C01"": 1.5978, ""C02"": 1.770201, ""C03"": 1.700288, ""C04"": 1.708303, ""C05"": 1.418208, ""C06"": 1.851685, ""C07"": 1.689475, ""C08"": 1.653234, ""C09"": 1.693579, ""C10"": 1.54, ""C11"": 1.517693, ""C12"": 1.77402, ""C13"": 1.653484, ""C14"": 1.603647, ""C15"": 1.787201}","{""C01"": 0, ""C02"": 0, ""C03"": 0, ""C04"": 0, ""C05"": 0, ""C06"": 1698, ""C07"": 0, ""C08"": 0, ""C09"": 0, ""C10"": 0, ""C11"": 0, ""C12"": 0, ""C13"": 0, ""C14"": 0, ""C15"": 0}","{""C01"": 0.025212079541268348, ""C02"": 0.025212079541268348, ""C03"": 0.025212079541268348, ""C04"": 0.025212079541268348, ""C05"": 0.025212079541268348, ""C06"": 0.024228741554176744, ""C07"": 0.025212079541268348, ""C08"": 0.025212079541268348, ""C09"": 0.025212079541268348, ""C10"": 0.025212079541268348, ""C11"": 0.025212079541268348, ""C12"": 0.025212079541268348, ""C13"": 0.025212079541268348, ""C14"": 0.025212079541268348, ""C15"": 0.025212079541268348}"
18,18,1,234,0.852260,15,"{""C01"": 1.608947, ""C02"": 1.766447, ""C03"": 1.714282, ""C04"": 1.707145, ""C05"": 1.457619, ""C06"": 1.902844, ""C07"": 1.685564, ""C08"": 1.606207, ""C09"": 1.656122, ""C10"": 1.52632, ""C11"": 1.462222, ""C12"": 1.764785, ""C13"": 1.687657, ""C14"": 1.634349, ""C15"": 1.838297}","{""C01"": 0, ""C02"": 0, ""C03"": 0, ""C04"": 0, ""C05"": 0, ""C06"": 1683, ""C07"": 0, ""C08"": 0, ""C09"": 0, ""C10"": 0, ""C11"": 0, ""C12"": 0, ""C13"": 0, ""C14"": 0, ""C15"": 0}","{""C01"": 0.025230145295215237, ""C02"": 0.025230145295215237, ""C03"": 0.025230145295215237, ""C04"": 0.025230145295215237, ""C05"": 0.025230145295215237, ""C06"": 0.024255495116855184, ""C07"": 0.025230145295215237, ""C08"": 0.025230145295215237, ""C09"": 0.025230145295215237, ""C10"": 0.025230145295215237, ""C11"": 0.025230145295215237, ""C12"": 0.025230145295215237, ""C13"": 0.025230145295215237, ""C14"": 0.025230145295215237, ""C15"": 0.025230145295215237}"
19,19,1,191,0.689607,15,"{""C01"": 1.577154, ""C02"": 1.779713, ""C03"": 1.691392, ""C04"": 1.669565, ""C05"": 1.427949, ""C06"": 1.888042, ""C07"": 1.692364, ""C08"": 1.646272, ""C09"": 1.702862, ""C10"": 1.538111, ""C11"": 1.498717, ""C12"": 1.784347, ""C13"": 1.663905, ""C14"": 1.634234, ""C15"": 1.807471}","{""C01"": 0, ""C02"": 0, ""C03"": 0, ""C04"": 0, ""C05"": 0, ""C06"": 1687, ""C07"": 0, ""C08"": 0, ""C09"": 0, ""C10"": 0, ""C11"": 0, ""C12"": 0, ""C13"": 0, ""C14"": 0, ""C15"": 0}","{""C01"": 0.025224818749878183, ""C02"": 0.025224818749878183, ""C03"": 0.025224818749878183, ""C04"": 0.025224818749878183, ""C05"": 0.025224818749878183, ""C06"": 0.024247852373842083, ""C07"": 0.025224818749878183, ""C08"": 0.025224818749878183, ""C09"": 0.025224818749878183, ""C10"": 0.025224818749878183, ""C11"": 0.025224818749878183, ""C12"": 0.025224818749878183, ""C13"": 0.025224818749878183, ""C14"": 0.025224818749878183, ""C15"": 0.025224818749878183}"
20,20,1,230,0.838953,15,"{""C01"": 1.563813, ""C02"": 1.754736, ""C03"": 1.73717, ""C04"": 1.719378, ""C05"": 1.416535, ""C06"": 1.879349, ""C07"": 1.69048, ""C08"": 1.68435, ""C09"": 1.633271, ""C10"": 1.558554, ""C11"": 1.456259, ""C12"": 1.749845, ""C13"": 1.673669, ""C14"": 1.637142, ""C15"": 1.812868}","{""C01"": 0, ""C02"": 0, ""C03"": 0, ""C04"": 0, ""C05"": 0, ""C06"": 1690, ""C07"": 0, ""C08"": 0, ""C09"": 0, ""C10"": 0, ""C11"": 0, ""C12"": 0, ""C13"": 0, ""C14"": 0, ""C15"": 0}","{""C01"": 0.025222032174902334, ""C02"": 0.025222032174902334, ""C03"": 0.025222032174902334, ""C04"": 0.025222032174902334, ""C05"": 0.025222032174902334, ""C06"": 0.024243327342197786, ""C07"": 0.025222032174902334, ""C08"": 0.025222032174902334, ""C09"": 0.025222032174902334, ""C10"": 0.025222032174902334, ""C11"": 0.025222032174902334, ""C12"": 0.025222032174902334, ""C13"": 0.025222032174902334, ""C14"": 0.025222032174902334, ""C15"": 0.025222032174902334}"
21,21,1,318,1.152047,15,"{""C01"": 1.596699, ""C02"": 1.736116, ""C03"": 1.703037, ""C04"": 1.688113, ""C05"": 1.423322, ""C06"": 1.858213, ""C07"": 1.623859, ""C08"": 1.647155, ""C09"": 1.667302, ""C10"": 1.521366, ""C11"": 1.472925, ""C12"": 1.770436, ""C13"": 1.65875, ""C14"": 1.637166, ""C15"": 1.816208}","{""C01"": 0, ""C02"": 0, ""C03"": 0, ""C04"": 0, ""C05"": 0, ""C06"": 1696, ""C07"": 0, ""C08"": 0, ""C09"": 0, ""C10"": 0, ""C11"": 0, ""C12"": 0, ""C13"": 0, ""C14"": 0, ""C15"": 0}","{""C01"": 0.025214388610498503, ""C02"": 0.025214388610498503, ""C03"": 0.025214388610498503, ""C04"": 0.025214388610498503, ""C05"": 0.025214388610498503, ""C06"": 0.02423220910519999, ""C07"": 0.025214388610498503, ""C08"": 0.025214388610498503, ""C09"": 0.025214388610498503, ""C10"": 0.025214388610498503, ""C11"": 0.025214388610498503, ""C12"": 0.025214388610498503, ""C13"": 0.025214388610498503, ""C14"": 0.025214388610498503, ""C15"": 0.025214388610498503}"
22,22,1,835,3.086772,15,"{""C01"": 1.61069, ""C02"": 1.79951, ""C03"": 1.71173, ""C04"": 1.703388, ""C05"": 1.433829, ""C06"": 1.837145, ""C07"": 1.667459, ""C08"": 1.612528, ""C09"": 1.661838, ""C10"": 1.523844, ""C11"": 1.503199, ""C12"": 1.75201, ""C13"": 1.685889, ""C14"": 1.615604, ""C15"": 1.818342}","{""C01"": 0, ""C02"": 0, ""C03"": 0, ""C04"": 0, ""C05"": 0, ""C06"": 1702, ""C07"": 0, ""C08"": 0, ""C09"": 0, ""C10"": 0, ""C11"": 0, ""C12"": 0, ""C13"": 0, ""C14"": 0, ""C15"": 0}","{""C01"": 0.025206614057860954, ""C02"": 0.025206614057860954, ""C03"": 0.025206614057860954, ""C04"": 0.025206614057860954, ""C05"": 0.025206614057860954, ""C06"": 0.02422096001728492, ""C07"": 0.025206614057860954, ""C08"": 0.025206614057860954, ""C09"": 0.025206614057860954, ""C10"": 0.025206614057860954, ""C11"": 0.025206614057860954, ""C12"": 0.025206614057860954, ""C13"": 0.025206614057860954, ""C14"": 0.025206614057860954, ""C15"": 0.025206614057860954}"
23,23,1,314,1.086604,15,"{""C01"": 1.552211, ""C02"": 1.745057, ""C03"": 1.727413, ""C04"": 1.69706, ""C05"": 1.427224, ""C06"": 1.849884, ""C07"": 1.673824, ""C08"": 1.649326, ""C09"": 1.64163, ""C10"": 1.516861, ""C11"": 1.471719, ""C12"": 1.752124, ""C13"": 1.678186, ""C14"": 1.652177, ""C15"": 1.80562}","{""C01"": 0, ""C02"": 0, ""C03"": 0, ""C04"": 0, ""C05"": 0, ""C06"": 1698, ""C07"": 0, ""C08"": 0, ""C09"": 0, ""C10"": 0, ""C11"": 0, ""C12"": 0, ""C13"": 0, ""C14"": 0, ""C15"": 0}","{""C01"": 0.025211118857212167, ""C02"": 0.025211118857212167, ""C03"": 0.025211118857212167, ""C04"": 0.025211118857212167, ""C05"": 0.025211118857212167, ""C06"": 0.024227781903567558, ""C07"": 0.025211118857212167, ""C08"": 0.025211118857212167, ""C09"": 0.025211118857212167, ""C10"": 0.025211118857212167, ""C11"": 0.025211118857212167, ""C12"": 0.025211118857212167, ""C13"": 0.025211118857212167, ""C14"": 0.025211118857212167, ""C15"": 0.025211118857212167}"
24,24,1,173,0.591103,15,"{""C01"": 1.570495, ""C02"": 1.791601, ""C03"": 1.703551, ""C04"": 1.70336, ""C05"": 1.427623, ""C06"": 1.883079, ""C07"": 1.696663, ""C08"": 1.672397, ""C09"": 1.651263, ""C10"": 1.562235, ""C11"": 1.474818, ""C12"": 1.755464, ""C13"": 1.668948, ""C14"": 1.620229, ""C15"": 1.793865}","{""C01"": 0, ""C02"": 0, ""C03"": 0, ""C04"": 0, ""C05"": 0, ""C06"": 1689, ""C07"": 0, ""C08"": 0, ""C09"": 0, ""C10"": 0, ""C11"": 0, ""C12"": 0, ""C13"": 0, ""C14"": 0, ""C15"": 0}","{""C01"": 0.02522339822506449, ""C02"": 0.02522339822506449, ""C03"": 0.02522339822506449, ""C04"": 0.02522339822506449, ""C05"": 0.02522339822506449, ""C06"": 0.024245272404459943, ""C07"": 0.02522339822506449, ""C08"": 0.02522339822506449, ""C09"": 0.02522339822506449, ""C10"": 0.02522339822506449, ""C11"": 0.02522339822506449, ""C12"": 0.02522339822506449, ""C13"": 0.02522339822506449, ""C14"": 0.02522339822506449, ""C15"": 0.02522339822506449}"
25,25,1,165,0.591489,15,"{""C01"": 1.587054, ""C02"": 1.776005, ""C03"": 1.719474, ""C04"": 1.701087, ""C05"": 1.430701, ""C06"": 1.870881, ""C07"": 1.716827, ""C08"": 1.681214, ""C09"": 1.693285, ""C10"": 1.531197, ""C11"": 1.467243, ""C12"": 1.730268, ""C13"": 1.680237, ""C14"": 1.602744, ""C15"": 1.775732}","{""C01"": 0, ""C02"": 0, ""C03"": 0, ""C04"": 0, ""C05"": 0, ""C06"": 1692, ""C07"": 0, ""C08"": 0, ""C09"": 0, ""C10"": 0, ""C11"": 0, ""C12"": 0, ""C13"": 0, ""C14"": 0, ""C15"": 0}","{""C01"": 0.02521875485449794, ""C02"": 0.02521875485449794, ""C03"": 0.02521875485449794, ""C04"": 0.02521875485449794, ""C05"": 0.02521875485449794, ""C06"": 0.02423889258573081, ""C07"": 0.02521875485449794, ""C08"": 0.02521875485449794, ""C09"": 0.02521875485449794, ""C10"": 0.02521875485449794, ""C11"": 0.02521875485449794, ""C12"": 0.02521875485449794, ""C13"": 0.02521875485449794, ""C14"": 0.02521875485449794, ""C15"": 0.02521875485449794}"
26,26,1,248,0.857222,15,"{""C01"": 1.581702, ""C02"": 1.798475, ""C03"": 1.68439, ""C04"": 1.714456, ""C05"": 1.444655, ""C06"": 1.884369, ""C07"": 1.663377, ""C08"": 1.672112, ""C09"": 1.673263, ""C10"": 1.558881, ""C11"": 1.503184, ""C12"": 1.739709, ""C13"": 1.682091, ""C14"": 1.650075, ""C15"": 1.825834}","{""C01"": 0, ""C02"": 0, ""C03"": 0, ""C04"": 0, ""C05"": 0, ""C06"": 1689, ""C07"": 0, ""C08"": 0, ""C09"": 0, ""C10"": 0, ""C11"": 0, ""C12"": 0, ""C13"": 0, ""C14"": 0, ""C15"": 0}","{""C01"": 0.02522407049816576, ""C02"": 0.02522407049816576, ""C03"": 0.02522407049816576, ""C04"": 0.02522407049816576, ""C05"": 0.02522407049816576, ""C06"": 0.024245943950104785, ""C07"": 0.02522407049816576, ""C08"": 0.02522407049816576, ""C09"": 0.02522407049816576, ""C10"": 0.02522407049816576, ""C11"": 0.02522407049816576, ""C12"": 0.02522407049816576, ""C13"": 0.02522407049816576, ""C14"": 0.02522407049816576, ""C15"": 0.02522407049816576}"
27,27,1,298,1.029269,15,"{""C01"": 1.613653, ""C02"": 1.820866, ""C03"": 1.710317, ""C04"": 1.740968, ""C05"": 1.442304, ""C06"": 1.870105, ""C07"": 1.718963, ""C08"": 1.644192, ""C09"": 1.688222, ""C10"": 1.518724, ""C11"": 1.510564, ""C12"": 1.760317, ""C13"": 1.678395, ""C14"": 1.665712, ""C15"": 1.783436}","{""C01"": 0, ""C02"": 0, ""C03"": 0, ""C04"": 0, ""C05"": 0, ""C06"": 1693, ""C07"": 0, ""C08"": 0, ""C09"": 0, ""C10"": 0, ""C11"": 0, ""C12"": 0, ""C13"": 0, ""C14"": 0, ""C15"": 0}","{""C01"": 0.025218928004013708, ""C02"": 0.025218928004013708, ""C03"": 0.025218928004013708, ""C04"": 0.025218928004013708, ""C05"": 0.025218928004013708, ""C06"": 0.024238485060922757, ""C07"": 0.025218928004013708, ""C08"": 0.025218928004013708, ""C09"": 0.025218928004013708, ""C10"": 0.025218928004013708, ""C11"": 0.025218928004013708, ""C12"": 0.025218928004013708, ""C13"": 0.025218928004013708, ""C14"": 0.025218928004013708, ""C15"": 0.025218928004013708}"
28,28,1,174,0.611690,15,"{""C01"": 1.613871, ""C02"": 1.811061, ""C03"": 1.738213, ""C04"": 1.70872, ""C05"": 1.465933, ""C06"": 1.915122, ""C07"": 1.693172, ""C08"": 1.665625, ""C09"": 1.709513, ""C10"": 1.556468, ""C11"": 1.511752, ""C12"": 1.784776, ""C13"": 1.689431, ""C14"": 1.653639, ""C15"": 1.824489}","{""C01"": 0, ""C02"": 0, ""C03"": 0, ""C04"": 0, ""C05"": 0, ""C06"": 1680, ""C07"": 0, ""C08"": 0, ""C09"": 0, ""C10"": 0, ""C11"": 0, ""C12"": 0, ""C13"": 0, ""C14"": 0, ""C15"": 0}","{""C01"": 0.025234689308638147, ""C02"": 0.025234689308638147, ""C03"": 0.025234689308638147, ""C04"": 0.025234689308638147, ""C05"": 0.025234689308638147, ""C06"": 0.024261775679061234, ""C07"": 0.025234689308638147, ""C08"": 0.025234689308638147, ""C09"": 0.025234689308638147, ""C10"": 0.025234689308638147, ""C11"": 0.025234689308638147, ""C12"": 0.025234689308638147, ""C13"": 0.025234689308638147, ""C14"": 0.025234689308638147, ""C15"": 0.025234689308638147}"
29,29,1,425,1.479789,15,"{""C01"": 1.626271, ""C02"": 1.779854, ""C03"": 1.728571, ""C04"": 1.724724, ""C05"": 1.459354, ""C06"": 1.916376, ""C07"": 1.700218, ""C08"": 1.644542, ""C09"": 1.735315, ""C10"": 1.524099, ""C11"": 1.52106, ""C12"": 1.80238, ""C13"": 1.735081, ""C14"": 1.67031, ""C15"": 1.878699}","{""C01"": 0, ""C02"": 0, ""C03"": 0, ""C04"": 0, ""C05"": 0, ""C06"": 1680, ""C07"": 0, ""C08"": 0, ""C09"": 0, ""C10"": 0, ""C11"": 0, ""C12"": 0, ""C13"": 0, ""C14"": 0, ""C15"": 0}","{""C01"": 0.0252353285175171, ""C02"": 0.0252353285175171, ""C03"": 0.0252353285175171, ""C04"": 0.0252353285175171, ""C05"": 0.0252353285175171, ""C06"": 0.024262414192191894, ""C07"": 0.0252353285175171, ""C08"": 0.0252353285175171, ""C09"": 0.0252353285175171, ""C10"": 0.0252353285175171, ""C11"": 0.0252353285175171, ""C12"": 0.0252353285175171, ""C13"": 0.0252353285175171, ""C14"": 0.0252353285175171, ""C15"": 0.0252353285175171}"
30,30,1,261,0.922770,15,"{""C01"": 1.589825, ""C02"": 1.857115, ""C03"": 1.751755, ""C04"": 1.720697, ""C05"": 1.460144, ""C06"": 1.914366, ""C07"": 1.69805, ""C08"": 1.702737, ""C09"": 1.715078, ""C10"": 1.571989, ""C11"": 1.503424, ""C12"": 1.798248, ""C13"": 1.685058, ""C14"": 1.681772, ""C15"": 1.854357}","{""C01"": 0, ""C02"": 0, ""C03"": 0, ""C04"": 0, ""C05"": 0, ""C06"": 1680, ""C07"": 0, ""C08"": 0, ""C09"": 0, ""C10"": 0, ""C11"": 0, ""C12"": 0, ""C13"": 0, ""C14"": 0, ""C15"": 0}","{""C01"": 0.025234303653355897, ""C02"": 0.025234303653355897, ""C03"": 0.025234303653355897, ""C04"": 0.025234303653355897, ""C05"": 0.025234303653355897, ""C06"": 0.024261390443536045, ""C07"": 0.025234303653355897, ""C08"": 0.025234303653355897, ""C09"": 0.025234303653355897, ""C10"": 0.025234303653355897, ""C11"": 0.025234303653355897, ""C12"": 0.025234303653355897, ""C13"": 0.025234303653355897, ""C14"": 0.025234303653355897, ""C15"": 0.025234303653355897}"
31,31,1,210,0.942112,15,"{""C01"": 1.671515, ""C02"": 1.846147, ""C03"": 1.741667, ""C04"": 1.748608, ""C05"": 1.462943, ""C06"": 1.92518, ""C07"": 1.780027, ""C08"": 1.691477, ""C09"": 1.715558, ""C10"": 1.58119, ""C11"": 1.516768, ""C12"": 1.844673, ""C13"": 1.710305, ""C14"": 1.687566, ""C15"": 1.851568}","{""C01"": 0, ""C02"": 0, ""C03"": 0, ""C04"": 0, ""C05"": 0, ""C06"": 1677, ""C07"": 0, ""C08"": 0, ""C09"": 0, ""C10"": 0, ""C11"": 0, ""C12"": 0, ""C13"": 0, ""C14"": 0, ""C15"": 0}","{""C01"": 0.025238056978745843, ""C02"": 0.025238056978745843, ""C03"": 0.025238056978745843, ""C04"": 0.025238056978745843, ""C05"": 0.025238056978745843, ""C06"": 0.02426688117690926, ""C07"": 0.025238056978745843, ""C08"": 0.025238056978745843, ""C09"": 0.025238056978745843, ""C10"": 0.025238056978745843, ""C11"": 0.025238056978745843, ""C12"": 0.025238056978745843, ""C13"": 0.025238056978745843, ""C14"": 0.025238056978745843, ""C15"": 0.025238056978745843}"
32,32,1,202,1.206996,15,"{""C01"": 1.624468, ""C02"": 1.883385, ""C03"": 1.731536, ""C04"": 1.749526, ""C05"": 1.477758, ""C06"": 1.963359, ""C07"": 1.741787, ""C08"": 1.732128, ""C09"": 1.719939, ""C10"": 1.570003, ""C11"": 1.514287, ""C12"": 1.85626, ""C13"": 1.752999, ""C14"": 1.685509, ""C15"": 1.883181}","{""C01"": 0, ""C02"": 0, ""C03"": 0, ""C04"": 0, ""C05"": 0, ""C06"": 1667, ""C07"": 0, ""C08"": 0, ""C09"": 0, ""C10"": 0, ""C11"": 0, ""C12"": 0, ""C13"": 0, ""C14"": 0, ""C15"": 0}","{""C01"": 0.025251332213039435, ""C02"": 0.025251332213039435, ""C03"": 0.025251332213039435, ""C04"": 0.025251332213039435, ""C05"": 0.025251332213039435, ""C06"": 0.024285946928409165, ""C07"": 0.025251332213039435, ""C08"": 0.025251332213039435, ""C09"": 0.025251332213039435, ""C10"": 0.025251332213039435, ""C11"": 0.025251332213039435, ""C12"": 0.025251332213039435, ""C13"": 0.025251332213039435, ""C14"": 0.025251332213039435, ""C15"": 0.025251332213039435}"
33,33,1,224,1.024880,15,"{""C01"": 1.678566, ""C02"": 1.876089, ""C03"": 1.790866, ""C04"": 1.731696, ""C05"": 1.51008, ""C06"": 1.947677, ""C07"": 1.753319, ""C08"": 1.750414, ""C09"": 1.723598, ""C10"": 1.545984, ""C11"": 1.541481, ""C12"": 1.845612, ""C13"": 1.725077, ""C14"": 1.693572, ""C15"": 1.846798}","{""C01"": 0, ""C02"": 0, ""C03"": 0, ""C04"": 0, ""C05"": 0, ""C06"": 1671, ""C07"": 0, ""C08"": 0, ""C09"": 0, ""C10"": 0, ""C11"": 0, ""C12"": 0, ""C13"": 0, ""C14"": 0, ""C15"": 0}","{""C01"": 0.025245876464722275, ""C02"": 0.025245876464722275, ""C03"": 0.025245876464722275, ""C04"": 0.025245876464722275, ""C05"": 0.025245876464722275, ""C06"": 0.024278175134729574, ""C07"": 0.025245876464722275, ""C08"": 0.025245876464722275, ""C09"": 0.025245876464722275, ""C10"": 0.025245876464722275, ""C11"": 0.025245876464722275, ""C12"": 0.025245876464722275, ""C13"": 0.025245876464722275, ""C14"": 0.025245876464722275, ""C15"": 0.025245876464722275}"
34,34,1,210,0.719316,15,"{""C01"": 1.680941, ""C02"": 1.893533, ""C03"": 1.74027, ""C04"": 1.773471, ""C05"": 1.529383, ""C06"": 1.972033, ""C07"": 1.745708, ""C08"": 1.720253, ""C09"": 1.755546, ""C10"": 1.561267, ""C11"": 1.521813, ""C12"": 1.817603, ""C13"": 1.730374, ""C14"": 1.708137, ""C15"": 1.896351}","{""C01"": 0, ""C02"": 0, ""C03"": 0, ""C04"": 0, ""C05"": 0, ""C06"": 1665, ""C07"": 0, ""C08"": 0, ""C09"": 0, ""C10"": 0, ""C11"": 0, ""C12"": 0, ""C13"": 0, ""C14"": 0, ""C15"": 0}","{""C01"": 0.025254438373357516, ""C02"": 0.025254438373357516, ""C03"": 0.025254438373357516, ""C04"": 0.025254438373357516, ""C05"": 0.025254438373357516, ""C06"": 0.024290210694233413, ""C07"": 0.025254438373357516, ""C08"": 0.025254438373357516, ""C09"": 0.025254438373357516, ""C10"": 0.025254438373357516, ""C11"": 0.025254438373357516, ""C12"": 0.025254438373357516, ""C13"": 0.025254438373357516, ""C14"": 0.025254438373357516, ""C15"": 0.025254438373357516}"
35,35,1,242,0.845357,15,"{""C01"": 1.707131, ""C02"": 1.895307, ""C03"": 1.749248, ""C04"": 1.800744, ""C05"": 1.489743, ""C06"": 1.961541, ""C07"": 1.789025, ""C08"": 1.722585, ""C09"": 1.740104, ""C10"": 1.572274, ""C11"": 1.523394, ""C12"": 1.81789, ""C13"": 1.743342, ""C14"": 1.709995, ""C15"": 1.894454}","{""C01"": 0, ""C02"": 0, ""C03"": 0, ""C04"": 0, ""C05"": 0, ""C06"": 1667, ""C07"": 0, ""C08"": 0, ""C09"": 0, ""C10"": 0, ""C11"": 0, ""C12"": 0, ""C13"": 0, ""C14"": 0, ""C15"": 0}","{""C01"": 0.025250434302628577, ""C02"": 0.025250434302628577, ""C03"": 0.025250434302628577, ""C04"": 0.025250434302628577, ""C05"": 0.025250434302628577, ""C06"": 0.02428505000367818, ""C07"": 0.025250434302628577, ""C08"": 0.025250434302628577, ""C09"": 0.025250434302628577, ""C10"": 0.025250434302628577, ""C11"": 0.025250434302628577, ""C12"": 0.025250434302628577, ""C13"": 0.025250434302628577, ""C14"": 0.025250434302628577, ""C15"": 0.025250434302628577}"
36,36,1,240,0.829134,15,"{""C01"": 1.700929, ""C02"": 1.878105, ""C03"": 1.767591, ""C04"": 1.76844, ""C05"": 1.510462, ""C06"": 1.95993, ""C07"": 1.787797, ""C08"": 1.756245, ""C09"": 1.788001, ""C10"": 1.596961, ""C11"": 1.560628, ""C12"": 1.880143, ""C13"": 1.750154, ""C14"": 1.745324, ""C15"": 1.89806}","{""C01"": 0, ""C02"": 0, ""C03"": 0, ""C04"": 0, ""C05"": 0, ""C06"": 1668, ""C07"": 0, ""C08"": 0, ""C09"": 0, ""C10"": 0, ""C11"": 0, ""C12"": 0, ""C13"": 0, ""C14"": 0, ""C15"": 0}","{""C01"": 0.02525021913911503, ""C02"": 0.02525021913911503, ""C03"": 0.02525021913911503, ""C04"": 0.02525021913911503, ""C05"": 0.02525021913911503, ""C06"": 0.024284254568271067, ""C07"": 0.02525021913911503, ""C08"": 0.02525021913911503, ""C09"": 0.02525021913911503, ""C10"": 0.02525021913911503, ""C11"": 0.02525021913911503, ""C12"": 0.02525021913911503, ""C13"": 0.02525021913911503, ""C14"": 0.02525021913911503, ""C15"": 0.02525021913911503}"
37,37,1,187,0.726144,15,"{""C01"": 1.71168, ""C02"": 1.900769, ""C03"": 1.79085, ""C04"": 1.817911, ""C05"": 1.537504, ""C06"": 1.987752, ""C07"": 1.807324, ""C08"": 1.727081, ""C09"": 1.793827, ""C10"": 1.610934, ""C11"": 1.570022, ""C12"": 1.834573, ""C13"": 1.739703, ""C14"": 1.7382, ""C15"": 1.869675}","{""C01"": 0, ""C02"": 0, ""C03"": 0, ""C04"": 0, ""C05"": 0, ""C06"": 1660, ""C07"": 0, ""C08"": 0, ""C09"": 0, ""C10"": 0, ""C11"": 0, ""C12"": 0, ""C13"": 0, ""C14"": 0, ""C15"": 0}","{""C01"": 0.025259205155213252, ""C02"": 0.025259205155213252, ""C03"": 0.025259205155213252, ""C04"": 0.025259205155213252, ""C05"": 0.025259205155213252, ""C06"": 0.024297874788136428, ""C07"": 0.025259205155213252, ""C08"": 0.025259205155213252, ""C09"": 0.025259205155213252, ""C10"": 0.025259205155213252, ""C11"": 0.025259205155213252, ""C12"": 0.025259205155213252, ""C13"": 0.025259205155213252, ""C14"": 0.025259205155213252, ""C15"": 0.025259205155213252}"
38,38,1,190,0.665242,15,"{""C01"": 1.705001, ""C02"": 1.895972, ""C03"": 1.812209, ""C04"": 1.786263, ""C05"": 1.552153, ""C06"": 1.984426, ""C07"": 1.824611, ""C08"": 1.770459, ""C09"": 1.78856, ""C10"": 1.61732, ""C11"": 1.58389, ""C12"": 1.858923, ""C13"": 1.761156, ""C14"": 1.73115, ""C15"": 1.899076}","{""C01"": 0, ""C02"": 0, ""C03"": 0, ""C04"": 0, ""C05"": 0, ""C06"": 1661, ""C07"": 0, ""C08"": 0, ""C09"": 0, ""C10"": 0, ""C11"": 0, ""C12"": 0, ""C13"": 0, ""C14"": 0, ""C15"": 0}","{""C01"": 0.025258169543498077, ""C02"": 0.025258169543498077, ""C03"": 0.025258169543498077, ""C04"": 0.025258169543498077, ""C05"": 0.025258169543498077, ""C06"": 0.024296259803931578, ""C07"": 0.025258169543498077, ""C08"": 0.025258169543498077, ""C09"": 0.025258169543498077, ""C10"": 0.025258169543498077, ""C11"": 0.025258169543498077, ""C12"": 0.025258169543498077, ""C13"": 0.025258169543498077, ""C14"": 0.025258169543498077, ""C15"": 0.025258169543498077}"
39,39,1,275,0.981115,15,"{""C01"": 1.738213, ""C02"": 1.900793, ""C03"": 1.78398, ""C04"": 1.782784, ""C05"": 1.500052, ""C06"": 1.969615, ""C07"": 1.802622, ""C08"": 1.745714, ""C09"": 1.785082, ""C10"": 1.620148, ""C11"": 1.555617, ""C12"": 1.850077, ""C13"": 1.787942, ""C14"": 1.736669, ""C15"": 1.914246}","{""C01"": 0, ""C02"": 0, ""C03"": 0, ""C04"": 0, ""C05"": 0, ""C06"": 1665, ""C07"": 0, ""C08"": 0, ""C09"": 0, ""C10"": 0, ""C11"": 0, ""C12"": 0, ""C13"": 0, ""C14"": 0, ""C15"": 0}","{""C01"": 0.025253250862291535, ""C02"": 0.025253250862291535, ""C03"": 0.025253250862291535, ""C04"": 0.025253250862291535, ""C05"": 0.025253250862291535, ""C06"": 0.024289024488501523, ""C07"": 0.025253250862291535, ""C08"": 0.025253250862291535, ""C09"": 0.025253250862291535, ""C10"": 0.025253250862291535, ""C11"": 0.025253250862291535, ""C12"": 0.025253250862291535, ""C13"": 0.025253250862291535, ""C14"": 0.025253250862291535, ""C15"": 0.025253250862291535}"
40,40,1,250,0.872862,15,"{""C01"": 1.703411, ""C02"": 1.919713, ""C03"": 1.790015, ""C04"": 1.796319, ""C05"": 1.52851, ""C06"": 1.983019, ""C07"": 1.804555, ""C08"": 1.779168, ""C09"": 1.802435, ""C10"": 1.581551, ""C11"": 1.571961, ""C12"": 1.868895, ""C13"": 1.788254, ""C14"": 1.759651, ""C15"": 1.911775}","{""C01"": 0, ""C02"": 0, ""C03"": 0, ""C04"": 0, ""C05"": 0, ""C06"": 1662, ""C07"": 0, ""C08"": 0, ""C09"": 0, ""C10"": 0, ""C11"": 0, ""C12"": 0, ""C13"": 0, ""C14"": 0, ""C15"": 0}","{""C01"": 0.025258065795125476, ""C02"": 0.025258065795125476, ""C03"": 0.025258065795125476, ""C04"": 0.025258065795125476, ""C05"": 0.025258065795125476, ""C06"": 0.02429557565696993, ""C07"": 0.025258065795125476, ""C08"": 0.025258065795125476, ""C09"": 0.025258065795125476, ""C10"": 0.025258065795125476, ""C11"": 0.025258065795125476, ""C12"": 0.025258065795125476, ""C13"": 0.025258065795125476, ""C14"": 0.025258065795125476, ""C15"": 0.025258065795125476}"
41,41,1,212,0.745380,15,"{""C01"": 1.675569, ""C02"": 1.872226, ""C03"": 1.7977, ""C04"": 1.80512, ""C05"": 1.536266, ""C06"": 1.971659, ""C07"": 1.772554, ""C08"": 1.74027, ""C09"": 1.785599, ""C10"": 1.571072, ""C11"": 1.523016, ""C12"": 1.846876, ""C13"": 1.744462, ""C14"": 1.774979, ""C15"": 1.896286}","{""C01"": 0, ""C02"": 0, ""C03"": 0, ""C04"": 0, ""C05"": 0, ""C06"": 1665, ""C07"": 0, ""C08"": 0, ""C09"": 0, ""C10"": 0, ""C11"": 0, ""C12"": 0, ""C13"": 0, ""C14"": 0, ""C15"": 0}","{""C01"": 0.025254254835976264, ""C02"": 0.025254254835976264, ""C03"": 0.025254254835976264, ""C04"": 0.025254254835976264, ""C05"": 0.025254254835976264, ""C06"": 0.024290027358604527, ""C07"": 0.025254254835976264, ""C08"": 0.025254254835976264, ""C09"": 0.025254254835976264, ""C10"": 0.025254254835976264, ""C11"": 0.025254254835976264, ""C12"": 0.025254254835976264, ""C13"": 0.025254254835976264, ""C14"": 0.025254254835976264, ""C15"": 0.025254254835976264}"
42,42,1,353,1.253860,15,"{""C01"": 1.717166, ""C02"": 1.911664, ""C03"": 1.783164, ""C04"": 1.795546, ""C05"": 1.485314, ""C06"": 1.953968, ""C07"": 1.771118, ""C08"": 1.778148, ""C09"": 1.784772, ""C10"": 1.570438, ""C11"": 1.556679, ""C12"": 1.878467, ""C13"": 1.768755, ""C14"": 1.761511, ""C15"": 1.904168}","{""C01"": 0, ""C02"": 0, ""C03"": 0, ""C04"": 0, ""C05"": 0, ""C06"": 1669, ""C07"": 0, ""C08"": 0, ""C09"": 0, ""C10"": 0, ""C11"": 0, ""C12"": 0, ""C13"": 0, ""C14"": 0, ""C15"": 0}","{""C01"": 0.025247845064990906, ""C02"": 0.025247845064990906, ""C03"": 0.025247845064990906, ""C04"": 0.025247845064990906, ""C05"": 0.025247845064990906, ""C06"": 0.024281302590517927, ""C07"": 0.025247845064990906, ""C08"": 0.025247845064990906, ""C09"": 0.025247845064990906, ""C10"": 0.025247845064990906, ""C11"": 0.025247845064990906, ""C12"": 0.025247845064990906, ""C13"": 0.025247845064990906, ""C14"": 0.025247845064990906, ""C15"": 0.025247845064990906}"
43,43,1,272,0.954982,15,"{""C01"": 1.671734, ""C02"": 1.888934, ""C03"": 1.785837, ""C04"": 1.773429, ""C05"": 1.506113, ""C06"": 1.957878, ""C07"": 1.805415, ""C08"": 1.763888, ""C09"": 1.782231, ""C10"": 1.582483, ""C11"": 1.583754, ""C12"": 1.880473, ""C13"": 1.791776, ""C14"": 1.722502, ""C15"": 1.901495}","{""C01"": 0, ""C02"": 0, ""C03"": 0, ""C04"": 0, ""C05"": 0, ""C06"": 1668, ""C07"": 0, ""C08"": 0, ""C09"": 0, ""C10"": 0, ""C11"": 0, ""C12"": 0, ""C13"": 0, ""C14"": 0, ""C15"": 0}","{""C01"": 0.025249203258838296, ""C02"": 0.025249203258838296, ""C03"": 0.025249203258838296, ""C04"": 0.025249203258838296, ""C05"": 0.025249203258838296, ""C06"": 0.024283239802446323, ""C07"": 0.025249203258838296, ""C08"": 0.025249203258838296, ""C09"": 0.025249203258838296, ""C10"": 0.025249203258838296, ""C11"": 0.025249203258838296, ""C12"": 0.025249203258838296, ""C13"": 0.025249203258838296, ""C14"": 0.025249203258838296, ""C15"": 0.025249203258838296}"
44,44,1,183,0.645536,15,"{""C01"": 1.71894, ""C02"": 1.900956, ""C03"": 1.780886, ""C04"": 1.7826, ""C05"": 1.499679, ""C06"": 1.991172, ""C07"": 1.783993, ""C08"": 1.759301, ""C09"": 1.78319, ""C10"": 1.564091, ""C11"": 1.534068, ""C12"": 1.870181, ""C13"": 1.750496, ""C14"": 1.752537, ""C15"": 1.854302}","{""C01"": 0, ""C02"": 0, ""C03"": 0, ""C04"": 0, ""C05"": 0, ""C06"": 1659, ""C07"": 0, ""C08"": 0, ""C09"": 0, ""C10"": 0, ""C11"": 0, ""C12"": 0, ""C13"": 0, ""C14"": 0, ""C15"": 0}","{""C01"": 0.025260282761142658, ""C02"": 0.025260282761142658, ""C03"": 0.025260282761142658, ""C04"": 0.025260282761142658, ""C05"": 0.025260282761142658, ""C06"": 0.0242995317204643, ""C07"": 0.025260282761142658, ""C08"": 0.025260282761142658, ""C09"": 0.025260282761142658, ""C10"": 0.025260282761142658, ""C11"": 0.025260282761142658, ""C12"": 0.025260282761142658, ""C13"": 0.025260282761142658, ""C14"": 0.025260282761142658, ""C15"": 0.025260282761142658}"
45,45,1,190,0.664753,15,"{""C01"": 1.694716, ""C02"": 1.872153, ""C03"": 1.790962, ""C04"": 1.786554, ""C05"": 1.511657, ""C06"": 1.960646, ""C07"": 1.768724, ""C08"": 1.704671, ""C09"": 1.743322, ""C10"": 1.530375, ""C11"": 1.574203, ""C12"": 1.8543, ""C13"": 1.73683, ""C14"": 1.755343, ""C15"": 1.876432}","{""C01"": 0, ""C02"": 0, ""C03"": 0, ""C04"": 0, ""C05"": 0, ""C06"": 1668, ""C07"": 0, ""C08"": 0, ""C09"": 0, ""C10"": 0, ""C11"": 0, ""C12"": 0, ""C13"": 0, ""C14"": 0, ""C15"": 0}","{""C01"": 0.025250573243127225, ""C02"": 0.025250573243127225, ""C03"": 0.025250573243127225, ""C04"": 0.025250573243127225, ""C05"": 0.025250573243127225, ""C06"": 0.024284608283807678, ""C07"": 0.025250573243127225, ""C08"": 0.025250573243127225, ""C09"": 0.025250573243127225, ""C10"": 0.025250573243127225, ""C11"": 0.025250573243127225, ""C12"": 0.025250573243127225, ""C13"": 0.025250573243127225, ""C14"": 0.025250573243127225, ""C15"": 0.025250573243127225}"
46,46,1,211,0.746896,15,"{""C01"": 1.680527, ""C02"": 1.88009, ""C03"": 1.762162, ""C04"": 1.768525, ""C05"": 1.514477, ""C06"": 1.953861, ""C07"": 1.775607, ""C08"": 1.733517, ""C09"": 1.786542, ""C10"": 1.551538, ""C11"": 1.580104, ""C12"": 1.845071, ""C13"": 1.756758, ""C14"": 1.695899, ""C15"": 1.877748}","{""C01"": 0, ""C02"": 0, ""C03"": 0, ""C04"": 0, ""C05"": 0, ""C06"": 1669, ""C07"": 0, ""C08"": 0, ""C09"": 0, ""C10"": 0, ""C11"": 0, ""C12"": 0, ""C13"": 0, ""C14"": 0, ""C15"": 0}","{""C01"": 0.02524779190991698, ""C02"": 0.02524779190991698, ""C03"": 0.02524779190991698, ""C04"": 0.02524779190991698, ""C05"": 0.02524779190991698, ""C06"": 0.02428124949371672, ""C07"": 0.02524779190991698, ""C08"": 0.02524779190991698, ""C09"": 0.02524779190991698, ""C10"": 0.02524779190991698, ""C11"": 0.02524779190991698, ""C12"": 0.02524779190991698, ""C13"": 0.02524779190991698, ""C14"": 0.02524779190991698, ""C15"": 0.02524779190991698}"
47,47,1,422,1.476753,15,"{""C01"": 1.685796, ""C02"": 1.873354, ""C03"": 1.742727, ""C04"": 1.754105, ""C05"": 1.478213, ""C06"": 1.91212, ""C07"": 1.752828, ""C08"": 1.729275, ""C09"": 1.725622, ""C10"": 1.520413, ""C11"": 1.524601, ""C12"": 1.828422, ""C13"": 1.768148, ""C14"": 1.732762, ""C15"": 1.831594}","{""C01"": 0, ""C02"": 0, ""C03"": 0, ""C04"": 0, ""C05"": 0, ""C06"": 1681, ""C07"": 0, ""C08"": 0, ""C09"": 0, ""C10"": 0, ""C11"": 0, ""C12"": 0, ""C13"": 0, ""C14"": 0, ""C15"": 0}","{""C01"": 0.025233738117473273, ""C02"": 0.025233738117473273, ""C03"": 0.025233738117473273, ""C04"": 0.025233738117473273, ""C05"": 0.025233738117473273, ""C06"": 0.024260245025827257, ""C07"": 0.025233738117473273, ""C08"": 0.025233738117473273, ""C09"": 0.025233738117473273, ""C10"": 0.025233738117473273, ""C11"": 0.025233738117473273, ""C12"": 0.025233738117473273, ""C13"": 0.025233738117473273, ""C14"": 0.025233738117473273, ""C15"": 0.025233738117473273}"
48,48,1,226,0.793744,15,"{""C01"": 1.661723, ""C02"": 1.874847, ""C03"": 1.705015, ""C04"": 1.753239, ""C05"": 1.481072, ""C06"": 1.955323, ""C07"": 1.759276, ""C08"": 1.706316, ""C09"": 1.734806, ""C10"": 1.567086, ""C11"": 1.530482, ""C12"": 1.818985, ""C13"": 1.737071, ""C14"": 1.729473, ""C15"": 1.885901}","{""C01"": 0, ""C02"": 0, ""C03"": 0, ""C04"": 0, ""C05"": 0, ""C06"": 1669, ""C07"": 0, ""C08"": 0, ""C09"": 0, ""C10"": 0, ""C11"": 0, ""C12"": 0, ""C13"": 0, ""C14"": 0, ""C15"": 0}","{""C01"": 0.02524851782999532, ""C02"": 0.02524851782999532, ""C03"": 0.02524851782999532, ""C04"": 0.02524851782999532, ""C05"": 0.02524851782999532, ""C06"": 0.024281974617973195, ""C07"": 0.02524851782999532, ""C08"": 0.02524851782999532, ""C09"": 0.02524851782999532, ""C10"": 0.02524851782999532, ""C11"": 0.02524851782999532, ""C12"": 0.02524851782999532, ""C13"": 0.02524851782999532, ""C14"": 0.02524851782999532, ""C15"": 0.02524851782999532}"
49,49,1,245,0.877170,15,"{""C01"": 1.635664, ""C02"": 1.869475, ""C03"": 1.753071, ""C04"": 1.726215, ""C05"": 1.501005, ""C06"": 1.933856, ""C07"": 1.703745, ""C08"": 1.723644, ""C09"": 1.758069, ""C10"": 1.525822, ""C11"": 1.506324, ""C12"": 1.835608, ""C13"": 1.739696, ""C14"": 1.709574, ""C15"": 1.862019}","{""C01"": 0, ""C02"": 0, ""C03"": 0, ""C04"": 0, ""C05"": 0, ""C06"": 1675, ""C07"": 0, ""C08"": 0, ""C09"": 0, ""C10"": 0, ""C11"": 0, ""C12"": 0, ""C13"": 0, ""C14"": 0, ""C15"": 0}","{""C01"": 0.025241275544712338, ""C02"": 0.025241275544712338, ""C03"": 0.025241275544712338, ""C04"": 0.025241275544712338, ""C05"": 0.025241275544712338, ""C06"": 0.02427125723231335, ""C07"": 0.025241275544712338, ""C08"": 0.025241275544712338, ""C09"": 0.025241275544712338, ""C10"": 0.025241275544712338, ""C11"": 0.025241275544712338, ""C12"": 0.025241275544712338, ""C13"": 0.025241275544712338, ""C14"": 0.025241275544712338, ""C15"": 0.025241275544712338}"
50,50,1,296,1.032613,15,"{""C01"": 1.694825, ""C02"": 1.85648, ""C03"": 1.701256, ""C04"": 1.725962, ""C05"": 1.478637, ""C06"": 1.907835, ""C07"": 1.686648, ""C08"": 1.697329, ""C09"": 1.77295, ""C10"": 1.537965, ""C11"": 1.522565, ""C12"": 1.815942, ""C13"": 1.706914, ""C14"": 1.698161, ""C15"": 1.799417}","{""C01"": 0, ""C02"": 0, ""C03"": 0, ""C04"": 0, ""C05"": 0, ""C06"": 1682, ""C07"": 0, ""C08"": 0, ""C09"": 0, ""C10"": 0, ""C11"": 0, ""C12"": 0, ""C13"": 0, ""C14"": 0, ""C15"": 0}","{""C01"": 0.02523212647722252, ""C02"": 0.02523212647722252, ""C03"": 0.02523212647722252, ""C04"": 0.02523212647722252, ""C05"": 0.02523212647722252, ""C06"": 0.02425805464179645, ""C07"": 0.02523212647722252, ""C08"": 0.02523212647722252, ""C09"": 0.02523212647722252, ""C10"": 0.02523212647722252, ""C11"": 0.02523212647722252, ""C12"": 0.02523212647722252, ""C13"": 0.02523212647722252, ""C14"": 0.02523212647722252, ""C15"": 0.02523212647722252}"
51,51,1,352,1.282450,15,"{""C01"": 1.66024, ""C02"": 1.839077, ""C03"": 1.715762, ""C04"": 1.722336, ""C05"": 1.47967, ""C06"": 1.917295, ""C07"": 1.719787, ""C08"": 1.710159, ""C09"": 1.732184, ""C10"": 1.501604, ""C11"": 1.512797, ""C12"": 1.822374, ""C13"": 1.723489, ""C14"": 1.679514, ""C15"": 1.876007}","{""C01"": 0, ""C02"": 0, ""C03"": 0, ""C04"": 0, ""C05"": 0, ""C06"": 1679, ""C07"": 0, ""C08"": 0, ""C09"": 0, ""C10"": 0, ""C11"": 0, ""C12"": 0, ""C13"": 0, ""C14"": 0, ""C15"": 0}","{""C01"": 0.02523521527468757, ""C02"": 0.02523521527468757, ""C03"": 0.02523521527468757, ""C04"": 0.02523521527468757, ""C05"": 0.02523521527468757, ""C06"": 0.024262881570663426, ""C07"": 0.02523521527468757, ""C08"": 0.02523521527468757, ""C09"": 0.02523521527468757, ""C10"": 0.02523521527468757, ""C11"": 0.02523521527468757, ""C12"": 0.02523521527468757, ""C13"": 0.02523521527468757, ""C14"": 0.02523521527468757, ""C15"": 0.02523521527468757}"
52,52,1,159,0.560968,15,"{""C01"": 1.670329, ""C02"": 1.830535, ""C03"": 1.720971, ""C04"": 1.717784, ""C05"": 1.471601, ""C06"": 1.931918, ""C07"": 1.734966, ""C08"": 1.696657, ""C09"": 1.730074, ""C10"": 1.476379, ""C11"": 1.476569, ""C12"": 1.818423, ""C13"": 1.713749, ""C14"": 1.681629, ""C15"": 1.820158}","{""C01"": 0, ""C02"": 0, ""C03"": 0, ""C04"": 0, ""C05"": 0, ""C06"": 1675, ""C07"": 0, ""C08"": 0, ""C09"": 0, ""C10"": 0, ""C11"": 0, ""C12"": 0, ""C13"": 0, ""C14"": 0, ""C15"": 0}","{""C01"": 0.02524029908876886, ""C02"": 0.02524029908876886, ""C03"": 0.02524029908876886, ""C04"": 0.02524029908876886, ""C05"": 0.02524029908876886, ""C06"": 0.02427028184265356, ""C07"": 0.02524029908876886, ""C08"": 0.02524029908876886, ""C09"": 0.02524029908876886, ""C10"": 0.02524029908876886, ""C11"": 0.02524029908876886, ""C12"": 0.02524029908876886, ""C13"": 0.02524029908876886, ""C14"": 0.02524029908876886, ""C15"": 0.02524029908876886}"
53,53,1,326,1.165433,15,"{""C01"": 1.647102, ""C02"": 1.851977, ""C03"": 1.70064, ""C04"": 1.695857, ""C05"": 1.44761, ""C06"": 1.89371, ""C07"": 1.747298, ""C08"": 1.681187, ""C09"": 1.743728, ""C10"": 1.5172, ""C11"": 1.476431, ""C12"": 1.78979, ""C13"": 1.725101, ""C14"": 1.683306, ""C15"": 1.820931}","{""C01"": 0, ""C02"": 0, ""C03"": 0, ""C04"": 0, ""C05"": 0, ""C06"": 1686, ""C07"": 0, ""C08"": 0, ""C09"": 0, ""C10"": 0, ""C11"": 0, ""C12"": 0, ""C13"": 0, ""C14"": 0, ""C15"": 0}","{""C01"": 0.0252271768349272, ""C02"": 0.0252271768349272, ""C03"": 0.0252271768349272, ""C04"": 0.0252271768349272, ""C05"": 0.0252271768349272, ""C06"": 0.024250788395737088, ""C07"": 0.0252271768349272, ""C08"": 0.0252271768349272, ""C09"": 0.0252271768349272, ""C10"": 0.0252271768349272, ""C11"": 0.0252271768349272, ""C12"": 0.0252271768349272, ""C13"": 0.0252271768349272, ""C14"": 0.0252271768349272, ""C15"": 0.0252271768349272}"
54,54,1,239,0.873263,15,"{""C01"": 1.650278, ""C02"": 1.837892, ""C03"": 1.750132, ""C04"": 1.728179, ""C05"": 1.445201, ""C06"": 1.90071, ""C07"": 1.71254, ""C08"": 1.658811, ""C09"": 1.716465, ""C10"": 1.474019, ""C11"": 1.48998, ""C12"": 1.78767, ""C13"": 1.662982, ""C14"": 1.68715, ""C15"": 1.784536}","{""C01"": 0, ""C02"": 0, ""C03"": 0, ""C04"": 0, ""C05"": 0, ""C06"": 1684, ""C07"": 0, ""C08"": 0, ""C09"": 0, ""C10"": 0, ""C11"": 0, ""C12"": 0, ""C13"": 0, ""C14"": 0, ""C15"": 0}","{""C01"": 0.02522962834550728, ""C02"": 0.02522962834550728, ""C03"": 0.02522962834550728, ""C04"": 0.02522962834550728, ""C05"": 0.02522962834550728, ""C06"": 0.024254398233584697, ""C07"": 0.02522962834550728, ""C08"": 0.02522962834550728, ""C09"": 0.02522962834550728, ""C10"": 0.02522962834550728, ""C11"": 0.02522962834550728, ""C12"": 0.02522962834550728, ""C13"": 0.02522962834550728, ""C14"": 0.02522962834550728, ""C15"": 0.02522962834550728}"
55,55,1,154,0.569313,15,"{""C01"": 1.654548, ""C02"": 1.820876, ""C03"": 1.687835, ""C04"": 1.715612, ""C05"": 1.438163, ""C06"": 1.927053, ""C07"": 1.744455, ""C08"": 1.705418, ""C09"": 1.742852, ""C10"": 1.486236, ""C11"": 1.495027, ""C12"": 1.803545, ""C13"": 1.660717, ""C14"": 1.713481, ""C15"": 1.809866}","{""C01"": 0, ""C02"": 0, ""C03"": 0, ""C04"": 0, ""C05"": 0, ""C06"": 1677, ""C07"": 0, ""C08"": 0, ""C09"": 0, ""C10"": 0, ""C11"": 0, ""C12"": 0, ""C13"": 0, ""C14"": 0, ""C15"": 0}","{""C01"": 0.025239005006779253, ""C02"": 0.025239005006779253, ""C03"": 0.025239005006779253, ""C04"": 0.025239005006779253, ""C05"": 0.025239005006779253, ""C06"": 0.024267828171044826, ""C07"": 0.025239005006779253, ""C08"": 0.025239005006779253, ""C09"": 0.025239005006779253, ""C10"": 0.025239005006779253, ""C11"": 0.025239005006779253, ""C12"": 0.025239005006779253, ""C13"": 0.025239005006779253, ""C14"": 0.025239005006779253, ""C15"": 0.025239005006779253}"
56,56,1,422,1.516993,15,"{""C01"": 1.642584, ""C02"": 1.869652, ""C03"": 1.724878, ""C04"": 1.709172, ""C05"": 1.443966, ""C06"": 1.906413, ""C07"": 1.731592, ""C08"": 1.685726, ""C09"": 1.742887, ""C10"": 1.503325, ""C11"": 1.483852, ""C12"": 1.799932, ""C13"": 1.672745, ""C14"": 1.718278, ""C15"": 1.83461}","{""C01"": 0, ""C02"": 0, ""C03"": 0, ""C04"": 0, ""C05"": 0, ""C06"": 1682, ""C07"": 0, ""C08"": 0, ""C09"": 0, ""C10"": 0, ""C11"": 0, ""C12"": 0, ""C13"": 0, ""C14"": 0, ""C15"": 0}","{""C01"": 0.025231397246004317, ""C02"": 0.025231397246004317, ""C03"": 0.025231397246004317, ""C04"": 0.025231397246004317, ""C05"": 0.025231397246004317, ""C06"": 0.024257326203247512, ""C07"": 0.025231397246004317, ""C08"": 0.025231397246004317, ""C09"": 0.025231397246004317, ""C10"": 0.025231397246004317, ""C11"": 0.025231397246004317, ""C12"": 0.025231397246004317, ""C13"": 0.025231397246004317, ""C14"": 0.025231397246004317, ""C15"": 0.025231397246004317}"
57,57,1,226,0.835658,15,"{""C01"": 1.667127, ""C02"": 1.855687, ""C03"": 1.695348, ""C04"": 1.733111, ""C05"": 1.457701, ""C06"": 1.925839, ""C07"": 1.720792, ""C08"": 1.719607, ""C09"": 1.740759, ""C10"": 1.507025, ""C11"": 1.495308, ""C12"": 1.792238, ""C13"": 1.70354, ""C14"": 1.694781, ""C15"": 1.821156}","{""C01"": 0, ""C02"": 0, ""C03"": 0, ""C04"": 0, ""C05"": 0, ""C06"": 1677, ""C07"": 0, ""C08"": 0, ""C09"": 0, ""C10"": 0, ""C11"": 0, ""C12"": 0, ""C13"": 0, ""C14"": 0, ""C15"": 0}","{""C01"": 0.025238390688070475, ""C02"": 0.025238390688070475, ""C03"": 0.025238390688070475, ""C04"": 0.025238390688070475, ""C05"": 0.025238390688070475, ""C06"": 0.02426721452230342, ""C07"": 0.025238390688070475, ""C08"": 0.025238390688070475, ""C09"": 0.025238390688070475, ""C10"": 0.025238390688070475, ""C11"": 0.025238390688070475, ""C12"": 0.025238390688070475, ""C13"": 0.025238390688070475, ""C14"": 0.025238390688070475, ""C15"": 0.025238390688070475}"
58,58,1,315,1.167617,15,"{""C01"": 1.651119, ""C02"": 1.871584, ""C03"": 1.708862, ""C04"": 1.736948, ""C05"": 1.470372, ""C06"": 1.915846, ""C07"": 1.729818, ""C08"": 1.664694, ""C09"": 1.734786, ""C10"": 1.46668, ""C11"": 1.518566, ""C12"": 1.772646, ""C13"": 1.726074, ""C14"": 1.711788, ""C15"": 1.811403}","{""C01"": 0, ""C02"": 0, ""C03"": 0, ""C04"": 0, ""C05"": 0, ""C06"": 1680, ""C07"": 0, ""C08"": 0, ""C09"": 0, ""C10"": 0, ""C11"": 0, ""C12"": 0, ""C13"": 0, ""C14"": 0, ""C15"": 0}","{""C01"": 0.025235058431887447, ""C02"": 0.025235058431887447, ""C03"": 0.025235058431887447, ""C04"": 0.025235058431887447, ""C05"": 0.025235058431887447, ""C06"": 0.02426214440054, ""C07"": 0.025235058431887447, ""C08"": 0.025235058431887447, ""C09"": 0.025235058431887447, ""C10"": 0.025235058431887447, ""C11"": 0.025235058431887447, ""C12"": 0.025235058431887447, ""C13"": 0.025235058431887447, ""C14"": 0.025235058431887447, ""C15"": 0.025235058431887447}"
59,59,1,393,1.416533,15,"{""C01"": 1.706352, ""C02"": 1.842733, ""C03"": 1.746157, ""C04"": 1.724348, ""C05"": 1.443545, ""C06"": 1.893309, ""C07"": 1.736515, ""C08"": 1.690461, ""C09"": 1.757024, ""C10"": 1.476915, ""C11"": 1.508306, ""C12"": 1.761993, ""C13"": 1.712203, ""C14"": 1.656016, ""C15"": 1.854475}","{""C01"": 0, ""C02"": 0, ""C03"": 0, ""C04"": 0, ""C05"": 0, ""C06"": 1686, ""C07"": 0, ""C08"": 0, ""C09"": 0, ""C10"": 0, ""C11"": 0, ""C12"": 0, ""C13"": 0, ""C14"": 0, ""C15"": 0}","{""C01"": 0.025226969260621374, ""C02"": 0.025226969260621374, ""C03"": 0.025226969260621374, ""C04"": 0.025226969260621374, ""C05"": 0.025226969260621374, ""C06"": 0.024250581046478824, ""C07"": 0.025226969260621374, ""C08"": 0.025226969260621374, ""C09"": 0.025226969260621374, ""C10"": 0.025226969260621374, ""C11"": 0.025226969260621374, ""C12"": 0.025226969260621374, ""C13"": 0.025226969260621374, ""C14"": 0.025226969260621374, ""C15"": 0.025226969260621374}"
60,60,1,224,0.800083,15,"{""C01"": 1.696153, ""C02"": 1.838732, ""C03"": 1.763162, ""C04"": 1.748207, ""C05"": 1.467017, ""C06"": 1.935439, ""C07"": 1.758045, ""C08"": 1.720348, ""C09"": 1.770906, ""C10"": 1.478139, ""C11"": 1.518769, ""C12"": 1.811193, ""C13"": 1.708899, ""C14"": 1.717013, ""C15"": 1.866362}","{""C01"": 0, ""C02"": 0, ""C03"": 0, ""C04"": 0, ""C05"": 0, ""C06"": 1674, ""C07"": 0, ""C08"": 0, ""C09"": 0, ""C10"": 0, ""C11"": 0, ""C12"": 0, ""C13"": 0, ""C14"": 0, ""C15"": 0}","{""C01"": 0.025241490754407445, ""C02"": 0.025241490754407445, ""C03"": 0.025241490754407445, ""C04"": 0.025241490754407445, ""C05"": 0.025241490754407445, ""C06"": 0.024272052709186333, ""C07"": 0.025241490754407445, ""C08"": 0.025241490754407445, ""C09"": 0.025241490754407445, ""C10"": 0.025241490754407445, ""C11"": 0.025241490754407445, ""C12"": 0.025241490754407445, ""C13"": 0.025241490754407445, ""C14"": 0.025241490754407445, ""C15"": 0.025241490754407445}"
61,61,1,869,3.137283,15,"{""C01"": 1.664671, ""C02"": 1.916693, ""C03"": 1.750166, ""C04"": 1.769637, ""C05"": 1.463508, ""C06"": 1.931006, ""C07"": 1.750646, ""C08"": 1.724563, ""C09"": 1.748605, ""C10"": 1.521948, ""C11"": 1.521706, ""C12"": 1.834365, ""C13"": 1.723155, ""C14"": 1.726067, ""C15"": 1.844156}","{""C01"": 0, ""C02"": 0, ""C03"": 0, ""C04"": 0, ""C05"": 0, ""C06"": 1676, ""C07"": 0, ""C08"": 0, ""C09"": 0, ""C10"": 0, ""C11"": 0, ""C12"": 0, ""C13"": 0, ""C14"": 0, ""C15"": 0}","{""C01"": 0.025240420512735617, ""C02"": 0.025240420512735617, ""C03"": 0.025240420512735617, ""C04"": 0.025240420512735617, ""C05"": 0.025240420512735617, ""C06"": 0.024269822632789234, ""C07"": 0.025240420512735617, ""C08"": 0.025240420512735617, ""C09"": 0.025240420512735617, ""C10"": 0.025240420512735617, ""C11"": 0.025240420512735617, ""C12"": 0.025240420512735617, ""C13"": 0.025240420512735617, ""C14"": 0.025240420512735617, ""C15"": 0.025240420512735617}"
62,62,1,127,0.456105,15,"{""C01"": 1.674183, ""C02"": 1.914785, ""C03"": 1.752776, ""C04"": 1.74112, ""C05"": 1.446583, ""C06"": 1.909458, ""C07"": 1.755258, ""C08"": 1.772366, ""C09"": 1.777054, ""C10"": 1.506768, ""C11"": 1.527395, ""C12"": 1.82134, ""C13"": 1.715583, ""C14"": 1.752118, ""C15"": 1.845878}","{""C01"": 0, ""C02"": 879, ""C03"": 0, ""C04"": 0, ""C05"": 0, ""C06"": 803, ""C07"": 0, ""C08"": 0, ""C09"": 0, ""C10"": 0, ""C11"": 0, ""C12"": 0, ""C13"": 0, ""C14"": 0, ""C15"": 0}","{""C01"": 0.025234381377075274, ""C02"": 0.024725342066186182, ""C03"": 0.025234381377075274, ""C04"": 0.025234381377075274, ""C05"": 0.025234381377075274, ""C06"": 0.024769350010783606, ""C07"": 0.025234381377075274, ""C08"": 0.025234381377075274, ""C09"": 0.025234381377075274, ""C10"": 0.025234381377075274, ""C11"": 0.025234381377075274, ""C12"": 0.025234381377075274, ""C13"": 0.025234381377075274, ""C14"": 0.025234381377075274, ""C15"": 0.025234381377075274}"
63,63,1,270,0.955142,15,"{""C01"": 1.736475, ""C02"": 1.890257, ""C03"": 1.720193, ""C04"": 1.758921, ""C05"": 1.479433, ""C06"": 1.947887, ""C07"": 1.764058, ""C08"": 1.721985, ""C09"": 1.80046, ""C10"": 1.510449, ""C11"": 1.551928, ""C12"": 1.827808, ""C13"": 1.714278, ""C14"": 1.74039, ""C15"": 1.831006}","{""C01"": 0, ""C02"": 0, ""C03"": 0, ""C04"": 0, ""C05"": 0, ""C06"": 1671, ""C07"": 0, ""C08"": 0, ""C09"": 0, ""C10"": 0, ""C11"": 0, ""C12"": 0, ""C13"": 0, ""C14"": 0, ""C15"": 0}","{""C01"": 0.025245981209565865, ""C02"": 0.025245981209565865, ""C03"": 0.025245981209565865, ""C04"": 0.025245981209565865, ""C05"": 0.025245981209565865, ""C06"": 0.024278279764891234, ""C07"": 0.025245981209565865, ""C08"": 0.025245981209565865, ""C09"": 0.025245981209565865, ""C10"": 0.025245981209565865, ""C11"": 0.025245981209565865, ""C12"": 0.025245981209565865, ""C13"": 0.025245981209565865, ""C14"": 0.025245981209565865, ""C15"": 0.025245981209565865}"
64,64,1,231,0.834060,15,"{""C01"": 1.71415, ""C02"": 1.886653, ""C03"": 1.745518, ""C04"": 1.779504, ""C05"": 1.504454, ""C06"": 1.954049, ""C07"": 1.78302, ""C08"": 1.728468, ""C09"": 1.791269, ""C10"": 1.524073, ""C11"": 1.538657, ""C12"": 1.873939, ""C13"": 1.749331, ""C14"": 1.750337, ""C15"": 1.842038}","{""C01"": 0, ""C02"": 0, ""C03"": 0, ""C04"": 0, ""C05"": 0, ""C06"": 1669, ""C07"": 0, ""C08"": 0, ""C09"": 0, ""C10"": 0, ""C11"": 0, ""C12"": 0, ""C13"": 0, ""C14"": 0, ""C15"": 0}","{""C01"": 0.02524788530105597, ""C02"": 0.02524788530105597, ""C03"": 0.02524788530105597, ""C04"": 0.02524788530105597, ""C05"": 0.02524788530105597, ""C06"": 0.024281342782473025, ""C07"": 0.02524788530105597, ""C08"": 0.02524788530105597, ""C09"": 0.02524788530105597, ""C10"": 0.02524788530105597, ""C11"": 0.02524788530105597, ""C12"": 0.02524788530105597, ""C13"": 0.02524788530105597, ""C14"": 0.02524788530105597, ""C15"": 0.02524788530105597}"
65,65,1,410,1.454763,15,"{""C01"": 1.685883, ""C02"": 1.915, ""C03"": 1.765665, ""C04"": 1.776855, ""C05"": 1.504795, ""C06"": 1.955494, ""C07"": 1.793712, ""C08"": 1.770852, ""C09"": 1.802892, ""C10"": 1.513974, ""C11"": 1.580222, ""C12"": 1.850318, ""C13"": 1.762496, ""C14"": 1.734205, ""C15"": 1.867311}","{""C01"": 0, ""C02"": 0, ""C03"": 0, ""C04"": 0, ""C05"": 0, ""C06"": 1669, ""C07"": 0, ""C08"": 0, ""C09"": 0, ""C10"": 0, ""C11"": 0, ""C12"": 0, ""C13"": 0, ""C14"": 0, ""C15"": 0}","{""C01"": 0.025248602684131913, ""C02"": 0.025248602684131913, ""C03"": 0.025248602684131913, ""C04"": 0.025248602684131913, ""C05"": 0.025248602684131913, ""C06"": 0.02428205937908295, ""C07"": 0.025248602684131913, ""C08"": 0.025248602684131913, ""C09"": 0.025248602684131913, ""C10"": 0.025248602684131913, ""C11"": 0.025248602684131913, ""C12"": 0.025248602684131913, ""C13"": 0.025248602684131913, ""C14"": 0.025248602684131913, ""C15"": 0.025248602684131913}"
66,66,1,290,1.077466,15,"{""C01"": 1.738417, ""C02"": 1.921589, ""C03"": 1.76849, ""C04"": 1.794449, ""C05"": 1.496836, ""C06"": 1.976259, ""C07"": 1.812822, ""C08"": 1.783752, ""C09"": 1.784309, ""C10"": 1.525778, ""C11"": 1.542278, ""C12"": 1.841173, ""C13"": 1.770038, ""C14"": 1.80536, ""C15"": 1.866159}","{""C01"": 0, ""C02"": 0, ""C03"": 0, ""C04"": 0, ""C05"": 0, ""C06"": 1663, ""C07"": 0, ""C08"": 0, ""C09"": 0, ""C10"": 0, ""C11"": 0, ""C12"": 0, ""C13"": 0, ""C14"": 0, ""C15"": 0}","{""C01"": 0.025255346535923706, ""C02"": 0.025255346535923706, ""C03"": 0.025255346535923706, ""C04"": 0.025255346535923706, ""C05"": 0.025255346535923706, ""C06"": 0.02429227887956679, ""C07"": 0.025255346535923706, ""C08"": 0.025255346535923706, ""C09"": 0.025255346535923706, ""C10"": 0.025255346535923706, ""C11"": 0.025255346535923706, ""C12"": 0.025255346535923706, ""C13"": 0.025255346535923706, ""C14"": 0.025255346535923706, ""C15"": 0.025255346535923706}"
67,67,1,811,2.933935,15,"{""C01"": 1.719303, ""C02"": 1.95025, ""C03"": 1.775771, ""C04"": 1.794522, ""C05"": 1.564172, ""C06"": 1.97078, ""C07"": 1.777284, ""C08"": 1.756855, ""C09"": 1.834517, ""C10"": 1.532851, ""C11"": 1.529701, ""C12"": 1.898718, ""C13"": 1.736581, ""C14"": 1.820331, ""C15"": 1.850135}","{""C01"": 0, ""C02"": 0, ""C03"": 0, ""C04"": 0, ""C05"": 0, ""C06"": 1665, ""C07"": 0, ""C08"": 0, ""C09"": 0, ""C10"": 0, ""C11"": 0, ""C12"": 0, ""C13"": 0, ""C14"": 0, ""C15"": 0}","{""C01"": 0.02525382327409803, ""C02"": 0.02525382327409803, ""C03"": 0.02525382327409803, ""C04"": 0.02525382327409803, ""C05"": 0.02525382327409803, ""C06"": 0.02428959627111149, ""C07"": 0.02525382327409803, ""C08"": 0.02525382327409803, ""C09"": 0.02525382327409803, ""C10"": 0.02525382327409803, ""C11"": 0.02525382327409803, ""C12"": 0.02525382327409803, ""C13"": 0.02525382327409803, ""C14"": 0.02525382327409803, ""C15"": 0.02525382327409803}"
68,68,1,202,0.723450,15,"{""C01"": 1.778084, ""C02"": 1.902276, ""C03"": 1.765478, ""C04"": 1.788336, ""C05"": 1.506553, ""C06"": 1.986709, ""C07"": 1.816669, ""C08"": 1.760583, ""C09"": 1.807638, ""C10"": 1.503719, ""C11"": 1.524867, ""C12"": 1.90723, ""C13"": 1.79733, ""C14"": 1.793087, ""C15"": 1.883562}","{""C01"": 0, ""C02"": 0, ""C03"": 0, ""C04"": 0, ""C05"": 0, ""C06"": 1661, ""C07"": 0, ""C08"": 0, ""C09"": 0, ""C10"": 0, ""C11"": 0, ""C12"": 0, ""C13"": 0, ""C14"": 0, ""C15"": 0}","{""C01"": 0.02525927985692998, ""C02"": 0.02525927985692998, ""C03"": 0.02525927985692998, ""C04"": 0.02525927985692998, ""C05"": 0.02525927985692998, ""C06"": 0.024297368893670585, ""C07"": 0.02525927985692998, ""C08"": 0.02525927985692998, ""C09"": 0.02525927985692998, ""C10"": 0.02525927985692998, ""C11"": 0.02525927985692998, ""C12"": 0.02525927985692998, ""C13"": 0.02525927985692998, ""C14"": 0.02525927985692998, ""C15"": 0.02525927985692998}"
69,69,1,90,0.321490,15,"{""C01"": 1.764034, ""C02"": 1.969399, ""C03"": 1.782495, ""C04"": 1.801067, ""C05"": 1.528018, ""C06"": 1.974665, ""C07"": 1.788266, ""C08"": 1.756035, ""C09"": 1.816966, ""C10"": 1.507863, ""C11"": 1.573667, ""C12"": 1.861714, ""C13"": 1.778008, ""C14"": 1.787634, ""C15"": 1.866841}","{""C01"": 0, ""C02"": 811, ""C03"": 0, ""C04"": 0, ""C05"": 0, ""C06"": 855, ""C07"": 0, ""C08"": 0, ""C09"": 0, ""C10"": 0, ""C11"": 0, ""C12"": 0, ""C13"": 0, ""C14"": 0, ""C15"": 0}","{""C01"": 0.02525505289527087, ""C02"": 0.024785388523812076, ""C03"": 0.02525505289527087, ""C04"": 0.02525505289527087, ""C05"": 0.02525505289527087, ""C06"": 0.0247599118833199, ""C07"": 0.02525505289527087, ""C08"": 0.02525505289527087, ""C09"": 0.02525505289527087, ""C10"": 0.02525505289527087, ""C11"": 0.02525505289527087, ""C12"": 0.02525505289527087, ""C13"": 0.02525505289527087, ""C14"": 0.02525505289527087, ""C15"": 0.02525505289527087}"
70,70,1,349,1.224403,15,"{""C01"": 1.771608, ""C02"": 1.965971, ""C03"": 1.714062, ""C04"": 1.809519, ""C05"": 1.518246, ""C06"": 2.009821, ""C07"": 1.797057, ""C08"": 1.794295, ""C09"": 1.798931, ""C10"": 1.52359, ""C11"": 1.589068, ""C12"": 1.886781, ""C13"": 1.782778, ""C14"": 1.802189, ""C15"": 1.871103}","{""C01"": 0, ""C02"": 0, ""C03"": 0, ""C04"": 0, ""C05"": 0, ""C06"": 1655, ""C07"": 0, ""C08"": 0, ""C09"": 0, ""C10"": 0, ""C11"": 0, ""C12"": 0, ""C13"": 0, ""C14"": 0, ""C15"": 0}","{""C01"": 0.025266938302742417, ""C02"": 0.025266938302742417, ""C03"": 0.025266938302742417, ""C04"": 0.025266938302742417, ""C05"": 0.025266938302742417, ""C06"": 0.02430850197475926, ""C07"": 0.025266938302742417, ""C08"": 0.025266938302742417, ""C09"": 0.025266938302742417, ""C10"": 0.025266938302742417, ""C11"": 0.025266938302742417, ""C12"": 0.025266938302742417, ""C13"": 0.025266938302742417, ""C14"": 0.025266938302742417, ""C15"": 0.025266938302742417}"
71,71,1,886,3.128430,15,"{""C01"": 1.731144, ""C02"": 1.960696, ""C03"": 1.768074, ""C04"": 1.807148, ""C05"": 1.500583, ""C06"": 1.947017, ""C07"": 1.803842, ""C08"": 1.782365, ""C09"": 1.855368, ""C10"": 1.523365, ""C11"": 1.559357, ""C12"": 1.892821, ""C13"": 1.783708, ""C14"": 1.810328, ""C15"": 1.896915}","{""C01"": 0, ""C02"": 1668, ""C03"": 0, ""C04"": 0, ""C05"": 0, ""C06"": 0, ""C07"": 0, ""C08"": 0, ""C09"": 0, ""C10"": 0, ""C11"": 0, ""C12"": 0, ""C13"": 0, ""C14"": 0, ""C15"": 0}","{""C01"": 0.025250597964016935, ""C02"": 0.02428463297757675, ""C03"": 0.025250597964016935, ""C04"": 0.025250597964016935, ""C05"": 0.025250597964016935, ""C06"": 0.025250597964016935, ""C07"": 0.025250597964016935, ""C08"": 0.025250597964016935, ""C09"": 0.025250597964016935, ""C10"": 0.025250597964016935, ""C11"": 0.025250597964016935, ""C12"": 0.025250597964016935, ""C13"": 0.025250597964016935, ""C14"": 0.025250597964016935, ""C15"": 0.025250597964016935}"
72,72,1,312,1.113408,15,"{""C01"": 1.750593, ""C02"": 1.938099, ""C03"": 1.774619, ""C04"": 1.828493, ""C05"": 1.549041, ""C06"": 1.983587, ""C07"": 1.828613, ""C08"": 1.725405, ""C09"": 1.809872, ""C10"": 1.4869, ""C11"": 1.628886, ""C12"": 1.873177, ""C13"": 1.786784, ""C14"": 1.792938, ""C15"": 1.862427}","{""C01"": 0, ""C02"": 0, ""C03"": 0, ""C04"": 0, ""C05"": 0, ""C06"": 1661, ""C07"": 0, ""C08"": 0, ""C09"": 0, ""C10"": 0, ""C11"": 0, ""C12"": 0, ""C13"": 0, ""C14"": 0, ""C15"": 0}","{""C01"": 0.025257761036297885, ""C02"": 0.025257761036297885, ""C03"": 0.025257761036297885, ""C04"": 0.025257761036297885, ""C05"": 0.025257761036297885, ""C06"": 0.024295851746937134, ""C07"": 0.025257761036297885, ""C08"": 0.025257761036297885, ""C09"": 0.025257761036297885, ""C10"": 0.025257761036297885, ""C11"": 0.025257761036297885, ""C12"": 0.025257761036297885, ""C13"": 0.025257761036297885, ""C14"": 0.025257761036297885, ""C15"": 0.025257761036297885}"
73,73,1,293,1.112921,15,"{""C01"": 1.764858, ""C02"": 1.92695, ""C03"": 1.754361, ""C04"": 1.775597, ""C05"": 1.514052, ""C06"": 1.979848, ""C07"": 1.789066, ""C08"": 1.819446, ""C09"": 1.810412, ""C10"": 1.547399, ""C11"": 1.551924, ""C12"": 1.902733, ""C13"": 1.779783, ""C14"": 1.798067, ""C15"": 1.873146}","{""C01"": 0, ""C02"": 0, ""C03"": 0, ""C04"": 0, ""C05"": 0, ""C06"": 1662, ""C07"": 0, ""C08"": 0, ""C09"": 0, ""C10"": 0, ""C11"": 0, ""C12"": 0, ""C13"": 0, ""C14"": 0, ""C15"": 0}","{""C01"": 0.025256519343741027, ""C02"": 0.025256519343741027, ""C03"": 0.025256519343741027, ""C04"": 0.025256519343741027, ""C05"": 0.025256519343741027, ""C06"": 0.024294030908813498, ""C07"": 0.025256519343741027, ""C08"": 0.025256519343741027, ""C09"": 0.025256519343741027, ""C10"": 0.025256519343741027, ""C11"": 0.025256519343741027, ""C12"": 0.025256519343741027, ""C13"": 0.025256519343741027, ""C14"": 0.025256519343741027, ""C15"": 0.025256519343741027}"
74,74,1,286,1.026905,15,"{""C01"": 1.760603, ""C02"": 1.931386, ""C03"": 1.74636, ""C04"": 1.788213, ""C05"": 1.516576, ""C06"": 1.987767, ""C07"": 1.80264, ""C08"": 1.788297, ""C09"": 1.829669, ""C10"": 1.488416, ""C11"": 1.573993, ""C12"": 1.900711, ""C13"": 1.780838, ""C14"": 1.784287, ""C15"": 1.880047}","{""C01"": 0, ""C02"": 0, ""C03"": 0, ""C04"": 0, ""C05"": 0, ""C06"": 1660, ""C07"": 0, ""C08"": 0, ""C09"": 0, ""C10"": 0, ""C11"": 0, ""C12"": 0, ""C13"": 0, ""C14"": 0, ""C15"": 0}","{""C01"": 0.025259212440588055, ""C02"": 0.025259212440588055, ""C03"": 0.025259212440588055, ""C04"": 0.025259212440588055, ""C05"": 0.025259212440588055, ""C06"": 0.02429788206547695, ""C07"": 0.025259212440588055, ""C08"": 0.025259212440588055, ""C09"": 0.025259212440588055, ""C10"": 0.025259212440588055, ""C11"": 0.025259212440588055, ""C12"": 0.025259212440588055, ""C13"": 0.025259212440588055, ""C14"": 0.025259212440588055, ""C15"": 0.025259212440588055}"
75,75,1,576,2.083601,15,"{""C01"": 1.746834, ""C02"": 1.939148, ""C03"": 1.778575, ""C04"": 1.801213, ""C05"": 1.511684, ""C06"": 1.964674, ""C07"": 1.817456, ""C08"": 1.730749, ""C09"": 1.807004, ""C10"": 1.482783, ""C11"": 1.554028, ""C12"": 1.852476, ""C13"": 1.729822, ""C14"": 1.793897, ""C15"": 1.857708}","{""C01"": 0, ""C02"": 0, ""C03"": 0, ""C04"": 0, ""C05"": 0, ""C06"": 1666, ""C07"": 0, ""C08"": 0, ""C09"": 0, ""C10"": 0, ""C11"": 0, ""C12"": 0, ""C13"": 0, ""C14"": 0, ""C15"": 0}","{""C01"": 0.02525139954757176, ""C02"": 0.02525139954757176, ""C03"": 0.02525139954757176, ""C04"": 0.02525139954757176, ""C05"": 0.02525139954757176, ""C06"": 0.024286594697995368, ""C07"": 0.02525139954757176, ""C08"": 0.02525139954757176, ""C09"": 0.02525139954757176, ""C10"": 0.02525139954757176, ""C11"": 0.02525139954757176, ""C12"": 0.02525139954757176, ""C13"": 0.02525139954757176, ""C14"": 0.02525139954757176, ""C15"": 0.02525139954757176}"
76,76,1,399,1.433671,15,"{""C01"": 1.779013, ""C02"": 1.926898, ""C03"": 1.757729, ""C04"": 1.764596, ""C05"": 1.473933, ""C06"": 1.968018, ""C07"": 1.762121, ""C08"": 1.746348, ""C09"": 1.783996, ""C10"": 1.501783, ""C11"": 1.553078, ""C12"": 1.880679, ""C13"": 1.752535, ""C14"": 1.818286, ""C15"": 1.860403}","{""C01"": 0, ""C02"": 0, ""C03"": 0, ""C04"": 0, ""C05"": 0, ""C06"": 1666, ""C07"": 0, ""C08"": 0, ""C09"": 0, ""C10"": 0, ""C11"": 0, ""C12"": 0, ""C13"": 0, ""C14"": 0, ""C15"": 0}","{""C01"": 0.025253046833112733, ""C02"": 0.025253046833112733, ""C03"": 0.025253046833112733, ""C04"": 0.025253046833112733, ""C05"": 0.025253046833112733, ""C06"": 0.024288240174033294, ""C07"": 0.025253046833112733, ""C08"": 0.025253046833112733, ""C09"": 0.025253046833112733, ""C10"": 0.025253046833112733, ""C11"": 0.025253046833112733, ""C12"": 0.025253046833112733, ""C13"": 0.025253046833112733, ""C14"": 0.025253046833112733, ""C15"": 0.025253046833112733}"
77,77,1,210,0.749791,15,"{""C01"": 1.756993, ""C02"": 1.890986, ""C03"": 1.723937, ""C04"": 1.775886, ""C05"": 1.464758, ""C06"": 1.966594, ""C07"": 1.786885, ""C08"": 1.76139, ""C09"": 1.82416, ""C10"": 1.498134, ""C11"": 1.554603, ""C12"": 1.857416, ""C13"": 1.760856, ""C14"": 1.800301, ""C15"": 1.844042}","{""C01"": 0, ""C02"": 0, ""C03"": 0, ""C04"": 0, ""C05"": 0, ""C06"": 1666, ""C07"": 0, ""C08"": 0, ""C09"": 0, ""C10"": 0, ""C11"": 0, ""C12"": 0, ""C13"": 0, ""C14"": 0, ""C15"": 0}","{""C01"": 0.025252345856822844, ""C02"": 0.025252345856822844, ""C03"": 0.025252345856822844, ""C04"": 0.025252345856822844, ""C05"": 0.025252345856822844, ""C06"": 0.024287539967766034, ""C07"": 0.025252345856822844, ""C08"": 0.025252345856822844, ""C09"": 0.025252345856822844, ""C10"": 0.025252345856822844, ""C11"": 0.025252345856822844, ""C12"": 0.025252345856822844, ""C13"": 0.025252345856822844, ""C14"": 0.025252345856822844, ""C15"": 0.025252345856822844}"
78,78,1,238,0.860961,15,"{""C01"": 1.714593, ""C02"": 1.894661, ""C03"": 1.730487, ""C04"": 1.765775, ""C05"": 1.502213, ""C06"": 1.958778, ""C07"": 1.785763, ""C08"": 1.730182, ""C09"": 1.79658, ""C10"": 1.440312, ""C11"": 1.504202, ""C12"": 1.858005, ""C13"": 1.724057, ""C14"": 1.748593, ""C15"": 1.828681}","{""C01"": 0, ""C02"": 0, ""C03"": 0, ""C04"": 0, ""C05"": 0, ""C06"": 1668, ""C07"": 0, ""C08"": 0, ""C09"": 0, ""C10"": 0, ""C11"": 0, ""C12"": 0, ""C13"": 0, ""C14"": 0, ""C15"": 0}","{""C01"": 0.025249649011422307, ""C02"": 0.025249649011422307, ""C03"": 0.025249649011422307, ""C04"": 0.025249649011422307, ""C05"": 0.025249649011422307, ""C06"": 0.02428368506603249, ""C07"": 0.025249649011422307, ""C08"": 0.025249649011422307, ""C09"": 0.025249649011422307, ""C10"": 0.025249649011422307, ""C11"": 0.025249649011422307, ""C12"": 0.025249649011422307, ""C13"": 0.025249649011422307, ""C14"": 0.025249649011422307, ""C15"": 0.025249649011422307}"
79,79,1,1170,4.169969,15,"{""C01"": 1.71997, ""C02"": 1.921237, ""C03"": 1.728544, ""C04"": 1.771188, ""C05"": 1.458249, ""C06"": 1.930714, ""C07"": 1.754589, ""C08"": 1.719144, ""C09"": 1.797598, ""C10"": 1.488775, ""C11"": 1.523459, ""C12"": 1.830002, ""C13"": 1.738421, ""C14"": 1.772335, ""C15"": 1.864713}","{""C01"": 0, ""C02"": 0, ""C03"": 0, ""C04"": 0, ""C05"": 0, ""C06"": 1676, ""C07"": 0, ""C08"": 0, ""C09"": 0, ""C10"": 0, ""C11"": 0, ""C12"": 0, ""C13"": 0, ""C14"": 0, ""C15"": 0}","{""C01"": 0.025240273204393426, ""C02"": 0.025240273204393426, ""C03"": 0.025240273204393426, ""C04"": 0.025240273204393426, ""C05"": 0.025240273204393426, ""C06"": 0.024269675485207698, ""C07"": 0.025240273204393426, ""C08"": 0.025240273204393426, ""C09"": 0.025240273204393426, ""C10"": 0.025240273204393426, ""C11"": 0.025240273204393426, ""C12"": 0.025240273204393426, ""C13"": 0.025240273204393426, ""C14"": 0.025240273204393426, ""C15"": 0.025240273204393426}"
80,80,1,838,2.990104,15,"{""C01"": 1.716487, ""C02"": 1.898054, ""C03"": 1.726376, ""C04"": 1.76449, ""C05"": 1.489541, ""C06"": 1.916576, ""C07"": 1.746846, ""C08"": 1.723932, ""C09"": 1.744862, ""C10"": 1.424607, ""C11"": 1.540654, ""C12"": 1.851517, ""C13"": 1.715692, ""C14"": 1.744133, ""C15"": 1.83197}","{""C01"": 0, ""C02"": 0, ""C03"": 0, ""C04"": 0, ""C05"": 0, ""C06"": 1680, ""C07"": 0, ""C08"": 0, ""C09"": 0, ""C10"": 0, ""C11"": 0, ""C12"": 0, ""C13"": 0, ""C14"": 0, ""C15"": 0}","{""C01"": 0.025235430408323267, ""C02"": 0.025235430408323267, ""C03"": 0.025235430408323267, ""C04"": 0.025235430408323267, ""C05"": 0.025235430408323267, ""C06"": 0.02426251597209286, ""C07"": 0.025235430408323267, ""C08"": 0.025235430408323267, ""C09"": 0.025235430408323267, ""C10"": 0.025235430408323267, ""C11"": 0.025235430408323267, ""C12"": 0.025235430408323267, ""C13"": 0.025235430408323267, ""C14"": 0.025235430408323267, ""C15"": 0.025235430408323267}"
81,81,1,292,1.052024,15,"{""C01"": 1.676561, ""C02"": 1.882528, ""C03"": 1.712357, ""C04"": 1.721762, ""C05"": 1.4713, ""C06"": 1.937133, ""C07"": 1.737588, ""C08"": 1.754551, ""C09"": 1.763275, ""C10"": 1.449125, ""C11"": 1.473979, ""C12"": 1.818681, ""C13"": 1.712051, ""C14"": 1.707538, ""C15"": 1.799618}","{""C01"": 0, ""C02"": 0, ""C03"": 0, ""C04"": 0, ""C05"": 0, ""C06"": 1674, ""C07"": 0, ""C08"": 0, ""C09"": 0, ""C10"": 0, ""C11"": 0, ""C12"": 0, ""C13"": 0, ""C14"": 0, ""C15"": 0}","{""C01"": 0.025242342320805675, ""C02"": 0.025242342320805675, ""C03"": 0.025242342320805675, ""C04"": 0.025242342320805675, ""C05"": 0.025242342320805675, ""C06"": 0.024272903345075144, ""C07"": 0.025242342320805675, ""C08"": 0.025242342320805675, ""C09"": 0.025242342320805675, ""C10"": 0.025242342320805675, ""C11"": 0.025242342320805675, ""C12"": 0.025242342320805675, ""C13"": 0.025242342320805675, ""C14"": 0.025242342320805675, ""C15"": 0.025242342320805675}"
82,82,1,239,0.860854,15,"{""C01"": 1.709945, ""C02"": 1.857352, ""C03"": 1.6874, ""C04"": 1.718387, ""C05"": 1.434242, ""C06"": 1.922247, ""C07"": 1.718754, ""C08"": 1.729602, ""C09"": 1.757941, ""C10"": 1.427529, ""C11"": 1.527659, ""C12"": 1.829621, ""C13"": 1.694135, ""C14"": 1.7144, ""C15"": 1.780988}","{""C01"": 0, ""C02"": 0, ""C03"": 0, ""C04"": 0, ""C05"": 0, ""C06"": 1678, ""C07"": 0, ""C08"": 0, ""C09"": 0, ""C10"": 0, ""C11"": 0, ""C12"": 0, ""C13"": 0, ""C14"": 0, ""C15"": 0}","{""C01"": 0.02523715134812897, ""C02"": 0.02523715134812897, ""C03"": 0.02523715134812897, ""C04"": 0.02523715134812897, ""C05"": 0.02523715134812897, ""C06"": 0.02426539603383896, ""C07"": 0.02523715134812897, ""C08"": 0.02523715134812897, ""C09"": 0.02523715134812897, ""C10"": 0.02523715134812897, ""C11"": 0.02523715134812897, ""C12"": 0.02523715134812897, ""C13"": 0.02523715134812897, ""C14"": 0.02523715134812897, ""C15"": 0.02523715134812897}"
83,83,1,449,1.608550,15,"{""C01"": 1.729972, ""C02"": 1.861099, ""C03"": 1.679432, ""C04"": 1.751349, ""C05"": 1.453569, ""C06"": 1.89263, ""C07"": 1.779853, ""C08"": 1.687793, ""C09"": 1.759975, ""C10"": 1.406137, ""C11"": 1.505382, ""C12"": 1.805653, ""C13"": 1.708533, ""C14"": 1.745326, ""C15"": 1.82991}","{""C01"": 0, ""C02"": 0, ""C03"": 0, ""C04"": 0, ""C05"": 0, ""C06"": 1686, ""C07"": 0, ""C08"": 0, ""C09"": 0, ""C10"": 0, ""C11"": 0, ""C12"": 0, ""C13"": 0, ""C14"": 0, ""C15"": 0}","{""C01"": 0.025226617635759646, ""C02"": 0.025226617635759646, ""C03"": 0.025226617635759646, ""C04"": 0.025226617635759646, ""C05"": 0.025226617635759646, ""C06"": 0.024250229802835945, ""C07"": 0.025226617635759646, ""C08"": 0.025226617635759646, ""C09"": 0.025226617635759646, ""C10"": 0.025226617635759646, ""C11"": 0.025226617635759646, ""C12"": 0.025226617635759646, ""C13"": 0.025226617635759646, ""C14"": 0.025226617635759646, ""C15"": 0.025226617635759646}"
84,84,1,238,0.843482,15,"{""C01"": 1.722317, ""C02"": 1.877399, ""C03"": 1.700835, ""C04"": 1.726965, ""C05"": 1.432525, ""C06"": 1.940845, ""C07"": 1.76092, ""C08"": 1.714544, ""C09"": 1.738642, ""C10"": 1.416279, ""C11"": 1.463764, ""C12"": 1.792924, ""C13"": 1.715882, ""C14"": 1.725564, ""C15"": 1.774776}","{""C01"": 0, ""C02"": 0, ""C03"": 0, ""C04"": 0, ""C05"": 0, ""C06"": 1673, ""C07"": 0, ""C08"": 0, ""C09"": 0, ""C10"": 0, ""C11"": 0, ""C12"": 0, ""C13"": 0, ""C14"": 0, ""C15"": 0}","{""C01"": 0.02524362345011673, ""C02"": 0.02524362345011673, ""C03"": 0.02524362345011673, ""C04"": 0.02524362345011673, ""C05"": 0.02524362345011673, ""C06"": 0.02427476357687481, ""C07"": 0.02524362345011673, ""C08"": 0.02524362345011673, ""C09"": 0.02524362345011673, ""C10"": 0.02524362345011673, ""C11"": 0.02524362345011673, ""C12"": 0.02524362345011673, ""C13"": 0.02524362345011673, ""C14"": 0.02524362345011673, ""C15"": 0.02524362345011673}"
85,85,1,570,2.056604,15,"{""C01"": 1.688436, ""C02"": 1.879831, ""C03"": 1.72873, ""C04"": 1.698697, ""C05"": 1.415741, ""C06"": 1.904552, ""C07"": 1.749353, ""C08"": 1.69295, ""C09"": 1.723934, ""C10"": 1.420986, ""C11"": 1.486275, ""C12"": 1.82086, ""C13"": 1.673336, ""C14"": 1.770041, ""C15"": 1.792506}","{""C01"": 0, ""C02"": 0, ""C03"": 0, ""C04"": 0, ""C05"": 0, ""C06"": 1683, ""C07"": 0, ""C08"": 0, ""C09"": 0, ""C10"": 0, ""C11"": 0, ""C12"": 0, ""C13"": 0, ""C14"": 0, ""C15"": 0}","{""C01"": 0.025231023253236562, ""C02"": 0.025231023253236562, ""C03"": 0.025231023253236562, ""C04"": 0.025231023253236562, ""C05"": 0.025231023253236562, ""C06"": 0.02425637212116136, ""C07"": 0.025231023253236562, ""C08"": 0.025231023253236562, ""C09"": 0.025231023253236562, ""C10"": 0.025231023253236562, ""C11"": 0.025231023253236562, ""C12"": 0.025231023253236562, ""C13"": 0.025231023253236562, ""C14"": 0.025231023253236562, ""C15"": 0.025231023253236562}"
86,86,1,427,1.530858,15,"{""C01"": 1.648938, ""C02"": 1.854133, ""C03"": 1.659573, ""C04"": 1.699, ""C05"": 1.442298, ""C06"": 1.892149, ""C07"": 1.725257, ""C08"": 1.720701, ""C09"": 1.736604, ""C10"": 1.408808, ""C11"": 1.491024, ""C12"": 1.79033, ""C13"": 1.718174, ""C14"": 1.723218, ""C15"": 1.798841}","{""C01"": 0, ""C02"": 0, ""C03"": 0, ""C04"": 0, ""C05"": 0, ""C06"": 1686, ""C07"": 0, ""C08"": 0, ""C09"": 0, ""C10"": 0, ""C11"": 0, ""C12"": 0, ""C13"": 0, ""C14"": 0, ""C15"": 0}","{""C01"": 0.02522636843527752, ""C02"": 0.02522636843527752, ""C03"": 0.02522636843527752, ""C04"": 0.02522636843527752, ""C05"": 0.02522636843527752, ""C06"": 0.024249980872524248, ""C07"": 0.02522636843527752, ""C08"": 0.02522636843527752, ""C09"": 0.02522636843527752, ""C10"": 0.02522636843527752, ""C11"": 0.02522636843527752, ""C12"": 0.02522636843527752, ""C13"": 0.02522636843527752, ""C14"": 0.02522636843527752, ""C15"": 0.02522636843527752}"
87,87,1,849,2.997764,15,"{""C01"": 1.718833, ""C02"": 1.890379, ""C03"": 1.649085, ""C04"": 1.698339, ""C05"": 1.449731, ""C06"": 1.908831, ""C07"": 1.714954, ""C08"": 1.682815, ""C09"": 1.759859, ""C10"": 1.392517, ""C11"": 1.471775, ""C12"": 1.790835, ""C13"": 1.722778, ""C14"": 1.738408, ""C15"": 1.770931}","{""C01"": 0, ""C02"": 0, ""C03"": 0, ""C04"": 0, ""C05"": 0, ""C06"": 1682, ""C07"": 0, ""C08"": 0, ""C09"": 0, ""C10"": 0, ""C11"": 0, ""C12"": 0, ""C13"": 0, ""C14"": 0, ""C15"": 0}","{""C01"": 0.02523263677506546, ""C02"": 0.02523263677506546, ""C03"": 0.02523263677506546, ""C04"": 0.02523263677506546, ""C05"": 0.02523263677506546, ""C06"": 0.0242585643849329, ""C07"": 0.02523263677506546, ""C08"": 0.02523263677506546, ""C09"": 0.02523263677506546, ""C10"": 0.02523263677506546, ""C11"": 0.02523263677506546, ""C12"": 0.02523263677506546, ""C13"": 0.02523263677506546, ""C14"": 0.02523263677506546, ""C15"": 0.02523263677506546}"
88,88,1,889,3.169615,15,"{""C01"": 1.725521, ""C02"": 1.892404, ""C03"": 1.675179, ""C04"": 1.69755, ""C05"": 1.431585, ""C06"": 1.88176, ""C07"": 1.73785, ""C08"": 1.720017, ""C09"": 1.795899, ""C10"": 1.379917, ""C11"": 1.491726, ""C12"": 1.792299, ""C13"": 1.700093, ""C14"": 1.722396, ""C15"": 1.78288}","{""C01"": 0, ""C02"": 1686, ""C03"": 0, ""C04"": 0, ""C05"": 0, ""C06"": 0, ""C07"": 0, ""C08"": 0, ""C09"": 0, ""C10"": 0, ""C11"": 0, ""C12"": 0, ""C13"": 0, ""C14"": 0, ""C15"": 0}","{""C01"": 0.02522650055929887, ""C02"": 0.024250112853303887, ""C03"": 0.02522650055929887, ""C04"": 0.02522650055929887, ""C05"": 0.02522650055929887, ""C06"": 0.02522650055929887, ""C07"": 0.02522650055929887, ""C08"": 0.02522650055929887, ""C09"": 0.02522650055929887, ""C10"": 0.02522650055929887, ""C11"": 0.02522650055929887, ""C12"": 0.02522650055929887, ""C13"": 0.02522650055929887, ""C14"": 0.02522650055929887, ""C15"": 0.02522650055929887}"
89,89,1,315,1.138835,15,"{""C01"": 1.702196, ""C02"": 1.876109, ""C03"": 1.680598, ""C04"": 1.757691, ""C05"": 1.398109, ""C06"": 1.919453, ""C07"": 1.76075, ""C08"": 1.715234, ""C09"": 1.756277, ""C10"": 1.395984, ""C11"": 1.499269, ""C12"": 1.812604, ""C13"": 1.691, ""C14"": 1.732947, ""C15"": 1.810328}","{""C01"": 0, ""C02"": 0, ""C03"": 0, ""C04"": 0, ""C05"": 0, ""C06"": 1679, ""C07"": 0, ""C08"": 0, ""C09"": 0, ""C10"": 0, ""C11"": 0, ""C12"": 0, ""C13"": 0, ""C14"": 0, ""C15"": 0}","{""C01"": 0.025236313390591902, ""C02"": 0.025236313390591902, ""C03"": 0.025236313390591902, ""C04"": 0.025236313390591902, ""C05"": 0.025236313390591902, ""C06"": 0.024263978490567918, ""C07"": 0.025236313390591902, ""C08"": 0.025236313390591902, ""C09"": 0.025236313390591902, ""C10"": 0.025236313390591902, ""C11"": 0.025236313390591902, ""C12"": 0.025236313390591902, ""C13"": 0.025236313390591902, ""C14"": 0.025236313390591902, ""C15"": 0.025236313390591902}"
90,90,1,417,1.517707,15,"{""C01"": 1.714887, ""C02"": 1.870778, ""C03"": 1.688768, ""C04"": 1.725022, ""C05"": 1.439871, ""C06"": 1.908932, ""C07"": 1.752113, ""C08"": 1.724353, ""C09"": 1.783168, ""C10"": 1.413258, ""C11"": 1.512567, ""C12"": 1.832345, ""C13"": 1.67095, ""C14"": 1.75805, ""C15"": 1.823671}","{""C01"": 0, ""C02"": 0, ""C03"": 0, ""C04"": 0, ""C05"": 0, ""C06"": 1682, ""C07"": 0, ""C08"": 0, ""C09"": 0, ""C10"": 0, ""C11"": 0, ""C12"": 0, ""C13"": 0, ""C14"": 0, ""C15"": 0}","{""C01"": 0.025232688500458136, ""C02"": 0.025232688500458136, ""C03"": 0.025232688500458136, ""C04"": 0.025232688500458136, ""C05"": 0.025232688500458136, ""C06"": 0.024258616054098014, ""C07"": 0.025232688500458136, ""C08"": 0.025232688500458136, ""C09"": 0.025232688500458136, ""C10"": 0.025232688500458136, ""C11"": 0.025232688500458136, ""C12"": 0.025232688500458136, ""C13"": 0.025232688500458136, ""C14"": 0.025232688500458136, ""C15"": 0.025232688500458136}"
91,91,1,444,1.601179,15,"{""C01"": 1.725217, ""C02"": 1.918484, ""C03"": 1.705589, ""C04"": 1.708996, ""C05"": 1.428767, ""C06"": 1.949725, ""C07"": 1.725037, ""C08"": 1.689704, ""C09"": 1.771702, ""C10"": 1.400055, ""C11"": 1.506447, ""C12"": 1.813836, ""C13"": 1.731859, ""C14"": 1.777279, ""C15"": 1.793373}","{""C01"": 0, ""C02"": 0, ""C03"": 0, ""C04"": 0, ""C05"": 0, ""C06"": 1670, ""C07"": 0, ""C08"": 0, ""C09"": 0, ""C10"": 0, ""C11"": 0, ""C12"": 0, ""C13"": 0, ""C14"": 0, ""C15"": 0}","{""C01"": 0.02524631588299034, ""C02"": 0.02524631588299034, ""C03"": 0.02524631588299034, ""C04"": 0.02524631588299034, ""C05"": 0.02524631588299034, ""C06"": 0.024279194577547097, ""C07"": 0.02524631588299034, ""C08"": 0.02524631588299034, ""C09"": 0.02524631588299034, ""C10"": 0.02524631588299034, ""C11"": 0.02524631588299034, ""C12"": 0.02524631588299034, ""C13"": 0.02524631588299034, ""C14"": 0.02524631588299034, ""C15"": 0.02524631588299034}"
92,92,1,729,2.600134,15,"{""C01"": 1.727026, ""C02"": 1.911253, ""C03"": 1.706939, ""C04"": 1.7715, ""C05"": 1.464696, ""C06"": 1.935132, ""C07"": 1.754343, ""C08"": 1.761028, ""C09"": 1.785562, ""C10"": 1.443869, ""C11"": 1.539204, ""C12"": 1.85635, ""C13"": 1.733682, ""C14"": 1.785325, ""C15"": 1.814679}","{""C01"": 0, ""C02"": 0, ""C03"": 0, ""C04"": 0, ""C05"": 0, ""C06"": 1674, ""C07"": 0, ""C08"": 0, ""C09"": 0, ""C10"": 0, ""C11"": 0, ""C12"": 0, ""C13"": 0, ""C14"": 0, ""C15"": 0}","{""C01"": 0.025241336310522097, ""C02"": 0.025241336310522097, ""C03"": 0.025241336310522097, ""C04"": 0.025241336310522097, ""C05"": 0.025241336310522097, ""C06"": 0.02427189843405837, ""C07"": 0.025241336310522097, ""C08"": 0.025241336310522097, ""C09"": 0.025241336310522097, ""C10"": 0.025241336310522097, ""C11"": 0.025241336310522097, ""C12"": 0.025241336310522097, ""C13"": 0.025241336310522097, ""C14"": 0.025241336310522097, ""C15"": 0.025241336310522097}"
93,93,1,1666,5.981587,15,"{""C01"": 1.747005, ""C02"": 1.944971, ""C03"": 1.684562, ""C04"": 1.754281, ""C05"": 1.461792, ""C06"": 1.936461, ""C07"": 1.769518, ""C08"": 1.724758, ""C09"": 1.764562, ""C10"": 1.429095, ""C11"": 1.500207, ""C12"": 1.823629, ""C13"": 1.709907, ""C14"": 1.746881, ""C15"": 1.811509}","{""C01"": 0, ""C02"": 1672, ""C03"": 0, ""C04"": 0, ""C05"": 0, ""C06"": 0, ""C07"": 0, ""C08"": 0, ""C09"": 0, ""C10"": 0, ""C11"": 0, ""C12"": 0, ""C13"": 0, ""C14"": 0, ""C15"": 0}","{""C01"": 0.025245106811746423, ""C02"": 0.024276825819613244, ""C03"": 0.025245106811746423, ""C04"": 0.025245106811746423, ""C05"": 0.025245106811746423, ""C06"": 0.025245106811746423, ""C07"": 0.025245106811746423, ""C08"": 0.025245106811746423, ""C09"": 0.025245106811746423, ""C10"": 0.025245106811746423, ""C11"": 0.025245106811746423, ""C12"": 0.025245106811746423, ""C13"": 0.025245106811746423, ""C14"": 0.025245106811746423, ""C15"": 0.025245106811746423}"
94,94,1,857,3.132749,15,"{""C01"": 1.74206, ""C02"": 1.915407, ""C03"": 1.744185, ""C04"": 1.742201, ""C05"": 1.474415, ""C06"": 1.93188, ""C07"": 1.799436, ""C08"": 1.753426, ""C09"": 1.780181, ""C10"": 1.421065, ""C11"": 1.517356, ""C12"": 1.826579, ""C13"": 1.740396, ""C14"": 1.781122, ""C15"": 1.795222}","{""C01"": 0, ""C02"": 0, ""C03"": 0, ""C04"": 0, ""C05"": 0, ""C06"": 1675, ""C07"": 0, ""C08"": 0, ""C09"": 0, ""C10"": 0, ""C11"": 0, ""C12"": 0, ""C13"": 0, ""C14"": 0, ""C15"": 0}","{""C01"": 0.025240279928298567, ""C02"": 0.025240279928298567, ""C03"": 0.025240279928298567, ""C04"": 0.025240279928298567, ""C05"": 0.025240279928298567, ""C06"": 0.02427026270310582, ""C07"": 0.025240279928298567, ""C08"": 0.025240279928298567, ""C09"": 0.025240279928298567, ""C10"": 0.025240279928298567, ""C11"": 0.025240279928298567, ""C12"": 0.025240279928298567, ""C13"": 0.025240279928298567, ""C14"": 0.025240279928298567, ""C15"": 0.025240279928298567}"
95,95,1,876,3.156370,15,"{""C01"": 1.787987, ""C02"": 1.952544, ""C03"": 1.697221, ""C04"": 1.764521, ""C05"": 1.478871, ""C06"": 1.964067, ""C07"": 1.793527, ""C08"": 1.751361, ""C09"": 1.781119, ""C10"": 1.415988, ""C11"": 1.541097, ""C12"": 1.86414, ""C13"": 1.751421, ""C14"": 1.791193, ""C15"": 1.825086}","{""C01"": 0, ""C02"": 0, ""C03"": 0, ""C04"": 0, ""C05"": 0, ""C06"": 1667, ""C07"": 0, ""C08"": 0, ""C09"": 0, ""C10"": 0, ""C11"": 0, ""C12"": 0, ""C13"": 0, ""C14"": 0, ""C15"": 0}","{""C01"": 0.02525168156636133, ""C02"": 0.02525168156636133, ""C03"": 0.02525168156636133, ""C04"": 0.02525168156636133, ""C05"": 0.02525168156636133, ""C06"": 0.024286295898217673, ""C07"": 0.02525168156636133, ""C08"": 0.02525168156636133, ""C09"": 0.02525168156636133, ""C10"": 0.02525168156636133, ""C11"": 0.02525168156636133, ""C12"": 0.02525168156636133, ""C13"": 0.02525168156636133, ""C14"": 0.02525168156636133, ""C15"": 0.02525168156636133}"
96,96,1,852,3.055202,15,"{""C01"": 1.743302, ""C02"": 1.947953, ""C03"": 1.715583, ""C04"": 1.783086, ""C05"": 1.501786, ""C06"": 1.964116, ""C07"": 1.796829, ""C08"": 1.766765, ""C09"": 1.811759, ""C10"": 1.442618, ""C11"": 1.557915, ""C12"": 1.878851, ""C13"": 1.768391, ""C14"": 1.792922, ""C15"": 1.834389}","{""C01"": 0, ""C02"": 0, ""C03"": 0, ""C04"": 0, ""C05"": 0, ""C06"": 1667, ""C07"": 0, ""C08"": 0, ""C09"": 0, ""C10"": 0, ""C11"": 0, ""C12"": 0, ""C13"": 0, ""C14"": 0, ""C15"": 0}","{""C01"": 0.02525170573797421, ""C02"": 0.02525170573797421, ""C03"": 0.02525170573797421, ""C04"": 0.02525170573797421, ""C05"": 0.02525170573797421, ""C06"": 0.024286320043295277, ""C07"": 0.02525170573797421, ""C08"": 0.02525170573797421, ""C09"": 0.02525170573797421, ""C10"": 0.02525170573797421, ""C11"": 0.02525170573797421, ""C12"": 0.02525170573797421, ""C13"": 0.02525170573797421, ""C14"": 0.02525170573797421, ""C15"": 0.02525170573797421}"
97,97,1,246,0.920724,15,"{""C01"": 1.749665, ""C02"": 1.940097, ""C03"": 1.739685, ""C04"": 1.773935, ""C05"": 1.506028, ""C06"": 2.001839, ""C07"": 1.808281, ""C08"": 1.767325, ""C09"": 1.84536, ""C10"": 1.47353, ""C11"": 1.582187, ""C12"": 1.862808, ""C13"": 1.757512, ""C14"": 1.833438, ""C15"": 1.801839}","{""C01"": 0, ""C02"": 0, ""C03"": 0, ""C04"": 0, ""C05"": 0, ""C06"": 1657, ""C07"": 0, ""C08"": 0, ""C09"": 0, ""C10"": 0, ""C11"": 0, ""C12"": 0, ""C13"": 0, ""C14"": 0, ""C15"": 0}","{""C01"": 0.0252642705493792, ""C02"": 0.0252642705493792, ""C03"": 0.0252642705493792, ""C04"": 0.0252642705493792, ""C05"": 0.0252642705493792, ""C06"": 0.02430467613705007, ""C07"": 0.0252642705493792, ""C08"": 0.0252642705493792, ""C09"": 0.0252642705493792, ""C10"": 0.0252642705493792, ""C11"": 0.0252642705493792, ""C12"": 0.0252642705493792, ""C13"": 0.0252642705493792, ""C14"": 0.0252642705493792, ""C15"": 0.0252642705493792}"
98,98,1,445,1.614749,15,"{""C01"": 1.814742, ""C02"": 1.975843, ""C03"": 1.761456, ""C04"": 1.779295, ""C05"": 1.494787, ""C06"": 1.94312, ""C07"": 1.76651, ""C08"": 1.776141, ""C09"": 1.839435, ""C10"": 1.44149, ""C11"": 1.543953, ""C12"": 1.888621, ""C13"": 1.765251, ""C14"": 1.811049, ""C15"": 1.837713}","{""C01"": 0, ""C02"": 1664, ""C03"": 0, ""C04"": 0, ""C05"": 0, ""C06"": 0, ""C07"": 0, ""C08"": 0, ""C09"": 0, ""C10"": 0, ""C11"": 0, ""C12"": 0, ""C13"": 0, ""C14"": 0, ""C15"": 0}","{""C01"": 0.025255724314413197, ""C02"": 0.024292075731134937, ""C03"": 0.025255724314413197, ""C04"": 0.025255724314413197, ""C05"": 0.025255724314413197, ""C06"": 0.025255724314413197, ""C07"": 0.025255724314413197, ""C08"": 0.025255724314413197, ""C09"": 0.025255724314413197, ""C10"": 0.025255724314413197, ""C11"": 0.025255724314413197, ""C12"": 0.025255724314413197, ""C13"": 0.025255724314413197, ""C14"": 0.025255724314413197, ""C15"": 0.025255724314413197}"
99,99,1,434,1.568309,15,"{""C01"": 1.792804, ""C02"": 1.980169, ""C03"": 1.779949, ""C04"": 1.791097, ""C05"": 1.506866, ""C06"": 1.945591, ""C07"": 1.801375, ""C08"": 1.769239, ""C09"": 1.849486, ""C10"": 1.438775, ""C11"": 1.549826, ""C12"": 1.896633, ""C13"": 1.770861, ""C14"": 1.825718, ""C15"": 1.867896}","{""C01"": 0, ""C02"": 1662, ""C03"": 0, ""C04"": 0, ""C05"": 0, ""C06"": 0, ""C07"": 0, ""C08"": 0, ""C09"": 0, ""C10"": 0, ""C11"": 0, ""C12"": 0, ""C13"": 0, ""C14"": 0, ""C15"": 0}","{""C01"": 0.02525667605513318, ""C02"": 0.024294187447612754, ""C03"": 0.02525667605513318, ""C04"": 0.02525667605513318, ""C05"": 0.02525667605513318, ""C06"": 0.02525667605513318, ""C07"": 0.02525667605513318, ""C08"": 0.02525667605513318, ""C09"": 0.02525667605513318, ""C10"": 0.02525667605513318, ""C11"": 0.02525667605513318, ""C12"": 0.02525667605513318, ""C13"": 0.02525667605513318, ""C14"": 0.02525667605513318, ""C15"": 0.02525667605513318}"
100,100,1,899,3.216959,15,"{""C01"": 1.803214, ""C02"": 1.982811, ""C03"": 1.732598, ""C04"": 1.768858, ""C05"": 1.514451, ""C06"": 1.971804, ""C07"": 1.799237, ""C08"": 1.771629, ""C09"": 1.828298, ""C10"": 1.444817, ""C11"": 1.533873, ""C12"": 1.909357, ""C13"": 1.808745, ""C14"": 1.812937, ""C15"": 1.835541}","{""C01"": 0, ""C02"": 1662, ""C03"": 0, ""C04"": 0, ""C05"": 0, ""C06"": 0, ""C07"": 0, ""C08"": 0, ""C09"": 0, ""C10"": 0, ""C11"": 0, ""C12"": 0, ""C13"": 0, ""C14"": 0, ""C15"": 0}","{""C01"": 0.02525796446704734, ""C02"": 0.024295474440496227, ""C03"": 0.02525796446704734, ""C04"": 0.02525796446704734, ""C05"": 0.02525796446704734, ""C06"": 0.02525796446704734, ""C07"": 0.02525796446704734, ""C08"": 0.02525796446704734, ""C09"": 0.02525796446704734, ""C10"": 0.02525796446704734, ""C11"": 0.02525796446704734, ""C12"": 0.02525796446704734, ""C13"": 0.02525796446704734, ""C14"": 0.02525796446704734, ""C15"": 0.02525796446704734}"
1,1,1,223,1.340914,15,"{""C01"": 1.452761, ""C02"": 1.647307, ""C03"": 1.595779, ""C04"": 1.609857, ""C05"": 1.309651, ""C06"": 1.7112, ""C07"": 1.529866, ""C08"": 1.535494, ""C09"": 1.545339, ""C10"": 1.490027, ""C11"": 1.382104, ""C12"": 1.605923, ""C13"": 1.521092, ""C14"": 1.484694, ""C15"": 1.718751}","{""C01"": 0, ""C02"": 0, ""C03"": 0, ""C04"": 0, ""C05"": 0, ""C06"": 805, ""C07"": 0, ""C08"": 0, ""C09"": 0, ""C10"": 0, ""C11"": 0, ""C12"": 0, ""C13"": 0, ""C14"": 0, ""C15"": 932}","{""C01"": 0.02515829141252421, ""C02"": 0.02515829141252421, ""C03"": 0.02515829141252421, ""C04"": 0.02515829141252421, ""C05"": 0.02515829141252421, ""C06"": 0.024692104751481574, ""C07"": 0.02515829141252421, ""C08"": 0.02515829141252421, ""C09"": 0.02515829141252421, ""C10"": 0.02515829141252421, ""C11"": 0.02515829141252421, ""C12"": 0.02515829141252421, ""C13"": 0.02515829141252421, ""C14"": 0.02515829141252421, ""C15"": 0.02461857354138859}"
2,2,1,193,1.178401,15,"{""C01"": 1.46547, ""C02"": 1.654449, ""C03"": 1.59614, ""C04"": 1.609623, ""C05"": 1.350688, ""C06"": 1.765728, ""C07"": 1.593968, ""C08"": 1.559309, ""C09"": 1.530848, ""C10"": 1.453279, ""C11"": 1.399266, ""C12"": 1.682308, ""C13"": 1.572769, ""C14"": 1.494584, ""C15"": 1.762449}","{""C01"": 0, ""C02"": 0, ""C03"": 0, ""C04"": 0, ""C05"": 0, ""C06"": 877, ""C07"": 0, ""C08"": 0, ""C09"": 0, ""C10"": 0, ""C11"": 0, ""C12"": 0, ""C13"": 0, ""C14"": 0, ""C15"": 843}","{""C01"": 0.025176683889231694, ""C02"": 0.025176683889231694, ""C03"": 0.025176683889231694, ""C04"": 0.025176683889231694, ""C05"": 0.025176683889231694, ""C06"": 0.024668819297093803, ""C07"": 0.025176683889231694, ""C08"": 0.025176683889231694, ""C09"": 0.025176683889231694, ""C10"": 0.025176683889231694, ""C11"": 0.025176683889231694, ""C12"": 0.025176683889231694, ""C13"": 0.025176683889231694, ""C14"": 0.025176683889231694, ""C15"": 0.024688500309044365}"
3,3,1,335,1.519099,15,"{""C01"": 1.464076, ""C02"": 1.699544, ""C03"": 1.656857, ""C04"": 1.627574, ""C05"": 1.356785, ""C06"": 1.817279, ""C07"": 1.635244, ""C08"": 1.591753, ""C09"": 1.580458, ""C10"": 1.496836, ""C11"": 1.397984, ""C12"": 1.669753, ""C13"": 1.6089, ""C14"": 1.563213, ""C15"": 1.727528}","{""C01"": 0, ""C02"": 0, ""C03"": 0, ""C04"": 0, ""C05"": 0, ""C06"": 1703, ""C07"": 0, ""C08"": 0, ""C09"": 0, ""C10"": 0, ""C11"": 0, ""C12"": 0, ""C13"": 0, ""C14"": 0, ""C15"": 0}","{""C01"": 0.02519641284168425, ""C02"": 0.02519641284168425, ""C03"": 0.02519641284168425, ""C04"": 0.02519641284168425, ""C05"": 0.02519641284168425, ""C06"": 0.024210196432358954, ""C07"": 0.02519641284168425, ""C08"": 0.02519641284168425, ""C09"": 0.02519641284168425, ""C10"": 0.02519641284168425, ""C11"": 0.02519641284168425, ""C12"": 0.02519641284168425, ""C13"": 0.02519641284168425, ""C14"": 0.02519641284168425, ""C15"": 0.02519641284168425}"
4,4,1,464,1.631444,15,"{""C01"": 1.515581, ""C02"": 1.700728, ""C03"": 1.658834, ""C04"": 1.626659, ""C05"": 1.38765, ""C06"": 1.820274, ""C07"": 1.603577, ""C08"": 1.591804, ""C09"": 1.622808, ""C10"": 1.48121, ""C11"": 1.423856, ""C12"": 1.717906, ""C13"": 1.586253, ""C14"": 1.549498, ""C15"": 1.758607}","{""C01"": 0, ""C02"": 0, ""C03"": 0, ""C04"": 0, ""C05"": 0, ""C06"": 1702, ""C07"": 0, ""C08"": 0, ""C09"": 0, ""C10"": 0, ""C11"": 0, ""C12"": 0, ""C13"": 0, ""C14"": 0, ""C15"": 0}","{""C01"": 0.025197465765646104, ""C02"": 0.025197465765646104, ""C03"": 0.025197465765646104, ""C04"": 0.025197465765646104, ""C05"": 0.025197465765646104, ""C06"": 0.024211829002331733, ""C07"": 0.025197465765646104, ""C08"": 0.025197465765646104, ""C09"": 0.025197465765646104, ""C10"": 0.025197465765646104, ""C11"": 0.025197465765646104, ""C12"": 0.025197465765646104, ""C13"": 0.025197465765646104, ""C14"": 0.025197465765646104, ""C15"": 0.025197465765646104}"
5,5,1,915,3.226223,15,"{""C01"": 1.535144, ""C02"": 1.721754, ""C03"": 1.657319, ""C04"": 1.663467, ""C05"": 1.417661, ""C06"": 1.81215, ""C07"": 1.652116, ""C08"": 1.592256, ""C09"": 1.640764, ""C10"": 1.544384, ""C11"": 1.440616, ""C12"": 1.708213, ""C13"": 1.628682, ""C14"": 1.570322, ""C15"": 1.784766}","{""C01"": 0, ""C02"": 0, ""C03"": 0, ""C04"": 0, ""C05"": 0, ""C06"": 1704, ""C07"": 0, ""C08"": 0, ""C09"": 0, ""C10"": 0, ""C11"": 0, ""C12"": 0, ""C13"": 0, ""C14"": 0, ""C15"": 0}","{""C01"": 0.02519418541124324, ""C02"": 0.02519418541124324, ""C03"": 0.02519418541124324, ""C04"": 0.02519418541124324, ""C05"": 0.02519418541124324, ""C06"": 0.024207392181111384, ""C07"": 0.02519418541124324, ""C08"": 0.02519418541124324, ""C09"": 0.02519418541124324, ""C10"": 0.02519418541124324, ""C11"": 0.02519418541124324, ""C12"": 0.02519418541124324, ""C13"": 0.02519418541124324, ""C14"": 0.02519418541124324, ""C15"": 0.02519418541124324}"
6,6,1,202,0.702136,15,"{""C01"": 1.524145, ""C02"": 1.743344, ""C03"": 1.687827, ""C04"": 1.718964, ""C05"": 1.414805, ""C06"": 1.836265, ""C07"": 1.669595, ""C08"": 1.591946, ""C09"": 1.625756, ""C10"": 1.560116, ""C11"": 1.453387, ""C12"": 1.753269, ""C13"": 1.617567, ""C14"": 1.591957, ""C15"": 1.829575}","{""C01"": 0, ""C02"": 0, ""C03"": 0, ""C04"": 0, ""C05"": 0, ""C06"": 892, ""C07"": 0, ""C08"": 0, ""C09"": 0, ""C10"": 0, ""C11"": 0, ""C12"": 0, ""C13"": 0, ""C14"": 0, ""C15"": 808}","{""C01"": 0.025203258945044674, ""C02"": 0.025203258945044674, ""C03"": 0.025203258945044674, ""C04"": 0.025203258945044674, ""C05"": 0.025203258945044674, ""C06"": 0.02468670910280995, ""C07"": 0.025203258945044674, ""C08"": 0.025203258945044674, ""C09"": 0.025203258945044674, ""C10"": 0.025203258945044674, ""C11"": 0.025203258945044674, ""C12"": 0.025203258945044674, ""C13"": 0.025203258945044674, ""C14"": 0.025203258945044674, ""C15"": 0.02473533894147482}"
7,7,1,939,3.331677,15,"{""C01"": 1.546136, ""C02"": 1.750767, ""C03"": 1.692394, ""C04"": 1.695005, ""C05"": 1.421525, ""C06"": 1.837213, ""C07"": 1.67838, ""C08"": 1.63192, ""C09"": 1.673179, ""C10"": 1.521556, ""C11"": 1.48072, ""C12"": 1.741534, ""C13"": 1.646823, ""C14"": 1.622408, ""C15"": 1.813745}","{""C01"": 0, ""C02"": 0, ""C03"": 0, ""C04"": 0, ""C05"": 0, ""C06"": 1697, ""C07"": 0, ""C08"": 0, ""C09"": 0, ""C10"": 0, ""C11"": 0, ""C12"": 0, ""C13"": 0, ""C14"": 0, ""C15"": 0}","{""C01"": 0.025203737562126016, ""C02"": 0.025203737562126016, ""C03"": 0.025203737562126016, ""C04"": 0.025203737562126016, ""C05"": 0.025203737562126016, ""C06"": 0.024220996603042926, ""C07"": 0.025203737562126016, ""C08"": 0.025203737562126016, ""C09"": 0.025203737562126016, ""C10"": 0.025203737562126016, ""C11"": 0.025203737562126016, ""C12"": 0.025203737562126016, ""C13"": 0.025203737562126016, ""C14"": 0.025203737562126016, ""C15"": 0.025203737562126016}"
8,8,1,444,1.551845,15,"{""C01"": 1.582138, ""C02"": 1.722103, ""C03"": 1.702726, ""C04"": 1.704169, ""C05"": 1.455409, ""C06"": 1.905248, ""C07"": 1.700602, ""C08"": 1.651505, ""C09"": 1.661548, ""C10"": 1.556116, ""C11"": 1.491036, ""C12"": 1.729152, ""C13"": 1.674589, ""C14"": 1.565802, ""C15"": 1.832101}","{""C01"": 0, ""C02"": 0, ""C03"": 0, ""C04"": 0, ""C05"": 0, ""C06"": 1678, ""C07"": 0, ""C08"": 0, ""C09"": 0, ""C10"": 0, ""C11"": 0, ""C12"": 0, ""C13"": 0, ""C14"": 0, ""C15"": 0}","{""C01"": 0.025228468295833043, ""C02"": 0.025228468295833043, ""C03"": 0.025228468295833043, ""C04"": 0.025228468295833043, ""C05"": 0.025228468295833043, ""C06"": 0.02425672916653496, ""C07"": 0.025228468295833043, ""C08"": 0.025228468295833043, ""C09"": 0.025228468295833043, ""C10"": 0.025228468295833043, ""C11"": 0.025228468295833043, ""C12"": 0.025228468295833043, ""C13"": 0.025228468295833043, ""C14"": 0.025228468295833043, ""C15"": 0.025228468295833043}"
9,9,1,832,2.909948,15,"{""C01"": 1.571177, ""C02"": 1.801652, ""C03"": 1.704468, ""C04"": 1.720295, ""C05"": 1.455079, ""C06"": 1.862617, ""C07"": 1.68971, ""C08"": 1.640499, ""C09"": 1.666707, ""C10"": 1.577345, ""C11"": 1.47749, ""C12"": 1.765238, ""C13"": 1.68333, ""C14"": 1.620739, ""C15"": 1.82131}","{""C01"": 0, ""C02"": 0, ""C03"": 0, ""C04"": 0, ""C05"": 0, ""C06"": 1690, ""C07"": 0, ""C08"": 0, ""C09"": 0, ""C10"": 0, ""C11"": 0, ""C12"": 0, ""C13"": 0, ""C14"": 0, ""C15"": 0}","{""C01"": 0.02521322802215553, ""C02"": 0.02521322802215553, ""C03"": 0.02521322802215553, ""C04"": 0.02521322802215553, ""C05"": 0.02521322802215553, ""C06"": 0.02423453946050278, ""C07"": 0.02521322802215553, ""C08"": 0.02521322802215553, ""C09"": 0.02521322802215553, ""C10"": 0.02521322802215553, ""C11"": 0.02521322802215553, ""C12"": 0.02521322802215553, ""C13"": 0.02521322802215553, ""C14"": 0.02521322802215553, ""C15"": 0.02521322802215553}"
10,10,1,908,3.220718,15,"{""C01"": 1.561059, ""C02"": 1.76184, ""C03"": 1.710703, ""C04"": 1.704573, ""C05"": 1.453055, ""C06"": 1.882482, ""C07"": 1.689487, ""C08"": 1.679695, ""C09"": 1.687102, ""C10"": 1.571485, ""C11"": 1.502659, ""C12"": 1.758638, ""C13"": 1.662335, ""C14"": 1.627067, ""C15"": 1.85621}","{""C01"": 0, ""C02"": 0, ""C03"": 0, ""C04"": 0, ""C05"": 0, ""C06"": 1684, ""C07"": 0, ""C08"": 0, ""C09"": 0, ""C10"": 0, ""C11"": 0, ""C12"": 0, ""C13"": 0, ""C14"": 0, ""C15"": 0}","{""C01"": 0.025220173590950468, ""C02"": 0.025220173590950468, ""C03"": 0.025220173590950468, ""C04"": 0.025220173590950468, ""C05"": 0.025220173590950468, ""C06"": 0.024244961392347046, ""C07"": 0.025220173590950468, ""C08"": 0.025220173590950468, ""C09"": 0.025220173590950468, ""C10"": 0.025220173590950468, ""C11"": 0.025220173590950468, ""C12"": 0.025220173590950468, ""C13"": 0.025220173590950468, ""C14"": 0.025220173590950468, ""C15"": 0.025220173590950468}"
11,11,1,493,1.713380,15,"{""C01"": 1.573881, ""C02"": 1.767308, ""C03"": 1.717202, ""C04"": 1.704829, ""C05"": 1.461375, ""C06"": 1.907423, ""C07"": 1.680263, ""C08"": 1.654415, ""C09"": 1.695133, ""C10"": 1.564407, ""C11"": 1.459864, ""C12"": 1.771111, ""C13"": 1.698764, ""C14"": 1.662114, ""C15"": 1.854041}","{""C01"": 0, ""C02"": 0, ""C03"": 0, ""C04"": 0, ""C05"": 0, ""C06"": 1677, ""C07"": 0, ""C08"": 0, ""C09"": 0, ""C10"": 0, ""C11"": 0, ""C12"": 0, ""C13"": 0, ""C14"": 0, ""C15"": 0}","{""C01"": 0.025229001879376017, ""C02"": 0.025229001879376017, ""C03"": 0.025229001879376017, ""C04"": 0.025229001879376017, ""C05"": 0.025229001879376017, ""C06"": 0.02425784367074295, ""C07"": 0.025229001879376017, ""C08"": 0.025229001879376017, ""C09"": 0.025229001879376017, ""C10"": 0.025229001879376017, ""C11"": 0.025229001879376017, ""C12"": 0.025229001879376017, ""C13"": 0.025229001879376017, ""C14"": 0.025229001879376017, ""C15"": 0.025229001879376017}"
12,12,1,848,3.877113,15,"{""C01"": 1.572296, ""C02"": 1.83042, ""C03"": 1.697827, ""C04"": 1.673399, ""C05"": 1.457753, ""C06"": 1.885346, ""C07"": 1.663616, ""C08"": 1.656198, ""C09"": 1.675857, ""C10"": 1.563746, ""C11"": 1.465313, ""C12"": 1.779696, ""C13"": 1.638135, ""C14"": 1.617672, ""C15"": 1.84808}","{""C01"": 0, ""C02"": 0, ""C03"": 0, ""C04"": 0, ""C05"": 0, ""C06"": 1683, ""C07"": 0, ""C08"": 0, ""C09"": 0, ""C10"": 0, ""C11"": 0, ""C12"": 0, ""C13"": 0, ""C14"": 0, ""C15"": 0}","{""C01"": 0.0252210841845186, ""C02"": 0.0252210841845186, ""C03"": 0.0252210841845186, ""C04"": 0.0252210841845186, ""C05"": 0.0252210841845186, ""C06"": 0.024246451982537724, ""C07"": 0.0252210841845186, ""C08"": 0.0252210841845186, ""C09"": 0.0252210841845186, ""C10"": 0.0252210841845186, ""C11"": 0.0252210841845186, ""C12"": 0.0252210841845186, ""C13"": 0.0252210841845186, ""C14"": 0.0252210841845186, ""C15"": 0.0252210841845186}"
13,13,1,883,4.552306,15,"{""C01"": 1.616058, ""C02"": 1.790856, ""C03"": 1.733791, ""C04"": 1.674398, ""C05"": 1.433572, ""C06"": 1.873786, ""C07"": 1.713068, ""C08"": 1.66554, ""C09"": 1.691838, ""C10"": 1.546914, ""C11"": 1.490707, ""C12"": 1.790345, ""C13"": 1.675988, ""C14"": 1.660909, ""C15"": 1.843198}","{""C01"": 0, ""C02"": 0, ""C03"": 0, ""C04"": 0, ""C05"": 0, ""C06"": 1687, ""C07"": 0, ""C08"": 0, ""C09"": 0, ""C10"": 0, ""C11"": 0, ""C12"": 0, ""C13"": 0, ""C14"": 0, ""C15"": 0}","{""C01"": 0.02521736906487472, ""C02"": 0.02521736906487472, ""C03"": 0.02521736906487472, ""C04"": 0.02521736906487472, ""C05"": 0.02521736906487472, ""C06"": 0.024240417058954883, ""C07"": 0.02521736906487472, ""C08"": 0.02521736906487472, ""C09"": 0.02521736906487472, ""C10"": 0.02521736906487472, ""C11"": 0.02521736906487472, ""C12"": 0.02521736906487472, ""C13"": 0.02521736906487472, ""C14"": 0.02521736906487472, ""C15"": 0.02521736906487472}"
14,14,1,331,1.142867,15,"{""C01"": 1.601512, ""C02"": 1.782315, ""C03"": 1.717832, ""C04"": 1.703589, ""C05"": 1.462034, ""C06"": 1.917311, ""C07"": 1.710478, ""C08"": 1.645095, ""C09"": 1.698534, ""C10"": 1.585983, ""C11"": 1.464816, ""C12"": 1.765923, ""C13"": 1.709216, ""C14"": 1.636977, ""C15"": 1.824851}","{""C01"": 0, ""C02"": 0, ""C03"": 0, ""C04"": 0, ""C05"": 0, ""C06"": 1674, ""C07"": 0, ""C08"": 0, ""C09"": 0, ""C10"": 0, ""C11"": 0, ""C12"": 0, ""C13"": 0, ""C14"": 0, ""C15"": 0}","{""C01"": 0.025232309329300415, ""C02"": 0.025232309329300415, ""C03"": 0.025232309329300415, ""C04"": 0.025232309329300415, ""C05"": 0.025232309329300415, ""C06"": 0.024262889710149303, ""C07"": 0.025232309329300415, ""C08"": 0.025232309329300415, ""C09"": 0.025232309329300415, ""C10"": 0.025232309329300415, ""C11"": 0.025232309329300415, ""C12"": 0.025232309329300415, ""C13"": 0.025232309329300415, ""C14"": 0.025232309329300415, ""C15"": 0.025232309329300415}"
15,15,1,839,2.900036,15,"{""C01"": 1.566275, ""C02"": 1.815507, ""C03"": 1.737848, ""C04"": 1.682099, ""C05"": 1.449385, ""C06"": 1.87497, ""C07"": 1.702129, ""C08"": 1.637216, ""C09"": 1.66434, ""C10"": 1.556579, ""C11"": 1.481493, ""C12"": 1.78469, ""C13"": 1.680954, ""C14"": 1.617863, ""C15"": 1.83519}","{""C01"": 0, ""C02"": 0, ""C03"": 0, ""C04"": 0, ""C05"": 0, ""C06"": 1686, ""C07"": 0, ""C08"": 0, ""C09"": 0, ""C10"": 0, ""C11"": 0, ""C12"": 0, ""C13"": 0, ""C14"": 0, ""C15"": 0}","{""C01"": 0.02521740720032481, ""C02"": 0.02521740720032481, ""C03"": 0.02521740720032481, ""C04"": 0.02521740720032481, ""C05"": 0.02521740720032481, ""C06"": 0.02424103731123078, ""C07"": 0.02521740720032481, ""C08"": 0.02521740720032481, ""C09"": 0.02521740720032481, ""C10"": 0.02521740720032481, ""C11"": 0.02521740720032481, ""C12"": 0.02521740720032481, ""C13"": 0.02521740720032481, ""C14"": 0.02521740720032481, ""C15"": 0.02521740720032481}"
16,16,1,932,3.308686,15,"{""C01"": 1.574973, ""C02"": 1.778213, ""C03"": 1.736949, ""C04"": 1.687241, ""C05"": 1.445524, ""C06"": 1.841435, ""C07"": 1.669115, ""C08"": 1.654885, ""C09"": 1.664735, ""C10"": 1.53975, ""C11"": 1.500524, ""C12"": 1.770773, ""C13"": 1.649419, ""C14"": 1.597344, ""C15"": 1.816565}","{""C01"": 0, ""C02"": 0, ""C03"": 0, ""C04"": 0, ""C05"": 0, ""C06"": 1696, ""C07"": 0, ""C08"": 0, ""C09"": 0, ""C10"": 0, ""C11"": 0, ""C12"": 0, ""C13"": 0, ""C14"": 0, ""C15"": 0}","{""C01"": 0.025205427228926283, ""C02"": 0.025205427228926283, ""C03"": 0.025205427228926283, ""C04"": 0.025205427228926283, ""C05"": 0.025205427228926283, ""C06"": 0.02422326437793449, ""C07"": 0.025205427228926283, ""C08"": 0.025205427228926283, ""C09"": 0.025205427228926283, ""C10"": 0.025205427228926283, ""C11"": 0.025205427228926283, ""C12"": 0.025205427228926283, ""C13"": 0.025205427228926283, ""C14"": 0.025205427228926283, ""C15"": 0.025205427228926283}"
17,17,1,428,1.500085,15,"{""C01"": 1.5978, ""C02"": 1.770201, ""C03"": 1.700288, ""C04"": 1.708303, ""C05"": 1.418208, ""C06"": 1.851685, ""C07"": 1.689475, ""C08"": 1.653234, ""C09"": 1.693579, ""C10"": 1.54, ""C11"": 1.517693, ""C12"": 1.77402, ""C13"": 1.653484, ""C14"": 1.603647, ""C15"": 1.787201}","{""C01"": 0, ""C02"": 0, ""C03"": 0, ""C04"": 0, ""C05"": 0, ""C06"": 1693, ""C07"": 0, ""C08"": 0, ""C09"": 0, ""C10"": 0, ""C11"": 0, ""C12"": 0, ""C13"": 0, ""C14"": 0, ""C15"": 0}","{""C01"": 0.02520916686986474, ""C02"": 0.02520916686986474, ""C03"": 0.02520916686986474, ""C04"": 0.02520916686986474, ""C05"": 0.02520916686986474, ""C06"": 0.024228741554176744, ""C07"": 0.02520916686986474, ""C08"": 0.02520916686986474, ""C09"": 0.02520916686986474, ""C10"": 0.02520916686986474, ""C11"": 0.02520916686986474, ""C12"": 0.02520916686986474, ""C13"": 0.02520916686986474, ""C14"": 0.02520916686986474, ""C15"": 0.02520916686986474}"
18,18,1,458,1.866219,15,"{""C01"": 1.608947, ""C02"": 1.766447, ""C03"": 1.714282, ""C04"": 1.707145, ""C05"": 1.457619, ""C06"": 1.902844, ""C07"": 1.685564, ""C08"": 1.606207, ""C09"": 1.656122, ""C10"": 1.52632, ""C11"": 1.462222, ""C12"": 1.764785, ""C13"": 1.687657, ""C14"": 1.634349, ""C15"": 1.838297}","{""C01"": 0, ""C02"": 0, ""C03"": 0, ""C04"": 0, ""C05"": 0, ""C06"": 1678, ""C07"": 0, ""C08"": 0, ""C09"": 0, ""C10"": 0, ""C11"": 0, ""C12"": 0, ""C13"": 0, ""C14"": 0, ""C15"": 0}","{""C01"": 0.025227231220303445, ""C02"": 0.025227231220303445, ""C03"": 0.025227231220303445, ""C04"": 0.025227231220303445, ""C05"": 0.025227231220303445, ""C06"": 0.024255495116855184, ""C07"": 0.025227231220303445, ""C08"": 0.025227231220303445, ""C09"": 0.025227231220303445, ""C10"": 0.025227231220303445, ""C11"": 0.025227231220303445, ""C12"": 0.025227231220303445, ""C13"": 0.025227231220303445, ""C14"": 0.025227231220303445, ""C15"": 0.025227231220303445}"
19,19,1,366,2.231142,15,"{""C01"": 1.577154, ""C02"": 1.779713, ""C03"": 1.691392, ""C04"": 1.669565, ""C05"": 1.427949, ""C06"": 1.888042, ""C07"": 1.692364, ""C08"": 1.646272, ""C09"": 1.702862, ""C10"": 1.538111, ""C11"": 1.498717, ""C12"": 1.784347, ""C13"": 1.663905, ""C14"": 1.634234, ""C15"": 1.807471}","{""C01"": 0, ""C02"": 0, ""C03"": 0, ""C04"": 0, ""C05"": 0, ""C06"": 1682, ""C07"": 0, ""C08"": 0, ""C09"": 0, ""C10"": 0, ""C11"": 0, ""C12"": 0, ""C13"": 0, ""C14"": 0, ""C15"": 0}","{""C01"": 0.025221904357675656, ""C02"": 0.025221904357675656, ""C03"": 0.025221904357675656, ""C04"": 0.025221904357675656, ""C05"": 0.025221904357675656, ""C06"": 0.024247852373842083, ""C07"": 0.025221904357675656, ""C08"": 0.025221904357675656, ""C09"": 0.025221904357675656, ""C10"": 0.025221904357675656, ""C11"": 0.025221904357675656, ""C12"": 0.025221904357675656, ""C13"": 0.025221904357675656, ""C14"": 0.025221904357675656, ""C15"": 0.025221904357675656}"
20,20,1,453,2.599678,15,"{""C01"": 1.563813, ""C02"": 1.754736, ""C03"": 1.73717, ""C04"": 1.719378, ""C05"": 1.416535, ""C06"": 1.879349, ""C07"": 1.69048, ""C08"": 1.68435, ""C09"": 1.633271, ""C10"": 1.558554, ""C11"": 1.456259, ""C12"": 1.749845, ""C13"": 1.673669, ""C14"": 1.637142, ""C15"": 1.812868}","{""C01"": 0, ""C02"": 0, ""C03"": 0, ""C04"": 0, ""C05"": 0, ""C06"": 1685, ""C07"": 0, ""C08"": 0, ""C09"": 0, ""C10"": 0, ""C11"": 0, ""C12"": 0, ""C13"": 0, ""C14"": 0, ""C15"": 0}","{""C01"": 0.025219119186322067, ""C02"": 0.025219119186322067, ""C03"": 0.025219119186322067, ""C04"": 0.025219119186322067, ""C05"": 0.025219119186322067, ""C06"": 0.024243327342197786, ""C07"": 0.025219119186322067, ""C08"": 0.025219119186322067, ""C09"": 0.025219119186322067, ""C10"": 0.025219119186322067, ""C11"": 0.025219119186322067, ""C12"": 0.025219119186322067, ""C13"": 0.025219119186322067, ""C14"": 0.025219119186322067, ""C15"": 0.025219119186322067}"
21,21,1,798,3.949689,15,"{""C01"": 1.596699, ""C02"": 1.736116, ""C03"": 1.703037, ""C04"": 1.688113, ""C05"": 1.423322, ""C06"": 1.858213, ""C07"": 1.623859, ""C08"": 1.647155, ""C09"": 1.667302, ""C10"": 1.521366, ""C11"": 1.472925, ""C12"": 1.770436, ""C13"": 1.65875, ""C14"": 1.637166, ""C15"": 1.816208}","{""C01"": 0, ""C02"": 0, ""C03"": 0, ""C04"": 0, ""C05"": 0, ""C06"": 1691, ""C07"": 0, ""C08"": 0, ""C09"": 0, ""C10"": 0, ""C11"": 0, ""C12"": 0, ""C13"": 0, ""C14"": 0, ""C15"": 0}","{""C01"": 0.02521147561744906, ""C02"": 0.02521147561744906, ""C03"": 0.02521147561744906, ""C04"": 0.02521147561744906, ""C05"": 0.02521147561744906, ""C06"": 0.02423220910519999, ""C07"": 0.02521147561744906, ""C08"": 0.02521147561744906, ""C09"": 0.02521147561744906, ""C10"": 0.02521147561744906, ""C11"": 0.02521147561744906, ""C12"": 0.02521147561744906, ""C13"": 0.02521147561744906, ""C14"": 0.02521147561744906, ""C15"": 0.02521147561744906}"
22,22,1,1134,5.526374,15,"{""C01"": 1.61069, ""C02"": 1.79951, ""C03"": 1.71173, ""C04"": 1.703388, ""C05"": 1.433829, ""C06"": 1.837145, ""C07"": 1.667459, ""C08"": 1.612528, ""C09"": 1.661838, ""C10"": 1.523844, ""C11"": 1.503199, ""C12"": 1.75201, ""C13"": 1.685889, ""C14"": 1.615604, ""C15"": 1.818342}","{""C01"": 0, ""C02"": 0, ""C03"": 0, ""C04"": 0, ""C05"": 0, ""C06"": 1697, ""C07"": 0, ""C08"": 0, ""C09"": 0, ""C10"": 0, ""C11"": 0, ""C12"": 0, ""C13"": 0, ""C14"": 0, ""C15"": 0}","{""C01"": 0.025203700887765343, ""C02"": 0.025203700887765343, ""C03"": 0.025203700887765343, ""C04"": 0.025203700887765343, ""C05"": 0.025203700887765343, ""C06"": 0.02422096001728492, ""C07"": 0.025203700887765343, ""C08"": 0.025203700887765343, ""C09"": 0.025203700887765343, ""C10"": 0.025203700887765343, ""C11"": 0.025203700887765343, ""C12"": 0.025203700887765343, ""C13"": 0.025203700887765343, ""C14"": 0.025203700887765343, ""C15"": 0.025203700887765343}"
23,23,1,799,4.468610,15,"{""C01"": 1.552211, ""C02"": 1.745057, ""C03"": 1.727413, ""C04"": 1.69706, ""C05"": 1.427224, ""C06"": 1.849884, ""C07"": 1.673824, ""C08"": 1.649326, ""C09"": 1.64163, ""C10"": 1.516861, ""C11"": 1.471719, ""C12"": 1.752124, ""C13"": 1.678186, ""C14"": 1.652177, ""C15"": 1.80562}","{""C01"": 0, ""C02"": 0, ""C03"": 0, ""C04"": 0, ""C05"": 0, ""C06"": 1693, ""C07"": 0, ""C08"": 0, ""C09"": 0, ""C10"": 0, ""C11"": 0, ""C12"": 0, ""C13"": 0, ""C14"": 0, ""C15"": 0}","{""C01"": 0.025208204889160313, ""C02"": 0.025208204889160313, ""C03"": 0.025208204889160313, ""C04"": 0.025208204889160313, ""C05"": 0.025208204889160313, ""C06"": 0.024227781903567558, ""C07"": 0.025208204889160313, ""C08"": 0.025208204889160313, ""C09"": 0.025208204889160313, ""C10"": 0.025208204889160313, ""C11"": 0.025208204889160313, ""C12"": 0.025208204889160313, ""C13"": 0.025208204889160313, ""C14"": 0.025208204889160313, ""C15"": 0.025208204889160313}"
24,24,1,334,1.190677,15,"{""C01"": 1.570495, ""C02"": 1.791601, ""C03"": 1.703551, ""C04"": 1.70336, ""C05"": 1.427623, ""C06"": 1.883079, ""C07"": 1.696663, ""C08"": 1.672397, ""C09"": 1.651263, ""C10"": 1.562235, ""C11"": 1.474818, ""C12"": 1.755464, ""C13"": 1.668948, ""C14"": 1.620229, ""C15"": 1.793865}","{""C01"": 0, ""C02"": 0, ""C03"": 0, ""C04"": 0, ""C05"": 0, ""C06"": 1684, ""C07"": 0, ""C08"": 0, ""C09"": 0, ""C10"": 0, ""C11"": 0, ""C12"": 0, ""C13"": 0, ""C14"": 0, ""C15"": 0}","{""C01"": 0.02522048536267074, ""C02"": 0.02522048536267074, ""C03"": 0.02522048536267074, ""C04"": 0.02522048536267074, ""C05"": 0.02522048536267074, ""C06"": 0.024245272404459943, ""C07"": 0.02522048536267074, ""C08"": 0.02522048536267074, ""C09"": 0.02522048536267074, ""C10"": 0.02522048536267074, ""C11"": 0.02522048536267074, ""C12"": 0.02522048536267074, ""C13"": 0.02522048536267074, ""C14"": 0.02522048536267074, ""C15"": 0.02522048536267074}"
25,25,1,323,1.125125,15,"{""C01"": 1.587054, ""C02"": 1.776005, ""C03"": 1.719474, ""C04"": 1.701087, ""C05"": 1.430701, ""C06"": 1.870881, ""C07"": 1.716827, ""C08"": 1.681214, ""C09"": 1.693285, ""C10"": 1.531197, ""C11"": 1.467243, ""C12"": 1.730268, ""C13"": 1.680237, ""C14"": 1.602744, ""C15"": 1.775732}","{""C01"": 0, ""C02"": 0, ""C03"": 0, ""C04"": 0, ""C05"": 0, ""C06"": 1687, ""C07"": 0, ""C08"": 0, ""C09"": 0, ""C10"": 0, ""C11"": 0, ""C12"": 0, ""C13"": 0, ""C14"": 0, ""C15"": 0}","{""C01"": 0.025215840875586773, ""C02"": 0.025215840875586773, ""C03"": 0.025215840875586773, ""C04"": 0.025215840875586773, ""C05"": 0.025215840875586773, ""C06"": 0.02423889258573081, ""C07"": 0.025215840875586773, ""C08"": 0.025215840875586773, ""C09"": 0.025215840875586773, ""C10"": 0.025215840875586773, ""C11"": 0.025215840875586773, ""C12"": 0.025215840875586773, ""C13"": 0.025215840875586773, ""C14"": 0.025215840875586773, ""C15"": 0.025215840875586773}"
26,26,1,476,1.673108,15,"{""C01"": 1.581702, ""C02"": 1.798475, ""C03"": 1.68439, ""C04"": 1.714456, ""C05"": 1.444655, ""C06"": 1.884369, ""C07"": 1.663377, ""C08"": 1.672112, ""C09"": 1.673263, ""C10"": 1.558881, ""C11"": 1.503184, ""C12"": 1.739709, ""C13"": 1.682091, ""C14"": 1.650075, ""C15"": 1.825834}","{""C01"": 0, ""C02"": 0, ""C03"": 0, ""C04"": 0, ""C05"": 0, ""C06"": 1684, ""C07"": 0, ""C08"": 0, ""C09"": 0, ""C10"": 0, ""C11"": 0, ""C12"": 0, ""C13"": 0, ""C14"": 0, ""C15"": 0}","{""C01"": 0.02522115854851885, ""C02"": 0.02522115854851885, ""C03"": 0.02522115854851885, ""C04"": 0.02522115854851885, ""C05"": 0.02522115854851885, ""C06"": 0.024245943950104785, ""C07"": 0.02522115854851885, ""C08"": 0.02522115854851885, ""C09"": 0.02522115854851885, ""C10"": 0.02522115854851885, ""C11"": 0.02522115854851885, ""C12"": 0.02522115854851885, ""C13"": 0.02522115854851885, ""C14"": 0.02522115854851885, ""C15"": 0.02522115854851885}"
27,27,1,517,3.186211,15,"{""C01"": 1.613653, ""C02"": 1.820866, ""C03"": 1.710317, ""C04"": 1.740968, ""C05"": 1.442304, ""C06"": 1.870105, ""C07"": 1.718963, ""C08"": 1.644192, ""C09"": 1.688222, ""C10"": 1.518724, ""C11"": 1.510564, ""C12"": 1.760317, ""C13"": 1.678395, ""C14"": 1.665712, ""C15"": 1.783436}","{""C01"": 0, ""C02"": 0, ""C03"": 0, ""C04"": 0, ""C05"": 0, ""C06"": 1688, ""C07"": 0, ""C08"": 0, ""C09"": 0, ""C10"": 0, ""C11"": 0, ""C12"": 0, ""C13"": 0, ""C14"": 0, ""C15"": 0}","{""C01"": 0.025216015984483905, ""C02"": 0.025216015984483905, ""C03"": 0.025216015984483905, ""C04"": 0.025216015984483905, ""C05"": 0.025216015984483905, ""C06"": 0.024238485060922757, ""C07"": 0.025216015984483905, ""C08"": 0.025216015984483905, ""C09"": 0.025216015984483905, ""C10"": 0.025216015984483905, ""C11"": 0.025216015984483905, ""C12"": 0.025216015984483905, ""C13"": 0.025216015984483905, ""C14"": 0.025216015984483905, ""C15"": 0.025216015984483905}"
28,28,1,332,2.015579,15,"{""C01"": 1.613871, ""C02"": 1.811061, ""C03"": 1.738213, ""C04"": 1.70872, ""C05"": 1.465933, ""C06"": 1.915122, ""C07"": 1.693172, ""C08"": 1.665625, ""C09"": 1.709513, ""C10"": 1.556468, ""C11"": 1.511752, ""C12"": 1.784776, ""C13"": 1.689431, ""C14"": 1.653639, ""C15"": 1.824489}","{""C01"": 0, ""C02"": 0, ""C03"": 0, ""C04"": 0, ""C05"": 0, ""C06"": 1675, ""C07"": 0, ""C08"": 0, ""C09"": 0, ""C10"": 0, ""C11"": 0, ""C12"": 0, ""C13"": 0, ""C14"": 0, ""C15"": 0}","{""C01"": 0.025231776223794133, ""C02"": 0.025231776223794133, ""C03"": 0.025231776223794133, ""C04"": 0.025231776223794133, ""C05"": 0.025231776223794133, ""C06"": 0.024261775679061234, ""C07"": 0.025231776223794133, ""C08"": 0.025231776223794133, ""C09"": 0.025231776223794133, ""C10"": 0.025231776223794133, ""C11"": 0.025231776223794133, ""C12"": 0.025231776223794133, ""C13"": 0.025231776223794133, ""C14"": 0.025231776223794133, ""C15"": 0.025231776223794133}"
29,29,1,840,4.969398,15,"{""C01"": 1.626271, ""C02"": 1.779854, ""C03"": 1.728571, ""C04"": 1.724724, ""C05"": 1.459354, ""C06"": 1.916376, ""C07"": 1.700218, ""C08"": 1.644542, ""C09"": 1.735315, ""C10"": 1.524099, ""C11"": 1.52106, ""C12"": 1.80238, ""C13"": 1.735081, ""C14"": 1.67031, ""C15"": 1.878699}","{""C01"": 0, ""C02"": 0, ""C03"": 0, ""C04"": 0, ""C05"": 0, ""C06"": 1675, ""C07"": 0, ""C08"": 0, ""C09"": 0, ""C10"": 0, ""C11"": 0, ""C12"": 0, ""C13"": 0, ""C14"": 0, ""C15"": 0}","{""C01"": 0.02523241630565394, ""C02"": 0.02523241630565394, ""C03"": 0.02523241630565394, ""C04"": 0.02523241630565394, ""C05"": 0.02523241630565394, ""C06"": 0.024262414192191894, ""C07"": 0.02523241630565394, ""C08"": 0.02523241630565394, ""C09"": 0.02523241630565394, ""C10"": 0.02523241630565394, ""C11"": 0.02523241630565394, ""C12"": 0.02523241630565394, ""C13"": 0.02523241630565394, ""C14"": 0.02523241630565394, ""C15"": 0.02523241630565394}"
30,30,1,567,3.500013,15,"{""C01"": 1.589825, ""C02"": 1.857115, ""C03"": 1.751755, ""C04"": 1.720697, ""C05"": 1.460144, ""C06"": 1.914366, ""C07"": 1.69805, ""C08"": 1.702737, ""C09"": 1.715078, ""C10"": 1.571989, ""C11"": 1.503424, ""C12"": 1.798248, ""C13"": 1.685058, ""C14"": 1.681772, ""C15"": 1.854357}","{""C01"": 0, ""C02"": 0, ""C03"": 0, ""C04"": 0, ""C05"": 0, ""C06"": 1675, ""C07"": 0, ""C08"": 0, ""C09"": 0, ""C10"": 0, ""C11"": 0, ""C12"": 0, ""C13"": 0, ""C14"": 0, ""C15"": 0}","{""C01"": 0.025231390041827187, ""C02"": 0.025231390041827187, ""C03"": 0.025231390041827187, ""C04"": 0.025231390041827187, ""C05"": 0.025231390041827187, ""C06"": 0.024261390443536045, ""C07"": 0.025231390041827187, ""C08"": 0.025231390041827187, ""C09"": 0.025231390041827187, ""C10"": 0.025231390041827187, ""C11"": 0.025231390041827187, ""C12"": 0.025231390041827187, ""C13"": 0.025231390041827187, ""C14"": 0.025231390041827187, ""C15"": 0.025231390041827187}"
31,31,1,443,2.682388,15,"{""C01"": 1.671515, ""C02"": 1.846147, ""C03"": 1.741667, ""C04"": 1.748608, ""C05"": 1.462943, ""C06"": 1.92518, ""C07"": 1.780027, ""C08"": 1.691477, ""C09"": 1.715558, ""C10"": 1.58119, ""C11"": 1.516768, ""C12"": 1.844673, ""C13"": 1.710305, ""C14"": 1.687566, ""C15"": 1.851568}","{""C01"": 0, ""C02"": 0, ""C03"": 0, ""C04"": 0, ""C05"": 0, ""C06"": 1672, ""C07"": 0, ""C08"": 0, ""C09"": 0, ""C10"": 0, ""C11"": 0, ""C12"": 0, ""C13"": 0, ""C14"": 0, ""C15"": 0}","{""C01"": 0.02523514327914271, ""C02"": 0.02523514327914271, ""C03"": 0.02523514327914271, ""C04"": 0.02523514327914271, ""C05"": 0.02523514327914271, ""C06"": 0.02426688117690926, ""C07"": 0.02523514327914271, ""C08"": 0.02523514327914271, ""C09"": 0.02523514327914271, ""C10"": 0.02523514327914271, ""C11"": 0.02523514327914271, ""C12"": 0.02523514327914271, ""C13"": 0.02523514327914271, ""C14"": 0.02523514327914271, ""C15"": 0.02523514327914271}"
32,32,1,391,1.539789,15,"{""C01"": 1.624468, ""C02"": 1.883385, ""C03"": 1.731536, ""C04"": 1.749526, ""C05"": 1.477758, ""C06"": 1.963359, ""C07"": 1.741787, ""C08"": 1.732128, ""C09"": 1.719939, ""C10"": 1.570003, ""C11"": 1.514287, ""C12"": 1.85626, ""C13"": 1.752999, ""C14"": 1.685509, ""C15"": 1.883181}","{""C01"": 0, ""C02"": 0, ""C03"": 0, ""C04"": 0, ""C05"": 0, ""C06"": 1662, ""C07"": 0, ""C08"": 0, ""C09"": 0, ""C10"": 0, ""C11"": 0, ""C12"": 0, ""C13"": 0, ""C14"": 0, ""C15"": 0}","{""C01"": 0.02524841927675034, ""C02"": 0.02524841927675034, ""C03"": 0.02524841927675034, ""C04"": 0.02524841927675034, ""C05"": 0.02524841927675034, ""C06"": 0.024285946928409165, ""C07"": 0.02524841927675034, ""C08"": 0.02524841927675034, ""C09"": 0.02524841927675034, ""C10"": 0.02524841927675034, ""C11"": 0.02524841927675034, ""C12"": 0.02524841927675034, ""C13"": 0.02524841927675034, ""C14"": 0.02524841927675034, ""C15"": 0.02524841927675034}"
33,33,1,440,1.607077,15,"{""C01"": 1.678566, ""C02"": 1.876089, ""C03"": 1.790866, ""C04"": 1.731696, ""C05"": 1.51008, ""C06"": 1.947677, ""C07"": 1.753319, ""C08"": 1.750414, ""C09"": 1.723598, ""C10"": 1.545984, ""C11"": 1.541481, ""C12"": 1.845612, ""C13"": 1.725077, ""C14"": 1.693572, ""C15"": 1.846798}","{""C01"": 0, ""C02"": 0, ""C03"": 0, ""C04"": 0, ""C05"": 0, ""C06"": 1666, ""C07"": 0, ""C08"": 0, ""C09"": 0, ""C10"": 0, ""C11"": 0, ""C12"": 0, ""C13"": 0, ""C14"": 0, ""C15"": 0}","{""C01"": 0.025242963020534498, ""C02"": 0.025242963020534498, ""C03"": 0.025242963020534498, ""C04"": 0.025242963020534498, ""C05"": 0.025242963020534498, ""C06"": 0.024278175134729574, ""C07"": 0.025242963020534498, ""C08"": 0.025242963020534498, ""C09"": 0.025242963020534498, ""C10"": 0.025242963020534498, ""C11"": 0.025242963020534498, ""C12"": 0.025242963020534498, ""C13"": 0.025242963020534498, ""C14"": 0.025242963020534498, ""C15"": 0.025242963020534498}"
34,34,1,433,1.584380,15,"{""C01"": 1.680941, ""C02"": 1.893533, ""C03"": 1.74027, ""C04"": 1.773471, ""C05"": 1.529383, ""C06"": 1.972033, ""C07"": 1.745708, ""C08"": 1.720253, ""C09"": 1.755546, ""C10"": 1.561267, ""C11"": 1.521813, ""C12"": 1.817603, ""C13"": 1.730374, ""C14"": 1.708137, ""C15"": 1.896351}","{""C01"": 0, ""C02"": 0, ""C03"": 0, ""C04"": 0, ""C05"": 0, ""C06"": 1660, ""C07"": 0, ""C08"": 0, ""C09"": 0, ""C10"": 0, ""C11"": 0, ""C12"": 0, ""C13"": 0, ""C14"": 0, ""C15"": 0}","{""C01"": 0.025251526214435008, ""C02"": 0.025251526214435008, ""C03"": 0.025251526214435008, ""C04"": 0.025251526214435008, ""C05"": 0.025251526214435008, ""C06"": 0.024290210694233413, ""C07"": 0.025251526214435008, ""C08"": 0.025251526214435008, ""C09"": 0.025251526214435008, ""C10"": 0.025251526214435008, ""C11"": 0.025251526214435008, ""C12"": 0.025251526214435008, ""C13"": 0.025251526214435008, ""C14"": 0.025251526214435008, ""C15"": 0.025251526214435008}"
35,35,1,483,1.770219,15,"{""C01"": 1.707131, ""C02"": 1.895307, ""C03"": 1.749248, ""C04"": 1.800744, ""C05"": 1.489743, ""C06"": 1.961541, ""C07"": 1.789025, ""C08"": 1.722585, ""C09"": 1.740104, ""C10"": 1.572274, ""C11"": 1.523394, ""C12"": 1.81789, ""C13"": 1.743342, ""C14"": 1.709995, ""C15"": 1.894454}","{""C01"": 0, ""C02"": 0, ""C03"": 0, ""C04"": 0, ""C05"": 0, ""C06"": 1662, ""C07"": 0, ""C08"": 0, ""C09"": 0, ""C10"": 0, ""C11"": 0, ""C12"": 0, ""C13"": 0, ""C14"": 0, ""C15"": 0}","{""C01"": 0.02524752012953166, ""C02"": 0.02524752012953166, ""C03"": 0.02524752012953166, ""C04"": 0.02524752012953166, ""C05"": 0.02524752012953166, ""C06"": 0.02428505000367818, ""C07"": 0.02524752012953166, ""C08"": 0.02524752012953166, ""C09"": 0.02524752012953166, ""C10"": 0.02524752012953166, ""C11"": 0.02524752012953166, ""C12"": 0.02524752012953166, ""C13"": 0.02524752012953166, ""C14"": 0.02524752012953166, ""C15"": 0.02524752012953166}"
36,36,1,502,1.828941,15,"{""C01"": 1.700929, ""C02"": 1.878105, ""C03"": 1.767591, ""C04"": 1.76844, ""C05"": 1.510462, ""C06"": 1.95993, ""C07"": 1.787797, ""C08"": 1.756245, ""C09"": 1.788001, ""C10"": 1.596961, ""C11"": 1.560628, ""C12"": 1.880143, ""C13"": 1.750154, ""C14"": 1.745324, ""C15"": 1.89806}","{""C01"": 0, ""C02"": 0, ""C03"": 0, ""C04"": 0, ""C05"": 0, ""C06"": 1663, ""C07"": 0, ""C08"": 0, ""C09"": 0, ""C10"": 0, ""C11"": 0, ""C12"": 0, ""C13"": 0, ""C14"": 0, ""C15"": 0}","{""C01"": 0.0252473064207666, ""C02"": 0.0252473064207666, ""C03"": 0.0252473064207666, ""C04"": 0.0252473064207666, ""C05"": 0.0252473064207666, ""C06"": 0.024284254568271067, ""C07"": 0.0252473064207666, ""C08"": 0.0252473064207666, ""C09"": 0.0252473064207666, ""C10"": 0.0252473064207666, ""C11"": 0.0252473064207666, ""C12"": 0.0252473064207666, ""C13"": 0.0252473064207666, ""C14"": 0.0252473064207666, ""C15"": 0.0252473064207666}"
37,37,1,353,1.278220,15,"{""C01"": 1.71168, ""C02"": 1.900769, ""C03"": 1.79085, ""C04"": 1.817911, ""C05"": 1.537504, ""C06"": 1.987752, ""C07"": 1.807324, ""C08"": 1.727081, ""C09"": 1.793827, ""C10"": 1.610934, ""C11"": 1.570022, ""C12"": 1.834573, ""C13"": 1.739703, ""C14"": 1.7382, ""C15"": 1.869675}","{""C01"": 0, ""C02"": 0, ""C03"": 0, ""C04"": 0, ""C05"": 0, ""C06"": 1655, ""C07"": 0, ""C08"": 0, ""C09"": 0, ""C10"": 0, ""C11"": 0, ""C12"": 0, ""C13"": 0, ""C14"": 0, ""C15"": 0}","{""C01"": 0.025256290800913073, ""C02"": 0.025256290800913073, ""C03"": 0.025256290800913073, ""C04"": 0.025256290800913073, ""C05"": 0.025256290800913073, ""C06"": 0.024297874788136428, ""C07"": 0.025256290800913073, ""C08"": 0.025256290800913073, ""C09"": 0.025256290800913073, ""C10"": 0.025256290800913073, ""C11"": 0.025256290800913073, ""C12"": 0.025256290800913073, ""C13"": 0.025256290800913073, ""C14"": 0.025256290800913073, ""C15"": 0.025256290800913073}"
38,38,1,378,1.364733,15,"{""C01"": 1.705001, ""C02"": 1.895972, ""C03"": 1.812209, ""C04"": 1.786263, ""C05"": 1.552153, ""C06"": 1.984426, ""C07"": 1.824611, ""C08"": 1.770459, ""C09"": 1.78856, ""C10"": 1.61732, ""C11"": 1.58389, ""C12"": 1.858923, ""C13"": 1.761156, ""C14"": 1.73115, ""C15"": 1.899076}","{""C01"": 0, ""C02"": 0, ""C03"": 0, ""C04"": 0, ""C05"": 0, ""C06"": 1656, ""C07"": 0, ""C08"": 0, ""C09"": 0, ""C10"": 0, ""C11"": 0, ""C12"": 0, ""C13"": 0, ""C14"": 0, ""C15"": 0}","{""C01"": 0.025255255515464037, ""C02"": 0.025255255515464037, ""C03"": 0.025255255515464037, ""C04"": 0.025255255515464037, ""C05"": 0.025255255515464037, ""C06"": 0.024296259803931578, ""C07"": 0.025255255515464037, ""C08"": 0.025255255515464037, ""C09"": 0.025255255515464037, ""C10"": 0.025255255515464037, ""C11"": 0.025255255515464037, ""C12"": 0.025255255515464037, ""C13"": 0.025255255515464037, ""C14"": 0.025255255515464037, ""C15"": 0.025255255515464037}"
39,39,1,490,1.768234,15,"{""C01"": 1.738213, ""C02"": 1.900793, ""C03"": 1.78398, ""C04"": 1.782784, ""C05"": 1.500052, ""C06"": 1.969615, ""C07"": 1.802622, ""C08"": 1.745714, ""C09"": 1.785082, ""C10"": 1.620148, ""C11"": 1.555617, ""C12"": 1.850077, ""C13"": 1.787942, ""C14"": 1.736669, ""C15"": 1.914246}","{""C01"": 0, ""C02"": 0, ""C03"": 0, ""C04"": 0, ""C05"": 0, ""C06"": 1660, ""C07"": 0, ""C08"": 0, ""C09"": 0, ""C10"": 0, ""C11"": 0, ""C12"": 0, ""C13"": 0, ""C14"": 0, ""C15"": 0}","{""C01"": 0.025250337065458428, ""C02"": 0.025250337065458428, ""C03"": 0.025250337065458428, ""C04"": 0.025250337065458428, ""C05"": 0.025250337065458428, ""C06"": 0.024289024488501523, ""C07"": 0.025250337065458428, ""C08"": 0.025250337065458428, ""C09"": 0.025250337065458428, ""C10"": 0.025250337065458428, ""C11"": 0.025250337065458428, ""C12"": 0.025250337065458428, ""C13"": 0.025250337065458428, ""C14"": 0.025250337065458428, ""C15"": 0.025250337065458428}"
40,40,1,472,1.683885,15,"{""C01"": 1.703411, ""C02"": 1.919713, ""C03"": 1.790015, ""C04"": 1.796319, ""C05"": 1.52851, ""C06"": 1.983019, ""C07"": 1.804555, ""C08"": 1.779168, ""C09"": 1.802435, ""C10"": 1.581551, ""C11"": 1.571961, ""C12"": 1.868895, ""C13"": 1.788254, ""C14"": 1.759651, ""C15"": 1.911775}","{""C01"": 0, ""C02"": 0, ""C03"": 0, ""C04"": 0, ""C05"": 0, ""C06"": 1657, ""C07"": 0, ""C08"": 0, ""C09"": 0, ""C10"": 0, ""C11"": 0, ""C12"": 0, ""C13"": 0, ""C14"": 0, ""C15"": 0}","{""C01"": 0.02525515338088849, ""C02"": 0.02525515338088849, ""C03"": 0.02525515338088849, ""C04"": 0.02525515338088849, ""C05"": 0.02525515338088849, ""C06"": 0.02429557565696993, ""C07"": 0.02525515338088849, ""C08"": 0.02525515338088849, ""C09"": 0.02525515338088849, ""C10"": 0.02525515338088849, ""C11"": 0.02525515338088849, ""C12"": 0.02525515338088849, ""C13"": 0.02525515338088849, ""C14"": 0.02525515338088849, ""C15"": 0.02525515338088849}"
41,41,1,439,1.590954,15,"{""C01"": 1.675569, ""C02"": 1.872226, ""C03"": 1.7977, ""C04"": 1.80512, ""C05"": 1.536266, ""C06"": 1.971659, ""C07"": 1.772554, ""C08"": 1.74027, ""C09"": 1.785599, ""C10"": 1.571072, ""C11"": 1.523016, ""C12"": 1.846876, ""C13"": 1.744462, ""C14"": 1.774979, ""C15"": 1.896286}","{""C01"": 0, ""C02"": 0, ""C03"": 0, ""C04"": 0, ""C05"": 0, ""C06"": 1660, ""C07"": 0, ""C08"": 0, ""C09"": 0, ""C10"": 0, ""C11"": 0, ""C12"": 0, ""C13"": 0, ""C14"": 0, ""C15"": 0}","{""C01"": 0.02525134242389826, ""C02"": 0.02525134242389826, ""C03"": 0.02525134242389826, ""C04"": 0.02525134242389826, ""C05"": 0.02525134242389826, ""C06"": 0.024290027358604527, ""C07"": 0.02525134242389826, ""C08"": 0.02525134242389826, ""C09"": 0.02525134242389826, ""C10"": 0.02525134242389826, ""C11"": 0.02525134242389826, ""C12"": 0.02525134242389826, ""C13"": 0.02525134242389826, ""C14"": 0.02525134242389826, ""C15"": 0.02525134242389826}"
42,42,1,670,2.573215,15,"{""C01"": 1.717166, ""C02"": 1.911664, ""C03"": 1.783164, ""C04"": 1.795546, ""C05"": 1.485314, ""C06"": 1.953968, ""C07"": 1.771118, ""C08"": 1.778148, ""C09"": 1.784772, ""C10"": 1.570438, ""C11"": 1.556679, ""C12"": 1.878467, ""C13"": 1.768755, ""C14"": 1.761511, ""C15"": 1.904168}","{""C01"": 0, ""C02"": 0, ""C03"": 0, ""C04"": 0, ""C05"": 0, ""C06"": 1664, ""C07"": 0, ""C08"": 0, ""C09"": 0, ""C10"": 0, ""C11"": 0, ""C12"": 0, ""C13"": 0, ""C14"": 0, ""C15"": 0}","{""C01"": 0.025244930829747034, ""C02"": 0.025244930829747034, ""C03"": 0.025244930829747034, ""C04"": 0.025244930829747034, ""C05"": 0.025244930829747034, ""C06"": 0.024281302590517927, ""C07"": 0.025244930829747034, ""C08"": 0.025244930829747034, ""C09"": 0.025244930829747034, ""C10"": 0.025244930829747034, ""C11"": 0.025244930829747034, ""C12"": 0.025244930829747034, ""C13"": 0.025244930829747034, ""C14"": 0.025244930829747034, ""C15"": 0.025244930829747034}"
43,43,1,507,1.895005,15,"{""C01"": 1.671734, ""C02"": 1.888934, ""C03"": 1.785837, ""C04"": 1.773429, ""C05"": 1.506113, ""C06"": 1.957878, ""C07"": 1.805415, ""C08"": 1.763888, ""C09"": 1.782231, ""C10"": 1.582483, ""C11"": 1.583754, ""C12"": 1.880473, ""C13"": 1.791776, ""C14"": 1.722502, ""C15"": 1.901495}","{""C01"": 0, ""C02"": 0, ""C03"": 0, ""C04"": 0, ""C05"": 0, ""C06"": 1663, ""C07"": 0, ""C08"": 0, ""C09"": 0, ""C10"": 0, ""C11"": 0, ""C12"": 0, ""C13"": 0, ""C14"": 0, ""C15"": 0}","{""C01"": 0.02524628914210504, ""C02"": 0.02524628914210504, ""C03"": 0.02524628914210504, ""C04"": 0.02524628914210504, ""C05"": 0.02524628914210504, ""C06"": 0.024283239802446323, ""C07"": 0.02524628914210504, ""C08"": 0.02524628914210504, ""C09"": 0.02524628914210504, ""C10"": 0.02524628914210504, ""C11"": 0.02524628914210504, ""C12"": 0.02524628914210504, ""C13"": 0.02524628914210504, ""C14"": 0.02524628914210504, ""C15"": 0.02524628914210504}"
44,44,1,345,1.299392,15,"{""C01"": 1.71894, ""C02"": 1.900956, ""C03"": 1.780886, ""C04"": 1.7826, ""C05"": 1.499679, ""C06"": 1.991172, ""C07"": 1.783993, ""C08"": 1.759301, ""C09"": 1.78319, ""C10"": 1.564091, ""C11"": 1.534068, ""C12"": 1.870181, ""C13"": 1.750496, ""C14"": 1.752537, ""C15"": 1.854302}","{""C01"": 0, ""C02"": 0, ""C03"": 0, ""C04"": 0, ""C05"": 0, ""C06"": 1654, ""C07"": 0, ""C08"": 0, ""C09"": 0, ""C10"": 0, ""C11"": 0, ""C12"": 0, ""C13"": 0, ""C14"": 0, ""C15"": 0}","{""C01"": 0.025257368138401626, ""C02"": 0.025257368138401626, ""C03"": 0.025257368138401626, ""C04"": 0.025257368138401626, ""C05"": 0.025257368138401626, ""C06"": 0.0242995317204643, ""C07"": 0.025257368138401626, ""C08"": 0.025257368138401626, ""C09"": 0.025257368138401626, ""C10"": 0.025257368138401626, ""C11"": 0.025257368138401626, ""C12"": 0.025257368138401626, ""C13"": 0.025257368138401626, ""C14"": 0.025257368138401626, ""C15"": 0.025257368138401626}"
45,45,1,373,1.394315,15,"{""C01"": 1.694716, ""C02"": 1.872153, ""C03"": 1.790962, ""C04"": 1.786554, ""C05"": 1.511657, ""C06"": 1.960646, ""C07"": 1.768724, ""C08"": 1.704671, ""C09"": 1.743322, ""C10"": 1.530375, ""C11"": 1.574203, ""C12"": 1.8543, ""C13"": 1.73683, ""C14"": 1.755343, ""C15"": 1.876432}","{""C01"": 0, ""C02"": 0, ""C03"": 0, ""C04"": 0, ""C05"": 0, ""C06"": 1663, ""C07"": 0, ""C08"": 0, ""C09"": 0, ""C10"": 0, ""C11"": 0, ""C12"": 0, ""C13"": 0, ""C14"": 0, ""C15"": 0}","{""C01"": 0.025247661012227543, ""C02"": 0.025247661012227543, ""C03"": 0.025247661012227543, ""C04"": 0.025247661012227543, ""C05"": 0.025247661012227543, ""C06"": 0.024284608283807678, ""C07"": 0.025247661012227543, ""C08"": 0.025247661012227543, ""C09"": 0.025247661012227543, ""C10"": 0.025247661012227543, ""C11"": 0.025247661012227543, ""C12"": 0.025247661012227543, ""C13"": 0.025247661012227543, ""C14"": 0.025247661012227543, ""C15"": 0.025247661012227543}"
46,46,1,433,2.410672,15,"{""C01"": 1.680527, ""C02"": 1.88009, ""C03"": 1.762162, ""C04"": 1.768525, ""C05"": 1.514477, ""C06"": 1.953861, ""C07"": 1.775607, ""C08"": 1.733517, ""C09"": 1.786542, ""C10"": 1.551538, ""C11"": 1.580104, ""C12"": 1.845071, ""C13"": 1.756758, ""C14"": 1.695899, ""C15"": 1.877748}","{""C01"": 0, ""C02"": 0, ""C03"": 0, ""C04"": 0, ""C05"": 0, ""C06"": 1664, ""C07"": 0, ""C08"": 0, ""C09"": 0, ""C10"": 0, ""C11"": 0, ""C12"": 0, ""C13"": 0, ""C14"": 0, ""C15"": 0}","{""C01"": 0.025244877601554347, ""C02"": 0.025244877601554347, ""C03"": 0.025244877601554347, ""C04"": 0.025244877601554347, ""C05"": 0.025244877601554347, ""C06"": 0.02428124949371672, ""C07"": 0.025244877601554347, ""C08"": 0.025244877601554347, ""C09"": 0.025244877601554347, ""C10"": 0.025244877601554347, ""C11"": 0.025244877601554347, ""C12"": 0.025244877601554347, ""C13"": 0.025244877601554347, ""C14"": 0.025244877601554347, ""C15"": 0.025244877601554347}"
47,47,1,838,3.344190,15,"{""C01"": 1.685796, ""C02"": 1.873354, ""C03"": 1.742727, ""C04"": 1.754105, ""C05"": 1.478213, ""C06"": 1.91212, ""C07"": 1.752828, ""C08"": 1.729275, ""C09"": 1.725622, ""C10"": 1.520413, ""C11"": 1.524601, ""C12"": 1.828422, ""C13"": 1.768148, ""C14"": 1.732762, ""C15"": 1.831594}","{""C01"": 0, ""C02"": 0, ""C03"": 0, ""C04"": 0, ""C05"": 0, ""C06"": 1676, ""C07"": 0, ""C08"": 0, ""C09"": 0, ""C10"": 0, ""C11"": 0, ""C12"": 0, ""C13"": 0, ""C14"": 0, ""C15"": 0}","{""C01"": 0.025230825471106014, ""C02"": 0.025230825471106014, ""C03"": 0.025230825471106014, ""C04"": 0.025230825471106014, ""C05"": 0.025230825471106014, ""C06"": 0.024260245025827257, ""C07"": 0.025230825471106014, ""C08"": 0.025230825471106014, ""C09"": 0.025230825471106014, ""C10"": 0.025230825471106014, ""C11"": 0.025230825471106014, ""C12"": 0.025230825471106014, ""C13"": 0.025230825471106014, ""C14"": 0.025230825471106014, ""C15"": 0.025230825471106014}"
48,48,1,447,1.638972,15,"{""C01"": 1.661723, ""C02"": 1.874847, ""C03"": 1.705015, ""C04"": 1.753239, ""C05"": 1.481072, ""C06"": 1.955323, ""C07"": 1.759276, ""C08"": 1.706316, ""C09"": 1.734806, ""C10"": 1.567086, ""C11"": 1.530482, ""C12"": 1.818985, ""C13"": 1.737071, ""C14"": 1.729473, ""C15"": 1.885901}","{""C01"": 0, ""C02"": 0, ""C03"": 0, ""C04"": 0, ""C05"": 0, ""C06"": 1664, ""C07"": 0, ""C08"": 0, ""C09"": 0, ""C10"": 0, ""C11"": 0, ""C12"": 0, ""C13"": 0, ""C14"": 0, ""C15"": 0}","{""C01"": 0.025245604520206244, ""C02"": 0.025245604520206244, ""C03"": 0.025245604520206244, ""C04"": 0.025245604520206244, ""C05"": 0.025245604520206244, ""C06"": 0.024281974617973195, ""C07"": 0.025245604520206244, ""C08"": 0.025245604520206244, ""C09"": 0.025245604520206244, ""C10"": 0.025245604520206244, ""C11"": 0.025245604520206244, ""C12"": 0.025245604520206244, ""C13"": 0.025245604520206244, ""C14"": 0.025245604520206244, ""C15"": 0.025245604520206244}"
49,49,1,478,1.743137,15,"{""C01"": 1.635664, ""C02"": 1.869475, ""C03"": 1.753071, ""C04"": 1.726215, ""C05"": 1.501005, ""C06"": 1.933856, ""C07"": 1.703745, ""C08"": 1.723644, ""C09"": 1.758069, ""C10"": 1.525822, ""C11"": 1.506324, ""C12"": 1.835608, ""C13"": 1.739696, ""C14"": 1.709574, ""C15"": 1.862019}","{""C01"": 0, ""C02"": 0, ""C03"": 0, ""C04"": 0, ""C05"": 0, ""C06"": 1670, ""C07"": 0, ""C08"": 0, ""C09"": 0, ""C10"": 0, ""C11"": 0, ""C12"": 0, ""C13"": 0, ""C14"": 0, ""C15"": 0}","{""C01"": 0.025238362768258638, ""C02"": 0.025238362768258638, ""C03"": 0.025238362768258638, ""C04"": 0.025238362768258638, ""C05"": 0.025238362768258638, ""C06"": 0.02427125723231335, ""C07"": 0.025238362768258638, ""C08"": 0.025238362768258638, ""C09"": 0.025238362768258638, ""C10"": 0.025238362768258638, ""C11"": 0.025238362768258638, ""C12"": 0.025238362768258638, ""C13"": 0.025238362768258638, ""C14"": 0.025238362768258638, ""C15"": 0.025238362768258638}"
50,50,1,509,1.824033,15,"{""C01"": 1.694825, ""C02"": 1.85648, ""C03"": 1.701256, ""C04"": 1.725962, ""C05"": 1.478637, ""C06"": 1.907835, ""C07"": 1.686648, ""C08"": 1.697329, ""C09"": 1.77295, ""C10"": 1.537965, ""C11"": 1.522565, ""C12"": 1.815942, ""C13"": 1.706914, ""C14"": 1.698161, ""C15"": 1.799417}","{""C01"": 0, ""C02"": 0, ""C03"": 0, ""C04"": 0, ""C05"": 0, ""C06"": 1677, ""C07"": 0, ""C08"": 0, ""C09"": 0, ""C10"": 0, ""C11"": 0, ""C12"": 0, ""C13"": 0, ""C14"": 0, ""C15"": 0}","{""C01"": 0.025229213368062456, ""C02"": 0.025229213368062456, ""C03"": 0.025229213368062456, ""C04"": 0.025229213368062456, ""C05"": 0.025229213368062456, ""C06"": 0.02425805464179645, ""C07"": 0.025229213368062456, ""C08"": 0.025229213368062456, ""C09"": 0.025229213368062456, ""C10"": 0.025229213368062456, ""C11"": 0.025229213368062456, ""C12"": 0.025229213368062456, ""C13"": 0.025229213368062456, ""C14"": 0.025229213368062456, ""C15"": 0.025229213368062456}"
51,51,1,836,3.051081,15,"{""C01"": 1.66024, ""C02"": 1.839077, ""C03"": 1.715762, ""C04"": 1.722336, ""C05"": 1.47967, ""C06"": 1.917295, ""C07"": 1.719787, ""C08"": 1.710159, ""C09"": 1.732184, ""C10"": 1.501604, ""C11"": 1.512797, ""C12"": 1.822374, ""C13"": 1.723489, ""C14"": 1.679514, ""C15"": 1.876007}","{""C01"": 0, ""C02"": 0, ""C03"": 0, ""C04"": 0, ""C05"": 0, ""C06"": 1674, ""C07"": 0, ""C08"": 0, ""C09"": 0, ""C10"": 0, ""C11"": 0, ""C12"": 0, ""C13"": 0, ""C14"": 0, ""C15"": 0}","{""C01"": 0.02523230116980496, ""C02"": 0.02523230116980496, ""C03"": 0.02523230116980496, ""C04"": 0.02523230116980496, ""C05"": 0.02523230116980496, ""C06"": 0.024262881570663426, ""C07"": 0.02523230116980496, ""C08"": 0.02523230116980496, ""C09"": 0.02523230116980496, ""C10"": 0.02523230116980496, ""C11"": 0.02523230116980496, ""C12"": 0.02523230116980496, ""C13"": 0.02523230116980496, ""C14"": 0.02523230116980496, ""C15"": 0.02523230116980496}"
52,52,1,311,1.145085,15,"{""C01"": 1.670329, ""C02"": 1.830535, ""C03"": 1.720971, ""C04"": 1.717784, ""C05"": 1.471601, ""C06"": 1.931918, ""C07"": 1.734966, ""C08"": 1.696657, ""C09"": 1.730074, ""C10"": 1.476379, ""C11"": 1.476569, ""C12"": 1.818423, ""C13"": 1.713749, ""C14"": 1.681629, ""C15"": 1.820158}","{""C01"": 0, ""C02"": 0, ""C03"": 0, ""C04"": 0, ""C05"": 0, ""C06"": 1670, ""C07"": 0, ""C08"": 0, ""C09"": 0, ""C10"": 0, ""C11"": 0, ""C12"": 0, ""C13"": 0, ""C14"": 0, ""C15"": 0}","{""C01"": 0.025237384974393387, ""C02"": 0.025237384974393387, ""C03"": 0.025237384974393387, ""C04"": 0.025237384974393387, ""C05"": 0.025237384974393387, ""C06"": 0.02427028184265356, ""C07"": 0.025237384974393387, ""C08"": 0.025237384974393387, ""C09"": 0.025237384974393387, ""C10"": 0.025237384974393387, ""C11"": 0.025237384974393387, ""C12"": 0.025237384974393387, ""C13"": 0.025237384974393387, ""C14"": 0.025237384974393387, ""C15"": 0.025237384974393387}"
53,53,1,825,3.039131,15,"{""C01"": 1.647102, ""C02"": 1.851977, ""C03"": 1.70064, ""C04"": 1.695857, ""C05"": 1.44761, ""C06"": 1.89371, ""C07"": 1.747298, ""C08"": 1.681187, ""C09"": 1.743728, ""C10"": 1.5172, ""C11"": 1.476431, ""C12"": 1.78979, ""C13"": 1.725101, ""C14"": 1.683306, ""C15"": 1.820931}","{""C01"": 0, ""C02"": 0, ""C03"": 0, ""C04"": 0, ""C05"": 0, ""C06"": 1681, ""C07"": 0, ""C08"": 0, ""C09"": 0, ""C10"": 0, ""C11"": 0, ""C12"": 0, ""C13"": 0, ""C14"": 0, ""C15"": 0}","{""C01"": 0.025224263918025347, ""C02"": 0.025224263918025347, ""C03"": 0.025224263918025347, ""C04"": 0.025224263918025347, ""C05"": 0.025224263918025347, ""C06"": 0.024250788395737088, ""C07"": 0.025224263918025347, ""C08"": 0.025224263918025347, ""C09"": 0.025224263918025347, ""C10"": 0.025224263918025347, ""C11"": 0.025224263918025347, ""C12"": 0.025224263918025347, ""C13"": 0.025224263918025347, ""C14"": 0.025224263918025347, ""C15"": 0.025224263918025347}"
54,54,1,473,1.741565,15,"{""C01"": 1.650278, ""C02"": 1.837892, ""C03"": 1.750132, ""C04"": 1.728179, ""C05"": 1.445201, ""C06"": 1.90071, ""C07"": 1.71254, ""C08"": 1.658811, ""C09"": 1.716465, ""C10"": 1.474019, ""C11"": 1.48998, ""C12"": 1.78767, ""C13"": 1.662982, ""C14"": 1.68715, ""C15"": 1.784536}","{""C01"": 0, ""C02"": 0, ""C03"": 0, ""C04"": 0, ""C05"": 0, ""C06"": 1679, ""C07"": 0, ""C08"": 0, ""C09"": 0, ""C10"": 0, ""C11"": 0, ""C12"": 0, ""C13"": 0, ""C14"": 0, ""C15"": 0}","{""C01"": 0.02522671530064141, ""C02"": 0.02522671530064141, ""C03"": 0.02522671530064141, ""C04"": 0.02522671530064141, ""C05"": 0.02522671530064141, ""C06"": 0.024254398233584697, ""C07"": 0.02522671530064141, ""C08"": 0.02522671530064141, ""C09"": 0.02522671530064141, ""C10"": 0.02522671530064141, ""C11"": 0.02522671530064141, ""C12"": 0.02522671530064141, ""C13"": 0.02522671530064141, ""C14"": 0.02522671530064141, ""C15"": 0.02522671530064141}"
55,55,1,308,1.111081,15,"{""C01"": 1.654548, ""C02"": 1.820876, ""C03"": 1.687835, ""C04"": 1.715612, ""C05"": 1.438163, ""C06"": 1.927053, ""C07"": 1.744455, ""C08"": 1.705418, ""C09"": 1.742852, ""C10"": 1.486236, ""C11"": 1.495027, ""C12"": 1.803545, ""C13"": 1.660717, ""C14"": 1.713481, ""C15"": 1.809866}","{""C01"": 0, ""C02"": 0, ""C03"": 0, ""C04"": 0, ""C05"": 0, ""C06"": 1672, ""C07"": 0, ""C08"": 0, ""C09"": 0, ""C10"": 0, ""C11"": 0, ""C12"": 0, ""C13"": 0, ""C14"": 0, ""C15"": 0}","{""C01"": 0.02523609260445532, ""C02"": 0.02523609260445532, ""C03"": 0.02523609260445532, ""C04"": 0.02523609260445532, ""C05"": 0.02523609260445532, ""C06"": 0.024267828171044826, ""C07"": 0.02523609260445532, ""C08"": 0.02523609260445532, ""C09"": 0.02523609260445532, ""C10"": 0.02523609260445532, ""C11"": 0.02523609260445532, ""C12"": 0.02523609260445532, ""C13"": 0.02523609260445532, ""C14"": 0.02523609260445532, ""C15"": 0.02523609260445532}"
56,56,1,844,3.050753,15,"{""C01"": 1.642584, ""C02"": 1.869652, ""C03"": 1.724878, ""C04"": 1.709172, ""C05"": 1.443966, ""C06"": 1.906413, ""C07"": 1.731592, ""C08"": 1.685726, ""C09"": 1.742887, ""C10"": 1.503325, ""C11"": 1.483852, ""C12"": 1.799932, ""C13"": 1.672745, ""C14"": 1.718278, ""C15"": 1.83461}","{""C01"": 0, ""C02"": 0, ""C03"": 0, ""C04"": 0, ""C05"": 0, ""C06"": 1677, ""C07"": 0, ""C08"": 0, ""C09"": 0, ""C10"": 0, ""C11"": 0, ""C12"": 0, ""C13"": 0, ""C14"": 0, ""C15"": 0}","{""C01"": 0.025228483142257674, ""C02"": 0.025228483142257674, ""C03"": 0.025228483142257674, ""C04"": 0.025228483142257674, ""C05"": 0.025228483142257674, ""C06"": 0.024257326203247512, ""C07"": 0.025228483142257674, ""C08"": 0.025228483142257674, ""C09"": 0.025228483142257674, ""C10"": 0.025228483142257674, ""C11"": 0.025228483142257674, ""C12"": 0.025228483142257674, ""C13"": 0.025228483142257674, ""C14"": 0.025228483142257674, ""C15"": 0.025228483142257674}"
57,57,1,435,1.606053,15,"{""C01"": 1.667127, ""C02"": 1.855687, ""C03"": 1.695348, ""C04"": 1.733111, ""C05"": 1.457701, ""C06"": 1.925839, ""C07"": 1.720792, ""C08"": 1.719607, ""C09"": 1.740759, ""C10"": 1.507025, ""C11"": 1.495308, ""C12"": 1.792238, ""C13"": 1.70354, ""C14"": 1.694781, ""C15"": 1.821156}","{""C01"": 0, ""C02"": 0, ""C03"": 0, ""C04"": 0, ""C05"": 0, ""C06"": 1672, ""C07"": 0, ""C08"": 0, ""C09"": 0, ""C10"": 0, ""C11"": 0, ""C12"": 0, ""C13"": 0, ""C14"": 0, ""C15"": 0}","{""C01"": 0.02523547744510765, ""C02"": 0.02523547744510765, ""C03"": 0.02523547744510765, ""C04"": 0.02523547744510765, ""C05"": 0.02523547744510765, ""C06"": 0.02426721452230342, ""C07"": 0.02523547744510765, ""C08"": 0.02523547744510765, ""C09"": 0.02523547744510765, ""C10"": 0.02523547744510765, ""C11"": 0.02523547744510765, ""C12"": 0.02523547744510765, ""C13"": 0.02523547744510765, ""C14"": 0.02523547744510765, ""C15"": 0.02523547744510765}"
58,58,1,796,2.898599,15,"{""C01"": 1.651119, ""C02"": 1.871584, ""C03"": 1.708862, ""C04"": 1.736948, ""C05"": 1.470372, ""C06"": 1.915846, ""C07"": 1.729818, ""C08"": 1.664694, ""C09"": 1.734786, ""C10"": 1.46668, ""C11"": 1.518566, ""C12"": 1.772646, ""C13"": 1.726074, ""C14"": 1.711788, ""C15"": 1.811403}","{""C01"": 0, ""C02"": 0, ""C03"": 0, ""C04"": 0, ""C05"": 0, ""C06"": 1675, ""C07"": 0, ""C08"": 0, ""C09"": 0, ""C10"": 0, ""C11"": 0, ""C12"": 0, ""C13"": 0, ""C14"": 0, ""C15"": 0}","{""C01"": 0.025232145851159557, ""C02"": 0.025232145851159557, ""C03"": 0.025232145851159557, ""C04"": 0.025232145851159557, ""C05"": 0.025232145851159557, ""C06"": 0.02426214440054, ""C07"": 0.025232145851159557, ""C08"": 0.025232145851159557, ""C09"": 0.025232145851159557, ""C10"": 0.025232145851159557, ""C11"": 0.025232145851159557, ""C12"": 0.025232145851159557, ""C13"": 0.025232145851159557, ""C14"": 0.025232145851159557, ""C15"": 0.025232145851159557}"
59,59,1,643,2.334292,15,"{""C01"": 1.706352, ""C02"": 1.842733, ""C03"": 1.746157, ""C04"": 1.724348, ""C05"": 1.443545, ""C06"": 1.893309, ""C07"": 1.736515, ""C08"": 1.690461, ""C09"": 1.757024, ""C10"": 1.476915, ""C11"": 1.508306, ""C12"": 1.761993, ""C13"": 1.712203, ""C14"": 1.656016, ""C15"": 1.854475}","{""C01"": 0, ""C02"": 0, ""C03"": 0, ""C04"": 0, ""C05"": 0, ""C06"": 1681, ""C07"": 0, ""C08"": 0, ""C09"": 0, ""C10"": 0, ""C11"": 0, ""C12"": 0, ""C13"": 0, ""C14"": 0, ""C15"": 0}","{""C01"": 0.025224056061348185, ""C02"": 0.025224056061348185, ""C03"": 0.025224056061348185, ""C04"": 0.025224056061348185, ""C05"": 0.025224056061348185, ""C06"": 0.024250581046478824, ""C07"": 0.025224056061348185, ""C08"": 0.025224056061348185, ""C09"": 0.025224056061348185, ""C10"": 0.025224056061348185, ""C11"": 0.025224056061348185, ""C12"": 0.025224056061348185, ""C13"": 0.025224056061348185, ""C14"": 0.025224056061348185, ""C15"": 0.025224056061348185}"
60,60,1,450,1.646084,15,"{""C01"": 1.696153, ""C02"": 1.838732, ""C03"": 1.763162, ""C04"": 1.748207, ""C05"": 1.467017, ""C06"": 1.935439, ""C07"": 1.758045, ""C08"": 1.720348, ""C09"": 1.770906, ""C10"": 1.478139, ""C11"": 1.518769, ""C12"": 1.811193, ""C13"": 1.708899, ""C14"": 1.717013, ""C15"": 1.866362}","{""C01"": 0, ""C02"": 0, ""C03"": 0, ""C04"": 0, ""C05"": 0, ""C06"": 1669, ""C07"": 0, ""C08"": 0, ""C09"": 0, ""C10"": 0, ""C11"": 0, ""C12"": 0, ""C13"": 0, ""C14"": 0, ""C15"": 0}","{""C01"": 0.025238576529205956, ""C02"": 0.025238576529205956, ""C03"": 0.025238576529205956, ""C04"": 0.025238576529205956, ""C05"": 0.025238576529205956, ""C06"": 0.024272052709186333, ""C07"": 0.025238576529205956, ""C08"": 0.025238576529205956, ""C09"": 0.025238576529205956, ""C10"": 0.025238576529205956, ""C11"": 0.025238576529205956, ""C12"": 0.025238576529205956, ""C13"": 0.025238576529205956, ""C14"": 0.025238576529205956, ""C15"": 0.025238576529205956}"
61,61,1,216,0.781562,15,"{""C01"": 1.664671, ""C02"": 1.916693, ""C03"": 1.750166, ""C04"": 1.769637, ""C05"": 1.463508, ""C06"": 1.931006, ""C07"": 1.750646, ""C08"": 1.724563, ""C09"": 1.748605, ""C10"": 1.521948, ""C11"": 1.521706, ""C12"": 1.834365, ""C13"": 1.723155, ""C14"": 1.726067, ""C15"": 1.844156}","{""C01"": 0, ""C02"": 757, ""C03"": 0, ""C04"": 0, ""C05"": 0, ""C06"": 919, ""C07"": 0, ""C08"": 0, ""C09"": 0, ""C10"": 0, ""C11"": 0, ""C12"": 0, ""C13"": 0, ""C14"": 0, ""C15"": 0}","{""C01"": 0.025237151544415665, ""C02"": 0.02479875940809925, ""C03"": 0.025237151544415665, ""C04"": 0.025237151544415665, ""C05"": 0.025237151544415665, ""C06"": 0.024704965523720167, ""C07"": 0.025237151544415665, ""C08"": 0.025237151544415665, ""C09"": 0.025237151544415665, ""C10"": 0.025237151544415665, ""C11"": 0.025237151544415665, ""C12"": 0.025237151544415665, ""C13"": 0.025237151544415665, ""C14"": 0.025237151544415665, ""C15"": 0.025237151544415665}"
62,62,1,234,0.841594,15,"{""C01"": 1.674183, ""C02"": 1.914785, ""C03"": 1.752776, ""C04"": 1.74112, ""C05"": 1.446583, ""C06"": 1.909458, ""C07"": 1.755258, ""C08"": 1.772366, ""C09"": 1.777054, ""C10"": 1.506768, ""C11"": 1.527395, ""C12"": 1.82134, ""C13"": 1.715583, ""C14"": 1.752118, ""C15"": 1.845878}","{""C01"": 0, ""C02"": 897, ""C03"": 0, ""C04"": 0, ""C05"": 0, ""C06"": 780, ""C07"": 0, ""C08"": 0, ""C09"": 0, ""C10"": 0, ""C11"": 0, ""C12"": 0, ""C13"": 0, ""C14"": 0, ""C15"": 0}","{""C01"": 0.025231504835469196, ""C02"": 0.024712059427716197, ""C03"": 0.025231504835469196, ""C04"": 0.025231504835469196, ""C05"": 0.025231504835469196, ""C06"": 0.024779803232619062, ""C07"": 0.025231504835469196, ""C08"": 0.025231504835469196, ""C09"": 0.025231504835469196, ""C10"": 0.025231504835469196, ""C11"": 0.025231504835469196, ""C12"": 0.025231504835469196, ""C13"": 0.025231504835469196, ""C14"": 0.025231504835469196, ""C15"": 0.025231504835469196}"
63,63,1,482,1.783130,15,"{""C01"": 1.736475, ""C02"": 1.890257, ""C03"": 1.720193, ""C04"": 1.758921, ""C05"": 1.479433, ""C06"": 1.947887, ""C07"": 1.764058, ""C08"": 1.721985, ""C09"": 1.80046, ""C10"": 1.510449, ""C11"": 1.551928, ""C12"": 1.827808, ""C13"": 1.714278, ""C14"": 1.74039, ""C15"": 1.831006}","{""C01"": 0, ""C02"": 0, ""C03"": 0, ""C04"": 0, ""C05"": 0, ""C06"": 1666, ""C07"": 0, ""C08"": 0, ""C09"": 0, ""C10"": 0, ""C11"": 0, ""C12"": 0, ""C13"": 0, ""C14"": 0, ""C15"": 0}","{""C01"": 0.025243067909276815, ""C02"": 0.025243067909276815, ""C03"": 0.025243067909276815, ""C04"": 0.025243067909276815, ""C05"": 0.025243067909276815, ""C06"": 0.024278279764891234, ""C07"": 0.025243067909276815, ""C08"": 0.025243067909276815, ""C09"": 0.025243067909276815, ""C10"": 0.025243067909276815, ""C11"": 0.025243067909276815, ""C12"": 0.025243067909276815, ""C13"": 0.025243067909276815, ""C14"": 0.025243067909276815, ""C15"": 0.025243067909276815}"
64,64,1,453,1.641983,15,"{""C01"": 1.71415, ""C02"": 1.886653, ""C03"": 1.745518, ""C04"": 1.779504, ""C05"": 1.504454, ""C06"": 1.954049, ""C07"": 1.78302, ""C08"": 1.728468, ""C09"": 1.791269, ""C10"": 1.524073, ""C11"": 1.538657, ""C12"": 1.873939, ""C13"": 1.749331, ""C14"": 1.750337, ""C15"": 1.842038}","{""C01"": 0, ""C02"": 0, ""C03"": 0, ""C04"": 0, ""C05"": 0, ""C06"": 1664, ""C07"": 0, ""C08"": 0, ""C09"": 0, ""C10"": 0, ""C11"": 0, ""C12"": 0, ""C13"": 0, ""C14"": 0, ""C15"": 0}","{""C01"": 0.025244971121159865, ""C02"": 0.025244971121159865, ""C03"": 0.025244971121159865, ""C04"": 0.025244971121159865, ""C05"": 0.025244971121159865, ""C06"": 0.024281342782473025, ""C07"": 0.025244971121159865, ""C08"": 0.025244971121159865, ""C09"": 0.025244971121159865, ""C10"": 0.025244971121159865, ""C11"": 0.025244971121159865, ""C12"": 0.025244971121159865, ""C13"": 0.025244971121159865, ""C14"": 0.025244971121159865, ""C15"": 0.025244971121159865}"
65,65,1,794,2.799304,15,"{""C01"": 1.685883, ""C02"": 1.915, ""C03"": 1.765665, ""C04"": 1.776855, ""C05"": 1.504795, ""C06"": 1.955494, ""C07"": 1.793712, ""C08"": 1.770852, ""C09"": 1.802892, ""C10"": 1.513974, ""C11"": 1.580222, ""C12"": 1.850318, ""C13"": 1.762496, ""C14"": 1.734205, ""C15"": 1.867311}","{""C01"": 0, ""C02"": 0, ""C03"": 0, ""C04"": 0, ""C05"": 0, ""C06"": 1664, ""C07"": 0, ""C08"": 0, ""C09"": 0, ""C10"": 0, ""C11"": 0, ""C12"": 0, ""C13"": 0, ""C14"": 0, ""C15"": 0}","{""C01"": 0.025245689491070297, ""C02"": 0.025245689491070297, ""C03"": 0.025245689491070297, ""C04"": 0.025245689491070297, ""C05"": 0.025245689491070297, ""C06"": 0.02428205937908295, ""C07"": 0.025245689491070297, ""C08"": 0.025245689491070297, ""C09"": 0.025245689491070297, ""C10"": 0.025245689491070297, ""C11"": 0.025245689491070297, ""C12"": 0.025245689491070297, ""C13"": 0.025245689491070297, ""C14"": 0.025245689491070297, ""C15"": 0.025245689491070297}"
66,66,1,495,1.739990,15,"{""C01"": 1.738417, ""C02"": 1.921589, ""C03"": 1.76849, ""C04"": 1.794449, ""C05"": 1.496836, ""C06"": 1.976259, ""C07"": 1.812822, ""C08"": 1.783752, ""C09"": 1.784309, ""C10"": 1.525778, ""C11"": 1.542278, ""C12"": 1.841173, ""C13"": 1.770038, ""C14"": 1.80536, ""C15"": 1.866159}","{""C01"": 0, ""C02"": 0, ""C03"": 0, ""C04"": 0, ""C05"": 0, ""C06"": 1658, ""C07"": 0, ""C08"": 0, ""C09"": 0, ""C10"": 0, ""C11"": 0, ""C12"": 0, ""C13"": 0, ""C14"": 0, ""C15"": 0}","{""C01"": 0.025252432121189036, ""C02"": 0.025252432121189036, ""C03"": 0.025252432121189036, ""C04"": 0.025252432121189036, ""C05"": 0.025252432121189036, ""C06"": 0.02429227887956679, ""C07"": 0.025252432121189036, ""C08"": 0.025252432121189036, ""C09"": 0.025252432121189036, ""C10"": 0.025252432121189036, ""C11"": 0.025252432121189036, ""C12"": 0.025252432121189036, ""C13"": 0.025252432121189036, ""C14"": 0.025252432121189036, ""C15"": 0.025252432121189036}"
67,67,1,951,3.485740,15,"{""C01"": 1.719303, ""C02"": 1.95025, ""C03"": 1.775771, ""C04"": 1.794522, ""C05"": 1.564172, ""C06"": 1.97078, ""C07"": 1.777284, ""C08"": 1.756855, ""C09"": 1.834517, ""C10"": 1.532851, ""C11"": 1.529701, ""C12"": 1.898718, ""C13"": 1.736581, ""C14"": 1.820331, ""C15"": 1.850135}","{""C01"": 0, ""C02"": 0, ""C03"": 0, ""C04"": 0, ""C05"": 0, ""C06"": 1660, ""C07"": 0, ""C08"": 0, ""C09"": 0, ""C10"": 0, ""C11"": 0, ""C12"": 0, ""C13"": 0, ""C14"": 0, ""C15"": 0}","{""C01"": 0.025250910266769802, ""C02"": 0.025250910266769802, ""C03"": 0.025250910266769802, ""C04"": 0.025250910266769802, ""C05"": 0.025250910266769802, ""C06"": 0.02428959627111149, ""C07"": 0.025250910266769802, ""C08"": 0.025250910266769802, ""C09"": 0.025250910266769802, ""C10"": 0.025250910266769802, ""C11"": 0.025250910266769802, ""C12"": 0.025250910266769802, ""C13"": 0.025250910266769802, ""C14"": 0.025250910266769802, ""C15"": 0.025250910266769802}"
68,68,1,409,1.489836,15,"{""C01"": 1.778084, ""C02"": 1.902276, ""C03"": 1.765478, ""C04"": 1.788336, ""C05"": 1.506553, ""C06"": 1.986709, ""C07"": 1.816669, ""C08"": 1.760583, ""C09"": 1.807638, ""C10"": 1.503719, ""C11"": 1.524867, ""C12"": 1.90723, ""C13"": 1.79733, ""C14"": 1.793087, ""C15"": 1.883562}","{""C01"": 0, ""C02"": 0, ""C03"": 0, ""C04"": 0, ""C05"": 0, ""C06"": 1656, ""C07"": 0, ""C08"": 0, ""C09"": 0, ""C10"": 0, ""C11"": 0, ""C12"": 0, ""C13"": 0, ""C14"": 0, ""C15"": 0}","{""C01"": 0.02525636736437964, ""C02"": 0.02525636736437964, ""C03"": 0.02525636736437964, ""C04"": 0.02525636736437964, ""C05"": 0.02525636736437964, ""C06"": 0.024297368893670585, ""C07"": 0.02525636736437964, ""C08"": 0.02525636736437964, ""C09"": 0.02525636736437964, ""C10"": 0.02525636736437964, ""C11"": 0.02525636736437964, ""C12"": 0.02525636736437964, ""C13"": 0.02525636736437964, ""C14"": 0.02525636736437964, ""C15"": 0.02525636736437964}"
69,69,1,172,0.614759,15,"{""C01"": 1.764034, ""C02"": 1.969399, ""C03"": 1.782495, ""C04"": 1.801067, ""C05"": 1.528018, ""C06"": 1.974665, ""C07"": 1.788266, ""C08"": 1.756035, ""C09"": 1.816966, ""C10"": 1.507863, ""C11"": 1.573667, ""C12"": 1.861714, ""C13"": 1.778008, ""C14"": 1.787634, ""C15"": 1.866841}","{""C01"": 0, ""C02"": 810, ""C03"": 0, ""C04"": 0, ""C05"": 0, ""C06"": 851, ""C07"": 0, ""C08"": 0, ""C09"": 0, ""C10"": 0, ""C11"": 0, ""C12"": 0, ""C13"": 0, ""C14"": 0, ""C15"": 0}","{""C01"": 0.025252141102230813, ""C02"": 0.024783065854696144, ""C03"": 0.025252141102230813, ""C04"": 0.025252141102230813, ""C05"": 0.025252141102230813, ""C06"": 0.024759334310167986, ""C07"": 0.025252141102230813, ""C08"": 0.025252141102230813, ""C09"": 0.025252141102230813, ""C10"": 0.025252141102230813, ""C11"": 0.025252141102230813, ""C12"": 0.025252141102230813, ""C13"": 0.025252141102230813, ""C14"": 0.025252141102230813, ""C15"": 0.025252141102230813}"
70,70,1,811,2.937418,15,"{""C01"": 1.771608, ""C02"": 1.965971, ""C03"": 1.714062, ""C04"": 1.809519, ""C05"": 1.518246, ""C06"": 2.009821, ""C07"": 1.797057, ""C08"": 1.794295, ""C09"": 1.798931, ""C10"": 1.52359, ""C11"": 1.589068, ""C12"": 1.886781, ""C13"": 1.782778, ""C14"": 1.802189, ""C15"": 1.871103}","{""C01"": 0, ""C02"": 0, ""C03"": 0, ""C04"": 0, ""C05"": 0, ""C06"": 1650, ""C07"": 0, ""C08"": 0, ""C09"": 0, ""C10"": 0, ""C11"": 0, ""C12"": 0, ""C13"": 0, ""C14"": 0, ""C15"": 0}","{""C01"": 0.02526402585974294, ""C02"": 0.02526402585974294, ""C03"": 0.02526402585974294, ""C04"": 0.02526402585974294, ""C05"": 0.02526402585974294, ""C06"": 0.02430850197475926, ""C07"": 0.02526402585974294, ""C08"": 0.02526402585974294, ""C09"": 0.02526402585974294, ""C10"": 0.02526402585974294, ""C11"": 0.02526402585974294, ""C12"": 0.02526402585974294, ""C13"": 0.02526402585974294, ""C14"": 0.02526402585974294, ""C15"": 0.02526402585974294}"
71,71,1,292,1.057680,15,"{""C01"": 1.731144, ""C02"": 1.960696, ""C03"": 1.768074, ""C04"": 1.807148, ""C05"": 1.500583, ""C06"": 1.947017, ""C07"": 1.803842, ""C08"": 1.782365, ""C09"": 1.855368, ""C10"": 1.523365, ""C11"": 1.559357, ""C12"": 1.892821, ""C13"": 1.783708, ""C14"": 1.810328, ""C15"": 1.896915}","{""C01"": 0, ""C02"": 918, ""C03"": 0, ""C04"": 0, ""C05"": 0, ""C06"": 750, ""C07"": 0, ""C08"": 0, ""C09"": 0, ""C10"": 0, ""C11"": 0, ""C12"": 0, ""C13"": 0, ""C14"": 0, ""C15"": 0}","{""C01"": 0.0252475500667258, ""C02"": 0.02471594138380204, ""C03"": 0.0252475500667258, ""C04"": 0.0252475500667258, ""C05"": 0.0252475500667258, ""C06"": 0.02481321182424926, ""C07"": 0.0252475500667258, ""C08"": 0.0252475500667258, ""C09"": 0.0252475500667258, ""C10"": 0.0252475500667258, ""C11"": 0.0252475500667258, ""C12"": 0.0252475500667258, ""C13"": 0.0252475500667258, ""C14"": 0.0252475500667258, ""C15"": 0.0252475500667258}"
72,72,1,787,2.850648,15,"{""C01"": 1.750593, ""C02"": 1.938099, ""C03"": 1.774619, ""C04"": 1.828493, ""C05"": 1.549041, ""C06"": 1.983587, ""C07"": 1.828613, ""C08"": 1.725405, ""C09"": 1.809872, ""C10"": 1.4869, ""C11"": 1.628886, ""C12"": 1.873177, ""C13"": 1.786784, ""C14"": 1.792938, ""C15"": 1.862427}","{""C01"": 0, ""C02"": 0, ""C03"": 0, ""C04"": 0, ""C05"": 0, ""C06"": 1656, ""C07"": 0, ""C08"": 0, ""C09"": 0, ""C10"": 0, ""C11"": 0, ""C12"": 0, ""C13"": 0, ""C14"": 0, ""C15"": 0}","{""C01"": 0.025254846443348106, ""C02"": 0.025254846443348106, ""C03"": 0.025254846443348106, ""C04"": 0.025254846443348106, ""C05"": 0.025254846443348106, ""C06"": 0.024295851746937134, ""C07"": 0.025254846443348106, ""C08"": 0.025254846443348106, ""C09"": 0.025254846443348106, ""C10"": 0.025254846443348106, ""C11"": 0.025254846443348106, ""C12"": 0.025254846443348106, ""C13"": 0.025254846443348106, ""C14"": 0.025254846443348106, ""C15"": 0.025254846443348106}"
73,73,1,506,1.820835,15,"{""C01"": 1.764858, ""C02"": 1.92695, ""C03"": 1.754361, ""C04"": 1.775597, ""C05"": 1.514052, ""C06"": 1.979848, ""C07"": 1.789066, ""C08"": 1.819446, ""C09"": 1.810412, ""C10"": 1.547399, ""C11"": 1.551924, ""C12"": 1.902733, ""C13"": 1.779783, ""C14"": 1.798067, ""C15"": 1.873146}","{""C01"": 0, ""C02"": 0, ""C03"": 0, ""C04"": 0, ""C05"": 0, ""C06"": 1657, ""C07"": 0, ""C08"": 0, ""C09"": 0, ""C10"": 0, ""C11"": 0, ""C12"": 0, ""C13"": 0, ""C14"": 0, ""C15"": 0}","{""C01"": 0.02525360479230733, ""C02"": 0.02525360479230733, ""C03"": 0.02525360479230733, ""C04"": 0.02525360479230733, ""C05"": 0.02525360479230733, ""C06"": 0.024294030908813498, ""C07"": 0.02525360479230733, ""C08"": 0.02525360479230733, ""C09"": 0.02525360479230733, ""C10"": 0.02525360479230733, ""C11"": 0.02525360479230733, ""C12"": 0.02525360479230733, ""C13"": 0.02525360479230733, ""C14"": 0.02525360479230733, ""C15"": 0.02525360479230733}"
74,74,1,478,1.740113,15,"{""C01"": 1.760603, ""C02"": 1.931386, ""C03"": 1.74636, ""C04"": 1.788213, ""C05"": 1.516576, ""C06"": 1.987767, ""C07"": 1.80264, ""C08"": 1.788297, ""C09"": 1.829669, ""C10"": 1.488416, ""C11"": 1.573993, ""C12"": 1.900711, ""C13"": 1.780838, ""C14"": 1.784287, ""C15"": 1.880047}","{""C01"": 0, ""C02"": 0, ""C03"": 0, ""C04"": 0, ""C05"": 0, ""C06"": 1655, ""C07"": 0, ""C08"": 0, ""C09"": 0, ""C10"": 0, ""C11"": 0, ""C12"": 0, ""C13"": 0, ""C14"": 0, ""C15"": 0}","{""C01"": 0.025256298096369437, ""C02"": 0.025256298096369437, ""C03"": 0.025256298096369437, ""C04"": 0.025256298096369437, ""C05"": 0.025256298096369437, ""C06"": 0.02429788206547695, ""C07"": 0.025256298096369437, ""C08"": 0.025256298096369437, ""C09"": 0.025256298096369437, ""C10"": 0.025256298096369437, ""C11"": 0.025256298096369437, ""C12"": 0.025256298096369437, ""C13"": 0.025256298096369437, ""C14"": 0.025256298096369437, ""C15"": 0.025256298096369437}"
75,75,1,896,3.172918,15,"{""C01"": 1.746834, ""C02"": 1.939148, ""C03"": 1.778575, ""C04"": 1.801213, ""C05"": 1.511684, ""C06"": 1.964674, ""C07"": 1.817456, ""C08"": 1.730749, ""C09"": 1.807004, ""C10"": 1.482783, ""C11"": 1.554028, ""C12"": 1.852476, ""C13"": 1.729822, ""C14"": 1.793897, ""C15"": 1.857708}","{""C01"": 0, ""C02"": 0, ""C03"": 0, ""C04"": 0, ""C05"": 0, ""C06"": 1661, ""C07"": 0, ""C08"": 0, ""C09"": 0, ""C10"": 0, ""C11"": 0, ""C12"": 0, ""C13"": 0, ""C14"": 0, ""C15"": 0}","{""C01"": 0.02524848495179141, ""C02"": 0.02524848495179141, ""C03"": 0.02524848495179141, ""C04"": 0.02524848495179141, ""C05"": 0.02524848495179141, ""C06"": 0.024286594697995368, ""C07"": 0.02524848495179141, ""C08"": 0.02524848495179141, ""C09"": 0.02524848495179141, ""C10"": 0.02524848495179141, ""C11"": 0.02524848495179141, ""C12"": 0.02524848495179141, ""C13"": 0.02524848495179141, ""C14"": 0.02524848495179141, ""C15"": 0.02524848495179141}"
76,76,1,795,2.930126,15,"{""C01"": 1.779013, ""C02"": 1.926898, ""C03"": 1.757729, ""C04"": 1.764596, ""C05"": 1.473933, ""C06"": 1.968018, ""C07"": 1.762121, ""C08"": 1.746348, ""C09"": 1.783996, ""C10"": 1.501783, ""C11"": 1.553078, ""C12"": 1.880679, ""C13"": 1.752535, ""C14"": 1.818286, ""C15"": 1.860403}","{""C01"": 0, ""C02"": 0, ""C03"": 0, ""C04"": 0, ""C05"": 0, ""C06"": 1661, ""C07"": 0, ""C08"": 0, ""C09"": 0, ""C10"": 0, ""C11"": 0, ""C12"": 0, ""C13"": 0, ""C14"": 0, ""C15"": 0}","{""C01"": 0.025250134507860067, ""C02"": 0.025250134507860067, ""C03"": 0.025250134507860067, ""C04"": 0.025250134507860067, ""C05"": 0.025250134507860067, ""C06"": 0.024288240174033294, ""C07"": 0.025250134507860067, ""C08"": 0.025250134507860067, ""C09"": 0.025250134507860067, ""C10"": 0.025250134507860067, ""C11"": 0.025250134507860067, ""C12"": 0.025250134507860067, ""C13"": 0.025250134507860067, ""C14"": 0.025250134507860067, ""C15"": 0.025250134507860067}"
77,77,1,425,1.530493,15,"{""C01"": 1.756993, ""C02"": 1.890986, ""C03"": 1.723937, ""C04"": 1.775886, ""C05"": 1.464758, ""C06"": 1.966594, ""C07"": 1.786885, ""C08"": 1.76139, ""C09"": 1.82416, ""C10"": 1.498134, ""C11"": 1.554603, ""C12"": 1.857416, ""C13"": 1.760856, ""C14"": 1.800301, ""C15"": 1.844042}","{""C01"": 0, ""C02"": 0, ""C03"": 0, ""C04"": 0, ""C05"": 0, ""C06"": 1661, ""C07"": 0, ""C08"": 0, ""C09"": 0, ""C10"": 0, ""C11"": 0, ""C12"": 0, ""C13"": 0, ""C14"": 0, ""C15"": 0}","{""C01"": 0.025249432565361565, ""C02"": 0.025249432565361565, ""C03"": 0.025249432565361565, ""C04"": 0.025249432565361565, ""C05"": 0.025249432565361565, ""C06"": 0.024287539967766034, ""C07"": 0.025249432565361565, ""C08"": 0.025249432565361565, ""C09"": 0.025249432565361565, ""C10"": 0.025249432565361565, ""C11"": 0.025249432565361565, ""C12"": 0.025249432565361565, ""C13"": 0.025249432565361565, ""C14"": 0.025249432565361565, ""C15"": 0.025249432565361565}"
78,78,1,486,1.773115,15,"{""C01"": 1.714593, ""C02"": 1.894661, ""C03"": 1.730487, ""C04"": 1.765775, ""C05"": 1.502213, ""C06"": 1.958778, ""C07"": 1.785763, ""C08"": 1.730182, ""C09"": 1.79658, ""C10"": 1.440312, ""C11"": 1.504202, ""C12"": 1.858005, ""C13"": 1.724057, ""C14"": 1.748593, ""C15"": 1.828681}","{""C01"": 0, ""C02"": 0, ""C03"": 0, ""C04"": 0, ""C05"": 0, ""C06"": 1663, ""C07"": 0, ""C08"": 0, ""C09"": 0, ""C10"": 0, ""C11"": 0, ""C12"": 0, ""C13"": 0, ""C14"": 0, ""C15"": 0}","{""C01"": 0.025246735508270446, ""C02"": 0.025246735508270446, ""C03"": 0.025246735508270446, ""C04"": 0.025246735508270446, ""C05"": 0.025246735508270446, ""C06"": 0.02428368506603249, ""C07"": 0.025246735508270446, ""C08"": 0.025246735508270446, ""C09"": 0.025246735508270446, ""C10"": 0.025246735508270446, ""C11"": 0.025246735508270446, ""C12"": 0.025246735508270446, ""C13"": 0.025246735508270446, ""C14"": 0.025246735508270446, ""C15"": 0.025246735508270446}"
79,79,1,260,0.953312,15,"{""C01"": 1.71997, ""C02"": 1.921237, ""C03"": 1.728544, ""C04"": 1.771188, ""C05"": 1.458249, ""C06"": 1.930714, ""C07"": 1.754589, ""C08"": 1.719144, ""C09"": 1.797598, ""C10"": 1.488775, ""C11"": 1.523459, ""C12"": 1.830002, ""C13"": 1.738421, ""C14"": 1.772335, ""C15"": 1.864713}","{""C01"": 0, ""C02"": 769, ""C03"": 0, ""C04"": 0, ""C05"": 0, ""C06"": 905, ""C07"": 0, ""C08"": 0, ""C09"": 0, ""C10"": 0, ""C11"": 0, ""C12"": 0, ""C13"": 0, ""C14"": 0, ""C15"": 0}","{""C01"": 0.025236908427840835, ""C02"": 0.02479157116131627, ""C03"": 0.025236908427840835, ""C04"": 0.025236908427840835, ""C05"": 0.025236908427840835, ""C06"": 0.024712831170262323, ""C07"": 0.025236908427840835, ""C08"": 0.025236908427840835, ""C09"": 0.025236908427840835, ""C10"": 0.025236908427840835, ""C11"": 0.025236908427840835, ""C12"": 0.025236908427840835, ""C13"": 0.025236908427840835, ""C14"": 0.025236908427840835, ""C15"": 0.025236908427840835}"
80,80,1,924,3.258201,15,"{""C01"": 1.716487, ""C02"": 1.898054, ""C03"": 1.726376, ""C04"": 1.76449, ""C05"": 1.489541, ""C06"": 1.916576, ""C07"": 1.746846, ""C08"": 1.723932, ""C09"": 1.744862, ""C10"": 1.424607, ""C11"": 1.540654, ""C12"": 1.851517, ""C13"": 1.715692, ""C14"": 1.744133, ""C15"": 1.83197}","{""C01"": 0, ""C02"": 0, ""C03"": 0, ""C04"": 0, ""C05"": 0, ""C06"": 1675, ""C07"": 0, ""C08"": 0, ""C09"": 0, ""C10"": 0, ""C11"": 0, ""C12"": 0, ""C13"": 0, ""C14"": 0, ""C15"": 0}","{""C01"": 0.025232518335617043, ""C02"": 0.025232518335617043, ""C03"": 0.025232518335617043, ""C04"": 0.025232518335617043, ""C05"": 0.025232518335617043, ""C06"": 0.02426251597209286, ""C07"": 0.025232518335617043, ""C08"": 0.025232518335617043, ""C09"": 0.025232518335617043, ""C10"": 0.025232518335617043, ""C11"": 0.025232518335617043, ""C12"": 0.025232518335617043, ""C13"": 0.025232518335617043, ""C14"": 0.025232518335617043, ""C15"": 0.025232518335617043}"
81,81,1,485,1.705953,15,"{""C01"": 1.676561, ""C02"": 1.882528, ""C03"": 1.712357, ""C04"": 1.721762, ""C05"": 1.4713, ""C06"": 1.937133, ""C07"": 1.737588, ""C08"": 1.754551, ""C09"": 1.763275, ""C10"": 1.449125, ""C11"": 1.473979, ""C12"": 1.818681, ""C13"": 1.712051, ""C14"": 1.707538, ""C15"": 1.799618}","{""C01"": 0, ""C02"": 0, ""C03"": 0, ""C04"": 0, ""C05"": 0, ""C06"": 1669, ""C07"": 0, ""C08"": 0, ""C09"": 0, ""C10"": 0, ""C11"": 0, ""C12"": 0, ""C13"": 0, ""C14"": 0, ""C15"": 0}","{""C01"": 0.02523942926316544, ""C02"": 0.02523942926316544, ""C03"": 0.02523942926316544, ""C04"": 0.02523942926316544, ""C05"": 0.02523942926316544, ""C06"": 0.024272903345075144, ""C07"": 0.02523942926316544, ""C08"": 0.02523942926316544, ""C09"": 0.02523942926316544, ""C10"": 0.02523942926316544, ""C11"": 0.02523942926316544, ""C12"": 0.02523942926316544, ""C13"": 0.02523942926316544, ""C14"": 0.02523942926316544, ""C15"": 0.02523942926316544}"
82,82,1,463,1.628740,15,"{""C01"": 1.709945, ""C02"": 1.857352, ""C03"": 1.6874, ""C04"": 1.718387, ""C05"": 1.434242, ""C06"": 1.922247, ""C07"": 1.718754, ""C08"": 1.729602, ""C09"": 1.757941, ""C10"": 1.427529, ""C11"": 1.527659, ""C12"": 1.829621, ""C13"": 1.694135, ""C14"": 1.7144, ""C15"": 1.780988}","{""C01"": 0, ""C02"": 0, ""C03"": 0, ""C04"": 0, ""C05"": 0, ""C06"": 1673, ""C07"": 0, ""C08"": 0, ""C09"": 0, ""C10"": 0, ""C11"": 0, ""C12"": 0, ""C13"": 0, ""C14"": 0, ""C15"": 0}","{""C01"": 0.025234238150251748, ""C02"": 0.025234238150251748, ""C03"": 0.025234238150251748, ""C04"": 0.025234238150251748, ""C05"": 0.025234238150251748, ""C06"": 0.02426539603383896, ""C07"": 0.025234238150251748, ""C08"": 0.025234238150251748, ""C09"": 0.025234238150251748, ""C10"": 0.025234238150251748, ""C11"": 0.025234238150251748, ""C12"": 0.025234238150251748, ""C13"": 0.025234238150251748, ""C14"": 0.025234238150251748, ""C15"": 0.025234238150251748}"
83,83,1,883,3.113495,15,"{""C01"": 1.729972, ""C02"": 1.861099, ""C03"": 1.679432, ""C04"": 1.751349, ""C05"": 1.453569, ""C06"": 1.89263, ""C07"": 1.779853, ""C08"": 1.687793, ""C09"": 1.759975, ""C10"": 1.406137, ""C11"": 1.505382, ""C12"": 1.805653, ""C13"": 1.708533, ""C14"": 1.745326, ""C15"": 1.82991}","{""C01"": 0, ""C02"": 0, ""C03"": 0, ""C04"": 0, ""C05"": 0, ""C06"": 1681, ""C07"": 0, ""C08"": 0, ""C09"": 0, ""C10"": 0, ""C11"": 0, ""C12"": 0, ""C13"": 0, ""C14"": 0, ""C15"": 0}","{""C01"": 0.025223703958163826, ""C02"": 0.025223703958163826, ""C03"": 0.025223703958163826, ""C04"": 0.025223703958163826, ""C05"": 0.025223703958163826, ""C06"": 0.024250229802835945, ""C07"": 0.025223703958163826, ""C08"": 0.025223703958163826, ""C09"": 0.025223703958163826, ""C10"": 0.025223703958163826, ""C11"": 0.025223703958163826, ""C12"": 0.025223703958163826, ""C13"": 0.025223703958163826, ""C14"": 0.025223703958163826, ""C15"": 0.025223703958163826}"
84,84,1,467,1.669122,15,"{""C01"": 1.722317, ""C02"": 1.877399, ""C03"": 1.700835, ""C04"": 1.726965, ""C05"": 1.432525, ""C06"": 1.940845, ""C07"": 1.76092, ""C08"": 1.714544, ""C09"": 1.738642, ""C10"": 1.416279, ""C11"": 1.463764, ""C12"": 1.792924, ""C13"": 1.715882, ""C14"": 1.725564, ""C15"": 1.774776}","{""C01"": 0, ""C02"": 0, ""C03"": 0, ""C04"": 0, ""C05"": 0, ""C06"": 1668, ""C07"": 0, ""C08"": 0, ""C09"": 0, ""C10"": 0, ""C11"": 0, ""C12"": 0, ""C13"": 0, ""C14"": 0, ""C15"": 0}","{""C01"": 0.025240710405119715, ""C02"": 0.025240710405119715, ""C03"": 0.025240710405119715, ""C04"": 0.025240710405119715, ""C05"": 0.025240710405119715, ""C06"": 0.02427476357687481, ""C07"": 0.025240710405119715, ""C08"": 0.025240710405119715, ""C09"": 0.025240710405119715, ""C10"": 0.025240710405119715, ""C11"": 0.025240710405119715, ""C12"": 0.025240710405119715, ""C13"": 0.025240710405119715, ""C14"": 0.025240710405119715, ""C15"": 0.025240710405119715}"
85,85,1,928,3.265555,15,"{""C01"": 1.688436, ""C02"": 1.879831, ""C03"": 1.72873, ""C04"": 1.698697, ""C05"": 1.415741, ""C06"": 1.904552, ""C07"": 1.749353, ""C08"": 1.69295, ""C09"": 1.723934, ""C10"": 1.420986, ""C11"": 1.486275, ""C12"": 1.82086, ""C13"": 1.673336, ""C14"": 1.770041, ""C15"": 1.792506}","{""C01"": 0, ""C02"": 0, ""C03"": 0, ""C04"": 0, ""C05"": 0, ""C06"": 1678, ""C07"": 0, ""C08"": 0, ""C09"": 0, ""C10"": 0, ""C11"": 0, ""C12"": 0, ""C13"": 0, ""C14"": 0, ""C15"": 0}","{""C01"": 0.025228110374977672, ""C02"": 0.025228110374977672, ""C03"": 0.025228110374977672, ""C04"": 0.025228110374977672, ""C05"": 0.025228110374977672, ""C06"": 0.02425637212116136, ""C07"": 0.025228110374977672, ""C08"": 0.025228110374977672, ""C09"": 0.025228110374977672, ""C10"": 0.025228110374977672, ""C11"": 0.025228110374977672, ""C12"": 0.025228110374977672, ""C13"": 0.025228110374977672, ""C14"": 0.025228110374977672, ""C15"": 0.025228110374977672}"
86,86,1,818,4.344977,15,"{""C01"": 1.648938, ""C02"": 1.854133, ""C03"": 1.659573, ""C04"": 1.699, ""C05"": 1.442298, ""C06"": 1.892149, ""C07"": 1.725257, ""C08"": 1.720701, ""C09"": 1.736604, ""C10"": 1.408808, ""C11"": 1.491024, ""C12"": 1.79033, ""C13"": 1.718174, ""C14"": 1.723218, ""C15"": 1.798841}","{""C01"": 0, ""C02"": 0, ""C03"": 0, ""C04"": 0, ""C05"": 0, ""C06"": 1681, ""C07"": 0, ""C08"": 0, ""C09"": 0, ""C10"": 0, ""C11"": 0, ""C12"": 0, ""C13"": 0, ""C14"": 0, ""C15"": 0}","{""C01"": 0.025223454418694113, ""C02"": 0.025223454418694113, ""C03"": 0.025223454418694113, ""C04"": 0.025223454418694113, ""C05"": 0.025223454418694113, ""C06"": 0.024249980872524248, ""C07"": 0.025223454418694113, ""C08"": 0.025223454418694113, ""C09"": 0.025223454418694113, ""C10"": 0.025223454418694113, ""C11"": 0.025223454418694113, ""C12"": 0.025223454418694113, ""C13"": 0.025223454418694113, ""C14"": 0.025223454418694113, ""C15"": 0.025223454418694113}"
87,87,1,931,3.308212,15,"{""C01"": 1.718833, ""C02"": 1.890379, ""C03"": 1.649085, ""C04"": 1.698339, ""C05"": 1.449731, ""C06"": 1.908831, ""C07"": 1.714954, ""C08"": 1.682815, ""C09"": 1.759859, ""C10"": 1.392517, ""C11"": 1.471775, ""C12"": 1.790835, ""C13"": 1.722778, ""C14"": 1.738408, ""C15"": 1.770931}","{""C01"": 0, ""C02"": 0, ""C03"": 0, ""C04"": 0, ""C05"": 0, ""C06"": 1677, ""C07"": 0, ""C08"": 0, ""C09"": 0, ""C10"": 0, ""C11"": 0, ""C12"": 0, ""C13"": 0, ""C14"": 0, ""C15"": 0}","{""C01"": 0.025229724361912773, ""C02"": 0.025229724361912773, ""C03"": 0.025229724361912773, ""C04"": 0.025229724361912773, ""C05"": 0.025229724361912773, ""C06"": 0.0242585643849329, ""C07"": 0.025229724361912773, ""C08"": 0.025229724361912773, ""C09"": 0.025229724361912773, ""C10"": 0.025229724361912773, ""C11"": 0.025229724361912773, ""C12"": 0.025229724361912773, ""C13"": 0.025229724361912773, ""C14"": 0.025229724361912773, ""C15"": 0.025229724361912773}"
88,88,1,189,0.662404,15,"{""C01"": 1.725521, ""C02"": 1.892404, ""C03"": 1.675179, ""C04"": 1.69755, ""C05"": 1.431585, ""C06"": 1.88176, ""C07"": 1.73785, ""C08"": 1.720017, ""C09"": 1.795899, ""C10"": 1.379917, ""C11"": 1.491726, ""C12"": 1.792299, ""C13"": 1.700093, ""C14"": 1.722396, ""C15"": 1.78288}","{""C01"": 0, ""C02"": 897, ""C03"": 0, ""C04"": 0, ""C05"": 0, ""C06"": 789, ""C07"": 0, ""C08"": 0, ""C09"": 0, ""C10"": 0, ""C11"": 0, ""C12"": 0, ""C13"": 0, ""C14"": 0, ""C15"": 0}","{""C01"": 0.025223914982621234, ""C02"": 0.024704467220375094, ""C03"": 0.025223914982621234, ""C04"": 0.025223914982621234, ""C05"": 0.025223914982621234, ""C06"": 0.024766992428923367, ""C07"": 0.025223914982621234, ""C08"": 0.025223914982621234, ""C09"": 0.025223914982621234, ""C10"": 0.025223914982621234, ""C11"": 0.025223914982621234, ""C12"": 0.025223914982621234, ""C13"": 0.025223914982621234, ""C14"": 0.025223914982621234, ""C15"": 0.025223914982621234}"
89,89,1,808,2.869083,15,"{""C01"": 1.702196, ""C02"": 1.876109, ""C03"": 1.680598, ""C04"": 1.757691, ""C05"": 1.398109, ""C06"": 1.919453, ""C07"": 1.76075, ""C08"": 1.715234, ""C09"": 1.756277, ""C10"": 1.395984, ""C11"": 1.499269, ""C12"": 1.812604, ""C13"": 1.691, ""C14"": 1.732947, ""C15"": 1.810328}","{""C01"": 0, ""C02"": 0, ""C03"": 0, ""C04"": 0, ""C05"": 0, ""C06"": 1674, ""C07"": 0, ""C08"": 0, ""C09"": 0, ""C10"": 0, ""C11"": 0, ""C12"": 0, ""C13"": 0, ""C14"": 0, ""C15"": 0}","{""C01"": 0.025233400786377924, ""C02"": 0.025233400786377924, ""C03"": 0.025233400786377924, ""C04"": 0.025233400786377924, ""C05"": 0.025233400786377924, ""C06"": 0.024263978490567918, ""C07"": 0.025233400786377924, ""C08"": 0.025233400786377924, ""C09"": 0.025233400786377924, ""C10"": 0.025233400786377924, ""C11"": 0.025233400786377924, ""C12"": 0.025233400786377924, ""C13"": 0.025233400786377924, ""C14"": 0.025233400786377924, ""C15"": 0.025233400786377924}"
90,90,1,842,2.990618,15,"{""C01"": 1.714887, ""C02"": 1.870778, ""C03"": 1.688768, ""C04"": 1.725022, ""C05"": 1.439871, ""C06"": 1.908932, ""C07"": 1.752113, ""C08"": 1.724353, ""C09"": 1.783168, ""C10"": 1.413258, ""C11"": 1.512567, ""C12"": 1.832345, ""C13"": 1.67095, ""C14"": 1.75805, ""C15"": 1.823671}","{""C01"": 0, ""C02"": 0, ""C03"": 0, ""C04"": 0, ""C05"": 0, ""C06"": 1677, ""C07"": 0, ""C08"": 0, ""C09"": 0, ""C10"": 0, ""C11"": 0, ""C12"": 0, ""C13"": 0, ""C14"": 0, ""C15"": 0}","{""C01"": 0.02522977615785589, ""C02"": 0.02522977615785589, ""C03"": 0.02522977615785589, ""C04"": 0.02522977615785589, ""C05"": 0.02522977615785589, ""C06"": 0.024258616054098014, ""C07"": 0.02522977615785589, ""C08"": 0.02522977615785589, ""C09"": 0.02522977615785589, ""C10"": 0.02522977615785589, ""C11"": 0.02522977615785589, ""C12"": 0.02522977615785589, ""C13"": 0.02522977615785589, ""C14"": 0.02522977615785589, ""C15"": 0.02522977615785589}"
91,91,1,876,3.104555,15,"{""C01"": 1.725217, ""C02"": 1.918484, ""C03"": 1.705589, ""C04"": 1.708996, ""C05"": 1.428767, ""C06"": 1.949725, ""C07"": 1.725037, ""C08"": 1.689704, ""C09"": 1.771702, ""C10"": 1.400055, ""C11"": 1.506447, ""C12"": 1.813836, ""C13"": 1.731859, ""C14"": 1.777279, ""C15"": 1.793373}","{""C01"": 0, ""C02"": 0, ""C03"": 0, ""C04"": 0, ""C05"": 0, ""C06"": 1665, ""C07"": 0, ""C08"": 0, ""C09"": 0, ""C10"": 0, ""C11"": 0, ""C12"": 0, ""C13"": 0, ""C14"": 0, ""C15"": 0}","{""C01"": 0.0252434012944477, ""C02"": 0.0252434012944477, ""C03"": 0.0252434012944477, ""C04"": 0.0252434012944477, ""C05"": 0.0252434012944477, ""C06"": 0.024279194577547097, ""C07"": 0.0252434012944477, ""C08"": 0.0252434012944477, ""C09"": 0.0252434012944477, ""C10"": 0.0252434012944477, ""C11"": 0.0252434012944477, ""C12"": 0.0252434012944477, ""C13"": 0.0252434012944477, ""C14"": 0.0252434012944477, ""C15"": 0.0252434012944477}"
92,92,1,944,3.389500,15,"{""C01"": 1.727026, ""C02"": 1.911253, ""C03"": 1.706939, ""C04"": 1.7715, ""C05"": 1.464696, ""C06"": 1.935132, ""C07"": 1.754343, ""C08"": 1.761028, ""C09"": 1.785562, ""C10"": 1.443869, ""C11"": 1.539204, ""C12"": 1.85635, ""C13"": 1.733682, ""C14"": 1.785325, ""C15"": 1.814679}","{""C01"": 0, ""C02"": 0, ""C03"": 0, ""C04"": 0, ""C05"": 0, ""C06"": 1669, ""C07"": 0, ""C08"": 0, ""C09"": 0, ""C10"": 0, ""C11"": 0, ""C12"": 0, ""C13"": 0, ""C14"": 0, ""C15"": 0}","{""C01"": 0.025238421873571615, ""C02"": 0.025238421873571615, ""C03"": 0.025238421873571615, ""C04"": 0.025238421873571615, ""C05"": 0.025238421873571615, ""C06"": 0.02427189843405837, ""C07"": 0.025238421873571615, ""C08"": 0.025238421873571615, ""C09"": 0.025238421873571615, ""C10"": 0.025238421873571615, ""C11"": 0.025238421873571615, ""C12"": 0.025238421873571615, ""C13"": 0.025238421873571615, ""C14"": 0.025238421873571615, ""C15"": 0.025238421873571615}"
93,93,1,158,0.555449,15,"{""C01"": 1.747005, ""C02"": 1.944971, ""C03"": 1.684562, ""C04"": 1.754281, ""C05"": 1.461792, ""C06"": 1.936461, ""C07"": 1.769518, ""C08"": 1.724758, ""C09"": 1.764562, ""C10"": 1.429095, ""C11"": 1.500207, ""C12"": 1.823629, ""C13"": 1.709907, ""C14"": 1.746881, ""C15"": 1.811509}","{""C01"": 0, ""C02"": 871, ""C03"": 0, ""C04"": 0, ""C05"": 0, ""C06"": 799, ""C07"": 0, ""C08"": 0, ""C09"": 0, ""C10"": 0, ""C11"": 0, ""C12"": 0, ""C13"": 0, ""C14"": 0, ""C15"": 0}","{""C01"": 0.025241904456035108, ""C02"": 0.02473751655342035, ""C03"": 0.025241904456035108, ""C04"": 0.025241904456035108, ""C05"": 0.025241904456035108, ""C06"": 0.024779194603215923, ""C07"": 0.025241904456035108, ""C08"": 0.025241904456035108, ""C09"": 0.025241904456035108, ""C10"": 0.025241904456035108, ""C11"": 0.025241904456035108, ""C12"": 0.025241904456035108, ""C13"": 0.025241904456035108, ""C14"": 0.025241904456035108, ""C15"": 0.025241904456035108}"
94,94,1,270,0.965772,15,"{""C01"": 1.74206, ""C02"": 1.915407, ""C03"": 1.744185, ""C04"": 1.742201, ""C05"": 1.474415, ""C06"": 1.93188, ""C07"": 1.799436, ""C08"": 1.753426, ""C09"": 1.780181, ""C10"": 1.421065, ""C11"": 1.517356, ""C12"": 1.826579, ""C13"": 1.740396, ""C14"": 1.781122, ""C15"": 1.795222}","{""C01"": 0, ""C02"": 722, ""C03"": 0, ""C04"": 0, ""C05"": 0, ""C06"": 954, ""C07"": 0, ""C08"": 0, ""C09"": 0, ""C10"": 0, ""C11"": 0, ""C12"": 0, ""C13"": 0, ""C14"": 0, ""C15"": 0}","{""C01"": 0.02523727440403123, ""C02"": 0.02481915107940992, ""C03"": 0.02523727440403123, ""C04"": 0.02523727440403123, ""C05"": 0.02523727440403123, ""C06"": 0.024684820648383548, ""C07"": 0.02523727440403123, ""C08"": 0.02523727440403123, ""C09"": 0.02523727440403123, ""C10"": 0.02523727440403123, ""C11"": 0.02523727440403123, ""C12"": 0.02523727440403123, ""C13"": 0.02523727440403123, ""C14"": 0.02523727440403123, ""C15"": 0.02523727440403123}"
95,95,1,187,0.660248,15,"{""C01"": 1.787987, ""C02"": 1.952544, ""C03"": 1.697221, ""C04"": 1.764521, ""C05"": 1.478871, ""C06"": 1.964067, ""C07"": 1.793527, ""C08"": 1.751361, ""C09"": 1.781119, ""C10"": 1.415988, ""C11"": 1.541097, ""C12"": 1.86414, ""C13"": 1.751421, ""C14"": 1.791193, ""C15"": 1.825086}","{""C01"": 0, ""C02"": 789, ""C03"": 0, ""C04"": 0, ""C05"": 0, ""C06"": 877, ""C07"": 0, ""C08"": 0, ""C09"": 0, ""C10"": 0, ""C11"": 0, ""C12"": 0, ""C13"": 0, ""C14"": 0, ""C15"": 0}","{""C01"": 0.0252484018253379, ""C02"": 0.024791479943170252, ""C03"": 0.0252484018253379, ""C04"": 0.0252484018253379, ""C05"": 0.0252484018253379, ""C06"": 0.024740539263830838, ""C07"": 0.0252484018253379, ""C08"": 0.0252484018253379, ""C09"": 0.0252484018253379, ""C10"": 0.0252484018253379, ""C11"": 0.0252484018253379, ""C12"": 0.0252484018253379, ""C13"": 0.0252484018253379, ""C14"": 0.0252484018253379, ""C15"": 0.0252484018253379}"
96,96,1,292,1.063260,15,"{""C01"": 1.743302, ""C02"": 1.947953, ""C03"": 1.715583, ""C04"": 1.783086, ""C05"": 1.501786, ""C06"": 1.964116, ""C07"": 1.796829, ""C08"": 1.766765, ""C09"": 1.811759, ""C10"": 1.442618, ""C11"": 1.557915, ""C12"": 1.878851, ""C13"": 1.768391, ""C14"": 1.792922, ""C15"": 1.834389}","{""C01"": 0, ""C02"": 713, ""C03"": 0, ""C04"": 0, ""C05"": 0, ""C06"": 954, ""C07"": 0, ""C08"": 0, ""C09"": 0, ""C10"": 0, ""C11"": 0, ""C12"": 0, ""C13"": 0, ""C14"": 0, ""C15"": 0}","{""C01"": 0.02524828677903246, ""C02"": 0.024835375518014464, ""C03"": 0.02524828677903246, ""C04"": 0.02524828677903246, ""C05"": 0.02524828677903246, ""C06"": 0.024695833150823004, ""C07"": 0.02524828677903246, ""C08"": 0.02524828677903246, ""C09"": 0.02524828677903246, ""C10"": 0.02524828677903246, ""C11"": 0.02524828677903246, ""C12"": 0.02524828677903246, ""C13"": 0.02524828677903246, ""C14"": 0.02524828677903246, ""C15"": 0.02524828677903246}"
97,97,1,476,1.735823,15,"{""C01"": 1.749665, ""C02"": 1.940097, ""C03"": 1.739685, ""C04"": 1.773935, ""C05"": 1.506028, ""C06"": 2.001839, ""C07"": 1.808281, ""C08"": 1.767325, ""C09"": 1.84536, ""C10"": 1.47353, ""C11"": 1.582187, ""C12"": 1.862808, ""C13"": 1.757512, ""C14"": 1.833438, ""C15"": 1.801839}","{""C01"": 0, ""C02"": 0, ""C03"": 0, ""C04"": 0, ""C05"": 0, ""C06"": 1652, ""C07"": 0, ""C08"": 0, ""C09"": 0, ""C10"": 0, ""C11"": 0, ""C12"": 0, ""C13"": 0, ""C14"": 0, ""C15"": 0}","{""C01"": 0.02526135793001838, ""C02"": 0.02526135793001838, ""C03"": 0.02526135793001838, ""C04"": 0.02526135793001838, ""C05"": 0.02526135793001838, ""C06"": 0.02430467613705007, ""C07"": 0.02526135793001838, ""C08"": 0.02526135793001838, ""C09"": 0.02526135793001838, ""C10"": 0.02526135793001838, ""C11"": 0.02526135793001838, ""C12"": 0.02526135793001838, ""C13"": 0.02526135793001838, ""C14"": 0.02526135793001838, ""C15"": 0.02526135793001838}"
98,98,1,904,3.221643,15,"{""C01"": 1.814742, ""C02"": 1.975843, ""C03"": 1.761456, ""C04"": 1.779295, ""C05"": 1.494787, ""C06"": 1.94312, ""C07"": 1.76651, ""C08"": 1.776141, ""C09"": 1.839435, ""C10"": 1.44149, ""C11"": 1.543953, ""C12"": 1.888621, ""C13"": 1.765251, ""C14"": 1.811049, ""C15"": 1.837713}","{""C01"": 0, ""C02"": 1659, ""C03"": 0, ""C04"": 0, ""C05"": 0, ""C06"": 0, ""C07"": 0, ""C08"": 0, ""C09"": 0, ""C10"": 0, ""C11"": 0, ""C12"": 0, ""C13"": 0, ""C14"": 0, ""C15"": 0}","{""C01"": 0.02525281217639555, ""C02"": 0.024292075731134937, ""C03"": 0.02525281217639555, ""C04"": 0.02525281217639555, ""C05"": 0.02525281217639555, ""C06"": 0.02525281217639555, ""C07"": 0.02525281217639555, ""C08"": 0.02525281217639555, ""C09"": 0.02525281217639555, ""C10"": 0.02525281217639555, ""C11"": 0.02525281217639555, ""C12"": 0.02525281217639555, ""C13"": 0.02525281217639555, ""C14"": 0.02525281217639555, ""C15"": 0.02525281217639555}"
99,99,1,861,3.086590,15,"{""C01"": 1.792804, ""C02"": 1.980169, ""C03"": 1.779949, ""C04"": 1.791097, ""C05"": 1.506866, ""C06"": 1.945591, ""C07"": 1.801375, ""C08"": 1.769239, ""C09"": 1.849486, ""C10"": 1.438775, ""C11"": 1.549826, ""C12"": 1.896633, ""C13"": 1.770861, ""C14"": 1.825718, ""C15"": 1.867896}","{""C01"": 0, ""C02"": 1657, ""C03"": 0, ""C04"": 0, ""C05"": 0, ""C06"": 0, ""C07"": 0, ""C08"": 0, ""C09"": 0, ""C10"": 0, ""C11"": 0, ""C12"": 0, ""C13"": 0, ""C14"": 0, ""C15"": 0}","{""C01"": 0.02525376172026758, ""C02"": 0.024294187447612754, ""C03"": 0.02525376172026758, ""C04"": 0.02525376172026758, ""C05"": 0.02525376172026758, ""C06"": 0.02525376172026758, ""C07"": 0.02525376172026758, ""C08"": 0.02525376172026758, ""C09"": 0.02525376172026758, ""C10"": 0.02525376172026758, ""C11"": 0.02525376172026758, ""C12"": 0.02525376172026758, ""C13"": 0.02525376172026758, ""C14"": 0.02525376172026758, ""C15"": 0.02525376172026758}"
100,100,1,236,0.843087,15,"{""C01"": 1.803214, ""C02"": 1.982811, ""C03"": 1.732598, ""C04"": 1.768858, ""C05"": 1.514451, ""C06"": 1.971804, ""C07"": 1.799237, ""C08"": 1.771629, ""C09"": 1.828298, ""C10"": 1.444817, ""C11"": 1.533873, ""C12"": 1.909357, ""C13"": 1.808745, ""C14"": 1.812937, ""C15"": 1.835541}","{""C01"": 0, ""C02"": 905, ""C03"": 0, ""C04"": 0, ""C05"": 0, ""C06"": 756, ""C07"": 0, ""C08"": 0, ""C09"": 0, ""C10"": 0, ""C11"": 0, ""C12"": 0, ""C13"": 0, ""C14"": 0, ""C15"": 0}","{""C01"": 0.02525493706233775, ""C02"": 0.024730857363816375, ""C03"": 0.02525493706233775, ""C04"": 0.02525493706233775, ""C05"": 0.02525493706233775, ""C06"": 0.024817126037262684, ""C07"": 0.02525493706233775, ""C08"": 0.02525493706233775, ""C09"": 0.02525493706233775, ""C10"": 0.02525493706233775, ""C11"": 0.02525493706233775, ""C12"": 0.02525493706233775, ""C13"": 0.02525493706233775, ""C14"": 0.02525493706233775, ""C15"": 0.02525493706233775}"
1,1,1,223,1.330798,15,"{""C01"": 1.452761, ""C02"": 1.647307, ""C03"": 1.595779, ""C04"": 1.609857, ""C05"": 1.309651, ""C06"": 1.7112, ""C07"": 1.529866, ""C08"": 1.535494, ""C09"": 1.545339, ""C10"": 1.490027, ""C11"": 1.382104, ""C12"": 1.605923, ""C13"": 1.521092, ""C14"": 1.484694, ""C15"": 1.718751}","{""C01"": 0, ""C02"": 0, ""C03"": 0, ""C04"": 0, ""C05"": 0, ""C06"": 805, ""C07"": 0, ""C08"": 0, ""C09"": 0, ""C10"": 0, ""C11"": 0, ""C12"": 0, ""C13"": 0, ""C14"": 0, ""C15"": 932}","{""C01"": 0.02515829141252421, ""C02"": 0.02515829141252421, ""C03"": 0.02515829141252421, ""C04"": 0.02515829141252421, ""C05"": 0.02515829141252421, ""C06"": 0.024692104751481574, ""C07"": 0.02515829141252421, ""C08"": 0.02515829141252421, ""C09"": 0.02515829141252421, ""C10"": 0.02515829141252421, ""C11"": 0.02515829141252421, ""C12"": 0.02515829141252421, ""C13"": 0.02515829141252421, ""C14"": 0.02515829141252421, ""C15"": 0.02461857354138859}"
2,2,1,193,1.159171,15,"{""C01"": 1.46547, ""C02"": 1.654449, ""C03"": 1.59614, ""C04"": 1.609623, ""C05"": 1.350688, ""C06"": 1.765728, ""C07"": 1.593968, ""C08"": 1.559309, ""C09"": 1.530848, ""C10"": 1.453279, ""C11"": 1.399266, ""C12"": 1.682308, ""C13"": 1.572769, ""C14"": 1.494584, ""C15"": 1.762449}","{""C01"": 0, ""C02"": 0, ""C03"": 0, ""C04"": 0, ""C05"": 0, ""C06"": 877, ""C07"": 0, ""C08"": 0, ""C09"": 0, ""C10"": 0, ""C11"": 0, ""C12"": 0, ""C13"": 0, ""C14"": 0, ""C15"": 843}","{""C01"": 0.025176683889231694, ""C02"": 0.025176683889231694, ""C03"": 0.025176683889231694, ""C04"": 0.025176683889231694, ""C05"": 0.025176683889231694, ""C06"": 0.024668819297093803, ""C07"": 0.025176683889231694, ""C08"": 0.025176683889231694, ""C09"": 0.025176683889231694, ""C10"": 0.025176683889231694, ""C11"": 0.025176683889231694, ""C12"": 0.025176683889231694, ""C13"": 0.025176683889231694, ""C14"": 0.025176683889231694, ""C15"": 0.024688500309044365}"
3,3,1,335,1.638757,15,"{""C01"": 1.464076, ""C02"": 1.699544, ""C03"": 1.656857, ""C04"": 1.627574, ""C05"": 1.356785, ""C06"": 1.817279, ""C07"": 1.635244, ""C08"": 1.591753, ""C09"": 1.580458, ""C10"": 1.496836, ""C11"": 1.397984, ""C12"": 1.669753, ""C13"": 1.6089, ""C14"": 1.563213, ""C15"": 1.727528}","{""C01"": 0, ""C02"": 0, ""C03"": 0, ""C04"": 0, ""C05"": 0, ""C06"": 1703, ""C07"": 0, ""C08"": 0, ""C09"": 0, ""C10"": 0, ""C11"": 0, ""C12"": 0, ""C13"": 0, ""C14"": 0, ""C15"": 0}","{""C01"": 0.02519641284168425, ""C02"": 0.02519641284168425, ""C03"": 0.02519641284168425, ""C04"": 0.02519641284168425, ""C05"": 0.02519641284168425, ""C06"": 0.024210196432358954, ""C07"": 0.02519641284168425, ""C08"": 0.02519641284168425, ""C09"": 0.02519641284168425, ""C10"": 0.02519641284168425, ""C11"": 0.02519641284168425, ""C12"": 0.02519641284168425, ""C13"": 0.02519641284168425, ""C14"": 0.02519641284168425, ""C15"": 0.02519641284168425}"
4,4,1,464,1.669415,15,"{""C01"": 1.515581, ""C02"": 1.700728, ""C03"": 1.658834, ""C04"": 1.626659, ""C05"": 1.38765, ""C06"": 1.820274, ""C07"": 1.603577, ""C08"": 1.591804, ""C09"": 1.622808, ""C10"": 1.48121, ""C11"": 1.423856, ""C12"": 1.717906, ""C13"": 1.586253, ""C14"": 1.549498, ""C15"": 1.758607}","{""C01"": 0, ""C02"": 0, ""C03"": 0, ""C04"": 0, ""C05"": 0, ""C06"": 1702, ""C07"": 0, ""C08"": 0, ""C09"": 0, ""C10"": 0, ""C11"": 0, ""C12"": 0, ""C13"": 0, ""C14"": 0, ""C15"": 0}","{""C01"": 0.025197465765646104, ""C02"": 0.025197465765646104, ""C03"": 0.025197465765646104, ""C04"": 0.025197465765646104, ""C05"": 0.025197465765646104, ""C06"": 0.024211829002331733, ""C07"": 0.025197465765646104, ""C08"": 0.025197465765646104, ""C09"": 0.025197465765646104, ""C10"": 0.025197465765646104, ""C11"": 0.025197465765646104, ""C12"": 0.025197465765646104, ""C13"": 0.025197465765646104, ""C14"": 0.025197465765646104, ""C15"": 0.025197465765646104}"
5,5,1,915,3.290906,15,"{""C01"": 1.535144, ""C02"": 1.721754, ""C03"": 1.657319, ""C04"": 1.663467, ""C05"": 1.417661, ""C06"": 1.81215, ""C07"": 1.652116, ""C08"": 1.592256, ""C09"": 1.640764, ""C10"": 1.544384, ""C11"": 1.440616, ""C12"": 1.708213, ""C13"": 1.628682, ""C14"": 1.570322, ""C15"": 1.784766}","{""C01"": 0, ""C02"": 0, ""C03"": 0, ""C04"": 0, ""C05"": 0, ""C06"": 1704, ""C07"": 0, ""C08"": 0, ""C09"": 0, ""C10"": 0, ""C11"": 0, ""C12"": 0, ""C13"": 0, ""C14"": 0, ""C15"": 0}","{""C01"": 0.02519418541124324, ""C02"": 0.02519418541124324, ""C03"": 0.02519418541124324, ""C04"": 0.02519418541124324, ""C05"": 0.02519418541124324, ""C06"": 0.024207392181111384, ""C07"": 0.02519418541124324, ""C08"": 0.02519418541124324, ""C09"": 0.02519418541124324, ""C10"": 0.02519418541124324, ""C11"": 0.02519418541124324, ""C12"": 0.02519418541124324, ""C13"": 0.02519418541124324, ""C14"": 0.02519418541124324, ""C15"": 0.02519418541124324}"
6,6,1,202,0.712938,15,"{""C01"": 1.524145, ""C02"": 1.743344, ""C03"": 1.687827, ""C04"": 1.718964, ""C05"": 1.414805, ""C06"": 1.836265, ""C07"": 1.669595, ""C08"": 1.591946, ""C09"": 1.625756, ""C10"": 1.560116, ""C11"": 1.453387, ""C12"": 1.753269, ""C13"": 1.617567, ""C14"": 1.591957, ""C15"": 1.829575}","{""C01"": 0, ""C02"": 0, ""C03"": 0, ""C04"": 0, ""C05"": 0, ""C06"": 892, ""C07"": 0, ""C08"": 0, ""C09"": 0, ""C10"": 0, ""C11"": 0, ""C12"": 0, ""C13"": 0, ""C14"": 0, ""C15"": 808}","{""C01"": 0.025203258945044674, ""C02"": 0.025203258945044674, ""C03"": 0.025203258945044674, ""C04"": 0.025203258945044674, ""C05"": 0.025203258945044674, ""C06"": 0.02468670910280995, ""C07"": 0.025203258945044674, ""C08"": 0.025203258945044674, ""C09"": 0.025203258945044674, ""C10"": 0.025203258945044674, ""C11"": 0.025203258945044674, ""C12"": 0.025203258945044674, ""C13"": 0.025203258945044674, ""C14"": 0.025203258945044674, ""C15"": 0.02473533894147482}"
7,7,1,939,3.276311,15,"{""C01"": 1.546136, ""C02"": 1.750767, ""C03"": 1.692394, ""C04"": 1.695005, ""C05"": 1.421525, ""C06"": 1.837213, ""C07"": 1.67838, ""C08"": 1.63192, ""C09"": 1.673179, ""C10"": 1.521556, ""C11"": 1.48072, ""C12"": 1.741534, ""C13"": 1.646823, ""C14"": 1.622408, ""C15"": 1.813745}","{""C01"": 0, ""C02"": 0, ""C03"": 0, ""C04"": 0, ""C05"": 0, ""C06"": 1697, ""C07"": 0, ""C08"": 0, ""C09"": 0, ""C10"": 0, ""C11"": 0, ""C12"": 0, ""C13"": 0, ""C14"": 0, ""C15"": 0}","{""C01"": 0.025203737562126016, ""C02"": 0.025203737562126016, ""C03"": 0.025203737562126016, ""C04"": 0.025203737562126016, ""C05"": 0.025203737562126016, ""C06"": 0.024220996603042926, ""C07"": 0.025203737562126016, ""C08"": 0.025203737562126016, ""C09"": 0.025203737562126016, ""C10"": 0.025203737562126016, ""C11"": 0.025203737562126016, ""C12"": 0.025203737562126016, ""C13"": 0.025203737562126016, ""C14"": 0.025203737562126016, ""C15"": 0.025203737562126016}"
8,8,1,444,1.633260,15,"{""C01"": 1.582138, ""C02"": 1.722103, ""C03"": 1.702726, ""C04"": 1.704169, ""C05"": 1.455409, ""C06"": 1.905248, ""C07"": 1.700602, ""C08"": 1.651505, ""C09"": 1.661548, ""C10"": 1.556116, ""C11"": 1.491036, ""C12"": 1.729152, ""C13"": 1.674589, ""C14"": 1.565802, ""C15"": 1.832101}","{""C01"": 0, ""C02"": 0, ""C03"": 0, ""C04"": 0, ""C05"": 0, ""C06"": 1678, ""C07"": 0, ""C08"": 0, ""C09"": 0, ""C10"": 0, ""C11"": 0, ""C12"": 0, ""C13"": 0, ""C14"": 0, ""C15"": 0}","{""C01"": 0.025228468295833043, ""C02"": 0.025228468295833043, ""C03"": 0.025228468295833043, ""C04"": 0.025228468295833043, ""C05"": 0.025228468295833043, ""C06"": 0.02425672916653496, ""C07"": 0.025228468295833043, ""C08"": 0.025228468295833043, ""C09"": 0.025228468295833043, ""C10"": 0.025228468295833043, ""C11"": 0.025228468295833043, ""C12"": 0.025228468295833043, ""C13"": 0.025228468295833043, ""C14"": 0.025228468295833043, ""C15"": 0.025228468295833043}"
9,9,1,832,4.305810,15,"{""C01"": 1.571177, ""C02"": 1.801652, ""C03"": 1.704468, ""C04"": 1.720295, ""C05"": 1.455079, ""C06"": 1.862617, ""C07"": 1.68971, ""C08"": 1.640499, ""C09"": 1.666707, ""C10"": 1.577345, ""C11"": 1.47749, ""C12"": 1.765238, ""C13"": 1.68333, ""C14"": 1.620739, ""C15"": 1.82131}","{""C01"": 0, ""C02"": 0, ""C03"": 0, ""C04"": 0, ""C05"": 0, ""C06"": 1690, ""C07"": 0, ""C08"": 0, ""C09"": 0, ""C10"": 0, ""C11"": 0, ""C12"": 0, ""C13"": 0, ""C14"": 0, ""C15"": 0}","{""C01"": 0.02521322802215553, ""C02"": 0.02521322802215553, ""C03"": 0.02521322802215553, ""C04"": 0.02521322802215553, ""C05"": 0.02521322802215553, ""C06"": 0.02423453946050278, ""C07"": 0.02521322802215553, ""C08"": 0.02521322802215553, ""C09"": 0.02521322802215553, ""C10"": 0.02521322802215553, ""C11"": 0.02521322802215553, ""C12"": 0.02521322802215553, ""C13"": 0.02521322802215553, ""C14"": 0.02521322802215553, ""C15"": 0.02521322802215553}"
10,10,1,908,3.268936,15,"{""C01"": 1.561059, ""C02"": 1.76184, ""C03"": 1.710703, ""C04"": 1.704573, ""C05"": 1.453055, ""C06"": 1.882482, ""C07"": 1.689487, ""C08"": 1.679695, ""C09"": 1.687102, ""C10"": 1.571485, ""C11"": 1.502659, ""C12"": 1.758638, ""C13"": 1.662335, ""C14"": 1.627067, ""C15"": 1.85621}","{""C01"": 0, ""C02"": 0, ""C03"": 0, ""C04"": 0, ""C05"": 0, ""C06"": 1684, ""C07"": 0, ""C08"": 0, ""C09"": 0, ""C10"": 0, ""C11"": 0, ""C12"": 0, ""C13"": 0, ""C14"": 0, ""C15"": 0}","{""C01"": 0.025220173590950468, ""C02"": 0.025220173590950468, ""C03"": 0.025220173590950468, ""C04"": 0.025220173590950468, ""C05"": 0.025220173590950468, ""C06"": 0.024244961392347046, ""C07"": 0.025220173590950468, ""C08"": 0.025220173590950468, ""C09"": 0.025220173590950468, ""C10"": 0.025220173590950468, ""C11"": 0.025220173590950468, ""C12"": 0.025220173590950468, ""C13"": 0.025220173590950468, ""C14"": 0.025220173590950468, ""C15"": 0.025220173590950468}"
11,11,1,493,1.738269,15,"{""C01"": 1.573881, ""C02"": 1.767308, ""C03"": 1.717202, ""C04"": 1.704829, ""C05"": 1.461375, ""C06"": 1.907423, ""C07"": 1.680263, ""C08"": 1.654415, ""C09"": 1.695133, ""C10"": 1.564407, ""C11"": 1.459864, ""C12"": 1.771111, ""C13"": 1.698764, ""C14"": 1.662114, ""C15"": 1.854041}","{""C01"": 0, ""C02"": 0, ""C03"": 0, ""C04"": 0, ""C05"": 0, ""C06"": 1677, ""C07"": 0, ""C08"": 0, ""C09"": 0, ""C10"": 0, ""C11"": 0, ""C12"": 0, ""C13"": 0, ""C14"": 0, ""C15"": 0}","{""C01"": 0.025229001879376017, ""C02"": 0.025229001879376017, ""C03"": 0.025229001879376017, ""C04"": 0.025229001879376017, ""C05"": 0.025229001879376017, ""C06"": 0.02425784367074295, ""C07"": 0.025229001879376017, ""C08"": 0.025229001879376017, ""C09"": 0.025229001879376017, ""C10"": 0.025229001879376017, ""C11"": 0.025229001879376017, ""C12"": 0.025229001879376017, ""C13"": 0.025229001879376017, ""C14"": 0.025229001879376017, ""C15"": 0.025229001879376017}"
12,12,1,848,3.002439,15,"{""C01"": 1.572296, ""C02"": 1.83042, ""C03"": 1.697827, ""C04"": 1.673399, ""C05"": 1.457753, ""C06"": 1.885346, ""C07"": 1.663616, ""C08"": 1.656198, ""C09"": 1.675857, ""C10"": 1.563746, ""C11"": 1.465313, ""C12"": 1.779696, ""C13"": 1.638135, ""C14"": 1.617672, ""C15"": 1.84808}","{""C01"": 0, ""C02"": 0, ""C03"": 0, ""C04"": 0, ""C05"": 0, ""C06"": 1683, ""C07"": 0, ""C08"": 0, ""C09"": 0, ""C10"": 0, ""C11"": 0, ""C12"": 0, ""C13"": 0, ""C14"": 0, ""C15"": 0}","{""C01"": 0.0252210841845186, ""C02"": 0.0252210841845186, ""C03"": 0.0252210841845186, ""C04"": 0.0252210841845186, ""C05"": 0.0252210841845186, ""C06"": 0.024246451982537724, ""C07"": 0.0252210841845186, ""C08"": 0.0252210841845186, ""C09"": 0.0252210841845186, ""C10"": 0.0252210841845186, ""C11"": 0.0252210841845186, ""C12"": 0.0252210841845186, ""C13"": 0.0252210841845186, ""C14"": 0.0252210841845186, ""C15"": 0.0252210841845186}"
13,13,1,883,4.243098,15,"{""C01"": 1.616058, ""C02"": 1.790856, ""C03"": 1.733791, ""C04"": 1.674398, ""C05"": 1.433572, ""C06"": 1.873786, ""C07"": 1.713068, ""C08"": 1.66554, ""C09"": 1.691838, ""C10"": 1.546914, ""C11"": 1.490707, ""C12"": 1.790345, ""C13"": 1.675988, ""C14"": 1.660909, ""C15"": 1.843198}","{""C01"": 0, ""C02"": 0, ""C03"": 0, ""C04"": 0, ""C05"": 0, ""C06"": 1687, ""C07"": 0, ""C08"": 0, ""C09"": 0, ""C10"": 0, ""C11"": 0, ""C12"": 0, ""C13"": 0, ""C14"": 0, ""C15"": 0}","{""C01"": 0.02521736906487472, ""C02"": 0.02521736906487472, ""C03"": 0.02521736906487472, ""C04"": 0.02521736906487472, ""C05"": 0.02521736906487472, ""C06"": 0.024240417058954883, ""C07"": 0.02521736906487472, ""C08"": 0.02521736906487472, ""C09"": 0.02521736906487472, ""C10"": 0.02521736906487472, ""C11"": 0.02521736906487472, ""C12"": 0.02521736906487472, ""C13"": 0.02521736906487472, ""C14"": 0.02521736906487472, ""C15"": 0.02521736906487472}"
14,14,1,331,1.157695,15,"{""C01"": 1.601512, ""C02"": 1.782315, ""C03"": 1.717832, ""C04"": 1.703589, ""C05"": 1.462034, ""C06"": 1.917311, ""C07"": 1.710478, ""C08"": 1.645095, ""C09"": 1.698534, ""C10"": 1.585983, ""C11"": 1.464816, ""C12"": 1.765923, ""C13"": 1.709216, ""C14"": 1.636977, ""C15"": 1.824851}","{""C01"": 0, ""C02"": 0, ""C03"": 0, ""C04"": 0, ""C05"": 0, ""C06"": 1674, ""C07"": 0, ""C08"": 0, ""C09"": 0, ""C10"": 0, ""C11"": 0, ""C12"": 0, ""C13"": 0, ""C14"": 0, ""C15"": 0}","{""C01"": 0.025232309329300415, ""C02"": 0.025232309329300415, ""C03"": 0.025232309329300415, ""C04"": 0.025232309329300415, ""C05"": 0.025232309329300415, ""C06"": 0.024262889710149303, ""C07"": 0.025232309329300415, ""C08"": 0.025232309329300415, ""C09"": 0.025232309329300415, ""C10"": 0.025232309329300415, ""C11"": 0.025232309329300415, ""C12"": 0.025232309329300415, ""C13"": 0.025232309329300415, ""C14"": 0.025232309329300415, ""C15"": 0.025232309329300415}"
15,15,1,839,2.893537,15,"{""C01"": 1.566275, ""C02"": 1.815507, ""C03"": 1.737848, ""C04"": 1.682099, ""C05"": 1.449385, ""C06"": 1.87497, ""C07"": 1.702129, ""C08"": 1.637216, ""C09"": 1.66434, ""C10"": 1.556579, ""C11"": 1.481493, ""C12"": 1.78469, ""C13"": 1.680954, ""C14"": 1.617863, ""C15"": 1.83519}","{""C01"": 0, ""C02"": 0, ""C03"": 0, ""C04"": 0, ""C05"": 0, ""C06"": 1686, ""C07"": 0, ""C08"": 0, ""C09"": 0, ""C10"": 0, ""C11"": 0, ""C12"": 0, ""C13"": 0, ""C14"": 0, ""C15"": 0}","{""C01"": 0.02521740720032481, ""C02"": 0.02521740720032481, ""C03"": 0.02521740720032481, ""C04"": 0.02521740720032481, ""C05"": 0.02521740720032481, ""C06"": 0.02424103731123078, ""C07"": 0.02521740720032481, ""C08"": 0.02521740720032481, ""C09"": 0.02521740720032481, ""C10"": 0.02521740720032481, ""C11"": 0.02521740720032481, ""C12"": 0.02521740720032481, ""C13"": 0.02521740720032481, ""C14"": 0.02521740720032481, ""C15"": 0.02521740720032481}"
16,16,1,932,3.213536,15,"{""C01"": 1.574973, ""C02"": 1.778213, ""C03"": 1.736949, ""C04"": 1.687241, ""C05"": 1.445524, ""C06"": 1.841435, ""C07"": 1.669115, ""C08"": 1.654885, ""C09"": 1.664735, ""C10"": 1.53975, ""C11"": 1.500524, ""C12"": 1.770773, ""C13"": 1.649419, ""C14"": 1.597344, ""C15"": 1.816565}","{""C01"": 0, ""C02"": 0, ""C03"": 0, ""C04"": 0, ""C05"": 0, ""C06"": 1696, ""C07"": 0, ""C08"": 0, ""C09"": 0, ""C10"": 0, ""C11"": 0, ""C12"": 0, ""C13"": 0, ""C14"": 0, ""C15"": 0}","{""C01"": 0.025205427228926283, ""C02"": 0.025205427228926283, ""C03"": 0.025205427228926283, ""C04"": 0.025205427228926283, ""C05"": 0.025205427228926283, ""C06"": 0.02422326437793449, ""C07"": 0.025205427228926283, ""C08"": 0.025205427228926283, ""C09"": 0.025205427228926283, ""C10"": 0.025205427228926283, ""C11"": 0.025205427228926283, ""C12"": 0.025205427228926283, ""C13"": 0.025205427228926283, ""C14"": 0.025205427228926283, ""C15"": 0.025205427228926283}"
17,17,1,428,2.534044,15,"{""C01"": 1.5978, ""C02"": 1.770201, ""C03"": 1.700288, ""C04"": 1.708303, ""C05"": 1.418208, ""C06"": 1.851685, ""C07"": 1.689475, ""C08"": 1.653234, ""C09"": 1.693579, ""C10"": 1.54, ""C11"": 1.517693, ""C12"": 1.77402, ""C13"": 1.653484, ""C14"": 1.603647, ""C15"": 1.787201}","{""C01"": 0, ""C02"": 0, ""C03"": 0, ""C04"": 0, ""C05"": 0, ""C06"": 1693, ""C07"": 0, ""C08"": 0, ""C09"": 0, ""C10"": 0, ""C11"": 0, ""C12"": 0, ""C13"": 0, ""C14"": 0, ""C15"": 0}","{""C01"": 0.02520916686986474, ""C02"": 0.02520916686986474, ""C03"": 0.02520916686986474, ""C04"": 0.02520916686986474, ""C05"": 0.02520916686986474, ""C06"": 0.024228741554176744, ""C07"": 0.02520916686986474, ""C08"": 0.02520916686986474, ""C09"": 0.02520916686986474, ""C10"": 0.02520916686986474, ""C11"": 0.02520916686986474, ""C12"": 0.02520916686986474, ""C13"": 0.02520916686986474, ""C14"": 0.02520916686986474, ""C15"": 0.02520916686986474}"
18,18,1,458,1.688121,15,"{""C01"": 1.608947, ""C02"": 1.766447, ""C03"": 1.714282, ""C04"": 1.707145, ""C05"": 1.457619, ""C06"": 1.902844, ""C07"": 1.685564, ""C08"": 1.606207, ""C09"": 1.656122, ""C10"": 1.52632, ""C11"": 1.462222, ""C12"": 1.764785, ""C13"": 1.687657, ""C14"": 1.634349, ""C15"": 1.838297}","{""C01"": 0, ""C02"": 0, ""C03"": 0, ""C04"": 0, ""C05"": 0, ""C06"": 1678, ""C07"": 0, ""C08"": 0, ""C09"": 0, ""C10"": 0, ""C11"": 0, ""C12"": 0, ""C13"": 0, ""C14"": 0, ""C15"": 0}","{""C01"": 0.025227231220303445, ""C02"": 0.025227231220303445, ""C03"": 0.025227231220303445, ""C04"": 0.025227231220303445, ""C05"": 0.025227231220303445, ""C06"": 0.024255495116855184, ""C07"": 0.025227231220303445, ""C08"": 0.025227231220303445, ""C09"": 0.025227231220303445, ""C10"": 0.025227231220303445, ""C11"": 0.025227231220303445, ""C12"": 0.025227231220303445, ""C13"": 0.025227231220303445, ""C14"": 0.025227231220303445, ""C15"": 0.025227231220303445}"
19,19,1,366,1.273511,15,"{""C01"": 1.577154, ""C02"": 1.779713, ""C03"": 1.691392, ""C04"": 1.669565, ""C05"": 1.427949, ""C06"": 1.888042, ""C07"": 1.692364, ""C08"": 1.646272, ""C09"": 1.702862, ""C10"": 1.538111, ""C11"": 1.498717, ""C12"": 1.784347, ""C13"": 1.663905, ""C14"": 1.634234, ""C15"": 1.807471}","{""C01"": 0, ""C02"": 0, ""C03"": 0, ""C04"": 0, ""C05"": 0, ""C06"": 1682, ""C07"": 0, ""C08"": 0, ""C09"": 0, ""C10"": 0, ""C11"": 0, ""C12"": 0, ""C13"": 0, ""C14"": 0, ""C15"": 0}","{""C01"": 0.025221904357675656, ""C02"": 0.025221904357675656, ""C03"": 0.025221904357675656, ""C04"": 0.025221904357675656, ""C05"": 0.025221904357675656, ""C06"": 0.024247852373842083, ""C07"": 0.025221904357675656, ""C08"": 0.025221904357675656, ""C09"": 0.025221904357675656, ""C10"": 0.025221904357675656, ""C11"": 0.025221904357675656, ""C12"": 0.025221904357675656, ""C13"": 0.025221904357675656, ""C14"": 0.025221904357675656, ""C15"": 0.025221904357675656}"
20,20,1,453,1.607699,15,"{""C01"": 1.563813, ""C02"": 1.754736, ""C03"": 1.73717, ""C04"": 1.719378, ""C05"": 1.416535, ""C06"": 1.879349, ""C07"": 1.69048, ""C08"": 1.68435, ""C09"": 1.633271, ""C10"": 1.558554, ""C11"": 1.456259, ""C12"": 1.749845, ""C13"": 1.673669, ""C14"": 1.637142, ""C15"": 1.812868}","{""C01"": 0, ""C02"": 0, ""C03"": 0, ""C04"": 0, ""C05"": 0, ""C06"": 1685, ""C07"": 0, ""C08"": 0, ""C09"": 0, ""C10"": 0, ""C11"": 0, ""C12"": 0, ""C13"": 0, ""C14"": 0, ""C15"": 0}","{""C01"": 0.025219119186322067, ""C02"": 0.025219119186322067, ""C03"": 0.025219119186322067, ""C04"": 0.025219119186322067, ""C05"": 0.025219119186322067, ""C06"": 0.024243327342197786, ""C07"": 0.025219119186322067, ""C08"": 0.025219119186322067, ""C09"": 0.025219119186322067, ""C10"": 0.025219119186322067, ""C11"": 0.025219119186322067, ""C12"": 0.025219119186322067, ""C13"": 0.025219119186322067, ""C14"": 0.025219119186322067, ""C15"": 0.025219119186322067}"
21,21,1,798,2.766593,15,"{""C01"": 1.596699, ""C02"": 1.736116, ""C03"": 1.703037, ""C04"": 1.688113, ""C05"": 1.423322, ""C06"": 1.858213, ""C07"": 1.623859, ""C08"": 1.647155, ""C09"": 1.667302, ""C10"": 1.521366, ""C11"": 1.472925, ""C12"": 1.770436, ""C13"": 1.65875, ""C14"": 1.637166, ""C15"": 1.816208}","{""C01"": 0, ""C02"": 0, ""C03"": 0, ""C04"": 0, ""C05"": 0, ""C06"": 1691, ""C07"": 0, ""C08"": 0, ""C09"": 0, ""C10"": 0, ""C11"": 0, ""C12"": 0, ""C13"": 0, ""C14"": 0, ""C15"": 0}","{""C01"": 0.02521147561744906, ""C02"": 0.02521147561744906, ""C03"": 0.02521147561744906, ""C04"": 0.02521147561744906, ""C05"": 0.02521147561744906, ""C06"": 0.02423220910519999, ""C07"": 0.02521147561744906, ""C08"": 0.02521147561744906, ""C09"": 0.02521147561744906, ""C10"": 0.02521147561744906, ""C11"": 0.02521147561744906, ""C12"": 0.02521147561744906, ""C13"": 0.02521147561744906, ""C14"": 0.02521147561744906, ""C15"": 0.02521147561744906}"
22,22,1,1134,4.838682,15,"{""C01"": 1.61069, ""C02"": 1.79951, ""C03"": 1.71173, ""C04"": 1.703388, ""C05"": 1.433829, ""C06"": 1.837145, ""C07"": 1.667459, ""C08"": 1.612528, ""C09"": 1.661838, ""C10"": 1.523844, ""C11"": 1.503199, ""C12"": 1.75201, ""C13"": 1.685889, ""C14"": 1.615604, ""C15"": 1.818342}","{""C01"": 0, ""C02"": 0, ""C03"": 0, ""C04"": 0, ""C05"": 0, ""C06"": 1697, ""C07"": 0, ""C08"": 0, ""C09"": 0, ""C10"": 0, ""C11"": 0, ""C12"": 0, ""C13"": 0, ""C14"": 0, ""C15"": 0}","{""C01"": 0.025203700887765343, ""C02"": 0.025203700887765343, ""C03"": 0.025203700887765343, ""C04"": 0.025203700887765343, ""C05"": 0.025203700887765343, ""C06"": 0.02422096001728492, ""C07"": 0.025203700887765343, ""C08"": 0.025203700887765343, ""C09"": 0.025203700887765343, ""C10"": 0.025203700887765343, ""C11"": 0.025203700887765343, ""C12"": 0.025203700887765343, ""C13"": 0.025203700887765343, ""C14"": 0.025203700887765343, ""C15"": 0.025203700887765343}"
23,23,1,799,4.435712,15,"{""C01"": 1.552211, ""C02"": 1.745057, ""C03"": 1.727413, ""C04"": 1.69706, ""C05"": 1.427224, ""C06"": 1.849884, ""C07"": 1.673824, ""C08"": 1.649326, ""C09"": 1.64163, ""C10"": 1.516861, ""C11"": 1.471719, ""C12"": 1.752124, ""C13"": 1.678186, ""C14"": 1.652177, ""C15"": 1.80562}","{""C01"": 0, ""C02"": 0, ""C03"": 0, ""C04"": 0, ""C05"": 0, ""C06"": 1693, ""C07"": 0, ""C08"": 0, ""C09"": 0, ""C10"": 0, ""C11"": 0, ""C12"": 0, ""C13"": 0, ""C14"": 0, ""C15"": 0}","{""C01"": 0.025208204889160313, ""C02"": 0.025208204889160313, ""C03"": 0.025208204889160313, ""C04"": 0.025208204889160313, ""C05"": 0.025208204889160313, ""C06"": 0.024227781903567558, ""C07"": 0.025208204889160313, ""C08"": 0.025208204889160313, ""C09"": 0.025208204889160313, ""C10"": 0.025208204889160313, ""C11"": 0.025208204889160313, ""C12"": 0.025208204889160313, ""C13"": 0.025208204889160313, ""C14"": 0.025208204889160313, ""C15"": 0.025208204889160313}"
24,24,1,334,1.258299,15,"{""C01"": 1.570495, ""C02"": 1.791601, ""C03"": 1.703551, ""C04"": 1.70336, ""C05"": 1.427623, ""C06"": 1.883079, ""C07"": 1.696663, ""C08"": 1.672397, ""C09"": 1.651263, ""C10"": 1.562235, ""C11"": 1.474818, ""C12"": 1.755464, ""C13"": 1.668948, ""C14"": 1.620229, ""C15"": 1.793865}","{""C01"": 0, ""C02"": 0, ""C03"": 0, ""C04"": 0, ""C05"": 0, ""C06"": 1684, ""C07"": 0, ""C08"": 0, ""C09"": 0, ""C10"": 0, ""C11"": 0, ""C12"": 0, ""C13"": 0, ""C14"": 0, ""C15"": 0}","{""C01"": 0.02522048536267074, ""C02"": 0.02522048536267074, ""C03"": 0.02522048536267074, ""C04"": 0.02522048536267074, ""C05"": 0.02522048536267074, ""C06"": 0.024245272404459943, ""C07"": 0.02522048536267074, ""C08"": 0.02522048536267074, ""C09"": 0.02522048536267074, ""C10"": 0.02522048536267074, ""C11"": 0.02522048536267074, ""C12"": 0.02522048536267074, ""C13"": 0.02522048536267074, ""C14"": 0.02522048536267074, ""C15"": 0.02522048536267074}"
25,25,1,323,1.931905,15,"{""C01"": 1.587054, ""C02"": 1.776005, ""C03"": 1.719474, ""C04"": 1.701087, ""C05"": 1.430701, ""C06"": 1.870881, ""C07"": 1.716827, ""C08"": 1.681214, ""C09"": 1.693285, ""C10"": 1.531197, ""C11"": 1.467243, ""C12"": 1.730268, ""C13"": 1.680237, ""C14"": 1.602744, ""C15"": 1.775732}","{""C01"": 0, ""C02"": 0, ""C03"": 0, ""C04"": 0, ""C05"": 0, ""C06"": 1687, ""C07"": 0, ""C08"": 0, ""C09"": 0, ""C10"": 0, ""C11"": 0, ""C12"": 0, ""C13"": 0, ""C14"": 0, ""C15"": 0}","{""C01"": 0.025215840875586773, ""C02"": 0.025215840875586773, ""C03"": 0.025215840875586773, ""C04"": 0.025215840875586773, ""C05"": 0.025215840875586773, ""C06"": 0.02423889258573081, ""C07"": 0.025215840875586773, ""C08"": 0.025215840875586773, ""C09"": 0.025215840875586773, ""C10"": 0.025215840875586773, ""C11"": 0.025215840875586773, ""C12"": 0.025215840875586773, ""C13"": 0.025215840875586773, ""C14"": 0.025215840875586773, ""C15"": 0.025215840875586773}"
26,26,1,476,2.056135,15,"{""C01"": 1.581702, ""C02"": 1.798475, ""C03"": 1.68439, ""C04"": 1.714456, ""C05"": 1.444655, ""C06"": 1.884369, ""C07"": 1.663377, ""C08"": 1.672112, ""C09"": 1.673263, ""C10"": 1.558881, ""C11"": 1.503184, ""C12"": 1.739709, ""C13"": 1.682091, ""C14"": 1.650075, ""C15"": 1.825834}","{""C01"": 0, ""C02"": 0, ""C03"": 0, ""C04"": 0, ""C05"": 0, ""C06"": 1684, ""C07"": 0, ""C08"": 0, ""C09"": 0, ""C10"": 0, ""C11"": 0, ""C12"": 0, ""C13"": 0, ""C14"": 0, ""C15"": 0}","{""C01"": 0.02522115854851885, ""C02"": 0.02522115854851885, ""C03"": 0.02522115854851885, ""C04"": 0.02522115854851885, ""C05"": 0.02522115854851885, ""C06"": 0.024245943950104785, ""C07"": 0.02522115854851885, ""C08"": 0.02522115854851885, ""C09"": 0.02522115854851885, ""C10"": 0.02522115854851885, ""C11"": 0.02522115854851885, ""C12"": 0.02522115854851885, ""C13"": 0.02522115854851885, ""C14"": 0.02522115854851885, ""C15"": 0.02522115854851885}"
27,27,1,517,2.249924,15,"{""C01"": 1.613653, ""C02"": 1.820866, ""C03"": 1.710317, ""C04"": 1.740968, ""C05"": 1.442304, ""C06"": 1.870105, ""C07"": 1.718963, ""C08"": 1.644192, ""C09"": 1.688222, ""C10"": 1.518724, ""C11"": 1.510564, ""C12"": 1.760317, ""C13"": 1.678395, ""C14"": 1.665712, ""C15"": 1.783436}","{""C01"": 0, ""C02"": 0, ""C03"": 0, ""C04"": 0, ""C05"": 0, ""C06"": 1688, ""C07"": 0, ""C08"": 0, ""C09"": 0, ""C10"": 0, ""C11"": 0, ""C12"": 0, ""C13"": 0, ""C14"": 0, ""C15"": 0}","{""C01"": 0.025216015984483905, ""C02"": 0.025216015984483905, ""C03"": 0.025216015984483905, ""C04"": 0.025216015984483905, ""C05"": 0.025216015984483905, ""C06"": 0.024238485060922757, ""C07"": 0.025216015984483905, ""C08"": 0.025216015984483905, ""C09"": 0.025216015984483905, ""C10"": 0.025216015984483905, ""C11"": 0.025216015984483905, ""C12"": 0.025216015984483905, ""C13"": 0.025216015984483905, ""C14"": 0.025216015984483905, ""C15"": 0.025216015984483905}"
28,28,1,332,1.922634,15,"{""C01"": 1.613871, ""C02"": 1.811061, ""C03"": 1.738213, ""C04"": 1.70872, ""C05"": 1.465933, ""C06"": 1.915122, ""C07"": 1.693172, ""C08"": 1.665625, ""C09"": 1.709513, ""C10"": 1.556468, ""C11"": 1.511752, ""C12"": 1.784776, ""C13"": 1.689431, ""C14"": 1.653639, ""C15"": 1.824489}","{""C01"": 0, ""C02"": 0, ""C03"": 0, ""C04"": 0, ""C05"": 0, ""C06"": 1675, ""C07"": 0, ""C08"": 0, ""C09"": 0, ""C10"": 0, ""C11"": 0, ""C12"": 0, ""C13"": 0, ""C14"": 0, ""C15"": 0}","{""C01"": 0.025231776223794133, ""C02"": 0.025231776223794133, ""C03"": 0.025231776223794133, ""C04"": 0.025231776223794133, ""C05"": 0.025231776223794133, ""C06"": 0.024261775679061234, ""C07"": 0.025231776223794133, ""C08"": 0.025231776223794133, ""C09"": 0.025231776223794133, ""C10"": 0.025231776223794133, ""C11"": 0.025231776223794133, ""C12"": 0.025231776223794133, ""C13"": 0.025231776223794133, ""C14"": 0.025231776223794133, ""C15"": 0.025231776223794133}"
29,29,1,840,2.956215,15,"{""C01"": 1.626271, ""C02"": 1.779854, ""C03"": 1.728571, ""C04"": 1.724724, ""C05"": 1.459354, ""C06"": 1.916376, ""C07"": 1.700218, ""C08"": 1.644542, ""C09"": 1.735315, ""C10"": 1.524099, ""C11"": 1.52106, ""C12"": 1.80238, ""C13"": 1.735081, ""C14"": 1.67031, ""C15"": 1.878699}","{""C01"": 0, ""C02"": 0, ""C03"": 0, ""C04"": 0, ""C05"": 0, ""C06"": 1675, ""C07"": 0, ""C08"": 0, ""C09"": 0, ""C10"": 0, ""C11"": 0, ""C12"": 0, ""C13"": 0, ""C14"": 0, ""C15"": 0}","{""C01"": 0.02523241630565394, ""C02"": 0.02523241630565394, ""C03"": 0.02523241630565394, ""C04"": 0.02523241630565394, ""C05"": 0.02523241630565394, ""C06"": 0.024262414192191894, ""C07"": 0.02523241630565394, ""C08"": 0.02523241630565394, ""C09"": 0.02523241630565394, ""C10"": 0.02523241630565394, ""C11"": 0.02523241630565394, ""C12"": 0.02523241630565394, ""C13"": 0.02523241630565394, ""C14"": 0.02523241630565394, ""C15"": 0.02523241630565394}"
30,30,1,567,2.074823,15,"{""C01"": 1.589825, ""C02"": 1.857115, ""C03"": 1.751755, ""C04"": 1.720697, ""C05"": 1.460144, ""C06"": 1.914366, ""C07"": 1.69805, ""C08"": 1.702737, ""C09"": 1.715078, ""C10"": 1.571989, ""C11"": 1.503424, ""C12"": 1.798248, ""C13"": 1.685058, ""C14"": 1.681772, ""C15"": 1.854357}","{""C01"": 0, ""C02"": 0, ""C03"": 0, ""C04"": 0, ""C05"": 0, ""C06"": 1675, ""C07"": 0, ""C08"": 0, ""C09"": 0, ""C10"": 0, ""C11"": 0, ""C12"": 0, ""C13"": 0, ""C14"": 0, ""C15"": 0}","{""C01"": 0.025231390041827187, ""C02"": 0.025231390041827187, ""C03"": 0.025231390041827187, ""C04"": 0.025231390041827187, ""C05"": 0.025231390041827187, ""C06"": 0.024261390443536045, ""C07"": 0.025231390041827187, ""C08"": 0.025231390041827187, ""C09"": 0.025231390041827187, ""C10"": 0.025231390041827187, ""C11"": 0.025231390041827187, ""C12"": 0.025231390041827187, ""C13"": 0.025231390041827187, ""C14"": 0.025231390041827187, ""C15"": 0.025231390041827187}"
31,31,1,443,1.587191,15,"{""C01"": 1.671515, ""C02"": 1.846147, ""C03"": 1.741667, ""C04"": 1.748608, ""C05"": 1.462943, ""C06"": 1.92518, ""C07"": 1.780027, ""C08"": 1.691477, ""C09"": 1.715558, ""C10"": 1.58119, ""C11"": 1.516768, ""C12"": 1.844673, ""C13"": 1.710305, ""C14"": 1.687566, ""C15"": 1.851568}","{""C01"": 0, ""C02"": 0, ""C03"": 0, ""C04"": 0, ""C05"": 0, ""C06"": 1672, ""C07"": 0, ""C08"": 0, ""C09"": 0, ""C10"": 0, ""C11"": 0, ""C12"": 0, ""C13"": 0, ""C14"": 0, ""C15"": 0}","{""C01"": 0.02523514327914271, ""C02"": 0.02523514327914271, ""C03"": 0.02523514327914271, ""C04"": 0.02523514327914271, ""C05"": 0.02523514327914271, ""C06"": 0.02426688117690926, ""C07"": 0.02523514327914271, ""C08"": 0.02523514327914271, ""C09"": 0.02523514327914271, ""C10"": 0.02523514327914271, ""C11"": 0.02523514327914271, ""C12"": 0.02523514327914271, ""C13"": 0.02523514327914271, ""C14"": 0.02523514327914271, ""C15"": 0.02523514327914271}"
32,32,1,391,1.363850,15,"{""C01"": 1.624468, ""C02"": 1.883385, ""C03"": 1.731536, ""C04"": 1.749526, ""C05"": 1.477758, ""C06"": 1.963359, ""C07"": 1.741787, ""C08"": 1.732128, ""C09"": 1.719939, ""C10"": 1.570003, ""C11"": 1.514287, ""C12"": 1.85626, ""C13"": 1.752999, ""C14"": 1.685509, ""C15"": 1.883181}","{""C01"": 0, ""C02"": 0, ""C03"": 0, ""C04"": 0, ""C05"": 0, ""C06"": 1662, ""C07"": 0, ""C08"": 0, ""C09"": 0, ""C10"": 0, ""C11"": 0, ""C12"": 0, ""C13"": 0, ""C14"": 0, ""C15"": 0}","{""C01"": 0.02524841927675034, ""C02"": 0.02524841927675034, ""C03"": 0.02524841927675034, ""C04"": 0.02524841927675034, ""C05"": 0.02524841927675034, ""C06"": 0.024285946928409165, ""C07"": 0.02524841927675034, ""C08"": 0.02524841927675034, ""C09"": 0.02524841927675034, ""C10"": 0.02524841927675034, ""C11"": 0.02524841927675034, ""C12"": 0.02524841927675034, ""C13"": 0.02524841927675034, ""C14"": 0.02524841927675034, ""C15"": 0.02524841927675034}"
33,33,1,440,1.569943,15,"{""C01"": 1.678566, ""C02"": 1.876089, ""C03"": 1.790866, ""C04"": 1.731696, ""C05"": 1.51008, ""C06"": 1.947677, ""C07"": 1.753319, ""C08"": 1.750414, ""C09"": 1.723598, ""C10"": 1.545984, ""C11"": 1.541481, ""C12"": 1.845612, ""C13"": 1.725077, ""C14"": 1.693572, ""C15"": 1.846798}","{""C01"": 0, ""C02"": 0, ""C03"": 0, ""C04"": 0, ""C05"": 0, ""C06"": 1666, ""C07"": 0, ""C08"": 0, ""C09"": 0, ""C10"": 0, ""C11"": 0, ""C12"": 0, ""C13"": 0, ""C14"": 0, ""C15"": 0}","{""C01"": 0.025242963020534498, ""C02"": 0.025242963020534498, ""C03"": 0.025242963020534498, ""C04"": 0.025242963020534498, ""C05"": 0.025242963020534498, ""C06"": 0.024278175134729574, ""C07"": 0.025242963020534498, ""C08"": 0.025242963020534498, ""C09"": 0.025242963020534498, ""C10"": 0.025242963020534498, ""C11"": 0.025242963020534498, ""C12"": 0.025242963020534498, ""C13"": 0.025242963020534498, ""C14"": 0.025242963020534498, ""C15"": 0.025242963020534498}"
34,34,1,433,1.538673,15,"{""C01"": 1.680941, ""C02"": 1.893533, ""C03"": 1.74027, ""C04"": 1.773471, ""C05"": 1.529383, ""C06"": 1.972033, ""C07"": 1.745708, ""C08"": 1.720253, ""C09"": 1.755546, ""C10"": 1.561267, ""C11"": 1.521813, ""C12"": 1.817603, ""C13"": 1.730374, ""C14"": 1.708137, ""C15"": 1.896351}","{""C01"": 0, ""C02"": 0, ""C03"": 0, ""C04"": 0, ""C05"": 0, ""C06"": 1660, ""C07"": 0, ""C08"": 0, ""C09"": 0, ""C10"": 0, ""C11"": 0, ""C12"": 0, ""C13"": 0, ""C14"": 0, ""C15"": 0}","{""C01"": 0.025251526214435008, ""C02"": 0.025251526214435008, ""C03"": 0.025251526214435008, ""C04"": 0.025251526214435008, ""C05"": 0.025251526214435008, ""C06"": 0.024290210694233413, ""C07"": 0.025251526214435008, ""C08"": 0.025251526214435008, ""C09"": 0.025251526214435008, ""C10"": 0.025251526214435008, ""C11"": 0.025251526214435008, ""C12"": 0.025251526214435008, ""C13"": 0.025251526214435008, ""C14"": 0.025251526214435008, ""C15"": 0.025251526214435008}"
35,35,1,483,1.670828,15,"{""C01"": 1.707131, ""C02"": 1.895307, ""C03"": 1.749248, ""C04"": 1.800744, ""C05"": 1.489743, ""C06"": 1.961541, ""C07"": 1.789025, ""C08"": 1.722585, ""C09"": 1.740104, ""C10"": 1.572274, ""C11"": 1.523394, ""C12"": 1.81789, ""C13"": 1.743342, ""C14"": 1.709995, ""C15"": 1.894454}","{""C01"": 0, ""C02"": 0, ""C03"": 0, ""C04"": 0, ""C05"": 0, ""C06"": 1662, ""C07"": 0, ""C08"": 0, ""C09"": 0, ""C10"": 0, ""C11"": 0, ""C12"": 0, ""C13"": 0, ""C14"": 0, ""C15"": 0}","{""C01"": 0.02524752012953166, ""C02"": 0.02524752012953166, ""C03"": 0.02524752012953166, ""C04"": 0.02524752012953166, ""C05"": 0.02524752012953166, ""C06"": 0.02428505000367818, ""C07"": 0.02524752012953166, ""C08"": 0.02524752012953166, ""C09"": 0.02524752012953166, ""C10"": 0.02524752012953166, ""C11"": 0.02524752012953166, ""C12"": 0.02524752012953166, ""C13"": 0.02524752012953166, ""C14"": 0.02524752012953166, ""C15"": 0.02524752012953166}"
36,36,1,502,1.753865,15,"{""C01"": 1.700929, ""C02"": 1.878105, ""C03"": 1.767591, ""C04"": 1.76844, ""C05"": 1.510462, ""C06"": 1.95993, ""C07"": 1.787797, ""C08"": 1.756245, ""C09"": 1.788001, ""C10"": 1.596961, ""C11"": 1.560628, ""C12"": 1.880143, ""C13"": 1.750154, ""C14"": 1.745324, ""C15"": 1.89806}","{""C01"": 0, ""C02"": 0, ""C03"": 0, ""C04"": 0, ""C05"": 0, ""C06"": 1663, ""C07"": 0, ""C08"": 0, ""C09"": 0, ""C10"": 0, ""C11"": 0, ""C12"": 0, ""C13"": 0, ""C14"": 0, ""C15"": 0}","{""C01"": 0.0252473064207666, ""C02"": 0.0252473064207666, ""C03"": 0.0252473064207666, ""C04"": 0.0252473064207666, ""C05"": 0.0252473064207666, ""C06"": 0.024284254568271067, ""C07"": 0.0252473064207666, ""C08"": 0.0252473064207666, ""C09"": 0.0252473064207666, ""C10"": 0.0252473064207666, ""C11"": 0.0252473064207666, ""C12"": 0.0252473064207666, ""C13"": 0.0252473064207666, ""C14"": 0.0252473064207666, ""C15"": 0.0252473064207666}"
37,37,1,353,1.221098,15,"{""C01"": 1.71168, ""C02"": 1.900769, ""C03"": 1.79085, ""C04"": 1.817911, ""C05"": 1.537504, ""C06"": 1.987752, ""C07"": 1.807324, ""C08"": 1.727081, ""C09"": 1.793827, ""C10"": 1.610934, ""C11"": 1.570022, ""C12"": 1.834573, ""C13"": 1.739703, ""C14"": 1.7382, ""C15"": 1.869675}","{""C01"": 0, ""C02"": 0, ""C03"": 0, ""C04"": 0, ""C05"": 0, ""C06"": 1655, ""C07"": 0, ""C08"": 0, ""C09"": 0, ""C10"": 0, ""C11"": 0, ""C12"": 0, ""C13"": 0, ""C14"": 0, ""C15"": 0}","{""C01"": 0.025256290800913073, ""C02"": 0.025256290800913073, ""C03"": 0.025256290800913073, ""C04"": 0.025256290800913073, ""C05"": 0.025256290800913073, ""C06"": 0.024297874788136428, ""C07"": 0.025256290800913073, ""C08"": 0.025256290800913073, ""C09"": 0.025256290800913073, ""C10"": 0.025256290800913073, ""C11"": 0.025256290800913073, ""C12"": 0.025256290800913073, ""C13"": 0.025256290800913073, ""C14"": 0.025256290800913073, ""C15"": 0.025256290800913073}"
38,38,1,378,1.376672,15,"{""C01"": 1.705001, ""C02"": 1.895972, ""C03"": 1.812209, ""C04"": 1.786263, ""C05"": 1.552153, ""C06"": 1.984426, ""C07"": 1.824611, ""C08"": 1.770459, ""C09"": 1.78856, ""C10"": 1.61732, ""C11"": 1.58389, ""C12"": 1.858923, ""C13"": 1.761156, ""C14"": 1.73115, ""C15"": 1.899076}","{""C01"": 0, ""C02"": 0, ""C03"": 0, ""C04"": 0, ""C05"": 0, ""C06"": 1656, ""C07"": 0, ""C08"": 0, ""C09"": 0, ""C10"": 0, ""C11"": 0, ""C12"": 0, ""C13"": 0, ""C14"": 0, ""C15"": 0}","{""C01"": 0.025255255515464037, ""C02"": 0.025255255515464037, ""C03"": 0.025255255515464037, ""C04"": 0.025255255515464037, ""C05"": 0.025255255515464037, ""C06"": 0.024296259803931578, ""C07"": 0.025255255515464037, ""C08"": 0.025255255515464037, ""C09"": 0.025255255515464037, ""C10"": 0.025255255515464037, ""C11"": 0.025255255515464037, ""C12"": 0.025255255515464037, ""C13"": 0.025255255515464037, ""C14"": 0.025255255515464037, ""C15"": 0.025255255515464037}"
39,39,1,490,1.693038,15,"{""C01"": 1.738213, ""C02"": 1.900793, ""C03"": 1.78398, ""C04"": 1.782784, ""C05"": 1.500052, ""C06"": 1.969615, ""C07"": 1.802622, ""C08"": 1.745714, ""C09"": 1.785082, ""C10"": 1.620148, ""C11"": 1.555617, ""C12"": 1.850077, ""C13"": 1.787942, ""C14"": 1.736669, ""C15"": 1.914246}","{""C01"": 0, ""C02"": 0, ""C03"": 0, ""C04"": 0, ""C05"": 0, ""C06"": 1660, ""C07"": 0, ""C08"": 0, ""C09"": 0, ""C10"": 0, ""C11"": 0, ""C12"": 0, ""C13"": 0, ""C14"": 0, ""C15"": 0}","{""C01"": 0.025250337065458428, ""C02"": 0.025250337065458428, ""C03"": 0.025250337065458428, ""C04"": 0.025250337065458428, ""C05"": 0.025250337065458428, ""C06"": 0.024289024488501523, ""C07"": 0.025250337065458428, ""C08"": 0.025250337065458428, ""C09"": 0.025250337065458428, ""C10"": 0.025250337065458428, ""C11"": 0.025250337065458428, ""C12"": 0.025250337065458428, ""C13"": 0.025250337065458428, ""C14"": 0.025250337065458428, ""C15"": 0.025250337065458428}"
40,40,1,472,1.656880,15,"{""C01"": 1.703411, ""C02"": 1.919713, ""C03"": 1.790015, ""C04"": 1.796319, ""C05"": 1.52851, ""C06"": 1.983019, ""C07"": 1.804555, ""C08"": 1.779168, ""C09"": 1.802435, ""C10"": 1.581551, ""C11"": 1.571961, ""C12"": 1.868895, ""C13"": 1.788254, ""C14"": 1.759651, ""C15"": 1.911775}","{""C01"": 0, ""C02"": 0, ""C03"": 0, ""C04"": 0, ""C05"": 0, ""C06"": 1657, ""C07"": 0, ""C08"": 0, ""C09"": 0, ""C10"": 0, ""C11"": 0, ""C12"": 0, ""C13"": 0, ""C14"": 0, ""C15"": 0}","{""C01"": 0.02525515338088849, ""C02"": 0.02525515338088849, ""C03"": 0.02525515338088849, ""C04"": 0.02525515338088849, ""C05"": 0.02525515338088849, ""C06"": 0.02429557565696993, ""C07"": 0.02525515338088849, ""C08"": 0.02525515338088849, ""C09"": 0.02525515338088849, ""C10"": 0.02525515338088849, ""C11"": 0.02525515338088849, ""C12"": 0.02525515338088849, ""C13"": 0.02525515338088849, ""C14"": 0.02525515338088849, ""C15"": 0.02525515338088849}"
41,41,1,439,1.570729,15,"{""C01"": 1.675569, ""C02"": 1.872226, ""C03"": 1.7977, ""C04"": 1.80512, ""C05"": 1.536266, ""C06"": 1.971659, ""C07"": 1.772554, ""C08"": 1.74027, ""C09"": 1.785599, ""C10"": 1.571072, ""C11"": 1.523016, ""C12"": 1.846876, ""C13"": 1.744462, ""C14"": 1.774979, ""C15"": 1.896286}","{""C01"": 0, ""C02"": 0, ""C03"": 0, ""C04"": 0, ""C05"": 0, ""C06"": 1660, ""C07"": 0, ""C08"": 0, ""C09"": 0, ""C10"": 0, ""C11"": 0, ""C12"": 0, ""C13"": 0, ""C14"": 0, ""C15"": 0}","{""C01"": 0.02525134242389826, ""C02"": 0.02525134242389826, ""C03"": 0.02525134242389826, ""C04"": 0.02525134242389826, ""C05"": 0.02525134242389826, ""C06"": 0.024290027358604527, ""C07"": 0.02525134242389826, ""C08"": 0.02525134242389826, ""C09"": 0.02525134242389826, ""C10"": 0.02525134242389826, ""C11"": 0.02525134242389826, ""C12"": 0.02525134242389826, ""C13"": 0.02525134242389826, ""C14"": 0.02525134242389826, ""C15"": 0.02525134242389826}"
42,42,1,670,2.344915,15,"{""C01"": 1.717166, ""C02"": 1.911664, ""C03"": 1.783164, ""C04"": 1.795546, ""C05"": 1.485314, ""C06"": 1.953968, ""C07"": 1.771118, ""C08"": 1.778148, ""C09"": 1.784772, ""C10"": 1.570438, ""C11"": 1.556679, ""C12"": 1.878467, ""C13"": 1.768755, ""C14"": 1.761511, ""C15"": 1.904168}","{""C01"": 0, ""C02"": 0, ""C03"": 0, ""C04"": 0, ""C05"": 0, ""C06"": 1664, ""C07"": 0, ""C08"": 0, ""C09"": 0, ""C10"": 0, ""C11"": 0, ""C12"": 0, ""C13"": 0, ""C14"": 0, ""C15"": 0}","{""C01"": 0.025244930829747034, ""C02"": 0.025244930829747034, ""C03"": 0.025244930829747034, ""C04"": 0.025244930829747034, ""C05"": 0.025244930829747034, ""C06"": 0.024281302590517927, ""C07"": 0.025244930829747034, ""C08"": 0.025244930829747034, ""C09"": 0.025244930829747034, ""C10"": 0.025244930829747034, ""C11"": 0.025244930829747034, ""C12"": 0.025244930829747034, ""C13"": 0.025244930829747034, ""C14"": 0.025244930829747034, ""C15"": 0.025244930829747034}"
43,43,1,507,1.780452,15,"{""C01"": 1.671734, ""C02"": 1.888934, ""C03"": 1.785837, ""C04"": 1.773429, ""C05"": 1.506113, ""C06"": 1.957878, ""C07"": 1.805415, ""C08"": 1.763888, ""C09"": 1.782231, ""C10"": 1.582483, ""C11"": 1.583754, ""C12"": 1.880473, ""C13"": 1.791776, ""C14"": 1.722502, ""C15"": 1.901495}","{""C01"": 0, ""C02"": 0, ""C03"": 0, ""C04"": 0, ""C05"": 0, ""C06"": 1663, ""C07"": 0, ""C08"": 0, ""C09"": 0, ""C10"": 0, ""C11"": 0, ""C12"": 0, ""C13"": 0, ""C14"": 0, ""C15"": 0}","{""C01"": 0.02524628914210504, ""C02"": 0.02524628914210504, ""C03"": 0.02524628914210504, ""C04"": 0.02524628914210504, ""C05"": 0.02524628914210504, ""C06"": 0.024283239802446323, ""C07"": 0.02524628914210504, ""C08"": 0.02524628914210504, ""C09"": 0.02524628914210504, ""C10"": 0.02524628914210504, ""C11"": 0.02524628914210504, ""C12"": 0.02524628914210504, ""C13"": 0.02524628914210504, ""C14"": 0.02524628914210504, ""C15"": 0.02524628914210504}"
44,44,1,345,1.189498,15,"{""C01"": 1.71894, ""C02"": 1.900956, ""C03"": 1.780886, ""C04"": 1.7826, ""C05"": 1.499679, ""C06"": 1.991172, ""C07"": 1.783993, ""C08"": 1.759301, ""C09"": 1.78319, ""C10"": 1.564091, ""C11"": 1.534068, ""C12"": 1.870181, ""C13"": 1.750496, ""C14"": 1.752537, ""C15"": 1.854302}","{""C01"": 0, ""C02"": 0, ""C03"": 0, ""C04"": 0, ""C05"": 0, ""C06"": 1654, ""C07"": 0, ""C08"": 0, ""C09"": 0, ""C10"": 0, ""C11"": 0, ""C12"": 0, ""C13"": 0, ""C14"": 0, ""C15"": 0}","{""C01"": 0.025257368138401626, ""C02"": 0.025257368138401626, ""C03"": 0.025257368138401626, ""C04"": 0.025257368138401626, ""C05"": 0.025257368138401626, ""C06"": 0.0242995317204643, ""C07"": 0.025257368138401626, ""C08"": 0.025257368138401626, ""C09"": 0.025257368138401626, ""C10"": 0.025257368138401626, ""C11"": 0.025257368138401626, ""C12"": 0.025257368138401626, ""C13"": 0.025257368138401626, ""C14"": 0.025257368138401626, ""C15"": 0.025257368138401626}"
45,45,1,373,1.298236,15,"{""C01"": 1.694716, ""C02"": 1.872153, ""C03"": 1.790962, ""C04"": 1.786554, ""C05"": 1.511657, ""C06"": 1.960646, ""C07"": 1.768724, ""C08"": 1.704671, ""C09"": 1.743322, ""C10"": 1.530375, ""C11"": 1.574203, ""C12"": 1.8543, ""C13"": 1.73683, ""C14"": 1.755343, ""C15"": 1.876432}","{""C01"": 0, ""C02"": 0, ""C03"": 0, ""C04"": 0, ""C05"": 0, ""C06"": 1663, ""C07"": 0, ""C08"": 0, ""C09"": 0, ""C10"": 0, ""C11"": 0, ""C12"": 0, ""C13"": 0, ""C14"": 0, ""C15"": 0}","{""C01"": 0.025247661012227543, ""C02"": 0.025247661012227543, ""C03"": 0.025247661012227543, ""C04"": 0.025247661012227543, ""C05"": 0.025247661012227543, ""C06"": 0.024284608283807678, ""C07"": 0.025247661012227543, ""C08"": 0.025247661012227543, ""C09"": 0.025247661012227543, ""C10"": 0.025247661012227543, ""C11"": 0.025247661012227543, ""C12"": 0.025247661012227543, ""C13"": 0.025247661012227543, ""C14"": 0.025247661012227543, ""C15"": 0.025247661012227543}"
46,46,1,433,1.522389,15,"{""C01"": 1.680527, ""C02"": 1.88009, ""C03"": 1.762162, ""C04"": 1.768525, ""C05"": 1.514477, ""C06"": 1.953861, ""C07"": 1.775607, ""C08"": 1.733517, ""C09"": 1.786542, ""C10"": 1.551538, ""C11"": 1.580104, ""C12"": 1.845071, ""C13"": 1.756758, ""C14"": 1.695899, ""C15"": 1.877748}","{""C01"": 0, ""C02"": 0, ""C03"": 0, ""C04"": 0, ""C05"": 0, ""C06"": 1664, ""C07"": 0, ""C08"": 0, ""C09"": 0, ""C10"": 0, ""C11"": 0, ""C12"": 0, ""C13"": 0, ""C14"": 0, ""C15"": 0}","{""C01"": 0.025244877601554347, ""C02"": 0.025244877601554347, ""C03"": 0.025244877601554347, ""C04"": 0.025244877601554347, ""C05"": 0.025244877601554347, ""C06"": 0.02428124949371672, ""C07"": 0.025244877601554347, ""C08"": 0.025244877601554347, ""C09"": 0.025244877601554347, ""C10"": 0.025244877601554347, ""C11"": 0.025244877601554347, ""C12"": 0.025244877601554347, ""C13"": 0.025244877601554347, ""C14"": 0.025244877601554347, ""C15"": 0.025244877601554347}"
47,47,1,838,2.906617,15,"{""C01"": 1.685796, ""C02"": 1.873354, ""C03"": 1.742727, ""C04"": 1.754105, ""C05"": 1.478213, ""C06"": 1.91212, ""C07"": 1.752828, ""C08"": 1.729275, ""C09"": 1.725622, ""C10"": 1.520413, ""C11"": 1.524601, ""C12"": 1.828422, ""C13"": 1.768148, ""C14"": 1.732762, ""C15"": 1.831594}","{""C01"": 0, ""C02"": 0, ""C03"": 0, ""C04"": 0, ""C05"": 0, ""C06"": 1676, ""C07"": 0, ""C08"": 0, ""C09"": 0, ""C10"": 0, ""C11"": 0, ""C12"": 0, ""C13"": 0, ""C14"": 0, ""C15"": 0}","{""C01"": 0.025230825471106014, ""C02"": 0.025230825471106014, ""C03"": 0.025230825471106014, ""C04"": 0.025230825471106014, ""C05"": 0.025230825471106014, ""C06"": 0.024260245025827257, ""C07"": 0.025230825471106014, ""C08"": 0.025230825471106014, ""C09"": 0.025230825471106014, ""C10"": 0.025230825471106014, ""C11"": 0.025230825471106014, ""C12"": 0.025230825471106014, ""C13"": 0.025230825471106014, ""C14"": 0.025230825471106014, ""C15"": 0.025230825471106014}"
48,48,1,447,1.559458,15,"{""C01"": 1.661723, ""C02"": 1.874847, ""C03"": 1.705015, ""C04"": 1.753239, ""C05"": 1.481072, ""C06"": 1.955323, ""C07"": 1.759276, ""C08"": 1.706316, ""C09"": 1.734806, ""C10"": 1.567086, ""C11"": 1.530482, ""C12"": 1.818985, ""C13"": 1.737071, ""C14"": 1.729473, ""C15"": 1.885901}","{""C01"": 0, ""C02"": 0, ""C03"": 0, ""C04"": 0, ""C05"": 0, ""C06"": 1664, ""C07"": 0, ""C08"": 0, ""C09"": 0, ""C10"": 0, ""C11"": 0, ""C12"": 0, ""C13"": 0, ""C14"": 0, ""C15"": 0}","{""C01"": 0.025245604520206244, ""C02"": 0.025245604520206244, ""C03"": 0.025245604520206244, ""C04"": 0.025245604520206244, ""C05"": 0.025245604520206244, ""C06"": 0.024281974617973195, ""C07"": 0.025245604520206244, ""C08"": 0.025245604520206244, ""C09"": 0.025245604520206244, ""C10"": 0.025245604520206244, ""C11"": 0.025245604520206244, ""C12"": 0.025245604520206244, ""C13"": 0.025245604520206244, ""C14"": 0.025245604520206244, ""C15"": 0.025245604520206244}"
49,49,1,478,1.648499,15,"{""C01"": 1.635664, ""C02"": 1.869475, ""C03"": 1.753071, ""C04"": 1.726215, ""C05"": 1.501005, ""C06"": 1.933856, ""C07"": 1.703745, ""C08"": 1.723644, ""C09"": 1.758069, ""C10"": 1.525822, ""C11"": 1.506324, ""C12"": 1.835608, ""C13"": 1.739696, ""C14"": 1.709574, ""C15"": 1.862019}","{""C01"": 0, ""C02"": 0, ""C03"": 0, ""C04"": 0, ""C05"": 0, ""C06"": 1670, ""C07"": 0, ""C08"": 0, ""C09"": 0, ""C10"": 0, ""C11"": 0, ""C12"": 0, ""C13"": 0, ""C14"": 0, ""C15"": 0}","{""C01"": 0.025238362768258638, ""C02"": 0.025238362768258638, ""C03"": 0.025238362768258638, ""C04"": 0.025238362768258638, ""C05"": 0.025238362768258638, ""C06"": 0.02427125723231335, ""C07"": 0.025238362768258638, ""C08"": 0.025238362768258638, ""C09"": 0.025238362768258638, ""C10"": 0.025238362768258638, ""C11"": 0.025238362768258638, ""C12"": 0.025238362768258638, ""C13"": 0.025238362768258638, ""C14"": 0.025238362768258638, ""C15"": 0.025238362768258638}"
50,50,1,509,1.783884,15,"{""C01"": 1.694825, ""C02"": 1.85648, ""C03"": 1.701256, ""C04"": 1.725962, ""C05"": 1.478637, ""C06"": 1.907835, ""C07"": 1.686648, ""C08"": 1.697329, ""C09"": 1.77295, ""C10"": 1.537965, ""C11"": 1.522565, ""C12"": 1.815942, ""C13"": 1.706914, ""C14"": 1.698161, ""C15"": 1.799417}","{""C01"": 0, ""C02"": 0, ""C03"": 0, ""C04"": 0, ""C05"": 0, ""C06"": 1677, ""C07"": 0, ""C08"": 0, ""C09"": 0, ""C10"": 0, ""C11"": 0, ""C12"": 0, ""C13"": 0, ""C14"": 0, ""C15"": 0}","{""C01"": 0.025229213368062456, ""C02"": 0.025229213368062456, ""C03"": 0.025229213368062456, ""C04"": 0.025229213368062456, ""C05"": 0.025229213368062456, ""C06"": 0.02425805464179645, ""C07"": 0.025229213368062456, ""C08"": 0.025229213368062456, ""C09"": 0.025229213368062456, ""C10"": 0.025229213368062456, ""C11"": 0.025229213368062456, ""C12"": 0.025229213368062456, ""C13"": 0.025229213368062456, ""C14"": 0.025229213368062456, ""C15"": 0.025229213368062456}"
51,51,1,836,2.922669,15,"{""C01"": 1.66024, ""C02"": 1.839077, ""C03"": 1.715762, ""C04"": 1.722336, ""C05"": 1.47967, ""C06"": 1.917295, ""C07"": 1.719787, ""C08"": 1.710159, ""C09"": 1.732184, ""C10"": 1.501604, ""C11"": 1.512797, ""C12"": 1.822374, ""C13"": 1.723489, ""C14"": 1.679514, ""C15"": 1.876007}","{""C01"": 0, ""C02"": 0, ""C03"": 0, ""C04"": 0, ""C05"": 0, ""C06"": 1674, ""C07"": 0, ""C08"": 0, ""C09"": 0, ""C10"": 0, ""C11"": 0, ""C12"": 0, ""C13"": 0, ""C14"": 0, ""C15"": 0}","{""C01"": 0.02523230116980496, ""C02"": 0.02523230116980496, ""C03"": 0.02523230116980496, ""C04"": 0.02523230116980496, ""C05"": 0.02523230116980496, ""C06"": 0.024262881570663426, ""C07"": 0.02523230116980496, ""C08"": 0.02523230116980496, ""C09"": 0.02523230116980496, ""C10"": 0.02523230116980496, ""C11"": 0.02523230116980496, ""C12"": 0.02523230116980496, ""C13"": 0.02523230116980496, ""C14"": 0.02523230116980496, ""C15"": 0.02523230116980496}"
52,52,1,311,1.085878,15,"{""C01"": 1.670329, ""C02"": 1.830535, ""C03"": 1.720971, ""C04"": 1.717784, ""C05"": 1.471601, ""C06"": 1.931918, ""C07"": 1.734966, ""C08"": 1.696657, ""C09"": 1.730074, ""C10"": 1.476379, ""C11"": 1.476569, ""C12"": 1.818423, ""C13"": 1.713749, ""C14"": 1.681629, ""C15"": 1.820158}","{""C01"": 0, ""C02"": 0, ""C03"": 0, ""C04"": 0, ""C05"": 0, ""C06"": 1670, ""C07"": 0, ""C08"": 0, ""C09"": 0, ""C10"": 0, ""C11"": 0, ""C12"": 0, ""C13"": 0, ""C14"": 0, ""C15"": 0}","{""C01"": 0.025237384974393387, ""C02"": 0.025237384974393387, ""C03"": 0.025237384974393387, ""C04"": 0.025237384974393387, ""C05"": 0.025237384974393387, ""C06"": 0.02427028184265356, ""C07"": 0.025237384974393387, ""C08"": 0.025237384974393387, ""C09"": 0.025237384974393387, ""C10"": 0.025237384974393387, ""C11"": 0.025237384974393387, ""C12"": 0.025237384974393387, ""C13"": 0.025237384974393387, ""C14"": 0.025237384974393387, ""C15"": 0.025237384974393387}"
53,53,1,825,2.898107,15,"{""C01"": 1.647102, ""C02"": 1.851977, ""C03"": 1.70064, ""C04"": 1.695857, ""C05"": 1.44761, ""C06"": 1.89371, ""C07"": 1.747298, ""C08"": 1.681187, ""C09"": 1.743728, ""C10"": 1.5172, ""C11"": 1.476431, ""C12"": 1.78979, ""C13"": 1.725101, ""C14"": 1.683306, ""C15"": 1.820931}","{""C01"": 0, ""C02"": 0, ""C03"": 0, ""C04"": 0, ""C05"": 0, ""C06"": 1681, ""C07"": 0, ""C08"": 0, ""C09"": 0, ""C10"": 0, ""C11"": 0, ""C12"": 0, ""C13"": 0, ""C14"": 0, ""C15"": 0}","{""C01"": 0.025224263918025347, ""C02"": 0.025224263918025347, ""C03"": 0.025224263918025347, ""C04"": 0.025224263918025347, ""C05"": 0.025224263918025347, ""C06"": 0.024250788395737088, ""C07"": 0.025224263918025347, ""C08"": 0.025224263918025347, ""C09"": 0.025224263918025347, ""C10"": 0.025224263918025347, ""C11"": 0.025224263918025347, ""C12"": 0.025224263918025347, ""C13"": 0.025224263918025347, ""C14"": 0.025224263918025347, ""C15"": 0.025224263918025347}"
54,54,1,473,1.643296,15,"{""C01"": 1.650278, ""C02"": 1.837892, ""C03"": 1.750132, ""C04"": 1.728179, ""C05"": 1.445201, ""C06"": 1.90071, ""C07"": 1.71254, ""C08"": 1.658811, ""C09"": 1.716465, ""C10"": 1.474019, ""C11"": 1.48998, ""C12"": 1.78767, ""C13"": 1.662982, ""C14"": 1.68715, ""C15"": 1.784536}","{""C01"": 0, ""C02"": 0, ""C03"": 0, ""C04"": 0, ""C05"": 0, ""C06"": 1679, ""C07"": 0, ""C08"": 0, ""C09"": 0, ""C10"": 0, ""C11"": 0, ""C12"": 0, ""C13"": 0, ""C14"": 0, ""C15"": 0}","{""C01"": 0.02522671530064141, ""C02"": 0.02522671530064141, ""C03"": 0.02522671530064141, ""C04"": 0.02522671530064141, ""C05"": 0.02522671530064141, ""C06"": 0.024254398233584697, ""C07"": 0.02522671530064141, ""C08"": 0.02522671530064141, ""C09"": 0.02522671530064141, ""C10"": 0.02522671530064141, ""C11"": 0.02522671530064141, ""C12"": 0.02522671530064141, ""C13"": 0.02522671530064141, ""C14"": 0.02522671530064141, ""C15"": 0.02522671530064141}"
55,55,1,308,1.803232,15,"{""C01"": 1.654548, ""C02"": 1.820876, ""C03"": 1.687835, ""C04"": 1.715612, ""C05"": 1.438163, ""C06"": 1.927053, ""C07"": 1.744455, ""C08"": 1.705418, ""C09"": 1.742852, ""C10"": 1.486236, ""C11"": 1.495027, ""C12"": 1.803545, ""C13"": 1.660717, ""C14"": 1.713481, ""C15"": 1.809866}","{""C01"": 0, ""C02"": 0, ""C03"": 0, ""C04"": 0, ""C05"": 0, ""C06"": 1672, ""C07"": 0, ""C08"": 0, ""C09"": 0, ""C10"": 0, ""C11"": 0, ""C12"": 0, ""C13"": 0, ""C14"": 0, ""C15"": 0}","{""C01"": 0.02523609260445532, ""C02"": 0.02523609260445532, ""C03"": 0.02523609260445532, ""C04"": 0.02523609260445532, ""C05"": 0.02523609260445532, ""C06"": 0.024267828171044826, ""C07"": 0.02523609260445532, ""C08"": 0.02523609260445532, ""C09"": 0.02523609260445532, ""C10"": 0.02523609260445532, ""C11"": 0.02523609260445532, ""C12"": 0.02523609260445532, ""C13"": 0.02523609260445532, ""C14"": 0.02523609260445532, ""C15"": 0.02523609260445532}"
56,56,1,844,3.532526,15,"{""C01"": 1.642584, ""C02"": 1.869652, ""C03"": 1.724878, ""C04"": 1.709172, ""C05"": 1.443966, ""C06"": 1.906413, ""C07"": 1.731592, ""C08"": 1.685726, ""C09"": 1.742887, ""C10"": 1.503325, ""C11"": 1.483852, ""C12"": 1.799932, ""C13"": 1.672745, ""C14"": 1.718278, ""C15"": 1.83461}","{""C01"": 0, ""C02"": 0, ""C03"": 0, ""C04"": 0, ""C05"": 0, ""C06"": 1677, ""C07"": 0, ""C08"": 0, ""C09"": 0, ""C10"": 0, ""C11"": 0, ""C12"": 0, ""C13"": 0, ""C14"": 0, ""C15"": 0}","{""C01"": 0.025228483142257674, ""C02"": 0.025228483142257674, ""C03"": 0.025228483142257674, ""C04"": 0.025228483142257674, ""C05"": 0.025228483142257674, ""C06"": 0.024257326203247512, ""C07"": 0.025228483142257674, ""C08"": 0.025228483142257674, ""C09"": 0.025228483142257674, ""C10"": 0.025228483142257674, ""C11"": 0.025228483142257674, ""C12"": 0.025228483142257674, ""C13"": 0.025228483142257674, ""C14"": 0.025228483142257674, ""C15"": 0.025228483142257674}"
57,57,1,435,1.572633,15,"{""C01"": 1.667127, ""C02"": 1.855687, ""C03"": 1.695348, ""C04"": 1.733111, ""C05"": 1.457701, ""C06"": 1.925839, ""C07"": 1.720792, ""C08"": 1.719607, ""C09"": 1.740759, ""C10"": 1.507025, ""C11"": 1.495308, ""C12"": 1.792238, ""C13"": 1.70354, ""C14"": 1.694781, ""C15"": 1.821156}","{""C01"": 0, ""C02"": 0, ""C03"": 0, ""C04"": 0, ""C05"": 0, ""C06"": 1672, ""C07"": 0, ""C08"": 0, ""C09"": 0, ""C10"": 0, ""C11"": 0, ""C12"": 0, ""C13"": 0, ""C14"": 0, ""C15"": 0}","{""C01"": 0.02523547744510765, ""C02"": 0.02523547744510765, ""C03"": 0.02523547744510765, ""C04"": 0.02523547744510765, ""C05"": 0.02523547744510765, ""C06"": 0.02426721452230342, ""C07"": 0.02523547744510765, ""C08"": 0.02523547744510765, ""C09"": 0.02523547744510765, ""C10"": 0.02523547744510765, ""C11"": 0.02523547744510765, ""C12"": 0.02523547744510765, ""C13"": 0.02523547744510765, ""C14"": 0.02523547744510765, ""C15"": 0.02523547744510765}"
58,58,1,796,3.855560,15,"{""C01"": 1.651119, ""C02"": 1.871584, ""C03"": 1.708862, ""C04"": 1.736948, ""C05"": 1.470372, ""C06"": 1.915846, ""C07"": 1.729818, ""C08"": 1.664694, ""C09"": 1.734786, ""C10"": 1.46668, ""C11"": 1.518566, ""C12"": 1.772646, ""C13"": 1.726074, ""C14"": 1.711788, ""C15"": 1.811403}","{""C01"": 0, ""C02"": 0, ""C03"": 0, ""C04"": 0, ""C05"": 0, ""C06"": 1675, ""C07"": 0, ""C08"": 0, ""C09"": 0, ""C10"": 0, ""C11"": 0, ""C12"": 0, ""C13"": 0, ""C14"": 0, ""C15"": 0}","{""C01"": 0.025232145851159557, ""C02"": 0.025232145851159557, ""C03"": 0.025232145851159557, ""C04"": 0.025232145851159557, ""C05"": 0.025232145851159557, ""C06"": 0.02426214440054, ""C07"": 0.025232145851159557, ""C08"": 0.025232145851159557, ""C09"": 0.025232145851159557, ""C10"": 0.025232145851159557, ""C11"": 0.025232145851159557, ""C12"": 0.025232145851159557, ""C13"": 0.025232145851159557, ""C14"": 0.025232145851159557, ""C15"": 0.025232145851159557}"
59,59,1,643,2.244626,15,"{""C01"": 1.706352, ""C02"": 1.842733, ""C03"": 1.746157, ""C04"": 1.724348, ""C05"": 1.443545, ""C06"": 1.893309, ""C07"": 1.736515, ""C08"": 1.690461, ""C09"": 1.757024, ""C10"": 1.476915, ""C11"": 1.508306, ""C12"": 1.761993, ""C13"": 1.712203, ""C14"": 1.656016, ""C15"": 1.854475}","{""C01"": 0, ""C02"": 0, ""C03"": 0, ""C04"": 0, ""C05"": 0, ""C06"": 1681, ""C07"": 0, ""C08"": 0, ""C09"": 0, ""C10"": 0, ""C11"": 0, ""C12"": 0, ""C13"": 0, ""C14"": 0, ""C15"": 0}","{""C01"": 0.025224056061348185, ""C02"": 0.025224056061348185, ""C03"": 0.025224056061348185, ""C04"": 0.025224056061348185, ""C05"": 0.025224056061348185, ""C06"": 0.024250581046478824, ""C07"": 0.025224056061348185, ""C08"": 0.025224056061348185, ""C09"": 0.025224056061348185, ""C10"": 0.025224056061348185, ""C11"": 0.025224056061348185, ""C12"": 0.025224056061348185, ""C13"": 0.025224056061348185, ""C14"": 0.025224056061348185, ""C15"": 0.025224056061348185}"
60,60,1,450,1.554676,15,"{""C01"": 1.696153, ""C02"": 1.838732, ""C03"": 1.763162, ""C04"": 1.748207, ""C05"": 1.467017, ""C06"": 1.935439, ""C07"": 1.758045, ""C08"": 1.720348, ""C09"": 1.770906, ""C10"": 1.478139, ""C11"": 1.518769, ""C12"": 1.811193, ""C13"": 1.708899, ""C14"": 1.717013, ""C15"": 1.866362}","{""C01"": 0, ""C02"": 0, ""C03"": 0, ""C04"": 0, ""C05"": 0, ""C06"": 1669, ""C07"": 0, ""C08"": 0, ""C09"": 0, ""C10"": 0, ""C11"": 0, ""C12"": 0, ""C13"": 0, ""C14"": 0, ""C15"": 0}","{""C01"": 0.025238576529205956, ""C02"": 0.025238576529205956, ""C03"": 0.025238576529205956, ""C04"": 0.025238576529205956, ""C05"": 0.025238576529205956, ""C06"": 0.024272052709186333, ""C07"": 0.025238576529205956, ""C08"": 0.025238576529205956, ""C09"": 0.025238576529205956, ""C10"": 0.025238576529205956, ""C11"": 0.025238576529205956, ""C12"": 0.025238576529205956, ""C13"": 0.025238576529205956, ""C14"": 0.025238576529205956, ""C15"": 0.025238576529205956}"
61,61,1,216,0.739891,15,"{""C01"": 1.664671, ""C02"": 1.916693, ""C03"": 1.750166, ""C04"": 1.769637, ""C05"": 1.463508, ""C06"": 1.931006, ""C07"": 1.750646, ""C08"": 1.724563, ""C09"": 1.748605, ""C10"": 1.521948, ""C11"": 1.521706, ""C12"": 1.834365, ""C13"": 1.723155, ""C14"": 1.726067, ""C15"": 1.844156}","{""C01"": 0, ""C02"": 757, ""C03"": 0, ""C04"": 0, ""C05"": 0, ""C06"": 919, ""C07"": 0, ""C08"": 0, ""C09"": 0, ""C10"": 0, ""C11"": 0, ""C12"": 0, ""C13"": 0, ""C14"": 0, ""C15"": 0}","{""C01"": 0.025237151544415665, ""C02"": 0.02479875940809925, ""C03"": 0.025237151544415665, ""C04"": 0.025237151544415665, ""C05"": 0.025237151544415665, ""C06"": 0.024704965523720167, ""C07"": 0.025237151544415665, ""C08"": 0.025237151544415665, ""C09"": 0.025237151544415665, ""C10"": 0.025237151544415665, ""C11"": 0.025237151544415665, ""C12"": 0.025237151544415665, ""C13"": 0.025237151544415665, ""C14"": 0.025237151544415665, ""C15"": 0.025237151544415665}"
62,62,1,234,0.814350,15,"{""C01"": 1.674183, ""C02"": 1.914785, ""C03"": 1.752776, ""C04"": 1.74112, ""C05"": 1.446583, ""C06"": 1.909458, ""C07"": 1.755258, ""C08"": 1.772366, ""C09"": 1.777054, ""C10"": 1.506768, ""C11"": 1.527395, ""C12"": 1.82134, ""C13"": 1.715583, ""C14"": 1.752118, ""C15"": 1.845878}","{""C01"": 0, ""C02"": 897, ""C03"": 0, ""C04"": 0, ""C05"": 0, ""C06"": 780, ""C07"": 0, ""C08"": 0, ""C09"": 0, ""C10"": 0, ""C11"": 0, ""C12"": 0, ""C13"": 0, ""C14"": 0, ""C15"": 0}","{""C01"": 0.025231504835469196, ""C02"": 0.024712059427716197, ""C03"": 0.025231504835469196, ""C04"": 0.025231504835469196, ""C05"": 0.025231504835469196, ""C06"": 0.024779803232619062, ""C07"": 0.025231504835469196, ""C08"": 0.025231504835469196, ""C09"": 0.025231504835469196, ""C10"": 0.025231504835469196, ""C11"": 0.025231504835469196, ""C12"": 0.025231504835469196, ""C13"": 0.025231504835469196, ""C14"": 0.025231504835469196, ""C15"": 0.025231504835469196}"
63,63,1,482,1.670255,15,"{""C01"": 1.736475, ""C02"": 1.890257, ""C03"": 1.720193, ""C04"": 1.758921, ""C05"": 1.479433, ""C06"": 1.947887, ""C07"": 1.764058, ""C08"": 1.721985, ""C09"": 1.80046, ""C10"": 1.510449, ""C11"": 1.551928, ""C12"": 1.827808, ""C13"": 1.714278, ""C14"": 1.74039, ""C15"": 1.831006}","{""C01"": 0, ""C02"": 0, ""C03"": 0, ""C04"": 0, ""C05"": 0, ""C06"": 1666, ""C07"": 0, ""C08"": 0, ""C09"": 0, ""C10"": 0, ""C11"": 0, ""C12"": 0, ""C13"": 0, ""C14"": 0, ""C15"": 0}","{""C01"": 0.025243067909276815, ""C02"": 0.025243067909276815, ""C03"": 0.025243067909276815, ""C04"": 0.025243067909276815, ""C05"": 0.025243067909276815, ""C06"": 0.024278279764891234, ""C07"": 0.025243067909276815, ""C08"": 0.025243067909276815, ""C09"": 0.025243067909276815, ""C10"": 0.025243067909276815, ""C11"": 0.025243067909276815, ""C12"": 0.025243067909276815, ""C13"": 0.025243067909276815, ""C14"": 0.025243067909276815, ""C15"": 0.025243067909276815}"
64,64,1,453,2.775900,15,"{""C01"": 1.71415, ""C02"": 1.886653, ""C03"": 1.745518, ""C04"": 1.779504, ""C05"": 1.504454, ""C06"": 1.954049, ""C07"": 1.78302, ""C08"": 1.728468, ""C09"": 1.791269, ""C10"": 1.524073, ""C11"": 1.538657, ""C12"": 1.873939, ""C13"": 1.749331, ""C14"": 1.750337, ""C15"": 1.842038}","{""C01"": 0, ""C02"": 0, ""C03"": 0, ""C04"": 0, ""C05"": 0, ""C06"": 1664, ""C07"": 0, ""C08"": 0, ""C09"": 0, ""C10"": 0, ""C11"": 0, ""C12"": 0, ""C13"": 0, ""C14"": 0, ""C15"": 0}","{""C01"": 0.025244971121159865, ""C02"": 0.025244971121159865, ""C03"": 0.025244971121159865, ""C04"": 0.025244971121159865, ""C05"": 0.025244971121159865, ""C06"": 0.024281342782473025, ""C07"": 0.025244971121159865, ""C08"": 0.025244971121159865, ""C09"": 0.025244971121159865, ""C10"": 0.025244971121159865, ""C11"": 0.025244971121159865, ""C12"": 0.025244971121159865, ""C13"": 0.025244971121159865, ""C14"": 0.025244971121159865, ""C15"": 0.025244971121159865}"
65,65,1,794,2.776909,15,"{""C01"": 1.685883, ""C02"": 1.915, ""C03"": 1.765665, ""C04"": 1.776855, ""C05"": 1.504795, ""C06"": 1.955494, ""C07"": 1.793712, ""C08"": 1.770852, ""C09"": 1.802892, ""C10"": 1.513974, ""C11"": 1.580222, ""C12"": 1.850318, ""C13"": 1.762496, ""C14"": 1.734205, ""C15"": 1.867311}","{""C01"": 0, ""C02"": 0, ""C03"": 0, ""C04"": 0, ""C05"": 0, ""C06"": 1664, ""C07"": 0, ""C08"": 0, ""C09"": 0, ""C10"": 0, ""C11"": 0, ""C12"": 0, ""C13"": 0, ""C14"": 0, ""C15"": 0}","{""C01"": 0.025245689491070297, ""C02"": 0.025245689491070297, ""C03"": 0.025245689491070297, ""C04"": 0.025245689491070297, ""C05"": 0.025245689491070297, ""C06"": 0.02428205937908295, ""C07"": 0.025245689491070297, ""C08"": 0.025245689491070297, ""C09"": 0.025245689491070297, ""C10"": 0.025245689491070297, ""C11"": 0.025245689491070297, ""C12"": 0.025245689491070297, ""C13"": 0.025245689491070297, ""C14"": 0.025245689491070297, ""C15"": 0.025245689491070297}"
66,66,1,495,1.726580,15,"{""C01"": 1.738417, ""C02"": 1.921589, ""C03"": 1.76849, ""C04"": 1.794449, ""C05"": 1.496836, ""C06"": 1.976259, ""C07"": 1.812822, ""C08"": 1.783752, ""C09"": 1.784309, ""C10"": 1.525778, ""C11"": 1.542278, ""C12"": 1.841173, ""C13"": 1.770038, ""C14"": 1.80536, ""C15"": 1.866159}","{""C01"": 0, ""C02"": 0, ""C03"": 0, ""C04"": 0, ""C05"": 0, ""C06"": 1658, ""C07"": 0, ""C08"": 0, ""C09"": 0, ""C10"": 0, ""C11"": 0, ""C12"": 0, ""C13"": 0, ""C14"": 0, ""C15"": 0}","{""C01"": 0.025252432121189036, ""C02"": 0.025252432121189036, ""C03"": 0.025252432121189036, ""C04"": 0.025252432121189036, ""C05"": 0.025252432121189036, ""C06"": 0.02429227887956679, ""C07"": 0.025252432121189036, ""C08"": 0.025252432121189036, ""C09"": 0.025252432121189036, ""C10"": 0.025252432121189036, ""C11"": 0.025252432121189036, ""C12"": 0.025252432121189036, ""C13"": 0.025252432121189036, ""C14"": 0.025252432121189036, ""C15"": 0.025252432121189036}"
67,67,1,951,3.319693,15,"{""C01"": 1.719303, ""C02"": 1.95025, ""C03"": 1.775771, ""C04"": 1.794522, ""C05"": 1.564172, ""C06"": 1.97078, ""C07"": 1.777284, ""C08"": 1.756855, ""C09"": 1.834517, ""C10"": 1.532851, ""C11"": 1.529701, ""C12"": 1.898718, ""C13"": 1.736581, ""C14"": 1.820331, ""C15"": 1.850135}","{""C01"": 0, ""C02"": 0, ""C03"": 0, ""C04"": 0, ""C05"": 0, ""C06"": 1660, ""C07"": 0, ""C08"": 0, ""C09"": 0, ""C10"": 0, ""C11"": 0, ""C12"": 0, ""C13"": 0, ""C14"": 0, ""C15"": 0}","{""C01"": 0.025250910266769802, ""C02"": 0.025250910266769802, ""C03"": 0.025250910266769802, ""C04"": 0.025250910266769802, ""C05"": 0.025250910266769802, ""C06"": 0.02428959627111149, ""C07"": 0.025250910266769802, ""C08"": 0.025250910266769802, ""C09"": 0.025250910266769802, ""C10"": 0.025250910266769802, ""C11"": 0.025250910266769802, ""C12"": 0.025250910266769802, ""C13"": 0.025250910266769802, ""C14"": 0.025250910266769802, ""C15"": 0.025250910266769802}"
68,68,1,409,1.401332,15,"{""C01"": 1.778084, ""C02"": 1.902276, ""C03"": 1.765478, ""C04"": 1.788336, ""C05"": 1.506553, ""C06"": 1.986709, ""C07"": 1.816669, ""C08"": 1.760583, ""C09"": 1.807638, ""C10"": 1.503719, ""C11"": 1.524867, ""C12"": 1.90723, ""C13"": 1.79733, ""C14"": 1.793087, ""C15"": 1.883562}","{""C01"": 0, ""C02"": 0, ""C03"": 0, ""C04"": 0, ""C05"": 0, ""C06"": 1656, ""C07"": 0, ""C08"": 0, ""C09"": 0, ""C10"": 0, ""C11"": 0, ""C12"": 0, ""C13"": 0, ""C14"": 0, ""C15"": 0}","{""C01"": 0.02525636736437964, ""C02"": 0.02525636736437964, ""C03"": 0.02525636736437964, ""C04"": 0.02525636736437964, ""C05"": 0.02525636736437964, ""C06"": 0.024297368893670585, ""C07"": 0.02525636736437964, ""C08"": 0.02525636736437964, ""C09"": 0.02525636736437964, ""C10"": 0.02525636736437964, ""C11"": 0.02525636736437964, ""C12"": 0.02525636736437964, ""C13"": 0.02525636736437964, ""C14"": 0.02525636736437964, ""C15"": 0.02525636736437964}"
69,69,1,172,0.589472,15,"{""C01"": 1.764034, ""C02"": 1.969399, ""C03"": 1.782495, ""C04"": 1.801067, ""C05"": 1.528018, ""C06"": 1.974665, ""C07"": 1.788266, ""C08"": 1.756035, ""C09"": 1.816966, ""C10"": 1.507863, ""C11"": 1.573667, ""C12"": 1.861714, ""C13"": 1.778008, ""C14"": 1.787634, ""C15"": 1.866841}","{""C01"": 0, ""C02"": 810, ""C03"": 0, ""C04"": 0, ""C05"": 0, ""C06"": 851, ""C07"": 0, ""C08"": 0, ""C09"": 0, ""C10"": 0, ""C11"": 0, ""C12"": 0, ""C13"": 0, ""C14"": 0, ""C15"": 0}","{""C01"": 0.025252141102230813, ""C02"": 0.024783065854696144, ""C03"": 0.025252141102230813, ""C04"": 0.025252141102230813, ""C05"": 0.025252141102230813, ""C06"": 0.024759334310167986, ""C07"": 0.025252141102230813, ""C08"": 0.025252141102230813, ""C09"": 0.025252141102230813, ""C10"": 0.025252141102230813, ""C11"": 0.025252141102230813, ""C12"": 0.025252141102230813, ""C13"": 0.025252141102230813, ""C14"": 0.025252141102230813, ""C15"": 0.025252141102230813}"
70,70,1,811,2.800480,15,"{""C01"": 1.771608, ""C02"": 1.965971, ""C03"": 1.714062, ""C04"": 1.809519, ""C05"": 1.518246, ""C06"": 2.009821, ""C07"": 1.797057, ""C08"": 1.794295, ""C09"": 1.798931, ""C10"": 1.52359, ""C11"": 1.589068, ""C12"": 1.886781, ""C13"": 1.782778, ""C14"": 1.802189, ""C15"": 1.871103}","{""C01"": 0, ""C02"": 0, ""C03"": 0, ""C04"": 0, ""C05"": 0, ""C06"": 1650, ""C07"": 0, ""C08"": 0, ""C09"": 0, ""C10"": 0, ""C11"": 0, ""C12"": 0, ""C13"": 0, ""C14"": 0, ""C15"": 0}","{""C01"": 0.02526402585974294, ""C02"": 0.02526402585974294, ""C03"": 0.02526402585974294, ""C04"": 0.02526402585974294, ""C05"": 0.02526402585974294, ""C06"": 0.02430850197475926, ""C07"": 0.02526402585974294, ""C08"": 0.02526402585974294, ""C09"": 0.02526402585974294, ""C10"": 0.02526402585974294, ""C11"": 0.02526402585974294, ""C12"": 0.02526402585974294, ""C13"": 0.02526402585974294, ""C14"": 0.02526402585974294, ""C15"": 0.02526402585974294}"
71,71,1,292,1.005186,15,"{""C01"": 1.731144, ""C02"": 1.960696, ""C03"": 1.768074, ""C04"": 1.807148, ""C05"": 1.500583, ""C06"": 1.947017, ""C07"": 1.803842, ""C08"": 1.782365, ""C09"": 1.855368, ""C10"": 1.523365, ""C11"": 1.559357, ""C12"": 1.892821, ""C13"": 1.783708, ""C14"": 1.810328, ""C15"": 1.896915}","{""C01"": 0, ""C02"": 918, ""C03"": 0, ""C04"": 0, ""C05"": 0, ""C06"": 750, ""C07"": 0, ""C08"": 0, ""C09"": 0, ""C10"": 0, ""C11"": 0, ""C12"": 0, ""C13"": 0, ""C14"": 0, ""C15"": 0}","{""C01"": 0.0252475500667258, ""C02"": 0.02471594138380204, ""C03"": 0.0252475500667258, ""C04"": 0.0252475500667258, ""C05"": 0.0252475500667258, ""C06"": 0.02481321182424926, ""C07"": 0.0252475500667258, ""C08"": 0.0252475500667258, ""C09"": 0.0252475500667258, ""C10"": 0.0252475500667258, ""C11"": 0.0252475500667258, ""C12"": 0.0252475500667258, ""C13"": 0.0252475500667258, ""C14"": 0.0252475500667258, ""C15"": 0.0252475500667258}"
72,72,1,787,2.717450,15,"{""C01"": 1.750593, ""C02"": 1.938099, ""C03"": 1.774619, ""C04"": 1.828493, ""C05"": 1.549041, ""C06"": 1.983587, ""C07"": 1.828613, ""C08"": 1.725405, ""C09"": 1.809872, ""C10"": 1.4869, ""C11"": 1.628886, ""C12"": 1.873177, ""C13"": 1.786784, ""C14"": 1.792938, ""C15"": 1.862427}","{""C01"": 0, ""C02"": 0, ""C03"": 0, ""C04"": 0, ""C05"": 0, ""C06"": 1656, ""C07"": 0, ""C08"": 0, ""C09"": 0, ""C10"": 0, ""C11"": 0, ""C12"": 0, ""C13"": 0, ""C14"": 0, ""C15"": 0}","{""C01"": 0.025254846443348106, ""C02"": 0.025254846443348106, ""C03"": 0.025254846443348106, ""C04"": 0.025254846443348106, ""C05"": 0.025254846443348106, ""C06"": 0.024295851746937134, ""C07"": 0.025254846443348106, ""C08"": 0.025254846443348106, ""C09"": 0.025254846443348106, ""C10"": 0.025254846443348106, ""C11"": 0.025254846443348106, ""C12"": 0.025254846443348106, ""C13"": 0.025254846443348106, ""C14"": 0.025254846443348106, ""C15"": 0.025254846443348106}"
73,73,1,506,1.740443,15,"{""C01"": 1.764858, ""C02"": 1.92695, ""C03"": 1.754361, ""C04"": 1.775597, ""C05"": 1.514052, ""C06"": 1.979848, ""C07"": 1.789066, ""C08"": 1.819446, ""C09"": 1.810412, ""C10"": 1.547399, ""C11"": 1.551924, ""C12"": 1.902733, ""C13"": 1.779783, ""C14"": 1.798067, ""C15"": 1.873146}","{""C01"": 0, ""C02"": 0, ""C03"": 0, ""C04"": 0, ""C05"": 0, ""C06"": 1657, ""C07"": 0, ""C08"": 0, ""C09"": 0, ""C10"": 0, ""C11"": 0, ""C12"": 0, ""C13"": 0, ""C14"": 0, ""C15"": 0}","{""C01"": 0.02525360479230733, ""C02"": 0.02525360479230733, ""C03"": 0.02525360479230733, ""C04"": 0.02525360479230733, ""C05"": 0.02525360479230733, ""C06"": 0.024294030908813498, ""C07"": 0.02525360479230733, ""C08"": 0.02525360479230733, ""C09"": 0.02525360479230733, ""C10"": 0.02525360479230733, ""C11"": 0.02525360479230733, ""C12"": 0.02525360479230733, ""C13"": 0.02525360479230733, ""C14"": 0.02525360479230733, ""C15"": 0.02525360479230733}"
74,74,1,478,1.686843,15,"{""C01"": 1.760603, ""C02"": 1.931386, ""C03"": 1.74636, ""C04"": 1.788213, ""C05"": 1.516576, ""C06"": 1.987767, ""C07"": 1.80264, ""C08"": 1.788297, ""C09"": 1.829669, ""C10"": 1.488416, ""C11"": 1.573993, ""C12"": 1.900711, ""C13"": 1.780838, ""C14"": 1.784287, ""C15"": 1.880047}","{""C01"": 0, ""C02"": 0, ""C03"": 0, ""C04"": 0, ""C05"": 0, ""C06"": 1655, ""C07"": 0, ""C08"": 0, ""C09"": 0, ""C10"": 0, ""C11"": 0, ""C12"": 0, ""C13"": 0, ""C14"": 0, ""C15"": 0}","{""C01"": 0.025256298096369437, ""C02"": 0.025256298096369437, ""C03"": 0.025256298096369437, ""C04"": 0.025256298096369437, ""C05"": 0.025256298096369437, ""C06"": 0.02429788206547695, ""C07"": 0.025256298096369437, ""C08"": 0.025256298096369437, ""C09"": 0.025256298096369437, ""C10"": 0.025256298096369437, ""C11"": 0.025256298096369437, ""C12"": 0.025256298096369437, ""C13"": 0.025256298096369437, ""C14"": 0.025256298096369437, ""C15"": 0.025256298096369437}"
75,75,1,896,4.747165,15,"{""C01"": 1.746834, ""C02"": 1.939148, ""C03"": 1.778575, ""C04"": 1.801213, ""C05"": 1.511684, ""C06"": 1.964674, ""C07"": 1.817456, ""C08"": 1.730749, ""C09"": 1.807004, ""C10"": 1.482783, ""C11"": 1.554028, ""C12"": 1.852476, ""C13"": 1.729822, ""C14"": 1.793897, ""C15"": 1.857708}","{""C01"": 0, ""C02"": 0, ""C03"": 0, ""C04"": 0, ""C05"": 0, ""C06"": 1661, ""C07"": 0, ""C08"": 0, ""C09"": 0, ""C10"": 0, ""C11"": 0, ""C12"": 0, ""C13"": 0, ""C14"": 0, ""C15"": 0}","{""C01"": 0.02524848495179141, ""C02"": 0.02524848495179141, ""C03"": 0.02524848495179141, ""C04"": 0.02524848495179141, ""C05"": 0.02524848495179141, ""C06"": 0.024286594697995368, ""C07"": 0.02524848495179141, ""C08"": 0.02524848495179141, ""C09"": 0.02524848495179141, ""C10"": 0.02524848495179141, ""C11"": 0.02524848495179141, ""C12"": 0.02524848495179141, ""C13"": 0.02524848495179141, ""C14"": 0.02524848495179141, ""C15"": 0.02524848495179141}"
76,76,1,795,3.059667,15,"{""C01"": 1.779013, ""C02"": 1.926898, ""C03"": 1.757729, ""C04"": 1.764596, ""C05"": 1.473933, ""C06"": 1.968018, ""C07"": 1.762121, ""C08"": 1.746348, ""C09"": 1.783996, ""C10"": 1.501783, ""C11"": 1.553078, ""C12"": 1.880679, ""C13"": 1.752535, ""C14"": 1.818286, ""C15"": 1.860403}","{""C01"": 0, ""C02"": 0, ""C03"": 0, ""C04"": 0, ""C05"": 0, ""C06"": 1661, ""C07"": 0, ""C08"": 0, ""C09"": 0, ""C10"": 0, ""C11"": 0, ""C12"": 0, ""C13"": 0, ""C14"": 0, ""C15"": 0}","{""C01"": 0.025250134507860067, ""C02"": 0.025250134507860067, ""C03"": 0.025250134507860067, ""C04"": 0.025250134507860067, ""C05"": 0.025250134507860067, ""C06"": 0.024288240174033294, ""C07"": 0.025250134507860067, ""C08"": 0.025250134507860067, ""C09"": 0.025250134507860067, ""C10"": 0.025250134507860067, ""C11"": 0.025250134507860067, ""C12"": 0.025250134507860067, ""C13"": 0.025250134507860067, ""C14"": 0.025250134507860067, ""C15"": 0.025250134507860067}"
77,77,1,425,1.457621,15,"{""C01"": 1.756993, ""C02"": 1.890986, ""C03"": 1.723937, ""C04"": 1.775886, ""C05"": 1.464758, ""C06"": 1.966594, ""C07"": 1.786885, ""C08"": 1.76139, ""C09"": 1.82416, ""C10"": 1.498134, ""C11"": 1.554603, ""C12"": 1.857416, ""C13"": 1.760856, ""C14"": 1.800301, ""C15"": 1.844042}","{""C01"": 0, ""C02"": 0, ""C03"": 0, ""C04"": 0, ""C05"": 0, ""C06"": 1661, ""C07"": 0, ""C08"": 0, ""C09"": 0, ""C10"": 0, ""C11"": 0, ""C12"": 0, ""C13"": 0, ""C14"": 0, ""C15"": 0}","{""C01"": 0.025249432565361565, ""C02"": 0.025249432565361565, ""C03"": 0.025249432565361565, ""C04"": 0.025249432565361565, ""C05"": 0.025249432565361565, ""C06"": 0.024287539967766034, ""C07"": 0.025249432565361565, ""C08"": 0.025249432565361565, ""C09"": 0.025249432565361565, ""C10"": 0.025249432565361565, ""C11"": 0.025249432565361565, ""C12"": 0.025249432565361565, ""C13"": 0.025249432565361565, ""C14"": 0.025249432565361565, ""C15"": 0.025249432565361565}"
78,78,1,486,1.665711,15,"{""C01"": 1.714593, ""C02"": 1.894661, ""C03"": 1.730487, ""C04"": 1.765775, ""C05"": 1.502213, ""C06"": 1.958778, ""C07"": 1.785763, ""C08"": 1.730182, ""C09"": 1.79658, ""C10"": 1.440312, ""C11"": 1.504202, ""C12"": 1.858005, ""C13"": 1.724057, ""C14"": 1.748593, ""C15"": 1.828681}","{""C01"": 0, ""C02"": 0, ""C03"": 0, ""C04"": 0, ""C05"": 0, ""C06"": 1663, ""C07"": 0, ""C08"": 0, ""C09"": 0, ""C10"": 0, ""C11"": 0, ""C12"": 0, ""C13"": 0, ""C14"": 0, ""C15"": 0}","{""C01"": 0.025246735508270446, ""C02"": 0.025246735508270446, ""C03"": 0.025246735508270446, ""C04"": 0.025246735508270446, ""C05"": 0.025246735508270446, ""C06"": 0.02428368506603249, ""C07"": 0.025246735508270446, ""C08"": 0.025246735508270446, ""C09"": 0.025246735508270446, ""C10"": 0.025246735508270446, ""C11"": 0.025246735508270446, ""C12"": 0.025246735508270446, ""C13"": 0.025246735508270446, ""C14"": 0.025246735508270446, ""C15"": 0.025246735508270446}"
79,79,1,260,0.902989,15,"{""C01"": 1.71997, ""C02"": 1.921237, ""C03"": 1.728544, ""C04"": 1.771188, ""C05"": 1.458249, ""C06"": 1.930714, ""C07"": 1.754589, ""C08"": 1.719144, ""C09"": 1.797598, ""C10"": 1.488775, ""C11"": 1.523459, ""C12"": 1.830002, ""C13"": 1.738421, ""C14"": 1.772335, ""C15"": 1.864713}","{""C01"": 0, ""C02"": 769, ""C03"": 0, ""C04"": 0, ""C05"": 0, ""C06"": 905, ""C07"": 0, ""C08"": 0, ""C09"": 0, ""C10"": 0, ""C11"": 0, ""C12"": 0, ""C13"": 0, ""C14"": 0, ""C15"": 0}","{""C01"": 0.025236908427840835, ""C02"": 0.02479157116131627, ""C03"": 0.025236908427840835, ""C04"": 0.025236908427840835, ""C05"": 0.025236908427840835, ""C06"": 0.024712831170262323, ""C07"": 0.025236908427840835, ""C08"": 0.025236908427840835, ""C09"": 0.025236908427840835, ""C10"": 0.025236908427840835, ""C11"": 0.025236908427840835, ""C12"": 0.025236908427840835, ""C13"": 0.025236908427840835, ""C14"": 0.025236908427840835, ""C15"": 0.025236908427840835}"
80,80,1,924,3.195774,15,"{""C01"": 1.716487, ""C02"": 1.898054, ""C03"": 1.726376, ""C04"": 1.76449, ""C05"": 1.489541, ""C06"": 1.916576, ""C07"": 1.746846, ""C08"": 1.723932, ""C09"": 1.744862, ""C10"": 1.424607, ""C11"": 1.540654, ""C12"": 1.851517, ""C13"": 1.715692, ""C14"": 1.744133, ""C15"": 1.83197}","{""C01"": 0, ""C02"": 0, ""C03"": 0, ""C04"": 0, ""C05"": 0, ""C06"": 1675, ""C07"": 0, ""C08"": 0, ""C09"": 0, ""C10"": 0, ""C11"": 0, ""C12"": 0, ""C13"": 0, ""C14"": 0, ""C15"": 0}","{""C01"": 0.025232518335617043, ""C02"": 0.025232518335617043, ""C03"": 0.025232518335617043, ""C04"": 0.025232518335617043, ""C05"": 0.025232518335617043, ""C06"": 0.02426251597209286, ""C07"": 0.025232518335617043, ""C08"": 0.025232518335617043, ""C09"": 0.025232518335617043, ""C10"": 0.025232518335617043, ""C11"": 0.025232518335617043, ""C12"": 0.025232518335617043, ""C13"": 0.025232518335617043, ""C14"": 0.025232518335617043, ""C15"": 0.025232518335617043}"
81,81,1,485,1.673496,15,"{""C01"": 1.676561, ""C02"": 1.882528, ""C03"": 1.712357, ""C04"": 1.721762, ""C05"": 1.4713, ""C06"": 1.937133, ""C07"": 1.737588, ""C08"": 1.754551, ""C09"": 1.763275, ""C10"": 1.449125, ""C11"": 1.473979, ""C12"": 1.818681, ""C13"": 1.712051, ""C14"": 1.707538, ""C15"": 1.799618}","{""C01"": 0, ""C02"": 0, ""C03"": 0, ""C04"": 0, ""C05"": 0, ""C06"": 1669, ""C07"": 0, ""C08"": 0, ""C09"": 0, ""C10"": 0, ""C11"": 0, ""C12"": 0, ""C13"": 0, ""C14"": 0, ""C15"": 0}","{""C01"": 0.02523942926316544, ""C02"": 0.02523942926316544, ""C03"": 0.02523942926316544, ""C04"": 0.02523942926316544, ""C05"": 0.02523942926316544, ""C06"": 0.024272903345075144, ""C07"": 0.02523942926316544, ""C08"": 0.02523942926316544, ""C09"": 0.02523942926316544, ""C10"": 0.02523942926316544, ""C11"": 0.02523942926316544, ""C12"": 0.02523942926316544, ""C13"": 0.02523942926316544, ""C14"": 0.02523942926316544, ""C15"": 0.02523942926316544}"
82,82,1,463,1.711424,15,"{""C01"": 1.709945, ""C02"": 1.857352, ""C03"": 1.6874, ""C04"": 1.718387, ""C05"": 1.434242, ""C06"": 1.922247, ""C07"": 1.718754, ""C08"": 1.729602, ""C09"": 1.757941, ""C10"": 1.427529, ""C11"": 1.527659, ""C12"": 1.829621, ""C13"": 1.694135, ""C14"": 1.7144, ""C15"": 1.780988}","{""C01"": 0, ""C02"": 0, ""C03"": 0, ""C04"": 0, ""C05"": 0, ""C06"": 1673, ""C07"": 0, ""C08"": 0, ""C09"": 0, ""C10"": 0, ""C11"": 0, ""C12"": 0, ""C13"": 0, ""C14"": 0, ""C15"": 0}","{""C01"": 0.025234238150251748, ""C02"": 0.025234238150251748, ""C03"": 0.025234238150251748, ""C04"": 0.025234238150251748, ""C05"": 0.025234238150251748, ""C06"": 0.02426539603383896, ""C07"": 0.025234238150251748, ""C08"": 0.025234238150251748, ""C09"": 0.025234238150251748, ""C10"": 0.025234238150251748, ""C11"": 0.025234238150251748, ""C12"": 0.025234238150251748, ""C13"": 0.025234238150251748, ""C14"": 0.025234238150251748, ""C15"": 0.025234238150251748}"
83,83,1,883,3.110090,15,"{""C01"": 1.729972, ""C02"": 1.861099, ""C03"": 1.679432, ""C04"": 1.751349, ""C05"": 1.453569, ""C06"": 1.89263, ""C07"": 1.779853, ""C08"": 1.687793, ""C09"": 1.759975, ""C10"": 1.406137, ""C11"": 1.505382, ""C12"": 1.805653, ""C13"": 1.708533, ""C14"": 1.745326, ""C15"": 1.82991}","{""C01"": 0, ""C02"": 0, ""C03"": 0, ""C04"": 0, ""C05"": 0, ""C06"": 1681, ""C07"": 0, ""C08"": 0, ""C09"": 0, ""C10"": 0, ""C11"": 0, ""C12"": 0, ""C13"": 0, ""C14"": 0, ""C15"": 0}","{""C01"": 0.025223703958163826, ""C02"": 0.025223703958163826, ""C03"": 0.025223703958163826, ""C04"": 0.025223703958163826, ""C05"": 0.025223703958163826, ""C06"": 0.024250229802835945, ""C07"": 0.025223703958163826, ""C08"": 0.025223703958163826, ""C09"": 0.025223703958163826, ""C10"": 0.025223703958163826, ""C11"": 0.025223703958163826, ""C12"": 0.025223703958163826, ""C13"": 0.025223703958163826, ""C14"": 0.025223703958163826, ""C15"": 0.025223703958163826}"
84,84,1,467,1.606478,15,"{""C01"": 1.722317, ""C02"": 1.877399, ""C03"": 1.700835, ""C04"": 1.726965, ""C05"": 1.432525, ""C06"": 1.940845, ""C07"": 1.76092, ""C08"": 1.714544, ""C09"": 1.738642, ""C10"": 1.416279, ""C11"": 1.463764, ""C12"": 1.792924, ""C13"": 1.715882, ""C14"": 1.725564, ""C15"": 1.774776}","{""C01"": 0, ""C02"": 0, ""C03"": 0, ""C04"": 0, ""C05"": 0, ""C06"": 1668, ""C07"": 0, ""C08"": 0, ""C09"": 0, ""C10"": 0, ""C11"": 0, ""C12"": 0, ""C13"": 0, ""C14"": 0, ""C15"": 0}","{""C01"": 0.025240710405119715, ""C02"": 0.025240710405119715, ""C03"": 0.025240710405119715, ""C04"": 0.025240710405119715, ""C05"": 0.025240710405119715, ""C06"": 0.02427476357687481, ""C07"": 0.025240710405119715, ""C08"": 0.025240710405119715, ""C09"": 0.025240710405119715, ""C10"": 0.025240710405119715, ""C11"": 0.025240710405119715, ""C12"": 0.025240710405119715, ""C13"": 0.025240710405119715, ""C14"": 0.025240710405119715, ""C15"": 0.025240710405119715}"
85,85,1,928,3.272955,15,"{""C01"": 1.688436, ""C02"": 1.879831, ""C03"": 1.72873, ""C04"": 1.698697, ""C05"": 1.415741, ""C06"": 1.904552, ""C07"": 1.749353, ""C08"": 1.69295, ""C09"": 1.723934, ""C10"": 1.420986, ""C11"": 1.486275, ""C12"": 1.82086, ""C13"": 1.673336, ""C14"": 1.770041, ""C15"": 1.792506}","{""C01"": 0, ""C02"": 0, ""C03"": 0, ""C04"": 0, ""C05"": 0, ""C06"": 1678, ""C07"": 0, ""C08"": 0, ""C09"": 0, ""C10"": 0, ""C11"": 0, ""C12"": 0, ""C13"": 0, ""C14"": 0, ""C15"": 0}","{""C01"": 0.025228110374977672, ""C02"": 0.025228110374977672, ""C03"": 0.025228110374977672, ""C04"": 0.025228110374977672, ""C05"": 0.025228110374977672, ""C06"": 0.02425637212116136, ""C07"": 0.025228110374977672, ""C08"": 0.025228110374977672, ""C09"": 0.025228110374977672, ""C10"": 0.025228110374977672, ""C11"": 0.025228110374977672, ""C12"": 0.025228110374977672, ""C13"": 0.025228110374977672, ""C14"": 0.025228110374977672, ""C15"": 0.025228110374977672}"
86,86,1,818,2.852736,15,"{""C01"": 1.648938, ""C02"": 1.854133, ""C03"": 1.659573, ""C04"": 1.699, ""C05"": 1.442298, ""C06"": 1.892149, ""C07"": 1.725257, ""C08"": 1.720701, ""C09"": 1.736604, ""C10"": 1.408808, ""C11"": 1.491024, ""C12"": 1.79033, ""C13"": 1.718174, ""C14"": 1.723218, ""C15"": 1.798841}","{""C01"": 0, ""C02"": 0, ""C03"": 0, ""C04"": 0, ""C05"": 0, ""C06"": 1681, ""C07"": 0, ""C08"": 0, ""C09"": 0, ""C10"": 0, ""C11"": 0, ""C12"": 0, ""C13"": 0, ""C14"": 0, ""C15"": 0}","{""C01"": 0.025223454418694113, ""C02"": 0.025223454418694113, ""C03"": 0.025223454418694113, ""C04"": 0.025223454418694113, ""C05"": 0.025223454418694113, ""C06"": 0.024249980872524248, ""C07"": 0.025223454418694113, ""C08"": 0.025223454418694113, ""C09"": 0.025223454418694113, ""C10"": 0.025223454418694113, ""C11"": 0.025223454418694113, ""C12"": 0.025223454418694113, ""C13"": 0.025223454418694113, ""C14"": 0.025223454418694113, ""C15"": 0.025223454418694113}"
87,87,1,931,3.229748,15,"{""C01"": 1.718833, ""C02"": 1.890379, ""C03"": 1.649085, ""C04"": 1.698339, ""C05"": 1.449731, ""C06"": 1.908831, ""C07"": 1.714954, ""C08"": 1.682815, ""C09"": 1.759859, ""C10"": 1.392517, ""C11"": 1.471775, ""C12"": 1.790835, ""C13"": 1.722778, ""C14"": 1.738408, ""C15"": 1.770931}","{""C01"": 0, ""C02"": 0, ""C03"": 0, ""C04"": 0, ""C05"": 0, ""C06"": 1677, ""C07"": 0, ""C08"": 0, ""C09"": 0, ""C10"": 0, ""C11"": 0, ""C12"": 0, ""C13"": 0, ""C14"": 0, ""C15"": 0}","{""C01"": 0.025229724361912773, ""C02"": 0.025229724361912773, ""C03"": 0.025229724361912773, ""C04"": 0.025229724361912773, ""C05"": 0.025229724361912773, ""C06"": 0.0242585643849329, ""C07"": 0.025229724361912773, ""C08"": 0.025229724361912773, ""C09"": 0.025229724361912773, ""C10"": 0.025229724361912773, ""C11"": 0.025229724361912773, ""C12"": 0.025229724361912773, ""C13"": 0.025229724361912773, ""C14"": 0.025229724361912773, ""C15"": 0.025229724361912773}"
88,88,1,189,0.647535,15,"{""C01"": 1.725521, ""C02"": 1.892404, ""C03"": 1.675179, ""C04"": 1.69755, ""C05"": 1.431585, ""C06"": 1.88176, ""C07"": 1.73785, ""C08"": 1.720017, ""C09"": 1.795899, ""C10"": 1.379917, ""C11"": 1.491726, ""C12"": 1.792299, ""C13"": 1.700093, ""C14"": 1.722396, ""C15"": 1.78288}","{""C01"": 0, ""C02"": 897, ""C03"": 0, ""C04"": 0, ""C05"": 0, ""C06"": 789, ""C07"": 0, ""C08"": 0, ""C09"": 0, ""C10"": 0, ""C11"": 0, ""C12"": 0, ""C13"": 0, ""C14"": 0, ""C15"": 0}","{""C01"": 0.025223914982621234, ""C02"": 0.024704467220375094, ""C03"": 0.025223914982621234, ""C04"": 0.025223914982621234, ""C05"": 0.025223914982621234, ""C06"": 0.024766992428923367, ""C07"": 0.025223914982621234, ""C08"": 0.025223914982621234, ""C09"": 0.025223914982621234, ""C10"": 0.025223914982621234, ""C11"": 0.025223914982621234, ""C12"": 0.025223914982621234, ""C13"": 0.025223914982621234, ""C14"": 0.025223914982621234, ""C15"": 0.025223914982621234}"
89,89,1,808,2.788158,15,"{""C01"": 1.702196, ""C02"": 1.876109, ""C03"": 1.680598, ""C04"": 1.757691, ""C05"": 1.398109, ""C06"": 1.919453, ""C07"": 1.76075, ""C08"": 1.715234, ""C09"": 1.756277, ""C10"": 1.395984, ""C11"": 1.499269, ""C12"": 1.812604, ""C13"": 1.691, ""C14"": 1.732947, ""C15"": 1.810328}","{""C01"": 0, ""C02"": 0, ""C03"": 0, ""C04"": 0, ""C05"": 0, ""C06"": 1674, ""C07"": 0, ""C08"": 0, ""C09"": 0, ""C10"": 0, ""C11"": 0, ""C12"": 0, ""C13"": 0, ""C14"": 0, ""C15"": 0}","{""C01"": 0.025233400786377924, ""C02"": 0.025233400786377924, ""C03"": 0.025233400786377924, ""C04"": 0.025233400786377924, ""C05"": 0.025233400786377924, ""C06"": 0.024263978490567918, ""C07"": 0.025233400786377924, ""C08"": 0.025233400786377924, ""C09"": 0.025233400786377924, ""C10"": 0.025233400786377924, ""C11"": 0.025233400786377924, ""C12"": 0.025233400786377924, ""C13"": 0.025233400786377924, ""C14"": 0.025233400786377924, ""C15"": 0.025233400786377924}"
90,90,1,842,2.972860,15,"{""C01"": 1.714887, ""C02"": 1.870778, ""C03"": 1.688768, ""C04"": 1.725022, ""C05"": 1.439871, ""C06"": 1.908932, ""C07"": 1.752113, ""C08"": 1.724353, ""C09"": 1.783168, ""C10"": 1.413258, ""C11"": 1.512567, ""C12"": 1.832345, ""C13"": 1.67095, ""C14"": 1.75805, ""C15"": 1.823671}","{""C01"": 0, ""C02"": 0, ""C03"": 0, ""C04"": 0, ""C05"": 0, ""C06"": 1677, ""C07"": 0, ""C08"": 0, ""C09"": 0, ""C10"": 0, ""C11"": 0, ""C12"": 0, ""C13"": 0, ""C14"": 0, ""C15"": 0}","{""C01"": 0.02522977615785589, ""C02"": 0.02522977615785589, ""C03"": 0.02522977615785589, ""C04"": 0.02522977615785589, ""C05"": 0.02522977615785589, ""C06"": 0.024258616054098014, ""C07"": 0.02522977615785589, ""C08"": 0.02522977615785589, ""C09"": 0.02522977615785589, ""C10"": 0.02522977615785589, ""C11"": 0.02522977615785589, ""C12"": 0.02522977615785589, ""C13"": 0.02522977615785589, ""C14"": 0.02522977615785589, ""C15"": 0.02522977615785589}"
91,91,1,876,3.032711,15,"{""C01"": 1.725217, ""C02"": 1.918484, ""C03"": 1.705589, ""C04"": 1.708996, ""C05"": 1.428767, ""C06"": 1.949725, ""C07"": 1.725037, ""C08"": 1.689704, ""C09"": 1.771702, ""C10"": 1.400055, ""C11"": 1.506447, ""C12"": 1.813836, ""C13"": 1.731859, ""C14"": 1.777279, ""C15"": 1.793373}","{""C01"": 0, ""C02"": 0, ""C03"": 0, ""C04"": 0, ""C05"": 0, ""C06"": 1665, ""C07"": 0, ""C08"": 0, ""C09"": 0, ""C10"": 0, ""C11"": 0, ""C12"": 0, ""C13"": 0, ""C14"": 0, ""C15"": 0}","{""C01"": 0.0252434012944477, ""C02"": 0.0252434012944477, ""C03"": 0.0252434012944477, ""C04"": 0.0252434012944477, ""C05"": 0.0252434012944477, ""C06"": 0.024279194577547097, ""C07"": 0.0252434012944477, ""C08"": 0.0252434012944477, ""C09"": 0.0252434012944477, ""C10"": 0.0252434012944477, ""C11"": 0.0252434012944477, ""C12"": 0.0252434012944477, ""C13"": 0.0252434012944477, ""C14"": 0.0252434012944477, ""C15"": 0.0252434012944477}"
92,92,1,944,3.320306,15,"{""C01"": 1.727026, ""C02"": 1.911253, ""C03"": 1.706939, ""C04"": 1.7715, ""C05"": 1.464696, ""C06"": 1.935132, ""C07"": 1.754343, ""C08"": 1.761028, ""C09"": 1.785562, ""C10"": 1.443869, ""C11"": 1.539204, ""C12"": 1.85635, ""C13"": 1.733682, ""C14"": 1.785325, ""C15"": 1.814679}","{""C01"": 0, ""C02"": 0, ""C03"": 0, ""C04"": 0, ""C05"": 0, ""C06"": 1669, ""C07"": 0, ""C08"": 0, ""C09"": 0, ""C10"": 0, ""C11"": 0, ""C12"": 0, ""C13"": 0, ""C14"": 0, ""C15"": 0}","{""C01"": 0.025238421873571615, ""C02"": 0.025238421873571615, ""C03"": 0.025238421873571615, ""C04"": 0.025238421873571615, ""C05"": 0.025238421873571615, ""C06"": 0.02427189843405837, ""C07"": 0.025238421873571615, ""C08"": 0.025238421873571615, ""C09"": 0.025238421873571615, ""C10"": 0.025238421873571615, ""C11"": 0.025238421873571615, ""C12"": 0.025238421873571615, ""C13"": 0.025238421873571615, ""C14"": 0.025238421873571615, ""C15"": 0.025238421873571615}"
93,93,1,158,0.558909,15,"{""C01"": 1.747005, ""C02"": 1.944971, ""C03"": 1.684562, ""C04"": 1.754281, ""C05"": 1.461792, ""C06"": 1.936461, ""C07"": 1.769518, ""C08"": 1.724758, ""C09"": 1.764562, ""C10"": 1.429095, ""C11"": 1.500207, ""C12"": 1.823629, ""C13"": 1.709907, ""C14"": 1.746881, ""C15"": 1.811509}","{""C01"": 0, ""C02"": 871, ""C03"": 0, ""C04"": 0, ""C05"": 0, ""C06"": 799, ""C07"": 0, ""C08"": 0, ""C09"": 0, ""C10"": 0, ""C11"": 0, ""C12"": 0, ""C13"": 0, ""C14"": 0, ""C15"": 0}","{""C01"": 0.025241904456035108, ""C02"": 0.02473751655342035, ""C03"": 0.025241904456035108, ""C04"": 0.025241904456035108, ""C05"": 0.025241904456035108, ""C06"": 0.024779194603215923, ""C07"": 0.025241904456035108, ""C08"": 0.025241904456035108, ""C09"": 0.025241904456035108, ""C10"": 0.025241904456035108, ""C11"": 0.025241904456035108, ""C12"": 0.025241904456035108, ""C13"": 0.025241904456035108, ""C14"": 0.025241904456035108, ""C15"": 0.025241904456035108}"
94,94,1,270,0.922841,15,"{""C01"": 1.74206, ""C02"": 1.915407, ""C03"": 1.744185, ""C04"": 1.742201, ""C05"": 1.474415, ""C06"": 1.93188, ""C07"": 1.799436, ""C08"": 1.753426, ""C09"": 1.780181, ""C10"": 1.421065, ""C11"": 1.517356, ""C12"": 1.826579, ""C13"": 1.740396, ""C14"": 1.781122, ""C15"": 1.795222}","{""C01"": 0, ""C02"": 722, ""C03"": 0, ""C04"": 0, ""C05"": 0, ""C06"": 954, ""C07"": 0, ""C08"": 0, ""C09"": 0, ""C10"": 0, ""C11"": 0, ""C12"": 0, ""C13"": 0, ""C14"": 0, ""C15"": 0}","{""C01"": 0.02523727440403123, ""C02"": 0.02481915107940992, ""C03"": 0.02523727440403123, ""C04"": 0.02523727440403123, ""C05"": 0.02523727440403123, ""C06"": 0.024684820648383548, ""C07"": 0.02523727440403123, ""C08"": 0.02523727440403123, ""C09"": 0.02523727440403123, ""C10"": 0.02523727440403123, ""C11"": 0.02523727440403123, ""C12"": 0.02523727440403123, ""C13"": 0.02523727440403123, ""C14"": 0.02523727440403123, ""C15"": 0.02523727440403123}"
95,95,1,187,0.658464,15,"{""C01"": 1.787987, ""C02"": 1.952544, ""C03"": 1.697221, ""C04"": 1.764521, ""C05"": 1.478871, ""C06"": 1.964067, ""C07"": 1.793527, ""C08"": 1.751361, ""C09"": 1.781119, ""C10"": 1.415988, ""C11"": 1.541097, ""C12"": 1.86414, ""C13"": 1.751421, ""C14"": 1.791193, ""C15"": 1.825086}","{""C01"": 0, ""C02"": 789, ""C03"": 0, ""C04"": 0, ""C05"": 0, ""C06"": 877, ""C07"": 0, ""C08"": 0, ""C09"": 0, ""C10"": 0, ""C11"": 0, ""C12"": 0, ""C13"": 0, ""C14"": 0, ""C15"": 0}","{""C01"": 0.0252484018253379, ""C02"": 0.024791479943170252, ""C03"": 0.0252484018253379, ""C04"": 0.0252484018253379, ""C05"": 0.0252484018253379, ""C06"": 0.024740539263830838, ""C07"": 0.0252484018253379, ""C08"": 0.0252484018253379, ""C09"": 0.0252484018253379, ""C10"": 0.0252484018253379, ""C11"": 0.0252484018253379, ""C12"": 0.0252484018253379, ""C13"": 0.0252484018253379, ""C14"": 0.0252484018253379, ""C15"": 0.0252484018253379}"
96,96,1,292,0.995989,15,"{""C01"": 1.743302, ""C02"": 1.947953, ""C03"": 1.715583, ""C04"": 1.783086, ""C05"": 1.501786, ""C06"": 1.964116, ""C07"": 1.796829, ""C08"": 1.766765, ""C09"": 1.811759, ""C10"": 1.442618, ""C11"": 1.557915, ""C12"": 1.878851, ""C13"": 1.768391, ""C14"": 1.792922, ""C15"": 1.834389}","{""C01"": 0, ""C02"": 713, ""C03"": 0, ""C04"": 0, ""C05"": 0, ""C06"": 954, ""C07"": 0, ""C08"": 0, ""C09"": 0, ""C10"": 0, ""C11"": 0, ""C12"": 0, ""C13"": 0, ""C14"": 0, ""C15"": 0}","{""C01"": 0.02524828677903246, ""C02"": 0.024835375518014464, ""C03"": 0.02524828677903246, ""C04"": 0.02524828677903246, ""C05"": 0.02524828677903246, ""C06"": 0.024695833150823004, ""C07"": 0.02524828677903246, ""C08"": 0.02524828677903246, ""C09"": 0.02524828677903246, ""C10"": 0.02524828677903246, ""C11"": 0.02524828677903246, ""C12"": 0.02524828677903246, ""C13"": 0.02524828677903246, ""C14"": 0.02524828677903246, ""C15"": 0.02524828677903246}"
97,97,1,476,1.626596,15,"{""C01"": 1.749665, ""C02"": 1.940097, ""C03"": 1.739685, ""C04"": 1.773935, ""C05"": 1.506028, ""C06"": 2.001839, ""C07"": 1.808281, ""C08"": 1.767325, ""C09"": 1.84536, ""C10"": 1.47353, ""C11"": 1.582187, ""C12"": 1.862808, ""C13"": 1.757512, ""C14"": 1.833438, ""C15"": 1.801839}","{""C01"": 0, ""C02"": 0, ""C03"": 0, ""C04"": 0, ""C05"": 0, ""C06"": 1652, ""C07"": 0, ""C08"": 0, ""C09"": 0, ""C10"": 0, ""C11"": 0, ""C12"": 0, ""C13"": 0, ""C14"": 0, ""C15"": 0}","{""C01"": 0.02526135793001838, ""C02"": 0.02526135793001838, ""C03"": 0.02526135793001838, ""C04"": 0.02526135793001838, ""C05"": 0.02526135793001838, ""C06"": 0.02430467613705007, ""C07"": 0.02526135793001838, ""C08"": 0.02526135793001838, ""C09"": 0.02526135793001838, ""C10"": 0.02526135793001838, ""C11"": 0.02526135793001838, ""C12"": 0.02526135793001838, ""C13"": 0.02526135793001838, ""C14"": 0.02526135793001838, ""C15"": 0.02526135793001838}"
98,98,1,904,3.178575,15,"{""C01"": 1.814742, ""C02"": 1.975843, ""C03"": 1.761456, ""C04"": 1.779295, ""C05"": 1.494787, ""C06"": 1.94312, ""C07"": 1.76651, ""C08"": 1.776141, ""C09"": 1.839435, ""C10"": 1.44149, ""C11"": 1.543953, ""C12"": 1.888621, ""C13"": 1.765251, ""C14"": 1.811049, ""C15"": 1.837713}","{""C01"": 0, ""C02"": 1659, ""C03"": 0, ""C04"": 0, ""C05"": 0, ""C06"": 0, ""C07"": 0, ""C08"": 0, ""C09"": 0, ""C10"": 0, ""C11"": 0, ""C12"": 0, ""C13"": 0, ""C14"": 0, ""C15"": 0}","{""C01"": 0.02525281217639555, ""C02"": 0.024292075731134937, ""C03"": 0.02525281217639555, ""C04"": 0.02525281217639555, ""C05"": 0.02525281217639555, ""C06"": 0.02525281217639555, ""C07"": 0.02525281217639555, ""C08"": 0.02525281217639555, ""C09"": 0.02525281217639555, ""C10"": 0.02525281217639555, ""C11"": 0.02525281217639555, ""C12"": 0.02525281217639555, ""C13"": 0.02525281217639555, ""C14"": 0.02525281217639555, ""C15"": 0.02525281217639555}"
99,99,1,861,3.040197,15,"{""C01"": 1.792804, ""C02"": 1.980169, ""C03"": 1.779949, ""C04"": 1.791097, ""C05"": 1.506866, ""C06"": 1.945591, ""C07"": 1.801375, ""C08"": 1.769239, ""C09"": 1.849486, ""C10"": 1.438775, ""C11"": 1.549826, ""C12"": 1.896633, ""C13"": 1.770861, ""C14"": 1.825718, ""C15"": 1.867896}","{""C01"": 0, ""C02"": 1657, ""C03"": 0, ""C04"": 0, ""C05"": 0, ""C06"": 0, ""C07"": 0, ""C08"": 0, ""C09"": 0, ""C10"": 0, ""C11"": 0, ""C12"": 0, ""C13"": 0, ""C14"": 0, ""C15"": 0}","{""C01"": 0.02525376172026758, ""C02"": 0.024294187447612754, ""C03"": 0.02525376172026758, ""C04"": 0.02525376172026758, ""C05"": 0.02525376172026758, ""C06"": 0.02525376172026758, ""C07"": 0.02525376172026758, ""C08"": 0.02525376172026758, ""C09"": 0.02525376172026758, ""C10"": 0.02525376172026758, ""C11"": 0.02525376172026758, ""C12"": 0.02525376172026758, ""C13"": 0.02525376172026758, ""C14"": 0.02525376172026758, ""C15"": 0.02525376172026758}"
100,100,1,236,0.826713,15,"{""C01"": 1.803214, ""C02"": 1.982811, ""C03"": 1.732598, ""C04"": 1.768858, ""C05"": 1.514451, ""C06"": 1.971804, ""C07"": 1.799237, ""C08"": 1.771629, ""C09"": 1.828298, ""C10"": 1.444817, ""C11"": 1.533873, ""C12"": 1.909357, ""C13"": 1.808745, ""C14"": 1.812937, ""C15"": 1.835541}","{""C01"": 0, ""C02"": 905, ""C03"": 0, ""C04"": 0, ""C05"": 0, ""C06"": 756, ""C07"": 0, ""C08"": 0, ""C09"": 0, ""C10"": 0, ""C11"": 0, ""C12"": 0, ""C13"": 0, ""C14"": 0, ""C15"": 0}","{""C01"": 0.02525493706233775, ""C02"": 0.024730857363816375, ""C03"": 0.02525493706233775, ""C04"": 0.02525493706233775, ""C05"": 0.02525493706233775, ""C06"": 0.024817126037262684, ""C07"": 0.02525493706233775, ""C08"": 0.02525493706233775, ""C09"": 0.02525493706233775, ""C10"": 0.02525493706233775, ""C11"": 0.02525493706233775, ""C12"": 0.02525493706233775, ""C13"": 0.02525493706233775, ""C14"": 0.02525493706233775, ""C15"": 0.02525493706233775}"
