game_id,iter_idx,converged,rounds,duration_sec,player_count,quality_scores_json,final_datasizes_json,final_payoffs_json
1,0,1,80,0.275188,10,"{""50051"": 1.0373056650520343, ""50053"": 1.0635440493817272, ""50055"": 1.0, ""50057"": 1.0, ""50059"": 1.0635440493817272, ""50061"": 1.2, ""50063"": 1.0640956655809906, ""50065"": 1.0918573243927197, ""50067"": 1.0635440493817272, ""50069"": 1.0515496906463464}","{""50051"": 0, ""50053"": 0, ""50055"": 0, ""50057"": 0, ""50059"": 0, ""50061"": 1946, ""50063"": 0, ""50065"": 0, ""50067"": 0, ""50069"": 0}","{""50051"": 0.024897687159174814, ""50053"": 0.024897687159174814, ""50055"": 0.024897687159174814, ""50057"": 0.024897687159174814, ""50059"": 0.024897687159174814, ""50061"": 0.023770725538288778, ""50063"": 0.024897687159174814, ""50065"": 0.024897687159174814, ""50067"": 0.024897687159174814, ""50069"": 0.024897687159174814}"
2,1,1,333,1.165416,10,"{""50051"": 1.1042284320470852, ""50053"": 1.0635440493817272, ""50055"": 1.0, ""50057"": 1.0, ""50059"": 1.1363638475475066, ""50061"": 1.2728197981657794, ""50063"": 1.13691546374677, ""50065"": 1.2918573243927196, ""50067"": 1.1817622926409705, ""50069"": 1.1761472675525086}","{""50051"": 0, ""50053"": 0, ""50055"": 0, ""50057"": 0, ""50059"": 0, ""50061"": 0, ""50063"": 0, ""50065"": 1902, ""50067"": 0, ""50069"": 0}","{""50051"": 0.02495452487977466, ""50053"": 0.02495452487977466, ""50055"": 0.02495452487977466, ""50057"": 0.02495452487977466, ""50059"": 0.02495452487977466, ""50061"": 0.02495452487977466, ""50063"": 0.02495452487977466, ""50065"": 0.023853044255323332, ""50067"": 0.02495452487977466, ""50069"": 0.02495452487977466}"
3,2,1,194,0.669601,10,"{""50051"": 1.2046477785601255, ""50053"": 1.2010318657251249, ""50055"": 1.0, ""50057"": 1.1374878163433977, ""50059"": 1.2756474282355723, ""50061"": 1.4695214520737616, ""50063"": 1.2951646514457789, ""50065"": 1.4293451407361173, ""50067"": 1.3817622926409705, ""50069"": 1.3439082131481952}","{""50051"": 0, ""50053"": 0, ""50055"": 0, ""50057"": 0, ""50059"": 0, ""50061"": 1827, ""50063"": 0, ""50065"": 0, ""50067"": 0, ""50069"": 0}","{""50051"": 0.025050440548350747, ""50053"": 0.025050440548350747, ""50055"": 0.025050440548350747, ""50057"": 0.025050440548350747, ""50059"": 0.025050440548350747, ""50061"": 0.023992393869732096, ""50063"": 0.025050440548350747, ""50065"": 0.025050440548350747, ""50067"": 0.025050440548350747, ""50069"": 0.025050440548350747}"
4,3,1,402,1.158456,10,"{""50051"": 1.3414645702405776, ""50053"": 1.337848657405577, ""50055"": 1.1368167916804521, ""50057"": 1.1374878163433977, ""50059"": 1.4159482758681903, ""50061"": 1.608510559828252, ""50063"": 1.413245715464205, ""50065"": 1.6041281893508503, ""50067"": 1.5817622926409705, ""50069"": 1.529471686891093}","{""50051"": 0, ""50053"": 0, ""50055"": 0, ""50057"": 0, ""50059"": 0, ""50061"": 1097, ""50063"": 0, ""50065"": 680, ""50067"": 0, ""50069"": 0}","{""50051"": 0.025114851462611318, ""50053"": 0.025114851462611318, ""50055"": 0.025114851462611318, ""50057"": 0.025114851462611318, ""50059"": 0.025114851462611318, ""50061"": 0.024479562378558927, ""50063"": 0.025114851462611318, ""50065"": 0.024721051101472137, ""50067"": 0.025114851462611318, ""50069"": 0.025114851462611318}"
5,4,1,75,0.177865,10,"{""50051"": 1.3414645702405776, ""50053"": 1.337848657405577, ""50055"": 1.1691778876850816, ""50057"": 1.1374878163433977, ""50059"": 1.4483093718728197, ""50061"": 1.6350382318606584, ""50063"": 1.413245715464205, ""50065"": 1.6041281893508503, ""50067"": 1.7817622926409704, ""50069"": 1.5618327828957224}","{""50051"": 0, ""50053"": 0, ""50055"": 0, ""50057"": 0, ""50059"": 0, ""50061"": 0, ""50063"": 0, ""50065"": 0, ""50067"": 1720, ""50069"": 0}","{""50051"": 0.02518664348430094, ""50053"": 0.02518664348430094, ""50055"": 0.02518664348430094, ""50057"": 0.02518664348430094, ""50059"": 0.02518664348430094, ""50061"": 0.02518664348430094, ""50063"": 0.02518664348430094, ""50065"": 0.02518664348430094, ""50067"": 0.02419056248161362, ""50069"": 0.02518664348430094}"
6,5,1,96,0.287788,10,"{""50051"": 1.4477793364199782, ""50053"": 1.3390632484905698, ""50055"": 1.2697702577938648, ""50057"": 1.1389257283974066, ""50059"": 1.5504073392104505, ""50061"": 1.8350382318606584, ""50063"": 1.5375715118897788, ""50065"": 1.7047205594596335, ""50067"": 1.950517850320846, ""50069"": 1.6624251530045056}","{""50051"": 0, ""50053"": 0, ""50055"": 0, ""50057"": 0, ""50059"": 0, ""50061"": 0, ""50063"": 0, ""50065"": 0, ""50067"": 1671, ""50069"": 0}","{""50051"": 0.02524729204438181, ""50053"": 0.02524729204438181, ""50055"": 0.02524729204438181, ""50057"": 0.02524729204438181, ""50059"": 0.02524729204438181, ""50061"": 0.02524729204438181, ""50063"": 0.02524729204438181, ""50065"": 0.02524729204438181, ""50067"": 0.024279589023482137, ""50069"": 0.02524729204438181}"
7,6,1,51,0.173758,10,"{""50051"": 1.4970404971994338, ""50053"": 1.3390632484905698, ""50055"": 1.2697702577938648, ""50057"": 1.1749792695962968, ""50059"": 1.5504073392104505, ""50061"": 1.838151859473434, ""50063"": 1.5375715118897788, ""50065"": 1.7407741006585238, ""50067"": 2.150517850320846, ""50069"": 1.6984786942033958}","{""50051"": 0, ""50053"": 0, ""50055"": 0, ""50057"": 0, ""50059"": 0, ""50061"": 0, ""50063"": 0, ""50065"": 0, ""50067"": 1621, ""50069"": 0}","{""50051"": 0.025311574031834608, ""50053"": 0.025311574031834608, ""50055"": 0.025311574031834608, ""50057"": 0.025311574031834608, ""50059"": 0.025311574031834608, ""50061"": 0.025311574031834608, ""50063"": 0.025311574031834608, ""50065"": 0.025311574031834608, ""50067"": 0.0243728260227415, ""50069"": 0.025311574031834608}"
8,7,1,69,0.244084,10,"{""50051"": 1.6604806423498575, ""50053"": 1.3390632484905698, ""50055"": 1.288000910039961, ""50057"": 1.1749792695962968, ""50059"": 1.6429532325574334, ""50061"": 2.0381518594734342, ""50063"": 1.6531309454147065, ""50065"": 1.891365123165956, ""50067"": 2.243063743667829, ""50069"": 1.7910245875503787}","{""50051"": 0, ""50053"": 0, ""50055"": 0, ""50057"": 0, ""50059"": 0, ""50061"": 0, ""50063"": 0, ""50065"": 0, ""50067"": 1599, ""50069"": 0}","{""50051"": 0.025338200351096116, ""50053"": 0.025338200351096116, ""50055"": 0.025338200351096116, ""50057"": 0.025338200351096116, ""50059"": 0.025338200351096116, ""50061"": 0.025338200351096116, ""50063"": 0.025338200351096116, ""50065"": 0.025338200351096116, ""50067"": 0.02441219390580032, ""50069"": 0.025338200351096116}"
9,8,1,63,0.214274,10,"{""50051"": 1.8604806423498574, ""50053"": 1.3390632484905698, ""50055"": 1.288000910039961, ""50057"": 1.1749792695962968, ""50059"": 1.7144433560974515, ""50061"": 2.1096419830134523, ""50063"": 1.7246210689547246, ""50065"": 1.9954125583956994, ""50067"": 2.358563043018804, ""50069"": 1.8719087177497868}","{""50051"": 0, ""50053"": 0, ""50055"": 0, ""50057"": 0, ""50059"": 0, ""50061"": 0, ""50063"": 0, ""50065"": 0, ""50067"": 1574, ""50069"": 0}","{""50051"": 0.02536995879551443, ""50053"": 0.02536995879551443, ""50055"": 0.02536995879551443, ""50057"": 0.02536995879551443, ""50059"": 0.02536995879551443, ""50061"": 0.02536995879551443, ""50063"": 0.02536995879551443, ""50065"": 0.02536995879551443, ""50067"": 0.02445843008055364, ""50069"": 0.02536995879551443}"
10,9,1,99,0.339864,10,"{""50051"": 2.031798624036373, ""50053"": 1.3390632484905698, ""50055"": 1.288000910039961, ""50057"": 1.1749792695962968, ""50059"": 1.807428668354208, ""50061"": 2.3096419830134525, ""50063"": 1.8453902678950536, ""50065"": 2.088397870652456, ""50067"": 2.4515483552755604, ""50069"": 2.0307187229202386}","{""50051"": 0, ""50053"": 0, ""50055"": 0, ""50057"": 0, ""50059"": 0, ""50061"": 0, ""50063"": 0, ""50065"": 0, ""50067"": 1555, ""50069"": 0}","{""50051"": 0.02539406695338474, ""50053"": 0.02539406695338474, ""50055"": 0.02539406695338474, ""50057"": 0.02539406695338474, ""50059"": 0.02539406695338474, ""50061"": 0.02539406695338474, ""50063"": 0.02539406695338474, ""50065"": 0.02539406695338474, ""50067"": 0.024493541305807484, ""50069"": 0.02539406695338474}"
11,10,1,209,0.727192,10,"{""50051"": 2.1031923412580555, ""50053"": 1.3390632484905698, ""50055"": 1.288000910039961, ""50057"": 1.1749792695962968, ""50059"": 1.8900094627625543, ""50061"": 2.5096419830134526, ""50063"": 1.9167839851167363, ""50065"": 2.1861588874703197, ""50067"": 2.5709625646011296, ""50069"": 2.102112440141921}","{""50051"": 0, ""50053"": 0, ""50055"": 0, ""50057"": 0, ""50059"": 0, ""50061"": 0, ""50063"": 0, ""50065"": 0, ""50067"": 1532, ""50069"": 0}","{""50051"": 0.025423350466639835, ""50053"": 0.025423350466639835, ""50055"": 0.025423350466639835, ""50057"": 0.025423350466639835, ""50059"": 0.025423350466639835, ""50061"": 0.025423350466639835, ""50063"": 0.025423350466639835, ""50065"": 0.025423350466639835, ""50067"": 0.024536144192796646, ""50069"": 0.025423350466639835}"
12,11,1,148,0.508138,10,"{""50051"": 2.2200529524412436, ""50053"": 1.4559238596737578, ""50055"": 1.288000910039961, ""50057"": 1.1749792695962968, ""50059"": 2.048169824162254, ""50061"": 2.6743473537582587, ""50063"": 2.059110834954697, ""50065"": 2.3030194986535077, ""50067"": 2.7709625646011298, ""50069"": 2.2549441364417713}","{""50051"": 0, ""50053"": 0, ""50055"": 0, ""50057"": 0, ""50059"": 0, ""50061"": 0, ""50063"": 0, ""50065"": 0, ""50067"": 1496, ""50069"": 0}","{""50051"": 0.025468321919435655, ""50053"": 0.025468321919435655, ""50055"": 0.025468321919435655, ""50057"": 0.025468321919435655, ""50059"": 0.025468321919435655, ""50061"": 0.025468321919435655, ""50063"": 0.025468321919435655, ""50065"": 0.025468321919435655, ""50067"": 0.024601964066403904, ""50069"": 0.025468321919435655}"
13,12,1,197,0.471096,10,"{""50051"": 2.4200529524412437, ""50053"": 1.4559238596737578, ""50055"": 1.319597184232596, ""50057"": 1.1749792695962968, ""50059"": 2.0566264446665845, ""50061"": 2.7059436279508935, ""50063"": 2.059110834954697, ""50065"": 2.3030194986535077, ""50067"": 2.783679863445244, ""50069"": 2.286540410634406}","{""50051"": 0, ""50053"": 0, ""50055"": 0, ""50057"": 0, ""50059"": 0, ""50061"": 0, ""50063"": 0, ""50065"": 0, ""50067"": 1494, ""50069"": 0}","{""50051"": 0.025471136731097993, ""50053"": 0.025471136731097993, ""50055"": 0.025471136731097993, ""50057"": 0.025471136731097993, ""50059"": 0.025471136731097993, ""50061"": 0.025471136731097993, ""50063"": 0.025471136731097993, ""50065"": 0.025471136731097993, ""50067"": 0.024605936827610083, ""50069"": 0.025471136731097993}"
14,13,1,1131,2.270208,10,"{""50051"": 2.568791121999255, ""50053"": 1.4559238596737578, ""50055"": 1.319597184232596, ""50057"": 1.2577240886411527, ""50059"": 2.0873330316060574, ""50061"": 2.9059436279508937, ""50063"": 2.123563486631751, ""50065"": 2.3857643176983636, ""50067"": 2.918996188584697, ""50069"": 2.369285229679262}","{""50051"": 0, ""50053"": 0, ""50055"": 0, ""50057"": 0, ""50059"": 0, ""50061"": 0, ""50063"": 0, ""50065"": 0, ""50067"": 1471, ""50069"": 0}","{""50051"": 0.025498659890074785, ""50053"": 0.025498659890074785, ""50055"": 0.025498659890074785, ""50057"": 0.025498659890074785, ""50059"": 0.025498659890074785, ""50061"": 0.025498659890074785, ""50063"": 0.025498659890074785, ""50065"": 0.025498659890074785, ""50067"": 0.02464678090225602, ""50069"": 0.025498659890074785}"
15,14,1,137,0.268304,10,"{""50051"": 2.634635943348461, ""50053"": 1.4559238596737578, ""50055"": 1.3854420055818015, ""50057"": 1.2577240886411527, ""50059"": 2.176903977464694, ""50061"": 3.105943627950894, ""50063"": 2.157383049394084, ""50065"": 2.4471846155203365, ""50067"": 2.984841009933903, ""50069"": 2.4453881726807594}","{""50051"": 0, ""50053"": 0, ""50055"": 0, ""50057"": 0, ""50059"": 0, ""50061"": 1442, ""50063"": 0, ""50065"": 0, ""50067"": 0, ""50069"": 0}","{""50051"": 0.025534363775664454, ""50053"": 0.025534363775664454, ""50055"": 0.025534363775664454, ""50057"": 0.025534363775664454, ""50059"": 0.025534363775664454, ""50061"": 0.024699279766021116, ""50063"": 0.025534363775664454, ""50065"": 0.025534363775664454, ""50067"": 0.025534363775664454, ""50069"": 0.025534363775664454}"
16,15,1,80,0.156642,10,"{""50051"": 2.815058320131656, ""50053"": 1.4559238596737578, ""50055"": 1.3854420055818015, ""50057"": 1.2577240886411527, ""50059"": 2.2531619544401686, ""50061"": 3.305943627950894, ""50063"": 2.2196273331384715, ""50065"": 2.5234425924958113, ""50067"": 3.0610989869093777, ""50069"": 2.5365273509815003}","{""50051"": 0, ""50053"": 0, ""50055"": 0, ""50057"": 0, ""50059"": 0, ""50061"": 1414, ""50063"": 0, ""50065"": 0, ""50067"": 0, ""50069"": 0}","{""50051"": 0.02556989288976326, ""50053"": 0.02556989288976326, ""50055"": 0.02556989288976326, ""50057"": 0.02556989288976326, ""50059"": 0.02556989288976326, ""50061"": 0.024751023646943694, ""50063"": 0.02556989288976326, ""50065"": 0.02556989288976326, ""50067"": 0.02556989288976326, ""50069"": 0.02556989288976326}"
17,16,1,89,0.180015,10,"{""50051"": 2.92987821840138, ""50053"": 1.570743757943482, ""50055"": 1.3854420055818015, ""50057"": 1.3725439869108769, ""50059"": 2.3340425573870585, ""50061"": 3.491218799473557, ""50063"": 2.3145946776097674, ""50065"": 2.6161666925574045, ""50067"": 3.261098986909378, ""50069"": 2.686419419867127}","{""50051"": 0, ""50053"": 0, ""50055"": 0, ""50057"": 0, ""50059"": 0, ""50061"": 1390, ""50063"": 0, ""50065"": 0, ""50067"": 0, ""50069"": 0}","{""50051"": 0.025600376728576388, ""50053"": 0.025600376728576388, ""50055"": 0.025600376728576388, ""50057"": 0.025600376728576388, ""50059"": 0.025600376728576388, ""50061"": 0.024795405763375952, ""50063"": 0.025600376728576388, ""50065"": 0.025600376728576388, ""50067"": 0.025600376728576388, ""50069"": 0.025600376728576388}"
18,17,1,89,0.171844,10,"{""50051"": 2.92987821840138, ""50053"": 1.570743757943482, ""50055"": 1.3854420055818015, ""50057"": 1.3725439869108769, ""50059"": 2.3340425573870585, ""50061"": 3.491218799473557, ""50063"": 2.3145946776097674, ""50065"": 2.6161666925574045, ""50067"": 3.261098986909378, ""50069"": 2.686419419867127}","{""50051"": 0, ""50053"": 0, ""50055"": 0, ""50057"": 0, ""50059"": 0, ""50061"": 1390, ""50063"": 0, ""50065"": 0, ""50067"": 0, ""50069"": 0}","{""50051"": 0.025600376728576388, ""50053"": 0.025600376728576388, ""50055"": 0.025600376728576388, ""50057"": 0.025600376728576388, ""50059"": 0.025600376728576388, ""50061"": 0.024795405763375952, ""50063"": 0.025600376728576388, ""50065"": 0.025600376728576388, ""50067"": 0.025600376728576388, ""50069"": 0.025600376728576388}"
19,18,1,89,0.178089,10,"{""50051"": 2.92987821840138, ""50053"": 1.570743757943482, ""50055"": 1.3854420055818015, ""50057"": 1.3725439869108769, ""50059"": 2.3340425573870585, ""50061"": 3.491218799473557, ""50063"": 2.3145946776097674, ""50065"": 2.6161666925574045, ""50067"": 3.261098986909378, ""50069"": 2.686419419867127}","{""50051"": 0, ""50053"": 0, ""50055"": 0, ""50057"": 0, ""50059"": 0, ""50061"": 1390, ""50063"": 0, ""50065"": 0, ""50067"": 0, ""50069"": 0}","{""50051"": 0.025600376728576388, ""50053"": 0.025600376728576388, ""50055"": 0.025600376728576388, ""50057"": 0.025600376728576388, ""50059"": 0.025600376728576388, ""50061"": 0.024795405763375952, ""50063"": 0.025600376728576388, ""50065"": 0.025600376728576388, ""50067"": 0.025600376728576388, ""50069"": 0.025600376728576388}"
20,19,1,77,0.171427,10,"{""50051"": 3.1298782184013803, ""50053"": 1.629671526848106, ""50055"": 1.3854420055818015, ""50057"": 1.4314717558155008, ""50059"": 2.3690422544055854, ""50061"": 3.58351011029781, ""50063"": 2.373522446514391, ""50065"": 2.652807009963902, ""50067"": 3.3050792326822016, ""50069"": 2.6910022311773933}","{""50051"": 0, ""50053"": 0, ""50055"": 0, ""50057"": 0, ""50059"": 0, ""50061"": 1378, ""50063"": 0, ""50065"": 0, ""50067"": 0, ""50069"": 0}","{""50051"": 0.02561439236905226, ""50053"": 0.02561439236905226, ""50055"": 0.02561439236905226, ""50057"": 0.02561439236905226, ""50059"": 0.02561439236905226, ""50061"": 0.024816371761594885, ""50063"": 0.02561439236905226, ""50065"": 0.02561439236905226, ""50067"": 0.02561439236905226, ""50069"": 0.02561439236905226}"
21,20,1,78,0.153643,10,"{""50051"": 3.3298782184013804, ""50053"": 1.6582429554195344, ""50055"": 1.3854420055818015, ""50057"": 1.4314717558155008, ""50059"": 2.3690422544055854, ""50061"": 3.6120815388692384, ""50063"": 2.373522446514391, ""50065"": 2.6813784385353303, ""50067"": 3.3050792326822016, ""50069"": 2.6910022311773933}","{""50051"": 0, ""50053"": 0, ""50055"": 0, ""50057"": 0, ""50059"": 0, ""50061"": 1375, ""50063"": 0, ""50065"": 0, ""50067"": 0, ""50069"": 0}","{""50051"": 0.025619002952589343, ""50053"": 0.025619002952589343, ""50055"": 0.025619002952589343, ""50057"": 0.025619002952589343, ""50059"": 0.025619002952589343, ""50061"": 0.02482271881190862, ""50063"": 0.025619002952589343, ""50065"": 0.025619002952589343, ""50067"": 0.025619002952589343, ""50069"": 0.025619002952589343}"
22,21,1,58,0.113648,10,"{""50051"": 3.3799858745963864, ""50053"": 1.6582429554195344, ""50055"": 1.3854420055818015, ""50057"": 1.4314717558155008, ""50059"": 2.4191499106005914, ""50061"": 3.8120815388692386, ""50063"": 2.423630102709397, ""50065"": 2.728827720704401, ""50067"": 3.3616174971433166, ""50069"": 2.737768277912248}","{""50051"": 0, ""50053"": 0, ""50055"": 0, ""50057"": 0, ""50059"": 0, ""50061"": 1351, ""50063"": 0, ""50065"": 0, ""50067"": 0, ""50069"": 0}","{""50051"": 0.025647752399636348, ""50053"": 0.025647752399636348, ""50055"": 0.025647752399636348, ""50057"": 0.025647752399636348, ""50059"": 0.025647752399636348, ""50061"": 0.024865368235784276, ""50063"": 0.025647752399636348, ""50065"": 0.025647752399636348, ""50067"": 0.025647752399636348, ""50069"": 0.025647752399636348}"
23,22,1,88,0.175947,10,"{""50051"": 3.5799858745963866, ""50053"": 1.6582429554195344, ""50055"": 1.3854420055818015, ""50057"": 1.4314717558155008, ""50059"": 2.4191499106005914, ""50061"": 3.830733028453868, ""50063"": 2.4548660297929157, ""50065"": 2.7600636477879195, ""50067"": 3.392853424226835, ""50069"": 2.737768277912248}","{""50051"": 0, ""50053"": 0, ""50055"": 0, ""50057"": 0, ""50059"": 0, ""50061"": 1349, ""50063"": 0, ""50065"": 0, ""50067"": 0, ""50069"": 0}","{""50051"": 0.02565042109264193, ""50053"": 0.02565042109264193, ""50055"": 0.02565042109264193, ""50057"": 0.02565042109264193, ""50059"": 0.02565042109264193, ""50061"": 0.02486919497739059, ""50063"": 0.02565042109264193, ""50065"": 0.02565042109264193, ""50067"": 0.02565042109264193, ""50069"": 0.02565042109264193}"
24,23,1,241,0.473007,10,"{""50051"": 3.779985874596387, ""50053"": 1.6868143839909628, ""50055"": 1.3854420055818015, ""50057"": 1.4314717558155008, ""50059"": 2.4191499106005914, ""50061"": 3.8593044570252966, ""50063"": 2.483437458364344, ""50065"": 2.7600636477879195, ""50067"": 3.392853424226835, ""50069"": 2.737768277912248}","{""50051"": 0, ""50053"": 0, ""50055"": 0, ""50057"": 0, ""50059"": 0, ""50061"": 1346, ""50063"": 0, ""50065"": 0, ""50067"": 0, ""50069"": 0}","{""50051"": 0.02565449873995107, ""50053"": 0.02565449873995107, ""50055"": 0.02565449873995107, ""50057"": 0.02565449873995107, ""50059"": 0.02565449873995107, ""50061"": 0.02487500961840676, ""50063"": 0.02565449873995107, ""50065"": 0.02565449873995107, ""50067"": 0.02565449873995107, ""50069"": 0.02565449873995107}"
25,24,1,241,0.570937,10,"{""50051"": 3.779985874596387, ""50053"": 1.6868143839909628, ""50055"": 1.3854420055818015, ""50057"": 1.4314717558155008, ""50059"": 2.4191499106005914, ""50061"": 3.8593044570252966, ""50063"": 2.483437458364344, ""50065"": 2.7600636477879195, ""50067"": 3.392853424226835, ""50069"": 2.737768277912248}","{""50051"": 0, ""50053"": 0, ""50055"": 0, ""50057"": 0, ""50059"": 0, ""50061"": 1346, ""50063"": 0, ""50065"": 0, ""50067"": 0, ""50069"": 0}","{""50051"": 0.02565449873995107, ""50053"": 0.02565449873995107, ""50055"": 0.02565449873995107, ""50057"": 0.02565449873995107, ""50059"": 0.02565449873995107, ""50061"": 0.02487500961840676, ""50063"": 0.02565449873995107, ""50065"": 0.02565449873995107, ""50067"": 0.02565449873995107, ""50069"": 0.02565449873995107}"
26,25,1,232,0.755539,10,"{""50051"": 3.979985874596387, ""50053"": 1.6868143839909628, ""50055"": 1.3854420055818015, ""50057"": 1.4600431843869293, ""50059"": 2.4191499106005914, ""50061"": 3.887875885596725, ""50063"": 2.483437458364344, ""50065"": 2.7600636477879195, ""50067"": 3.392853424226835, ""50069"": 2.7663397064836763}","{""50051"": 1333, ""50053"": 0, ""50055"": 0, ""50057"": 0, ""50059"": 0, ""50061"": 0, ""50063"": 0, ""50065"": 0, ""50067"": 0, ""50069"": 0}","{""50051"": 0.024898957625411618, ""50053"": 0.025670918489635944, ""50055"": 0.025670918489635944, ""50057"": 0.025670918489635944, ""50059"": 0.025670918489635944, ""50061"": 0.025670918489635944, ""50063"": 0.025670918489635944, ""50065"": 0.025670918489635944, ""50067"": 0.025670918489635944, ""50069"": 0.025670918489635944}"
27,26,1,232,0.892490,10,"{""50051"": 3.979985874596387, ""50053"": 1.6868143839909628, ""50055"": 1.3854420055818015, ""50057"": 1.4600431843869293, ""50059"": 2.4191499106005914, ""50061"": 3.887875885596725, ""50063"": 2.483437458364344, ""50065"": 2.7600636477879195, ""50067"": 3.392853424226835, ""50069"": 2.7663397064836763}","{""50051"": 1333, ""50053"": 0, ""50055"": 0, ""50057"": 0, ""50059"": 0, ""50061"": 0, ""50063"": 0, ""50065"": 0, ""50067"": 0, ""50069"": 0}","{""50051"": 0.024898957625411618, ""50053"": 0.025670918489635944, ""50055"": 0.025670918489635944, ""50057"": 0.025670918489635944, ""50059"": 0.025670918489635944, ""50061"": 0.025670918489635944, ""50063"": 0.025670918489635944, ""50065"": 0.025670918489635944, ""50067"": 0.025670918489635944, ""50069"": 0.025670918489635944}"
28,27,1,85,0.293451,10,"{""50051"": 4.179985874596387, ""50053"": 1.7153858125623913, ""50055"": 1.41401343415323, ""50057"": 1.4600431843869293, ""50059"": 2.4191499106005914, ""50061"": 3.887875885596725, ""50063"": 2.5120088869357726, ""50065"": 2.7600636477879195, ""50067"": 3.392853424226835, ""50069"": 2.7663397064836763}","{""50051"": 1312, ""50053"": 0, ""50055"": 0, ""50057"": 0, ""50059"": 0, ""50061"": 0, ""50063"": 0, ""50065"": 0, ""50067"": 0, ""50069"": 0}","{""50051"": 0.024936608889164418, ""50053"": 0.025696407656195866, ""50055"": 0.025696407656195866, ""50057"": 0.025696407656195866, ""50059"": 0.025696407656195866, ""50061"": 0.025696407656195866, ""50063"": 0.025696407656195866, ""50065"": 0.025696407656195866, ""50067"": 0.025696407656195866, ""50069"": 0.025696407656195866}"
29,28,1,85,0.293446,10,"{""50051"": 4.179985874596387, ""50053"": 1.7153858125623913, ""50055"": 1.41401343415323, ""50057"": 1.4600431843869293, ""50059"": 2.4191499106005914, ""50061"": 3.887875885596725, ""50063"": 2.5120088869357726, ""50065"": 2.7600636477879195, ""50067"": 3.392853424226835, ""50069"": 2.7663397064836763}","{""50051"": 1312, ""50053"": 0, ""50055"": 0, ""50057"": 0, ""50059"": 0, ""50061"": 0, ""50063"": 0, ""50065"": 0, ""50067"": 0, ""50069"": 0}","{""50051"": 0.024936608889164418, ""50053"": 0.025696407656195866, ""50055"": 0.025696407656195866, ""50057"": 0.025696407656195866, ""50059"": 0.025696407656195866, ""50061"": 0.025696407656195866, ""50063"": 0.025696407656195866, ""50065"": 0.025696407656195866, ""50067"": 0.025696407656195866, ""50069"": 0.025696407656195866}"
30,29,1,85,0.292631,10,"{""50051"": 4.179985874596387, ""50053"": 1.7153858125623913, ""50055"": 1.41401343415323, ""50057"": 1.4600431843869293, ""50059"": 2.4191499106005914, ""50061"": 3.887875885596725, ""50063"": 2.5120088869357726, ""50065"": 2.7600636477879195, ""50067"": 3.392853424226835, ""50069"": 2.7663397064836763}","{""50051"": 1312, ""50053"": 0, ""50055"": 0, ""50057"": 0, ""50059"": 0, ""50061"": 0, ""50063"": 0, ""50065"": 0, ""50067"": 0, ""50069"": 0}","{""50051"": 0.024936608889164418, ""50053"": 0.025696407656195866, ""50055"": 0.025696407656195866, ""50057"": 0.025696407656195866, ""50059"": 0.025696407656195866, ""50061"": 0.025696407656195866, ""50063"": 0.025696407656195866, ""50065"": 0.025696407656195866, ""50067"": 0.025696407656195866, ""50069"": 0.025696407656195866}"
31,30,1,85,0.290097,10,"{""50051"": 4.179985874596387, ""50053"": 1.7153858125623913, ""50055"": 1.41401343415323, ""50057"": 1.4600431843869293, ""50059"": 2.4191499106005914, ""50061"": 3.887875885596725, ""50063"": 2.5120088869357726, ""50065"": 2.7600636477879195, ""50067"": 3.392853424226835, ""50069"": 2.7663397064836763}","{""50051"": 1312, ""50053"": 0, ""50055"": 0, ""50057"": 0, ""50059"": 0, ""50061"": 0, ""50063"": 0, ""50065"": 0, ""50067"": 0, ""50069"": 0}","{""50051"": 0.024936608889164418, ""50053"": 0.025696407656195866, ""50055"": 0.025696407656195866, ""50057"": 0.025696407656195866, ""50059"": 0.025696407656195866, ""50061"": 0.025696407656195866, ""50063"": 0.025696407656195866, ""50065"": 0.025696407656195866, ""50067"": 0.025696407656195866, ""50069"": 0.025696407656195866}"
32,31,1,62,0.214205,10,"{""50051"": 4.379985874596387, ""50053"": 1.7153858125623913, ""50055"": 1.41401343415323, ""50057"": 1.4600431843869293, ""50059"": 2.4191499106005914, ""50061"": 3.9164473141681535, ""50063"": 2.540580315507201, ""50065"": 2.7600636477879195, ""50067"": 3.4214248527982636, ""50069"": 2.7663397064836763}","{""50051"": 1293, ""50053"": 0, ""50055"": 0, ""50057"": 0, ""50059"": 0, ""50061"": 0, ""50063"": 0, ""50065"": 0, ""50067"": 0, ""50069"": 0}","{""50051"": 0.024971956686361377, ""50053"": 0.025720753054032805, ""50055"": 0.025720753054032805, ""50057"": 0.025720753054032805, ""50059"": 0.025720753054032805, ""50061"": 0.025720753054032805, ""50063"": 0.025720753054032805, ""50065"": 0.025720753054032805, ""50067"": 0.025720753054032805, ""50069"": 0.025720753054032805}"
33,32,1,51,0.174425,10,"{""50051"": 4.579985874596387, ""50053"": 1.7153858125623913, ""50055"": 1.41401343415323, ""50057"": 1.492192844982392, ""50059"": 2.4191499106005914, ""50061"": 3.9414949383363935, ""50063"": 2.572729976102664, ""50065"": 2.7600636477879195, ""50067"": 3.4535745133937263, ""50069"": 2.7663397064836763}","{""50051"": 1274, ""50053"": 0, ""50055"": 0, ""50057"": 0, ""50059"": 0, ""50061"": 0, ""50063"": 0, ""50065"": 0, ""50067"": 0, ""50069"": 0}","{""50051"": 0.025005236892421744, ""50053"": 0.025743028634279172, ""50055"": 0.025743028634279172, ""50057"": 0.025743028634279172, ""50059"": 0.025743028634279172, ""50061"": 0.025743028634279172, ""50063"": 0.025743028634279172, ""50065"": 0.025743028634279172, ""50067"": 0.025743028634279172, ""50069"": 0.025743028634279172}"
34,33,1,45,0.155362,10,"{""50051"": 4.779985874596387, ""50053"": 1.7439572411338198, ""50055"": 1.41401343415323, ""50057"": 1.492192844982392, ""50059"": 2.4191499106005914, ""50061"": 3.9414949383363935, ""50063"": 2.572729976102664, ""50065"": 2.788635076359348, ""50067"": 3.482145941965155, ""50069"": 2.7663397064836763}","{""50051"": 1257, ""50053"": 0, ""50055"": 0, ""50057"": 0, ""50059"": 0, ""50061"": 0, ""50063"": 0, ""50065"": 0, ""50067"": 0, ""50069"": 0}","{""50051"": 0.025036653556442006, ""50053"": 0.025764600875125776, ""50055"": 0.025764600875125776, ""50057"": 0.025764600875125776, ""50059"": 0.025764600875125776, ""50061"": 0.025764600875125776, ""50063"": 0.025764600875125776, ""50065"": 0.025764600875125776, ""50067"": 0.025764600875125776, ""50069"": 0.025764600875125776}"
35,34,1,45,0.154175,10,"{""50051"": 4.779985874596387, ""50053"": 1.7439572411338198, ""50055"": 1.41401343415323, ""50057"": 1.492192844982392, ""50059"": 2.4191499106005914, ""50061"": 3.9414949383363935, ""50063"": 2.572729976102664, ""50065"": 2.788635076359348, ""50067"": 3.482145941965155, ""50069"": 2.7663397064836763}","{""50051"": 1257, ""50053"": 0, ""50055"": 0, ""50057"": 0, ""50059"": 0, ""50061"": 0, ""50063"": 0, ""50065"": 0, ""50067"": 0, ""50069"": 0}","{""50051"": 0.025036653556442006, ""50053"": 0.025764600875125776, ""50055"": 0.025764600875125776, ""50057"": 0.025764600875125776, ""50059"": 0.025764600875125776, ""50061"": 0.025764600875125776, ""50063"": 0.025764600875125776, ""50065"": 0.025764600875125776, ""50067"": 0.025764600875125776, ""50069"": 0.025764600875125776}"
36,35,1,45,0.154797,10,"{""50051"": 4.779985874596387, ""50053"": 1.7439572411338198, ""50055"": 1.41401343415323, ""50057"": 1.492192844982392, ""50059"": 2.4191499106005914, ""50061"": 3.9414949383363935, ""50063"": 2.572729976102664, ""50065"": 2.788635076359348, ""50067"": 3.482145941965155, ""50069"": 2.7663397064836763}","{""50051"": 1257, ""50053"": 0, ""50055"": 0, ""50057"": 0, ""50059"": 0, ""50061"": 0, ""50063"": 0, ""50065"": 0, ""50067"": 0, ""50069"": 0}","{""50051"": 0.025036653556442006, ""50053"": 0.025764600875125776, ""50055"": 0.025764600875125776, ""50057"": 0.025764600875125776, ""50059"": 0.025764600875125776, ""50061"": 0.025764600875125776, ""50063"": 0.025764600875125776, ""50065"": 0.025764600875125776, ""50067"": 0.025764600875125776, ""50069"": 0.025764600875125776}"
37,36,1,45,0.154350,10,"{""50051"": 4.779985874596387, ""50053"": 1.7439572411338198, ""50055"": 1.41401343415323, ""50057"": 1.492192844982392, ""50059"": 2.4191499106005914, ""50061"": 3.9414949383363935, ""50063"": 2.572729976102664, ""50065"": 2.788635076359348, ""50067"": 3.482145941965155, ""50069"": 2.7663397064836763}","{""50051"": 1257, ""50053"": 0, ""50055"": 0, ""50057"": 0, ""50059"": 0, ""50061"": 0, ""50063"": 0, ""50065"": 0, ""50067"": 0, ""50069"": 0}","{""50051"": 0.025036653556442006, ""50053"": 0.025764600875125776, ""50055"": 0.025764600875125776, ""50057"": 0.025764600875125776, ""50059"": 0.025764600875125776, ""50061"": 0.025764600875125776, ""50063"": 0.025764600875125776, ""50065"": 0.025764600875125776, ""50067"": 0.025764600875125776, ""50069"": 0.025764600875125776}"
38,37,1,43,0.147334,10,"{""50051"": 4.979985874596387, ""50053"": 1.7439572411338198, ""50055"": 1.4935486718034048, ""50057"": 1.492192844982392, ""50059"": 2.4986851482507664, ""50061"": 4.040072240867313, ""50063"": 2.6121033211065408, ""50065"": 2.8747887540459764, ""50067"": 3.6147882802949542, ""50069"": 2.8458749441338513}","{""50051"": 1241, ""50053"": 0, ""50055"": 0, ""50057"": 0, ""50059"": 0, ""50061"": 0, ""50063"": 0, ""50065"": 0, ""50067"": 0, ""50069"": 0}","{""50051"": 0.025066382024568915, ""50053"": 0.02578506422151916, ""50055"": 0.02578506422151916, ""50057"": 0.02578506422151916, ""50059"": 0.02578506422151916, ""50061"": 0.02578506422151916, ""50063"": 0.02578506422151916, ""50065"": 0.02578506422151916, ""50067"": 0.02578506422151916, ""50069"": 0.02578506422151916}"
39,38,1,40,0.137501,10,"{""50051"": 5.179985874596388, ""50053"": 1.7725286697052482, ""50055"": 1.4935486718034048, ""50057"": 1.492192844982392, ""50059"": 2.527256576822195, ""50061"": 4.040072240867313, ""50063"": 2.6121033211065408, ""50065"": 2.903360182617405, ""50067"": 3.6147882802949542, ""50069"": 2.8458749441338513}","{""50051"": 1225, ""50053"": 0, ""50055"": 0, ""50057"": 0, ""50059"": 0, ""50061"": 0, ""50063"": 0, ""50065"": 0, ""50067"": 0, ""50069"": 0}","{""50051"": 0.025094575136925715, ""50053"": 0.025803990487338557, ""50055"": 0.025803990487338557, ""50057"": 0.025803990487338557, ""50059"": 0.025803990487338557, ""50061"": 0.025803990487338557, ""50063"": 0.025803990487338557, ""50065"": 0.025803990487338557, ""50067"": 0.025803990487338557, ""50069"": 0.025803990487338557}"
40,39,1,37,0.112987,10,"{""50051"": 5.379985874596388, ""50053"": 1.8011000982766767, ""50055"": 1.4935486718034048, ""50057"": 1.5207642735538205, ""50059"": 2.527256576822195, ""50061"": 4.040072240867313, ""50063"": 2.6121033211065408, ""50065"": 2.9319316111888334, ""50067"": 3.6147882802949542, ""50069"": 2.8458749441338513}","{""50051"": 1210, ""50053"": 0, ""50055"": 0, ""50057"": 0, ""50059"": 0, ""50061"": 0, ""50063"": 0, ""50065"": 0, ""50067"": 0, ""50069"": 0}","{""50051"": 0.02512136705112961, ""50053"": 0.025822095147639626, ""50055"": 0.025822095147639626, ""50057"": 0.025822095147639626, ""50059"": 0.025822095147639626, ""50061"": 0.025822095147639626, ""50063"": 0.025822095147639626, ""50065"": 0.025822095147639626, ""50067"": 0.025822095147639626, ""50069"": 0.025822095147639626}"
41,40,1,37,0.076189,10,"{""50051"": 5.379985874596388, ""50053"": 1.8011000982766767, ""50055"": 1.4935486718034048, ""50057"": 1.5207642735538205, ""50059"": 2.527256576822195, ""50061"": 4.040072240867313, ""50063"": 2.6121033211065408, ""50065"": 2.9319316111888334, ""50067"": 3.6147882802949542, ""50069"": 2.8458749441338513}","{""50051"": 1210, ""50053"": 0, ""50055"": 0, ""50057"": 0, ""50059"": 0, ""50061"": 0, ""50063"": 0, ""50065"": 0, ""50067"": 0, ""50069"": 0}","{""50051"": 0.02512136705112961, ""50053"": 0.025822095147639626, ""50055"": 0.025822095147639626, ""50057"": 0.025822095147639626, ""50059"": 0.025822095147639626, ""50061"": 0.025822095147639626, ""50063"": 0.025822095147639626, ""50065"": 0.025822095147639626, ""50067"": 0.025822095147639626, ""50069"": 0.025822095147639626}"
42,41,1,37,0.071896,10,"{""50051"": 5.579985874596388, ""50053"": 1.8011000982766767, ""50055"": 1.4935486718034048, ""50057"": 1.5666898079158378, ""50059"": 2.5476329577825894, ""50061"": 4.14117460044104, ""50063"": 2.6121033211065408, ""50065"": 2.9319316111888334, ""50067"": 3.6607138146569715, ""50069"": 2.8918004784958686}","{""50051"": 1196, ""50053"": 0, ""50055"": 0, ""50057"": 0, ""50059"": 0, ""50061"": 0, ""50063"": 0, ""50065"": 0, ""50067"": 0, ""50069"": 0}","{""50051"": 0.025146875709113652, ""50053"": 0.02583949630023115, ""50055"": 0.02583949630023115, ""50057"": 0.02583949630023115, ""50059"": 0.02583949630023115, ""50061"": 0.02583949630023115, ""50063"": 0.02583949630023115, ""50065"": 0.02583949630023115, ""50067"": 0.02583949630023115, ""50069"": 0.02583949630023115}"
43,42,1,37,0.071880,10,"{""50051"": 5.579985874596388, ""50053"": 1.8011000982766767, ""50055"": 1.4935486718034048, ""50057"": 1.5666898079158378, ""50059"": 2.5476329577825894, ""50061"": 4.14117460044104, ""50063"": 2.6121033211065408, ""50065"": 2.9319316111888334, ""50067"": 3.6607138146569715, ""50069"": 2.8918004784958686}","{""50051"": 1196, ""50053"": 0, ""50055"": 0, ""50057"": 0, ""50059"": 0, ""50061"": 0, ""50063"": 0, ""50065"": 0, ""50067"": 0, ""50069"": 0}","{""50051"": 0.025146875709113652, ""50053"": 0.02583949630023115, ""50055"": 0.02583949630023115, ""50057"": 0.02583949630023115, ""50059"": 0.02583949630023115, ""50061"": 0.02583949630023115, ""50063"": 0.02583949630023115, ""50065"": 0.02583949630023115, ""50067"": 0.02583949630023115, ""50069"": 0.02583949630023115}"
44,43,1,37,0.072724,10,"{""50051"": 5.579985874596388, ""50053"": 1.8011000982766767, ""50055"": 1.4935486718034048, ""50057"": 1.5666898079158378, ""50059"": 2.5476329577825894, ""50061"": 4.14117460044104, ""50063"": 2.6121033211065408, ""50065"": 2.9319316111888334, ""50067"": 3.6607138146569715, ""50069"": 2.8918004784958686}","{""50051"": 1196, ""50053"": 0, ""50055"": 0, ""50057"": 0, ""50059"": 0, ""50061"": 0, ""50063"": 0, ""50065"": 0, ""50067"": 0, ""50069"": 0}","{""50051"": 0.025146875709113652, ""50053"": 0.02583949630023115, ""50055"": 0.02583949630023115, ""50057"": 0.02583949630023115, ""50059"": 0.02583949630023115, ""50061"": 0.02583949630023115, ""50063"": 0.02583949630023115, ""50065"": 0.02583949630023115, ""50067"": 0.02583949630023115, ""50069"": 0.02583949630023115}"
45,44,1,36,0.070069,10,"{""50051"": 5.779985874596388, ""50053"": 1.8011000982766767, ""50055"": 1.5221201003748333, ""50057"": 1.5666898079158378, ""50059"": 2.576204386354018, ""50061"": 4.14117460044104, ""50063"": 2.6121033211065408, ""50065"": 2.9319316111888334, ""50067"": 3.6607138146569715, ""50069"": 2.920371907067297}","{""50051"": 1183, ""50053"": 0, ""50055"": 0, ""50057"": 0, ""50059"": 0, ""50061"": 0, ""50063"": 0, ""50065"": 0, ""50067"": 0, ""50069"": 0}","{""50051"": 0.02517120519667478, ""50053"": 0.025856298175213177, ""50055"": 0.025856298175213177, ""50057"": 0.025856298175213177, ""50059"": 0.025856298175213177, ""50061"": 0.025856298175213177, ""50063"": 0.025856298175213177, ""50065"": 0.025856298175213177, ""50067"": 0.025856298175213177, ""50069"": 0.025856298175213177}"
46,45,1,34,0.066792,10,"{""50051"": 5.979985874596388, ""50053"": 1.8296715268481052, ""50055"": 1.5221201003748333, ""50057"": 1.5666898079158378, ""50059"": 2.576204386354018, ""50061"": 4.14117460044104, ""50063"": 2.6406747496779692, ""50065"": 2.9319316111888334, ""50067"": 3.6607138146569715, ""50069"": 2.9489433356387256}","{""50051"": 1170, ""50053"": 0, ""50055"": 0, ""50057"": 0, ""50059"": 0, ""50061"": 0, ""50063"": 0, ""50065"": 0, ""50067"": 0, ""50069"": 0}","{""50051"": 0.025194447660680033, ""50053"": 0.025872011748956994, ""50055"": 0.025872011748956994, ""50057"": 0.025872011748956994, ""50059"": 0.025872011748956994, ""50061"": 0.025872011748956994, ""50063"": 0.025872011748956994, ""50065"": 0.025872011748956994, ""50067"": 0.025872011748956994, ""50069"": 0.025872011748956994}"
47,46,1,34,0.066339,10,"{""50051"": 6.1799858745963885, ""50053"": 1.8296715268481052, ""50055"": 1.5221201003748333, ""50057"": 1.5666898079158378, ""50059"": 2.6047758149254463, ""50061"": 4.169746029012469, ""50063"": 2.6406747496779692, ""50065"": 2.9319316111888334, ""50067"": 3.6607138146569715, ""50069"": 2.977514764210154}","{""50051"": 1158, ""50053"": 0, ""50055"": 0, ""50057"": 0, ""50059"": 0, ""50061"": 0, ""50063"": 0, ""50065"": 0, ""50067"": 0, ""50069"": 0}","{""50051"": 0.025216685811457345, ""50053"": 0.02588730111692572, ""50055"": 0.02588730111692572, ""50057"": 0.02588730111692572, ""50059"": 0.02588730111692572, ""50061"": 0.02588730111692572, ""50063"": 0.02588730111692572, ""50065"": 0.02588730111692572, ""50067"": 0.02588730111692572, ""50069"": 0.02588730111692572}"
48,47,1,34,0.067080,10,"{""50051"": 6.1799858745963885, ""50053"": 1.8296715268481052, ""50055"": 1.5221201003748333, ""50057"": 1.5666898079158378, ""50059"": 2.6047758149254463, ""50061"": 4.169746029012469, ""50063"": 2.6406747496779692, ""50065"": 2.9319316111888334, ""50067"": 3.6607138146569715, ""50069"": 2.977514764210154}","{""50051"": 1158, ""50053"": 0, ""50055"": 0, ""50057"": 0, ""50059"": 0, ""50061"": 0, ""50063"": 0, ""50065"": 0, ""50067"": 0, ""50069"": 0}","{""50051"": 0.025216685811457345, ""50053"": 0.02588730111692572, ""50055"": 0.02588730111692572, ""50057"": 0.02588730111692572, ""50059"": 0.02588730111692572, ""50061"": 0.02588730111692572, ""50063"": 0.02588730111692572, ""50065"": 0.02588730111692572, ""50067"": 0.02588730111692572, ""50069"": 0.02588730111692572}"
49,48,1,33,0.064852,10,"{""50051"": 6.379985874596389, ""50053"": 1.8296715268481052, ""50055"": 1.5506915289462617, ""50057"": 1.5666898079158378, ""50059"": 2.6047758149254463, ""50061"": 4.198317457583897, ""50063"": 2.6406747496779692, ""50065"": 2.960503039760262, ""50067"": 3.6607138146569715, ""50069"": 2.977514764210154}","{""50051"": 1146, ""50053"": 0, ""50055"": 0, ""50057"": 0, ""50059"": 0, ""50061"": 0, ""50063"": 0, ""50065"": 0, ""50067"": 0, ""50069"": 0}","{""50051"": 0.02523799322781346, ""50053"": 0.025901658626993146, ""50055"": 0.025901658626993146, ""50057"": 0.025901658626993146, ""50059"": 0.025901658626993146, ""50061"": 0.025901658626993146, ""50063"": 0.025901658626993146, ""50065"": 0.025901658626993146, ""50067"": 0.025901658626993146, ""50069"": 0.025901658626993146}"
50,49,1,33,0.064166,10,"{""50051"": 6.379985874596389, ""50053"": 1.8296715268481052, ""50055"": 1.5506915289462617, ""50057"": 1.5666898079158378, ""50059"": 2.6047758149254463, ""50061"": 4.198317457583897, ""50063"": 2.6406747496779692, ""50065"": 2.960503039760262, ""50067"": 3.6607138146569715, ""50069"": 2.977514764210154}","{""50051"": 1146, ""50053"": 0, ""50055"": 0, ""50057"": 0, ""50059"": 0, ""50061"": 0, ""50063"": 0, ""50065"": 0, ""50067"": 0, ""50069"": 0}","{""50051"": 0.02523799322781346, ""50053"": 0.025901658626993146, ""50055"": 0.025901658626993146, ""50057"": 0.025901658626993146, ""50059"": 0.025901658626993146, ""50061"": 0.025901658626993146, ""50063"": 0.025901658626993146, ""50065"": 0.025901658626993146, ""50067"": 0.025901658626993146, ""50069"": 0.025901658626993146}"
51,50,1,33,0.064661,10,"{""50051"": 6.379985874596389, ""50053"": 1.8296715268481052, ""50055"": 1.5506915289462617, ""50057"": 1.5666898079158378, ""50059"": 2.6047758149254463, ""50061"": 4.198317457583897, ""50063"": 2.6406747496779692, ""50065"": 2.960503039760262, ""50067"": 3.6607138146569715, ""50069"": 2.977514764210154}","{""50051"": 1146, ""50053"": 0, ""50055"": 0, ""50057"": 0, ""50059"": 0, ""50061"": 0, ""50063"": 0, ""50065"": 0, ""50067"": 0, ""50069"": 0}","{""50051"": 0.02523799322781346, ""50053"": 0.025901658626993146, ""50055"": 0.025901658626993146, ""50057"": 0.025901658626993146, ""50059"": 0.025901658626993146, ""50061"": 0.025901658626993146, ""50063"": 0.025901658626993146, ""50065"": 0.025901658626993146, ""50067"": 0.025901658626993146, ""50069"": 0.025901658626993146}"
52,51,1,33,0.063933,10,"{""50051"": 6.379985874596389, ""50053"": 1.8296715268481052, ""50055"": 1.5506915289462617, ""50057"": 1.5666898079158378, ""50059"": 2.6047758149254463, ""50061"": 4.198317457583897, ""50063"": 2.6406747496779692, ""50065"": 2.960503039760262, ""50067"": 3.6607138146569715, ""50069"": 2.977514764210154}","{""50051"": 1146, ""50053"": 0, ""50055"": 0, ""50057"": 0, ""50059"": 0, ""50061"": 0, ""50063"": 0, ""50065"": 0, ""50067"": 0, ""50069"": 0}","{""50051"": 0.02523799322781346, ""50053"": 0.025901658626993146, ""50055"": 0.025901658626993146, ""50057"": 0.025901658626993146, ""50059"": 0.025901658626993146, ""50061"": 0.025901658626993146, ""50063"": 0.025901658626993146, ""50065"": 0.025901658626993146, ""50067"": 0.025901658626993146, ""50069"": 0.025901658626993146}"
53,52,1,33,0.066257,10,"{""50051"": 6.379985874596389, ""50053"": 1.8296715268481052, ""50055"": 1.5506915289462617, ""50057"": 1.5666898079158378, ""50059"": 2.6047758149254463, ""50061"": 4.198317457583897, ""50063"": 2.6406747496779692, ""50065"": 2.960503039760262, ""50067"": 3.6607138146569715, ""50069"": 2.977514764210154}","{""50051"": 1146, ""50053"": 0, ""50055"": 0, ""50057"": 0, ""50059"": 0, ""50061"": 0, ""50063"": 0, ""50065"": 0, ""50067"": 0, ""50069"": 0}","{""50051"": 0.02523799322781346, ""50053"": 0.025901658626993146, ""50055"": 0.025901658626993146, ""50057"": 0.025901658626993146, ""50059"": 0.025901658626993146, ""50061"": 0.025901658626993146, ""50063"": 0.025901658626993146, ""50065"": 0.025901658626993146, ""50067"": 0.025901658626993146, ""50069"": 0.025901658626993146}"
54,53,1,32,0.064198,10,"{""50051"": 6.579985874596389, ""50053"": 1.8296715268481052, ""50055"": 1.5506915289462617, ""50057"": 1.5952612364872663, ""50059"": 2.6333472434968748, ""50061"": 4.198317457583897, ""50063"": 2.6406747496779692, ""50065"": 2.9890744683316903, ""50067"": 3.6607138146569715, ""50069"": 2.977514764210154}","{""50051"": 1134, ""50053"": 0, ""50055"": 0, ""50057"": 0, ""50059"": 0, ""50061"": 0, ""50063"": 0, ""50065"": 0, ""50067"": 0, ""50069"": 0}","{""50051"": 0.025258435952375653, ""50053"": 0.02591515036639537, ""50055"": 0.02591515036639537, ""50057"": 0.02591515036639537, ""50059"": 0.02591515036639537, ""50061"": 0.02591515036639537, ""50063"": 0.02591515036639537, ""50065"": 0.02591515036639537, ""50067"": 0.02591515036639537, ""50069"": 0.02591515036639537}"
55,54,1,32,0.063853,10,"{""50051"": 6.579985874596389, ""50053"": 1.8296715268481052, ""50055"": 1.5506915289462617, ""50057"": 1.5952612364872663, ""50059"": 2.6333472434968748, ""50061"": 4.198317457583897, ""50063"": 2.6406747496779692, ""50065"": 2.9890744683316903, ""50067"": 3.6607138146569715, ""50069"": 2.977514764210154}","{""50051"": 1134, ""50053"": 0, ""50055"": 0, ""50057"": 0, ""50059"": 0, ""50061"": 0, ""50063"": 0, ""50065"": 0, ""50067"": 0, ""50069"": 0}","{""50051"": 0.025258435952375653, ""50053"": 0.02591515036639537, ""50055"": 0.02591515036639537, ""50057"": 0.02591515036639537, ""50059"": 0.02591515036639537, ""50061"": 0.02591515036639537, ""50063"": 0.02591515036639537, ""50065"": 0.02591515036639537, ""50067"": 0.02591515036639537, ""50069"": 0.02591515036639537}"
56,55,1,32,0.077945,10,"{""50051"": 6.779985874596389, ""50053"": 1.8604696450850875, ""50055"": 1.5506915289462617, ""50057"": 1.6260593547242486, ""50059"": 2.6489340711557516, ""50061"": 4.22911557582088, ""50063"": 2.6406747496779692, ""50065"": 2.9890744683316903, ""50067"": 3.6607138146569715, ""50069"": 2.977514764210154}","{""50051"": 1124, ""50053"": 0, ""50055"": 0, ""50057"": 0, ""50059"": 0, ""50061"": 0, ""50063"": 0, ""50065"": 0, ""50067"": 0, ""50069"": 0}","{""50051"": 0.025278074672005917, ""50053"": 0.025928999862545113, ""50055"": 0.025928999862545113, ""50057"": 0.025928999862545113, ""50059"": 0.025928999862545113, ""50061"": 0.025928999862545113, ""50063"": 0.025928999862545113, ""50065"": 0.025928999862545113, ""50067"": 0.025928999862545113, ""50069"": 0.025928999862545113}"
57,56,1,32,0.068784,10,"{""50051"": 6.779985874596389, ""50053"": 1.8604696450850875, ""50055"": 1.5506915289462617, ""50057"": 1.6260593547242486, ""50059"": 2.6489340711557516, ""50061"": 4.22911557582088, ""50063"": 2.6406747496779692, ""50065"": 2.9890744683316903, ""50067"": 3.6607138146569715, ""50069"": 2.977514764210154}","{""50051"": 1124, ""50053"": 0, ""50055"": 0, ""50057"": 0, ""50059"": 0, ""50061"": 0, ""50063"": 0, ""50065"": 0, ""50067"": 0, ""50069"": 0}","{""50051"": 0.025278074672005917, ""50053"": 0.025928999862545113, ""50055"": 0.025928999862545113, ""50057"": 0.025928999862545113, ""50059"": 0.025928999862545113, ""50061"": 0.025928999862545113, ""50063"": 0.025928999862545113, ""50065"": 0.025928999862545113, ""50067"": 0.025928999862545113, ""50069"": 0.025928999862545113}"
58,57,1,32,0.062258,10,"{""50051"": 6.779985874596389, ""50053"": 1.8604696450850875, ""50055"": 1.5506915289462617, ""50057"": 1.6260593547242486, ""50059"": 2.6489340711557516, ""50061"": 4.22911557582088, ""50063"": 2.6406747496779692, ""50065"": 2.9890744683316903, ""50067"": 3.6607138146569715, ""50069"": 2.977514764210154}","{""50051"": 1124, ""50053"": 0, ""50055"": 0, ""50057"": 0, ""50059"": 0, ""50061"": 0, ""50063"": 0, ""50065"": 0, ""50067"": 0, ""50069"": 0}","{""50051"": 0.025278074672005917, ""50053"": 0.025928999862545113, ""50055"": 0.025928999862545113, ""50057"": 0.025928999862545113, ""50059"": 0.025928999862545113, ""50061"": 0.025928999862545113, ""50063"": 0.025928999862545113, ""50065"": 0.025928999862545113, ""50067"": 0.025928999862545113, ""50069"": 0.025928999862545113}"
59,58,1,32,0.062555,10,"{""50051"": 6.779985874596389, ""50053"": 1.8604696450850875, ""50055"": 1.5506915289462617, ""50057"": 1.6260593547242486, ""50059"": 2.6489340711557516, ""50061"": 4.22911557582088, ""50063"": 2.6406747496779692, ""50065"": 2.9890744683316903, ""50067"": 3.6607138146569715, ""50069"": 2.977514764210154}","{""50051"": 1124, ""50053"": 0, ""50055"": 0, ""50057"": 0, ""50059"": 0, ""50061"": 0, ""50063"": 0, ""50065"": 0, ""50067"": 0, ""50069"": 0}","{""50051"": 0.025278074672005917, ""50053"": 0.025928999862545113, ""50055"": 0.025928999862545113, ""50057"": 0.025928999862545113, ""50059"": 0.025928999862545113, ""50061"": 0.025928999862545113, ""50063"": 0.025928999862545113, ""50065"": 0.025928999862545113, ""50067"": 0.025928999862545113, ""50069"": 0.025928999862545113}"
60,59,1,32,0.062248,10,"{""50051"": 6.779985874596389, ""50053"": 1.8604696450850875, ""50055"": 1.5506915289462617, ""50057"": 1.6260593547242486, ""50059"": 2.6489340711557516, ""50061"": 4.22911557582088, ""50063"": 2.6406747496779692, ""50065"": 2.9890744683316903, ""50067"": 3.6607138146569715, ""50069"": 2.977514764210154}","{""50051"": 1124, ""50053"": 0, ""50055"": 0, ""50057"": 0, ""50059"": 0, ""50061"": 0, ""50063"": 0, ""50065"": 0, ""50067"": 0, ""50069"": 0}","{""50051"": 0.025278074672005917, ""50053"": 0.025928999862545113, ""50055"": 0.025928999862545113, ""50057"": 0.025928999862545113, ""50059"": 0.025928999862545113, ""50061"": 0.025928999862545113, ""50063"": 0.025928999862545113, ""50065"": 0.025928999862545113, ""50067"": 0.025928999862545113, ""50069"": 0.025928999862545113}"
61,60,1,32,0.062327,10,"{""50051"": 6.779985874596389, ""50053"": 1.8604696450850875, ""50055"": 1.5506915289462617, ""50057"": 1.6260593547242486, ""50059"": 2.6489340711557516, ""50061"": 4.22911557582088, ""50063"": 2.6406747496779692, ""50065"": 2.9890744683316903, ""50067"": 3.6607138146569715, ""50069"": 2.977514764210154}","{""50051"": 1124, ""50053"": 0, ""50055"": 0, ""50057"": 0, ""50059"": 0, ""50061"": 0, ""50063"": 0, ""50065"": 0, ""50067"": 0, ""50069"": 0}","{""50051"": 0.025278074672005917, ""50053"": 0.025928999862545113, ""50055"": 0.025928999862545113, ""50057"": 0.025928999862545113, ""50059"": 0.025928999862545113, ""50061"": 0.025928999862545113, ""50063"": 0.025928999862545113, ""50065"": 0.025928999862545113, ""50067"": 0.025928999862545113, ""50069"": 0.025928999862545113}"
62,61,1,32,0.062145,10,"{""50051"": 6.779985874596389, ""50053"": 1.8604696450850875, ""50055"": 1.5506915289462617, ""50057"": 1.6260593547242486, ""50059"": 2.6489340711557516, ""50061"": 4.22911557582088, ""50063"": 2.6406747496779692, ""50065"": 2.9890744683316903, ""50067"": 3.6607138146569715, ""50069"": 2.977514764210154}","{""50051"": 1124, ""50053"": 0, ""50055"": 0, ""50057"": 0, ""50059"": 0, ""50061"": 0, ""50063"": 0, ""50065"": 0, ""50067"": 0, ""50069"": 0}","{""50051"": 0.025278074672005917, ""50053"": 0.025928999862545113, ""50055"": 0.025928999862545113, ""50057"": 0.025928999862545113, ""50059"": 0.025928999862545113, ""50061"": 0.025928999862545113, ""50063"": 0.025928999862545113, ""50065"": 0.025928999862545113, ""50067"": 0.025928999862545113, ""50069"": 0.025928999862545113}"
63,62,1,32,0.063002,10,"{""50051"": 6.779985874596389, ""50053"": 1.8604696450850875, ""50055"": 1.5506915289462617, ""50057"": 1.6260593547242486, ""50059"": 2.6489340711557516, ""50061"": 4.22911557582088, ""50063"": 2.6406747496779692, ""50065"": 2.9890744683316903, ""50067"": 3.6607138146569715, ""50069"": 2.977514764210154}","{""50051"": 1124, ""50053"": 0, ""50055"": 0, ""50057"": 0, ""50059"": 0, ""50061"": 0, ""50063"": 0, ""50065"": 0, ""50067"": 0, ""50069"": 0}","{""50051"": 0.025278074672005917, ""50053"": 0.025928999862545113, ""50055"": 0.025928999862545113, ""50057"": 0.025928999862545113, ""50059"": 0.025928999862545113, ""50061"": 0.025928999862545113, ""50063"": 0.025928999862545113, ""50065"": 0.025928999862545113, ""50067"": 0.025928999862545113, ""50069"": 0.025928999862545113}"
64,63,1,31,0.064651,10,"{""50051"": 6.979985874596389, ""50053"": 1.8604696450850875, ""50055"": 1.5792629575176902, ""50057"": 1.654630783295677, ""50059"": 2.6489340711557516, ""50061"": 4.22911557582088, ""50063"": 2.6692461782493977, ""50065"": 2.9890744683316903, ""50067"": 3.6607138146569715, ""50069"": 2.977514764210154}","{""50051"": 1113, ""50053"": 0, ""50055"": 0, ""50057"": 0, ""50059"": 0, ""50061"": 0, ""50063"": 0, ""50065"": 0, ""50067"": 0, ""50069"": 0}","{""50051"": 0.02529696216889336, ""50053"": 0.025941515807496138, ""50055"": 0.025941515807496138, ""50057"": 0.025941515807496138, ""50059"": 0.025941515807496138, ""50061"": 0.025941515807496138, ""50063"": 0.025941515807496138, ""50065"": 0.025941515807496138, ""50067"": 0.025941515807496138, ""50069"": 0.025941515807496138}"
65,64,1,31,0.060700,10,"{""50051"": 6.979985874596389, ""50053"": 1.8604696450850875, ""50055"": 1.5792629575176902, ""50057"": 1.654630783295677, ""50059"": 2.6489340711557516, ""50061"": 4.22911557582088, ""50063"": 2.6692461782493977, ""50065"": 2.9890744683316903, ""50067"": 3.6607138146569715, ""50069"": 2.977514764210154}","{""50051"": 1113, ""50053"": 0, ""50055"": 0, ""50057"": 0, ""50059"": 0, ""50061"": 0, ""50063"": 0, ""50065"": 0, ""50067"": 0, ""50069"": 0}","{""50051"": 0.02529696216889336, ""50053"": 0.025941515807496138, ""50055"": 0.025941515807496138, ""50057"": 0.025941515807496138, ""50059"": 0.025941515807496138, ""50061"": 0.025941515807496138, ""50063"": 0.025941515807496138, ""50065"": 0.025941515807496138, ""50067"": 0.025941515807496138, ""50069"": 0.025941515807496138}"
66,65,1,31,0.061606,10,"{""50051"": 6.979985874596389, ""50053"": 1.8604696450850875, ""50055"": 1.5792629575176902, ""50057"": 1.654630783295677, ""50059"": 2.6489340711557516, ""50061"": 4.22911557582088, ""50063"": 2.6692461782493977, ""50065"": 2.9890744683316903, ""50067"": 3.6607138146569715, ""50069"": 2.977514764210154}","{""50051"": 1113, ""50053"": 0, ""50055"": 0, ""50057"": 0, ""50059"": 0, ""50061"": 0, ""50063"": 0, ""50065"": 0, ""50067"": 0, ""50069"": 0}","{""50051"": 0.02529696216889336, ""50053"": 0.025941515807496138, ""50055"": 0.025941515807496138, ""50057"": 0.025941515807496138, ""50059"": 0.025941515807496138, ""50061"": 0.025941515807496138, ""50063"": 0.025941515807496138, ""50065"": 0.025941515807496138, ""50067"": 0.025941515807496138, ""50069"": 0.025941515807496138}"
67,66,1,31,0.060537,10,"{""50051"": 6.979985874596389, ""50053"": 1.8604696450850875, ""50055"": 1.5792629575176902, ""50057"": 1.654630783295677, ""50059"": 2.6489340711557516, ""50061"": 4.22911557582088, ""50063"": 2.6692461782493977, ""50065"": 2.9890744683316903, ""50067"": 3.6607138146569715, ""50069"": 2.977514764210154}","{""50051"": 1113, ""50053"": 0, ""50055"": 0, ""50057"": 0, ""50059"": 0, ""50061"": 0, ""50063"": 0, ""50065"": 0, ""50067"": 0, ""50069"": 0}","{""50051"": 0.02529696216889336, ""50053"": 0.025941515807496138, ""50055"": 0.025941515807496138, ""50057"": 0.025941515807496138, ""50059"": 0.025941515807496138, ""50061"": 0.025941515807496138, ""50063"": 0.025941515807496138, ""50065"": 0.025941515807496138, ""50067"": 0.025941515807496138, ""50069"": 0.025941515807496138}"
68,67,1,31,0.060481,10,"{""50051"": 6.979985874596389, ""50053"": 1.8604696450850875, ""50055"": 1.5792629575176902, ""50057"": 1.654630783295677, ""50059"": 2.6489340711557516, ""50061"": 4.22911557582088, ""50063"": 2.6692461782493977, ""50065"": 2.9890744683316903, ""50067"": 3.6607138146569715, ""50069"": 2.977514764210154}","{""50051"": 1113, ""50053"": 0, ""50055"": 0, ""50057"": 0, ""50059"": 0, ""50061"": 0, ""50063"": 0, ""50065"": 0, ""50067"": 0, ""50069"": 0}","{""50051"": 0.02529696216889336, ""50053"": 0.025941515807496138, ""50055"": 0.025941515807496138, ""50057"": 0.025941515807496138, ""50059"": 0.025941515807496138, ""50061"": 0.025941515807496138, ""50063"": 0.025941515807496138, ""50065"": 0.025941515807496138, ""50067"": 0.025941515807496138, ""50069"": 0.025941515807496138}"
69,68,1,31,0.061716,10,"{""50051"": 6.979985874596389, ""50053"": 1.8604696450850875, ""50055"": 1.5792629575176902, ""50057"": 1.654630783295677, ""50059"": 2.6489340711557516, ""50061"": 4.22911557582088, ""50063"": 2.6692461782493977, ""50065"": 2.9890744683316903, ""50067"": 3.6607138146569715, ""50069"": 2.977514764210154}","{""50051"": 1113, ""50053"": 0, ""50055"": 0, ""50057"": 0, ""50059"": 0, ""50061"": 0, ""50063"": 0, ""50065"": 0, ""50067"": 0, ""50069"": 0}","{""50051"": 0.02529696216889336, ""50053"": 0.025941515807496138, ""50055"": 0.025941515807496138, ""50057"": 0.025941515807496138, ""50059"": 0.025941515807496138, ""50061"": 0.025941515807496138, ""50063"": 0.025941515807496138, ""50065"": 0.025941515807496138, ""50067"": 0.025941515807496138, ""50069"": 0.025941515807496138}"
70,69,1,31,0.063671,10,"{""50051"": 6.979985874596389, ""50053"": 1.8604696450850875, ""50055"": 1.5792629575176902, ""50057"": 1.654630783295677, ""50059"": 2.6489340711557516, ""50061"": 4.22911557582088, ""50063"": 2.6692461782493977, ""50065"": 2.9890744683316903, ""50067"": 3.6607138146569715, ""50069"": 2.977514764210154}","{""50051"": 1113, ""50053"": 0, ""50055"": 0, ""50057"": 0, ""50059"": 0, ""50061"": 0, ""50063"": 0, ""50065"": 0, ""50067"": 0, ""50069"": 0}","{""50051"": 0.02529696216889336, ""50053"": 0.025941515807496138, ""50055"": 0.025941515807496138, ""50057"": 0.025941515807496138, ""50059"": 0.025941515807496138, ""50061"": 0.025941515807496138, ""50063"": 0.025941515807496138, ""50065"": 0.025941515807496138, ""50067"": 0.025941515807496138, ""50069"": 0.025941515807496138}"
71,70,1,31,0.076088,10,"{""50051"": 6.979985874596389, ""50053"": 1.8604696450850875, ""50055"": 1.5792629575176902, ""50057"": 1.654630783295677, ""50059"": 2.6489340711557516, ""50061"": 4.22911557582088, ""50063"": 2.6692461782493977, ""50065"": 2.9890744683316903, ""50067"": 3.6607138146569715, ""50069"": 2.977514764210154}","{""50051"": 1113, ""50053"": 0, ""50055"": 0, ""50057"": 0, ""50059"": 0, ""50061"": 0, ""50063"": 0, ""50065"": 0, ""50067"": 0, ""50069"": 0}","{""50051"": 0.02529696216889336, ""50053"": 0.025941515807496138, ""50055"": 0.025941515807496138, ""50057"": 0.025941515807496138, ""50059"": 0.025941515807496138, ""50061"": 0.025941515807496138, ""50063"": 0.025941515807496138, ""50065"": 0.025941515807496138, ""50067"": 0.025941515807496138, ""50069"": 0.025941515807496138}"
72,71,1,31,0.066179,10,"{""50051"": 6.979985874596389, ""50053"": 1.8604696450850875, ""50055"": 1.5792629575176902, ""50057"": 1.654630783295677, ""50059"": 2.6489340711557516, ""50061"": 4.22911557582088, ""50063"": 2.6692461782493977, ""50065"": 2.9890744683316903, ""50067"": 3.6607138146569715, ""50069"": 2.977514764210154}","{""50051"": 1113, ""50053"": 0, ""50055"": 0, ""50057"": 0, ""50059"": 0, ""50061"": 0, ""50063"": 0, ""50065"": 0, ""50067"": 0, ""50069"": 0}","{""50051"": 0.02529696216889336, ""50053"": 0.025941515807496138, ""50055"": 0.025941515807496138, ""50057"": 0.025941515807496138, ""50059"": 0.025941515807496138, ""50061"": 0.025941515807496138, ""50063"": 0.025941515807496138, ""50065"": 0.025941515807496138, ""50067"": 0.025941515807496138, ""50069"": 0.025941515807496138}"
73,72,1,31,0.066701,10,"{""50051"": 6.979985874596389, ""50053"": 1.8604696450850875, ""50055"": 1.5792629575176902, ""50057"": 1.654630783295677, ""50059"": 2.6489340711557516, ""50061"": 4.22911557582088, ""50063"": 2.6692461782493977, ""50065"": 2.9890744683316903, ""50067"": 3.6607138146569715, ""50069"": 2.977514764210154}","{""50051"": 1113, ""50053"": 0, ""50055"": 0, ""50057"": 0, ""50059"": 0, ""50061"": 0, ""50063"": 0, ""50065"": 0, ""50067"": 0, ""50069"": 0}","{""50051"": 0.02529696216889336, ""50053"": 0.025941515807496138, ""50055"": 0.025941515807496138, ""50057"": 0.025941515807496138, ""50059"": 0.025941515807496138, ""50061"": 0.025941515807496138, ""50063"": 0.025941515807496138, ""50065"": 0.025941515807496138, ""50067"": 0.025941515807496138, ""50069"": 0.025941515807496138}"
74,73,1,31,0.065864,10,"{""50051"": 6.979985874596389, ""50053"": 1.8604696450850875, ""50055"": 1.5792629575176902, ""50057"": 1.654630783295677, ""50059"": 2.6489340711557516, ""50061"": 4.22911557582088, ""50063"": 2.6692461782493977, ""50065"": 2.9890744683316903, ""50067"": 3.6607138146569715, ""50069"": 2.977514764210154}","{""50051"": 1113, ""50053"": 0, ""50055"": 0, ""50057"": 0, ""50059"": 0, ""50061"": 0, ""50063"": 0, ""50065"": 0, ""50067"": 0, ""50069"": 0}","{""50051"": 0.02529696216889336, ""50053"": 0.025941515807496138, ""50055"": 0.025941515807496138, ""50057"": 0.025941515807496138, ""50059"": 0.025941515807496138, ""50061"": 0.025941515807496138, ""50063"": 0.025941515807496138, ""50065"": 0.025941515807496138, ""50067"": 0.025941515807496138, ""50069"": 0.025941515807496138}"
75,74,1,31,0.062541,10,"{""50051"": 6.979985874596389, ""50053"": 1.8604696450850875, ""50055"": 1.5792629575176902, ""50057"": 1.654630783295677, ""50059"": 2.6489340711557516, ""50061"": 4.22911557582088, ""50063"": 2.6692461782493977, ""50065"": 2.9890744683316903, ""50067"": 3.6607138146569715, ""50069"": 2.977514764210154}","{""50051"": 1113, ""50053"": 0, ""50055"": 0, ""50057"": 0, ""50059"": 0, ""50061"": 0, ""50063"": 0, ""50065"": 0, ""50067"": 0, ""50069"": 0}","{""50051"": 0.02529696216889336, ""50053"": 0.025941515807496138, ""50055"": 0.025941515807496138, ""50057"": 0.025941515807496138, ""50059"": 0.025941515807496138, ""50061"": 0.025941515807496138, ""50063"": 0.025941515807496138, ""50065"": 0.025941515807496138, ""50067"": 0.025941515807496138, ""50069"": 0.025941515807496138}"
76,75,1,31,0.060843,10,"{""50051"": 6.979985874596389, ""50053"": 1.8604696450850875, ""50055"": 1.5792629575176902, ""50057"": 1.654630783295677, ""50059"": 2.6489340711557516, ""50061"": 4.22911557582088, ""50063"": 2.6692461782493977, ""50065"": 2.9890744683316903, ""50067"": 3.6607138146569715, ""50069"": 2.977514764210154}","{""50051"": 1113, ""50053"": 0, ""50055"": 0, ""50057"": 0, ""50059"": 0, ""50061"": 0, ""50063"": 0, ""50065"": 0, ""50067"": 0, ""50069"": 0}","{""50051"": 0.02529696216889336, ""50053"": 0.025941515807496138, ""50055"": 0.025941515807496138, ""50057"": 0.025941515807496138, ""50059"": 0.025941515807496138, ""50061"": 0.025941515807496138, ""50063"": 0.025941515807496138, ""50065"": 0.025941515807496138, ""50067"": 0.025941515807496138, ""50069"": 0.025941515807496138}"
77,76,1,31,0.060695,10,"{""50051"": 6.979985874596389, ""50053"": 1.8604696450850875, ""50055"": 1.5792629575176902, ""50057"": 1.654630783295677, ""50059"": 2.6489340711557516, ""50061"": 4.22911557582088, ""50063"": 2.6692461782493977, ""50065"": 2.9890744683316903, ""50067"": 3.6607138146569715, ""50069"": 2.977514764210154}","{""50051"": 1113, ""50053"": 0, ""50055"": 0, ""50057"": 0, ""50059"": 0, ""50061"": 0, ""50063"": 0, ""50065"": 0, ""50067"": 0, ""50069"": 0}","{""50051"": 0.02529696216889336, ""50053"": 0.025941515807496138, ""50055"": 0.025941515807496138, ""50057"": 0.025941515807496138, ""50059"": 0.025941515807496138, ""50061"": 0.025941515807496138, ""50063"": 0.025941515807496138, ""50065"": 0.025941515807496138, ""50067"": 0.025941515807496138, ""50069"": 0.025941515807496138}"
78,77,1,31,0.061391,10,"{""50051"": 6.979985874596389, ""50053"": 1.8604696450850875, ""50055"": 1.5792629575176902, ""50057"": 1.654630783295677, ""50059"": 2.6489340711557516, ""50061"": 4.22911557582088, ""50063"": 2.6692461782493977, ""50065"": 2.9890744683316903, ""50067"": 3.6607138146569715, ""50069"": 2.977514764210154}","{""50051"": 1113, ""50053"": 0, ""50055"": 0, ""50057"": 0, ""50059"": 0, ""50061"": 0, ""50063"": 0, ""50065"": 0, ""50067"": 0, ""50069"": 0}","{""50051"": 0.02529696216889336, ""50053"": 0.025941515807496138, ""50055"": 0.025941515807496138, ""50057"": 0.025941515807496138, ""50059"": 0.025941515807496138, ""50061"": 0.025941515807496138, ""50063"": 0.025941515807496138, ""50065"": 0.025941515807496138, ""50067"": 0.025941515807496138, ""50069"": 0.025941515807496138}"
79,78,1,31,0.065142,10,"{""50051"": 6.979985874596389, ""50053"": 1.8604696450850875, ""50055"": 1.5792629575176902, ""50057"": 1.654630783295677, ""50059"": 2.6489340711557516, ""50061"": 4.22911557582088, ""50063"": 2.6692461782493977, ""50065"": 2.9890744683316903, ""50067"": 3.6607138146569715, ""50069"": 2.977514764210154}","{""50051"": 1113, ""50053"": 0, ""50055"": 0, ""50057"": 0, ""50059"": 0, ""50061"": 0, ""50063"": 0, ""50065"": 0, ""50067"": 0, ""50069"": 0}","{""50051"": 0.02529696216889336, ""50053"": 0.025941515807496138, ""50055"": 0.025941515807496138, ""50057"": 0.025941515807496138, ""50059"": 0.025941515807496138, ""50061"": 0.025941515807496138, ""50063"": 0.025941515807496138, ""50065"": 0.025941515807496138, ""50067"": 0.025941515807496138, ""50069"": 0.025941515807496138}"
80,79,1,31,0.063345,10,"{""50051"": 6.979985874596389, ""50053"": 1.8604696450850875, ""50055"": 1.5792629575176902, ""50057"": 1.654630783295677, ""50059"": 2.6489340711557516, ""50061"": 4.22911557582088, ""50063"": 2.6692461782493977, ""50065"": 2.9890744683316903, ""50067"": 3.6607138146569715, ""50069"": 2.977514764210154}","{""50051"": 1113, ""50053"": 0, ""50055"": 0, ""50057"": 0, ""50059"": 0, ""50061"": 0, ""50063"": 0, ""50065"": 0, ""50067"": 0, ""50069"": 0}","{""50051"": 0.02529696216889336, ""50053"": 0.025941515807496138, ""50055"": 0.025941515807496138, ""50057"": 0.025941515807496138, ""50059"": 0.025941515807496138, ""50061"": 0.025941515807496138, ""50063"": 0.025941515807496138, ""50065"": 0.025941515807496138, ""50067"": 0.025941515807496138, ""50069"": 0.025941515807496138}"
81,80,1,31,0.061270,10,"{""50051"": 6.979985874596389, ""50053"": 1.8604696450850875, ""50055"": 1.5792629575176902, ""50057"": 1.654630783295677, ""50059"": 2.6489340711557516, ""50061"": 4.22911557582088, ""50063"": 2.6692461782493977, ""50065"": 2.9890744683316903, ""50067"": 3.6607138146569715, ""50069"": 2.977514764210154}","{""50051"": 1113, ""50053"": 0, ""50055"": 0, ""50057"": 0, ""50059"": 0, ""50061"": 0, ""50063"": 0, ""50065"": 0, ""50067"": 0, ""50069"": 0}","{""50051"": 0.02529696216889336, ""50053"": 0.025941515807496138, ""50055"": 0.025941515807496138, ""50057"": 0.025941515807496138, ""50059"": 0.025941515807496138, ""50061"": 0.025941515807496138, ""50063"": 0.025941515807496138, ""50065"": 0.025941515807496138, ""50067"": 0.025941515807496138, ""50069"": 0.025941515807496138}"
82,81,1,31,0.061039,10,"{""50051"": 6.979985874596389, ""50053"": 1.8604696450850875, ""50055"": 1.5792629575176902, ""50057"": 1.654630783295677, ""50059"": 2.6489340711557516, ""50061"": 4.22911557582088, ""50063"": 2.6692461782493977, ""50065"": 2.9890744683316903, ""50067"": 3.6607138146569715, ""50069"": 2.977514764210154}","{""50051"": 1113, ""50053"": 0, ""50055"": 0, ""50057"": 0, ""50059"": 0, ""50061"": 0, ""50063"": 0, ""50065"": 0, ""50067"": 0, ""50069"": 0}","{""50051"": 0.02529696216889336, ""50053"": 0.025941515807496138, ""50055"": 0.025941515807496138, ""50057"": 0.025941515807496138, ""50059"": 0.025941515807496138, ""50061"": 0.025941515807496138, ""50063"": 0.025941515807496138, ""50065"": 0.025941515807496138, ""50067"": 0.025941515807496138, ""50069"": 0.025941515807496138}"
83,82,1,31,0.062458,10,"{""50051"": 7.008557303167818, ""50053"": 1.8604696450850875, ""50055"": 1.6078343860891187, ""50057"": 1.6832022118671055, ""50059"": 2.848934071155752, ""50061"": 4.22911557582088, ""50063"": 2.6692461782493977, ""50065"": 2.9890744683316903, ""50067"": 3.6607138146569715, ""50069"": 2.977514764210154}","{""50051"": 1112, ""50053"": 0, ""50055"": 0, ""50057"": 0, ""50059"": 0, ""50061"": 0, ""50063"": 0, ""50065"": 0, ""50067"": 0, ""50069"": 0}","{""50051"": 0.025299602173494397, ""50053"": 0.025943577756301087, ""50055"": 0.025943577756301087, ""50057"": 0.025943577756301087, ""50059"": 0.025943577756301087, ""50061"": 0.025943577756301087, ""50063"": 0.025943577756301087, ""50065"": 0.025943577756301087, ""50067"": 0.025943577756301087, ""50069"": 0.025943577756301087}"
84,83,1,31,0.061142,10,"{""50051"": 7.008557303167818, ""50053"": 1.8604696450850875, ""50055"": 1.6078343860891187, ""50057"": 1.6832022118671055, ""50059"": 2.848934071155752, ""50061"": 4.22911557582088, ""50063"": 2.6692461782493977, ""50065"": 2.9890744683316903, ""50067"": 3.6607138146569715, ""50069"": 2.977514764210154}","{""50051"": 1112, ""50053"": 0, ""50055"": 0, ""50057"": 0, ""50059"": 0, ""50061"": 0, ""50063"": 0, ""50065"": 0, ""50067"": 0, ""50069"": 0}","{""50051"": 0.025299602173494397, ""50053"": 0.025943577756301087, ""50055"": 0.025943577756301087, ""50057"": 0.025943577756301087, ""50059"": 0.025943577756301087, ""50061"": 0.025943577756301087, ""50063"": 0.025943577756301087, ""50065"": 0.025943577756301087, ""50067"": 0.025943577756301087, ""50069"": 0.025943577756301087}"
85,84,1,31,0.061214,10,"{""50051"": 7.008557303167818, ""50053"": 1.8604696450850875, ""50055"": 1.6078343860891187, ""50057"": 1.6832022118671055, ""50059"": 2.848934071155752, ""50061"": 4.22911557582088, ""50063"": 2.6692461782493977, ""50065"": 2.9890744683316903, ""50067"": 3.6607138146569715, ""50069"": 2.977514764210154}","{""50051"": 1112, ""50053"": 0, ""50055"": 0, ""50057"": 0, ""50059"": 0, ""50061"": 0, ""50063"": 0, ""50065"": 0, ""50067"": 0, ""50069"": 0}","{""50051"": 0.025299602173494397, ""50053"": 0.025943577756301087, ""50055"": 0.025943577756301087, ""50057"": 0.025943577756301087, ""50059"": 0.025943577756301087, ""50061"": 0.025943577756301087, ""50063"": 0.025943577756301087, ""50065"": 0.025943577756301087, ""50067"": 0.025943577756301087, ""50069"": 0.025943577756301087}"
86,85,1,31,0.062512,10,"{""50051"": 7.008557303167818, ""50053"": 1.8604696450850875, ""50055"": 1.6078343860891187, ""50057"": 1.6832022118671055, ""50059"": 2.848934071155752, ""50061"": 4.22911557582088, ""50063"": 2.6692461782493977, ""50065"": 2.9890744683316903, ""50067"": 3.6607138146569715, ""50069"": 2.977514764210154}","{""50051"": 1112, ""50053"": 0, ""50055"": 0, ""50057"": 0, ""50059"": 0, ""50061"": 0, ""50063"": 0, ""50065"": 0, ""50067"": 0, ""50069"": 0}","{""50051"": 0.025299602173494397, ""50053"": 0.025943577756301087, ""50055"": 0.025943577756301087, ""50057"": 0.025943577756301087, ""50059"": 0.025943577756301087, ""50061"": 0.025943577756301087, ""50063"": 0.025943577756301087, ""50065"": 0.025943577756301087, ""50067"": 0.025943577756301087, ""50069"": 0.025943577756301087}"
87,86,1,31,0.062410,10,"{""50051"": 7.008557303167818, ""50053"": 1.8604696450850875, ""50055"": 1.6078343860891187, ""50057"": 1.6832022118671055, ""50059"": 2.848934071155752, ""50061"": 4.22911557582088, ""50063"": 2.6692461782493977, ""50065"": 2.9890744683316903, ""50067"": 3.6607138146569715, ""50069"": 2.977514764210154}","{""50051"": 1112, ""50053"": 0, ""50055"": 0, ""50057"": 0, ""50059"": 0, ""50061"": 0, ""50063"": 0, ""50065"": 0, ""50067"": 0, ""50069"": 0}","{""50051"": 0.025299602173494397, ""50053"": 0.025943577756301087, ""50055"": 0.025943577756301087, ""50057"": 0.025943577756301087, ""50059"": 0.025943577756301087, ""50061"": 0.025943577756301087, ""50063"": 0.025943577756301087, ""50065"": 0.025943577756301087, ""50067"": 0.025943577756301087, ""50069"": 0.025943577756301087}"
88,87,1,31,0.067823,10,"{""50051"": 7.008557303167818, ""50053"": 1.889041073656516, ""50055"": 1.6078343860891187, ""50057"": 1.711773640438534, ""50059"": 3.048934071155752, ""50061"": 4.22911557582088, ""50063"": 2.697817606820826, ""50065"": 2.9890744683316903, ""50067"": 3.6607138146569715, ""50069"": 2.977514764210154}","{""50051"": 1112, ""50053"": 0, ""50055"": 0, ""50057"": 0, ""50059"": 0, ""50061"": 0, ""50063"": 0, ""50065"": 0, ""50067"": 0, ""50069"": 0}","{""50051"": 0.025299602173494397, ""50053"": 0.025943577756301087, ""50055"": 0.025943577756301087, ""50057"": 0.025943577756301087, ""50059"": 0.025943577756301087, ""50061"": 0.025943577756301087, ""50063"": 0.025943577756301087, ""50065"": 0.025943577756301087, ""50067"": 0.025943577756301087, ""50069"": 0.025943577756301087}"
89,88,1,31,0.065559,10,"{""50051"": 7.008557303167818, ""50053"": 1.889041073656516, ""50055"": 1.6078343860891187, ""50057"": 1.711773640438534, ""50059"": 3.048934071155752, ""50061"": 4.22911557582088, ""50063"": 2.697817606820826, ""50065"": 2.9890744683316903, ""50067"": 3.6607138146569715, ""50069"": 2.977514764210154}","{""50051"": 1112, ""50053"": 0, ""50055"": 0, ""50057"": 0, ""50059"": 0, ""50061"": 0, ""50063"": 0, ""50065"": 0, ""50067"": 0, ""50069"": 0}","{""50051"": 0.025299602173494397, ""50053"": 0.025943577756301087, ""50055"": 0.025943577756301087, ""50057"": 0.025943577756301087, ""50059"": 0.025943577756301087, ""50061"": 0.025943577756301087, ""50063"": 0.025943577756301087, ""50065"": 0.025943577756301087, ""50067"": 0.025943577756301087, ""50069"": 0.025943577756301087}"
90,89,1,31,0.066485,10,"{""50051"": 7.008557303167818, ""50053"": 1.889041073656516, ""50055"": 1.6078343860891187, ""50057"": 1.711773640438534, ""50059"": 3.048934071155752, ""50061"": 4.22911557582088, ""50063"": 2.697817606820826, ""50065"": 2.9890744683316903, ""50067"": 3.6607138146569715, ""50069"": 2.977514764210154}","{""50051"": 1112, ""50053"": 0, ""50055"": 0, ""50057"": 0, ""50059"": 0, ""50061"": 0, ""50063"": 0, ""50065"": 0, ""50067"": 0, ""50069"": 0}","{""50051"": 0.025299602173494397, ""50053"": 0.025943577756301087, ""50055"": 0.025943577756301087, ""50057"": 0.025943577756301087, ""50059"": 0.025943577756301087, ""50061"": 0.025943577756301087, ""50063"": 0.025943577756301087, ""50065"": 0.025943577756301087, ""50067"": 0.025943577756301087, ""50069"": 0.025943577756301087}"
91,90,1,31,0.063830,10,"{""50051"": 7.008557303167818, ""50053"": 1.889041073656516, ""50055"": 1.6078343860891187, ""50057"": 1.711773640438534, ""50059"": 3.048934071155752, ""50061"": 4.22911557582088, ""50063"": 2.697817606820826, ""50065"": 2.9890744683316903, ""50067"": 3.6607138146569715, ""50069"": 2.977514764210154}","{""50051"": 1112, ""50053"": 0, ""50055"": 0, ""50057"": 0, ""50059"": 0, ""50061"": 0, ""50063"": 0, ""50065"": 0, ""50067"": 0, ""50069"": 0}","{""50051"": 0.025299602173494397, ""50053"": 0.025943577756301087, ""50055"": 0.025943577756301087, ""50057"": 0.025943577756301087, ""50059"": 0.025943577756301087, ""50061"": 0.025943577756301087, ""50063"": 0.025943577756301087, ""50065"": 0.025943577756301087, ""50067"": 0.025943577756301087, ""50069"": 0.025943577756301087}"
92,91,1,31,0.060062,10,"{""50051"": 7.008557303167818, ""50053"": 1.889041073656516, ""50055"": 1.6078343860891187, ""50057"": 1.711773640438534, ""50059"": 3.048934071155752, ""50061"": 4.22911557582088, ""50063"": 2.697817606820826, ""50065"": 2.9890744683316903, ""50067"": 3.6607138146569715, ""50069"": 2.977514764210154}","{""50051"": 1112, ""50053"": 0, ""50055"": 0, ""50057"": 0, ""50059"": 0, ""50061"": 0, ""50063"": 0, ""50065"": 0, ""50067"": 0, ""50069"": 0}","{""50051"": 0.025299602173494397, ""50053"": 0.025943577756301087, ""50055"": 0.025943577756301087, ""50057"": 0.025943577756301087, ""50059"": 0.025943577756301087, ""50061"": 0.025943577756301087, ""50063"": 0.025943577756301087, ""50065"": 0.025943577756301087, ""50067"": 0.025943577756301087, ""50069"": 0.025943577756301087}"
93,92,1,31,0.060437,10,"{""50051"": 7.037128731739246, ""50053"": 1.889041073656516, ""50055"": 1.6078343860891187, ""50057"": 1.7403450690099624, ""50059"": 3.248934071155752, ""50061"": 4.22911557582088, ""50063"": 2.697817606820826, ""50065"": 2.9890744683316903, ""50067"": 3.6607138146569715, ""50069"": 3.0060861927815825}","{""50051"": 1110, ""50053"": 0, ""50055"": 0, ""50057"": 0, ""50059"": 0, ""50061"": 0, ""50063"": 0, ""50065"": 0, ""50067"": 0, ""50069"": 0}","{""50051"": 0.025302227675118055, ""50053"": 0.025945043761096978, ""50055"": 0.025945043761096978, ""50057"": 0.025945043761096978, ""50059"": 0.025945043761096978, ""50061"": 0.025945043761096978, ""50063"": 0.025945043761096978, ""50065"": 0.025945043761096978, ""50067"": 0.025945043761096978, ""50069"": 0.025945043761096978}"
94,93,1,31,0.060218,10,"{""50051"": 7.205116220259058, ""50053"": 1.889041073656516, ""50055"": 1.6078343860891187, ""50057"": 1.7929147102270786, ""50059"": 3.4489340711557523, ""50061"": 4.281685217037996, ""50063"": 2.697817606820826, ""50065"": 3.0416441095488063, ""50067"": 3.6607138146569715, ""50069"": 3.0060861927815825}","{""50051"": 1102, ""50053"": 0, ""50055"": 0, ""50057"": 0, ""50059"": 0, ""50061"": 0, ""50063"": 0, ""50065"": 0, ""50067"": 0, ""50069"": 0}","{""50051"": 0.025317385885951168, ""50053"": 0.025955569934392228, ""50055"": 0.025955569934392228, ""50057"": 0.025955569934392228, ""50059"": 0.025955569934392228, ""50061"": 0.025955569934392228, ""50063"": 0.025955569934392228, ""50065"": 0.025955569934392228, ""50067"": 0.025955569934392228, ""50069"": 0.025955569934392228}"
95,94,1,31,0.060493,10,"{""50051"": 7.205116220259058, ""50053"": 1.889041073656516, ""50055"": 1.6078343860891187, ""50057"": 1.7929147102270786, ""50059"": 3.4489340711557523, ""50061"": 4.281685217037996, ""50063"": 2.697817606820826, ""50065"": 3.0416441095488063, ""50067"": 3.6607138146569715, ""50069"": 3.0060861927815825}","{""50051"": 1102, ""50053"": 0, ""50055"": 0, ""50057"": 0, ""50059"": 0, ""50061"": 0, ""50063"": 0, ""50065"": 0, ""50067"": 0, ""50069"": 0}","{""50051"": 0.025317385885951168, ""50053"": 0.025955569934392228, ""50055"": 0.025955569934392228, ""50057"": 0.025955569934392228, ""50059"": 0.025955569934392228, ""50061"": 0.025955569934392228, ""50063"": 0.025955569934392228, ""50065"": 0.025955569934392228, ""50067"": 0.025955569934392228, ""50069"": 0.025955569934392228}"
96,95,1,31,0.060292,10,"{""50051"": 7.205116220259058, ""50053"": 1.9176125022279444, ""50055"": 1.6364058146605471, ""50057"": 1.7929147102270786, ""50059"": 3.6489340711557525, ""50061"": 4.281685217037996, ""50063"": 2.697817606820826, ""50065"": 3.0416441095488063, ""50067"": 3.6892852432284, ""50069"": 3.0060861927815825}","{""50051"": 1102, ""50053"": 0, ""50055"": 0, ""50057"": 0, ""50059"": 0, ""50061"": 0, ""50063"": 0, ""50065"": 0, ""50067"": 0, ""50069"": 0}","{""50051"": 0.025317385885951168, ""50053"": 0.025955569934392228, ""50055"": 0.025955569934392228, ""50057"": 0.025955569934392228, ""50059"": 0.025955569934392228, ""50061"": 0.025955569934392228, ""50063"": 0.025955569934392228, ""50065"": 0.025955569934392228, ""50067"": 0.025955569934392228, ""50069"": 0.025955569934392228}"
97,96,1,31,0.060613,10,"{""50051"": 7.205116220259058, ""50053"": 1.9176125022279444, ""50055"": 1.6364058146605471, ""50057"": 1.7929147102270786, ""50059"": 3.6489340711557525, ""50061"": 4.281685217037996, ""50063"": 2.697817606820826, ""50065"": 3.0416441095488063, ""50067"": 3.6892852432284, ""50069"": 3.0060861927815825}","{""50051"": 1102, ""50053"": 0, ""50055"": 0, ""50057"": 0, ""50059"": 0, ""50061"": 0, ""50063"": 0, ""50065"": 0, ""50067"": 0, ""50069"": 0}","{""50051"": 0.025317385885951168, ""50053"": 0.025955569934392228, ""50055"": 0.025955569934392228, ""50057"": 0.025955569934392228, ""50059"": 0.025955569934392228, ""50061"": 0.025955569934392228, ""50063"": 0.025955569934392228, ""50065"": 0.025955569934392228, ""50067"": 0.025955569934392228, ""50069"": 0.025955569934392228}"
98,97,1,31,0.060728,10,"{""50051"": 7.205116220259058, ""50053"": 1.9176125022279444, ""50055"": 1.6364058146605471, ""50057"": 1.7929147102270786, ""50059"": 3.6489340711557525, ""50061"": 4.281685217037996, ""50063"": 2.697817606820826, ""50065"": 3.0416441095488063, ""50067"": 3.6892852432284, ""50069"": 3.0060861927815825}","{""50051"": 1102, ""50053"": 0, ""50055"": 0, ""50057"": 0, ""50059"": 0, ""50061"": 0, ""50063"": 0, ""50065"": 0, ""50067"": 0, ""50069"": 0}","{""50051"": 0.025317385885951168, ""50053"": 0.025955569934392228, ""50055"": 0.025955569934392228, ""50057"": 0.025955569934392228, ""50059"": 0.025955569934392228, ""50061"": 0.025955569934392228, ""50063"": 0.025955569934392228, ""50065"": 0.025955569934392228, ""50067"": 0.025955569934392228, ""50069"": 0.025955569934392228}"
99,98,1,31,0.061009,10,"{""50051"": 7.205116220259058, ""50053"": 1.9176125022279444, ""50055"": 1.6364058146605471, ""50057"": 1.7929147102270786, ""50059"": 3.6489340711557525, ""50061"": 4.281685217037996, ""50063"": 2.697817606820826, ""50065"": 3.0416441095488063, ""50067"": 3.6892852432284, ""50069"": 3.0060861927815825}","{""50051"": 1102, ""50053"": 0, ""50055"": 0, ""50057"": 0, ""50059"": 0, ""50061"": 0, ""50063"": 0, ""50065"": 0, ""50067"": 0, ""50069"": 0}","{""50051"": 0.025317385885951168, ""50053"": 0.025955569934392228, ""50055"": 0.025955569934392228, ""50057"": 0.025955569934392228, ""50059"": 0.025955569934392228, ""50061"": 0.025955569934392228, ""50063"": 0.025955569934392228, ""50065"": 0.025955569934392228, ""50067"": 0.025955569934392228, ""50069"": 0.025955569934392228}"
100,99,1,31,0.062249,10,"{""50051"": 7.205116220259058, ""50053"": 1.9176125022279444, ""50055"": 1.6364058146605471, ""50057"": 1.7929147102270786, ""50059"": 3.6489340711557525, ""50061"": 4.281685217037996, ""50063"": 2.697817606820826, ""50065"": 3.0416441095488063, ""50067"": 3.6892852432284, ""50069"": 3.0060861927815825}","{""50051"": 1102, ""50053"": 0, ""50055"": 0, ""50057"": 0, ""50059"": 0, ""50061"": 0, ""50063"": 0, ""50065"": 0, ""50067"": 0, ""50069"": 0}","{""50051"": 0.025317385885951168, ""50053"": 0.025955569934392228, ""50055"": 0.025955569934392228, ""50057"": 0.025955569934392228, ""50059"": 0.025955569934392228, ""50061"": 0.025955569934392228, ""50063"": 0.025955569934392228, ""50065"": 0.025955569934392228, ""50067"": 0.025955569934392228, ""50069"": 0.025955569934392228}"
1,1,1,152,0.545309,10,"{""C01"": 1.452761, ""C02"": 1.647307, ""C03"": 1.595779, ""C04"": 1.609857, ""C05"": 1.309651, ""C06"": 1.7112, ""C07"": 1.529866, ""C08"": 1.535494, ""C09"": 1.545339, ""C10"": 1.490027}","{""C01"": 0, ""C02"": 0, ""C03"": 0, ""C04"": 0, ""C05"": 0, ""C06"": 1742, ""C07"": 0, ""C08"": 0, ""C09"": 0, ""C10"": 0}","{""C01"": 0.02515880678653963, ""C02"": 0.02515880678653963, ""C03"": 0.02515880678653963, ""C04"": 0.02515880678653963, ""C05"": 0.02515880678653963, ""C06"": 0.024149985102447532, ""C07"": 0.02515880678653963, ""C08"": 0.02515880678653963, ""C09"": 0.02515880678653963, ""C10"": 0.02515880678653963}"
2,2,1,96,0.328063,10,"{""C01"": 1.46547, ""C02"": 1.654449, ""C03"": 1.59614, ""C04"": 1.609623, ""C05"": 1.350688, ""C06"": 1.765728, ""C07"": 1.593968, ""C08"": 1.559309, ""C09"": 1.530848, ""C10"": 1.453279}","{""C01"": 0, ""C02"": 0, ""C03"": 0, ""C04"": 0, ""C05"": 0, ""C06"": 1724, ""C07"": 0, ""C08"": 0, ""C09"": 0, ""C10"": 0}","{""C01"": 0.02517992528751302, ""C02"": 0.02517992528751302, ""C03"": 0.02517992528751302, ""C04"": 0.02517992528751302, ""C05"": 0.02517992528751302, ""C06"": 0.02418152911466185, ""C07"": 0.02517992528751302, ""C08"": 0.02517992528751302, ""C09"": 0.02517992528751302, ""C10"": 0.02517992528751302}"
3,3,1,94,0.325952,10,"{""C01"": 1.464076, ""C02"": 1.699544, ""C03"": 1.656857, ""C04"": 1.627574, ""C05"": 1.356785, ""C06"": 1.817279, ""C07"": 1.635244, ""C08"": 1.591753, ""C09"": 1.580458, ""C10"": 1.496836}","{""C01"": 0, ""C02"": 0, ""C03"": 0, ""C04"": 0, ""C05"": 0, ""C06"": 1709, ""C07"": 0, ""C08"": 0, ""C09"": 0, ""C10"": 0}","{""C01"": 0.02519990657942528, ""C02"": 0.02519990657942528, ""C03"": 0.02519990657942528, ""C04"": 0.02519990657942528, ""C05"": 0.02519990657942528, ""C06"": 0.024210196432358954, ""C07"": 0.02519990657942528, ""C08"": 0.02519990657942528, ""C09"": 0.02519990657942528, ""C10"": 0.02519990657942528}"
4,4,1,93,0.328618,10,"{""C01"": 1.515581, ""C02"": 1.700728, ""C03"": 1.658834, ""C04"": 1.626659, ""C05"": 1.38765, ""C06"": 1.820274, ""C07"": 1.603577, ""C08"": 1.591804, ""C09"": 1.622808, ""C10"": 1.48121}","{""C01"": 0, ""C02"": 0, ""C03"": 0, ""C04"": 0, ""C05"": 0, ""C06"": 1708, ""C07"": 0, ""C08"": 0, ""C09"": 0, ""C10"": 0}","{""C01"": 0.025200959858409727, ""C02"": 0.025200959858409727, ""C03"": 0.025200959858409727, ""C04"": 0.025200959858409727, ""C05"": 0.025200959858409727, ""C06"": 0.024211829002331733, ""C07"": 0.025200959858409727, ""C08"": 0.025200959858409727, ""C09"": 0.025200959858409727, ""C10"": 0.025200959858409727}"
5,5,1,121,0.414850,10,"{""C01"": 1.535144, ""C02"": 1.721754, ""C03"": 1.657319, ""C04"": 1.663467, ""C05"": 1.417661, ""C06"": 1.81215, ""C07"": 1.652116, ""C08"": 1.592256, ""C09"": 1.640764, ""C10"": 1.544384}","{""C01"": 0, ""C02"": 0, ""C03"": 0, ""C04"": 0, ""C05"": 0, ""C06"": 1710, ""C07"": 0, ""C08"": 0, ""C09"": 0, ""C10"": 0}","{""C01"": 0.025197680679764897, ""C02"": 0.025197680679764897, ""C03"": 0.025197680679764897, ""C04"": 0.025197680679764897, ""C05"": 0.025197680679764897, ""C06"": 0.024207392181111384, ""C07"": 0.025197680679764897, ""C08"": 0.025197680679764897, ""C09"": 0.025197680679764897, ""C10"": 0.025197680679764897}"
6,6,1,116,0.398457,10,"{""C01"": 1.524145, ""C02"": 1.743344, ""C03"": 1.687827, ""C04"": 1.718964, ""C05"": 1.414805, ""C06"": 1.836265, ""C07"": 1.669595, ""C08"": 1.591946, ""C09"": 1.625756, ""C10"": 1.560116}","{""C01"": 0, ""C02"": 0, ""C03"": 0, ""C04"": 0, ""C05"": 0, ""C06"": 1703, ""C07"": 0, ""C08"": 0, ""C09"": 0, ""C10"": 0}","{""C01"": 0.025206721173372165, ""C02"": 0.025206721173372165, ""C03"": 0.025206721173372165, ""C04"": 0.025206721173372165, ""C05"": 0.025206721173372165, ""C06"": 0.02422048637643946, ""C07"": 0.025206721173372165, ""C08"": 0.025206721173372165, ""C09"": 0.025206721173372165, ""C10"": 0.025206721173372165}"
7,7,1,124,0.444219,10,"{""C01"": 1.546136, ""C02"": 1.750767, ""C03"": 1.692394, ""C04"": 1.695005, ""C05"": 1.421525, ""C06"": 1.837213, ""C07"": 1.67838, ""C08"": 1.63192, ""C09"": 1.673179, ""C10"": 1.521556}","{""C01"": 0, ""C02"": 0, ""C03"": 0, ""C04"": 0, ""C05"": 0, ""C06"": 1703, ""C07"": 0, ""C08"": 0, ""C09"": 0, ""C10"": 0}","{""C01"": 0.025207231810833022, ""C02"": 0.025207231810833022, ""C03"": 0.025207231810833022, ""C04"": 0.025207231810833022, ""C05"": 0.025207231810833022, ""C06"": 0.024220996603042926, ""C07"": 0.025207231810833022, ""C08"": 0.025207231810833022, ""C09"": 0.025207231810833022, ""C10"": 0.025207231810833022}"
8,8,1,75,0.200534,10,"{""C01"": 1.582138, ""C02"": 1.722103, ""C03"": 1.702726, ""C04"": 1.704169, ""C05"": 1.455409, ""C06"": 1.905248, ""C07"": 1.700602, ""C08"": 1.651505, ""C09"": 1.661548, ""C10"": 1.556116}","{""C01"": 0, ""C02"": 0, ""C03"": 0, ""C04"": 0, ""C05"": 0, ""C06"": 1684, ""C07"": 0, ""C08"": 0, ""C09"": 0, ""C10"": 0}","{""C01"": 0.025231961651803914, ""C02"": 0.025231961651803914, ""C03"": 0.025231961651803914, ""C04"": 0.025231961651803914, ""C05"": 0.025231961651803914, ""C06"": 0.02425672916653496, ""C07"": 0.025231961651803914, ""C08"": 0.025231961651803914, ""C09"": 0.025231961651803914, ""C10"": 0.025231961651803914}"
9,9,1,165,0.326646,10,"{""C01"": 1.571177, ""C02"": 1.801652, ""C03"": 1.704468, ""C04"": 1.720295, ""C05"": 1.455079, ""C06"": 1.862617, ""C07"": 1.68971, ""C08"": 1.640499, ""C09"": 1.666707, ""C10"": 1.577345}","{""C01"": 0, ""C02"": 0, ""C03"": 0, ""C04"": 0, ""C05"": 0, ""C06"": 1696, ""C07"": 0, ""C08"": 0, ""C09"": 0, ""C10"": 0}","{""C01"": 0.025216721335551667, ""C02"": 0.025216721335551667, ""C03"": 0.025216721335551667, ""C04"": 0.025216721335551667, ""C05"": 0.025216721335551667, ""C06"": 0.02423453946050278, ""C07"": 0.025216721335551667, ""C08"": 0.025216721335551667, ""C09"": 0.025216721335551667, ""C10"": 0.025216721335551667}"
10,10,1,99,0.195517,10,"{""C01"": 1.561059, ""C02"": 1.76184, ""C03"": 1.710703, ""C04"": 1.704573, ""C05"": 1.453055, ""C06"": 1.882482, ""C07"": 1.689487, ""C08"": 1.679695, ""C09"": 1.687102, ""C10"": 1.571485}","{""C01"": 0, ""C02"": 0, ""C03"": 0, ""C04"": 0, ""C05"": 0, ""C06"": 1690, ""C07"": 0, ""C08"": 0, ""C09"": 0, ""C10"": 0}","{""C01"": 0.025223668024865448, ""C02"": 0.025223668024865448, ""C03"": 0.025223668024865448, ""C04"": 0.025223668024865448, ""C05"": 0.025223668024865448, ""C06"": 0.024244961392347046, ""C07"": 0.025223668024865448, ""C08"": 0.025223668024865448, ""C09"": 0.025223668024865448, ""C10"": 0.025223668024865448}"
11,11,1,87,0.172840,10,"{""C01"": 1.573881, ""C02"": 1.767308, ""C03"": 1.717202, ""C04"": 1.704829, ""C05"": 1.461375, ""C06"": 1.907423, ""C07"": 1.680263, ""C08"": 1.654415, ""C09"": 1.695133, ""C10"": 1.564407}","{""C01"": 0, ""C02"": 0, ""C03"": 0, ""C04"": 0, ""C05"": 0, ""C06"": 1683, ""C07"": 0, ""C08"": 0, ""C09"": 0, ""C10"": 0}","{""C01"": 0.025232496441295105, ""C02"": 0.025232496441295105, ""C03"": 0.025232496441295105, ""C04"": 0.025232496441295105, ""C05"": 0.025232496441295105, ""C06"": 0.02425784367074295, ""C07"": 0.025232496441295105, ""C08"": 0.025232496441295105, ""C09"": 0.025232496441295105, ""C10"": 0.025232496441295105}"
12,12,1,184,0.476574,10,"{""C01"": 1.572296, ""C02"": 1.83042, ""C03"": 1.697827, ""C04"": 1.673399, ""C05"": 1.457753, ""C06"": 1.885346, ""C07"": 1.663616, ""C08"": 1.656198, ""C09"": 1.675857, ""C10"": 1.563746}","{""C01"": 0, ""C02"": 0, ""C03"": 0, ""C04"": 0, ""C05"": 0, ""C06"": 1689, ""C07"": 0, ""C08"": 0, ""C09"": 0, ""C10"": 0}","{""C01"": 0.02522457920755683, ""C02"": 0.02522457920755683, ""C03"": 0.02522457920755683, ""C04"": 0.02522457920755683, ""C05"": 0.02522457920755683, ""C06"": 0.024246451982537724, ""C07"": 0.02522457920755683, ""C08"": 0.02522457920755683, ""C09"": 0.02522457920755683, ""C10"": 0.02522457920755683}"
13,13,1,129,0.267106,10,"{""C01"": 1.616058, ""C02"": 1.790856, ""C03"": 1.733791, ""C04"": 1.674398, ""C05"": 1.433572, ""C06"": 1.873786, ""C07"": 1.713068, ""C08"": 1.66554, ""C09"": 1.691838, ""C10"": 1.546914}","{""C01"": 0, ""C02"": 0, ""C03"": 0, ""C04"": 0, ""C05"": 0, ""C06"": 1693, ""C07"": 0, ""C08"": 0, ""C09"": 0, ""C10"": 0}","{""C01"": 0.025220861853298124, ""C02"": 0.025220861853298124, ""C03"": 0.025220861853298124, ""C04"": 0.025220861853298124, ""C05"": 0.025220861853298124, ""C06"": 0.024240417058954883, ""C07"": 0.025220861853298124, ""C08"": 0.025220861853298124, ""C09"": 0.025220861853298124, ""C10"": 0.025220861853298124}"
14,14,1,89,0.184305,10,"{""C01"": 1.601512, ""C02"": 1.782315, ""C03"": 1.717832, ""C04"": 1.703589, ""C05"": 1.462034, ""C06"": 1.917311, ""C07"": 1.710478, ""C08"": 1.645095, ""C09"": 1.698534, ""C10"": 1.585983}","{""C01"": 0, ""C02"": 0, ""C03"": 0, ""C04"": 0, ""C05"": 0, ""C06"": 1680, ""C07"": 0, ""C08"": 0, ""C09"": 0, ""C10"": 0}","{""C01"": 0.025235804723913333, ""C02"": 0.025235804723913333, ""C03"": 0.025235804723913333, ""C04"": 0.025235804723913333, ""C05"": 0.025235804723913333, ""C06"": 0.024262889710149303, ""C07"": 0.025235804723913333, ""C08"": 0.025235804723913333, ""C09"": 0.025235804723913333, ""C10"": 0.025235804723913333}"
15,15,1,165,0.344904,10,"{""C01"": 1.566275, ""C02"": 1.815507, ""C03"": 1.737848, ""C04"": 1.682099, ""C05"": 1.449385, ""C06"": 1.87497, ""C07"": 1.702129, ""C08"": 1.637216, ""C09"": 1.66434, ""C10"": 1.556579}","{""C01"": 0, ""C02"": 0, ""C03"": 0, ""C04"": 0, ""C05"": 0, ""C06"": 1692, ""C07"": 0, ""C08"": 0, ""C09"": 0, ""C10"": 0}","{""C01"": 0.025220901993096193, ""C02"": 0.025220901993096193, ""C03"": 0.025220901993096193, ""C04"": 0.025220901993096193, ""C05"": 0.025220901993096193, ""C06"": 0.02424103731123078, ""C07"": 0.025220901993096193, ""C08"": 0.025220901993096193, ""C09"": 0.025220901993096193, ""C10"": 0.025220901993096193}"
16,16,1,163,0.343886,10,"{""C01"": 1.574973, ""C02"": 1.778213, ""C03"": 1.736949, ""C04"": 1.687241, ""C05"": 1.445524, ""C06"": 1.841435, ""C07"": 1.669115, ""C08"": 1.654885, ""C09"": 1.664735, ""C10"": 1.53975}","{""C01"": 0, ""C02"": 0, ""C03"": 0, ""C04"": 0, ""C05"": 0, ""C06"": 1702, ""C07"": 0, ""C08"": 0, ""C09"": 0, ""C10"": 0}","{""C01"": 0.02520892080612236, ""C02"": 0.02520892080612236, ""C03"": 0.02520892080612236, ""C04"": 0.02520892080612236, ""C05"": 0.02520892080612236, ""C06"": 0.02422326437793449, ""C07"": 0.02520892080612236, ""C08"": 0.02520892080612236, ""C09"": 0.02520892080612236, ""C10"": 0.02520892080612236}"
17,17,1,132,0.273644,10,"{""C01"": 1.5978, ""C02"": 1.770201, ""C03"": 1.700288, ""C04"": 1.708303, ""C05"": 1.418208, ""C06"": 1.851685, ""C07"": 1.689475, ""C08"": 1.653234, ""C09"": 1.693579, ""C10"": 1.54}","{""C01"": 0, ""C02"": 0, ""C03"": 0, ""C04"": 0, ""C05"": 0, ""C06"": 1699, ""C07"": 0, ""C08"": 0, ""C09"": 0, ""C10"": 0}","{""C01"": 0.02521266057589422, ""C02"": 0.02521266057589422, ""C03"": 0.02521266057589422, ""C04"": 0.02521266057589422, ""C05"": 0.02521266057589422, ""C06"": 0.024228741554176744, ""C07"": 0.02521266057589422, ""C08"": 0.02521266057589422, ""C09"": 0.02521266057589422, ""C10"": 0.02521266057589422}"
18,18,1,87,0.181090,10,"{""C01"": 1.608947, ""C02"": 1.766447, ""C03"": 1.714282, ""C04"": 1.707145, ""C05"": 1.457619, ""C06"": 1.902844, ""C07"": 1.685564, ""C08"": 1.606207, ""C09"": 1.656122, ""C10"": 1.52632}","{""C01"": 0, ""C02"": 0, ""C03"": 0, ""C04"": 0, ""C05"": 0, ""C06"": 1684, ""C07"": 0, ""C08"": 0, ""C09"": 0, ""C10"": 0}","{""C01"": 0.025230726596044126, ""C02"": 0.025230726596044126, ""C03"": 0.025230726596044126, ""C04"": 0.025230726596044126, ""C05"": 0.025230726596044126, ""C06"": 0.024255495116855184, ""C07"": 0.025230726596044126, ""C08"": 0.025230726596044126, ""C09"": 0.025230726596044126, ""C10"": 0.025230726596044126}"
19,19,1,103,0.213081,10,"{""C01"": 1.577154, ""C02"": 1.779713, ""C03"": 1.691392, ""C04"": 1.669565, ""C05"": 1.427949, ""C06"": 1.888042, ""C07"": 1.692364, ""C08"": 1.646272, ""C09"": 1.702862, ""C10"": 1.538111}","{""C01"": 0, ""C02"": 0, ""C03"": 0, ""C04"": 0, ""C05"": 0, ""C06"": 1688, ""C07"": 0, ""C08"": 0, ""C09"": 0, ""C10"": 0}","{""C01"": 0.025225400117709684, ""C02"": 0.025225400117709684, ""C03"": 0.025225400117709684, ""C04"": 0.025225400117709684, ""C05"": 0.025225400117709684, ""C06"": 0.024247852373842083, ""C07"": 0.025225400117709684, ""C08"": 0.025225400117709684, ""C09"": 0.025225400117709684, ""C10"": 0.025225400117709684}"
20,20,1,96,0.197760,10,"{""C01"": 1.563813, ""C02"": 1.754736, ""C03"": 1.73717, ""C04"": 1.719378, ""C05"": 1.416535, ""C06"": 1.879349, ""C07"": 1.69048, ""C08"": 1.68435, ""C09"": 1.633271, ""C10"": 1.558554}","{""C01"": 0, ""C02"": 0, ""C03"": 0, ""C04"": 0, ""C05"": 0, ""C06"": 1691, ""C07"": 0, ""C08"": 0, ""C09"": 0, ""C10"": 0}","{""C01"": 0.02522261326547895, ""C02"": 0.02522261326547895, ""C03"": 0.02522261326547895, ""C04"": 0.02522261326547895, ""C05"": 0.02522261326547895, ""C06"": 0.024243327342197786, ""C07"": 0.02522261326547895, ""C08"": 0.02522261326547895, ""C09"": 0.02522261326547895, ""C10"": 0.02522261326547895}"
21,21,1,96,0.203292,10,"{""C01"": 1.596699, ""C02"": 1.736116, ""C03"": 1.703037, ""C04"": 1.688113, ""C05"": 1.423322, ""C06"": 1.858213, ""C07"": 1.623859, ""C08"": 1.647155, ""C09"": 1.667302, ""C10"": 1.521366}","{""C01"": 0, ""C02"": 0, ""C03"": 0, ""C04"": 0, ""C05"": 0, ""C06"": 1697, ""C07"": 0, ""C08"": 0, ""C09"": 0, ""C10"": 0}","{""C01"": 0.025214969707467963, ""C02"": 0.025214969707467963, ""C03"": 0.025214969707467963, ""C04"": 0.025214969707467963, ""C05"": 0.025214969707467963, ""C06"": 0.02423220910519999, ""C07"": 0.025214969707467963, ""C08"": 0.025214969707467963, ""C09"": 0.025214969707467963, ""C10"": 0.025214969707467963}"
22,22,1,254,0.527270,10,"{""C01"": 1.61069, ""C02"": 1.79951, ""C03"": 1.71173, ""C04"": 1.703388, ""C05"": 1.433829, ""C06"": 1.837145, ""C07"": 1.667459, ""C08"": 1.612528, ""C09"": 1.661838, ""C10"": 1.523844}","{""C01"": 0, ""C02"": 0, ""C03"": 0, ""C04"": 0, ""C05"": 0, ""C06"": 1703, ""C07"": 0, ""C08"": 0, ""C09"": 0, ""C10"": 0}","{""C01"": 0.025207195195614207, ""C02"": 0.025207195195614207, ""C03"": 0.025207195195614207, ""C04"": 0.025207195195614207, ""C05"": 0.025207195195614207, ""C06"": 0.02422096001728492, ""C07"": 0.025207195195614207, ""C08"": 0.025207195195614207, ""C09"": 0.025207195195614207, ""C10"": 0.025207195195614207}"
23,23,1,107,0.247069,10,"{""C01"": 1.552211, ""C02"": 1.745057, ""C03"": 1.727413, ""C04"": 1.69706, ""C05"": 1.427224, ""C06"": 1.849884, ""C07"": 1.673824, ""C08"": 1.649326, ""C09"": 1.64163, ""C10"": 1.516861}","{""C01"": 0, ""C02"": 0, ""C03"": 0, ""C04"": 0, ""C05"": 0, ""C06"": 1699, ""C07"": 0, ""C08"": 0, ""C09"": 0, ""C10"": 0}","{""C01"": 0.025211700150521363, ""C02"": 0.025211700150521363, ""C03"": 0.025211700150521363, ""C04"": 0.025211700150521363, ""C05"": 0.025211700150521363, ""C06"": 0.024227781903567558, ""C07"": 0.025211700150521363, ""C08"": 0.025211700150521363, ""C09"": 0.025211700150521363, ""C10"": 0.025211700150521363}"
24,24,1,118,0.413125,10,"{""C01"": 1.570495, ""C02"": 1.791601, ""C03"": 1.703551, ""C04"": 1.70336, ""C05"": 1.427623, ""C06"": 1.883079, ""C07"": 1.696663, ""C08"": 1.672397, ""C09"": 1.651263, ""C10"": 1.562235}","{""C01"": 0, ""C02"": 0, ""C03"": 0, ""C04"": 0, ""C05"": 0, ""C06"": 1690, ""C07"": 0, ""C08"": 0, ""C09"": 0, ""C10"": 0}","{""C01"": 0.025223979289546394, ""C02"": 0.025223979289546394, ""C03"": 0.025223979289546394, ""C04"": 0.025223979289546394, ""C05"": 0.025223979289546394, ""C06"": 0.024245272404459943, ""C07"": 0.025223979289546394, ""C08"": 0.025223979289546394, ""C09"": 0.025223979289546394, ""C10"": 0.025223979289546394}"
25,25,1,117,0.404591,10,"{""C01"": 1.587054, ""C02"": 1.776005, ""C03"": 1.719474, ""C04"": 1.701087, ""C05"": 1.430701, ""C06"": 1.870881, ""C07"": 1.716827, ""C08"": 1.681214, ""C09"": 1.693285, ""C10"": 1.531197}","{""C01"": 0, ""C02"": 0, ""C03"": 0, ""C04"": 0, ""C05"": 0, ""C06"": 1693, ""C07"": 0, ""C08"": 0, ""C09"": 0, ""C10"": 0}","{""C01"": 0.025219336144483545, ""C02"": 0.025219336144483545, ""C03"": 0.025219336144483545, ""C04"": 0.025219336144483545, ""C05"": 0.025219336144483545, ""C06"": 0.02423889258573081, ""C07"": 0.025219336144483545, ""C08"": 0.025219336144483545, ""C09"": 0.025219336144483545, ""C10"": 0.025219336144483545}"
26,26,1,124,0.422254,10,"{""C01"": 1.581702, ""C02"": 1.798475, ""C03"": 1.68439, ""C04"": 1.714456, ""C05"": 1.444655, ""C06"": 1.884369, ""C07"": 1.663377, ""C08"": 1.672112, ""C09"": 1.673263, ""C10"": 1.558881}","{""C01"": 0, ""C02"": 0, ""C03"": 0, ""C04"": 0, ""C05"": 0, ""C06"": 1690, ""C07"": 0, ""C08"": 0, ""C09"": 0, ""C10"": 0}","{""C01"": 0.025224651380555865, ""C02"": 0.025224651380555865, ""C03"": 0.025224651380555865, ""C04"": 0.025224651380555865, ""C05"": 0.025224651380555865, ""C06"": 0.024245943950104785, ""C07"": 0.025224651380555865, ""C08"": 0.025224651380555865, ""C09"": 0.025224651380555865, ""C10"": 0.025224651380555865}"
27,27,1,194,0.667789,10,"{""C01"": 1.613653, ""C02"": 1.820866, ""C03"": 1.710317, ""C04"": 1.740968, ""C05"": 1.442304, ""C06"": 1.870105, ""C07"": 1.718963, ""C08"": 1.644192, ""C09"": 1.688222, ""C10"": 1.518724}","{""C01"": 0, ""C02"": 0, ""C03"": 0, ""C04"": 0, ""C05"": 0, ""C06"": 1694, ""C07"": 0, ""C08"": 0, ""C09"": 0, ""C10"": 0}","{""C01"": 0.025219508904020305, ""C02"": 0.025219508904020305, ""C03"": 0.025219508904020305, ""C04"": 0.025219508904020305, ""C05"": 0.025219508904020305, ""C06"": 0.024238485060922757, ""C07"": 0.025219508904020305, ""C08"": 0.025219508904020305, ""C09"": 0.025219508904020305, ""C10"": 0.025219508904020305}"
28,28,1,108,0.373663,10,"{""C01"": 1.613871, ""C02"": 1.811061, ""C03"": 1.738213, ""C04"": 1.70872, ""C05"": 1.465933, ""C06"": 1.915122, ""C07"": 1.693172, ""C08"": 1.665625, ""C09"": 1.709513, ""C10"": 1.556468}","{""C01"": 0, ""C02"": 0, ""C03"": 0, ""C04"": 0, ""C05"": 0, ""C06"": 1681, ""C07"": 0, ""C08"": 0, ""C09"": 0, ""C10"": 0}","{""C01"": 0.025235270409163305, ""C02"": 0.025235270409163305, ""C03"": 0.025235270409163305, ""C04"": 0.025235270409163305, ""C05"": 0.025235270409163305, ""C06"": 0.024261775679061234, ""C07"": 0.025235270409163305, ""C08"": 0.025235270409163305, ""C09"": 0.025235270409163305, ""C10"": 0.025235270409163305}"
29,29,1,90,0.312829,10,"{""C01"": 1.626271, ""C02"": 1.779854, ""C03"": 1.728571, ""C04"": 1.724724, ""C05"": 1.459354, ""C06"": 1.916376, ""C07"": 1.700218, ""C08"": 1.644542, ""C09"": 1.735315, ""C10"": 1.524099}","{""C01"": 0, ""C02"": 0, ""C03"": 0, ""C04"": 0, ""C05"": 0, ""C06"": 1681, ""C07"": 0, ""C08"": 0, ""C09"": 0, ""C10"": 0}","{""C01"": 0.02523590944388611, ""C02"": 0.02523590944388611, ""C03"": 0.02523590944388611, ""C04"": 0.02523590944388611, ""C05"": 0.02523590944388611, ""C06"": 0.024262414192191894, ""C07"": 0.02523590944388611, ""C08"": 0.02523590944388611, ""C09"": 0.02523590944388611, ""C10"": 0.02523590944388611}"
30,30,1,182,0.507498,10,"{""C01"": 1.589825, ""C02"": 1.857115, ""C03"": 1.751755, ""C04"": 1.720697, ""C05"": 1.460144, ""C06"": 1.914366, ""C07"": 1.69805, ""C08"": 1.702737, ""C09"": 1.715078, ""C10"": 1.571989}","{""C01"": 0, ""C02"": 0, ""C03"": 0, ""C04"": 0, ""C05"": 0, ""C06"": 1681, ""C07"": 0, ""C08"": 0, ""C09"": 0, ""C10"": 0}","{""C01"": 0.025234884858952547, ""C02"": 0.025234884858952547, ""C03"": 0.025234884858952547, ""C04"": 0.025234884858952547, ""C05"": 0.025234884858952547, ""C06"": 0.024261390443536045, ""C07"": 0.025234884858952547, ""C08"": 0.025234884858952547, ""C09"": 0.025234884858952547, ""C10"": 0.025234884858952547}"
31,31,1,137,0.273421,10,"{""C01"": 1.671515, ""C02"": 1.846147, ""C03"": 1.741667, ""C04"": 1.748608, ""C05"": 1.462943, ""C06"": 1.92518, ""C07"": 1.780027, ""C08"": 1.691477, ""C09"": 1.715558, ""C10"": 1.58119}","{""C01"": 0, ""C02"": 0, ""C03"": 0, ""C04"": 0, ""C05"": 0, ""C06"": 1678, ""C07"": 0, ""C08"": 0, ""C09"": 0, ""C10"": 0}","{""C01"": 0.025238638199114094, ""C02"": 0.025238638199114094, ""C03"": 0.025238638199114094, ""C04"": 0.025238638199114094, ""C05"": 0.025238638199114094, ""C06"": 0.02426688117690926, ""C07"": 0.025238638199114094, ""C08"": 0.025238638199114094, ""C09"": 0.025238638199114094, ""C10"": 0.025238638199114094}"
32,32,1,136,0.271853,10,"{""C01"": 1.624468, ""C02"": 1.883385, ""C03"": 1.731536, ""C04"": 1.749526, ""C05"": 1.477758, ""C06"": 1.963359, ""C07"": 1.741787, ""C08"": 1.732128, ""C09"": 1.719939, ""C10"": 1.570003}","{""C01"": 0, ""C02"": 0, ""C03"": 0, ""C04"": 0, ""C05"": 0, ""C06"": 1668, ""C07"": 0, ""C08"": 0, ""C09"": 0, ""C10"": 0}","{""C01"": 0.025251913271730805, ""C02"": 0.025251913271730805, ""C03"": 0.025251913271730805, ""C04"": 0.025251913271730805, ""C05"": 0.025251913271730805, ""C06"": 0.024285946928409165, ""C07"": 0.025251913271730805, ""C08"": 0.025251913271730805, ""C09"": 0.025251913271730805, ""C10"": 0.025251913271730805}"
33,33,1,154,0.310204,10,"{""C01"": 1.678566, ""C02"": 1.876089, ""C03"": 1.790866, ""C04"": 1.731696, ""C05"": 1.51008, ""C06"": 1.947677, ""C07"": 1.753319, ""C08"": 1.750414, ""C09"": 1.723598, ""C10"": 1.545984}","{""C01"": 0, ""C02"": 0, ""C03"": 0, ""C04"": 0, ""C05"": 0, ""C06"": 1672, ""C07"": 0, ""C08"": 0, ""C09"": 0, ""C10"": 0}","{""C01"": 0.02524645762850912, ""C02"": 0.02524645762850912, ""C03"": 0.02524645762850912, ""C04"": 0.02524645762850912, ""C05"": 0.02524645762850912, ""C06"": 0.024278175134729574, ""C07"": 0.02524645762850912, ""C08"": 0.02524645762850912, ""C09"": 0.02524645762850912, ""C10"": 0.02524645762850912}"
34,34,1,139,0.275367,10,"{""C01"": 1.680941, ""C02"": 1.893533, ""C03"": 1.74027, ""C04"": 1.773471, ""C05"": 1.529383, ""C06"": 1.972033, ""C07"": 1.745708, ""C08"": 1.720253, ""C09"": 1.755546, ""C10"": 1.561267}","{""C01"": 0, ""C02"": 0, ""C03"": 0, ""C04"": 0, ""C05"": 0, ""C06"": 1666, ""C07"": 0, ""C08"": 0, ""C09"": 0, ""C10"": 0}","{""C01"": 0.025255019275077742, ""C02"": 0.025255019275077742, ""C03"": 0.025255019275077742, ""C04"": 0.025255019275077742, ""C05"": 0.025255019275077742, ""C06"": 0.024290210694233413, ""C07"": 0.025255019275077742, ""C08"": 0.025255019275077742, ""C09"": 0.025255019275077742, ""C10"": 0.025255019275077742}"
35,35,1,161,0.318871,10,"{""C01"": 1.707131, ""C02"": 1.895307, ""C03"": 1.749248, ""C04"": 1.800744, ""C05"": 1.489743, ""C06"": 1.961541, ""C07"": 1.789025, ""C08"": 1.722585, ""C09"": 1.740104, ""C10"": 1.572274}","{""C01"": 0, ""C02"": 0, ""C03"": 0, ""C04"": 0, ""C05"": 0, ""C06"": 1668, ""C07"": 0, ""C08"": 0, ""C09"": 0, ""C10"": 0}","{""C01"": 0.025251015608052874, ""C02"": 0.025251015608052874, ""C03"": 0.025251015608052874, ""C04"": 0.025251015608052874, ""C05"": 0.025251015608052874, ""C06"": 0.02428505000367818, ""C07"": 0.025251015608052874, ""C08"": 0.025251015608052874, ""C09"": 0.025251015608052874, ""C10"": 0.025251015608052874}"
36,36,1,137,0.270207,10,"{""C01"": 1.700929, ""C02"": 1.878105, ""C03"": 1.767591, ""C04"": 1.76844, ""C05"": 1.510462, ""C06"": 1.95993, ""C07"": 1.787797, ""C08"": 1.756245, ""C09"": 1.788001, ""C10"": 1.596961}","{""C01"": 0, ""C02"": 0, ""C03"": 0, ""C04"": 0, ""C05"": 0, ""C06"": 1669, ""C07"": 0, ""C08"": 0, ""C09"": 0, ""C10"": 0}","{""C01"": 0.025250800155273923, ""C02"": 0.025250800155273923, ""C03"": 0.025250800155273923, ""C04"": 0.025250800155273923, ""C05"": 0.025250800155273923, ""C06"": 0.024284254568271067, ""C07"": 0.025250800155273923, ""C08"": 0.025250800155273923, ""C09"": 0.025250800155273923, ""C10"": 0.025250800155273923}"
37,37,1,129,0.264845,10,"{""C01"": 1.71168, ""C02"": 1.900769, ""C03"": 1.79085, ""C04"": 1.817911, ""C05"": 1.537504, ""C06"": 1.987752, ""C07"": 1.807324, ""C08"": 1.727081, ""C09"": 1.793827, ""C10"": 1.610934}","{""C01"": 0, ""C02"": 0, ""C03"": 0, ""C04"": 0, ""C05"": 0, ""C06"": 1661, ""C07"": 0, ""C08"": 0, ""C09"": 0, ""C10"": 0}","{""C01"": 0.025259786490135952, ""C02"": 0.025259786490135952, ""C03"": 0.025259786490135952, ""C04"": 0.025259786490135952, ""C05"": 0.025259786490135952, ""C06"": 0.024297874788136428, ""C07"": 0.025259786490135952, ""C08"": 0.025259786490135952, ""C09"": 0.025259786490135952, ""C10"": 0.025259786490135952}"
38,38,1,129,0.260681,10,"{""C01"": 1.705001, ""C02"": 1.895972, ""C03"": 1.812209, ""C04"": 1.786263, ""C05"": 1.552153, ""C06"": 1.984426, ""C07"": 1.824611, ""C08"": 1.770459, ""C09"": 1.78856, ""C10"": 1.61732}","{""C01"": 0, ""C02"": 0, ""C03"": 0, ""C04"": 0, ""C05"": 0, ""C06"": 1662, ""C07"": 0, ""C08"": 0, ""C09"": 0, ""C10"": 0}","{""C01"": 0.025258750814287453, ""C02"": 0.025258750814287453, ""C03"": 0.025258750814287453, ""C04"": 0.025258750814287453, ""C05"": 0.025258750814287453, ""C06"": 0.024296259803931578, ""C07"": 0.025258750814287453, ""C08"": 0.025258750814287453, ""C09"": 0.025258750814287453, ""C10"": 0.025258750814287453}"
39,39,1,158,0.310097,10,"{""C01"": 1.738213, ""C02"": 1.900793, ""C03"": 1.78398, ""C04"": 1.782784, ""C05"": 1.500052, ""C06"": 1.969615, ""C07"": 1.802622, ""C08"": 1.745714, ""C09"": 1.785082, ""C10"": 1.620148}","{""C01"": 0, ""C02"": 0, ""C03"": 0, ""C04"": 0, ""C05"": 0, ""C06"": 1666, ""C07"": 0, ""C08"": 0, ""C09"": 0, ""C10"": 0}","{""C01"": 0.025253832090760264, ""C02"": 0.025253832090760264, ""C03"": 0.025253832090760264, ""C04"": 0.025253832090760264, ""C05"": 0.025253832090760264, ""C06"": 0.024289024488501523, ""C07"": 0.025253832090760264, ""C08"": 0.025253832090760264, ""C09"": 0.025253832090760264, ""C10"": 0.025253832090760264}"
40,40,1,163,0.319552,10,"{""C01"": 1.703411, ""C02"": 1.919713, ""C03"": 1.790015, ""C04"": 1.796319, ""C05"": 1.52851, ""C06"": 1.983019, ""C07"": 1.804555, ""C08"": 1.779168, ""C09"": 1.802435, ""C10"": 1.581551}","{""C01"": 0, ""C02"": 0, ""C03"": 0, ""C04"": 0, ""C05"": 0, ""C06"": 1663, ""C07"": 0, ""C08"": 0, ""C09"": 0, ""C10"": 0}","{""C01"": 0.02525864674493053, ""C02"": 0.02525864674493053, ""C03"": 0.02525864674493053, ""C04"": 0.02525864674493053, ""C05"": 0.02525864674493053, ""C06"": 0.02429557565696993, ""C07"": 0.02525864674493053, ""C08"": 0.02525864674493053, ""C09"": 0.02525864674493053, ""C10"": 0.02525864674493053}"
41,41,1,116,0.229401,10,"{""C01"": 1.675569, ""C02"": 1.872226, ""C03"": 1.7977, ""C04"": 1.80512, ""C05"": 1.536266, ""C06"": 1.971659, ""C07"": 1.772554, ""C08"": 1.74027, ""C09"": 1.785599, ""C10"": 1.571072}","{""C01"": 0, ""C02"": 0, ""C03"": 0, ""C04"": 0, ""C05"": 0, ""C06"": 1666, ""C07"": 0, ""C08"": 0, ""C09"": 0, ""C10"": 0}","{""C01"": 0.025254835788198676, ""C02"": 0.025254835788198676, ""C03"": 0.025254835788198676, ""C04"": 0.025254835788198676, ""C05"": 0.025254835788198676, ""C06"": 0.024290027358604527, ""C07"": 0.025254835788198676, ""C08"": 0.025254835788198676, ""C09"": 0.025254835788198676, ""C10"": 0.025254835788198676}"
42,42,1,232,0.831779,10,"{""C01"": 1.717166, ""C02"": 1.911664, ""C03"": 1.783164, ""C04"": 1.795546, ""C05"": 1.485314, ""C06"": 1.953968, ""C07"": 1.771118, ""C08"": 1.778148, ""C09"": 1.784772, ""C10"": 1.570438}","{""C01"": 0, ""C02"": 0, ""C03"": 0, ""C04"": 0, ""C05"": 0, ""C06"": 1670, ""C07"": 0, ""C08"": 0, ""C09"": 0, ""C10"": 0}","{""C01"": 0.025248426384702607, ""C02"": 0.025248426384702607, ""C03"": 0.025248426384702607, ""C04"": 0.025248426384702607, ""C05"": 0.025248426384702607, ""C06"": 0.024281302590517927, ""C07"": 0.025248426384702607, ""C08"": 0.025248426384702607, ""C09"": 0.025248426384702607, ""C10"": 0.025248426384702607}"
43,43,1,157,0.536743,10,"{""C01"": 1.671734, ""C02"": 1.888934, ""C03"": 1.785837, ""C04"": 1.773429, ""C05"": 1.506113, ""C06"": 1.957878, ""C07"": 1.805415, ""C08"": 1.763888, ""C09"": 1.782231, ""C10"": 1.582483}","{""C01"": 0, ""C02"": 0, ""C03"": 0, ""C04"": 0, ""C05"": 0, ""C06"": 1669, ""C07"": 0, ""C08"": 0, ""C09"": 0, ""C10"": 0}","{""C01"": 0.02524978455396383, ""C02"": 0.02524978455396383, ""C03"": 0.02524978455396383, ""C04"": 0.02524978455396383, ""C05"": 0.02524978455396383, ""C06"": 0.024283239802446323, ""C07"": 0.02524978455396383, ""C08"": 0.02524978455396383, ""C09"": 0.02524978455396383, ""C10"": 0.02524978455396383}"
44,44,1,124,0.430240,10,"{""C01"": 1.71894, ""C02"": 1.900956, ""C03"": 1.780886, ""C04"": 1.7826, ""C05"": 1.499679, ""C06"": 1.991172, ""C07"": 1.783993, ""C08"": 1.759301, ""C09"": 1.78319, ""C10"": 1.564091}","{""C01"": 0, ""C02"": 0, ""C03"": 0, ""C04"": 0, ""C05"": 0, ""C06"": 1660, ""C07"": 0, ""C08"": 0, ""C09"": 0, ""C10"": 0}","{""C01"": 0.02526086414866166, ""C02"": 0.02526086414866166, ""C03"": 0.02526086414866166, ""C04"": 0.02526086414866166, ""C05"": 0.02526086414866166, ""C06"": 0.0242995317204643, ""C07"": 0.02526086414866166, ""C08"": 0.02526086414866166, ""C09"": 0.02526086414866166, ""C10"": 0.02526086414866166}"
45,45,1,124,0.426222,10,"{""C01"": 1.694716, ""C02"": 1.872153, ""C03"": 1.790962, ""C04"": 1.786554, ""C05"": 1.511657, ""C06"": 1.960646, ""C07"": 1.768724, ""C08"": 1.704671, ""C09"": 1.743322, ""C10"": 1.530375}","{""C01"": 0, ""C02"": 0, ""C03"": 0, ""C04"": 0, ""C05"": 0, ""C06"": 1669, ""C07"": 0, ""C08"": 0, ""C09"": 0, ""C10"": 0}","{""C01"": 0.025251154162043862, ""C02"": 0.025251154162043862, ""C03"": 0.025251154162043862, ""C04"": 0.025251154162043862, ""C05"": 0.025251154162043862, ""C06"": 0.024284608283807678, ""C07"": 0.025251154162043862, ""C08"": 0.025251154162043862, ""C09"": 0.025251154162043862, ""C10"": 0.025251154162043862}"
46,46,1,147,0.508428,10,"{""C01"": 1.680527, ""C02"": 1.88009, ""C03"": 1.762162, ""C04"": 1.768525, ""C05"": 1.514477, ""C06"": 1.953861, ""C07"": 1.775607, ""C08"": 1.733517, ""C09"": 1.786542, ""C10"": 1.551538}","{""C01"": 0, ""C02"": 0, ""C03"": 0, ""C04"": 0, ""C05"": 0, ""C06"": 1670, ""C07"": 0, ""C08"": 0, ""C09"": 0, ""C10"": 0}","{""C01"": 0.02524837324421543, ""C02"": 0.02524837324421543, ""C03"": 0.02524837324421543, ""C04"": 0.02524837324421543, ""C05"": 0.02524837324421543, ""C06"": 0.02428124949371672, ""C07"": 0.02524837324421543, ""C08"": 0.02524837324421543, ""C09"": 0.02524837324421543, ""C10"": 0.02524837324421543}"
47,47,1,265,0.941742,10,"{""C01"": 1.685796, ""C02"": 1.873354, ""C03"": 1.742727, ""C04"": 1.754105, ""C05"": 1.478213, ""C06"": 1.91212, ""C07"": 1.752828, ""C08"": 1.729275, ""C09"": 1.725622, ""C10"": 1.520413}","{""C01"": 0, ""C02"": 0, ""C03"": 0, ""C04"": 0, ""C05"": 0, ""C06"": 1682, ""C07"": 0, ""C08"": 0, ""C09"": 0, ""C10"": 0}","{""C01"": 0.025234319131454408, ""C02"": 0.025234319131454408, ""C03"": 0.025234319131454408, ""C04"": 0.025234319131454408, ""C05"": 0.025234319131454408, ""C06"": 0.024260245025827257, ""C07"": 0.025234319131454408, ""C08"": 0.025234319131454408, ""C09"": 0.025234319131454408, ""C10"": 0.025234319131454408}"
48,48,1,135,0.460562,10,"{""C01"": 1.661723, ""C02"": 1.874847, ""C03"": 1.705015, ""C04"": 1.753239, ""C05"": 1.481072, ""C06"": 1.955323, ""C07"": 1.759276, ""C08"": 1.706316, ""C09"": 1.734806, ""C10"": 1.567086}","{""C01"": 0, ""C02"": 0, ""C03"": 0, ""C04"": 0, ""C05"": 0, ""C06"": 1670, ""C07"": 0, ""C08"": 0, ""C09"": 0, ""C10"": 0}","{""C01"": 0.025249098965085995, ""C02"": 0.025249098965085995, ""C03"": 0.025249098965085995, ""C04"": 0.025249098965085995, ""C05"": 0.025249098965085995, ""C06"": 0.024281974617973195, ""C07"": 0.025249098965085995, ""C08"": 0.025249098965085995, ""C09"": 0.025249098965085995, ""C10"": 0.025249098965085995}"
49,49,1,161,0.553450,10,"{""C01"": 1.635664, ""C02"": 1.869475, ""C03"": 1.753071, ""C04"": 1.726215, ""C05"": 1.501005, ""C06"": 1.933856, ""C07"": 1.703745, ""C08"": 1.723644, ""C09"": 1.758069, ""C10"": 1.525822}","{""C01"": 0, ""C02"": 0, ""C03"": 0, ""C04"": 0, ""C05"": 0, ""C06"": 1676, ""C07"": 0, ""C08"": 0, ""C09"": 0, ""C10"": 0}","{""C01"": 0.025241856579045943, ""C02"": 0.025241856579045943, ""C03"": 0.025241856579045943, ""C04"": 0.025241856579045943, ""C05"": 0.025241856579045943, ""C06"": 0.02427125723231335, ""C07"": 0.025241856579045943, ""C08"": 0.025241856579045943, ""C09"": 0.025241856579045943, ""C10"": 0.025241856579045943}"
50,50,1,193,0.665380,10,"{""C01"": 1.694825, ""C02"": 1.85648, ""C03"": 1.701256, ""C04"": 1.725962, ""C05"": 1.478637, ""C06"": 1.907835, ""C07"": 1.686648, ""C08"": 1.697329, ""C09"": 1.77295, ""C10"": 1.537965}","{""C01"": 0, ""C02"": 0, ""C03"": 0, ""C04"": 0, ""C05"": 0, ""C06"": 1683, ""C07"": 0, ""C08"": 0, ""C09"": 0, ""C10"": 0}","{""C01"": 0.02523270758445864, ""C02"": 0.02523270758445864, ""C03"": 0.02523270758445864, ""C04"": 0.02523270758445864, ""C05"": 0.02523270758445864, ""C06"": 0.02425805464179645, ""C07"": 0.02523270758445864, ""C08"": 0.02523270758445864, ""C09"": 0.02523270758445864, ""C10"": 0.02523270758445864}"
51,51,1,137,0.492050,10,"{""C01"": 1.66024, ""C02"": 1.839077, ""C03"": 1.715762, ""C04"": 1.722336, ""C05"": 1.47967, ""C06"": 1.917295, ""C07"": 1.719787, ""C08"": 1.710159, ""C09"": 1.732184, ""C10"": 1.501604}","{""C01"": 0, ""C02"": 0, ""C03"": 0, ""C04"": 0, ""C05"": 0, ""C06"": 1680, ""C07"": 0, ""C08"": 0, ""C09"": 0, ""C10"": 0}","{""C01"": 0.025235796577774278, ""C02"": 0.025235796577774278, ""C03"": 0.025235796577774278, ""C04"": 0.025235796577774278, ""C05"": 0.025235796577774278, ""C06"": 0.024262881570663426, ""C07"": 0.025235796577774278, ""C08"": 0.025235796577774278, ""C09"": 0.025235796577774278, ""C10"": 0.025235796577774278}"
52,52,1,111,0.253676,10,"{""C01"": 1.670329, ""C02"": 1.830535, ""C03"": 1.720971, ""C04"": 1.717784, ""C05"": 1.471601, ""C06"": 1.931918, ""C07"": 1.734966, ""C08"": 1.696657, ""C09"": 1.730074, ""C10"": 1.476379}","{""C01"": 0, ""C02"": 0, ""C03"": 0, ""C04"": 0, ""C05"": 0, ""C06"": 1676, ""C07"": 0, ""C08"": 0, ""C09"": 0, ""C10"": 0}","{""C01"": 0.02524088039001038, ""C02"": 0.02524088039001038, ""C03"": 0.02524088039001038, ""C04"": 0.02524088039001038, ""C05"": 0.02524088039001038, ""C06"": 0.02427028184265356, ""C07"": 0.02524088039001038, ""C08"": 0.02524088039001038, ""C09"": 0.02524088039001038, ""C10"": 0.02524088039001038}"
53,53,1,232,0.461136,10,"{""C01"": 1.647102, ""C02"": 1.851977, ""C03"": 1.70064, ""C04"": 1.695857, ""C05"": 1.44761, ""C06"": 1.89371, ""C07"": 1.747298, ""C08"": 1.681187, ""C09"": 1.743728, ""C10"": 1.5172}","{""C01"": 0, ""C02"": 0, ""C03"": 0, ""C04"": 0, ""C05"": 0, ""C06"": 1687, ""C07"": 0, ""C08"": 0, ""C09"": 0, ""C10"": 0}","{""C01"": 0.025227757907514956, ""C02"": 0.025227757907514956, ""C03"": 0.025227757907514956, ""C04"": 0.025227757907514956, ""C05"": 0.025227757907514956, ""C06"": 0.024250788395737088, ""C07"": 0.025227757907514956, ""C08"": 0.025227757907514956, ""C09"": 0.025227757907514956, ""C10"": 0.025227757907514956}"
54,54,1,162,0.321638,10,"{""C01"": 1.650278, ""C02"": 1.837892, ""C03"": 1.750132, ""C04"": 1.728179, ""C05"": 1.445201, ""C06"": 1.90071, ""C07"": 1.71254, ""C08"": 1.658811, ""C09"": 1.716465, ""C10"": 1.474019}","{""C01"": 0, ""C02"": 0, ""C03"": 0, ""C04"": 0, ""C05"": 0, ""C06"": 1685, ""C07"": 0, ""C08"": 0, ""C09"": 0, ""C10"": 0}","{""C01"": 0.02523020944177247, ""C02"": 0.02523020944177247, ""C03"": 0.02523020944177247, ""C04"": 0.02523020944177247, ""C05"": 0.02523020944177247, ""C06"": 0.024254398233584697, ""C07"": 0.02523020944177247, ""C08"": 0.02523020944177247, ""C09"": 0.02523020944177247, ""C10"": 0.02523020944177247}"
55,55,1,107,0.226674,10,"{""C01"": 1.654548, ""C02"": 1.820876, ""C03"": 1.687835, ""C04"": 1.715612, ""C05"": 1.438163, ""C06"": 1.927053, ""C07"": 1.744455, ""C08"": 1.705418, ""C09"": 1.742852, ""C10"": 1.486236}","{""C01"": 0, ""C02"": 0, ""C03"": 0, ""C04"": 0, ""C05"": 0, ""C06"": 1678, ""C07"": 0, ""C08"": 0, ""C09"": 0, ""C10"": 0}","{""C01"": 0.025239585968346898, ""C02"": 0.025239585968346898, ""C03"": 0.025239585968346898, ""C04"": 0.025239585968346898, ""C05"": 0.025239585968346898, ""C06"": 0.024267828171044826, ""C07"": 0.025239585968346898, ""C08"": 0.025239585968346898, ""C09"": 0.025239585968346898, ""C10"": 0.025239585968346898}"
56,56,1,288,0.586263,10,"{""C01"": 1.642584, ""C02"": 1.869652, ""C03"": 1.724878, ""C04"": 1.709172, ""C05"": 1.443966, ""C06"": 1.906413, ""C07"": 1.731592, ""C08"": 1.685726, ""C09"": 1.742887, ""C10"": 1.503325}","{""C01"": 0, ""C02"": 0, ""C03"": 0, ""C04"": 0, ""C05"": 0, ""C06"": 1683, ""C07"": 0, ""C08"": 0, ""C09"": 0, ""C10"": 0}","{""C01"": 0.025231978551657055, ""C02"": 0.025231978551657055, ""C03"": 0.025231978551657055, ""C04"": 0.025231978551657055, ""C05"": 0.025231978551657055, ""C06"": 0.024257326203247512, ""C07"": 0.025231978551657055, ""C08"": 0.025231978551657055, ""C09"": 0.025231978551657055, ""C10"": 0.025231978551657055}"
57,57,1,154,0.312804,10,"{""C01"": 1.667127, ""C02"": 1.855687, ""C03"": 1.695348, ""C04"": 1.733111, ""C05"": 1.457701, ""C06"": 1.925839, ""C07"": 1.720792, ""C08"": 1.719607, ""C09"": 1.740759, ""C10"": 1.507025}","{""C01"": 0, ""C02"": 0, ""C03"": 0, ""C04"": 0, ""C05"": 0, ""C06"": 1678, ""C07"": 0, ""C08"": 0, ""C09"": 0, ""C10"": 0}","{""C01"": 0.02523897181734122, ""C02"": 0.02523897181734122, ""C03"": 0.02523897181734122, ""C04"": 0.02523897181734122, ""C05"": 0.02523897181734122, ""C06"": 0.02426721452230342, ""C07"": 0.02523897181734122, ""C08"": 0.02523897181734122, ""C09"": 0.02523897181734122, ""C10"": 0.02523897181734122}"
58,58,1,225,0.454876,10,"{""C01"": 1.651119, ""C02"": 1.871584, ""C03"": 1.708862, ""C04"": 1.736948, ""C05"": 1.470372, ""C06"": 1.915846, ""C07"": 1.729818, ""C08"": 1.664694, ""C09"": 1.734786, ""C10"": 1.46668}","{""C01"": 0, ""C02"": 0, ""C03"": 0, ""C04"": 0, ""C05"": 0, ""C06"": 1681, ""C07"": 0, ""C08"": 0, ""C09"": 0, ""C10"": 0}","{""C01"": 0.025235639431843426, ""C02"": 0.025235639431843426, ""C03"": 0.025235639431843426, ""C04"": 0.025235639431843426, ""C05"": 0.025235639431843426, ""C06"": 0.02426214440054, ""C07"": 0.025235639431843426, ""C08"": 0.025235639431843426, ""C09"": 0.025235639431843426, ""C10"": 0.025235639431843426}"
59,59,1,194,0.396417,10,"{""C01"": 1.706352, ""C02"": 1.842733, ""C03"": 1.746157, ""C04"": 1.724348, ""C05"": 1.443545, ""C06"": 1.893309, ""C07"": 1.736515, ""C08"": 1.690461, ""C09"": 1.757024, ""C10"": 1.476915}","{""C01"": 0, ""C02"": 0, ""C03"": 0, ""C04"": 0, ""C05"": 0, ""C06"": 1687, ""C07"": 0, ""C08"": 0, ""C09"": 0, ""C10"": 0}","{""C01"": 0.02522755038954165, ""C02"": 0.02522755038954165, ""C03"": 0.02522755038954165, ""C04"": 0.02522755038954165, ""C05"": 0.02522755038954165, ""C06"": 0.024250581046478824, ""C07"": 0.02522755038954165, ""C08"": 0.02522755038954165, ""C09"": 0.02522755038954165, ""C10"": 0.02522755038954165}"
60,60,1,117,0.231944,10,"{""C01"": 1.696153, ""C02"": 1.838732, ""C03"": 1.763162, ""C04"": 1.748207, ""C05"": 1.467017, ""C06"": 1.935439, ""C07"": 1.758045, ""C08"": 1.720348, ""C09"": 1.770906, ""C10"": 1.478139}","{""C01"": 0, ""C02"": 0, ""C03"": 0, ""C04"": 0, ""C05"": 0, ""C06"": 1675, ""C07"": 0, ""C08"": 0, ""C09"": 0, ""C10"": 0}","{""C01"": 0.025242072076820568, ""C02"": 0.025242072076820568, ""C03"": 0.025242072076820568, ""C04"": 0.025242072076820568, ""C05"": 0.025242072076820568, ""C06"": 0.024272052709186333, ""C07"": 0.025242072076820568, ""C08"": 0.025242072076820568, ""C09"": 0.025242072076820568, ""C10"": 0.025242072076820568}"
61,61,1,836,1.680220,10,"{""C01"": 1.664671, ""C02"": 1.916693, ""C03"": 1.750166, ""C04"": 1.769637, ""C05"": 1.463508, ""C06"": 1.931006, ""C07"": 1.750646, ""C08"": 1.724563, ""C09"": 1.748605, ""C10"": 1.521948}","{""C01"": 0, ""C02"": 0, ""C03"": 0, ""C04"": 0, ""C05"": 0, ""C06"": 1677, ""C07"": 0, ""C08"": 0, ""C09"": 0, ""C10"": 0}","{""C01"": 0.025241001434119406, ""C02"": 0.025241001434119406, ""C03"": 0.025241001434119406, ""C04"": 0.025241001434119406, ""C05"": 0.025241001434119406, ""C06"": 0.024269822632789234, ""C07"": 0.025241001434119406, ""C08"": 0.025241001434119406, ""C09"": 0.025241001434119406, ""C10"": 0.025241001434119406}"
62,62,1,62,0.122748,10,"{""C01"": 1.674183, ""C02"": 1.914785, ""C03"": 1.752776, ""C04"": 1.74112, ""C05"": 1.446583, ""C06"": 1.909458, ""C07"": 1.755258, ""C08"": 1.772366, ""C09"": 1.777054, ""C10"": 1.506768}","{""C01"": 0, ""C02"": 865, ""C03"": 0, ""C04"": 0, ""C05"": 0, ""C06"": 818, ""C07"": 0, ""C08"": 0, ""C09"": 0, ""C10"": 0}","{""C01"": 0.02523493839598348, ""C02"": 0.024734004655385854, ""C03"": 0.02523493839598348, ""C04"": 0.02523493839598348, ""C05"": 0.02523493839598348, ""C06"": 0.02476121972626017, ""C07"": 0.02523493839598348, ""C08"": 0.02523493839598348, ""C09"": 0.02523493839598348, ""C10"": 0.02523493839598348}"
63,63,1,182,0.361575,10,"{""C01"": 1.736475, ""C02"": 1.890257, ""C03"": 1.720193, ""C04"": 1.758921, ""C05"": 1.479433, ""C06"": 1.947887, ""C07"": 1.764058, ""C08"": 1.721985, ""C09"": 1.80046, ""C10"": 1.510449}","{""C01"": 0, ""C02"": 0, ""C03"": 0, ""C04"": 0, ""C05"": 0, ""C06"": 1672, ""C07"": 0, ""C08"": 0, ""C09"": 0, ""C10"": 0}","{""C01"": 0.025246562344645923, ""C02"": 0.025246562344645923, ""C03"": 0.025246562344645923, ""C04"": 0.025246562344645923, ""C05"": 0.025246562344645923, ""C06"": 0.024278279764891234, ""C07"": 0.025246562344645923, ""C08"": 0.025246562344645923, ""C09"": 0.025246562344645923, ""C10"": 0.025246562344645923}"
64,64,1,157,0.446356,10,"{""C01"": 1.71415, ""C02"": 1.886653, ""C03"": 1.745518, ""C04"": 1.779504, ""C05"": 1.504454, ""C06"": 1.954049, ""C07"": 1.78302, ""C08"": 1.728468, ""C09"": 1.791269, ""C10"": 1.524073}","{""C01"": 0, ""C02"": 0, ""C03"": 0, ""C04"": 0, ""C05"": 0, ""C06"": 1670, ""C07"": 0, ""C08"": 0, ""C09"": 0, ""C10"": 0}","{""C01"": 0.025248466609726253, ""C02"": 0.025248466609726253, ""C03"": 0.025248466609726253, ""C04"": 0.025248466609726253, ""C05"": 0.025248466609726253, ""C06"": 0.024281342782473025, ""C07"": 0.025248466609726253, ""C08"": 0.025248466609726253, ""C09"": 0.025248466609726253, ""C10"": 0.025248466609726253}"
65,65,1,254,0.523400,10,"{""C01"": 1.685883, ""C02"": 1.915, ""C03"": 1.765665, ""C04"": 1.776855, ""C05"": 1.504795, ""C06"": 1.955494, ""C07"": 1.793712, ""C08"": 1.770852, ""C09"": 1.802892, ""C10"": 1.513974}","{""C01"": 0, ""C02"": 0, ""C03"": 0, ""C04"": 0, ""C05"": 0, ""C06"": 1670, ""C07"": 0, ""C08"": 0, ""C09"": 0, ""C10"": 0}","{""C01"": 0.025249183795936214, ""C02"": 0.025249183795936214, ""C03"": 0.025249183795936214, ""C04"": 0.025249183795936214, ""C05"": 0.025249183795936214, ""C06"": 0.02428205937908295, ""C07"": 0.025249183795936214, ""C08"": 0.025249183795936214, ""C09"": 0.025249183795936214, ""C10"": 0.025249183795936214}"
66,66,1,189,0.395455,10,"{""C01"": 1.738417, ""C02"": 1.921589, ""C03"": 1.76849, ""C04"": 1.794449, ""C05"": 1.496836, ""C06"": 1.976259, ""C07"": 1.812822, ""C08"": 1.783752, ""C09"": 1.784309, ""C10"": 1.525778}","{""C01"": 0, ""C02"": 0, ""C03"": 0, ""C04"": 0, ""C05"": 0, ""C06"": 1664, ""C07"": 0, ""C08"": 0, ""C09"": 0, ""C10"": 0}","{""C01"": 0.025255927885759394, ""C02"": 0.025255927885759394, ""C03"": 0.025255927885759394, ""C04"": 0.025255927885759394, ""C05"": 0.025255927885759394, ""C06"": 0.02429227887956679, ""C07"": 0.025255927885759394, ""C08"": 0.025255927885759394, ""C09"": 0.025255927885759394, ""C10"": 0.025255927885759394}"
67,67,1,441,0.921024,10,"{""C01"": 1.719303, ""C02"": 1.95025, ""C03"": 1.775771, ""C04"": 1.794522, ""C05"": 1.564172, ""C06"": 1.97078, ""C07"": 1.777284, ""C08"": 1.756855, ""C09"": 1.834517, ""C10"": 1.532851}","{""C01"": 0, ""C02"": 0, ""C03"": 0, ""C04"": 0, ""C05"": 0, ""C06"": 1666, ""C07"": 0, ""C08"": 0, ""C09"": 0, ""C10"": 0}","{""C01"": 0.02525440434506762, ""C02"": 0.02525440434506762, ""C03"": 0.02525440434506762, ""C04"": 0.02525440434506762, ""C05"": 0.02525440434506762, ""C06"": 0.02428959627111149, ""C07"": 0.02525440434506762, ""C08"": 0.02525440434506762, ""C09"": 0.02525440434506762, ""C10"": 0.02525440434506762}"
68,68,1,132,0.272711,10,"{""C01"": 1.778084, ""C02"": 1.902276, ""C03"": 1.765478, ""C04"": 1.788336, ""C05"": 1.506553, ""C06"": 1.986709, ""C07"": 1.816669, ""C08"": 1.760583, ""C09"": 1.807638, ""C10"": 1.503719}","{""C01"": 0, ""C02"": 0, ""C03"": 0, ""C04"": 0, ""C05"": 0, ""C06"": 1662, ""C07"": 0, ""C08"": 0, ""C09"": 0, ""C10"": 0}","{""C01"": 0.02525986082140609, ""C02"": 0.02525986082140609, ""C03"": 0.02525986082140609, ""C04"": 0.02525986082140609, ""C05"": 0.02525986082140609, ""C06"": 0.024297368893670585, ""C07"": 0.02525986082140609, ""C08"": 0.02525986082140609, ""C09"": 0.02525986082140609, ""C10"": 0.02525986082140609}"
69,69,1,56,0.116644,10,"{""C01"": 1.764034, ""C02"": 1.969399, ""C03"": 1.782495, ""C04"": 1.801067, ""C05"": 1.528018, ""C06"": 1.974665, ""C07"": 1.788266, ""C08"": 1.756035, ""C09"": 1.816966, ""C10"": 1.507863}","{""C01"": 0, ""C02"": 813, ""C03"": 0, ""C04"": 0, ""C05"": 0, ""C06"": 854, ""C07"": 0, ""C08"": 0, ""C09"": 0, ""C10"": 0}","{""C01"": 0.025255630935371115, ""C02"": 0.024784807856538537, ""C03"": 0.025255630935371115, ""C04"": 0.025255630935371115, ""C05"": 0.025255630935371115, ""C06"": 0.024761067029612904, ""C07"": 0.025255630935371115, ""C08"": 0.025255630935371115, ""C09"": 0.025255630935371115, ""C10"": 0.025255630935371115}"
70,70,1,227,0.482016,10,"{""C01"": 1.771608, ""C02"": 1.965971, ""C03"": 1.714062, ""C04"": 1.809519, ""C05"": 1.518246, ""C06"": 2.009821, ""C07"": 1.797057, ""C08"": 1.794295, ""C09"": 1.798931, ""C10"": 1.52359}","{""C01"": 0, ""C02"": 0, ""C03"": 0, ""C04"": 0, ""C05"": 0, ""C06"": 1656, ""C07"": 0, ""C08"": 0, ""C09"": 0, ""C10"": 0}","{""C01"": 0.025267519251599563, ""C02"": 0.025267519251599563, ""C03"": 0.025267519251599563, ""C04"": 0.025267519251599563, ""C05"": 0.025267519251599563, ""C06"": 0.02430850197475926, ""C07"": 0.025267519251599563, ""C08"": 0.025267519251599563, ""C09"": 0.025267519251599563, ""C10"": 0.025267519251599563}"
71,71,1,836,1.796003,10,"{""C01"": 1.731144, ""C02"": 1.960696, ""C03"": 1.768074, ""C04"": 1.807148, ""C05"": 1.500583, ""C06"": 1.947017, ""C07"": 1.803842, ""C08"": 1.782365, ""C09"": 1.855368, ""C10"": 1.523365}","{""C01"": 0, ""C02"": 1669, ""C03"": 0, ""C04"": 0, ""C05"": 0, ""C06"": 0, ""C07"": 0, ""C08"": 0, ""C09"": 0, ""C10"": 0}","{""C01"": 0.02525117887614492, ""C02"": 0.02428463297757675, ""C03"": 0.02525117887614492, ""C04"": 0.02525117887614492, ""C05"": 0.02525117887614492, ""C06"": 0.02525117887614492, ""C07"": 0.02525117887614492, ""C08"": 0.02525117887614492, ""C09"": 0.02525117887614492, ""C10"": 0.02525117887614492}"
72,72,1,228,0.485021,10,"{""C01"": 1.750593, ""C02"": 1.938099, ""C03"": 1.774619, ""C04"": 1.828493, ""C05"": 1.549041, ""C06"": 1.983587, ""C07"": 1.828613, ""C08"": 1.725405, ""C09"": 1.809872, ""C10"": 1.4869}","{""C01"": 0, ""C02"": 0, ""C03"": 0, ""C04"": 0, ""C05"": 0, ""C06"": 1662, ""C07"": 0, ""C08"": 0, ""C09"": 0, ""C10"": 0}","{""C01"": 0.025258342419782198, ""C02"": 0.025258342419782198, ""C03"": 0.025258342419782198, ""C04"": 0.025258342419782198, ""C05"": 0.025258342419782198, ""C06"": 0.024295851746937134, ""C07"": 0.025258342419782198, ""C08"": 0.025258342419782198, ""C09"": 0.025258342419782198, ""C10"": 0.025258342419782198}"
73,73,1,191,0.408524,10,"{""C01"": 1.764858, ""C02"": 1.92695, ""C03"": 1.754361, ""C04"": 1.775597, ""C05"": 1.514052, ""C06"": 1.979848, ""C07"": 1.789066, ""C08"": 1.819446, ""C09"": 1.810412, ""C10"": 1.547399}","{""C01"": 0, ""C02"": 0, ""C03"": 0, ""C04"": 0, ""C05"": 0, ""C06"": 1663, ""C07"": 0, ""C08"": 0, ""C09"": 0, ""C10"": 0}","{""C01"": 0.025257100719895537, ""C02"": 0.025257100719895537, ""C03"": 0.025257100719895537, ""C04"": 0.025257100719895537, ""C05"": 0.025257100719895537, ""C06"": 0.024294030908813498, ""C07"": 0.025257100719895537, ""C08"": 0.025257100719895537, ""C09"": 0.025257100719895537, ""C10"": 0.025257100719895537}"
74,74,1,186,0.397957,10,"{""C01"": 1.760603, ""C02"": 1.931386, ""C03"": 1.74636, ""C04"": 1.788213, ""C05"": 1.516576, ""C06"": 1.987767, ""C07"": 1.80264, ""C08"": 1.788297, ""C09"": 1.829669, ""C10"": 1.488416}","{""C01"": 0, ""C02"": 0, ""C03"": 0, ""C04"": 0, ""C05"": 0, ""C06"": 1661, ""C07"": 0, ""C08"": 0, ""C09"": 0, ""C10"": 0}","{""C01"": 0.02525979377349953, ""C02"": 0.02525979377349953, ""C03"": 0.02525979377349953, ""C04"": 0.02525979377349953, ""C05"": 0.02525979377349953, ""C06"": 0.02429788206547695, ""C07"": 0.02525979377349953, ""C08"": 0.02525979377349953, ""C09"": 0.02525979377349953, ""C10"": 0.02525979377349953}"
75,75,1,424,0.899897,10,"{""C01"": 1.746834, ""C02"": 1.939148, ""C03"": 1.778575, ""C04"": 1.801213, ""C05"": 1.511684, ""C06"": 1.964674, ""C07"": 1.817456, ""C08"": 1.730749, ""C09"": 1.807004, ""C10"": 1.482783}","{""C01"": 0, ""C02"": 0, ""C03"": 0, ""C04"": 0, ""C05"": 0, ""C06"": 1667, ""C07"": 0, ""C08"": 0, ""C09"": 0, ""C10"": 0}","{""C01"": 0.025251980936371113, ""C02"": 0.025251980936371113, ""C03"": 0.025251980936371113, ""C04"": 0.025251980936371113, ""C05"": 0.025251980936371113, ""C06"": 0.024286594697995368, ""C07"": 0.025251980936371113, ""C08"": 0.025251980936371113, ""C09"": 0.025251980936371113, ""C10"": 0.025251980936371113}"
76,76,1,249,0.535778,10,"{""C01"": 1.779013, ""C02"": 1.926898, ""C03"": 1.757729, ""C04"": 1.764596, ""C05"": 1.473933, ""C06"": 1.968018, ""C07"": 1.762121, ""C08"": 1.746348, ""C09"": 1.783996, ""C10"": 1.501783}","{""C01"": 0, ""C02"": 0, ""C03"": 0, ""C04"": 0, ""C05"": 0, ""C06"": 1667, ""C07"": 0, ""C08"": 0, ""C09"": 0, ""C10"": 0}","{""C01"": 0.025253627768961368, ""C02"": 0.025253627768961368, ""C03"": 0.025253627768961368, ""C04"": 0.025253627768961368, ""C05"": 0.025253627768961368, ""C06"": 0.024288240174033294, ""C07"": 0.025253627768961368, ""C08"": 0.025253627768961368, ""C09"": 0.025253627768961368, ""C10"": 0.025253627768961368}"
77,77,1,142,0.307886,10,"{""C01"": 1.756993, ""C02"": 1.890986, ""C03"": 1.723937, ""C04"": 1.775886, ""C05"": 1.464758, ""C06"": 1.966594, ""C07"": 1.786885, ""C08"": 1.76139, ""C09"": 1.82416, ""C10"": 1.498134}","{""C01"": 0, ""C02"": 0, ""C03"": 0, ""C04"": 0, ""C05"": 0, ""C06"": 1667, ""C07"": 0, ""C08"": 0, ""C09"": 0, ""C10"": 0}","{""C01"": 0.025252926985421795, ""C02"": 0.025252926985421795, ""C03"": 0.025252926985421795, ""C04"": 0.025252926985421795, ""C05"": 0.025252926985421795, ""C06"": 0.024287539967766034, ""C07"": 0.025252926985421795, ""C08"": 0.025252926985421795, ""C09"": 0.025252926985421795, ""C10"": 0.025252926985421795}"
78,78,1,161,0.345235,10,"{""C01"": 1.714593, ""C02"": 1.894661, ""C03"": 1.730487, ""C04"": 1.765775, ""C05"": 1.502213, ""C06"": 1.958778, ""C07"": 1.785763, ""C08"": 1.730182, ""C09"": 1.79658, ""C10"": 1.440312}","{""C01"": 0, ""C02"": 0, ""C03"": 0, ""C04"": 0, ""C05"": 0, ""C06"": 1669, ""C07"": 0, ""C08"": 0, ""C09"": 0, ""C10"": 0}","{""C01"": 0.025250230184143213, ""C02"": 0.025250230184143213, ""C03"": 0.025250230184143213, ""C04"": 0.025250230184143213, ""C05"": 0.025250230184143213, ""C06"": 0.02428368506603249, ""C07"": 0.025250230184143213, ""C08"": 0.025250230184143213, ""C09"": 0.025250230184143213, ""C10"": 0.025250230184143213}"
79,79,1,859,1.837111,10,"{""C01"": 1.71997, ""C02"": 1.921237, ""C03"": 1.728544, ""C04"": 1.771188, ""C05"": 1.458249, ""C06"": 1.930714, ""C07"": 1.754589, ""C08"": 1.719144, ""C09"": 1.797598, ""C10"": 1.488775}","{""C01"": 0, ""C02"": 0, ""C03"": 0, ""C04"": 0, ""C05"": 0, ""C06"": 1677, ""C07"": 0, ""C08"": 0, ""C09"": 0, ""C10"": 0}","{""C01"": 0.02524085416601815, ""C02"": 0.02524085416601815, ""C03"": 0.02524085416601815, ""C04"": 0.02524085416601815, ""C05"": 0.02524085416601815, ""C06"": 0.024269675485207698, ""C07"": 0.02524085416601815, ""C08"": 0.02524085416601815, ""C09"": 0.02524085416601815, ""C10"": 0.02524085416601815}"
80,80,1,445,0.961590,10,"{""C01"": 1.716487, ""C02"": 1.898054, ""C03"": 1.726376, ""C04"": 1.76449, ""C05"": 1.489541, ""C06"": 1.916576, ""C07"": 1.746846, ""C08"": 1.723932, ""C09"": 1.744862, ""C10"": 1.424607}","{""C01"": 0, ""C02"": 0, ""C03"": 0, ""C04"": 0, ""C05"": 0, ""C06"": 1681, ""C07"": 0, ""C08"": 0, ""C09"": 0, ""C10"": 0}","{""C01"": 0.025236011306931025, ""C02"": 0.025236011306931025, ""C03"": 0.025236011306931025, ""C04"": 0.025236011306931025, ""C05"": 0.025236011306931025, ""C06"": 0.02426251597209286, ""C07"": 0.025236011306931025, ""C08"": 0.025236011306931025, ""C09"": 0.025236011306931025, ""C10"": 0.025236011306931025}"
81,81,1,186,0.582640,10,"{""C01"": 1.676561, ""C02"": 1.882528, ""C03"": 1.712357, ""C04"": 1.721762, ""C05"": 1.4713, ""C06"": 1.937133, ""C07"": 1.737588, ""C08"": 1.754551, ""C09"": 1.763275, ""C10"": 1.449125}","{""C01"": 0, ""C02"": 0, ""C03"": 0, ""C04"": 0, ""C05"": 0, ""C06"": 1675, ""C07"": 0, ""C08"": 0, ""C09"": 0, ""C10"": 0}","{""C01"": 0.025242923410297158, ""C02"": 0.025242923410297158, ""C03"": 0.025242923410297158, ""C04"": 0.025242923410297158, ""C05"": 0.025242923410297158, ""C06"": 0.024272903345075144, ""C07"": 0.025242923410297158, ""C08"": 0.025242923410297158, ""C09"": 0.025242923410297158, ""C10"": 0.025242923410297158}"
82,82,1,160,0.584439,10,"{""C01"": 1.709945, ""C02"": 1.857352, ""C03"": 1.6874, ""C04"": 1.718387, ""C05"": 1.434242, ""C06"": 1.922247, ""C07"": 1.718754, ""C08"": 1.729602, ""C09"": 1.757941, ""C10"": 1.427529}","{""C01"": 0, ""C02"": 0, ""C03"": 0, ""C04"": 0, ""C05"": 0, ""C06"": 1679, ""C07"": 0, ""C08"": 0, ""C09"": 0, ""C10"": 0}","{""C01"": 0.025237732469339164, ""C02"": 0.025237732469339164, ""C03"": 0.025237732469339164, ""C04"": 0.025237732469339164, ""C05"": 0.025237732469339164, ""C06"": 0.02426539603383896, ""C07"": 0.025237732469339164, ""C08"": 0.025237732469339164, ""C09"": 0.025237732469339164, ""C10"": 0.025237732469339164}"
83,83,1,301,1.057909,10,"{""C01"": 1.729972, ""C02"": 1.861099, ""C03"": 1.679432, ""C04"": 1.751349, ""C05"": 1.453569, ""C06"": 1.89263, ""C07"": 1.779853, ""C08"": 1.687793, ""C09"": 1.759975, ""C10"": 1.406137}","{""C01"": 0, ""C02"": 0, ""C03"": 0, ""C04"": 0, ""C05"": 0, ""C06"": 1687, ""C07"": 0, ""C08"": 0, ""C09"": 0, ""C10"": 0}","{""C01"": 0.025227198860104175, ""C02"": 0.025227198860104175, ""C03"": 0.025227198860104175, ""C04"": 0.025227198860104175, ""C05"": 0.025227198860104175, ""C06"": 0.024250229802835945, ""C07"": 0.025227198860104175, ""C08"": 0.025227198860104175, ""C09"": 0.025227198860104175, ""C10"": 0.025227198860104175}"
84,84,1,161,0.554403,10,"{""C01"": 1.722317, ""C02"": 1.877399, ""C03"": 1.700835, ""C04"": 1.726965, ""C05"": 1.432525, ""C06"": 1.940845, ""C07"": 1.76092, ""C08"": 1.714544, ""C09"": 1.738642, ""C10"": 1.416279}","{""C01"": 0, ""C02"": 0, ""C03"": 0, ""C04"": 0, ""C05"": 0, ""C06"": 1674, ""C07"": 0, ""C08"": 0, ""C09"": 0, ""C10"": 0}","{""C01"": 0.025244204536147813, ""C02"": 0.025244204536147813, ""C03"": 0.025244204536147813, ""C04"": 0.025244204536147813, ""C05"": 0.025244204536147813, ""C06"": 0.02427476357687481, ""C07"": 0.025244204536147813, ""C08"": 0.025244204536147813, ""C09"": 0.025244204536147813, ""C10"": 0.025244204536147813}"
85,85,1,418,1.390518,10,"{""C01"": 1.688436, ""C02"": 1.879831, ""C03"": 1.72873, ""C04"": 1.698697, ""C05"": 1.415741, ""C06"": 1.904552, ""C07"": 1.749353, ""C08"": 1.69295, ""C09"": 1.723934, ""C10"": 1.420986}","{""C01"": 0, ""C02"": 0, ""C03"": 0, ""C04"": 0, ""C05"": 0, ""C06"": 1684, ""C07"": 0, ""C08"": 0, ""C09"": 0, ""C10"": 0}","{""C01"": 0.025231604315336914, ""C02"": 0.025231604315336914, ""C03"": 0.025231604315336914, ""C04"": 0.025231604315336914, ""C05"": 0.025231604315336914, ""C06"": 0.02425637212116136, ""C07"": 0.025231604315336914, ""C08"": 0.025231604315336914, ""C09"": 0.025231604315336914, ""C10"": 0.025231604315336914}"
86,86,1,268,0.567962,10,"{""C01"": 1.648938, ""C02"": 1.854133, ""C03"": 1.659573, ""C04"": 1.699, ""C05"": 1.442298, ""C06"": 1.892149, ""C07"": 1.725257, ""C08"": 1.720701, ""C09"": 1.736604, ""C10"": 1.408808}","{""C01"": 0, ""C02"": 0, ""C03"": 0, ""C04"": 0, ""C05"": 0, ""C06"": 1687, ""C07"": 0, ""C08"": 0, ""C09"": 0, ""C10"": 0}","{""C01"": 0.025226949727249454, ""C02"": 0.025226949727249454, ""C03"": 0.025226949727249454, ""C04"": 0.025226949727249454, ""C05"": 0.025226949727249454, ""C06"": 0.024249980872524248, ""C07"": 0.025226949727249454, ""C08"": 0.025226949727249454, ""C09"": 0.025226949727249454, ""C10"": 0.025226949727249454}"
87,87,1,444,0.950498,10,"{""C01"": 1.718833, ""C02"": 1.890379, ""C03"": 1.649085, ""C04"": 1.698339, ""C05"": 1.449731, ""C06"": 1.908831, ""C07"": 1.714954, ""C08"": 1.682815, ""C09"": 1.759859, ""C10"": 1.392517}","{""C01"": 0, ""C02"": 0, ""C03"": 0, ""C04"": 0, ""C05"": 0, ""C06"": 1683, ""C07"": 0, ""C08"": 0, ""C09"": 0, ""C10"": 0}","{""C01"": 0.02523321774345061, ""C02"": 0.02523321774345061, ""C03"": 0.02523321774345061, ""C04"": 0.02523321774345061, ""C05"": 0.02523321774345061, ""C06"": 0.0242585643849329, ""C07"": 0.02523321774345061, ""C08"": 0.02523321774345061, ""C09"": 0.02523321774345061, ""C10"": 0.02523321774345061}"
88,88,1,860,1.836748,10,"{""C01"": 1.725521, ""C02"": 1.892404, ""C03"": 1.675179, ""C04"": 1.69755, ""C05"": 1.431585, ""C06"": 1.88176, ""C07"": 1.73785, ""C08"": 1.720017, ""C09"": 1.795899, ""C10"": 1.379917}","{""C01"": 0, ""C02"": 1687, ""C03"": 0, ""C04"": 0, ""C05"": 0, ""C06"": 0, ""C07"": 0, ""C08"": 0, ""C09"": 0, ""C10"": 0}","{""C01"": 0.025227081815415567, ""C02"": 0.024250112853303887, ""C03"": 0.025227081815415567, ""C04"": 0.025227081815415567, ""C05"": 0.025227081815415567, ""C06"": 0.025227081815415567, ""C07"": 0.025227081815415567, ""C08"": 0.025227081815415567, ""C09"": 0.025227081815415567, ""C10"": 0.025227081815415567}"
89,89,1,228,0.481113,10,"{""C01"": 1.702196, ""C02"": 1.876109, ""C03"": 1.680598, ""C04"": 1.757691, ""C05"": 1.398109, ""C06"": 1.919453, ""C07"": 1.76075, ""C08"": 1.715234, ""C09"": 1.756277, ""C10"": 1.395984}","{""C01"": 0, ""C02"": 0, ""C03"": 0, ""C04"": 0, ""C05"": 0, ""C06"": 1680, ""C07"": 0, ""C08"": 0, ""C09"": 0, ""C10"": 0}","{""C01"": 0.02523689439430188, ""C02"": 0.02523689439430188, ""C03"": 0.02523689439430188, ""C04"": 0.02523689439430188, ""C05"": 0.02523689439430188, ""C06"": 0.024263978490567918, ""C07"": 0.02523689439430188, ""C08"": 0.02523689439430188, ""C09"": 0.02523689439430188, ""C10"": 0.02523689439430188}"
90,90,1,275,0.601224,10,"{""C01"": 1.714887, ""C02"": 1.870778, ""C03"": 1.688768, ""C04"": 1.725022, ""C05"": 1.439871, ""C06"": 1.908932, ""C07"": 1.752113, ""C08"": 1.724353, ""C09"": 1.783168, ""C10"": 1.413258}","{""C01"": 0, ""C02"": 0, ""C03"": 0, ""C04"": 0, ""C05"": 0, ""C06"": 1683, ""C07"": 0, ""C08"": 0, ""C09"": 0, ""C10"": 0}","{""C01"": 0.02523326945476867, ""C02"": 0.02523326945476867, ""C03"": 0.02523326945476867, ""C04"": 0.02523326945476867, ""C05"": 0.02523326945476867, ""C06"": 0.024258616054098014, ""C07"": 0.02523326945476867, ""C08"": 0.02523326945476867, ""C09"": 0.02523326945476867, ""C10"": 0.02523326945476867}"
91,91,1,299,0.632105,10,"{""C01"": 1.725217, ""C02"": 1.918484, ""C03"": 1.705589, ""C04"": 1.708996, ""C05"": 1.428767, ""C06"": 1.949725, ""C07"": 1.725037, ""C08"": 1.689704, ""C09"": 1.771702, ""C10"": 1.400055}","{""C01"": 0, ""C02"": 0, ""C03"": 0, ""C04"": 0, ""C05"": 0, ""C06"": 1671, ""C07"": 0, ""C08"": 0, ""C09"": 0, ""C10"": 0}","{""C01"": 0.02524689727412595, ""C02"": 0.02524689727412595, ""C03"": 0.02524689727412595, ""C04"": 0.02524689727412595, ""C05"": 0.02524689727412595, ""C06"": 0.024279194577547097, ""C07"": 0.02524689727412595, ""C08"": 0.02524689727412595, ""C09"": 0.02524689727412595, ""C10"": 0.02524689727412595}"
92,92,1,427,0.913025,10,"{""C01"": 1.727026, ""C02"": 1.911253, ""C03"": 1.706939, ""C04"": 1.7715, ""C05"": 1.464696, ""C06"": 1.935132, ""C07"": 1.754343, ""C08"": 1.761028, ""C09"": 1.785562, ""C10"": 1.443869}","{""C01"": 0, ""C02"": 0, ""C03"": 0, ""C04"": 0, ""C05"": 0, ""C06"": 1675, ""C07"": 0, ""C08"": 0, ""C09"": 0, ""C10"": 0}","{""C01"": 0.02524191767517793, ""C02"": 0.02524191767517793, ""C03"": 0.02524191767517793, ""C04"": 0.02524191767517793, ""C05"": 0.02524191767517793, ""C06"": 0.02427189843405837, ""C07"": 0.02524191767517793, ""C08"": 0.02524191767517793, ""C09"": 0.02524191767517793, ""C10"": 0.02524191767517793}"
93,93,1,859,1.831880,10,"{""C01"": 1.747005, ""C02"": 1.944971, ""C03"": 1.684562, ""C04"": 1.754281, ""C05"": 1.461792, ""C06"": 1.936461, ""C07"": 1.769518, ""C08"": 1.724758, ""C09"": 1.764562, ""C10"": 1.429095}","{""C01"": 0, ""C02"": 1673, ""C03"": 0, ""C04"": 0, ""C05"": 0, ""C06"": 0, ""C07"": 0, ""C08"": 0, ""C09"": 0, ""C10"": 0}","{""C01"": 0.02524568783890252, ""C02"": 0.024276825819613244, ""C03"": 0.02524568783890252, ""C04"": 0.02524568783890252, ""C05"": 0.02524568783890252, ""C06"": 0.02524568783890252, ""C07"": 0.02524568783890252, ""C08"": 0.02524568783890252, ""C09"": 0.02524568783890252, ""C10"": 0.02524568783890252}"
94,94,1,608,1.349777,10,"{""C01"": 1.74206, ""C02"": 1.915407, ""C03"": 1.744185, ""C04"": 1.742201, ""C05"": 1.474415, ""C06"": 1.93188, ""C07"": 1.799436, ""C08"": 1.753426, ""C09"": 1.780181, ""C10"": 1.421065}","{""C01"": 0, ""C02"": 0, ""C03"": 0, ""C04"": 0, ""C05"": 0, ""C06"": 1676, ""C07"": 0, ""C08"": 0, ""C09"": 0, ""C10"": 0}","{""C01"": 0.02524086123477723, ""C02"": 0.02524086123477723, ""C03"": 0.02524086123477723, ""C04"": 0.02524086123477723, ""C05"": 0.02524086123477723, ""C06"": 0.02427026270310582, ""C07"": 0.02524086123477723, ""C08"": 0.02524086123477723, ""C09"": 0.02524086123477723, ""C10"": 0.02524086123477723}"
95,95,1,846,1.900639,10,"{""C01"": 1.787987, ""C02"": 1.952544, ""C03"": 1.697221, ""C04"": 1.764521, ""C05"": 1.478871, ""C06"": 1.964067, ""C07"": 1.793527, ""C08"": 1.751361, ""C09"": 1.781119, ""C10"": 1.415988}","{""C01"": 0, ""C02"": 0, ""C03"": 0, ""C04"": 0, ""C05"": 0, ""C06"": 1668, ""C07"": 0, ""C08"": 0, ""C09"": 0, ""C10"": 0}","{""C01"": 0.025252262529052452, ""C02"": 0.025252262529052452, ""C03"": 0.025252262529052452, ""C04"": 0.025252262529052452, ""C05"": 0.025252262529052452, ""C06"": 0.024286295898217673, ""C07"": 0.025252262529052452, ""C08"": 0.025252262529052452, ""C09"": 0.025252262529052452, ""C10"": 0.025252262529052452}"
96,96,1,700,1.499448,10,"{""C01"": 1.743302, ""C02"": 1.947953, ""C03"": 1.715583, ""C04"": 1.783086, ""C05"": 1.501786, ""C06"": 1.964116, ""C07"": 1.796829, ""C08"": 1.766765, ""C09"": 1.811759, ""C10"": 1.442618}","{""C01"": 0, ""C02"": 0, ""C03"": 0, ""C04"": 0, ""C05"": 0, ""C06"": 1668, ""C07"": 0, ""C08"": 0, ""C09"": 0, ""C10"": 0}","{""C01"": 0.02525228669402306, ""C02"": 0.02525228669402306, ""C03"": 0.02525228669402306, ""C04"": 0.02525228669402306, ""C05"": 0.02525228669402306, ""C06"": 0.024286320043295277, ""C07"": 0.02525228669402306, ""C08"": 0.02525228669402306, ""C09"": 0.02525228669402306, ""C10"": 0.02525228669402306}"
97,97,1,171,0.366338,10,"{""C01"": 1.749665, ""C02"": 1.940097, ""C03"": 1.739685, ""C04"": 1.773935, ""C05"": 1.506028, ""C06"": 2.001839, ""C07"": 1.808281, ""C08"": 1.767325, ""C09"": 1.84536, ""C10"": 1.47353}","{""C01"": 0, ""C02"": 0, ""C03"": 0, ""C04"": 0, ""C05"": 0, ""C06"": 1658, ""C07"": 0, ""C08"": 0, ""C09"": 0, ""C10"": 0}","{""C01"": 0.025264851535334212, ""C02"": 0.025264851535334212, ""C03"": 0.025264851535334212, ""C04"": 0.025264851535334212, ""C05"": 0.025264851535334212, ""C06"": 0.02430467613705007, ""C07"": 0.025264851535334212, ""C08"": 0.025264851535334212, ""C09"": 0.025264851535334212, ""C10"": 0.025264851535334212}"
98,98,1,298,0.631973,10,"{""C01"": 1.814742, ""C02"": 1.975843, ""C03"": 1.761456, ""C04"": 1.779295, ""C05"": 1.494787, ""C06"": 1.94312, ""C07"": 1.76651, ""C08"": 1.776141, ""C09"": 1.839435, ""C10"": 1.44149}","{""C01"": 0, ""C02"": 1665, ""C03"": 0, ""C04"": 0, ""C05"": 0, ""C06"": 0, ""C07"": 0, ""C08"": 0, ""C09"": 0, ""C10"": 0}","{""C01"": 0.025256305211014934, ""C02"": 0.024292075731134937, ""C03"": 0.025256305211014934, ""C04"": 0.025256305211014934, ""C05"": 0.025256305211014934, ""C06"": 0.025256305211014934, ""C07"": 0.025256305211014934, ""C08"": 0.025256305211014934, ""C09"": 0.025256305211014934, ""C10"": 0.025256305211014934}"
99,99,1,291,0.626760,10,"{""C01"": 1.792804, ""C02"": 1.980169, ""C03"": 1.779949, ""C04"": 1.791097, ""C05"": 1.506866, ""C06"": 1.945591, ""C07"": 1.801375, ""C08"": 1.769239, ""C09"": 1.849486, ""C10"": 1.438775}","{""C01"": 0, ""C02"": 1663, ""C03"": 0, ""C04"": 0, ""C05"": 0, ""C06"": 0, ""C07"": 0, ""C08"": 0, ""C09"": 0, ""C10"": 0}","{""C01"": 0.0252572573880845, ""C02"": 0.024294187447612754, ""C03"": 0.0252572573880845, ""C04"": 0.0252572573880845, ""C05"": 0.0252572573880845, ""C06"": 0.0252572573880845, ""C07"": 0.0252572573880845, ""C08"": 0.0252572573880845, ""C09"": 0.0252572573880845, ""C10"": 0.0252572573880845}"
100,100,1,847,1.802048,10,"{""C01"": 1.803214, ""C02"": 1.982811, ""C03"": 1.732598, ""C04"": 1.768858, ""C05"": 1.514451, ""C06"": 1.971804, ""C07"": 1.799237, ""C08"": 1.771629, ""C09"": 1.828298, ""C10"": 1.444817}","{""C01"": 0, ""C02"": 1663, ""C03"": 0, ""C04"": 0, ""C05"": 0, ""C06"": 0, ""C07"": 0, ""C08"": 0, ""C09"": 0, ""C10"": 0}","{""C01"": 0.025258545444789005, ""C02"": 0.024295474440496227, ""C03"": 0.025258545444789005, ""C04"": 0.025258545444789005, ""C05"": 0.025258545444789005, ""C06"": 0.025258545444789005, ""C07"": 0.025258545444789005, ""C08"": 0.025258545444789005, ""C09"": 0.025258545444789005, ""C10"": 0.025258545444789005}"
1,1,1,435,1.469618,10,"{""C01"": 1.452761, ""C02"": 1.647307, ""C03"": 1.595779, ""C04"": 1.609857, ""C05"": 1.309651, ""C06"": 1.7112, ""C07"": 1.529866, ""C08"": 1.535494, ""C09"": 1.545339, ""C10"": 1.490027}","{""C01"": 0, ""C02"": 0, ""C03"": 0, ""C04"": 0, ""C05"": 0, ""C06"": 1736, ""C07"": 0, ""C08"": 0, ""C09"": 0, ""C10"": 0}","{""C01"": 0.025155314590297864, ""C02"": 0.025155314590297864, ""C03"": 0.025155314590297864, ""C04"": 0.025155314590297864, ""C05"": 0.025155314590297864, ""C06"": 0.024149985102447532, ""C07"": 0.025155314590297864, ""C08"": 0.025155314590297864, ""C09"": 0.025155314590297864, ""C10"": 0.025155314590297864}"
2,2,1,270,0.906498,10,"{""C01"": 1.46547, ""C02"": 1.654449, ""C03"": 1.59614, ""C04"": 1.609623, ""C05"": 1.350688, ""C06"": 1.765728, ""C07"": 1.593968, ""C08"": 1.559309, ""C09"": 1.530848, ""C10"": 1.453279}","{""C01"": 0, ""C02"": 0, ""C03"": 0, ""C04"": 0, ""C05"": 0, ""C06"": 1718, ""C07"": 0, ""C08"": 0, ""C09"": 0, ""C10"": 0}","{""C01"": 0.02517643017107858, ""C02"": 0.02517643017107858, ""C03"": 0.02517643017107858, ""C04"": 0.02517643017107858, ""C05"": 0.02517643017107858, ""C06"": 0.02418152911466185, ""C07"": 0.02517643017107858, ""C08"": 0.02517643017107858, ""C09"": 0.02517643017107858, ""C10"": 0.02517643017107858}"
3,3,1,264,0.798878,10,"{""C01"": 1.464076, ""C02"": 1.699544, ""C03"": 1.656857, ""C04"": 1.627574, ""C05"": 1.356785, ""C06"": 1.817279, ""C07"": 1.635244, ""C08"": 1.591753, ""C09"": 1.580458, ""C10"": 1.496836}","{""C01"": 0, ""C02"": 0, ""C03"": 0, ""C04"": 0, ""C05"": 0, ""C06"": 1703, ""C07"": 0, ""C08"": 0, ""C09"": 0, ""C10"": 0}","{""C01"": 0.02519641284168425, ""C02"": 0.02519641284168425, ""C03"": 0.02519641284168425, ""C04"": 0.02519641284168425, ""C05"": 0.02519641284168425, ""C06"": 0.024210196432358954, ""C07"": 0.02519641284168425, ""C08"": 0.02519641284168425, ""C09"": 0.02519641284168425, ""C10"": 0.02519641284168425}"
4,4,1,258,0.517000,10,"{""C01"": 1.515581, ""C02"": 1.700728, ""C03"": 1.658834, ""C04"": 1.626659, ""C05"": 1.38765, ""C06"": 1.820274, ""C07"": 1.603577, ""C08"": 1.591804, ""C09"": 1.622808, ""C10"": 1.48121}","{""C01"": 0, ""C02"": 0, ""C03"": 0, ""C04"": 0, ""C05"": 0, ""C06"": 1702, ""C07"": 0, ""C08"": 0, ""C09"": 0, ""C10"": 0}","{""C01"": 0.025197465765646104, ""C02"": 0.025197465765646104, ""C03"": 0.025197465765646104, ""C04"": 0.025197465765646104, ""C05"": 0.025197465765646104, ""C06"": 0.024211829002331733, ""C07"": 0.025197465765646104, ""C08"": 0.025197465765646104, ""C09"": 0.025197465765646104, ""C10"": 0.025197465765646104}"
5,5,1,327,0.625815,10,"{""C01"": 1.535144, ""C02"": 1.721754, ""C03"": 1.657319, ""C04"": 1.663467, ""C05"": 1.417661, ""C06"": 1.81215, ""C07"": 1.652116, ""C08"": 1.592256, ""C09"": 1.640764, ""C10"": 1.544384}","{""C01"": 0, ""C02"": 0, ""C03"": 0, ""C04"": 0, ""C05"": 0, ""C06"": 1704, ""C07"": 0, ""C08"": 0, ""C09"": 0, ""C10"": 0}","{""C01"": 0.02519418541124324, ""C02"": 0.02519418541124324, ""C03"": 0.02519418541124324, ""C04"": 0.02519418541124324, ""C05"": 0.02519418541124324, ""C06"": 0.024207392181111384, ""C07"": 0.02519418541124324, ""C08"": 0.02519418541124324, ""C09"": 0.02519418541124324, ""C10"": 0.02519418541124324}"
6,6,1,322,0.657087,10,"{""C01"": 1.524145, ""C02"": 1.743344, ""C03"": 1.687827, ""C04"": 1.718964, ""C05"": 1.414805, ""C06"": 1.836265, ""C07"": 1.669595, ""C08"": 1.591946, ""C09"": 1.625756, ""C10"": 1.560116}","{""C01"": 0, ""C02"": 0, ""C03"": 0, ""C04"": 0, ""C05"": 0, ""C06"": 1697, ""C07"": 0, ""C08"": 0, ""C09"": 0, ""C10"": 0}","{""C01"": 0.02520322609987992, ""C02"": 0.02520322609987992, ""C03"": 0.02520322609987992, ""C04"": 0.02520322609987992, ""C05"": 0.02520322609987992, ""C06"": 0.02422048637643946, ""C07"": 0.02520322609987992, ""C08"": 0.02520322609987992, ""C09"": 0.02520322609987992, ""C10"": 0.02520322609987992}"
7,7,1,337,0.646717,10,"{""C01"": 1.546136, ""C02"": 1.750767, ""C03"": 1.692394, ""C04"": 1.695005, ""C05"": 1.421525, ""C06"": 1.837213, ""C07"": 1.67838, ""C08"": 1.63192, ""C09"": 1.673179, ""C10"": 1.521556}","{""C01"": 0, ""C02"": 0, ""C03"": 0, ""C04"": 0, ""C05"": 0, ""C06"": 1697, ""C07"": 0, ""C08"": 0, ""C09"": 0, ""C10"": 0}","{""C01"": 0.025203737562126016, ""C02"": 0.025203737562126016, ""C03"": 0.025203737562126016, ""C04"": 0.025203737562126016, ""C05"": 0.025203737562126016, ""C06"": 0.024220996603042926, ""C07"": 0.025203737562126016, ""C08"": 0.025203737562126016, ""C09"": 0.025203737562126016, ""C10"": 0.025203737562126016}"
8,8,1,193,0.366940,10,"{""C01"": 1.582138, ""C02"": 1.722103, ""C03"": 1.702726, ""C04"": 1.704169, ""C05"": 1.455409, ""C06"": 1.905248, ""C07"": 1.700602, ""C08"": 1.651505, ""C09"": 1.661548, ""C10"": 1.556116}","{""C01"": 0, ""C02"": 0, ""C03"": 0, ""C04"": 0, ""C05"": 0, ""C06"": 1678, ""C07"": 0, ""C08"": 0, ""C09"": 0, ""C10"": 0}","{""C01"": 0.025228468295833043, ""C02"": 0.025228468295833043, ""C03"": 0.025228468295833043, ""C04"": 0.025228468295833043, ""C05"": 0.025228468295833043, ""C06"": 0.02425672916653496, ""C07"": 0.025228468295833043, ""C08"": 0.025228468295833043, ""C09"": 0.025228468295833043, ""C10"": 0.025228468295833043}"
9,9,1,473,0.904541,10,"{""C01"": 1.571177, ""C02"": 1.801652, ""C03"": 1.704468, ""C04"": 1.720295, ""C05"": 1.455079, ""C06"": 1.862617, ""C07"": 1.68971, ""C08"": 1.640499, ""C09"": 1.666707, ""C10"": 1.577345}","{""C01"": 0, ""C02"": 0, ""C03"": 0, ""C04"": 0, ""C05"": 0, ""C06"": 1690, ""C07"": 0, ""C08"": 0, ""C09"": 0, ""C10"": 0}","{""C01"": 0.02521322802215553, ""C02"": 0.02521322802215553, ""C03"": 0.02521322802215553, ""C04"": 0.02521322802215553, ""C05"": 0.02521322802215553, ""C06"": 0.02423453946050278, ""C07"": 0.02521322802215553, ""C08"": 0.02521322802215553, ""C09"": 0.02521322802215553, ""C10"": 0.02521322802215553}"
10,10,1,263,0.509113,10,"{""C01"": 1.561059, ""C02"": 1.76184, ""C03"": 1.710703, ""C04"": 1.704573, ""C05"": 1.453055, ""C06"": 1.882482, ""C07"": 1.689487, ""C08"": 1.679695, ""C09"": 1.687102, ""C10"": 1.571485}","{""C01"": 0, ""C02"": 0, ""C03"": 0, ""C04"": 0, ""C05"": 0, ""C06"": 1684, ""C07"": 0, ""C08"": 0, ""C09"": 0, ""C10"": 0}","{""C01"": 0.025220173590950468, ""C02"": 0.025220173590950468, ""C03"": 0.025220173590950468, ""C04"": 0.025220173590950468, ""C05"": 0.025220173590950468, ""C06"": 0.024244961392347046, ""C07"": 0.025220173590950468, ""C08"": 0.025220173590950468, ""C09"": 0.025220173590950468, ""C10"": 0.025220173590950468}"
11,11,1,242,0.470367,10,"{""C01"": 1.573881, ""C02"": 1.767308, ""C03"": 1.717202, ""C04"": 1.704829, ""C05"": 1.461375, ""C06"": 1.907423, ""C07"": 1.680263, ""C08"": 1.654415, ""C09"": 1.695133, ""C10"": 1.564407}","{""C01"": 0, ""C02"": 0, ""C03"": 0, ""C04"": 0, ""C05"": 0, ""C06"": 1677, ""C07"": 0, ""C08"": 0, ""C09"": 0, ""C10"": 0}","{""C01"": 0.025229001879376017, ""C02"": 0.025229001879376017, ""C03"": 0.025229001879376017, ""C04"": 0.025229001879376017, ""C05"": 0.025229001879376017, ""C06"": 0.02425784367074295, ""C07"": 0.025229001879376017, ""C08"": 0.025229001879376017, ""C09"": 0.025229001879376017, ""C10"": 0.025229001879376017}"
12,12,1,481,0.935031,10,"{""C01"": 1.572296, ""C02"": 1.83042, ""C03"": 1.697827, ""C04"": 1.673399, ""C05"": 1.457753, ""C06"": 1.885346, ""C07"": 1.663616, ""C08"": 1.656198, ""C09"": 1.675857, ""C10"": 1.563746}","{""C01"": 0, ""C02"": 0, ""C03"": 0, ""C04"": 0, ""C05"": 0, ""C06"": 1683, ""C07"": 0, ""C08"": 0, ""C09"": 0, ""C10"": 0}","{""C01"": 0.0252210841845186, ""C02"": 0.0252210841845186, ""C03"": 0.0252210841845186, ""C04"": 0.0252210841845186, ""C05"": 0.0252210841845186, ""C06"": 0.024246451982537724, ""C07"": 0.0252210841845186, ""C08"": 0.0252210841845186, ""C09"": 0.0252210841845186, ""C10"": 0.0252210841845186}"
13,13,1,346,0.668067,10,"{""C01"": 1.616058, ""C02"": 1.790856, ""C03"": 1.733791, ""C04"": 1.674398, ""C05"": 1.433572, ""C06"": 1.873786, ""C07"": 1.713068, ""C08"": 1.66554, ""C09"": 1.691838, ""C10"": 1.546914}","{""C01"": 0, ""C02"": 0, ""C03"": 0, ""C04"": 0, ""C05"": 0, ""C06"": 1687, ""C07"": 0, ""C08"": 0, ""C09"": 0, ""C10"": 0}","{""C01"": 0.02521736906487472, ""C02"": 0.02521736906487472, ""C03"": 0.02521736906487472, ""C04"": 0.02521736906487472, ""C05"": 0.02521736906487472, ""C06"": 0.024240417058954883, ""C07"": 0.02521736906487472, ""C08"": 0.02521736906487472, ""C09"": 0.02521736906487472, ""C10"": 0.02521736906487472}"
14,14,1,248,0.476322,10,"{""C01"": 1.601512, ""C02"": 1.782315, ""C03"": 1.717832, ""C04"": 1.703589, ""C05"": 1.462034, ""C06"": 1.917311, ""C07"": 1.710478, ""C08"": 1.645095, ""C09"": 1.698534, ""C10"": 1.585983}","{""C01"": 0, ""C02"": 0, ""C03"": 0, ""C04"": 0, ""C05"": 0, ""C06"": 1674, ""C07"": 0, ""C08"": 0, ""C09"": 0, ""C10"": 0}","{""C01"": 0.025232309329300415, ""C02"": 0.025232309329300415, ""C03"": 0.025232309329300415, ""C04"": 0.025232309329300415, ""C05"": 0.025232309329300415, ""C06"": 0.024262889710149303, ""C07"": 0.025232309329300415, ""C08"": 0.025232309329300415, ""C09"": 0.025232309329300415, ""C10"": 0.025232309329300415}"
15,15,1,477,0.910885,10,"{""C01"": 1.566275, ""C02"": 1.815507, ""C03"": 1.737848, ""C04"": 1.682099, ""C05"": 1.449385, ""C06"": 1.87497, ""C07"": 1.702129, ""C08"": 1.637216, ""C09"": 1.66434, ""C10"": 1.556579}","{""C01"": 0, ""C02"": 0, ""C03"": 0, ""C04"": 0, ""C05"": 0, ""C06"": 1686, ""C07"": 0, ""C08"": 0, ""C09"": 0, ""C10"": 0}","{""C01"": 0.02521740720032481, ""C02"": 0.02521740720032481, ""C03"": 0.02521740720032481, ""C04"": 0.02521740720032481, ""C05"": 0.02521740720032481, ""C06"": 0.02424103731123078, ""C07"": 0.02521740720032481, ""C08"": 0.02521740720032481, ""C09"": 0.02521740720032481, ""C10"": 0.02521740720032481}"
16,16,1,454,0.868810,10,"{""C01"": 1.574973, ""C02"": 1.778213, ""C03"": 1.736949, ""C04"": 1.687241, ""C05"": 1.445524, ""C06"": 1.841435, ""C07"": 1.669115, ""C08"": 1.654885, ""C09"": 1.664735, ""C10"": 1.53975}","{""C01"": 0, ""C02"": 0, ""C03"": 0, ""C04"": 0, ""C05"": 0, ""C06"": 1696, ""C07"": 0, ""C08"": 0, ""C09"": 0, ""C10"": 0}","{""C01"": 0.025205427228926283, ""C02"": 0.025205427228926283, ""C03"": 0.025205427228926283, ""C04"": 0.025205427228926283, ""C05"": 0.025205427228926283, ""C06"": 0.02422326437793449, ""C07"": 0.025205427228926283, ""C08"": 0.025205427228926283, ""C09"": 0.025205427228926283, ""C10"": 0.025205427228926283}"
17,17,1,346,0.692509,10,"{""C01"": 1.5978, ""C02"": 1.770201, ""C03"": 1.700288, ""C04"": 1.708303, ""C05"": 1.418208, ""C06"": 1.851685, ""C07"": 1.689475, ""C08"": 1.653234, ""C09"": 1.693579, ""C10"": 1.54}","{""C01"": 0, ""C02"": 0, ""C03"": 0, ""C04"": 0, ""C05"": 0, ""C06"": 1693, ""C07"": 0, ""C08"": 0, ""C09"": 0, ""C10"": 0}","{""C01"": 0.02520916686986474, ""C02"": 0.02520916686986474, ""C03"": 0.02520916686986474, ""C04"": 0.02520916686986474, ""C05"": 0.02520916686986474, ""C06"": 0.024228741554176744, ""C07"": 0.02520916686986474, ""C08"": 0.02520916686986474, ""C09"": 0.02520916686986474, ""C10"": 0.02520916686986474}"
18,18,1,246,0.491115,10,"{""C01"": 1.608947, ""C02"": 1.766447, ""C03"": 1.714282, ""C04"": 1.707145, ""C05"": 1.457619, ""C06"": 1.902844, ""C07"": 1.685564, ""C08"": 1.606207, ""C09"": 1.656122, ""C10"": 1.52632}","{""C01"": 0, ""C02"": 0, ""C03"": 0, ""C04"": 0, ""C05"": 0, ""C06"": 1678, ""C07"": 0, ""C08"": 0, ""C09"": 0, ""C10"": 0}","{""C01"": 0.025227231220303445, ""C02"": 0.025227231220303445, ""C03"": 0.025227231220303445, ""C04"": 0.025227231220303445, ""C05"": 0.025227231220303445, ""C06"": 0.024255495116855184, ""C07"": 0.025227231220303445, ""C08"": 0.025227231220303445, ""C09"": 0.025227231220303445, ""C10"": 0.025227231220303445}"
19,19,1,302,0.660982,10,"{""C01"": 1.577154, ""C02"": 1.779713, ""C03"": 1.691392, ""C04"": 1.669565, ""C05"": 1.427949, ""C06"": 1.888042, ""C07"": 1.692364, ""C08"": 1.646272, ""C09"": 1.702862, ""C10"": 1.538111}","{""C01"": 0, ""C02"": 0, ""C03"": 0, ""C04"": 0, ""C05"": 0, ""C06"": 1682, ""C07"": 0, ""C08"": 0, ""C09"": 0, ""C10"": 0}","{""C01"": 0.025221904357675656, ""C02"": 0.025221904357675656, ""C03"": 0.025221904357675656, ""C04"": 0.025221904357675656, ""C05"": 0.025221904357675656, ""C06"": 0.024247852373842083, ""C07"": 0.025221904357675656, ""C08"": 0.025221904357675656, ""C09"": 0.025221904357675656, ""C10"": 0.025221904357675656}"
20,20,1,260,0.517888,10,"{""C01"": 1.563813, ""C02"": 1.754736, ""C03"": 1.73717, ""C04"": 1.719378, ""C05"": 1.416535, ""C06"": 1.879349, ""C07"": 1.69048, ""C08"": 1.68435, ""C09"": 1.633271, ""C10"": 1.558554}","{""C01"": 0, ""C02"": 0, ""C03"": 0, ""C04"": 0, ""C05"": 0, ""C06"": 1685, ""C07"": 0, ""C08"": 0, ""C09"": 0, ""C10"": 0}","{""C01"": 0.025219119186322067, ""C02"": 0.025219119186322067, ""C03"": 0.025219119186322067, ""C04"": 0.025219119186322067, ""C05"": 0.025219119186322067, ""C06"": 0.024243327342197786, ""C07"": 0.025219119186322067, ""C08"": 0.025219119186322067, ""C09"": 0.025219119186322067, ""C10"": 0.025219119186322067}"
21,21,1,262,0.513292,10,"{""C01"": 1.596699, ""C02"": 1.736116, ""C03"": 1.703037, ""C04"": 1.688113, ""C05"": 1.423322, ""C06"": 1.858213, ""C07"": 1.623859, ""C08"": 1.647155, ""C09"": 1.667302, ""C10"": 1.521366}","{""C01"": 0, ""C02"": 0, ""C03"": 0, ""C04"": 0, ""C05"": 0, ""C06"": 1691, ""C07"": 0, ""C08"": 0, ""C09"": 0, ""C10"": 0}","{""C01"": 0.02521147561744906, ""C02"": 0.02521147561744906, ""C03"": 0.02521147561744906, ""C04"": 0.02521147561744906, ""C05"": 0.02521147561744906, ""C06"": 0.02423220910519999, ""C07"": 0.02521147561744906, ""C08"": 0.02521147561744906, ""C09"": 0.02521147561744906, ""C10"": 0.02521147561744906}"
22,22,1,840,1.700780,10,"{""C01"": 1.61069, ""C02"": 1.79951, ""C03"": 1.71173, ""C04"": 1.703388, ""C05"": 1.433829, ""C06"": 1.837145, ""C07"": 1.667459, ""C08"": 1.612528, ""C09"": 1.661838, ""C10"": 1.523844}","{""C01"": 0, ""C02"": 0, ""C03"": 0, ""C04"": 0, ""C05"": 0, ""C06"": 1697, ""C07"": 0, ""C08"": 0, ""C09"": 0, ""C10"": 0}","{""C01"": 0.025203700887765343, ""C02"": 0.025203700887765343, ""C03"": 0.025203700887765343, ""C04"": 0.025203700887765343, ""C05"": 0.025203700887765343, ""C06"": 0.02422096001728492, ""C07"": 0.025203700887765343, ""C08"": 0.025203700887765343, ""C09"": 0.025203700887765343, ""C10"": 0.025203700887765343}"
23,23,1,299,0.590090,10,"{""C01"": 1.552211, ""C02"": 1.745057, ""C03"": 1.727413, ""C04"": 1.69706, ""C05"": 1.427224, ""C06"": 1.849884, ""C07"": 1.673824, ""C08"": 1.649326, ""C09"": 1.64163, ""C10"": 1.516861}","{""C01"": 0, ""C02"": 0, ""C03"": 0, ""C04"": 0, ""C05"": 0, ""C06"": 1693, ""C07"": 0, ""C08"": 0, ""C09"": 0, ""C10"": 0}","{""C01"": 0.025208204889160313, ""C02"": 0.025208204889160313, ""C03"": 0.025208204889160313, ""C04"": 0.025208204889160313, ""C05"": 0.025208204889160313, ""C06"": 0.024227781903567558, ""C07"": 0.025208204889160313, ""C08"": 0.025208204889160313, ""C09"": 0.025208204889160313, ""C10"": 0.025208204889160313}"
24,24,1,332,0.646919,10,"{""C01"": 1.570495, ""C02"": 1.791601, ""C03"": 1.703551, ""C04"": 1.70336, ""C05"": 1.427623, ""C06"": 1.883079, ""C07"": 1.696663, ""C08"": 1.672397, ""C09"": 1.651263, ""C10"": 1.562235}","{""C01"": 0, ""C02"": 0, ""C03"": 0, ""C04"": 0, ""C05"": 0, ""C06"": 1684, ""C07"": 0, ""C08"": 0, ""C09"": 0, ""C10"": 0}","{""C01"": 0.02522048536267074, ""C02"": 0.02522048536267074, ""C03"": 0.02522048536267074, ""C04"": 0.02522048536267074, ""C05"": 0.02522048536267074, ""C06"": 0.024245272404459943, ""C07"": 0.02522048536267074, ""C08"": 0.02522048536267074, ""C09"": 0.02522048536267074, ""C10"": 0.02522048536267074}"
25,25,1,326,0.663626,10,"{""C01"": 1.587054, ""C02"": 1.776005, ""C03"": 1.719474, ""C04"": 1.701087, ""C05"": 1.430701, ""C06"": 1.870881, ""C07"": 1.716827, ""C08"": 1.681214, ""C09"": 1.693285, ""C10"": 1.531197}","{""C01"": 0, ""C02"": 0, ""C03"": 0, ""C04"": 0, ""C05"": 0, ""C06"": 1687, ""C07"": 0, ""C08"": 0, ""C09"": 0, ""C10"": 0}","{""C01"": 0.025215840875586773, ""C02"": 0.025215840875586773, ""C03"": 0.025215840875586773, ""C04"": 0.025215840875586773, ""C05"": 0.025215840875586773, ""C06"": 0.02423889258573081, ""C07"": 0.025215840875586773, ""C08"": 0.025215840875586773, ""C09"": 0.025215840875586773, ""C10"": 0.025215840875586773}"
26,26,1,340,0.676733,10,"{""C01"": 1.581702, ""C02"": 1.798475, ""C03"": 1.68439, ""C04"": 1.714456, ""C05"": 1.444655, ""C06"": 1.884369, ""C07"": 1.663377, ""C08"": 1.672112, ""C09"": 1.673263, ""C10"": 1.558881}","{""C01"": 0, ""C02"": 0, ""C03"": 0, ""C04"": 0, ""C05"": 0, ""C06"": 1684, ""C07"": 0, ""C08"": 0, ""C09"": 0, ""C10"": 0}","{""C01"": 0.02522115854851885, ""C02"": 0.02522115854851885, ""C03"": 0.02522115854851885, ""C04"": 0.02522115854851885, ""C05"": 0.02522115854851885, ""C06"": 0.024245943950104785, ""C07"": 0.02522115854851885, ""C08"": 0.02522115854851885, ""C09"": 0.02522115854851885, ""C10"": 0.02522115854851885}"
27,27,1,501,1.021172,10,"{""C01"": 1.613653, ""C02"": 1.820866, ""C03"": 1.710317, ""C04"": 1.740968, ""C05"": 1.442304, ""C06"": 1.870105, ""C07"": 1.718963, ""C08"": 1.644192, ""C09"": 1.688222, ""C10"": 1.518724}","{""C01"": 0, ""C02"": 0, ""C03"": 0, ""C04"": 0, ""C05"": 0, ""C06"": 1688, ""C07"": 0, ""C08"": 0, ""C09"": 0, ""C10"": 0}","{""C01"": 0.025216015984483905, ""C02"": 0.025216015984483905, ""C03"": 0.025216015984483905, ""C04"": 0.025216015984483905, ""C05"": 0.025216015984483905, ""C06"": 0.024238485060922757, ""C07"": 0.025216015984483905, ""C08"": 0.025216015984483905, ""C09"": 0.025216015984483905, ""C10"": 0.025216015984483905}"
28,28,1,309,0.614806,10,"{""C01"": 1.613871, ""C02"": 1.811061, ""C03"": 1.738213, ""C04"": 1.70872, ""C05"": 1.465933, ""C06"": 1.915122, ""C07"": 1.693172, ""C08"": 1.665625, ""C09"": 1.709513, ""C10"": 1.556468}","{""C01"": 0, ""C02"": 0, ""C03"": 0, ""C04"": 0, ""C05"": 0, ""C06"": 1675, ""C07"": 0, ""C08"": 0, ""C09"": 0, ""C10"": 0}","{""C01"": 0.025231776223794133, ""C02"": 0.025231776223794133, ""C03"": 0.025231776223794133, ""C04"": 0.025231776223794133, ""C05"": 0.025231776223794133, ""C06"": 0.024261775679061234, ""C07"": 0.025231776223794133, ""C08"": 0.025231776223794133, ""C09"": 0.025231776223794133, ""C10"": 0.025231776223794133}"
29,29,1,244,0.478450,10,"{""C01"": 1.626271, ""C02"": 1.779854, ""C03"": 1.728571, ""C04"": 1.724724, ""C05"": 1.459354, ""C06"": 1.916376, ""C07"": 1.700218, ""C08"": 1.644542, ""C09"": 1.735315, ""C10"": 1.524099}","{""C01"": 0, ""C02"": 0, ""C03"": 0, ""C04"": 0, ""C05"": 0, ""C06"": 1675, ""C07"": 0, ""C08"": 0, ""C09"": 0, ""C10"": 0}","{""C01"": 0.02523241630565394, ""C02"": 0.02523241630565394, ""C03"": 0.02523241630565394, ""C04"": 0.02523241630565394, ""C05"": 0.02523241630565394, ""C06"": 0.024262414192191894, ""C07"": 0.02523241630565394, ""C08"": 0.02523241630565394, ""C09"": 0.02523241630565394, ""C10"": 0.02523241630565394}"
30,30,1,478,0.943503,10,"{""C01"": 1.589825, ""C02"": 1.857115, ""C03"": 1.751755, ""C04"": 1.720697, ""C05"": 1.460144, ""C06"": 1.914366, ""C07"": 1.69805, ""C08"": 1.702737, ""C09"": 1.715078, ""C10"": 1.571989}","{""C01"": 0, ""C02"": 0, ""C03"": 0, ""C04"": 0, ""C05"": 0, ""C06"": 1675, ""C07"": 0, ""C08"": 0, ""C09"": 0, ""C10"": 0}","{""C01"": 0.025231390041827187, ""C02"": 0.025231390041827187, ""C03"": 0.025231390041827187, ""C04"": 0.025231390041827187, ""C05"": 0.025231390041827187, ""C06"": 0.024261390443536045, ""C07"": 0.025231390041827187, ""C08"": 0.025231390041827187, ""C09"": 0.025231390041827187, ""C10"": 0.025231390041827187}"
31,31,1,429,0.844163,10,"{""C01"": 1.671515, ""C02"": 1.846147, ""C03"": 1.741667, ""C04"": 1.748608, ""C05"": 1.462943, ""C06"": 1.92518, ""C07"": 1.780027, ""C08"": 1.691477, ""C09"": 1.715558, ""C10"": 1.58119}","{""C01"": 0, ""C02"": 0, ""C03"": 0, ""C04"": 0, ""C05"": 0, ""C06"": 1672, ""C07"": 0, ""C08"": 0, ""C09"": 0, ""C10"": 0}","{""C01"": 0.02523514327914271, ""C02"": 0.02523514327914271, ""C03"": 0.02523514327914271, ""C04"": 0.02523514327914271, ""C05"": 0.02523514327914271, ""C06"": 0.02426688117690926, ""C07"": 0.02523514327914271, ""C08"": 0.02523514327914271, ""C09"": 0.02523514327914271, ""C10"": 0.02523514327914271}"
32,32,1,433,0.849226,10,"{""C01"": 1.624468, ""C02"": 1.883385, ""C03"": 1.731536, ""C04"": 1.749526, ""C05"": 1.477758, ""C06"": 1.963359, ""C07"": 1.741787, ""C08"": 1.732128, ""C09"": 1.719939, ""C10"": 1.570003}","{""C01"": 0, ""C02"": 0, ""C03"": 0, ""C04"": 0, ""C05"": 0, ""C06"": 1662, ""C07"": 0, ""C08"": 0, ""C09"": 0, ""C10"": 0}","{""C01"": 0.02524841927675034, ""C02"": 0.02524841927675034, ""C03"": 0.02524841927675034, ""C04"": 0.02524841927675034, ""C05"": 0.02524841927675034, ""C06"": 0.024285946928409165, ""C07"": 0.02524841927675034, ""C08"": 0.02524841927675034, ""C09"": 0.02524841927675034, ""C10"": 0.02524841927675034}"
33,33,1,443,0.875108,10,"{""C01"": 1.678566, ""C02"": 1.876089, ""C03"": 1.790866, ""C04"": 1.731696, ""C05"": 1.51008, ""C06"": 1.947677, ""C07"": 1.753319, ""C08"": 1.750414, ""C09"": 1.723598, ""C10"": 1.545984}","{""C01"": 0, ""C02"": 0, ""C03"": 0, ""C04"": 0, ""C05"": 0, ""C06"": 1666, ""C07"": 0, ""C08"": 0, ""C09"": 0, ""C10"": 0}","{""C01"": 0.025242963020534498, ""C02"": 0.025242963020534498, ""C03"": 0.025242963020534498, ""C04"": 0.025242963020534498, ""C05"": 0.025242963020534498, ""C06"": 0.024278175134729574, ""C07"": 0.025242963020534498, ""C08"": 0.025242963020534498, ""C09"": 0.025242963020534498, ""C10"": 0.025242963020534498}"
34,34,1,434,0.864379,10,"{""C01"": 1.680941, ""C02"": 1.893533, ""C03"": 1.74027, ""C04"": 1.773471, ""C05"": 1.529383, ""C06"": 1.972033, ""C07"": 1.745708, ""C08"": 1.720253, ""C09"": 1.755546, ""C10"": 1.561267}","{""C01"": 0, ""C02"": 0, ""C03"": 0, ""C04"": 0, ""C05"": 0, ""C06"": 1660, ""C07"": 0, ""C08"": 0, ""C09"": 0, ""C10"": 0}","{""C01"": 0.025251526214435008, ""C02"": 0.025251526214435008, ""C03"": 0.025251526214435008, ""C04"": 0.025251526214435008, ""C05"": 0.025251526214435008, ""C06"": 0.024290210694233413, ""C07"": 0.025251526214435008, ""C08"": 0.025251526214435008, ""C09"": 0.025251526214435008, ""C10"": 0.025251526214435008}"
35,35,1,462,1.108836,10,"{""C01"": 1.707131, ""C02"": 1.895307, ""C03"": 1.749248, ""C04"": 1.800744, ""C05"": 1.489743, ""C06"": 1.961541, ""C07"": 1.789025, ""C08"": 1.722585, ""C09"": 1.740104, ""C10"": 1.572274}","{""C01"": 0, ""C02"": 0, ""C03"": 0, ""C04"": 0, ""C05"": 0, ""C06"": 1662, ""C07"": 0, ""C08"": 0, ""C09"": 0, ""C10"": 0}","{""C01"": 0.02524752012953166, ""C02"": 0.02524752012953166, ""C03"": 0.02524752012953166, ""C04"": 0.02524752012953166, ""C05"": 0.02524752012953166, ""C06"": 0.02428505000367818, ""C07"": 0.02524752012953166, ""C08"": 0.02524752012953166, ""C09"": 0.02524752012953166, ""C10"": 0.02524752012953166}"
36,36,1,423,1.516839,10,"{""C01"": 1.700929, ""C02"": 1.878105, ""C03"": 1.767591, ""C04"": 1.76844, ""C05"": 1.510462, ""C06"": 1.95993, ""C07"": 1.787797, ""C08"": 1.756245, ""C09"": 1.788001, ""C10"": 1.596961}","{""C01"": 0, ""C02"": 0, ""C03"": 0, ""C04"": 0, ""C05"": 0, ""C06"": 1663, ""C07"": 0, ""C08"": 0, ""C09"": 0, ""C10"": 0}","{""C01"": 0.0252473064207666, ""C02"": 0.0252473064207666, ""C03"": 0.0252473064207666, ""C04"": 0.0252473064207666, ""C05"": 0.0252473064207666, ""C06"": 0.024284254568271067, ""C07"": 0.0252473064207666, ""C08"": 0.0252473064207666, ""C09"": 0.0252473064207666, ""C10"": 0.0252473064207666}"
37,37,1,343,1.155317,10,"{""C01"": 1.71168, ""C02"": 1.900769, ""C03"": 1.79085, ""C04"": 1.817911, ""C05"": 1.537504, ""C06"": 1.987752, ""C07"": 1.807324, ""C08"": 1.727081, ""C09"": 1.793827, ""C10"": 1.610934}","{""C01"": 0, ""C02"": 0, ""C03"": 0, ""C04"": 0, ""C05"": 0, ""C06"": 1655, ""C07"": 0, ""C08"": 0, ""C09"": 0, ""C10"": 0}","{""C01"": 0.025256290800913073, ""C02"": 0.025256290800913073, ""C03"": 0.025256290800913073, ""C04"": 0.025256290800913073, ""C05"": 0.025256290800913073, ""C06"": 0.024297874788136428, ""C07"": 0.025256290800913073, ""C08"": 0.025256290800913073, ""C09"": 0.025256290800913073, ""C10"": 0.025256290800913073}"
38,38,1,342,1.079019,10,"{""C01"": 1.705001, ""C02"": 1.895972, ""C03"": 1.812209, ""C04"": 1.786263, ""C05"": 1.552153, ""C06"": 1.984426, ""C07"": 1.824611, ""C08"": 1.770459, ""C09"": 1.78856, ""C10"": 1.61732}","{""C01"": 0, ""C02"": 0, ""C03"": 0, ""C04"": 0, ""C05"": 0, ""C06"": 1656, ""C07"": 0, ""C08"": 0, ""C09"": 0, ""C10"": 0}","{""C01"": 0.025255255515464037, ""C02"": 0.025255255515464037, ""C03"": 0.025255255515464037, ""C04"": 0.025255255515464037, ""C05"": 0.025255255515464037, ""C06"": 0.024296259803931578, ""C07"": 0.025255255515464037, ""C08"": 0.025255255515464037, ""C09"": 0.025255255515464037, ""C10"": 0.025255255515464037}"
39,39,1,454,0.902405,10,"{""C01"": 1.738213, ""C02"": 1.900793, ""C03"": 1.78398, ""C04"": 1.782784, ""C05"": 1.500052, ""C06"": 1.969615, ""C07"": 1.802622, ""C08"": 1.745714, ""C09"": 1.785082, ""C10"": 1.620148}","{""C01"": 0, ""C02"": 0, ""C03"": 0, ""C04"": 0, ""C05"": 0, ""C06"": 1660, ""C07"": 0, ""C08"": 0, ""C09"": 0, ""C10"": 0}","{""C01"": 0.025250337065458428, ""C02"": 0.025250337065458428, ""C03"": 0.025250337065458428, ""C04"": 0.025250337065458428, ""C05"": 0.025250337065458428, ""C06"": 0.024289024488501523, ""C07"": 0.025250337065458428, ""C08"": 0.025250337065458428, ""C09"": 0.025250337065458428, ""C10"": 0.025250337065458428}"
40,40,1,469,1.051978,10,"{""C01"": 1.703411, ""C02"": 1.919713, ""C03"": 1.790015, ""C04"": 1.796319, ""C05"": 1.52851, ""C06"": 1.983019, ""C07"": 1.804555, ""C08"": 1.779168, ""C09"": 1.802435, ""C10"": 1.581551}","{""C01"": 0, ""C02"": 0, ""C03"": 0, ""C04"": 0, ""C05"": 0, ""C06"": 1657, ""C07"": 0, ""C08"": 0, ""C09"": 0, ""C10"": 0}","{""C01"": 0.02525515338088849, ""C02"": 0.02525515338088849, ""C03"": 0.02525515338088849, ""C04"": 0.02525515338088849, ""C05"": 0.02525515338088849, ""C06"": 0.02429557565696993, ""C07"": 0.02525515338088849, ""C08"": 0.02525515338088849, ""C09"": 0.02525515338088849, ""C10"": 0.02525515338088849}"
41,41,1,327,0.671807,10,"{""C01"": 1.675569, ""C02"": 1.872226, ""C03"": 1.7977, ""C04"": 1.80512, ""C05"": 1.536266, ""C06"": 1.971659, ""C07"": 1.772554, ""C08"": 1.74027, ""C09"": 1.785599, ""C10"": 1.571072}","{""C01"": 0, ""C02"": 0, ""C03"": 0, ""C04"": 0, ""C05"": 0, ""C06"": 1660, ""C07"": 0, ""C08"": 0, ""C09"": 0, ""C10"": 0}","{""C01"": 0.02525134242389826, ""C02"": 0.02525134242389826, ""C03"": 0.02525134242389826, ""C04"": 0.02525134242389826, ""C05"": 0.02525134242389826, ""C06"": 0.024290027358604527, ""C07"": 0.02525134242389826, ""C08"": 0.02525134242389826, ""C09"": 0.02525134242389826, ""C10"": 0.02525134242389826}"
42,42,1,822,1.676254,10,"{""C01"": 1.717166, ""C02"": 1.911664, ""C03"": 1.783164, ""C04"": 1.795546, ""C05"": 1.485314, ""C06"": 1.953968, ""C07"": 1.771118, ""C08"": 1.778148, ""C09"": 1.784772, ""C10"": 1.570438}","{""C01"": 0, ""C02"": 0, ""C03"": 0, ""C04"": 0, ""C05"": 0, ""C06"": 1664, ""C07"": 0, ""C08"": 0, ""C09"": 0, ""C10"": 0}","{""C01"": 0.025244930829747034, ""C02"": 0.025244930829747034, ""C03"": 0.025244930829747034, ""C04"": 0.025244930829747034, ""C05"": 0.025244930829747034, ""C06"": 0.024281302590517927, ""C07"": 0.025244930829747034, ""C08"": 0.025244930829747034, ""C09"": 0.025244930829747034, ""C10"": 0.025244930829747034}"
43,43,1,452,0.911813,10,"{""C01"": 1.671734, ""C02"": 1.888934, ""C03"": 1.785837, ""C04"": 1.773429, ""C05"": 1.506113, ""C06"": 1.957878, ""C07"": 1.805415, ""C08"": 1.763888, ""C09"": 1.782231, ""C10"": 1.582483}","{""C01"": 0, ""C02"": 0, ""C03"": 0, ""C04"": 0, ""C05"": 0, ""C06"": 1663, ""C07"": 0, ""C08"": 0, ""C09"": 0, ""C10"": 0}","{""C01"": 0.02524628914210504, ""C02"": 0.02524628914210504, ""C03"": 0.02524628914210504, ""C04"": 0.02524628914210504, ""C05"": 0.02524628914210504, ""C06"": 0.024283239802446323, ""C07"": 0.02524628914210504, ""C08"": 0.02524628914210504, ""C09"": 0.02524628914210504, ""C10"": 0.02524628914210504}"
44,44,1,336,0.805569,10,"{""C01"": 1.71894, ""C02"": 1.900956, ""C03"": 1.780886, ""C04"": 1.7826, ""C05"": 1.499679, ""C06"": 1.991172, ""C07"": 1.783993, ""C08"": 1.759301, ""C09"": 1.78319, ""C10"": 1.564091}","{""C01"": 0, ""C02"": 0, ""C03"": 0, ""C04"": 0, ""C05"": 0, ""C06"": 1654, ""C07"": 0, ""C08"": 0, ""C09"": 0, ""C10"": 0}","{""C01"": 0.025257368138401626, ""C02"": 0.025257368138401626, ""C03"": 0.025257368138401626, ""C04"": 0.025257368138401626, ""C05"": 0.025257368138401626, ""C06"": 0.0242995317204643, ""C07"": 0.025257368138401626, ""C08"": 0.025257368138401626, ""C09"": 0.025257368138401626, ""C10"": 0.025257368138401626}"
45,45,1,338,1.147111,10,"{""C01"": 1.694716, ""C02"": 1.872153, ""C03"": 1.790962, ""C04"": 1.786554, ""C05"": 1.511657, ""C06"": 1.960646, ""C07"": 1.768724, ""C08"": 1.704671, ""C09"": 1.743322, ""C10"": 1.530375}","{""C01"": 0, ""C02"": 0, ""C03"": 0, ""C04"": 0, ""C05"": 0, ""C06"": 1663, ""C07"": 0, ""C08"": 0, ""C09"": 0, ""C10"": 0}","{""C01"": 0.025247661012227543, ""C02"": 0.025247661012227543, ""C03"": 0.025247661012227543, ""C04"": 0.025247661012227543, ""C05"": 0.025247661012227543, ""C06"": 0.024284608283807678, ""C07"": 0.025247661012227543, ""C08"": 0.025247661012227543, ""C09"": 0.025247661012227543, ""C10"": 0.025247661012227543}"
46,46,1,440,1.482309,10,"{""C01"": 1.680527, ""C02"": 1.88009, ""C03"": 1.762162, ""C04"": 1.768525, ""C05"": 1.514477, ""C06"": 1.953861, ""C07"": 1.775607, ""C08"": 1.733517, ""C09"": 1.786542, ""C10"": 1.551538}","{""C01"": 0, ""C02"": 0, ""C03"": 0, ""C04"": 0, ""C05"": 0, ""C06"": 1664, ""C07"": 0, ""C08"": 0, ""C09"": 0, ""C10"": 0}","{""C01"": 0.025244877601554347, ""C02"": 0.025244877601554347, ""C03"": 0.025244877601554347, ""C04"": 0.025244877601554347, ""C05"": 0.025244877601554347, ""C06"": 0.02428124949371672, ""C07"": 0.025244877601554347, ""C08"": 0.025244877601554347, ""C09"": 0.025244877601554347, ""C10"": 0.025244877601554347}"
47,47,1,849,1.841706,10,"{""C01"": 1.685796, ""C02"": 1.873354, ""C03"": 1.742727, ""C04"": 1.754105, ""C05"": 1.478213, ""C06"": 1.91212, ""C07"": 1.752828, ""C08"": 1.729275, ""C09"": 1.725622, ""C10"": 1.520413}","{""C01"": 0, ""C02"": 0, ""C03"": 0, ""C04"": 0, ""C05"": 0, ""C06"": 1676, ""C07"": 0, ""C08"": 0, ""C09"": 0, ""C10"": 0}","{""C01"": 0.025230825471106014, ""C02"": 0.025230825471106014, ""C03"": 0.025230825471106014, ""C04"": 0.025230825471106014, ""C05"": 0.025230825471106014, ""C06"": 0.024260245025827257, ""C07"": 0.025230825471106014, ""C08"": 0.025230825471106014, ""C09"": 0.025230825471106014, ""C10"": 0.025230825471106014}"
48,48,1,429,0.850738,10,"{""C01"": 1.661723, ""C02"": 1.874847, ""C03"": 1.705015, ""C04"": 1.753239, ""C05"": 1.481072, ""C06"": 1.955323, ""C07"": 1.759276, ""C08"": 1.706316, ""C09"": 1.734806, ""C10"": 1.567086}","{""C01"": 0, ""C02"": 0, ""C03"": 0, ""C04"": 0, ""C05"": 0, ""C06"": 1664, ""C07"": 0, ""C08"": 0, ""C09"": 0, ""C10"": 0}","{""C01"": 0.025245604520206244, ""C02"": 0.025245604520206244, ""C03"": 0.025245604520206244, ""C04"": 0.025245604520206244, ""C05"": 0.025245604520206244, ""C06"": 0.024281974617973195, ""C07"": 0.025245604520206244, ""C08"": 0.025245604520206244, ""C09"": 0.025245604520206244, ""C10"": 0.025245604520206244}"
49,49,1,467,0.960256,10,"{""C01"": 1.635664, ""C02"": 1.869475, ""C03"": 1.753071, ""C04"": 1.726215, ""C05"": 1.501005, ""C06"": 1.933856, ""C07"": 1.703745, ""C08"": 1.723644, ""C09"": 1.758069, ""C10"": 1.525822}","{""C01"": 0, ""C02"": 0, ""C03"": 0, ""C04"": 0, ""C05"": 0, ""C06"": 1670, ""C07"": 0, ""C08"": 0, ""C09"": 0, ""C10"": 0}","{""C01"": 0.025238362768258638, ""C02"": 0.025238362768258638, ""C03"": 0.025238362768258638, ""C04"": 0.025238362768258638, ""C05"": 0.025238362768258638, ""C06"": 0.02427125723231335, ""C07"": 0.025238362768258638, ""C08"": 0.025238362768258638, ""C09"": 0.025238362768258638, ""C10"": 0.025238362768258638}"
50,50,1,493,1.003158,10,"{""C01"": 1.694825, ""C02"": 1.85648, ""C03"": 1.701256, ""C04"": 1.725962, ""C05"": 1.478637, ""C06"": 1.907835, ""C07"": 1.686648, ""C08"": 1.697329, ""C09"": 1.77295, ""C10"": 1.537965}","{""C01"": 0, ""C02"": 0, ""C03"": 0, ""C04"": 0, ""C05"": 0, ""C06"": 1677, ""C07"": 0, ""C08"": 0, ""C09"": 0, ""C10"": 0}","{""C01"": 0.025229213368062456, ""C02"": 0.025229213368062456, ""C03"": 0.025229213368062456, ""C04"": 0.025229213368062456, ""C05"": 0.025229213368062456, ""C06"": 0.02425805464179645, ""C07"": 0.025229213368062456, ""C08"": 0.025229213368062456, ""C09"": 0.025229213368062456, ""C10"": 0.025229213368062456}"
51,51,1,432,0.864925,10,"{""C01"": 1.66024, ""C02"": 1.839077, ""C03"": 1.715762, ""C04"": 1.722336, ""C05"": 1.47967, ""C06"": 1.917295, ""C07"": 1.719787, ""C08"": 1.710159, ""C09"": 1.732184, ""C10"": 1.501604}","{""C01"": 0, ""C02"": 0, ""C03"": 0, ""C04"": 0, ""C05"": 0, ""C06"": 1674, ""C07"": 0, ""C08"": 0, ""C09"": 0, ""C10"": 0}","{""C01"": 0.02523230116980496, ""C02"": 0.02523230116980496, ""C03"": 0.02523230116980496, ""C04"": 0.02523230116980496, ""C05"": 0.02523230116980496, ""C06"": 0.024262881570663426, ""C07"": 0.02523230116980496, ""C08"": 0.02523230116980496, ""C09"": 0.02523230116980496, ""C10"": 0.02523230116980496}"
52,52,1,317,0.652321,10,"{""C01"": 1.670329, ""C02"": 1.830535, ""C03"": 1.720971, ""C04"": 1.717784, ""C05"": 1.471601, ""C06"": 1.931918, ""C07"": 1.734966, ""C08"": 1.696657, ""C09"": 1.730074, ""C10"": 1.476379}","{""C01"": 0, ""C02"": 0, ""C03"": 0, ""C04"": 0, ""C05"": 0, ""C06"": 1670, ""C07"": 0, ""C08"": 0, ""C09"": 0, ""C10"": 0}","{""C01"": 0.025237384974393387, ""C02"": 0.025237384974393387, ""C03"": 0.025237384974393387, ""C04"": 0.025237384974393387, ""C05"": 0.025237384974393387, ""C06"": 0.02427028184265356, ""C07"": 0.025237384974393387, ""C08"": 0.025237384974393387, ""C09"": 0.025237384974393387, ""C10"": 0.025237384974393387}"
53,53,1,836,1.672115,10,"{""C01"": 1.647102, ""C02"": 1.851977, ""C03"": 1.70064, ""C04"": 1.695857, ""C05"": 1.44761, ""C06"": 1.89371, ""C07"": 1.747298, ""C08"": 1.681187, ""C09"": 1.743728, ""C10"": 1.5172}","{""C01"": 0, ""C02"": 0, ""C03"": 0, ""C04"": 0, ""C05"": 0, ""C06"": 1681, ""C07"": 0, ""C08"": 0, ""C09"": 0, ""C10"": 0}","{""C01"": 0.025224263918025347, ""C02"": 0.025224263918025347, ""C03"": 0.025224263918025347, ""C04"": 0.025224263918025347, ""C05"": 0.025224263918025347, ""C06"": 0.024250788395737088, ""C07"": 0.025224263918025347, ""C08"": 0.025224263918025347, ""C09"": 0.025224263918025347, ""C10"": 0.025224263918025347}"
54,54,1,470,0.964159,10,"{""C01"": 1.650278, ""C02"": 1.837892, ""C03"": 1.750132, ""C04"": 1.728179, ""C05"": 1.445201, ""C06"": 1.90071, ""C07"": 1.71254, ""C08"": 1.658811, ""C09"": 1.716465, ""C10"": 1.474019}","{""C01"": 0, ""C02"": 0, ""C03"": 0, ""C04"": 0, ""C05"": 0, ""C06"": 1679, ""C07"": 0, ""C08"": 0, ""C09"": 0, ""C10"": 0}","{""C01"": 0.02522671530064141, ""C02"": 0.02522671530064141, ""C03"": 0.02522671530064141, ""C04"": 0.02522671530064141, ""C05"": 0.02522671530064141, ""C06"": 0.024254398233584697, ""C07"": 0.02522671530064141, ""C08"": 0.02522671530064141, ""C09"": 0.02522671530064141, ""C10"": 0.02522671530064141}"
55,55,1,309,0.617034,10,"{""C01"": 1.654548, ""C02"": 1.820876, ""C03"": 1.687835, ""C04"": 1.715612, ""C05"": 1.438163, ""C06"": 1.927053, ""C07"": 1.744455, ""C08"": 1.705418, ""C09"": 1.742852, ""C10"": 1.486236}","{""C01"": 0, ""C02"": 0, ""C03"": 0, ""C04"": 0, ""C05"": 0, ""C06"": 1672, ""C07"": 0, ""C08"": 0, ""C09"": 0, ""C10"": 0}","{""C01"": 0.02523609260445532, ""C02"": 0.02523609260445532, ""C03"": 0.02523609260445532, ""C04"": 0.02523609260445532, ""C05"": 0.02523609260445532, ""C06"": 0.024267828171044826, ""C07"": 0.02523609260445532, ""C08"": 0.02523609260445532, ""C09"": 0.02523609260445532, ""C10"": 0.02523609260445532}"
56,56,1,853,1.760034,10,"{""C01"": 1.642584, ""C02"": 1.869652, ""C03"": 1.724878, ""C04"": 1.709172, ""C05"": 1.443966, ""C06"": 1.906413, ""C07"": 1.731592, ""C08"": 1.685726, ""C09"": 1.742887, ""C10"": 1.503325}","{""C01"": 0, ""C02"": 0, ""C03"": 0, ""C04"": 0, ""C05"": 0, ""C06"": 1677, ""C07"": 0, ""C08"": 0, ""C09"": 0, ""C10"": 0}","{""C01"": 0.025228483142257674, ""C02"": 0.025228483142257674, ""C03"": 0.025228483142257674, ""C04"": 0.025228483142257674, ""C05"": 0.025228483142257674, ""C06"": 0.024257326203247512, ""C07"": 0.025228483142257674, ""C08"": 0.025228483142257674, ""C09"": 0.025228483142257674, ""C10"": 0.025228483142257674}"
57,57,1,449,0.891274,10,"{""C01"": 1.667127, ""C02"": 1.855687, ""C03"": 1.695348, ""C04"": 1.733111, ""C05"": 1.457701, ""C06"": 1.925839, ""C07"": 1.720792, ""C08"": 1.719607, ""C09"": 1.740759, ""C10"": 1.507025}","{""C01"": 0, ""C02"": 0, ""C03"": 0, ""C04"": 0, ""C05"": 0, ""C06"": 1672, ""C07"": 0, ""C08"": 0, ""C09"": 0, ""C10"": 0}","{""C01"": 0.02523547744510765, ""C02"": 0.02523547744510765, ""C03"": 0.02523547744510765, ""C04"": 0.02523547744510765, ""C05"": 0.02523547744510765, ""C06"": 0.02426721452230342, ""C07"": 0.02523547744510765, ""C08"": 0.02523547744510765, ""C09"": 0.02523547744510765, ""C10"": 0.02523547744510765}"
58,58,1,834,1.788025,10,"{""C01"": 1.651119, ""C02"": 1.871584, ""C03"": 1.708862, ""C04"": 1.736948, ""C05"": 1.470372, ""C06"": 1.915846, ""C07"": 1.729818, ""C08"": 1.664694, ""C09"": 1.734786, ""C10"": 1.46668}","{""C01"": 0, ""C02"": 0, ""C03"": 0, ""C04"": 0, ""C05"": 0, ""C06"": 1675, ""C07"": 0, ""C08"": 0, ""C09"": 0, ""C10"": 0}","{""C01"": 0.025232145851159557, ""C02"": 0.025232145851159557, ""C03"": 0.025232145851159557, ""C04"": 0.025232145851159557, ""C05"": 0.025232145851159557, ""C06"": 0.02426214440054, ""C07"": 0.025232145851159557, ""C08"": 0.025232145851159557, ""C09"": 0.025232145851159557, ""C10"": 0.025232145851159557}"
59,59,1,497,1.020521,10,"{""C01"": 1.706352, ""C02"": 1.842733, ""C03"": 1.746157, ""C04"": 1.724348, ""C05"": 1.443545, ""C06"": 1.893309, ""C07"": 1.736515, ""C08"": 1.690461, ""C09"": 1.757024, ""C10"": 1.476915}","{""C01"": 0, ""C02"": 0, ""C03"": 0, ""C04"": 0, ""C05"": 0, ""C06"": 1681, ""C07"": 0, ""C08"": 0, ""C09"": 0, ""C10"": 0}","{""C01"": 0.025224056061348185, ""C02"": 0.025224056061348185, ""C03"": 0.025224056061348185, ""C04"": 0.025224056061348185, ""C05"": 0.025224056061348185, ""C06"": 0.024250581046478824, ""C07"": 0.025224056061348185, ""C08"": 0.025224056061348185, ""C09"": 0.025224056061348185, ""C10"": 0.025224056061348185}"
60,60,1,328,0.674547,10,"{""C01"": 1.696153, ""C02"": 1.838732, ""C03"": 1.763162, ""C04"": 1.748207, ""C05"": 1.467017, ""C06"": 1.935439, ""C07"": 1.758045, ""C08"": 1.720348, ""C09"": 1.770906, ""C10"": 1.478139}","{""C01"": 0, ""C02"": 0, ""C03"": 0, ""C04"": 0, ""C05"": 0, ""C06"": 1669, ""C07"": 0, ""C08"": 0, ""C09"": 0, ""C10"": 0}","{""C01"": 0.025238576529205956, ""C02"": 0.025238576529205956, ""C03"": 0.025238576529205956, ""C04"": 0.025238576529205956, ""C05"": 0.025238576529205956, ""C06"": 0.024272052709186333, ""C07"": 0.025238576529205956, ""C08"": 0.025238576529205956, ""C09"": 0.025238576529205956, ""C10"": 0.025238576529205956}"
61,61,1,133,0.316710,10,"{""C01"": 1.664671, ""C02"": 1.916693, ""C03"": 1.750166, ""C04"": 1.769637, ""C05"": 1.463508, ""C06"": 1.931006, ""C07"": 1.750646, ""C08"": 1.724563, ""C09"": 1.748605, ""C10"": 1.521948}","{""C01"": 0, ""C02"": 798, ""C03"": 0, ""C04"": 0, ""C05"": 0, ""C06"": 878, ""C07"": 0, ""C08"": 0, ""C09"": 0, ""C10"": 0}","{""C01"": 0.025236974036321275, ""C02"": 0.024774838208388897, ""C03"": 0.025236974036321275, ""C04"": 0.025236974036321275, ""C05"": 0.025236974036321275, ""C06"": 0.024728533246338835, ""C07"": 0.025236974036321275, ""C08"": 0.025236974036321275, ""C09"": 0.025236974036321275, ""C10"": 0.025236974036321275}"
62,62,1,138,0.315866,10,"{""C01"": 1.674183, ""C02"": 1.914785, ""C03"": 1.752776, ""C04"": 1.74112, ""C05"": 1.446583, ""C06"": 1.909458, ""C07"": 1.755258, ""C08"": 1.772366, ""C09"": 1.777054, ""C10"": 1.506768}","{""C01"": 0, ""C02"": 858, ""C03"": 0, ""C04"": 0, ""C05"": 0, ""C06"": 819, ""C07"": 0, ""C08"": 0, ""C09"": 0, ""C10"": 0}","{""C01"": 0.025231441466902343, ""C02"": 0.02473458216130147, ""C03"": 0.025231441466902343, ""C04"": 0.025231441466902343, ""C05"": 0.025231441466902343, ""C06"": 0.024757154583711662, ""C07"": 0.025231441466902343, ""C08"": 0.025231441466902343, ""C09"": 0.025231441466902343, ""C10"": 0.025231441466902343}"
63,63,1,479,0.973839,10,"{""C01"": 1.736475, ""C02"": 1.890257, ""C03"": 1.720193, ""C04"": 1.758921, ""C05"": 1.479433, ""C06"": 1.947887, ""C07"": 1.764058, ""C08"": 1.721985, ""C09"": 1.80046, ""C10"": 1.510449}","{""C01"": 0, ""C02"": 0, ""C03"": 0, ""C04"": 0, ""C05"": 0, ""C06"": 1666, ""C07"": 0, ""C08"": 0, ""C09"": 0, ""C10"": 0}","{""C01"": 0.025243067909276815, ""C02"": 0.025243067909276815, ""C03"": 0.025243067909276815, ""C04"": 0.025243067909276815, ""C05"": 0.025243067909276815, ""C06"": 0.024278279764891234, ""C07"": 0.025243067909276815, ""C08"": 0.025243067909276815, ""C09"": 0.025243067909276815, ""C10"": 0.025243067909276815}"
64,64,1,455,0.971851,10,"{""C01"": 1.71415, ""C02"": 1.886653, ""C03"": 1.745518, ""C04"": 1.779504, ""C05"": 1.504454, ""C06"": 1.954049, ""C07"": 1.78302, ""C08"": 1.728468, ""C09"": 1.791269, ""C10"": 1.524073}","{""C01"": 0, ""C02"": 0, ""C03"": 0, ""C04"": 0, ""C05"": 0, ""C06"": 1664, ""C07"": 0, ""C08"": 0, ""C09"": 0, ""C10"": 0}","{""C01"": 0.025244971121159865, ""C02"": 0.025244971121159865, ""C03"": 0.025244971121159865, ""C04"": 0.025244971121159865, ""C05"": 0.025244971121159865, ""C06"": 0.024281342782473025, ""C07"": 0.025244971121159865, ""C08"": 0.025244971121159865, ""C09"": 0.025244971121159865, ""C10"": 0.025244971121159865}"
65,65,1,831,1.719966,10,"{""C01"": 1.685883, ""C02"": 1.915, ""C03"": 1.765665, ""C04"": 1.776855, ""C05"": 1.504795, ""C06"": 1.955494, ""C07"": 1.793712, ""C08"": 1.770852, ""C09"": 1.802892, ""C10"": 1.513974}","{""C01"": 0, ""C02"": 0, ""C03"": 0, ""C04"": 0, ""C05"": 0, ""C06"": 1664, ""C07"": 0, ""C08"": 0, ""C09"": 0, ""C10"": 0}","{""C01"": 0.025245689491070297, ""C02"": 0.025245689491070297, ""C03"": 0.025245689491070297, ""C04"": 0.025245689491070297, ""C05"": 0.025245689491070297, ""C06"": 0.02428205937908295, ""C07"": 0.025245689491070297, ""C08"": 0.025245689491070297, ""C09"": 0.025245689491070297, ""C10"": 0.025245689491070297}"
66,66,1,484,1.005506,10,"{""C01"": 1.738417, ""C02"": 1.921589, ""C03"": 1.76849, ""C04"": 1.794449, ""C05"": 1.496836, ""C06"": 1.976259, ""C07"": 1.812822, ""C08"": 1.783752, ""C09"": 1.784309, ""C10"": 1.525778}","{""C01"": 0, ""C02"": 0, ""C03"": 0, ""C04"": 0, ""C05"": 0, ""C06"": 1658, ""C07"": 0, ""C08"": 0, ""C09"": 0, ""C10"": 0}","{""C01"": 0.025252432121189036, ""C02"": 0.025252432121189036, ""C03"": 0.025252432121189036, ""C04"": 0.025252432121189036, ""C05"": 0.025252432121189036, ""C06"": 0.02429227887956679, ""C07"": 0.025252432121189036, ""C08"": 0.025252432121189036, ""C09"": 0.025252432121189036, ""C10"": 0.025252432121189036}"
67,67,1,916,1.886813,10,"{""C01"": 1.719303, ""C02"": 1.95025, ""C03"": 1.775771, ""C04"": 1.794522, ""C05"": 1.564172, ""C06"": 1.97078, ""C07"": 1.777284, ""C08"": 1.756855, ""C09"": 1.834517, ""C10"": 1.532851}","{""C01"": 0, ""C02"": 0, ""C03"": 0, ""C04"": 0, ""C05"": 0, ""C06"": 1660, ""C07"": 0, ""C08"": 0, ""C09"": 0, ""C10"": 0}","{""C01"": 0.025250910266769802, ""C02"": 0.025250910266769802, ""C03"": 0.025250910266769802, ""C04"": 0.025250910266769802, ""C05"": 0.025250910266769802, ""C06"": 0.02428959627111149, ""C07"": 0.025250910266769802, ""C08"": 0.025250910266769802, ""C09"": 0.025250910266769802, ""C10"": 0.025250910266769802}"
68,68,1,390,0.797563,10,"{""C01"": 1.778084, ""C02"": 1.902276, ""C03"": 1.765478, ""C04"": 1.788336, ""C05"": 1.506553, ""C06"": 1.986709, ""C07"": 1.816669, ""C08"": 1.760583, ""C09"": 1.807638, ""C10"": 1.503719}","{""C01"": 0, ""C02"": 0, ""C03"": 0, ""C04"": 0, ""C05"": 0, ""C06"": 1656, ""C07"": 0, ""C08"": 0, ""C09"": 0, ""C10"": 0}","{""C01"": 0.02525636736437964, ""C02"": 0.02525636736437964, ""C03"": 0.02525636736437964, ""C04"": 0.02525636736437964, ""C05"": 0.02525636736437964, ""C06"": 0.024297368893670585, ""C07"": 0.02525636736437964, ""C08"": 0.02525636736437964, ""C09"": 0.02525636736437964, ""C10"": 0.02525636736437964}"
69,69,1,129,0.276683,10,"{""C01"": 1.764034, ""C02"": 1.969399, ""C03"": 1.782495, ""C04"": 1.801067, ""C05"": 1.528018, ""C06"": 1.974665, ""C07"": 1.788266, ""C08"": 1.756035, ""C09"": 1.816966, ""C10"": 1.507863}","{""C01"": 0, ""C02"": 807, ""C03"": 0, ""C04"": 0, ""C05"": 0, ""C06"": 854, ""C07"": 0, ""C08"": 0, ""C09"": 0, ""C10"": 0}","{""C01"": 0.025252145774006904, ""C02"": 0.024784807856538537, ""C03"": 0.025252145774006904, ""C04"": 0.025252145774006904, ""C05"": 0.025252145774006904, ""C06"": 0.024757601590690553, ""C07"": 0.025252145774006904, ""C08"": 0.025252145774006904, ""C09"": 0.025252145774006904, ""C10"": 0.025252145774006904}"
70,70,1,829,1.649957,10,"{""C01"": 1.771608, ""C02"": 1.965971, ""C03"": 1.714062, ""C04"": 1.809519, ""C05"": 1.518246, ""C06"": 2.009821, ""C07"": 1.797057, ""C08"": 1.794295, ""C09"": 1.798931, ""C10"": 1.52359}","{""C01"": 0, ""C02"": 0, ""C03"": 0, ""C04"": 0, ""C05"": 0, ""C06"": 1650, ""C07"": 0, ""C08"": 0, ""C09"": 0, ""C10"": 0}","{""C01"": 0.02526402585974294, ""C02"": 0.02526402585974294, ""C03"": 0.02526402585974294, ""C04"": 0.02526402585974294, ""C05"": 0.02526402585974294, ""C06"": 0.02430850197475926, ""C07"": 0.02526402585974294, ""C08"": 0.02526402585974294, ""C09"": 0.02526402585974294, ""C10"": 0.02526402585974294}"
71,71,1,184,0.392091,10,"{""C01"": 1.731144, ""C02"": 1.960696, ""C03"": 1.768074, ""C04"": 1.807148, ""C05"": 1.500583, ""C06"": 1.947017, ""C07"": 1.803842, ""C08"": 1.782365, ""C09"": 1.855368, ""C10"": 1.523365}","{""C01"": 0, ""C02"": 881, ""C03"": 0, ""C04"": 0, ""C05"": 0, ""C06"": 787, ""C07"": 0, ""C08"": 0, ""C09"": 0, ""C10"": 0}","{""C01"": 0.025247399341841267, ""C02"": 0.024737219213403903, ""C03"": 0.025247399341841267, ""C04"": 0.025247399341841267, ""C05"": 0.025247399341841267, ""C06"": 0.024791633857946027, ""C07"": 0.025247399341841267, ""C08"": 0.025247399341841267, ""C09"": 0.025247399341841267, ""C10"": 0.025247399341841267}"
72,72,1,815,1.611602,10,"{""C01"": 1.750593, ""C02"": 1.938099, ""C03"": 1.774619, ""C04"": 1.828493, ""C05"": 1.549041, ""C06"": 1.983587, ""C07"": 1.828613, ""C08"": 1.725405, ""C09"": 1.809872, ""C10"": 1.4869}","{""C01"": 0, ""C02"": 0, ""C03"": 0, ""C04"": 0, ""C05"": 0, ""C06"": 1656, ""C07"": 0, ""C08"": 0, ""C09"": 0, ""C10"": 0}","{""C01"": 0.025254846443348106, ""C02"": 0.025254846443348106, ""C03"": 0.025254846443348106, ""C04"": 0.025254846443348106, ""C05"": 0.025254846443348106, ""C06"": 0.024295851746937134, ""C07"": 0.025254846443348106, ""C08"": 0.025254846443348106, ""C09"": 0.025254846443348106, ""C10"": 0.025254846443348106}"
73,73,1,491,0.984575,10,"{""C01"": 1.764858, ""C02"": 1.92695, ""C03"": 1.754361, ""C04"": 1.775597, ""C05"": 1.514052, ""C06"": 1.979848, ""C07"": 1.789066, ""C08"": 1.819446, ""C09"": 1.810412, ""C10"": 1.547399}","{""C01"": 0, ""C02"": 0, ""C03"": 0, ""C04"": 0, ""C05"": 0, ""C06"": 1657, ""C07"": 0, ""C08"": 0, ""C09"": 0, ""C10"": 0}","{""C01"": 0.02525360479230733, ""C02"": 0.02525360479230733, ""C03"": 0.02525360479230733, ""C04"": 0.02525360479230733, ""C05"": 0.02525360479230733, ""C06"": 0.024294030908813498, ""C07"": 0.02525360479230733, ""C08"": 0.02525360479230733, ""C09"": 0.02525360479230733, ""C10"": 0.02525360479230733}"
74,74,1,480,0.945954,10,"{""C01"": 1.760603, ""C02"": 1.931386, ""C03"": 1.74636, ""C04"": 1.788213, ""C05"": 1.516576, ""C06"": 1.987767, ""C07"": 1.80264, ""C08"": 1.788297, ""C09"": 1.829669, ""C10"": 1.488416}","{""C01"": 0, ""C02"": 0, ""C03"": 0, ""C04"": 0, ""C05"": 0, ""C06"": 1655, ""C07"": 0, ""C08"": 0, ""C09"": 0, ""C10"": 0}","{""C01"": 0.025256298096369437, ""C02"": 0.025256298096369437, ""C03"": 0.025256298096369437, ""C04"": 0.025256298096369437, ""C05"": 0.025256298096369437, ""C06"": 0.02429788206547695, ""C07"": 0.025256298096369437, ""C08"": 0.025256298096369437, ""C09"": 0.025256298096369437, ""C10"": 0.025256298096369437}"
75,75,1,896,1.805275,10,"{""C01"": 1.746834, ""C02"": 1.939148, ""C03"": 1.778575, ""C04"": 1.801213, ""C05"": 1.511684, ""C06"": 1.964674, ""C07"": 1.817456, ""C08"": 1.730749, ""C09"": 1.807004, ""C10"": 1.482783}","{""C01"": 0, ""C02"": 0, ""C03"": 0, ""C04"": 0, ""C05"": 0, ""C06"": 1661, ""C07"": 0, ""C08"": 0, ""C09"": 0, ""C10"": 0}","{""C01"": 0.02524848495179141, ""C02"": 0.02524848495179141, ""C03"": 0.02524848495179141, ""C04"": 0.02524848495179141, ""C05"": 0.02524848495179141, ""C06"": 0.024286594697995368, ""C07"": 0.02524848495179141, ""C08"": 0.02524848495179141, ""C09"": 0.02524848495179141, ""C10"": 0.02524848495179141}"
76,76,1,840,1.659837,10,"{""C01"": 1.779013, ""C02"": 1.926898, ""C03"": 1.757729, ""C04"": 1.764596, ""C05"": 1.473933, ""C06"": 1.968018, ""C07"": 1.762121, ""C08"": 1.746348, ""C09"": 1.783996, ""C10"": 1.501783}","{""C01"": 0, ""C02"": 0, ""C03"": 0, ""C04"": 0, ""C05"": 0, ""C06"": 1661, ""C07"": 0, ""C08"": 0, ""C09"": 0, ""C10"": 0}","{""C01"": 0.025250134507860067, ""C02"": 0.025250134507860067, ""C03"": 0.025250134507860067, ""C04"": 0.025250134507860067, ""C05"": 0.025250134507860067, ""C06"": 0.024288240174033294, ""C07"": 0.025250134507860067, ""C08"": 0.025250134507860067, ""C09"": 0.025250134507860067, ""C10"": 0.025250134507860067}"
77,77,1,434,0.870294,10,"{""C01"": 1.756993, ""C02"": 1.890986, ""C03"": 1.723937, ""C04"": 1.775886, ""C05"": 1.464758, ""C06"": 1.966594, ""C07"": 1.786885, ""C08"": 1.76139, ""C09"": 1.82416, ""C10"": 1.498134}","{""C01"": 0, ""C02"": 0, ""C03"": 0, ""C04"": 0, ""C05"": 0, ""C06"": 1661, ""C07"": 0, ""C08"": 0, ""C09"": 0, ""C10"": 0}","{""C01"": 0.025249432565361565, ""C02"": 0.025249432565361565, ""C03"": 0.025249432565361565, ""C04"": 0.025249432565361565, ""C05"": 0.025249432565361565, ""C06"": 0.024287539967766034, ""C07"": 0.025249432565361565, ""C08"": 0.025249432565361565, ""C09"": 0.025249432565361565, ""C10"": 0.025249432565361565}"
78,78,1,467,0.964171,10,"{""C01"": 1.714593, ""C02"": 1.894661, ""C03"": 1.730487, ""C04"": 1.765775, ""C05"": 1.502213, ""C06"": 1.958778, ""C07"": 1.785763, ""C08"": 1.730182, ""C09"": 1.79658, ""C10"": 1.440312}","{""C01"": 0, ""C02"": 0, ""C03"": 0, ""C04"": 0, ""C05"": 0, ""C06"": 1663, ""C07"": 0, ""C08"": 0, ""C09"": 0, ""C10"": 0}","{""C01"": 0.025246735508270446, ""C02"": 0.025246735508270446, ""C03"": 0.025246735508270446, ""C04"": 0.025246735508270446, ""C05"": 0.025246735508270446, ""C06"": 0.02428368506603249, ""C07"": 0.025246735508270446, ""C08"": 0.025246735508270446, ""C09"": 0.025246735508270446, ""C10"": 0.025246735508270446}"
79,79,1,149,0.298315,10,"{""C01"": 1.71997, ""C02"": 1.921237, ""C03"": 1.728544, ""C04"": 1.771188, ""C05"": 1.458249, ""C06"": 1.930714, ""C07"": 1.754589, ""C08"": 1.719144, ""C09"": 1.797598, ""C10"": 1.488775}","{""C01"": 0, ""C02"": 805, ""C03"": 0, ""C04"": 0, ""C05"": 0, ""C06"": 870, ""C07"": 0, ""C08"": 0, ""C09"": 0, ""C10"": 0}","{""C01"": 0.025237389178407316, ""C02"": 0.024771202009412668, ""C03"": 0.025237389178407316, ""C04"": 0.025237389178407316, ""C05"": 0.025237389178407316, ""C06"": 0.02473357730580581, ""C07"": 0.025237389178407316, ""C08"": 0.025237389178407316, ""C09"": 0.025237389178407316, ""C10"": 0.025237389178407316}"
80,80,1,922,1.900357,10,"{""C01"": 1.716487, ""C02"": 1.898054, ""C03"": 1.726376, ""C04"": 1.76449, ""C05"": 1.489541, ""C06"": 1.916576, ""C07"": 1.746846, ""C08"": 1.723932, ""C09"": 1.744862, ""C10"": 1.424607}","{""C01"": 0, ""C02"": 0, ""C03"": 0, ""C04"": 0, ""C05"": 0, ""C06"": 1675, ""C07"": 0, ""C08"": 0, ""C09"": 0, ""C10"": 0}","{""C01"": 0.025232518335617043, ""C02"": 0.025232518335617043, ""C03"": 0.025232518335617043, ""C04"": 0.025232518335617043, ""C05"": 0.025232518335617043, ""C06"": 0.02426251597209286, ""C07"": 0.025232518335617043, ""C08"": 0.025232518335617043, ""C09"": 0.025232518335617043, ""C10"": 0.025232518335617043}"
81,81,1,483,0.969313,10,"{""C01"": 1.676561, ""C02"": 1.882528, ""C03"": 1.712357, ""C04"": 1.721762, ""C05"": 1.4713, ""C06"": 1.937133, ""C07"": 1.737588, ""C08"": 1.754551, ""C09"": 1.763275, ""C10"": 1.449125}","{""C01"": 0, ""C02"": 0, ""C03"": 0, ""C04"": 0, ""C05"": 0, ""C06"": 1669, ""C07"": 0, ""C08"": 0, ""C09"": 0, ""C10"": 0}","{""C01"": 0.02523942926316544, ""C02"": 0.02523942926316544, ""C03"": 0.02523942926316544, ""C04"": 0.02523942926316544, ""C05"": 0.02523942926316544, ""C06"": 0.024272903345075144, ""C07"": 0.02523942926316544, ""C08"": 0.02523942926316544, ""C09"": 0.02523942926316544, ""C10"": 0.02523942926316544}"
82,82,1,468,0.927062,10,"{""C01"": 1.709945, ""C02"": 1.857352, ""C03"": 1.6874, ""C04"": 1.718387, ""C05"": 1.434242, ""C06"": 1.922247, ""C07"": 1.718754, ""C08"": 1.729602, ""C09"": 1.757941, ""C10"": 1.427529}","{""C01"": 0, ""C02"": 0, ""C03"": 0, ""C04"": 0, ""C05"": 0, ""C06"": 1673, ""C07"": 0, ""C08"": 0, ""C09"": 0, ""C10"": 0}","{""C01"": 0.025234238150251748, ""C02"": 0.025234238150251748, ""C03"": 0.025234238150251748, ""C04"": 0.025234238150251748, ""C05"": 0.025234238150251748, ""C06"": 0.02426539603383896, ""C07"": 0.025234238150251748, ""C08"": 0.025234238150251748, ""C09"": 0.025234238150251748, ""C10"": 0.025234238150251748}"
83,83,1,889,2.134156,10,"{""C01"": 1.729972, ""C02"": 1.861099, ""C03"": 1.679432, ""C04"": 1.751349, ""C05"": 1.453569, ""C06"": 1.89263, ""C07"": 1.779853, ""C08"": 1.687793, ""C09"": 1.759975, ""C10"": 1.406137}","{""C01"": 0, ""C02"": 0, ""C03"": 0, ""C04"": 0, ""C05"": 0, ""C06"": 1681, ""C07"": 0, ""C08"": 0, ""C09"": 0, ""C10"": 0}","{""C01"": 0.025223703958163826, ""C02"": 0.025223703958163826, ""C03"": 0.025223703958163826, ""C04"": 0.025223703958163826, ""C05"": 0.025223703958163826, ""C06"": 0.024250229802835945, ""C07"": 0.025223703958163826, ""C08"": 0.025223703958163826, ""C09"": 0.025223703958163826, ""C10"": 0.025223703958163826}"
84,84,1,469,1.747320,10,"{""C01"": 1.722317, ""C02"": 1.877399, ""C03"": 1.700835, ""C04"": 1.726965, ""C05"": 1.432525, ""C06"": 1.940845, ""C07"": 1.76092, ""C08"": 1.714544, ""C09"": 1.738642, ""C10"": 1.416279}","{""C01"": 0, ""C02"": 0, ""C03"": 0, ""C04"": 0, ""C05"": 0, ""C06"": 1668, ""C07"": 0, ""C08"": 0, ""C09"": 0, ""C10"": 0}","{""C01"": 0.025240710405119715, ""C02"": 0.025240710405119715, ""C03"": 0.025240710405119715, ""C04"": 0.025240710405119715, ""C05"": 0.025240710405119715, ""C06"": 0.02427476357687481, ""C07"": 0.025240710405119715, ""C08"": 0.025240710405119715, ""C09"": 0.025240710405119715, ""C10"": 0.025240710405119715}"
85,85,1,903,2.590957,10,"{""C01"": 1.688436, ""C02"": 1.879831, ""C03"": 1.72873, ""C04"": 1.698697, ""C05"": 1.415741, ""C06"": 1.904552, ""C07"": 1.749353, ""C08"": 1.69295, ""C09"": 1.723934, ""C10"": 1.420986}","{""C01"": 0, ""C02"": 0, ""C03"": 0, ""C04"": 0, ""C05"": 0, ""C06"": 1678, ""C07"": 0, ""C08"": 0, ""C09"": 0, ""C10"": 0}","{""C01"": 0.025228110374977672, ""C02"": 0.025228110374977672, ""C03"": 0.025228110374977672, ""C04"": 0.025228110374977672, ""C05"": 0.025228110374977672, ""C06"": 0.02425637212116136, ""C07"": 0.025228110374977672, ""C08"": 0.025228110374977672, ""C09"": 0.025228110374977672, ""C10"": 0.025228110374977672}"
86,86,1,848,2.934831,10,"{""C01"": 1.648938, ""C02"": 1.854133, ""C03"": 1.659573, ""C04"": 1.699, ""C05"": 1.442298, ""C06"": 1.892149, ""C07"": 1.725257, ""C08"": 1.720701, ""C09"": 1.736604, ""C10"": 1.408808}","{""C01"": 0, ""C02"": 0, ""C03"": 0, ""C04"": 0, ""C05"": 0, ""C06"": 1681, ""C07"": 0, ""C08"": 0, ""C09"": 0, ""C10"": 0}","{""C01"": 0.025223454418694113, ""C02"": 0.025223454418694113, ""C03"": 0.025223454418694113, ""C04"": 0.025223454418694113, ""C05"": 0.025223454418694113, ""C06"": 0.024249980872524248, ""C07"": 0.025223454418694113, ""C08"": 0.025223454418694113, ""C09"": 0.025223454418694113, ""C10"": 0.025223454418694113}"
87,87,1,920,2.484561,10,"{""C01"": 1.718833, ""C02"": 1.890379, ""C03"": 1.649085, ""C04"": 1.698339, ""C05"": 1.449731, ""C06"": 1.908831, ""C07"": 1.714954, ""C08"": 1.682815, ""C09"": 1.759859, ""C10"": 1.392517}","{""C01"": 0, ""C02"": 0, ""C03"": 0, ""C04"": 0, ""C05"": 0, ""C06"": 1677, ""C07"": 0, ""C08"": 0, ""C09"": 0, ""C10"": 0}","{""C01"": 0.025229724361912773, ""C02"": 0.025229724361912773, ""C03"": 0.025229724361912773, ""C04"": 0.025229724361912773, ""C05"": 0.025229724361912773, ""C06"": 0.0242585643849329, ""C07"": 0.025229724361912773, ""C08"": 0.025229724361912773, ""C09"": 0.025229724361912773, ""C10"": 0.025229724361912773}"
88,88,1,185,0.625983,10,"{""C01"": 1.725521, ""C02"": 1.892404, ""C03"": 1.675179, ""C04"": 1.69755, ""C05"": 1.431585, ""C06"": 1.88176, ""C07"": 1.73785, ""C08"": 1.720017, ""C09"": 1.795899, ""C10"": 1.379917}","{""C01"": 0, ""C02"": 880, ""C03"": 0, ""C04"": 0, ""C05"": 0, ""C06"": 806, ""C07"": 0, ""C08"": 0, ""C09"": 0, ""C10"": 0}","{""C01"": 0.025223859163665985, ""C02"": 0.024714256843115227, ""C03"": 0.025223859163665985, ""C04"": 0.025223859163665985, ""C05"": 0.025223859163665985, ""C06"": 0.024757091697033478, ""C07"": 0.025223859163665985, ""C08"": 0.025223859163665985, ""C09"": 0.025223859163665985, ""C10"": 0.025223859163665985}"
89,89,1,832,1.801698,10,"{""C01"": 1.702196, ""C02"": 1.876109, ""C03"": 1.680598, ""C04"": 1.757691, ""C05"": 1.398109, ""C06"": 1.919453, ""C07"": 1.76075, ""C08"": 1.715234, ""C09"": 1.756277, ""C10"": 1.395984}","{""C01"": 0, ""C02"": 0, ""C03"": 0, ""C04"": 0, ""C05"": 0, ""C06"": 1674, ""C07"": 0, ""C08"": 0, ""C09"": 0, ""C10"": 0}","{""C01"": 0.025233400786377924, ""C02"": 0.025233400786377924, ""C03"": 0.025233400786377924, ""C04"": 0.025233400786377924, ""C05"": 0.025233400786377924, ""C06"": 0.024263978490567918, ""C07"": 0.025233400786377924, ""C08"": 0.025233400786377924, ""C09"": 0.025233400786377924, ""C10"": 0.025233400786377924}"
90,90,1,843,1.730505,10,"{""C01"": 1.714887, ""C02"": 1.870778, ""C03"": 1.688768, ""C04"": 1.725022, ""C05"": 1.439871, ""C06"": 1.908932, ""C07"": 1.752113, ""C08"": 1.724353, ""C09"": 1.783168, ""C10"": 1.413258}","{""C01"": 0, ""C02"": 0, ""C03"": 0, ""C04"": 0, ""C05"": 0, ""C06"": 1677, ""C07"": 0, ""C08"": 0, ""C09"": 0, ""C10"": 0}","{""C01"": 0.02522977615785589, ""C02"": 0.02522977615785589, ""C03"": 0.02522977615785589, ""C04"": 0.02522977615785589, ""C05"": 0.02522977615785589, ""C06"": 0.024258616054098014, ""C07"": 0.02522977615785589, ""C08"": 0.02522977615785589, ""C09"": 0.02522977615785589, ""C10"": 0.02522977615785589}"
91,91,1,870,1.815049,10,"{""C01"": 1.725217, ""C02"": 1.918484, ""C03"": 1.705589, ""C04"": 1.708996, ""C05"": 1.428767, ""C06"": 1.949725, ""C07"": 1.725037, ""C08"": 1.689704, ""C09"": 1.771702, ""C10"": 1.400055}","{""C01"": 0, ""C02"": 0, ""C03"": 0, ""C04"": 0, ""C05"": 0, ""C06"": 1665, ""C07"": 0, ""C08"": 0, ""C09"": 0, ""C10"": 0}","{""C01"": 0.0252434012944477, ""C02"": 0.0252434012944477, ""C03"": 0.0252434012944477, ""C04"": 0.0252434012944477, ""C05"": 0.0252434012944477, ""C06"": 0.024279194577547097, ""C07"": 0.0252434012944477, ""C08"": 0.0252434012944477, ""C09"": 0.0252434012944477, ""C10"": 0.0252434012944477}"
92,92,1,898,1.771632,10,"{""C01"": 1.727026, ""C02"": 1.911253, ""C03"": 1.706939, ""C04"": 1.7715, ""C05"": 1.464696, ""C06"": 1.935132, ""C07"": 1.754343, ""C08"": 1.761028, ""C09"": 1.785562, ""C10"": 1.443869}","{""C01"": 0, ""C02"": 0, ""C03"": 0, ""C04"": 0, ""C05"": 0, ""C06"": 1669, ""C07"": 0, ""C08"": 0, ""C09"": 0, ""C10"": 0}","{""C01"": 0.025238421873571615, ""C02"": 0.025238421873571615, ""C03"": 0.025238421873571615, ""C04"": 0.025238421873571615, ""C05"": 0.025238421873571615, ""C06"": 0.02427189843405837, ""C07"": 0.025238421873571615, ""C08"": 0.025238421873571615, ""C09"": 0.025238421873571615, ""C10"": 0.025238421873571615}"
93,93,1,120,0.240862,10,"{""C01"": 1.747005, ""C02"": 1.944971, ""C03"": 1.684562, ""C04"": 1.754281, ""C05"": 1.461792, ""C06"": 1.936461, ""C07"": 1.769518, ""C08"": 1.724758, ""C09"": 1.764562, ""C10"": 1.429095}","{""C01"": 0, ""C02"": 860, ""C03"": 0, ""C04"": 0, ""C05"": 0, ""C06"": 810, ""C07"": 0, ""C08"": 0, ""C09"": 0, ""C10"": 0}","{""C01"": 0.02524187634421632, ""C02"": 0.02474385896147446, ""C03"": 0.02524187634421632, ""C04"": 0.02524187634421632, ""C05"": 0.02524187634421632, ""C06"": 0.024772796289106235, ""C07"": 0.02524187634421632, ""C08"": 0.02524187634421632, ""C09"": 0.02524187634421632, ""C10"": 0.02524187634421632}"
94,94,1,263,0.525744,10,"{""C01"": 1.74206, ""C02"": 1.915407, ""C03"": 1.744185, ""C04"": 1.742201, ""C05"": 1.474415, ""C06"": 1.93188, ""C07"": 1.799436, ""C08"": 1.753426, ""C09"": 1.780181, ""C10"": 1.421065}","{""C01"": 0, ""C02"": 722, ""C03"": 0, ""C04"": 0, ""C05"": 0, ""C06"": 954, ""C07"": 0, ""C08"": 0, ""C09"": 0, ""C10"": 0}","{""C01"": 0.02523727440403123, ""C02"": 0.02481915107940992, ""C03"": 0.02523727440403123, ""C04"": 0.02523727440403123, ""C05"": 0.02523727440403123, ""C06"": 0.024684820648383548, ""C07"": 0.02523727440403123, ""C08"": 0.02523727440403123, ""C09"": 0.02523727440403123, ""C10"": 0.02523727440403123}"
95,95,1,125,0.244941,10,"{""C01"": 1.787987, ""C02"": 1.952544, ""C03"": 1.697221, ""C04"": 1.764521, ""C05"": 1.478871, ""C06"": 1.964067, ""C07"": 1.793527, ""C08"": 1.751361, ""C09"": 1.781119, ""C10"": 1.415988}","{""C01"": 0, ""C02"": 800, ""C03"": 0, ""C04"": 0, ""C05"": 0, ""C06"": 866, ""C07"": 0, ""C08"": 0, ""C09"": 0, ""C10"": 0}","{""C01"": 0.025248364129403025, ""C02"": 0.02478507204573797, ""C03"": 0.025248364129403025, ""C04"": 0.025248364129403025, ""C05"": 0.025248364129403025, ""C06"": 0.024746872163678477, ""C07"": 0.025248364129403025, ""C08"": 0.025248364129403025, ""C09"": 0.025248364129403025, ""C10"": 0.025248364129403025}"
96,96,1,140,0.280866,10,"{""C01"": 1.743302, ""C02"": 1.947953, ""C03"": 1.715583, ""C04"": 1.783086, ""C05"": 1.501786, ""C06"": 1.964116, ""C07"": 1.796829, ""C08"": 1.766765, ""C09"": 1.811759, ""C10"": 1.442618}","{""C01"": 0, ""C02"": 785, ""C03"": 0, ""C04"": 0, ""C05"": 0, ""C06"": 883, ""C07"": 0, ""C08"": 0, ""C09"": 0, ""C10"": 0}","{""C01"": 0.02524852480131097, ""C02"": 0.024793917031466474, ""C03"": 0.02524852480131097, ""C04"": 0.02524852480131097, ""C05"": 0.02524852480131097, ""C06"": 0.024737186695841587, ""C07"": 0.02524852480131097, ""C08"": 0.02524852480131097, ""C09"": 0.02524852480131097, ""C10"": 0.02524852480131097}"
97,97,1,474,1.742922,10,"{""C01"": 1.749665, ""C02"": 1.940097, ""C03"": 1.739685, ""C04"": 1.773935, ""C05"": 1.506028, ""C06"": 2.001839, ""C07"": 1.808281, ""C08"": 1.767325, ""C09"": 1.84536, ""C10"": 1.47353}","{""C01"": 0, ""C02"": 0, ""C03"": 0, ""C04"": 0, ""C05"": 0, ""C06"": 1652, ""C07"": 0, ""C08"": 0, ""C09"": 0, ""C10"": 0}","{""C01"": 0.02526135793001838, ""C02"": 0.02526135793001838, ""C03"": 0.02526135793001838, ""C04"": 0.02526135793001838, ""C05"": 0.02526135793001838, ""C06"": 0.02430467613705007, ""C07"": 0.02526135793001838, ""C08"": 0.02526135793001838, ""C09"": 0.02526135793001838, ""C10"": 0.02526135793001838}"
98,98,1,872,2.976515,10,"{""C01"": 1.814742, ""C02"": 1.975843, ""C03"": 1.761456, ""C04"": 1.779295, ""C05"": 1.494787, ""C06"": 1.94312, ""C07"": 1.76651, ""C08"": 1.776141, ""C09"": 1.839435, ""C10"": 1.44149}","{""C01"": 0, ""C02"": 1659, ""C03"": 0, ""C04"": 0, ""C05"": 0, ""C06"": 0, ""C07"": 0, ""C08"": 0, ""C09"": 0, ""C10"": 0}","{""C01"": 0.02525281217639555, ""C02"": 0.024292075731134937, ""C03"": 0.02525281217639555, ""C04"": 0.02525281217639555, ""C05"": 0.02525281217639555, ""C06"": 0.02525281217639555, ""C07"": 0.02525281217639555, ""C08"": 0.02525281217639555, ""C09"": 0.02525281217639555, ""C10"": 0.02525281217639555}"
99,99,1,859,1.738678,10,"{""C01"": 1.792804, ""C02"": 1.980169, ""C03"": 1.779949, ""C04"": 1.791097, ""C05"": 1.506866, ""C06"": 1.945591, ""C07"": 1.801375, ""C08"": 1.769239, ""C09"": 1.849486, ""C10"": 1.438775}","{""C01"": 0, ""C02"": 1657, ""C03"": 0, ""C04"": 0, ""C05"": 0, ""C06"": 0, ""C07"": 0, ""C08"": 0, ""C09"": 0, ""C10"": 0}","{""C01"": 0.02525376172026758, ""C02"": 0.024294187447612754, ""C03"": 0.02525376172026758, ""C04"": 0.02525376172026758, ""C05"": 0.02525376172026758, ""C06"": 0.02525376172026758, ""C07"": 0.02525376172026758, ""C08"": 0.02525376172026758, ""C09"": 0.02525376172026758, ""C10"": 0.02525376172026758}"
100,100,1,137,0.265200,10,"{""C01"": 1.803214, ""C02"": 1.982811, ""C03"": 1.732598, ""C04"": 1.768858, ""C05"": 1.514451, ""C06"": 1.971804, ""C07"": 1.799237, ""C08"": 1.771629, ""C09"": 1.828298, ""C10"": 1.444817}","{""C01"": 0, ""C02"": 864, ""C03"": 0, ""C04"": 0, ""C05"": 0, ""C06"": 797, ""C07"": 0, ""C08"": 0, ""C09"": 0, ""C10"": 0}","{""C01"": 0.025254804155138963, ""C02"": 0.024754469347932677, ""C03"": 0.025254804155138963, ""C04"": 0.025254804155138963, ""C05"": 0.025254804155138963, ""C06"": 0.02479324963303087, ""C07"": 0.025254804155138963, ""C08"": 0.025254804155138963, ""C09"": 0.025254804155138963, ""C10"": 0.025254804155138963}"
