game_id,iter_idx,converged,rounds,duration_sec,player_count,quality_scores_json,final_datasizes_json,final_payoffs_json
1,1,1,122,1.141656,20,"{""C01"": 1.012744, ""C02"": 1.03733, ""C03"": 1.050196, ""C04"": 1.054695, ""C05"": 1.05812, ""C06"": 1.014662, ""C07"": 1.052604, ""C08"": 1.356879, ""C09"": 1.258979, ""C10"": 1.295989, ""C11"": 1.339909, ""C12"": 1.379489, ""C13"": 1.40552, ""C14"": 1.262745, ""C15"": 1.342277, ""C16"": 1.977327, ""C17"": 1.889209, ""C18"": 1.87951, ""C19"": 1.882197, ""C20"": 1.883782}","{""C01"": 0, ""C02"": 0, ""C03"": 0, ""C04"": 0, ""C05"": 0, ""C06"": 0, ""C07"": 0, ""C08"": 0, ""C09"": 0, ""C10"": 0, ""C11"": 0, ""C12"": 0, ""C13"": 0, ""C14"": 0, ""C15"": 0, ""C16"": 1664, ""C17"": 0, ""C18"": 0, ""C19"": 0, ""C20"": 0}","{""C01"": 0.025256450229993885, ""C02"": 0.025256450229993885, ""C03"": 0.025256450229993885, ""C04"": 0.025256450229993885, ""C05"": 0.025256450229993885, ""C06"": 0.025256450229993885, ""C07"": 0.025256450229993885, ""C08"": 0.025256450229993885, ""C09"": 0.025256450229993885, ""C10"": 0.025256450229993885, ""C11"": 0.025256450229993885, ""C12"": 0.025256450229993885, ""C13"": 0.025256450229993885, ""C14"": 0.025256450229993885, ""C15"": 0.025256450229993885, ""C16"": 0.024292800792684973, ""C17"": 0.025256450229993885, ""C18"": 0.025256450229993885, ""C19"": 0.025256450229993885, ""C20"": 0.025256450229993885}"
2,2,1,124,1.164477,20,"{""C01"": 1.027263, ""C02"": 1.047619, ""C03"": 1.05685, ""C04"": 1.060018, ""C05"": 1.065042, ""C06"": 1.029872, ""C07"": 1.058986, ""C08"": 1.374939, ""C09"": 1.28289, ""C10"": 1.323561, ""C11"": 1.367231, ""C12"": 1.402767, ""C13"": 1.422862, ""C14"": 1.287222, ""C15"": 1.369187, ""C16"": 2.001769, ""C17"": 1.911379, ""C18"": 1.904678, ""C19"": 1.914224, ""C20"": 1.909438}","{""C01"": 0, ""C02"": 0, ""C03"": 0, ""C04"": 0, ""C05"": 0, ""C06"": 0, ""C07"": 0, ""C08"": 0, ""C09"": 0, ""C10"": 0, ""C11"": 0, ""C12"": 0, ""C13"": 0, ""C14"": 0, ""C15"": 0, ""C16"": 1658, ""C17"": 0, ""C18"": 0, ""C19"": 0, ""C20"": 0}","{""C01"": 0.025264817865649464, ""C02"": 0.025264817865649464, ""C03"": 0.025264817865649464, ""C04"": 0.025264817865649464, ""C05"": 0.025264817865649464, ""C06"": 0.025264817865649464, ""C07"": 0.025264817865649464, ""C08"": 0.025264817865649464, ""C09"": 0.025264817865649464, ""C10"": 0.025264817865649464, ""C11"": 0.025264817865649464, ""C12"": 0.025264817865649464, ""C13"": 0.025264817865649464, ""C14"": 0.025264817865649464, ""C15"": 0.025264817865649464, ""C16"": 0.024304642495266378, ""C17"": 0.025264817865649464, ""C18"": 0.025264817865649464, ""C19"": 0.025264817865649464, ""C20"": 0.025264817865649464}"
3,3,1,145,0.973345,20,"{""C01"": 1.039537, ""C02"": 1.055641, ""C03"": 1.061906, ""C04"": 1.06479, ""C05"": 1.072344, ""C06"": 1.042788, ""C07"": 1.063605, ""C08"": 1.393848, ""C09"": 1.307155, ""C10"": 1.350201, ""C11"": 1.392149, ""C12"": 1.422676, ""C13"": 1.43683, ""C14"": 1.311971, ""C15"": 1.393549, ""C16"": 2.022509, ""C17"": 1.931735, ""C18"": 1.929692, ""C19"": 1.946747, ""C20"": 1.934856}","{""C01"": 0, ""C02"": 0, ""C03"": 0, ""C04"": 0, ""C05"": 0, ""C06"": 0, ""C07"": 0, ""C08"": 0, ""C09"": 0, ""C10"": 0, ""C11"": 0, ""C12"": 0, ""C13"": 0, ""C14"": 0, ""C15"": 0, ""C16"": 1652, ""C17"": 0, ""C18"": 0, ""C19"": 0, ""C20"": 0}","{""C01"": 0.025271242033797076, ""C02"": 0.025271242033797076, ""C03"": 0.025271242033797076, ""C04"": 0.025271242033797076, ""C05"": 0.025271242033797076, ""C06"": 0.025271242033797076, ""C07"": 0.025271242033797076, ""C08"": 0.025271242033797076, ""C09"": 0.025271242033797076, ""C10"": 0.025271242033797076, ""C11"": 0.025271242033797076, ""C12"": 0.025271242033797076, ""C13"": 0.025271242033797076, ""C14"": 0.025271242033797076, ""C15"": 0.025271242033797076, ""C16"": 0.02431454233983186, ""C17"": 0.025271242033797076, ""C18"": 0.025271242033797076, ""C19"": 0.025271242033797076, ""C20"": 0.025271242033797076}"
4,4,1,177,0.961095,20,"{""C01"": 1.049526, ""C02"": 1.061621, ""C03"": 1.065774, ""C04"": 1.069438, ""C05"": 1.080296, ""C06"": 1.053344, ""C07"": 1.066894, ""C08"": 1.413636, ""C09"": 1.331471, ""C10"": 1.375461, ""C11"": 1.414322, ""C12"": 1.439184, ""C13"": 1.447761, ""C14"": 1.336675, ""C15"": 1.415047, ""C16"": 2.040347, ""C17"": 1.951104, ""C18"": 1.95509, ""C19"": 1.979836, ""C20"": 1.960564}","{""C01"": 0, ""C02"": 0, ""C03"": 0, ""C04"": 0, ""C05"": 0, ""C06"": 0, ""C07"": 0, ""C08"": 0, ""C09"": 0, ""C10"": 0, ""C11"": 0, ""C12"": 0, ""C13"": 0, ""C14"": 0, ""C15"": 0, ""C16"": 1648, ""C17"": 0, ""C18"": 0, ""C19"": 0, ""C20"": 0}","{""C01"": 0.02527733519200727, ""C02"": 0.02527733519200727, ""C03"": 0.02527733519200727, ""C04"": 0.02527733519200727, ""C05"": 0.02527733519200727, ""C06"": 0.02527733519200727, ""C07"": 0.02527733519200727, ""C08"": 0.02527733519200727, ""C09"": 0.02527733519200727, ""C10"": 0.02527733519200727, ""C11"": 0.02527733519200727, ""C12"": 0.02527733519200727, ""C13"": 0.02527733519200727, ""C14"": 0.02527733519200727, ""C15"": 0.02527733519200727, ""C16"": 0.02432295110853663, ""C17"": 0.02527733519200727, ""C18"": 0.02527733519200727, ""C19"": 0.02527733519200727, ""C20"": 0.02527733519200727}"
5,5,1,251,1.352770,20,"{""C01"": 1.057283, ""C02"": 1.06586, ""C03"": 1.068886, ""C04"": 1.074346, ""C05"": 1.089077, ""C06"": 1.061574, ""C07"": 1.069316, ""C08"": 1.434196, ""C09"": 1.355451, ""C10"": 1.398891, ""C11"": 1.433494, ""C12"": 1.452389, ""C13"": 1.456098, ""C14"": 1.360937, ""C15"": 1.433455, ""C16"": 2.056121, ""C17"": 1.970226, ""C18"": 1.981237, ""C19"": 2.01338, ""C20"": 1.98692}","{""C01"": 0, ""C02"": 0, ""C03"": 0, ""C04"": 0, ""C05"": 0, ""C06"": 0, ""C07"": 0, ""C08"": 0, ""C09"": 0, ""C10"": 0, ""C11"": 0, ""C12"": 0, ""C13"": 0, ""C14"": 0, ""C15"": 0, ""C16"": 1644, ""C17"": 0, ""C18"": 0, ""C19"": 0, ""C20"": 0}","{""C01"": 0.0252823742642298, ""C02"": 0.0252823742642298, ""C03"": 0.0252823742642298, ""C04"": 0.0252823742642298, ""C05"": 0.0252823742642298, ""C06"": 0.0252823742642298, ""C07"": 0.0252823742642298, ""C08"": 0.0252823742642298, ""C09"": 0.0252823742642298, ""C10"": 0.0252823742642298, ""C11"": 0.0252823742642298, ""C12"": 0.0252823742642298, ""C13"": 0.0252823742642298, ""C14"": 0.0252823742642298, ""C15"": 0.0252823742642298, ""C16"": 0.024330306667269458, ""C17"": 0.0252823742642298, ""C18"": 0.0252823742642298, ""C19"": 0.0252823742642298, ""C20"": 0.0252823742642298}"
6,6,1,426,2.375928,20,"{""C01"": 1.062953, ""C02"": 1.068722, ""C03"": 1.071678, ""C04"": 1.079837, ""C05"": 1.098768, ""C06"": 1.067606, ""C07"": 1.071342, ""C08"": 1.455294, ""C09"": 1.378648, ""C10"": 1.420082, ""C11"": 1.449517, ""C12"": 1.462515, ""C13"": 1.462369, ""C14"": 1.3843, ""C15"": 1.448659, ""C16"": 2.070663, ""C17"": 1.989727, ""C18"": 2.008321, ""C19"": 2.047106, ""C20"": 2.014109}","{""C01"": 0, ""C02"": 0, ""C03"": 0, ""C04"": 0, ""C05"": 0, ""C06"": 0, ""C07"": 0, ""C08"": 0, ""C09"": 0, ""C10"": 0, ""C11"": 0, ""C12"": 0, ""C13"": 0, ""C14"": 0, ""C15"": 0, ""C16"": 1640, ""C17"": 0, ""C18"": 0, ""C19"": 0, ""C20"": 0}","{""C01"": 0.02528677281370141, ""C02"": 0.02528677281370141, ""C03"": 0.02528677281370141, ""C04"": 0.02528677281370141, ""C05"": 0.02528677281370141, ""C06"": 0.02528677281370141, ""C07"": 0.02528677281370141, ""C08"": 0.02528677281370141, ""C09"": 0.02528677281370141, ""C10"": 0.02528677281370141, ""C11"": 0.02528677281370141, ""C12"": 0.02528677281370141, ""C13"": 0.02528677281370141, ""C14"": 0.02528677281370141, ""C15"": 0.02528677281370141, ""C16"": 0.024337022239478468, ""C17"": 0.02528677281370141, ""C18"": 0.02528677281370141, ""C19"": 0.02528677281370141, ""C20"": 0.02528677281370141}"
7,7,1,137,0.757457,20,"{""C01"": 1.066769, ""C02"": 1.070614, ""C03"": 1.074559, ""C04"": 1.086153, ""C05"": 1.109351, ""C06"": 1.071659, ""C07"": 1.073422, ""C08"": 1.476594, ""C09"": 1.400593, ""C10"": 1.438689, ""C11"": 1.462371, ""C12"": 1.469906, ""C13"": 1.467158, ""C14"": 1.406292, ""C15"": 1.460675, ""C16"": 2.084755, ""C17"": 2.01008, ""C18"": 2.036345, ""C19"": 2.080604, ""C20"": 2.04213}","{""C01"": 0, ""C02"": 0, ""C03"": 0, ""C04"": 0, ""C05"": 0, ""C06"": 0, ""C07"": 0, ""C08"": 0, ""C09"": 0, ""C10"": 0, ""C11"": 0, ""C12"": 0, ""C13"": 0, ""C14"": 0, ""C15"": 0, ""C16"": 865, ""C17"": 0, ""C18"": 0, ""C19"": 773, ""C20"": 0}","{""C01"": 0.02529117210326022, ""C02"": 0.02529117210326022, ""C03"": 0.02529117210326022, ""C04"": 0.02529117210326022, ""C05"": 0.02529117210326022, ""C06"": 0.02529117210326022, ""C07"": 0.02529117210326022, ""C08"": 0.02529117210326022, ""C09"": 0.02529117210326022, ""C10"": 0.02529117210326022, ""C11"": 0.02529117210326022, ""C12"": 0.02529117210326022, ""C13"": 0.02529117210326022, ""C14"": 0.02529117210326022, ""C15"": 0.02529117210326022, ""C16"": 0.024790238178733805, ""C17"": 0.02529117210326022, ""C18"": 0.02529117210326022, ""C19"": 0.02484351421261726, ""C20"": 0.02529117210326022}"
8,8,1,815,4.576746,20,"{""C01"": 1.069035, ""C02"": 1.071962, ""C03"": 1.077894, ""C04"": 1.093447, ""C05"": 1.120712, ""C06"": 1.07403, ""C07"": 1.075963, ""C08"": 1.497676, ""C09"": 1.42083, ""C10"": 1.454462, ""C11"": 1.472161, ""C12"": 1.475009, ""C13"": 1.471073, ""C14"": 1.426455, ""C15"": 1.469644, ""C16"": 2.099094, ""C17"": 2.031592, ""C18"": 2.065138, ""C19"": 2.113362, ""C20"": 2.070812}","{""C01"": 0, ""C02"": 0, ""C03"": 0, ""C04"": 0, ""C05"": 0, ""C06"": 0, ""C07"": 0, ""C08"": 0, ""C09"": 0, ""C10"": 0, ""C11"": 0, ""C12"": 0, ""C13"": 0, ""C14"": 0, ""C15"": 0, ""C16"": 0, ""C17"": 0, ""C18"": 0, ""C19"": 1630, ""C20"": 0}","{""C01"": 0.025300348370144693, ""C02"": 0.025300348370144693, ""C03"": 0.025300348370144693, ""C04"": 0.025300348370144693, ""C05"": 0.025300348370144693, ""C06"": 0.025300348370144693, ""C07"": 0.025300348370144693, ""C08"": 0.025300348370144693, ""C09"": 0.025300348370144693, ""C10"": 0.025300348370144693, ""C11"": 0.025300348370144693, ""C12"": 0.025300348370144693, ""C13"": 0.025300348370144693, ""C14"": 0.025300348370144693, ""C15"": 0.025300348370144693, ""C16"": 0.025300348370144693, ""C17"": 0.025300348370144693, ""C18"": 0.025300348370144693, ""C19"": 0.024356388183735568, ""C20"": 0.025300348370144693}"
9,9,1,341,1.853236,20,"{""C01"": 1.070119, ""C02"": 1.073188, ""C03"": 1.081982, ""C04"": 1.101769, ""C05"": 1.132651, ""C06"": 1.075082, ""C07"": 1.079306, ""C08"": 1.518075, ""C09"": 1.438943, ""C10"": 1.467263, ""C11"": 1.479123, ""C12"": 1.47835, ""C13"": 1.474714, ""C14"": 1.444375, ""C15"": 1.475838, ""C16"": 2.114251, ""C17"": 2.054387, ""C18"": 2.094373, ""C19"": 2.144807, ""C20"": 2.099832}","{""C01"": 0, ""C02"": 0, ""C03"": 0, ""C04"": 0, ""C05"": 0, ""C06"": 0, ""C07"": 0, ""C08"": 0, ""C09"": 0, ""C10"": 0, ""C11"": 0, ""C12"": 0, ""C13"": 0, ""C14"": 0, ""C15"": 0, ""C16"": 0, ""C17"": 0, ""C18"": 0, ""C19"": 1622, ""C20"": 0}","{""C01"": 0.02530965041970548, ""C02"": 0.02530965041970548, ""C03"": 0.02530965041970548, ""C04"": 0.02530965041970548, ""C05"": 0.02530965041970548, ""C06"": 0.02530965041970548, ""C07"": 0.02530965041970548, ""C08"": 0.02530965041970548, ""C09"": 0.02530965041970548, ""C10"": 0.02530965041970548, ""C11"": 0.02530965041970548, ""C12"": 0.02530965041970548, ""C13"": 0.02530965041970548, ""C14"": 0.02530965041970548, ""C15"": 0.02530965041970548, ""C16"": 0.02530965041970548, ""C17"": 0.02530965041970548, ""C18"": 0.02530965041970548, ""C19"": 0.02437032385406926, ""C20"": 0.02530965041970548}"
10,10,1,251,1.371243,20,"{""C01"": 1.070423, ""C02"": 1.074688, ""C03"": 1.08704, ""C04"": 1.111076, ""C05"": 1.144897, ""C06"": 1.075219, ""C07"": 1.083708, ""C08"": 1.537307, ""C09"": 1.454592, ""C10"": 1.477084, ""C11"": 1.48361, ""C12"": 1.480507, ""C13"": 1.478642, ""C14"": 1.459717, ""C15"": 1.479645, ""C16"": 2.130644, ""C17"": 2.078411, ""C18"": 2.123593, ""C19"": 2.174346, ""C20"": 2.128736}","{""C01"": 0, ""C02"": 0, ""C03"": 0, ""C04"": 0, ""C05"": 0, ""C06"": 0, ""C07"": 0, ""C08"": 0, ""C09"": 0, ""C10"": 0, ""C11"": 0, ""C12"": 0, ""C13"": 0, ""C14"": 0, ""C15"": 0, ""C16"": 0, ""C17"": 0, ""C18"": 0, ""C19"": 1615, ""C20"": 0}","{""C01"": 0.025318445043657864, ""C02"": 0.025318445043657864, ""C03"": 0.025318445043657864, ""C04"": 0.025318445043657864, ""C05"": 0.025318445043657864, ""C06"": 0.025318445043657864, ""C07"": 0.025318445043657864, ""C08"": 0.025318445043657864, ""C09"": 0.025318445043657864, ""C10"": 0.025318445043657864, ""C11"": 0.025318445043657864, ""C12"": 0.025318445043657864, ""C13"": 0.025318445043657864, ""C14"": 0.025318445043657864, ""C15"": 0.025318445043657864, ""C16"": 0.025318445043657864, ""C17"": 0.025318445043657864, ""C18"": 0.025318445043657864, ""C19"": 0.024383172339944883, ""C20"": 0.025318445043657864}"
11,11,1,256,1.423555,20,"{""C01"": 1.070369, ""C02"": 1.076807, ""C03"": 1.093193, ""C04"": 1.121226, ""C05"": 1.157128, ""C06"": 1.074868, ""C07"": 1.089327, ""C08"": 1.554909, ""C09"": 1.467536, ""C10"": 1.484044, ""C11"": 1.486074, ""C12"": 1.482079, ""C13"": 1.483343, ""C14"": 1.47225, ""C15"": 1.481546, ""C16"": 2.148523, ""C17"": 2.103438, ""C18"": 2.15225, ""C19"": 2.20141, ""C20"": 2.156985}","{""C01"": 0, ""C02"": 0, ""C03"": 0, ""C04"": 0, ""C05"": 0, ""C06"": 0, ""C07"": 0, ""C08"": 0, ""C09"": 0, ""C10"": 0, ""C11"": 0, ""C12"": 0, ""C13"": 0, ""C14"": 0, ""C15"": 0, ""C16"": 0, ""C17"": 0, ""C18"": 0, ""C19"": 1609, ""C20"": 0}","{""C01"": 0.025326542909727398, ""C02"": 0.025326542909727398, ""C03"": 0.025326542909727398, ""C04"": 0.025326542909727398, ""C05"": 0.025326542909727398, ""C06"": 0.025326542909727398, ""C07"": 0.025326542909727398, ""C08"": 0.025326542909727398, ""C09"": 0.025326542909727398, ""C10"": 0.025326542909727398, ""C11"": 0.025326542909727398, ""C12"": 0.025326542909727398, ""C13"": 0.025326542909727398, ""C14"": 0.025326542909727398, ""C15"": 0.025326542909727398, ""C16"": 0.025326542909727398, ""C17"": 0.025326542909727398, ""C18"": 0.025326542909727398, ""C19"": 0.024394744463348602, ""C20"": 0.025326542909727398}"
12,12,1,271,1.474258,20,"{""C01"": 1.070367, ""C02"": 1.079823, ""C03"": 1.100468, ""C04"": 1.131998, ""C05"": 1.168991, ""C06"": 1.074451, ""C07"": 1.09622, ""C08"": 1.570467, ""C09"": 1.477651, ""C10"": 1.488392, ""C11"": 1.487044, ""C12"": 1.483647, ""C13"": 1.489206, ""C14"": 1.481862, ""C15"": 1.482094, ""C16"": 2.167956, ""C17"": 2.129092, ""C18"": 2.179744, ""C19"": 2.225496, ""C20"": 2.183986}","{""C01"": 0, ""C02"": 0, ""C03"": 0, ""C04"": 0, ""C05"": 0, ""C06"": 0, ""C07"": 0, ""C08"": 0, ""C09"": 0, ""C10"": 0, ""C11"": 0, ""C12"": 0, ""C13"": 0, ""C14"": 0, ""C15"": 0, ""C16"": 0, ""C17"": 0, ""C18"": 0, ""C19"": 1603, ""C20"": 0}","{""C01"": 0.025333209800409914, ""C02"": 0.025333209800409914, ""C03"": 0.025333209800409914, ""C04"": 0.025333209800409914, ""C05"": 0.025333209800409914, ""C06"": 0.025333209800409914, ""C07"": 0.025333209800409914, ""C08"": 0.025333209800409914, ""C09"": 0.025333209800409914, ""C10"": 0.025333209800409914, ""C11"": 0.025333209800409914, ""C12"": 0.025333209800409914, ""C13"": 0.025333209800409914, ""C14"": 0.025333209800409914, ""C15"": 0.025333209800409914, ""C16"": 0.025333209800409914, ""C17"": 0.025333209800409914, ""C18"": 0.025333209800409914, ""C19"": 0.024404886835771043, ""C20"": 0.025333209800409914}"
13,13,1,288,1.591814,20,"{""C01"": 1.070799, ""C02"": 1.083927, ""C03"": 1.108791, ""C04"": 1.143102, ""C05"": 1.18013, ""C06"": 1.074363, ""C07"": 1.104331, ""C08"": 1.583647, ""C09"": 1.484942, ""C10"": 1.490492, ""C11"": 1.487093, ""C12"": 1.48575, ""C13"": 1.496501, ""C14"": 1.488571, ""C15"": 1.481882, ""C16"": 2.188836, ""C17"": 2.154878, ""C18"": 2.205464, ""C19"": 2.246208, ""C20"": 2.209141}","{""C01"": 0, ""C02"": 0, ""C03"": 0, ""C04"": 0, ""C05"": 0, ""C06"": 0, ""C07"": 0, ""C08"": 0, ""C09"": 0, ""C10"": 0, ""C11"": 0, ""C12"": 0, ""C13"": 0, ""C14"": 0, ""C15"": 0, ""C16"": 0, ""C17"": 0, ""C18"": 0, ""C19"": 1599, ""C20"": 0}","{""C01"": 0.02533950148380694, ""C02"": 0.02533950148380694, ""C03"": 0.02533950148380694, ""C04"": 0.02533950148380694, ""C05"": 0.02533950148380694, ""C06"": 0.02533950148380694, ""C07"": 0.02533950148380694, ""C08"": 0.02533950148380694, ""C09"": 0.02533950148380694, ""C10"": 0.02533950148380694, ""C11"": 0.02533950148380694, ""C12"": 0.02533950148380694, ""C13"": 0.02533950148380694, ""C14"": 0.02533950148380694, ""C15"": 0.02533950148380694, ""C16"": 0.02533950148380694, ""C17"": 0.02533950148380694, ""C18"": 0.02533950148380694, ""C19"": 0.02441349391667681, ""C20"": 0.02533950148380694}"
14,14,1,389,2.142653,20,"{""C01"": 1.071992, ""C02"": 1.08922, ""C03"": 1.118, ""C04"": 1.154202, ""C05"": 1.190206, ""C06"": 1.074952, ""C07"": 1.113511, ""C08"": 1.594222, ""C09"": 1.489547, ""C10"": 1.490805, ""C11"": 1.486809, ""C12"": 1.488847, ""C13"": 1.505365, ""C14"": 1.492533, ""C15"": 1.481509, ""C16"": 2.210887, ""C17"": 2.180216, ""C18"": 2.228833, ""C19"": 2.26328, ""C20"": 2.231884}","{""C01"": 0, ""C02"": 0, ""C03"": 0, ""C04"": 0, ""C05"": 0, ""C06"": 0, ""C07"": 0, ""C08"": 0, ""C09"": 0, ""C10"": 0, ""C11"": 0, ""C12"": 0, ""C13"": 0, ""C14"": 0, ""C15"": 0, ""C16"": 0, ""C17"": 0, ""C18"": 0, ""C19"": 1595, ""C20"": 0}","{""C01"": 0.02534420094570594, ""C02"": 0.02534420094570594, ""C03"": 0.02534420094570594, ""C04"": 0.02534420094570594, ""C05"": 0.02534420094570594, ""C06"": 0.02534420094570594, ""C07"": 0.02534420094570594, ""C08"": 0.02534420094570594, ""C09"": 0.02534420094570594, ""C10"": 0.02534420094570594, ""C11"": 0.02534420094570594, ""C12"": 0.02534420094570594, ""C13"": 0.02534420094570594, ""C14"": 0.02534420094570594, ""C15"": 0.02534420094570594, ""C16"": 0.02534420094570594, ""C17"": 0.02534420094570594, ""C18"": 0.02534420094570594, ""C19"": 0.02442051014574115, ""C20"": 0.02534420094570594}"
15,15,1,459,2.628664,20,"{""C01"": 1.074202, ""C02"": 1.095702, ""C03"": 1.127853, ""C04"": 1.164938, ""C05"": 1.198924, ""C06"": 1.076494, ""C07"": 1.123518, ""C08"": 1.602083, ""C09"": 1.491729, ""C10"": 1.489859, ""C11"": 1.48676, ""C12"": 1.493294, ""C13"": 1.515796, ""C14"": 1.494029, ""C15"": 1.481547, ""C16"": 2.23369, ""C17"": 2.204483, ""C18"": 2.249353, ""C19"": 2.276604, ""C20"": 2.251733}","{""C01"": 0, ""C02"": 0, ""C03"": 0, ""C04"": 0, ""C05"": 0, ""C06"": 0, ""C07"": 0, ""C08"": 0, ""C09"": 0, ""C10"": 0, ""C11"": 0, ""C12"": 0, ""C13"": 0, ""C14"": 0, ""C15"": 0, ""C16"": 0, ""C17"": 0, ""C18"": 0, ""C19"": 1592, ""C20"": 0}","{""C01"": 0.025347891212448417, ""C02"": 0.025347891212448417, ""C03"": 0.025347891212448417, ""C04"": 0.025347891212448417, ""C05"": 0.025347891212448417, ""C06"": 0.025347891212448417, ""C07"": 0.025347891212448417, ""C08"": 0.025347891212448417, ""C09"": 0.025347891212448417, ""C10"": 0.025347891212448417, ""C11"": 0.025347891212448417, ""C12"": 0.025347891212448417, ""C13"": 0.025347891212448417, ""C14"": 0.025347891212448417, ""C15"": 0.025347891212448417, ""C16"": 0.025347891212448417, ""C17"": 0.025347891212448417, ""C18"": 0.025347891212448417, ""C19"": 0.024425937844711372, ""C20"": 0.025347891212448417}"
16,16,1,606,3.332909,20,"{""C01"": 1.077599, ""C02"": 1.103278, ""C03"": 1.138043, ""C04"": 1.17495, ""C05"": 1.206047, ""C06"": 1.079184, ""C07"": 1.134038, ""C08"": 1.607254, ""C09"": 1.491864, ""C10"": 1.488227, ""C11"": 1.487459, ""C12"": 1.499328, ""C13"": 1.527659, ""C14"": 1.493455, ""C15"": 1.482504, ""C16"": 2.256716, ""C17"": 2.227058, ""C18"": 2.266635, ""C19"": 2.286239, ""C20"": 2.268312}","{""C01"": 0, ""C02"": 0, ""C03"": 0, ""C04"": 0, ""C05"": 0, ""C06"": 0, ""C07"": 0, ""C08"": 0, ""C09"": 0, ""C10"": 0, ""C11"": 0, ""C12"": 0, ""C13"": 0, ""C14"": 0, ""C15"": 0, ""C16"": 0, ""C17"": 0, ""C18"": 0, ""C19"": 1590, ""C20"": 0}","{""C01"": 0.025350632159017047, ""C02"": 0.025350632159017047, ""C03"": 0.025350632159017047, ""C04"": 0.025350632159017047, ""C05"": 0.025350632159017047, ""C06"": 0.025350632159017047, ""C07"": 0.025350632159017047, ""C08"": 0.025350632159017047, ""C09"": 0.025350632159017047, ""C10"": 0.025350632159017047, ""C11"": 0.025350632159017047, ""C12"": 0.025350632159017047, ""C13"": 0.025350632159017047, ""C14"": 0.025350632159017047, ""C15"": 0.025350632159017047, ""C16"": 0.025350632159017047, ""C17"": 0.025350632159017047, ""C18"": 0.025350632159017047, ""C19"": 0.02442983683570799, ""C20"": 0.025350632159017047}"
17,17,1,1112,7.445112,20,"{""C01"": 1.082256, ""C02"": 1.111761, ""C03"": 1.148223, ""C04"": 1.1839, ""C05"": 1.211419, ""C06"": 1.08312, ""C07"": 1.144706, ""C08"": 1.609889, ""C09"": 1.49042, ""C10"": 1.486485, ""C11"": 1.489341, ""C12"": 1.50705, ""C13"": 1.540691, ""C14"": 1.491299, ""C15"": 1.484805, ""C16"": 2.279359, ""C17"": 2.247364, ""C18"": 2.28043, ""C19"": 2.292412, ""C20"": 2.28139}","{""C01"": 0, ""C02"": 0, ""C03"": 0, ""C04"": 0, ""C05"": 0, ""C06"": 0, ""C07"": 0, ""C08"": 0, ""C09"": 0, ""C10"": 0, ""C11"": 0, ""C12"": 0, ""C13"": 0, ""C14"": 0, ""C15"": 0, ""C16"": 0, ""C17"": 0, ""C18"": 0, ""C19"": 1588, ""C20"": 0}","{""C01"": 0.025351959412826156, ""C02"": 0.025351959412826156, ""C03"": 0.025351959412826156, ""C04"": 0.025351959412826156, ""C05"": 0.025351959412826156, ""C06"": 0.025351959412826156, ""C07"": 0.025351959412826156, ""C08"": 0.025351959412826156, ""C09"": 0.025351959412826156, ""C10"": 0.025351959412826156, ""C11"": 0.025351959412826156, ""C12"": 0.025351959412826156, ""C13"": 0.025351959412826156, ""C14"": 0.025351959412826156, ""C15"": 0.025351959412826156, ""C16"": 0.025351959412826156, ""C17"": 0.025351959412826156, ""C18"": 0.025351959412826156, ""C19"": 0.02443232336126558, ""C20"": 0.025351959412826156}"
18,18,1,809,4.459778,20,"{""C01"": 1.088152, ""C02"": 1.120892, ""C03"": 1.158027, ""C04"": 1.191499, ""C05"": 1.214972, ""C06"": 1.088308, ""C07"": 1.155131, ""C08"": 1.610268, ""C09"": 1.487931, ""C10"": 1.485187, ""C11"": 1.492731, ""C12"": 1.516423, ""C13"": 1.554526, ""C14"": 1.488116, ""C15"": 1.488756, ""C16"": 2.300981, ""C17"": 2.264907, ""C18"": 2.290649, ""C19"": 2.295507, ""C20"": 2.290892}","{""C01"": 0, ""C02"": 0, ""C03"": 0, ""C04"": 0, ""C05"": 0, ""C06"": 0, ""C07"": 0, ""C08"": 0, ""C09"": 0, ""C10"": 0, ""C11"": 0, ""C12"": 0, ""C13"": 0, ""C14"": 0, ""C15"": 0, ""C16"": 1167, ""C17"": 0, ""C18"": 0, ""C19"": 420, ""C20"": 0}","{""C01"": 0.0253542386887967, ""C02"": 0.0253542386887967, ""C03"": 0.0253542386887967, ""C04"": 0.0253542386887967, ""C05"": 0.0253542386887967, ""C06"": 0.0253542386887967, ""C07"": 0.0253542386887967, ""C08"": 0.0253542386887967, ""C09"": 0.0253542386887967, ""C10"": 0.0253542386887967, ""C11"": 0.0253542386887967, ""C12"": 0.0253542386887967, ""C13"": 0.0253542386887967, ""C14"": 0.0253542386887967, ""C15"": 0.0253542386887967, ""C16"": 0.024678411599129722, ""C17"": 0.0253542386887967, ""C18"": 0.0253542386887967, ""C19"": 0.025111009481439274, ""C20"": 0.0253542386887967}"
19,19,1,438,2.856033,20,"{""C01"": 1.095167, ""C02"": 1.130349, ""C03"": 1.167093, ""C04"": 1.197523, ""C05"": 1.216734, ""C06"": 1.094651, ""C07"": 1.164918, ""C08"": 1.608781, ""C09"": 1.484965, ""C10"": 1.484825, ""C11"": 1.497833, ""C12"": 1.527278, ""C13"": 1.568718, ""C14"": 1.484494, ""C15"": 1.494537, ""C16"": 2.320952, ""C17"": 2.279312, ""C18"": 2.297374, ""C19"": 2.29605, ""C20"": 2.296917}","{""C01"": 0, ""C02"": 0, ""C03"": 0, ""C04"": 0, ""C05"": 0, ""C06"": 0, ""C07"": 0, ""C08"": 0, ""C09"": 0, ""C10"": 0, ""C11"": 0, ""C12"": 0, ""C13"": 0, ""C14"": 0, ""C15"": 0, ""C16"": 1582, ""C17"": 0, ""C18"": 0, ""C19"": 0, ""C20"": 0}","{""C01"": 0.025359868440583994, ""C02"": 0.025359868440583994, ""C03"": 0.025359868440583994, ""C04"": 0.025359868440583994, ""C05"": 0.025359868440583994, ""C06"": 0.025359868440583994, ""C07"": 0.025359868440583994, ""C08"": 0.025359868440583994, ""C09"": 0.025359868440583994, ""C10"": 0.025359868440583994, ""C11"": 0.025359868440583994, ""C12"": 0.025359868440583994, ""C13"": 0.025359868440583994, ""C14"": 0.025359868440583994, ""C15"": 0.025359868440583994, ""C16"": 0.024443706794052746, ""C17"": 0.025359868440583994, ""C18"": 0.025359868440583994, ""C19"": 0.025359868440583994, ""C20"": 0.025359868440583994}"
20,20,1,313,1.724158,20,"{""C01"": 1.103096, ""C02"": 1.139777, ""C03"": 1.175087, ""C04"": 1.201826, ""C05"": 1.216825, ""C06"": 1.101971, ""C07"": 1.173694, ""C08"": 1.605906, ""C09"": 1.482091, ""C10"": 1.485808, ""C11"": 1.504714, ""C12"": 1.539325, ""C13"": 1.582768, ""C14"": 1.481021, ""C15"": 1.502185, ""C16"": 2.338698, ""C17"": 2.29035, ""C18"": 2.300853, ""C19"": 2.294672, ""C20"": 2.299729}","{""C01"": 0, ""C02"": 0, ""C03"": 0, ""C04"": 0, ""C05"": 0, ""C06"": 0, ""C07"": 0, ""C08"": 0, ""C09"": 0, ""C10"": 0, ""C11"": 0, ""C12"": 0, ""C13"": 0, ""C14"": 0, ""C15"": 0, ""C16"": 1578, ""C17"": 0, ""C18"": 0, ""C19"": 0, ""C20"": 0}","{""C01"": 0.025364537260269604, ""C02"": 0.025364537260269604, ""C03"": 0.025364537260269604, ""C04"": 0.025364537260269604, ""C05"": 0.025364537260269604, ""C06"": 0.025364537260269604, ""C07"": 0.025364537260269604, ""C08"": 0.025364537260269604, ""C09"": 0.025364537260269604, ""C10"": 0.025364537260269604, ""C11"": 0.025364537260269604, ""C12"": 0.025364537260269604, ""C13"": 0.025364537260269604, ""C14"": 0.025364537260269604, ""C15"": 0.025364537260269604, ""C16"": 0.02445069240926684, ""C17"": 0.025364537260269604, ""C18"": 0.025364537260269604, ""C19"": 0.025364537260269604, ""C20"": 0.025364537260269604}"
21,21,1,230,1.255927,20,"{""C01"": 1.11166, ""C02"": 1.148803, ""C03"": 1.181728, ""C04"": 1.204358, ""C05"": 1.215455, ""C06"": 1.110009, ""C07"": 1.181139, ""C08"": 1.602178, ""C09"": 1.479845, ""C10"": 1.488431, ""C11"": 1.513304, ""C12"": 1.552172, ""C13"": 1.596161, ""C14"": 1.47825, ""C15"": 1.511595, ""C16"": 2.353737, ""C17"": 2.297957, ""C18"": 2.30149, ""C19"": 2.292081, ""C20"": 2.299747}","{""C01"": 0, ""C02"": 0, ""C03"": 0, ""C04"": 0, ""C05"": 0, ""C06"": 0, ""C07"": 0, ""C08"": 0, ""C09"": 0, ""C10"": 0, ""C11"": 0, ""C12"": 0, ""C13"": 0, ""C14"": 0, ""C15"": 0, ""C16"": 1575, ""C17"": 0, ""C18"": 0, ""C19"": 0, ""C20"": 0}","{""C01"": 0.02536866599885987, ""C02"": 0.02536866599885987, ""C03"": 0.02536866599885987, ""C04"": 0.02536866599885987, ""C05"": 0.02536866599885987, ""C06"": 0.02536866599885987, ""C07"": 0.02536866599885987, ""C08"": 0.02536866599885987, ""C09"": 0.02536866599885987, ""C10"": 0.02536866599885987, ""C11"": 0.02536866599885987, ""C12"": 0.02536866599885987, ""C13"": 0.02536866599885987, ""C14"": 0.02536866599885987, ""C15"": 0.02536866599885987, ""C16"": 0.024456558195301438, ""C17"": 0.02536866599885987, ""C18"": 0.02536866599885987, ""C19"": 0.02536866599885987, ""C20"": 0.02536866599885987}"
22,22,1,195,1.055494,20,"{""C01"": 1.120528, ""C02"": 1.157066, ""C03"": 1.186803, ""C04"": 1.20516, ""C05"": 1.212908, ""C06"": 1.118454, ""C07"": 1.186995, ""C08"": 1.598164, ""C09"": 1.478702, ""C10"": 1.492866, ""C11"": 1.523402, ""C12"": 1.565354, ""C13"": 1.608398, ""C14"": 1.476671, ""C15"": 1.522532, ""C16"": 2.365711, ""C17"": 2.302237, ""C18"": 2.299824, ""C19"": 2.289015, ""C20"": 2.297523}","{""C01"": 0, ""C02"": 0, ""C03"": 0, ""C04"": 0, ""C05"": 0, ""C06"": 0, ""C07"": 0, ""C08"": 0, ""C09"": 0, ""C10"": 0, ""C11"": 0, ""C12"": 0, ""C13"": 0, ""C14"": 0, ""C15"": 0, ""C16"": 1573, ""C17"": 0, ""C18"": 0, ""C19"": 0, ""C20"": 0}","{""C01"": 0.025372143812349937, ""C02"": 0.025372143812349937, ""C03"": 0.025372143812349937, ""C04"": 0.025372143812349937, ""C05"": 0.025372143812349937, ""C06"": 0.025372143812349937, ""C07"": 0.025372143812349937, ""C08"": 0.025372143812349937, ""C09"": 0.025372143812349937, ""C10"": 0.025372143812349937, ""C11"": 0.025372143812349937, ""C12"": 0.025372143812349937, ""C13"": 0.025372143812349937, ""C14"": 0.025372143812349937, ""C15"": 0.025372143812349937, ""C16"": 0.024461193402710472, ""C17"": 0.025372143812349937, ""C18"": 0.025372143812349937, ""C19"": 0.025372143812349937, ""C20"": 0.025372143812349937}"
23,23,1,174,0.959995,20,"{""C01"": 1.129334, ""C02"": 1.16424, ""C03"": 1.190183, ""C04"": 1.204368, ""C05"": 1.20953, ""C06"": 1.126955, ""C07"": 1.191094, ""C08"": 1.594423, ""C09"": 1.479041, ""C10"": 1.499147, ""C11"": 1.534692, ""C12"": 1.578363, ""C13"": 1.619029, ""C14"": 1.476676, ""C15"": 1.534641, ""C16"": 2.374414, ""C17"": 2.303461, ""C18"": 2.296497, ""C19"": 2.286203, ""C20"": 2.293712}","{""C01"": 0, ""C02"": 0, ""C03"": 0, ""C04"": 0, ""C05"": 0, ""C06"": 0, ""C07"": 0, ""C08"": 0, ""C09"": 0, ""C10"": 0, ""C11"": 0, ""C12"": 0, ""C13"": 0, ""C14"": 0, ""C15"": 0, ""C16"": 1571, ""C17"": 0, ""C18"": 0, ""C19"": 0, ""C20"": 0}","{""C01"": 0.025374334875660223, ""C02"": 0.025374334875660223, ""C03"": 0.025374334875660223, ""C04"": 0.025374334875660223, ""C05"": 0.025374334875660223, ""C06"": 0.025374334875660223, ""C07"": 0.025374334875660223, ""C08"": 0.025374334875660223, ""C09"": 0.025374334875660223, ""C10"": 0.025374334875660223, ""C11"": 0.025374334875660223, ""C12"": 0.025374334875660223, ""C13"": 0.025374334875660223, ""C14"": 0.025374334875660223, ""C15"": 0.025374334875660223, ""C16"": 0.024464542988389928, ""C17"": 0.025374334875660223, ""C18"": 0.025374334875660223, ""C19"": 0.025374334875660223, ""C20"": 0.025374334875660223}"
24,24,1,162,1.553449,20,"{""C01"": 1.137705, ""C02"": 1.170051, ""C03"": 1.191831, ""C04"": 1.202206, ""C05"": 1.205705, ""C06"": 1.135149, ""C07"": 1.19336, ""C08"": 1.591477, ""C09"": 1.481132, ""C10"": 1.507173, ""C11"": 1.546759, ""C12"": 1.590678, ""C13"": 1.627681, ""C14"": 1.478545, ""C15"": 1.547473, ""C16"": 2.379807, ""C17"": 2.302056, ""C18"": 2.292216, ""C19"": 2.284322, ""C20"": 2.289032}","{""C01"": 0, ""C02"": 0, ""C03"": 0, ""C04"": 0, ""C05"": 0, ""C06"": 0, ""C07"": 0, ""C08"": 0, ""C09"": 0, ""C10"": 0, ""C11"": 0, ""C12"": 0, ""C13"": 0, ""C14"": 0, ""C15"": 0, ""C16"": 1570, ""C17"": 0, ""C18"": 0, ""C19"": 0, ""C20"": 0}","{""C01"": 0.025375823525904756, ""C02"": 0.025375823525904756, ""C03"": 0.025375823525904756, ""C04"": 0.025375823525904756, ""C05"": 0.025375823525904756, ""C06"": 0.025375823525904756, ""C07"": 0.025375823525904756, ""C08"": 0.025375823525904756, ""C09"": 0.025375823525904756, ""C10"": 0.025375823525904756, ""C11"": 0.025375823525904756, ""C12"": 0.025375823525904756, ""C13"": 0.025375823525904756, ""C14"": 0.025375823525904756, ""C15"": 0.025375823525904756, ""C16"": 0.02446661055422574, ""C17"": 0.025375823525904756, ""C18"": 0.025375823525904756, ""C19"": 0.025375823525904756, ""C20"": 0.025375823525904756}"
25,25,1,152,1.303774,20,"{""C01"": 1.14528, ""C02"": 1.1743, ""C03"": 1.191805, ""C04"": 1.19897, ""C05"": 1.20183, ""C06"": 1.142683, ""C07"": 1.193819, ""C08"": 1.589778, ""C09"": 1.485113, ""C10"": 1.516714, ""C11"": 1.559124, ""C12"": 1.601803, ""C13"": 1.634086, ""C14"": 1.482421, ""C15"": 1.560514, ""C16"": 2.382019, ""C17"": 2.298574, ""C18"": 2.287715, ""C19"": 2.283953, ""C20"": 2.284227}","{""C01"": 0, ""C02"": 0, ""C03"": 0, ""C04"": 0, ""C05"": 0, ""C06"": 0, ""C07"": 0, ""C08"": 0, ""C09"": 0, ""C10"": 0, ""C11"": 0, ""C12"": 0, ""C13"": 0, ""C14"": 0, ""C15"": 0, ""C16"": 1569, ""C17"": 0, ""C18"": 0, ""C19"": 0, ""C20"": 0}","{""C01"": 0.025376089680201233, ""C02"": 0.025376089680201233, ""C03"": 0.025376089680201233, ""C04"": 0.025376089680201233, ""C05"": 0.025376089680201233, ""C06"": 0.025376089680201233, ""C07"": 0.025376089680201233, ""C08"": 0.025376089680201233, ""C09"": 0.025376089680201233, ""C10"": 0.025376089680201233, ""C11"": 0.025376089680201233, ""C12"": 0.025376089680201233, ""C13"": 0.025376089680201233, ""C14"": 0.025376089680201233, ""C15"": 0.025376089680201233, ""C16"": 0.024467456699826022, ""C17"": 0.025376089680201233, ""C18"": 0.025376089680201233, ""C19"": 0.025376089680201233, ""C20"": 0.025376089680201233}"
26,26,1,146,0.807442,20,"{""C01"": 1.15174, ""C02"": 1.176872, ""C03"": 1.190259, ""C04"": 1.19501, ""C05"": 1.198298, ""C06"": 1.149238, ""C07"": 1.192599, ""C08"": 1.589682, ""C09"": 1.490988, ""C10"": 1.527427, ""C11"": 1.571267, ""C12"": 1.611297, ""C13"": 1.638096, ""C14"": 1.488312, ""C15"": 1.573215, ""C16"": 2.381348, ""C17"": 2.293668, ""C18"": 2.283706, ""C19"": 2.285556, ""C20"": 2.280014}","{""C01"": 0, ""C02"": 0, ""C03"": 0, ""C04"": 0, ""C05"": 0, ""C06"": 0, ""C07"": 0, ""C08"": 0, ""C09"": 0, ""C10"": 0, ""C11"": 0, ""C12"": 0, ""C13"": 0, ""C14"": 0, ""C15"": 0, ""C16"": 1569, ""C17"": 0, ""C18"": 0, ""C19"": 0, ""C20"": 0}","{""C01"": 0.025375832804972187, ""C02"": 0.025375832804972187, ""C03"": 0.025375832804972187, ""C04"": 0.025375832804972187, ""C05"": 0.025375832804972187, ""C06"": 0.025375832804972187, ""C07"": 0.025375832804972187, ""C08"": 0.025375832804972187, ""C09"": 0.025375832804972187, ""C10"": 0.025375832804972187, ""C11"": 0.025375832804972187, ""C12"": 0.025375832804972187, ""C13"": 0.025375832804972187, ""C14"": 0.025375832804972187, ""C15"": 0.025375832804972187, ""C16"": 0.024467200050695075, ""C17"": 0.025375832804972187, ""C18"": 0.025375832804972187, ""C19"": 0.025375832804972187, ""C20"": 0.025375832804972187}"
27,27,1,144,0.793287,20,"{""C01"": 1.156824, ""C02"": 1.177749, ""C03"": 1.187427, ""C04"": 1.190714, ""C05"": 1.195469, ""C06"": 1.154551, ""C07"": 1.189918, ""C08"": 1.59143, ""C09"": 1.498624, ""C10"": 1.538879, ""C11"": 1.582668, ""C12"": 1.618803, ""C13"": 1.639695, ""C14"": 1.496085, ""C15"": 1.585031, ""C16"": 2.378241, ""C17"": 2.288045, ""C18"": 2.280845, ""C19"": 2.289434, ""C20"": 2.277054}","{""C01"": 0, ""C02"": 0, ""C03"": 0, ""C04"": 0, ""C05"": 0, ""C06"": 0, ""C07"": 0, ""C08"": 0, ""C09"": 0, ""C10"": 0, ""C11"": 0, ""C12"": 0, ""C13"": 0, ""C14"": 0, ""C15"": 0, ""C16"": 1570, ""C17"": 0, ""C18"": 0, ""C19"": 0, ""C20"": 0}","{""C01"": 0.02537522321970534, ""C02"": 0.02537522321970534, ""C03"": 0.02537522321970534, ""C04"": 0.02537522321970534, ""C05"": 0.02537522321970534, ""C06"": 0.02537522321970534, ""C07"": 0.02537522321970534, ""C08"": 0.02537522321970534, ""C09"": 0.02537522321970534, ""C10"": 0.02537522321970534, ""C11"": 0.02537522321970534, ""C12"": 0.02537522321970534, ""C13"": 0.02537522321970534, ""C14"": 0.02537522321970534, ""C15"": 0.02537522321970534, ""C16"": 0.024466010776060775, ""C17"": 0.02537522321970534, ""C18"": 0.02537522321970534, ""C19"": 0.02537522321970534, ""C20"": 0.02537522321970534}"
28,28,1,159,0.875959,20,"{""C01"": 1.160344, ""C02"": 1.177005, ""C03"": 1.183617, ""C04"": 1.186478, ""C05"": 1.193647, ""C06"": 1.158424, ""C07"": 1.186074, ""C08"": 1.595128, ""C09"": 1.507765, ""C10"": 1.550576, ""C11"": 1.592834, ""C12"": 1.624071, ""C13"": 1.639001, ""C14"": 1.505479, ""C15"": 1.595452, ""C16"": 2.373266, ""C17"": 2.282432, ""C18"": 2.279685, ""C19"": 2.295722, ""C20"": 2.275903}","{""C01"": 0, ""C02"": 0, ""C03"": 0, ""C04"": 0, ""C05"": 0, ""C06"": 0, ""C07"": 0, ""C08"": 0, ""C09"": 0, ""C10"": 0, ""C11"": 0, ""C12"": 0, ""C13"": 0, ""C14"": 0, ""C15"": 0, ""C16"": 1571, ""C17"": 0, ""C18"": 0, ""C19"": 0, ""C20"": 0}","{""C01"": 0.025373893529305636, ""C02"": 0.025373893529305636, ""C03"": 0.025373893529305636, ""C04"": 0.025373893529305636, ""C05"": 0.025373893529305636, ""C06"": 0.025373893529305636, ""C07"": 0.025373893529305636, ""C08"": 0.025373893529305636, ""C09"": 0.025373893529305636, ""C10"": 0.025373893529305636, ""C11"": 0.025373893529305636, ""C12"": 0.025373893529305636, ""C13"": 0.025373893529305636, ""C14"": 0.025373893529305636, ""C15"": 0.025373893529305636, ""C16"": 0.024464102029975062, ""C17"": 0.025373893529305636, ""C18"": 0.025373893529305636, ""C19"": 0.025373893529305636, ""C20"": 0.025373893529305636}"
29,29,1,198,1.070228,20,"{""C01"": 1.162204, ""C02"": 1.174808, ""C03"": 1.179187, ""C04"": 1.182687, ""C05"": 1.193069, ""C06"": 1.16075, ""C07"": 1.181428, ""C08"": 1.60075, ""C09"": 1.518043, ""C10"": 1.561993, ""C11"": 1.601336, ""C12"": 1.626976, ""C13"": 1.636259, ""C14"": 1.516119, ""C15"": 1.604036, ""C16"": 2.367084, ""C17"": 2.27753, ""C18"": 2.280649, ""C19"": 2.304382, ""C20"": 2.276984}","{""C01"": 0, ""C02"": 0, ""C03"": 0, ""C04"": 0, ""C05"": 0, ""C06"": 0, ""C07"": 0, ""C08"": 0, ""C09"": 0, ""C10"": 0, ""C11"": 0, ""C12"": 0, ""C13"": 0, ""C14"": 0, ""C15"": 0, ""C16"": 1572, ""C17"": 0, ""C18"": 0, ""C19"": 0, ""C20"": 0}","{""C01"": 0.025372092907070612, ""C02"": 0.025372092907070612, ""C03"": 0.025372092907070612, ""C04"": 0.025372092907070612, ""C05"": 0.025372092907070612, ""C06"": 0.025372092907070612, ""C07"": 0.025372092907070612, ""C08"": 0.025372092907070612, ""C09"": 0.025372092907070612, ""C10"": 0.025372092907070612, ""C11"": 0.025372092907070612, ""C12"": 0.025372092907070612, ""C13"": 0.025372092907070612, ""C14"": 0.025372092907070612, ""C15"": 0.025372092907070612, ""C16"": 0.02446172276554985, ""C17"": 0.025372092907070612, ""C18"": 0.025372092907070612, ""C19"": 0.025372092907070612, ""C20"": 0.025372092907070612}"
30,30,1,269,1.468332,20,"{""C01"": 1.162401, ""C02"": 1.171408, ""C03"": 1.174524, ""C04"": 1.17969, ""C05"": 1.193883, ""C06"": 1.161508, ""C07"": 1.176379, ""C08"": 1.608135, ""C09"": 1.529008, ""C10"": 1.572607, ""C11"": 1.607834, ""C12"": 1.627526, ""C13"": 1.631828, ""C14"": 1.527545, ""C15"": 1.61044, ""C16"": 2.360405, ""C17"": 2.273968, ""C18"": 2.284004, ""C19"": 2.3152, ""C20"": 2.28056}","{""C01"": 0, ""C02"": 0, ""C03"": 0, ""C04"": 0, ""C05"": 0, ""C06"": 0, ""C07"": 0, ""C08"": 0, ""C09"": 0, ""C10"": 0, ""C11"": 0, ""C12"": 0, ""C13"": 0, ""C14"": 0, ""C15"": 0, ""C16"": 1574, ""C17"": 0, ""C18"": 0, ""C19"": 0, ""C20"": 0}","{""C01"": 0.025370672607527553, ""C02"": 0.025370672607527553, ""C03"": 0.025370672607527553, ""C04"": 0.025370672607527553, ""C05"": 0.025370672607527553, ""C06"": 0.025370672607527553, ""C07"": 0.025370672607527553, ""C08"": 0.025370672607527553, ""C09"": 0.025370672607527553, ""C10"": 0.025370672607527553, ""C11"": 0.025370672607527553, ""C12"": 0.025370672607527553, ""C13"": 0.025370672607527553, ""C14"": 0.025370672607527553, ""C15"": 0.025370672607527553, ""C16"": 0.024459143266437115, ""C17"": 0.025370672607527553, ""C18"": 0.025370672607527553, ""C19"": 0.025370672607527553, ""C20"": 0.025370672607527553}"
31,31,1,419,2.270132,20,"{""C01"": 1.161028, ""C02"": 1.167122, ""C03"": 1.170025, ""C04"": 1.177779, ""C05"": 1.196143, ""C06"": 1.160772, ""C07"": 1.171343, ""C08"": 1.616998, ""C09"": 1.540154, ""C10"": 1.581935, ""C11"": 1.612098, ""C12"": 1.625861, ""C13"": 1.626159, ""C14"": 1.539237, ""C15"": 1.614439, ""C16"": 2.353949, ""C17"": 2.272273, ""C18"": 2.289845, ""C19"": 2.327807, ""C20"": 2.286722}","{""C01"": 0, ""C02"": 0, ""C03"": 0, ""C04"": 0, ""C05"": 0, ""C06"": 0, ""C07"": 0, ""C08"": 0, ""C09"": 0, ""C10"": 0, ""C11"": 0, ""C12"": 0, ""C13"": 0, ""C14"": 0, ""C15"": 0, ""C16"": 1575, ""C17"": 0, ""C18"": 0, ""C19"": 0, ""C20"": 0}","{""C01"": 0.025368748418683043, ""C02"": 0.025368748418683043, ""C03"": 0.025368748418683043, ""C04"": 0.025368748418683043, ""C05"": 0.025368748418683043, ""C06"": 0.025368748418683043, ""C07"": 0.025368748418683043, ""C08"": 0.025368748418683043, ""C09"": 0.025368748418683043, ""C10"": 0.025368748418683043, ""C11"": 0.025368748418683043, ""C12"": 0.025368748418683043, ""C13"": 0.025368748418683043, ""C14"": 0.025368748418683043, ""C15"": 0.025368748418683043, ""C16"": 0.02445664054288032, ""C17"": 0.025368748418683043, ""C18"": 0.025368748418683043, ""C19"": 0.025368748418683043, ""C20"": 0.025368748418683043}"
32,32,1,134,0.727925,20,"{""C01"": 1.158268, ""C02"": 1.162313, ""C03"": 1.166067, ""C04"": 1.17717, ""C05"": 1.199807, ""C06"": 1.158701, ""C07"": 1.166726, ""C08"": 1.626952, ""C09"": 1.550951, ""C10"": 1.58956, ""C11"": 1.614027, ""C12"": 1.62225, ""C13"": 1.619768, ""C14"": 1.55065, ""C15"": 1.615943, ""C16"": 2.3484, ""C17"": 2.272832, ""C18"": 2.298091, ""C19"": 2.341704, ""C20"": 2.295382}","{""C01"": 0, ""C02"": 0, ""C03"": 0, ""C04"": 0, ""C05"": 0, ""C06"": 0, ""C07"": 0, ""C08"": 0, ""C09"": 0, ""C10"": 0, ""C11"": 0, ""C12"": 0, ""C13"": 0, ""C14"": 0, ""C15"": 0, ""C16"": 847, ""C17"": 0, ""C18"": 0, ""C19"": 731, ""C20"": 0}","{""C01"": 0.025367119921664724, ""C02"": 0.025367119921664724, ""C03"": 0.025367119921664724, ""C04"": 0.025367119921664724, ""C05"": 0.025367119921664724, ""C06"": 0.025367119921664724, ""C07"": 0.025367119921664724, ""C08"": 0.025367119921664724, ""C09"": 0.025367119921664724, ""C10"": 0.025367119921664724, ""C11"": 0.025367119921664724, ""C12"": 0.025367119921664724, ""C13"": 0.025367119921664724, ""C14"": 0.025367119921664724, ""C15"": 0.025367119921664724, ""C16"": 0.024876610496126914, ""C17"": 0.025367119921664724, ""C18"": 0.025367119921664724, ""C19"": 0.024943784533440105, ""C20"": 0.025367119921664724}"
33,33,1,817,4.779236,20,"{""C01"": 1.154384, ""C02"": 1.157373, ""C03"": 1.162987, ""C04"": 1.177993, ""C05"": 1.204739, ""C06"": 1.155534, ""C07"": 1.1629, ""C08"": 1.637529, ""C09"": 1.56088, ""C10"": 1.59516, ""C11"": 1.613652, ""C12"": 1.617067, ""C13"": 1.613204, ""C14"": 1.561247, ""C15"": 1.615001, ""C16"": 2.344367, ""C17"": 2.275875, ""C18"": 2.308494, ""C19"": 2.356288, ""C20"": 2.306282}","{""C01"": 0, ""C02"": 0, ""C03"": 0, ""C04"": 0, ""C05"": 0, ""C06"": 0, ""C07"": 0, ""C08"": 0, ""C09"": 0, ""C10"": 0, ""C11"": 0, ""C12"": 0, ""C13"": 0, ""C14"": 0, ""C15"": 0, ""C16"": 0, ""C17"": 0, ""C18"": 0, ""C19"": 1575, ""C20"": 0}","{""C01"": 0.02536965703894141, ""C02"": 0.02536965703894141, ""C03"": 0.02536965703894141, ""C04"": 0.02536965703894141, ""C05"": 0.02536965703894141, ""C06"": 0.02536965703894141, ""C07"": 0.02536965703894141, ""C08"": 0.02536965703894141, ""C09"": 0.02536965703894141, ""C10"": 0.02536965703894141, ""C11"": 0.02536965703894141, ""C12"": 0.02536965703894141, ""C13"": 0.02536965703894141, ""C14"": 0.02536965703894141, ""C15"": 0.02536965703894141, ""C16"": 0.02536965703894141, ""C17"": 0.02536965703894141, ""C18"": 0.02536965703894141, ""C19"": 0.024457548366677163, ""C20"": 0.02536965703894141}"
34,34,1,405,3.861977,20,"{""C01"": 1.149703, ""C02"": 1.152692, ""C03"": 1.161061, ""C04"": 1.18028, ""C05"": 1.210716, ""C06"": 1.151571, ""C07"": 1.16018, ""C08"": 1.648214, ""C09"": 1.569464, ""C10"": 1.598527, ""C11"": 1.61114, ""C12"": 1.610778, ""C13"": 1.607016, ""C14"": 1.570531, ""C15"": 1.611807, ""C16"": 2.342345, ""C17"": 2.281457, ""C18"": 2.320652, ""C19"": 2.3709, ""C20"": 2.319009}","{""C01"": 0, ""C02"": 0, ""C03"": 0, ""C04"": 0, ""C05"": 0, ""C06"": 0, ""C07"": 0, ""C08"": 0, ""C09"": 0, ""C10"": 0, ""C11"": 0, ""C12"": 0, ""C13"": 0, ""C14"": 0, ""C15"": 0, ""C16"": 0, ""C17"": 0, ""C18"": 0, ""C19"": 1571, ""C20"": 0}","{""C01"": 0.025372982940680966, ""C02"": 0.025372982940680966, ""C03"": 0.025372982940680966, ""C04"": 0.025372982940680966, ""C05"": 0.025372982940680966, ""C06"": 0.025372982940680966, ""C07"": 0.025372982940680966, ""C08"": 0.025372982940680966, ""C09"": 0.025372982940680966, ""C10"": 0.025372982940680966, ""C11"": 0.025372982940680966, ""C12"": 0.025372982940680966, ""C13"": 0.025372982940680966, ""C14"": 0.025372982940680966, ""C15"": 0.025372982940680966, ""C16"": 0.025372982940680966, ""C17"": 0.025372982940680966, ""C18"": 0.025372982940680966, ""C19"": 0.024463192241724992, ""C20"": 0.025372982940680966}"
35,35,1,279,2.558424,20,"{""C01"": 1.144594, ""C02"": 1.148642, ""C03"": 1.160489, ""C04"": 1.18397, ""C05"": 1.217447, ""C06"": 1.147157, ""C07"": 1.158807, ""C08"": 1.658475, ""C09"": 1.576303, ""C10"": 1.599585, ""C11"": 1.606777, ""C12"": 1.603904, ""C13"": 1.601722, ""C14"": 1.578083, ""C15"": 1.606674, ""C16"": 2.342688, ""C17"": 2.28946, ""C18"": 2.334036, ""C19"": 2.384858, ""C20"": 2.333021}","{""C01"": 0, ""C02"": 0, ""C03"": 0, ""C04"": 0, ""C05"": 0, ""C06"": 0, ""C07"": 0, ""C08"": 0, ""C09"": 0, ""C10"": 0, ""C11"": 0, ""C12"": 0, ""C13"": 0, ""C14"": 0, ""C15"": 0, ""C16"": 0, ""C17"": 0, ""C18"": 0, ""C19"": 1569, ""C20"": 0}","{""C01"": 0.025377175350153505, ""C02"": 0.025377175350153505, ""C03"": 0.025377175350153505, ""C04"": 0.025377175350153505, ""C05"": 0.025377175350153505, ""C06"": 0.025377175350153505, ""C07"": 0.025377175350153505, ""C08"": 0.025377175350153505, ""C09"": 0.025377175350153505, ""C10"": 0.025377175350153505, ""C11"": 0.025377175350153505, ""C12"": 0.025377175350153505, ""C13"": 0.025377175350153505, ""C14"": 0.025377175350153505, ""C15"": 0.025377175350153505, ""C16"": 0.025377175350153505, ""C17"": 0.025377175350153505, ""C18"": 0.025377175350153505, ""C19"": 0.024468541414156462, ""C20"": 0.025377175350153505}"
36,36,1,248,1.426146,20,"{""C01"": 1.139449, ""C02"": 1.145548, ""C03"": 1.161379, ""C04"": 1.188905, ""C05"": 1.224585, ""C06"": 1.142657, ""C07"": 1.158933, ""C08"": 1.667795, ""C09"": 1.581092, ""C10"": 1.59839, ""C11"": 1.600958, ""C12"": 1.596995, ""C13"": 1.597772, ""C14"": 1.583577, ""C15"": 1.600033, ""C16"": 2.345589, ""C17"": 2.299599, ""C18"": 2.348029, ""C19"": 2.397508, ""C20"": 2.347688}","{""C01"": 0, ""C02"": 0, ""C03"": 0, ""C04"": 0, ""C05"": 0, ""C06"": 0, ""C07"": 0, ""C08"": 0, ""C09"": 0, ""C10"": 0, ""C11"": 0, ""C12"": 0, ""C13"": 0, ""C14"": 0, ""C15"": 0, ""C16"": 0, ""C17"": 0, ""C18"": 0, ""C19"": 1566, ""C20"": 0}","{""C01"": 0.025380249560732857, ""C02"": 0.025380249560732857, ""C03"": 0.025380249560732857, ""C04"": 0.025380249560732857, ""C05"": 0.025380249560732857, ""C06"": 0.025380249560732857, ""C07"": 0.025380249560732857, ""C08"": 0.025380249560732857, ""C09"": 0.025380249560732857, ""C10"": 0.025380249560732857, ""C11"": 0.025380249560732857, ""C12"": 0.025380249560732857, ""C13"": 0.025380249560732857, ""C14"": 0.025380249560732857, ""C15"": 0.025380249560732857, ""C16"": 0.025380249560732857, ""C17"": 0.025380249560732857, ""C18"": 0.025380249560732857, ""C19"": 0.02447335359623798, ""C20"": 0.025380249560732857}"
37,37,1,272,2.586870,20,"{""C01"": 1.134656, ""C02"": 1.14367, ""C03"": 1.163745, ""C04"": 1.194848, ""C05"": 1.231757, ""C06"": 1.138437, ""C07"": 1.16061, ""C08"": 1.675709, ""C09"": 1.58365, ""C10"": 1.595131, ""C11"": 1.594158, ""C12"": 1.590597, ""C13"": 1.595527, ""C14"": 1.586812, ""C15"": 1.592395, ""C16"": 2.351063, ""C17"": 2.311441, ""C18"": 2.361958, ""C19"": 2.40826, ""C20"": 2.362321}","{""C01"": 0, ""C02"": 0, ""C03"": 0, ""C04"": 0, ""C05"": 0, ""C06"": 0, ""C07"": 0, ""C08"": 0, ""C09"": 0, ""C10"": 0, ""C11"": 0, ""C12"": 0, ""C13"": 0, ""C14"": 0, ""C15"": 0, ""C16"": 0, ""C17"": 0, ""C18"": 0, ""C19"": 1564, ""C20"": 0}","{""C01"": 0.025383155720843126, ""C02"": 0.025383155720843126, ""C03"": 0.025383155720843126, ""C04"": 0.025383155720843126, ""C05"": 0.025383155720843126, ""C06"": 0.025383155720843126, ""C07"": 0.025383155720843126, ""C08"": 0.025383155720843126, ""C09"": 0.025383155720843126, ""C10"": 0.025383155720843126, ""C11"": 0.025383155720843126, ""C12"": 0.025383155720843126, ""C13"": 0.025383155720843126, ""C14"": 0.025383155720843126, ""C15"": 0.025383155720843126, ""C16"": 0.025383155720843126, ""C17"": 0.025383155720843126, ""C18"": 0.025383155720843126, ""C19"": 0.024477417648423226, ""C20"": 0.025383155720843126}"
38,38,1,282,1.884146,20,"{""C01"": 1.130578, ""C02"": 1.143189, ""C03"": 1.167504, ""C04"": 1.201494, ""C05"": 1.238579, ""C06"": 1.13484, ""C07"": 1.163793, ""C08"": 1.681833, ""C09"": 1.583922, ""C10"": 1.590116, ""C11"": 1.586908, ""C12"": 1.585212, ""C13"": 1.595233, ""C14"": 1.587712, ""C15"": 1.584327, ""C16"": 2.358957, ""C17"": 2.324435, ""C18"": 2.37514, ""C19"": 2.416631, ""C20"": 2.376221}","{""C01"": 0, ""C02"": 0, ""C03"": 0, ""C04"": 0, ""C05"": 0, ""C06"": 0, ""C07"": 0, ""C08"": 0, ""C09"": 0, ""C10"": 0, ""C11"": 0, ""C12"": 0, ""C13"": 0, ""C14"": 0, ""C15"": 0, ""C16"": 0, ""C17"": 0, ""C18"": 0, ""C19"": 1562, ""C20"": 0}","{""C01"": 0.025385144526385836, ""C02"": 0.025385144526385836, ""C03"": 0.025385144526385836, ""C04"": 0.025385144526385836, ""C05"": 0.025385144526385836, ""C06"": 0.025385144526385836, ""C07"": 0.025385144526385836, ""C08"": 0.025385144526385836, ""C09"": 0.025385144526385836, ""C10"": 0.025385144526385836, ""C11"": 0.025385144526385836, ""C12"": 0.025385144526385836, ""C13"": 0.025385144526385836, ""C14"": 0.025385144526385836, ""C15"": 0.025385144526385836, ""C16"": 0.025385144526385836, ""C17"": 0.025385144526385836, ""C18"": 0.025385144526385836, ""C19"": 0.024480565156233414, ""C20"": 0.025385144526385836}"
39,39,1,386,2.988439,20,"{""C01"": 1.127526, ""C02"": 1.144194, ""C03"": 1.17248, ""C04"": 1.208487, ""C05"": 1.244687, ""C06"": 1.132158, ""C07"": 1.168336, ""C08"": 1.685883, ""C09"": 1.581992, ""C10"": 1.583757, ""C11"": 1.579755, ""C12"": 1.581274, ""C13"": 1.597006, ""C14"": 1.586345, ""C15"": 1.576412, ""C16"": 2.368949, ""C17"": 2.337944, ""C18"": 2.386929, ""C19"": 2.422272, ""C20"": 2.388726}","{""C01"": 0, ""C02"": 0, ""C03"": 0, ""C04"": 0, ""C05"": 0, ""C06"": 0, ""C07"": 0, ""C08"": 0, ""C09"": 0, ""C10"": 0, ""C11"": 0, ""C12"": 0, ""C13"": 0, ""C14"": 0, ""C15"": 0, ""C16"": 0, ""C17"": 0, ""C18"": 0, ""C19"": 1561, ""C20"": 0}","{""C01"": 0.02538667866693768, ""C02"": 0.02538667866693768, ""C03"": 0.02538667866693768, ""C04"": 0.02538667866693768, ""C05"": 0.02538667866693768, ""C06"": 0.02538667866693768, ""C07"": 0.02538667866693768, ""C08"": 0.02538667866693768, ""C09"": 0.02538667866693768, ""C10"": 0.02538667866693768, ""C11"": 0.02538667866693768, ""C12"": 0.02538667866693768, ""C13"": 0.02538667866693768, ""C14"": 0.02538667866693768, ""C15"": 0.02538667866693768, ""C16"": 0.02538667866693768, ""C17"": 0.02538667866693768, ""C18"": 0.02538667866693768, ""C19"": 0.02448267817057098, ""C20"": 0.02538667866693768}"
40,40,1,488,2.771136,20,"{""C01"": 1.125746, ""C02"": 1.146679, ""C03"": 1.178421, ""C04"": 1.21545, ""C05"": 1.249757, ""C06"": 1.130624, ""C07"": 1.174009, ""C08"": 1.687701, ""C09"": 1.578071, ""C10"": 1.576542, ""C11"": 1.573238, ""C12"": 1.579121, ""C13"": 1.60083, ""C14"": 1.582904, ""C15"": 1.569223, ""C16"": 2.38058, ""C17"": 2.351288, ""C18"": 2.39675, ""C19"": 2.424992, ""C20"": 2.399245}","{""C01"": 0, ""C02"": 0, ""C03"": 0, ""C04"": 0, ""C05"": 0, ""C06"": 0, ""C07"": 0, ""C08"": 0, ""C09"": 0, ""C10"": 0, ""C11"": 0, ""C12"": 0, ""C13"": 0, ""C14"": 0, ""C15"": 0, ""C16"": 0, ""C17"": 0, ""C18"": 0, ""C19"": 1560, ""C20"": 0}","{""C01"": 0.0253871152207365, ""C02"": 0.0253871152207365, ""C03"": 0.0253871152207365, ""C04"": 0.0253871152207365, ""C05"": 0.0253871152207365, ""C06"": 0.0253871152207365, ""C07"": 0.0253871152207365, ""C08"": 0.0253871152207365, ""C09"": 0.0253871152207365, ""C10"": 0.0253871152207365, ""C11"": 0.0253871152207365, ""C12"": 0.0253871152207365, ""C13"": 0.0253871152207365, ""C14"": 0.0253871152207365, ""C15"": 0.0253871152207365, ""C16"": 0.0253871152207365, ""C17"": 0.0253871152207365, ""C18"": 0.0253871152207365, ""C19"": 0.024483694569922606, ""C20"": 0.0253871152207365}"
41,41,1,659,3.789275,20,"{""C01"": 1.125401, ""C02"": 1.15054, ""C03"": 1.185008, ""C04"": 1.222, ""C05"": 1.253524, ""C06"": 1.130393, ""C07"": 1.180508, ""C08"": 1.687259, ""C09"": 1.572489, ""C10"": 1.569003, ""C11"": 1.567848, ""C12"": 1.578972, ""C13"": 1.606551, ""C14"": 1.577707, ""C15"": 1.56328, ""C16"": 2.393273, ""C17"": 2.363786, ""C18"": 2.404143, ""C19"": 2.424771, ""C20"": 2.407303}","{""C01"": 0, ""C02"": 0, ""C03"": 0, ""C04"": 0, ""C05"": 0, ""C06"": 0, ""C07"": 0, ""C08"": 0, ""C09"": 0, ""C10"": 0, ""C11"": 0, ""C12"": 0, ""C13"": 0, ""C14"": 0, ""C15"": 0, ""C16"": 0, ""C17"": 0, ""C18"": 0, ""C19"": 1560, ""C20"": 0}","{""C01"": 0.025387032590684783, ""C02"": 0.025387032590684783, ""C03"": 0.025387032590684783, ""C04"": 0.025387032590684783, ""C05"": 0.025387032590684783, ""C06"": 0.025387032590684783, ""C07"": 0.025387032590684783, ""C08"": 0.025387032590684783, ""C09"": 0.025387032590684783, ""C10"": 0.025387032590684783, ""C11"": 0.025387032590684783, ""C12"": 0.025387032590684783, ""C13"": 0.025387032590684783, ""C14"": 0.025387032590684783, ""C15"": 0.025387032590684783, ""C16"": 0.025387032590684783, ""C17"": 0.025387032590684783, ""C18"": 0.025387032590684783, ""C19"": 0.024483612013057553, ""C20"": 0.025387032590684783}"
42,42,1,1521,8.985673,20,"{""C01"": 1.126559, ""C02"": 1.155585, ""C03"": 1.191879, ""C04"": 1.227778, ""C05"": 1.255804, ""C06"": 1.131529, ""C07"": 1.187475, ""C08"": 1.684665, ""C09"": 1.565673, ""C10"": 1.561691, ""C11"": 1.563999, ""C12"": 1.580917, ""C13"": 1.613895, ""C14"": 1.571168, ""C15"": 1.559022, ""C16"": 2.40638, ""C17"": 2.374799, ""C18"": 2.408785, ""C19"": 2.42176, ""C20"": 2.412562}","{""C01"": 0, ""C02"": 0, ""C03"": 0, ""C04"": 0, ""C05"": 0, ""C06"": 0, ""C07"": 0, ""C08"": 0, ""C09"": 0, ""C10"": 0, ""C11"": 0, ""C12"": 0, ""C13"": 0, ""C14"": 0, ""C15"": 0, ""C16"": 0, ""C17"": 0, ""C18"": 0, ""C19"": 1561, ""C20"": 0}","{""C01"": 0.025386486960055646, ""C02"": 0.025386486960055646, ""C03"": 0.025386486960055646, ""C04"": 0.025386486960055646, ""C05"": 0.025386486960055646, ""C06"": 0.025386486960055646, ""C07"": 0.025386486960055646, ""C08"": 0.025386486960055646, ""C09"": 0.025386486960055646, ""C10"": 0.025386486960055646, ""C11"": 0.025386486960055646, ""C12"": 0.025386486960055646, ""C13"": 0.025386486960055646, ""C14"": 0.025386486960055646, ""C15"": 0.025386486960055646, ""C16"": 0.025386486960055646, ""C17"": 0.025386486960055646, ""C18"": 0.025386486960055646, ""C19"": 0.024482486633374337, ""C20"": 0.025386486960055646}"
43,43,1,301,1.808556,20,"{""C01"": 1.129193, ""C02"": 1.161545, ""C03"": 1.198652, ""C04"": 1.232469, ""C05"": 1.256497, ""C06"": 1.134005, ""C07"": 1.194524, ""C08"": 1.680154, ""C09"": 1.558121, ""C10"": 1.555135, ""C11"": 1.562005, ""C12"": 1.584908, ""C13"": 1.622478, ""C14"": 1.563778, ""C15"": 1.556781, ""C16"": 2.419213, ""C17"": 2.383772, ""C18"": 2.410518, ""C19"": 2.416277, ""C20"": 2.414848}","{""C01"": 0, ""C02"": 0, ""C03"": 0, ""C04"": 0, ""C05"": 0, ""C06"": 0, ""C07"": 0, ""C08"": 0, ""C09"": 0, ""C10"": 0, ""C11"": 0, ""C12"": 0, ""C13"": 0, ""C14"": 0, ""C15"": 0, ""C16"": 516, ""C17"": 0, ""C18"": 222, ""C19"": 416, ""C20"": 409}","{""C01"": 0.025385508739325477, ""C02"": 0.025385508739325477, ""C03"": 0.025385508739325477, ""C04"": 0.025385508739325477, ""C05"": 0.025385508739325477, ""C06"": 0.025385508739325477, ""C07"": 0.025385508739325477, ""C08"": 0.025385508739325477, ""C09"": 0.025385508739325477, ""C10"": 0.025385508739325477, ""C11"": 0.025385508739325477, ""C12"": 0.025385508739325477, ""C13"": 0.025385508739325477, ""C14"": 0.025385508739325477, ""C15"": 0.025385508739325477, ""C16"": 0.025086687820004245, ""C17"": 0.025385508739325477, ""C18"": 0.025256944503777096, ""C19"": 0.025144597418706713, ""C20"": 0.025148650560517318}"
44,44,1,738,4.361043,20,"{""C01"": 1.133182, ""C02"": 1.168091, ""C03"": 1.204948, ""C04"": 1.235824, ""C05"": 1.255604, ""C06"": 1.137706, ""C07"": 1.20126, ""C08"": 1.674076, ""C09"": 1.550372, ""C10"": 1.54981, ""C11"": 1.56206, ""C12"": 1.590768, ""C13"": 1.631837, ""C14"": 1.556071, ""C15"": 1.55676, ""C16"": 2.431095, ""C17"": 2.390268, ""C18"": 2.409353, ""C19"": 2.408781, ""C20"": 2.414163}","{""C01"": 0, ""C02"": 0, ""C03"": 0, ""C04"": 0, ""C05"": 0, ""C06"": 0, ""C07"": 0, ""C08"": 0, ""C09"": 0, ""C10"": 0, ""C11"": 0, ""C12"": 0, ""C13"": 0, ""C14"": 0, ""C15"": 0, ""C16"": 1559, ""C17"": 0, ""C18"": 0, ""C19"": 0, ""C20"": 0}","{""C01"": 0.02538881197487028, ""C02"": 0.02538881197487028, ""C03"": 0.02538881197487028, ""C04"": 0.02538881197487028, ""C05"": 0.02538881197487028, ""C06"": 0.02538881197487028, ""C07"": 0.02538881197487028, ""C08"": 0.02538881197487028, ""C09"": 0.02538881197487028, ""C10"": 0.02538881197487028, ""C11"": 0.02538881197487028, ""C12"": 0.02538881197487028, ""C13"": 0.02538881197487028, ""C14"": 0.02538881197487028, ""C15"": 0.02538881197487028, ""C16"": 0.02448597005358038, ""C17"": 0.02538881197487028, ""C18"": 0.02538881197487028, ""C19"": 0.02538881197487028, ""C20"": 0.02538881197487028}"
45,45,1,408,2.380493,20,"{""C01"": 1.138315, ""C02"": 1.174855, ""C03"": 1.210413, ""C04"": 1.237672, ""C05"": 1.253217, ""C06"": 1.142431, ""C07"": 1.207307, ""C08"": 1.666874, ""C09"": 1.542972, ""C10"": 1.546113, ""C11"": 1.564224, ""C12"": 1.598195, ""C13"": 1.641454, ""C14"": 1.548592, ""C15"": 1.559025, ""C16"": 2.441399, ""C17"": 2.393993, ""C18"": 2.405475, ""C19"": 2.399851, ""C20"": 2.410678}","{""C01"": 0, ""C02"": 0, ""C03"": 0, ""C04"": 0, ""C05"": 0, ""C06"": 0, ""C07"": 0, ""C08"": 0, ""C09"": 0, ""C10"": 0, ""C11"": 0, ""C12"": 0, ""C13"": 0, ""C14"": 0, ""C15"": 0, ""C16"": 1557, ""C17"": 0, ""C18"": 0, ""C19"": 0, ""C20"": 0}","{""C01"": 0.02539147855864969, ""C02"": 0.02539147855864969, ""C03"": 0.02539147855864969, ""C04"": 0.02539147855864969, ""C05"": 0.02539147855864969, ""C06"": 0.02539147855864969, ""C07"": 0.02539147855864969, ""C08"": 0.02539147855864969, ""C09"": 0.02539147855864969, ""C10"": 0.02539147855864969, ""C11"": 0.02539147855864969, ""C12"": 0.02539147855864969, ""C13"": 0.02539147855864969, ""C14"": 0.02539147855864969, ""C15"": 0.02539147855864969, ""C16"": 0.024489794739786217, ""C17"": 0.02539147855864969, ""C18"": 0.02539147855864969, ""C19"": 0.02539147855864969, ""C20"": 0.02539147855864969}"
46,46,1,276,1.619647,20,"{""C01"": 1.14431, ""C02"": 1.181452, ""C03"": 1.214745, ""C04"": 1.237935, ""C05"": 1.249523, ""C06"": 1.147914, ""C07"": 1.212332, ""C08"": 1.659055, ""C09"": 1.536442, ""C10"": 1.544334, ""C11"": 1.568424, ""C12"": 1.606789, ""C13"": 1.650792, ""C14"": 1.541864, ""C15"": 1.563497, ""C16"": 2.449589, ""C17"": 2.394821, ""C18"": 2.399229, ""C19"": 2.390146, ""C20"": 2.404731}","{""C01"": 0, ""C02"": 0, ""C03"": 0, ""C04"": 0, ""C05"": 0, ""C06"": 0, ""C07"": 0, ""C08"": 0, ""C09"": 0, ""C10"": 0, ""C11"": 0, ""C12"": 0, ""C13"": 0, ""C14"": 0, ""C15"": 0, ""C16"": 1555, ""C17"": 0, ""C18"": 0, ""C19"": 0, ""C20"": 0}","{""C01"": 0.025393344491754885, ""C02"": 0.025393344491754885, ""C03"": 0.025393344491754885, ""C04"": 0.025393344491754885, ""C05"": 0.025393344491754885, ""C06"": 0.025393344491754885, ""C07"": 0.025393344491754885, ""C08"": 0.025393344491754885, ""C09"": 0.025393344491754885, ""C10"": 0.025393344491754885, ""C11"": 0.025393344491754885, ""C12"": 0.025393344491754885, ""C13"": 0.025393344491754885, ""C14"": 0.025393344491754885, ""C15"": 0.025393344491754885, ""C16"": 0.02449281948632663, ""C17"": 0.025393344491754885, ""C18"": 0.025393344491754885, ""C19"": 0.025393344491754885, ""C20"": 0.025393344491754885}"
47,47,1,212,1.241102,20,"{""C01"": 1.150827, ""C02"": 1.187506, ""C03"": 1.217706, ""C04"": 1.236629, ""C05"": 1.244783, ""C06"": 1.153831, ""C07"": 1.21606, ""C08"": 1.651161, ""C09"": 1.531243, ""C10"": 1.544638, ""C11"": 1.574453, ""C12"": 1.616071, ""C13"": 1.659325, ""C14"": 1.536354, ""C15"": 1.569957, ""C16"": 2.455251, ""C17"": 2.392796, ""C18"": 2.3911, ""C19"": 2.380367, ""C20"": 2.3968}","{""C01"": 0, ""C02"": 0, ""C03"": 0, ""C04"": 0, ""C05"": 0, ""C06"": 0, ""C07"": 0, ""C08"": 0, ""C09"": 0, ""C10"": 0, ""C11"": 0, ""C12"": 0, ""C13"": 0, ""C14"": 0, ""C15"": 0, ""C16"": 1554, ""C17"": 0, ""C18"": 0, ""C19"": 0, ""C20"": 0}","{""C01"": 0.025394849062461033, ""C02"": 0.025394849062461033, ""C03"": 0.025394849062461033, ""C04"": 0.025394849062461033, ""C05"": 0.025394849062461033, ""C06"": 0.025394849062461033, ""C07"": 0.025394849062461033, ""C08"": 0.025394849062461033, ""C09"": 0.025394849062461033, ""C10"": 0.025394849062461033, ""C11"": 0.025394849062461033, ""C12"": 0.025394849062461033, ""C13"": 0.025394849062461033, ""C14"": 0.025394849062461033, ""C15"": 0.025394849062461033, ""C16"": 0.024494902955844024, ""C17"": 0.025394849062461033, ""C18"": 0.025394849062461033, ""C19"": 0.025394849062461033, ""C20"": 0.025394849062461033}"
48,48,1,183,1.082925,20,"{""C01"": 1.157493, ""C02"": 1.192671, ""C03"": 1.219145, ""C04"": 1.233868, ""C05"": 1.239324, ""C06"": 1.159833, ""C07"": 1.2183, ""C08"": 1.643735, ""C09"": 1.527751, ""C10"": 1.54706, ""C11"": 1.581989, ""C12"": 1.625516, ""C13"": 1.666575, ""C14"": 1.532447, ""C15"": 1.578065, ""C16"": 2.458125, ""C17"": 2.388135, ""C18"": 2.381684, ""C19"": 2.371212, ""C20"": 2.387477}","{""C01"": 0, ""C02"": 0, ""C03"": 0, ""C04"": 0, ""C05"": 0, ""C06"": 0, ""C07"": 0, ""C08"": 0, ""C09"": 0, ""C10"": 0, ""C11"": 0, ""C12"": 0, ""C13"": 0, ""C14"": 0, ""C15"": 0, ""C16"": 1554, ""C17"": 0, ""C18"": 0, ""C19"": 0, ""C20"": 0}","{""C01"": 0.02539590523400613, ""C02"": 0.02539590523400613, ""C03"": 0.02539590523400613, ""C04"": 0.02539590523400613, ""C05"": 0.02539590523400613, ""C06"": 0.02539590523400613, ""C07"": 0.02539590523400613, ""C08"": 0.02539590523400613, ""C09"": 0.02539590523400613, ""C10"": 0.02539590523400613, ""C11"": 0.02539590523400613, ""C12"": 0.02539590523400613, ""C13"": 0.02539590523400613, ""C14"": 0.02539590523400613, ""C15"": 0.02539590523400613, ""C16"": 0.024495958187950802, ""C17"": 0.02539590523400613, ""C18"": 0.02539590523400613, ""C19"": 0.02539590523400613, ""C20"": 0.02539590523400613}"
49,49,1,168,0.985661,20,"{""C01"": 1.163922, ""C02"": 1.196656, ""C03"": 1.219, ""C04"": 1.229852, ""C05"": 1.233514, ""C06"": 1.165557, ""C07"": 1.218948, ""C08"": 1.637288, ""C09"": 1.526231, ""C10"": 1.551498, ""C11"": 1.590612, ""C12"": 1.634585, ""C13"": 1.67214, ""C14"": 1.53042, ""C15"": 1.587375, ""C16"": 2.458116, ""C17"": 2.381213, ""C18"": 2.371651, ""C19"": 2.363333, ""C20"": 2.377429}","{""C01"": 0, ""C02"": 0, ""C03"": 0, ""C04"": 0, ""C05"": 0, ""C06"": 0, ""C07"": 0, ""C08"": 0, ""C09"": 0, ""C10"": 0, ""C11"": 0, ""C12"": 0, ""C13"": 0, ""C14"": 0, ""C15"": 0, ""C16"": 1554, ""C17"": 0, ""C18"": 0, ""C19"": 0, ""C20"": 0}","{""C01"": 0.025395901929396586, ""C02"": 0.025395901929396586, ""C03"": 0.025395901929396586, ""C04"": 0.025395901929396586, ""C05"": 0.025395901929396586, ""C06"": 0.025395901929396586, ""C07"": 0.025395901929396586, ""C08"": 0.025395901929396586, ""C09"": 0.025395901929396586, ""C10"": 0.025395901929396586, ""C11"": 0.025395901929396586, ""C12"": 0.025395901929396586, ""C13"": 0.025395901929396586, ""C14"": 0.025395901929396586, ""C15"": 0.025395901929396586, ""C16"": 0.024495954886280782, ""C17"": 0.025395901929396586, ""C18"": 0.025395901929396586, ""C19"": 0.025395901929396586, ""C20"": 0.025395901929396586}"
50,50,1,158,1.018355,20,"{""C01"": 1.169741, ""C02"": 1.199239, ""C03"": 1.217309, ""C04"": 1.224858, ""C05"": 1.227742, ""C06"": 1.170655, ""C07"": 1.218001, ""C08"": 1.632265, ""C09"": 1.526822, ""C10"": 1.557719, ""C11"": 1.599832, ""C12"": 1.642759, ""C13"": 1.675719, ""C14"": 1.530426, ""C15"": 1.597367, ""C16"": 2.455302, ""C17"": 2.372536, ""C18"": 2.361701, ""C19"": 2.3573, ""C20"": 2.367356}","{""C01"": 0, ""C02"": 0, ""C03"": 0, ""C04"": 0, ""C05"": 0, ""C06"": 0, ""C07"": 0, ""C08"": 0, ""C09"": 0, ""C10"": 0, ""C11"": 0, ""C12"": 0, ""C13"": 0, ""C14"": 0, ""C15"": 0, ""C16"": 1554, ""C17"": 0, ""C18"": 0, ""C19"": 0, ""C20"": 0}","{""C01"": 0.0253948678202887, ""C02"": 0.0253948678202887, ""C03"": 0.0253948678202887, ""C04"": 0.0253948678202887, ""C05"": 0.0253948678202887, ""C06"": 0.0253948678202887, ""C07"": 0.0253948678202887, ""C08"": 0.0253948678202887, ""C09"": 0.0253948678202887, ""C10"": 0.0253948678202887, ""C11"": 0.0253948678202887, ""C12"": 0.0253948678202887, ""C13"": 0.0253948678202887, ""C14"": 0.0253948678202887, ""C15"": 0.0253948678202887, ""C16"": 0.024494921696987453, ""C17"": 0.0253948678202887, ""C18"": 0.0253948678202887, ""C19"": 0.0253948678202887, ""C20"": 0.0253948678202887}"
51,51,1,145,1.375708,20,"{""C01"": 1.174614, ""C02"": 1.200286, ""C03"": 1.214201, ""C04"": 1.219221, ""C05"": 1.222391, ""C06"": 1.174818, ""C07"": 1.215547, ""C08"": 1.629021, ""C09"": 1.529531, ""C10"": 1.565381, ""C11"": 1.609115, ""C12"": 1.649573, ""C13"": 1.677131, ""C14"": 1.53249, ""C15"": 1.607473, ""C16"": 2.449931, ""C17"": 2.362718, ""C18"": 2.352528, ""C19"": 2.353559, ""C20"": 2.357957}","{""C01"": 0, ""C02"": 0, ""C03"": 0, ""C04"": 0, ""C05"": 0, ""C06"": 0, ""C07"": 0, ""C08"": 0, ""C09"": 0, ""C10"": 0, ""C11"": 0, ""C12"": 0, ""C13"": 0, ""C14"": 0, ""C15"": 0, ""C16"": 1555, ""C17"": 0, ""C18"": 0, ""C19"": 0, ""C20"": 0}","{""C01"": 0.0253934706562427, ""C02"": 0.0253934706562427, ""C03"": 0.0253934706562427, ""C04"": 0.0253934706562427, ""C05"": 0.0253934706562427, ""C06"": 0.0253934706562427, ""C07"": 0.0253934706562427, ""C08"": 0.0253934706562427, ""C09"": 0.0253934706562427, ""C10"": 0.0253934706562427, ""C11"": 0.0253934706562427, ""C12"": 0.0253934706562427, ""C13"": 0.0253934706562427, ""C14"": 0.0253934706562427, ""C15"": 0.0253934706562427, ""C16"": 0.02449294553867669, ""C17"": 0.0253934706562427, ""C18"": 0.0253934706562427, ""C19"": 0.0253934706562427, ""C20"": 0.0253934706562427}"
52,52,1,145,1.459272,20,"{""C01"": 1.178262, ""C02"": 1.199754, ""C03"": 1.209893, ""C04"": 1.213315, ""C05"": 1.217818, ""C06"": 1.177791, ""C07"": 1.211769, ""C08"": 1.627797, ""C09"": 1.534228, ""C10"": 1.574044, ""C11"": 1.617926, ""C12"": 1.654641, ""C13"": 1.676328, ""C14"": 1.5365, ""C15"": 1.617122, ""C16"": 2.442405, ""C17"": 2.352437, ""C18"": 2.344769, ""C19"": 2.352412, ""C20"": 2.349871}","{""C01"": 0, ""C02"": 0, ""C03"": 0, ""C04"": 0, ""C05"": 0, ""C06"": 0, ""C07"": 0, ""C08"": 0, ""C09"": 0, ""C10"": 0, ""C11"": 0, ""C12"": 0, ""C13"": 0, ""C14"": 0, ""C15"": 0, ""C16"": 1557, ""C17"": 0, ""C18"": 0, ""C19"": 0, ""C20"": 0}","{""C01"": 0.025391851199520935, ""C02"": 0.025391851199520935, ""C03"": 0.025391851199520935, ""C04"": 0.025391851199520935, ""C05"": 0.025391851199520935, ""C06"": 0.025391851199520935, ""C07"": 0.025391851199520935, ""C08"": 0.025391851199520935, ""C09"": 0.025391851199520935, ""C10"": 0.025391851199520935, ""C11"": 0.025391851199520935, ""C12"": 0.025391851199520935, ""C13"": 0.025391851199520935, ""C14"": 0.025391851199520935, ""C15"": 0.025391851199520935, ""C16"": 0.024490167049897583, ""C17"": 0.025391851199520935, ""C18"": 0.025391851199520935, ""C19"": 0.025391851199520935, ""C20"": 0.025391851199520935}"
53,53,1,165,1.073618,20,"{""C01"": 1.180479, ""C02"": 1.197699, ""C03"": 1.204675, ""C04"": 1.20753, ""C05"": 1.214329, ""C06"": 1.179394, ""C07"": 1.20693, ""C08"": 1.628704, ""C09"": 1.540656, ""C10"": 1.583208, ""C11"": 1.625752, ""C12"": 1.657686, ""C13"": 1.673397, ""C14"": 1.542218, ""C15"": 1.625765, ""C16"": 2.433255, ""C17"": 2.342396, ""C18"": 2.338969, ""C19"": 2.353993, ""C20"": 2.343653}","{""C01"": 0, ""C02"": 0, ""C03"": 0, ""C04"": 0, ""C05"": 0, ""C06"": 0, ""C07"": 0, ""C08"": 0, ""C09"": 0, ""C10"": 0, ""C11"": 0, ""C12"": 0, ""C13"": 0, ""C14"": 0, ""C15"": 0, ""C16"": 1559, ""C17"": 0, ""C18"": 0, ""C19"": 0, ""C20"": 0}","{""C01"": 0.025389616282377125, ""C02"": 0.025389616282377125, ""C03"": 0.025389616282377125, ""C04"": 0.025389616282377125, ""C05"": 0.025389616282377125, ""C06"": 0.025389616282377125, ""C07"": 0.025389616282377125, ""C08"": 0.025389616282377125, ""C09"": 0.025389616282377125, ""C10"": 0.025389616282377125, ""C11"": 0.025389616282377125, ""C12"": 0.025389616282377125, ""C13"": 0.025389616282377125, ""C14"": 0.025389616282377125, ""C15"": 0.025389616282377125, ""C16"": 0.024486773648171582, ""C17"": 0.025389616282377125, ""C18"": 0.025389616282377125, ""C19"": 0.025389616282377125, ""C20"": 0.025389616282377125}"
54,54,1,196,1.108765,20,"{""C01"": 1.181148, ""C02"": 1.194269, ""C03"": 1.198891, ""C04"": 1.202246, ""C05"": 1.212162, ""C06"": 1.179531, ""C07"": 1.201354, ""C08"": 1.631721, ""C09"": 1.548452, ""C10"": 1.592336, ""C11"": 1.63214, ""C12"": 1.658551, ""C13"": 1.668552, ""C14"": 1.549303, ""C15"": 1.632912, ""C16"": 2.423109, ""C17"": 2.333277, ""C18"": 2.335548, ""C19"": 2.358262, ""C20"": 2.33973}","{""C01"": 0, ""C02"": 0, ""C03"": 0, ""C04"": 0, ""C05"": 0, ""C06"": 0, ""C07"": 0, ""C08"": 0, ""C09"": 0, ""C10"": 0, ""C11"": 0, ""C12"": 0, ""C13"": 0, ""C14"": 0, ""C15"": 0, ""C16"": 1561, ""C17"": 0, ""C18"": 0, ""C19"": 0, ""C20"": 0}","{""C01"": 0.025386991935277742, ""C02"": 0.025386991935277742, ""C03"": 0.025386991935277742, ""C04"": 0.025386991935277742, ""C05"": 0.025386991935277742, ""C06"": 0.025386991935277742, ""C07"": 0.025386991935277742, ""C08"": 0.025386991935277742, ""C09"": 0.025386991935277742, ""C10"": 0.025386991935277742, ""C11"": 0.025386991935277742, ""C12"": 0.025386991935277742, ""C13"": 0.025386991935277742, ""C14"": 0.025386991935277742, ""C15"": 0.025386991935277742, ""C16"": 0.024482991161624765, ""C17"": 0.025386991935277742, ""C18"": 0.025386991935277742, ""C19"": 0.025386991935277742, ""C20"": 0.025386991935277742}"
55,55,1,256,1.464715,20,"{""C01"": 1.180246, ""C02"": 1.189696, ""C03"": 1.19292, ""C04"": 1.197809, ""C05"": 1.211469, ""C06"": 1.178198, ""C07"": 1.195408, ""C08"": 1.636692, ""C09"": 1.55716, ""C10"": 1.600892, ""C11"": 1.636725, ""C12"": 1.657214, ""C13"": 1.662128, ""C14"": 1.557318, ""C15"": 1.638164, ""C16"": 2.412652, ""C17"": 2.325702, ""C18"": 2.334774, ""C19"": 2.365009, ""C20"": 2.338384}","{""C01"": 0, ""C02"": 0, ""C03"": 0, ""C04"": 0, ""C05"": 0, ""C06"": 0, ""C07"": 0, ""C08"": 0, ""C09"": 0, ""C10"": 0, ""C11"": 0, ""C12"": 0, ""C13"": 0, ""C14"": 0, ""C15"": 0, ""C16"": 1563, ""C17"": 0, ""C18"": 0, ""C19"": 0, ""C20"": 0}","{""C01"": 0.02538422964423384, ""C02"": 0.02538422964423384, ""C03"": 0.02538422964423384, ""C04"": 0.02538422964423384, ""C05"": 0.02538422964423384, ""C06"": 0.02538422964423384, ""C07"": 0.02538422964423384, ""C08"": 0.02538422964423384, ""C09"": 0.02538422964423384, ""C10"": 0.02538422964423384, ""C11"": 0.02538422964423384, ""C12"": 0.02538422964423384, ""C13"": 0.02538422964423384, ""C14"": 0.02538422964423384, ""C15"": 0.02538422964423384, ""C16"": 0.024479070852530902, ""C17"": 0.02538422964423384, ""C18"": 0.02538422964423384, ""C19"": 0.02538422964423384, ""C20"": 0.02538422964423384}"
56,56,1,415,2.413459,20,"{""C01"": 1.177847, ""C02"": 1.184281, ""C03"": 1.187151, ""C04"": 1.194514, ""C05"": 1.212313, ""C06"": 1.175485, ""C07"": 1.18948, ""C08"": 1.643336, ""C09"": 1.56627, ""C10"": 1.608374, ""C11"": 1.639252, ""C12"": 1.653788, ""C13"": 1.654552, ""C14"": 1.565774, ""C15"": 1.641239, ""C16"": 2.402586, ""C17"": 2.320192, ""C18"": 2.336745, ""C19"": 2.373865, ""C20"": 2.339723}","{""C01"": 0, ""C02"": 0, ""C03"": 0, ""C04"": 0, ""C05"": 0, ""C06"": 0, ""C07"": 0, ""C08"": 0, ""C09"": 0, ""C10"": 0, ""C11"": 0, ""C12"": 0, ""C13"": 0, ""C14"": 0, ""C15"": 0, ""C16"": 1565, ""C17"": 0, ""C18"": 0, ""C19"": 0, ""C20"": 0}","{""C01"": 0.0253815928802113, ""C02"": 0.0253815928802113, ""C03"": 0.0253815928802113, ""C04"": 0.0253815928802113, ""C05"": 0.0253815928802113, ""C06"": 0.0253815928802113, ""C07"": 0.0253815928802113, ""C08"": 0.0253815928802113, ""C09"": 0.0253815928802113, ""C10"": 0.0253815928802113, ""C11"": 0.0253815928802113, ""C12"": 0.0253815928802113, ""C13"": 0.0253815928802113, ""C14"": 0.0253815928802113, ""C15"": 0.0253815928802113, ""C16"": 0.024475275958789146, ""C17"": 0.0253815928802113, ""C18"": 0.0253815928802113, ""C19"": 0.0253815928802113, ""C20"": 0.0253815928802113}"
57,57,1,1485,8.754464,20,"{""C01"": 1.174117, ""C02"": 1.178379, ""C03"": 1.18196, ""C04"": 1.192582, ""C05"": 1.214655, ""C06"": 1.171569, ""C07"": 1.183955, ""C08"": 1.651269, ""C09"": 1.575242, ""C10"": 1.614344, ""C11"": 1.63959, ""C12"": 1.648514, ""C13"": 1.646324, ""C14"": 1.57415, ""C15"": 1.64198, ""C16"": 2.393583, ""C17"": 2.317139, ""C18"": 2.341386, ""C19"": 2.384327, ""C20"": 2.343688}","{""C01"": 0, ""C02"": 0, ""C03"": 0, ""C04"": 0, ""C05"": 0, ""C06"": 0, ""C07"": 0, ""C08"": 0, ""C09"": 0, ""C10"": 0, ""C11"": 0, ""C12"": 0, ""C13"": 0, ""C14"": 0, ""C15"": 0, ""C16"": 1567, ""C17"": 0, ""C18"": 0, ""C19"": 0, ""C20"": 0}","{""C01"": 0.025379339477178756, ""C02"": 0.025379339477178756, ""C03"": 0.025379339477178756, ""C04"": 0.025379339477178756, ""C05"": 0.025379339477178756, ""C06"": 0.025379339477178756, ""C07"": 0.025379339477178756, ""C08"": 0.025379339477178756, ""C09"": 0.025379339477178756, ""C10"": 0.025379339477178756, ""C11"": 0.025379339477178756, ""C12"": 0.025379339477178756, ""C13"": 0.025379339477178756, ""C14"": 0.025379339477178756, ""C15"": 0.025379339477178756, ""C16"": 0.024471864087570294, ""C17"": 0.025379339477178756, ""C18"": 0.025379339477178756, ""C19"": 0.025379339477178756, ""C20"": 0.025379339477178756}"
58,58,1,1326,7.726063,20,"{""C01"": 1.169302, ""C02"": 1.172371, ""C03"": 1.177683, ""C04"": 1.192148, ""C05"": 1.218367, ""C06"": 1.166703, ""C07"": 1.179187, ""C08"": 1.660022, ""C09"": 1.583544, ""C10"": 1.618456, ""C11"": 1.637745, ""C12"": 1.641744, ""C13"": 1.63798, ""C14"": 1.58193, ""C15"": 1.640376, ""C16"": 2.386248, ""C17"": 2.316776, ""C18"": 2.348454, ""C19"": 2.395788, ""C20"": 2.350051}","{""C01"": 0, ""C02"": 0, ""C03"": 0, ""C04"": 0, ""C05"": 0, ""C06"": 0, ""C07"": 0, ""C08"": 0, ""C09"": 0, ""C10"": 0, ""C11"": 0, ""C12"": 0, ""C13"": 0, ""C14"": 0, ""C15"": 0, ""C16"": 0, ""C17"": 0, ""C18"": 0, ""C19"": 1566, ""C20"": 0}","{""C01"": 0.025379596524722423, ""C02"": 0.025379596524722423, ""C03"": 0.025379596524722423, ""C04"": 0.025379596524722423, ""C05"": 0.025379596524722423, ""C06"": 0.025379596524722423, ""C07"": 0.025379596524722423, ""C08"": 0.025379596524722423, ""C09"": 0.025379596524722423, ""C10"": 0.025379596524722423, ""C11"": 0.025379596524722423, ""C12"": 0.025379596524722423, ""C13"": 0.025379596524722423, ""C14"": 0.025379596524722423, ""C15"": 0.025379596524722423, ""C16"": 0.025379596524722423, ""C17"": 0.025379596524722423, ""C18"": 0.025379596524722423, ""C19"": 0.024472701136226918, ""C20"": 0.025379596524722423}"
59,59,1,412,2.419329,20,"{""C01"": 1.163717, ""C02"": 1.166645, ""C03"": 1.174602, ""C04"": 1.193253, ""C05"": 1.223232, ""C06"": 1.161204, ""C07"": 1.175482, ""C08"": 1.669075, ""C09"": 1.590683, ""C10"": 1.620479, ""C11"": 1.633853, ""C12"": 1.633924, ""C13"": 1.630063, ""C14"": 1.588637, ""C15"": 1.636552, ""C16"": 2.381077, ""C17"": 2.319167, ""C18"": 2.357549, ""C19"": 2.407577, ""C20"": 2.358428}","{""C01"": 0, ""C02"": 0, ""C03"": 0, ""C04"": 0, ""C05"": 0, ""C06"": 0, ""C07"": 0, ""C08"": 0, ""C09"": 0, ""C10"": 0, ""C11"": 0, ""C12"": 0, ""C13"": 0, ""C14"": 0, ""C15"": 0, ""C16"": 0, ""C17"": 0, ""C18"": 0, ""C19"": 1564, ""C20"": 0}","{""C01"": 0.025382898024493034, ""C02"": 0.025382898024493034, ""C03"": 0.025382898024493034, ""C04"": 0.025382898024493034, ""C05"": 0.025382898024493034, ""C06"": 0.025382898024493034, ""C07"": 0.025382898024493034, ""C08"": 0.025382898024493034, ""C09"": 0.025382898024493034, ""C10"": 0.025382898024493034, ""C11"": 0.025382898024493034, ""C12"": 0.025382898024493034, ""C13"": 0.025382898024493034, ""C14"": 0.025382898024493034, ""C15"": 0.025382898024493034, ""C16"": 0.025382898024493034, ""C17"": 0.025382898024493034, ""C18"": 0.025382898024493034, ""C19"": 0.02447716017969314, ""C20"": 0.025382898024493034}"
60,60,1,282,1.657511,20,"{""C01"": 1.157722, ""C02"": 1.16157, ""C03"": 1.172921, ""C04"": 1.195842, ""C05"": 1.228961, ""C06"": 1.155429, ""C07"": 1.173079, ""C08"": 1.677887, ""C09"": 1.596238, ""C10"": 1.620308, ""C11"": 1.628181, ""C12"": 1.625561, ""C13"": 1.623087, ""C14"": 1.593862, ""C15"": 1.630772, ""C16"": 2.378432, ""C17"": 2.324201, ""C18"": 2.368144, ""C19"": 2.419, ""C20"": 2.368307}","{""C01"": 0, ""C02"": 0, ""C03"": 0, ""C04"": 0, ""C05"": 0, ""C06"": 0, ""C07"": 0, ""C08"": 0, ""C09"": 0, ""C10"": 0, ""C11"": 0, ""C12"": 0, ""C13"": 0, ""C14"": 0, ""C15"": 0, ""C16"": 0, ""C17"": 0, ""C18"": 0, ""C19"": 1562, ""C20"": 0}","{""C01"": 0.025386033535282876, ""C02"": 0.025386033535282876, ""C03"": 0.025386033535282876, ""C04"": 0.025386033535282876, ""C05"": 0.025386033535282876, ""C06"": 0.025386033535282876, ""C07"": 0.025386033535282876, ""C08"": 0.025386033535282876, ""C09"": 0.025386033535282876, ""C10"": 0.025386033535282876, ""C11"": 0.025386033535282876, ""C12"": 0.025386033535282876, ""C13"": 0.025386033535282876, ""C14"": 0.025386033535282876, ""C15"": 0.025386033535282876, ""C16"": 0.025386033535282876, ""C17"": 0.025386033535282876, ""C18"": 0.025386033535282876, ""C19"": 0.02448145337878201, ""C20"": 0.025386033535282876}"
61,61,1,251,1.471164,20,"{""C01"": 1.151701, ""C02"": 1.157474, ""C03"": 1.172757, ""C04"": 1.199767, ""C05"": 1.235209, ""C06"": 1.149753, ""C07"": 1.172131, ""C08"": 1.685931, ""C09"": 1.599884, ""C10"": 1.617974, ""C11"": 1.6211, ""C12"": 1.617197, ""C13"": 1.617507, ""C14"": 1.59729, ""C15"": 1.623413, ""C16"": 2.378511, ""C17"": 2.331601, ""C18"": 2.379617, ""C19"": 2.429382, ""C20"": 2.379083}","{""C01"": 0, ""C02"": 0, ""C03"": 0, ""C04"": 0, ""C05"": 0, ""C06"": 0, ""C07"": 0, ""C08"": 0, ""C09"": 0, ""C10"": 0, ""C11"": 0, ""C12"": 0, ""C13"": 0, ""C14"": 0, ""C15"": 0, ""C16"": 0, ""C17"": 0, ""C18"": 0, ""C19"": 1559, ""C20"": 0}","{""C01"": 0.025388173371521203, ""C02"": 0.025388173371521203, ""C03"": 0.025388173371521203, ""C04"": 0.025388173371521203, ""C05"": 0.025388173371521203, ""C06"": 0.025388173371521203, ""C07"": 0.025388173371521203, ""C08"": 0.025388173371521203, ""C09"": 0.025388173371521203, ""C10"": 0.025388173371521203, ""C11"": 0.025388173371521203, ""C12"": 0.025388173371521203, ""C13"": 0.025388173371521203, ""C14"": 0.025388173371521203, ""C15"": 0.025388173371521203, ""C16"": 0.025388173371521203, ""C17"": 0.025388173371521203, ""C18"": 0.025388173371521203, ""C19"": 0.024485332016252324, ""C20"": 0.025388173371521203}"
62,62,1,270,1.588181,20,"{""C01"": 1.146042, ""C02"": 1.154624, ""C03"": 1.174131, ""C04"": 1.204795, ""C05"": 1.241599, ""C06"": 1.144552, ""C07"": 1.172702, ""C08"": 1.692726, ""C09"": 1.601413, ""C10"": 1.613643, ""C11"": 1.61307, ""C12"": 1.609369, ""C13"": 1.613688, ""C14"": 1.598719, ""C15"": 1.614946, ""C16"": 2.381343, ""C17"": 2.34094, ""C18"": 2.391287, ""C19"": 2.438111, ""C20"": 2.390091}","{""C01"": 0, ""C02"": 0, ""C03"": 0, ""C04"": 0, ""C05"": 0, ""C06"": 0, ""C07"": 0, ""C08"": 0, ""C09"": 0, ""C10"": 0, ""C11"": 0, ""C12"": 0, ""C13"": 0, ""C14"": 0, ""C15"": 0, ""C16"": 0, ""C17"": 0, ""C18"": 0, ""C19"": 1558, ""C20"": 0}","{""C01"": 0.025390840141216897, ""C02"": 0.025390840141216897, ""C03"": 0.025390840141216897, ""C04"": 0.025390840141216897, ""C05"": 0.025390840141216897, ""C06"": 0.025390840141216897, ""C07"": 0.025390840141216897, ""C08"": 0.025390840141216897, ""C09"": 0.025390840141216897, ""C10"": 0.025390840141216897, ""C11"": 0.025390840141216897, ""C12"": 0.025390840141216897, ""C13"": 0.025390840141216897, ""C14"": 0.025390840141216897, ""C15"": 0.025390840141216897, ""C16"": 0.025390840141216897, ""C17"": 0.025390840141216897, ""C18"": 0.025390840141216897, ""C19"": 0.024488576654871176, ""C20"": 0.025390840141216897}"
63,63,1,280,1.648931,20,"{""C01"": 1.141106, ""C02"": 1.153207, ""C03"": 1.17697, ""C04"": 1.210623, ""C05"": 1.247746, ""C06"": 1.140172, ""C07"": 1.174761, ""C08"": 1.697867, ""C09"": 1.600748, ""C10"": 1.607601, ""C11"": 1.604609, ""C12"": 1.602584, ""C13"": 1.611886, ""C14"": 1.598075, ""C15"": 1.605908, ""C16"": 2.386782, ""C17"": 2.351669, ""C18"": 2.40246, ""C19"": 2.444674, ""C20"": 2.400651}","{""C01"": 0, ""C02"": 0, ""C03"": 0, ""C04"": 0, ""C05"": 0, ""C06"": 0, ""C07"": 0, ""C08"": 0, ""C09"": 0, ""C10"": 0, ""C11"": 0, ""C12"": 0, ""C13"": 0, ""C14"": 0, ""C15"": 0, ""C16"": 0, ""C17"": 0, ""C18"": 0, ""C19"": 1556, ""C20"": 0}","{""C01"": 0.02539210994617358, ""C02"": 0.02539210994617358, ""C03"": 0.02539210994617358, ""C04"": 0.02539210994617358, ""C05"": 0.02539210994617358, ""C06"": 0.02539210994617358, ""C07"": 0.02539210994617358, ""C08"": 0.02539210994617358, ""C09"": 0.02539210994617358, ""C10"": 0.02539210994617358, ""C11"": 0.02539210994617358, ""C12"": 0.02539210994617358, ""C13"": 0.02539210994617358, ""C14"": 0.02539210994617358, ""C15"": 0.02539210994617358, ""C16"": 0.02539210994617358, ""C17"": 0.02539210994617358, ""C18"": 0.02539210994617358, ""C19"": 0.024491005801724558, ""C20"": 0.02539210994617358}"
64,64,1,365,2.106390,20,"{""C01"": 1.13721, ""C02"": 1.153322, ""C03"": 1.181105, ""C04"": 1.2169, ""C05"": 1.253277, ""C06"": 1.136908, ""C07"": 1.178179, ""C08"": 1.701051, ""C09"": 1.597948, ""C10"": 1.600241, ""C11"": 1.596258, ""C12"": 1.597279, ""C13"": 1.61223, ""C14"": 1.595417, ""C15"": 1.596866, ""C16"": 2.394521, ""C17"": 2.363148, ""C18"": 2.412469, ""C19"": 2.448693, ""C20"": 2.41011}","{""C01"": 0, ""C02"": 0, ""C03"": 0, ""C04"": 0, ""C05"": 0, ""C06"": 0, ""C07"": 0, ""C08"": 0, ""C09"": 0, ""C10"": 0, ""C11"": 0, ""C12"": 0, ""C13"": 0, ""C14"": 0, ""C15"": 0, ""C16"": 0, ""C17"": 0, ""C18"": 0, ""C19"": 1555, ""C20"": 0}","{""C01"": 0.02539301383345985, ""C02"": 0.02539301383345985, ""C03"": 0.02539301383345985, ""C04"": 0.02539301383345985, ""C05"": 0.02539301383345985, ""C06"": 0.02539301383345985, ""C07"": 0.02539301383345985, ""C08"": 0.02539301383345985, ""C09"": 0.02539301383345985, ""C10"": 0.02539301383345985, ""C11"": 0.02539301383345985, ""C12"": 0.02539301383345985, ""C13"": 0.02539301383345985, ""C14"": 0.02539301383345985, ""C15"": 0.02539301383345985, ""C16"": 0.02539301383345985, ""C17"": 0.02539301383345985, ""C18"": 0.02539301383345985, ""C19"": 0.024492489121925004, ""C20"": 0.02539301383345985}"
65,65,1,412,2.395055,20,"{""C01"": 1.134605, ""C02"": 1.15497, ""C03"": 1.186291, ""C04"": 1.223244, ""C05"": 1.257857, ""C06"": 1.134989, ""C07"": 1.182749, ""C08"": 1.702096, ""C09"": 1.5932, ""C10"": 1.592035, ""C11"": 1.588554, ""C12"": 1.5938, ""C13"": 1.614713, ""C14"": 1.590926, ""C15"": 1.588387, ""C16"": 2.404103, ""C17"": 2.374692, ""C18"": 2.42072, ""C19"": 2.449944, ""C20"": 2.417886}","{""C01"": 0, ""C02"": 0, ""C03"": 0, ""C04"": 0, ""C05"": 0, ""C06"": 0, ""C07"": 0, ""C08"": 0, ""C09"": 0, ""C10"": 0, ""C11"": 0, ""C12"": 0, ""C13"": 0, ""C14"": 0, ""C15"": 0, ""C16"": 0, ""C17"": 0, ""C18"": 0, ""C19"": 1555, ""C20"": 0}","{""C01"": 0.025393475451461173, ""C02"": 0.025393475451461173, ""C03"": 0.025393475451461173, ""C04"": 0.025393475451461173, ""C05"": 0.025393475451461173, ""C06"": 0.025393475451461173, ""C07"": 0.025393475451461173, ""C08"": 0.025393475451461173, ""C09"": 0.025393475451461173, ""C10"": 0.025393475451461173, ""C11"": 0.025393475451461173, ""C12"": 0.025393475451461173, ""C13"": 0.025393475451461173, ""C14"": 0.025393475451461173, ""C15"": 0.025393475451461173, ""C16"": 0.025393475451461173, ""C17"": 0.025393475451461173, ""C18"": 0.025393475451461173, ""C19"": 0.02449295032963303, ""C20"": 0.025393475451461173}"
66,66,1,560,3.263261,20,"{""C01"": 1.133464, ""C02"": 1.158057, ""C03"": 1.192212, ""C04"": 1.22927, ""C05"": 1.26121, ""C06"": 1.134564, ""C07"": 1.188189, ""C08"": 1.70095, ""C09"": 1.586816, ""C10"": 1.583508, ""C11"": 1.581988, ""C12"": 1.592377, ""C13"": 1.619196, ""C14"": 1.584909, ""C15"": 1.580996, ""C16"": 2.414958, ""C17"": 2.385607, ""C18"": 2.426723, ""C19"": 2.448374, ""C20"": 2.4235}","{""C01"": 0, ""C02"": 0, ""C03"": 0, ""C04"": 0, ""C05"": 0, ""C06"": 0, ""C07"": 0, ""C08"": 0, ""C09"": 0, ""C10"": 0, ""C11"": 0, ""C12"": 0, ""C13"": 0, ""C14"": 0, ""C15"": 0, ""C16"": 0, ""C17"": 0, ""C18"": 0, ""C19"": 1556, ""C20"": 0}","{""C01"": 0.02539347711762184, ""C02"": 0.02539347711762184, ""C03"": 0.02539347711762184, ""C04"": 0.02539347711762184, ""C05"": 0.02539347711762184, ""C06"": 0.02539347711762184, ""C07"": 0.02539347711762184, ""C08"": 0.02539347711762184, ""C09"": 0.02539347711762184, ""C10"": 0.02539347711762184, ""C11"": 0.02539347711762184, ""C12"": 0.02539347711762184, ""C13"": 0.02539347711762184, ""C14"": 0.02539347711762184, ""C15"": 0.02539347711762184, ""C16"": 0.02539347711762184, ""C17"": 0.02539347711762184, ""C18"": 0.02539347711762184, ""C19"": 0.024492371758814538, ""C20"": 0.02539347711762184}"
67,67,1,805,4.821994,20,"{""C01"": 1.133863, ""C02"": 1.1624, ""C03"": 1.198508, ""C04"": 1.234611, ""C05"": 1.263135, ""C06"": 1.135682, ""C07"": 1.194162, ""C08"": 1.6977, ""C09"": 1.579205, ""C10"": 1.575204, ""C11"": 1.576983, ""C12"": 1.593113, ""C13"": 1.625413, ""C14"": 1.577762, ""C15"": 1.575153, ""C16"": 2.426436, ""C17"": 2.395238, ""C18"": 2.43013, ""C19"": 2.444106, ""C20"": 2.426614}","{""C01"": 0, ""C02"": 0, ""C03"": 0, ""C04"": 0, ""C05"": 0, ""C06"": 0, ""C07"": 0, ""C08"": 0, ""C09"": 0, ""C10"": 0, ""C11"": 0, ""C12"": 0, ""C13"": 0, ""C14"": 0, ""C15"": 0, ""C16"": 0, ""C17"": 0, ""C18"": 0, ""C19"": 1556, ""C20"": 0}","{""C01"": 0.02539189979914218, ""C02"": 0.02539189979914218, ""C03"": 0.02539189979914218, ""C04"": 0.02539189979914218, ""C05"": 0.02539189979914218, ""C06"": 0.02539189979914218, ""C07"": 0.02539189979914218, ""C08"": 0.02539189979914218, ""C09"": 0.02539189979914218, ""C10"": 0.02539189979914218, ""C11"": 0.02539189979914218, ""C12"": 0.02539189979914218, ""C13"": 0.02539189979914218, ""C14"": 0.02539189979914218, ""C15"": 0.02539189979914218, ""C16"": 0.02539189979914218, ""C17"": 0.02539189979914218, ""C18"": 0.02539189979914218, ""C19"": 0.024490795841344393, ""C20"": 0.02539189979914218}"
68,68,1,459,2.693146,20,"{""C01"": 1.135786, ""C02"": 1.167737, ""C03"": 1.204797, ""C04"": 1.238943, ""C05"": 1.263522, ""C06"": 1.138302, ""C07"": 1.200305, ""C08"": 1.692559, ""C09"": 1.570854, ""C10"": 1.567651, ""C11"": 1.573862, ""C12"": 1.595973, ""C13"": 1.632991, ""C14"": 1.56996, ""C15"": 1.571217, ""C16"": 2.437842, ""C17"": 2.403008, ""C18"": 2.430749, ""C19"": 2.437424, ""C20"": 2.427041}","{""C01"": 0, ""C02"": 0, ""C03"": 0, ""C04"": 0, ""C05"": 0, ""C06"": 0, ""C07"": 0, ""C08"": 0, ""C09"": 0, ""C10"": 0, ""C11"": 0, ""C12"": 0, ""C13"": 0, ""C14"": 0, ""C15"": 0, ""C16"": 650, ""C17"": 0, ""C18"": 312, ""C19"": 597, ""C20"": 0}","{""C01"": 0.025390734403888504, ""C02"": 0.025390734403888504, ""C03"": 0.025390734403888504, ""C04"": 0.025390734403888504, ""C05"": 0.025390734403888504, ""C06"": 0.025390734403888504, ""C07"": 0.025390734403888504, ""C08"": 0.025390734403888504, ""C09"": 0.025390734403888504, ""C10"": 0.025390734403888504, ""C11"": 0.025390734403888504, ""C12"": 0.025390734403888504, ""C13"": 0.025390734403888504, ""C14"": 0.025390734403888504, ""C15"": 0.025390734403888504, ""C16"": 0.025014310328398147, ""C17"": 0.025390734403888504, ""C18"": 0.025210049532307, ""C19"": 0.02504500302295867, ""C20"": 0.025390734403888504}"
69,69,1,595,3.452598,20,"{""C01"": 1.139121, ""C02"": 1.173742, ""C03"": 1.210693, ""C04"": 1.242002, ""C05"": 1.262351, ""C06"": 1.142287, ""C07"": 1.206239, ""C08"": 1.685858, ""C09"": 1.562293, ""C10"": 1.561331, ""C11"": 1.572831, ""C12"": 1.600792, ""C13"": 1.641469, ""C14"": 1.562018, ""C15"": 1.569431, ""C16"": 2.448489, ""C17"": 2.408454, ""C18"": 2.428563, ""C19"": 2.428765, ""C20"": 2.424768}","{""C01"": 0, ""C02"": 0, ""C03"": 0, ""C04"": 0, ""C05"": 0, ""C06"": 0, ""C07"": 0, ""C08"": 0, ""C09"": 0, ""C10"": 0, ""C11"": 0, ""C12"": 0, ""C13"": 0, ""C14"": 0, ""C15"": 0, ""C16"": 1556, ""C17"": 0, ""C18"": 0, ""C19"": 0, ""C20"": 0}","{""C01"": 0.025393519562405112, ""C02"": 0.025393519562405112, ""C03"": 0.025393519562405112, ""C04"": 0.025393519562405112, ""C05"": 0.025393519562405112, ""C06"": 0.025393519562405112, ""C07"": 0.025393519562405112, ""C08"": 0.025393519562405112, ""C09"": 0.025393519562405112, ""C10"": 0.025393519562405112, ""C11"": 0.025393519562405112, ""C12"": 0.025393519562405112, ""C13"": 0.025393519562405112, ""C14"": 0.025393519562405112, ""C15"": 0.025393519562405112, ""C16"": 0.02449241416589605, ""C17"": 0.025393519562405112, ""C18"": 0.025393519562405112, ""C19"": 0.025393519562405112, ""C20"": 0.025393519562405112}"
70,70,1,389,2.273078,20,"{""C01"": 1.143666, ""C02"": 1.180048, ""C03"": 1.215836, ""C04"": 1.243606, ""C05"": 1.259704, ""C06"": 1.14741, ""C07"": 1.211602, ""C08"": 1.678025, ""C09"": 1.554064, ""C10"": 1.556647, ""C11"": 1.573966, ""C12"": 1.607281, ""C13"": 1.650331, ""C14"": 1.554458, ""C15"": 1.569902, ""C16"": 2.457734, ""C17"": 2.411255, ""C18"": 2.423726, ""C19"": 2.418687, ""C20"": 2.419952}","{""C01"": 0, ""C02"": 0, ""C03"": 0, ""C04"": 0, ""C05"": 0, ""C06"": 0, ""C07"": 0, ""C08"": 0, ""C09"": 0, ""C10"": 0, ""C11"": 0, ""C12"": 0, ""C13"": 0, ""C14"": 0, ""C15"": 0, ""C16"": 1554, ""C17"": 0, ""C18"": 0, ""C19"": 0, ""C20"": 0}","{""C01"": 0.025395761650777032, ""C02"": 0.025395761650777032, ""C03"": 0.025395761650777032, ""C04"": 0.025395761650777032, ""C05"": 0.025395761650777032, ""C06"": 0.025395761650777032, ""C07"": 0.025395761650777032, ""C08"": 0.025395761650777032, ""C09"": 0.025395761650777032, ""C10"": 0.025395761650777032, ""C11"": 0.025395761650777032, ""C12"": 0.025395761650777032, ""C13"": 0.025395761650777032, ""C14"": 0.025395761650777032, ""C15"": 0.025395761650777032, ""C16"": 0.024495814732438167, ""C17"": 0.025395761650777032, ""C18"": 0.025395761650777032, ""C19"": 0.025395761650777032, ""C20"": 0.025395761650777032}"
71,71,1,263,1.540472,20,"{""C01"": 1.149146, ""C02"": 1.186269, ""C03"": 1.219914, ""C04"": 1.243661, ""C05"": 1.255749, ""C06"": 1.153378, ""C07"": 1.21607, ""C08"": 1.669558, ""C09"": 1.546691, ""C10"": 1.553901, ""C11"": 1.577204, ""C12"": 1.615047, ""C13"": 1.659037, ""C14"": 1.547787, ""C15"": 1.572598, ""C16"": 2.465018, ""C17"": 2.411256, ""C18"": 2.416556, ""C19"": 2.407833, ""C20"": 2.412911}","{""C01"": 0, ""C02"": 0, ""C03"": 0, ""C04"": 0, ""C05"": 0, ""C06"": 0, ""C07"": 0, ""C08"": 0, ""C09"": 0, ""C10"": 0, ""C11"": 0, ""C12"": 0, ""C13"": 0, ""C14"": 0, ""C15"": 0, ""C16"": 1552, ""C17"": 0, ""C18"": 0, ""C19"": 0, ""C20"": 0}","{""C01"": 0.025397269817093324, ""C02"": 0.025397269817093324, ""C03"": 0.025397269817093324, ""C04"": 0.025397269817093324, ""C05"": 0.025397269817093324, ""C06"": 0.025397269817093324, ""C07"": 0.025397269817093324, ""C08"": 0.025397269817093324, ""C09"": 0.025397269817093324, ""C10"": 0.025397269817093324, ""C11"": 0.025397269817093324, ""C12"": 0.025397269817093324, ""C13"": 0.025397269817093324, ""C14"": 0.025397269817093324, ""C15"": 0.025397269817093324, ""C16"": 0.02449848203105257, ""C17"": 0.025397269817093324, ""C18"": 0.025397269817093324, ""C19"": 0.025397269817093324, ""C20"": 0.025397269817093324}"
72,72,1,207,1.208597,20,"{""C01"": 1.155224, ""C02"": 1.192025, ""C03"": 1.222677, ""C04"": 1.242169, ""C05"": 1.25074, ""C06"": 1.159834, ""C07"": 1.219372, ""C08"": 1.660991, ""C09"": 1.54064, ""C10"": 1.553273, ""C11"": 1.582355, ""C12"": 1.623615, ""C13"": 1.667054, ""C14"": 1.542449, ""C15"": 1.577352, ""C16"": 2.469906, ""C17"": 2.408472, ""C18"": 2.407516, ""C19"": 2.396894, ""C20"": 2.404103}","{""C01"": 0, ""C02"": 0, ""C03"": 0, ""C04"": 0, ""C05"": 0, ""C06"": 0, ""C07"": 0, ""C08"": 0, ""C09"": 0, ""C10"": 0, ""C11"": 0, ""C12"": 0, ""C13"": 0, ""C14"": 0, ""C15"": 0, ""C16"": 1551, ""C17"": 0, ""C18"": 0, ""C19"": 0, ""C20"": 0}","{""C01"": 0.025398474838823723, ""C02"": 0.025398474838823723, ""C03"": 0.025398474838823723, ""C04"": 0.025398474838823723, ""C05"": 0.025398474838823723, ""C06"": 0.025398474838823723, ""C07"": 0.025398474838823723, ""C08"": 0.025398474838823723, ""C09"": 0.025398474838823723, ""C10"": 0.025398474838823723, ""C11"": 0.025398474838823723, ""C12"": 0.025398474838823723, ""C13"": 0.025398474838823723, ""C14"": 0.025398474838823723, ""C15"": 0.025398474838823723, ""C16"": 0.024500266217834746, ""C17"": 0.025398474838823723, ""C18"": 0.025398474838823723, ""C19"": 0.025398474838823723, ""C20"": 0.025398474838823723}"
73,73,1,186,1.087381,20,"{""C01"": 1.161528, ""C02"": 1.196963, ""C03"": 1.223959, ""C04"": 1.239227, ""C05"": 1.244992, ""C06"": 1.166393, ""C07"": 1.221316, ""C08"": 1.652866, ""C09"": 1.536296, ""C10"": 1.554811, ""C11"": 1.589107, ""C12"": 1.632463, ""C13"": 1.673893, ""C14"": 1.538809, ""C15"": 1.58387, ""C16"": 2.472108, ""C17"": 2.403092, ""C18"": 2.397183, ""C19"": 2.386565, ""C20"": 2.394102}","{""C01"": 0, ""C02"": 0, ""C03"": 0, ""C04"": 0, ""C05"": 0, ""C06"": 0, ""C07"": 0, ""C08"": 0, ""C09"": 0, ""C10"": 0, ""C11"": 0, ""C12"": 0, ""C13"": 0, ""C14"": 0, ""C15"": 0, ""C16"": 1551, ""C17"": 0, ""C18"": 0, ""C19"": 0, ""C20"": 0}","{""C01"": 0.025399277927737926, ""C02"": 0.025399277927737926, ""C03"": 0.025399277927737926, ""C04"": 0.025399277927737926, ""C05"": 0.025399277927737926, ""C06"": 0.025399277927737926, ""C07"": 0.025399277927737926, ""C08"": 0.025399277927737926, ""C09"": 0.025399277927737926, ""C10"": 0.025399277927737926, ""C11"": 0.025399277927737926, ""C12"": 0.025399277927737926, ""C13"": 0.025399277927737926, ""C14"": 0.025399277927737926, ""C15"": 0.025399277927737926, ""C16"": 0.02450106859092484, ""C17"": 0.025399277927737926, ""C18"": 0.025399277927737926, ""C19"": 0.025399277927737926, ""C20"": 0.025399277927737926}"
74,74,1,169,0.994028,20,"{""C01"": 1.167671, ""C02"": 1.20078, ""C03"": 1.223686, ""C04"": 1.235024, ""C05"": 1.238867, ""C06"": 1.17266, ""C07"": 1.22179, ""C08"": 1.645697, ""C09"": 1.533939, ""C10"": 1.558426, ""C11"": 1.597049, ""C12"": 1.641048, ""C13"": 1.679137, ""C14"": 1.537127, ""C15"": 1.591751, ""C16"": 2.471501, ""C17"": 2.395464, ""C18"": 2.386212, ""C19"": 2.377503, ""C20"": 2.383554}","{""C01"": 0, ""C02"": 0, ""C03"": 0, ""C04"": 0, ""C05"": 0, ""C06"": 0, ""C07"": 0, ""C08"": 0, ""C09"": 0, ""C10"": 0, ""C11"": 0, ""C12"": 0, ""C13"": 0, ""C14"": 0, ""C15"": 0, ""C16"": 1551, ""C17"": 0, ""C18"": 0, ""C19"": 0, ""C20"": 0}","{""C01"": 0.02539905665386008, ""C02"": 0.02539905665386008, ""C03"": 0.02539905665386008, ""C04"": 0.02539905665386008, ""C05"": 0.02539905665386008, ""C06"": 0.02539905665386008, ""C07"": 0.02539905665386008, ""C08"": 0.02539905665386008, ""C09"": 0.02539905665386008, ""C10"": 0.02539905665386008, ""C11"": 0.02539905665386008, ""C12"": 0.02539905665386008, ""C13"": 0.02539905665386008, ""C14"": 0.02539905665386008, ""C15"": 0.02539905665386008, ""C16"": 0.0245008475142796, ""C17"": 0.02539905665386008, ""C18"": 0.02539905665386008, ""C19"": 0.02539905665386008, ""C20"": 0.02539905665386008}"
75,75,1,160,0.943661,20,"{""C01"": 1.173277, ""C02"": 1.203243, ""C03"": 1.221879, ""C04"": 1.229826, ""C05"": 1.232752, ""C06"": 1.178253, ""C07"": 1.220778, ""C08"": 1.639937, ""C09"": 1.533721, ""C10"": 1.563903, ""C11"": 1.605693, ""C12"": 1.648844, ""C13"": 1.682467, ""C14"": 1.537535, ""C15"": 1.60051, ""C16"": 2.468138, ""C17"": 2.386076, ""C18"": 2.3753, ""C19"": 2.370285, ""C20"": 2.373148}","{""C01"": 0, ""C02"": 0, ""C03"": 0, ""C04"": 0, ""C05"": 0, ""C06"": 0, ""C07"": 0, ""C08"": 0, ""C09"": 0, ""C10"": 0, ""C11"": 0, ""C12"": 0, ""C13"": 0, ""C14"": 0, ""C15"": 0, ""C16"": 1552, ""C17"": 0, ""C18"": 0, ""C19"": 0, ""C20"": 0}","{""C01"": 0.025398410356876483, ""C02"": 0.025398410356876483, ""C03"": 0.025398410356876483, ""C04"": 0.025398410356876483, ""C05"": 0.025398410356876483, ""C06"": 0.025398410356876483, ""C07"": 0.025398410356876483, ""C08"": 0.025398410356876483, ""C09"": 0.025398410356876483, ""C10"": 0.025398410356876483, ""C11"": 0.025398410356876483, ""C12"": 0.025398410356876483, ""C13"": 0.025398410356876483, ""C14"": 0.025398410356876483, ""C15"": 0.025398410356876483, ""C16"": 0.024499621554931867, ""C17"": 0.025398410356876483, ""C18"": 0.025398410356876483, ""C19"": 0.025398410356876483, ""C20"": 0.025398410356876483}"
76,76,1,150,0.869632,20,"{""C01"": 1.177999, ""C02"": 1.204205, ""C03"": 1.218655, ""C04"": 1.22396, ""C05"": 1.227031, ""C06"": 1.182826, ""C07"": 1.218355, ""C08"": 1.635951, ""C09"": 1.535664, ""C10"": 1.570907, ""C11"": 1.61451, ""C12"": 1.655373, ""C13"": 1.683683, ""C14"": 1.540038, ""C15"": 1.609612, ""C16"": 2.462238, ""C17"": 2.375523, ""C18"": 2.365137, ""C19"": 2.365371, ""C20"": 2.363561}","{""C01"": 0, ""C02"": 0, ""C03"": 0, ""C04"": 0, ""C05"": 0, ""C06"": 0, ""C07"": 0, ""C08"": 0, ""C09"": 0, ""C10"": 0, ""C11"": 0, ""C12"": 0, ""C13"": 0, ""C14"": 0, ""C15"": 0, ""C16"": 1553, ""C17"": 0, ""C18"": 0, ""C19"": 0, ""C20"": 0}","{""C01"": 0.025396832963681004, ""C02"": 0.025396832963681004, ""C03"": 0.025396832963681004, ""C04"": 0.025396832963681004, ""C05"": 0.025396832963681004, ""C06"": 0.025396832963681004, ""C07"": 0.025396832963681004, ""C08"": 0.025396832963681004, ""C09"": 0.025396832963681004, ""C10"": 0.025396832963681004, ""C11"": 0.025396832963681004, ""C12"": 0.025396832963681004, ""C13"": 0.025396832963681004, ""C14"": 0.025396832963681004, ""C15"": 0.025396832963681004, ""C16"": 0.02449746532884841, ""C17"": 0.025396832963681004, ""C18"": 0.025396832963681004, ""C19"": 0.025396832963681004, ""C20"": 0.025396832963681004}"
77,77,1,146,0.853590,20,"{""C01"": 1.18155, ""C02"": 1.203608, ""C03"": 1.214217, ""C04"": 1.217794, ""C05"": 1.222062, ""C06"": 1.186098, ""C07"": 1.21468, ""C08"": 1.633993, ""C09"": 1.539653, ""C10"": 1.579009, ""C11"": 1.622958, ""C12"": 1.660236, ""C13"": 1.682716, ""C14"": 1.544504, ""C15"": 1.618503, ""C16"": 2.45418, ""C17"": 2.364473, ""C18"": 2.356366, ""C19"": 2.363078, ""C20"": 2.355425}","{""C01"": 0, ""C02"": 0, ""C03"": 0, ""C04"": 0, ""C05"": 0, ""C06"": 0, ""C07"": 0, ""C08"": 0, ""C09"": 0, ""C10"": 0, ""C11"": 0, ""C12"": 0, ""C13"": 0, ""C14"": 0, ""C15"": 0, ""C16"": 1554, ""C17"": 0, ""C18"": 0, ""C19"": 0, ""C20"": 0}","{""C01"": 0.02539445501650238, ""C02"": 0.02539445501650238, ""C03"": 0.02539445501650238, ""C04"": 0.02539445501650238, ""C05"": 0.02539445501650238, ""C06"": 0.02539445501650238, ""C07"": 0.02539445501650238, ""C08"": 0.02539445501650238, ""C09"": 0.02539445501650238, ""C10"": 0.02539445501650238, ""C11"": 0.02539445501650238, ""C12"": 0.02539445501650238, ""C13"": 0.02539445501650238, ""C14"": 0.02539445501650238, ""C15"": 0.02539445501650238, ""C16"": 0.02449450926036768, ""C17"": 0.02539445501650238, ""C18"": 0.02539445501650238, ""C19"": 0.02539445501650238, ""C20"": 0.02539445501650238}"
78,78,1,162,1.549630,20,"{""C01"": 1.183711, ""C02"": 1.201494, ""C03"": 1.208846, ""C04"": 1.211716, ""C05"": 1.21816, ""C06"": 1.187859, ""C07"": 1.209995, ""C08"": 1.634191, ""C09"": 1.545447, ""C10"": 1.587713, ""C11"": 1.630518, ""C12"": 1.663136, ""C13"": 1.679633, ""C14"": 1.550678, ""C15"": 1.626645, ""C16"": 2.444476, ""C17"": 2.353624, ""C18"": 2.349544, ""C19"": 2.36356, ""C20"": 2.34928}","{""C01"": 0, ""C02"": 0, ""C03"": 0, ""C04"": 0, ""C05"": 0, ""C06"": 0, ""C07"": 0, ""C08"": 0, ""C09"": 0, ""C10"": 0, ""C11"": 0, ""C12"": 0, ""C13"": 0, ""C14"": 0, ""C15"": 0, ""C16"": 1556, ""C17"": 0, ""C18"": 0, ""C19"": 0, ""C20"": 0}","{""C01"": 0.02539203669879596, ""C02"": 0.02539203669879596, ""C03"": 0.02539203669879596, ""C04"": 0.02539203669879596, ""C05"": 0.02539203669879596, ""C06"": 0.02539203669879596, ""C07"": 0.02539203669879596, ""C08"": 0.02539203669879596, ""C09"": 0.02539203669879596, ""C10"": 0.02539203669879596, ""C11"": 0.02539203669879596, ""C12"": 0.02539203669879596, ""C13"": 0.02539203669879596, ""C14"": 0.02539203669879596, ""C15"": 0.02539203669879596, ""C16"": 0.024490932619404895, ""C17"": 0.02539203669879596, ""C18"": 0.02539203669879596, ""C19"": 0.02539203669879596, ""C20"": 0.02539203669879596}"
79,79,1,190,1.757701,20,"{""C01"": 1.184351, ""C02"": 1.197998, ""C03"": 1.202879, ""C04"": 1.206107, ""C05"": 1.215569, ""C06"": 1.187993, ""C07"": 1.204601, ""C08"": 1.63654, ""C09"": 1.55269, ""C10"": 1.596482, ""C11"": 1.636725, ""C12"": 1.663899, ""C13"": 1.674631, ""C14"": 1.558193, ""C15"": 1.633547, ""C16"": 2.433738, ""C17"": 2.34366, ""C18"": 2.345103, ""C19"": 2.366796, ""C20"": 2.345546}","{""C01"": 0, ""C02"": 0, ""C03"": 0, ""C04"": 0, ""C05"": 0, ""C06"": 0, ""C07"": 0, ""C08"": 0, ""C09"": 0, ""C10"": 0, ""C11"": 0, ""C12"": 0, ""C13"": 0, ""C14"": 0, ""C15"": 0, ""C16"": 1559, ""C17"": 0, ""C18"": 0, ""C19"": 0, ""C20"": 0}","{""C01"": 0.025389795991752798, ""C02"": 0.025389795991752798, ""C03"": 0.025389795991752798, ""C04"": 0.025389795991752798, ""C05"": 0.025389795991752798, ""C06"": 0.025389795991752798, ""C07"": 0.025389795991752798, ""C08"": 0.025389795991752798, ""C09"": 0.025389795991752798, ""C10"": 0.025389795991752798, ""C11"": 0.025389795991752798, ""C12"": 0.025389795991752798, ""C13"": 0.025389795991752798, ""C14"": 0.025389795991752798, ""C15"": 0.025389795991752798, ""C16"": 0.0244869531982543, ""C17"": 0.025389795991752798, ""C18"": 0.025389795991752798, ""C19"": 0.025389795991752798, ""C20"": 0.025389795991752798}"
80,80,1,258,1.500293,20,"{""C01"": 1.183435, ""C02"": 1.193339, ""C03"": 1.19669, ""C04"": 1.201319, ""C05"": 1.214454, ""C06"": 1.186483, ""C07"": 1.198842, ""C08"": 1.640896, ""C09"": 1.560938, ""C10"": 1.604776, ""C11"": 1.641199, ""C12"": 1.662484, ""C13"": 1.668025, ""C14"": 1.566599, ""C15"": 1.638798, ""C16"": 2.422645, ""C17"": 2.33521, ""C18"": 2.343331, ""C19"": 2.372594, ""C20"": 2.344492}","{""C01"": 0, ""C02"": 0, ""C03"": 0, ""C04"": 0, ""C05"": 0, ""C06"": 0, ""C07"": 0, ""C08"": 0, ""C09"": 0, ""C10"": 0, ""C11"": 0, ""C12"": 0, ""C13"": 0, ""C14"": 0, ""C15"": 0, ""C16"": 1561, ""C17"": 0, ""C18"": 0, ""C19"": 0, ""C20"": 0}","{""C01"": 0.025386818291120855, ""C02"": 0.025386818291120855, ""C03"": 0.025386818291120855, ""C04"": 0.025386818291120855, ""C05"": 0.025386818291120855, ""C06"": 0.025386818291120855, ""C07"": 0.025386818291120855, ""C08"": 0.025386818291120855, ""C09"": 0.025386818291120855, ""C10"": 0.025386818291120855, ""C11"": 0.025386818291120855, ""C12"": 0.025386818291120855, ""C13"": 0.025386818291120855, ""C14"": 0.025386818291120855, ""C15"": 0.025386818291120855, ""C16"": 0.024482817671167723, ""C17"": 0.025386818291120855, ""C18"": 0.025386818291120855, ""C19"": 0.025386818291120855, ""C20"": 0.025386818291120855}"
81,81,1,397,2.324821,20,"{""C01"": 1.181022, ""C02"": 1.187811, ""C03"": 1.190667, ""C04"": 1.197652, ""C05"": 1.214888, ""C06"": 1.18341, ""C07"": 1.193083, ""C08"": 1.646996, ""C09"": 1.569683, ""C10"": 1.612085, ""C11"": 1.643667, ""C12"": 1.658982, ""C13"": 1.660232, ""C14"": 1.575381, ""C15"": 1.642092, ""C16"": 2.411893, ""C17"": 2.328807, ""C18"": 2.344344, ""C19"": 2.380603, ""C20"": 2.34622}","{""C01"": 0, ""C02"": 0, ""C03"": 0, ""C04"": 0, ""C05"": 0, ""C06"": 0, ""C07"": 0, ""C08"": 0, ""C09"": 0, ""C10"": 0, ""C11"": 0, ""C12"": 0, ""C13"": 0, ""C14"": 0, ""C15"": 0, ""C16"": 1563, ""C17"": 0, ""C18"": 0, ""C19"": 0, ""C20"": 0}","{""C01"": 0.025383943943698153, ""C02"": 0.025383943943698153, ""C03"": 0.025383943943698153, ""C04"": 0.025383943943698153, ""C05"": 0.025383943943698153, ""C06"": 0.025383943943698153, ""C07"": 0.025383943943698153, ""C08"": 0.025383943943698153, ""C09"": 0.025383943943698153, ""C10"": 0.025383943943698153, ""C11"": 0.025383943943698153, ""C12"": 0.025383943943698153, ""C13"": 0.025383943943698153, ""C14"": 0.025383943943698153, ""C15"": 0.025383943943698153, ""C16"": 0.02447878540452467, ""C17"": 0.025383943943698153, ""C18"": 0.025383943943698153, ""C19"": 0.025383943943698153, ""C20"": 0.025383943943698153}"
82,82,1,804,4.707418,20,"{""C01"": 1.177264, ""C02"": 1.181761, ""C03"": 1.185187, ""C04"": 1.195338, ""C05"": 1.216846, ""C06"": 1.178949, ""C07"": 1.187687, ""C08"": 1.654465, ""C09"": 1.578385, ""C10"": 1.617959, ""C11"": 1.643979, ""C12"": 1.653616, ""C13"": 1.651741, ""C14"": 1.583999, ""C15"": 1.643242, ""C16"": 2.402159, ""C17"": 2.324858, ""C18"": 2.348089, ""C19"": 2.390331, ""C20"": 2.350661}","{""C01"": 0, ""C02"": 0, ""C03"": 0, ""C04"": 0, ""C05"": 0, ""C06"": 0, ""C07"": 0, ""C08"": 0, ""C09"": 0, ""C10"": 0, ""C11"": 0, ""C12"": 0, ""C13"": 0, ""C14"": 0, ""C15"": 0, ""C16"": 1565, ""C17"": 0, ""C18"": 0, ""C19"": 0, ""C20"": 0}","{""C01"": 0.02538143127675943, ""C02"": 0.02538143127675943, ""C03"": 0.02538143127675943, ""C04"": 0.02538143127675943, ""C05"": 0.02538143127675943, ""C06"": 0.02538143127675943, ""C07"": 0.02538143127675943, ""C08"": 0.02538143127675943, ""C09"": 0.02538143127675943, ""C10"": 0.02538143127675943, ""C11"": 0.02538143127675943, ""C12"": 0.02538143127675943, ""C13"": 0.02538143127675943, ""C14"": 0.02538143127675943, ""C15"": 0.02538143127675943, ""C16"": 0.024475114497978467, ""C17"": 0.02538143127675943, ""C18"": 0.02538143127675943, ""C19"": 0.02538143127675943, ""C20"": 0.02538143127675943}"
83,83,1,156,0.915173,20,"{""C01"": 1.172399, ""C02"": 1.175566, ""C03"": 1.180593, ""C04"": 1.194523, ""C05"": 1.220209, ""C06"": 1.173363, ""C07"": 1.182992, ""C08"": 1.662841, ""C09"": 1.586509, ""C10"": 1.622037, ""C11"": 1.642122, ""C12"": 1.646724, ""C13"": 1.643085, ""C14"": 1.59192, ""C15"": 1.642198, ""C16"": 2.394057, ""C17"": 2.323616, ""C18"": 2.354339, ""C19"": 2.401183, ""C20"": 2.357571}","{""C01"": 0, ""C02"": 0, ""C03"": 0, ""C04"": 0, ""C05"": 0, ""C06"": 0, ""C07"": 0, ""C08"": 0, ""C09"": 0, ""C10"": 0, ""C11"": 0, ""C12"": 0, ""C13"": 0, ""C14"": 0, ""C15"": 0, ""C16"": 728, ""C17"": 0, ""C18"": 0, ""C19"": 839, ""C20"": 0}","{""C01"": 0.025380968473625032, ""C02"": 0.025380968473625032, ""C03"": 0.025380968473625032, ""C04"": 0.025380968473625032, ""C05"": 0.025380968473625032, ""C06"": 0.025380968473625032, ""C07"": 0.025380968473625032, ""C08"": 0.025380968473625032, ""C09"": 0.025380968473625032, ""C10"": 0.025380968473625032, ""C11"": 0.025380968473625032, ""C12"": 0.025380968473625032, ""C13"": 0.025380968473625032, ""C14"": 0.025380968473625032, ""C15"": 0.025380968473625032, ""C16"": 0.02495937043993485, ""C17"": 0.025380968473625032, ""C18"": 0.025380968473625032, ""C19"": 0.024895092078969325, ""C20"": 0.025380968473625032}"
84,84,1,452,2.669136,20,"{""C01"": 1.16673, ""C02"": 1.169615, ""C03"": 1.177174, ""C04"": 1.195259, ""C05"": 1.22477, ""C06"": 1.166982, ""C07"": 1.179294, ""C08"": 1.671609, ""C09"": 1.593552, ""C10"": 1.624069, ""C11"": 1.638213, ""C12"": 1.638738, ""C13"": 1.634804, ""C14"": 1.598648, ""C15"": 1.639042, ""C16"": 2.388096, ""C17"": 2.325165, ""C18"": 2.362714, ""C19"": 2.41249, ""C20"": 2.366556}","{""C01"": 0, ""C02"": 0, ""C03"": 0, ""C04"": 0, ""C05"": 0, ""C06"": 0, ""C07"": 0, ""C08"": 0, ""C09"": 0, ""C10"": 0, ""C11"": 0, ""C12"": 0, ""C13"": 0, ""C14"": 0, ""C15"": 0, ""C16"": 0, ""C17"": 0, ""C18"": 0, ""C19"": 1563, ""C20"": 0}","{""C01"": 0.02538416867569733, ""C02"": 0.02538416867569733, ""C03"": 0.02538416867569733, ""C04"": 0.02538416867569733, ""C05"": 0.02538416867569733, ""C06"": 0.02538416867569733, ""C07"": 0.02538416867569733, ""C08"": 0.02538416867569733, ""C09"": 0.02538416867569733, ""C10"": 0.02538416867569733, ""C11"": 0.02538416867569733, ""C12"": 0.02538416867569733, ""C13"": 0.02538416867569733, ""C14"": 0.02538416867569733, ""C15"": 0.02538416867569733, ""C16"": 0.02538416867569733, ""C17"": 0.02538416867569733, ""C18"": 0.02538416867569733, ""C19"": 0.024479009937884617, ""C20"": 0.02538416867569733}"
85,85,1,307,1.800127,20,"{""C01"": 1.160613, ""C02"": 1.164279, ""C03"": 1.175144, ""C04"": 1.197503, ""C05"": 1.230248, ""C06"": 1.160187, ""C07"": 1.17682, ""C08"": 1.680226, ""C09"": 1.599081, ""C10"": 1.623933, ""C11"": 1.6325, ""C12"": 1.630159, ""C13"": 1.627418, ""C14"": 1.603758, ""C15"": 1.633988, ""C16"": 2.384654, ""C17"": 2.329414, ""C18"": 2.372698, ""C19"": 2.423555, ""C20"": 2.377086}","{""C01"": 0, ""C02"": 0, ""C03"": 0, ""C04"": 0, ""C05"": 0, ""C06"": 0, ""C07"": 0, ""C08"": 0, ""C09"": 0, ""C10"": 0, ""C11"": 0, ""C12"": 0, ""C13"": 0, ""C14"": 0, ""C15"": 0, ""C16"": 0, ""C17"": 0, ""C18"": 0, ""C19"": 1561, ""C20"": 0}","{""C01"": 0.02538715879744928, ""C02"": 0.02538715879744928, ""C03"": 0.02538715879744928, ""C04"": 0.02538715879744928, ""C05"": 0.02538715879744928, ""C06"": 0.02538715879744928, ""C07"": 0.02538715879744928, ""C08"": 0.02538715879744928, ""C09"": 0.02538715879744928, ""C10"": 0.02538715879744928, ""C11"": 0.02538715879744928, ""C12"": 0.02538715879744928, ""C13"": 0.02538715879744928, ""C14"": 0.02538715879744928, ""C15"": 0.02538715879744928, ""C16"": 0.02538715879744928, ""C17"": 0.02538715879744928, ""C18"": 0.02538715879744928, ""C19"": 0.024483157876098283, ""C20"": 0.02538715879744928}"
86,86,1,274,1.619344,20,"{""C01"": 1.15443, ""C02"": 1.159893, ""C03"": 1.174631, ""C04"": 1.201119, ""C05"": 1.236304, ""C06"": 1.153385, ""C07"": 1.175722, ""C08"": 1.688162, ""C09"": 1.602755, ""C10"": 1.621641, ""C11"": 1.625341, ""C12"": 1.621524, ""C13"": 1.62139, ""C14"": 1.606922, ""C15"": 1.627366, ""C16"": 2.38395, ""C17"": 2.336106, ""C18"": 2.383678, ""C19"": 2.433697, ""C20"": 2.388536}","{""C01"": 0, ""C02"": 0, ""C03"": 0, ""C04"": 0, ""C05"": 0, ""C06"": 0, ""C07"": 0, ""C08"": 0, ""C09"": 0, ""C10"": 0, ""C11"": 0, ""C12"": 0, ""C13"": 0, ""C14"": 0, ""C15"": 0, ""C16"": 0, ""C17"": 0, ""C18"": 0, ""C19"": 1559, ""C20"": 0}","{""C01"": 0.025389780738943907, ""C02"": 0.025389780738943907, ""C03"": 0.025389780738943907, ""C04"": 0.025389780738943907, ""C05"": 0.025389780738943907, ""C06"": 0.025389780738943907, ""C07"": 0.025389780738943907, ""C08"": 0.025389780738943907, ""C09"": 0.025389780738943907, ""C10"": 0.025389780738943907, ""C11"": 0.025389780738943907, ""C12"": 0.025389780738943907, ""C13"": 0.025389780738943907, ""C14"": 0.025389780738943907, ""C15"": 0.025389780738943907, ""C16"": 0.025389780738943907, ""C17"": 0.025389780738943907, ""C18"": 0.025389780738943907, ""C19"": 0.02448693795896551, ""C20"": 0.025389780738943907}"
87,87,1,282,1.648115,20,"{""C01"": 1.148567, ""C02"": 1.156731, ""C03"": 1.17567, ""C04"": 1.205882, ""C05"": 1.242565, ""C06"": 1.146983, ""C07"": 1.176066, ""C08"": 1.694924, ""C09"": 1.60435, ""C10"": 1.617337, ""C11"": 1.617186, ""C12"": 1.613372, ""C13"": 1.617097, ""C14"": 1.607929, ""C15"": 1.619601, ""C16"": 2.386035, ""C17"": 2.344831, ""C18"": 2.394975, ""C19"": 2.44229, ""C20"": 2.400217}","{""C01"": 0, ""C02"": 0, ""C03"": 0, ""C04"": 0, ""C05"": 0, ""C06"": 0, ""C07"": 0, ""C08"": 0, ""C09"": 0, ""C10"": 0, ""C11"": 0, ""C12"": 0, ""C13"": 0, ""C14"": 0, ""C15"": 0, ""C16"": 0, ""C17"": 0, ""C18"": 0, ""C19"": 1557, ""C20"": 0}","{""C01"": 0.02539180861276452, ""C02"": 0.02539180861276452, ""C03"": 0.02539180861276452, ""C04"": 0.02539180861276452, ""C05"": 0.02539180861276452, ""C06"": 0.02539180861276452, ""C07"": 0.02539180861276452, ""C08"": 0.02539180861276452, ""C09"": 0.02539180861276452, ""C10"": 0.02539180861276452, ""C11"": 0.02539180861276452, ""C12"": 0.02539180861276452, ""C13"": 0.02539180861276452, ""C14"": 0.02539180861276452, ""C15"": 0.02539180861276452, ""C16"": 0.02539180861276452, ""C17"": 0.02539180861276452, ""C18"": 0.02539180861276452, ""C19"": 0.02449012450094189, ""C20"": 0.02539180861276452}"
88,88,1,347,2.032145,20,"{""C01"": 1.143391, ""C02"": 1.154992, ""C03"": 1.178197, ""C04"": 1.211499, ""C05"": 1.248641, ""C06"": 1.141369, ""C07"": 1.177825, ""C08"": 1.700097, ""C09"": 1.603768, ""C10"": 1.611294, ""C11"": 1.608543, ""C12"": 1.606214, ""C13"": 1.614809, ""C14"": 1.6067, ""C15"": 1.611186, ""C16"": 2.390783, ""C17"": 2.35505, ""C18"": 2.405893, ""C19"": 2.448806, ""C20"": 2.411423}","{""C01"": 0, ""C02"": 0, ""C03"": 0, ""C04"": 0, ""C05"": 0, ""C06"": 0, ""C07"": 0, ""C08"": 0, ""C09"": 0, ""C10"": 0, ""C11"": 0, ""C12"": 0, ""C13"": 0, ""C14"": 0, ""C15"": 0, ""C16"": 0, ""C17"": 0, ""C18"": 0, ""C19"": 1555, ""C20"": 0}","{""C01"": 0.025393055544527407, ""C02"": 0.025393055544527407, ""C03"": 0.025393055544527407, ""C04"": 0.025393055544527407, ""C05"": 0.025393055544527407, ""C06"": 0.025393055544527407, ""C07"": 0.025393055544527407, ""C08"": 0.025393055544527407, ""C09"": 0.025393055544527407, ""C10"": 0.025393055544527407, ""C11"": 0.025393055544527407, ""C12"": 0.025393055544527407, ""C13"": 0.025393055544527407, ""C14"": 0.025393055544527407, ""C15"": 0.025393055544527407, ""C16"": 0.025393055544527407, ""C17"": 0.025393055544527407, ""C18"": 0.025393055544527407, ""C19"": 0.024492530795919384, ""C20"": 0.025393055544527407}"
89,89,1,398,2.299426,20,"{""C01"": 1.139225, ""C02"": 1.154785, ""C03"": 1.182057, ""C04"": 1.217622, ""C05"": 1.254158, ""C06"": 1.13688, ""C07"": 1.180883, ""C08"": 1.703361, ""C09"": 1.601049, ""C10"": 1.60389, ""C11"": 1.599953, ""C12"": 1.600497, ""C13"": 1.614672, ""C14"": 1.603293, ""C15"": 1.60265, ""C16"": 2.397904, ""C17"": 2.366134, ""C18"": 2.415758, ""C19"": 2.452843, ""C20"": 2.421474}","{""C01"": 0, ""C02"": 0, ""C03"": 0, ""C04"": 0, ""C05"": 0, ""C06"": 0, ""C07"": 0, ""C08"": 0, ""C09"": 0, ""C10"": 0, ""C11"": 0, ""C12"": 0, ""C13"": 0, ""C14"": 0, ""C15"": 0, ""C16"": 0, ""C17"": 0, ""C18"": 0, ""C19"": 1555, ""C20"": 0}","{""C01"": 0.025394543857371207, ""C02"": 0.025394543857371207, ""C03"": 0.025394543857371207, ""C04"": 0.025394543857371207, ""C05"": 0.025394543857371207, ""C06"": 0.025394543857371207, ""C07"": 0.025394543857371207, ""C08"": 0.025394543857371207, ""C09"": 0.025394543857371207, ""C10"": 0.025394543857371207, ""C11"": 0.025394543857371207, ""C12"": 0.025394543857371207, ""C13"": 0.025394543857371207, ""C14"": 0.025394543857371207, ""C15"": 0.025394543857371207, ""C16"": 0.025394543857371207, ""C17"": 0.025394543857371207, ""C18"": 0.025394543857371207, ""C19"": 0.024494017785893205, ""C20"": 0.025394543857371207}"
90,90,1,477,2.795070,20,"{""C01"": 1.136329, ""C02"": 1.156124, ""C03"": 1.187012, ""C04"": 1.223871, ""C05"": 1.258773, ""C06"": 1.13379, ""C07"": 1.185046, ""C08"": 1.704515, ""C09"": 1.596365, ""C10"": 1.595586, ""C11"": 1.591953, ""C12"": 1.596579, ""C13"": 1.616696, ""C14"": 1.597898, ""C15"": 1.594528, ""C16"": 2.40696, ""C17"": 2.377397, ""C18"": 2.42396, ""C19"": 2.454156, ""C20"": 2.429757}","{""C01"": 0, ""C02"": 0, ""C03"": 0, ""C04"": 0, ""C05"": 0, ""C06"": 0, ""C07"": 0, ""C08"": 0, ""C09"": 0, ""C10"": 0, ""C11"": 0, ""C12"": 0, ""C13"": 0, ""C14"": 0, ""C15"": 0, ""C16"": 0, ""C17"": 0, ""C18"": 0, ""C19"": 1554, ""C20"": 0}","{""C01"": 0.025394446183462163, ""C02"": 0.025394446183462163, ""C03"": 0.025394446183462163, ""C04"": 0.025394446183462163, ""C05"": 0.025394446183462163, ""C06"": 0.025394446183462163, ""C07"": 0.025394446183462163, ""C08"": 0.025394446183462163, ""C09"": 0.025394446183462163, ""C10"": 0.025394446183462163, ""C11"": 0.025394446183462163, ""C12"": 0.025394446183462163, ""C13"": 0.025394446183462163, ""C14"": 0.025394446183462163, ""C15"": 0.025394446183462163, ""C16"": 0.025394446183462163, ""C17"": 0.025394446183462163, ""C18"": 0.025394446183462163, ""C19"": 0.024494500435183888, ""C20"": 0.025394446183462163}"
91,91,1,710,4.184683,20,"{""C01"": 1.134886, ""C02"": 1.158929, ""C03"": 1.192755, ""C04"": 1.229861, ""C05"": 1.262202, ""C06"": 1.132286, ""C07"": 1.190047, ""C08"": 1.703491, ""C09"": 1.590008, ""C10"": 1.586903, ""C11"": 1.585042, ""C12"": 1.594707, ""C13"": 1.620759, ""C14"": 1.59083, ""C15"": 1.587325, ""C16"": 2.417392, ""C17"": 2.388144, ""C18"": 2.429995, ""C19"": 2.452668, ""C20"": 2.435764}","{""C01"": 0, ""C02"": 0, ""C03"": 0, ""C04"": 0, ""C05"": 0, ""C06"": 0, ""C07"": 0, ""C08"": 0, ""C09"": 0, ""C10"": 0, ""C11"": 0, ""C12"": 0, ""C13"": 0, ""C14"": 0, ""C15"": 0, ""C16"": 0, ""C17"": 0, ""C18"": 0, ""C19"": 1555, ""C20"": 0}","{""C01"": 0.025394479414704255, ""C02"": 0.025394479414704255, ""C03"": 0.025394479414704255, ""C04"": 0.025394479414704255, ""C05"": 0.025394479414704255, ""C06"": 0.025394479414704255, ""C07"": 0.025394479414704255, ""C08"": 0.025394479414704255, ""C09"": 0.025394479414704255, ""C10"": 0.025394479414704255, ""C11"": 0.025394479414704255, ""C12"": 0.025394479414704255, ""C13"": 0.025394479414704255, ""C14"": 0.025394479414704255, ""C15"": 0.025394479414704255, ""C16"": 0.025394479414704255, ""C17"": 0.025394479414704255, ""C18"": 0.025394479414704255, ""C19"": 0.024493953400507307, ""C20"": 0.025394479414704255}"
92,92,1,1417,8.445476,20,"{""C01"": 1.134986, ""C02"": 1.163025, ""C03"": 1.19893, ""C04"": 1.235219, ""C05"": 1.264232, ""C06"": 1.132463, ""C07"": 1.195571, ""C08"": 1.700355, ""C09"": 1.582378, ""C10"": 1.578382, ""C11"": 1.579653, ""C12"": 1.594999, ""C13"": 1.626609, ""C14"": 1.582509, ""C15"": 1.581487, ""C16"": 2.428555, ""C17"": 2.39771, ""C18"": 2.43349, ""C19"": 2.448473, ""C20"": 2.439125}","{""C01"": 0, ""C02"": 0, ""C03"": 0, ""C04"": 0, ""C05"": 0, ""C06"": 0, ""C07"": 0, ""C08"": 0, ""C09"": 0, ""C10"": 0, ""C11"": 0, ""C12"": 0, ""C13"": 0, ""C14"": 0, ""C15"": 0, ""C16"": 0, ""C17"": 0, ""C18"": 0, ""C19"": 1556, ""C20"": 0}","{""C01"": 0.02539351365721844, ""C02"": 0.02539351365721844, ""C03"": 0.02539351365721844, ""C04"": 0.02539351365721844, ""C05"": 0.02539351365721844, ""C06"": 0.02539351365721844, ""C07"": 0.02539351365721844, ""C08"": 0.02539351365721844, ""C09"": 0.02539351365721844, ""C10"": 0.02539351365721844, ""C11"": 0.02539351365721844, ""C12"": 0.02539351365721844, ""C13"": 0.02539351365721844, ""C14"": 0.02539351365721844, ""C15"": 0.02539351365721844, ""C16"": 0.02539351365721844, ""C17"": 0.02539351365721844, ""C18"": 0.02539351365721844, ""C19"": 0.02449240826595464, ""C20"": 0.02539351365721844}"
93,93,1,157,0.954219,20,"{""C01"": 1.136624, ""C02"": 1.16816, ""C03"": 1.205154, ""C04"": 1.239614, ""C05"": 1.264738, ""C06"": 1.134311, ""C07"": 1.201268, ""C08"": 1.695302, ""C09"": 1.573949, ""C10"": 1.570555, ""C11"": 1.576122, ""C12"": 1.597439, ""C13"": 1.633885, ""C14"": 1.573428, ""C15"": 1.577369, ""C16"": 2.43976, ""C17"": 2.405504, ""C18"": 2.434232, ""C19"": 2.441838, ""C20"": 2.439629}","{""C01"": 0, ""C02"": 0, ""C03"": 0, ""C04"": 0, ""C05"": 0, ""C06"": 0, ""C07"": 0, ""C08"": 0, ""C09"": 0, ""C10"": 0, ""C11"": 0, ""C12"": 0, ""C13"": 0, ""C14"": 0, ""C15"": 0, ""C16"": 413, ""C17"": 0, ""C18"": 292, ""C19"": 440, ""C20"": 413}","{""C01"": 0.025391272407386464, ""C02"": 0.025391272407386464, ""C03"": 0.025391272407386464, ""C04"": 0.025391272407386464, ""C05"": 0.025391272407386464, ""C06"": 0.025391272407386464, ""C07"": 0.025391272407386464, ""C08"": 0.025391272407386464, ""C09"": 0.025391272407386464, ""C10"": 0.025391272407386464, ""C11"": 0.025391272407386464, ""C12"": 0.025391272407386464, ""C13"": 0.025391272407386464, ""C14"": 0.025391272407386464, ""C15"": 0.025391272407386464, ""C16"": 0.025152099196226026, ""C17"": 0.025391272407386464, ""C18"": 0.025222169899367874, ""C19"": 0.02513646448528898, ""C20"": 0.025152099102932694}"
94,94,1,899,5.231906,20,"{""C01"": 1.1397, ""C02"": 1.174015, ""C03"": 1.211043, ""C04"": 1.242774, ""C05"": 1.263691, ""C06"": 1.137724, ""C07"": 1.206781, ""C08"": 1.688651, ""C09"": 1.565249, ""C10"": 1.563911, ""C11"": 1.574672, ""C12"": 1.601877, ""C13"": 1.642137, ""C14"": 1.564134, ""C15"": 1.57522, ""C16"": 2.450311, ""C17"": 2.411046, ""C18"": 2.432179, ""C19"": 2.433178, ""C20"": 2.437239}","{""C01"": 0, ""C02"": 0, ""C03"": 0, ""C04"": 0, ""C05"": 0, ""C06"": 0, ""C07"": 0, ""C08"": 0, ""C09"": 0, ""C10"": 0, ""C11"": 0, ""C12"": 0, ""C13"": 0, ""C14"": 0, ""C15"": 0, ""C16"": 1555, ""C17"": 0, ""C18"": 0, ""C19"": 0, ""C20"": 0}","{""C01"": 0.025393610808824907, ""C02"": 0.025393610808824907, ""C03"": 0.025393610808824907, ""C04"": 0.025393610808824907, ""C05"": 0.025393610808824907, ""C06"": 0.025393610808824907, ""C07"": 0.025393610808824907, ""C08"": 0.025393610808824907, ""C09"": 0.025393610808824907, ""C10"": 0.025393610808824907, ""C11"": 0.025393610808824907, ""C12"": 0.025393610808824907, ""C13"": 0.025393610808824907, ""C14"": 0.025393610808824907, ""C15"": 0.025393610808824907, ""C16"": 0.024493085566687334, ""C17"": 0.025393610808824907, ""C18"": 0.025393610808824907, ""C19"": 0.025393610808824907, ""C20"": 0.025393610808824907}"
95,95,1,436,2.538104,20,"{""C01"": 1.144024, ""C02"": 1.180228, ""C03"": 1.21623, ""C04"": 1.244503, ""C05"": 1.261156, ""C06"": 1.142499, ""C07"": 1.211765, ""C08"": 1.680815, ""C09"": 1.55682, ""C10"": 1.558864, ""C11"": 1.575393, ""C12"": 1.608038, ""C13"": 1.650853, ""C14"": 1.555187, ""C15"": 1.575161, ""C16"": 2.459558, ""C17"": 2.413993, ""C18"": 2.42746, ""C19"": 2.423034, ""C20"": 2.432091}","{""C01"": 0, ""C02"": 0, ""C03"": 0, ""C04"": 0, ""C05"": 0, ""C06"": 0, ""C07"": 0, ""C08"": 0, ""C09"": 0, ""C10"": 0, ""C11"": 0, ""C12"": 0, ""C13"": 0, ""C14"": 0, ""C15"": 0, ""C16"": 1553, ""C17"": 0, ""C18"": 0, ""C19"": 0, ""C20"": 0}","{""C01"": 0.025395850255063565, ""C02"": 0.025395850255063565, ""C03"": 0.025395850255063565, ""C04"": 0.025395850255063565, ""C05"": 0.025395850255063565, ""C06"": 0.025395850255063565, ""C07"": 0.025395850255063565, ""C08"": 0.025395850255063565, ""C09"": 0.025395850255063565, ""C10"": 0.025395850255063565, ""C11"": 0.025395850255063565, ""C12"": 0.025395850255063565, ""C13"": 0.025395850255063565, ""C14"": 0.025395850255063565, ""C15"": 0.025395850255063565, ""C16"": 0.024496483494927328, ""C17"": 0.025395850255063565, ""C18"": 0.025395850255063565, ""C19"": 0.025395850255063565, ""C20"": 0.025395850255063565}"
96,96,1,294,1.688063,20,"{""C01"": 1.149327, ""C02"": 1.186413, ""C03"": 1.220394, ""C04"": 1.244694, ""C05"": 1.257292, ""C06"": 1.148351, ""C07"": 1.215908, ""C08"": 1.672284, ""C09"": 1.549187, ""C10"": 1.555731, ""C11"": 1.578243, ""C12"": 1.615543, ""C13"": 1.659494, ""C14"": 1.547126, ""C15"": 1.577184, ""C16"": 2.466927, ""C17"": 2.414165, ""C18"": 2.420373, ""C19"": 2.41204, ""C20"": 2.424494}","{""C01"": 0, ""C02"": 0, ""C03"": 0, ""C04"": 0, ""C05"": 0, ""C06"": 0, ""C07"": 0, ""C08"": 0, ""C09"": 0, ""C10"": 0, ""C11"": 0, ""C12"": 0, ""C13"": 0, ""C14"": 0, ""C15"": 0, ""C16"": 1552, ""C17"": 0, ""C18"": 0, ""C19"": 0, ""C20"": 0}","{""C01"": 0.025397967916923433, ""C02"": 0.025397967916923433, ""C03"": 0.025397967916923433, ""C04"": 0.025397967916923433, ""C05"": 0.025397967916923433, ""C06"": 0.025397967916923433, ""C07"": 0.025397967916923433, ""C08"": 0.025397967916923433, ""C09"": 0.025397967916923433, ""C10"": 0.025397967916923433, ""C11"": 0.025397967916923433, ""C12"": 0.025397967916923433, ""C13"": 0.025397967916923433, ""C14"": 0.025397967916923433, ""C15"": 0.025397967916923433, ""C16"": 0.024499179509076156, ""C17"": 0.025397967916923433, ""C18"": 0.025397967916923433, ""C19"": 0.025397967916923433, ""C20"": 0.025397967916923433}"
97,97,1,221,1.285116,20,"{""C01"": 1.155281, ""C02"": 1.192186, ""C03"": 1.223278, ""C04"": 1.243338, ""C05"": 1.25234, ""C06"": 1.154933, ""C07"": 1.218954, ""C08"": 1.663589, ""C09"": 1.542827, ""C10"": 1.554707, ""C11"": 1.583047, ""C12"": 1.623925, ""C13"": 1.667523, ""C14"": 1.54044, ""C15"": 1.581151, ""C16"": 2.471964, ""C17"": 2.411554, ""C18"": 2.411361, ""C19"": 2.400882, ""C20"": 2.414902}","{""C01"": 0, ""C02"": 0, ""C03"": 0, ""C04"": 0, ""C05"": 0, ""C06"": 0, ""C07"": 0, ""C08"": 0, ""C09"": 0, ""C10"": 0, ""C11"": 0, ""C12"": 0, ""C13"": 0, ""C14"": 0, ""C15"": 0, ""C16"": 1551, ""C17"": 0, ""C18"": 0, ""C19"": 0, ""C20"": 0}","{""C01"": 0.025399225441613896, ""C02"": 0.025399225441613896, ""C03"": 0.025399225441613896, ""C04"": 0.025399225441613896, ""C05"": 0.025399225441613896, ""C06"": 0.025399225441613896, ""C07"": 0.025399225441613896, ""C08"": 0.025399225441613896, ""C09"": 0.025399225441613896, ""C10"": 0.025399225441613896, ""C11"": 0.025399225441613896, ""C12"": 0.025399225441613896, ""C13"": 0.025399225441613896, ""C14"": 0.025399225441613896, ""C15"": 0.025399225441613896, ""C16"": 0.02450101615158443, ""C17"": 0.025399225441613896, ""C18"": 0.025399225441613896, ""C19"": 0.025399225441613896, ""C20"": 0.025399225441613896}"
98,98,1,190,1.112968,20,"{""C01"": 1.161516, ""C02"": 1.19719, ""C03"": 1.224702, ""C04"": 1.240519, ""C05"": 1.246609, ""C06"": 1.161851, ""C07"": 1.220716, ""C08"": 1.655274, ""C09"": 1.538137, ""C10"": 1.555857, ""C11"": 1.589506, ""C12"": 1.632666, ""C13"": 1.674442, ""C14"": 1.535537, ""C15"": 1.586798, ""C16"": 2.474357, ""C17"": 2.406325, ""C18"": 2.400987, ""C19"": 2.390258, ""C20"": 2.403891}","{""C01"": 0, ""C02"": 0, ""C03"": 0, ""C04"": 0, ""C05"": 0, ""C06"": 0, ""C07"": 0, ""C08"": 0, ""C09"": 0, ""C10"": 0, ""C11"": 0, ""C12"": 0, ""C13"": 0, ""C14"": 0, ""C15"": 0, ""C16"": 1550, ""C17"": 0, ""C18"": 0, ""C19"": 0, ""C20"": 0}","{""C01"": 0.02539951612573313, ""C02"": 0.02539951612573313, ""C03"": 0.02539951612573313, ""C04"": 0.02539951612573313, ""C05"": 0.02539951612573313, ""C06"": 0.02539951612573313, ""C07"": 0.02539951612573313, ""C08"": 0.02539951612573313, ""C09"": 0.02539951612573313, ""C10"": 0.02539951612573313, ""C11"": 0.02539951612573313, ""C12"": 0.02539951612573313, ""C13"": 0.02539951612573313, ""C14"": 0.02539951612573313, ""C15"": 0.02539951612573313, ""C16"": 0.024501886815837856, ""C17"": 0.02539951612573313, ""C18"": 0.02539951612573313, ""C19"": 0.02539951612573313, ""C20"": 0.02539951612573313}"
99,99,1,173,0.987078,20,"{""C01"": 1.167646, ""C02"": 1.201114, ""C03"": 1.22458, ""C04"": 1.236413, ""C05"": 1.240455, ""C06"": 1.168696, ""C07"": 1.221089, ""C08"": 1.647856, ""C09"": 1.53541, ""C10"": 1.559112, ""C11"": 1.597222, ""C12"": 1.641222, ""C13"": 1.679824, ""C14"": 1.532715, ""C15"": 1.593765, ""C16"": 2.47396, ""C17"": 2.398806, ""C18"": 2.389897, ""C19"": 2.380828, ""C20"": 2.392122}","{""C01"": 0, ""C02"": 0, ""C03"": 0, ""C04"": 0, ""C05"": 0, ""C06"": 0, ""C07"": 0, ""C08"": 0, ""C09"": 0, ""C10"": 0, ""C11"": 0, ""C12"": 0, ""C13"": 0, ""C14"": 0, ""C15"": 0, ""C16"": 1550, ""C17"": 0, ""C18"": 0, ""C19"": 0, ""C20"": 0}","{""C01"": 0.02539937156276774, ""C02"": 0.02539937156276774, ""C03"": 0.02539937156276774, ""C04"": 0.02539937156276774, ""C05"": 0.02539937156276774, ""C06"": 0.02539937156276774, ""C07"": 0.02539937156276774, ""C08"": 0.02539937156276774, ""C09"": 0.02539937156276774, ""C10"": 0.02539937156276774, ""C11"": 0.02539937156276774, ""C12"": 0.02539937156276774, ""C13"": 0.02539937156276774, ""C14"": 0.02539937156276774, ""C15"": 0.02539937156276774, ""C16"": 0.024501742381813532, ""C17"": 0.02539937156276774, ""C18"": 0.02539937156276774, ""C19"": 0.02539937156276774, ""C20"": 0.02539937156276774}"
100,100,1,164,0.909999,20,"{""C01"": 1.173291, ""C02"": 1.203715, ""C03"": 1.222919, ""C04"": 1.231276, ""C05"": 1.234264, ""C06"": 1.175061, ""C07"": 1.220054, ""C08"": 1.641797, ""C09"": 1.534816, ""C10"": 1.56427, ""C11"": 1.605715, ""C12"": 1.649063, ""C13"": 1.683334, ""C14"": 1.532147, ""C15"": 1.601603, ""C16"": 2.4708, ""C17"": 2.389467, ""C18"": 2.378784, ""C19"": 2.373183, ""C20"": 2.380301}","{""C01"": 0, ""C02"": 0, ""C03"": 0, ""C04"": 0, ""C05"": 0, ""C06"": 0, ""C07"": 0, ""C08"": 0, ""C09"": 0, ""C10"": 0, ""C11"": 0, ""C12"": 0, ""C13"": 0, ""C14"": 0, ""C15"": 0, ""C16"": 1551, ""C17"": 0, ""C18"": 0, ""C19"": 0, ""C20"": 0}","{""C01"": 0.025398801014671846, ""C02"": 0.025398801014671846, ""C03"": 0.025398801014671846, ""C04"": 0.025398801014671846, ""C05"": 0.025398801014671846, ""C06"": 0.025398801014671846, ""C07"": 0.025398801014671846, ""C08"": 0.025398801014671846, ""C09"": 0.025398801014671846, ""C10"": 0.025398801014671846, ""C11"": 0.025398801014671846, ""C12"": 0.025398801014671846, ""C13"": 0.025398801014671846, ""C14"": 0.025398801014671846, ""C15"": 0.025398801014671846, ""C16"": 0.024500592102952887, ""C17"": 0.025398801014671846, ""C18"": 0.025398801014671846, ""C19"": 0.025398801014671846, ""C20"": 0.025398801014671846}"
1,1,1,1146,7.555667,20,"{""C01"": 1.452761, ""C02"": 1.647307, ""C03"": 1.595779, ""C04"": 1.609857, ""C05"": 1.309651, ""C06"": 1.7112, ""C07"": 1.529866, ""C08"": 1.535494, ""C09"": 1.545339, ""C10"": 1.490027, ""C11"": 1.382104, ""C12"": 1.605923, ""C13"": 1.521092, ""C14"": 1.484694, ""C15"": 1.718751, ""C16"": 1.422051, ""C17"": 1.579754, ""C18"": 1.612256, ""C19"": 1.730687, ""C20"": 1.372602}","{""C01"": 0, ""C02"": 0, ""C03"": 0, ""C04"": 0, ""C05"": 0, ""C06"": 0, ""C07"": 0, ""C08"": 0, ""C09"": 0, ""C10"": 0, ""C11"": 0, ""C12"": 0, ""C13"": 0, ""C14"": 0, ""C15"": 0, ""C16"": 0, ""C17"": 0, ""C18"": 0, ""C19"": 1734, ""C20"": 0}","{""C01"": 0.02516559326429256, ""C02"": 0.02516559326429256, ""C03"": 0.02516559326429256, ""C04"": 0.02516559326429256, ""C05"": 0.02516559326429256, ""C06"": 0.02516559326429256, ""C07"": 0.02516559326429256, ""C08"": 0.02516559326429256, ""C09"": 0.02516559326429256, ""C10"": 0.02516559326429256, ""C11"": 0.02516559326429256, ""C12"": 0.02516559326429256, ""C13"": 0.02516559326429256, ""C14"": 0.02516559326429256, ""C15"": 0.02516559326429256, ""C16"": 0.02516559326429256, ""C17"": 0.02516559326429256, ""C18"": 0.02516559326429256, ""C19"": 0.024161407831431274, ""C20"": 0.02516559326429256}"
2,2,1,162,1.323244,20,"{""C01"": 1.46547, ""C02"": 1.654449, ""C03"": 1.59614, ""C04"": 1.609623, ""C05"": 1.350688, ""C06"": 1.765728, ""C07"": 1.593968, ""C08"": 1.559309, ""C09"": 1.530848, ""C10"": 1.453279, ""C11"": 1.399266, ""C12"": 1.682308, ""C13"": 1.572769, ""C14"": 1.494584, ""C15"": 1.762449, ""C16"": 1.433862, ""C17"": 1.642827, ""C18"": 1.620668, ""C19"": 1.716271, ""C20"": 1.386689}","{""C01"": 0, ""C02"": 0, ""C03"": 0, ""C04"": 0, ""C05"": 0, ""C06"": 882, ""C07"": 0, ""C08"": 0, ""C09"": 0, ""C10"": 0, ""C11"": 0, ""C12"": 0, ""C13"": 0, ""C14"": 0, ""C15"": 843, ""C16"": 0, ""C17"": 0, ""C18"": 0, ""C19"": 0, ""C20"": 0}","{""C01"": 0.025179596646070085, ""C02"": 0.025179596646070085, ""C03"": 0.025179596646070085, ""C04"": 0.025179596646070085, ""C05"": 0.025179596646070085, ""C06"": 0.024668819297093803, ""C07"": 0.025179596646070085, ""C08"": 0.025179596646070085, ""C09"": 0.025179596646070085, ""C10"": 0.025179596646070085, ""C11"": 0.025179596646070085, ""C12"": 0.025179596646070085, ""C13"": 0.025179596646070085, ""C14"": 0.025179596646070085, ""C15"": 0.024691401288489283, ""C16"": 0.025179596646070085, ""C17"": 0.025179596646070085, ""C18"": 0.025179596646070085, ""C19"": 0.025179596646070085, ""C20"": 0.025179596646070085}"
3,3,1,175,1.646006,20,"{""C01"": 1.464076, ""C02"": 1.699544, ""C03"": 1.656857, ""C04"": 1.627574, ""C05"": 1.356785, ""C06"": 1.817279, ""C07"": 1.635244, ""C08"": 1.591753, ""C09"": 1.580458, ""C10"": 1.496836, ""C11"": 1.397984, ""C12"": 1.669753, ""C13"": 1.6089, ""C14"": 1.563213, ""C15"": 1.727528, ""C16"": 1.477164, ""C17"": 1.62652, ""C18"": 1.646029, ""C19"": 1.725465, ""C20"": 1.448859}","{""C01"": 0, ""C02"": 0, ""C03"": 0, ""C04"": 0, ""C05"": 0, ""C06"": 1708, ""C07"": 0, ""C08"": 0, ""C09"": 0, ""C10"": 0, ""C11"": 0, ""C12"": 0, ""C13"": 0, ""C14"": 0, ""C15"": 0, ""C16"": 0, ""C17"": 0, ""C18"": 0, ""C19"": 0, ""C20"": 0}","{""C01"": 0.02519932553197146, ""C02"": 0.02519932553197146, ""C03"": 0.02519932553197146, ""C04"": 0.02519932553197146, ""C05"": 0.02519932553197146, ""C06"": 0.024210196432358954, ""C07"": 0.02519932553197146, ""C08"": 0.02519932553197146, ""C09"": 0.02519932553197146, ""C10"": 0.02519932553197146, ""C11"": 0.02519932553197146, ""C12"": 0.02519932553197146, ""C13"": 0.02519932553197146, ""C14"": 0.02519932553197146, ""C15"": 0.02519932553197146, ""C16"": 0.02519932553197146, ""C17"": 0.02519932553197146, ""C18"": 0.02519932553197146, ""C19"": 0.02519932553197146, ""C20"": 0.02519932553197146}"
4,4,1,323,2.077216,20,"{""C01"": 1.515581, ""C02"": 1.700728, ""C03"": 1.658834, ""C04"": 1.626659, ""C05"": 1.38765, ""C06"": 1.820274, ""C07"": 1.603577, ""C08"": 1.591804, ""C09"": 1.622808, ""C10"": 1.48121, ""C11"": 1.423856, ""C12"": 1.717906, ""C13"": 1.586253, ""C14"": 1.549498, ""C15"": 1.758607, ""C16"": 1.470092, ""C17"": 1.624126, ""C18"": 1.65854, ""C19"": 1.778755, ""C20"": 1.414934}","{""C01"": 0, ""C02"": 0, ""C03"": 0, ""C04"": 0, ""C05"": 0, ""C06"": 1707, ""C07"": 0, ""C08"": 0, ""C09"": 0, ""C10"": 0, ""C11"": 0, ""C12"": 0, ""C13"": 0, ""C14"": 0, ""C15"": 0, ""C16"": 0, ""C17"": 0, ""C18"": 0, ""C19"": 0, ""C20"": 0}","{""C01"": 0.02520037875265896, ""C02"": 0.02520037875265896, ""C03"": 0.02520037875265896, ""C04"": 0.02520037875265896, ""C05"": 0.02520037875265896, ""C06"": 0.024211829002331733, ""C07"": 0.02520037875265896, ""C08"": 0.02520037875265896, ""C09"": 0.02520037875265896, ""C10"": 0.02520037875265896, ""C11"": 0.02520037875265896, ""C12"": 0.02520037875265896, ""C13"": 0.02520037875265896, ""C14"": 0.02520037875265896, ""C15"": 0.02520037875265896, ""C16"": 0.02520037875265896, ""C17"": 0.02520037875265896, ""C18"": 0.02520037875265896, ""C19"": 0.02520037875265896, ""C20"": 0.02520037875265896}"
5,5,1,571,3.281928,20,"{""C01"": 1.535144, ""C02"": 1.721754, ""C03"": 1.657319, ""C04"": 1.663467, ""C05"": 1.417661, ""C06"": 1.81215, ""C07"": 1.652116, ""C08"": 1.592256, ""C09"": 1.640764, ""C10"": 1.544384, ""C11"": 1.440616, ""C12"": 1.708213, ""C13"": 1.628682, ""C14"": 1.570322, ""C15"": 1.784766, ""C16"": 1.503546, ""C17"": 1.657135, ""C18"": 1.66338, ""C19"": 1.783041, ""C20"": 1.463326}","{""C01"": 0, ""C02"": 0, ""C03"": 0, ""C04"": 0, ""C05"": 0, ""C06"": 1709, ""C07"": 0, ""C08"": 0, ""C09"": 0, ""C10"": 0, ""C11"": 0, ""C12"": 0, ""C13"": 0, ""C14"": 0, ""C15"": 0, ""C16"": 0, ""C17"": 0, ""C18"": 0, ""C19"": 0, ""C20"": 0}","{""C01"": 0.025197099376956758, ""C02"": 0.025197099376956758, ""C03"": 0.025197099376956758, ""C04"": 0.025197099376956758, ""C05"": 0.025197099376956758, ""C06"": 0.024207392181111384, ""C07"": 0.025197099376956758, ""C08"": 0.025197099376956758, ""C09"": 0.025197099376956758, ""C10"": 0.025197099376956758, ""C11"": 0.025197099376956758, ""C12"": 0.025197099376956758, ""C13"": 0.025197099376956758, ""C14"": 0.025197099376956758, ""C15"": 0.025197099376956758, ""C16"": 0.025197099376956758, ""C17"": 0.025197099376956758, ""C18"": 0.025197099376956758, ""C19"": 0.025197099376956758, ""C20"": 0.025197099376956758}"
6,6,1,214,1.247500,20,"{""C01"": 1.524145, ""C02"": 1.743344, ""C03"": 1.687827, ""C04"": 1.718964, ""C05"": 1.414805, ""C06"": 1.836265, ""C07"": 1.669595, ""C08"": 1.591946, ""C09"": 1.625756, ""C10"": 1.560116, ""C11"": 1.453387, ""C12"": 1.753269, ""C13"": 1.617567, ""C14"": 1.591957, ""C15"": 1.829575, ""C16"": 1.489073, ""C17"": 1.67184, ""C18"": 1.673224, ""C19"": 1.798384, ""C20"": 1.470677}","{""C01"": 0, ""C02"": 0, ""C03"": 0, ""C04"": 0, ""C05"": 0, ""C06"": 941, ""C07"": 0, ""C08"": 0, ""C09"": 0, ""C10"": 0, ""C11"": 0, ""C12"": 0, ""C13"": 0, ""C14"": 0, ""C15"": 764, ""C16"": 0, ""C17"": 0, ""C18"": 0, ""C19"": 0, ""C20"": 0}","{""C01"": 0.02520626582085264, ""C02"": 0.02520626582085264, ""C03"": 0.02520626582085264, ""C04"": 0.02520626582085264, ""C05"": 0.02520626582085264, ""C06"": 0.024661320792609222, ""C07"": 0.02520626582085264, ""C08"": 0.02520626582085264, ""C09"": 0.02520626582085264, ""C10"": 0.02520626582085264, ""C11"": 0.02520626582085264, ""C12"": 0.02520626582085264, ""C13"": 0.02520626582085264, ""C14"": 0.02520626582085264, ""C15"": 0.02476381953274921, ""C16"": 0.02520626582085264, ""C17"": 0.02520626582085264, ""C18"": 0.02520626582085264, ""C19"": 0.02520626582085264, ""C20"": 0.02520626582085264}"
7,7,1,586,3.397363,20,"{""C01"": 1.546136, ""C02"": 1.750767, ""C03"": 1.692394, ""C04"": 1.695005, ""C05"": 1.421525, ""C06"": 1.837213, ""C07"": 1.67838, ""C08"": 1.63192, ""C09"": 1.673179, ""C10"": 1.521556, ""C11"": 1.48072, ""C12"": 1.741534, ""C13"": 1.646823, ""C14"": 1.622408, ""C15"": 1.813745, ""C16"": 1.549965, ""C17"": 1.72085, ""C18"": 1.70236, ""C19"": 1.79889, ""C20"": 1.486872}","{""C01"": 0, ""C02"": 0, ""C03"": 0, ""C04"": 0, ""C05"": 0, ""C06"": 1702, ""C07"": 0, ""C08"": 0, ""C09"": 0, ""C10"": 0, ""C11"": 0, ""C12"": 0, ""C13"": 0, ""C14"": 0, ""C15"": 0, ""C16"": 0, ""C17"": 0, ""C18"": 0, ""C19"": 0, ""C20"": 0}","{""C01"": 0.025206650682916235, ""C02"": 0.025206650682916235, ""C03"": 0.025206650682916235, ""C04"": 0.025206650682916235, ""C05"": 0.025206650682916235, ""C06"": 0.024220996603042926, ""C07"": 0.025206650682916235, ""C08"": 0.025206650682916235, ""C09"": 0.025206650682916235, ""C10"": 0.025206650682916235, ""C11"": 0.025206650682916235, ""C12"": 0.025206650682916235, ""C13"": 0.025206650682916235, ""C14"": 0.025206650682916235, ""C15"": 0.025206650682916235, ""C16"": 0.025206650682916235, ""C17"": 0.025206650682916235, ""C18"": 0.025206650682916235, ""C19"": 0.025206650682916235, ""C20"": 0.025206650682916235}"
8,8,1,209,1.348315,20,"{""C01"": 1.582138, ""C02"": 1.722103, ""C03"": 1.702726, ""C04"": 1.704169, ""C05"": 1.455409, ""C06"": 1.905248, ""C07"": 1.700602, ""C08"": 1.651505, ""C09"": 1.661548, ""C10"": 1.556116, ""C11"": 1.491036, ""C12"": 1.729152, ""C13"": 1.674589, ""C14"": 1.565802, ""C15"": 1.832101, ""C16"": 1.52203, ""C17"": 1.679669, ""C18"": 1.7147, ""C19"": 1.79356, ""C20"": 1.525627}","{""C01"": 0, ""C02"": 0, ""C03"": 0, ""C04"": 0, ""C05"": 0, ""C06"": 1683, ""C07"": 0, ""C08"": 0, ""C09"": 0, ""C10"": 0, ""C11"": 0, ""C12"": 0, ""C13"": 0, ""C14"": 0, ""C15"": 0, ""C16"": 0, ""C17"": 0, ""C18"": 0, ""C19"": 0, ""C20"": 0}","{""C01"": 0.025231380686897315, ""C02"": 0.025231380686897315, ""C03"": 0.025231380686897315, ""C04"": 0.025231380686897315, ""C05"": 0.025231380686897315, ""C06"": 0.02425672916653496, ""C07"": 0.025231380686897315, ""C08"": 0.025231380686897315, ""C09"": 0.025231380686897315, ""C10"": 0.025231380686897315, ""C11"": 0.025231380686897315, ""C12"": 0.025231380686897315, ""C13"": 0.025231380686897315, ""C14"": 0.025231380686897315, ""C15"": 0.025231380686897315, ""C16"": 0.025231380686897315, ""C17"": 0.025231380686897315, ""C18"": 0.025231380686897315, ""C19"": 0.025231380686897315, ""C20"": 0.025231380686897315}"
9,9,1,336,3.230807,20,"{""C01"": 1.571177, ""C02"": 1.801652, ""C03"": 1.704468, ""C04"": 1.720295, ""C05"": 1.455079, ""C06"": 1.862617, ""C07"": 1.68971, ""C08"": 1.640499, ""C09"": 1.666707, ""C10"": 1.577345, ""C11"": 1.47749, ""C12"": 1.765238, ""C13"": 1.68333, ""C14"": 1.620739, ""C15"": 1.82131, ""C16"": 1.5362, ""C17"": 1.695902, ""C18"": 1.712888, ""C19"": 1.811326, ""C20"": 1.49707}","{""C01"": 0, ""C02"": 0, ""C03"": 0, ""C04"": 0, ""C05"": 0, ""C06"": 1695, ""C07"": 0, ""C08"": 0, ""C09"": 0, ""C10"": 0, ""C11"": 0, ""C12"": 0, ""C13"": 0, ""C14"": 0, ""C15"": 0, ""C16"": 0, ""C17"": 0, ""C18"": 0, ""C19"": 0, ""C20"": 0}","{""C01"": 0.025216140368512024, ""C02"": 0.025216140368512024, ""C03"": 0.025216140368512024, ""C04"": 0.025216140368512024, ""C05"": 0.025216140368512024, ""C06"": 0.02423453946050278, ""C07"": 0.025216140368512024, ""C08"": 0.025216140368512024, ""C09"": 0.025216140368512024, ""C10"": 0.025216140368512024, ""C11"": 0.025216140368512024, ""C12"": 0.025216140368512024, ""C13"": 0.025216140368512024, ""C14"": 0.025216140368512024, ""C15"": 0.025216140368512024, ""C16"": 0.025216140368512024, ""C17"": 0.025216140368512024, ""C18"": 0.025216140368512024, ""C19"": 0.025216140368512024, ""C20"": 0.025216140368512024}"
10,10,1,492,4.714359,20,"{""C01"": 1.561059, ""C02"": 1.76184, ""C03"": 1.710703, ""C04"": 1.704573, ""C05"": 1.453055, ""C06"": 1.882482, ""C07"": 1.689487, ""C08"": 1.679695, ""C09"": 1.687102, ""C10"": 1.571485, ""C11"": 1.502659, ""C12"": 1.758638, ""C13"": 1.662335, ""C14"": 1.627067, ""C15"": 1.85621, ""C16"": 1.54123, ""C17"": 1.747405, ""C18"": 1.707135, ""C19"": 1.837178, ""C20"": 1.500275}","{""C01"": 0, ""C02"": 0, ""C03"": 0, ""C04"": 0, ""C05"": 0, ""C06"": 1689, ""C07"": 0, ""C08"": 0, ""C09"": 0, ""C10"": 0, ""C11"": 0, ""C12"": 0, ""C13"": 0, ""C14"": 0, ""C15"": 0, ""C16"": 0, ""C17"": 0, ""C18"": 0, ""C19"": 0, ""C20"": 0}","{""C01"": 0.0252230868760535, ""C02"": 0.0252230868760535, ""C03"": 0.0252230868760535, ""C04"": 0.0252230868760535, ""C05"": 0.0252230868760535, ""C06"": 0.024244961392347046, ""C07"": 0.0252230868760535, ""C08"": 0.0252230868760535, ""C09"": 0.0252230868760535, ""C10"": 0.0252230868760535, ""C11"": 0.0252230868760535, ""C12"": 0.0252230868760535, ""C13"": 0.0252230868760535, ""C14"": 0.0252230868760535, ""C15"": 0.0252230868760535, ""C16"": 0.0252230868760535, ""C17"": 0.0252230868760535, ""C18"": 0.0252230868760535, ""C19"": 0.0252230868760535, ""C20"": 0.0252230868760535}"
11,11,1,278,1.705882,20,"{""C01"": 1.573881, ""C02"": 1.767308, ""C03"": 1.717202, ""C04"": 1.704829, ""C05"": 1.461375, ""C06"": 1.907423, ""C07"": 1.680263, ""C08"": 1.654415, ""C09"": 1.695133, ""C10"": 1.564407, ""C11"": 1.459864, ""C12"": 1.771111, ""C13"": 1.698764, ""C14"": 1.662114, ""C15"": 1.854041, ""C16"": 1.558644, ""C17"": 1.719964, ""C18"": 1.734212, ""C19"": 1.842813, ""C20"": 1.546596}","{""C01"": 0, ""C02"": 0, ""C03"": 0, ""C04"": 0, ""C05"": 0, ""C06"": 1682, ""C07"": 0, ""C08"": 0, ""C09"": 0, ""C10"": 0, ""C11"": 0, ""C12"": 0, ""C13"": 0, ""C14"": 0, ""C15"": 0, ""C16"": 0, ""C17"": 0, ""C18"": 0, ""C19"": 0, ""C20"": 0}","{""C01"": 0.025231915276592742, ""C02"": 0.025231915276592742, ""C03"": 0.025231915276592742, ""C04"": 0.025231915276592742, ""C05"": 0.025231915276592742, ""C06"": 0.02425784367074295, ""C07"": 0.025231915276592742, ""C08"": 0.025231915276592742, ""C09"": 0.025231915276592742, ""C10"": 0.025231915276592742, ""C11"": 0.025231915276592742, ""C12"": 0.025231915276592742, ""C13"": 0.025231915276592742, ""C14"": 0.025231915276592742, ""C15"": 0.025231915276592742, ""C16"": 0.025231915276592742, ""C17"": 0.025231915276592742, ""C18"": 0.025231915276592742, ""C19"": 0.025231915276592742, ""C20"": 0.025231915276592742}"
12,12,1,835,5.524499,20,"{""C01"": 1.572296, ""C02"": 1.83042, ""C03"": 1.697827, ""C04"": 1.673399, ""C05"": 1.457753, ""C06"": 1.885346, ""C07"": 1.663616, ""C08"": 1.656198, ""C09"": 1.675857, ""C10"": 1.563746, ""C11"": 1.465313, ""C12"": 1.779696, ""C13"": 1.638135, ""C14"": 1.617672, ""C15"": 1.84808, ""C16"": 1.527558, ""C17"": 1.725497, ""C18"": 1.715375, ""C19"": 1.864964, ""C20"": 1.513957}","{""C01"": 0, ""C02"": 0, ""C03"": 0, ""C04"": 0, ""C05"": 0, ""C06"": 1688, ""C07"": 0, ""C08"": 0, ""C09"": 0, ""C10"": 0, ""C11"": 0, ""C12"": 0, ""C13"": 0, ""C14"": 0, ""C15"": 0, ""C16"": 0, ""C17"": 0, ""C18"": 0, ""C19"": 0, ""C20"": 0}","{""C01"": 0.025223997961531477, ""C02"": 0.025223997961531477, ""C03"": 0.025223997961531477, ""C04"": 0.025223997961531477, ""C05"": 0.025223997961531477, ""C06"": 0.024246451982537724, ""C07"": 0.025223997961531477, ""C08"": 0.025223997961531477, ""C09"": 0.025223997961531477, ""C10"": 0.025223997961531477, ""C11"": 0.025223997961531477, ""C12"": 0.025223997961531477, ""C13"": 0.025223997961531477, ""C14"": 0.025223997961531477, ""C15"": 0.025223997961531477, ""C16"": 0.025223997961531477, ""C17"": 0.025223997961531477, ""C18"": 0.025223997961531477, ""C19"": 0.025223997961531477, ""C20"": 0.025223997961531477}"
13,13,1,473,3.766991,20,"{""C01"": 1.616058, ""C02"": 1.790856, ""C03"": 1.733791, ""C04"": 1.674398, ""C05"": 1.433572, ""C06"": 1.873786, ""C07"": 1.713068, ""C08"": 1.66554, ""C09"": 1.691838, ""C10"": 1.546914, ""C11"": 1.490707, ""C12"": 1.790345, ""C13"": 1.675988, ""C14"": 1.660909, ""C15"": 1.843198, ""C16"": 1.543874, ""C17"": 1.680197, ""C18"": 1.713583, ""C19"": 1.825111, ""C20"": 1.517495}","{""C01"": 0, ""C02"": 0, ""C03"": 0, ""C04"": 0, ""C05"": 0, ""C06"": 1692, ""C07"": 0, ""C08"": 0, ""C09"": 0, ""C10"": 0, ""C11"": 0, ""C12"": 0, ""C13"": 0, ""C14"": 0, ""C15"": 0, ""C16"": 0, ""C17"": 0, ""C18"": 0, ""C19"": 0, ""C20"": 0}","{""C01"": 0.02522028097586272, ""C02"": 0.02522028097586272, ""C03"": 0.02522028097586272, ""C04"": 0.02522028097586272, ""C05"": 0.02522028097586272, ""C06"": 0.024240417058954883, ""C07"": 0.02522028097586272, ""C08"": 0.02522028097586272, ""C09"": 0.02522028097586272, ""C10"": 0.02522028097586272, ""C11"": 0.02522028097586272, ""C12"": 0.02522028097586272, ""C13"": 0.02522028097586272, ""C14"": 0.02522028097586272, ""C15"": 0.02522028097586272, ""C16"": 0.02522028097586272, ""C17"": 0.02522028097586272, ""C18"": 0.02522028097586272, ""C19"": 0.02522028097586272, ""C20"": 0.02522028097586272}"
14,14,1,173,1.755501,20,"{""C01"": 1.601512, ""C02"": 1.782315, ""C03"": 1.717832, ""C04"": 1.703589, ""C05"": 1.462034, ""C06"": 1.917311, ""C07"": 1.710478, ""C08"": 1.645095, ""C09"": 1.698534, ""C10"": 1.585983, ""C11"": 1.464816, ""C12"": 1.765923, ""C13"": 1.709216, ""C14"": 1.636977, ""C15"": 1.824851, ""C16"": 1.518569, ""C17"": 1.73716, ""C18"": 1.717994, ""C19"": 1.817897, ""C20"": 1.513201}","{""C01"": 0, ""C02"": 0, ""C03"": 0, ""C04"": 0, ""C05"": 0, ""C06"": 1679, ""C07"": 0, ""C08"": 0, ""C09"": 0, ""C10"": 0, ""C11"": 0, ""C12"": 0, ""C13"": 0, ""C14"": 0, ""C15"": 0, ""C16"": 0, ""C17"": 0, ""C18"": 0, ""C19"": 0, ""C20"": 0}","{""C01"": 0.025235223423048056, ""C02"": 0.025235223423048056, ""C03"": 0.025235223423048056, ""C04"": 0.025235223423048056, ""C05"": 0.025235223423048056, ""C06"": 0.024262889710149303, ""C07"": 0.025235223423048056, ""C08"": 0.025235223423048056, ""C09"": 0.025235223423048056, ""C10"": 0.025235223423048056, ""C11"": 0.025235223423048056, ""C12"": 0.025235223423048056, ""C13"": 0.025235223423048056, ""C14"": 0.025235223423048056, ""C15"": 0.025235223423048056, ""C16"": 0.025235223423048056, ""C17"": 0.025235223423048056, ""C18"": 0.025235223423048056, ""C19"": 0.025235223423048056, ""C20"": 0.025235223423048056}"
15,15,1,362,3.193981,20,"{""C01"": 1.566275, ""C02"": 1.815507, ""C03"": 1.737848, ""C04"": 1.682099, ""C05"": 1.449385, ""C06"": 1.87497, ""C07"": 1.702129, ""C08"": 1.637216, ""C09"": 1.66434, ""C10"": 1.556579, ""C11"": 1.481493, ""C12"": 1.78469, ""C13"": 1.680954, ""C14"": 1.617863, ""C15"": 1.83519, ""C16"": 1.543303, ""C17"": 1.669625, ""C18"": 1.702155, ""C19"": 1.789796, ""C20"": 1.498142}","{""C01"": 0, ""C02"": 0, ""C03"": 0, ""C04"": 0, ""C05"": 0, ""C06"": 1691, ""C07"": 0, ""C08"": 0, ""C09"": 0, ""C10"": 0, ""C11"": 0, ""C12"": 0, ""C13"": 0, ""C14"": 0, ""C15"": 0, ""C16"": 0, ""C17"": 0, ""C18"": 0, ""C19"": 0, ""C20"": 0}","{""C01"": 0.02522032078306538, ""C02"": 0.02522032078306538, ""C03"": 0.02522032078306538, ""C04"": 0.02522032078306538, ""C05"": 0.02522032078306538, ""C06"": 0.02424103731123078, ""C07"": 0.02522032078306538, ""C08"": 0.02522032078306538, ""C09"": 0.02522032078306538, ""C10"": 0.02522032078306538, ""C11"": 0.02522032078306538, ""C12"": 0.02522032078306538, ""C13"": 0.02522032078306538, ""C14"": 0.02522032078306538, ""C15"": 0.02522032078306538, ""C16"": 0.02522032078306538, ""C17"": 0.02522032078306538, ""C18"": 0.02522032078306538, ""C19"": 0.02522032078306538, ""C20"": 0.02522032078306538}"
16,16,1,296,2.415996,20,"{""C01"": 1.574973, ""C02"": 1.778213, ""C03"": 1.736949, ""C04"": 1.687241, ""C05"": 1.445524, ""C06"": 1.841435, ""C07"": 1.669115, ""C08"": 1.654885, ""C09"": 1.664735, ""C10"": 1.53975, ""C11"": 1.500524, ""C12"": 1.770773, ""C13"": 1.649419, ""C14"": 1.597344, ""C15"": 1.816565, ""C16"": 1.519455, ""C17"": 1.706678, ""C18"": 1.725251, ""C19"": 1.842985, ""C20"": 1.539537}","{""C01"": 0, ""C02"": 0, ""C03"": 0, ""C04"": 0, ""C05"": 0, ""C06"": 840, ""C07"": 0, ""C08"": 0, ""C09"": 0, ""C10"": 0, ""C11"": 0, ""C12"": 0, ""C13"": 0, ""C14"": 0, ""C15"": 0, ""C16"": 0, ""C17"": 0, ""C18"": 0, ""C19"": 861, ""C20"": 0}","{""C01"": 0.025208760921775805, ""C02"": 0.025208760921775805, ""C03"": 0.025208760921775805, ""C04"": 0.025208760921775805, ""C05"": 0.025208760921775805, ""C06"": 0.024722304773006895, ""C07"": 0.025208760921775805, ""C08"": 0.025208760921775805, ""C09"": 0.025208760921775805, ""C10"": 0.025208760921775805, ""C11"": 0.025208760921775805, ""C12"": 0.025208760921775805, ""C13"": 0.025208760921775805, ""C14"": 0.025208760921775805, ""C15"": 0.025208760921775805, ""C16"": 0.025208760921775805, ""C17"": 0.025208760921775805, ""C18"": 0.025208760921775805, ""C19"": 0.024710145289098248, ""C20"": 0.025208760921775805}"
17,17,1,465,3.972638,20,"{""C01"": 1.5978, ""C02"": 1.770201, ""C03"": 1.700288, ""C04"": 1.708303, ""C05"": 1.418208, ""C06"": 1.851685, ""C07"": 1.689475, ""C08"": 1.653234, ""C09"": 1.693579, ""C10"": 1.54, ""C11"": 1.517693, ""C12"": 1.77402, ""C13"": 1.653484, ""C14"": 1.603647, ""C15"": 1.787201, ""C16"": 1.531303, ""C17"": 1.694132, ""C18"": 1.69667, ""C19"": 1.823973, ""C20"": 1.526516}","{""C01"": 0, ""C02"": 0, ""C03"": 0, ""C04"": 0, ""C05"": 0, ""C06"": 1698, ""C07"": 0, ""C08"": 0, ""C09"": 0, ""C10"": 0, ""C11"": 0, ""C12"": 0, ""C13"": 0, ""C14"": 0, ""C15"": 0, ""C16"": 0, ""C17"": 0, ""C18"": 0, ""C19"": 0, ""C20"": 0}","{""C01"": 0.025212079541268348, ""C02"": 0.025212079541268348, ""C03"": 0.025212079541268348, ""C04"": 0.025212079541268348, ""C05"": 0.025212079541268348, ""C06"": 0.024228741554176744, ""C07"": 0.025212079541268348, ""C08"": 0.025212079541268348, ""C09"": 0.025212079541268348, ""C10"": 0.025212079541268348, ""C11"": 0.025212079541268348, ""C12"": 0.025212079541268348, ""C13"": 0.025212079541268348, ""C14"": 0.025212079541268348, ""C15"": 0.025212079541268348, ""C16"": 0.025212079541268348, ""C17"": 0.025212079541268348, ""C18"": 0.025212079541268348, ""C19"": 0.025212079541268348, ""C20"": 0.025212079541268348}"
18,18,1,235,1.317504,20,"{""C01"": 1.608947, ""C02"": 1.766447, ""C03"": 1.714282, ""C04"": 1.707145, ""C05"": 1.457619, ""C06"": 1.902844, ""C07"": 1.685564, ""C08"": 1.606207, ""C09"": 1.656122, ""C10"": 1.52632, ""C11"": 1.462222, ""C12"": 1.764785, ""C13"": 1.687657, ""C14"": 1.634349, ""C15"": 1.838297, ""C16"": 1.508341, ""C17"": 1.688382, ""C18"": 1.708593, ""C19"": 1.817054, ""C20"": 1.512063}","{""C01"": 0, ""C02"": 0, ""C03"": 0, ""C04"": 0, ""C05"": 0, ""C06"": 1683, ""C07"": 0, ""C08"": 0, ""C09"": 0, ""C10"": 0, ""C11"": 0, ""C12"": 0, ""C13"": 0, ""C14"": 0, ""C15"": 0, ""C16"": 0, ""C17"": 0, ""C18"": 0, ""C19"": 0, ""C20"": 0}","{""C01"": 0.025230145295215237, ""C02"": 0.025230145295215237, ""C03"": 0.025230145295215237, ""C04"": 0.025230145295215237, ""C05"": 0.025230145295215237, ""C06"": 0.024255495116855184, ""C07"": 0.025230145295215237, ""C08"": 0.025230145295215237, ""C09"": 0.025230145295215237, ""C10"": 0.025230145295215237, ""C11"": 0.025230145295215237, ""C12"": 0.025230145295215237, ""C13"": 0.025230145295215237, ""C14"": 0.025230145295215237, ""C15"": 0.025230145295215237, ""C16"": 0.025230145295215237, ""C17"": 0.025230145295215237, ""C18"": 0.025230145295215237, ""C19"": 0.025230145295215237, ""C20"": 0.025230145295215237}"
19,19,1,193,1.087488,20,"{""C01"": 1.577154, ""C02"": 1.779713, ""C03"": 1.691392, ""C04"": 1.669565, ""C05"": 1.427949, ""C06"": 1.888042, ""C07"": 1.692364, ""C08"": 1.646272, ""C09"": 1.702862, ""C10"": 1.538111, ""C11"": 1.498717, ""C12"": 1.784347, ""C13"": 1.663905, ""C14"": 1.634234, ""C15"": 1.807471, ""C16"": 1.497398, ""C17"": 1.68186, ""C18"": 1.716193, ""C19"": 1.780543, ""C20"": 1.523374}","{""C01"": 0, ""C02"": 0, ""C03"": 0, ""C04"": 0, ""C05"": 0, ""C06"": 1687, ""C07"": 0, ""C08"": 0, ""C09"": 0, ""C10"": 0, ""C11"": 0, ""C12"": 0, ""C13"": 0, ""C14"": 0, ""C15"": 0, ""C16"": 0, ""C17"": 0, ""C18"": 0, ""C19"": 0, ""C20"": 0}","{""C01"": 0.025224818749878183, ""C02"": 0.025224818749878183, ""C03"": 0.025224818749878183, ""C04"": 0.025224818749878183, ""C05"": 0.025224818749878183, ""C06"": 0.024247852373842083, ""C07"": 0.025224818749878183, ""C08"": 0.025224818749878183, ""C09"": 0.025224818749878183, ""C10"": 0.025224818749878183, ""C11"": 0.025224818749878183, ""C12"": 0.025224818749878183, ""C13"": 0.025224818749878183, ""C14"": 0.025224818749878183, ""C15"": 0.025224818749878183, ""C16"": 0.025224818749878183, ""C17"": 0.025224818749878183, ""C18"": 0.025224818749878183, ""C19"": 0.025224818749878183, ""C20"": 0.025224818749878183}"
20,20,1,228,1.307842,20,"{""C01"": 1.563813, ""C02"": 1.754736, ""C03"": 1.73717, ""C04"": 1.719378, ""C05"": 1.416535, ""C06"": 1.879349, ""C07"": 1.69048, ""C08"": 1.68435, ""C09"": 1.633271, ""C10"": 1.558554, ""C11"": 1.456259, ""C12"": 1.749845, ""C13"": 1.673669, ""C14"": 1.637142, ""C15"": 1.812868, ""C16"": 1.495292, ""C17"": 1.72041, ""C18"": 1.693761, ""C19"": 1.790847, ""C20"": 1.531899}","{""C01"": 0, ""C02"": 0, ""C03"": 0, ""C04"": 0, ""C05"": 0, ""C06"": 1690, ""C07"": 0, ""C08"": 0, ""C09"": 0, ""C10"": 0, ""C11"": 0, ""C12"": 0, ""C13"": 0, ""C14"": 0, ""C15"": 0, ""C16"": 0, ""C17"": 0, ""C18"": 0, ""C19"": 0, ""C20"": 0}","{""C01"": 0.025222032174902334, ""C02"": 0.025222032174902334, ""C03"": 0.025222032174902334, ""C04"": 0.025222032174902334, ""C05"": 0.025222032174902334, ""C06"": 0.024243327342197786, ""C07"": 0.025222032174902334, ""C08"": 0.025222032174902334, ""C09"": 0.025222032174902334, ""C10"": 0.025222032174902334, ""C11"": 0.025222032174902334, ""C12"": 0.025222032174902334, ""C13"": 0.025222032174902334, ""C14"": 0.025222032174902334, ""C15"": 0.025222032174902334, ""C16"": 0.025222032174902334, ""C17"": 0.025222032174902334, ""C18"": 0.025222032174902334, ""C19"": 0.025222032174902334, ""C20"": 0.025222032174902334}"
21,21,1,342,1.909480,20,"{""C01"": 1.596699, ""C02"": 1.736116, ""C03"": 1.703037, ""C04"": 1.688113, ""C05"": 1.423322, ""C06"": 1.858213, ""C07"": 1.623859, ""C08"": 1.647155, ""C09"": 1.667302, ""C10"": 1.521366, ""C11"": 1.472925, ""C12"": 1.770436, ""C13"": 1.65875, ""C14"": 1.637166, ""C15"": 1.816208, ""C16"": 1.507021, ""C17"": 1.704526, ""C18"": 1.723212, ""C19"": 1.817992, ""C20"": 1.48356}","{""C01"": 0, ""C02"": 0, ""C03"": 0, ""C04"": 0, ""C05"": 0, ""C06"": 1696, ""C07"": 0, ""C08"": 0, ""C09"": 0, ""C10"": 0, ""C11"": 0, ""C12"": 0, ""C13"": 0, ""C14"": 0, ""C15"": 0, ""C16"": 0, ""C17"": 0, ""C18"": 0, ""C19"": 0, ""C20"": 0}","{""C01"": 0.025214388610498503, ""C02"": 0.025214388610498503, ""C03"": 0.025214388610498503, ""C04"": 0.025214388610498503, ""C05"": 0.025214388610498503, ""C06"": 0.02423220910519999, ""C07"": 0.025214388610498503, ""C08"": 0.025214388610498503, ""C09"": 0.025214388610498503, ""C10"": 0.025214388610498503, ""C11"": 0.025214388610498503, ""C12"": 0.025214388610498503, ""C13"": 0.025214388610498503, ""C14"": 0.025214388610498503, ""C15"": 0.025214388610498503, ""C16"": 0.025214388610498503, ""C17"": 0.025214388610498503, ""C18"": 0.025214388610498503, ""C19"": 0.025214388610498503, ""C20"": 0.025214388610498503}"
22,22,1,787,4.370767,20,"{""C01"": 1.61069, ""C02"": 1.79951, ""C03"": 1.71173, ""C04"": 1.703388, ""C05"": 1.433829, ""C06"": 1.837145, ""C07"": 1.667459, ""C08"": 1.612528, ""C09"": 1.661838, ""C10"": 1.523844, ""C11"": 1.503199, ""C12"": 1.75201, ""C13"": 1.685889, ""C14"": 1.615604, ""C15"": 1.818342, ""C16"": 1.496003, ""C17"": 1.698054, ""C18"": 1.699168, ""C19"": 1.803854, ""C20"": 1.535031}","{""C01"": 0, ""C02"": 0, ""C03"": 0, ""C04"": 0, ""C05"": 0, ""C06"": 1702, ""C07"": 0, ""C08"": 0, ""C09"": 0, ""C10"": 0, ""C11"": 0, ""C12"": 0, ""C13"": 0, ""C14"": 0, ""C15"": 0, ""C16"": 0, ""C17"": 0, ""C18"": 0, ""C19"": 0, ""C20"": 0}","{""C01"": 0.025206614057860954, ""C02"": 0.025206614057860954, ""C03"": 0.025206614057860954, ""C04"": 0.025206614057860954, ""C05"": 0.025206614057860954, ""C06"": 0.02422096001728492, ""C07"": 0.025206614057860954, ""C08"": 0.025206614057860954, ""C09"": 0.025206614057860954, ""C10"": 0.025206614057860954, ""C11"": 0.025206614057860954, ""C12"": 0.025206614057860954, ""C13"": 0.025206614057860954, ""C14"": 0.025206614057860954, ""C15"": 0.025206614057860954, ""C16"": 0.025206614057860954, ""C17"": 0.025206614057860954, ""C18"": 0.025206614057860954, ""C19"": 0.025206614057860954, ""C20"": 0.025206614057860954}"
23,23,1,337,1.868346,20,"{""C01"": 1.552211, ""C02"": 1.745057, ""C03"": 1.727413, ""C04"": 1.69706, ""C05"": 1.427224, ""C06"": 1.849884, ""C07"": 1.673824, ""C08"": 1.649326, ""C09"": 1.64163, ""C10"": 1.516861, ""C11"": 1.471719, ""C12"": 1.752124, ""C13"": 1.678186, ""C14"": 1.652177, ""C15"": 1.80562, ""C16"": 1.536937, ""C17"": 1.701455, ""C18"": 1.687994, ""C19"": 1.80972, ""C20"": 1.491067}","{""C01"": 0, ""C02"": 0, ""C03"": 0, ""C04"": 0, ""C05"": 0, ""C06"": 1698, ""C07"": 0, ""C08"": 0, ""C09"": 0, ""C10"": 0, ""C11"": 0, ""C12"": 0, ""C13"": 0, ""C14"": 0, ""C15"": 0, ""C16"": 0, ""C17"": 0, ""C18"": 0, ""C19"": 0, ""C20"": 0}","{""C01"": 0.025211118857212167, ""C02"": 0.025211118857212167, ""C03"": 0.025211118857212167, ""C04"": 0.025211118857212167, ""C05"": 0.025211118857212167, ""C06"": 0.024227781903567558, ""C07"": 0.025211118857212167, ""C08"": 0.025211118857212167, ""C09"": 0.025211118857212167, ""C10"": 0.025211118857212167, ""C11"": 0.025211118857212167, ""C12"": 0.025211118857212167, ""C13"": 0.025211118857212167, ""C14"": 0.025211118857212167, ""C15"": 0.025211118857212167, ""C16"": 0.025211118857212167, ""C17"": 0.025211118857212167, ""C18"": 0.025211118857212167, ""C19"": 0.025211118857212167, ""C20"": 0.025211118857212167}"
24,24,1,188,1.041268,20,"{""C01"": 1.570495, ""C02"": 1.791601, ""C03"": 1.703551, ""C04"": 1.70336, ""C05"": 1.427623, ""C06"": 1.883079, ""C07"": 1.696663, ""C08"": 1.672397, ""C09"": 1.651263, ""C10"": 1.562235, ""C11"": 1.474818, ""C12"": 1.755464, ""C13"": 1.668948, ""C14"": 1.620229, ""C15"": 1.793865, ""C16"": 1.504685, ""C17"": 1.705991, ""C18"": 1.707191, ""C19"": 1.799039, ""C20"": 1.513862}","{""C01"": 0, ""C02"": 0, ""C03"": 0, ""C04"": 0, ""C05"": 0, ""C06"": 1689, ""C07"": 0, ""C08"": 0, ""C09"": 0, ""C10"": 0, ""C11"": 0, ""C12"": 0, ""C13"": 0, ""C14"": 0, ""C15"": 0, ""C16"": 0, ""C17"": 0, ""C18"": 0, ""C19"": 0, ""C20"": 0}","{""C01"": 0.02522339822506449, ""C02"": 0.02522339822506449, ""C03"": 0.02522339822506449, ""C04"": 0.02522339822506449, ""C05"": 0.02522339822506449, ""C06"": 0.024245272404459943, ""C07"": 0.02522339822506449, ""C08"": 0.02522339822506449, ""C09"": 0.02522339822506449, ""C10"": 0.02522339822506449, ""C11"": 0.02522339822506449, ""C12"": 0.02522339822506449, ""C13"": 0.02522339822506449, ""C14"": 0.02522339822506449, ""C15"": 0.02522339822506449, ""C16"": 0.02522339822506449, ""C17"": 0.02522339822506449, ""C18"": 0.02522339822506449, ""C19"": 0.02522339822506449, ""C20"": 0.02522339822506449}"
25,25,1,219,1.259317,20,"{""C01"": 1.587054, ""C02"": 1.776005, ""C03"": 1.719474, ""C04"": 1.701087, ""C05"": 1.430701, ""C06"": 1.870881, ""C07"": 1.716827, ""C08"": 1.681214, ""C09"": 1.693285, ""C10"": 1.531197, ""C11"": 1.467243, ""C12"": 1.730268, ""C13"": 1.680237, ""C14"": 1.602744, ""C15"": 1.775732, ""C16"": 1.524979, ""C17"": 1.709522, ""C18"": 1.712294, ""C19"": 1.800578, ""C20"": 1.512975}","{""C01"": 0, ""C02"": 0, ""C03"": 0, ""C04"": 0, ""C05"": 0, ""C06"": 1692, ""C07"": 0, ""C08"": 0, ""C09"": 0, ""C10"": 0, ""C11"": 0, ""C12"": 0, ""C13"": 0, ""C14"": 0, ""C15"": 0, ""C16"": 0, ""C17"": 0, ""C18"": 0, ""C19"": 0, ""C20"": 0}","{""C01"": 0.02521875485449794, ""C02"": 0.02521875485449794, ""C03"": 0.02521875485449794, ""C04"": 0.02521875485449794, ""C05"": 0.02521875485449794, ""C06"": 0.02423889258573081, ""C07"": 0.02521875485449794, ""C08"": 0.02521875485449794, ""C09"": 0.02521875485449794, ""C10"": 0.02521875485449794, ""C11"": 0.02521875485449794, ""C12"": 0.02521875485449794, ""C13"": 0.02521875485449794, ""C14"": 0.02521875485449794, ""C15"": 0.02521875485449794, ""C16"": 0.02521875485449794, ""C17"": 0.02521875485449794, ""C18"": 0.02521875485449794, ""C19"": 0.02521875485449794, ""C20"": 0.02521875485449794}"
26,26,1,298,1.670051,20,"{""C01"": 1.581702, ""C02"": 1.798475, ""C03"": 1.68439, ""C04"": 1.714456, ""C05"": 1.444655, ""C06"": 1.884369, ""C07"": 1.663377, ""C08"": 1.672112, ""C09"": 1.673263, ""C10"": 1.558881, ""C11"": 1.503184, ""C12"": 1.739709, ""C13"": 1.682091, ""C14"": 1.650075, ""C15"": 1.825834, ""C16"": 1.525443, ""C17"": 1.67141, ""C18"": 1.705521, ""C19"": 1.835432, ""C20"": 1.48975}","{""C01"": 0, ""C02"": 0, ""C03"": 0, ""C04"": 0, ""C05"": 0, ""C06"": 1689, ""C07"": 0, ""C08"": 0, ""C09"": 0, ""C10"": 0, ""C11"": 0, ""C12"": 0, ""C13"": 0, ""C14"": 0, ""C15"": 0, ""C16"": 0, ""C17"": 0, ""C18"": 0, ""C19"": 0, ""C20"": 0}","{""C01"": 0.02522407049816576, ""C02"": 0.02522407049816576, ""C03"": 0.02522407049816576, ""C04"": 0.02522407049816576, ""C05"": 0.02522407049816576, ""C06"": 0.024245943950104785, ""C07"": 0.02522407049816576, ""C08"": 0.02522407049816576, ""C09"": 0.02522407049816576, ""C10"": 0.02522407049816576, ""C11"": 0.02522407049816576, ""C12"": 0.02522407049816576, ""C13"": 0.02522407049816576, ""C14"": 0.02522407049816576, ""C15"": 0.02522407049816576, ""C16"": 0.02522407049816576, ""C17"": 0.02522407049816576, ""C18"": 0.02522407049816576, ""C19"": 0.02522407049816576, ""C20"": 0.02522407049816576}"
27,27,1,781,4.406181,20,"{""C01"": 1.613653, ""C02"": 1.820866, ""C03"": 1.710317, ""C04"": 1.740968, ""C05"": 1.442304, ""C06"": 1.870105, ""C07"": 1.718963, ""C08"": 1.644192, ""C09"": 1.688222, ""C10"": 1.518724, ""C11"": 1.510564, ""C12"": 1.760317, ""C13"": 1.678395, ""C14"": 1.665712, ""C15"": 1.783436, ""C16"": 1.534824, ""C17"": 1.703994, ""C18"": 1.749731, ""C19"": 1.848163, ""C20"": 1.512333}","{""C01"": 0, ""C02"": 0, ""C03"": 0, ""C04"": 0, ""C05"": 0, ""C06"": 1693, ""C07"": 0, ""C08"": 0, ""C09"": 0, ""C10"": 0, ""C11"": 0, ""C12"": 0, ""C13"": 0, ""C14"": 0, ""C15"": 0, ""C16"": 0, ""C17"": 0, ""C18"": 0, ""C19"": 0, ""C20"": 0}","{""C01"": 0.025218928004013708, ""C02"": 0.025218928004013708, ""C03"": 0.025218928004013708, ""C04"": 0.025218928004013708, ""C05"": 0.025218928004013708, ""C06"": 0.024238485060922757, ""C07"": 0.025218928004013708, ""C08"": 0.025218928004013708, ""C09"": 0.025218928004013708, ""C10"": 0.025218928004013708, ""C11"": 0.025218928004013708, ""C12"": 0.025218928004013708, ""C13"": 0.025218928004013708, ""C14"": 0.025218928004013708, ""C15"": 0.025218928004013708, ""C16"": 0.025218928004013708, ""C17"": 0.025218928004013708, ""C18"": 0.025218928004013708, ""C19"": 0.025218928004013708, ""C20"": 0.025218928004013708}"
28,28,1,175,0.969858,20,"{""C01"": 1.613871, ""C02"": 1.811061, ""C03"": 1.738213, ""C04"": 1.70872, ""C05"": 1.465933, ""C06"": 1.915122, ""C07"": 1.693172, ""C08"": 1.665625, ""C09"": 1.709513, ""C10"": 1.556468, ""C11"": 1.511752, ""C12"": 1.784776, ""C13"": 1.689431, ""C14"": 1.653639, ""C15"": 1.824489, ""C16"": 1.536587, ""C17"": 1.733528, ""C18"": 1.711672, ""C19"": 1.820823, ""C20"": 1.515419}","{""C01"": 0, ""C02"": 0, ""C03"": 0, ""C04"": 0, ""C05"": 0, ""C06"": 1680, ""C07"": 0, ""C08"": 0, ""C09"": 0, ""C10"": 0, ""C11"": 0, ""C12"": 0, ""C13"": 0, ""C14"": 0, ""C15"": 0, ""C16"": 0, ""C17"": 0, ""C18"": 0, ""C19"": 0, ""C20"": 0}","{""C01"": 0.025234689308638147, ""C02"": 0.025234689308638147, ""C03"": 0.025234689308638147, ""C04"": 0.025234689308638147, ""C05"": 0.025234689308638147, ""C06"": 0.024261775679061234, ""C07"": 0.025234689308638147, ""C08"": 0.025234689308638147, ""C09"": 0.025234689308638147, ""C10"": 0.025234689308638147, ""C11"": 0.025234689308638147, ""C12"": 0.025234689308638147, ""C13"": 0.025234689308638147, ""C14"": 0.025234689308638147, ""C15"": 0.025234689308638147, ""C16"": 0.025234689308638147, ""C17"": 0.025234689308638147, ""C18"": 0.025234689308638147, ""C19"": 0.025234689308638147, ""C20"": 0.025234689308638147}"
29,29,1,431,2.394683,20,"{""C01"": 1.626271, ""C02"": 1.779854, ""C03"": 1.728571, ""C04"": 1.724724, ""C05"": 1.459354, ""C06"": 1.916376, ""C07"": 1.700218, ""C08"": 1.644542, ""C09"": 1.735315, ""C10"": 1.524099, ""C11"": 1.52106, ""C12"": 1.80238, ""C13"": 1.735081, ""C14"": 1.67031, ""C15"": 1.878699, ""C16"": 1.551537, ""C17"": 1.705874, ""C18"": 1.747076, ""C19"": 1.86891, ""C20"": 1.56064}","{""C01"": 0, ""C02"": 0, ""C03"": 0, ""C04"": 0, ""C05"": 0, ""C06"": 1680, ""C07"": 0, ""C08"": 0, ""C09"": 0, ""C10"": 0, ""C11"": 0, ""C12"": 0, ""C13"": 0, ""C14"": 0, ""C15"": 0, ""C16"": 0, ""C17"": 0, ""C18"": 0, ""C19"": 0, ""C20"": 0}","{""C01"": 0.0252353285175171, ""C02"": 0.0252353285175171, ""C03"": 0.0252353285175171, ""C04"": 0.0252353285175171, ""C05"": 0.0252353285175171, ""C06"": 0.024262414192191894, ""C07"": 0.0252353285175171, ""C08"": 0.0252353285175171, ""C09"": 0.0252353285175171, ""C10"": 0.0252353285175171, ""C11"": 0.0252353285175171, ""C12"": 0.0252353285175171, ""C13"": 0.0252353285175171, ""C14"": 0.0252353285175171, ""C15"": 0.0252353285175171, ""C16"": 0.0252353285175171, ""C17"": 0.0252353285175171, ""C18"": 0.0252353285175171, ""C19"": 0.0252353285175171, ""C20"": 0.0252353285175171}"
30,30,1,458,2.619352,20,"{""C01"": 1.589825, ""C02"": 1.857115, ""C03"": 1.751755, ""C04"": 1.720697, ""C05"": 1.460144, ""C06"": 1.914366, ""C07"": 1.69805, ""C08"": 1.702737, ""C09"": 1.715078, ""C10"": 1.571989, ""C11"": 1.503424, ""C12"": 1.798248, ""C13"": 1.685058, ""C14"": 1.681772, ""C15"": 1.854357, ""C16"": 1.567737, ""C17"": 1.723824, ""C18"": 1.735853, ""C19"": 1.882687, ""C20"": 1.524503}","{""C01"": 0, ""C02"": 0, ""C03"": 0, ""C04"": 0, ""C05"": 0, ""C06"": 1680, ""C07"": 0, ""C08"": 0, ""C09"": 0, ""C10"": 0, ""C11"": 0, ""C12"": 0, ""C13"": 0, ""C14"": 0, ""C15"": 0, ""C16"": 0, ""C17"": 0, ""C18"": 0, ""C19"": 0, ""C20"": 0}","{""C01"": 0.025234303653355897, ""C02"": 0.025234303653355897, ""C03"": 0.025234303653355897, ""C04"": 0.025234303653355897, ""C05"": 0.025234303653355897, ""C06"": 0.024261390443536045, ""C07"": 0.025234303653355897, ""C08"": 0.025234303653355897, ""C09"": 0.025234303653355897, ""C10"": 0.025234303653355897, ""C11"": 0.025234303653355897, ""C12"": 0.025234303653355897, ""C13"": 0.025234303653355897, ""C14"": 0.025234303653355897, ""C15"": 0.025234303653355897, ""C16"": 0.025234303653355897, ""C17"": 0.025234303653355897, ""C18"": 0.025234303653355897, ""C19"": 0.025234303653355897, ""C20"": 0.025234303653355897}"
31,31,1,453,2.635722,20,"{""C01"": 1.671515, ""C02"": 1.846147, ""C03"": 1.741667, ""C04"": 1.748608, ""C05"": 1.462943, ""C06"": 1.92518, ""C07"": 1.780027, ""C08"": 1.691477, ""C09"": 1.715558, ""C10"": 1.58119, ""C11"": 1.516768, ""C12"": 1.844673, ""C13"": 1.710305, ""C14"": 1.687566, ""C15"": 1.851568, ""C16"": 1.572221, ""C17"": 1.745714, ""C18"": 1.743576, ""C19"": 1.893689, ""C20"": 1.524783}","{""C01"": 0, ""C02"": 0, ""C03"": 0, ""C04"": 0, ""C05"": 0, ""C06"": 1677, ""C07"": 0, ""C08"": 0, ""C09"": 0, ""C10"": 0, ""C11"": 0, ""C12"": 0, ""C13"": 0, ""C14"": 0, ""C15"": 0, ""C16"": 0, ""C17"": 0, ""C18"": 0, ""C19"": 0, ""C20"": 0}","{""C01"": 0.025238056978745843, ""C02"": 0.025238056978745843, ""C03"": 0.025238056978745843, ""C04"": 0.025238056978745843, ""C05"": 0.025238056978745843, ""C06"": 0.02426688117690926, ""C07"": 0.025238056978745843, ""C08"": 0.025238056978745843, ""C09"": 0.025238056978745843, ""C10"": 0.025238056978745843, ""C11"": 0.025238056978745843, ""C12"": 0.025238056978745843, ""C13"": 0.025238056978745843, ""C14"": 0.025238056978745843, ""C15"": 0.025238056978745843, ""C16"": 0.025238056978745843, ""C17"": 0.025238056978745843, ""C18"": 0.025238056978745843, ""C19"": 0.025238056978745843, ""C20"": 0.025238056978745843}"
32,32,1,205,1.165719,20,"{""C01"": 1.624468, ""C02"": 1.883385, ""C03"": 1.731536, ""C04"": 1.749526, ""C05"": 1.477758, ""C06"": 1.963359, ""C07"": 1.741787, ""C08"": 1.732128, ""C09"": 1.719939, ""C10"": 1.570003, ""C11"": 1.514287, ""C12"": 1.85626, ""C13"": 1.752999, ""C14"": 1.685509, ""C15"": 1.883181, ""C16"": 1.583467, ""C17"": 1.773016, ""C18"": 1.816492, ""C19"": 1.881538, ""C20"": 1.549283}","{""C01"": 0, ""C02"": 0, ""C03"": 0, ""C04"": 0, ""C05"": 0, ""C06"": 1667, ""C07"": 0, ""C08"": 0, ""C09"": 0, ""C10"": 0, ""C11"": 0, ""C12"": 0, ""C13"": 0, ""C14"": 0, ""C15"": 0, ""C16"": 0, ""C17"": 0, ""C18"": 0, ""C19"": 0, ""C20"": 0}","{""C01"": 0.025251332213039435, ""C02"": 0.025251332213039435, ""C03"": 0.025251332213039435, ""C04"": 0.025251332213039435, ""C05"": 0.025251332213039435, ""C06"": 0.024285946928409165, ""C07"": 0.025251332213039435, ""C08"": 0.025251332213039435, ""C09"": 0.025251332213039435, ""C10"": 0.025251332213039435, ""C11"": 0.025251332213039435, ""C12"": 0.025251332213039435, ""C13"": 0.025251332213039435, ""C14"": 0.025251332213039435, ""C15"": 0.025251332213039435, ""C16"": 0.025251332213039435, ""C17"": 0.025251332213039435, ""C18"": 0.025251332213039435, ""C19"": 0.025251332213039435, ""C20"": 0.025251332213039435}"
33,33,1,311,1.801206,20,"{""C01"": 1.678566, ""C02"": 1.876089, ""C03"": 1.790866, ""C04"": 1.731696, ""C05"": 1.51008, ""C06"": 1.947677, ""C07"": 1.753319, ""C08"": 1.750414, ""C09"": 1.723598, ""C10"": 1.545984, ""C11"": 1.541481, ""C12"": 1.845612, ""C13"": 1.725077, ""C14"": 1.693572, ""C15"": 1.846798, ""C16"": 1.564922, ""C17"": 1.77452, ""C18"": 1.7846, ""C19"": 1.902159, ""C20"": 1.56248}","{""C01"": 0, ""C02"": 0, ""C03"": 0, ""C04"": 0, ""C05"": 0, ""C06"": 1671, ""C07"": 0, ""C08"": 0, ""C09"": 0, ""C10"": 0, ""C11"": 0, ""C12"": 0, ""C13"": 0, ""C14"": 0, ""C15"": 0, ""C16"": 0, ""C17"": 0, ""C18"": 0, ""C19"": 0, ""C20"": 0}","{""C01"": 0.025245876464722275, ""C02"": 0.025245876464722275, ""C03"": 0.025245876464722275, ""C04"": 0.025245876464722275, ""C05"": 0.025245876464722275, ""C06"": 0.024278175134729574, ""C07"": 0.025245876464722275, ""C08"": 0.025245876464722275, ""C09"": 0.025245876464722275, ""C10"": 0.025245876464722275, ""C11"": 0.025245876464722275, ""C12"": 0.025245876464722275, ""C13"": 0.025245876464722275, ""C14"": 0.025245876464722275, ""C15"": 0.025245876464722275, ""C16"": 0.025245876464722275, ""C17"": 0.025245876464722275, ""C18"": 0.025245876464722275, ""C19"": 0.025245876464722275, ""C20"": 0.025245876464722275}"
34,34,1,425,2.404807,20,"{""C01"": 1.680941, ""C02"": 1.893533, ""C03"": 1.74027, ""C04"": 1.773471, ""C05"": 1.529383, ""C06"": 1.972033, ""C07"": 1.745708, ""C08"": 1.720253, ""C09"": 1.755546, ""C10"": 1.561267, ""C11"": 1.521813, ""C12"": 1.817603, ""C13"": 1.730374, ""C14"": 1.708137, ""C15"": 1.896351, ""C16"": 1.589937, ""C17"": 1.84677, ""C18"": 1.797021, ""C19"": 1.936278, ""C20"": 1.587085}","{""C01"": 0, ""C02"": 0, ""C03"": 0, ""C04"": 0, ""C05"": 0, ""C06"": 1665, ""C07"": 0, ""C08"": 0, ""C09"": 0, ""C10"": 0, ""C11"": 0, ""C12"": 0, ""C13"": 0, ""C14"": 0, ""C15"": 0, ""C16"": 0, ""C17"": 0, ""C18"": 0, ""C19"": 0, ""C20"": 0}","{""C01"": 0.025254438373357516, ""C02"": 0.025254438373357516, ""C03"": 0.025254438373357516, ""C04"": 0.025254438373357516, ""C05"": 0.025254438373357516, ""C06"": 0.024290210694233413, ""C07"": 0.025254438373357516, ""C08"": 0.025254438373357516, ""C09"": 0.025254438373357516, ""C10"": 0.025254438373357516, ""C11"": 0.025254438373357516, ""C12"": 0.025254438373357516, ""C13"": 0.025254438373357516, ""C14"": 0.025254438373357516, ""C15"": 0.025254438373357516, ""C16"": 0.025254438373357516, ""C17"": 0.025254438373357516, ""C18"": 0.025254438373357516, ""C19"": 0.025254438373357516, ""C20"": 0.025254438373357516}"
35,35,1,275,1.565021,20,"{""C01"": 1.707131, ""C02"": 1.895307, ""C03"": 1.749248, ""C04"": 1.800744, ""C05"": 1.489743, ""C06"": 1.961541, ""C07"": 1.789025, ""C08"": 1.722585, ""C09"": 1.740104, ""C10"": 1.572274, ""C11"": 1.523394, ""C12"": 1.81789, ""C13"": 1.743342, ""C14"": 1.709995, ""C15"": 1.894454, ""C16"": 1.57108, ""C17"": 1.827552, ""C18"": 1.782953, ""C19"": 1.903866, ""C20"": 1.568509}","{""C01"": 0, ""C02"": 0, ""C03"": 0, ""C04"": 0, ""C05"": 0, ""C06"": 1667, ""C07"": 0, ""C08"": 0, ""C09"": 0, ""C10"": 0, ""C11"": 0, ""C12"": 0, ""C13"": 0, ""C14"": 0, ""C15"": 0, ""C16"": 0, ""C17"": 0, ""C18"": 0, ""C19"": 0, ""C20"": 0}","{""C01"": 0.025250434302628577, ""C02"": 0.025250434302628577, ""C03"": 0.025250434302628577, ""C04"": 0.025250434302628577, ""C05"": 0.025250434302628577, ""C06"": 0.02428505000367818, ""C07"": 0.025250434302628577, ""C08"": 0.025250434302628577, ""C09"": 0.025250434302628577, ""C10"": 0.025250434302628577, ""C11"": 0.025250434302628577, ""C12"": 0.025250434302628577, ""C13"": 0.025250434302628577, ""C14"": 0.025250434302628577, ""C15"": 0.025250434302628577, ""C16"": 0.025250434302628577, ""C17"": 0.025250434302628577, ""C18"": 0.025250434302628577, ""C19"": 0.025250434302628577, ""C20"": 0.025250434302628577}"
36,36,1,302,1.712901,20,"{""C01"": 1.700929, ""C02"": 1.878105, ""C03"": 1.767591, ""C04"": 1.76844, ""C05"": 1.510462, ""C06"": 1.95993, ""C07"": 1.787797, ""C08"": 1.756245, ""C09"": 1.788001, ""C10"": 1.596961, ""C11"": 1.560628, ""C12"": 1.880143, ""C13"": 1.750154, ""C14"": 1.745324, ""C15"": 1.89806, ""C16"": 1.638144, ""C17"": 1.814811, ""C18"": 1.806464, ""C19"": 1.909157, ""C20"": 1.596279}","{""C01"": 0, ""C02"": 0, ""C03"": 0, ""C04"": 0, ""C05"": 0, ""C06"": 1668, ""C07"": 0, ""C08"": 0, ""C09"": 0, ""C10"": 0, ""C11"": 0, ""C12"": 0, ""C13"": 0, ""C14"": 0, ""C15"": 0, ""C16"": 0, ""C17"": 0, ""C18"": 0, ""C19"": 0, ""C20"": 0}","{""C01"": 0.02525021913911503, ""C02"": 0.02525021913911503, ""C03"": 0.02525021913911503, ""C04"": 0.02525021913911503, ""C05"": 0.02525021913911503, ""C06"": 0.024284254568271067, ""C07"": 0.02525021913911503, ""C08"": 0.02525021913911503, ""C09"": 0.02525021913911503, ""C10"": 0.02525021913911503, ""C11"": 0.02525021913911503, ""C12"": 0.02525021913911503, ""C13"": 0.02525021913911503, ""C14"": 0.02525021913911503, ""C15"": 0.02525021913911503, ""C16"": 0.02525021913911503, ""C17"": 0.02525021913911503, ""C18"": 0.02525021913911503, ""C19"": 0.02525021913911503, ""C20"": 0.02525021913911503}"
37,37,1,446,2.541264,20,"{""C01"": 1.71168, ""C02"": 1.900769, ""C03"": 1.79085, ""C04"": 1.817911, ""C05"": 1.537504, ""C06"": 1.987752, ""C07"": 1.807324, ""C08"": 1.727081, ""C09"": 1.793827, ""C10"": 1.610934, ""C11"": 1.570022, ""C12"": 1.834573, ""C13"": 1.739703, ""C14"": 1.7382, ""C15"": 1.869675, ""C16"": 1.58125, ""C17"": 1.795841, ""C18"": 1.818454, ""C19"": 1.955791, ""C20"": 1.599574}","{""C01"": 0, ""C02"": 0, ""C03"": 0, ""C04"": 0, ""C05"": 0, ""C06"": 1660, ""C07"": 0, ""C08"": 0, ""C09"": 0, ""C10"": 0, ""C11"": 0, ""C12"": 0, ""C13"": 0, ""C14"": 0, ""C15"": 0, ""C16"": 0, ""C17"": 0, ""C18"": 0, ""C19"": 0, ""C20"": 0}","{""C01"": 0.025259205155213252, ""C02"": 0.025259205155213252, ""C03"": 0.025259205155213252, ""C04"": 0.025259205155213252, ""C05"": 0.025259205155213252, ""C06"": 0.024297874788136428, ""C07"": 0.025259205155213252, ""C08"": 0.025259205155213252, ""C09"": 0.025259205155213252, ""C10"": 0.025259205155213252, ""C11"": 0.025259205155213252, ""C12"": 0.025259205155213252, ""C13"": 0.025259205155213252, ""C14"": 0.025259205155213252, ""C15"": 0.025259205155213252, ""C16"": 0.025259205155213252, ""C17"": 0.025259205155213252, ""C18"": 0.025259205155213252, ""C19"": 0.025259205155213252, ""C20"": 0.025259205155213252}"
38,38,1,309,1.749116,20,"{""C01"": 1.705001, ""C02"": 1.895972, ""C03"": 1.812209, ""C04"": 1.786263, ""C05"": 1.552153, ""C06"": 1.984426, ""C07"": 1.824611, ""C08"": 1.770459, ""C09"": 1.78856, ""C10"": 1.61732, ""C11"": 1.58389, ""C12"": 1.858923, ""C13"": 1.761156, ""C14"": 1.73115, ""C15"": 1.899076, ""C16"": 1.603174, ""C17"": 1.815307, ""C18"": 1.826606, ""C19"": 1.934137, ""C20"": 1.570884}","{""C01"": 0, ""C02"": 0, ""C03"": 0, ""C04"": 0, ""C05"": 0, ""C06"": 1661, ""C07"": 0, ""C08"": 0, ""C09"": 0, ""C10"": 0, ""C11"": 0, ""C12"": 0, ""C13"": 0, ""C14"": 0, ""C15"": 0, ""C16"": 0, ""C17"": 0, ""C18"": 0, ""C19"": 0, ""C20"": 0}","{""C01"": 0.025258169543498077, ""C02"": 0.025258169543498077, ""C03"": 0.025258169543498077, ""C04"": 0.025258169543498077, ""C05"": 0.025258169543498077, ""C06"": 0.024296259803931578, ""C07"": 0.025258169543498077, ""C08"": 0.025258169543498077, ""C09"": 0.025258169543498077, ""C10"": 0.025258169543498077, ""C11"": 0.025258169543498077, ""C12"": 0.025258169543498077, ""C13"": 0.025258169543498077, ""C14"": 0.025258169543498077, ""C15"": 0.025258169543498077, ""C16"": 0.025258169543498077, ""C17"": 0.025258169543498077, ""C18"": 0.025258169543498077, ""C19"": 0.025258169543498077, ""C20"": 0.025258169543498077}"
39,39,1,279,1.587875,20,"{""C01"": 1.738213, ""C02"": 1.900793, ""C03"": 1.78398, ""C04"": 1.782784, ""C05"": 1.500052, ""C06"": 1.969615, ""C07"": 1.802622, ""C08"": 1.745714, ""C09"": 1.785082, ""C10"": 1.620148, ""C11"": 1.555617, ""C12"": 1.850077, ""C13"": 1.787942, ""C14"": 1.736669, ""C15"": 1.914246, ""C16"": 1.595065, ""C17"": 1.837951, ""C18"": 1.816371, ""C19"": 1.899309, ""C20"": 1.608743}","{""C01"": 0, ""C02"": 0, ""C03"": 0, ""C04"": 0, ""C05"": 0, ""C06"": 1665, ""C07"": 0, ""C08"": 0, ""C09"": 0, ""C10"": 0, ""C11"": 0, ""C12"": 0, ""C13"": 0, ""C14"": 0, ""C15"": 0, ""C16"": 0, ""C17"": 0, ""C18"": 0, ""C19"": 0, ""C20"": 0}","{""C01"": 0.025253250862291535, ""C02"": 0.025253250862291535, ""C03"": 0.025253250862291535, ""C04"": 0.025253250862291535, ""C05"": 0.025253250862291535, ""C06"": 0.024289024488501523, ""C07"": 0.025253250862291535, ""C08"": 0.025253250862291535, ""C09"": 0.025253250862291535, ""C10"": 0.025253250862291535, ""C11"": 0.025253250862291535, ""C12"": 0.025253250862291535, ""C13"": 0.025253250862291535, ""C14"": 0.025253250862291535, ""C15"": 0.025253250862291535, ""C16"": 0.025253250862291535, ""C17"": 0.025253250862291535, ""C18"": 0.025253250862291535, ""C19"": 0.025253250862291535, ""C20"": 0.025253250862291535}"
40,40,1,246,1.398617,20,"{""C01"": 1.703411, ""C02"": 1.919713, ""C03"": 1.790015, ""C04"": 1.796319, ""C05"": 1.52851, ""C06"": 1.983019, ""C07"": 1.804555, ""C08"": 1.779168, ""C09"": 1.802435, ""C10"": 1.581551, ""C11"": 1.571961, ""C12"": 1.868895, ""C13"": 1.788254, ""C14"": 1.759651, ""C15"": 1.911775, ""C16"": 1.595029, ""C17"": 1.773934, ""C18"": 1.843832, ""C19"": 1.910694, ""C20"": 1.615325}","{""C01"": 0, ""C02"": 0, ""C03"": 0, ""C04"": 0, ""C05"": 0, ""C06"": 1662, ""C07"": 0, ""C08"": 0, ""C09"": 0, ""C10"": 0, ""C11"": 0, ""C12"": 0, ""C13"": 0, ""C14"": 0, ""C15"": 0, ""C16"": 0, ""C17"": 0, ""C18"": 0, ""C19"": 0, ""C20"": 0}","{""C01"": 0.025258065795125476, ""C02"": 0.025258065795125476, ""C03"": 0.025258065795125476, ""C04"": 0.025258065795125476, ""C05"": 0.025258065795125476, ""C06"": 0.02429557565696993, ""C07"": 0.025258065795125476, ""C08"": 0.025258065795125476, ""C09"": 0.025258065795125476, ""C10"": 0.025258065795125476, ""C11"": 0.025258065795125476, ""C12"": 0.025258065795125476, ""C13"": 0.025258065795125476, ""C14"": 0.025258065795125476, ""C15"": 0.025258065795125476, ""C16"": 0.025258065795125476, ""C17"": 0.025258065795125476, ""C18"": 0.025258065795125476, ""C19"": 0.025258065795125476, ""C20"": 0.025258065795125476}"
41,41,1,458,2.639090,20,"{""C01"": 1.675569, ""C02"": 1.872226, ""C03"": 1.7977, ""C04"": 1.80512, ""C05"": 1.536266, ""C06"": 1.971659, ""C07"": 1.772554, ""C08"": 1.74027, ""C09"": 1.785599, ""C10"": 1.571072, ""C11"": 1.523016, ""C12"": 1.846876, ""C13"": 1.744462, ""C14"": 1.774979, ""C15"": 1.896286, ""C16"": 1.584123, ""C17"": 1.811654, ""C18"": 1.822284, ""C19"": 1.940826, ""C20"": 1.57174}","{""C01"": 0, ""C02"": 0, ""C03"": 0, ""C04"": 0, ""C05"": 0, ""C06"": 1665, ""C07"": 0, ""C08"": 0, ""C09"": 0, ""C10"": 0, ""C11"": 0, ""C12"": 0, ""C13"": 0, ""C14"": 0, ""C15"": 0, ""C16"": 0, ""C17"": 0, ""C18"": 0, ""C19"": 0, ""C20"": 0}","{""C01"": 0.025254254835976264, ""C02"": 0.025254254835976264, ""C03"": 0.025254254835976264, ""C04"": 0.025254254835976264, ""C05"": 0.025254254835976264, ""C06"": 0.024290027358604527, ""C07"": 0.025254254835976264, ""C08"": 0.025254254835976264, ""C09"": 0.025254254835976264, ""C10"": 0.025254254835976264, ""C11"": 0.025254254835976264, ""C12"": 0.025254254835976264, ""C13"": 0.025254254835976264, ""C14"": 0.025254254835976264, ""C15"": 0.025254254835976264, ""C16"": 0.025254254835976264, ""C17"": 0.025254254835976264, ""C18"": 0.025254254835976264, ""C19"": 0.025254254835976264, ""C20"": 0.025254254835976264}"
42,42,1,355,2.072307,20,"{""C01"": 1.717166, ""C02"": 1.911664, ""C03"": 1.783164, ""C04"": 1.795546, ""C05"": 1.485314, ""C06"": 1.953968, ""C07"": 1.771118, ""C08"": 1.778148, ""C09"": 1.784772, ""C10"": 1.570438, ""C11"": 1.556679, ""C12"": 1.878467, ""C13"": 1.768755, ""C14"": 1.761511, ""C15"": 1.904168, ""C16"": 1.594907, ""C17"": 1.7892, ""C18"": 1.788238, ""C19"": 1.897145, ""C20"": 1.58565}","{""C01"": 0, ""C02"": 0, ""C03"": 0, ""C04"": 0, ""C05"": 0, ""C06"": 1669, ""C07"": 0, ""C08"": 0, ""C09"": 0, ""C10"": 0, ""C11"": 0, ""C12"": 0, ""C13"": 0, ""C14"": 0, ""C15"": 0, ""C16"": 0, ""C17"": 0, ""C18"": 0, ""C19"": 0, ""C20"": 0}","{""C01"": 0.025247845064990906, ""C02"": 0.025247845064990906, ""C03"": 0.025247845064990906, ""C04"": 0.025247845064990906, ""C05"": 0.025247845064990906, ""C06"": 0.024281302590517927, ""C07"": 0.025247845064990906, ""C08"": 0.025247845064990906, ""C09"": 0.025247845064990906, ""C10"": 0.025247845064990906, ""C11"": 0.025247845064990906, ""C12"": 0.025247845064990906, ""C13"": 0.025247845064990906, ""C14"": 0.025247845064990906, ""C15"": 0.025247845064990906, ""C16"": 0.025247845064990906, ""C17"": 0.025247845064990906, ""C18"": 0.025247845064990906, ""C19"": 0.025247845064990906, ""C20"": 0.025247845064990906}"
43,43,1,276,1.584825,20,"{""C01"": 1.671734, ""C02"": 1.888934, ""C03"": 1.785837, ""C04"": 1.773429, ""C05"": 1.506113, ""C06"": 1.957878, ""C07"": 1.805415, ""C08"": 1.763888, ""C09"": 1.782231, ""C10"": 1.582483, ""C11"": 1.583754, ""C12"": 1.880473, ""C13"": 1.791776, ""C14"": 1.722502, ""C15"": 1.901495, ""C16"": 1.573962, ""C17"": 1.77197, ""C18"": 1.8115, ""C19"": 1.876686, ""C20"": 1.580313}","{""C01"": 0, ""C02"": 0, ""C03"": 0, ""C04"": 0, ""C05"": 0, ""C06"": 1668, ""C07"": 0, ""C08"": 0, ""C09"": 0, ""C10"": 0, ""C11"": 0, ""C12"": 0, ""C13"": 0, ""C14"": 0, ""C15"": 0, ""C16"": 0, ""C17"": 0, ""C18"": 0, ""C19"": 0, ""C20"": 0}","{""C01"": 0.025249203258838296, ""C02"": 0.025249203258838296, ""C03"": 0.025249203258838296, ""C04"": 0.025249203258838296, ""C05"": 0.025249203258838296, ""C06"": 0.024283239802446323, ""C07"": 0.025249203258838296, ""C08"": 0.025249203258838296, ""C09"": 0.025249203258838296, ""C10"": 0.025249203258838296, ""C11"": 0.025249203258838296, ""C12"": 0.025249203258838296, ""C13"": 0.025249203258838296, ""C14"": 0.025249203258838296, ""C15"": 0.025249203258838296, ""C16"": 0.025249203258838296, ""C17"": 0.025249203258838296, ""C18"": 0.025249203258838296, ""C19"": 0.025249203258838296, ""C20"": 0.025249203258838296}"
44,44,1,236,1.350529,20,"{""C01"": 1.71894, ""C02"": 1.900956, ""C03"": 1.780886, ""C04"": 1.7826, ""C05"": 1.499679, ""C06"": 1.991172, ""C07"": 1.783993, ""C08"": 1.759301, ""C09"": 1.78319, ""C10"": 1.564091, ""C11"": 1.534068, ""C12"": 1.870181, ""C13"": 1.750496, ""C14"": 1.752537, ""C15"": 1.854302, ""C16"": 1.57188, ""C17"": 1.809056, ""C18"": 1.815799, ""C19"": 1.924015, ""C20"": 1.58215}","{""C01"": 0, ""C02"": 0, ""C03"": 0, ""C04"": 0, ""C05"": 0, ""C06"": 1659, ""C07"": 0, ""C08"": 0, ""C09"": 0, ""C10"": 0, ""C11"": 0, ""C12"": 0, ""C13"": 0, ""C14"": 0, ""C15"": 0, ""C16"": 0, ""C17"": 0, ""C18"": 0, ""C19"": 0, ""C20"": 0}","{""C01"": 0.025260282761142658, ""C02"": 0.025260282761142658, ""C03"": 0.025260282761142658, ""C04"": 0.025260282761142658, ""C05"": 0.025260282761142658, ""C06"": 0.0242995317204643, ""C07"": 0.025260282761142658, ""C08"": 0.025260282761142658, ""C09"": 0.025260282761142658, ""C10"": 0.025260282761142658, ""C11"": 0.025260282761142658, ""C12"": 0.025260282761142658, ""C13"": 0.025260282761142658, ""C14"": 0.025260282761142658, ""C15"": 0.025260282761142658, ""C16"": 0.025260282761142658, ""C17"": 0.025260282761142658, ""C18"": 0.025260282761142658, ""C19"": 0.025260282761142658, ""C20"": 0.025260282761142658}"
45,45,1,202,1.143287,20,"{""C01"": 1.694716, ""C02"": 1.872153, ""C03"": 1.790962, ""C04"": 1.786554, ""C05"": 1.511657, ""C06"": 1.960646, ""C07"": 1.768724, ""C08"": 1.704671, ""C09"": 1.743322, ""C10"": 1.530375, ""C11"": 1.574203, ""C12"": 1.8543, ""C13"": 1.73683, ""C14"": 1.755343, ""C15"": 1.876432, ""C16"": 1.576305, ""C17"": 1.791718, ""C18"": 1.775259, ""C19"": 1.88073, ""C20"": 1.563528}","{""C01"": 0, ""C02"": 0, ""C03"": 0, ""C04"": 0, ""C05"": 0, ""C06"": 1668, ""C07"": 0, ""C08"": 0, ""C09"": 0, ""C10"": 0, ""C11"": 0, ""C12"": 0, ""C13"": 0, ""C14"": 0, ""C15"": 0, ""C16"": 0, ""C17"": 0, ""C18"": 0, ""C19"": 0, ""C20"": 0}","{""C01"": 0.025250573243127225, ""C02"": 0.025250573243127225, ""C03"": 0.025250573243127225, ""C04"": 0.025250573243127225, ""C05"": 0.025250573243127225, ""C06"": 0.024284608283807678, ""C07"": 0.025250573243127225, ""C08"": 0.025250573243127225, ""C09"": 0.025250573243127225, ""C10"": 0.025250573243127225, ""C11"": 0.025250573243127225, ""C12"": 0.025250573243127225, ""C13"": 0.025250573243127225, ""C14"": 0.025250573243127225, ""C15"": 0.025250573243127225, ""C16"": 0.025250573243127225, ""C17"": 0.025250573243127225, ""C18"": 0.025250573243127225, ""C19"": 0.025250573243127225, ""C20"": 0.025250573243127225}"
46,46,1,412,2.335725,20,"{""C01"": 1.680527, ""C02"": 1.88009, ""C03"": 1.762162, ""C04"": 1.768525, ""C05"": 1.514477, ""C06"": 1.953861, ""C07"": 1.775607, ""C08"": 1.733517, ""C09"": 1.786542, ""C10"": 1.551538, ""C11"": 1.580104, ""C12"": 1.845071, ""C13"": 1.756758, ""C14"": 1.695899, ""C15"": 1.877748, ""C16"": 1.576741, ""C17"": 1.799281, ""C18"": 1.796438, ""C19"": 1.913481, ""C20"": 1.56436}","{""C01"": 0, ""C02"": 0, ""C03"": 0, ""C04"": 0, ""C05"": 0, ""C06"": 1669, ""C07"": 0, ""C08"": 0, ""C09"": 0, ""C10"": 0, ""C11"": 0, ""C12"": 0, ""C13"": 0, ""C14"": 0, ""C15"": 0, ""C16"": 0, ""C17"": 0, ""C18"": 0, ""C19"": 0, ""C20"": 0}","{""C01"": 0.02524779190991698, ""C02"": 0.02524779190991698, ""C03"": 0.02524779190991698, ""C04"": 0.02524779190991698, ""C05"": 0.02524779190991698, ""C06"": 0.02428124949371672, ""C07"": 0.02524779190991698, ""C08"": 0.02524779190991698, ""C09"": 0.02524779190991698, ""C10"": 0.02524779190991698, ""C11"": 0.02524779190991698, ""C12"": 0.02524779190991698, ""C13"": 0.02524779190991698, ""C14"": 0.02524779190991698, ""C15"": 0.02524779190991698, ""C16"": 0.02524779190991698, ""C17"": 0.02524779190991698, ""C18"": 0.02524779190991698, ""C19"": 0.02524779190991698, ""C20"": 0.02524779190991698}"
47,47,1,430,2.481820,20,"{""C01"": 1.685796, ""C02"": 1.873354, ""C03"": 1.742727, ""C04"": 1.754105, ""C05"": 1.478213, ""C06"": 1.91212, ""C07"": 1.752828, ""C08"": 1.729275, ""C09"": 1.725622, ""C10"": 1.520413, ""C11"": 1.524601, ""C12"": 1.828422, ""C13"": 1.768148, ""C14"": 1.732762, ""C15"": 1.831594, ""C16"": 1.573833, ""C17"": 1.803972, ""C18"": 1.751928, ""C19"": 1.876273, ""C20"": 1.577802}","{""C01"": 0, ""C02"": 0, ""C03"": 0, ""C04"": 0, ""C05"": 0, ""C06"": 1681, ""C07"": 0, ""C08"": 0, ""C09"": 0, ""C10"": 0, ""C11"": 0, ""C12"": 0, ""C13"": 0, ""C14"": 0, ""C15"": 0, ""C16"": 0, ""C17"": 0, ""C18"": 0, ""C19"": 0, ""C20"": 0}","{""C01"": 0.025233738117473273, ""C02"": 0.025233738117473273, ""C03"": 0.025233738117473273, ""C04"": 0.025233738117473273, ""C05"": 0.025233738117473273, ""C06"": 0.024260245025827257, ""C07"": 0.025233738117473273, ""C08"": 0.025233738117473273, ""C09"": 0.025233738117473273, ""C10"": 0.025233738117473273, ""C11"": 0.025233738117473273, ""C12"": 0.025233738117473273, ""C13"": 0.025233738117473273, ""C14"": 0.025233738117473273, ""C15"": 0.025233738117473273, ""C16"": 0.025233738117473273, ""C17"": 0.025233738117473273, ""C18"": 0.025233738117473273, ""C19"": 0.025233738117473273, ""C20"": 0.025233738117473273}"
48,48,1,223,1.265779,20,"{""C01"": 1.661723, ""C02"": 1.874847, ""C03"": 1.705015, ""C04"": 1.753239, ""C05"": 1.481072, ""C06"": 1.955323, ""C07"": 1.759276, ""C08"": 1.706316, ""C09"": 1.734806, ""C10"": 1.567086, ""C11"": 1.530482, ""C12"": 1.818985, ""C13"": 1.737071, ""C14"": 1.729473, ""C15"": 1.885901, ""C16"": 1.52338, ""C17"": 1.777571, ""C18"": 1.750913, ""C19"": 1.878021, ""C20"": 1.564957}","{""C01"": 0, ""C02"": 0, ""C03"": 0, ""C04"": 0, ""C05"": 0, ""C06"": 1669, ""C07"": 0, ""C08"": 0, ""C09"": 0, ""C10"": 0, ""C11"": 0, ""C12"": 0, ""C13"": 0, ""C14"": 0, ""C15"": 0, ""C16"": 0, ""C17"": 0, ""C18"": 0, ""C19"": 0, ""C20"": 0}","{""C01"": 0.02524851782999532, ""C02"": 0.02524851782999532, ""C03"": 0.02524851782999532, ""C04"": 0.02524851782999532, ""C05"": 0.02524851782999532, ""C06"": 0.024281974617973195, ""C07"": 0.02524851782999532, ""C08"": 0.02524851782999532, ""C09"": 0.02524851782999532, ""C10"": 0.02524851782999532, ""C11"": 0.02524851782999532, ""C12"": 0.02524851782999532, ""C13"": 0.02524851782999532, ""C14"": 0.02524851782999532, ""C15"": 0.02524851782999532, ""C16"": 0.02524851782999532, ""C17"": 0.02524851782999532, ""C18"": 0.02524851782999532, ""C19"": 0.02524851782999532, ""C20"": 0.02524851782999532}"
49,49,1,283,1.598871,20,"{""C01"": 1.635664, ""C02"": 1.869475, ""C03"": 1.753071, ""C04"": 1.726215, ""C05"": 1.501005, ""C06"": 1.933856, ""C07"": 1.703745, ""C08"": 1.723644, ""C09"": 1.758069, ""C10"": 1.525822, ""C11"": 1.506324, ""C12"": 1.835608, ""C13"": 1.739696, ""C14"": 1.709574, ""C15"": 1.862019, ""C16"": 1.537698, ""C17"": 1.755915, ""C18"": 1.788797, ""C19"": 1.880812, ""C20"": 1.566892}","{""C01"": 0, ""C02"": 0, ""C03"": 0, ""C04"": 0, ""C05"": 0, ""C06"": 1675, ""C07"": 0, ""C08"": 0, ""C09"": 0, ""C10"": 0, ""C11"": 0, ""C12"": 0, ""C13"": 0, ""C14"": 0, ""C15"": 0, ""C16"": 0, ""C17"": 0, ""C18"": 0, ""C19"": 0, ""C20"": 0}","{""C01"": 0.025241275544712338, ""C02"": 0.025241275544712338, ""C03"": 0.025241275544712338, ""C04"": 0.025241275544712338, ""C05"": 0.025241275544712338, ""C06"": 0.02427125723231335, ""C07"": 0.025241275544712338, ""C08"": 0.025241275544712338, ""C09"": 0.025241275544712338, ""C10"": 0.025241275544712338, ""C11"": 0.025241275544712338, ""C12"": 0.025241275544712338, ""C13"": 0.025241275544712338, ""C14"": 0.025241275544712338, ""C15"": 0.025241275544712338, ""C16"": 0.025241275544712338, ""C17"": 0.025241275544712338, ""C18"": 0.025241275544712338, ""C19"": 0.025241275544712338, ""C20"": 0.025241275544712338}"
50,50,1,480,2.750096,20,"{""C01"": 1.694825, ""C02"": 1.85648, ""C03"": 1.701256, ""C04"": 1.725962, ""C05"": 1.478637, ""C06"": 1.907835, ""C07"": 1.686648, ""C08"": 1.697329, ""C09"": 1.77295, ""C10"": 1.537965, ""C11"": 1.522565, ""C12"": 1.815942, ""C13"": 1.706914, ""C14"": 1.698161, ""C15"": 1.799417, ""C16"": 1.585992, ""C17"": 1.758744, ""C18"": 1.752735, ""C19"": 1.87952, ""C20"": 1.525077}","{""C01"": 0, ""C02"": 0, ""C03"": 0, ""C04"": 0, ""C05"": 0, ""C06"": 1682, ""C07"": 0, ""C08"": 0, ""C09"": 0, ""C10"": 0, ""C11"": 0, ""C12"": 0, ""C13"": 0, ""C14"": 0, ""C15"": 0, ""C16"": 0, ""C17"": 0, ""C18"": 0, ""C19"": 0, ""C20"": 0}","{""C01"": 0.02523212647722252, ""C02"": 0.02523212647722252, ""C03"": 0.02523212647722252, ""C04"": 0.02523212647722252, ""C05"": 0.02523212647722252, ""C06"": 0.02425805464179645, ""C07"": 0.02523212647722252, ""C08"": 0.02523212647722252, ""C09"": 0.02523212647722252, ""C10"": 0.02523212647722252, ""C11"": 0.02523212647722252, ""C12"": 0.02523212647722252, ""C13"": 0.02523212647722252, ""C14"": 0.02523212647722252, ""C15"": 0.02523212647722252, ""C16"": 0.02523212647722252, ""C17"": 0.02523212647722252, ""C18"": 0.02523212647722252, ""C19"": 0.02523212647722252, ""C20"": 0.02523212647722252}"
51,51,1,353,2.009623,20,"{""C01"": 1.66024, ""C02"": 1.839077, ""C03"": 1.715762, ""C04"": 1.722336, ""C05"": 1.47967, ""C06"": 1.917295, ""C07"": 1.719787, ""C08"": 1.710159, ""C09"": 1.732184, ""C10"": 1.501604, ""C11"": 1.512797, ""C12"": 1.822374, ""C13"": 1.723489, ""C14"": 1.679514, ""C15"": 1.876007, ""C16"": 1.497611, ""C17"": 1.776207, ""C18"": 1.742059, ""C19"": 1.845763, ""C20"": 1.542508}","{""C01"": 0, ""C02"": 0, ""C03"": 0, ""C04"": 0, ""C05"": 0, ""C06"": 1679, ""C07"": 0, ""C08"": 0, ""C09"": 0, ""C10"": 0, ""C11"": 0, ""C12"": 0, ""C13"": 0, ""C14"": 0, ""C15"": 0, ""C16"": 0, ""C17"": 0, ""C18"": 0, ""C19"": 0, ""C20"": 0}","{""C01"": 0.02523521527468757, ""C02"": 0.02523521527468757, ""C03"": 0.02523521527468757, ""C04"": 0.02523521527468757, ""C05"": 0.02523521527468757, ""C06"": 0.024262881570663426, ""C07"": 0.02523521527468757, ""C08"": 0.02523521527468757, ""C09"": 0.02523521527468757, ""C10"": 0.02523521527468757, ""C11"": 0.02523521527468757, ""C12"": 0.02523521527468757, ""C13"": 0.02523521527468757, ""C14"": 0.02523521527468757, ""C15"": 0.02523521527468757, ""C16"": 0.02523521527468757, ""C17"": 0.02523521527468757, ""C18"": 0.02523521527468757, ""C19"": 0.02523521527468757, ""C20"": 0.02523521527468757}"
52,52,1,186,1.065012,20,"{""C01"": 1.670329, ""C02"": 1.830535, ""C03"": 1.720971, ""C04"": 1.717784, ""C05"": 1.471601, ""C06"": 1.931918, ""C07"": 1.734966, ""C08"": 1.696657, ""C09"": 1.730074, ""C10"": 1.476379, ""C11"": 1.476569, ""C12"": 1.818423, ""C13"": 1.713749, ""C14"": 1.681629, ""C15"": 1.820158, ""C16"": 1.500367, ""C17"": 1.745009, ""C18"": 1.759318, ""C19"": 1.84569, ""C20"": 1.537131}","{""C01"": 0, ""C02"": 0, ""C03"": 0, ""C04"": 0, ""C05"": 0, ""C06"": 1675, ""C07"": 0, ""C08"": 0, ""C09"": 0, ""C10"": 0, ""C11"": 0, ""C12"": 0, ""C13"": 0, ""C14"": 0, ""C15"": 0, ""C16"": 0, ""C17"": 0, ""C18"": 0, ""C19"": 0, ""C20"": 0}","{""C01"": 0.02524029908876886, ""C02"": 0.02524029908876886, ""C03"": 0.02524029908876886, ""C04"": 0.02524029908876886, ""C05"": 0.02524029908876886, ""C06"": 0.02427028184265356, ""C07"": 0.02524029908876886, ""C08"": 0.02524029908876886, ""C09"": 0.02524029908876886, ""C10"": 0.02524029908876886, ""C11"": 0.02524029908876886, ""C12"": 0.02524029908876886, ""C13"": 0.02524029908876886, ""C14"": 0.02524029908876886, ""C15"": 0.02524029908876886, ""C16"": 0.02524029908876886, ""C17"": 0.02524029908876886, ""C18"": 0.02524029908876886, ""C19"": 0.02524029908876886, ""C20"": 0.02524029908876886}"
53,53,1,189,1.083240,20,"{""C01"": 1.647102, ""C02"": 1.851977, ""C03"": 1.70064, ""C04"": 1.695857, ""C05"": 1.44761, ""C06"": 1.89371, ""C07"": 1.747298, ""C08"": 1.681187, ""C09"": 1.743728, ""C10"": 1.5172, ""C11"": 1.476431, ""C12"": 1.78979, ""C13"": 1.725101, ""C14"": 1.683306, ""C15"": 1.820931, ""C16"": 1.501411, ""C17"": 1.782662, ""C18"": 1.759389, ""C19"": 1.891584, ""C20"": 1.50501}","{""C01"": 0, ""C02"": 0, ""C03"": 0, ""C04"": 0, ""C05"": 0, ""C06"": 884, ""C07"": 0, ""C08"": 0, ""C09"": 0, ""C10"": 0, ""C11"": 0, ""C12"": 0, ""C13"": 0, ""C14"": 0, ""C15"": 0, ""C16"": 0, ""C17"": 0, ""C18"": 0, ""C19"": 803, ""C20"": 0}","{""C01"": 0.025227234093361653, ""C02"": 0.025227234093361653, ""C03"": 0.025227234093361653, ""C04"": 0.025227234093361653, ""C05"": 0.025227234093361653, ""C06"": 0.02471529823559542, ""C07"": 0.025227234093361653, ""C08"": 0.025227234093361653, ""C09"": 0.025227234093361653, ""C10"": 0.025227234093361653, ""C11"": 0.025227234093361653, ""C12"": 0.025227234093361653, ""C13"": 0.025227234093361653, ""C14"": 0.025227234093361653, ""C15"": 0.025227234093361653, ""C16"": 0.025227234093361653, ""C17"": 0.025227234093361653, ""C18"": 0.025227234093361653, ""C19"": 0.02476220445371963, ""C20"": 0.025227234093361653}"
54,54,1,438,2.515858,20,"{""C01"": 1.650278, ""C02"": 1.837892, ""C03"": 1.750132, ""C04"": 1.728179, ""C05"": 1.445201, ""C06"": 1.90071, ""C07"": 1.71254, ""C08"": 1.658811, ""C09"": 1.716465, ""C10"": 1.474019, ""C11"": 1.48998, ""C12"": 1.78767, ""C13"": 1.662982, ""C14"": 1.68715, ""C15"": 1.784536, ""C16"": 1.505752, ""C17"": 1.730361, ""C18"": 1.776291, ""C19"": 1.866974, ""C20"": 1.51151}","{""C01"": 0, ""C02"": 0, ""C03"": 0, ""C04"": 0, ""C05"": 0, ""C06"": 1684, ""C07"": 0, ""C08"": 0, ""C09"": 0, ""C10"": 0, ""C11"": 0, ""C12"": 0, ""C13"": 0, ""C14"": 0, ""C15"": 0, ""C16"": 0, ""C17"": 0, ""C18"": 0, ""C19"": 0, ""C20"": 0}","{""C01"": 0.02522962834550728, ""C02"": 0.02522962834550728, ""C03"": 0.02522962834550728, ""C04"": 0.02522962834550728, ""C05"": 0.02522962834550728, ""C06"": 0.024254398233584697, ""C07"": 0.02522962834550728, ""C08"": 0.02522962834550728, ""C09"": 0.02522962834550728, ""C10"": 0.02522962834550728, ""C11"": 0.02522962834550728, ""C12"": 0.02522962834550728, ""C13"": 0.02522962834550728, ""C14"": 0.02522962834550728, ""C15"": 0.02522962834550728, ""C16"": 0.02522962834550728, ""C17"": 0.02522962834550728, ""C18"": 0.02522962834550728, ""C19"": 0.02522962834550728, ""C20"": 0.02522962834550728}"
55,55,1,235,1.333955,20,"{""C01"": 1.654548, ""C02"": 1.820876, ""C03"": 1.687835, ""C04"": 1.715612, ""C05"": 1.438163, ""C06"": 1.927053, ""C07"": 1.744455, ""C08"": 1.705418, ""C09"": 1.742852, ""C10"": 1.486236, ""C11"": 1.495027, ""C12"": 1.803545, ""C13"": 1.660717, ""C14"": 1.713481, ""C15"": 1.809866, ""C16"": 1.513791, ""C17"": 1.742831, ""C18"": 1.762519, ""C19"": 1.861448, ""C20"": 1.532698}","{""C01"": 0, ""C02"": 0, ""C03"": 0, ""C04"": 0, ""C05"": 0, ""C06"": 1677, ""C07"": 0, ""C08"": 0, ""C09"": 0, ""C10"": 0, ""C11"": 0, ""C12"": 0, ""C13"": 0, ""C14"": 0, ""C15"": 0, ""C16"": 0, ""C17"": 0, ""C18"": 0, ""C19"": 0, ""C20"": 0}","{""C01"": 0.025239005006779253, ""C02"": 0.025239005006779253, ""C03"": 0.025239005006779253, ""C04"": 0.025239005006779253, ""C05"": 0.025239005006779253, ""C06"": 0.024267828171044826, ""C07"": 0.025239005006779253, ""C08"": 0.025239005006779253, ""C09"": 0.025239005006779253, ""C10"": 0.025239005006779253, ""C11"": 0.025239005006779253, ""C12"": 0.025239005006779253, ""C13"": 0.025239005006779253, ""C14"": 0.025239005006779253, ""C15"": 0.025239005006779253, ""C16"": 0.025239005006779253, ""C17"": 0.025239005006779253, ""C18"": 0.025239005006779253, ""C19"": 0.025239005006779253, ""C20"": 0.025239005006779253}"
56,56,1,446,2.591158,20,"{""C01"": 1.642584, ""C02"": 1.869652, ""C03"": 1.724878, ""C04"": 1.709172, ""C05"": 1.443966, ""C06"": 1.906413, ""C07"": 1.731592, ""C08"": 1.685726, ""C09"": 1.742887, ""C10"": 1.503325, ""C11"": 1.483852, ""C12"": 1.799932, ""C13"": 1.672745, ""C14"": 1.718278, ""C15"": 1.83461, ""C16"": 1.508267, ""C17"": 1.737818, ""C18"": 1.733583, ""C19"": 1.874005, ""C20"": 1.514507}","{""C01"": 0, ""C02"": 0, ""C03"": 0, ""C04"": 0, ""C05"": 0, ""C06"": 1682, ""C07"": 0, ""C08"": 0, ""C09"": 0, ""C10"": 0, ""C11"": 0, ""C12"": 0, ""C13"": 0, ""C14"": 0, ""C15"": 0, ""C16"": 0, ""C17"": 0, ""C18"": 0, ""C19"": 0, ""C20"": 0}","{""C01"": 0.025231397246004317, ""C02"": 0.025231397246004317, ""C03"": 0.025231397246004317, ""C04"": 0.025231397246004317, ""C05"": 0.025231397246004317, ""C06"": 0.024257326203247512, ""C07"": 0.025231397246004317, ""C08"": 0.025231397246004317, ""C09"": 0.025231397246004317, ""C10"": 0.025231397246004317, ""C11"": 0.025231397246004317, ""C12"": 0.025231397246004317, ""C13"": 0.025231397246004317, ""C14"": 0.025231397246004317, ""C15"": 0.025231397246004317, ""C16"": 0.025231397246004317, ""C17"": 0.025231397246004317, ""C18"": 0.025231397246004317, ""C19"": 0.025231397246004317, ""C20"": 0.025231397246004317}"
57,57,1,255,1.445416,20,"{""C01"": 1.667127, ""C02"": 1.855687, ""C03"": 1.695348, ""C04"": 1.733111, ""C05"": 1.457701, ""C06"": 1.925839, ""C07"": 1.720792, ""C08"": 1.719607, ""C09"": 1.740759, ""C10"": 1.507025, ""C11"": 1.495308, ""C12"": 1.792238, ""C13"": 1.70354, ""C14"": 1.694781, ""C15"": 1.821156, ""C16"": 1.537027, ""C17"": 1.70579, ""C18"": 1.772547, ""C19"": 1.865943, ""C20"": 1.520796}","{""C01"": 0, ""C02"": 0, ""C03"": 0, ""C04"": 0, ""C05"": 0, ""C06"": 1677, ""C07"": 0, ""C08"": 0, ""C09"": 0, ""C10"": 0, ""C11"": 0, ""C12"": 0, ""C13"": 0, ""C14"": 0, ""C15"": 0, ""C16"": 0, ""C17"": 0, ""C18"": 0, ""C19"": 0, ""C20"": 0}","{""C01"": 0.025238390688070475, ""C02"": 0.025238390688070475, ""C03"": 0.025238390688070475, ""C04"": 0.025238390688070475, ""C05"": 0.025238390688070475, ""C06"": 0.02426721452230342, ""C07"": 0.025238390688070475, ""C08"": 0.025238390688070475, ""C09"": 0.025238390688070475, ""C10"": 0.025238390688070475, ""C11"": 0.025238390688070475, ""C12"": 0.025238390688070475, ""C13"": 0.025238390688070475, ""C14"": 0.025238390688070475, ""C15"": 0.025238390688070475, ""C16"": 0.025238390688070475, ""C17"": 0.025238390688070475, ""C18"": 0.025238390688070475, ""C19"": 0.025238390688070475, ""C20"": 0.025238390688070475}"
58,58,1,441,2.489502,20,"{""C01"": 1.651119, ""C02"": 1.871584, ""C03"": 1.708862, ""C04"": 1.736948, ""C05"": 1.470372, ""C06"": 1.915846, ""C07"": 1.729818, ""C08"": 1.664694, ""C09"": 1.734786, ""C10"": 1.46668, ""C11"": 1.518566, ""C12"": 1.772646, ""C13"": 1.726074, ""C14"": 1.711788, ""C15"": 1.811403, ""C16"": 1.532181, ""C17"": 1.776753, ""C18"": 1.766454, ""C19"": 1.882045, ""C20"": 1.527251}","{""C01"": 0, ""C02"": 0, ""C03"": 0, ""C04"": 0, ""C05"": 0, ""C06"": 1680, ""C07"": 0, ""C08"": 0, ""C09"": 0, ""C10"": 0, ""C11"": 0, ""C12"": 0, ""C13"": 0, ""C14"": 0, ""C15"": 0, ""C16"": 0, ""C17"": 0, ""C18"": 0, ""C19"": 0, ""C20"": 0}","{""C01"": 0.025235058431887447, ""C02"": 0.025235058431887447, ""C03"": 0.025235058431887447, ""C04"": 0.025235058431887447, ""C05"": 0.025235058431887447, ""C06"": 0.02426214440054, ""C07"": 0.025235058431887447, ""C08"": 0.025235058431887447, ""C09"": 0.025235058431887447, ""C10"": 0.025235058431887447, ""C11"": 0.025235058431887447, ""C12"": 0.025235058431887447, ""C13"": 0.025235058431887447, ""C14"": 0.025235058431887447, ""C15"": 0.025235058431887447, ""C16"": 0.025235058431887447, ""C17"": 0.025235058431887447, ""C18"": 0.025235058431887447, ""C19"": 0.025235058431887447, ""C20"": 0.025235058431887447}"
59,59,1,398,2.273899,20,"{""C01"": 1.706352, ""C02"": 1.842733, ""C03"": 1.746157, ""C04"": 1.724348, ""C05"": 1.443545, ""C06"": 1.893309, ""C07"": 1.736515, ""C08"": 1.690461, ""C09"": 1.757024, ""C10"": 1.476915, ""C11"": 1.508306, ""C12"": 1.761993, ""C13"": 1.712203, ""C14"": 1.656016, ""C15"": 1.854475, ""C16"": 1.513314, ""C17"": 1.747571, ""C18"": 1.775961, ""C19"": 1.835269, ""C20"": 1.536932}","{""C01"": 0, ""C02"": 0, ""C03"": 0, ""C04"": 0, ""C05"": 0, ""C06"": 1686, ""C07"": 0, ""C08"": 0, ""C09"": 0, ""C10"": 0, ""C11"": 0, ""C12"": 0, ""C13"": 0, ""C14"": 0, ""C15"": 0, ""C16"": 0, ""C17"": 0, ""C18"": 0, ""C19"": 0, ""C20"": 0}","{""C01"": 0.025226969260621374, ""C02"": 0.025226969260621374, ""C03"": 0.025226969260621374, ""C04"": 0.025226969260621374, ""C05"": 0.025226969260621374, ""C06"": 0.024250581046478824, ""C07"": 0.025226969260621374, ""C08"": 0.025226969260621374, ""C09"": 0.025226969260621374, ""C10"": 0.025226969260621374, ""C11"": 0.025226969260621374, ""C12"": 0.025226969260621374, ""C13"": 0.025226969260621374, ""C14"": 0.025226969260621374, ""C15"": 0.025226969260621374, ""C16"": 0.025226969260621374, ""C17"": 0.025226969260621374, ""C18"": 0.025226969260621374, ""C19"": 0.025226969260621374, ""C20"": 0.025226969260621374}"
60,60,1,250,1.419929,20,"{""C01"": 1.696153, ""C02"": 1.838732, ""C03"": 1.763162, ""C04"": 1.748207, ""C05"": 1.467017, ""C06"": 1.935439, ""C07"": 1.758045, ""C08"": 1.720348, ""C09"": 1.770906, ""C10"": 1.478139, ""C11"": 1.518769, ""C12"": 1.811193, ""C13"": 1.708899, ""C14"": 1.717013, ""C15"": 1.866362, ""C16"": 1.526564, ""C17"": 1.758835, ""C18"": 1.746883, ""C19"": 1.873974, ""C20"": 1.522414}","{""C01"": 0, ""C02"": 0, ""C03"": 0, ""C04"": 0, ""C05"": 0, ""C06"": 1674, ""C07"": 0, ""C08"": 0, ""C09"": 0, ""C10"": 0, ""C11"": 0, ""C12"": 0, ""C13"": 0, ""C14"": 0, ""C15"": 0, ""C16"": 0, ""C17"": 0, ""C18"": 0, ""C19"": 0, ""C20"": 0}","{""C01"": 0.025241490754407445, ""C02"": 0.025241490754407445, ""C03"": 0.025241490754407445, ""C04"": 0.025241490754407445, ""C05"": 0.025241490754407445, ""C06"": 0.024272052709186333, ""C07"": 0.025241490754407445, ""C08"": 0.025241490754407445, ""C09"": 0.025241490754407445, ""C10"": 0.025241490754407445, ""C11"": 0.025241490754407445, ""C12"": 0.025241490754407445, ""C13"": 0.025241490754407445, ""C14"": 0.025241490754407445, ""C15"": 0.025241490754407445, ""C16"": 0.025241490754407445, ""C17"": 0.025241490754407445, ""C18"": 0.025241490754407445, ""C19"": 0.025241490754407445, ""C20"": 0.025241490754407445}"
61,61,1,910,5.149227,20,"{""C01"": 1.664671, ""C02"": 1.916693, ""C03"": 1.750166, ""C04"": 1.769637, ""C05"": 1.463508, ""C06"": 1.931006, ""C07"": 1.750646, ""C08"": 1.724563, ""C09"": 1.748605, ""C10"": 1.521948, ""C11"": 1.521706, ""C12"": 1.834365, ""C13"": 1.723155, ""C14"": 1.726067, ""C15"": 1.844156, ""C16"": 1.508595, ""C17"": 1.750779, ""C18"": 1.767941, ""C19"": 1.882961, ""C20"": 1.549551}","{""C01"": 0, ""C02"": 0, ""C03"": 0, ""C04"": 0, ""C05"": 0, ""C06"": 1676, ""C07"": 0, ""C08"": 0, ""C09"": 0, ""C10"": 0, ""C11"": 0, ""C12"": 0, ""C13"": 0, ""C14"": 0, ""C15"": 0, ""C16"": 0, ""C17"": 0, ""C18"": 0, ""C19"": 0, ""C20"": 0}","{""C01"": 0.025240420512735617, ""C02"": 0.025240420512735617, ""C03"": 0.025240420512735617, ""C04"": 0.025240420512735617, ""C05"": 0.025240420512735617, ""C06"": 0.024269822632789234, ""C07"": 0.025240420512735617, ""C08"": 0.025240420512735617, ""C09"": 0.025240420512735617, ""C10"": 0.025240420512735617, ""C11"": 0.025240420512735617, ""C12"": 0.025240420512735617, ""C13"": 0.025240420512735617, ""C14"": 0.025240420512735617, ""C15"": 0.025240420512735617, ""C16"": 0.025240420512735617, ""C17"": 0.025240420512735617, ""C18"": 0.025240420512735617, ""C19"": 0.025240420512735617, ""C20"": 0.025240420512735617}"
62,62,1,470,2.661184,20,"{""C01"": 1.674183, ""C02"": 1.914785, ""C03"": 1.752776, ""C04"": 1.74112, ""C05"": 1.446583, ""C06"": 1.909458, ""C07"": 1.755258, ""C08"": 1.772366, ""C09"": 1.777054, ""C10"": 1.506768, ""C11"": 1.527395, ""C12"": 1.82134, ""C13"": 1.715583, ""C14"": 1.752118, ""C15"": 1.845878, ""C16"": 1.5676, ""C17"": 1.798305, ""C18"": 1.80824, ""C19"": 1.893917, ""C20"": 1.554478}","{""C01"": 0, ""C02"": 1018, ""C03"": 0, ""C04"": 0, ""C05"": 0, ""C06"": 664, ""C07"": 0, ""C08"": 0, ""C09"": 0, ""C10"": 0, ""C11"": 0, ""C12"": 0, ""C13"": 0, ""C14"": 0, ""C15"": 0, ""C16"": 0, ""C17"": 0, ""C18"": 0, ""C19"": 0, ""C20"": 0}","{""C01"": 0.025234606213903513, ""C02"": 0.0246450686980424, ""C03"": 0.025234606213903513, ""C04"": 0.025234606213903513, ""C05"": 0.025234606213903513, ""C06"": 0.024850072079939566, ""C07"": 0.025234606213903513, ""C08"": 0.025234606213903513, ""C09"": 0.025234606213903513, ""C10"": 0.025234606213903513, ""C11"": 0.025234606213903513, ""C12"": 0.025234606213903513, ""C13"": 0.025234606213903513, ""C14"": 0.025234606213903513, ""C15"": 0.025234606213903513, ""C16"": 0.025234606213903513, ""C17"": 0.025234606213903513, ""C18"": 0.025234606213903513, ""C19"": 0.025234606213903513, ""C20"": 0.025234606213903513}"
63,63,1,275,1.571982,20,"{""C01"": 1.736475, ""C02"": 1.890257, ""C03"": 1.720193, ""C04"": 1.758921, ""C05"": 1.479433, ""C06"": 1.947887, ""C07"": 1.764058, ""C08"": 1.721985, ""C09"": 1.80046, ""C10"": 1.510449, ""C11"": 1.551928, ""C12"": 1.827808, ""C13"": 1.714278, ""C14"": 1.74039, ""C15"": 1.831006, ""C16"": 1.557886, ""C17"": 1.800782, ""C18"": 1.778995, ""C19"": 1.86825, ""C20"": 1.558359}","{""C01"": 0, ""C02"": 0, ""C03"": 0, ""C04"": 0, ""C05"": 0, ""C06"": 1671, ""C07"": 0, ""C08"": 0, ""C09"": 0, ""C10"": 0, ""C11"": 0, ""C12"": 0, ""C13"": 0, ""C14"": 0, ""C15"": 0, ""C16"": 0, ""C17"": 0, ""C18"": 0, ""C19"": 0, ""C20"": 0}","{""C01"": 0.025245981209565865, ""C02"": 0.025245981209565865, ""C03"": 0.025245981209565865, ""C04"": 0.025245981209565865, ""C05"": 0.025245981209565865, ""C06"": 0.024278279764891234, ""C07"": 0.025245981209565865, ""C08"": 0.025245981209565865, ""C09"": 0.025245981209565865, ""C10"": 0.025245981209565865, ""C11"": 0.025245981209565865, ""C12"": 0.025245981209565865, ""C13"": 0.025245981209565865, ""C14"": 0.025245981209565865, ""C15"": 0.025245981209565865, ""C16"": 0.025245981209565865, ""C17"": 0.025245981209565865, ""C18"": 0.025245981209565865, ""C19"": 0.025245981209565865, ""C20"": 0.025245981209565865}"
64,64,1,358,3.388127,20,"{""C01"": 1.71415, ""C02"": 1.886653, ""C03"": 1.745518, ""C04"": 1.779504, ""C05"": 1.504454, ""C06"": 1.954049, ""C07"": 1.78302, ""C08"": 1.728468, ""C09"": 1.791269, ""C10"": 1.524073, ""C11"": 1.538657, ""C12"": 1.873939, ""C13"": 1.749331, ""C14"": 1.750337, ""C15"": 1.842038, ""C16"": 1.548864, ""C17"": 1.786959, ""C18"": 1.790602, ""C19"": 1.911903, ""C20"": 1.574547}","{""C01"": 0, ""C02"": 0, ""C03"": 0, ""C04"": 0, ""C05"": 0, ""C06"": 1669, ""C07"": 0, ""C08"": 0, ""C09"": 0, ""C10"": 0, ""C11"": 0, ""C12"": 0, ""C13"": 0, ""C14"": 0, ""C15"": 0, ""C16"": 0, ""C17"": 0, ""C18"": 0, ""C19"": 0, ""C20"": 0}","{""C01"": 0.02524788530105597, ""C02"": 0.02524788530105597, ""C03"": 0.02524788530105597, ""C04"": 0.02524788530105597, ""C05"": 0.02524788530105597, ""C06"": 0.024281342782473025, ""C07"": 0.02524788530105597, ""C08"": 0.02524788530105597, ""C09"": 0.02524788530105597, ""C10"": 0.02524788530105597, ""C11"": 0.02524788530105597, ""C12"": 0.02524788530105597, ""C13"": 0.02524788530105597, ""C14"": 0.02524788530105597, ""C15"": 0.02524788530105597, ""C16"": 0.02524788530105597, ""C17"": 0.02524788530105597, ""C18"": 0.02524788530105597, ""C19"": 0.02524788530105597, ""C20"": 0.02524788530105597}"
65,65,1,399,2.263524,20,"{""C01"": 1.685883, ""C02"": 1.915, ""C03"": 1.765665, ""C04"": 1.776855, ""C05"": 1.504795, ""C06"": 1.955494, ""C07"": 1.793712, ""C08"": 1.770852, ""C09"": 1.802892, ""C10"": 1.513974, ""C11"": 1.580222, ""C12"": 1.850318, ""C13"": 1.762496, ""C14"": 1.734205, ""C15"": 1.867311, ""C16"": 1.574723, ""C17"": 1.79789, ""C18"": 1.833107, ""C19"": 1.892505, ""C20"": 1.585414}","{""C01"": 0, ""C02"": 0, ""C03"": 0, ""C04"": 0, ""C05"": 0, ""C06"": 1669, ""C07"": 0, ""C08"": 0, ""C09"": 0, ""C10"": 0, ""C11"": 0, ""C12"": 0, ""C13"": 0, ""C14"": 0, ""C15"": 0, ""C16"": 0, ""C17"": 0, ""C18"": 0, ""C19"": 0, ""C20"": 0}","{""C01"": 0.025248602684131913, ""C02"": 0.025248602684131913, ""C03"": 0.025248602684131913, ""C04"": 0.025248602684131913, ""C05"": 0.025248602684131913, ""C06"": 0.02428205937908295, ""C07"": 0.025248602684131913, ""C08"": 0.025248602684131913, ""C09"": 0.025248602684131913, ""C10"": 0.025248602684131913, ""C11"": 0.025248602684131913, ""C12"": 0.025248602684131913, ""C13"": 0.025248602684131913, ""C14"": 0.025248602684131913, ""C15"": 0.025248602684131913, ""C16"": 0.025248602684131913, ""C17"": 0.025248602684131913, ""C18"": 0.025248602684131913, ""C19"": 0.025248602684131913, ""C20"": 0.025248602684131913}"
66,66,1,292,1.667861,20,"{""C01"": 1.738417, ""C02"": 1.921589, ""C03"": 1.76849, ""C04"": 1.794449, ""C05"": 1.496836, ""C06"": 1.976259, ""C07"": 1.812822, ""C08"": 1.783752, ""C09"": 1.784309, ""C10"": 1.525778, ""C11"": 1.542278, ""C12"": 1.841173, ""C13"": 1.770038, ""C14"": 1.80536, ""C15"": 1.866159, ""C16"": 1.538445, ""C17"": 1.798447, ""C18"": 1.839348, ""C19"": 1.89916, ""C20"": 1.58989}","{""C01"": 0, ""C02"": 0, ""C03"": 0, ""C04"": 0, ""C05"": 0, ""C06"": 1663, ""C07"": 0, ""C08"": 0, ""C09"": 0, ""C10"": 0, ""C11"": 0, ""C12"": 0, ""C13"": 0, ""C14"": 0, ""C15"": 0, ""C16"": 0, ""C17"": 0, ""C18"": 0, ""C19"": 0, ""C20"": 0}","{""C01"": 0.025255346535923706, ""C02"": 0.025255346535923706, ""C03"": 0.025255346535923706, ""C04"": 0.025255346535923706, ""C05"": 0.025255346535923706, ""C06"": 0.02429227887956679, ""C07"": 0.025255346535923706, ""C08"": 0.025255346535923706, ""C09"": 0.025255346535923706, ""C10"": 0.025255346535923706, ""C11"": 0.025255346535923706, ""C12"": 0.025255346535923706, ""C13"": 0.025255346535923706, ""C14"": 0.025255346535923706, ""C15"": 0.025255346535923706, ""C16"": 0.025255346535923706, ""C17"": 0.025255346535923706, ""C18"": 0.025255346535923706, ""C19"": 0.025255346535923706, ""C20"": 0.025255346535923706}"
67,67,1,806,4.611592,20,"{""C01"": 1.719303, ""C02"": 1.95025, ""C03"": 1.775771, ""C04"": 1.794522, ""C05"": 1.564172, ""C06"": 1.97078, ""C07"": 1.777284, ""C08"": 1.756855, ""C09"": 1.834517, ""C10"": 1.532851, ""C11"": 1.529701, ""C12"": 1.898718, ""C13"": 1.736581, ""C14"": 1.820331, ""C15"": 1.850135, ""C16"": 1.574964, ""C17"": 1.802042, ""C18"": 1.839738, ""C19"": 1.940488, ""C20"": 1.590661}","{""C01"": 0, ""C02"": 0, ""C03"": 0, ""C04"": 0, ""C05"": 0, ""C06"": 1665, ""C07"": 0, ""C08"": 0, ""C09"": 0, ""C10"": 0, ""C11"": 0, ""C12"": 0, ""C13"": 0, ""C14"": 0, ""C15"": 0, ""C16"": 0, ""C17"": 0, ""C18"": 0, ""C19"": 0, ""C20"": 0}","{""C01"": 0.02525382327409803, ""C02"": 0.02525382327409803, ""C03"": 0.02525382327409803, ""C04"": 0.02525382327409803, ""C05"": 0.02525382327409803, ""C06"": 0.02428959627111149, ""C07"": 0.02525382327409803, ""C08"": 0.02525382327409803, ""C09"": 0.02525382327409803, ""C10"": 0.02525382327409803, ""C11"": 0.02525382327409803, ""C12"": 0.02525382327409803, ""C13"": 0.02525382327409803, ""C14"": 0.02525382327409803, ""C15"": 0.02525382327409803, ""C16"": 0.02525382327409803, ""C17"": 0.02525382327409803, ""C18"": 0.02525382327409803, ""C19"": 0.02525382327409803, ""C20"": 0.02525382327409803}"
68,68,1,207,1.177499,20,"{""C01"": 1.778084, ""C02"": 1.902276, ""C03"": 1.765478, ""C04"": 1.788336, ""C05"": 1.506553, ""C06"": 1.986709, ""C07"": 1.816669, ""C08"": 1.760583, ""C09"": 1.807638, ""C10"": 1.503719, ""C11"": 1.524867, ""C12"": 1.90723, ""C13"": 1.79733, ""C14"": 1.793087, ""C15"": 1.883562, ""C16"": 1.555783, ""C17"": 1.820526, ""C18"": 1.82417, ""C19"": 1.90393, ""C20"": 1.570762}","{""C01"": 0, ""C02"": 0, ""C03"": 0, ""C04"": 0, ""C05"": 0, ""C06"": 1661, ""C07"": 0, ""C08"": 0, ""C09"": 0, ""C10"": 0, ""C11"": 0, ""C12"": 0, ""C13"": 0, ""C14"": 0, ""C15"": 0, ""C16"": 0, ""C17"": 0, ""C18"": 0, ""C19"": 0, ""C20"": 0}","{""C01"": 0.02525927985692998, ""C02"": 0.02525927985692998, ""C03"": 0.02525927985692998, ""C04"": 0.02525927985692998, ""C05"": 0.02525927985692998, ""C06"": 0.024297368893670585, ""C07"": 0.02525927985692998, ""C08"": 0.02525927985692998, ""C09"": 0.02525927985692998, ""C10"": 0.02525927985692998, ""C11"": 0.02525927985692998, ""C12"": 0.02525927985692998, ""C13"": 0.02525927985692998, ""C14"": 0.02525927985692998, ""C15"": 0.02525927985692998, ""C16"": 0.02525927985692998, ""C17"": 0.02525927985692998, ""C18"": 0.02525927985692998, ""C19"": 0.02525927985692998, ""C20"": 0.02525927985692998}"
69,69,1,182,1.025533,20,"{""C01"": 1.764034, ""C02"": 1.969399, ""C03"": 1.782495, ""C04"": 1.801067, ""C05"": 1.528018, ""C06"": 1.974665, ""C07"": 1.788266, ""C08"": 1.756035, ""C09"": 1.816966, ""C10"": 1.507863, ""C11"": 1.573667, ""C12"": 1.861714, ""C13"": 1.778008, ""C14"": 1.787634, ""C15"": 1.866841, ""C16"": 1.560919, ""C17"": 1.832962, ""C18"": 1.789574, ""C19"": 1.927349, ""C20"": 1.593319}","{""C01"": 0, ""C02"": 780, ""C03"": 0, ""C04"": 0, ""C05"": 0, ""C06"": 886, ""C07"": 0, ""C08"": 0, ""C09"": 0, ""C10"": 0, ""C11"": 0, ""C12"": 0, ""C13"": 0, ""C14"": 0, ""C15"": 0, ""C16"": 0, ""C17"": 0, ""C18"": 0, ""C19"": 0, ""C20"": 0}","{""C01"": 0.02525510095741626, ""C02"": 0.024803389207497733, ""C03"": 0.02525510095741626, ""C04"": 0.02525510095741626, ""C05"": 0.02525510095741626, ""C06"": 0.02474200711393474, ""C07"": 0.02525510095741626, ""C08"": 0.02525510095741626, ""C09"": 0.02525510095741626, ""C10"": 0.02525510095741626, ""C11"": 0.02525510095741626, ""C12"": 0.02525510095741626, ""C13"": 0.02525510095741626, ""C14"": 0.02525510095741626, ""C15"": 0.02525510095741626, ""C16"": 0.02525510095741626, ""C17"": 0.02525510095741626, ""C18"": 0.02525510095741626, ""C19"": 0.02525510095741626, ""C20"": 0.02525510095741626}"
70,70,1,353,2.029741,20,"{""C01"": 1.771608, ""C02"": 1.965971, ""C03"": 1.714062, ""C04"": 1.809519, ""C05"": 1.518246, ""C06"": 2.009821, ""C07"": 1.797057, ""C08"": 1.794295, ""C09"": 1.798931, ""C10"": 1.52359, ""C11"": 1.589068, ""C12"": 1.886781, ""C13"": 1.782778, ""C14"": 1.802189, ""C15"": 1.871103, ""C16"": 1.585298, ""C17"": 1.810835, ""C18"": 1.832046, ""C19"": 1.930029, ""C20"": 1.580968}","{""C01"": 0, ""C02"": 0, ""C03"": 0, ""C04"": 0, ""C05"": 0, ""C06"": 1655, ""C07"": 0, ""C08"": 0, ""C09"": 0, ""C10"": 0, ""C11"": 0, ""C12"": 0, ""C13"": 0, ""C14"": 0, ""C15"": 0, ""C16"": 0, ""C17"": 0, ""C18"": 0, ""C19"": 0, ""C20"": 0}","{""C01"": 0.025266938302742417, ""C02"": 0.025266938302742417, ""C03"": 0.025266938302742417, ""C04"": 0.025266938302742417, ""C05"": 0.025266938302742417, ""C06"": 0.02430850197475926, ""C07"": 0.025266938302742417, ""C08"": 0.025266938302742417, ""C09"": 0.025266938302742417, ""C10"": 0.025266938302742417, ""C11"": 0.025266938302742417, ""C12"": 0.025266938302742417, ""C13"": 0.025266938302742417, ""C14"": 0.025266938302742417, ""C15"": 0.025266938302742417, ""C16"": 0.025266938302742417, ""C17"": 0.025266938302742417, ""C18"": 0.025266938302742417, ""C19"": 0.025266938302742417, ""C20"": 0.025266938302742417}"
71,71,1,1125,6.441074,20,"{""C01"": 1.731144, ""C02"": 1.960696, ""C03"": 1.768074, ""C04"": 1.807148, ""C05"": 1.500583, ""C06"": 1.947017, ""C07"": 1.803842, ""C08"": 1.782365, ""C09"": 1.855368, ""C10"": 1.523365, ""C11"": 1.559357, ""C12"": 1.892821, ""C13"": 1.783708, ""C14"": 1.810328, ""C15"": 1.896915, ""C16"": 1.565041, ""C17"": 1.840842, ""C18"": 1.826935, ""C19"": 1.9486, ""C20"": 1.578409}","{""C01"": 0, ""C02"": 1668, ""C03"": 0, ""C04"": 0, ""C05"": 0, ""C06"": 0, ""C07"": 0, ""C08"": 0, ""C09"": 0, ""C10"": 0, ""C11"": 0, ""C12"": 0, ""C13"": 0, ""C14"": 0, ""C15"": 0, ""C16"": 0, ""C17"": 0, ""C18"": 0, ""C19"": 0, ""C20"": 0}","{""C01"": 0.025250597964016935, ""C02"": 0.02428463297757675, ""C03"": 0.025250597964016935, ""C04"": 0.025250597964016935, ""C05"": 0.025250597964016935, ""C06"": 0.025250597964016935, ""C07"": 0.025250597964016935, ""C08"": 0.025250597964016935, ""C09"": 0.025250597964016935, ""C10"": 0.025250597964016935, ""C11"": 0.025250597964016935, ""C12"": 0.025250597964016935, ""C13"": 0.025250597964016935, ""C14"": 0.025250597964016935, ""C15"": 0.025250597964016935, ""C16"": 0.025250597964016935, ""C17"": 0.025250597964016935, ""C18"": 0.025250597964016935, ""C19"": 0.025250597964016935, ""C20"": 0.025250597964016935}"
72,72,1,437,2.437189,20,"{""C01"": 1.750593, ""C02"": 1.938099, ""C03"": 1.774619, ""C04"": 1.828493, ""C05"": 1.549041, ""C06"": 1.983587, ""C07"": 1.828613, ""C08"": 1.725405, ""C09"": 1.809872, ""C10"": 1.4869, ""C11"": 1.628886, ""C12"": 1.873177, ""C13"": 1.786784, ""C14"": 1.792938, ""C15"": 1.862427, ""C16"": 1.558902, ""C17"": 1.782982, ""C18"": 1.846915, ""C19"": 1.949213, ""C20"": 1.597002}","{""C01"": 0, ""C02"": 0, ""C03"": 0, ""C04"": 0, ""C05"": 0, ""C06"": 1661, ""C07"": 0, ""C08"": 0, ""C09"": 0, ""C10"": 0, ""C11"": 0, ""C12"": 0, ""C13"": 0, ""C14"": 0, ""C15"": 0, ""C16"": 0, ""C17"": 0, ""C18"": 0, ""C19"": 0, ""C20"": 0}","{""C01"": 0.025257761036297885, ""C02"": 0.025257761036297885, ""C03"": 0.025257761036297885, ""C04"": 0.025257761036297885, ""C05"": 0.025257761036297885, ""C06"": 0.024295851746937134, ""C07"": 0.025257761036297885, ""C08"": 0.025257761036297885, ""C09"": 0.025257761036297885, ""C10"": 0.025257761036297885, ""C11"": 0.025257761036297885, ""C12"": 0.025257761036297885, ""C13"": 0.025257761036297885, ""C14"": 0.025257761036297885, ""C15"": 0.025257761036297885, ""C16"": 0.025257761036297885, ""C17"": 0.025257761036297885, ""C18"": 0.025257761036297885, ""C19"": 0.025257761036297885, ""C20"": 0.025257761036297885}"
73,73,1,398,2.215055,20,"{""C01"": 1.764858, ""C02"": 1.92695, ""C03"": 1.754361, ""C04"": 1.775597, ""C05"": 1.514052, ""C06"": 1.979848, ""C07"": 1.789066, ""C08"": 1.819446, ""C09"": 1.810412, ""C10"": 1.547399, ""C11"": 1.551924, ""C12"": 1.902733, ""C13"": 1.779783, ""C14"": 1.798067, ""C15"": 1.873146, ""C16"": 1.552116, ""C17"": 1.821001, ""C18"": 1.834863, ""C19"": 1.941202, ""C20"": 1.6081}","{""C01"": 0, ""C02"": 0, ""C03"": 0, ""C04"": 0, ""C05"": 0, ""C06"": 1662, ""C07"": 0, ""C08"": 0, ""C09"": 0, ""C10"": 0, ""C11"": 0, ""C12"": 0, ""C13"": 0, ""C14"": 0, ""C15"": 0, ""C16"": 0, ""C17"": 0, ""C18"": 0, ""C19"": 0, ""C20"": 0}","{""C01"": 0.025256519343741027, ""C02"": 0.025256519343741027, ""C03"": 0.025256519343741027, ""C04"": 0.025256519343741027, ""C05"": 0.025256519343741027, ""C06"": 0.024294030908813498, ""C07"": 0.025256519343741027, ""C08"": 0.025256519343741027, ""C09"": 0.025256519343741027, ""C10"": 0.025256519343741027, ""C11"": 0.025256519343741027, ""C12"": 0.025256519343741027, ""C13"": 0.025256519343741027, ""C14"": 0.025256519343741027, ""C15"": 0.025256519343741027, ""C16"": 0.025256519343741027, ""C17"": 0.025256519343741027, ""C18"": 0.025256519343741027, ""C19"": 0.025256519343741027, ""C20"": 0.025256519343741027}"
74,74,1,278,1.547586,20,"{""C01"": 1.760603, ""C02"": 1.931386, ""C03"": 1.74636, ""C04"": 1.788213, ""C05"": 1.516576, ""C06"": 1.987767, ""C07"": 1.80264, ""C08"": 1.788297, ""C09"": 1.829669, ""C10"": 1.488416, ""C11"": 1.573993, ""C12"": 1.900711, ""C13"": 1.780838, ""C14"": 1.784287, ""C15"": 1.880047, ""C16"": 1.557924, ""C17"": 1.84299, ""C18"": 1.795793, ""C19"": 1.922211, ""C20"": 1.608169}","{""C01"": 0, ""C02"": 0, ""C03"": 0, ""C04"": 0, ""C05"": 0, ""C06"": 1660, ""C07"": 0, ""C08"": 0, ""C09"": 0, ""C10"": 0, ""C11"": 0, ""C12"": 0, ""C13"": 0, ""C14"": 0, ""C15"": 0, ""C16"": 0, ""C17"": 0, ""C18"": 0, ""C19"": 0, ""C20"": 0}","{""C01"": 0.025259212440588055, ""C02"": 0.025259212440588055, ""C03"": 0.025259212440588055, ""C04"": 0.025259212440588055, ""C05"": 0.025259212440588055, ""C06"": 0.02429788206547695, ""C07"": 0.025259212440588055, ""C08"": 0.025259212440588055, ""C09"": 0.025259212440588055, ""C10"": 0.025259212440588055, ""C11"": 0.025259212440588055, ""C12"": 0.025259212440588055, ""C13"": 0.025259212440588055, ""C14"": 0.025259212440588055, ""C15"": 0.025259212440588055, ""C16"": 0.025259212440588055, ""C17"": 0.025259212440588055, ""C18"": 0.025259212440588055, ""C19"": 0.025259212440588055, ""C20"": 0.025259212440588055}"
75,75,1,581,3.254828,20,"{""C01"": 1.746834, ""C02"": 1.939148, ""C03"": 1.778575, ""C04"": 1.801213, ""C05"": 1.511684, ""C06"": 1.964674, ""C07"": 1.817456, ""C08"": 1.730749, ""C09"": 1.807004, ""C10"": 1.482783, ""C11"": 1.554028, ""C12"": 1.852476, ""C13"": 1.729822, ""C14"": 1.793897, ""C15"": 1.857708, ""C16"": 1.559411, ""C17"": 1.834347, ""C18"": 1.805224, ""C19"": 1.90669, ""C20"": 1.599799}","{""C01"": 0, ""C02"": 0, ""C03"": 0, ""C04"": 0, ""C05"": 0, ""C06"": 1666, ""C07"": 0, ""C08"": 0, ""C09"": 0, ""C10"": 0, ""C11"": 0, ""C12"": 0, ""C13"": 0, ""C14"": 0, ""C15"": 0, ""C16"": 0, ""C17"": 0, ""C18"": 0, ""C19"": 0, ""C20"": 0}","{""C01"": 0.02525139954757176, ""C02"": 0.02525139954757176, ""C03"": 0.02525139954757176, ""C04"": 0.02525139954757176, ""C05"": 0.02525139954757176, ""C06"": 0.024286594697995368, ""C07"": 0.02525139954757176, ""C08"": 0.02525139954757176, ""C09"": 0.02525139954757176, ""C10"": 0.02525139954757176, ""C11"": 0.02525139954757176, ""C12"": 0.02525139954757176, ""C13"": 0.02525139954757176, ""C14"": 0.02525139954757176, ""C15"": 0.02525139954757176, ""C16"": 0.02525139954757176, ""C17"": 0.02525139954757176, ""C18"": 0.02525139954757176, ""C19"": 0.02525139954757176, ""C20"": 0.02525139954757176}"
76,76,1,418,2.369183,20,"{""C01"": 1.779013, ""C02"": 1.926898, ""C03"": 1.757729, ""C04"": 1.764596, ""C05"": 1.473933, ""C06"": 1.968018, ""C07"": 1.762121, ""C08"": 1.746348, ""C09"": 1.783996, ""C10"": 1.501783, ""C11"": 1.553078, ""C12"": 1.880679, ""C13"": 1.752535, ""C14"": 1.818286, ""C15"": 1.860403, ""C16"": 1.557864, ""C17"": 1.794851, ""C18"": 1.825872, ""C19"": 1.92866, ""C20"": 1.572771}","{""C01"": 0, ""C02"": 0, ""C03"": 0, ""C04"": 0, ""C05"": 0, ""C06"": 1666, ""C07"": 0, ""C08"": 0, ""C09"": 0, ""C10"": 0, ""C11"": 0, ""C12"": 0, ""C13"": 0, ""C14"": 0, ""C15"": 0, ""C16"": 0, ""C17"": 0, ""C18"": 0, ""C19"": 0, ""C20"": 0}","{""C01"": 0.025253046833112733, ""C02"": 0.025253046833112733, ""C03"": 0.025253046833112733, ""C04"": 0.025253046833112733, ""C05"": 0.025253046833112733, ""C06"": 0.024288240174033294, ""C07"": 0.025253046833112733, ""C08"": 0.025253046833112733, ""C09"": 0.025253046833112733, ""C10"": 0.025253046833112733, ""C11"": 0.025253046833112733, ""C12"": 0.025253046833112733, ""C13"": 0.025253046833112733, ""C14"": 0.025253046833112733, ""C15"": 0.025253046833112733, ""C16"": 0.025253046833112733, ""C17"": 0.025253046833112733, ""C18"": 0.025253046833112733, ""C19"": 0.025253046833112733, ""C20"": 0.025253046833112733}"
77,77,1,289,1.599464,20,"{""C01"": 1.756993, ""C02"": 1.890986, ""C03"": 1.723937, ""C04"": 1.775886, ""C05"": 1.464758, ""C06"": 1.966594, ""C07"": 1.786885, ""C08"": 1.76139, ""C09"": 1.82416, ""C10"": 1.498134, ""C11"": 1.554603, ""C12"": 1.857416, ""C13"": 1.760856, ""C14"": 1.800301, ""C15"": 1.844042, ""C16"": 1.538291, ""C17"": 1.788271, ""C18"": 1.780392, ""C19"": 1.910435, ""C20"": 1.571242}","{""C01"": 0, ""C02"": 0, ""C03"": 0, ""C04"": 0, ""C05"": 0, ""C06"": 1666, ""C07"": 0, ""C08"": 0, ""C09"": 0, ""C10"": 0, ""C11"": 0, ""C12"": 0, ""C13"": 0, ""C14"": 0, ""C15"": 0, ""C16"": 0, ""C17"": 0, ""C18"": 0, ""C19"": 0, ""C20"": 0}","{""C01"": 0.025252345856822844, ""C02"": 0.025252345856822844, ""C03"": 0.025252345856822844, ""C04"": 0.025252345856822844, ""C05"": 0.025252345856822844, ""C06"": 0.024287539967766034, ""C07"": 0.025252345856822844, ""C08"": 0.025252345856822844, ""C09"": 0.025252345856822844, ""C10"": 0.025252345856822844, ""C11"": 0.025252345856822844, ""C12"": 0.025252345856822844, ""C13"": 0.025252345856822844, ""C14"": 0.025252345856822844, ""C15"": 0.025252345856822844, ""C16"": 0.025252345856822844, ""C17"": 0.025252345856822844, ""C18"": 0.025252345856822844, ""C19"": 0.025252345856822844, ""C20"": 0.025252345856822844}"
78,78,1,418,2.311114,20,"{""C01"": 1.714593, ""C02"": 1.894661, ""C03"": 1.730487, ""C04"": 1.765775, ""C05"": 1.502213, ""C06"": 1.958778, ""C07"": 1.785763, ""C08"": 1.730182, ""C09"": 1.79658, ""C10"": 1.440312, ""C11"": 1.504202, ""C12"": 1.858005, ""C13"": 1.724057, ""C14"": 1.748593, ""C15"": 1.828681, ""C16"": 1.550528, ""C17"": 1.793981, ""C18"": 1.75928, ""C19"": 1.920255, ""C20"": 1.599408}","{""C01"": 0, ""C02"": 0, ""C03"": 0, ""C04"": 0, ""C05"": 0, ""C06"": 1668, ""C07"": 0, ""C08"": 0, ""C09"": 0, ""C10"": 0, ""C11"": 0, ""C12"": 0, ""C13"": 0, ""C14"": 0, ""C15"": 0, ""C16"": 0, ""C17"": 0, ""C18"": 0, ""C19"": 0, ""C20"": 0}","{""C01"": 0.025249649011422307, ""C02"": 0.025249649011422307, ""C03"": 0.025249649011422307, ""C04"": 0.025249649011422307, ""C05"": 0.025249649011422307, ""C06"": 0.02428368506603249, ""C07"": 0.025249649011422307, ""C08"": 0.025249649011422307, ""C09"": 0.025249649011422307, ""C10"": 0.025249649011422307, ""C11"": 0.025249649011422307, ""C12"": 0.025249649011422307, ""C13"": 0.025249649011422307, ""C14"": 0.025249649011422307, ""C15"": 0.025249649011422307, ""C16"": 0.025249649011422307, ""C17"": 0.025249649011422307, ""C18"": 0.025249649011422307, ""C19"": 0.025249649011422307, ""C20"": 0.025249649011422307}"
79,79,1,1170,6.572791,20,"{""C01"": 1.71997, ""C02"": 1.921237, ""C03"": 1.728544, ""C04"": 1.771188, ""C05"": 1.458249, ""C06"": 1.930714, ""C07"": 1.754589, ""C08"": 1.719144, ""C09"": 1.797598, ""C10"": 1.488775, ""C11"": 1.523459, ""C12"": 1.830002, ""C13"": 1.738421, ""C14"": 1.772335, ""C15"": 1.864713, ""C16"": 1.52057, ""C17"": 1.779818, ""C18"": 1.826922, ""C19"": 1.891394, ""C20"": 1.560031}","{""C01"": 0, ""C02"": 0, ""C03"": 0, ""C04"": 0, ""C05"": 0, ""C06"": 1676, ""C07"": 0, ""C08"": 0, ""C09"": 0, ""C10"": 0, ""C11"": 0, ""C12"": 0, ""C13"": 0, ""C14"": 0, ""C15"": 0, ""C16"": 0, ""C17"": 0, ""C18"": 0, ""C19"": 0, ""C20"": 0}","{""C01"": 0.025240273204393426, ""C02"": 0.025240273204393426, ""C03"": 0.025240273204393426, ""C04"": 0.025240273204393426, ""C05"": 0.025240273204393426, ""C06"": 0.024269675485207698, ""C07"": 0.025240273204393426, ""C08"": 0.025240273204393426, ""C09"": 0.025240273204393426, ""C10"": 0.025240273204393426, ""C11"": 0.025240273204393426, ""C12"": 0.025240273204393426, ""C13"": 0.025240273204393426, ""C14"": 0.025240273204393426, ""C15"": 0.025240273204393426, ""C16"": 0.025240273204393426, ""C17"": 0.025240273204393426, ""C18"": 0.025240273204393426, ""C19"": 0.025240273204393426, ""C20"": 0.025240273204393426}"
80,80,1,840,4.702892,20,"{""C01"": 1.716487, ""C02"": 1.898054, ""C03"": 1.726376, ""C04"": 1.76449, ""C05"": 1.489541, ""C06"": 1.916576, ""C07"": 1.746846, ""C08"": 1.723932, ""C09"": 1.744862, ""C10"": 1.424607, ""C11"": 1.540654, ""C12"": 1.851517, ""C13"": 1.715692, ""C14"": 1.744133, ""C15"": 1.83197, ""C16"": 1.501021, ""C17"": 1.779141, ""C18"": 1.75397, ""C19"": 1.8641, ""C20"": 1.516123}","{""C01"": 0, ""C02"": 0, ""C03"": 0, ""C04"": 0, ""C05"": 0, ""C06"": 1680, ""C07"": 0, ""C08"": 0, ""C09"": 0, ""C10"": 0, ""C11"": 0, ""C12"": 0, ""C13"": 0, ""C14"": 0, ""C15"": 0, ""C16"": 0, ""C17"": 0, ""C18"": 0, ""C19"": 0, ""C20"": 0}","{""C01"": 0.025235430408323267, ""C02"": 0.025235430408323267, ""C03"": 0.025235430408323267, ""C04"": 0.025235430408323267, ""C05"": 0.025235430408323267, ""C06"": 0.02426251597209286, ""C07"": 0.025235430408323267, ""C08"": 0.025235430408323267, ""C09"": 0.025235430408323267, ""C10"": 0.025235430408323267, ""C11"": 0.025235430408323267, ""C12"": 0.025235430408323267, ""C13"": 0.025235430408323267, ""C14"": 0.025235430408323267, ""C15"": 0.025235430408323267, ""C16"": 0.025235430408323267, ""C17"": 0.025235430408323267, ""C18"": 0.025235430408323267, ""C19"": 0.025235430408323267, ""C20"": 0.025235430408323267}"
81,81,1,304,1.682368,20,"{""C01"": 1.676561, ""C02"": 1.882528, ""C03"": 1.712357, ""C04"": 1.721762, ""C05"": 1.4713, ""C06"": 1.937133, ""C07"": 1.737588, ""C08"": 1.754551, ""C09"": 1.763275, ""C10"": 1.449125, ""C11"": 1.473979, ""C12"": 1.818681, ""C13"": 1.712051, ""C14"": 1.707538, ""C15"": 1.799618, ""C16"": 1.527237, ""C17"": 1.764589, ""C18"": 1.757128, ""C19"": 1.888139, ""C20"": 1.54517}","{""C01"": 0, ""C02"": 0, ""C03"": 0, ""C04"": 0, ""C05"": 0, ""C06"": 1674, ""C07"": 0, ""C08"": 0, ""C09"": 0, ""C10"": 0, ""C11"": 0, ""C12"": 0, ""C13"": 0, ""C14"": 0, ""C15"": 0, ""C16"": 0, ""C17"": 0, ""C18"": 0, ""C19"": 0, ""C20"": 0}","{""C01"": 0.025242342320805675, ""C02"": 0.025242342320805675, ""C03"": 0.025242342320805675, ""C04"": 0.025242342320805675, ""C05"": 0.025242342320805675, ""C06"": 0.024272903345075144, ""C07"": 0.025242342320805675, ""C08"": 0.025242342320805675, ""C09"": 0.025242342320805675, ""C10"": 0.025242342320805675, ""C11"": 0.025242342320805675, ""C12"": 0.025242342320805675, ""C13"": 0.025242342320805675, ""C14"": 0.025242342320805675, ""C15"": 0.025242342320805675, ""C16"": 0.025242342320805675, ""C17"": 0.025242342320805675, ""C18"": 0.025242342320805675, ""C19"": 0.025242342320805675, ""C20"": 0.025242342320805675}"
82,82,1,283,1.568005,20,"{""C01"": 1.709945, ""C02"": 1.857352, ""C03"": 1.6874, ""C04"": 1.718387, ""C05"": 1.434242, ""C06"": 1.922247, ""C07"": 1.718754, ""C08"": 1.729602, ""C09"": 1.757941, ""C10"": 1.427529, ""C11"": 1.527659, ""C12"": 1.829621, ""C13"": 1.694135, ""C14"": 1.7144, ""C15"": 1.780988, ""C16"": 1.489506, ""C17"": 1.766102, ""C18"": 1.77797, ""C19"": 1.868173, ""C20"": 1.537386}","{""C01"": 0, ""C02"": 0, ""C03"": 0, ""C04"": 0, ""C05"": 0, ""C06"": 1678, ""C07"": 0, ""C08"": 0, ""C09"": 0, ""C10"": 0, ""C11"": 0, ""C12"": 0, ""C13"": 0, ""C14"": 0, ""C15"": 0, ""C16"": 0, ""C17"": 0, ""C18"": 0, ""C19"": 0, ""C20"": 0}","{""C01"": 0.02523715134812897, ""C02"": 0.02523715134812897, ""C03"": 0.02523715134812897, ""C04"": 0.02523715134812897, ""C05"": 0.02523715134812897, ""C06"": 0.02426539603383896, ""C07"": 0.02523715134812897, ""C08"": 0.02523715134812897, ""C09"": 0.02523715134812897, ""C10"": 0.02523715134812897, ""C11"": 0.02523715134812897, ""C12"": 0.02523715134812897, ""C13"": 0.02523715134812897, ""C14"": 0.02523715134812897, ""C15"": 0.02523715134812897, ""C16"": 0.02523715134812897, ""C17"": 0.02523715134812897, ""C18"": 0.02523715134812897, ""C19"": 0.02523715134812897, ""C20"": 0.02523715134812897}"
83,83,1,915,5.140224,20,"{""C01"": 1.729972, ""C02"": 1.861099, ""C03"": 1.679432, ""C04"": 1.751349, ""C05"": 1.453569, ""C06"": 1.89263, ""C07"": 1.779853, ""C08"": 1.687793, ""C09"": 1.759975, ""C10"": 1.406137, ""C11"": 1.505382, ""C12"": 1.805653, ""C13"": 1.708533, ""C14"": 1.745326, ""C15"": 1.82991, ""C16"": 1.495271, ""C17"": 1.775421, ""C18"": 1.774134, ""C19"": 1.906253, ""C20"": 1.534379}","{""C01"": 0, ""C02"": 0, ""C03"": 0, ""C04"": 0, ""C05"": 0, ""C06"": 0, ""C07"": 0, ""C08"": 0, ""C09"": 0, ""C10"": 0, ""C11"": 0, ""C12"": 0, ""C13"": 0, ""C14"": 0, ""C15"": 0, ""C16"": 0, ""C17"": 0, ""C18"": 0, ""C19"": 1682, ""C20"": 0}","{""C01"": 0.025231315145040373, ""C02"": 0.025231315145040373, ""C03"": 0.025231315145040373, ""C04"": 0.025231315145040373, ""C05"": 0.025231315145040373, ""C06"": 0.025231315145040373, ""C07"": 0.025231315145040373, ""C08"": 0.025231315145040373, ""C09"": 0.025231315145040373, ""C10"": 0.025231315145040373, ""C11"": 0.025231315145040373, ""C12"": 0.025231315145040373, ""C13"": 0.025231315145040373, ""C14"": 0.025231315145040373, ""C15"": 0.025231315145040373, ""C16"": 0.025231315145040373, ""C17"": 0.025231315145040373, ""C18"": 0.025231315145040373, ""C19"": 0.024257244191524974, ""C20"": 0.025231315145040373}"
84,84,1,252,1.395145,20,"{""C01"": 1.722317, ""C02"": 1.877399, ""C03"": 1.700835, ""C04"": 1.726965, ""C05"": 1.432525, ""C06"": 1.940845, ""C07"": 1.76092, ""C08"": 1.714544, ""C09"": 1.738642, ""C10"": 1.416279, ""C11"": 1.463764, ""C12"": 1.792924, ""C13"": 1.715882, ""C14"": 1.725564, ""C15"": 1.774776, ""C16"": 1.456438, ""C17"": 1.741193, ""C18"": 1.769701, ""C19"": 1.873069, ""C20"": 1.523539}","{""C01"": 0, ""C02"": 0, ""C03"": 0, ""C04"": 0, ""C05"": 0, ""C06"": 1673, ""C07"": 0, ""C08"": 0, ""C09"": 0, ""C10"": 0, ""C11"": 0, ""C12"": 0, ""C13"": 0, ""C14"": 0, ""C15"": 0, ""C16"": 0, ""C17"": 0, ""C18"": 0, ""C19"": 0, ""C20"": 0}","{""C01"": 0.02524362345011673, ""C02"": 0.02524362345011673, ""C03"": 0.02524362345011673, ""C04"": 0.02524362345011673, ""C05"": 0.02524362345011673, ""C06"": 0.02427476357687481, ""C07"": 0.02524362345011673, ""C08"": 0.02524362345011673, ""C09"": 0.02524362345011673, ""C10"": 0.02524362345011673, ""C11"": 0.02524362345011673, ""C12"": 0.02524362345011673, ""C13"": 0.02524362345011673, ""C14"": 0.02524362345011673, ""C15"": 0.02524362345011673, ""C16"": 0.02524362345011673, ""C17"": 0.02524362345011673, ""C18"": 0.02524362345011673, ""C19"": 0.02524362345011673, ""C20"": 0.02524362345011673}"
85,85,1,610,3.391413,20,"{""C01"": 1.688436, ""C02"": 1.879831, ""C03"": 1.72873, ""C04"": 1.698697, ""C05"": 1.415741, ""C06"": 1.904552, ""C07"": 1.749353, ""C08"": 1.69295, ""C09"": 1.723934, ""C10"": 1.420986, ""C11"": 1.486275, ""C12"": 1.82086, ""C13"": 1.673336, ""C14"": 1.770041, ""C15"": 1.792506, ""C16"": 1.435554, ""C17"": 1.738882, ""C18"": 1.730884, ""C19"": 1.883808, ""C20"": 1.535711}","{""C01"": 0, ""C02"": 0, ""C03"": 0, ""C04"": 0, ""C05"": 0, ""C06"": 1683, ""C07"": 0, ""C08"": 0, ""C09"": 0, ""C10"": 0, ""C11"": 0, ""C12"": 0, ""C13"": 0, ""C14"": 0, ""C15"": 0, ""C16"": 0, ""C17"": 0, ""C18"": 0, ""C19"": 0, ""C20"": 0}","{""C01"": 0.025231023253236562, ""C02"": 0.025231023253236562, ""C03"": 0.025231023253236562, ""C04"": 0.025231023253236562, ""C05"": 0.025231023253236562, ""C06"": 0.02425637212116136, ""C07"": 0.025231023253236562, ""C08"": 0.025231023253236562, ""C09"": 0.025231023253236562, ""C10"": 0.025231023253236562, ""C11"": 0.025231023253236562, ""C12"": 0.025231023253236562, ""C13"": 0.025231023253236562, ""C14"": 0.025231023253236562, ""C15"": 0.025231023253236562, ""C16"": 0.025231023253236562, ""C17"": 0.025231023253236562, ""C18"": 0.025231023253236562, ""C19"": 0.025231023253236562, ""C20"": 0.025231023253236562}"
86,86,1,425,2.442835,20,"{""C01"": 1.648938, ""C02"": 1.854133, ""C03"": 1.659573, ""C04"": 1.699, ""C05"": 1.442298, ""C06"": 1.892149, ""C07"": 1.725257, ""C08"": 1.720701, ""C09"": 1.736604, ""C10"": 1.408808, ""C11"": 1.491024, ""C12"": 1.79033, ""C13"": 1.718174, ""C14"": 1.723218, ""C15"": 1.798841, ""C16"": 1.460631, ""C17"": 1.748152, ""C18"": 1.740066, ""C19"": 1.828828, ""C20"": 1.495918}","{""C01"": 0, ""C02"": 0, ""C03"": 0, ""C04"": 0, ""C05"": 0, ""C06"": 1686, ""C07"": 0, ""C08"": 0, ""C09"": 0, ""C10"": 0, ""C11"": 0, ""C12"": 0, ""C13"": 0, ""C14"": 0, ""C15"": 0, ""C16"": 0, ""C17"": 0, ""C18"": 0, ""C19"": 0, ""C20"": 0}","{""C01"": 0.02522636843527752, ""C02"": 0.02522636843527752, ""C03"": 0.02522636843527752, ""C04"": 0.02522636843527752, ""C05"": 0.02522636843527752, ""C06"": 0.024249980872524248, ""C07"": 0.02522636843527752, ""C08"": 0.02522636843527752, ""C09"": 0.02522636843527752, ""C10"": 0.02522636843527752, ""C11"": 0.02522636843527752, ""C12"": 0.02522636843527752, ""C13"": 0.02522636843527752, ""C14"": 0.02522636843527752, ""C15"": 0.02522636843527752, ""C16"": 0.02522636843527752, ""C17"": 0.02522636843527752, ""C18"": 0.02522636843527752, ""C19"": 0.02522636843527752, ""C20"": 0.02522636843527752}"
87,87,1,749,4.232378,20,"{""C01"": 1.718833, ""C02"": 1.890379, ""C03"": 1.649085, ""C04"": 1.698339, ""C05"": 1.449731, ""C06"": 1.908831, ""C07"": 1.714954, ""C08"": 1.682815, ""C09"": 1.759859, ""C10"": 1.392517, ""C11"": 1.471775, ""C12"": 1.790835, ""C13"": 1.722778, ""C14"": 1.738408, ""C15"": 1.770931, ""C16"": 1.467424, ""C17"": 1.757406, ""C18"": 1.714382, ""C19"": 1.901611, ""C20"": 1.503541}","{""C01"": 0, ""C02"": 0, ""C03"": 0, ""C04"": 0, ""C05"": 0, ""C06"": 1204, ""C07"": 0, ""C08"": 0, ""C09"": 0, ""C10"": 0, ""C11"": 0, ""C12"": 0, ""C13"": 0, ""C14"": 0, ""C15"": 0, ""C16"": 0, ""C17"": 0, ""C18"": 0, ""C19"": 479, ""C20"": 0}","{""C01"": 0.025232164786676753, ""C02"": 0.025232164786676753, ""C03"": 0.025232164786676753, ""C04"": 0.025232164786676753, ""C05"": 0.025232164786676753, ""C06"": 0.02453491251771964, ""C07"": 0.025232164786676753, ""C08"": 0.025232164786676753, ""C09"": 0.025232164786676753, ""C10"": 0.025232164786676753, ""C11"": 0.025232164786676753, ""C12"": 0.025232164786676753, ""C13"": 0.025232164786676753, ""C14"": 0.025232164786676753, ""C15"": 0.025232164786676753, ""C16"": 0.025232164786676753, ""C17"": 0.025232164786676753, ""C18"": 0.025232164786676753, ""C19"": 0.02495476717934489, ""C20"": 0.025232164786676753}"
88,88,1,902,5.105917,20,"{""C01"": 1.725521, ""C02"": 1.892404, ""C03"": 1.675179, ""C04"": 1.69755, ""C05"": 1.431585, ""C06"": 1.88176, ""C07"": 1.73785, ""C08"": 1.720017, ""C09"": 1.795899, ""C10"": 1.379917, ""C11"": 1.491726, ""C12"": 1.792299, ""C13"": 1.700093, ""C14"": 1.722396, ""C15"": 1.78288, ""C16"": 1.46805, ""C17"": 1.743136, ""C18"": 1.746661, ""C19"": 1.841979, ""C20"": 1.496749}","{""C01"": 0, ""C02"": 1686, ""C03"": 0, ""C04"": 0, ""C05"": 0, ""C06"": 0, ""C07"": 0, ""C08"": 0, ""C09"": 0, ""C10"": 0, ""C11"": 0, ""C12"": 0, ""C13"": 0, ""C14"": 0, ""C15"": 0, ""C16"": 0, ""C17"": 0, ""C18"": 0, ""C19"": 0, ""C20"": 0}","{""C01"": 0.02522650055929887, ""C02"": 0.024250112853303887, ""C03"": 0.02522650055929887, ""C04"": 0.02522650055929887, ""C05"": 0.02522650055929887, ""C06"": 0.02522650055929887, ""C07"": 0.02522650055929887, ""C08"": 0.02522650055929887, ""C09"": 0.02522650055929887, ""C10"": 0.02522650055929887, ""C11"": 0.02522650055929887, ""C12"": 0.02522650055929887, ""C13"": 0.02522650055929887, ""C14"": 0.02522650055929887, ""C15"": 0.02522650055929887, ""C16"": 0.02522650055929887, ""C17"": 0.02522650055929887, ""C18"": 0.02522650055929887, ""C19"": 0.02522650055929887, ""C20"": 0.02522650055929887}"
89,89,1,316,1.838768,20,"{""C01"": 1.702196, ""C02"": 1.876109, ""C03"": 1.680598, ""C04"": 1.757691, ""C05"": 1.398109, ""C06"": 1.919453, ""C07"": 1.76075, ""C08"": 1.715234, ""C09"": 1.756277, ""C10"": 1.395984, ""C11"": 1.499269, ""C12"": 1.812604, ""C13"": 1.691, ""C14"": 1.732947, ""C15"": 1.810328, ""C16"": 1.482643, ""C17"": 1.783484, ""C18"": 1.73031, ""C19"": 1.876306, ""C20"": 1.524017}","{""C01"": 0, ""C02"": 0, ""C03"": 0, ""C04"": 0, ""C05"": 0, ""C06"": 1679, ""C07"": 0, ""C08"": 0, ""C09"": 0, ""C10"": 0, ""C11"": 0, ""C12"": 0, ""C13"": 0, ""C14"": 0, ""C15"": 0, ""C16"": 0, ""C17"": 0, ""C18"": 0, ""C19"": 0, ""C20"": 0}","{""C01"": 0.025236313390591902, ""C02"": 0.025236313390591902, ""C03"": 0.025236313390591902, ""C04"": 0.025236313390591902, ""C05"": 0.025236313390591902, ""C06"": 0.024263978490567918, ""C07"": 0.025236313390591902, ""C08"": 0.025236313390591902, ""C09"": 0.025236313390591902, ""C10"": 0.025236313390591902, ""C11"": 0.025236313390591902, ""C12"": 0.025236313390591902, ""C13"": 0.025236313390591902, ""C14"": 0.025236313390591902, ""C15"": 0.025236313390591902, ""C16"": 0.025236313390591902, ""C17"": 0.025236313390591902, ""C18"": 0.025236313390591902, ""C19"": 0.025236313390591902, ""C20"": 0.025236313390591902}"
90,90,1,850,4.857767,20,"{""C01"": 1.714887, ""C02"": 1.870778, ""C03"": 1.688768, ""C04"": 1.725022, ""C05"": 1.439871, ""C06"": 1.908932, ""C07"": 1.752113, ""C08"": 1.724353, ""C09"": 1.783168, ""C10"": 1.413258, ""C11"": 1.512567, ""C12"": 1.832345, ""C13"": 1.67095, ""C14"": 1.75805, ""C15"": 1.823671, ""C16"": 1.460624, ""C17"": 1.759026, ""C18"": 1.737533, ""C19"": 1.891573, ""C20"": 1.527369}","{""C01"": 0, ""C02"": 0, ""C03"": 0, ""C04"": 0, ""C05"": 0, ""C06"": 1682, ""C07"": 0, ""C08"": 0, ""C09"": 0, ""C10"": 0, ""C11"": 0, ""C12"": 0, ""C13"": 0, ""C14"": 0, ""C15"": 0, ""C16"": 0, ""C17"": 0, ""C18"": 0, ""C19"": 0, ""C20"": 0}","{""C01"": 0.025232688500458136, ""C02"": 0.025232688500458136, ""C03"": 0.025232688500458136, ""C04"": 0.025232688500458136, ""C05"": 0.025232688500458136, ""C06"": 0.024258616054098014, ""C07"": 0.025232688500458136, ""C08"": 0.025232688500458136, ""C09"": 0.025232688500458136, ""C10"": 0.025232688500458136, ""C11"": 0.025232688500458136, ""C12"": 0.025232688500458136, ""C13"": 0.025232688500458136, ""C14"": 0.025232688500458136, ""C15"": 0.025232688500458136, ""C16"": 0.025232688500458136, ""C17"": 0.025232688500458136, ""C18"": 0.025232688500458136, ""C19"": 0.025232688500458136, ""C20"": 0.025232688500458136}"
91,91,1,475,2.743526,20,"{""C01"": 1.725217, ""C02"": 1.918484, ""C03"": 1.705589, ""C04"": 1.708996, ""C05"": 1.428767, ""C06"": 1.949725, ""C07"": 1.725037, ""C08"": 1.689704, ""C09"": 1.771702, ""C10"": 1.400055, ""C11"": 1.506447, ""C12"": 1.813836, ""C13"": 1.731859, ""C14"": 1.777279, ""C15"": 1.793373, ""C16"": 1.471645, ""C17"": 1.744511, ""C18"": 1.746774, ""C19"": 1.89688, ""C20"": 1.54365}","{""C01"": 0, ""C02"": 0, ""C03"": 0, ""C04"": 0, ""C05"": 0, ""C06"": 1670, ""C07"": 0, ""C08"": 0, ""C09"": 0, ""C10"": 0, ""C11"": 0, ""C12"": 0, ""C13"": 0, ""C14"": 0, ""C15"": 0, ""C16"": 0, ""C17"": 0, ""C18"": 0, ""C19"": 0, ""C20"": 0}","{""C01"": 0.02524631588299034, ""C02"": 0.02524631588299034, ""C03"": 0.02524631588299034, ""C04"": 0.02524631588299034, ""C05"": 0.02524631588299034, ""C06"": 0.024279194577547097, ""C07"": 0.02524631588299034, ""C08"": 0.02524631588299034, ""C09"": 0.02524631588299034, ""C10"": 0.02524631588299034, ""C11"": 0.02524631588299034, ""C12"": 0.02524631588299034, ""C13"": 0.02524631588299034, ""C14"": 0.02524631588299034, ""C15"": 0.02524631588299034, ""C16"": 0.02524631588299034, ""C17"": 0.02524631588299034, ""C18"": 0.02524631588299034, ""C19"": 0.02524631588299034, ""C20"": 0.02524631588299034}"
92,92,1,803,4.525364,20,"{""C01"": 1.727026, ""C02"": 1.911253, ""C03"": 1.706939, ""C04"": 1.7715, ""C05"": 1.464696, ""C06"": 1.935132, ""C07"": 1.754343, ""C08"": 1.761028, ""C09"": 1.785562, ""C10"": 1.443869, ""C11"": 1.539204, ""C12"": 1.85635, ""C13"": 1.733682, ""C14"": 1.785325, ""C15"": 1.814679, ""C16"": 1.512313, ""C17"": 1.774599, ""C18"": 1.755289, ""C19"": 1.917907, ""C20"": 1.536431}","{""C01"": 0, ""C02"": 0, ""C03"": 0, ""C04"": 0, ""C05"": 0, ""C06"": 1674, ""C07"": 0, ""C08"": 0, ""C09"": 0, ""C10"": 0, ""C11"": 0, ""C12"": 0, ""C13"": 0, ""C14"": 0, ""C15"": 0, ""C16"": 0, ""C17"": 0, ""C18"": 0, ""C19"": 0, ""C20"": 0}","{""C01"": 0.025241336310522097, ""C02"": 0.025241336310522097, ""C03"": 0.025241336310522097, ""C04"": 0.025241336310522097, ""C05"": 0.025241336310522097, ""C06"": 0.02427189843405837, ""C07"": 0.025241336310522097, ""C08"": 0.025241336310522097, ""C09"": 0.025241336310522097, ""C10"": 0.025241336310522097, ""C11"": 0.025241336310522097, ""C12"": 0.025241336310522097, ""C13"": 0.025241336310522097, ""C14"": 0.025241336310522097, ""C15"": 0.025241336310522097, ""C16"": 0.025241336310522097, ""C17"": 0.025241336310522097, ""C18"": 0.025241336310522097, ""C19"": 0.025241336310522097, ""C20"": 0.025241336310522097}"
93,93,1,1666,9.453670,20,"{""C01"": 1.747005, ""C02"": 1.944971, ""C03"": 1.684562, ""C04"": 1.754281, ""C05"": 1.461792, ""C06"": 1.936461, ""C07"": 1.769518, ""C08"": 1.724758, ""C09"": 1.764562, ""C10"": 1.429095, ""C11"": 1.500207, ""C12"": 1.823629, ""C13"": 1.709907, ""C14"": 1.746881, ""C15"": 1.811509, ""C16"": 1.500408, ""C17"": 1.742318, ""C18"": 1.801825, ""C19"": 1.914459, ""C20"": 1.566014}","{""C01"": 0, ""C02"": 1672, ""C03"": 0, ""C04"": 0, ""C05"": 0, ""C06"": 0, ""C07"": 0, ""C08"": 0, ""C09"": 0, ""C10"": 0, ""C11"": 0, ""C12"": 0, ""C13"": 0, ""C14"": 0, ""C15"": 0, ""C16"": 0, ""C17"": 0, ""C18"": 0, ""C19"": 0, ""C20"": 0}","{""C01"": 0.025245106811746423, ""C02"": 0.024276825819613244, ""C03"": 0.025245106811746423, ""C04"": 0.025245106811746423, ""C05"": 0.025245106811746423, ""C06"": 0.025245106811746423, ""C07"": 0.025245106811746423, ""C08"": 0.025245106811746423, ""C09"": 0.025245106811746423, ""C10"": 0.025245106811746423, ""C11"": 0.025245106811746423, ""C12"": 0.025245106811746423, ""C13"": 0.025245106811746423, ""C14"": 0.025245106811746423, ""C15"": 0.025245106811746423, ""C16"": 0.025245106811746423, ""C17"": 0.025245106811746423, ""C18"": 0.025245106811746423, ""C19"": 0.025245106811746423, ""C20"": 0.025245106811746423}"
94,94,1,569,3.241996,20,"{""C01"": 1.74206, ""C02"": 1.915407, ""C03"": 1.744185, ""C04"": 1.742201, ""C05"": 1.474415, ""C06"": 1.93188, ""C07"": 1.799436, ""C08"": 1.753426, ""C09"": 1.780181, ""C10"": 1.421065, ""C11"": 1.517356, ""C12"": 1.826579, ""C13"": 1.740396, ""C14"": 1.781122, ""C15"": 1.795222, ""C16"": 1.495137, ""C17"": 1.771436, ""C18"": 1.764607, ""C19"": 1.926987, ""C20"": 1.573066}","{""C01"": 0, ""C02"": 0, ""C03"": 0, ""C04"": 0, ""C05"": 0, ""C06"": 1097, ""C07"": 0, ""C08"": 0, ""C09"": 0, ""C10"": 0, ""C11"": 0, ""C12"": 0, ""C13"": 0, ""C14"": 0, ""C15"": 0, ""C16"": 0, ""C17"": 0, ""C18"": 0, ""C19"": 580, ""C20"": 0}","{""C01"": 0.02524058866253566, ""C02"": 0.02524058866253566, ""C03"": 0.02524058866253566, ""C04"": 0.02524058866253566, ""C05"": 0.02524058866253566, ""C06"": 0.024605300672634306, ""C07"": 0.02524058866253566, ""C08"": 0.02524058866253566, ""C09"": 0.02524058866253566, ""C10"": 0.02524058866253566, ""C11"": 0.02524058866253566, ""C12"": 0.02524058866253566, ""C13"": 0.02524058866253566, ""C14"": 0.02524058866253566, ""C15"": 0.02524058866253566, ""C16"": 0.02524058866253566, ""C17"": 0.02524058866253566, ""C18"": 0.02524058866253566, ""C19"": 0.024904700568011702, ""C20"": 0.02524058866253566}"
95,95,1,900,5.102453,20,"{""C01"": 1.787987, ""C02"": 1.952544, ""C03"": 1.697221, ""C04"": 1.764521, ""C05"": 1.478871, ""C06"": 1.964067, ""C07"": 1.793527, ""C08"": 1.751361, ""C09"": 1.781119, ""C10"": 1.415988, ""C11"": 1.541097, ""C12"": 1.86414, ""C13"": 1.751421, ""C14"": 1.791193, ""C15"": 1.825086, ""C16"": 1.502252, ""C17"": 1.800874, ""C18"": 1.775115, ""C19"": 1.900054, ""C20"": 1.594369}","{""C01"": 0, ""C02"": 0, ""C03"": 0, ""C04"": 0, ""C05"": 0, ""C06"": 1667, ""C07"": 0, ""C08"": 0, ""C09"": 0, ""C10"": 0, ""C11"": 0, ""C12"": 0, ""C13"": 0, ""C14"": 0, ""C15"": 0, ""C16"": 0, ""C17"": 0, ""C18"": 0, ""C19"": 0, ""C20"": 0}","{""C01"": 0.02525168156636133, ""C02"": 0.02525168156636133, ""C03"": 0.02525168156636133, ""C04"": 0.02525168156636133, ""C05"": 0.02525168156636133, ""C06"": 0.024286295898217673, ""C07"": 0.02525168156636133, ""C08"": 0.02525168156636133, ""C09"": 0.02525168156636133, ""C10"": 0.02525168156636133, ""C11"": 0.02525168156636133, ""C12"": 0.02525168156636133, ""C13"": 0.02525168156636133, ""C14"": 0.02525168156636133, ""C15"": 0.02525168156636133, ""C16"": 0.02525168156636133, ""C17"": 0.02525168156636133, ""C18"": 0.02525168156636133, ""C19"": 0.02525168156636133, ""C20"": 0.02525168156636133}"
96,96,1,884,5.056343,20,"{""C01"": 1.743302, ""C02"": 1.947953, ""C03"": 1.715583, ""C04"": 1.783086, ""C05"": 1.501786, ""C06"": 1.964116, ""C07"": 1.796829, ""C08"": 1.766765, ""C09"": 1.811759, ""C10"": 1.442618, ""C11"": 1.557915, ""C12"": 1.878851, ""C13"": 1.768391, ""C14"": 1.792922, ""C15"": 1.834389, ""C16"": 1.493325, ""C17"": 1.787759, ""C18"": 1.793943, ""C19"": 1.915912, ""C20"": 1.573667}","{""C01"": 0, ""C02"": 0, ""C03"": 0, ""C04"": 0, ""C05"": 0, ""C06"": 1667, ""C07"": 0, ""C08"": 0, ""C09"": 0, ""C10"": 0, ""C11"": 0, ""C12"": 0, ""C13"": 0, ""C14"": 0, ""C15"": 0, ""C16"": 0, ""C17"": 0, ""C18"": 0, ""C19"": 0, ""C20"": 0}","{""C01"": 0.02525170573797421, ""C02"": 0.02525170573797421, ""C03"": 0.02525170573797421, ""C04"": 0.02525170573797421, ""C05"": 0.02525170573797421, ""C06"": 0.024286320043295277, ""C07"": 0.02525170573797421, ""C08"": 0.02525170573797421, ""C09"": 0.02525170573797421, ""C10"": 0.02525170573797421, ""C11"": 0.02525170573797421, ""C12"": 0.02525170573797421, ""C13"": 0.02525170573797421, ""C14"": 0.02525170573797421, ""C15"": 0.02525170573797421, ""C16"": 0.02525170573797421, ""C17"": 0.02525170573797421, ""C18"": 0.02525170573797421, ""C19"": 0.02525170573797421, ""C20"": 0.02525170573797421}"
97,97,1,256,1.439562,20,"{""C01"": 1.749665, ""C02"": 1.940097, ""C03"": 1.739685, ""C04"": 1.773935, ""C05"": 1.506028, ""C06"": 2.001839, ""C07"": 1.808281, ""C08"": 1.767325, ""C09"": 1.84536, ""C10"": 1.47353, ""C11"": 1.582187, ""C12"": 1.862808, ""C13"": 1.757512, ""C14"": 1.833438, ""C15"": 1.801839, ""C16"": 1.505282, ""C17"": 1.816153, ""C18"": 1.810118, ""C19"": 1.926334, ""C20"": 1.563984}","{""C01"": 0, ""C02"": 0, ""C03"": 0, ""C04"": 0, ""C05"": 0, ""C06"": 1657, ""C07"": 0, ""C08"": 0, ""C09"": 0, ""C10"": 0, ""C11"": 0, ""C12"": 0, ""C13"": 0, ""C14"": 0, ""C15"": 0, ""C16"": 0, ""C17"": 0, ""C18"": 0, ""C19"": 0, ""C20"": 0}","{""C01"": 0.0252642705493792, ""C02"": 0.0252642705493792, ""C03"": 0.0252642705493792, ""C04"": 0.0252642705493792, ""C05"": 0.0252642705493792, ""C06"": 0.02430467613705007, ""C07"": 0.0252642705493792, ""C08"": 0.0252642705493792, ""C09"": 0.0252642705493792, ""C10"": 0.0252642705493792, ""C11"": 0.0252642705493792, ""C12"": 0.0252642705493792, ""C13"": 0.0252642705493792, ""C14"": 0.0252642705493792, ""C15"": 0.0252642705493792, ""C16"": 0.0252642705493792, ""C17"": 0.0252642705493792, ""C18"": 0.0252642705493792, ""C19"": 0.0252642705493792, ""C20"": 0.0252642705493792}"
98,98,1,464,2.612812,20,"{""C01"": 1.814742, ""C02"": 1.975843, ""C03"": 1.761456, ""C04"": 1.779295, ""C05"": 1.494787, ""C06"": 1.94312, ""C07"": 1.76651, ""C08"": 1.776141, ""C09"": 1.839435, ""C10"": 1.44149, ""C11"": 1.543953, ""C12"": 1.888621, ""C13"": 1.765251, ""C14"": 1.811049, ""C15"": 1.837713, ""C16"": 1.517052, ""C17"": 1.834911, ""C18"": 1.802631, ""C19"": 1.92015, ""C20"": 1.58809}","{""C01"": 0, ""C02"": 1664, ""C03"": 0, ""C04"": 0, ""C05"": 0, ""C06"": 0, ""C07"": 0, ""C08"": 0, ""C09"": 0, ""C10"": 0, ""C11"": 0, ""C12"": 0, ""C13"": 0, ""C14"": 0, ""C15"": 0, ""C16"": 0, ""C17"": 0, ""C18"": 0, ""C19"": 0, ""C20"": 0}","{""C01"": 0.025255724314413197, ""C02"": 0.024292075731134937, ""C03"": 0.025255724314413197, ""C04"": 0.025255724314413197, ""C05"": 0.025255724314413197, ""C06"": 0.025255724314413197, ""C07"": 0.025255724314413197, ""C08"": 0.025255724314413197, ""C09"": 0.025255724314413197, ""C10"": 0.025255724314413197, ""C11"": 0.025255724314413197, ""C12"": 0.025255724314413197, ""C13"": 0.025255724314413197, ""C14"": 0.025255724314413197, ""C15"": 0.025255724314413197, ""C16"": 0.025255724314413197, ""C17"": 0.025255724314413197, ""C18"": 0.025255724314413197, ""C19"": 0.025255724314413197, ""C20"": 0.025255724314413197}"
99,99,1,488,2.750856,20,"{""C01"": 1.792804, ""C02"": 1.980169, ""C03"": 1.779949, ""C04"": 1.791097, ""C05"": 1.506866, ""C06"": 1.945591, ""C07"": 1.801375, ""C08"": 1.769239, ""C09"": 1.849486, ""C10"": 1.438775, ""C11"": 1.549826, ""C12"": 1.896633, ""C13"": 1.770861, ""C14"": 1.825718, ""C15"": 1.867896, ""C16"": 1.491017, ""C17"": 1.838583, ""C18"": 1.812971, ""C19"": 1.951088, ""C20"": 1.561336}","{""C01"": 0, ""C02"": 1662, ""C03"": 0, ""C04"": 0, ""C05"": 0, ""C06"": 0, ""C07"": 0, ""C08"": 0, ""C09"": 0, ""C10"": 0, ""C11"": 0, ""C12"": 0, ""C13"": 0, ""C14"": 0, ""C15"": 0, ""C16"": 0, ""C17"": 0, ""C18"": 0, ""C19"": 0, ""C20"": 0}","{""C01"": 0.02525667605513318, ""C02"": 0.024294187447612754, ""C03"": 0.02525667605513318, ""C04"": 0.02525667605513318, ""C05"": 0.02525667605513318, ""C06"": 0.02525667605513318, ""C07"": 0.02525667605513318, ""C08"": 0.02525667605513318, ""C09"": 0.02525667605513318, ""C10"": 0.02525667605513318, ""C11"": 0.02525667605513318, ""C12"": 0.02525667605513318, ""C13"": 0.02525667605513318, ""C14"": 0.02525667605513318, ""C15"": 0.02525667605513318, ""C16"": 0.02525667605513318, ""C17"": 0.02525667605513318, ""C18"": 0.02525667605513318, ""C19"": 0.02525667605513318, ""C20"": 0.02525667605513318}"
100,100,1,895,5.053857,20,"{""C01"": 1.803214, ""C02"": 1.982811, ""C03"": 1.732598, ""C04"": 1.768858, ""C05"": 1.514451, ""C06"": 1.971804, ""C07"": 1.799237, ""C08"": 1.771629, ""C09"": 1.828298, ""C10"": 1.444817, ""C11"": 1.533873, ""C12"": 1.909357, ""C13"": 1.808745, ""C14"": 1.812937, ""C15"": 1.835541, ""C16"": 1.528172, ""C17"": 1.875665, ""C18"": 1.836515, ""C19"": 1.900391, ""C20"": 1.597879}","{""C01"": 0, ""C02"": 1662, ""C03"": 0, ""C04"": 0, ""C05"": 0, ""C06"": 0, ""C07"": 0, ""C08"": 0, ""C09"": 0, ""C10"": 0, ""C11"": 0, ""C12"": 0, ""C13"": 0, ""C14"": 0, ""C15"": 0, ""C16"": 0, ""C17"": 0, ""C18"": 0, ""C19"": 0, ""C20"": 0}","{""C01"": 0.02525796446704734, ""C02"": 0.024295474440496227, ""C03"": 0.02525796446704734, ""C04"": 0.02525796446704734, ""C05"": 0.02525796446704734, ""C06"": 0.02525796446704734, ""C07"": 0.02525796446704734, ""C08"": 0.02525796446704734, ""C09"": 0.02525796446704734, ""C10"": 0.02525796446704734, ""C11"": 0.02525796446704734, ""C12"": 0.02525796446704734, ""C13"": 0.02525796446704734, ""C14"": 0.02525796446704734, ""C15"": 0.02525796446704734, ""C16"": 0.02525796446704734, ""C17"": 0.02525796446704734, ""C18"": 0.02525796446704734, ""C19"": 0.02525796446704734, ""C20"": 0.02525796446704734}"
1,1,1,663,4.856642,20,"{""C01"": 1.452761, ""C02"": 1.647307, ""C03"": 1.595779, ""C04"": 1.609857, ""C05"": 1.309651, ""C06"": 1.7112, ""C07"": 1.529866, ""C08"": 1.535494, ""C09"": 1.545339, ""C10"": 1.490027, ""C11"": 1.382104, ""C12"": 1.605923, ""C13"": 1.521092, ""C14"": 1.484694, ""C15"": 1.718751, ""C16"": 1.422051, ""C17"": 1.579754, ""C18"": 1.612256, ""C19"": 1.730687, ""C20"": 1.372602}","{""C01"": 0, ""C02"": 0, ""C03"": 0, ""C04"": 0, ""C05"": 0, ""C06"": 0, ""C07"": 0, ""C08"": 0, ""C09"": 0, ""C10"": 0, ""C11"": 0, ""C12"": 0, ""C13"": 0, ""C14"": 0, ""C15"": 561, ""C16"": 0, ""C17"": 0, ""C18"": 0, ""C19"": 1172, ""C20"": 0}","{""C01"": 0.025162756285357663, ""C02"": 0.025162756285357663, ""C03"": 0.025162756285357663, ""C04"": 0.025162756285357663, ""C05"": 0.025162756285357663, ""C06"": 0.025162756285357663, ""C07"": 0.025162756285357663, ""C08"": 0.025162756285357663, ""C09"": 0.025162756285357663, ""C10"": 0.025162756285357663, ""C11"": 0.025162756285357663, ""C12"": 0.025162756285357663, ""C13"": 0.025162756285357663, ""C14"": 0.025162756285357663, ""C15"": 0.024837871451466653, ""C16"": 0.025162756285357663, ""C17"": 0.025162756285357663, ""C18"": 0.025162756285357663, ""C19"": 0.024484052546463624, ""C20"": 0.025162756285357663}"
2,2,1,310,1.714586,20,"{""C01"": 1.46547, ""C02"": 1.654449, ""C03"": 1.59614, ""C04"": 1.609623, ""C05"": 1.350688, ""C06"": 1.765728, ""C07"": 1.593968, ""C08"": 1.559309, ""C09"": 1.530848, ""C10"": 1.453279, ""C11"": 1.399266, ""C12"": 1.682308, ""C13"": 1.572769, ""C14"": 1.494584, ""C15"": 1.762449, ""C16"": 1.433862, ""C17"": 1.642827, ""C18"": 1.620668, ""C19"": 1.716271, ""C20"": 1.386689}","{""C01"": 0, ""C02"": 0, ""C03"": 0, ""C04"": 0, ""C05"": 0, ""C06"": 884, ""C07"": 0, ""C08"": 0, ""C09"": 0, ""C10"": 0, ""C11"": 0, ""C12"": 0, ""C13"": 0, ""C14"": 0, ""C15"": 836, ""C16"": 0, ""C17"": 0, ""C18"": 0, ""C19"": 0, ""C20"": 0}","{""C01"": 0.02517669147791829, ""C02"": 0.02517669147791829, ""C03"": 0.02517669147791829, ""C04"": 0.02517669147791829, ""C05"": 0.02517669147791829, ""C06"": 0.02466477300100781, ""C07"": 0.02517669147791829, ""C08"": 0.02517669147791829, ""C09"": 0.02517669147791829, ""C10"": 0.02517669147791829, ""C11"": 0.02517669147791829, ""C12"": 0.02517669147791829, ""C13"": 0.02517669147791829, ""C14"": 0.02517669147791829, ""C15"": 0.02469256168025538, ""C16"": 0.02517669147791829, ""C17"": 0.02517669147791829, ""C18"": 0.02517669147791829, ""C19"": 0.02517669147791829, ""C20"": 0.02517669147791829}"
3,3,1,330,1.828591,20,"{""C01"": 1.464076, ""C02"": 1.699544, ""C03"": 1.656857, ""C04"": 1.627574, ""C05"": 1.356785, ""C06"": 1.817279, ""C07"": 1.635244, ""C08"": 1.591753, ""C09"": 1.580458, ""C10"": 1.496836, ""C11"": 1.397984, ""C12"": 1.669753, ""C13"": 1.6089, ""C14"": 1.563213, ""C15"": 1.727528, ""C16"": 1.477164, ""C17"": 1.62652, ""C18"": 1.646029, ""C19"": 1.725465, ""C20"": 1.448859}","{""C01"": 0, ""C02"": 0, ""C03"": 0, ""C04"": 0, ""C05"": 0, ""C06"": 1703, ""C07"": 0, ""C08"": 0, ""C09"": 0, ""C10"": 0, ""C11"": 0, ""C12"": 0, ""C13"": 0, ""C14"": 0, ""C15"": 0, ""C16"": 0, ""C17"": 0, ""C18"": 0, ""C19"": 0, ""C20"": 0}","{""C01"": 0.02519641284168425, ""C02"": 0.02519641284168425, ""C03"": 0.02519641284168425, ""C04"": 0.02519641284168425, ""C05"": 0.02519641284168425, ""C06"": 0.024210196432358954, ""C07"": 0.02519641284168425, ""C08"": 0.02519641284168425, ""C09"": 0.02519641284168425, ""C10"": 0.02519641284168425, ""C11"": 0.02519641284168425, ""C12"": 0.02519641284168425, ""C13"": 0.02519641284168425, ""C14"": 0.02519641284168425, ""C15"": 0.02519641284168425, ""C16"": 0.02519641284168425, ""C17"": 0.02519641284168425, ""C18"": 0.02519641284168425, ""C19"": 0.02519641284168425, ""C20"": 0.02519641284168425}"
4,4,1,839,6.332143,20,"{""C01"": 1.515581, ""C02"": 1.700728, ""C03"": 1.658834, ""C04"": 1.626659, ""C05"": 1.38765, ""C06"": 1.820274, ""C07"": 1.603577, ""C08"": 1.591804, ""C09"": 1.622808, ""C10"": 1.48121, ""C11"": 1.423856, ""C12"": 1.717906, ""C13"": 1.586253, ""C14"": 1.549498, ""C15"": 1.758607, ""C16"": 1.470092, ""C17"": 1.624126, ""C18"": 1.65854, ""C19"": 1.778755, ""C20"": 1.414934}","{""C01"": 0, ""C02"": 0, ""C03"": 0, ""C04"": 0, ""C05"": 0, ""C06"": 1702, ""C07"": 0, ""C08"": 0, ""C09"": 0, ""C10"": 0, ""C11"": 0, ""C12"": 0, ""C13"": 0, ""C14"": 0, ""C15"": 0, ""C16"": 0, ""C17"": 0, ""C18"": 0, ""C19"": 0, ""C20"": 0}","{""C01"": 0.025197465765646104, ""C02"": 0.025197465765646104, ""C03"": 0.025197465765646104, ""C04"": 0.025197465765646104, ""C05"": 0.025197465765646104, ""C06"": 0.024211829002331733, ""C07"": 0.025197465765646104, ""C08"": 0.025197465765646104, ""C09"": 0.025197465765646104, ""C10"": 0.025197465765646104, ""C11"": 0.025197465765646104, ""C12"": 0.025197465765646104, ""C13"": 0.025197465765646104, ""C14"": 0.025197465765646104, ""C15"": 0.025197465765646104, ""C16"": 0.025197465765646104, ""C17"": 0.025197465765646104, ""C18"": 0.025197465765646104, ""C19"": 0.025197465765646104, ""C20"": 0.025197465765646104}"
5,5,1,1150,6.398425,20,"{""C01"": 1.535144, ""C02"": 1.721754, ""C03"": 1.657319, ""C04"": 1.663467, ""C05"": 1.417661, ""C06"": 1.81215, ""C07"": 1.652116, ""C08"": 1.592256, ""C09"": 1.640764, ""C10"": 1.544384, ""C11"": 1.440616, ""C12"": 1.708213, ""C13"": 1.628682, ""C14"": 1.570322, ""C15"": 1.784766, ""C16"": 1.503546, ""C17"": 1.657135, ""C18"": 1.66338, ""C19"": 1.783041, ""C20"": 1.463326}","{""C01"": 0, ""C02"": 0, ""C03"": 0, ""C04"": 0, ""C05"": 0, ""C06"": 1704, ""C07"": 0, ""C08"": 0, ""C09"": 0, ""C10"": 0, ""C11"": 0, ""C12"": 0, ""C13"": 0, ""C14"": 0, ""C15"": 0, ""C16"": 0, ""C17"": 0, ""C18"": 0, ""C19"": 0, ""C20"": 0}","{""C01"": 0.02519418541124324, ""C02"": 0.02519418541124324, ""C03"": 0.02519418541124324, ""C04"": 0.02519418541124324, ""C05"": 0.02519418541124324, ""C06"": 0.024207392181111384, ""C07"": 0.02519418541124324, ""C08"": 0.02519418541124324, ""C09"": 0.02519418541124324, ""C10"": 0.02519418541124324, ""C11"": 0.02519418541124324, ""C12"": 0.02519418541124324, ""C13"": 0.02519418541124324, ""C14"": 0.02519418541124324, ""C15"": 0.02519418541124324, ""C16"": 0.02519418541124324, ""C17"": 0.02519418541124324, ""C18"": 0.02519418541124324, ""C19"": 0.02519418541124324, ""C20"": 0.02519418541124324}"
6,6,1,400,2.208131,20,"{""C01"": 1.524145, ""C02"": 1.743344, ""C03"": 1.687827, ""C04"": 1.718964, ""C05"": 1.414805, ""C06"": 1.836265, ""C07"": 1.669595, ""C08"": 1.591946, ""C09"": 1.625756, ""C10"": 1.560116, ""C11"": 1.453387, ""C12"": 1.753269, ""C13"": 1.617567, ""C14"": 1.591957, ""C15"": 1.829575, ""C16"": 1.489073, ""C17"": 1.67184, ""C18"": 1.673224, ""C19"": 1.798384, ""C20"": 1.470677}","{""C01"": 0, ""C02"": 0, ""C03"": 0, ""C04"": 0, ""C05"": 0, ""C06"": 937, ""C07"": 0, ""C08"": 0, ""C09"": 0, ""C10"": 0, ""C11"": 0, ""C12"": 0, ""C13"": 0, ""C14"": 0, ""C15"": 763, ""C16"": 0, ""C17"": 0, ""C18"": 0, ""C19"": 0, ""C20"": 0}","{""C01"": 0.02520335468072256, ""C02"": 0.02520335468072256, ""C03"": 0.02520335468072256, ""C04"": 0.02520335468072256, ""C05"": 0.02520335468072256, ""C06"": 0.024660743785411426, ""C07"": 0.02520335468072256, ""C08"": 0.02520335468072256, ""C09"": 0.02520335468072256, ""C10"": 0.02520335468072256, ""C11"": 0.02520335468072256, ""C12"": 0.02520335468072256, ""C13"": 0.02520335468072256, ""C14"": 0.02520335468072256, ""C15"": 0.024761494587117343, ""C16"": 0.02520335468072256, ""C17"": 0.02520335468072256, ""C18"": 0.02520335468072256, ""C19"": 0.02520335468072256, ""C20"": 0.02520335468072256}"
7,7,1,1115,7.106598,20,"{""C01"": 1.546136, ""C02"": 1.750767, ""C03"": 1.692394, ""C04"": 1.695005, ""C05"": 1.421525, ""C06"": 1.837213, ""C07"": 1.67838, ""C08"": 1.63192, ""C09"": 1.673179, ""C10"": 1.521556, ""C11"": 1.48072, ""C12"": 1.741534, ""C13"": 1.646823, ""C14"": 1.622408, ""C15"": 1.813745, ""C16"": 1.549965, ""C17"": 1.72085, ""C18"": 1.70236, ""C19"": 1.79889, ""C20"": 1.486872}","{""C01"": 0, ""C02"": 0, ""C03"": 0, ""C04"": 0, ""C05"": 0, ""C06"": 1697, ""C07"": 0, ""C08"": 0, ""C09"": 0, ""C10"": 0, ""C11"": 0, ""C12"": 0, ""C13"": 0, ""C14"": 0, ""C15"": 0, ""C16"": 0, ""C17"": 0, ""C18"": 0, ""C19"": 0, ""C20"": 0}","{""C01"": 0.025203737562126016, ""C02"": 0.025203737562126016, ""C03"": 0.025203737562126016, ""C04"": 0.025203737562126016, ""C05"": 0.025203737562126016, ""C06"": 0.024220996603042926, ""C07"": 0.025203737562126016, ""C08"": 0.025203737562126016, ""C09"": 0.025203737562126016, ""C10"": 0.025203737562126016, ""C11"": 0.025203737562126016, ""C12"": 0.025203737562126016, ""C13"": 0.025203737562126016, ""C14"": 0.025203737562126016, ""C15"": 0.025203737562126016, ""C16"": 0.025203737562126016, ""C17"": 0.025203737562126016, ""C18"": 0.025203737562126016, ""C19"": 0.025203737562126016, ""C20"": 0.025203737562126016}"
8,8,1,425,3.645784,20,"{""C01"": 1.582138, ""C02"": 1.722103, ""C03"": 1.702726, ""C04"": 1.704169, ""C05"": 1.455409, ""C06"": 1.905248, ""C07"": 1.700602, ""C08"": 1.651505, ""C09"": 1.661548, ""C10"": 1.556116, ""C11"": 1.491036, ""C12"": 1.729152, ""C13"": 1.674589, ""C14"": 1.565802, ""C15"": 1.832101, ""C16"": 1.52203, ""C17"": 1.679669, ""C18"": 1.7147, ""C19"": 1.79356, ""C20"": 1.525627}","{""C01"": 0, ""C02"": 0, ""C03"": 0, ""C04"": 0, ""C05"": 0, ""C06"": 1678, ""C07"": 0, ""C08"": 0, ""C09"": 0, ""C10"": 0, ""C11"": 0, ""C12"": 0, ""C13"": 0, ""C14"": 0, ""C15"": 0, ""C16"": 0, ""C17"": 0, ""C18"": 0, ""C19"": 0, ""C20"": 0}","{""C01"": 0.025228468295833043, ""C02"": 0.025228468295833043, ""C03"": 0.025228468295833043, ""C04"": 0.025228468295833043, ""C05"": 0.025228468295833043, ""C06"": 0.02425672916653496, ""C07"": 0.025228468295833043, ""C08"": 0.025228468295833043, ""C09"": 0.025228468295833043, ""C10"": 0.025228468295833043, ""C11"": 0.025228468295833043, ""C12"": 0.025228468295833043, ""C13"": 0.025228468295833043, ""C14"": 0.025228468295833043, ""C15"": 0.025228468295833043, ""C16"": 0.025228468295833043, ""C17"": 0.025228468295833043, ""C18"": 0.025228468295833043, ""C19"": 0.025228468295833043, ""C20"": 0.025228468295833043}"
9,9,1,797,6.430146,20,"{""C01"": 1.571177, ""C02"": 1.801652, ""C03"": 1.704468, ""C04"": 1.720295, ""C05"": 1.455079, ""C06"": 1.862617, ""C07"": 1.68971, ""C08"": 1.640499, ""C09"": 1.666707, ""C10"": 1.577345, ""C11"": 1.47749, ""C12"": 1.765238, ""C13"": 1.68333, ""C14"": 1.620739, ""C15"": 1.82131, ""C16"": 1.5362, ""C17"": 1.695902, ""C18"": 1.712888, ""C19"": 1.811326, ""C20"": 1.49707}","{""C01"": 0, ""C02"": 0, ""C03"": 0, ""C04"": 0, ""C05"": 0, ""C06"": 1690, ""C07"": 0, ""C08"": 0, ""C09"": 0, ""C10"": 0, ""C11"": 0, ""C12"": 0, ""C13"": 0, ""C14"": 0, ""C15"": 0, ""C16"": 0, ""C17"": 0, ""C18"": 0, ""C19"": 0, ""C20"": 0}","{""C01"": 0.02521322802215553, ""C02"": 0.02521322802215553, ""C03"": 0.02521322802215553, ""C04"": 0.02521322802215553, ""C05"": 0.02521322802215553, ""C06"": 0.02423453946050278, ""C07"": 0.02521322802215553, ""C08"": 0.02521322802215553, ""C09"": 0.02521322802215553, ""C10"": 0.02521322802215553, ""C11"": 0.02521322802215553, ""C12"": 0.02521322802215553, ""C13"": 0.02521322802215553, ""C14"": 0.02521322802215553, ""C15"": 0.02521322802215553, ""C16"": 0.02521322802215553, ""C17"": 0.02521322802215553, ""C18"": 0.02521322802215553, ""C19"": 0.02521322802215553, ""C20"": 0.02521322802215553}"
10,10,1,1104,7.026827,20,"{""C01"": 1.561059, ""C02"": 1.76184, ""C03"": 1.710703, ""C04"": 1.704573, ""C05"": 1.453055, ""C06"": 1.882482, ""C07"": 1.689487, ""C08"": 1.679695, ""C09"": 1.687102, ""C10"": 1.571485, ""C11"": 1.502659, ""C12"": 1.758638, ""C13"": 1.662335, ""C14"": 1.627067, ""C15"": 1.85621, ""C16"": 1.54123, ""C17"": 1.747405, ""C18"": 1.707135, ""C19"": 1.837178, ""C20"": 1.500275}","{""C01"": 0, ""C02"": 0, ""C03"": 0, ""C04"": 0, ""C05"": 0, ""C06"": 1684, ""C07"": 0, ""C08"": 0, ""C09"": 0, ""C10"": 0, ""C11"": 0, ""C12"": 0, ""C13"": 0, ""C14"": 0, ""C15"": 0, ""C16"": 0, ""C17"": 0, ""C18"": 0, ""C19"": 0, ""C20"": 0}","{""C01"": 0.025220173590950468, ""C02"": 0.025220173590950468, ""C03"": 0.025220173590950468, ""C04"": 0.025220173590950468, ""C05"": 0.025220173590950468, ""C06"": 0.024244961392347046, ""C07"": 0.025220173590950468, ""C08"": 0.025220173590950468, ""C09"": 0.025220173590950468, ""C10"": 0.025220173590950468, ""C11"": 0.025220173590950468, ""C12"": 0.025220173590950468, ""C13"": 0.025220173590950468, ""C14"": 0.025220173590950468, ""C15"": 0.025220173590950468, ""C16"": 0.025220173590950468, ""C17"": 0.025220173590950468, ""C18"": 0.025220173590950468, ""C19"": 0.025220173590950468, ""C20"": 0.025220173590950468}"
11,11,1,530,3.659060,20,"{""C01"": 1.573881, ""C02"": 1.767308, ""C03"": 1.717202, ""C04"": 1.704829, ""C05"": 1.461375, ""C06"": 1.907423, ""C07"": 1.680263, ""C08"": 1.654415, ""C09"": 1.695133, ""C10"": 1.564407, ""C11"": 1.459864, ""C12"": 1.771111, ""C13"": 1.698764, ""C14"": 1.662114, ""C15"": 1.854041, ""C16"": 1.558644, ""C17"": 1.719964, ""C18"": 1.734212, ""C19"": 1.842813, ""C20"": 1.546596}","{""C01"": 0, ""C02"": 0, ""C03"": 0, ""C04"": 0, ""C05"": 0, ""C06"": 1677, ""C07"": 0, ""C08"": 0, ""C09"": 0, ""C10"": 0, ""C11"": 0, ""C12"": 0, ""C13"": 0, ""C14"": 0, ""C15"": 0, ""C16"": 0, ""C17"": 0, ""C18"": 0, ""C19"": 0, ""C20"": 0}","{""C01"": 0.025229001879376017, ""C02"": 0.025229001879376017, ""C03"": 0.025229001879376017, ""C04"": 0.025229001879376017, ""C05"": 0.025229001879376017, ""C06"": 0.02425784367074295, ""C07"": 0.025229001879376017, ""C08"": 0.025229001879376017, ""C09"": 0.025229001879376017, ""C10"": 0.025229001879376017, ""C11"": 0.025229001879376017, ""C12"": 0.025229001879376017, ""C13"": 0.025229001879376017, ""C14"": 0.025229001879376017, ""C15"": 0.025229001879376017, ""C16"": 0.025229001879376017, ""C17"": 0.025229001879376017, ""C18"": 0.025229001879376017, ""C19"": 0.025229001879376017, ""C20"": 0.025229001879376017}"
12,12,1,1081,6.315573,20,"{""C01"": 1.572296, ""C02"": 1.83042, ""C03"": 1.697827, ""C04"": 1.673399, ""C05"": 1.457753, ""C06"": 1.885346, ""C07"": 1.663616, ""C08"": 1.656198, ""C09"": 1.675857, ""C10"": 1.563746, ""C11"": 1.465313, ""C12"": 1.779696, ""C13"": 1.638135, ""C14"": 1.617672, ""C15"": 1.84808, ""C16"": 1.527558, ""C17"": 1.725497, ""C18"": 1.715375, ""C19"": 1.864964, ""C20"": 1.513957}","{""C01"": 0, ""C02"": 0, ""C03"": 0, ""C04"": 0, ""C05"": 0, ""C06"": 1683, ""C07"": 0, ""C08"": 0, ""C09"": 0, ""C10"": 0, ""C11"": 0, ""C12"": 0, ""C13"": 0, ""C14"": 0, ""C15"": 0, ""C16"": 0, ""C17"": 0, ""C18"": 0, ""C19"": 0, ""C20"": 0}","{""C01"": 0.0252210841845186, ""C02"": 0.0252210841845186, ""C03"": 0.0252210841845186, ""C04"": 0.0252210841845186, ""C05"": 0.0252210841845186, ""C06"": 0.024246451982537724, ""C07"": 0.0252210841845186, ""C08"": 0.0252210841845186, ""C09"": 0.0252210841845186, ""C10"": 0.0252210841845186, ""C11"": 0.0252210841845186, ""C12"": 0.0252210841845186, ""C13"": 0.0252210841845186, ""C14"": 0.0252210841845186, ""C15"": 0.0252210841845186, ""C16"": 0.0252210841845186, ""C17"": 0.0252210841845186, ""C18"": 0.0252210841845186, ""C19"": 0.0252210841845186, ""C20"": 0.0252210841845186}"
13,13,1,914,5.190811,20,"{""C01"": 1.616058, ""C02"": 1.790856, ""C03"": 1.733791, ""C04"": 1.674398, ""C05"": 1.433572, ""C06"": 1.873786, ""C07"": 1.713068, ""C08"": 1.66554, ""C09"": 1.691838, ""C10"": 1.546914, ""C11"": 1.490707, ""C12"": 1.790345, ""C13"": 1.675988, ""C14"": 1.660909, ""C15"": 1.843198, ""C16"": 1.543874, ""C17"": 1.680197, ""C18"": 1.713583, ""C19"": 1.825111, ""C20"": 1.517495}","{""C01"": 0, ""C02"": 0, ""C03"": 0, ""C04"": 0, ""C05"": 0, ""C06"": 1687, ""C07"": 0, ""C08"": 0, ""C09"": 0, ""C10"": 0, ""C11"": 0, ""C12"": 0, ""C13"": 0, ""C14"": 0, ""C15"": 0, ""C16"": 0, ""C17"": 0, ""C18"": 0, ""C19"": 0, ""C20"": 0}","{""C01"": 0.02521736906487472, ""C02"": 0.02521736906487472, ""C03"": 0.02521736906487472, ""C04"": 0.02521736906487472, ""C05"": 0.02521736906487472, ""C06"": 0.024240417058954883, ""C07"": 0.02521736906487472, ""C08"": 0.02521736906487472, ""C09"": 0.02521736906487472, ""C10"": 0.02521736906487472, ""C11"": 0.02521736906487472, ""C12"": 0.02521736906487472, ""C13"": 0.02521736906487472, ""C14"": 0.02521736906487472, ""C15"": 0.02521736906487472, ""C16"": 0.02521736906487472, ""C17"": 0.02521736906487472, ""C18"": 0.02521736906487472, ""C19"": 0.02521736906487472, ""C20"": 0.02521736906487472}"
14,14,1,330,3.000516,20,"{""C01"": 1.601512, ""C02"": 1.782315, ""C03"": 1.717832, ""C04"": 1.703589, ""C05"": 1.462034, ""C06"": 1.917311, ""C07"": 1.710478, ""C08"": 1.645095, ""C09"": 1.698534, ""C10"": 1.585983, ""C11"": 1.464816, ""C12"": 1.765923, ""C13"": 1.709216, ""C14"": 1.636977, ""C15"": 1.824851, ""C16"": 1.518569, ""C17"": 1.73716, ""C18"": 1.717994, ""C19"": 1.817897, ""C20"": 1.513201}","{""C01"": 0, ""C02"": 0, ""C03"": 0, ""C04"": 0, ""C05"": 0, ""C06"": 1674, ""C07"": 0, ""C08"": 0, ""C09"": 0, ""C10"": 0, ""C11"": 0, ""C12"": 0, ""C13"": 0, ""C14"": 0, ""C15"": 0, ""C16"": 0, ""C17"": 0, ""C18"": 0, ""C19"": 0, ""C20"": 0}","{""C01"": 0.025232309329300415, ""C02"": 0.025232309329300415, ""C03"": 0.025232309329300415, ""C04"": 0.025232309329300415, ""C05"": 0.025232309329300415, ""C06"": 0.024262889710149303, ""C07"": 0.025232309329300415, ""C08"": 0.025232309329300415, ""C09"": 0.025232309329300415, ""C10"": 0.025232309329300415, ""C11"": 0.025232309329300415, ""C12"": 0.025232309329300415, ""C13"": 0.025232309329300415, ""C14"": 0.025232309329300415, ""C15"": 0.025232309329300415, ""C16"": 0.025232309329300415, ""C17"": 0.025232309329300415, ""C18"": 0.025232309329300415, ""C19"": 0.025232309329300415, ""C20"": 0.025232309329300415}"
15,15,1,835,6.511379,20,"{""C01"": 1.566275, ""C02"": 1.815507, ""C03"": 1.737848, ""C04"": 1.682099, ""C05"": 1.449385, ""C06"": 1.87497, ""C07"": 1.702129, ""C08"": 1.637216, ""C09"": 1.66434, ""C10"": 1.556579, ""C11"": 1.481493, ""C12"": 1.78469, ""C13"": 1.680954, ""C14"": 1.617863, ""C15"": 1.83519, ""C16"": 1.543303, ""C17"": 1.669625, ""C18"": 1.702155, ""C19"": 1.789796, ""C20"": 1.498142}","{""C01"": 0, ""C02"": 0, ""C03"": 0, ""C04"": 0, ""C05"": 0, ""C06"": 1686, ""C07"": 0, ""C08"": 0, ""C09"": 0, ""C10"": 0, ""C11"": 0, ""C12"": 0, ""C13"": 0, ""C14"": 0, ""C15"": 0, ""C16"": 0, ""C17"": 0, ""C18"": 0, ""C19"": 0, ""C20"": 0}","{""C01"": 0.02521740720032481, ""C02"": 0.02521740720032481, ""C03"": 0.02521740720032481, ""C04"": 0.02521740720032481, ""C05"": 0.02521740720032481, ""C06"": 0.02424103731123078, ""C07"": 0.02521740720032481, ""C08"": 0.02521740720032481, ""C09"": 0.02521740720032481, ""C10"": 0.02521740720032481, ""C11"": 0.02521740720032481, ""C12"": 0.02521740720032481, ""C13"": 0.02521740720032481, ""C14"": 0.02521740720032481, ""C15"": 0.02521740720032481, ""C16"": 0.02521740720032481, ""C17"": 0.02521740720032481, ""C18"": 0.02521740720032481, ""C19"": 0.02521740720032481, ""C20"": 0.02521740720032481}"
16,16,1,586,3.210375,20,"{""C01"": 1.574973, ""C02"": 1.778213, ""C03"": 1.736949, ""C04"": 1.687241, ""C05"": 1.445524, ""C06"": 1.841435, ""C07"": 1.669115, ""C08"": 1.654885, ""C09"": 1.664735, ""C10"": 1.53975, ""C11"": 1.500524, ""C12"": 1.770773, ""C13"": 1.649419, ""C14"": 1.597344, ""C15"": 1.816565, ""C16"": 1.519455, ""C17"": 1.706678, ""C18"": 1.725251, ""C19"": 1.842985, ""C20"": 1.539537}","{""C01"": 0, ""C02"": 0, ""C03"": 0, ""C04"": 0, ""C05"": 0, ""C06"": 651, ""C07"": 0, ""C08"": 0, ""C09"": 0, ""C10"": 0, ""C11"": 0, ""C12"": 0, ""C13"": 0, ""C14"": 0, ""C15"": 0, ""C16"": 0, ""C17"": 0, ""C18"": 0, ""C19"": 1045, ""C20"": 0}","{""C01"": 0.02520594052072256, ""C02"": 0.02520594052072256, ""C03"": 0.02520594052072256, ""C04"": 0.02520594052072256, ""C05"": 0.02520594052072256, ""C06"": 0.024828952251087565, ""C07"": 0.02520594052072256, ""C08"": 0.02520594052072256, ""C09"": 0.02520594052072256, ""C10"": 0.02520594052072256, ""C11"": 0.02520594052072256, ""C12"": 0.02520594052072256, ""C13"": 0.02520594052072256, ""C14"": 0.02520594052072256, ""C15"": 0.02520594052072256, ""C16"": 0.02520594052072256, ""C17"": 0.02520594052072256, ""C18"": 0.02520594052072256, ""C19"": 0.024600784045966197, ""C20"": 0.02520594052072256}"
17,17,1,937,6.604537,20,"{""C01"": 1.5978, ""C02"": 1.770201, ""C03"": 1.700288, ""C04"": 1.708303, ""C05"": 1.418208, ""C06"": 1.851685, ""C07"": 1.689475, ""C08"": 1.653234, ""C09"": 1.693579, ""C10"": 1.54, ""C11"": 1.517693, ""C12"": 1.77402, ""C13"": 1.653484, ""C14"": 1.603647, ""C15"": 1.787201, ""C16"": 1.531303, ""C17"": 1.694132, ""C18"": 1.69667, ""C19"": 1.823973, ""C20"": 1.526516}","{""C01"": 0, ""C02"": 0, ""C03"": 0, ""C04"": 0, ""C05"": 0, ""C06"": 1693, ""C07"": 0, ""C08"": 0, ""C09"": 0, ""C10"": 0, ""C11"": 0, ""C12"": 0, ""C13"": 0, ""C14"": 0, ""C15"": 0, ""C16"": 0, ""C17"": 0, ""C18"": 0, ""C19"": 0, ""C20"": 0}","{""C01"": 0.02520916686986474, ""C02"": 0.02520916686986474, ""C03"": 0.02520916686986474, ""C04"": 0.02520916686986474, ""C05"": 0.02520916686986474, ""C06"": 0.024228741554176744, ""C07"": 0.02520916686986474, ""C08"": 0.02520916686986474, ""C09"": 0.02520916686986474, ""C10"": 0.02520916686986474, ""C11"": 0.02520916686986474, ""C12"": 0.02520916686986474, ""C13"": 0.02520916686986474, ""C14"": 0.02520916686986474, ""C15"": 0.02520916686986474, ""C16"": 0.02520916686986474, ""C17"": 0.02520916686986474, ""C18"": 0.02520916686986474, ""C19"": 0.02520916686986474, ""C20"": 0.02520916686986474}"
18,18,1,460,2.580921,20,"{""C01"": 1.608947, ""C02"": 1.766447, ""C03"": 1.714282, ""C04"": 1.707145, ""C05"": 1.457619, ""C06"": 1.902844, ""C07"": 1.685564, ""C08"": 1.606207, ""C09"": 1.656122, ""C10"": 1.52632, ""C11"": 1.462222, ""C12"": 1.764785, ""C13"": 1.687657, ""C14"": 1.634349, ""C15"": 1.838297, ""C16"": 1.508341, ""C17"": 1.688382, ""C18"": 1.708593, ""C19"": 1.817054, ""C20"": 1.512063}","{""C01"": 0, ""C02"": 0, ""C03"": 0, ""C04"": 0, ""C05"": 0, ""C06"": 1678, ""C07"": 0, ""C08"": 0, ""C09"": 0, ""C10"": 0, ""C11"": 0, ""C12"": 0, ""C13"": 0, ""C14"": 0, ""C15"": 0, ""C16"": 0, ""C17"": 0, ""C18"": 0, ""C19"": 0, ""C20"": 0}","{""C01"": 0.025227231220303445, ""C02"": 0.025227231220303445, ""C03"": 0.025227231220303445, ""C04"": 0.025227231220303445, ""C05"": 0.025227231220303445, ""C06"": 0.024255495116855184, ""C07"": 0.025227231220303445, ""C08"": 0.025227231220303445, ""C09"": 0.025227231220303445, ""C10"": 0.025227231220303445, ""C11"": 0.025227231220303445, ""C12"": 0.025227231220303445, ""C13"": 0.025227231220303445, ""C14"": 0.025227231220303445, ""C15"": 0.025227231220303445, ""C16"": 0.025227231220303445, ""C17"": 0.025227231220303445, ""C18"": 0.025227231220303445, ""C19"": 0.025227231220303445, ""C20"": 0.025227231220303445}"
19,19,1,364,2.041027,20,"{""C01"": 1.577154, ""C02"": 1.779713, ""C03"": 1.691392, ""C04"": 1.669565, ""C05"": 1.427949, ""C06"": 1.888042, ""C07"": 1.692364, ""C08"": 1.646272, ""C09"": 1.702862, ""C10"": 1.538111, ""C11"": 1.498717, ""C12"": 1.784347, ""C13"": 1.663905, ""C14"": 1.634234, ""C15"": 1.807471, ""C16"": 1.497398, ""C17"": 1.68186, ""C18"": 1.716193, ""C19"": 1.780543, ""C20"": 1.523374}","{""C01"": 0, ""C02"": 0, ""C03"": 0, ""C04"": 0, ""C05"": 0, ""C06"": 1682, ""C07"": 0, ""C08"": 0, ""C09"": 0, ""C10"": 0, ""C11"": 0, ""C12"": 0, ""C13"": 0, ""C14"": 0, ""C15"": 0, ""C16"": 0, ""C17"": 0, ""C18"": 0, ""C19"": 0, ""C20"": 0}","{""C01"": 0.025221904357675656, ""C02"": 0.025221904357675656, ""C03"": 0.025221904357675656, ""C04"": 0.025221904357675656, ""C05"": 0.025221904357675656, ""C06"": 0.024247852373842083, ""C07"": 0.025221904357675656, ""C08"": 0.025221904357675656, ""C09"": 0.025221904357675656, ""C10"": 0.025221904357675656, ""C11"": 0.025221904357675656, ""C12"": 0.025221904357675656, ""C13"": 0.025221904357675656, ""C14"": 0.025221904357675656, ""C15"": 0.025221904357675656, ""C16"": 0.025221904357675656, ""C17"": 0.025221904357675656, ""C18"": 0.025221904357675656, ""C19"": 0.025221904357675656, ""C20"": 0.025221904357675656}"
20,20,1,452,2.544601,20,"{""C01"": 1.563813, ""C02"": 1.754736, ""C03"": 1.73717, ""C04"": 1.719378, ""C05"": 1.416535, ""C06"": 1.879349, ""C07"": 1.69048, ""C08"": 1.68435, ""C09"": 1.633271, ""C10"": 1.558554, ""C11"": 1.456259, ""C12"": 1.749845, ""C13"": 1.673669, ""C14"": 1.637142, ""C15"": 1.812868, ""C16"": 1.495292, ""C17"": 1.72041, ""C18"": 1.693761, ""C19"": 1.790847, ""C20"": 1.531899}","{""C01"": 0, ""C02"": 0, ""C03"": 0, ""C04"": 0, ""C05"": 0, ""C06"": 1685, ""C07"": 0, ""C08"": 0, ""C09"": 0, ""C10"": 0, ""C11"": 0, ""C12"": 0, ""C13"": 0, ""C14"": 0, ""C15"": 0, ""C16"": 0, ""C17"": 0, ""C18"": 0, ""C19"": 0, ""C20"": 0}","{""C01"": 0.025219119186322067, ""C02"": 0.025219119186322067, ""C03"": 0.025219119186322067, ""C04"": 0.025219119186322067, ""C05"": 0.025219119186322067, ""C06"": 0.024243327342197786, ""C07"": 0.025219119186322067, ""C08"": 0.025219119186322067, ""C09"": 0.025219119186322067, ""C10"": 0.025219119186322067, ""C11"": 0.025219119186322067, ""C12"": 0.025219119186322067, ""C13"": 0.025219119186322067, ""C14"": 0.025219119186322067, ""C15"": 0.025219119186322067, ""C16"": 0.025219119186322067, ""C17"": 0.025219119186322067, ""C18"": 0.025219119186322067, ""C19"": 0.025219119186322067, ""C20"": 0.025219119186322067}"
21,21,1,634,3.533777,20,"{""C01"": 1.596699, ""C02"": 1.736116, ""C03"": 1.703037, ""C04"": 1.688113, ""C05"": 1.423322, ""C06"": 1.858213, ""C07"": 1.623859, ""C08"": 1.647155, ""C09"": 1.667302, ""C10"": 1.521366, ""C11"": 1.472925, ""C12"": 1.770436, ""C13"": 1.65875, ""C14"": 1.637166, ""C15"": 1.816208, ""C16"": 1.507021, ""C17"": 1.704526, ""C18"": 1.723212, ""C19"": 1.817992, ""C20"": 1.48356}","{""C01"": 0, ""C02"": 0, ""C03"": 0, ""C04"": 0, ""C05"": 0, ""C06"": 1691, ""C07"": 0, ""C08"": 0, ""C09"": 0, ""C10"": 0, ""C11"": 0, ""C12"": 0, ""C13"": 0, ""C14"": 0, ""C15"": 0, ""C16"": 0, ""C17"": 0, ""C18"": 0, ""C19"": 0, ""C20"": 0}","{""C01"": 0.02521147561744906, ""C02"": 0.02521147561744906, ""C03"": 0.02521147561744906, ""C04"": 0.02521147561744906, ""C05"": 0.02521147561744906, ""C06"": 0.02423220910519999, ""C07"": 0.02521147561744906, ""C08"": 0.02521147561744906, ""C09"": 0.02521147561744906, ""C10"": 0.02521147561744906, ""C11"": 0.02521147561744906, ""C12"": 0.02521147561744906, ""C13"": 0.02521147561744906, ""C14"": 0.02521147561744906, ""C15"": 0.02521147561744906, ""C16"": 0.02521147561744906, ""C17"": 0.02521147561744906, ""C18"": 0.02521147561744906, ""C19"": 0.02521147561744906, ""C20"": 0.02521147561744906}"
22,22,1,946,5.375460,20,"{""C01"": 1.61069, ""C02"": 1.79951, ""C03"": 1.71173, ""C04"": 1.703388, ""C05"": 1.433829, ""C06"": 1.837145, ""C07"": 1.667459, ""C08"": 1.612528, ""C09"": 1.661838, ""C10"": 1.523844, ""C11"": 1.503199, ""C12"": 1.75201, ""C13"": 1.685889, ""C14"": 1.615604, ""C15"": 1.818342, ""C16"": 1.496003, ""C17"": 1.698054, ""C18"": 1.699168, ""C19"": 1.803854, ""C20"": 1.535031}","{""C01"": 0, ""C02"": 0, ""C03"": 0, ""C04"": 0, ""C05"": 0, ""C06"": 1697, ""C07"": 0, ""C08"": 0, ""C09"": 0, ""C10"": 0, ""C11"": 0, ""C12"": 0, ""C13"": 0, ""C14"": 0, ""C15"": 0, ""C16"": 0, ""C17"": 0, ""C18"": 0, ""C19"": 0, ""C20"": 0}","{""C01"": 0.025203700887765343, ""C02"": 0.025203700887765343, ""C03"": 0.025203700887765343, ""C04"": 0.025203700887765343, ""C05"": 0.025203700887765343, ""C06"": 0.02422096001728492, ""C07"": 0.025203700887765343, ""C08"": 0.025203700887765343, ""C09"": 0.025203700887765343, ""C10"": 0.025203700887765343, ""C11"": 0.025203700887765343, ""C12"": 0.025203700887765343, ""C13"": 0.025203700887765343, ""C14"": 0.025203700887765343, ""C15"": 0.025203700887765343, ""C16"": 0.025203700887765343, ""C17"": 0.025203700887765343, ""C18"": 0.025203700887765343, ""C19"": 0.025203700887765343, ""C20"": 0.025203700887765343}"
23,23,1,646,3.688401,20,"{""C01"": 1.552211, ""C02"": 1.745057, ""C03"": 1.727413, ""C04"": 1.69706, ""C05"": 1.427224, ""C06"": 1.849884, ""C07"": 1.673824, ""C08"": 1.649326, ""C09"": 1.64163, ""C10"": 1.516861, ""C11"": 1.471719, ""C12"": 1.752124, ""C13"": 1.678186, ""C14"": 1.652177, ""C15"": 1.80562, ""C16"": 1.536937, ""C17"": 1.701455, ""C18"": 1.687994, ""C19"": 1.80972, ""C20"": 1.491067}","{""C01"": 0, ""C02"": 0, ""C03"": 0, ""C04"": 0, ""C05"": 0, ""C06"": 1693, ""C07"": 0, ""C08"": 0, ""C09"": 0, ""C10"": 0, ""C11"": 0, ""C12"": 0, ""C13"": 0, ""C14"": 0, ""C15"": 0, ""C16"": 0, ""C17"": 0, ""C18"": 0, ""C19"": 0, ""C20"": 0}","{""C01"": 0.025208204889160313, ""C02"": 0.025208204889160313, ""C03"": 0.025208204889160313, ""C04"": 0.025208204889160313, ""C05"": 0.025208204889160313, ""C06"": 0.024227781903567558, ""C07"": 0.025208204889160313, ""C08"": 0.025208204889160313, ""C09"": 0.025208204889160313, ""C10"": 0.025208204889160313, ""C11"": 0.025208204889160313, ""C12"": 0.025208204889160313, ""C13"": 0.025208204889160313, ""C14"": 0.025208204889160313, ""C15"": 0.025208204889160313, ""C16"": 0.025208204889160313, ""C17"": 0.025208204889160313, ""C18"": 0.025208204889160313, ""C19"": 0.025208204889160313, ""C20"": 0.025208204889160313}"
24,24,1,361,2.019300,20,"{""C01"": 1.570495, ""C02"": 1.791601, ""C03"": 1.703551, ""C04"": 1.70336, ""C05"": 1.427623, ""C06"": 1.883079, ""C07"": 1.696663, ""C08"": 1.672397, ""C09"": 1.651263, ""C10"": 1.562235, ""C11"": 1.474818, ""C12"": 1.755464, ""C13"": 1.668948, ""C14"": 1.620229, ""C15"": 1.793865, ""C16"": 1.504685, ""C17"": 1.705991, ""C18"": 1.707191, ""C19"": 1.799039, ""C20"": 1.513862}","{""C01"": 0, ""C02"": 0, ""C03"": 0, ""C04"": 0, ""C05"": 0, ""C06"": 1684, ""C07"": 0, ""C08"": 0, ""C09"": 0, ""C10"": 0, ""C11"": 0, ""C12"": 0, ""C13"": 0, ""C14"": 0, ""C15"": 0, ""C16"": 0, ""C17"": 0, ""C18"": 0, ""C19"": 0, ""C20"": 0}","{""C01"": 0.02522048536267074, ""C02"": 0.02522048536267074, ""C03"": 0.02522048536267074, ""C04"": 0.02522048536267074, ""C05"": 0.02522048536267074, ""C06"": 0.024245272404459943, ""C07"": 0.02522048536267074, ""C08"": 0.02522048536267074, ""C09"": 0.02522048536267074, ""C10"": 0.02522048536267074, ""C11"": 0.02522048536267074, ""C12"": 0.02522048536267074, ""C13"": 0.02522048536267074, ""C14"": 0.02522048536267074, ""C15"": 0.02522048536267074, ""C16"": 0.02522048536267074, ""C17"": 0.02522048536267074, ""C18"": 0.02522048536267074, ""C19"": 0.02522048536267074, ""C20"": 0.02522048536267074}"
25,25,1,443,2.510683,20,"{""C01"": 1.587054, ""C02"": 1.776005, ""C03"": 1.719474, ""C04"": 1.701087, ""C05"": 1.430701, ""C06"": 1.870881, ""C07"": 1.716827, ""C08"": 1.681214, ""C09"": 1.693285, ""C10"": 1.531197, ""C11"": 1.467243, ""C12"": 1.730268, ""C13"": 1.680237, ""C14"": 1.602744, ""C15"": 1.775732, ""C16"": 1.524979, ""C17"": 1.709522, ""C18"": 1.712294, ""C19"": 1.800578, ""C20"": 1.512975}","{""C01"": 0, ""C02"": 0, ""C03"": 0, ""C04"": 0, ""C05"": 0, ""C06"": 1687, ""C07"": 0, ""C08"": 0, ""C09"": 0, ""C10"": 0, ""C11"": 0, ""C12"": 0, ""C13"": 0, ""C14"": 0, ""C15"": 0, ""C16"": 0, ""C17"": 0, ""C18"": 0, ""C19"": 0, ""C20"": 0}","{""C01"": 0.025215840875586773, ""C02"": 0.025215840875586773, ""C03"": 0.025215840875586773, ""C04"": 0.025215840875586773, ""C05"": 0.025215840875586773, ""C06"": 0.02423889258573081, ""C07"": 0.025215840875586773, ""C08"": 0.025215840875586773, ""C09"": 0.025215840875586773, ""C10"": 0.025215840875586773, ""C11"": 0.025215840875586773, ""C12"": 0.025215840875586773, ""C13"": 0.025215840875586773, ""C14"": 0.025215840875586773, ""C15"": 0.025215840875586773, ""C16"": 0.025215840875586773, ""C17"": 0.025215840875586773, ""C18"": 0.025215840875586773, ""C19"": 0.025215840875586773, ""C20"": 0.025215840875586773}"
26,26,1,585,3.348323,20,"{""C01"": 1.581702, ""C02"": 1.798475, ""C03"": 1.68439, ""C04"": 1.714456, ""C05"": 1.444655, ""C06"": 1.884369, ""C07"": 1.663377, ""C08"": 1.672112, ""C09"": 1.673263, ""C10"": 1.558881, ""C11"": 1.503184, ""C12"": 1.739709, ""C13"": 1.682091, ""C14"": 1.650075, ""C15"": 1.825834, ""C16"": 1.525443, ""C17"": 1.67141, ""C18"": 1.705521, ""C19"": 1.835432, ""C20"": 1.48975}","{""C01"": 0, ""C02"": 0, ""C03"": 0, ""C04"": 0, ""C05"": 0, ""C06"": 1684, ""C07"": 0, ""C08"": 0, ""C09"": 0, ""C10"": 0, ""C11"": 0, ""C12"": 0, ""C13"": 0, ""C14"": 0, ""C15"": 0, ""C16"": 0, ""C17"": 0, ""C18"": 0, ""C19"": 0, ""C20"": 0}","{""C01"": 0.02522115854851885, ""C02"": 0.02522115854851885, ""C03"": 0.02522115854851885, ""C04"": 0.02522115854851885, ""C05"": 0.02522115854851885, ""C06"": 0.024245943950104785, ""C07"": 0.02522115854851885, ""C08"": 0.02522115854851885, ""C09"": 0.02522115854851885, ""C10"": 0.02522115854851885, ""C11"": 0.02522115854851885, ""C12"": 0.02522115854851885, ""C13"": 0.02522115854851885, ""C14"": 0.02522115854851885, ""C15"": 0.02522115854851885, ""C16"": 0.02522115854851885, ""C17"": 0.02522115854851885, ""C18"": 0.02522115854851885, ""C19"": 0.02522115854851885, ""C20"": 0.02522115854851885}"
27,27,1,921,5.284944,20,"{""C01"": 1.613653, ""C02"": 1.820866, ""C03"": 1.710317, ""C04"": 1.740968, ""C05"": 1.442304, ""C06"": 1.870105, ""C07"": 1.718963, ""C08"": 1.644192, ""C09"": 1.688222, ""C10"": 1.518724, ""C11"": 1.510564, ""C12"": 1.760317, ""C13"": 1.678395, ""C14"": 1.665712, ""C15"": 1.783436, ""C16"": 1.534824, ""C17"": 1.703994, ""C18"": 1.749731, ""C19"": 1.848163, ""C20"": 1.512333}","{""C01"": 0, ""C02"": 0, ""C03"": 0, ""C04"": 0, ""C05"": 0, ""C06"": 1688, ""C07"": 0, ""C08"": 0, ""C09"": 0, ""C10"": 0, ""C11"": 0, ""C12"": 0, ""C13"": 0, ""C14"": 0, ""C15"": 0, ""C16"": 0, ""C17"": 0, ""C18"": 0, ""C19"": 0, ""C20"": 0}","{""C01"": 0.025216015984483905, ""C02"": 0.025216015984483905, ""C03"": 0.025216015984483905, ""C04"": 0.025216015984483905, ""C05"": 0.025216015984483905, ""C06"": 0.024238485060922757, ""C07"": 0.025216015984483905, ""C08"": 0.025216015984483905, ""C09"": 0.025216015984483905, ""C10"": 0.025216015984483905, ""C11"": 0.025216015984483905, ""C12"": 0.025216015984483905, ""C13"": 0.025216015984483905, ""C14"": 0.025216015984483905, ""C15"": 0.025216015984483905, ""C16"": 0.025216015984483905, ""C17"": 0.025216015984483905, ""C18"": 0.025216015984483905, ""C19"": 0.025216015984483905, ""C20"": 0.025216015984483905}"
28,28,1,350,2.000040,20,"{""C01"": 1.613871, ""C02"": 1.811061, ""C03"": 1.738213, ""C04"": 1.70872, ""C05"": 1.465933, ""C06"": 1.915122, ""C07"": 1.693172, ""C08"": 1.665625, ""C09"": 1.709513, ""C10"": 1.556468, ""C11"": 1.511752, ""C12"": 1.784776, ""C13"": 1.689431, ""C14"": 1.653639, ""C15"": 1.824489, ""C16"": 1.536587, ""C17"": 1.733528, ""C18"": 1.711672, ""C19"": 1.820823, ""C20"": 1.515419}","{""C01"": 0, ""C02"": 0, ""C03"": 0, ""C04"": 0, ""C05"": 0, ""C06"": 1675, ""C07"": 0, ""C08"": 0, ""C09"": 0, ""C10"": 0, ""C11"": 0, ""C12"": 0, ""C13"": 0, ""C14"": 0, ""C15"": 0, ""C16"": 0, ""C17"": 0, ""C18"": 0, ""C19"": 0, ""C20"": 0}","{""C01"": 0.025231776223794133, ""C02"": 0.025231776223794133, ""C03"": 0.025231776223794133, ""C04"": 0.025231776223794133, ""C05"": 0.025231776223794133, ""C06"": 0.024261775679061234, ""C07"": 0.025231776223794133, ""C08"": 0.025231776223794133, ""C09"": 0.025231776223794133, ""C10"": 0.025231776223794133, ""C11"": 0.025231776223794133, ""C12"": 0.025231776223794133, ""C13"": 0.025231776223794133, ""C14"": 0.025231776223794133, ""C15"": 0.025231776223794133, ""C16"": 0.025231776223794133, ""C17"": 0.025231776223794133, ""C18"": 0.025231776223794133, ""C19"": 0.025231776223794133, ""C20"": 0.025231776223794133}"
29,29,1,656,3.772445,20,"{""C01"": 1.626271, ""C02"": 1.779854, ""C03"": 1.728571, ""C04"": 1.724724, ""C05"": 1.459354, ""C06"": 1.916376, ""C07"": 1.700218, ""C08"": 1.644542, ""C09"": 1.735315, ""C10"": 1.524099, ""C11"": 1.52106, ""C12"": 1.80238, ""C13"": 1.735081, ""C14"": 1.67031, ""C15"": 1.878699, ""C16"": 1.551537, ""C17"": 1.705874, ""C18"": 1.747076, ""C19"": 1.86891, ""C20"": 1.56064}","{""C01"": 0, ""C02"": 0, ""C03"": 0, ""C04"": 0, ""C05"": 0, ""C06"": 1675, ""C07"": 0, ""C08"": 0, ""C09"": 0, ""C10"": 0, ""C11"": 0, ""C12"": 0, ""C13"": 0, ""C14"": 0, ""C15"": 0, ""C16"": 0, ""C17"": 0, ""C18"": 0, ""C19"": 0, ""C20"": 0}","{""C01"": 0.02523241630565394, ""C02"": 0.02523241630565394, ""C03"": 0.02523241630565394, ""C04"": 0.02523241630565394, ""C05"": 0.02523241630565394, ""C06"": 0.024262414192191894, ""C07"": 0.02523241630565394, ""C08"": 0.02523241630565394, ""C09"": 0.02523241630565394, ""C10"": 0.02523241630565394, ""C11"": 0.02523241630565394, ""C12"": 0.02523241630565394, ""C13"": 0.02523241630565394, ""C14"": 0.02523241630565394, ""C15"": 0.02523241630565394, ""C16"": 0.02523241630565394, ""C17"": 0.02523241630565394, ""C18"": 0.02523241630565394, ""C19"": 0.02523241630565394, ""C20"": 0.02523241630565394}"
30,30,1,878,4.996570,20,"{""C01"": 1.589825, ""C02"": 1.857115, ""C03"": 1.751755, ""C04"": 1.720697, ""C05"": 1.460144, ""C06"": 1.914366, ""C07"": 1.69805, ""C08"": 1.702737, ""C09"": 1.715078, ""C10"": 1.571989, ""C11"": 1.503424, ""C12"": 1.798248, ""C13"": 1.685058, ""C14"": 1.681772, ""C15"": 1.854357, ""C16"": 1.567737, ""C17"": 1.723824, ""C18"": 1.735853, ""C19"": 1.882687, ""C20"": 1.524503}","{""C01"": 0, ""C02"": 0, ""C03"": 0, ""C04"": 0, ""C05"": 0, ""C06"": 1675, ""C07"": 0, ""C08"": 0, ""C09"": 0, ""C10"": 0, ""C11"": 0, ""C12"": 0, ""C13"": 0, ""C14"": 0, ""C15"": 0, ""C16"": 0, ""C17"": 0, ""C18"": 0, ""C19"": 0, ""C20"": 0}","{""C01"": 0.025231390041827187, ""C02"": 0.025231390041827187, ""C03"": 0.025231390041827187, ""C04"": 0.025231390041827187, ""C05"": 0.025231390041827187, ""C06"": 0.024261390443536045, ""C07"": 0.025231390041827187, ""C08"": 0.025231390041827187, ""C09"": 0.025231390041827187, ""C10"": 0.025231390041827187, ""C11"": 0.025231390041827187, ""C12"": 0.025231390041827187, ""C13"": 0.025231390041827187, ""C14"": 0.025231390041827187, ""C15"": 0.025231390041827187, ""C16"": 0.025231390041827187, ""C17"": 0.025231390041827187, ""C18"": 0.025231390041827187, ""C19"": 0.025231390041827187, ""C20"": 0.025231390041827187}"
31,31,1,885,5.098344,20,"{""C01"": 1.671515, ""C02"": 1.846147, ""C03"": 1.741667, ""C04"": 1.748608, ""C05"": 1.462943, ""C06"": 1.92518, ""C07"": 1.780027, ""C08"": 1.691477, ""C09"": 1.715558, ""C10"": 1.58119, ""C11"": 1.516768, ""C12"": 1.844673, ""C13"": 1.710305, ""C14"": 1.687566, ""C15"": 1.851568, ""C16"": 1.572221, ""C17"": 1.745714, ""C18"": 1.743576, ""C19"": 1.893689, ""C20"": 1.524783}","{""C01"": 0, ""C02"": 0, ""C03"": 0, ""C04"": 0, ""C05"": 0, ""C06"": 1672, ""C07"": 0, ""C08"": 0, ""C09"": 0, ""C10"": 0, ""C11"": 0, ""C12"": 0, ""C13"": 0, ""C14"": 0, ""C15"": 0, ""C16"": 0, ""C17"": 0, ""C18"": 0, ""C19"": 0, ""C20"": 0}","{""C01"": 0.02523514327914271, ""C02"": 0.02523514327914271, ""C03"": 0.02523514327914271, ""C04"": 0.02523514327914271, ""C05"": 0.02523514327914271, ""C06"": 0.02426688117690926, ""C07"": 0.02523514327914271, ""C08"": 0.02523514327914271, ""C09"": 0.02523514327914271, ""C10"": 0.02523514327914271, ""C11"": 0.02523514327914271, ""C12"": 0.02523514327914271, ""C13"": 0.02523514327914271, ""C14"": 0.02523514327914271, ""C15"": 0.02523514327914271, ""C16"": 0.02523514327914271, ""C17"": 0.02523514327914271, ""C18"": 0.02523514327914271, ""C19"": 0.02523514327914271, ""C20"": 0.02523514327914271}"
32,32,1,419,2.408505,20,"{""C01"": 1.624468, ""C02"": 1.883385, ""C03"": 1.731536, ""C04"": 1.749526, ""C05"": 1.477758, ""C06"": 1.963359, ""C07"": 1.741787, ""C08"": 1.732128, ""C09"": 1.719939, ""C10"": 1.570003, ""C11"": 1.514287, ""C12"": 1.85626, ""C13"": 1.752999, ""C14"": 1.685509, ""C15"": 1.883181, ""C16"": 1.583467, ""C17"": 1.773016, ""C18"": 1.816492, ""C19"": 1.881538, ""C20"": 1.549283}","{""C01"": 0, ""C02"": 0, ""C03"": 0, ""C04"": 0, ""C05"": 0, ""C06"": 1662, ""C07"": 0, ""C08"": 0, ""C09"": 0, ""C10"": 0, ""C11"": 0, ""C12"": 0, ""C13"": 0, ""C14"": 0, ""C15"": 0, ""C16"": 0, ""C17"": 0, ""C18"": 0, ""C19"": 0, ""C20"": 0}","{""C01"": 0.02524841927675034, ""C02"": 0.02524841927675034, ""C03"": 0.02524841927675034, ""C04"": 0.02524841927675034, ""C05"": 0.02524841927675034, ""C06"": 0.024285946928409165, ""C07"": 0.02524841927675034, ""C08"": 0.02524841927675034, ""C09"": 0.02524841927675034, ""C10"": 0.02524841927675034, ""C11"": 0.02524841927675034, ""C12"": 0.02524841927675034, ""C13"": 0.02524841927675034, ""C14"": 0.02524841927675034, ""C15"": 0.02524841927675034, ""C16"": 0.02524841927675034, ""C17"": 0.02524841927675034, ""C18"": 0.02524841927675034, ""C19"": 0.02524841927675034, ""C20"": 0.02524841927675034}"
33,33,1,786,4.476130,20,"{""C01"": 1.678566, ""C02"": 1.876089, ""C03"": 1.790866, ""C04"": 1.731696, ""C05"": 1.51008, ""C06"": 1.947677, ""C07"": 1.753319, ""C08"": 1.750414, ""C09"": 1.723598, ""C10"": 1.545984, ""C11"": 1.541481, ""C12"": 1.845612, ""C13"": 1.725077, ""C14"": 1.693572, ""C15"": 1.846798, ""C16"": 1.564922, ""C17"": 1.77452, ""C18"": 1.7846, ""C19"": 1.902159, ""C20"": 1.56248}","{""C01"": 0, ""C02"": 0, ""C03"": 0, ""C04"": 0, ""C05"": 0, ""C06"": 1666, ""C07"": 0, ""C08"": 0, ""C09"": 0, ""C10"": 0, ""C11"": 0, ""C12"": 0, ""C13"": 0, ""C14"": 0, ""C15"": 0, ""C16"": 0, ""C17"": 0, ""C18"": 0, ""C19"": 0, ""C20"": 0}","{""C01"": 0.025242963020534498, ""C02"": 0.025242963020534498, ""C03"": 0.025242963020534498, ""C04"": 0.025242963020534498, ""C05"": 0.025242963020534498, ""C06"": 0.024278175134729574, ""C07"": 0.025242963020534498, ""C08"": 0.025242963020534498, ""C09"": 0.025242963020534498, ""C10"": 0.025242963020534498, ""C11"": 0.025242963020534498, ""C12"": 0.025242963020534498, ""C13"": 0.025242963020534498, ""C14"": 0.025242963020534498, ""C15"": 0.025242963020534498, ""C16"": 0.025242963020534498, ""C17"": 0.025242963020534498, ""C18"": 0.025242963020534498, ""C19"": 0.025242963020534498, ""C20"": 0.025242963020534498}"
34,34,1,845,4.872923,20,"{""C01"": 1.680941, ""C02"": 1.893533, ""C03"": 1.74027, ""C04"": 1.773471, ""C05"": 1.529383, ""C06"": 1.972033, ""C07"": 1.745708, ""C08"": 1.720253, ""C09"": 1.755546, ""C10"": 1.561267, ""C11"": 1.521813, ""C12"": 1.817603, ""C13"": 1.730374, ""C14"": 1.708137, ""C15"": 1.896351, ""C16"": 1.589937, ""C17"": 1.84677, ""C18"": 1.797021, ""C19"": 1.936278, ""C20"": 1.587085}","{""C01"": 0, ""C02"": 0, ""C03"": 0, ""C04"": 0, ""C05"": 0, ""C06"": 1660, ""C07"": 0, ""C08"": 0, ""C09"": 0, ""C10"": 0, ""C11"": 0, ""C12"": 0, ""C13"": 0, ""C14"": 0, ""C15"": 0, ""C16"": 0, ""C17"": 0, ""C18"": 0, ""C19"": 0, ""C20"": 0}","{""C01"": 0.025251526214435008, ""C02"": 0.025251526214435008, ""C03"": 0.025251526214435008, ""C04"": 0.025251526214435008, ""C05"": 0.025251526214435008, ""C06"": 0.024290210694233413, ""C07"": 0.025251526214435008, ""C08"": 0.025251526214435008, ""C09"": 0.025251526214435008, ""C10"": 0.025251526214435008, ""C11"": 0.025251526214435008, ""C12"": 0.025251526214435008, ""C13"": 0.025251526214435008, ""C14"": 0.025251526214435008, ""C15"": 0.025251526214435008, ""C16"": 0.025251526214435008, ""C17"": 0.025251526214435008, ""C18"": 0.025251526214435008, ""C19"": 0.025251526214435008, ""C20"": 0.025251526214435008}"
35,35,1,479,2.741110,20,"{""C01"": 1.707131, ""C02"": 1.895307, ""C03"": 1.749248, ""C04"": 1.800744, ""C05"": 1.489743, ""C06"": 1.961541, ""C07"": 1.789025, ""C08"": 1.722585, ""C09"": 1.740104, ""C10"": 1.572274, ""C11"": 1.523394, ""C12"": 1.81789, ""C13"": 1.743342, ""C14"": 1.709995, ""C15"": 1.894454, ""C16"": 1.57108, ""C17"": 1.827552, ""C18"": 1.782953, ""C19"": 1.903866, ""C20"": 1.568509}","{""C01"": 0, ""C02"": 0, ""C03"": 0, ""C04"": 0, ""C05"": 0, ""C06"": 1662, ""C07"": 0, ""C08"": 0, ""C09"": 0, ""C10"": 0, ""C11"": 0, ""C12"": 0, ""C13"": 0, ""C14"": 0, ""C15"": 0, ""C16"": 0, ""C17"": 0, ""C18"": 0, ""C19"": 0, ""C20"": 0}","{""C01"": 0.02524752012953166, ""C02"": 0.02524752012953166, ""C03"": 0.02524752012953166, ""C04"": 0.02524752012953166, ""C05"": 0.02524752012953166, ""C06"": 0.02428505000367818, ""C07"": 0.02524752012953166, ""C08"": 0.02524752012953166, ""C09"": 0.02524752012953166, ""C10"": 0.02524752012953166, ""C11"": 0.02524752012953166, ""C12"": 0.02524752012953166, ""C13"": 0.02524752012953166, ""C14"": 0.02524752012953166, ""C15"": 0.02524752012953166, ""C16"": 0.02524752012953166, ""C17"": 0.02524752012953166, ""C18"": 0.02524752012953166, ""C19"": 0.02524752012953166, ""C20"": 0.02524752012953166}"
36,36,1,590,3.365707,20,"{""C01"": 1.700929, ""C02"": 1.878105, ""C03"": 1.767591, ""C04"": 1.76844, ""C05"": 1.510462, ""C06"": 1.95993, ""C07"": 1.787797, ""C08"": 1.756245, ""C09"": 1.788001, ""C10"": 1.596961, ""C11"": 1.560628, ""C12"": 1.880143, ""C13"": 1.750154, ""C14"": 1.745324, ""C15"": 1.89806, ""C16"": 1.638144, ""C17"": 1.814811, ""C18"": 1.806464, ""C19"": 1.909157, ""C20"": 1.596279}","{""C01"": 0, ""C02"": 0, ""C03"": 0, ""C04"": 0, ""C05"": 0, ""C06"": 1663, ""C07"": 0, ""C08"": 0, ""C09"": 0, ""C10"": 0, ""C11"": 0, ""C12"": 0, ""C13"": 0, ""C14"": 0, ""C15"": 0, ""C16"": 0, ""C17"": 0, ""C18"": 0, ""C19"": 0, ""C20"": 0}","{""C01"": 0.0252473064207666, ""C02"": 0.0252473064207666, ""C03"": 0.0252473064207666, ""C04"": 0.0252473064207666, ""C05"": 0.0252473064207666, ""C06"": 0.024284254568271067, ""C07"": 0.0252473064207666, ""C08"": 0.0252473064207666, ""C09"": 0.0252473064207666, ""C10"": 0.0252473064207666, ""C11"": 0.0252473064207666, ""C12"": 0.0252473064207666, ""C13"": 0.0252473064207666, ""C14"": 0.0252473064207666, ""C15"": 0.0252473064207666, ""C16"": 0.0252473064207666, ""C17"": 0.0252473064207666, ""C18"": 0.0252473064207666, ""C19"": 0.0252473064207666, ""C20"": 0.0252473064207666}"
37,37,1,903,5.190267,20,"{""C01"": 1.71168, ""C02"": 1.900769, ""C03"": 1.79085, ""C04"": 1.817911, ""C05"": 1.537504, ""C06"": 1.987752, ""C07"": 1.807324, ""C08"": 1.727081, ""C09"": 1.793827, ""C10"": 1.610934, ""C11"": 1.570022, ""C12"": 1.834573, ""C13"": 1.739703, ""C14"": 1.7382, ""C15"": 1.869675, ""C16"": 1.58125, ""C17"": 1.795841, ""C18"": 1.818454, ""C19"": 1.955791, ""C20"": 1.599574}","{""C01"": 0, ""C02"": 0, ""C03"": 0, ""C04"": 0, ""C05"": 0, ""C06"": 1655, ""C07"": 0, ""C08"": 0, ""C09"": 0, ""C10"": 0, ""C11"": 0, ""C12"": 0, ""C13"": 0, ""C14"": 0, ""C15"": 0, ""C16"": 0, ""C17"": 0, ""C18"": 0, ""C19"": 0, ""C20"": 0}","{""C01"": 0.025256290800913073, ""C02"": 0.025256290800913073, ""C03"": 0.025256290800913073, ""C04"": 0.025256290800913073, ""C05"": 0.025256290800913073, ""C06"": 0.024297874788136428, ""C07"": 0.025256290800913073, ""C08"": 0.025256290800913073, ""C09"": 0.025256290800913073, ""C10"": 0.025256290800913073, ""C11"": 0.025256290800913073, ""C12"": 0.025256290800913073, ""C13"": 0.025256290800913073, ""C14"": 0.025256290800913073, ""C15"": 0.025256290800913073, ""C16"": 0.025256290800913073, ""C17"": 0.025256290800913073, ""C18"": 0.025256290800913073, ""C19"": 0.025256290800913073, ""C20"": 0.025256290800913073}"
38,38,1,735,4.250628,20,"{""C01"": 1.705001, ""C02"": 1.895972, ""C03"": 1.812209, ""C04"": 1.786263, ""C05"": 1.552153, ""C06"": 1.984426, ""C07"": 1.824611, ""C08"": 1.770459, ""C09"": 1.78856, ""C10"": 1.61732, ""C11"": 1.58389, ""C12"": 1.858923, ""C13"": 1.761156, ""C14"": 1.73115, ""C15"": 1.899076, ""C16"": 1.603174, ""C17"": 1.815307, ""C18"": 1.826606, ""C19"": 1.934137, ""C20"": 1.570884}","{""C01"": 0, ""C02"": 0, ""C03"": 0, ""C04"": 0, ""C05"": 0, ""C06"": 1656, ""C07"": 0, ""C08"": 0, ""C09"": 0, ""C10"": 0, ""C11"": 0, ""C12"": 0, ""C13"": 0, ""C14"": 0, ""C15"": 0, ""C16"": 0, ""C17"": 0, ""C18"": 0, ""C19"": 0, ""C20"": 0}","{""C01"": 0.025255255515464037, ""C02"": 0.025255255515464037, ""C03"": 0.025255255515464037, ""C04"": 0.025255255515464037, ""C05"": 0.025255255515464037, ""C06"": 0.024296259803931578, ""C07"": 0.025255255515464037, ""C08"": 0.025255255515464037, ""C09"": 0.025255255515464037, ""C10"": 0.025255255515464037, ""C11"": 0.025255255515464037, ""C12"": 0.025255255515464037, ""C13"": 0.025255255515464037, ""C14"": 0.025255255515464037, ""C15"": 0.025255255515464037, ""C16"": 0.025255255515464037, ""C17"": 0.025255255515464037, ""C18"": 0.025255255515464037, ""C19"": 0.025255255515464037, ""C20"": 0.025255255515464037}"
39,39,1,479,2.761043,20,"{""C01"": 1.738213, ""C02"": 1.900793, ""C03"": 1.78398, ""C04"": 1.782784, ""C05"": 1.500052, ""C06"": 1.969615, ""C07"": 1.802622, ""C08"": 1.745714, ""C09"": 1.785082, ""C10"": 1.620148, ""C11"": 1.555617, ""C12"": 1.850077, ""C13"": 1.787942, ""C14"": 1.736669, ""C15"": 1.914246, ""C16"": 1.595065, ""C17"": 1.837951, ""C18"": 1.816371, ""C19"": 1.899309, ""C20"": 1.608743}","{""C01"": 0, ""C02"": 0, ""C03"": 0, ""C04"": 0, ""C05"": 0, ""C06"": 1660, ""C07"": 0, ""C08"": 0, ""C09"": 0, ""C10"": 0, ""C11"": 0, ""C12"": 0, ""C13"": 0, ""C14"": 0, ""C15"": 0, ""C16"": 0, ""C17"": 0, ""C18"": 0, ""C19"": 0, ""C20"": 0}","{""C01"": 0.025250337065458428, ""C02"": 0.025250337065458428, ""C03"": 0.025250337065458428, ""C04"": 0.025250337065458428, ""C05"": 0.025250337065458428, ""C06"": 0.024289024488501523, ""C07"": 0.025250337065458428, ""C08"": 0.025250337065458428, ""C09"": 0.025250337065458428, ""C10"": 0.025250337065458428, ""C11"": 0.025250337065458428, ""C12"": 0.025250337065458428, ""C13"": 0.025250337065458428, ""C14"": 0.025250337065458428, ""C15"": 0.025250337065458428, ""C16"": 0.025250337065458428, ""C17"": 0.025250337065458428, ""C18"": 0.025250337065458428, ""C19"": 0.025250337065458428, ""C20"": 0.025250337065458428}"
40,40,1,466,2.670380,20,"{""C01"": 1.703411, ""C02"": 1.919713, ""C03"": 1.790015, ""C04"": 1.796319, ""C05"": 1.52851, ""C06"": 1.983019, ""C07"": 1.804555, ""C08"": 1.779168, ""C09"": 1.802435, ""C10"": 1.581551, ""C11"": 1.571961, ""C12"": 1.868895, ""C13"": 1.788254, ""C14"": 1.759651, ""C15"": 1.911775, ""C16"": 1.595029, ""C17"": 1.773934, ""C18"": 1.843832, ""C19"": 1.910694, ""C20"": 1.615325}","{""C01"": 0, ""C02"": 0, ""C03"": 0, ""C04"": 0, ""C05"": 0, ""C06"": 1657, ""C07"": 0, ""C08"": 0, ""C09"": 0, ""C10"": 0, ""C11"": 0, ""C12"": 0, ""C13"": 0, ""C14"": 0, ""C15"": 0, ""C16"": 0, ""C17"": 0, ""C18"": 0, ""C19"": 0, ""C20"": 0}","{""C01"": 0.02525515338088849, ""C02"": 0.02525515338088849, ""C03"": 0.02525515338088849, ""C04"": 0.02525515338088849, ""C05"": 0.02525515338088849, ""C06"": 0.02429557565696993, ""C07"": 0.02525515338088849, ""C08"": 0.02525515338088849, ""C09"": 0.02525515338088849, ""C10"": 0.02525515338088849, ""C11"": 0.02525515338088849, ""C12"": 0.02525515338088849, ""C13"": 0.02525515338088849, ""C14"": 0.02525515338088849, ""C15"": 0.02525515338088849, ""C16"": 0.02525515338088849, ""C17"": 0.02525515338088849, ""C18"": 0.02525515338088849, ""C19"": 0.02525515338088849, ""C20"": 0.02525515338088849}"
41,41,1,884,5.070061,20,"{""C01"": 1.675569, ""C02"": 1.872226, ""C03"": 1.7977, ""C04"": 1.80512, ""C05"": 1.536266, ""C06"": 1.971659, ""C07"": 1.772554, ""C08"": 1.74027, ""C09"": 1.785599, ""C10"": 1.571072, ""C11"": 1.523016, ""C12"": 1.846876, ""C13"": 1.744462, ""C14"": 1.774979, ""C15"": 1.896286, ""C16"": 1.584123, ""C17"": 1.811654, ""C18"": 1.822284, ""C19"": 1.940826, ""C20"": 1.57174}","{""C01"": 0, ""C02"": 0, ""C03"": 0, ""C04"": 0, ""C05"": 0, ""C06"": 1660, ""C07"": 0, ""C08"": 0, ""C09"": 0, ""C10"": 0, ""C11"": 0, ""C12"": 0, ""C13"": 0, ""C14"": 0, ""C15"": 0, ""C16"": 0, ""C17"": 0, ""C18"": 0, ""C19"": 0, ""C20"": 0}","{""C01"": 0.02525134242389826, ""C02"": 0.02525134242389826, ""C03"": 0.02525134242389826, ""C04"": 0.02525134242389826, ""C05"": 0.02525134242389826, ""C06"": 0.024290027358604527, ""C07"": 0.02525134242389826, ""C08"": 0.02525134242389826, ""C09"": 0.02525134242389826, ""C10"": 0.02525134242389826, ""C11"": 0.02525134242389826, ""C12"": 0.02525134242389826, ""C13"": 0.02525134242389826, ""C14"": 0.02525134242389826, ""C15"": 0.02525134242389826, ""C16"": 0.02525134242389826, ""C17"": 0.02525134242389826, ""C18"": 0.02525134242389826, ""C19"": 0.02525134242389826, ""C20"": 0.02525134242389826}"
42,42,1,723,4.165636,20,"{""C01"": 1.717166, ""C02"": 1.911664, ""C03"": 1.783164, ""C04"": 1.795546, ""C05"": 1.485314, ""C06"": 1.953968, ""C07"": 1.771118, ""C08"": 1.778148, ""C09"": 1.784772, ""C10"": 1.570438, ""C11"": 1.556679, ""C12"": 1.878467, ""C13"": 1.768755, ""C14"": 1.761511, ""C15"": 1.904168, ""C16"": 1.594907, ""C17"": 1.7892, ""C18"": 1.788238, ""C19"": 1.897145, ""C20"": 1.58565}","{""C01"": 0, ""C02"": 0, ""C03"": 0, ""C04"": 0, ""C05"": 0, ""C06"": 1664, ""C07"": 0, ""C08"": 0, ""C09"": 0, ""C10"": 0, ""C11"": 0, ""C12"": 0, ""C13"": 0, ""C14"": 0, ""C15"": 0, ""C16"": 0, ""C17"": 0, ""C18"": 0, ""C19"": 0, ""C20"": 0}","{""C01"": 0.025244930829747034, ""C02"": 0.025244930829747034, ""C03"": 0.025244930829747034, ""C04"": 0.025244930829747034, ""C05"": 0.025244930829747034, ""C06"": 0.024281302590517927, ""C07"": 0.025244930829747034, ""C08"": 0.025244930829747034, ""C09"": 0.025244930829747034, ""C10"": 0.025244930829747034, ""C11"": 0.025244930829747034, ""C12"": 0.025244930829747034, ""C13"": 0.025244930829747034, ""C14"": 0.025244930829747034, ""C15"": 0.025244930829747034, ""C16"": 0.025244930829747034, ""C17"": 0.025244930829747034, ""C18"": 0.025244930829747034, ""C19"": 0.025244930829747034, ""C20"": 0.025244930829747034}"
43,43,1,526,3.034974,20,"{""C01"": 1.671734, ""C02"": 1.888934, ""C03"": 1.785837, ""C04"": 1.773429, ""C05"": 1.506113, ""C06"": 1.957878, ""C07"": 1.805415, ""C08"": 1.763888, ""C09"": 1.782231, ""C10"": 1.582483, ""C11"": 1.583754, ""C12"": 1.880473, ""C13"": 1.791776, ""C14"": 1.722502, ""C15"": 1.901495, ""C16"": 1.573962, ""C17"": 1.77197, ""C18"": 1.8115, ""C19"": 1.876686, ""C20"": 1.580313}","{""C01"": 0, ""C02"": 0, ""C03"": 0, ""C04"": 0, ""C05"": 0, ""C06"": 1663, ""C07"": 0, ""C08"": 0, ""C09"": 0, ""C10"": 0, ""C11"": 0, ""C12"": 0, ""C13"": 0, ""C14"": 0, ""C15"": 0, ""C16"": 0, ""C17"": 0, ""C18"": 0, ""C19"": 0, ""C20"": 0}","{""C01"": 0.02524628914210504, ""C02"": 0.02524628914210504, ""C03"": 0.02524628914210504, ""C04"": 0.02524628914210504, ""C05"": 0.02524628914210504, ""C06"": 0.024283239802446323, ""C07"": 0.02524628914210504, ""C08"": 0.02524628914210504, ""C09"": 0.02524628914210504, ""C10"": 0.02524628914210504, ""C11"": 0.02524628914210504, ""C12"": 0.02524628914210504, ""C13"": 0.02524628914210504, ""C14"": 0.02524628914210504, ""C15"": 0.02524628914210504, ""C16"": 0.02524628914210504, ""C17"": 0.02524628914210504, ""C18"": 0.02524628914210504, ""C19"": 0.02524628914210504, ""C20"": 0.02524628914210504}"
44,44,1,462,2.643611,20,"{""C01"": 1.71894, ""C02"": 1.900956, ""C03"": 1.780886, ""C04"": 1.7826, ""C05"": 1.499679, ""C06"": 1.991172, ""C07"": 1.783993, ""C08"": 1.759301, ""C09"": 1.78319, ""C10"": 1.564091, ""C11"": 1.534068, ""C12"": 1.870181, ""C13"": 1.750496, ""C14"": 1.752537, ""C15"": 1.854302, ""C16"": 1.57188, ""C17"": 1.809056, ""C18"": 1.815799, ""C19"": 1.924015, ""C20"": 1.58215}","{""C01"": 0, ""C02"": 0, ""C03"": 0, ""C04"": 0, ""C05"": 0, ""C06"": 1654, ""C07"": 0, ""C08"": 0, ""C09"": 0, ""C10"": 0, ""C11"": 0, ""C12"": 0, ""C13"": 0, ""C14"": 0, ""C15"": 0, ""C16"": 0, ""C17"": 0, ""C18"": 0, ""C19"": 0, ""C20"": 0}","{""C01"": 0.025257368138401626, ""C02"": 0.025257368138401626, ""C03"": 0.025257368138401626, ""C04"": 0.025257368138401626, ""C05"": 0.025257368138401626, ""C06"": 0.0242995317204643, ""C07"": 0.025257368138401626, ""C08"": 0.025257368138401626, ""C09"": 0.025257368138401626, ""C10"": 0.025257368138401626, ""C11"": 0.025257368138401626, ""C12"": 0.025257368138401626, ""C13"": 0.025257368138401626, ""C14"": 0.025257368138401626, ""C15"": 0.025257368138401626, ""C16"": 0.025257368138401626, ""C17"": 0.025257368138401626, ""C18"": 0.025257368138401626, ""C19"": 0.025257368138401626, ""C20"": 0.025257368138401626}"
45,45,1,409,2.321676,20,"{""C01"": 1.694716, ""C02"": 1.872153, ""C03"": 1.790962, ""C04"": 1.786554, ""C05"": 1.511657, ""C06"": 1.960646, ""C07"": 1.768724, ""C08"": 1.704671, ""C09"": 1.743322, ""C10"": 1.530375, ""C11"": 1.574203, ""C12"": 1.8543, ""C13"": 1.73683, ""C14"": 1.755343, ""C15"": 1.876432, ""C16"": 1.576305, ""C17"": 1.791718, ""C18"": 1.775259, ""C19"": 1.88073, ""C20"": 1.563528}","{""C01"": 0, ""C02"": 0, ""C03"": 0, ""C04"": 0, ""C05"": 0, ""C06"": 1663, ""C07"": 0, ""C08"": 0, ""C09"": 0, ""C10"": 0, ""C11"": 0, ""C12"": 0, ""C13"": 0, ""C14"": 0, ""C15"": 0, ""C16"": 0, ""C17"": 0, ""C18"": 0, ""C19"": 0, ""C20"": 0}","{""C01"": 0.025247661012227543, ""C02"": 0.025247661012227543, ""C03"": 0.025247661012227543, ""C04"": 0.025247661012227543, ""C05"": 0.025247661012227543, ""C06"": 0.024284608283807678, ""C07"": 0.025247661012227543, ""C08"": 0.025247661012227543, ""C09"": 0.025247661012227543, ""C10"": 0.025247661012227543, ""C11"": 0.025247661012227543, ""C12"": 0.025247661012227543, ""C13"": 0.025247661012227543, ""C14"": 0.025247661012227543, ""C15"": 0.025247661012227543, ""C16"": 0.025247661012227543, ""C17"": 0.025247661012227543, ""C18"": 0.025247661012227543, ""C19"": 0.025247661012227543, ""C20"": 0.025247661012227543}"
46,46,1,803,4.452179,20,"{""C01"": 1.680527, ""C02"": 1.88009, ""C03"": 1.762162, ""C04"": 1.768525, ""C05"": 1.514477, ""C06"": 1.953861, ""C07"": 1.775607, ""C08"": 1.733517, ""C09"": 1.786542, ""C10"": 1.551538, ""C11"": 1.580104, ""C12"": 1.845071, ""C13"": 1.756758, ""C14"": 1.695899, ""C15"": 1.877748, ""C16"": 1.576741, ""C17"": 1.799281, ""C18"": 1.796438, ""C19"": 1.913481, ""C20"": 1.56436}","{""C01"": 0, ""C02"": 0, ""C03"": 0, ""C04"": 0, ""C05"": 0, ""C06"": 1664, ""C07"": 0, ""C08"": 0, ""C09"": 0, ""C10"": 0, ""C11"": 0, ""C12"": 0, ""C13"": 0, ""C14"": 0, ""C15"": 0, ""C16"": 0, ""C17"": 0, ""C18"": 0, ""C19"": 0, ""C20"": 0}","{""C01"": 0.025244877601554347, ""C02"": 0.025244877601554347, ""C03"": 0.025244877601554347, ""C04"": 0.025244877601554347, ""C05"": 0.025244877601554347, ""C06"": 0.02428124949371672, ""C07"": 0.025244877601554347, ""C08"": 0.025244877601554347, ""C09"": 0.025244877601554347, ""C10"": 0.025244877601554347, ""C11"": 0.025244877601554347, ""C12"": 0.025244877601554347, ""C13"": 0.025244877601554347, ""C14"": 0.025244877601554347, ""C15"": 0.025244877601554347, ""C16"": 0.025244877601554347, ""C17"": 0.025244877601554347, ""C18"": 0.025244877601554347, ""C19"": 0.025244877601554347, ""C20"": 0.025244877601554347}"
47,47,1,658,3.681852,20,"{""C01"": 1.685796, ""C02"": 1.873354, ""C03"": 1.742727, ""C04"": 1.754105, ""C05"": 1.478213, ""C06"": 1.91212, ""C07"": 1.752828, ""C08"": 1.729275, ""C09"": 1.725622, ""C10"": 1.520413, ""C11"": 1.524601, ""C12"": 1.828422, ""C13"": 1.768148, ""C14"": 1.732762, ""C15"": 1.831594, ""C16"": 1.573833, ""C17"": 1.803972, ""C18"": 1.751928, ""C19"": 1.876273, ""C20"": 1.577802}","{""C01"": 0, ""C02"": 0, ""C03"": 0, ""C04"": 0, ""C05"": 0, ""C06"": 1676, ""C07"": 0, ""C08"": 0, ""C09"": 0, ""C10"": 0, ""C11"": 0, ""C12"": 0, ""C13"": 0, ""C14"": 0, ""C15"": 0, ""C16"": 0, ""C17"": 0, ""C18"": 0, ""C19"": 0, ""C20"": 0}","{""C01"": 0.025230825471106014, ""C02"": 0.025230825471106014, ""C03"": 0.025230825471106014, ""C04"": 0.025230825471106014, ""C05"": 0.025230825471106014, ""C06"": 0.024260245025827257, ""C07"": 0.025230825471106014, ""C08"": 0.025230825471106014, ""C09"": 0.025230825471106014, ""C10"": 0.025230825471106014, ""C11"": 0.025230825471106014, ""C12"": 0.025230825471106014, ""C13"": 0.025230825471106014, ""C14"": 0.025230825471106014, ""C15"": 0.025230825471106014, ""C16"": 0.025230825471106014, ""C17"": 0.025230825471106014, ""C18"": 0.025230825471106014, ""C19"": 0.025230825471106014, ""C20"": 0.025230825471106014}"
48,48,1,447,2.506440,20,"{""C01"": 1.661723, ""C02"": 1.874847, ""C03"": 1.705015, ""C04"": 1.753239, ""C05"": 1.481072, ""C06"": 1.955323, ""C07"": 1.759276, ""C08"": 1.706316, ""C09"": 1.734806, ""C10"": 1.567086, ""C11"": 1.530482, ""C12"": 1.818985, ""C13"": 1.737071, ""C14"": 1.729473, ""C15"": 1.885901, ""C16"": 1.52338, ""C17"": 1.777571, ""C18"": 1.750913, ""C19"": 1.878021, ""C20"": 1.564957}","{""C01"": 0, ""C02"": 0, ""C03"": 0, ""C04"": 0, ""C05"": 0, ""C06"": 1664, ""C07"": 0, ""C08"": 0, ""C09"": 0, ""C10"": 0, ""C11"": 0, ""C12"": 0, ""C13"": 0, ""C14"": 0, ""C15"": 0, ""C16"": 0, ""C17"": 0, ""C18"": 0, ""C19"": 0, ""C20"": 0}","{""C01"": 0.025245604520206244, ""C02"": 0.025245604520206244, ""C03"": 0.025245604520206244, ""C04"": 0.025245604520206244, ""C05"": 0.025245604520206244, ""C06"": 0.024281974617973195, ""C07"": 0.025245604520206244, ""C08"": 0.025245604520206244, ""C09"": 0.025245604520206244, ""C10"": 0.025245604520206244, ""C11"": 0.025245604520206244, ""C12"": 0.025245604520206244, ""C13"": 0.025245604520206244, ""C14"": 0.025245604520206244, ""C15"": 0.025245604520206244, ""C16"": 0.025245604520206244, ""C17"": 0.025245604520206244, ""C18"": 0.025245604520206244, ""C19"": 0.025245604520206244, ""C20"": 0.025245604520206244}"
49,49,1,552,3.108010,20,"{""C01"": 1.635664, ""C02"": 1.869475, ""C03"": 1.753071, ""C04"": 1.726215, ""C05"": 1.501005, ""C06"": 1.933856, ""C07"": 1.703745, ""C08"": 1.723644, ""C09"": 1.758069, ""C10"": 1.525822, ""C11"": 1.506324, ""C12"": 1.835608, ""C13"": 1.739696, ""C14"": 1.709574, ""C15"": 1.862019, ""C16"": 1.537698, ""C17"": 1.755915, ""C18"": 1.788797, ""C19"": 1.880812, ""C20"": 1.566892}","{""C01"": 0, ""C02"": 0, ""C03"": 0, ""C04"": 0, ""C05"": 0, ""C06"": 1670, ""C07"": 0, ""C08"": 0, ""C09"": 0, ""C10"": 0, ""C11"": 0, ""C12"": 0, ""C13"": 0, ""C14"": 0, ""C15"": 0, ""C16"": 0, ""C17"": 0, ""C18"": 0, ""C19"": 0, ""C20"": 0}","{""C01"": 0.025238362768258638, ""C02"": 0.025238362768258638, ""C03"": 0.025238362768258638, ""C04"": 0.025238362768258638, ""C05"": 0.025238362768258638, ""C06"": 0.02427125723231335, ""C07"": 0.025238362768258638, ""C08"": 0.025238362768258638, ""C09"": 0.025238362768258638, ""C10"": 0.025238362768258638, ""C11"": 0.025238362768258638, ""C12"": 0.025238362768258638, ""C13"": 0.025238362768258638, ""C14"": 0.025238362768258638, ""C15"": 0.025238362768258638, ""C16"": 0.025238362768258638, ""C17"": 0.025238362768258638, ""C18"": 0.025238362768258638, ""C19"": 0.025238362768258638, ""C20"": 0.025238362768258638}"
50,50,1,904,6.514501,20,"{""C01"": 1.694825, ""C02"": 1.85648, ""C03"": 1.701256, ""C04"": 1.725962, ""C05"": 1.478637, ""C06"": 1.907835, ""C07"": 1.686648, ""C08"": 1.697329, ""C09"": 1.77295, ""C10"": 1.537965, ""C11"": 1.522565, ""C12"": 1.815942, ""C13"": 1.706914, ""C14"": 1.698161, ""C15"": 1.799417, ""C16"": 1.585992, ""C17"": 1.758744, ""C18"": 1.752735, ""C19"": 1.87952, ""C20"": 1.525077}","{""C01"": 0, ""C02"": 0, ""C03"": 0, ""C04"": 0, ""C05"": 0, ""C06"": 1677, ""C07"": 0, ""C08"": 0, ""C09"": 0, ""C10"": 0, ""C11"": 0, ""C12"": 0, ""C13"": 0, ""C14"": 0, ""C15"": 0, ""C16"": 0, ""C17"": 0, ""C18"": 0, ""C19"": 0, ""C20"": 0}","{""C01"": 0.025229213368062456, ""C02"": 0.025229213368062456, ""C03"": 0.025229213368062456, ""C04"": 0.025229213368062456, ""C05"": 0.025229213368062456, ""C06"": 0.02425805464179645, ""C07"": 0.025229213368062456, ""C08"": 0.025229213368062456, ""C09"": 0.025229213368062456, ""C10"": 0.025229213368062456, ""C11"": 0.025229213368062456, ""C12"": 0.025229213368062456, ""C13"": 0.025229213368062456, ""C14"": 0.025229213368062456, ""C15"": 0.025229213368062456, ""C16"": 0.025229213368062456, ""C17"": 0.025229213368062456, ""C18"": 0.025229213368062456, ""C19"": 0.025229213368062456, ""C20"": 0.025229213368062456}"
51,51,1,797,7.009073,20,"{""C01"": 1.66024, ""C02"": 1.839077, ""C03"": 1.715762, ""C04"": 1.722336, ""C05"": 1.47967, ""C06"": 1.917295, ""C07"": 1.719787, ""C08"": 1.710159, ""C09"": 1.732184, ""C10"": 1.501604, ""C11"": 1.512797, ""C12"": 1.822374, ""C13"": 1.723489, ""C14"": 1.679514, ""C15"": 1.876007, ""C16"": 1.497611, ""C17"": 1.776207, ""C18"": 1.742059, ""C19"": 1.845763, ""C20"": 1.542508}","{""C01"": 0, ""C02"": 0, ""C03"": 0, ""C04"": 0, ""C05"": 0, ""C06"": 1674, ""C07"": 0, ""C08"": 0, ""C09"": 0, ""C10"": 0, ""C11"": 0, ""C12"": 0, ""C13"": 0, ""C14"": 0, ""C15"": 0, ""C16"": 0, ""C17"": 0, ""C18"": 0, ""C19"": 0, ""C20"": 0}","{""C01"": 0.02523230116980496, ""C02"": 0.02523230116980496, ""C03"": 0.02523230116980496, ""C04"": 0.02523230116980496, ""C05"": 0.02523230116980496, ""C06"": 0.024262881570663426, ""C07"": 0.02523230116980496, ""C08"": 0.02523230116980496, ""C09"": 0.02523230116980496, ""C10"": 0.02523230116980496, ""C11"": 0.02523230116980496, ""C12"": 0.02523230116980496, ""C13"": 0.02523230116980496, ""C14"": 0.02523230116980496, ""C15"": 0.02523230116980496, ""C16"": 0.02523230116980496, ""C17"": 0.02523230116980496, ""C18"": 0.02523230116980496, ""C19"": 0.02523230116980496, ""C20"": 0.02523230116980496}"
52,52,1,350,1.987160,20,"{""C01"": 1.670329, ""C02"": 1.830535, ""C03"": 1.720971, ""C04"": 1.717784, ""C05"": 1.471601, ""C06"": 1.931918, ""C07"": 1.734966, ""C08"": 1.696657, ""C09"": 1.730074, ""C10"": 1.476379, ""C11"": 1.476569, ""C12"": 1.818423, ""C13"": 1.713749, ""C14"": 1.681629, ""C15"": 1.820158, ""C16"": 1.500367, ""C17"": 1.745009, ""C18"": 1.759318, ""C19"": 1.84569, ""C20"": 1.537131}","{""C01"": 0, ""C02"": 0, ""C03"": 0, ""C04"": 0, ""C05"": 0, ""C06"": 1670, ""C07"": 0, ""C08"": 0, ""C09"": 0, ""C10"": 0, ""C11"": 0, ""C12"": 0, ""C13"": 0, ""C14"": 0, ""C15"": 0, ""C16"": 0, ""C17"": 0, ""C18"": 0, ""C19"": 0, ""C20"": 0}","{""C01"": 0.025237384974393387, ""C02"": 0.025237384974393387, ""C03"": 0.025237384974393387, ""C04"": 0.025237384974393387, ""C05"": 0.025237384974393387, ""C06"": 0.02427028184265356, ""C07"": 0.025237384974393387, ""C08"": 0.025237384974393387, ""C09"": 0.025237384974393387, ""C10"": 0.025237384974393387, ""C11"": 0.025237384974393387, ""C12"": 0.025237384974393387, ""C13"": 0.025237384974393387, ""C14"": 0.025237384974393387, ""C15"": 0.025237384974393387, ""C16"": 0.025237384974393387, ""C17"": 0.025237384974393387, ""C18"": 0.025237384974393387, ""C19"": 0.025237384974393387, ""C20"": 0.025237384974393387}"
53,53,1,333,1.885365,20,"{""C01"": 1.647102, ""C02"": 1.851977, ""C03"": 1.70064, ""C04"": 1.695857, ""C05"": 1.44761, ""C06"": 1.89371, ""C07"": 1.747298, ""C08"": 1.681187, ""C09"": 1.743728, ""C10"": 1.5172, ""C11"": 1.476431, ""C12"": 1.78979, ""C13"": 1.725101, ""C14"": 1.683306, ""C15"": 1.820931, ""C16"": 1.501411, ""C17"": 1.782662, ""C18"": 1.759389, ""C19"": 1.891584, ""C20"": 1.50501}","{""C01"": 0, ""C02"": 0, ""C03"": 0, ""C04"": 0, ""C05"": 0, ""C06"": 859, ""C07"": 0, ""C08"": 0, ""C09"": 0, ""C10"": 0, ""C11"": 0, ""C12"": 0, ""C13"": 0, ""C14"": 0, ""C15"": 0, ""C16"": 0, ""C17"": 0, ""C18"": 0, ""C19"": 823, ""C20"": 0}","{""C01"": 0.02522430831661998, ""C02"": 0.02522430831661998, ""C03"": 0.02522430831661998, ""C04"": 0.02522430831661998, ""C05"": 0.02522430831661998, ""C06"": 0.024726867592524022, ""C07"": 0.02522430831661998, ""C08"": 0.02522430831661998, ""C09"": 0.02522430831661998, ""C10"": 0.02522430831661998, ""C11"": 0.02522430831661998, ""C12"": 0.02522430831661998, ""C13"": 0.02522430831661998, ""C14"": 0.02522430831661998, ""C15"": 0.02522430831661998, ""C16"": 0.02522430831661998, ""C17"": 0.02522430831661998, ""C18"": 0.02522430831661998, ""C19"": 0.024747710226852446, ""C20"": 0.02522430831661998}"
54,54,1,858,4.792258,20,"{""C01"": 1.650278, ""C02"": 1.837892, ""C03"": 1.750132, ""C04"": 1.728179, ""C05"": 1.445201, ""C06"": 1.90071, ""C07"": 1.71254, ""C08"": 1.658811, ""C09"": 1.716465, ""C10"": 1.474019, ""C11"": 1.48998, ""C12"": 1.78767, ""C13"": 1.662982, ""C14"": 1.68715, ""C15"": 1.784536, ""C16"": 1.505752, ""C17"": 1.730361, ""C18"": 1.776291, ""C19"": 1.866974, ""C20"": 1.51151}","{""C01"": 0, ""C02"": 0, ""C03"": 0, ""C04"": 0, ""C05"": 0, ""C06"": 1679, ""C07"": 0, ""C08"": 0, ""C09"": 0, ""C10"": 0, ""C11"": 0, ""C12"": 0, ""C13"": 0, ""C14"": 0, ""C15"": 0, ""C16"": 0, ""C17"": 0, ""C18"": 0, ""C19"": 0, ""C20"": 0}","{""C01"": 0.02522671530064141, ""C02"": 0.02522671530064141, ""C03"": 0.02522671530064141, ""C04"": 0.02522671530064141, ""C05"": 0.02522671530064141, ""C06"": 0.024254398233584697, ""C07"": 0.02522671530064141, ""C08"": 0.02522671530064141, ""C09"": 0.02522671530064141, ""C10"": 0.02522671530064141, ""C11"": 0.02522671530064141, ""C12"": 0.02522671530064141, ""C13"": 0.02522671530064141, ""C14"": 0.02522671530064141, ""C15"": 0.02522671530064141, ""C16"": 0.02522671530064141, ""C17"": 0.02522671530064141, ""C18"": 0.02522671530064141, ""C19"": 0.02522671530064141, ""C20"": 0.02522671530064141}"
55,55,1,464,2.635799,20,"{""C01"": 1.654548, ""C02"": 1.820876, ""C03"": 1.687835, ""C04"": 1.715612, ""C05"": 1.438163, ""C06"": 1.927053, ""C07"": 1.744455, ""C08"": 1.705418, ""C09"": 1.742852, ""C10"": 1.486236, ""C11"": 1.495027, ""C12"": 1.803545, ""C13"": 1.660717, ""C14"": 1.713481, ""C15"": 1.809866, ""C16"": 1.513791, ""C17"": 1.742831, ""C18"": 1.762519, ""C19"": 1.861448, ""C20"": 1.532698}","{""C01"": 0, ""C02"": 0, ""C03"": 0, ""C04"": 0, ""C05"": 0, ""C06"": 1672, ""C07"": 0, ""C08"": 0, ""C09"": 0, ""C10"": 0, ""C11"": 0, ""C12"": 0, ""C13"": 0, ""C14"": 0, ""C15"": 0, ""C16"": 0, ""C17"": 0, ""C18"": 0, ""C19"": 0, ""C20"": 0}","{""C01"": 0.02523609260445532, ""C02"": 0.02523609260445532, ""C03"": 0.02523609260445532, ""C04"": 0.02523609260445532, ""C05"": 0.02523609260445532, ""C06"": 0.024267828171044826, ""C07"": 0.02523609260445532, ""C08"": 0.02523609260445532, ""C09"": 0.02523609260445532, ""C10"": 0.02523609260445532, ""C11"": 0.02523609260445532, ""C12"": 0.02523609260445532, ""C13"": 0.02523609260445532, ""C14"": 0.02523609260445532, ""C15"": 0.02523609260445532, ""C16"": 0.02523609260445532, ""C17"": 0.02523609260445532, ""C18"": 0.02523609260445532, ""C19"": 0.02523609260445532, ""C20"": 0.02523609260445532}"
56,56,1,938,5.353604,20,"{""C01"": 1.642584, ""C02"": 1.869652, ""C03"": 1.724878, ""C04"": 1.709172, ""C05"": 1.443966, ""C06"": 1.906413, ""C07"": 1.731592, ""C08"": 1.685726, ""C09"": 1.742887, ""C10"": 1.503325, ""C11"": 1.483852, ""C12"": 1.799932, ""C13"": 1.672745, ""C14"": 1.718278, ""C15"": 1.83461, ""C16"": 1.508267, ""C17"": 1.737818, ""C18"": 1.733583, ""C19"": 1.874005, ""C20"": 1.514507}","{""C01"": 0, ""C02"": 0, ""C03"": 0, ""C04"": 0, ""C05"": 0, ""C06"": 1677, ""C07"": 0, ""C08"": 0, ""C09"": 0, ""C10"": 0, ""C11"": 0, ""C12"": 0, ""C13"": 0, ""C14"": 0, ""C15"": 0, ""C16"": 0, ""C17"": 0, ""C18"": 0, ""C19"": 0, ""C20"": 0}","{""C01"": 0.025228483142257674, ""C02"": 0.025228483142257674, ""C03"": 0.025228483142257674, ""C04"": 0.025228483142257674, ""C05"": 0.025228483142257674, ""C06"": 0.024257326203247512, ""C07"": 0.025228483142257674, ""C08"": 0.025228483142257674, ""C09"": 0.025228483142257674, ""C10"": 0.025228483142257674, ""C11"": 0.025228483142257674, ""C12"": 0.025228483142257674, ""C13"": 0.025228483142257674, ""C14"": 0.025228483142257674, ""C15"": 0.025228483142257674, ""C16"": 0.025228483142257674, ""C17"": 0.025228483142257674, ""C18"": 0.025228483142257674, ""C19"": 0.025228483142257674, ""C20"": 0.025228483142257674}"
57,57,1,476,2.676532,20,"{""C01"": 1.667127, ""C02"": 1.855687, ""C03"": 1.695348, ""C04"": 1.733111, ""C05"": 1.457701, ""C06"": 1.925839, ""C07"": 1.720792, ""C08"": 1.719607, ""C09"": 1.740759, ""C10"": 1.507025, ""C11"": 1.495308, ""C12"": 1.792238, ""C13"": 1.70354, ""C14"": 1.694781, ""C15"": 1.821156, ""C16"": 1.537027, ""C17"": 1.70579, ""C18"": 1.772547, ""C19"": 1.865943, ""C20"": 1.520796}","{""C01"": 0, ""C02"": 0, ""C03"": 0, ""C04"": 0, ""C05"": 0, ""C06"": 1672, ""C07"": 0, ""C08"": 0, ""C09"": 0, ""C10"": 0, ""C11"": 0, ""C12"": 0, ""C13"": 0, ""C14"": 0, ""C15"": 0, ""C16"": 0, ""C17"": 0, ""C18"": 0, ""C19"": 0, ""C20"": 0}","{""C01"": 0.02523547744510765, ""C02"": 0.02523547744510765, ""C03"": 0.02523547744510765, ""C04"": 0.02523547744510765, ""C05"": 0.02523547744510765, ""C06"": 0.02426721452230342, ""C07"": 0.02523547744510765, ""C08"": 0.02523547744510765, ""C09"": 0.02523547744510765, ""C10"": 0.02523547744510765, ""C11"": 0.02523547744510765, ""C12"": 0.02523547744510765, ""C13"": 0.02523547744510765, ""C14"": 0.02523547744510765, ""C15"": 0.02523547744510765, ""C16"": 0.02523547744510765, ""C17"": 0.02523547744510765, ""C18"": 0.02523547744510765, ""C19"": 0.02523547744510765, ""C20"": 0.02523547744510765}"
58,58,1,786,4.574573,20,"{""C01"": 1.651119, ""C02"": 1.871584, ""C03"": 1.708862, ""C04"": 1.736948, ""C05"": 1.470372, ""C06"": 1.915846, ""C07"": 1.729818, ""C08"": 1.664694, ""C09"": 1.734786, ""C10"": 1.46668, ""C11"": 1.518566, ""C12"": 1.772646, ""C13"": 1.726074, ""C14"": 1.711788, ""C15"": 1.811403, ""C16"": 1.532181, ""C17"": 1.776753, ""C18"": 1.766454, ""C19"": 1.882045, ""C20"": 1.527251}","{""C01"": 0, ""C02"": 0, ""C03"": 0, ""C04"": 0, ""C05"": 0, ""C06"": 1675, ""C07"": 0, ""C08"": 0, ""C09"": 0, ""C10"": 0, ""C11"": 0, ""C12"": 0, ""C13"": 0, ""C14"": 0, ""C15"": 0, ""C16"": 0, ""C17"": 0, ""C18"": 0, ""C19"": 0, ""C20"": 0}","{""C01"": 0.025232145851159557, ""C02"": 0.025232145851159557, ""C03"": 0.025232145851159557, ""C04"": 0.025232145851159557, ""C05"": 0.025232145851159557, ""C06"": 0.02426214440054, ""C07"": 0.025232145851159557, ""C08"": 0.025232145851159557, ""C09"": 0.025232145851159557, ""C10"": 0.025232145851159557, ""C11"": 0.025232145851159557, ""C12"": 0.025232145851159557, ""C13"": 0.025232145851159557, ""C14"": 0.025232145851159557, ""C15"": 0.025232145851159557, ""C16"": 0.025232145851159557, ""C17"": 0.025232145851159557, ""C18"": 0.025232145851159557, ""C19"": 0.025232145851159557, ""C20"": 0.025232145851159557}"
59,59,1,816,4.652617,20,"{""C01"": 1.706352, ""C02"": 1.842733, ""C03"": 1.746157, ""C04"": 1.724348, ""C05"": 1.443545, ""C06"": 1.893309, ""C07"": 1.736515, ""C08"": 1.690461, ""C09"": 1.757024, ""C10"": 1.476915, ""C11"": 1.508306, ""C12"": 1.761993, ""C13"": 1.712203, ""C14"": 1.656016, ""C15"": 1.854475, ""C16"": 1.513314, ""C17"": 1.747571, ""C18"": 1.775961, ""C19"": 1.835269, ""C20"": 1.536932}","{""C01"": 0, ""C02"": 0, ""C03"": 0, ""C04"": 0, ""C05"": 0, ""C06"": 1681, ""C07"": 0, ""C08"": 0, ""C09"": 0, ""C10"": 0, ""C11"": 0, ""C12"": 0, ""C13"": 0, ""C14"": 0, ""C15"": 0, ""C16"": 0, ""C17"": 0, ""C18"": 0, ""C19"": 0, ""C20"": 0}","{""C01"": 0.025224056061348185, ""C02"": 0.025224056061348185, ""C03"": 0.025224056061348185, ""C04"": 0.025224056061348185, ""C05"": 0.025224056061348185, ""C06"": 0.024250581046478824, ""C07"": 0.025224056061348185, ""C08"": 0.025224056061348185, ""C09"": 0.025224056061348185, ""C10"": 0.025224056061348185, ""C11"": 0.025224056061348185, ""C12"": 0.025224056061348185, ""C13"": 0.025224056061348185, ""C14"": 0.025224056061348185, ""C15"": 0.025224056061348185, ""C16"": 0.025224056061348185, ""C17"": 0.025224056061348185, ""C18"": 0.025224056061348185, ""C19"": 0.025224056061348185, ""C20"": 0.025224056061348185}"
60,60,1,490,2.777452,20,"{""C01"": 1.696153, ""C02"": 1.838732, ""C03"": 1.763162, ""C04"": 1.748207, ""C05"": 1.467017, ""C06"": 1.935439, ""C07"": 1.758045, ""C08"": 1.720348, ""C09"": 1.770906, ""C10"": 1.478139, ""C11"": 1.518769, ""C12"": 1.811193, ""C13"": 1.708899, ""C14"": 1.717013, ""C15"": 1.866362, ""C16"": 1.526564, ""C17"": 1.758835, ""C18"": 1.746883, ""C19"": 1.873974, ""C20"": 1.522414}","{""C01"": 0, ""C02"": 0, ""C03"": 0, ""C04"": 0, ""C05"": 0, ""C06"": 1669, ""C07"": 0, ""C08"": 0, ""C09"": 0, ""C10"": 0, ""C11"": 0, ""C12"": 0, ""C13"": 0, ""C14"": 0, ""C15"": 0, ""C16"": 0, ""C17"": 0, ""C18"": 0, ""C19"": 0, ""C20"": 0}","{""C01"": 0.025238576529205956, ""C02"": 0.025238576529205956, ""C03"": 0.025238576529205956, ""C04"": 0.025238576529205956, ""C05"": 0.025238576529205956, ""C06"": 0.024272052709186333, ""C07"": 0.025238576529205956, ""C08"": 0.025238576529205956, ""C09"": 0.025238576529205956, ""C10"": 0.025238576529205956, ""C11"": 0.025238576529205956, ""C12"": 0.025238576529205956, ""C13"": 0.025238576529205956, ""C14"": 0.025238576529205956, ""C15"": 0.025238576529205956, ""C16"": 0.025238576529205956, ""C17"": 0.025238576529205956, ""C18"": 0.025238576529205956, ""C19"": 0.025238576529205956, ""C20"": 0.025238576529205956}"
61,61,1,369,2.119614,20,"{""C01"": 1.664671, ""C02"": 1.916693, ""C03"": 1.750166, ""C04"": 1.769637, ""C05"": 1.463508, ""C06"": 1.931006, ""C07"": 1.750646, ""C08"": 1.724563, ""C09"": 1.748605, ""C10"": 1.521948, ""C11"": 1.521706, ""C12"": 1.834365, ""C13"": 1.723155, ""C14"": 1.726067, ""C15"": 1.844156, ""C16"": 1.508595, ""C17"": 1.750779, ""C18"": 1.767941, ""C19"": 1.882961, ""C20"": 1.549551}","{""C01"": 0, ""C02"": 751, ""C03"": 0, ""C04"": 0, ""C05"": 0, ""C06"": 925, ""C07"": 0, ""C08"": 0, ""C09"": 0, ""C10"": 0, ""C11"": 0, ""C12"": 0, ""C13"": 0, ""C14"": 0, ""C15"": 0, ""C16"": 0, ""C17"": 0, ""C18"": 0, ""C19"": 0, ""C20"": 0}","{""C01"": 0.025237177517260623, ""C02"": 0.024802260067527858, ""C03"": 0.025237177517260623, ""C04"": 0.025237177517260623, ""C05"": 0.025237177517260623, ""C06"": 0.024701516584804968, ""C07"": 0.025237177517260623, ""C08"": 0.025237177517260623, ""C09"": 0.025237177517260623, ""C10"": 0.025237177517260623, ""C11"": 0.025237177517260623, ""C12"": 0.025237177517260623, ""C13"": 0.025237177517260623, ""C14"": 0.025237177517260623, ""C15"": 0.025237177517260623, ""C16"": 0.025237177517260623, ""C17"": 0.025237177517260623, ""C18"": 0.025237177517260623, ""C19"": 0.025237177517260623, ""C20"": 0.025237177517260623}"
62,62,1,624,3.567115,20,"{""C01"": 1.674183, ""C02"": 1.914785, ""C03"": 1.752776, ""C04"": 1.74112, ""C05"": 1.446583, ""C06"": 1.909458, ""C07"": 1.755258, ""C08"": 1.772366, ""C09"": 1.777054, ""C10"": 1.506768, ""C11"": 1.527395, ""C12"": 1.82134, ""C13"": 1.715583, ""C14"": 1.752118, ""C15"": 1.845878, ""C16"": 1.5676, ""C17"": 1.798305, ""C18"": 1.80824, ""C19"": 1.893917, ""C20"": 1.554478}","{""C01"": 0, ""C02"": 1103, ""C03"": 0, ""C04"": 0, ""C05"": 0, ""C06"": 574, ""C07"": 0, ""C08"": 0, ""C09"": 0, ""C10"": 0, ""C11"": 0, ""C12"": 0, ""C13"": 0, ""C14"": 0, ""C15"": 0, ""C16"": 0, ""C17"": 0, ""C18"": 0, ""C19"": 0, ""C20"": 0}","{""C01"": 0.02523183945222429, ""C02"": 0.024593093095933105, ""C03"": 0.02523183945222429, ""C04"": 0.02523183945222429, ""C05"": 0.02523183945222429, ""C06"": 0.0248994342417339, ""C07"": 0.02523183945222429, ""C08"": 0.02523183945222429, ""C09"": 0.02523183945222429, ""C10"": 0.02523183945222429, ""C11"": 0.02523183945222429, ""C12"": 0.02523183945222429, ""C13"": 0.02523183945222429, ""C14"": 0.02523183945222429, ""C15"": 0.02523183945222429, ""C16"": 0.02523183945222429, ""C17"": 0.02523183945222429, ""C18"": 0.02523183945222429, ""C19"": 0.02523183945222429, ""C20"": 0.02523183945222429}"
63,63,1,478,2.745737,20,"{""C01"": 1.736475, ""C02"": 1.890257, ""C03"": 1.720193, ""C04"": 1.758921, ""C05"": 1.479433, ""C06"": 1.947887, ""C07"": 1.764058, ""C08"": 1.721985, ""C09"": 1.80046, ""C10"": 1.510449, ""C11"": 1.551928, ""C12"": 1.827808, ""C13"": 1.714278, ""C14"": 1.74039, ""C15"": 1.831006, ""C16"": 1.557886, ""C17"": 1.800782, ""C18"": 1.778995, ""C19"": 1.86825, ""C20"": 1.558359}","{""C01"": 0, ""C02"": 0, ""C03"": 0, ""C04"": 0, ""C05"": 0, ""C06"": 1666, ""C07"": 0, ""C08"": 0, ""C09"": 0, ""C10"": 0, ""C11"": 0, ""C12"": 0, ""C13"": 0, ""C14"": 0, ""C15"": 0, ""C16"": 0, ""C17"": 0, ""C18"": 0, ""C19"": 0, ""C20"": 0}","{""C01"": 0.025243067909276815, ""C02"": 0.025243067909276815, ""C03"": 0.025243067909276815, ""C04"": 0.025243067909276815, ""C05"": 0.025243067909276815, ""C06"": 0.024278279764891234, ""C07"": 0.025243067909276815, ""C08"": 0.025243067909276815, ""C09"": 0.025243067909276815, ""C10"": 0.025243067909276815, ""C11"": 0.025243067909276815, ""C12"": 0.025243067909276815, ""C13"": 0.025243067909276815, ""C14"": 0.025243067909276815, ""C15"": 0.025243067909276815, ""C16"": 0.025243067909276815, ""C17"": 0.025243067909276815, ""C18"": 0.025243067909276815, ""C19"": 0.025243067909276815, ""C20"": 0.025243067909276815}"
64,64,1,785,4.491521,20,"{""C01"": 1.71415, ""C02"": 1.886653, ""C03"": 1.745518, ""C04"": 1.779504, ""C05"": 1.504454, ""C06"": 1.954049, ""C07"": 1.78302, ""C08"": 1.728468, ""C09"": 1.791269, ""C10"": 1.524073, ""C11"": 1.538657, ""C12"": 1.873939, ""C13"": 1.749331, ""C14"": 1.750337, ""C15"": 1.842038, ""C16"": 1.548864, ""C17"": 1.786959, ""C18"": 1.790602, ""C19"": 1.911903, ""C20"": 1.574547}","{""C01"": 0, ""C02"": 0, ""C03"": 0, ""C04"": 0, ""C05"": 0, ""C06"": 1664, ""C07"": 0, ""C08"": 0, ""C09"": 0, ""C10"": 0, ""C11"": 0, ""C12"": 0, ""C13"": 0, ""C14"": 0, ""C15"": 0, ""C16"": 0, ""C17"": 0, ""C18"": 0, ""C19"": 0, ""C20"": 0}","{""C01"": 0.025244971121159865, ""C02"": 0.025244971121159865, ""C03"": 0.025244971121159865, ""C04"": 0.025244971121159865, ""C05"": 0.025244971121159865, ""C06"": 0.024281342782473025, ""C07"": 0.025244971121159865, ""C08"": 0.025244971121159865, ""C09"": 0.025244971121159865, ""C10"": 0.025244971121159865, ""C11"": 0.025244971121159865, ""C12"": 0.025244971121159865, ""C13"": 0.025244971121159865, ""C14"": 0.025244971121159865, ""C15"": 0.025244971121159865, ""C16"": 0.025244971121159865, ""C17"": 0.025244971121159865, ""C18"": 0.025244971121159865, ""C19"": 0.025244971121159865, ""C20"": 0.025244971121159865}"
65,65,1,802,4.555614,20,"{""C01"": 1.685883, ""C02"": 1.915, ""C03"": 1.765665, ""C04"": 1.776855, ""C05"": 1.504795, ""C06"": 1.955494, ""C07"": 1.793712, ""C08"": 1.770852, ""C09"": 1.802892, ""C10"": 1.513974, ""C11"": 1.580222, ""C12"": 1.850318, ""C13"": 1.762496, ""C14"": 1.734205, ""C15"": 1.867311, ""C16"": 1.574723, ""C17"": 1.79789, ""C18"": 1.833107, ""C19"": 1.892505, ""C20"": 1.585414}","{""C01"": 0, ""C02"": 0, ""C03"": 0, ""C04"": 0, ""C05"": 0, ""C06"": 1664, ""C07"": 0, ""C08"": 0, ""C09"": 0, ""C10"": 0, ""C11"": 0, ""C12"": 0, ""C13"": 0, ""C14"": 0, ""C15"": 0, ""C16"": 0, ""C17"": 0, ""C18"": 0, ""C19"": 0, ""C20"": 0}","{""C01"": 0.025245689491070297, ""C02"": 0.025245689491070297, ""C03"": 0.025245689491070297, ""C04"": 0.025245689491070297, ""C05"": 0.025245689491070297, ""C06"": 0.02428205937908295, ""C07"": 0.025245689491070297, ""C08"": 0.025245689491070297, ""C09"": 0.025245689491070297, ""C10"": 0.025245689491070297, ""C11"": 0.025245689491070297, ""C12"": 0.025245689491070297, ""C13"": 0.025245689491070297, ""C14"": 0.025245689491070297, ""C15"": 0.025245689491070297, ""C16"": 0.025245689491070297, ""C17"": 0.025245689491070297, ""C18"": 0.025245689491070297, ""C19"": 0.025245689491070297, ""C20"": 0.025245689491070297}"
66,66,1,490,2.822270,20,"{""C01"": 1.738417, ""C02"": 1.921589, ""C03"": 1.76849, ""C04"": 1.794449, ""C05"": 1.496836, ""C06"": 1.976259, ""C07"": 1.812822, ""C08"": 1.783752, ""C09"": 1.784309, ""C10"": 1.525778, ""C11"": 1.542278, ""C12"": 1.841173, ""C13"": 1.770038, ""C14"": 1.80536, ""C15"": 1.866159, ""C16"": 1.538445, ""C17"": 1.798447, ""C18"": 1.839348, ""C19"": 1.89916, ""C20"": 1.58989}","{""C01"": 0, ""C02"": 0, ""C03"": 0, ""C04"": 0, ""C05"": 0, ""C06"": 1658, ""C07"": 0, ""C08"": 0, ""C09"": 0, ""C10"": 0, ""C11"": 0, ""C12"": 0, ""C13"": 0, ""C14"": 0, ""C15"": 0, ""C16"": 0, ""C17"": 0, ""C18"": 0, ""C19"": 0, ""C20"": 0}","{""C01"": 0.025252432121189036, ""C02"": 0.025252432121189036, ""C03"": 0.025252432121189036, ""C04"": 0.025252432121189036, ""C05"": 0.025252432121189036, ""C06"": 0.02429227887956679, ""C07"": 0.025252432121189036, ""C08"": 0.025252432121189036, ""C09"": 0.025252432121189036, ""C10"": 0.025252432121189036, ""C11"": 0.025252432121189036, ""C12"": 0.025252432121189036, ""C13"": 0.025252432121189036, ""C14"": 0.025252432121189036, ""C15"": 0.025252432121189036, ""C16"": 0.025252432121189036, ""C17"": 0.025252432121189036, ""C18"": 0.025252432121189036, ""C19"": 0.025252432121189036, ""C20"": 0.025252432121189036}"
67,67,1,1138,6.523773,20,"{""C01"": 1.719303, ""C02"": 1.95025, ""C03"": 1.775771, ""C04"": 1.794522, ""C05"": 1.564172, ""C06"": 1.97078, ""C07"": 1.777284, ""C08"": 1.756855, ""C09"": 1.834517, ""C10"": 1.532851, ""C11"": 1.529701, ""C12"": 1.898718, ""C13"": 1.736581, ""C14"": 1.820331, ""C15"": 1.850135, ""C16"": 1.574964, ""C17"": 1.802042, ""C18"": 1.839738, ""C19"": 1.940488, ""C20"": 1.590661}","{""C01"": 0, ""C02"": 0, ""C03"": 0, ""C04"": 0, ""C05"": 0, ""C06"": 1660, ""C07"": 0, ""C08"": 0, ""C09"": 0, ""C10"": 0, ""C11"": 0, ""C12"": 0, ""C13"": 0, ""C14"": 0, ""C15"": 0, ""C16"": 0, ""C17"": 0, ""C18"": 0, ""C19"": 0, ""C20"": 0}","{""C01"": 0.025250910266769802, ""C02"": 0.025250910266769802, ""C03"": 0.025250910266769802, ""C04"": 0.025250910266769802, ""C05"": 0.025250910266769802, ""C06"": 0.02428959627111149, ""C07"": 0.025250910266769802, ""C08"": 0.025250910266769802, ""C09"": 0.025250910266769802, ""C10"": 0.025250910266769802, ""C11"": 0.025250910266769802, ""C12"": 0.025250910266769802, ""C13"": 0.025250910266769802, ""C14"": 0.025250910266769802, ""C15"": 0.025250910266769802, ""C16"": 0.025250910266769802, ""C17"": 0.025250910266769802, ""C18"": 0.025250910266769802, ""C19"": 0.025250910266769802, ""C20"": 0.025250910266769802}"
68,68,1,426,3.022909,20,"{""C01"": 1.778084, ""C02"": 1.902276, ""C03"": 1.765478, ""C04"": 1.788336, ""C05"": 1.506553, ""C06"": 1.986709, ""C07"": 1.816669, ""C08"": 1.760583, ""C09"": 1.807638, ""C10"": 1.503719, ""C11"": 1.524867, ""C12"": 1.90723, ""C13"": 1.79733, ""C14"": 1.793087, ""C15"": 1.883562, ""C16"": 1.555783, ""C17"": 1.820526, ""C18"": 1.82417, ""C19"": 1.90393, ""C20"": 1.570762}","{""C01"": 0, ""C02"": 0, ""C03"": 0, ""C04"": 0, ""C05"": 0, ""C06"": 1656, ""C07"": 0, ""C08"": 0, ""C09"": 0, ""C10"": 0, ""C11"": 0, ""C12"": 0, ""C13"": 0, ""C14"": 0, ""C15"": 0, ""C16"": 0, ""C17"": 0, ""C18"": 0, ""C19"": 0, ""C20"": 0}","{""C01"": 0.02525636736437964, ""C02"": 0.02525636736437964, ""C03"": 0.02525636736437964, ""C04"": 0.02525636736437964, ""C05"": 0.02525636736437964, ""C06"": 0.024297368893670585, ""C07"": 0.02525636736437964, ""C08"": 0.02525636736437964, ""C09"": 0.02525636736437964, ""C10"": 0.02525636736437964, ""C11"": 0.02525636736437964, ""C12"": 0.02525636736437964, ""C13"": 0.02525636736437964, ""C14"": 0.02525636736437964, ""C15"": 0.02525636736437964, ""C16"": 0.02525636736437964, ""C17"": 0.02525636736437964, ""C18"": 0.02525636736437964, ""C19"": 0.02525636736437964, ""C20"": 0.02525636736437964}"
69,69,1,327,2.718702,20,"{""C01"": 1.764034, ""C02"": 1.969399, ""C03"": 1.782495, ""C04"": 1.801067, ""C05"": 1.528018, ""C06"": 1.974665, ""C07"": 1.788266, ""C08"": 1.756035, ""C09"": 1.816966, ""C10"": 1.507863, ""C11"": 1.573667, ""C12"": 1.861714, ""C13"": 1.778008, ""C14"": 1.787634, ""C15"": 1.866841, ""C16"": 1.560919, ""C17"": 1.832962, ""C18"": 1.789574, ""C19"": 1.927349, ""C20"": 1.593319}","{""C01"": 0, ""C02"": 811, ""C03"": 0, ""C04"": 0, ""C05"": 0, ""C06"": 850, ""C07"": 0, ""C08"": 0, ""C09"": 0, ""C10"": 0, ""C11"": 0, ""C12"": 0, ""C13"": 0, ""C14"": 0, ""C15"": 0, ""C16"": 0, ""C17"": 0, ""C18"": 0, ""C19"": 0, ""C20"": 0}","{""C01"": 0.02525213954496483, ""C02"": 0.024782485187408197, ""C03"": 0.02525213954496483, ""C04"": 0.02525213954496483, ""C05"": 0.02525213954496483, ""C06"": 0.0247599118833199, ""C07"": 0.02525213954496483, ""C08"": 0.02525213954496483, ""C09"": 0.02525213954496483, ""C10"": 0.02525213954496483, ""C11"": 0.02525213954496483, ""C12"": 0.02525213954496483, ""C13"": 0.02525213954496483, ""C14"": 0.02525213954496483, ""C15"": 0.02525213954496483, ""C16"": 0.02525213954496483, ""C17"": 0.02525213954496483, ""C18"": 0.02525213954496483, ""C19"": 0.02525213954496483, ""C20"": 0.02525213954496483}"
70,70,1,811,4.652233,20,"{""C01"": 1.771608, ""C02"": 1.965971, ""C03"": 1.714062, ""C04"": 1.809519, ""C05"": 1.518246, ""C06"": 2.009821, ""C07"": 1.797057, ""C08"": 1.794295, ""C09"": 1.798931, ""C10"": 1.52359, ""C11"": 1.589068, ""C12"": 1.886781, ""C13"": 1.782778, ""C14"": 1.802189, ""C15"": 1.871103, ""C16"": 1.585298, ""C17"": 1.810835, ""C18"": 1.832046, ""C19"": 1.930029, ""C20"": 1.580968}","{""C01"": 0, ""C02"": 0, ""C03"": 0, ""C04"": 0, ""C05"": 0, ""C06"": 1650, ""C07"": 0, ""C08"": 0, ""C09"": 0, ""C10"": 0, ""C11"": 0, ""C12"": 0, ""C13"": 0, ""C14"": 0, ""C15"": 0, ""C16"": 0, ""C17"": 0, ""C18"": 0, ""C19"": 0, ""C20"": 0}","{""C01"": 0.02526402585974294, ""C02"": 0.02526402585974294, ""C03"": 0.02526402585974294, ""C04"": 0.02526402585974294, ""C05"": 0.02526402585974294, ""C06"": 0.02430850197475926, ""C07"": 0.02526402585974294, ""C08"": 0.02526402585974294, ""C09"": 0.02526402585974294, ""C10"": 0.02526402585974294, ""C11"": 0.02526402585974294, ""C12"": 0.02526402585974294, ""C13"": 0.02526402585974294, ""C14"": 0.02526402585974294, ""C15"": 0.02526402585974294, ""C16"": 0.02526402585974294, ""C17"": 0.02526402585974294, ""C18"": 0.02526402585974294, ""C19"": 0.02526402585974294, ""C20"": 0.02526402585974294}"
71,71,1,209,1.203911,20,"{""C01"": 1.731144, ""C02"": 1.960696, ""C03"": 1.768074, ""C04"": 1.807148, ""C05"": 1.500583, ""C06"": 1.947017, ""C07"": 1.803842, ""C08"": 1.782365, ""C09"": 1.855368, ""C10"": 1.523365, ""C11"": 1.559357, ""C12"": 1.892821, ""C13"": 1.783708, ""C14"": 1.810328, ""C15"": 1.896915, ""C16"": 1.565041, ""C17"": 1.840842, ""C18"": 1.826935, ""C19"": 1.9486, ""C20"": 1.578409}","{""C01"": 0, ""C02"": 651, ""C03"": 0, ""C04"": 0, ""C05"": 0, ""C06"": 496, ""C07"": 0, ""C08"": 0, ""C09"": 0, ""C10"": 0, ""C11"": 0, ""C12"": 0, ""C13"": 0, ""C14"": 0, ""C15"": 0, ""C16"": 0, ""C17"": 0, ""C18"": 0, ""C19"": 522, ""C20"": 0}","{""C01"": 0.02524728829105928, ""C02"": 0.024870306214504766, ""C03"": 0.02524728829105928, ""C04"": 0.02524728829105928, ""C05"": 0.02524728829105928, ""C06"": 0.024960046293662417, ""C07"": 0.02524728829105928, ""C08"": 0.02524728829105928, ""C09"": 0.02524728829105928, ""C10"": 0.02524728829105928, ""C11"": 0.02524728829105928, ""C12"": 0.02524728829105928, ""C13"": 0.02524728829105928, ""C14"": 0.02524728829105928, ""C15"": 0.02524728829105928, ""C16"": 0.02524728829105928, ""C17"": 0.02524728829105928, ""C18"": 0.02524728829105928, ""C19"": 0.024944990276980803, ""C20"": 0.02524728829105928}"
72,72,1,898,5.134401,20,"{""C01"": 1.750593, ""C02"": 1.938099, ""C03"": 1.774619, ""C04"": 1.828493, ""C05"": 1.549041, ""C06"": 1.983587, ""C07"": 1.828613, ""C08"": 1.725405, ""C09"": 1.809872, ""C10"": 1.4869, ""C11"": 1.628886, ""C12"": 1.873177, ""C13"": 1.786784, ""C14"": 1.792938, ""C15"": 1.862427, ""C16"": 1.558902, ""C17"": 1.782982, ""C18"": 1.846915, ""C19"": 1.949213, ""C20"": 1.597002}","{""C01"": 0, ""C02"": 0, ""C03"": 0, ""C04"": 0, ""C05"": 0, ""C06"": 1656, ""C07"": 0, ""C08"": 0, ""C09"": 0, ""C10"": 0, ""C11"": 0, ""C12"": 0, ""C13"": 0, ""C14"": 0, ""C15"": 0, ""C16"": 0, ""C17"": 0, ""C18"": 0, ""C19"": 0, ""C20"": 0}","{""C01"": 0.025254846443348106, ""C02"": 0.025254846443348106, ""C03"": 0.025254846443348106, ""C04"": 0.025254846443348106, ""C05"": 0.025254846443348106, ""C06"": 0.024295851746937134, ""C07"": 0.025254846443348106, ""C08"": 0.025254846443348106, ""C09"": 0.025254846443348106, ""C10"": 0.025254846443348106, ""C11"": 0.025254846443348106, ""C12"": 0.025254846443348106, ""C13"": 0.025254846443348106, ""C14"": 0.025254846443348106, ""C15"": 0.025254846443348106, ""C16"": 0.025254846443348106, ""C17"": 0.025254846443348106, ""C18"": 0.025254846443348106, ""C19"": 0.025254846443348106, ""C20"": 0.025254846443348106}"
73,73,1,687,3.954033,20,"{""C01"": 1.764858, ""C02"": 1.92695, ""C03"": 1.754361, ""C04"": 1.775597, ""C05"": 1.514052, ""C06"": 1.979848, ""C07"": 1.789066, ""C08"": 1.819446, ""C09"": 1.810412, ""C10"": 1.547399, ""C11"": 1.551924, ""C12"": 1.902733, ""C13"": 1.779783, ""C14"": 1.798067, ""C15"": 1.873146, ""C16"": 1.552116, ""C17"": 1.821001, ""C18"": 1.834863, ""C19"": 1.941202, ""C20"": 1.6081}","{""C01"": 0, ""C02"": 0, ""C03"": 0, ""C04"": 0, ""C05"": 0, ""C06"": 1657, ""C07"": 0, ""C08"": 0, ""C09"": 0, ""C10"": 0, ""C11"": 0, ""C12"": 0, ""C13"": 0, ""C14"": 0, ""C15"": 0, ""C16"": 0, ""C17"": 0, ""C18"": 0, ""C19"": 0, ""C20"": 0}","{""C01"": 0.02525360479230733, ""C02"": 0.02525360479230733, ""C03"": 0.02525360479230733, ""C04"": 0.02525360479230733, ""C05"": 0.02525360479230733, ""C06"": 0.024294030908813498, ""C07"": 0.02525360479230733, ""C08"": 0.02525360479230733, ""C09"": 0.02525360479230733, ""C10"": 0.02525360479230733, ""C11"": 0.02525360479230733, ""C12"": 0.02525360479230733, ""C13"": 0.02525360479230733, ""C14"": 0.02525360479230733, ""C15"": 0.02525360479230733, ""C16"": 0.02525360479230733, ""C17"": 0.02525360479230733, ""C18"": 0.02525360479230733, ""C19"": 0.02525360479230733, ""C20"": 0.02525360479230733}"
74,74,1,546,3.162363,20,"{""C01"": 1.760603, ""C02"": 1.931386, ""C03"": 1.74636, ""C04"": 1.788213, ""C05"": 1.516576, ""C06"": 1.987767, ""C07"": 1.80264, ""C08"": 1.788297, ""C09"": 1.829669, ""C10"": 1.488416, ""C11"": 1.573993, ""C12"": 1.900711, ""C13"": 1.780838, ""C14"": 1.784287, ""C15"": 1.880047, ""C16"": 1.557924, ""C17"": 1.84299, ""C18"": 1.795793, ""C19"": 1.922211, ""C20"": 1.608169}","{""C01"": 0, ""C02"": 0, ""C03"": 0, ""C04"": 0, ""C05"": 0, ""C06"": 1655, ""C07"": 0, ""C08"": 0, ""C09"": 0, ""C10"": 0, ""C11"": 0, ""C12"": 0, ""C13"": 0, ""C14"": 0, ""C15"": 0, ""C16"": 0, ""C17"": 0, ""C18"": 0, ""C19"": 0, ""C20"": 0}","{""C01"": 0.025256298096369437, ""C02"": 0.025256298096369437, ""C03"": 0.025256298096369437, ""C04"": 0.025256298096369437, ""C05"": 0.025256298096369437, ""C06"": 0.02429788206547695, ""C07"": 0.025256298096369437, ""C08"": 0.025256298096369437, ""C09"": 0.025256298096369437, ""C10"": 0.025256298096369437, ""C11"": 0.025256298096369437, ""C12"": 0.025256298096369437, ""C13"": 0.025256298096369437, ""C14"": 0.025256298096369437, ""C15"": 0.025256298096369437, ""C16"": 0.025256298096369437, ""C17"": 0.025256298096369437, ""C18"": 0.025256298096369437, ""C19"": 0.025256298096369437, ""C20"": 0.025256298096369437}"
75,75,1,897,5.153230,20,"{""C01"": 1.746834, ""C02"": 1.939148, ""C03"": 1.778575, ""C04"": 1.801213, ""C05"": 1.511684, ""C06"": 1.964674, ""C07"": 1.817456, ""C08"": 1.730749, ""C09"": 1.807004, ""C10"": 1.482783, ""C11"": 1.554028, ""C12"": 1.852476, ""C13"": 1.729822, ""C14"": 1.793897, ""C15"": 1.857708, ""C16"": 1.559411, ""C17"": 1.834347, ""C18"": 1.805224, ""C19"": 1.90669, ""C20"": 1.599799}","{""C01"": 0, ""C02"": 0, ""C03"": 0, ""C04"": 0, ""C05"": 0, ""C06"": 1661, ""C07"": 0, ""C08"": 0, ""C09"": 0, ""C10"": 0, ""C11"": 0, ""C12"": 0, ""C13"": 0, ""C14"": 0, ""C15"": 0, ""C16"": 0, ""C17"": 0, ""C18"": 0, ""C19"": 0, ""C20"": 0}","{""C01"": 0.02524848495179141, ""C02"": 0.02524848495179141, ""C03"": 0.02524848495179141, ""C04"": 0.02524848495179141, ""C05"": 0.02524848495179141, ""C06"": 0.024286594697995368, ""C07"": 0.02524848495179141, ""C08"": 0.02524848495179141, ""C09"": 0.02524848495179141, ""C10"": 0.02524848495179141, ""C11"": 0.02524848495179141, ""C12"": 0.02524848495179141, ""C13"": 0.02524848495179141, ""C14"": 0.02524848495179141, ""C15"": 0.02524848495179141, ""C16"": 0.02524848495179141, ""C17"": 0.02524848495179141, ""C18"": 0.02524848495179141, ""C19"": 0.02524848495179141, ""C20"": 0.02524848495179141}"
76,76,1,629,3.508389,20,"{""C01"": 1.779013, ""C02"": 1.926898, ""C03"": 1.757729, ""C04"": 1.764596, ""C05"": 1.473933, ""C06"": 1.968018, ""C07"": 1.762121, ""C08"": 1.746348, ""C09"": 1.783996, ""C10"": 1.501783, ""C11"": 1.553078, ""C12"": 1.880679, ""C13"": 1.752535, ""C14"": 1.818286, ""C15"": 1.860403, ""C16"": 1.557864, ""C17"": 1.794851, ""C18"": 1.825872, ""C19"": 1.92866, ""C20"": 1.572771}","{""C01"": 0, ""C02"": 0, ""C03"": 0, ""C04"": 0, ""C05"": 0, ""C06"": 1661, ""C07"": 0, ""C08"": 0, ""C09"": 0, ""C10"": 0, ""C11"": 0, ""C12"": 0, ""C13"": 0, ""C14"": 0, ""C15"": 0, ""C16"": 0, ""C17"": 0, ""C18"": 0, ""C19"": 0, ""C20"": 0}","{""C01"": 0.025250134507860067, ""C02"": 0.025250134507860067, ""C03"": 0.025250134507860067, ""C04"": 0.025250134507860067, ""C05"": 0.025250134507860067, ""C06"": 0.024288240174033294, ""C07"": 0.025250134507860067, ""C08"": 0.025250134507860067, ""C09"": 0.025250134507860067, ""C10"": 0.025250134507860067, ""C11"": 0.025250134507860067, ""C12"": 0.025250134507860067, ""C13"": 0.025250134507860067, ""C14"": 0.025250134507860067, ""C15"": 0.025250134507860067, ""C16"": 0.025250134507860067, ""C17"": 0.025250134507860067, ""C18"": 0.025250134507860067, ""C19"": 0.025250134507860067, ""C20"": 0.025250134507860067}"
77,77,1,489,2.769181,20,"{""C01"": 1.756993, ""C02"": 1.890986, ""C03"": 1.723937, ""C04"": 1.775886, ""C05"": 1.464758, ""C06"": 1.966594, ""C07"": 1.786885, ""C08"": 1.76139, ""C09"": 1.82416, ""C10"": 1.498134, ""C11"": 1.554603, ""C12"": 1.857416, ""C13"": 1.760856, ""C14"": 1.800301, ""C15"": 1.844042, ""C16"": 1.538291, ""C17"": 1.788271, ""C18"": 1.780392, ""C19"": 1.910435, ""C20"": 1.571242}","{""C01"": 0, ""C02"": 0, ""C03"": 0, ""C04"": 0, ""C05"": 0, ""C06"": 1661, ""C07"": 0, ""C08"": 0, ""C09"": 0, ""C10"": 0, ""C11"": 0, ""C12"": 0, ""C13"": 0, ""C14"": 0, ""C15"": 0, ""C16"": 0, ""C17"": 0, ""C18"": 0, ""C19"": 0, ""C20"": 0}","{""C01"": 0.025249432565361565, ""C02"": 0.025249432565361565, ""C03"": 0.025249432565361565, ""C04"": 0.025249432565361565, ""C05"": 0.025249432565361565, ""C06"": 0.024287539967766034, ""C07"": 0.025249432565361565, ""C08"": 0.025249432565361565, ""C09"": 0.025249432565361565, ""C10"": 0.025249432565361565, ""C11"": 0.025249432565361565, ""C12"": 0.025249432565361565, ""C13"": 0.025249432565361565, ""C14"": 0.025249432565361565, ""C15"": 0.025249432565361565, ""C16"": 0.025249432565361565, ""C17"": 0.025249432565361565, ""C18"": 0.025249432565361565, ""C19"": 0.025249432565361565, ""C20"": 0.025249432565361565}"
78,78,1,838,4.772904,20,"{""C01"": 1.714593, ""C02"": 1.894661, ""C03"": 1.730487, ""C04"": 1.765775, ""C05"": 1.502213, ""C06"": 1.958778, ""C07"": 1.785763, ""C08"": 1.730182, ""C09"": 1.79658, ""C10"": 1.440312, ""C11"": 1.504202, ""C12"": 1.858005, ""C13"": 1.724057, ""C14"": 1.748593, ""C15"": 1.828681, ""C16"": 1.550528, ""C17"": 1.793981, ""C18"": 1.75928, ""C19"": 1.920255, ""C20"": 1.599408}","{""C01"": 0, ""C02"": 0, ""C03"": 0, ""C04"": 0, ""C05"": 0, ""C06"": 1663, ""C07"": 0, ""C08"": 0, ""C09"": 0, ""C10"": 0, ""C11"": 0, ""C12"": 0, ""C13"": 0, ""C14"": 0, ""C15"": 0, ""C16"": 0, ""C17"": 0, ""C18"": 0, ""C19"": 0, ""C20"": 0}","{""C01"": 0.025246735508270446, ""C02"": 0.025246735508270446, ""C03"": 0.025246735508270446, ""C04"": 0.025246735508270446, ""C05"": 0.025246735508270446, ""C06"": 0.02428368506603249, ""C07"": 0.025246735508270446, ""C08"": 0.025246735508270446, ""C09"": 0.025246735508270446, ""C10"": 0.025246735508270446, ""C11"": 0.025246735508270446, ""C12"": 0.025246735508270446, ""C13"": 0.025246735508270446, ""C14"": 0.025246735508270446, ""C15"": 0.025246735508270446, ""C16"": 0.025246735508270446, ""C17"": 0.025246735508270446, ""C18"": 0.025246735508270446, ""C19"": 0.025246735508270446, ""C20"": 0.025246735508270446}"
79,79,1,487,2.749970,20,"{""C01"": 1.71997, ""C02"": 1.921237, ""C03"": 1.728544, ""C04"": 1.771188, ""C05"": 1.458249, ""C06"": 1.930714, ""C07"": 1.754589, ""C08"": 1.719144, ""C09"": 1.797598, ""C10"": 1.488775, ""C11"": 1.523459, ""C12"": 1.830002, ""C13"": 1.738421, ""C14"": 1.772335, ""C15"": 1.864713, ""C16"": 1.52057, ""C17"": 1.779818, ""C18"": 1.826922, ""C19"": 1.891394, ""C20"": 1.560031}","{""C01"": 0, ""C02"": 645, ""C03"": 0, ""C04"": 0, ""C05"": 0, ""C06"": 1029, ""C07"": 0, ""C08"": 0, ""C09"": 0, ""C10"": 0, ""C11"": 0, ""C12"": 0, ""C13"": 0, ""C14"": 0, ""C15"": 0, ""C16"": 0, ""C17"": 0, ""C18"": 0, ""C19"": 0, ""C20"": 0}","{""C01"": 0.025237263879896957, ""C02"": 0.02486373594506985, ""C03"": 0.025237263879896957, ""C04"": 0.025237263879896957, ""C05"": 0.025237263879896957, ""C06"": 0.02464137319449016, ""C07"": 0.025237263879896957, ""C08"": 0.025237263879896957, ""C09"": 0.025237263879896957, ""C10"": 0.025237263879896957, ""C11"": 0.025237263879896957, ""C12"": 0.025237263879896957, ""C13"": 0.025237263879896957, ""C14"": 0.025237263879896957, ""C15"": 0.025237263879896957, ""C16"": 0.025237263879896957, ""C17"": 0.025237263879896957, ""C18"": 0.025237263879896957, ""C19"": 0.025237263879896957, ""C20"": 0.025237263879896957}"
80,80,1,983,5.612191,20,"{""C01"": 1.716487, ""C02"": 1.898054, ""C03"": 1.726376, ""C04"": 1.76449, ""C05"": 1.489541, ""C06"": 1.916576, ""C07"": 1.746846, ""C08"": 1.723932, ""C09"": 1.744862, ""C10"": 1.424607, ""C11"": 1.540654, ""C12"": 1.851517, ""C13"": 1.715692, ""C14"": 1.744133, ""C15"": 1.83197, ""C16"": 1.501021, ""C17"": 1.779141, ""C18"": 1.75397, ""C19"": 1.8641, ""C20"": 1.516123}","{""C01"": 0, ""C02"": 0, ""C03"": 0, ""C04"": 0, ""C05"": 0, ""C06"": 1675, ""C07"": 0, ""C08"": 0, ""C09"": 0, ""C10"": 0, ""C11"": 0, ""C12"": 0, ""C13"": 0, ""C14"": 0, ""C15"": 0, ""C16"": 0, ""C17"": 0, ""C18"": 0, ""C19"": 0, ""C20"": 0}","{""C01"": 0.025232518335617043, ""C02"": 0.025232518335617043, ""C03"": 0.025232518335617043, ""C04"": 0.025232518335617043, ""C05"": 0.025232518335617043, ""C06"": 0.02426251597209286, ""C07"": 0.025232518335617043, ""C08"": 0.025232518335617043, ""C09"": 0.025232518335617043, ""C10"": 0.025232518335617043, ""C11"": 0.025232518335617043, ""C12"": 0.025232518335617043, ""C13"": 0.025232518335617043, ""C14"": 0.025232518335617043, ""C15"": 0.025232518335617043, ""C16"": 0.025232518335617043, ""C17"": 0.025232518335617043, ""C18"": 0.025232518335617043, ""C19"": 0.025232518335617043, ""C20"": 0.025232518335617043}"
81,81,1,613,4.384755,20,"{""C01"": 1.676561, ""C02"": 1.882528, ""C03"": 1.712357, ""C04"": 1.721762, ""C05"": 1.4713, ""C06"": 1.937133, ""C07"": 1.737588, ""C08"": 1.754551, ""C09"": 1.763275, ""C10"": 1.449125, ""C11"": 1.473979, ""C12"": 1.818681, ""C13"": 1.712051, ""C14"": 1.707538, ""C15"": 1.799618, ""C16"": 1.527237, ""C17"": 1.764589, ""C18"": 1.757128, ""C19"": 1.888139, ""C20"": 1.54517}","{""C01"": 0, ""C02"": 0, ""C03"": 0, ""C04"": 0, ""C05"": 0, ""C06"": 1669, ""C07"": 0, ""C08"": 0, ""C09"": 0, ""C10"": 0, ""C11"": 0, ""C12"": 0, ""C13"": 0, ""C14"": 0, ""C15"": 0, ""C16"": 0, ""C17"": 0, ""C18"": 0, ""C19"": 0, ""C20"": 0}","{""C01"": 0.02523942926316544, ""C02"": 0.02523942926316544, ""C03"": 0.02523942926316544, ""C04"": 0.02523942926316544, ""C05"": 0.02523942926316544, ""C06"": 0.024272903345075144, ""C07"": 0.02523942926316544, ""C08"": 0.02523942926316544, ""C09"": 0.02523942926316544, ""C10"": 0.02523942926316544, ""C11"": 0.02523942926316544, ""C12"": 0.02523942926316544, ""C13"": 0.02523942926316544, ""C14"": 0.02523942926316544, ""C15"": 0.02523942926316544, ""C16"": 0.02523942926316544, ""C17"": 0.02523942926316544, ""C18"": 0.02523942926316544, ""C19"": 0.02523942926316544, ""C20"": 0.02523942926316544}"
82,82,1,540,3.631698,20,"{""C01"": 1.709945, ""C02"": 1.857352, ""C03"": 1.6874, ""C04"": 1.718387, ""C05"": 1.434242, ""C06"": 1.922247, ""C07"": 1.718754, ""C08"": 1.729602, ""C09"": 1.757941, ""C10"": 1.427529, ""C11"": 1.527659, ""C12"": 1.829621, ""C13"": 1.694135, ""C14"": 1.7144, ""C15"": 1.780988, ""C16"": 1.489506, ""C17"": 1.766102, ""C18"": 1.77797, ""C19"": 1.868173, ""C20"": 1.537386}","{""C01"": 0, ""C02"": 0, ""C03"": 0, ""C04"": 0, ""C05"": 0, ""C06"": 1673, ""C07"": 0, ""C08"": 0, ""C09"": 0, ""C10"": 0, ""C11"": 0, ""C12"": 0, ""C13"": 0, ""C14"": 0, ""C15"": 0, ""C16"": 0, ""C17"": 0, ""C18"": 0, ""C19"": 0, ""C20"": 0}","{""C01"": 0.025234238150251748, ""C02"": 0.025234238150251748, ""C03"": 0.025234238150251748, ""C04"": 0.025234238150251748, ""C05"": 0.025234238150251748, ""C06"": 0.02426539603383896, ""C07"": 0.025234238150251748, ""C08"": 0.025234238150251748, ""C09"": 0.025234238150251748, ""C10"": 0.025234238150251748, ""C11"": 0.025234238150251748, ""C12"": 0.025234238150251748, ""C13"": 0.025234238150251748, ""C14"": 0.025234238150251748, ""C15"": 0.025234238150251748, ""C16"": 0.025234238150251748, ""C17"": 0.025234238150251748, ""C18"": 0.025234238150251748, ""C19"": 0.025234238150251748, ""C20"": 0.025234238150251748}"
83,83,1,449,2.535395,20,"{""C01"": 1.729972, ""C02"": 1.861099, ""C03"": 1.679432, ""C04"": 1.751349, ""C05"": 1.453569, ""C06"": 1.89263, ""C07"": 1.779853, ""C08"": 1.687793, ""C09"": 1.759975, ""C10"": 1.406137, ""C11"": 1.505382, ""C12"": 1.805653, ""C13"": 1.708533, ""C14"": 1.745326, ""C15"": 1.82991, ""C16"": 1.495271, ""C17"": 1.775421, ""C18"": 1.774134, ""C19"": 1.906253, ""C20"": 1.534379}","{""C01"": 0, ""C02"": 0, ""C03"": 0, ""C04"": 0, ""C05"": 0, ""C06"": 671, ""C07"": 0, ""C08"": 0, ""C09"": 0, ""C10"": 0, ""C11"": 0, ""C12"": 0, ""C13"": 0, ""C14"": 0, ""C15"": 0, ""C16"": 0, ""C17"": 0, ""C18"": 0, ""C19"": 1011, ""C20"": 0}","{""C01"": 0.02522852049263051, ""C02"": 0.02522852049263051, ""C03"": 0.02522852049263051, ""C04"": 0.02522852049263051, ""C05"": 0.02522852049263051, ""C06"": 0.024839932658789615, ""C07"": 0.02522852049263051, ""C08"": 0.02522852049263051, ""C09"": 0.02522852049263051, ""C10"": 0.02522852049263051, ""C11"": 0.02522852049263051, ""C12"": 0.02522852049263051, ""C13"": 0.02522852049263051, ""C14"": 0.02522852049263051, ""C15"": 0.02522852049263051, ""C16"": 0.02522852049263051, ""C17"": 0.02522852049263051, ""C18"": 0.02522852049263051, ""C19"": 0.024643055532230566, ""C20"": 0.02522852049263051}"
84,84,1,478,2.680323,20,"{""C01"": 1.722317, ""C02"": 1.877399, ""C03"": 1.700835, ""C04"": 1.726965, ""C05"": 1.432525, ""C06"": 1.940845, ""C07"": 1.76092, ""C08"": 1.714544, ""C09"": 1.738642, ""C10"": 1.416279, ""C11"": 1.463764, ""C12"": 1.792924, ""C13"": 1.715882, ""C14"": 1.725564, ""C15"": 1.774776, ""C16"": 1.456438, ""C17"": 1.741193, ""C18"": 1.769701, ""C19"": 1.873069, ""C20"": 1.523539}","{""C01"": 0, ""C02"": 0, ""C03"": 0, ""C04"": 0, ""C05"": 0, ""C06"": 1668, ""C07"": 0, ""C08"": 0, ""C09"": 0, ""C10"": 0, ""C11"": 0, ""C12"": 0, ""C13"": 0, ""C14"": 0, ""C15"": 0, ""C16"": 0, ""C17"": 0, ""C18"": 0, ""C19"": 0, ""C20"": 0}","{""C01"": 0.025240710405119715, ""C02"": 0.025240710405119715, ""C03"": 0.025240710405119715, ""C04"": 0.025240710405119715, ""C05"": 0.025240710405119715, ""C06"": 0.02427476357687481, ""C07"": 0.025240710405119715, ""C08"": 0.025240710405119715, ""C09"": 0.025240710405119715, ""C10"": 0.025240710405119715, ""C11"": 0.025240710405119715, ""C12"": 0.025240710405119715, ""C13"": 0.025240710405119715, ""C14"": 0.025240710405119715, ""C15"": 0.025240710405119715, ""C16"": 0.025240710405119715, ""C17"": 0.025240710405119715, ""C18"": 0.025240710405119715, ""C19"": 0.025240710405119715, ""C20"": 0.025240710405119715}"
85,85,1,1158,6.453226,20,"{""C01"": 1.688436, ""C02"": 1.879831, ""C03"": 1.72873, ""C04"": 1.698697, ""C05"": 1.415741, ""C06"": 1.904552, ""C07"": 1.749353, ""C08"": 1.69295, ""C09"": 1.723934, ""C10"": 1.420986, ""C11"": 1.486275, ""C12"": 1.82086, ""C13"": 1.673336, ""C14"": 1.770041, ""C15"": 1.792506, ""C16"": 1.435554, ""C17"": 1.738882, ""C18"": 1.730884, ""C19"": 1.883808, ""C20"": 1.535711}","{""C01"": 0, ""C02"": 0, ""C03"": 0, ""C04"": 0, ""C05"": 0, ""C06"": 1678, ""C07"": 0, ""C08"": 0, ""C09"": 0, ""C10"": 0, ""C11"": 0, ""C12"": 0, ""C13"": 0, ""C14"": 0, ""C15"": 0, ""C16"": 0, ""C17"": 0, ""C18"": 0, ""C19"": 0, ""C20"": 0}","{""C01"": 0.025228110374977672, ""C02"": 0.025228110374977672, ""C03"": 0.025228110374977672, ""C04"": 0.025228110374977672, ""C05"": 0.025228110374977672, ""C06"": 0.02425637212116136, ""C07"": 0.025228110374977672, ""C08"": 0.025228110374977672, ""C09"": 0.025228110374977672, ""C10"": 0.025228110374977672, ""C11"": 0.025228110374977672, ""C12"": 0.025228110374977672, ""C13"": 0.025228110374977672, ""C14"": 0.025228110374977672, ""C15"": 0.025228110374977672, ""C16"": 0.025228110374977672, ""C17"": 0.025228110374977672, ""C18"": 0.025228110374977672, ""C19"": 0.025228110374977672, ""C20"": 0.025228110374977672}"
86,86,1,833,4.659024,20,"{""C01"": 1.648938, ""C02"": 1.854133, ""C03"": 1.659573, ""C04"": 1.699, ""C05"": 1.442298, ""C06"": 1.892149, ""C07"": 1.725257, ""C08"": 1.720701, ""C09"": 1.736604, ""C10"": 1.408808, ""C11"": 1.491024, ""C12"": 1.79033, ""C13"": 1.718174, ""C14"": 1.723218, ""C15"": 1.798841, ""C16"": 1.460631, ""C17"": 1.748152, ""C18"": 1.740066, ""C19"": 1.828828, ""C20"": 1.495918}","{""C01"": 0, ""C02"": 0, ""C03"": 0, ""C04"": 0, ""C05"": 0, ""C06"": 1681, ""C07"": 0, ""C08"": 0, ""C09"": 0, ""C10"": 0, ""C11"": 0, ""C12"": 0, ""C13"": 0, ""C14"": 0, ""C15"": 0, ""C16"": 0, ""C17"": 0, ""C18"": 0, ""C19"": 0, ""C20"": 0}","{""C01"": 0.025223454418694113, ""C02"": 0.025223454418694113, ""C03"": 0.025223454418694113, ""C04"": 0.025223454418694113, ""C05"": 0.025223454418694113, ""C06"": 0.024249980872524248, ""C07"": 0.025223454418694113, ""C08"": 0.025223454418694113, ""C09"": 0.025223454418694113, ""C10"": 0.025223454418694113, ""C11"": 0.025223454418694113, ""C12"": 0.025223454418694113, ""C13"": 0.025223454418694113, ""C14"": 0.025223454418694113, ""C15"": 0.025223454418694113, ""C16"": 0.025223454418694113, ""C17"": 0.025223454418694113, ""C18"": 0.025223454418694113, ""C19"": 0.025223454418694113, ""C20"": 0.025223454418694113}"
87,87,1,626,3.540737,20,"{""C01"": 1.718833, ""C02"": 1.890379, ""C03"": 1.649085, ""C04"": 1.698339, ""C05"": 1.449731, ""C06"": 1.908831, ""C07"": 1.714954, ""C08"": 1.682815, ""C09"": 1.759859, ""C10"": 1.392517, ""C11"": 1.471775, ""C12"": 1.790835, ""C13"": 1.722778, ""C14"": 1.738408, ""C15"": 1.770931, ""C16"": 1.467424, ""C17"": 1.757406, ""C18"": 1.714382, ""C19"": 1.901611, ""C20"": 1.503541}","{""C01"": 0, ""C02"": 0, ""C03"": 0, ""C04"": 0, ""C05"": 0, ""C06"": 1111, ""C07"": 0, ""C08"": 0, ""C09"": 0, ""C10"": 0, ""C11"": 0, ""C12"": 0, ""C13"": 0, ""C14"": 0, ""C15"": 0, ""C16"": 0, ""C17"": 0, ""C18"": 0, ""C19"": 568, ""C20"": 0}","{""C01"": 0.025229637719690418, ""C02"": 0.025229637719690418, ""C03"": 0.025229637719690418, ""C04"": 0.025229637719690418, ""C05"": 0.025229637719690418, ""C06"": 0.024586259305010176, ""C07"": 0.025229637719690418, ""C08"": 0.025229637719690418, ""C09"": 0.025229637719690418, ""C10"": 0.025229637719690418, ""C11"": 0.025229637719690418, ""C12"": 0.025229637719690418, ""C13"": 0.025229637719690418, ""C14"": 0.025229637719690418, ""C15"": 0.025229637719690418, ""C16"": 0.025229637719690418, ""C17"": 0.025229637719690418, ""C18"": 0.025229637719690418, ""C19"": 0.024900704560703465, ""C20"": 0.025229637719690418}"
88,88,1,325,1.827899,20,"{""C01"": 1.725521, ""C02"": 1.892404, ""C03"": 1.675179, ""C04"": 1.69755, ""C05"": 1.431585, ""C06"": 1.88176, ""C07"": 1.73785, ""C08"": 1.720017, ""C09"": 1.795899, ""C10"": 1.379917, ""C11"": 1.491726, ""C12"": 1.792299, ""C13"": 1.700093, ""C14"": 1.722396, ""C15"": 1.78288, ""C16"": 1.46805, ""C17"": 1.743136, ""C18"": 1.746661, ""C19"": 1.841979, ""C20"": 1.496749}","{""C01"": 0, ""C02"": 895, ""C03"": 0, ""C04"": 0, ""C05"": 0, ""C06"": 791, ""C07"": 0, ""C08"": 0, ""C09"": 0, ""C10"": 0, ""C11"": 0, ""C12"": 0, ""C13"": 0, ""C14"": 0, ""C15"": 0, ""C16"": 0, ""C17"": 0, ""C18"": 0, ""C19"": 0, ""C20"": 0}","{""C01"": 0.025223908415925464, ""C02"": 0.024705618940934527, ""C03"": 0.025223908415925464, ""C04"": 0.025223908415925464, ""C05"": 0.025223908415925464, ""C06"": 0.02476582763717576, ""C07"": 0.025223908415925464, ""C08"": 0.025223908415925464, ""C09"": 0.025223908415925464, ""C10"": 0.025223908415925464, ""C11"": 0.025223908415925464, ""C12"": 0.025223908415925464, ""C13"": 0.025223908415925464, ""C14"": 0.025223908415925464, ""C15"": 0.025223908415925464, ""C16"": 0.025223908415925464, ""C17"": 0.025223908415925464, ""C18"": 0.025223908415925464, ""C19"": 0.025223908415925464, ""C20"": 0.025223908415925464}"
89,89,1,612,3.450910,20,"{""C01"": 1.702196, ""C02"": 1.876109, ""C03"": 1.680598, ""C04"": 1.757691, ""C05"": 1.398109, ""C06"": 1.919453, ""C07"": 1.76075, ""C08"": 1.715234, ""C09"": 1.756277, ""C10"": 1.395984, ""C11"": 1.499269, ""C12"": 1.812604, ""C13"": 1.691, ""C14"": 1.732947, ""C15"": 1.810328, ""C16"": 1.482643, ""C17"": 1.783484, ""C18"": 1.73031, ""C19"": 1.876306, ""C20"": 1.524017}","{""C01"": 0, ""C02"": 0, ""C03"": 0, ""C04"": 0, ""C05"": 0, ""C06"": 1674, ""C07"": 0, ""C08"": 0, ""C09"": 0, ""C10"": 0, ""C11"": 0, ""C12"": 0, ""C13"": 0, ""C14"": 0, ""C15"": 0, ""C16"": 0, ""C17"": 0, ""C18"": 0, ""C19"": 0, ""C20"": 0}","{""C01"": 0.025233400786377924, ""C02"": 0.025233400786377924, ""C03"": 0.025233400786377924, ""C04"": 0.025233400786377924, ""C05"": 0.025233400786377924, ""C06"": 0.024263978490567918, ""C07"": 0.025233400786377924, ""C08"": 0.025233400786377924, ""C09"": 0.025233400786377924, ""C10"": 0.025233400786377924, ""C11"": 0.025233400786377924, ""C12"": 0.025233400786377924, ""C13"": 0.025233400786377924, ""C14"": 0.025233400786377924, ""C15"": 0.025233400786377924, ""C16"": 0.025233400786377924, ""C17"": 0.025233400786377924, ""C18"": 0.025233400786377924, ""C19"": 0.025233400786377924, ""C20"": 0.025233400786377924}"
90,90,1,1370,7.796681,20,"{""C01"": 1.714887, ""C02"": 1.870778, ""C03"": 1.688768, ""C04"": 1.725022, ""C05"": 1.439871, ""C06"": 1.908932, ""C07"": 1.752113, ""C08"": 1.724353, ""C09"": 1.783168, ""C10"": 1.413258, ""C11"": 1.512567, ""C12"": 1.832345, ""C13"": 1.67095, ""C14"": 1.75805, ""C15"": 1.823671, ""C16"": 1.460624, ""C17"": 1.759026, ""C18"": 1.737533, ""C19"": 1.891573, ""C20"": 1.527369}","{""C01"": 0, ""C02"": 0, ""C03"": 0, ""C04"": 0, ""C05"": 0, ""C06"": 1677, ""C07"": 0, ""C08"": 0, ""C09"": 0, ""C10"": 0, ""C11"": 0, ""C12"": 0, ""C13"": 0, ""C14"": 0, ""C15"": 0, ""C16"": 0, ""C17"": 0, ""C18"": 0, ""C19"": 0, ""C20"": 0}","{""C01"": 0.02522977615785589, ""C02"": 0.02522977615785589, ""C03"": 0.02522977615785589, ""C04"": 0.02522977615785589, ""C05"": 0.02522977615785589, ""C06"": 0.024258616054098014, ""C07"": 0.02522977615785589, ""C08"": 0.02522977615785589, ""C09"": 0.02522977615785589, ""C10"": 0.02522977615785589, ""C11"": 0.02522977615785589, ""C12"": 0.02522977615785589, ""C13"": 0.02522977615785589, ""C14"": 0.02522977615785589, ""C15"": 0.02522977615785589, ""C16"": 0.02522977615785589, ""C17"": 0.02522977615785589, ""C18"": 0.02522977615785589, ""C19"": 0.02522977615785589, ""C20"": 0.02522977615785589}"
91,91,1,885,5.054510,20,"{""C01"": 1.725217, ""C02"": 1.918484, ""C03"": 1.705589, ""C04"": 1.708996, ""C05"": 1.428767, ""C06"": 1.949725, ""C07"": 1.725037, ""C08"": 1.689704, ""C09"": 1.771702, ""C10"": 1.400055, ""C11"": 1.506447, ""C12"": 1.813836, ""C13"": 1.731859, ""C14"": 1.777279, ""C15"": 1.793373, ""C16"": 1.471645, ""C17"": 1.744511, ""C18"": 1.746774, ""C19"": 1.89688, ""C20"": 1.54365}","{""C01"": 0, ""C02"": 0, ""C03"": 0, ""C04"": 0, ""C05"": 0, ""C06"": 1665, ""C07"": 0, ""C08"": 0, ""C09"": 0, ""C10"": 0, ""C11"": 0, ""C12"": 0, ""C13"": 0, ""C14"": 0, ""C15"": 0, ""C16"": 0, ""C17"": 0, ""C18"": 0, ""C19"": 0, ""C20"": 0}","{""C01"": 0.0252434012944477, ""C02"": 0.0252434012944477, ""C03"": 0.0252434012944477, ""C04"": 0.0252434012944477, ""C05"": 0.0252434012944477, ""C06"": 0.024279194577547097, ""C07"": 0.0252434012944477, ""C08"": 0.0252434012944477, ""C09"": 0.0252434012944477, ""C10"": 0.0252434012944477, ""C11"": 0.0252434012944477, ""C12"": 0.0252434012944477, ""C13"": 0.0252434012944477, ""C14"": 0.0252434012944477, ""C15"": 0.0252434012944477, ""C16"": 0.0252434012944477, ""C17"": 0.0252434012944477, ""C18"": 0.0252434012944477, ""C19"": 0.0252434012944477, ""C20"": 0.0252434012944477}"
92,92,1,1543,8.844028,20,"{""C01"": 1.727026, ""C02"": 1.911253, ""C03"": 1.706939, ""C04"": 1.7715, ""C05"": 1.464696, ""C06"": 1.935132, ""C07"": 1.754343, ""C08"": 1.761028, ""C09"": 1.785562, ""C10"": 1.443869, ""C11"": 1.539204, ""C12"": 1.85635, ""C13"": 1.733682, ""C14"": 1.785325, ""C15"": 1.814679, ""C16"": 1.512313, ""C17"": 1.774599, ""C18"": 1.755289, ""C19"": 1.917907, ""C20"": 1.536431}","{""C01"": 0, ""C02"": 0, ""C03"": 0, ""C04"": 0, ""C05"": 0, ""C06"": 1669, ""C07"": 0, ""C08"": 0, ""C09"": 0, ""C10"": 0, ""C11"": 0, ""C12"": 0, ""C13"": 0, ""C14"": 0, ""C15"": 0, ""C16"": 0, ""C17"": 0, ""C18"": 0, ""C19"": 0, ""C20"": 0}","{""C01"": 0.025238421873571615, ""C02"": 0.025238421873571615, ""C03"": 0.025238421873571615, ""C04"": 0.025238421873571615, ""C05"": 0.025238421873571615, ""C06"": 0.02427189843405837, ""C07"": 0.025238421873571615, ""C08"": 0.025238421873571615, ""C09"": 0.025238421873571615, ""C10"": 0.025238421873571615, ""C11"": 0.025238421873571615, ""C12"": 0.025238421873571615, ""C13"": 0.025238421873571615, ""C14"": 0.025238421873571615, ""C15"": 0.025238421873571615, ""C16"": 0.025238421873571615, ""C17"": 0.025238421873571615, ""C18"": 0.025238421873571615, ""C19"": 0.025238421873571615, ""C20"": 0.025238421873571615}"
93,93,1,579,3.326048,20,"{""C01"": 1.747005, ""C02"": 1.944971, ""C03"": 1.684562, ""C04"": 1.754281, ""C05"": 1.461792, ""C06"": 1.936461, ""C07"": 1.769518, ""C08"": 1.724758, ""C09"": 1.764562, ""C10"": 1.429095, ""C11"": 1.500207, ""C12"": 1.823629, ""C13"": 1.709907, ""C14"": 1.746881, ""C15"": 1.811509, ""C16"": 1.500408, ""C17"": 1.742318, ""C18"": 1.801825, ""C19"": 1.914459, ""C20"": 1.566014}","{""C01"": 0, ""C02"": 1084, ""C03"": 0, ""C04"": 0, ""C05"": 0, ""C06"": 585, ""C07"": 0, ""C08"": 0, ""C09"": 0, ""C10"": 0, ""C11"": 0, ""C12"": 0, ""C13"": 0, ""C14"": 0, ""C15"": 0, ""C16"": 0, ""C17"": 0, ""C18"": 0, ""C19"": 0, ""C20"": 0}","{""C01"": 0.025241867268359586, ""C02"": 0.024614127484713137, ""C03"": 0.025241867268359586, ""C04"": 0.025241867268359586, ""C05"": 0.025241867268359586, ""C06"": 0.024903088834865264, ""C07"": 0.025241867268359586, ""C08"": 0.025241867268359586, ""C09"": 0.025241867268359586, ""C10"": 0.025241867268359586, ""C11"": 0.025241867268359586, ""C12"": 0.025241867268359586, ""C13"": 0.025241867268359586, ""C14"": 0.025241867268359586, ""C15"": 0.025241867268359586, ""C16"": 0.025241867268359586, ""C17"": 0.025241867268359586, ""C18"": 0.025241867268359586, ""C19"": 0.025241867268359586, ""C20"": 0.025241867268359586}"
94,94,1,268,1.539649,20,"{""C01"": 1.74206, ""C02"": 1.915407, ""C03"": 1.744185, ""C04"": 1.742201, ""C05"": 1.474415, ""C06"": 1.93188, ""C07"": 1.799436, ""C08"": 1.753426, ""C09"": 1.780181, ""C10"": 1.421065, ""C11"": 1.517356, ""C12"": 1.826579, ""C13"": 1.740396, ""C14"": 1.781122, ""C15"": 1.795222, ""C16"": 1.495137, ""C17"": 1.771436, ""C18"": 1.764607, ""C19"": 1.926987, ""C20"": 1.573066}","{""C01"": 0, ""C02"": 435, ""C03"": 0, ""C04"": 0, ""C05"": 0, ""C06"": 670, ""C07"": 0, ""C08"": 0, ""C09"": 0, ""C10"": 0, ""C11"": 0, ""C12"": 0, ""C13"": 0, ""C14"": 0, ""C15"": 0, ""C16"": 0, ""C17"": 0, ""C18"": 0, ""C19"": 570, ""C20"": 0}","{""C01"": 0.0252372764787204, ""C02"": 0.024985360071226953, ""C03"": 0.0252372764787204, ""C04"": 0.0252372764787204, ""C05"": 0.0252372764787204, ""C06"": 0.024849292269469806, ""C07"": 0.0252372764787204, ""C08"": 0.0252372764787204, ""C09"": 0.0252372764787204, ""C10"": 0.0252372764787204, ""C11"": 0.0252372764787204, ""C12"": 0.0252372764787204, ""C13"": 0.0252372764787204, ""C14"": 0.0252372764787204, ""C15"": 0.0252372764787204, ""C16"": 0.0252372764787204, ""C17"": 0.0252372764787204, ""C18"": 0.0252372764787204, ""C19"": 0.024907191786854934, ""C20"": 0.0252372764787204}"
95,95,1,293,1.665391,20,"{""C01"": 1.787987, ""C02"": 1.952544, ""C03"": 1.697221, ""C04"": 1.764521, ""C05"": 1.478871, ""C06"": 1.964067, ""C07"": 1.793527, ""C08"": 1.751361, ""C09"": 1.781119, ""C10"": 1.415988, ""C11"": 1.541097, ""C12"": 1.86414, ""C13"": 1.751421, ""C14"": 1.791193, ""C15"": 1.825086, ""C16"": 1.502252, ""C17"": 1.800874, ""C18"": 1.775115, ""C19"": 1.900054, ""C20"": 1.594369}","{""C01"": 0, ""C02"": 784, ""C03"": 0, ""C04"": 0, ""C05"": 0, ""C06"": 882, ""C07"": 0, ""C08"": 0, ""C09"": 0, ""C10"": 0, ""C11"": 0, ""C12"": 0, ""C13"": 0, ""C14"": 0, ""C15"": 0, ""C16"": 0, ""C17"": 0, ""C18"": 0, ""C19"": 0, ""C20"": 0}","{""C01"": 0.025248418959147895, ""C02"": 0.02479439262311832, ""C03"": 0.025248418959147895, ""C04"": 0.025248418959147895, ""C05"": 0.025248418959147895, ""C06"": 0.02473766067229449, ""C07"": 0.025248418959147895, ""C08"": 0.025248418959147895, ""C09"": 0.025248418959147895, ""C10"": 0.025248418959147895, ""C11"": 0.025248418959147895, ""C12"": 0.025248418959147895, ""C13"": 0.025248418959147895, ""C14"": 0.025248418959147895, ""C15"": 0.025248418959147895, ""C16"": 0.025248418959147895, ""C17"": 0.025248418959147895, ""C18"": 0.025248418959147895, ""C19"": 0.025248418959147895, ""C20"": 0.025248418959147895}"
96,96,1,537,3.060279,20,"{""C01"": 1.743302, ""C02"": 1.947953, ""C03"": 1.715583, ""C04"": 1.783086, ""C05"": 1.501786, ""C06"": 1.964116, ""C07"": 1.796829, ""C08"": 1.766765, ""C09"": 1.811759, ""C10"": 1.442618, ""C11"": 1.557915, ""C12"": 1.878851, ""C13"": 1.768391, ""C14"": 1.792922, ""C15"": 1.834389, ""C16"": 1.493325, ""C17"": 1.787759, ""C18"": 1.793943, ""C19"": 1.915912, ""C20"": 1.573667}","{""C01"": 0, ""C02"": 592, ""C03"": 0, ""C04"": 0, ""C05"": 0, ""C06"": 1074, ""C07"": 0, ""C08"": 0, ""C09"": 0, ""C10"": 0, ""C11"": 0, ""C12"": 0, ""C13"": 0, ""C14"": 0, ""C15"": 0, ""C16"": 0, ""C17"": 0, ""C18"": 0, ""C19"": 0, ""C20"": 0}","{""C01"": 0.02524828428261576, ""C02"": 0.024905446321153414, ""C03"": 0.02524828428261576, ""C04"": 0.02524828428261576, ""C05"": 0.02524828428261576, ""C06"": 0.02462633649262205, ""C07"": 0.02524828428261576, ""C08"": 0.02524828428261576, ""C09"": 0.02524828428261576, ""C10"": 0.02524828428261576, ""C11"": 0.02524828428261576, ""C12"": 0.02524828428261576, ""C13"": 0.02524828428261576, ""C14"": 0.02524828428261576, ""C15"": 0.02524828428261576, ""C16"": 0.02524828428261576, ""C17"": 0.02524828428261576, ""C18"": 0.02524828428261576, ""C19"": 0.02524828428261576, ""C20"": 0.02524828428261576}"
97,97,1,473,2.700933,20,"{""C01"": 1.749665, ""C02"": 1.940097, ""C03"": 1.739685, ""C04"": 1.773935, ""C05"": 1.506028, ""C06"": 2.001839, ""C07"": 1.808281, ""C08"": 1.767325, ""C09"": 1.84536, ""C10"": 1.47353, ""C11"": 1.582187, ""C12"": 1.862808, ""C13"": 1.757512, ""C14"": 1.833438, ""C15"": 1.801839, ""C16"": 1.505282, ""C17"": 1.816153, ""C18"": 1.810118, ""C19"": 1.926334, ""C20"": 1.563984}","{""C01"": 0, ""C02"": 0, ""C03"": 0, ""C04"": 0, ""C05"": 0, ""C06"": 1652, ""C07"": 0, ""C08"": 0, ""C09"": 0, ""C10"": 0, ""C11"": 0, ""C12"": 0, ""C13"": 0, ""C14"": 0, ""C15"": 0, ""C16"": 0, ""C17"": 0, ""C18"": 0, ""C19"": 0, ""C20"": 0}","{""C01"": 0.02526135793001838, ""C02"": 0.02526135793001838, ""C03"": 0.02526135793001838, ""C04"": 0.02526135793001838, ""C05"": 0.02526135793001838, ""C06"": 0.02430467613705007, ""C07"": 0.02526135793001838, ""C08"": 0.02526135793001838, ""C09"": 0.02526135793001838, ""C10"": 0.02526135793001838, ""C11"": 0.02526135793001838, ""C12"": 0.02526135793001838, ""C13"": 0.02526135793001838, ""C14"": 0.02526135793001838, ""C15"": 0.02526135793001838, ""C16"": 0.02526135793001838, ""C17"": 0.02526135793001838, ""C18"": 0.02526135793001838, ""C19"": 0.02526135793001838, ""C20"": 0.02526135793001838}"
98,98,1,877,5.045583,20,"{""C01"": 1.814742, ""C02"": 1.975843, ""C03"": 1.761456, ""C04"": 1.779295, ""C05"": 1.494787, ""C06"": 1.94312, ""C07"": 1.76651, ""C08"": 1.776141, ""C09"": 1.839435, ""C10"": 1.44149, ""C11"": 1.543953, ""C12"": 1.888621, ""C13"": 1.765251, ""C14"": 1.811049, ""C15"": 1.837713, ""C16"": 1.517052, ""C17"": 1.834911, ""C18"": 1.802631, ""C19"": 1.92015, ""C20"": 1.58809}","{""C01"": 0, ""C02"": 1659, ""C03"": 0, ""C04"": 0, ""C05"": 0, ""C06"": 0, ""C07"": 0, ""C08"": 0, ""C09"": 0, ""C10"": 0, ""C11"": 0, ""C12"": 0, ""C13"": 0, ""C14"": 0, ""C15"": 0, ""C16"": 0, ""C17"": 0, ""C18"": 0, ""C19"": 0, ""C20"": 0}","{""C01"": 0.02525281217639555, ""C02"": 0.024292075731134937, ""C03"": 0.02525281217639555, ""C04"": 0.02525281217639555, ""C05"": 0.02525281217639555, ""C06"": 0.02525281217639555, ""C07"": 0.02525281217639555, ""C08"": 0.02525281217639555, ""C09"": 0.02525281217639555, ""C10"": 0.02525281217639555, ""C11"": 0.02525281217639555, ""C12"": 0.02525281217639555, ""C13"": 0.02525281217639555, ""C14"": 0.02525281217639555, ""C15"": 0.02525281217639555, ""C16"": 0.02525281217639555, ""C17"": 0.02525281217639555, ""C18"": 0.02525281217639555, ""C19"": 0.02525281217639555, ""C20"": 0.02525281217639555}"
99,99,1,1111,6.367437,20,"{""C01"": 1.792804, ""C02"": 1.980169, ""C03"": 1.779949, ""C04"": 1.791097, ""C05"": 1.506866, ""C06"": 1.945591, ""C07"": 1.801375, ""C08"": 1.769239, ""C09"": 1.849486, ""C10"": 1.438775, ""C11"": 1.549826, ""C12"": 1.896633, ""C13"": 1.770861, ""C14"": 1.825718, ""C15"": 1.867896, ""C16"": 1.491017, ""C17"": 1.838583, ""C18"": 1.812971, ""C19"": 1.951088, ""C20"": 1.561336}","{""C01"": 0, ""C02"": 1657, ""C03"": 0, ""C04"": 0, ""C05"": 0, ""C06"": 0, ""C07"": 0, ""C08"": 0, ""C09"": 0, ""C10"": 0, ""C11"": 0, ""C12"": 0, ""C13"": 0, ""C14"": 0, ""C15"": 0, ""C16"": 0, ""C17"": 0, ""C18"": 0, ""C19"": 0, ""C20"": 0}","{""C01"": 0.02525376172026758, ""C02"": 0.024294187447612754, ""C03"": 0.02525376172026758, ""C04"": 0.02525376172026758, ""C05"": 0.02525376172026758, ""C06"": 0.02525376172026758, ""C07"": 0.02525376172026758, ""C08"": 0.02525376172026758, ""C09"": 0.02525376172026758, ""C10"": 0.02525376172026758, ""C11"": 0.02525376172026758, ""C12"": 0.02525376172026758, ""C13"": 0.02525376172026758, ""C14"": 0.02525376172026758, ""C15"": 0.02525376172026758, ""C16"": 0.02525376172026758, ""C17"": 0.02525376172026758, ""C18"": 0.02525376172026758, ""C19"": 0.02525376172026758, ""C20"": 0.02525376172026758}"
100,100,1,246,1.416400,20,"{""C01"": 1.803214, ""C02"": 1.982811, ""C03"": 1.732598, ""C04"": 1.768858, ""C05"": 1.514451, ""C06"": 1.971804, ""C07"": 1.799237, ""C08"": 1.771629, ""C09"": 1.828298, ""C10"": 1.444817, ""C11"": 1.533873, ""C12"": 1.909357, ""C13"": 1.808745, ""C14"": 1.812937, ""C15"": 1.835541, ""C16"": 1.528172, ""C17"": 1.875665, ""C18"": 1.836515, ""C19"": 1.900391, ""C20"": 1.597879}","{""C01"": 0, ""C02"": 885, ""C03"": 0, ""C04"": 0, ""C05"": 0, ""C06"": 776, ""C07"": 0, ""C08"": 0, ""C09"": 0, ""C10"": 0, ""C11"": 0, ""C12"": 0, ""C13"": 0, ""C14"": 0, ""C15"": 0, ""C16"": 0, ""C17"": 0, ""C18"": 0, ""C19"": 0, ""C20"": 0}","{""C01"": 0.025254872232884362, ""C02"": 0.02474237540813157, ""C03"": 0.025254872232884362, ""C04"": 0.025254872232884362, ""C05"": 0.025254872232884362, ""C06"": 0.024805479014120037, ""C07"": 0.025254872232884362, ""C08"": 0.025254872232884362, ""C09"": 0.025254872232884362, ""C10"": 0.025254872232884362, ""C11"": 0.025254872232884362, ""C12"": 0.025254872232884362, ""C13"": 0.025254872232884362, ""C14"": 0.025254872232884362, ""C15"": 0.025254872232884362, ""C16"": 0.025254872232884362, ""C17"": 0.025254872232884362, ""C18"": 0.025254872232884362, ""C19"": 0.025254872232884362, ""C20"": 0.025254872232884362}"
