game_id,iter_idx,converged,rounds,duration_sec,player_count,quality_scores_json,final_datasizes_json,final_payoffs_json
1,1,1,547,5.872278,25,"{""C01"": 0.880151, ""C02"": 0.873988, ""C03"": 1.180655, ""C04"": 1.011534, ""C05"": 0.869302, ""C06"": 0.978365, ""C07"": 0.694402, ""C08"": 1.180732, ""C09"": 1.122057, ""C10"": 1.253261, ""C11"": 1.014445, ""C12"": 1.23146, ""C13"": 0.902928, ""C14"": 0.899047, ""C15"": 0.938696, ""C16"": 0.905011, ""C17"": 1.248568, ""C18"": 1.039342, ""C19"": 1.227534, ""C20"": 1.20312, ""C21"": 1.039825, ""C22"": 1.162554, ""C23"": 1.03314, ""C24"": 0.779833, ""C25"": 1.04883}","{""C01"": 0, ""C02"": 0, ""C03"": 0, ""C04"": 0, ""C05"": 0, ""C06"": 0, ""C07"": 0, ""C08"": 0, ""C09"": 0, ""C10"": 1034, ""C11"": 0, ""C12"": 0, ""C13"": 0, ""C14"": 0, ""C15"": 0, ""C16"": 0, ""C17"": 883, ""C18"": 0, ""C19"": 0, ""C20"": 0, ""C21"": 0, ""C22"": 0, ""C23"": 0, ""C24"": 0, ""C25"": 0}","{""C01"": 0.024927655741925583, ""C02"": 0.024927655741925583, ""C03"": 0.024927655741925583, ""C04"": 0.024927655741925583, ""C05"": 0.024927655741925583, ""C06"": 0.024927655741925583, ""C07"": 0.024927655741925583, ""C08"": 0.024927655741925583, ""C09"": 0.024927655741925583, ""C10"": 0.02432886725495862, ""C11"": 0.024927655741925583, ""C12"": 0.024927655741925583, ""C13"": 0.024927655741925583, ""C14"": 0.024927655741925583, ""C15"": 0.024927655741925583, ""C16"": 0.024927655741925583, ""C17"": 0.02441629883882296, ""C18"": 0.024927655741925583, ""C19"": 0.024927655741925583, ""C20"": 0.024927655741925583, ""C21"": 0.024927655741925583, ""C22"": 0.024927655741925583, ""C23"": 0.024927655741925583, ""C24"": 0.024927655741925583, ""C25"": 0.024927655741925583}"
2,2,1,575,5.646272,25,"{""C01"": 0.880151, ""C02"": 1.122178, ""C03"": 1.180655, ""C04"": 1.011534, ""C05"": 1.117593, ""C06"": 1.060013, ""C07"": 1.056273, ""C08"": 1.180732, ""C09"": 1.122057, ""C10"": 1.253261, ""C11"": 1.014445, ""C12"": 1.23146, ""C13"": 1.268704, ""C14"": 1.153129, ""C15"": 0.938696, ""C16"": 0.905011, ""C17"": 1.248568, ""C18"": 1.039342, ""C19"": 1.227534, ""C20"": 1.20312, ""C21"": 1.039825, ""C22"": 1.162554, ""C23"": 1.301902, ""C24"": 1.076322, ""C25"": 1.115657}","{""C01"": 0, ""C02"": 0, ""C03"": 0, ""C04"": 0, ""C05"": 0, ""C06"": 0, ""C07"": 0, ""C08"": 0, ""C09"": 0, ""C10"": 0, ""C11"": 0, ""C12"": 0, ""C13"": 0, ""C14"": 0, ""C15"": 0, ""C16"": 0, ""C17"": 0, ""C18"": 0, ""C19"": 0, ""C20"": 0, ""C21"": 0, ""C22"": 0, ""C23"": 1891, ""C24"": 0, ""C25"": 0}","{""C01"": 0.024956671569506345, ""C02"": 0.024956671569506345, ""C03"": 0.024956671569506345, ""C04"": 0.024956671569506345, ""C05"": 0.024956671569506345, ""C06"": 0.024956671569506345, ""C07"": 0.024956671569506345, ""C08"": 0.024956671569506345, ""C09"": 0.024956671569506345, ""C10"": 0.024956671569506345, ""C11"": 0.024956671569506345, ""C12"": 0.024956671569506345, ""C13"": 0.024956671569506345, ""C14"": 0.024956671569506345, ""C15"": 0.024956671569506345, ""C16"": 0.024956671569506345, ""C17"": 0.024956671569506345, ""C18"": 0.024956671569506345, ""C19"": 0.024956671569506345, ""C20"": 0.024956671569506345, ""C21"": 0.024956671569506345, ""C22"": 0.024956671569506345, ""C23"": 0.023861579225074245, ""C24"": 0.024956671569506345, ""C25"": 0.024956671569506345}"
3,3,1,650,6.814196,25,"{""C01"": 1.063991, ""C02"": 1.122178, ""C03"": 1.180655, ""C04"": 1.19655, ""C05"": 1.117593, ""C06"": 1.313826, ""C07"": 1.056273, ""C08"": 1.329565, ""C09"": 1.265678, ""C10"": 1.253261, ""C11"": 1.236015, ""C12"": 1.23146, ""C13"": 1.268704, ""C14"": 1.153129, ""C15"": 1.153866, ""C16"": 1.152934, ""C17"": 1.248568, ""C18"": 1.147338, ""C19"": 1.227534, ""C20"": 1.20312, ""C21"": 1.349034, ""C22"": 1.358853, ""C23"": 1.301902, ""C24"": 1.076322, ""C25"": 1.115657}","{""C01"": 0, ""C02"": 0, ""C03"": 0, ""C04"": 0, ""C05"": 0, ""C06"": 0, ""C07"": 0, ""C08"": 0, ""C09"": 0, ""C10"": 0, ""C11"": 0, ""C12"": 0, ""C13"": 0, ""C14"": 0, ""C15"": 0, ""C16"": 0, ""C17"": 0, ""C18"": 0, ""C19"": 0, ""C20"": 0, ""C21"": 642, ""C22"": 1228, ""C23"": 0, ""C24"": 0, ""C25"": 0}","{""C01"": 0.024988631772626405, ""C02"": 0.024988631772626405, ""C03"": 0.024988631772626405, ""C04"": 0.024988631772626405, ""C05"": 0.024988631772626405, ""C06"": 0.024988631772626405, ""C07"": 0.024988631772626405, ""C08"": 0.024988631772626405, ""C09"": 0.024988631772626405, ""C10"": 0.024988631772626405, ""C11"": 0.024988631772626405, ""C12"": 0.024988631772626405, ""C13"": 0.024988631772626405, ""C14"": 0.024988631772626405, ""C15"": 0.024988631772626405, ""C16"": 0.024988631772626405, ""C17"": 0.024988631772626405, ""C18"": 0.024988631772626405, ""C19"": 0.024988631772626405, ""C20"": 0.024988631772626405, ""C21"": 0.024616837902256765, ""C22"": 0.0242774969499426, ""C23"": 0.024988631772626405, ""C24"": 0.024988631772626405, ""C25"": 0.024988631772626405}"
4,4,1,555,4.813357,25,"{""C01"": 1.063991, ""C02"": 1.265219, ""C03"": 1.180655, ""C04"": 1.19655, ""C05"": 1.263297, ""C06"": 1.313826, ""C07"": 1.166703, ""C08"": 1.329565, ""C09"": 1.265678, ""C10"": 1.253261, ""C11"": 1.236015, ""C12"": 1.23146, ""C13"": 1.268704, ""C14"": 1.153129, ""C15"": 1.153866, ""C16"": 1.152934, ""C17"": 1.248568, ""C18"": 1.147338, ""C19"": 1.227534, ""C20"": 1.20312, ""C21"": 1.349034, ""C22"": 1.358853, ""C23"": 1.301902, ""C24"": 1.239547, ""C25"": 1.279471}","{""C01"": 0, ""C02"": 0, ""C03"": 0, ""C04"": 0, ""C05"": 0, ""C06"": 0, ""C07"": 0, ""C08"": 0, ""C09"": 0, ""C10"": 0, ""C11"": 0, ""C12"": 0, ""C13"": 0, ""C14"": 0, ""C15"": 0, ""C16"": 0, ""C17"": 0, ""C18"": 0, ""C19"": 0, ""C20"": 0, ""C21"": 693, ""C22"": 1178, ""C23"": 0, ""C24"": 0, ""C25"": 0}","{""C01"": 0.024989000232745237, ""C02"": 0.024989000232745237, ""C03"": 0.024989000232745237, ""C04"": 0.024989000232745237, ""C05"": 0.024989000232745237, ""C06"": 0.024989000232745237, ""C07"": 0.024989000232745237, ""C08"": 0.024989000232745237, ""C09"": 0.024989000232745237, ""C10"": 0.024989000232745237, ""C11"": 0.024989000232745237, ""C12"": 0.024989000232745237, ""C13"": 0.024989000232745237, ""C14"": 0.024989000232745237, ""C15"": 0.024989000232745237, ""C16"": 0.024989000232745237, ""C17"": 0.024989000232745237, ""C18"": 0.024989000232745237, ""C19"": 0.024989000232745237, ""C20"": 0.024989000232745237, ""C21"": 0.02458767133529016, ""C22"": 0.02430681875222237, ""C23"": 0.024989000232745237, ""C24"": 0.024989000232745237, ""C25"": 0.024989000232745237}"
5,5,1,844,7.288415,25,"{""C01"": 1.198972, ""C02"": 1.265219, ""C03"": 1.180655, ""C04"": 1.312616, ""C05"": 1.263297, ""C06"": 1.313826, ""C07"": 1.166703, ""C08"": 1.329565, ""C09"": 1.265678, ""C10"": 1.253261, ""C11"": 1.236015, ""C12"": 1.23146, ""C13"": 1.268704, ""C14"": 1.182068, ""C15"": 1.355625, ""C16"": 1.359402, ""C17"": 1.248568, ""C18"": 1.147338, ""C19"": 1.227534, ""C20"": 1.20312, ""C21"": 1.349034, ""C22"": 1.358853, ""C23"": 1.367132, ""C24"": 1.239547, ""C25"": 1.279471}","{""C01"": 0, ""C02"": 0, ""C03"": 0, ""C04"": 0, ""C05"": 0, ""C06"": 0, ""C07"": 0, ""C08"": 0, ""C09"": 0, ""C10"": 0, ""C11"": 0, ""C12"": 0, ""C13"": 0, ""C14"": 0, ""C15"": 0, ""C16"": 413, ""C17"": 0, ""C18"": 0, ""C19"": 0, ""C20"": 0, ""C21"": 0, ""C22"": 378, ""C23"": 1076, ""C24"": 0, ""C25"": 0}","{""C01"": 0.02499349604709092, ""C02"": 0.02499349604709092, ""C03"": 0.02499349604709092, ""C04"": 0.02499349604709092, ""C05"": 0.02499349604709092, ""C06"": 0.02499349604709092, ""C07"": 0.02499349604709092, ""C08"": 0.02499349604709092, ""C09"": 0.02499349604709092, ""C10"": 0.02499349604709092, ""C11"": 0.02499349604709092, ""C12"": 0.02499349604709092, ""C13"": 0.02499349604709092, ""C14"": 0.02499349604709092, ""C15"": 0.02499349604709092, ""C16"": 0.024754321279938797, ""C17"": 0.02499349604709092, ""C18"": 0.02499349604709092, ""C19"": 0.02499349604709092, ""C20"": 0.02499349604709092, ""C21"": 0.02499349604709092, ""C22"": 0.02477458988653659, ""C23"": 0.024370384944931933, ""C24"": 0.02499349604709092, ""C25"": 0.02499349604709092}"
6,6,1,636,5.451931,25,"{""C01"": 1.198972, ""C02"": 1.265219, ""C03"": 1.256179, ""C04"": 1.312616, ""C05"": 1.263297, ""C06"": 1.373696, ""C07"": 1.166703, ""C08"": 1.353812, ""C09"": 1.30897, ""C10"": 1.253261, ""C11"": 1.308568, ""C12"": 1.354379, ""C13"": 1.268704, ""C14"": 1.182068, ""C15"": 1.355625, ""C16"": 1.359402, ""C17"": 1.248568, ""C18"": 1.236875, ""C19"": 1.393898, ""C20"": 1.20312, ""C21"": 1.517362, ""C22"": 1.519141, ""C23"": 1.368598, ""C24"": 1.239547, ""C25"": 1.564122}","{""C01"": 0, ""C02"": 0, ""C03"": 0, ""C04"": 0, ""C05"": 0, ""C06"": 0, ""C07"": 0, ""C08"": 0, ""C09"": 0, ""C10"": 0, ""C11"": 0, ""C12"": 0, ""C13"": 0, ""C14"": 0, ""C15"": 0, ""C16"": 0, ""C17"": 0, ""C18"": 0, ""C19"": 0, ""C20"": 0, ""C21"": 0, ""C22"": 0, ""C23"": 0, ""C24"": 0, ""C25"": 1785}","{""C01"": 0.025091579056911312, ""C02"": 0.025091579056911312, ""C03"": 0.025091579056911312, ""C04"": 0.025091579056911312, ""C05"": 0.025091579056911312, ""C06"": 0.025091579056911312, ""C07"": 0.025091579056911312, ""C08"": 0.025091579056911312, ""C09"": 0.025091579056911312, ""C10"": 0.025091579056911312, ""C11"": 0.025091579056911312, ""C12"": 0.025091579056911312, ""C13"": 0.025091579056911312, ""C14"": 0.025091579056911312, ""C15"": 0.025091579056911312, ""C16"": 0.025091579056911312, ""C17"": 0.025091579056911312, ""C18"": 0.025091579056911312, ""C19"": 0.025091579056911312, ""C20"": 0.025091579056911312, ""C21"": 0.025091579056911312, ""C22"": 0.025091579056911312, ""C23"": 0.025091579056911312, ""C24"": 0.025091579056911312, ""C25"": 0.024057875545656245}"
7,7,1,493,6.577376,25,"{""C01"": 1.198972, ""C02"": 1.279792, ""C03"": 1.256179, ""C04"": 1.312616, ""C05"": 1.291553, ""C06"": 1.373696, ""C07"": 1.368842, ""C08"": 1.353812, ""C09"": 1.30897, ""C10"": 1.261192, ""C11"": 1.308568, ""C12"": 1.354379, ""C13"": 1.268704, ""C14"": 1.419344, ""C15"": 1.355625, ""C16"": 1.359402, ""C17"": 1.29497, ""C18"": 1.236875, ""C19"": 1.393898, ""C20"": 1.288742, ""C21"": 1.517362, ""C22"": 1.519141, ""C23"": 1.368598, ""C24"": 1.518759, ""C25"": 1.575381}","{""C01"": 0, ""C02"": 0, ""C03"": 0, ""C04"": 0, ""C05"": 0, ""C06"": 0, ""C07"": 0, ""C08"": 0, ""C09"": 0, ""C10"": 0, ""C11"": 0, ""C12"": 0, ""C13"": 0, ""C14"": 0, ""C15"": 0, ""C16"": 0, ""C17"": 0, ""C18"": 0, ""C19"": 0, ""C20"": 0, ""C21"": 0, ""C22"": 0, ""C23"": 0, ""C24"": 0, ""C25"": 1781}","{""C01"": 0.02509670932891711, ""C02"": 0.02509670932891711, ""C03"": 0.02509670932891711, ""C04"": 0.02509670932891711, ""C05"": 0.02509670932891711, ""C06"": 0.02509670932891711, ""C07"": 0.02509670932891711, ""C08"": 0.02509670932891711, ""C09"": 0.02509670932891711, ""C10"": 0.02509670932891711, ""C11"": 0.02509670932891711, ""C12"": 0.02509670932891711, ""C13"": 0.02509670932891711, ""C14"": 0.02509670932891711, ""C15"": 0.02509670932891711, ""C16"": 0.02509670932891711, ""C17"": 0.02509670932891711, ""C18"": 0.02509670932891711, ""C19"": 0.02509670932891711, ""C20"": 0.02509670932891711, ""C21"": 0.02509670932891711, ""C22"": 0.02509670932891711, ""C23"": 0.02509670932891711, ""C24"": 0.02509670932891711, ""C25"": 0.024065322253232296}"
8,8,1,207,3.051565,25,"{""C01"": 1.237051, ""C02"": 1.279792, ""C03"": 1.256179, ""C04"": 1.32733, ""C05"": 1.291553, ""C06"": 1.373696, ""C07"": 1.368842, ""C08"": 1.353812, ""C09"": 1.461397, ""C10"": 1.261192, ""C11"": 1.461231, ""C12"": 1.354379, ""C13"": 1.308717, ""C14"": 1.419344, ""C15"": 1.401096, ""C16"": 1.403105, ""C17"": 1.29497, ""C18"": 1.236875, ""C19"": 1.393898, ""C20"": 1.288742, ""C21"": 1.517362, ""C22"": 1.756116, ""C23"": 1.572996, ""C24"": 1.518759, ""C25"": 1.575381}","{""C01"": 0, ""C02"": 0, ""C03"": 0, ""C04"": 0, ""C05"": 0, ""C06"": 0, ""C07"": 0, ""C08"": 0, ""C09"": 0, ""C10"": 0, ""C11"": 0, ""C12"": 0, ""C13"": 0, ""C14"": 0, ""C15"": 0, ""C16"": 0, ""C17"": 0, ""C18"": 0, ""C19"": 0, ""C20"": 0, ""C21"": 0, ""C22"": 1721, ""C23"": 0, ""C24"": 0, ""C25"": 0}","{""C01"": 0.02517270088141113, ""C02"": 0.02517270088141113, ""C03"": 0.02517270088141113, ""C04"": 0.02517270088141113, ""C05"": 0.02517270088141113, ""C06"": 0.02517270088141113, ""C07"": 0.02517270088141113, ""C08"": 0.02517270088141113, ""C09"": 0.02517270088141113, ""C10"": 0.02517270088141113, ""C11"": 0.02517270088141113, ""C12"": 0.02517270088141113, ""C13"": 0.02517270088141113, ""C14"": 0.02517270088141113, ""C15"": 0.02517270088141113, ""C16"": 0.02517270088141113, ""C17"": 0.02517270088141113, ""C18"": 0.02517270088141113, ""C19"": 0.02517270088141113, ""C20"": 0.02517270088141113, ""C21"": 0.02517270088141113, ""C22"": 0.024176062249992067, ""C23"": 0.02517270088141113, ""C24"": 0.02517270088141113, ""C25"": 0.02517270088141113}"
9,9,1,304,3.043275,25,"{""C01"": 1.237051, ""C02"": 1.279792, ""C03"": 1.279111, ""C04"": 1.32733, ""C05"": 1.291553, ""C06"": 1.379583, ""C07"": 1.489455, ""C08"": 1.360003, ""C09"": 1.461397, ""C10"": 1.464703, ""C11"": 1.461231, ""C12"": 1.416181, ""C13"": 1.308717, ""C14"": 1.419344, ""C15"": 1.401096, ""C16"": 1.403105, ""C17"": 1.415723, ""C18"": 1.319542, ""C19"": 1.400012, ""C20"": 1.409865, ""C21"": 1.64648, ""C22"": 1.756116, ""C23"": 1.58216, ""C24"": 1.866, ""C25"": 1.740203}","{""C01"": 0, ""C02"": 0, ""C03"": 0, ""C04"": 0, ""C05"": 0, ""C06"": 0, ""C07"": 0, ""C08"": 0, ""C09"": 0, ""C10"": 0, ""C11"": 0, ""C12"": 0, ""C13"": 0, ""C14"": 0, ""C15"": 0, ""C16"": 0, ""C17"": 0, ""C18"": 0, ""C19"": 0, ""C20"": 0, ""C21"": 0, ""C22"": 0, ""C23"": 0, ""C24"": 1689, ""C25"": 0}","{""C01"": 0.025214433895012517, ""C02"": 0.025214433895012517, ""C03"": 0.025214433895012517, ""C04"": 0.025214433895012517, ""C05"": 0.025214433895012517, ""C06"": 0.025214433895012517, ""C07"": 0.025214433895012517, ""C08"": 0.025214433895012517, ""C09"": 0.025214433895012517, ""C10"": 0.025214433895012517, ""C11"": 0.025214433895012517, ""C12"": 0.025214433895012517, ""C13"": 0.025214433895012517, ""C14"": 0.025214433895012517, ""C15"": 0.025214433895012517, ""C16"": 0.025214433895012517, ""C17"": 0.025214433895012517, ""C18"": 0.025214433895012517, ""C19"": 0.025214433895012517, ""C20"": 0.025214433895012517, ""C21"": 0.025214433895012517, ""C22"": 0.025214433895012517, ""C23"": 0.025214433895012517, ""C24"": 0.024236324609528074, ""C25"": 0.025214433895012517}"
10,10,1,195,1.745049,25,"{""C01"": 1.388766, ""C02"": 1.279792, ""C03"": 1.279111, ""C04"": 1.32733, ""C05"": 1.291553, ""C06"": 1.379583, ""C07"": 1.489455, ""C08"": 1.360003, ""C09"": 1.461397, ""C10"": 1.464703, ""C11"": 1.461231, ""C12"": 1.416181, ""C13"": 1.453951, ""C14"": 1.435176, ""C15"": 1.401096, ""C16"": 1.403105, ""C17"": 1.415723, ""C18"": 1.319542, ""C19"": 1.400012, ""C20"": 1.409865, ""C21"": 1.64648, ""C22"": 1.756116, ""C23"": 1.850922, ""C24"": 1.866, ""C25"": 1.740203}","{""C01"": 0, ""C02"": 0, ""C03"": 0, ""C04"": 0, ""C05"": 0, ""C06"": 0, ""C07"": 0, ""C08"": 0, ""C09"": 0, ""C10"": 0, ""C11"": 0, ""C12"": 0, ""C13"": 0, ""C14"": 0, ""C15"": 0, ""C16"": 0, ""C17"": 0, ""C18"": 0, ""C19"": 0, ""C20"": 0, ""C21"": 0, ""C22"": 0, ""C23"": 781, ""C24"": 914, ""C25"": 0}","{""C01"": 0.02521425245401275, ""C02"": 0.02521425245401275, ""C03"": 0.02521425245401275, ""C04"": 0.02521425245401275, ""C05"": 0.02521425245401275, ""C06"": 0.02521425245401275, ""C07"": 0.02521425245401275, ""C08"": 0.02521425245401275, ""C09"": 0.02521425245401275, ""C10"": 0.02521425245401275, ""C11"": 0.02521425245401275, ""C12"": 0.02521425245401275, ""C13"": 0.02521425245401275, ""C14"": 0.02521425245401275, ""C15"": 0.02521425245401275, ""C16"": 0.02521425245401275, ""C17"": 0.02521425245401275, ""C18"": 0.02521425245401275, ""C19"": 0.02521425245401275, ""C20"": 0.02521425245401275, ""C21"": 0.02521425245401275, ""C22"": 0.02521425245401275, ""C23"": 0.024761961156880837, ""C24"": 0.024684961156723688, ""C25"": 0.02521425245401275}"
11,11,1,361,3.250007,25,"{""C01"": 1.388766, ""C02"": 1.279792, ""C03"": 1.375559, ""C04"": 1.32733, ""C05"": 1.291553, ""C06"": 1.524962, ""C07"": 1.489455, ""C08"": 1.467763, ""C09"": 1.469585, ""C10"": 1.464703, ""C11"": 1.461231, ""C12"": 1.52421, ""C13"": 1.453951, ""C14"": 1.435176, ""C15"": 1.401096, ""C16"": 1.403105, ""C17"": 1.415723, ""C18"": 1.427538, ""C19"": 1.400012, ""C20"": 1.409865, ""C21"": 1.864594, ""C22"": 1.862632, ""C23"": 1.850922, ""C24"": 1.866, ""C25"": 1.962172}","{""C01"": 0, ""C02"": 0, ""C03"": 0, ""C04"": 0, ""C05"": 0, ""C06"": 0, ""C07"": 0, ""C08"": 0, ""C09"": 0, ""C10"": 0, ""C11"": 0, ""C12"": 0, ""C13"": 0, ""C14"": 0, ""C15"": 0, ""C16"": 0, ""C17"": 0, ""C18"": 0, ""C19"": 0, ""C20"": 0, ""C21"": 0, ""C22"": 0, ""C23"": 0, ""C24"": 0, ""C25"": 1662}","{""C01"": 0.02524783234742528, ""C02"": 0.02524783234742528, ""C03"": 0.02524783234742528, ""C04"": 0.02524783234742528, ""C05"": 0.02524783234742528, ""C06"": 0.02524783234742528, ""C07"": 0.02524783234742528, ""C08"": 0.02524783234742528, ""C09"": 0.02524783234742528, ""C10"": 0.02524783234742528, ""C11"": 0.02524783234742528, ""C12"": 0.02524783234742528, ""C13"": 0.02524783234742528, ""C14"": 0.02524783234742528, ""C15"": 0.02524783234742528, ""C16"": 0.02524783234742528, ""C17"": 0.02524783234742528, ""C18"": 0.02524783234742528, ""C19"": 0.02524783234742528, ""C20"": 0.02524783234742528, ""C21"": 0.02524783234742528, ""C22"": 0.02524783234742528, ""C23"": 0.02524783234742528, ""C24"": 0.02524783234742528, ""C25"": 0.02428536144985082}"
12,12,1,367,4.387474,25,"{""C01"": 1.388766, ""C02"": 1.329419, ""C03"": 1.375559, ""C04"": 1.32733, ""C05"": 1.341762, ""C06"": 1.524962, ""C07"": 1.489455, ""C08"": 1.467763, ""C09"": 1.469585, ""C10"": 1.464703, ""C11"": 1.461231, ""C12"": 1.52421, ""C13"": 1.453951, ""C14"": 1.54334, ""C15"": 1.401096, ""C16"": 1.403105, ""C17"": 1.415723, ""C18"": 1.427538, ""C19"": 1.400012, ""C20"": 1.409865, ""C21"": 1.864594, ""C22"": 1.862632, ""C23"": 1.850922, ""C24"": 1.872792, ""C25"": 1.962172}","{""C01"": 0, ""C02"": 0, ""C03"": 0, ""C04"": 0, ""C05"": 0, ""C06"": 0, ""C07"": 0, ""C08"": 0, ""C09"": 0, ""C10"": 0, ""C11"": 0, ""C12"": 0, ""C13"": 0, ""C14"": 0, ""C15"": 0, ""C16"": 0, ""C17"": 0, ""C18"": 0, ""C19"": 0, ""C20"": 0, ""C21"": 0, ""C22"": 0, ""C23"": 0, ""C24"": 0, ""C25"": 1662}","{""C01"": 0.02524783234742528, ""C02"": 0.02524783234742528, ""C03"": 0.02524783234742528, ""C04"": 0.02524783234742528, ""C05"": 0.02524783234742528, ""C06"": 0.02524783234742528, ""C07"": 0.02524783234742528, ""C08"": 0.02524783234742528, ""C09"": 0.02524783234742528, ""C10"": 0.02524783234742528, ""C11"": 0.02524783234742528, ""C12"": 0.02524783234742528, ""C13"": 0.02524783234742528, ""C14"": 0.02524783234742528, ""C15"": 0.02524783234742528, ""C16"": 0.02524783234742528, ""C17"": 0.02524783234742528, ""C18"": 0.02524783234742528, ""C19"": 0.02524783234742528, ""C20"": 0.02524783234742528, ""C21"": 0.02524783234742528, ""C22"": 0.02524783234742528, ""C23"": 0.02524783234742528, ""C24"": 0.02524783234742528, ""C25"": 0.02428536144985082}"
13,13,1,366,3.310573,25,"{""C01"": 1.388766, ""C02"": 1.329419, ""C03"": 1.375559, ""C04"": 1.379097, ""C05"": 1.341762, ""C06"": 1.524962, ""C07"": 1.489455, ""C08"": 1.467763, ""C09"": 1.469585, ""C10"": 1.464703, ""C11"": 1.461231, ""C12"": 1.52421, ""C13"": 1.453951, ""C14"": 1.54334, ""C15"": 1.494094, ""C16"": 1.499785, ""C17"": 1.415723, ""C18"": 1.427538, ""C19"": 1.400012, ""C20"": 1.409865, ""C21"": 1.864594, ""C22"": 1.862632, ""C23"": 1.857209, ""C24"": 1.872792, ""C25"": 1.962172}","{""C01"": 0, ""C02"": 0, ""C03"": 0, ""C04"": 0, ""C05"": 0, ""C06"": 0, ""C07"": 0, ""C08"": 0, ""C09"": 0, ""C10"": 0, ""C11"": 0, ""C12"": 0, ""C13"": 0, ""C14"": 0, ""C15"": 0, ""C16"": 0, ""C17"": 0, ""C18"": 0, ""C19"": 0, ""C20"": 0, ""C21"": 0, ""C22"": 0, ""C23"": 0, ""C24"": 0, ""C25"": 1662}","{""C01"": 0.02524783234742528, ""C02"": 0.02524783234742528, ""C03"": 0.02524783234742528, ""C04"": 0.02524783234742528, ""C05"": 0.02524783234742528, ""C06"": 0.02524783234742528, ""C07"": 0.02524783234742528, ""C08"": 0.02524783234742528, ""C09"": 0.02524783234742528, ""C10"": 0.02524783234742528, ""C11"": 0.02524783234742528, ""C12"": 0.02524783234742528, ""C13"": 0.02524783234742528, ""C14"": 0.02524783234742528, ""C15"": 0.02524783234742528, ""C16"": 0.02524783234742528, ""C17"": 0.02524783234742528, ""C18"": 0.02524783234742528, ""C19"": 0.02524783234742528, ""C20"": 0.02524783234742528, ""C21"": 0.02524783234742528, ""C22"": 0.02524783234742528, ""C23"": 0.02524783234742528, ""C24"": 0.02524783234742528, ""C25"": 0.02428536144985082}"
14,14,1,361,3.259385,25,"{""C01"": 1.388766, ""C02"": 1.329419, ""C03"": 1.375559, ""C04"": 1.379097, ""C05"": 1.341762, ""C06"": 1.524962, ""C07"": 1.489455, ""C08"": 1.468636, ""C09"": 1.469585, ""C10"": 1.534441, ""C11"": 1.461231, ""C12"": 1.52421, ""C13"": 1.453951, ""C14"": 1.54334, ""C15"": 1.494094, ""C16"": 1.499785, ""C17"": 1.559367, ""C18"": 1.427538, ""C19"": 1.523199, ""C20"": 1.517421, ""C21"": 1.920995, ""C22"": 1.898025, ""C23"": 1.857209, ""C24"": 1.872792, ""C25"": 2.015264}","{""C01"": 0, ""C02"": 0, ""C03"": 0, ""C04"": 0, ""C05"": 0, ""C06"": 0, ""C07"": 0, ""C08"": 0, ""C09"": 0, ""C10"": 0, ""C11"": 0, ""C12"": 0, ""C13"": 0, ""C14"": 0, ""C15"": 0, ""C16"": 0, ""C17"": 0, ""C18"": 0, ""C19"": 0, ""C20"": 0, ""C21"": 0, ""C22"": 0, ""C23"": 0, ""C24"": 0, ""C25"": 1648}","{""C01"": 0.025265462203002895, ""C02"": 0.025265462203002895, ""C03"": 0.025265462203002895, ""C04"": 0.025265462203002895, ""C05"": 0.025265462203002895, ""C06"": 0.025265462203002895, ""C07"": 0.025265462203002895, ""C08"": 0.025265462203002895, ""C09"": 0.025265462203002895, ""C10"": 0.025265462203002895, ""C11"": 0.025265462203002895, ""C12"": 0.025265462203002895, ""C13"": 0.025265462203002895, ""C14"": 0.025265462203002895, ""C15"": 0.025265462203002895, ""C16"": 0.025265462203002895, ""C17"": 0.025265462203002895, ""C18"": 0.025265462203002895, ""C19"": 0.025265462203002895, ""C20"": 0.025265462203002895, ""C21"": 0.025265462203002895, ""C22"": 0.025265462203002895, ""C23"": 0.025265462203002895, ""C24"": 0.025265462203002895, ""C25"": 0.02431109929695496}"
15,15,1,329,2.973932,25,"{""C01"": 1.388766, ""C02"": 1.329419, ""C03"": 1.375559, ""C04"": 1.379097, ""C05"": 1.341762, ""C06"": 1.524962, ""C07"": 1.489455, ""C08"": 1.468636, ""C09"": 1.469585, ""C10"": 1.534441, ""C11"": 1.461231, ""C12"": 1.52421, ""C13"": 1.529443, ""C14"": 1.54334, ""C15"": 1.494094, ""C16"": 1.499785, ""C17"": 1.559367, ""C18"": 1.427538, ""C19"": 1.523199, ""C20"": 1.517421, ""C21"": 1.920995, ""C22"": 1.925686, ""C23"": 2.134321, ""C24"": 2.017311, ""C25"": 2.015264}","{""C01"": 0, ""C02"": 0, ""C03"": 0, ""C04"": 0, ""C05"": 0, ""C06"": 0, ""C07"": 0, ""C08"": 0, ""C09"": 0, ""C10"": 0, ""C11"": 0, ""C12"": 0, ""C13"": 0, ""C14"": 0, ""C15"": 0, ""C16"": 0, ""C17"": 0, ""C18"": 0, ""C19"": 0, ""C20"": 0, ""C21"": 0, ""C22"": 0, ""C23"": 1619, ""C24"": 0, ""C25"": 0}","{""C01"": 0.025303277950646255, ""C02"": 0.025303277950646255, ""C03"": 0.025303277950646255, ""C04"": 0.025303277950646255, ""C05"": 0.025303277950646255, ""C06"": 0.025303277950646255, ""C07"": 0.025303277950646255, ""C08"": 0.025303277950646255, ""C09"": 0.025303277950646255, ""C10"": 0.025303277950646255, ""C11"": 0.025303277950646255, ""C12"": 0.025303277950646255, ""C13"": 0.025303277950646255, ""C14"": 0.025303277950646255, ""C15"": 0.025303277950646255, ""C16"": 0.025303277950646255, ""C17"": 0.025303277950646255, ""C18"": 0.025303277950646255, ""C19"": 0.025303277950646255, ""C20"": 0.025303277950646255, ""C21"": 0.025303277950646255, ""C22"": 0.025303277950646255, ""C23"": 0.024365706771428887, ""C24"": 0.025303277950646255, ""C25"": 0.025303277950646255}"
16,16,1,829,7.489148,25,"{""C01"": 1.388766, ""C02"": 1.329419, ""C03"": 1.375559, ""C04"": 1.379097, ""C05"": 1.341762, ""C06"": 1.524962, ""C07"": 1.489455, ""C08"": 1.468636, ""C09"": 1.576355, ""C10"": 1.534441, ""C11"": 1.540854, ""C12"": 1.52421, ""C13"": 1.529443, ""C14"": 1.54334, ""C15"": 1.523555, ""C16"": 1.511017, ""C17"": 1.559367, ""C18"": 1.427538, ""C19"": 1.523199, ""C20"": 1.517421, ""C21"": 2.176155, ""C22"": 2.223238, ""C23"": 2.134321, ""C24"": 2.017311, ""C25"": 2.015264}","{""C01"": 0, ""C02"": 0, ""C03"": 0, ""C04"": 0, ""C05"": 0, ""C06"": 0, ""C07"": 0, ""C08"": 0, ""C09"": 0, ""C10"": 0, ""C11"": 0, ""C12"": 0, ""C13"": 0, ""C14"": 0, ""C15"": 0, ""C16"": 0, ""C17"": 0, ""C18"": 0, ""C19"": 0, ""C20"": 0, ""C21"": 0, ""C22"": 1598, ""C23"": 0, ""C24"": 0, ""C25"": 0}","{""C01"": 0.025329350703545514, ""C02"": 0.025329350703545514, ""C03"": 0.025329350703545514, ""C04"": 0.025329350703545514, ""C05"": 0.025329350703545514, ""C06"": 0.025329350703545514, ""C07"": 0.025329350703545514, ""C08"": 0.025329350703545514, ""C09"": 0.025329350703545514, ""C10"": 0.025329350703545514, ""C11"": 0.025329350703545514, ""C12"": 0.025329350703545514, ""C13"": 0.025329350703545514, ""C14"": 0.025329350703545514, ""C15"": 0.025329350703545514, ""C16"": 0.025329350703545514, ""C17"": 0.025329350703545514, ""C18"": 0.025329350703545514, ""C19"": 0.025329350703545514, ""C20"": 0.025329350703545514, ""C21"": 0.025329350703545514, ""C22"": 0.024403942264524175, ""C23"": 0.025329350703545514, ""C24"": 0.025329350703545514, ""C25"": 0.025329350703545514}"
17,17,1,771,8.108682,25,"{""C01"": 1.388766, ""C02"": 1.37307, ""C03"": 1.375559, ""C04"": 1.379097, ""C05"": 1.383217, ""C06"": 1.524962, ""C07"": 1.611359, ""C08"": 1.507645, ""C09"": 1.576355, ""C10"": 1.534441, ""C11"": 1.540854, ""C12"": 1.528305, ""C13"": 1.529443, ""C14"": 1.54334, ""C15"": 1.523555, ""C16"": 1.511017, ""C17"": 1.559367, ""C18"": 1.427538, ""C19"": 1.523199, ""C20"": 1.576165, ""C21"": 2.176155, ""C22"": 2.223238, ""C23"": 2.134321, ""C24"": 2.213343, ""C25"": 2.195293}","{""C01"": 0, ""C02"": 0, ""C03"": 0, ""C04"": 0, ""C05"": 0, ""C06"": 0, ""C07"": 0, ""C08"": 0, ""C09"": 0, ""C10"": 0, ""C11"": 0, ""C12"": 0, ""C13"": 0, ""C14"": 0, ""C15"": 0, ""C16"": 0, ""C17"": 0, ""C18"": 0, ""C19"": 0, ""C20"": 0, ""C21"": 0, ""C22"": 1147, ""C23"": 0, ""C24"": 453, ""C25"": 0}","{""C01"": 0.025329341257798205, ""C02"": 0.025329341257798205, ""C03"": 0.025329341257798205, ""C04"": 0.025329341257798205, ""C05"": 0.025329341257798205, ""C06"": 0.025329341257798205, ""C07"": 0.025329341257798205, ""C08"": 0.025329341257798205, ""C09"": 0.025329341257798205, ""C10"": 0.025329341257798205, ""C11"": 0.025329341257798205, ""C12"": 0.025329341257798205, ""C13"": 0.025329341257798205, ""C14"": 0.025329341257798205, ""C15"": 0.025329341257798205, ""C16"": 0.025329341257798205, ""C17"": 0.025329341257798205, ""C18"": 0.025329341257798205, ""C19"": 0.025329341257798205, ""C20"": 0.025329341257798205, ""C21"": 0.025329341257798205, ""C22"": 0.024665115194257486, ""C23"": 0.025329341257798205, ""C24"": 0.025067005658461025, ""C25"": 0.025329341257798205}"
18,18,1,423,4.775823,25,"{""C01"": 1.388766, ""C02"": 1.37307, ""C03"": 1.375559, ""C04"": 1.379097, ""C05"": 1.383217, ""C06"": 1.524962, ""C07"": 1.611359, ""C08"": 1.507645, ""C09"": 1.576355, ""C10"": 1.534441, ""C11"": 1.540854, ""C12"": 1.528305, ""C13"": 1.529443, ""C14"": 1.54334, ""C15"": 1.63185, ""C16"": 1.511017, ""C17"": 1.559367, ""C18"": 1.427538, ""C19"": 1.523199, ""C20"": 1.576165, ""C21"": 2.176155, ""C22"": 2.223238, ""C23"": 2.319486, ""C24"": 2.213343, ""C25"": 2.195293}","{""C01"": 0, ""C02"": 0, ""C03"": 0, ""C04"": 0, ""C05"": 0, ""C06"": 0, ""C07"": 0, ""C08"": 0, ""C09"": 0, ""C10"": 0, ""C11"": 0, ""C12"": 0, ""C13"": 0, ""C14"": 0, ""C15"": 0, ""C16"": 0, ""C17"": 0, ""C18"": 0, ""C19"": 0, ""C20"": 0, ""C21"": 0, ""C22"": 0, ""C23"": 1576, ""C24"": 0, ""C25"": 0}","{""C01"": 0.025355790727229224, ""C02"": 0.025355790727229224, ""C03"": 0.025355790727229224, ""C04"": 0.025355790727229224, ""C05"": 0.025355790727229224, ""C06"": 0.025355790727229224, ""C07"": 0.025355790727229224, ""C08"": 0.025355790727229224, ""C09"": 0.025355790727229224, ""C10"": 0.025355790727229224, ""C11"": 0.025355790727229224, ""C12"": 0.025355790727229224, ""C13"": 0.025355790727229224, ""C14"": 0.025355790727229224, ""C15"": 0.025355790727229224, ""C16"": 0.025355790727229224, ""C17"": 0.025355790727229224, ""C18"": 0.025355790727229224, ""C19"": 0.025355790727229224, ""C20"": 0.025355790727229224, ""C21"": 0.025355790727229224, ""C22"": 0.025355790727229224, ""C23"": 0.024443126442998033, ""C24"": 0.025355790727229224, ""C25"": 0.025355790727229224}"
19,19,1,198,1.867094,25,"{""C01"": 1.388766, ""C02"": 1.37307, ""C03"": 1.375559, ""C04"": 1.379097, ""C05"": 1.383217, ""C06"": 1.59369, ""C07"": 1.611359, ""C08"": 1.615405, ""C09"": 1.576355, ""C10"": 1.534441, ""C11"": 1.540854, ""C12"": 1.636335, ""C13"": 1.529443, ""C14"": 1.54334, ""C15"": 1.63185, ""C16"": 1.523296, ""C17"": 1.559367, ""C18"": 1.523693, ""C19"": 1.61796, ""C20"": 1.576165, ""C21"": 2.25184, ""C22"": 2.328008, ""C23"": 2.319486, ""C24"": 2.213343, ""C25"": 2.333491}","{""C01"": 0, ""C02"": 0, ""C03"": 0, ""C04"": 0, ""C05"": 0, ""C06"": 0, ""C07"": 0, ""C08"": 0, ""C09"": 0, ""C10"": 0, ""C11"": 0, ""C12"": 0, ""C13"": 0, ""C14"": 0, ""C15"": 0, ""C16"": 0, ""C17"": 0, ""C18"": 0, ""C19"": 0, ""C20"": 0, ""C21"": 0, ""C22"": 531, ""C23"": 493, ""C24"": 0, ""C25"": 554}","{""C01"": 0.02536004034909184, ""C02"": 0.02536004034909184, ""C03"": 0.02536004034909184, ""C04"": 0.02536004034909184, ""C05"": 0.02536004034909184, ""C06"": 0.02536004034909184, ""C07"": 0.02536004034909184, ""C08"": 0.02536004034909184, ""C09"": 0.02536004034909184, ""C10"": 0.02536004034909184, ""C11"": 0.02536004034909184, ""C12"": 0.02536004034909184, ""C13"": 0.02536004034909184, ""C14"": 0.02536004034909184, ""C15"": 0.02536004034909184, ""C16"": 0.02536004034909184, ""C17"": 0.02536004034909184, ""C18"": 0.02536004034909184, ""C19"": 0.02536004034909184, ""C20"": 0.02536004034909184, ""C21"": 0.02536004034909184, ""C22"": 0.025052540002554004, ""C23"": 0.02507453678050127, ""C24"": 0.02536004034909184, ""C25"": 0.02503923100865735}"
20,20,1,164,1.491142,25,"{""C01"": 1.388766, ""C02"": 1.37307, ""C03"": 1.375559, ""C04"": 1.379097, ""C05"": 1.383217, ""C06"": 1.59369, ""C07"": 1.611359, ""C08"": 1.615405, ""C09"": 1.576355, ""C10"": 1.53807, ""C11"": 1.540854, ""C12"": 1.636335, ""C13"": 1.529443, ""C14"": 1.610807, ""C15"": 1.63185, ""C16"": 1.523296, ""C17"": 1.559367, ""C18"": 1.523693, ""C19"": 1.61796, ""C20"": 1.576165, ""C21"": 2.25184, ""C22"": 2.328008, ""C23"": 2.319486, ""C24"": 2.330701, ""C25"": 2.333491}","{""C01"": 0, ""C02"": 0, ""C03"": 0, ""C04"": 0, ""C05"": 0, ""C06"": 0, ""C07"": 0, ""C08"": 0, ""C09"": 0, ""C10"": 0, ""C11"": 0, ""C12"": 0, ""C13"": 0, ""C14"": 0, ""C15"": 0, ""C16"": 0, ""C17"": 0, ""C18"": 0, ""C19"": 0, ""C20"": 0, ""C21"": 0, ""C22"": 402, ""C23"": 326, ""C24"": 416, ""C25"": 433}","{""C01"": 0.02535992822050817, ""C02"": 0.02535992822050817, ""C03"": 0.02535992822050817, ""C04"": 0.02535992822050817, ""C05"": 0.02535992822050817, ""C06"": 0.02535992822050817, ""C07"": 0.02535992822050817, ""C08"": 0.02535992822050817, ""C09"": 0.02535992822050817, ""C10"": 0.02535992822050817, ""C11"": 0.02535992822050817, ""C12"": 0.02535992822050817, ""C13"": 0.02535992822050817, ""C14"": 0.02535992822050817, ""C15"": 0.02535992822050817, ""C16"": 0.02535992822050817, ""C17"": 0.02535992822050817, ""C18"": 0.02535992822050817, ""C19"": 0.02535992822050817, ""C20"": 0.02535992822050817, ""C21"": 0.02535992822050817, ""C22"": 0.025127134739026058, ""C23"": 0.02517113759424238, ""C24"": 0.025119031901087895, ""C25"": 0.025109193109761053}"
21,21,1,470,4.994123,25,"{""C01"": 1.388766, ""C02"": 1.37307, ""C03"": 1.375559, ""C04"": 1.379097, ""C05"": 1.383217, ""C06"": 1.59369, ""C07"": 1.611359, ""C08"": 1.615405, ""C09"": 1.691643, ""C10"": 1.53807, ""C11"": 1.655076, ""C12"": 1.636335, ""C13"": 1.529443, ""C14"": 1.610807, ""C15"": 1.63185, ""C16"": 1.630854, ""C17"": 1.559367, ""C18"": 1.523693, ""C19"": 1.61796, ""C20"": 1.576165, ""C21"": 2.25184, ""C22"": 2.328008, ""C23"": 2.404044, ""C24"": 2.330701, ""C25"": 2.333491}","{""C01"": 0, ""C02"": 0, ""C03"": 0, ""C04"": 0, ""C05"": 0, ""C06"": 0, ""C07"": 0, ""C08"": 0, ""C09"": 0, ""C10"": 0, ""C11"": 0, ""C12"": 0, ""C13"": 0, ""C14"": 0, ""C15"": 0, ""C16"": 0, ""C17"": 0, ""C18"": 0, ""C19"": 0, ""C20"": 0, ""C21"": 0, ""C22"": 0, ""C23"": 1559, ""C24"": 0, ""C25"": 0}","{""C01"": 0.025378649909152992, ""C02"": 0.025378649909152992, ""C03"": 0.025378649909152992, ""C04"": 0.025378649909152992, ""C05"": 0.025378649909152992, ""C06"": 0.025378649909152992, ""C07"": 0.025378649909152992, ""C08"": 0.025378649909152992, ""C09"": 0.025378649909152992, ""C10"": 0.025378649909152992, ""C11"": 0.025378649909152992, ""C12"": 0.025378649909152992, ""C13"": 0.025378649909152992, ""C14"": 0.025378649909152992, ""C15"": 0.025378649909152992, ""C16"": 0.025378649909152992, ""C17"": 0.025378649909152992, ""C18"": 0.025378649909152992, ""C19"": 0.025378649909152992, ""C20"": 0.025378649909152992, ""C21"": 0.025378649909152992, ""C22"": 0.025378649909152992, ""C23"": 0.024475826954094195, ""C24"": 0.025378649909152992, ""C25"": 0.025378649909152992}"
22,22,1,193,2.875511,25,"{""C01"": 1.388766, ""C02"": 1.37307, ""C03"": 1.375559, ""C04"": 1.379097, ""C05"": 1.383217, ""C06"": 1.59369, ""C07"": 1.611359, ""C08"": 1.615405, ""C09"": 1.691643, ""C10"": 1.645965, ""C11"": 1.655076, ""C12"": 1.636335, ""C13"": 1.529443, ""C14"": 1.610807, ""C15"": 1.63185, ""C16"": 1.630854, ""C17"": 1.643035, ""C18"": 1.562645, ""C19"": 1.636266, ""C20"": 1.674438, ""C21"": 2.48809, ""C22"": 2.381147, ""C23"": 2.404044, ""C24"": 2.506385, ""C25"": 2.494609}","{""C01"": 0, ""C02"": 0, ""C03"": 0, ""C04"": 0, ""C05"": 0, ""C06"": 0, ""C07"": 0, ""C08"": 0, ""C09"": 0, ""C10"": 0, ""C11"": 0, ""C12"": 0, ""C13"": 0, ""C14"": 0, ""C15"": 0, ""C16"": 0, ""C17"": 0, ""C18"": 0, ""C19"": 0, ""C20"": 0, ""C21"": 453, ""C22"": 0, ""C23"": 0, ""C24"": 572, ""C25"": 519}","{""C01"": 0.02540424426285766, ""C02"": 0.02540424426285766, ""C03"": 0.02540424426285766, ""C04"": 0.02540424426285766, ""C05"": 0.02540424426285766, ""C06"": 0.02540424426285766, ""C07"": 0.02540424426285766, ""C08"": 0.02540424426285766, ""C09"": 0.02540424426285766, ""C10"": 0.02540424426285766, ""C11"": 0.02540424426285766, ""C12"": 0.02540424426285766, ""C13"": 0.02540424426285766, ""C14"": 0.02540424426285766, ""C15"": 0.02540424426285766, ""C16"": 0.02540424426285766, ""C17"": 0.02540424426285766, ""C18"": 0.02540424426285766, ""C19"": 0.02540424426285766, ""C20"": 0.02540424426285766, ""C21"": 0.025141904318933574, ""C22"": 0.02540424426285766, ""C23"": 0.02540424426285766, ""C24"": 0.025073012448413166, ""C25"": 0.025103687073362357}"
23,23,1,326,3.782728,25,"{""C01"": 1.388766, ""C02"": 1.37307, ""C03"": 1.375559, ""C04"": 1.379097, ""C05"": 1.383217, ""C06"": 1.59369, ""C07"": 1.611359, ""C08"": 1.615405, ""C09"": 1.691643, ""C10"": 1.645965, ""C11"": 1.655076, ""C12"": 1.636335, ""C13"": 1.693181, ""C14"": 1.610807, ""C15"": 1.63185, ""C16"": 1.630854, ""C17"": 1.643035, ""C18"": 1.562645, ""C19"": 1.636266, ""C20"": 1.674438, ""C21"": 2.48809, ""C22"": 2.381147, ""C23"": 2.648324, ""C24"": 2.506385, ""C25"": 2.494609}","{""C01"": 0, ""C02"": 0, ""C03"": 0, ""C04"": 0, ""C05"": 0, ""C06"": 0, ""C07"": 0, ""C08"": 0, ""C09"": 0, ""C10"": 0, ""C11"": 0, ""C12"": 0, ""C13"": 0, ""C14"": 0, ""C15"": 0, ""C16"": 0, ""C17"": 0, ""C18"": 0, ""C19"": 0, ""C20"": 0, ""C21"": 0, ""C22"": 0, ""C23"": 1511, ""C24"": 0, ""C25"": 0}","{""C01"": 0.025437398727828714, ""C02"": 0.025437398727828714, ""C03"": 0.025437398727828714, ""C04"": 0.025437398727828714, ""C05"": 0.025437398727828714, ""C06"": 0.025437398727828714, ""C07"": 0.025437398727828714, ""C08"": 0.025437398727828714, ""C09"": 0.025437398727828714, ""C10"": 0.025437398727828714, ""C11"": 0.025437398727828714, ""C12"": 0.025437398727828714, ""C13"": 0.025437398727828714, ""C14"": 0.025437398727828714, ""C15"": 0.025437398727828714, ""C16"": 0.025437398727828714, ""C17"": 0.025437398727828714, ""C18"": 0.025437398727828714, ""C19"": 0.025437398727828714, ""C20"": 0.025437398727828714, ""C21"": 0.025437398727828714, ""C22"": 0.025437398727828714, ""C23"": 0.024562378141283328, ""C24"": 0.025437398727828714, ""C25"": 0.025437398727828714}"
24,24,1,340,2.910581,25,"{""C01"": 1.388766, ""C02"": 1.37307, ""C03"": 1.415552, ""C04"": 1.379097, ""C05"": 1.383217, ""C06"": 1.777736, ""C07"": 1.611359, ""C08"": 1.746722, ""C09"": 1.714025, ""C10"": 1.645965, ""C11"": 1.677715, ""C12"": 1.636335, ""C13"": 1.693181, ""C14"": 1.610807, ""C15"": 1.689436, ""C16"": 1.640785, ""C17"": 1.643035, ""C18"": 1.739597, ""C19"": 1.636266, ""C20"": 1.674438, ""C21"": 2.785545, ""C22"": 2.615603, ""C23"": 2.648324, ""C24"": 2.506385, ""C25"": 2.494609}","{""C01"": 0, ""C02"": 0, ""C03"": 0, ""C04"": 0, ""C05"": 0, ""C06"": 0, ""C07"": 0, ""C08"": 0, ""C09"": 0, ""C10"": 0, ""C11"": 0, ""C12"": 0, ""C13"": 0, ""C14"": 0, ""C15"": 0, ""C16"": 0, ""C17"": 0, ""C18"": 0, ""C19"": 0, ""C20"": 0, ""C21"": 1487, ""C22"": 0, ""C23"": 0, ""C24"": 0, ""C25"": 0}","{""C01"": 0.025467639184143895, ""C02"": 0.025467639184143895, ""C03"": 0.025467639184143895, ""C04"": 0.025467639184143895, ""C05"": 0.025467639184143895, ""C06"": 0.025467639184143895, ""C07"": 0.025467639184143895, ""C08"": 0.025467639184143895, ""C09"": 0.025467639184143895, ""C10"": 0.025467639184143895, ""C11"": 0.025467639184143895, ""C12"": 0.025467639184143895, ""C13"": 0.025467639184143895, ""C14"": 0.025467639184143895, ""C15"": 0.025467639184143895, ""C16"": 0.025467639184143895, ""C17"": 0.025467639184143895, ""C18"": 0.025467639184143895, ""C19"": 0.025467639184143895, ""C20"": 0.025467639184143895, ""C21"": 0.024606517311533703, ""C22"": 0.025467639184143895, ""C23"": 0.025467639184143895, ""C24"": 0.025467639184143895, ""C25"": 0.025467639184143895}"
25,25,1,300,3.085958,25,"{""C01"": 1.388766, ""C02"": 1.37307, ""C03"": 1.415552, ""C04"": 1.379097, ""C05"": 1.383217, ""C06"": 1.777736, ""C07"": 1.757013, ""C08"": 1.746722, ""C09"": 1.714025, ""C10"": 1.709038, ""C11"": 1.677715, ""C12"": 1.636335, ""C13"": 1.693181, ""C14"": 1.610807, ""C15"": 1.689436, ""C16"": 1.640785, ""C17"": 1.682924, ""C18"": 1.739597, ""C19"": 1.682649, ""C20"": 1.715185, ""C21"": 2.785545, ""C22"": 2.615603, ""C23"": 2.648324, ""C24"": 2.708187, ""C25"": 2.797175}","{""C01"": 0, ""C02"": 0, ""C03"": 0, ""C04"": 0, ""C05"": 0, ""C06"": 0, ""C07"": 0, ""C08"": 0, ""C09"": 0, ""C10"": 0, ""C11"": 0, ""C12"": 0, ""C13"": 0, ""C14"": 0, ""C15"": 0, ""C16"": 0, ""C17"": 0, ""C18"": 0, ""C19"": 0, ""C20"": 0, ""C21"": 716, ""C22"": 0, ""C23"": 0, ""C24"": 0, ""C25"": 772}","{""C01"": 0.025470103277450334, ""C02"": 0.025470103277450334, ""C03"": 0.025470103277450334, ""C04"": 0.025470103277450334, ""C05"": 0.025470103277450334, ""C06"": 0.025470103277450334, ""C07"": 0.025470103277450334, ""C08"": 0.025470103277450334, ""C09"": 0.025470103277450334, ""C10"": 0.025470103277450334, ""C11"": 0.025470103277450334, ""C12"": 0.025470103277450334, ""C13"": 0.025470103277450334, ""C14"": 0.025470103277450334, ""C15"": 0.025470103277450334, ""C16"": 0.025470103277450334, ""C17"": 0.025470103277450334, ""C18"": 0.025470103277450334, ""C19"": 0.025470103277450334, ""C20"": 0.025470103277450334, ""C21"": 0.02505546323686822, ""C22"": 0.025470103277450334, ""C23"": 0.025470103277450334, ""C24"": 0.025470103277450334, ""C25"": 0.025023050961886072}"
26,26,1,225,3.056588,25,"{""C01"": 1.388766, ""C02"": 1.37307, ""C03"": 1.415552, ""C04"": 1.416513, ""C05"": 1.383217, ""C06"": 1.777736, ""C07"": 1.757013, ""C08"": 1.746722, ""C09"": 1.714025, ""C10"": 1.709038, ""C11"": 1.677715, ""C12"": 1.636335, ""C13"": 1.77776, ""C14"": 1.639202, ""C15"": 1.819955, ""C16"": 1.82202, ""C17"": 1.682924, ""C18"": 1.739597, ""C19"": 1.682649, ""C20"": 1.715185, ""C21"": 2.785545, ""C22"": 2.615603, ""C23"": 2.806928, ""C24"": 2.708187, ""C25"": 2.797175}","{""C01"": 0, ""C02"": 0, ""C03"": 0, ""C04"": 0, ""C05"": 0, ""C06"": 0, ""C07"": 0, ""C08"": 0, ""C09"": 0, ""C10"": 0, ""C11"": 0, ""C12"": 0, ""C13"": 0, ""C14"": 0, ""C15"": 0, ""C16"": 0, ""C17"": 0, ""C18"": 0, ""C19"": 0, ""C20"": 0, ""C21"": 408, ""C22"": 0, ""C23"": 554, ""C24"": 0, ""C25"": 527}","{""C01"": 0.025472561027787416, ""C02"": 0.025472561027787416, ""C03"": 0.025472561027787416, ""C04"": 0.025472561027787416, ""C05"": 0.025472561027787416, ""C06"": 0.025472561027787416, ""C07"": 0.025472561027787416, ""C08"": 0.025472561027787416, ""C09"": 0.025472561027787416, ""C10"": 0.025472561027787416, ""C11"": 0.025472561027787416, ""C12"": 0.025472561027787416, ""C13"": 0.025472561027787416, ""C14"": 0.025472561027787416, ""C15"": 0.025472561027787416, ""C16"": 0.025472561027787416, ""C17"": 0.025472561027787416, ""C18"": 0.025472561027787416, ""C19"": 0.025472561027787416, ""C20"": 0.025472561027787416, ""C21"": 0.02523628125895135, ""C22"": 0.025472561027787416, ""C23"": 0.025151752985612803, ""C24"": 0.025472561027787416, ""C25"": 0.0251673743785067}"
27,27,1,431,5.268872,25,"{""C01"": 1.388766, ""C02"": 1.37307, ""C03"": 1.415552, ""C04"": 1.416513, ""C05"": 1.383217, ""C06"": 1.777736, ""C07"": 1.757013, ""C08"": 1.746722, ""C09"": 1.714025, ""C10"": 1.817328, ""C11"": 1.719845, ""C12"": 1.740408, ""C13"": 1.77776, ""C14"": 1.639202, ""C15"": 1.819955, ""C16"": 1.82202, ""C17"": 1.857163, ""C18"": 1.789189, ""C19"": 1.791946, ""C20"": 1.854985, ""C21"": 2.834575, ""C22"": 2.701446, ""C23"": 2.806928, ""C24"": 2.708187, ""C25"": 2.9484}","{""C01"": 0, ""C02"": 0, ""C03"": 0, ""C04"": 0, ""C05"": 0, ""C06"": 0, ""C07"": 0, ""C08"": 0, ""C09"": 0, ""C10"": 0, ""C11"": 0, ""C12"": 0, ""C13"": 0, ""C14"": 0, ""C15"": 0, ""C16"": 0, ""C17"": 0, ""C18"": 0, ""C19"": 0, ""C20"": 0, ""C21"": 0, ""C22"": 0, ""C23"": 0, ""C24"": 0, ""C25"": 1461}","{""C01"": 0.025501395335630644, ""C02"": 0.025501395335630644, ""C03"": 0.025501395335630644, ""C04"": 0.025501395335630644, ""C05"": 0.025501395335630644, ""C06"": 0.025501395335630644, ""C07"": 0.025501395335630644, ""C08"": 0.025501395335630644, ""C09"": 0.025501395335630644, ""C10"": 0.025501395335630644, ""C11"": 0.025501395335630644, ""C12"": 0.025501395335630644, ""C13"": 0.025501395335630644, ""C14"": 0.025501395335630644, ""C15"": 0.025501395335630644, ""C16"": 0.025501395335630644, ""C17"": 0.025501395335630644, ""C18"": 0.025501395335630644, ""C19"": 0.025501395335630644, ""C20"": 0.025501395335630644, ""C21"": 0.025501395335630644, ""C22"": 0.025501395335630644, ""C23"": 0.025501395335630644, ""C24"": 0.025501395335630644, ""C25"": 0.02465532743173883}"
28,28,1,557,6.887677,25,"{""C01"": 1.388766, ""C02"": 1.37307, ""C03"": 1.415552, ""C04"": 1.416513, ""C05"": 1.383217, ""C06"": 1.777736, ""C07"": 1.757013, ""C08"": 1.746722, ""C09"": 1.714025, ""C10"": 1.817328, ""C11"": 1.719845, ""C12"": 1.740408, ""C13"": 1.885857, ""C14"": 1.803824, ""C15"": 1.819955, ""C16"": 1.82202, ""C17"": 1.857163, ""C18"": 1.789189, ""C19"": 1.791946, ""C20"": 1.854985, ""C21"": 2.834575, ""C22"": 2.701446, ""C23"": 2.944453, ""C24"": 2.906689, ""C25"": 2.9484}","{""C01"": 0, ""C02"": 0, ""C03"": 0, ""C04"": 0, ""C05"": 0, ""C06"": 0, ""C07"": 0, ""C08"": 0, ""C09"": 0, ""C10"": 0, ""C11"": 0, ""C12"": 0, ""C13"": 0, ""C14"": 0, ""C15"": 0, ""C16"": 0, ""C17"": 0, ""C18"": 0, ""C19"": 0, ""C20"": 0, ""C21"": 0, ""C22"": 0, ""C23"": 534, ""C24"": 0, ""C25"": 927}","{""C01"": 0.02550097743597622, ""C02"": 0.02550097743597622, ""C03"": 0.02550097743597622, ""C04"": 0.02550097743597622, ""C05"": 0.02550097743597622, ""C06"": 0.02550097743597622, ""C07"": 0.02550097743597622, ""C08"": 0.02550097743597622, ""C09"": 0.02550097743597622, ""C10"": 0.02550097743597622, ""C11"": 0.02550097743597622, ""C12"": 0.02550097743597622, ""C13"": 0.02550097743597622, ""C14"": 0.02550097743597622, ""C15"": 0.02550097743597622, ""C16"": 0.02550097743597622, ""C17"": 0.02550097743597622, ""C18"": 0.02550097743597622, ""C19"": 0.02550097743597622, ""C20"": 0.02550097743597622, ""C21"": 0.02550097743597622, ""C22"": 0.02550097743597622, ""C23"": 0.025191748878181576, ""C24"": 0.02550097743597622, ""C25"": 0.02496416237979035}"
29,29,1,425,3.740862,25,"{""C01"": 1.388766, ""C02"": 1.37307, ""C03"": 1.415552, ""C04"": 1.416513, ""C05"": 1.383217, ""C06"": 1.777736, ""C07"": 1.757013, ""C08"": 1.746722, ""C09"": 1.839626, ""C10"": 1.817328, ""C11"": 1.827807, ""C12"": 1.740408, ""C13"": 1.885857, ""C14"": 1.803824, ""C15"": 1.819955, ""C16"": 1.82202, ""C17"": 1.857163, ""C18"": 1.789189, ""C19"": 1.791946, ""C20"": 1.854985, ""C21"": 2.834575, ""C22"": 2.941396, ""C23"": 2.944453, ""C24"": 2.906689, ""C25"": 2.9484}","{""C01"": 0, ""C02"": 0, ""C03"": 0, ""C04"": 0, ""C05"": 0, ""C06"": 0, ""C07"": 0, ""C08"": 0, ""C09"": 0, ""C10"": 0, ""C11"": 0, ""C12"": 0, ""C13"": 0, ""C14"": 0, ""C15"": 0, ""C16"": 0, ""C17"": 0, ""C18"": 0, ""C19"": 0, ""C20"": 0, ""C21"": 0, ""C22"": 390, ""C23"": 399, ""C24"": 0, ""C25"": 673}","{""C01"": 0.025501126112591824, ""C02"": 0.025501126112591824, ""C03"": 0.025501126112591824, ""C04"": 0.025501126112591824, ""C05"": 0.025501126112591824, ""C06"": 0.025501126112591824, ""C07"": 0.025501126112591824, ""C08"": 0.025501126112591824, ""C09"": 0.025501126112591824, ""C10"": 0.025501126112591824, ""C11"": 0.025501126112591824, ""C12"": 0.025501126112591824, ""C13"": 0.025501126112591824, ""C14"": 0.025501126112591824, ""C15"": 0.025501126112591824, ""C16"": 0.025501126112591824, ""C17"": 0.025501126112591824, ""C18"": 0.025501126112591824, ""C19"": 0.025501126112591824, ""C20"": 0.025501126112591824, ""C21"": 0.025501126112591824, ""C22"": 0.025275284783446178, ""C23"": 0.025270077326328078, ""C24"": 0.025501126112591824, ""C25"": 0.0251114057426606}"
30,30,1,192,1.694119,25,"{""C01"": 1.388766, ""C02"": 1.402183, ""C03"": 1.415552, ""C04"": 1.416513, ""C05"": 1.414256, ""C06"": 1.777736, ""C07"": 1.826564, ""C08"": 1.746722, ""C09"": 1.839626, ""C10"": 1.837585, ""C11"": 1.827807, ""C12"": 1.789183, ""C13"": 1.885857, ""C14"": 1.803824, ""C15"": 1.819955, ""C16"": 1.82202, ""C17"": 1.857163, ""C18"": 1.789189, ""C19"": 1.791946, ""C20"": 1.854985, ""C21"": 2.933662, ""C22"": 2.941396, ""C23"": 2.944453, ""C24"": 3.127164, ""C25"": 3.104459}","{""C01"": 0, ""C02"": 0, ""C03"": 0, ""C04"": 0, ""C05"": 0, ""C06"": 0, ""C07"": 0, ""C08"": 0, ""C09"": 0, ""C10"": 0, ""C11"": 0, ""C12"": 0, ""C13"": 0, ""C14"": 0, ""C15"": 0, ""C16"": 0, ""C17"": 0, ""C18"": 0, ""C19"": 0, ""C20"": 0, ""C21"": 0, ""C22"": 0, ""C23"": 0, ""C24"": 773, ""C25"": 665}","{""C01"": 0.025534923695630013, ""C02"": 0.025534923695630013, ""C03"": 0.025534923695630013, ""C04"": 0.025534923695630013, ""C05"": 0.025534923695630013, ""C06"": 0.025534923695630013, ""C07"": 0.025534923695630013, ""C08"": 0.025534923695630013, ""C09"": 0.025534923695630013, ""C10"": 0.025534923695630013, ""C11"": 0.025534923695630013, ""C12"": 0.025534923695630013, ""C13"": 0.025534923695630013, ""C14"": 0.025534923695630013, ""C15"": 0.025534923695630013, ""C16"": 0.025534923695630013, ""C17"": 0.025534923695630013, ""C18"": 0.025534923695630013, ""C19"": 0.025534923695630013, ""C20"": 0.025534923695630013, ""C21"": 0.025534923695630013, ""C22"": 0.025534923695630013, ""C23"": 0.025534923695630013, ""C24"": 0.025087293036063454, ""C25"": 0.02514981194236392}"
31,31,1,141,1.225142,25,"{""C01"": 1.428213, ""C02"": 1.402183, ""C03"": 1.415552, ""C04"": 1.416513, ""C05"": 1.414256, ""C06"": 1.777736, ""C07"": 1.826564, ""C08"": 1.746722, ""C09"": 1.839626, ""C10"": 1.837585, ""C11"": 1.827807, ""C12"": 1.789183, ""C13"": 1.885857, ""C14"": 1.803824, ""C15"": 1.926431, ""C16"": 1.82202, ""C17"": 1.857163, ""C18"": 1.789189, ""C19"": 1.791946, ""C20"": 1.854985, ""C21"": 2.933662, ""C22"": 2.941396, ""C23"": 3.120672, ""C24"": 3.127164, ""C25"": 3.104459}","{""C01"": 0, ""C02"": 0, ""C03"": 0, ""C04"": 0, ""C05"": 0, ""C06"": 0, ""C07"": 0, ""C08"": 0, ""C09"": 0, ""C10"": 0, ""C11"": 0, ""C12"": 0, ""C13"": 0, ""C14"": 0, ""C15"": 0, ""C16"": 0, ""C17"": 0, ""C18"": 0, ""C19"": 0, ""C20"": 0, ""C21"": 0, ""C22"": 0, ""C23"": 470, ""C24"": 522, ""C25"": 446}","{""C01"": 0.0255352828947224, ""C02"": 0.0255352828947224, ""C03"": 0.0255352828947224, ""C04"": 0.0255352828947224, ""C05"": 0.0255352828947224, ""C06"": 0.0255352828947224, ""C07"": 0.0255352828947224, ""C08"": 0.0255352828947224, ""C09"": 0.0255352828947224, ""C10"": 0.0255352828947224, ""C11"": 0.0255352828947224, ""C12"": 0.0255352828947224, ""C13"": 0.0255352828947224, ""C14"": 0.0255352828947224, ""C15"": 0.0255352828947224, ""C16"": 0.0255352828947224, ""C17"": 0.0255352828947224, ""C18"": 0.0255352828947224, ""C19"": 0.0255352828947224, ""C20"": 0.0255352828947224, ""C21"": 0.0255352828947224, ""C22"": 0.0255352828947224, ""C23"": 0.025263112047637575, ""C24"": 0.025233007620644878, ""C25"": 0.02527699703488089}"
32,32,1,459,3.961526,25,"{""C01"": 1.428213, ""C02"": 1.402183, ""C03"": 1.415552, ""C04"": 1.416513, ""C05"": 1.414256, ""C06"": 1.861512, ""C07"": 1.826564, ""C08"": 1.905941, ""C09"": 1.855626, ""C10"": 1.837585, ""C11"": 1.853527, ""C12"": 1.929432, ""C13"": 1.885857, ""C14"": 1.803824, ""C15"": 1.926431, ""C16"": 1.82202, ""C17"": 1.857163, ""C18"": 1.88601, ""C19"": 1.892052, ""C20"": 1.854985, ""C21"": 3.210196, ""C22"": 3.143917, ""C23"": 3.120672, ""C24"": 3.127164, ""C25"": 3.317149}","{""C01"": 0, ""C02"": 0, ""C03"": 0, ""C04"": 0, ""C05"": 0, ""C06"": 0, ""C07"": 0, ""C08"": 0, ""C09"": 0, ""C10"": 0, ""C11"": 0, ""C12"": 0, ""C13"": 0, ""C14"": 0, ""C15"": 0, ""C16"": 0, ""C17"": 0, ""C18"": 0, ""C19"": 0, ""C20"": 0, ""C21"": 0, ""C22"": 0, ""C23"": 0, ""C24"": 0, ""C25"": 1407}","{""C01"": 0.02556859447737482, ""C02"": 0.02556859447737482, ""C03"": 0.02556859447737482, ""C04"": 0.02556859447737482, ""C05"": 0.02556859447737482, ""C06"": 0.02556859447737482, ""C07"": 0.02556859447737482, ""C08"": 0.02556859447737482, ""C09"": 0.02556859447737482, ""C10"": 0.02556859447737482, ""C11"": 0.02556859447737482, ""C12"": 0.02556859447737482, ""C13"": 0.02556859447737482, ""C14"": 0.02556859447737482, ""C15"": 0.02556859447737482, ""C16"": 0.02556859447737482, ""C17"": 0.02556859447737482, ""C18"": 0.02556859447737482, ""C19"": 0.02556859447737482, ""C20"": 0.02556859447737482, ""C21"": 0.02556859447737482, ""C22"": 0.02556859447737482, ""C23"": 0.02556859447737482, ""C24"": 0.02556859447737482, ""C25"": 0.024753800266030954}"
33,33,1,819,8.186654,25,"{""C01"": 1.428213, ""C02"": 1.402183, ""C03"": 1.415552, ""C04"": 1.416513, ""C05"": 1.414256, ""C06"": 1.861512, ""C07"": 1.853703, ""C08"": 1.905941, ""C09"": 1.855626, ""C10"": 1.890397, ""C11"": 1.853527, ""C12"": 1.929432, ""C13"": 1.885857, ""C14"": 1.952282, ""C15"": 1.926431, ""C16"": 1.82202, ""C17"": 1.870266, ""C18"": 1.88601, ""C19"": 1.892052, ""C20"": 1.854985, ""C21"": 3.210196, ""C22"": 3.143917, ""C23"": 3.120672, ""C24"": 3.276285, ""C25"": 3.317149}","{""C01"": 0, ""C02"": 0, ""C03"": 0, ""C04"": 0, ""C05"": 0, ""C06"": 0, ""C07"": 0, ""C08"": 0, ""C09"": 0, ""C10"": 0, ""C11"": 0, ""C12"": 0, ""C13"": 0, ""C14"": 0, ""C15"": 0, ""C16"": 0, ""C17"": 0, ""C18"": 0, ""C19"": 0, ""C20"": 0, ""C21"": 0, ""C22"": 0, ""C23"": 0, ""C24"": 0, ""C25"": 1407}","{""C01"": 0.02556859447737482, ""C02"": 0.02556859447737482, ""C03"": 0.02556859447737482, ""C04"": 0.02556859447737482, ""C05"": 0.02556859447737482, ""C06"": 0.02556859447737482, ""C07"": 0.02556859447737482, ""C08"": 0.02556859447737482, ""C09"": 0.02556859447737482, ""C10"": 0.02556859447737482, ""C11"": 0.02556859447737482, ""C12"": 0.02556859447737482, ""C13"": 0.02556859447737482, ""C14"": 0.02556859447737482, ""C15"": 0.02556859447737482, ""C16"": 0.02556859447737482, ""C17"": 0.02556859447737482, ""C18"": 0.02556859447737482, ""C19"": 0.02556859447737482, ""C20"": 0.02556859447737482, ""C21"": 0.02556859447737482, ""C22"": 0.02556859447737482, ""C23"": 0.02556859447737482, ""C24"": 0.02556859447737482, ""C25"": 0.024753800266030954}"
34,34,1,546,5.663971,25,"{""C01"": 1.428213, ""C02"": 1.402183, ""C03"": 1.415552, ""C04"": 1.416513, ""C05"": 1.414256, ""C06"": 1.861512, ""C07"": 1.853703, ""C08"": 1.905941, ""C09"": 1.855626, ""C10"": 1.890397, ""C11"": 1.984, ""C12"": 1.929432, ""C13"": 1.885857, ""C14"": 1.952282, ""C15"": 1.939097, ""C16"": 1.893967, ""C17"": 1.870266, ""C18"": 1.88601, ""C19"": 1.892052, ""C20"": 1.854985, ""C21"": 3.210196, ""C22"": 3.143917, ""C23"": 3.330565, ""C24"": 3.276285, ""C25"": 3.317149}","{""C01"": 0, ""C02"": 0, ""C03"": 0, ""C04"": 0, ""C05"": 0, ""C06"": 0, ""C07"": 0, ""C08"": 0, ""C09"": 0, ""C10"": 0, ""C11"": 0, ""C12"": 0, ""C13"": 0, ""C14"": 0, ""C15"": 0, ""C16"": 0, ""C17"": 0, ""C18"": 0, ""C19"": 0, ""C20"": 0, ""C21"": 0, ""C22"": 0, ""C23"": 876, ""C24"": 0, ""C25"": 531}","{""C01"": 0.025570661960139893, ""C02"": 0.025570661960139893, ""C03"": 0.025570661960139893, ""C04"": 0.025570661960139893, ""C05"": 0.025570661960139893, ""C06"": 0.025570661960139893, ""C07"": 0.025570661960139893, ""C08"": 0.025570661960139893, ""C09"": 0.025570661960139893, ""C10"": 0.025570661960139893, ""C11"": 0.025570661960139893, ""C12"": 0.025570661960139893, ""C13"": 0.025570661960139893, ""C14"": 0.025570661960139893, ""C15"": 0.025570661960139893, ""C16"": 0.025570661960139893, ""C17"": 0.025570661960139893, ""C18"": 0.025570661960139893, ""C19"": 0.025570661960139893, ""C20"": 0.025570661960139893, ""C21"": 0.025570661960139893, ""C22"": 0.025570661960139893, ""C23"": 0.025063381305532855, ""C24"": 0.025570661960139893, ""C25"": 0.02526315946693432}"
35,35,1,1031,8.953781,25,"{""C01"": 1.428213, ""C02"": 1.402183, ""C03"": 1.415552, ""C04"": 1.416513, ""C05"": 1.414256, ""C06"": 1.861512, ""C07"": 1.853703, ""C08"": 1.905941, ""C09"": 1.855626, ""C10"": 1.999968, ""C11"": 1.984, ""C12"": 1.929432, ""C13"": 1.885857, ""C14"": 1.952282, ""C15"": 1.939097, ""C16"": 1.893967, ""C17"": 1.979698, ""C18"": 1.897139, ""C19"": 1.892052, ""C20"": 1.9327, ""C21"": 3.329106, ""C22"": 3.237613, ""C23"": 3.330565, ""C24"": 3.276285, ""C25"": 3.369124}","{""C01"": 0, ""C02"": 0, ""C03"": 0, ""C04"": 0, ""C05"": 0, ""C06"": 0, ""C07"": 0, ""C08"": 0, ""C09"": 0, ""C10"": 0, ""C11"": 0, ""C12"": 0, ""C13"": 0, ""C14"": 0, ""C15"": 0, ""C16"": 0, ""C17"": 0, ""C18"": 0, ""C19"": 0, ""C20"": 0, ""C21"": 0, ""C22"": 0, ""C23"": 0, ""C24"": 0, ""C25"": 1400}","{""C01"": 0.02557725917181189, ""C02"": 0.02557725917181189, ""C03"": 0.02557725917181189, ""C04"": 0.02557725917181189, ""C05"": 0.02557725917181189, ""C06"": 0.02557725917181189, ""C07"": 0.02557725917181189, ""C08"": 0.02557725917181189, ""C09"": 0.02557725917181189, ""C10"": 0.02557725917181189, ""C11"": 0.02557725917181189, ""C12"": 0.02557725917181189, ""C13"": 0.02557725917181189, ""C14"": 0.02557725917181189, ""C15"": 0.02557725917181189, ""C16"": 0.02557725917181189, ""C17"": 0.02557725917181189, ""C18"": 0.02557725917181189, ""C19"": 0.02557725917181189, ""C20"": 0.02557725917181189, ""C21"": 0.02557725917181189, ""C22"": 0.02557725917181189, ""C23"": 0.02557725917181189, ""C24"": 0.02557725917181189, ""C25"": 0.024766519057745875}"
36,36,1,674,7.127335,25,"{""C01"": 1.428213, ""C02"": 1.402183, ""C03"": 1.415552, ""C04"": 1.416513, ""C05"": 1.414256, ""C06"": 1.861512, ""C07"": 1.853703, ""C08"": 1.905941, ""C09"": 1.855626, ""C10"": 1.999968, ""C11"": 1.984, ""C12"": 1.929432, ""C13"": 1.978397, ""C14"": 1.952282, ""C15"": 1.939097, ""C16"": 1.893967, ""C17"": 1.979698, ""C18"": 1.897139, ""C19"": 1.892052, ""C20"": 1.9327, ""C21"": 3.329106, ""C22"": 3.237613, ""C23"": 3.46809, ""C24"": 3.303992, ""C25"": 3.369124}","{""C01"": 0, ""C02"": 0, ""C03"": 0, ""C04"": 0, ""C05"": 0, ""C06"": 0, ""C07"": 0, ""C08"": 0, ""C09"": 0, ""C10"": 0, ""C11"": 0, ""C12"": 0, ""C13"": 0, ""C14"": 0, ""C15"": 0, ""C16"": 0, ""C17"": 0, ""C18"": 0, ""C19"": 0, ""C20"": 0, ""C21"": 0, ""C22"": 0, ""C23"": 1387, ""C24"": 0, ""C25"": 0}","{""C01"": 0.025593247598768937, ""C02"": 0.025593247598768937, ""C03"": 0.025593247598768937, ""C04"": 0.025593247598768937, ""C05"": 0.025593247598768937, ""C06"": 0.025593247598768937, ""C07"": 0.025593247598768937, ""C08"": 0.025593247598768937, ""C09"": 0.025593247598768937, ""C10"": 0.025593247598768937, ""C11"": 0.025593247598768937, ""C12"": 0.025593247598768937, ""C13"": 0.025593247598768937, ""C14"": 0.025593247598768937, ""C15"": 0.025593247598768937, ""C16"": 0.025593247598768937, ""C17"": 0.025593247598768937, ""C18"": 0.025593247598768937, ""C19"": 0.025593247598768937, ""C20"": 0.025593247598768937, ""C21"": 0.025593247598768937, ""C22"": 0.025593247598768937, ""C23"": 0.024790036812495912, ""C24"": 0.025593247598768937, ""C25"": 0.025593247598768937}"
37,37,1,878,7.800375,25,"{""C01"": 1.428213, ""C02"": 1.402183, ""C03"": 1.415552, ""C04"": 1.416513, ""C05"": 1.414256, ""C06"": 1.861512, ""C07"": 1.853703, ""C08"": 1.997193, ""C09"": 1.947097, ""C10"": 1.999968, ""C11"": 1.984, ""C12"": 1.929432, ""C13"": 1.978397, ""C14"": 1.952282, ""C15"": 1.939097, ""C16"": 1.893967, ""C17"": 1.979698, ""C18"": 2.005135, ""C19"": 1.892052, ""C20"": 1.9327, ""C21"": 3.526684, ""C22"": 3.422139, ""C23"": 3.46809, ""C24"": 3.303992, ""C25"": 3.369124}","{""C01"": 0, ""C02"": 0, ""C03"": 0, ""C04"": 0, ""C05"": 0, ""C06"": 0, ""C07"": 0, ""C08"": 0, ""C09"": 0, ""C10"": 0, ""C11"": 0, ""C12"": 0, ""C13"": 0, ""C14"": 0, ""C15"": 0, ""C16"": 0, ""C17"": 0, ""C18"": 0, ""C19"": 0, ""C20"": 0, ""C21"": 1379, ""C22"": 0, ""C23"": 0, ""C24"": 0, ""C25"": 0}","{""C01"": 0.025602122271916092, ""C02"": 0.025602122271916092, ""C03"": 0.025602122271916092, ""C04"": 0.025602122271916092, ""C05"": 0.025602122271916092, ""C06"": 0.025602122271916092, ""C07"": 0.025602122271916092, ""C08"": 0.025602122271916092, ""C09"": 0.025602122271916092, ""C10"": 0.025602122271916092, ""C11"": 0.025602122271916092, ""C12"": 0.025602122271916092, ""C13"": 0.025602122271916092, ""C14"": 0.025602122271916092, ""C15"": 0.025602122271916092, ""C16"": 0.025602122271916092, ""C17"": 0.025602122271916092, ""C18"": 0.025602122271916092, ""C19"": 0.025602122271916092, ""C20"": 0.025602122271916092, ""C21"": 0.02480354782609595, ""C22"": 0.025602122271916092, ""C23"": 0.025602122271916092, ""C24"": 0.025602122271916092, ""C25"": 0.025602122271916092}"
38,38,1,715,6.272956,25,"{""C01"": 1.428213, ""C02"": 1.402183, ""C03"": 1.415552, ""C04"": 1.416513, ""C05"": 1.435249, ""C06"": 1.861512, ""C07"": 1.983499, ""C08"": 1.997193, ""C09"": 1.947097, ""C10"": 1.999968, ""C11"": 1.984, ""C12"": 1.929432, ""C13"": 1.978397, ""C14"": 1.952282, ""C15"": 1.939097, ""C16"": 1.893967, ""C17"": 1.979698, ""C18"": 2.005135, ""C19"": 1.932509, ""C20"": 1.967741, ""C21"": 3.526684, ""C22"": 3.422139, ""C23"": 3.46809, ""C24"": 3.475592, ""C25"": 3.509137}","{""C01"": 0, ""C02"": 0, ""C03"": 0, ""C04"": 0, ""C05"": 0, ""C06"": 0, ""C07"": 0, ""C08"": 0, ""C09"": 0, ""C10"": 0, ""C11"": 0, ""C12"": 0, ""C13"": 0, ""C14"": 0, ""C15"": 0, ""C16"": 0, ""C17"": 0, ""C18"": 0, ""C19"": 0, ""C20"": 0, ""C21"": 950, ""C22"": 0, ""C23"": 0, ""C24"": 0, ""C25"": 431}","{""C01"": 0.025602037742521108, ""C02"": 0.025602037742521108, ""C03"": 0.025602037742521108, ""C04"": 0.025602037742521108, ""C05"": 0.025602037742521108, ""C06"": 0.025602037742521108, ""C07"": 0.025602037742521108, ""C08"": 0.025602037742521108, ""C09"": 0.025602037742521108, ""C10"": 0.025602037742521108, ""C11"": 0.025602037742521108, ""C12"": 0.025602037742521108, ""C13"": 0.025602037742521108, ""C14"": 0.025602037742521108, ""C15"": 0.025602037742521108, ""C16"": 0.025602037742521108, ""C17"": 0.025602037742521108, ""C18"": 0.025602037742521108, ""C19"": 0.025602037742521108, ""C20"": 0.025602037742521108, ""C21"": 0.025051905797390712, ""C22"": 0.025602037742521108, ""C23"": 0.025602037742521108, ""C24"": 0.025602037742521108, ""C25"": 0.02535244634166577}"
39,39,1,236,2.064481,25,"{""C01"": 1.428213, ""C02"": 1.402183, ""C03"": 1.415552, ""C04"": 1.457625, ""C05"": 1.435249, ""C06"": 1.861512, ""C07"": 1.983499, ""C08"": 1.997193, ""C09"": 1.947097, ""C10"": 1.999968, ""C11"": 1.984, ""C12"": 1.929432, ""C13"": 1.978397, ""C14"": 1.952282, ""C15"": 2.063297, ""C16"": 1.99241, ""C17"": 1.979698, ""C18"": 2.005135, ""C19"": 1.932509, ""C20"": 1.967741, ""C21"": 3.526684, ""C22"": 3.422139, ""C23"": 3.545654, ""C24"": 3.510479, ""C25"": 3.509137}","{""C01"": 0, ""C02"": 0, ""C03"": 0, ""C04"": 0, ""C05"": 0, ""C06"": 0, ""C07"": 0, ""C08"": 0, ""C09"": 0, ""C10"": 0, ""C11"": 0, ""C12"": 0, ""C13"": 0, ""C14"": 0, ""C15"": 0, ""C16"": 0, ""C17"": 0, ""C18"": 0, ""C19"": 0, ""C20"": 0, ""C21"": 394, ""C22"": 0, ""C23"": 455, ""C24"": 269, ""C25"": 266}","{""C01"": 0.02560497518425492, ""C02"": 0.02560497518425492, ""C03"": 0.02560497518425492, ""C04"": 0.02560497518425492, ""C05"": 0.02560497518425492, ""C06"": 0.02560497518425492, ""C07"": 0.02560497518425492, ""C08"": 0.02560497518425492, ""C09"": 0.02560497518425492, ""C10"": 0.02560497518425492, ""C11"": 0.02560497518425492, ""C12"": 0.02560497518425492, ""C13"": 0.02560497518425492, ""C14"": 0.02560497518425492, ""C15"": 0.02560497518425492, ""C16"": 0.02560497518425492, ""C17"": 0.02560497518425492, ""C18"": 0.02560497518425492, ""C19"": 0.02560497518425492, ""C20"": 0.02560497518425492, ""C21"": 0.025376809849487304, ""C22"": 0.02560497518425492, ""C23"": 0.02534150682187478, ""C24"": 0.025449192394333686, ""C25"": 0.02545092974886812}"
40,40,1,940,9.686341,25,"{""C01"": 1.428213, ""C02"": 1.402183, ""C03"": 1.415552, ""C04"": 1.457625, ""C05"": 1.435249, ""C06"": 1.982863, ""C07"": 1.983499, ""C08"": 1.997193, ""C09"": 1.947097, ""C10"": 1.999968, ""C11"": 1.984, ""C12"": 2.063689, ""C13"": 1.978397, ""C14"": 1.952282, ""C15"": 2.063297, ""C16"": 1.99241, ""C17"": 1.979698, ""C18"": 2.005135, ""C19"": 2.040236, ""C20"": 1.967741, ""C21"": 3.647302, ""C22"": 3.669484, ""C23"": 3.545654, ""C24"": 3.510479, ""C25"": 3.718709}","{""C01"": 0, ""C02"": 0, ""C03"": 0, ""C04"": 0, ""C05"": 0, ""C06"": 0, ""C07"": 0, ""C08"": 0, ""C09"": 0, ""C10"": 0, ""C11"": 0, ""C12"": 0, ""C13"": 0, ""C14"": 0, ""C15"": 0, ""C16"": 0, ""C17"": 0, ""C18"": 0, ""C19"": 0, ""C20"": 0, ""C21"": 0, ""C22"": 0, ""C23"": 0, ""C24"": 0, ""C25"": 1356}","{""C01"": 0.02563108874064568, ""C02"": 0.02563108874064568, ""C03"": 0.02563108874064568, ""C04"": 0.02563108874064568, ""C05"": 0.02563108874064568, ""C06"": 0.02563108874064568, ""C07"": 0.02563108874064568, ""C08"": 0.02563108874064568, ""C09"": 0.02563108874064568, ""C10"": 0.02563108874064568, ""C11"": 0.02563108874064568, ""C12"": 0.02563108874064568, ""C13"": 0.02563108874064568, ""C14"": 0.02563108874064568, ""C15"": 0.02563108874064568, ""C16"": 0.02563108874064568, ""C17"": 0.02563108874064568, ""C18"": 0.02563108874064568, ""C19"": 0.02563108874064568, ""C20"": 0.02563108874064568, ""C21"": 0.02563108874064568, ""C22"": 0.02563108874064568, ""C23"": 0.02563108874064568, ""C24"": 0.02563108874064568, ""C25"": 0.024845833299608152}"
41,41,1,428,5.587194,25,"{""C01"": 1.428213, ""C02"": 1.402183, ""C03"": 1.415552, ""C04"": 1.457625, ""C05"": 1.435249, ""C06"": 1.982863, ""C07"": 2.020801, ""C08"": 1.997193, ""C09"": 1.947097, ""C10"": 1.999968, ""C11"": 1.984, ""C12"": 2.063689, ""C13"": 1.978397, ""C14"": 2.065764, ""C15"": 2.063297, ""C16"": 1.99241, ""C17"": 1.979698, ""C18"": 2.005135, ""C19"": 2.040236, ""C20"": 1.967741, ""C21"": 3.647302, ""C22"": 3.669484, ""C23"": 3.545654, ""C24"": 3.739003, ""C25"": 3.718709}","{""C01"": 0, ""C02"": 0, ""C03"": 0, ""C04"": 0, ""C05"": 0, ""C06"": 0, ""C07"": 0, ""C08"": 0, ""C09"": 0, ""C10"": 0, ""C11"": 0, ""C12"": 0, ""C13"": 0, ""C14"": 0, ""C15"": 0, ""C16"": 0, ""C17"": 0, ""C18"": 0, ""C19"": 0, ""C20"": 0, ""C21"": 0, ""C22"": 0, ""C23"": 0, ""C24"": 738, ""C25"": 619}","{""C01"": 0.02563402259587319, ""C02"": 0.02563402259587319, ""C03"": 0.02563402259587319, ""C04"": 0.02563402259587319, ""C05"": 0.02563402259587319, ""C06"": 0.02563402259587319, ""C07"": 0.02563402259587319, ""C08"": 0.02563402259587319, ""C09"": 0.02563402259587319, ""C10"": 0.02563402259587319, ""C11"": 0.02563402259587319, ""C12"": 0.02563402259587319, ""C13"": 0.02563402259587319, ""C14"": 0.02563402259587319, ""C15"": 0.02563402259587319, ""C16"": 0.02563402259587319, ""C17"": 0.02563402259587319, ""C18"": 0.02563402259587319, ""C19"": 0.02563402259587319, ""C20"": 0.02563402259587319, ""C21"": 0.02563402259587319, ""C22"": 0.02563402259587319, ""C23"": 0.02563402259587319, ""C24"": 0.02520666222499866, ""C25"": 0.025275554903843523}"
42,42,1,898,7.875754,25,"{""C01"": 1.428213, ""C02"": 1.402183, ""C03"": 1.415552, ""C04"": 1.457625, ""C05"": 1.435249, ""C06"": 1.982863, ""C07"": 2.020801, ""C08"": 1.997193, ""C09"": 2.110716, ""C10"": 1.999968, ""C11"": 2.113858, ""C12"": 2.063689, ""C13"": 1.983306, ""C14"": 2.065764, ""C15"": 2.074383, ""C16"": 1.993396, ""C17"": 1.979698, ""C18"": 2.005135, ""C19"": 2.040236, ""C20"": 1.967741, ""C21"": 3.647302, ""C22"": 3.669484, ""C23"": 3.818573, ""C24"": 3.742964, ""C25"": 3.718709}","{""C01"": 0, ""C02"": 0, ""C03"": 0, ""C04"": 0, ""C05"": 0, ""C06"": 0, ""C07"": 0, ""C08"": 0, ""C09"": 0, ""C10"": 0, ""C11"": 0, ""C12"": 0, ""C13"": 0, ""C14"": 0, ""C15"": 0, ""C16"": 0, ""C17"": 0, ""C18"": 0, ""C19"": 0, ""C20"": 0, ""C21"": 0, ""C22"": 0, ""C23"": 1345, ""C24"": 0, ""C25"": 0}","{""C01"": 0.02564559065669053, ""C02"": 0.02564559065669053, ""C03"": 0.02564559065669053, ""C04"": 0.02564559065669053, ""C05"": 0.02564559065669053, ""C06"": 0.02564559065669053, ""C07"": 0.02564559065669053, ""C08"": 0.02564559065669053, ""C09"": 0.02564559065669053, ""C10"": 0.02564559065669053, ""C11"": 0.02564559065669053, ""C12"": 0.02564559065669053, ""C13"": 0.02564559065669053, ""C14"": 0.02564559065669053, ""C15"": 0.02564559065669053, ""C16"": 0.02564559065669053, ""C17"": 0.02564559065669053, ""C18"": 0.02564559065669053, ""C19"": 0.02564559065669053, ""C20"": 0.02564559065669053, ""C21"": 0.02564559065669053, ""C22"": 0.02564559065669053, ""C23"": 0.02486670310859773, ""C24"": 0.02564559065669053, ""C25"": 0.02564559065669053}"
43,43,1,229,1.991357,25,"{""C01"": 1.428213, ""C02"": 1.402183, ""C03"": 1.415552, ""C04"": 1.457625, ""C05"": 1.435249, ""C06"": 2.056245, ""C07"": 2.020801, ""C08"": 2.014179, ""C09"": 2.110716, ""C10"": 2.098343, ""C11"": 2.113858, ""C12"": 2.083942, ""C13"": 1.983306, ""C14"": 2.065764, ""C15"": 2.074383, ""C16"": 1.993396, ""C17"": 2.124957, ""C18"": 2.068021, ""C19"": 2.077152, ""C20"": 2.132283, ""C21"": 3.761748, ""C22"": 3.835042, ""C23"": 3.818573, ""C24"": 4.028545, ""C25"": 3.99239}","{""C01"": 0, ""C02"": 0, ""C03"": 0, ""C04"": 0, ""C05"": 0, ""C06"": 0, ""C07"": 0, ""C08"": 0, ""C09"": 0, ""C10"": 0, ""C11"": 0, ""C12"": 0, ""C13"": 0, ""C14"": 0, ""C15"": 0, ""C16"": 0, ""C17"": 0, ""C18"": 0, ""C19"": 0, ""C20"": 0, ""C21"": 0, ""C22"": 0, ""C23"": 0, ""C24"": 719, ""C25"": 608}","{""C01"": 0.025673624637716982, ""C02"": 0.025673624637716982, ""C03"": 0.025673624637716982, ""C04"": 0.025673624637716982, ""C05"": 0.025673624637716982, ""C06"": 0.025673624637716982, ""C07"": 0.025673624637716982, ""C08"": 0.025673624637716982, ""C09"": 0.025673624637716982, ""C10"": 0.025673624637716982, ""C11"": 0.025673624637716982, ""C12"": 0.025673624637716982, ""C13"": 0.025673624637716982, ""C14"": 0.025673624637716982, ""C15"": 0.025673624637716982, ""C16"": 0.025673624637716982, ""C17"": 0.025673624637716982, ""C18"": 0.025673624637716982, ""C19"": 0.025673624637716982, ""C20"": 0.025673624637716982, ""C21"": 0.025673624637716982, ""C22"": 0.025673624637716982, ""C23"": 0.025673624637716982, ""C24"": 0.025257268856380178, ""C25"": 0.025321521475694685}"
44,44,1,525,4.596976,25,"{""C01"": 1.428213, ""C02"": 1.402183, ""C03"": 1.415552, ""C04"": 1.457625, ""C05"": 1.435249, ""C06"": 2.056245, ""C07"": 2.020801, ""C08"": 2.014179, ""C09"": 2.110716, ""C10"": 2.098343, ""C11"": 2.113858, ""C12"": 2.083942, ""C13"": 2.096892, ""C14"": 2.065764, ""C15"": 2.074383, ""C16"": 1.993396, ""C17"": 2.124957, ""C18"": 2.068021, ""C19"": 2.077152, ""C20"": 2.132283, ""C21"": 3.761748, ""C22"": 3.835042, ""C23"": 3.972621, ""C24"": 4.028545, ""C25"": 3.99239}","{""C01"": 0, ""C02"": 0, ""C03"": 0, ""C04"": 0, ""C05"": 0, ""C06"": 0, ""C07"": 0, ""C08"": 0, ""C09"": 0, ""C10"": 0, ""C11"": 0, ""C12"": 0, ""C13"": 0, ""C14"": 0, ""C15"": 0, ""C16"": 0, ""C17"": 0, ""C18"": 0, ""C19"": 0, ""C20"": 0, ""C21"": 0, ""C22"": 0, ""C23"": 0, ""C24"": 885, ""C25"": 441}","{""C01"": 0.02567391653069423, ""C02"": 0.02567391653069423, ""C03"": 0.02567391653069423, ""C04"": 0.02567391653069423, ""C05"": 0.02567391653069423, ""C06"": 0.02567391653069423, ""C07"": 0.02567391653069423, ""C08"": 0.02567391653069423, ""C09"": 0.02567391653069423, ""C10"": 0.02567391653069423, ""C11"": 0.02567391653069423, ""C12"": 0.02567391653069423, ""C13"": 0.02567391653069423, ""C14"": 0.02567391653069423, ""C15"": 0.02567391653069423, ""C16"": 0.02567391653069423, ""C17"": 0.02567391653069423, ""C18"": 0.02567391653069423, ""C19"": 0.02567391653069423, ""C20"": 0.02567391653069423, ""C21"": 0.02567391653069423, ""C22"": 0.02567391653069423, ""C23"": 0.02567391653069423, ""C24"": 0.025161424239701764, ""C25"": 0.02541852578359476}"
45,45,1,825,7.284090,25,"{""C01"": 1.428213, ""C02"": 1.402183, ""C03"": 1.468673, ""C04"": 1.457625, ""C05"": 1.435249, ""C06"": 2.163871, ""C07"": 2.020801, ""C08"": 2.149079, ""C09"": 2.110716, ""C10"": 2.098343, ""C11"": 2.11584, ""C12"": 2.191972, ""C13"": 2.096892, ""C14"": 2.065764, ""C15"": 2.074383, ""C16"": 2.076562, ""C17"": 2.124957, ""C18"": 2.176018, ""C19"": 2.077152, ""C20"": 2.132283, ""C21"": 3.922176, ""C22"": 3.97223, ""C23"": 3.972621, ""C24"": 4.028545, ""C25"": 3.99239}","{""C01"": 0, ""C02"": 0, ""C03"": 0, ""C04"": 0, ""C05"": 0, ""C06"": 0, ""C07"": 0, ""C08"": 0, ""C09"": 0, ""C10"": 0, ""C11"": 0, ""C12"": 0, ""C13"": 0, ""C14"": 0, ""C15"": 0, ""C16"": 0, ""C17"": 0, ""C18"": 0, ""C19"": 0, ""C20"": 0, ""C21"": 0, ""C22"": 0, ""C23"": 0, ""C24"": 1048, ""C25"": 276}","{""C01"": 0.025673612696871337, ""C02"": 0.025673612696871337, ""C03"": 0.025673612696871337, ""C04"": 0.025673612696871337, ""C05"": 0.025673612696871337, ""C06"": 0.025673612696871337, ""C07"": 0.025673612696871337, ""C08"": 0.025673612696871337, ""C09"": 0.025673612696871337, ""C10"": 0.025673612696871337, ""C11"": 0.025673612696871337, ""C12"": 0.025673612696871337, ""C13"": 0.025673612696871337, ""C14"": 0.025673612696871337, ""C15"": 0.025673612696871337, ""C16"": 0.025673612696871337, ""C17"": 0.025673612696871337, ""C18"": 0.025673612696871337, ""C19"": 0.025673612696871337, ""C20"": 0.025673612696871337, ""C21"": 0.025673612696871337, ""C22"": 0.025673612696871337, ""C23"": 0.025673612696871337, ""C24"": 0.025066727153257598, ""C25"": 0.025513776783120713}"
46,46,1,836,7.286562,25,"{""C01"": 1.428213, ""C02"": 1.402183, ""C03"": 1.468673, ""C04"": 1.457625, ""C05"": 1.436518, ""C06"": 2.163871, ""C07"": 2.119793, ""C08"": 2.149079, ""C09"": 2.110716, ""C10"": 2.124048, ""C11"": 2.11584, ""C12"": 2.191972, ""C13"": 2.096892, ""C14"": 2.166288, ""C15"": 2.074383, ""C16"": 2.076562, ""C17"": 2.124957, ""C18"": 2.176018, ""C19"": 2.077152, ""C20"": 2.132283, ""C21"": 3.97218, ""C22"": 3.97223, ""C23"": 3.972621, ""C24"": 4.041903, ""C25"": 3.999687}","{""C01"": 0, ""C02"": 0, ""C03"": 0, ""C04"": 0, ""C05"": 0, ""C06"": 0, ""C07"": 0, ""C08"": 0, ""C09"": 0, ""C10"": 0, ""C11"": 0, ""C12"": 0, ""C13"": 0, ""C14"": 0, ""C15"": 0, ""C16"": 0, ""C17"": 0, ""C18"": 0, ""C19"": 0, ""C20"": 0, ""C21"": 0, ""C22"": 0, ""C23"": 0, ""C24"": 1056, ""C25"": 267}","{""C01"": 0.025675404420013856, ""C02"": 0.025675404420013856, ""C03"": 0.025675404420013856, ""C04"": 0.025675404420013856, ""C05"": 0.025675404420013856, ""C06"": 0.025675404420013856, ""C07"": 0.025675404420013856, ""C08"": 0.025675404420013856, ""C09"": 0.025675404420013856, ""C10"": 0.025675404420013856, ""C11"": 0.025675404420013856, ""C12"": 0.025675404420013856, ""C13"": 0.025675404420013856, ""C14"": 0.025675404420013856, ""C15"": 0.025675404420013856, ""C16"": 0.025675404420013856, ""C17"": 0.025675404420013856, ""C18"": 0.025675404420013856, ""C19"": 0.025675404420013856, ""C20"": 0.025675404420013856, ""C21"": 0.025675404420013856, ""C22"": 0.025675404420013856, ""C23"": 0.025675404420013856, ""C24"": 0.02506388543305787, ""C25"": 0.025520779866448913}"
47,47,1,821,7.215505,25,"{""C01"": 1.428213, ""C02"": 1.402183, ""C03"": 1.468673, ""C04"": 1.462166, ""C05"": 1.436518, ""C06"": 2.163871, ""C07"": 2.119793, ""C08"": 2.149079, ""C09"": 2.110716, ""C10"": 2.124048, ""C11"": 2.11584, ""C12"": 2.191972, ""C13"": 2.131196, ""C14"": 2.166288, ""C15"": 2.174758, ""C16"": 2.191346, ""C17"": 2.124957, ""C18"": 2.176018, ""C19"": 2.077152, ""C20"": 2.132283, ""C21"": 3.97218, ""C22"": 3.97223, ""C23"": 4.124199, ""C24"": 4.041903, ""C25"": 3.999687}","{""C01"": 0, ""C02"": 0, ""C03"": 0, ""C04"": 0, ""C05"": 0, ""C06"": 0, ""C07"": 0, ""C08"": 0, ""C09"": 0, ""C10"": 0, ""C11"": 0, ""C12"": 0, ""C13"": 0, ""C14"": 0, ""C15"": 0, ""C16"": 0, ""C17"": 0, ""C18"": 0, ""C19"": 0, ""C20"": 0, ""C21"": 0, ""C22"": 0, ""C23"": 1312, ""C24"": 0, ""C25"": 0}","{""C01"": 0.025686124291129764, ""C02"": 0.025686124291129764, ""C03"": 0.025686124291129764, ""C04"": 0.025686124291129764, ""C05"": 0.025686124291129764, ""C06"": 0.025686124291129764, ""C07"": 0.025686124291129764, ""C08"": 0.025686124291129764, ""C09"": 0.025686124291129764, ""C10"": 0.025686124291129764, ""C11"": 0.025686124291129764, ""C12"": 0.025686124291129764, ""C13"": 0.025686124291129764, ""C14"": 0.025686124291129764, ""C15"": 0.025686124291129764, ""C16"": 0.025686124291129764, ""C17"": 0.025686124291129764, ""C18"": 0.025686124291129764, ""C19"": 0.025686124291129764, ""C20"": 0.025686124291129764, ""C21"": 0.025686124291129764, ""C22"": 0.025686124291129764, ""C23"": 0.024926349485293108, ""C24"": 0.025686124291129764, ""C25"": 0.025686124291129764}"
48,48,1,685,6.049593,25,"{""C01"": 1.428213, ""C02"": 1.402183, ""C03"": 1.468673, ""C04"": 1.462166, ""C05"": 1.436518, ""C06"": 2.163871, ""C07"": 2.119793, ""C08"": 2.149079, ""C09"": 2.114016, ""C10"": 2.253818, ""C11"": 2.11584, ""C12"": 2.191972, ""C13"": 2.131196, ""C14"": 2.166288, ""C15"": 2.174758, ""C16"": 2.191346, ""C17"": 2.194443, ""C18"": 2.176018, ""C19"": 2.1785, ""C20"": 2.210111, ""C21"": 4.164755, ""C22"": 4.108888, ""C23"": 4.124199, ""C24"": 4.041903, ""C25"": 4.190415}","{""C01"": 0, ""C02"": 0, ""C03"": 0, ""C04"": 0, ""C05"": 0, ""C06"": 0, ""C07"": 0, ""C08"": 0, ""C09"": 0, ""C10"": 0, ""C11"": 0, ""C12"": 0, ""C13"": 0, ""C14"": 0, ""C15"": 0, ""C16"": 0, ""C17"": 0, ""C18"": 0, ""C19"": 0, ""C20"": 0, ""C21"": 399, ""C22"": 0, ""C23"": 0, ""C24"": 0, ""C25"": 909}","{""C01"": 0.025694551688184922, ""C02"": 0.025694551688184922, ""C03"": 0.025694551688184922, ""C04"": 0.025694551688184922, ""C05"": 0.025694551688184922, ""C06"": 0.025694551688184922, ""C07"": 0.025694551688184922, ""C08"": 0.025694551688184922, ""C09"": 0.025694551688184922, ""C10"": 0.025694551688184922, ""C11"": 0.025694551688184922, ""C12"": 0.025694551688184922, ""C13"": 0.025694551688184922, ""C14"": 0.025694551688184922, ""C15"": 0.025694551688184922, ""C16"": 0.025694551688184922, ""C17"": 0.025694551688184922, ""C18"": 0.025694551688184922, ""C19"": 0.025694551688184922, ""C20"": 0.025694551688184922, ""C21"": 0.025463487678798163, ""C22"": 0.025694551688184922, ""C23"": 0.025694551688184922, ""C24"": 0.025694551688184922, ""C25"": 0.02516816020416054}"
49,49,1,834,7.416332,25,"{""C01"": 1.428213, ""C02"": 1.402183, ""C03"": 1.468673, ""C04"": 1.462166, ""C05"": 1.436518, ""C06"": 2.163871, ""C07"": 2.14427, ""C08"": 2.149079, ""C09"": 2.114016, ""C10"": 2.253818, ""C11"": 2.11584, ""C12"": 2.191972, ""C13"": 2.287414, ""C14"": 2.230117, ""C15"": 2.174758, ""C16"": 2.191346, ""C17"": 2.194443, ""C18"": 2.176018, ""C19"": 2.1785, ""C20"": 2.210111, ""C21"": 4.164755, ""C22"": 4.108888, ""C23"": 4.347512, ""C24"": 4.214524, ""C25"": 4.258308}","{""C01"": 0, ""C02"": 0, ""C03"": 0, ""C04"": 0, ""C05"": 0, ""C06"": 0, ""C07"": 0, ""C08"": 0, ""C09"": 0, ""C10"": 0, ""C11"": 0, ""C12"": 0, ""C13"": 0, ""C14"": 0, ""C15"": 0, ""C16"": 0, ""C17"": 0, ""C18"": 0, ""C19"": 0, ""C20"": 0, ""C21"": 0, ""C22"": 0, ""C23"": 1290, ""C24"": 0, ""C25"": 0}","{""C01"": 0.025713397539406588, ""C02"": 0.025713397539406588, ""C03"": 0.025713397539406588, ""C04"": 0.025713397539406588, ""C05"": 0.025713397539406588, ""C06"": 0.025713397539406588, ""C07"": 0.025713397539406588, ""C08"": 0.025713397539406588, ""C09"": 0.025713397539406588, ""C10"": 0.025713397539406588, ""C11"": 0.025713397539406588, ""C12"": 0.025713397539406588, ""C13"": 0.025713397539406588, ""C14"": 0.025713397539406588, ""C15"": 0.025713397539406588, ""C16"": 0.025713397539406588, ""C17"": 0.025713397539406588, ""C18"": 0.025713397539406588, ""C19"": 0.025713397539406588, ""C20"": 0.025713397539406588, ""C21"": 0.025713397539406588, ""C22"": 0.025713397539406588, ""C23"": 0.024966363664310386, ""C24"": 0.025713397539406588, ""C25"": 0.025713397539406588}"
50,50,1,638,5.670261,25,"{""C01"": 1.428213, ""C02"": 1.402183, ""C03"": 1.468673, ""C04"": 1.462166, ""C05"": 1.436518, ""C06"": 2.163871, ""C07"": 2.14427, ""C08"": 2.149079, ""C09"": 2.283245, ""C10"": 2.253818, ""C11"": 2.276962, ""C12"": 2.191972, ""C13"": 2.287414, ""C14"": 2.230117, ""C15"": 2.201216, ""C16"": 2.216835, ""C17"": 2.194443, ""C18"": 2.176018, ""C19"": 2.1785, ""C20"": 2.210111, ""C21"": 4.414366, ""C22"": 4.364508, ""C23"": 4.347512, ""C24"": 4.214524, ""C25"": 4.258308}","{""C01"": 0, ""C02"": 0, ""C03"": 0, ""C04"": 0, ""C05"": 0, ""C06"": 0, ""C07"": 0, ""C08"": 0, ""C09"": 0, ""C10"": 0, ""C11"": 0, ""C12"": 0, ""C13"": 0, ""C14"": 0, ""C15"": 0, ""C16"": 0, ""C17"": 0, ""C18"": 0, ""C19"": 0, ""C20"": 0, ""C21"": 935, ""C22"": 352, ""C23"": 0, ""C24"": 0, ""C25"": 0}","{""C01"": 0.025720808428091185, ""C02"": 0.025720808428091185, ""C03"": 0.025720808428091185, ""C04"": 0.025720808428091185, ""C05"": 0.025720808428091185, ""C06"": 0.025720808428091185, ""C07"": 0.025720808428091185, ""C08"": 0.025720808428091185, ""C09"": 0.025720808428091185, ""C10"": 0.025720808428091185, ""C11"": 0.025720808428091185, ""C12"": 0.025720808428091185, ""C13"": 0.025720808428091185, ""C14"": 0.025720808428091185, ""C15"": 0.025720808428091185, ""C16"": 0.025720808428091185, ""C17"": 0.025720808428091185, ""C18"": 0.025720808428091185, ""C19"": 0.025720808428091185, ""C20"": 0.025720808428091185, ""C21"": 0.02517936563332706, ""C22"": 0.025516958829383846, ""C23"": 0.025720808428091185, ""C24"": 0.025720808428091185, ""C25"": 0.025720808428091185}"
51,51,1,822,7.295557,25,"{""C01"": 1.428213, ""C02"": 1.46475, ""C03"": 1.468673, ""C04"": 1.462166, ""C05"": 1.513612, ""C06"": 2.204357, ""C07"": 2.288506, ""C08"": 2.191608, ""C09"": 2.283245, ""C10"": 2.28627, ""C11"": 2.276962, ""C12"": 2.271087, ""C13"": 2.287414, ""C14"": 2.230117, ""C15"": 2.201216, ""C16"": 2.216835, ""C17"": 2.28761, ""C18"": 2.202582, ""C19"": 2.210511, ""C20"": 2.291351, ""C21"": 4.414366, ""C22"": 4.364508, ""C23"": 4.347512, ""C24"": 4.418967, ""C25"": 4.500227}","{""C01"": 0, ""C02"": 0, ""C03"": 0, ""C04"": 0, ""C05"": 0, ""C06"": 0, ""C07"": 0, ""C08"": 0, ""C09"": 0, ""C10"": 0, ""C11"": 0, ""C12"": 0, ""C13"": 0, ""C14"": 0, ""C15"": 0, ""C16"": 0, ""C17"": 0, ""C18"": 0, ""C19"": 0, ""C20"": 0, ""C21"": 0, ""C22"": 0, ""C23"": 0, ""C24"": 0, ""C25"": 1276}","{""C01"": 0.025731126530526602, ""C02"": 0.025731126530526602, ""C03"": 0.025731126530526602, ""C04"": 0.025731126530526602, ""C05"": 0.025731126530526602, ""C06"": 0.025731126530526602, ""C07"": 0.025731126530526602, ""C08"": 0.025731126530526602, ""C09"": 0.025731126530526602, ""C10"": 0.025731126530526602, ""C11"": 0.025731126530526602, ""C12"": 0.025731126530526602, ""C13"": 0.025731126530526602, ""C14"": 0.025731126530526602, ""C15"": 0.025731126530526602, ""C16"": 0.025731126530526602, ""C17"": 0.025731126530526602, ""C18"": 0.025731126530526602, ""C19"": 0.025731126530526602, ""C20"": 0.025731126530526602, ""C21"": 0.025731126530526602, ""C22"": 0.025731126530526602, ""C23"": 0.025731126530526602, ""C24"": 0.025731126530526602, ""C25"": 0.02499219924140463}"
52,52,1,473,4.165702,25,"{""C01"": 1.46937, ""C02"": 1.46475, ""C03"": 1.468673, ""C04"": 1.462166, ""C05"": 1.513612, ""C06"": 2.204357, ""C07"": 2.288506, ""C08"": 2.191608, ""C09"": 2.283245, ""C10"": 2.28627, ""C11"": 2.276962, ""C12"": 2.271087, ""C13"": 2.287414, ""C14"": 2.259663, ""C15"": 2.359129, ""C16"": 2.216835, ""C17"": 2.28761, ""C18"": 2.202582, ""C19"": 2.210511, ""C20"": 2.291351, ""C21"": 4.414366, ""C22"": 4.364508, ""C23"": 4.49268, ""C24"": 4.433466, ""C25"": 4.500227}","{""C01"": 0, ""C02"": 0, ""C03"": 0, ""C04"": 0, ""C05"": 0, ""C06"": 0, ""C07"": 0, ""C08"": 0, ""C09"": 0, ""C10"": 0, ""C11"": 0, ""C12"": 0, ""C13"": 0, ""C14"": 0, ""C15"": 0, ""C16"": 0, ""C17"": 0, ""C18"": 0, ""C19"": 0, ""C20"": 0, ""C21"": 0, ""C22"": 0, ""C23"": 589, ""C24"": 0, ""C25"": 688}","{""C01"": 0.02573113368813132, ""C02"": 0.02573113368813132, ""C03"": 0.02573113368813132, ""C04"": 0.02573113368813132, ""C05"": 0.02573113368813132, ""C06"": 0.02573113368813132, ""C07"": 0.02573113368813132, ""C08"": 0.02573113368813132, ""C09"": 0.02573113368813132, ""C10"": 0.02573113368813132, ""C11"": 0.02573113368813132, ""C12"": 0.02573113368813132, ""C13"": 0.02573113368813132, ""C14"": 0.02573113368813132, ""C15"": 0.02573113368813132, ""C16"": 0.02573113368813132, ""C17"": 0.02573113368813132, ""C18"": 0.02573113368813132, ""C19"": 0.02573113368813132, ""C20"": 0.02573113368813132, ""C21"": 0.02573113368813132, ""C22"": 0.02573113368813132, ""C23"": 0.025390052269409925, ""C24"": 0.02573113368813132, ""C25"": 0.02533272781425811}"
53,53,1,813,7.098333,25,"{""C01"": 1.46937, ""C02"": 1.46475, ""C03"": 1.49245, ""C04"": 1.462166, ""C05"": 1.513612, ""C06"": 2.311983, ""C07"": 2.288506, ""C08"": 2.319312, ""C09"": 2.285004, ""C10"": 2.28627, ""C11"": 2.276962, ""C12"": 2.39219, ""C13"": 2.287414, ""C14"": 2.259663, ""C15"": 2.359129, ""C16"": 2.216835, ""C17"": 2.28761, ""C18"": 2.310578, ""C19"": 2.318237, ""C20"": 2.291351, ""C21"": 4.553373, ""C22"": 4.453162, ""C23"": 4.49268, ""C24"": 4.433466, ""C25"": 4.638425}","{""C01"": 0, ""C02"": 0, ""C03"": 0, ""C04"": 0, ""C05"": 0, ""C06"": 0, ""C07"": 0, ""C08"": 0, ""C09"": 0, ""C10"": 0, ""C11"": 0, ""C12"": 0, ""C13"": 0, ""C14"": 0, ""C15"": 0, ""C16"": 0, ""C17"": 0, ""C18"": 0, ""C19"": 0, ""C20"": 0, ""C21"": 0, ""C22"": 0, ""C23"": 0, ""C24"": 0, ""C25"": 1263}","{""C01"": 0.025745995698623306, ""C02"": 0.025745995698623306, ""C03"": 0.025745995698623306, ""C04"": 0.025745995698623306, ""C05"": 0.025745995698623306, ""C06"": 0.025745995698623306, ""C07"": 0.025745995698623306, ""C08"": 0.025745995698623306, ""C09"": 0.025745995698623306, ""C10"": 0.025745995698623306, ""C11"": 0.025745995698623306, ""C12"": 0.025745995698623306, ""C13"": 0.025745995698623306, ""C14"": 0.025745995698623306, ""C15"": 0.025745995698623306, ""C16"": 0.025745995698623306, ""C17"": 0.025745995698623306, ""C18"": 0.025745995698623306, ""C19"": 0.025745995698623306, ""C20"": 0.025745995698623306, ""C21"": 0.025745995698623306, ""C22"": 0.025745995698623306, ""C23"": 0.025745995698623306, ""C24"": 0.025745995698623306, ""C25"": 0.02501460118721821}"
54,54,1,1251,12.484052,25,"{""C01"": 1.46937, ""C02"": 1.46475, ""C03"": 1.49245, ""C04"": 1.462166, ""C05"": 1.513612, ""C06"": 2.311983, ""C07"": 2.300519, ""C08"": 2.319312, ""C09"": 2.285004, ""C10"": 2.28627, ""C11"": 2.276962, ""C12"": 2.39219, ""C13"": 2.287414, ""C14"": 2.396949, ""C15"": 2.359129, ""C16"": 2.216835, ""C17"": 2.28761, ""C18"": 2.310578, ""C19"": 2.318237, ""C20"": 2.291351, ""C21"": 4.553373, ""C22"": 4.453162, ""C23"": 4.49268, ""C24"": 4.584284, ""C25"": 4.638425}","{""C01"": 0, ""C02"": 0, ""C03"": 0, ""C04"": 0, ""C05"": 0, ""C06"": 0, ""C07"": 0, ""C08"": 0, ""C09"": 0, ""C10"": 0, ""C11"": 0, ""C12"": 0, ""C13"": 0, ""C14"": 0, ""C15"": 0, ""C16"": 0, ""C17"": 0, ""C18"": 0, ""C19"": 0, ""C20"": 0, ""C21"": 0, ""C22"": 0, ""C23"": 0, ""C24"": 0, ""C25"": 1263}","{""C01"": 0.025745995698623306, ""C02"": 0.025745995698623306, ""C03"": 0.025745995698623306, ""C04"": 0.025745995698623306, ""C05"": 0.025745995698623306, ""C06"": 0.025745995698623306, ""C07"": 0.025745995698623306, ""C08"": 0.025745995698623306, ""C09"": 0.025745995698623306, ""C10"": 0.025745995698623306, ""C11"": 0.025745995698623306, ""C12"": 0.025745995698623306, ""C13"": 0.025745995698623306, ""C14"": 0.025745995698623306, ""C15"": 0.025745995698623306, ""C16"": 0.025745995698623306, ""C17"": 0.025745995698623306, ""C18"": 0.025745995698623306, ""C19"": 0.025745995698623306, ""C20"": 0.025745995698623306, ""C21"": 0.025745995698623306, ""C22"": 0.025745995698623306, ""C23"": 0.025745995698623306, ""C24"": 0.025745995698623306, ""C25"": 0.02501460118721821}"
55,55,1,1253,12.501519,25,"{""C01"": 1.46937, ""C02"": 1.46475, ""C03"": 1.49245, ""C04"": 1.482707, ""C05"": 1.513612, ""C06"": 2.311983, ""C07"": 2.300519, ""C08"": 2.319312, ""C09"": 2.422748, ""C10"": 2.28627, ""C11"": 2.381628, ""C12"": 2.39219, ""C13"": 2.287414, ""C14"": 2.396949, ""C15"": 2.359129, ""C16"": 2.354023, ""C17"": 2.28761, ""C18"": 2.310578, ""C19"": 2.318237, ""C20"": 2.291351, ""C21"": 4.553373, ""C22"": 4.453162, ""C23"": 4.498967, ""C24"": 4.584284, ""C25"": 4.638425}","{""C01"": 0, ""C02"": 0, ""C03"": 0, ""C04"": 0, ""C05"": 0, ""C06"": 0, ""C07"": 0, ""C08"": 0, ""C09"": 0, ""C10"": 0, ""C11"": 0, ""C12"": 0, ""C13"": 0, ""C14"": 0, ""C15"": 0, ""C16"": 0, ""C17"": 0, ""C18"": 0, ""C19"": 0, ""C20"": 0, ""C21"": 0, ""C22"": 0, ""C23"": 0, ""C24"": 0, ""C25"": 1263}","{""C01"": 0.025745995698623306, ""C02"": 0.025745995698623306, ""C03"": 0.025745995698623306, ""C04"": 0.025745995698623306, ""C05"": 0.025745995698623306, ""C06"": 0.025745995698623306, ""C07"": 0.025745995698623306, ""C08"": 0.025745995698623306, ""C09"": 0.025745995698623306, ""C10"": 0.025745995698623306, ""C11"": 0.025745995698623306, ""C12"": 0.025745995698623306, ""C13"": 0.025745995698623306, ""C14"": 0.025745995698623306, ""C15"": 0.025745995698623306, ""C16"": 0.025745995698623306, ""C17"": 0.025745995698623306, ""C18"": 0.025745995698623306, ""C19"": 0.025745995698623306, ""C20"": 0.025745995698623306, ""C21"": 0.025745995698623306, ""C22"": 0.025745995698623306, ""C23"": 0.025745995698623306, ""C24"": 0.025745995698623306, ""C25"": 0.02501460118721821}"
56,56,1,267,2.375080,25,"{""C01"": 1.46937, ""C02"": 1.46475, ""C03"": 1.49245, ""C04"": 1.482707, ""C05"": 1.513612, ""C06"": 2.311983, ""C07"": 2.300519, ""C08"": 2.319312, ""C09"": 2.422748, ""C10"": 2.373807, ""C11"": 2.381628, ""C12"": 2.39219, ""C13"": 2.287414, ""C14"": 2.396949, ""C15"": 2.359129, ""C16"": 2.354023, ""C17"": 2.38646, ""C18"": 2.339737, ""C19"": 2.318237, ""C20"": 2.36151, ""C21"": 4.616941, ""C22"": 4.615226, ""C23"": 4.529765, ""C24"": 4.755892, ""C25"": 4.798173}","{""C01"": 0, ""C02"": 0, ""C03"": 0, ""C04"": 0, ""C05"": 0, ""C06"": 0, ""C07"": 0, ""C08"": 0, ""C09"": 0, ""C10"": 0, ""C11"": 0, ""C12"": 0, ""C13"": 0, ""C14"": 0, ""C15"": 0, ""C16"": 0, ""C17"": 0, ""C18"": 0, ""C19"": 0, ""C20"": 0, ""C21"": 0, ""C22"": 0, ""C23"": 0, ""C24"": 554, ""C25"": 700}","{""C01"": 0.025762777833745004, ""C02"": 0.025762777833745004, ""C03"": 0.025762777833745004, ""C04"": 0.025762777833745004, ""C05"": 0.025762777833745004, ""C06"": 0.025762777833745004, ""C07"": 0.025762777833745004, ""C08"": 0.025762777833745004, ""C09"": 0.025762777833745004, ""C10"": 0.025762777833745004, ""C11"": 0.025762777833745004, ""C12"": 0.025762777833745004, ""C13"": 0.025762777833745004, ""C14"": 0.025762777833745004, ""C15"": 0.025762777833745004, ""C16"": 0.025762777833745004, ""C17"": 0.025762777833745004, ""C18"": 0.025762777833745004, ""C19"": 0.025762777833745004, ""C20"": 0.025762777833745004, ""C21"": 0.025762777833745004, ""C22"": 0.025762777833745004, ""C23"": 0.025762777833745004, ""C24"": 0.0254419482496335, ""C25"": 0.025357428404017165}"
57,57,1,525,4.623989,25,"{""C01"": 1.46937, ""C02"": 1.46475, ""C03"": 1.49245, ""C04"": 1.482707, ""C05"": 1.513612, ""C06"": 2.311983, ""C07"": 2.300519, ""C08"": 2.319312, ""C09"": 2.422748, ""C10"": 2.373807, ""C11"": 2.381628, ""C12"": 2.39219, ""C13"": 2.416368, ""C14"": 2.396949, ""C15"": 2.359129, ""C16"": 2.354023, ""C17"": 2.38646, ""C18"": 2.339737, ""C19"": 2.318237, ""C20"": 2.36151, ""C21"": 4.616941, ""C22"": 4.615226, ""C23"": 4.834216, ""C24"": 4.755892, ""C25"": 4.798173}","{""C01"": 0, ""C02"": 0, ""C03"": 0, ""C04"": 0, ""C05"": 0, ""C06"": 0, ""C07"": 0, ""C08"": 0, ""C09"": 0, ""C10"": 0, ""C11"": 0, ""C12"": 0, ""C13"": 0, ""C14"": 0, ""C15"": 0, ""C16"": 0, ""C17"": 0, ""C18"": 0, ""C19"": 0, ""C20"": 0, ""C21"": 0, ""C22"": 0, ""C23"": 854, ""C24"": 0, ""C25"": 395}","{""C01"": 0.025766453574301476, ""C02"": 0.025766453574301476, ""C03"": 0.025766453574301476, ""C04"": 0.025766453574301476, ""C05"": 0.025766453574301476, ""C06"": 0.025766453574301476, ""C07"": 0.025766453574301476, ""C08"": 0.025766453574301476, ""C09"": 0.025766453574301476, ""C10"": 0.025766453574301476, ""C11"": 0.025766453574301476, ""C12"": 0.025766453574301476, ""C13"": 0.025766453574301476, ""C14"": 0.025766453574301476, ""C15"": 0.025766453574301476, ""C16"": 0.025766453574301476, ""C17"": 0.025766453574301476, ""C18"": 0.025766453574301476, ""C19"": 0.025766453574301476, ""C20"": 0.025766453574301476, ""C21"": 0.025766453574301476, ""C22"": 0.025766453574301476, ""C23"": 0.02527192037827433, ""C24"": 0.025766453574301476, ""C25"": 0.025537706245976306}"
58,58,1,1029,9.008704,25,"{""C01"": 1.46937, ""C02"": 1.46475, ""C03"": 1.49245, ""C04"": 1.482707, ""C05"": 1.513612, ""C06"": 2.410958, ""C07"": 2.300519, ""C08"": 2.432579, ""C09"": 2.422748, ""C10"": 2.373807, ""C11"": 2.381628, ""C12"": 2.39219, ""C13"": 2.416368, ""C14"": 2.396949, ""C15"": 2.359129, ""C16"": 2.354023, ""C17"": 2.38646, ""C18"": 2.447733, ""C19"": 2.318237, ""C20"": 2.36151, ""C21"": 4.830719, ""C22"": 4.902374, ""C23"": 4.834216, ""C24"": 4.755892, ""C25"": 4.798173}","{""C01"": 0, ""C02"": 0, ""C03"": 0, ""C04"": 0, ""C05"": 0, ""C06"": 0, ""C07"": 0, ""C08"": 0, ""C09"": 0, ""C10"": 0, ""C11"": 0, ""C12"": 0, ""C13"": 0, ""C14"": 0, ""C15"": 0, ""C16"": 0, ""C17"": 0, ""C18"": 0, ""C19"": 0, ""C20"": 0, ""C21"": 0, ""C22"": 1241, ""C23"": 0, ""C24"": 0, ""C25"": 0}","{""C01"": 0.025773691003886615, ""C02"": 0.025773691003886615, ""C03"": 0.025773691003886615, ""C04"": 0.025773691003886615, ""C05"": 0.025773691003886615, ""C06"": 0.025773691003886615, ""C07"": 0.025773691003886615, ""C08"": 0.025773691003886615, ""C09"": 0.025773691003886615, ""C10"": 0.025773691003886615, ""C11"": 0.025773691003886615, ""C12"": 0.025773691003886615, ""C13"": 0.025773691003886615, ""C14"": 0.025773691003886615, ""C15"": 0.025773691003886615, ""C16"": 0.025773691003886615, ""C17"": 0.025773691003886615, ""C18"": 0.025773691003886615, ""C19"": 0.025773691003886615, ""C20"": 0.025773691003886615, ""C21"": 0.025773691003886615, ""C22"": 0.025055035819364344, ""C23"": 0.025773691003886615, ""C24"": 0.025773691003886615, ""C25"": 0.025773691003886615}"
59,59,1,924,8.114713,25,"{""C01"": 1.46937, ""C02"": 1.485424, ""C03"": 1.49245, ""C04"": 1.482707, ""C05"": 1.513612, ""C06"": 2.410958, ""C07"": 2.418647, ""C08"": 2.432579, ""C09"": 2.422748, ""C10"": 2.373807, ""C11"": 2.381628, ""C12"": 2.39219, ""C13"": 2.416368, ""C14"": 2.396949, ""C15"": 2.359129, ""C16"": 2.354023, ""C17"": 2.38646, ""C18"": 2.447733, ""C19"": 2.331034, ""C20"": 2.36151, ""C21"": 4.830719, ""C22"": 4.902374, ""C23"": 4.834216, ""C24"": 5.032123, ""C25"": 4.967723}","{""C01"": 0, ""C02"": 0, ""C03"": 0, ""C04"": 0, ""C05"": 0, ""C06"": 0, ""C07"": 0, ""C08"": 0, ""C09"": 0, ""C10"": 0, ""C11"": 0, ""C12"": 0, ""C13"": 0, ""C14"": 0, ""C15"": 0, ""C16"": 0, ""C17"": 0, ""C18"": 0, ""C19"": 0, ""C20"": 0, ""C21"": 0, ""C22"": 0, ""C23"": 0, ""C24"": 1231, ""C25"": 0}","{""C01"": 0.02578674001242104, ""C02"": 0.02578674001242104, ""C03"": 0.02578674001242104, ""C04"": 0.02578674001242104, ""C05"": 0.02578674001242104, ""C06"": 0.02578674001242104, ""C07"": 0.02578674001242104, ""C08"": 0.02578674001242104, ""C09"": 0.02578674001242104, ""C10"": 0.02578674001242104, ""C11"": 0.02578674001242104, ""C12"": 0.02578674001242104, ""C13"": 0.02578674001242104, ""C14"": 0.02578674001242104, ""C15"": 0.02578674001242104, ""C16"": 0.02578674001242104, ""C17"": 0.02578674001242104, ""C18"": 0.02578674001242104, ""C19"": 0.02578674001242104, ""C20"": 0.02578674001242104, ""C21"": 0.02578674001242104, ""C22"": 0.02578674001242104, ""C23"": 0.02578674001242104, ""C24"": 0.025073873804891417, ""C25"": 0.02578674001242104}"
60,60,1,572,6.441720,25,"{""C01"": 1.485109, ""C02"": 1.485424, ""C03"": 1.49245, ""C04"": 1.523993, ""C05"": 1.513612, ""C06"": 2.410958, ""C07"": 2.418647, ""C08"": 2.432579, ""C09"": 2.422748, ""C10"": 2.373807, ""C11"": 2.381628, ""C12"": 2.39219, ""C13"": 2.457437, ""C14"": 2.396949, ""C15"": 2.456034, ""C16"": 2.476248, ""C17"": 2.38646, ""C18"": 2.447733, ""C19"": 2.331034, ""C20"": 2.36151, ""C21"": 4.830719, ""C22"": 4.902374, ""C23"": 5.019079, ""C24"": 5.032123, ""C25"": 4.967723}","{""C01"": 0, ""C02"": 0, ""C03"": 0, ""C04"": 0, ""C05"": 0, ""C06"": 0, ""C07"": 0, ""C08"": 0, ""C09"": 0, ""C10"": 0, ""C11"": 0, ""C12"": 0, ""C13"": 0, ""C14"": 0, ""C15"": 0, ""C16"": 0, ""C17"": 0, ""C18"": 0, ""C19"": 0, ""C20"": 0, ""C21"": 0, ""C22"": 0, ""C23"": 421, ""C24"": 811, ""C25"": 0}","{""C01"": 0.02578668656750613, ""C02"": 0.02578668656750613, ""C03"": 0.02578668656750613, ""C04"": 0.02578668656750613, ""C05"": 0.02578668656750613, ""C06"": 0.02578668656750613, ""C07"": 0.02578668656750613, ""C08"": 0.02578668656750613, ""C09"": 0.02578668656750613, ""C10"": 0.02578668656750613, ""C11"": 0.02578668656750613, ""C12"": 0.02578668656750613, ""C13"": 0.02578668656750613, ""C14"": 0.02578668656750613, ""C15"": 0.02578668656750613, ""C16"": 0.02578668656750613, ""C17"": 0.02578668656750613, ""C18"": 0.02578668656750613, ""C19"": 0.02578668656750613, ""C20"": 0.02578668656750613, ""C21"": 0.02578668656750613, ""C22"": 0.02578668656750613, ""C23"": 0.025542894228736256, ""C24"": 0.025317050563979135, ""C25"": 0.02578668656750613}"
61,61,1,562,4.848344,25,"{""C01"": 1.485109, ""C02"": 1.485424, ""C03"": 1.49245, ""C04"": 1.523993, ""C05"": 1.513612, ""C06"": 2.426559, ""C07"": 2.418647, ""C08"": 2.432579, ""C09"": 2.422748, ""C10"": 2.373807, ""C11"": 2.381628, ""C12"": 2.465449, ""C13"": 2.457437, ""C14"": 2.396949, ""C15"": 2.456034, ""C16"": 2.476248, ""C17"": 2.475279, ""C18"": 2.447733, ""C19"": 2.443874, ""C20"": 2.551574, ""C21"": 5.004312, ""C22"": 5.019346, ""C23"": 5.019079, ""C24"": 5.032123, ""C25"": 5.209641}","{""C01"": 0, ""C02"": 0, ""C03"": 0, ""C04"": 0, ""C05"": 0, ""C06"": 0, ""C07"": 0, ""C08"": 0, ""C09"": 0, ""C10"": 0, ""C11"": 0, ""C12"": 0, ""C13"": 0, ""C14"": 0, ""C15"": 0, ""C16"": 0, ""C17"": 0, ""C18"": 0, ""C19"": 0, ""C20"": 0, ""C21"": 0, ""C22"": 0, ""C23"": 0, ""C24"": 0, ""C25"": 1217}","{""C01"": 0.025803389434080684, ""C02"": 0.025803389434080684, ""C03"": 0.025803389434080684, ""C04"": 0.025803389434080684, ""C05"": 0.025803389434080684, ""C06"": 0.025803389434080684, ""C07"": 0.025803389434080684, ""C08"": 0.025803389434080684, ""C09"": 0.025803389434080684, ""C10"": 0.025803389434080684, ""C11"": 0.025803389434080684, ""C12"": 0.025803389434080684, ""C13"": 0.025803389434080684, ""C14"": 0.025803389434080684, ""C15"": 0.025803389434080684, ""C16"": 0.025803389434080684, ""C17"": 0.025803389434080684, ""C18"": 0.025803389434080684, ""C19"": 0.025803389434080684, ""C20"": 0.025803389434080684, ""C21"": 0.025803389434080684, ""C22"": 0.025803389434080684, ""C23"": 0.025803389434080684, ""C24"": 0.025803389434080684, ""C25"": 0.02509863328858148}"
62,62,1,907,7.808710,25,"{""C01"": 1.485109, ""C02"": 1.485424, ""C03"": 1.49245, ""C04"": 1.523993, ""C05"": 1.513612, ""C06"": 2.426559, ""C07"": 2.418647, ""C08"": 2.432579, ""C09"": 2.422748, ""C10"": 2.373807, ""C11"": 2.381628, ""C12"": 2.465449, ""C13"": 2.457437, ""C14"": 2.497744, ""C15"": 2.456034, ""C16"": 2.476248, ""C17"": 2.475279, ""C18"": 2.447733, ""C19"": 2.443874, ""C20"": 2.551574, ""C21"": 5.004312, ""C22"": 5.019346, ""C23"": 5.019079, ""C24"": 5.14281, ""C25"": 5.209641}","{""C01"": 0, ""C02"": 0, ""C03"": 0, ""C04"": 0, ""C05"": 0, ""C06"": 0, ""C07"": 0, ""C08"": 0, ""C09"": 0, ""C10"": 0, ""C11"": 0, ""C12"": 0, ""C13"": 0, ""C14"": 0, ""C15"": 0, ""C16"": 0, ""C17"": 0, ""C18"": 0, ""C19"": 0, ""C20"": 0, ""C21"": 0, ""C22"": 0, ""C23"": 0, ""C24"": 0, ""C25"": 1217}","{""C01"": 0.025803389434080684, ""C02"": 0.025803389434080684, ""C03"": 0.025803389434080684, ""C04"": 0.025803389434080684, ""C05"": 0.025803389434080684, ""C06"": 0.025803389434080684, ""C07"": 0.025803389434080684, ""C08"": 0.025803389434080684, ""C09"": 0.025803389434080684, ""C10"": 0.025803389434080684, ""C11"": 0.025803389434080684, ""C12"": 0.025803389434080684, ""C13"": 0.025803389434080684, ""C14"": 0.025803389434080684, ""C15"": 0.025803389434080684, ""C16"": 0.025803389434080684, ""C17"": 0.025803389434080684, ""C18"": 0.025803389434080684, ""C19"": 0.025803389434080684, ""C20"": 0.025803389434080684, ""C21"": 0.025803389434080684, ""C22"": 0.025803389434080684, ""C23"": 0.025803389434080684, ""C24"": 0.025803389434080684, ""C25"": 0.02509863328858148}"
63,63,1,661,7.257245,25,"{""C01"": 1.485109, ""C02"": 1.485424, ""C03"": 1.49245, ""C04"": 1.523993, ""C05"": 1.513612, ""C06"": 2.426559, ""C07"": 2.418647, ""C08"": 2.432579, ""C09"": 2.47708, ""C10"": 2.373807, ""C11"": 2.488443, ""C12"": 2.465449, ""C13"": 2.457437, ""C14"": 2.497744, ""C15"": 2.456034, ""C16"": 2.476248, ""C17"": 2.475279, ""C18"": 2.447733, ""C19"": 2.443874, ""C20"": 2.551574, ""C21"": 5.004312, ""C22"": 5.156534, ""C23"": 5.082815, ""C24"": 5.14281, ""C25"": 5.209641}","{""C01"": 0, ""C02"": 0, ""C03"": 0, ""C04"": 0, ""C05"": 0, ""C06"": 0, ""C07"": 0, ""C08"": 0, ""C09"": 0, ""C10"": 0, ""C11"": 0, ""C12"": 0, ""C13"": 0, ""C14"": 0, ""C15"": 0, ""C16"": 0, ""C17"": 0, ""C18"": 0, ""C19"": 0, ""C20"": 0, ""C21"": 0, ""C22"": 363, ""C23"": 0, ""C24"": 0, ""C25"": 858}","{""C01"": 0.0258035648658321, ""C02"": 0.0258035648658321, ""C03"": 0.0258035648658321, ""C04"": 0.0258035648658321, ""C05"": 0.0258035648658321, ""C06"": 0.0258035648658321, ""C07"": 0.0258035648658321, ""C08"": 0.0258035648658321, ""C09"": 0.0258035648658321, ""C10"": 0.0258035648658321, ""C11"": 0.0258035648658321, ""C12"": 0.0258035648658321, ""C13"": 0.0258035648658321, ""C14"": 0.0258035648658321, ""C15"": 0.0258035648658321, ""C16"": 0.0258035648658321, ""C17"": 0.0258035648658321, ""C18"": 0.0258035648658321, ""C19"": 0.0258035648658321, ""C20"": 0.0258035648658321, ""C21"": 0.0258035648658321, ""C22"": 0.025593344967165157, ""C23"": 0.0258035648658321, ""C24"": 0.0258035648658321, ""C25"": 0.02530671025651201}"
64,64,1,304,2.593875,25,"{""C01"": 1.485109, ""C02"": 1.526374, ""C03"": 1.49245, ""C04"": 1.523993, ""C05"": 1.513612, ""C06"": 2.426559, ""C07"": 2.49298, ""C08"": 2.432579, ""C09"": 2.47708, ""C10"": 2.475994, ""C11"": 2.488443, ""C12"": 2.465449, ""C13"": 2.457437, ""C14"": 2.497744, ""C15"": 2.456034, ""C16"": 2.476248, ""C17"": 2.475279, ""C18"": 2.447733, ""C19"": 2.443874, ""C20"": 2.551574, ""C21"": 5.129331, ""C22"": 5.156534, ""C23"": 5.082815, ""C24"": 5.296771, ""C25"": 5.294473}","{""C01"": 0, ""C02"": 0, ""C03"": 0, ""C04"": 0, ""C05"": 0, ""C06"": 0, ""C07"": 0, ""C08"": 0, ""C09"": 0, ""C10"": 0, ""C11"": 0, ""C12"": 0, ""C13"": 0, ""C14"": 0, ""C15"": 0, ""C16"": 0, ""C17"": 0, ""C18"": 0, ""C19"": 0, ""C20"": 0, ""C21"": 0, ""C22"": 0, ""C23"": 0, ""C24"": 617, ""C25"": 594}","{""C01"": 0.025811515627860354, ""C02"": 0.025811515627860354, ""C03"": 0.025811515627860354, ""C04"": 0.025811515627860354, ""C05"": 0.025811515627860354, ""C06"": 0.025811515627860354, ""C07"": 0.025811515627860354, ""C08"": 0.025811515627860354, ""C09"": 0.025811515627860354, ""C10"": 0.025811515627860354, ""C11"": 0.025811515627860354, ""C12"": 0.025811515627860354, ""C13"": 0.025811515627860354, ""C14"": 0.025811515627860354, ""C15"": 0.025811515627860354, ""C16"": 0.025811515627860354, ""C17"": 0.025811515627860354, ""C18"": 0.025811515627860354, ""C19"": 0.025811515627860354, ""C20"": 0.025811515627860354, ""C21"": 0.025811515627860354, ""C22"": 0.025811515627860354, ""C23"": 0.025811515627860354, ""C24"": 0.025454229090250174, ""C25"": 0.025467546343111453}"
65,65,1,237,2.382705,25,"{""C01"": 1.53152, ""C02"": 1.526374, ""C03"": 1.49245, ""C04"": 1.523993, ""C05"": 1.513612, ""C06"": 2.426559, ""C07"": 2.49298, ""C08"": 2.432579, ""C09"": 2.47708, ""C10"": 2.475994, ""C11"": 2.488443, ""C12"": 2.465449, ""C13"": 2.52768, ""C14"": 2.502851, ""C15"": 2.526614, ""C16"": 2.476248, ""C17"": 2.475279, ""C18"": 2.447733, ""C19"": 2.443874, ""C20"": 2.551574, ""C21"": 5.129331, ""C22"": 5.156534, ""C23"": 5.274431, ""C24"": 5.296771, ""C25"": 5.294473}","{""C01"": 0, ""C02"": 0, ""C03"": 0, ""C04"": 0, ""C05"": 0, ""C06"": 0, ""C07"": 0, ""C08"": 0, ""C09"": 0, ""C10"": 0, ""C11"": 0, ""C12"": 0, ""C13"": 0, ""C14"": 0, ""C15"": 0, ""C16"": 0, ""C17"": 0, ""C18"": 0, ""C19"": 0, ""C20"": 0, ""C21"": 0, ""C22"": 0, ""C23"": 350, ""C24"": 432, ""C25"": 430}","{""C01"": 0.02581127839835315, ""C02"": 0.02581127839835315, ""C03"": 0.02581127839835315, ""C04"": 0.02581127839835315, ""C05"": 0.02581127839835315, ""C06"": 0.02581127839835315, ""C07"": 0.02581127839835315, ""C08"": 0.02581127839835315, ""C09"": 0.02581127839835315, ""C10"": 0.02581127839835315, ""C11"": 0.02581127839835315, ""C12"": 0.02581127839835315, ""C13"": 0.02581127839835315, ""C14"": 0.02581127839835315, ""C15"": 0.02581127839835315, ""C16"": 0.02581127839835315, ""C17"": 0.02581127839835315, ""C18"": 0.02581127839835315, ""C19"": 0.02581127839835315, ""C20"": 0.02581127839835315, ""C21"": 0.02581127839835315, ""C22"": 0.02581127839835315, ""C23"": 0.025608599956527058, ""C24"": 0.025561131293286368, ""C25"": 0.025562287266880267}"
66,66,1,536,5.950236,25,"{""C01"": 1.53152, ""C02"": 1.526374, ""C03"": 1.519358, ""C04"": 1.523993, ""C05"": 1.513612, ""C06"": 2.548184, ""C07"": 2.49298, ""C08"": 2.579838, ""C09"": 2.47708, ""C10"": 2.475994, ""C11"": 2.503949, ""C12"": 2.58005, ""C13"": 2.52768, ""C14"": 2.502851, ""C15"": 2.526614, ""C16"": 2.476248, ""C17"": 2.475279, ""C18"": 2.545864, ""C19"": 2.443874, ""C20"": 2.551574, ""C21"": 5.351621, ""C22"": 5.325106, ""C23"": 5.274431, ""C24"": 5.296771, ""C25"": 5.544006}","{""C01"": 0, ""C02"": 0, ""C03"": 0, ""C04"": 0, ""C05"": 0, ""C06"": 0, ""C07"": 0, ""C08"": 0, ""C09"": 0, ""C10"": 0, ""C11"": 0, ""C12"": 0, ""C13"": 0, ""C14"": 0, ""C15"": 0, ""C16"": 0, ""C17"": 0, ""C18"": 0, ""C19"": 0, ""C20"": 0, ""C21"": 0, ""C22"": 0, ""C23"": 0, ""C24"": 0, ""C25"": 1193}","{""C01"": 0.025833234502191854, ""C02"": 0.025833234502191854, ""C03"": 0.025833234502191854, ""C04"": 0.025833234502191854, ""C05"": 0.025833234502191854, ""C06"": 0.025833234502191854, ""C07"": 0.025833234502191854, ""C08"": 0.025833234502191854, ""C09"": 0.025833234502191854, ""C10"": 0.025833234502191854, ""C11"": 0.025833234502191854, ""C12"": 0.025833234502191854, ""C13"": 0.025833234502191854, ""C14"": 0.025833234502191854, ""C15"": 0.025833234502191854, ""C16"": 0.025833234502191854, ""C17"": 0.025833234502191854, ""C18"": 0.025833234502191854, ""C19"": 0.025833234502191854, ""C20"": 0.025833234502191854, ""C21"": 0.025833234502191854, ""C22"": 0.025833234502191854, ""C23"": 0.025833234502191854, ""C24"": 0.025833234502191854, ""C25"": 0.02514237674644146}"
67,67,1,746,6.460022,25,"{""C01"": 1.53152, ""C02"": 1.526374, ""C03"": 1.519358, ""C04"": 1.523993, ""C05"": 1.513612, ""C06"": 2.548184, ""C07"": 2.544945, ""C08"": 2.579838, ""C09"": 2.47708, ""C10"": 2.514307, ""C11"": 2.503949, ""C12"": 2.58005, ""C13"": 2.52768, ""C14"": 2.684381, ""C15"": 2.526614, ""C16"": 2.476248, ""C17"": 2.516632, ""C18"": 2.545864, ""C19"": 2.498971, ""C20"": 2.551574, ""C21"": 5.351621, ""C22"": 5.376605, ""C23"": 5.274431, ""C24"": 5.436437, ""C25"": 5.544006}","{""C01"": 0, ""C02"": 0, ""C03"": 0, ""C04"": 0, ""C05"": 0, ""C06"": 0, ""C07"": 0, ""C08"": 0, ""C09"": 0, ""C10"": 0, ""C11"": 0, ""C12"": 0, ""C13"": 0, ""C14"": 0, ""C15"": 0, ""C16"": 0, ""C17"": 0, ""C18"": 0, ""C19"": 0, ""C20"": 0, ""C21"": 0, ""C22"": 0, ""C23"": 0, ""C24"": 0, ""C25"": 1193}","{""C01"": 0.025833234502191854, ""C02"": 0.025833234502191854, ""C03"": 0.025833234502191854, ""C04"": 0.025833234502191854, ""C05"": 0.025833234502191854, ""C06"": 0.025833234502191854, ""C07"": 0.025833234502191854, ""C08"": 0.025833234502191854, ""C09"": 0.025833234502191854, ""C10"": 0.025833234502191854, ""C11"": 0.025833234502191854, ""C12"": 0.025833234502191854, ""C13"": 0.025833234502191854, ""C14"": 0.025833234502191854, ""C15"": 0.025833234502191854, ""C16"": 0.025833234502191854, ""C17"": 0.025833234502191854, ""C18"": 0.025833234502191854, ""C19"": 0.025833234502191854, ""C20"": 0.025833234502191854, ""C21"": 0.025833234502191854, ""C22"": 0.025833234502191854, ""C23"": 0.025833234502191854, ""C24"": 0.025833234502191854, ""C25"": 0.02514237674644146}"
68,68,1,502,4.301958,25,"{""C01"": 1.53152, ""C02"": 1.526374, ""C03"": 1.519358, ""C04"": 1.526859, ""C05"": 1.513612, ""C06"": 2.548184, ""C07"": 2.544945, ""C08"": 2.579838, ""C09"": 2.47708, ""C10"": 2.514307, ""C11"": 2.503949, ""C12"": 2.58005, ""C13"": 2.571741, ""C14"": 2.684381, ""C15"": 2.684966, ""C16"": 2.586782, ""C17"": 2.516632, ""C18"": 2.545864, ""C19"": 2.498971, ""C20"": 2.551574, ""C21"": 5.351621, ""C22"": 5.376605, ""C23"": 5.52018, ""C24"": 5.436437, ""C25"": 5.544006}","{""C01"": 0, ""C02"": 0, ""C03"": 0, ""C04"": 0, ""C05"": 0, ""C06"": 0, ""C07"": 0, ""C08"": 0, ""C09"": 0, ""C10"": 0, ""C11"": 0, ""C12"": 0, ""C13"": 0, ""C14"": 0, ""C15"": 0, ""C16"": 0, ""C17"": 0, ""C18"": 0, ""C19"": 0, ""C20"": 0, ""C21"": 0, ""C22"": 0, ""C23"": 485, ""C24"": 0, ""C25"": 710}","{""C01"": 0.02583318509940187, ""C02"": 0.02583318509940187, ""C03"": 0.02583318509940187, ""C04"": 0.02583318509940187, ""C05"": 0.02583318509940187, ""C06"": 0.02583318509940187, ""C07"": 0.02583318509940187, ""C08"": 0.02583318509940187, ""C09"": 0.02583318509940187, ""C10"": 0.02583318509940187, ""C11"": 0.02583318509940187, ""C12"": 0.02583318509940187, ""C13"": 0.02583318509940187, ""C14"": 0.02583318509940187, ""C15"": 0.02583318509940187, ""C16"": 0.02583318509940187, ""C17"": 0.02583318509940187, ""C18"": 0.02583318509940187, ""C19"": 0.02583318509940187, ""C20"": 0.02583318509940187, ""C21"": 0.02583318509940187, ""C22"": 0.02583318509940187, ""C23"": 0.025552324522309947, ""C24"": 0.02583318509940187, ""C25"": 0.02542204196679195}"
69,69,1,734,6.401044,25,"{""C01"": 1.53152, ""C02"": 1.526374, ""C03"": 1.519358, ""C04"": 1.526859, ""C05"": 1.513612, ""C06"": 2.564228, ""C07"": 2.544945, ""C08"": 2.598516, ""C09"": 2.481671, ""C10"": 2.641569, ""C11"": 2.552287, ""C12"": 2.597003, ""C13"": 2.571741, ""C14"": 2.684381, ""C15"": 2.684966, ""C16"": 2.586782, ""C17"": 2.643754, ""C18"": 2.562742, ""C19"": 2.629679, ""C20"": 2.684993, ""C21"": 5.539475, ""C22"": 5.610132, ""C23"": 5.52018, ""C24"": 5.436437, ""C25"": 5.730916}","{""C01"": 0, ""C02"": 0, ""C03"": 0, ""C04"": 0, ""C05"": 0, ""C06"": 0, ""C07"": 0, ""C08"": 0, ""C09"": 0, ""C10"": 0, ""C11"": 0, ""C12"": 0, ""C13"": 0, ""C14"": 0, ""C15"": 0, ""C16"": 0, ""C17"": 0, ""C18"": 0, ""C19"": 0, ""C20"": 0, ""C21"": 0, ""C22"": 0, ""C23"": 0, ""C24"": 0, ""C25"": 1180}","{""C01"": 0.02584866683647391, ""C02"": 0.02584866683647391, ""C03"": 0.02584866683647391, ""C04"": 0.02584866683647391, ""C05"": 0.02584866683647391, ""C06"": 0.02584866683647391, ""C07"": 0.02584866683647391, ""C08"": 0.02584866683647391, ""C09"": 0.02584866683647391, ""C10"": 0.02584866683647391, ""C11"": 0.02584866683647391, ""C12"": 0.02584866683647391, ""C13"": 0.02584866683647391, ""C14"": 0.02584866683647391, ""C15"": 0.02584866683647391, ""C16"": 0.02584866683647391, ""C17"": 0.02584866683647391, ""C18"": 0.02584866683647391, ""C19"": 0.02584866683647391, ""C20"": 0.02584866683647391, ""C21"": 0.02584866683647391, ""C22"": 0.02584866683647391, ""C23"": 0.02584866683647391, ""C24"": 0.02584866683647391, ""C25"": 0.025165339929887537}"
70,70,1,735,6.351367,25,"{""C01"": 1.53152, ""C02"": 1.526374, ""C03"": 1.519358, ""C04"": 1.526859, ""C05"": 1.513612, ""C06"": 2.564228, ""C07"": 2.578794, ""C08"": 2.598516, ""C09"": 2.481671, ""C10"": 2.641569, ""C11"": 2.552287, ""C12"": 2.597003, ""C13"": 2.698794, ""C14"": 2.698393, ""C15"": 2.684966, ""C16"": 2.586782, ""C17"": 2.643754, ""C18"": 2.562742, ""C19"": 2.629679, ""C20"": 2.684993, ""C21"": 5.539475, ""C22"": 5.610132, ""C23"": 5.666018, ""C24"": 5.653138, ""C25"": 5.730916}","{""C01"": 0, ""C02"": 0, ""C03"": 0, ""C04"": 0, ""C05"": 0, ""C06"": 0, ""C07"": 0, ""C08"": 0, ""C09"": 0, ""C10"": 0, ""C11"": 0, ""C12"": 0, ""C13"": 0, ""C14"": 0, ""C15"": 0, ""C16"": 0, ""C17"": 0, ""C18"": 0, ""C19"": 0, ""C20"": 0, ""C21"": 0, ""C22"": 0, ""C23"": 250, ""C24"": 0, ""C25"": 933}","{""C01"": 0.02584876583192479, ""C02"": 0.02584876583192479, ""C03"": 0.02584876583192479, ""C04"": 0.02584876583192479, ""C05"": 0.02584876583192479, ""C06"": 0.02584876583192479, ""C07"": 0.02584876583192479, ""C08"": 0.02584876583192479, ""C09"": 0.02584876583192479, ""C10"": 0.02584876583192479, ""C11"": 0.02584876583192479, ""C12"": 0.02584876583192479, ""C13"": 0.02584876583192479, ""C14"": 0.02584876583192479, ""C15"": 0.02584876583192479, ""C16"": 0.02584876583192479, ""C17"": 0.02584876583192479, ""C18"": 0.02584876583192479, ""C19"": 0.02584876583192479, ""C20"": 0.02584876583192479, ""C21"": 0.02584876583192479, ""C22"": 0.02584876583192479, ""C23"": 0.025703986287388327, ""C24"": 0.02584876583192479, ""C25"": 0.02530848001505745}"
71,71,1,964,8.342942,25,"{""C01"": 1.53152, ""C02"": 1.526374, ""C03"": 1.519358, ""C04"": 1.526859, ""C05"": 1.513612, ""C06"": 2.564228, ""C07"": 2.578794, ""C08"": 2.706277, ""C09"": 2.610036, ""C10"": 2.641569, ""C11"": 2.660249, ""C12"": 2.597003, ""C13"": 2.698794, ""C14"": 2.698393, ""C15"": 2.684966, ""C16"": 2.604397, ""C17"": 2.643754, ""C18"": 2.707531, ""C19"": 2.629679, ""C20"": 2.684993, ""C21"": 5.676326, ""C22"": 5.74732, ""C23"": 5.666018, ""C24"": 5.653138, ""C25"": 5.730916}","{""C01"": 0, ""C02"": 0, ""C03"": 0, ""C04"": 0, ""C05"": 0, ""C06"": 0, ""C07"": 0, ""C08"": 0, ""C09"": 0, ""C10"": 0, ""C11"": 0, ""C12"": 0, ""C13"": 0, ""C14"": 0, ""C15"": 0, ""C16"": 0, ""C17"": 0, ""C18"": 0, ""C19"": 0, ""C20"": 0, ""C21"": 0, ""C22"": 914, ""C23"": 0, ""C24"": 0, ""C25"": 266}","{""C01"": 0.025850197440377365, ""C02"": 0.025850197440377365, ""C03"": 0.025850197440377365, ""C04"": 0.025850197440377365, ""C05"": 0.025850197440377365, ""C06"": 0.025850197440377365, ""C07"": 0.025850197440377365, ""C08"": 0.025850197440377365, ""C09"": 0.025850197440377365, ""C10"": 0.025850197440377365, ""C11"": 0.025850197440377365, ""C12"": 0.025850197440377365, ""C13"": 0.025850197440377365, ""C14"": 0.025850197440377365, ""C15"": 0.025850197440377365, ""C16"": 0.025850197440377365, ""C17"": 0.025850197440377365, ""C18"": 0.025850197440377365, ""C19"": 0.025850197440377365, ""C20"": 0.025850197440377365, ""C21"": 0.025850197440377365, ""C22"": 0.02532091385451759, ""C23"": 0.025850197440377365, ""C24"": 0.025850197440377365, ""C25"": 0.025696168842514876}"
72,72,1,400,3.471944,25,"{""C01"": 1.53152, ""C02"": 1.539113, ""C03"": 1.519358, ""C04"": 1.526859, ""C05"": 1.567659, ""C06"": 2.564228, ""C07"": 2.686487, ""C08"": 2.706277, ""C09"": 2.610036, ""C10"": 2.674838, ""C11"": 2.660249, ""C12"": 2.60916, ""C13"": 2.698794, ""C14"": 2.698393, ""C15"": 2.684966, ""C16"": 2.604397, ""C17"": 2.644003, ""C18"": 2.707531, ""C19"": 2.629679, ""C20"": 2.684993, ""C21"": 5.676326, ""C22"": 5.74732, ""C23"": 5.666018, ""C24"": 5.791192, ""C25"": 5.738213}","{""C01"": 0, ""C02"": 0, ""C03"": 0, ""C04"": 0, ""C05"": 0, ""C06"": 0, ""C07"": 0, ""C08"": 0, ""C09"": 0, ""C10"": 0, ""C11"": 0, ""C12"": 0, ""C13"": 0, ""C14"": 0, ""C15"": 0, ""C16"": 0, ""C17"": 0, ""C18"": 0, ""C19"": 0, ""C20"": 0, ""C21"": 0, ""C22"": 351, ""C23"": 0, ""C24"": 588, ""C25"": 242}","{""C01"": 0.025853620001145577, ""C02"": 0.025853620001145577, ""C03"": 0.025853620001145577, ""C04"": 0.025853620001145577, ""C05"": 0.025853620001145577, ""C06"": 0.025853620001145577, ""C07"": 0.025853620001145577, ""C08"": 0.025853620001145577, ""C09"": 0.025853620001145577, ""C10"": 0.025853620001145577, ""C11"": 0.025853620001145577, ""C12"": 0.025853620001145577, ""C13"": 0.025853620001145577, ""C14"": 0.025853620001145577, ""C15"": 0.025853620001145577, ""C16"": 0.025853620001145577, ""C17"": 0.025853620001145577, ""C18"": 0.025853620001145577, ""C19"": 0.025853620001145577, ""C20"": 0.025853620001145577, ""C21"": 0.025853620001145577, ""C22"": 0.025650353448246527, ""C23"": 0.025853620001145577, ""C24"": 0.025513130472494323, ""C25"": 0.02571347490150328}"
73,73,1,510,4.452117,25,"{""C01"": 1.541319, ""C02"": 1.539113, ""C03"": 1.519358, ""C04"": 1.526859, ""C05"": 1.567659, ""C06"": 2.564228, ""C07"": 2.686487, ""C08"": 2.706277, ""C09"": 2.610036, ""C10"": 2.674838, ""C11"": 2.660249, ""C12"": 2.60916, ""C13"": 2.698794, ""C14"": 2.698393, ""C15"": 2.755546, ""C16"": 2.604397, ""C17"": 2.644003, ""C18"": 2.707531, ""C19"": 2.629679, ""C20"": 2.684993, ""C21"": 5.676326, ""C22"": 5.74732, ""C23"": 5.695497, ""C24"": 5.791192, ""C25"": 5.738213}","{""C01"": 0, ""C02"": 0, ""C03"": 0, ""C04"": 0, ""C05"": 0, ""C06"": 0, ""C07"": 0, ""C08"": 0, ""C09"": 0, ""C10"": 0, ""C11"": 0, ""C12"": 0, ""C13"": 0, ""C14"": 0, ""C15"": 0, ""C16"": 0, ""C17"": 0, ""C18"": 0, ""C19"": 0, ""C20"": 0, ""C21"": 0, ""C22"": 246, ""C23"": 0, ""C24"": 693, ""C25"": 241}","{""C01"": 0.02585350548766467, ""C02"": 0.02585350548766467, ""C03"": 0.02585350548766467, ""C04"": 0.02585350548766467, ""C05"": 0.02585350548766467, ""C06"": 0.02585350548766467, ""C07"": 0.02585350548766467, ""C08"": 0.02585350548766467, ""C09"": 0.02585350548766467, ""C10"": 0.02585350548766467, ""C11"": 0.02585350548766467, ""C12"": 0.02585350548766467, ""C13"": 0.02585350548766467, ""C14"": 0.02585350548766467, ""C15"": 0.02585350548766467, ""C16"": 0.02585350548766467, ""C17"": 0.02585350548766467, ""C18"": 0.02585350548766467, ""C19"": 0.02585350548766467, ""C20"": 0.02585350548766467, ""C21"": 0.02585350548766467, ""C22"": 0.025711046768633675, ""C23"": 0.02585350548766467, ""C24"": 0.02545220982750137, ""C25"": 0.025713939789487415}"
74,74,1,481,5.625677,25,"{""C01"": 1.541319, ""C02"": 1.539113, ""C03"": 1.549995, ""C04"": 1.526859, ""C05"": 1.567659, ""C06"": 2.680583, ""C07"": 2.686487, ""C08"": 2.706277, ""C09"": 2.667992, ""C10"": 2.674838, ""C11"": 2.660249, ""C12"": 2.71719, ""C13"": 2.698794, ""C14"": 2.698393, ""C15"": 2.755546, ""C16"": 2.604397, ""C17"": 2.644003, ""C18"": 2.728564, ""C19"": 2.753403, ""C20"": 2.684993, ""C21"": 5.854995, ""C22"": 5.8569, ""C23"": 5.695497, ""C24"": 5.791192, ""C25"": 6.071002}","{""C01"": 0, ""C02"": 0, ""C03"": 0, ""C04"": 0, ""C05"": 0, ""C06"": 0, ""C07"": 0, ""C08"": 0, ""C09"": 0, ""C10"": 0, ""C11"": 0, ""C12"": 0, ""C13"": 0, ""C14"": 0, ""C15"": 0, ""C16"": 0, ""C17"": 0, ""C18"": 0, ""C19"": 0, ""C20"": 0, ""C21"": 0, ""C22"": 0, ""C23"": 0, ""C24"": 0, ""C25"": 1158}","{""C01"": 0.025875271702766683, ""C02"": 0.025875271702766683, ""C03"": 0.025875271702766683, ""C04"": 0.025875271702766683, ""C05"": 0.025875271702766683, ""C06"": 0.025875271702766683, ""C07"": 0.025875271702766683, ""C08"": 0.025875271702766683, ""C09"": 0.025875271702766683, ""C10"": 0.025875271702766683, ""C11"": 0.025875271702766683, ""C12"": 0.025875271702766683, ""C13"": 0.025875271702766683, ""C14"": 0.025875271702766683, ""C15"": 0.025875271702766683, ""C16"": 0.025875271702766683, ""C17"": 0.025875271702766683, ""C18"": 0.025875271702766683, ""C19"": 0.025875271702766683, ""C20"": 0.025875271702766683, ""C21"": 0.025875271702766683, ""C22"": 0.025875271702766683, ""C23"": 0.025875271702766683, ""C24"": 0.025875271702766683, ""C25"": 0.025204687558759153}"
75,75,1,600,5.430164,25,"{""C01"": 1.541319, ""C02"": 1.539113, ""C03"": 1.549995, ""C04"": 1.526859, ""C05"": 1.567659, ""C06"": 2.680583, ""C07"": 2.686487, ""C08"": 2.706277, ""C09"": 2.667992, ""C10"": 2.674838, ""C11"": 2.660249, ""C12"": 2.71719, ""C13"": 2.698794, ""C14"": 2.796675, ""C15"": 2.755546, ""C16"": 2.604397, ""C17"": 2.644003, ""C18"": 2.728564, ""C19"": 2.753403, ""C20"": 2.684993, ""C21"": 5.854995, ""C22"": 5.8569, ""C23"": 5.695497, ""C24"": 5.906, ""C25"": 6.071002}","{""C01"": 0, ""C02"": 0, ""C03"": 0, ""C04"": 0, ""C05"": 0, ""C06"": 0, ""C07"": 0, ""C08"": 0, ""C09"": 0, ""C10"": 0, ""C11"": 0, ""C12"": 0, ""C13"": 0, ""C14"": 0, ""C15"": 0, ""C16"": 0, ""C17"": 0, ""C18"": 0, ""C19"": 0, ""C20"": 0, ""C21"": 0, ""C22"": 0, ""C23"": 0, ""C24"": 0, ""C25"": 1158}","{""C01"": 0.025875271702766683, ""C02"": 0.025875271702766683, ""C03"": 0.025875271702766683, ""C04"": 0.025875271702766683, ""C05"": 0.025875271702766683, ""C06"": 0.025875271702766683, ""C07"": 0.025875271702766683, ""C08"": 0.025875271702766683, ""C09"": 0.025875271702766683, ""C10"": 0.025875271702766683, ""C11"": 0.025875271702766683, ""C12"": 0.025875271702766683, ""C13"": 0.025875271702766683, ""C14"": 0.025875271702766683, ""C15"": 0.025875271702766683, ""C16"": 0.025875271702766683, ""C17"": 0.025875271702766683, ""C18"": 0.025875271702766683, ""C19"": 0.025875271702766683, ""C20"": 0.025875271702766683, ""C21"": 0.025875271702766683, ""C22"": 0.025875271702766683, ""C23"": 0.025875271702766683, ""C24"": 0.025875271702766683, ""C25"": 0.025204687558759153}"
76,76,1,740,7.768134,25,"{""C01"": 1.541319, ""C02"": 1.539113, ""C03"": 1.549995, ""C04"": 1.543831, ""C05"": 1.567659, ""C06"": 2.680583, ""C07"": 2.686487, ""C08"": 2.706277, ""C09"": 2.810833, ""C10"": 2.674838, ""C11"": 2.788749, ""C12"": 2.71719, ""C13"": 2.704313, ""C14"": 2.796675, ""C15"": 2.755546, ""C16"": 2.723585, ""C17"": 2.644003, ""C18"": 2.728564, ""C19"": 2.753403, ""C20"": 2.684993, ""C21"": 5.854995, ""C22"": 5.8569, ""C23"": 5.940859, ""C24"": 5.910155, ""C25"": 6.071002}","{""C01"": 0, ""C02"": 0, ""C03"": 0, ""C04"": 0, ""C05"": 0, ""C06"": 0, ""C07"": 0, ""C08"": 0, ""C09"": 0, ""C10"": 0, ""C11"": 0, ""C12"": 0, ""C13"": 0, ""C14"": 0, ""C15"": 0, ""C16"": 0, ""C17"": 0, ""C18"": 0, ""C19"": 0, ""C20"": 0, ""C21"": 0, ""C22"": 0, ""C23"": 0, ""C24"": 0, ""C25"": 1158}","{""C01"": 0.025875271702766683, ""C02"": 0.025875271702766683, ""C03"": 0.025875271702766683, ""C04"": 0.025875271702766683, ""C05"": 0.025875271702766683, ""C06"": 0.025875271702766683, ""C07"": 0.025875271702766683, ""C08"": 0.025875271702766683, ""C09"": 0.025875271702766683, ""C10"": 0.025875271702766683, ""C11"": 0.025875271702766683, ""C12"": 0.025875271702766683, ""C13"": 0.025875271702766683, ""C14"": 0.025875271702766683, ""C15"": 0.025875271702766683, ""C16"": 0.025875271702766683, ""C17"": 0.025875271702766683, ""C18"": 0.025875271702766683, ""C19"": 0.025875271702766683, ""C20"": 0.025875271702766683, ""C21"": 0.025875271702766683, ""C22"": 0.025875271702766683, ""C23"": 0.025875271702766683, ""C24"": 0.025875271702766683, ""C25"": 0.025204687558759153}"
77,77,1,380,3.327682,25,"{""C01"": 1.541319, ""C02"": 1.539113, ""C03"": 1.549995, ""C04"": 1.543831, ""C05"": 1.567659, ""C06"": 2.69902, ""C07"": 2.686487, ""C08"": 2.745758, ""C09"": 2.810833, ""C10"": 2.79027, ""C11"": 2.788749, ""C12"": 2.71719, ""C13"": 2.704313, ""C14"": 2.796675, ""C15"": 2.755546, ""C16"": 2.723585, ""C17"": 2.771192, ""C18"": 2.728564, ""C19"": 2.753403, ""C20"": 2.81802, ""C21"": 5.981621, ""C22"": 6.034384, ""C23"": 5.940859, ""C24"": 6.194298, ""C25"": 6.164766}","{""C01"": 0, ""C02"": 0, ""C03"": 0, ""C04"": 0, ""C05"": 0, ""C06"": 0, ""C07"": 0, ""C08"": 0, ""C09"": 0, ""C10"": 0, ""C11"": 0, ""C12"": 0, ""C13"": 0, ""C14"": 0, ""C15"": 0, ""C16"": 0, ""C17"": 0, ""C18"": 0, ""C19"": 0, ""C20"": 0, ""C21"": 0, ""C22"": 0, ""C23"": 0, ""C24"": 680, ""C25"": 473}","{""C01"": 0.02588462460205003, ""C02"": 0.02588462460205003, ""C03"": 0.02588462460205003, ""C04"": 0.02588462460205003, ""C05"": 0.02588462460205003, ""C06"": 0.02588462460205003, ""C07"": 0.02588462460205003, ""C08"": 0.02588462460205003, ""C09"": 0.02588462460205003, ""C10"": 0.02588462460205003, ""C11"": 0.02588462460205003, ""C12"": 0.02588462460205003, ""C13"": 0.02588462460205003, ""C14"": 0.02588462460205003, ""C15"": 0.02588462460205003, ""C16"": 0.02588462460205003, ""C17"": 0.02588462460205003, ""C18"": 0.02588462460205003, ""C19"": 0.02588462460205003, ""C20"": 0.02588462460205003, ""C21"": 0.02588462460205003, ""C22"": 0.02588462460205003, ""C23"": 0.02588462460205003, ""C24"": 0.025490857527778053, ""C25"": 0.02561071373474789}"
78,78,1,264,2.271427,25,"{""C01"": 1.541319, ""C02"": 1.539113, ""C03"": 1.549995, ""C04"": 1.543831, ""C05"": 1.567659, ""C06"": 2.69902, ""C07"": 2.6943, ""C08"": 2.745758, ""C09"": 2.810833, ""C10"": 2.79027, ""C11"": 2.788749, ""C12"": 2.71719, ""C13"": 2.831809, ""C14"": 2.796675, ""C15"": 2.755546, ""C16"": 2.723585, ""C17"": 2.771192, ""C18"": 2.728564, ""C19"": 2.753403, ""C20"": 2.81802, ""C21"": 5.981621, ""C22"": 6.034384, ""C23"": 6.185198, ""C24"": 6.194298, ""C25"": 6.164766}","{""C01"": 0, ""C02"": 0, ""C03"": 0, ""C04"": 0, ""C05"": 0, ""C06"": 0, ""C07"": 0, ""C08"": 0, ""C09"": 0, ""C10"": 0, ""C11"": 0, ""C12"": 0, ""C13"": 0, ""C14"": 0, ""C15"": 0, ""C16"": 0, ""C17"": 0, ""C18"": 0, ""C19"": 0, ""C20"": 0, ""C21"": 0, ""C22"": 0, ""C23"": 370, ""C24"": 450, ""C25"": 333}","{""C01"": 0.025884697223228767, ""C02"": 0.025884697223228767, ""C03"": 0.025884697223228767, ""C04"": 0.025884697223228767, ""C05"": 0.025884697223228767, ""C06"": 0.025884697223228767, ""C07"": 0.025884697223228767, ""C08"": 0.025884697223228767, ""C09"": 0.025884697223228767, ""C10"": 0.025884697223228767, ""C11"": 0.025884697223228767, ""C12"": 0.025884697223228767, ""C13"": 0.025884697223228767, ""C14"": 0.025884697223228767, ""C15"": 0.025884697223228767, ""C16"": 0.025884697223228767, ""C17"": 0.025884697223228767, ""C18"": 0.025884697223228767, ""C19"": 0.025884697223228767, ""C20"": 0.025884697223228767, ""C21"": 0.025884697223228767, ""C22"": 0.025884697223228767, ""C23"": 0.025670448493534236, ""C24"": 0.025624126502023385, ""C25"": 0.02569186244114966}"
79,79,1,721,6.286074,25,"{""C01"": 1.541319, ""C02"": 1.539113, ""C03"": 1.591113, ""C04"": 1.543831, ""C05"": 1.567659, ""C06"": 2.84738, ""C07"": 2.6943, ""C08"": 2.853518, ""C09"": 2.810833, ""C10"": 2.79027, ""C11"": 2.804421, ""C12"": 2.810249, ""C13"": 2.831809, ""C14"": 2.796675, ""C15"": 2.755546, ""C16"": 2.724746, ""C17"": 2.771192, ""C18"": 2.847557, ""C19"": 2.753403, ""C20"": 2.81802, ""C21"": 6.118472, ""C22"": 6.244237, ""C23"": 6.185198, ""C24"": 6.194298, ""C25"": 6.164766}","{""C01"": 0, ""C02"": 0, ""C03"": 0, ""C04"": 0, ""C05"": 0, ""C06"": 0, ""C07"": 0, ""C08"": 0, ""C09"": 0, ""C10"": 0, ""C11"": 0, ""C12"": 0, ""C13"": 0, ""C14"": 0, ""C15"": 0, ""C16"": 0, ""C17"": 0, ""C18"": 0, ""C19"": 0, ""C20"": 0, ""C21"": 0, ""C22"": 682, ""C23"": 233, ""C24"": 237, ""C25"": 0}","{""C01"": 0.025888367268297532, ""C02"": 0.025888367268297532, ""C03"": 0.025888367268297532, ""C04"": 0.025888367268297532, ""C05"": 0.025888367268297532, ""C06"": 0.025888367268297532, ""C07"": 0.025888367268297532, ""C08"": 0.025888367268297532, ""C09"": 0.025888367268297532, ""C10"": 0.025888367268297532, ""C11"": 0.025888367268297532, ""C12"": 0.025888367268297532, ""C13"": 0.025888367268297532, ""C14"": 0.025888367268297532, ""C15"": 0.025888367268297532, ""C16"": 0.025888367268297532, ""C17"": 0.025888367268297532, ""C18"": 0.025888367268297532, ""C19"": 0.025888367268297532, ""C20"": 0.025888367268297532, ""C21"": 0.025888367268297532, ""C22"": 0.02549344110881894, ""C23"": 0.02575343378727781, ""C24"": 0.02575111977040579, ""C25"": 0.025888367268297532}"
80,80,1,379,3.299373,25,"{""C01"": 1.541319, ""C02"": 1.539113, ""C03"": 1.591113, ""C04"": 1.543831, ""C05"": 1.567659, ""C06"": 2.84738, ""C07"": 2.801993, ""C08"": 2.853518, ""C09"": 2.810833, ""C10"": 2.79027, ""C11"": 2.804421, ""C12"": 2.810249, ""C13"": 2.831809, ""C14"": 2.796675, ""C15"": 2.755546, ""C16"": 2.724746, ""C17"": 2.771192, ""C18"": 2.847557, ""C19"": 2.753403, ""C20"": 2.81802, ""C21"": 6.118472, ""C22"": 6.244237, ""C23"": 6.185198, ""C24"": 6.284671, ""C25"": 6.265898}","{""C01"": 0, ""C02"": 0, ""C03"": 0, ""C04"": 0, ""C05"": 0, ""C06"": 0, ""C07"": 0, ""C08"": 0, ""C09"": 0, ""C10"": 0, ""C11"": 0, ""C12"": 0, ""C13"": 0, ""C14"": 0, ""C15"": 0, ""C16"": 0, ""C17"": 0, ""C18"": 0, ""C19"": 0, ""C20"": 0, ""C21"": 0, ""C22"": 240, ""C23"": 0, ""C24"": 557, ""C25"": 351}","{""C01"": 0.02589124338934623, ""C02"": 0.02589124338934623, ""C03"": 0.02589124338934623, ""C04"": 0.02589124338934623, ""C05"": 0.02589124338934623, ""C06"": 0.02589124338934623, ""C07"": 0.02589124338934623, ""C08"": 0.02589124338934623, ""C09"": 0.02589124338934623, ""C10"": 0.02589124338934623, ""C11"": 0.02589124338934623, ""C12"": 0.02589124338934623, ""C13"": 0.02589124338934623, ""C14"": 0.02589124338934623, ""C15"": 0.02589124338934623, ""C16"": 0.02589124338934623, ""C17"": 0.02589124338934623, ""C18"": 0.02589124338934623, ""C19"": 0.02589124338934623, ""C20"": 0.02589124338934623, ""C21"": 0.02589124338934623, ""C22"": 0.02575226223176354, ""C23"": 0.02589124338934623, ""C24"": 0.02556870775240692, ""C25"": 0.0256879917874048}"
81,81,1,175,1.511403,25,"{""C01"": 1.541319, ""C02"": 1.539113, ""C03"": 1.591113, ""C04"": 1.585118, ""C05"": 1.567659, ""C06"": 2.84738, ""C07"": 2.801993, ""C08"": 2.853518, ""C09"": 2.810833, ""C10"": 2.79027, ""C11"": 2.804421, ""C12"": 2.810249, ""C13"": 2.852465, ""C14"": 2.796675, ""C15"": 2.860249, ""C16"": 2.865815, ""C17"": 2.771192, ""C18"": 2.847557, ""C19"": 2.753403, ""C20"": 2.81802, ""C21"": 6.118472, ""C22"": 6.244237, ""C23"": 6.30896, ""C24"": 6.284671, ""C25"": 6.265898}","{""C01"": 0, ""C02"": 0, ""C03"": 0, ""C04"": 0, ""C05"": 0, ""C06"": 0, ""C07"": 0, ""C08"": 0, ""C09"": 0, ""C10"": 0, ""C11"": 0, ""C12"": 0, ""C13"": 0, ""C14"": 0, ""C15"": 0, ""C16"": 0, ""C17"": 0, ""C18"": 0, ""C19"": 0, ""C20"": 0, ""C21"": 0, ""C22"": 230, ""C23"": 350, ""C24"": 330, ""C25"": 239}","{""C01"": 0.025892853443838543, ""C02"": 0.025892853443838543, ""C03"": 0.025892853443838543, ""C04"": 0.025892853443838543, ""C05"": 0.025892853443838543, ""C06"": 0.025892853443838543, ""C07"": 0.025892853443838543, ""C08"": 0.025892853443838543, ""C09"": 0.025892853443838543, ""C10"": 0.025892853443838543, ""C11"": 0.025892853443838543, ""C12"": 0.025892853443838543, ""C13"": 0.025892853443838543, ""C14"": 0.025892853443838543, ""C15"": 0.025892853443838543, ""C16"": 0.025892853443838543, ""C17"": 0.025892853443838543, ""C18"": 0.025892853443838543, ""C19"": 0.025892853443838543, ""C20"": 0.025892853443838543, ""C21"": 0.025892853443838543, ""C22"": 0.025759657124534582, ""C23"": 0.025690196933352203, ""C24"": 0.025701760957779526, ""C25"": 0.025754451238192356}"
82,82,1,948,8.332384,25,"{""C01"": 1.541319, ""C02"": 1.539113, ""C03"": 1.591113, ""C04"": 1.585118, ""C05"": 1.567659, ""C06"": 2.84738, ""C07"": 2.801993, ""C08"": 2.853518, ""C09"": 2.810833, ""C10"": 2.927476, ""C11"": 2.804421, ""C12"": 2.881122, ""C13"": 2.852465, ""C14"": 2.796675, ""C15"": 2.860249, ""C16"": 2.865815, ""C17"": 2.859211, ""C18"": 2.847557, ""C19"": 2.839965, ""C20"": 2.888179, ""C21"": 6.336269, ""C22"": 6.324784, ""C23"": 6.30896, ""C24"": 6.284671, ""C25"": 6.443943}","{""C01"": 0, ""C02"": 0, ""C03"": 0, ""C04"": 0, ""C05"": 0, ""C06"": 0, ""C07"": 0, ""C08"": 0, ""C09"": 0, ""C10"": 0, ""C11"": 0, ""C12"": 0, ""C13"": 0, ""C14"": 0, ""C15"": 0, ""C16"": 0, ""C17"": 0, ""C18"": 0, ""C19"": 0, ""C20"": 0, ""C21"": 0, ""C22"": 0, ""C23"": 0, ""C24"": 0, ""C25"": 1136}","{""C01"": 0.02590246514351159, ""C02"": 0.02590246514351159, ""C03"": 0.02590246514351159, ""C04"": 0.02590246514351159, ""C05"": 0.02590246514351159, ""C06"": 0.02590246514351159, ""C07"": 0.02590246514351159, ""C08"": 0.02590246514351159, ""C09"": 0.02590246514351159, ""C10"": 0.02590246514351159, ""C11"": 0.02590246514351159, ""C12"": 0.02590246514351159, ""C13"": 0.02590246514351159, ""C14"": 0.02590246514351159, ""C15"": 0.02590246514351159, ""C16"": 0.02590246514351159, ""C17"": 0.02590246514351159, ""C18"": 0.02590246514351159, ""C19"": 0.02590246514351159, ""C20"": 0.02590246514351159, ""C21"": 0.02590246514351159, ""C22"": 0.02590246514351159, ""C23"": 0.02590246514351159, ""C24"": 0.02590246514351159, ""C25"": 0.025244621539112014}"
83,83,1,320,2.790890,25,"{""C01"": 1.541319, ""C02"": 1.539113, ""C03"": 1.591113, ""C04"": 1.585118, ""C05"": 1.567659, ""C06"": 2.84738, ""C07"": 2.82025, ""C08"": 2.853518, ""C09"": 2.810833, ""C10"": 2.927476, ""C11"": 2.804421, ""C12"": 2.881122, ""C13"": 2.971151, ""C14"": 2.882037, ""C15"": 2.860249, ""C16"": 2.865815, ""C17"": 2.859211, ""C18"": 2.847557, ""C19"": 2.839965, ""C20"": 2.888179, ""C21"": 6.336269, ""C22"": 6.324784, ""C23"": 6.524417, ""C24"": 6.519618, ""C25"": 6.443943}","{""C01"": 0, ""C02"": 0, ""C03"": 0, ""C04"": 0, ""C05"": 0, ""C06"": 0, ""C07"": 0, ""C08"": 0, ""C09"": 0, ""C10"": 0, ""C11"": 0, ""C12"": 0, ""C13"": 0, ""C14"": 0, ""C15"": 0, ""C16"": 0, ""C17"": 0, ""C18"": 0, ""C19"": 0, ""C20"": 0, ""C21"": 0, ""C22"": 0, ""C23"": 479, ""C24"": 446, ""C25"": 209}","{""C01"": 0.02590783908060583, ""C02"": 0.02590783908060583, ""C03"": 0.02590783908060583, ""C04"": 0.02590783908060583, ""C05"": 0.02590783908060583, ""C06"": 0.02590783908060583, ""C07"": 0.02590783908060583, ""C08"": 0.02590783908060583, ""C09"": 0.02590783908060583, ""C10"": 0.02590783908060583, ""C11"": 0.02590783908060583, ""C12"": 0.02590783908060583, ""C13"": 0.02590783908060583, ""C14"": 0.02590783908060583, ""C15"": 0.02590783908060583, ""C16"": 0.02590783908060583, ""C17"": 0.02590783908060583, ""C18"": 0.02590783908060583, ""C19"": 0.02590783908060583, ""C20"": 0.02590783908060583, ""C21"": 0.02590783908060583, ""C22"": 0.02590783908060583, ""C23"": 0.025630478667208547, ""C24"": 0.025649585728461485, ""C25"": 0.025786803381373347}"
84,84,1,959,8.307424,25,"{""C01"": 1.541319, ""C02"": 1.539113, ""C03"": 1.591113, ""C04"": 1.585118, ""C05"": 1.567659, ""C06"": 2.84738, ""C07"": 2.82025, ""C08"": 2.853518, ""C09"": 2.960757, ""C10"": 2.927476, ""C11"": 2.949326, ""C12"": 2.881122, ""C13"": 2.971151, ""C14"": 2.882037, ""C15"": 2.937336, ""C16"": 2.877684, ""C17"": 2.859211, ""C18"": 2.847557, ""C19"": 2.839965, ""C20"": 2.888179, ""C21"": 6.336269, ""C22"": 6.615089, ""C23"": 6.524417, ""C24"": 6.519618, ""C25"": 6.443943}","{""C01"": 0, ""C02"": 0, ""C03"": 0, ""C04"": 0, ""C05"": 0, ""C06"": 0, ""C07"": 0, ""C08"": 0, ""C09"": 0, ""C10"": 0, ""C11"": 0, ""C12"": 0, ""C13"": 0, ""C14"": 0, ""C15"": 0, ""C16"": 0, ""C17"": 0, ""C18"": 0, ""C19"": 0, ""C20"": 0, ""C21"": 0, ""C22"": 1127, ""C23"": 0, ""C24"": 0, ""C25"": 0}","{""C01"": 0.025914575074404533, ""C02"": 0.025914575074404533, ""C03"": 0.025914575074404533, ""C04"": 0.025914575074404533, ""C05"": 0.025914575074404533, ""C06"": 0.025914575074404533, ""C07"": 0.025914575074404533, ""C08"": 0.025914575074404533, ""C09"": 0.025914575074404533, ""C10"": 0.025914575074404533, ""C11"": 0.025914575074404533, ""C12"": 0.025914575074404533, ""C13"": 0.025914575074404533, ""C14"": 0.025914575074404533, ""C15"": 0.025914575074404533, ""C16"": 0.025914575074404533, ""C17"": 0.025914575074404533, ""C18"": 0.025914575074404533, ""C19"": 0.025914575074404533, ""C20"": 0.025914575074404533, ""C21"": 0.025914575074404533, ""C22"": 0.025261939776876425, ""C23"": 0.025914575074404533, ""C24"": 0.025914575074404533, ""C25"": 0.025914575074404533}"
85,85,1,448,3.854512,25,"{""C01"": 1.541319, ""C02"": 1.565583, ""C03"": 1.591113, ""C04"": 1.585118, ""C05"": 1.604738, ""C06"": 2.863394, ""C07"": 2.992884, ""C08"": 2.881457, ""C09"": 2.960757, ""C10"": 2.966784, ""C11"": 2.949326, ""C12"": 2.931377, ""C13"": 2.971151, ""C14"": 2.882037, ""C15"": 2.937336, ""C16"": 2.877684, ""C17"": 2.885832, ""C18"": 2.914938, ""C19"": 2.869804, ""C20"": 3.01265, ""C21"": 6.484658, ""C22"": 6.615089, ""C23"": 6.524417, ""C24"": 6.745046, ""C25"": 6.738624}","{""C01"": 0, ""C02"": 0, ""C03"": 0, ""C04"": 0, ""C05"": 0, ""C06"": 0, ""C07"": 0, ""C08"": 0, ""C09"": 0, ""C10"": 0, ""C11"": 0, ""C12"": 0, ""C13"": 0, ""C14"": 0, ""C15"": 0, ""C16"": 0, ""C17"": 0, ""C18"": 0, ""C19"": 0, ""C20"": 0, ""C21"": 0, ""C22"": 0, ""C23"": 0, ""C24"": 653, ""C25"": 467}","{""C01"": 0.025923020585230924, ""C02"": 0.025923020585230924, ""C03"": 0.025923020585230924, ""C04"": 0.025923020585230924, ""C05"": 0.025923020585230924, ""C06"": 0.025923020585230924, ""C07"": 0.025923020585230924, ""C08"": 0.025923020585230924, ""C09"": 0.025923020585230924, ""C10"": 0.025923020585230924, ""C11"": 0.025923020585230924, ""C12"": 0.025923020585230924, ""C13"": 0.025923020585230924, ""C14"": 0.025923020585230924, ""C15"": 0.025923020585230924, ""C16"": 0.025923020585230924, ""C17"": 0.025923020585230924, ""C18"": 0.025923020585230924, ""C19"": 0.025923020585230924, ""C20"": 0.025923020585230924, ""C21"": 0.025923020585230924, ""C22"": 0.025923020585230924, ""C23"": 0.025923020585230924, ""C24"": 0.025544890069066118, ""C25"": 0.025652600938260692}"
86,86,1,285,2.495204,25,"{""C01"": 1.575389, ""C02"": 1.565583, ""C03"": 1.591113, ""C04"": 1.585118, ""C05"": 1.604738, ""C06"": 2.863394, ""C07"": 2.992884, ""C08"": 2.881457, ""C09"": 2.960757, ""C10"": 2.966784, ""C11"": 2.949326, ""C12"": 2.931377, ""C13"": 3.009489, ""C14"": 2.915844, ""C15"": 3.105261, ""C16"": 2.877684, ""C17"": 2.885832, ""C18"": 2.914938, ""C19"": 2.869804, ""C20"": 3.01265, ""C21"": 6.484658, ""C22"": 6.615089, ""C23"": 6.783394, ""C24"": 6.745046, ""C25"": 6.738624}","{""C01"": 0, ""C02"": 0, ""C03"": 0, ""C04"": 0, ""C05"": 0, ""C06"": 0, ""C07"": 0, ""C08"": 0, ""C09"": 0, ""C10"": 0, ""C11"": 0, ""C12"": 0, ""C13"": 0, ""C14"": 0, ""C15"": 0, ""C16"": 0, ""C17"": 0, ""C18"": 0, ""C19"": 0, ""C20"": 0, ""C21"": 0, ""C22"": 0, ""C23"": 471, ""C24"": 331, ""C25"": 319}","{""C01"": 0.025925253910258253, ""C02"": 0.025925253910258253, ""C03"": 0.025925253910258253, ""C04"": 0.025925253910258253, ""C05"": 0.025925253910258253, ""C06"": 0.025925253910258253, ""C07"": 0.025925253910258253, ""C08"": 0.025925253910258253, ""C09"": 0.025925253910258253, ""C10"": 0.025925253910258253, ""C11"": 0.025925253910258253, ""C12"": 0.025925253910258253, ""C13"": 0.025925253910258253, ""C14"": 0.025925253910258253, ""C15"": 0.025925253910258253, ""C16"": 0.025925253910258253, ""C17"": 0.025925253910258253, ""C18"": 0.025925253910258253, ""C19"": 0.025925253910258253, ""C20"": 0.025925253910258253, ""C21"": 0.025925253910258253, ""C22"": 0.025925253910258253, ""C23"": 0.025652526267965412, ""C24"": 0.025733577540429528, ""C25"": 0.025740523918477583}"
87,87,1,699,6.010811,25,"{""C01"": 1.575389, ""C02"": 1.565583, ""C03"": 1.591804, ""C04"": 1.585118, ""C05"": 1.604738, ""C06"": 2.977083, ""C07"": 2.992884, ""C08"": 2.995332, ""C09"": 2.982351, ""C10"": 2.966784, ""C11"": 2.98669, ""C12"": 3.045622, ""C13"": 3.009489, ""C14"": 2.915844, ""C15"": 3.105261, ""C16"": 2.877684, ""C17"": 2.885832, ""C18"": 3.029137, ""C19"": 2.983632, ""C20"": 3.01265, ""C21"": 6.712055, ""C22"": 6.702488, ""C23"": 6.783394, ""C24"": 6.745046, ""C25"": 6.956597}","{""C01"": 0, ""C02"": 0, ""C03"": 0, ""C04"": 0, ""C05"": 0, ""C06"": 0, ""C07"": 0, ""C08"": 0, ""C09"": 0, ""C10"": 0, ""C11"": 0, ""C12"": 0, ""C13"": 0, ""C14"": 0, ""C15"": 0, ""C16"": 0, ""C17"": 0, ""C18"": 0, ""C19"": 0, ""C20"": 0, ""C21"": 0, ""C22"": 0, ""C23"": 0, ""C24"": 0, ""C25"": 1108}","{""C01"": 0.025936416427450745, ""C02"": 0.025936416427450745, ""C03"": 0.025936416427450745, ""C04"": 0.025936416427450745, ""C05"": 0.025936416427450745, ""C06"": 0.025936416427450745, ""C07"": 0.025936416427450745, ""C08"": 0.025936416427450745, ""C09"": 0.025936416427450745, ""C10"": 0.025936416427450745, ""C11"": 0.025936416427450745, ""C12"": 0.025936416427450745, ""C13"": 0.025936416427450745, ""C14"": 0.025936416427450745, ""C15"": 0.025936416427450745, ""C16"": 0.025936416427450745, ""C17"": 0.025936416427450745, ""C18"": 0.025936416427450745, ""C19"": 0.025936416427450745, ""C20"": 0.025936416427450745, ""C21"": 0.025936416427450745, ""C22"": 0.025936416427450745, ""C23"": 0.025936416427450745, ""C24"": 0.025936416427450745, ""C25"": 0.02529479038541611}"
88,88,1,730,7.778269,25,"{""C01"": 1.575389, ""C02"": 1.565583, ""C03"": 1.591804, ""C04"": 1.585118, ""C05"": 1.604738, ""C06"": 2.977083, ""C07"": 2.992884, ""C08"": 2.995332, ""C09"": 2.982351, ""C10"": 2.966784, ""C11"": 2.98669, ""C12"": 3.045622, ""C13"": 3.009489, ""C14"": 3.102661, ""C15"": 3.105261, ""C16"": 2.877684, ""C17"": 2.885832, ""C18"": 3.029137, ""C19"": 2.983632, ""C20"": 3.01265, ""C21"": 6.712055, ""C22"": 6.702488, ""C23"": 6.783394, ""C24"": 6.83205, ""C25"": 6.956597}","{""C01"": 0, ""C02"": 0, ""C03"": 0, ""C04"": 0, ""C05"": 0, ""C06"": 0, ""C07"": 0, ""C08"": 0, ""C09"": 0, ""C10"": 0, ""C11"": 0, ""C12"": 0, ""C13"": 0, ""C14"": 0, ""C15"": 0, ""C16"": 0, ""C17"": 0, ""C18"": 0, ""C19"": 0, ""C20"": 0, ""C21"": 0, ""C22"": 0, ""C23"": 0, ""C24"": 0, ""C25"": 1108}","{""C01"": 0.025936416427450745, ""C02"": 0.025936416427450745, ""C03"": 0.025936416427450745, ""C04"": 0.025936416427450745, ""C05"": 0.025936416427450745, ""C06"": 0.025936416427450745, ""C07"": 0.025936416427450745, ""C08"": 0.025936416427450745, ""C09"": 0.025936416427450745, ""C10"": 0.025936416427450745, ""C11"": 0.025936416427450745, ""C12"": 0.025936416427450745, ""C13"": 0.025936416427450745, ""C14"": 0.025936416427450745, ""C15"": 0.025936416427450745, ""C16"": 0.025936416427450745, ""C17"": 0.025936416427450745, ""C18"": 0.025936416427450745, ""C19"": 0.025936416427450745, ""C20"": 0.025936416427450745, ""C21"": 0.025936416427450745, ""C22"": 0.025936416427450745, ""C23"": 0.025936416427450745, ""C24"": 0.025936416427450745, ""C25"": 0.02529479038541611}"
89,89,1,737,6.411728,25,"{""C01"": 1.575389, ""C02"": 1.565583, ""C03"": 1.591804, ""C04"": 1.585118, ""C05"": 1.604738, ""C06"": 2.977083, ""C07"": 2.992884, ""C08"": 2.995332, ""C09"": 2.982351, ""C10"": 2.966784, ""C11"": 3.094653, ""C12"": 3.045622, ""C13"": 3.009489, ""C14"": 3.102661, ""C15"": 3.105261, ""C16"": 2.979047, ""C17"": 2.885832, ""C18"": 3.029137, ""C19"": 2.983632, ""C20"": 3.01265, ""C21"": 6.712055, ""C22"": 6.702488, ""C23"": 6.834545, ""C24"": 6.83205, ""C25"": 6.956597}","{""C01"": 0, ""C02"": 0, ""C03"": 0, ""C04"": 0, ""C05"": 0, ""C06"": 0, ""C07"": 0, ""C08"": 0, ""C09"": 0, ""C10"": 0, ""C11"": 0, ""C12"": 0, ""C13"": 0, ""C14"": 0, ""C15"": 0, ""C16"": 0, ""C17"": 0, ""C18"": 0, ""C19"": 0, ""C20"": 0, ""C21"": 0, ""C22"": 0, ""C23"": 0, ""C24"": 0, ""C25"": 1108}","{""C01"": 0.025936416427450745, ""C02"": 0.025936416427450745, ""C03"": 0.025936416427450745, ""C04"": 0.025936416427450745, ""C05"": 0.025936416427450745, ""C06"": 0.025936416427450745, ""C07"": 0.025936416427450745, ""C08"": 0.025936416427450745, ""C09"": 0.025936416427450745, ""C10"": 0.025936416427450745, ""C11"": 0.025936416427450745, ""C12"": 0.025936416427450745, ""C13"": 0.025936416427450745, ""C14"": 0.025936416427450745, ""C15"": 0.025936416427450745, ""C16"": 0.025936416427450745, ""C17"": 0.025936416427450745, ""C18"": 0.025936416427450745, ""C19"": 0.025936416427450745, ""C20"": 0.025936416427450745, ""C21"": 0.025936416427450745, ""C22"": 0.025936416427450745, ""C23"": 0.025936416427450745, ""C24"": 0.025936416427450745, ""C25"": 0.02529479038541611}"
90,90,1,824,7.134865,25,"{""C01"": 1.575389, ""C02"": 1.565583, ""C03"": 1.591804, ""C04"": 1.585118, ""C05"": 1.604738, ""C06"": 2.977083, ""C07"": 2.992884, ""C08"": 2.995332, ""C09"": 2.982351, ""C10"": 3.053278, ""C11"": 3.094653, ""C12"": 3.045622, ""C13"": 3.009489, ""C14"": 3.102661, ""C15"": 3.105261, ""C16"": 2.979047, ""C17"": 2.998676, ""C18"": 3.029137, ""C19"": 2.999243, ""C20"": 3.103883, ""C21"": 6.784152, ""C22"": 6.733583, ""C23"": 6.834545, ""C24"": 6.83205, ""C25"": 6.967362}","{""C01"": 0, ""C02"": 0, ""C03"": 0, ""C04"": 0, ""C05"": 0, ""C06"": 0, ""C07"": 0, ""C08"": 0, ""C09"": 0, ""C10"": 0, ""C11"": 0, ""C12"": 0, ""C13"": 0, ""C14"": 0, ""C15"": 0, ""C16"": 0, ""C17"": 0, ""C18"": 0, ""C19"": 0, ""C20"": 0, ""C21"": 0, ""C22"": 0, ""C23"": 0, ""C24"": 0, ""C25"": 1108}","{""C01"": 0.025937421232357274, ""C02"": 0.025937421232357274, ""C03"": 0.025937421232357274, ""C04"": 0.025937421232357274, ""C05"": 0.025937421232357274, ""C06"": 0.025937421232357274, ""C07"": 0.025937421232357274, ""C08"": 0.025937421232357274, ""C09"": 0.025937421232357274, ""C10"": 0.025937421232357274, ""C11"": 0.025937421232357274, ""C12"": 0.025937421232357274, ""C13"": 0.025937421232357274, ""C14"": 0.025937421232357274, ""C15"": 0.025937421232357274, ""C16"": 0.025937421232357274, ""C17"": 0.025937421232357274, ""C18"": 0.025937421232357274, ""C19"": 0.025937421232357274, ""C20"": 0.025937421232357274, ""C21"": 0.025937421232357274, ""C22"": 0.025937421232357274, ""C23"": 0.025937421232357274, ""C24"": 0.025937421232357274, ""C25"": 0.025295791353325294}"
91,91,1,850,7.358574,25,"{""C01"": 1.575389, ""C02"": 1.565583, ""C03"": 1.591804, ""C04"": 1.585118, ""C05"": 1.604738, ""C06"": 2.977083, ""C07"": 2.992884, ""C08"": 2.995332, ""C09"": 2.982351, ""C10"": 3.053278, ""C11"": 3.094653, ""C12"": 3.045622, ""C13"": 3.098472, ""C14"": 3.102661, ""C15"": 3.105261, ""C16"": 2.979047, ""C17"": 2.998676, ""C18"": 3.029137, ""C19"": 2.999243, ""C20"": 3.103883, ""C21"": 6.784152, ""C22"": 6.744486, ""C23"": 7.068346, ""C24"": 6.879286, ""C25"": 6.967362}","{""C01"": 0, ""C02"": 0, ""C03"": 0, ""C04"": 0, ""C05"": 0, ""C06"": 0, ""C07"": 0, ""C08"": 0, ""C09"": 0, ""C10"": 0, ""C11"": 0, ""C12"": 0, ""C13"": 0, ""C14"": 0, ""C15"": 0, ""C16"": 0, ""C17"": 0, ""C18"": 0, ""C19"": 0, ""C20"": 0, ""C21"": 0, ""C22"": 0, ""C23"": 1103, ""C24"": 0, ""C25"": 0}","{""C01"": 0.02594381582849367, ""C02"": 0.02594381582849367, ""C03"": 0.02594381582849367, ""C04"": 0.02594381582849367, ""C05"": 0.02594381582849367, ""C06"": 0.02594381582849367, ""C07"": 0.02594381582849367, ""C08"": 0.02594381582849367, ""C09"": 0.02594381582849367, ""C10"": 0.02594381582849367, ""C11"": 0.02594381582849367, ""C12"": 0.02594381582849367, ""C13"": 0.02594381582849367, ""C14"": 0.02594381582849367, ""C15"": 0.02594381582849367, ""C16"": 0.02594381582849367, ""C17"": 0.02594381582849367, ""C18"": 0.02594381582849367, ""C19"": 0.02594381582849367, ""C20"": 0.02594381582849367, ""C21"": 0.02594381582849367, ""C22"": 0.02594381582849367, ""C23"": 0.025305080642393674, ""C24"": 0.02594381582849367, ""C25"": 0.02594381582849367}"
92,92,1,480,4.210524,25,"{""C01"": 1.575389, ""C02"": 1.565583, ""C03"": 1.591804, ""C04"": 1.585118, ""C05"": 1.604738, ""C06"": 2.977083, ""C07"": 2.992884, ""C08"": 3.071435, ""C09"": 3.098164, ""C10"": 3.053278, ""C11"": 3.094653, ""C12"": 3.045622, ""C13"": 3.098472, ""C14"": 3.102661, ""C15"": 3.105261, ""C16"": 2.979047, ""C17"": 2.998676, ""C18"": 3.106359, ""C19"": 2.999243, ""C20"": 3.103883, ""C21"": 6.992762, ""C22"": 7.053447, ""C23"": 7.068346, ""C24"": 6.879286, ""C25"": 6.967362}","{""C01"": 0, ""C02"": 0, ""C03"": 0, ""C04"": 0, ""C05"": 0, ""C06"": 0, ""C07"": 0, ""C08"": 0, ""C09"": 0, ""C10"": 0, ""C11"": 0, ""C12"": 0, ""C13"": 0, ""C14"": 0, ""C15"": 0, ""C16"": 0, ""C17"": 0, ""C18"": 0, ""C19"": 0, ""C20"": 0, ""C21"": 224, ""C22"": 261, ""C23"": 621, ""C24"": 0, ""C25"": 0}","{""C01"": 0.02594384780445784, ""C02"": 0.02594384780445784, ""C03"": 0.02594384780445784, ""C04"": 0.02594384780445784, ""C05"": 0.02594384780445784, ""C06"": 0.02594384780445784, ""C07"": 0.02594384780445784, ""C08"": 0.02594384780445784, ""C09"": 0.02594384780445784, ""C10"": 0.02594384780445784, ""C11"": 0.02594384780445784, ""C12"": 0.02594384780445784, ""C13"": 0.02594384780445784, ""C14"": 0.02594384780445784, ""C15"": 0.02594384780445784, ""C16"": 0.02594384780445784, ""C17"": 0.02594384780445784, ""C18"": 0.02594384780445784, ""C19"": 0.02594384780445784, ""C20"": 0.02594384780445784, ""C21"": 0.02581412533255317, ""C22"": 0.025792719526863236, ""C23"": 0.025584247199735503, ""C24"": 0.02594384780445784, ""C25"": 0.02594384780445784}"
93,93,1,548,4.700914,25,"{""C01"": 1.575389, ""C02"": 1.565583, ""C03"": 1.591804, ""C04"": 1.585118, ""C05"": 1.607556, ""C06"": 2.977083, ""C07"": 3.12097, ""C08"": 3.071435, ""C09"": 3.098164, ""C10"": 3.099405, ""C11"": 3.094653, ""C12"": 3.045622, ""C13"": 3.098472, ""C14"": 3.102661, ""C15"": 3.105261, ""C16"": 2.979047, ""C17"": 3.000538, ""C18"": 3.106359, ""C19"": 3.010072, ""C20"": 3.103883, ""C21"": 6.992762, ""C22"": 7.053447, ""C23"": 7.068346, ""C24"": 7.201824, ""C25"": 7.152752}","{""C01"": 0, ""C02"": 0, ""C03"": 0, ""C04"": 0, ""C05"": 0, ""C06"": 0, ""C07"": 0, ""C08"": 0, ""C09"": 0, ""C10"": 0, ""C11"": 0, ""C12"": 0, ""C13"": 0, ""C14"": 0, ""C15"": 0, ""C16"": 0, ""C17"": 0, ""C18"": 0, ""C19"": 0, ""C20"": 0, ""C21"": 0, ""C22"": 0, ""C23"": 0, ""C24"": 727, ""C25"": 371}","{""C01"": 0.02595146232118936, ""C02"": 0.02595146232118936, ""C03"": 0.02595146232118936, ""C04"": 0.02595146232118936, ""C05"": 0.02595146232118936, ""C06"": 0.02595146232118936, ""C07"": 0.02595146232118936, ""C08"": 0.02595146232118936, ""C09"": 0.02595146232118936, ""C10"": 0.02595146232118936, ""C11"": 0.02595146232118936, ""C12"": 0.02595146232118936, ""C13"": 0.02595146232118936, ""C14"": 0.02595146232118936, ""C15"": 0.02595146232118936, ""C16"": 0.02595146232118936, ""C17"": 0.02595146232118936, ""C18"": 0.02595146232118936, ""C19"": 0.02595146232118936, ""C20"": 0.02595146232118936, ""C21"": 0.02595146232118936, ""C22"": 0.02595146232118936, ""C23"": 0.02595146232118936, ""C24"": 0.02553048184602467, ""C25"": 0.025736618466931944}"
94,94,1,277,2.392608,25,"{""C01"": 1.575389, ""C02"": 1.565583, ""C03"": 1.591804, ""C04"": 1.624153, ""C05"": 1.607556, ""C06"": 2.977083, ""C07"": 3.12097, ""C08"": 3.071435, ""C09"": 3.098164, ""C10"": 3.099405, ""C11"": 3.094653, ""C12"": 3.045622, ""C13"": 3.128312, ""C14"": 3.131995, ""C15"": 3.226999, ""C16"": 3.191939, ""C17"": 3.000538, ""C18"": 3.106359, ""C19"": 3.010072, ""C20"": 3.103883, ""C21"": 6.992762, ""C22"": 7.053447, ""C23"": 7.236458, ""C24"": 7.201824, ""C25"": 7.152752}","{""C01"": 0, ""C02"": 0, ""C03"": 0, ""C04"": 0, ""C05"": 0, ""C06"": 0, ""C07"": 0, ""C08"": 0, ""C09"": 0, ""C10"": 0, ""C11"": 0, ""C12"": 0, ""C13"": 0, ""C14"": 0, ""C15"": 0, ""C16"": 0, ""C17"": 0, ""C18"": 0, ""C19"": 0, ""C20"": 0, ""C21"": 0, ""C22"": 0, ""C23"": 456, ""C24"": 414, ""C25"": 229}","{""C01"": 0.025953897377706203, ""C02"": 0.025953897377706203, ""C03"": 0.025953897377706203, ""C04"": 0.025953897377706203, ""C05"": 0.025953897377706203, ""C06"": 0.025953897377706203, ""C07"": 0.025953897377706203, ""C08"": 0.025953897377706203, ""C09"": 0.025953897377706203, ""C10"": 0.025953897377706203, ""C11"": 0.025953897377706203, ""C12"": 0.025953897377706203, ""C13"": 0.025953897377706203, ""C14"": 0.025953897377706203, ""C15"": 0.025953897377706203, ""C16"": 0.025953897377706203, ""C17"": 0.025953897377706203, ""C18"": 0.025953897377706203, ""C19"": 0.025953897377706203, ""C20"": 0.025953897377706203, ""C21"": 0.025953897377706203, ""C22"": 0.025953897377706203, ""C23"": 0.02568985376571705, ""C24"": 0.025714155367118505, ""C25"": 0.0258212793149108}"
95,95,1,711,6.139392,25,"{""C01"": 1.575389, ""C02"": 1.565583, ""C03"": 1.591804, ""C04"": 1.624153, ""C05"": 1.607556, ""C06"": 3.134243, ""C07"": 3.12097, ""C08"": 3.071435, ""C09"": 3.098164, ""C10"": 3.099405, ""C11"": 3.094653, ""C12"": 3.147981, ""C13"": 3.128312, ""C14"": 3.131995, ""C15"": 3.226999, ""C16"": 3.191939, ""C17"": 3.000538, ""C18"": 3.152168, ""C19"": 3.151414, ""C20"": 3.103883, ""C21"": 7.158634, ""C22"": 7.11235, ""C23"": 7.236458, ""C24"": 7.201824, ""C25"": 7.398009}","{""C01"": 0, ""C02"": 0, ""C03"": 0, ""C04"": 0, ""C05"": 0, ""C06"": 0, ""C07"": 0, ""C08"": 0, ""C09"": 0, ""C10"": 0, ""C11"": 0, ""C12"": 0, ""C13"": 0, ""C14"": 0, ""C15"": 0, ""C16"": 0, ""C17"": 0, ""C18"": 0, ""C19"": 0, ""C20"": 0, ""C21"": 0, ""C22"": 0, ""C23"": 0, ""C24"": 0, ""C25"": 1086}","{""C01"": 0.025963108955878778, ""C02"": 0.025963108955878778, ""C03"": 0.025963108955878778, ""C04"": 0.025963108955878778, ""C05"": 0.025963108955878778, ""C06"": 0.025963108955878778, ""C07"": 0.025963108955878778, ""C08"": 0.025963108955878778, ""C09"": 0.025963108955878778, ""C10"": 0.025963108955878778, ""C11"": 0.025963108955878778, ""C12"": 0.025963108955878778, ""C13"": 0.025963108955878778, ""C14"": 0.025963108955878778, ""C15"": 0.025963108955878778, ""C16"": 0.025963108955878778, ""C17"": 0.025963108955878778, ""C18"": 0.025963108955878778, ""C19"": 0.025963108955878778, ""C20"": 0.025963108955878778, ""C21"": 0.025963108955878778, ""C22"": 0.025963108955878778, ""C23"": 0.025963108955878778, ""C24"": 0.025963108955878778, ""C25"": 0.025334225161311324}"
96,96,1,735,6.338774,25,"{""C01"": 1.575389, ""C02"": 1.565583, ""C03"": 1.591804, ""C04"": 1.624153, ""C05"": 1.607556, ""C06"": 3.134243, ""C07"": 3.12097, ""C08"": 3.071435, ""C09"": 3.098164, ""C10"": 3.099405, ""C11"": 3.094653, ""C12"": 3.147981, ""C13"": 3.128312, ""C14"": 3.240159, ""C15"": 3.226999, ""C16"": 3.191939, ""C17"": 3.072048, ""C18"": 3.152168, ""C19"": 3.151414, ""C20"": 3.103883, ""C21"": 7.158634, ""C22"": 7.11235, ""C23"": 7.236458, ""C24"": 7.286188, ""C25"": 7.398009}","{""C01"": 0, ""C02"": 0, ""C03"": 0, ""C04"": 0, ""C05"": 0, ""C06"": 0, ""C07"": 0, ""C08"": 0, ""C09"": 0, ""C10"": 0, ""C11"": 0, ""C12"": 0, ""C13"": 0, ""C14"": 0, ""C15"": 0, ""C16"": 0, ""C17"": 0, ""C18"": 0, ""C19"": 0, ""C20"": 0, ""C21"": 0, ""C22"": 0, ""C23"": 0, ""C24"": 0, ""C25"": 1086}","{""C01"": 0.025963108955878778, ""C02"": 0.025963108955878778, ""C03"": 0.025963108955878778, ""C04"": 0.025963108955878778, ""C05"": 0.025963108955878778, ""C06"": 0.025963108955878778, ""C07"": 0.025963108955878778, ""C08"": 0.025963108955878778, ""C09"": 0.025963108955878778, ""C10"": 0.025963108955878778, ""C11"": 0.025963108955878778, ""C12"": 0.025963108955878778, ""C13"": 0.025963108955878778, ""C14"": 0.025963108955878778, ""C15"": 0.025963108955878778, ""C16"": 0.025963108955878778, ""C17"": 0.025963108955878778, ""C18"": 0.025963108955878778, ""C19"": 0.025963108955878778, ""C20"": 0.025963108955878778, ""C21"": 0.025963108955878778, ""C22"": 0.025963108955878778, ""C23"": 0.025963108955878778, ""C24"": 0.025963108955878778, ""C25"": 0.025334225161311324}"
97,97,1,465,3.987997,25,"{""C01"": 1.575389, ""C02"": 1.565583, ""C03"": 1.591804, ""C04"": 1.624153, ""C05"": 1.607556, ""C06"": 3.134243, ""C07"": 3.12097, ""C08"": 3.071435, ""C09"": 3.224294, ""C10"": 3.099405, ""C11"": 3.16486, ""C12"": 3.147981, ""C13"": 3.128312, ""C14"": 3.240159, ""C15"": 3.226999, ""C16"": 3.191939, ""C17"": 3.072048, ""C18"": 3.152168, ""C19"": 3.151414, ""C20"": 3.103883, ""C21"": 7.158634, ""C22"": 7.34128, ""C23"": 7.303273, ""C24"": 7.286188, ""C25"": 7.398009}","{""C01"": 0, ""C02"": 0, ""C03"": 0, ""C04"": 0, ""C05"": 0, ""C06"": 0, ""C07"": 0, ""C08"": 0, ""C09"": 0, ""C10"": 0, ""C11"": 0, ""C12"": 0, ""C13"": 0, ""C14"": 0, ""C15"": 0, ""C16"": 0, ""C17"": 0, ""C18"": 0, ""C19"": 0, ""C20"": 0, ""C21"": 0, ""C22"": 234, ""C23"": 223, ""C24"": 0, ""C25"": 634}","{""C01"": 0.025963314345511745, ""C02"": 0.025963314345511745, ""C03"": 0.025963314345511745, ""C04"": 0.025963314345511745, ""C05"": 0.025963314345511745, ""C06"": 0.025963314345511745, ""C07"": 0.025963314345511745, ""C08"": 0.025963314345511745, ""C09"": 0.025963314345511745, ""C10"": 0.025963314345511745, ""C11"": 0.025963314345511745, ""C12"": 0.025963314345511745, ""C13"": 0.025963314345511745, ""C14"": 0.025963314345511745, ""C15"": 0.025963314345511745, ""C16"": 0.025963314345511745, ""C17"": 0.025963314345511745, ""C18"": 0.025963314345511745, ""C19"": 0.025963314345511745, ""C20"": 0.025963314345511745, ""C21"": 0.025963314345511745, ""C22"": 0.025827806368645678, ""C23"": 0.02583417099178522, ""C24"": 0.025963314345511745, ""C25"": 0.025596189485279263}"
98,98,1,1090,10.858158,25,"{""C01"": 1.575389, ""C02"": 1.565583, ""C03"": 1.591804, ""C04"": 1.624153, ""C05"": 1.607556, ""C06"": 3.134243, ""C07"": 3.253697, ""C08"": 3.071435, ""C09"": 3.224294, ""C10"": 3.209713, ""C11"": 3.16486, ""C12"": 3.164222, ""C13"": 3.128312, ""C14"": 3.240159, ""C15"": 3.226999, ""C16"": 3.191939, ""C17"": 3.205716, ""C18"": 3.152168, ""C19"": 3.151414, ""C20"": 3.198579, ""C21"": 7.217855, ""C22"": 7.34128, ""C23"": 7.303273, ""C24"": 7.537802, ""C25"": 7.434802}","{""C01"": 0, ""C02"": 0, ""C03"": 0, ""C04"": 0, ""C05"": 0, ""C06"": 0, ""C07"": 0, ""C08"": 0, ""C09"": 0, ""C10"": 0, ""C11"": 0, ""C12"": 0, ""C13"": 0, ""C14"": 0, ""C15"": 0, ""C16"": 0, ""C17"": 0, ""C18"": 0, ""C19"": 0, ""C20"": 0, ""C21"": 0, ""C22"": 0, ""C23"": 0, ""C24"": 1080, ""C25"": 0}","{""C01"": 0.02597148395060979, ""C02"": 0.02597148395060979, ""C03"": 0.02597148395060979, ""C04"": 0.02597148395060979, ""C05"": 0.02597148395060979, ""C06"": 0.02597148395060979, ""C07"": 0.02597148395060979, ""C08"": 0.02597148395060979, ""C09"": 0.02597148395060979, ""C10"": 0.02597148395060979, ""C11"": 0.02597148395060979, ""C12"": 0.02597148395060979, ""C13"": 0.02597148395060979, ""C14"": 0.02597148395060979, ""C15"": 0.02597148395060979, ""C16"": 0.02597148395060979, ""C17"": 0.02597148395060979, ""C18"": 0.02597148395060979, ""C19"": 0.02597148395060979, ""C20"": 0.02597148395060979, ""C21"": 0.02597148395060979, ""C22"": 0.02597148395060979, ""C23"": 0.02597148395060979, ""C24"": 0.025346071008131684, ""C25"": 0.02597148395060979}"
99,99,1,766,6.610657,25,"{""C01"": 1.575389, ""C02"": 1.565583, ""C03"": 1.591804, ""C04"": 1.624153, ""C05"": 1.607556, ""C06"": 3.134243, ""C07"": 3.253697, ""C08"": 3.071435, ""C09"": 3.224294, ""C10"": 3.209713, ""C11"": 3.16486, ""C12"": 3.164222, ""C13"": 3.220755, ""C14"": 3.240159, ""C15"": 3.226999, ""C16"": 3.191939, ""C17"": 3.205716, ""C18"": 3.152168, ""C19"": 3.151414, ""C20"": 3.198579, ""C21"": 7.217855, ""C22"": 7.34128, ""C23"": 7.499477, ""C24"": 7.537802, ""C25"": 7.434802}","{""C01"": 0, ""C02"": 0, ""C03"": 0, ""C04"": 0, ""C05"": 0, ""C06"": 0, ""C07"": 0, ""C08"": 0, ""C09"": 0, ""C10"": 0, ""C11"": 0, ""C12"": 0, ""C13"": 0, ""C14"": 0, ""C15"": 0, ""C16"": 0, ""C17"": 0, ""C18"": 0, ""C19"": 0, ""C20"": 0, ""C21"": 0, ""C22"": 0, ""C23"": 332, ""C24"": 750, ""C25"": 0}","{""C01"": 0.02597166690810536, ""C02"": 0.02597166690810536, ""C03"": 0.02597166690810536, ""C04"": 0.02597166690810536, ""C05"": 0.02597166690810536, ""C06"": 0.02597166690810536, ""C07"": 0.02597166690810536, ""C08"": 0.02597166690810536, ""C09"": 0.02597166690810536, ""C10"": 0.02597166690810536, ""C11"": 0.02597166690810536, ""C12"": 0.02597166690810536, ""C13"": 0.02597166690810536, ""C14"": 0.02597166690810536, ""C15"": 0.02597166690810536, ""C16"": 0.02597166690810536, ""C17"": 0.02597166690810536, ""C18"": 0.02597166690810536, ""C19"": 0.02597166690810536, ""C20"": 0.02597166690810536, ""C21"": 0.02597166690810536, ""C22"": 0.02597166690810536, ""C23"": 0.02577941081883445, ""C24"": 0.02553736074086912, ""C25"": 0.02597166690810536}"
100,100,1,653,5.625516,25,"{""C01"": 1.575389, ""C02"": 1.565583, ""C03"": 1.622524, ""C04"": 1.624153, ""C05"": 1.607556, ""C06"": 3.207444, ""C07"": 3.253697, ""C08"": 3.17923, ""C09"": 3.224294, ""C10"": 3.209713, ""C11"": 3.205357, ""C12"": 3.304436, ""C13"": 3.220755, ""C14"": 3.240159, ""C15"": 3.226999, ""C16"": 3.191939, ""C17"": 3.205716, ""C18"": 3.222158, ""C19"": 3.151414, ""C20"": 3.198579, ""C21"": 7.423746, ""C22"": 7.487873, ""C23"": 7.499477, ""C24"": 7.537802, ""C25"": 7.434802}","{""C01"": 0, ""C02"": 0, ""C03"": 0, ""C04"": 0, ""C05"": 0, ""C06"": 0, ""C07"": 0, ""C08"": 0, ""C09"": 0, ""C10"": 0, ""C11"": 0, ""C12"": 0, ""C13"": 0, ""C14"": 0, ""C15"": 0, ""C16"": 0, ""C17"": 0, ""C18"": 0, ""C19"": 0, ""C20"": 0, ""C21"": 0, ""C22"": 222, ""C23"": 226, ""C24"": 635, ""C25"": 0}","{""C01"": 0.025971707042464653, ""C02"": 0.025971707042464653, ""C03"": 0.025971707042464653, ""C04"": 0.025971707042464653, ""C05"": 0.025971707042464653, ""C06"": 0.025971707042464653, ""C07"": 0.025971707042464653, ""C08"": 0.025971707042464653, ""C09"": 0.025971707042464653, ""C10"": 0.025971707042464653, ""C11"": 0.025971707042464653, ""C12"": 0.025971707042464653, ""C13"": 0.025971707042464653, ""C14"": 0.025971707042464653, ""C15"": 0.025971707042464653, ""C16"": 0.025971707042464653, ""C17"": 0.025971707042464653, ""C18"": 0.025971707042464653, ""C19"": 0.025971707042464653, ""C20"": 0.025971707042464653, ""C21"": 0.025971707042464653, ""C22"": 0.025843149488811126, ""C23"": 0.02584083720928794, ""C24"": 0.02560399897803259, ""C25"": 0.025971707042464653}"
