game_id,iter_idx,converged,rounds,duration_sec,player_count,quality_scores_json,final_datasizes_json,final_payoffs_json
1,1,1,27,0.037442,5,"{""C01"": 1.042744, ""C02"": 1.06733, ""C03"": 1.355583, ""C04"": 1.353882, ""C05"": 1.890127}","{""C01"": 0, ""C02"": 0, ""C03"": 0, ""C04"": 0, ""C05"": 1689}","{""C01"": 0.02522706307314762, ""C02"": 0.02522706307314762, ""C03"": 0.02522706307314762, ""C04"": 0.02522706307314762, ""C05"": 0.024248933877262818}"
2,2,1,27,0.036886,5,"{""C01"": 1.057263, ""C02"": 1.077619, ""C03"": 1.367979, ""C04"": 1.364416, ""C05"": 1.915167}","{""C01"": 0, ""C02"": 0, ""C03"": 0, ""C04"": 0, ""C05"": 1682}","{""C01"": 0.025235873942094145, ""C02"": 0.025235873942094145, ""C03"": 0.025235873942094145, ""C04"": 0.025235873942094145, ""C05"": 0.024261798602755718}"
3,3,1,27,0.037313,5,"{""C01"": 1.069537, ""C02"": 1.085641, ""C03"": 1.377926, ""C04"": 1.373964, ""C05"": 1.940024}","{""C01"": 0, ""C02"": 0, ""C03"": 0, ""C04"": 0, ""C05"": 1675}","{""C01"": 0.025244373801633732, ""C02"": 0.025244373801633732, ""C03"": 0.025244373801633732, ""C04"": 0.025244373801633732, ""C05"": 0.024274352487062993}"
4,4,1,27,0.037171,5,"{""C01"": 1.079526, ""C02"": 1.091621, ""C03"": 1.386012, ""C04"": 1.383142, ""C05"": 1.965243}","{""C01"": 0, ""C02"": 0, ""C03"": 0, ""C04"": 0, ""C05"": 1668}","{""C01"": 0.02525284224581867, ""C02"": 0.02525284224581867, ""C03"": 0.02525284224581867, ""C04"": 0.02525284224581867, ""C05"": 0.02428687497304662}"
5,5,1,27,0.037040,5,"{""C01"": 1.087283, ""C02"": 1.09586, ""C03"": 1.392857, ""C04"": 1.3925, ""C05"": 1.991202}","{""C01"": 0, ""C02"": 0, ""C03"": 0, ""C04"": 0, ""C05"": 1661}","{""C01"": 0.02526145955576911, ""C02"": 0.02526145955576911, ""C03"": 0.02526145955576911, ""C04"": 0.02526145955576911, ""C05"": 0.024299546242621192}"
6,6,1,26,0.035725,5,"{""C01"": 1.092953, ""C02"": 1.098722, ""C03"": 1.39908, ""C04"": 1.402502, ""C05"": 2.0181}","{""C01"": 0, ""C02"": 0, ""C03"": 0, ""C04"": 0, ""C05"": 1654}","{""C01"": 0.025270308376575457, ""C02"": 0.025270308376575457, ""C03"": 0.025270308376575457, ""C04"": 0.025270308376575457, ""C05"": 0.02431244889393649}"
7,7,1,26,0.035556,5,"{""C01"": 1.096769, ""C02"": 1.100614, ""C03"": 1.405269, ""C04"": 1.413501, ""C05"": 2.045952}","{""C01"": 0, ""C02"": 0, ""C03"": 0, ""C04"": 0, ""C05"": 1647}","{""C01"": 0.025279378929363994, ""C02"": 0.025279378929363994, ""C03"": 0.025279378929363994, ""C04"": 0.025279378929363994, ""C05"": 0.024325573151757977}"
8,8,1,26,0.035363,5,"{""C01"": 1.099035, ""C02"": 1.101962, ""C03"": 1.411945, ""C04"": 1.425719, ""C05"": 2.074597}","{""C01"": 0, ""C02"": 0, ""C03"": 0, ""C04"": 0, ""C05"": 1640}","{""C01"": 0.025288580496784466, ""C02"": 0.025288580496784466, ""C03"": 0.025288580496784466, ""C04"": 0.025288580496784466, ""C05"": 0.024338828347716626}"
9,9,1,26,0.035330,5,"{""C01"": 1.100119, ""C02"": 1.103188, ""C03"": 1.419537, ""C04"": 1.439239, ""C05"": 2.103718}","{""C01"": 0, ""C02"": 0, ""C03"": 0, ""C04"": 0, ""C05"": 1633}","{""C01"": 0.02529775791210387, ""C02"": 0.02529775791210387, ""C03"": 0.02529775791210387, ""C04"": 0.02529775791210387, ""C05"": 0.024352059401206754}"
10,10,1,26,0.035390,5,"{""C01"": 1.100423, ""C02"": 1.104688, ""C03"": 1.428358, ""C04"": 1.454008, ""C05"": 2.132865}","{""C01"": 0, ""C02"": 0, ""C03"": 0, ""C04"": 0, ""C05"": 1626}","{""C01"": 0.025306708029490796, ""C02"": 0.025306708029490796, ""C03"": 0.025306708029490796, ""C04"": 0.025306708029490796, ""C05"": 0.024365063281249287}"
11,11,1,26,0.036235,5,"{""C01"": 1.100369, ""C02"": 1.106807, ""C03"": 1.438593, ""C04"": 1.469838, ""C05"": 2.161494}","{""C01"": 0, ""C02"": 0, ""C03"": 0, ""C04"": 0, ""C05"": 1619}","{""C01"": 0.025315201246644783, ""C02"": 0.025315201246644783, ""C03"": 0.025315201246644783, ""C04"": 0.025315201246644783, ""C05"": 0.024377610517580434}"
12,12,1,26,0.035447,5,"{""C01"": 1.100367, ""C02"": 1.109823, ""C03"": 1.450285, ""C04"": 1.486427, ""C05"": 2.189007}","{""C01"": 0, ""C02"": 0, ""C03"": 0, ""C04"": 0, ""C05"": 1613}","{""C01"": 0.025323581018102892, ""C02"": 0.025323581018102892, ""C03"": 0.025323581018102892, ""C04"": 0.025323581018102892, ""C05"": 0.024389464535873626}"
13,13,1,26,0.036034,5,"{""C01"": 1.100799, ""C02"": 1.113927, ""C03"": 1.463341, ""C04"": 1.503377, ""C05"": 2.214791}","{""C01"": 0, ""C02"": 0, ""C03"": 0, ""C04"": 0, ""C05"": 1607}","{""C01"": 0.025331038762849353, ""C02"": 0.025331038762849353, ""C03"": 0.025331038762849353, ""C04"": 0.025331038762849353, ""C05"": 0.024400397049518522}"
14,14,1,26,0.036779,5,"{""C01"": 1.101992, ""C02"": 1.11922, ""C03"": 1.477542, ""C04"": 1.520225, ""C05"": 2.238267}","{""C01"": 0, ""C02"": 0, ""C03"": 0, ""C04"": 0, ""C05"": 1601}","{""C01"": 0.025337372517315424, ""C02"": 0.025337372517315424, ""C03"": 0.025337372517315424, ""C04"": 0.025337372517315424, ""C05"": 0.024410206217353708}"
15,15,1,26,0.035318,5,"{""C01"": 1.104202, ""C02"": 1.125702, ""C03"": 1.492553, ""C04"": 1.536472, ""C05"": 2.258929}","{""C01"": 0, ""C02"": 0, ""C03"": 0, ""C04"": 0, ""C05"": 1597}","{""C01"": 0.025343579100347152, ""C02"": 0.025343579100347152, ""C03"": 0.025343579100347152, ""C04"": 0.025343579100347152, ""C05"": 0.024418728602388782}"
16,16,1,26,0.035583,5,"{""C01"": 1.107599, ""C02"": 1.133278, ""C03"": 1.507952, ""C04"": 1.551622, ""C05"": 2.276379}","{""C01"": 0, ""C02"": 0, ""C03"": 0, ""C04"": 0, ""C05"": 1593}","{""C01"": 0.025348380416963148, ""C02"": 0.025348380416963148, ""C03"": 0.025348380416963148, ""C04"": 0.025348380416963148, ""C05"": 0.024425846528134072}"
17,17,1,26,0.035570,5,"{""C01"": 1.112256, ""C02"": 1.141761, ""C03"": 1.52326, ""C04"": 1.565208, ""C05"": 2.290357}","{""C01"": 0, ""C02"": 0, ""C03"": 0, ""C04"": 0, ""C05"": 1590}","{""C01"": 0.025352293277351265, ""C02"": 0.025352293277351265, ""C03"": 0.025352293277351265, ""C04"": 0.025352293277351265, ""C05"": 0.02443149666493953}"
18,18,1,26,0.035290,5,"{""C01"": 1.118152, ""C02"": 1.150892, ""C03"": 1.537968, ""C04"": 1.576829, ""C05"": 2.300766}","{""C01"": 0, ""C02"": 0, ""C03"": 0, ""C04"": 0, ""C05"": 1587}","{""C01"": 0.025354733026015486, ""C02"": 0.025354733026015486, ""C03"": 0.025354733026015486, ""C04"": 0.025354733026015486, ""C05"": 0.024435674543491805}"
19,19,1,26,0.035582,5,"{""C01"": 1.125167, ""C02"": 1.160349, ""C03"": 1.551575, ""C04"": 1.586177, ""C05"": 2.307672}","{""C01"": 0, ""C02"": 0, ""C03"": 0, ""C04"": 0, ""C05"": 1586}","{""C01"": 0.025356912951194147, ""C02"": 0.025356912951194147, ""C03"": 0.025356912951194147, ""C04"": 0.025356912951194147, ""C05"": 0.024438433052923373}"
20,20,1,26,0.035758,5,"{""C01"": 1.133096, ""C02"": 1.169777, ""C03"": 1.563619, ""C04"": 1.593054, ""C05"": 2.311313}","{""C01"": 0, ""C02"": 0, ""C03"": 0, ""C04"": 0, ""C05"": 1585}","{""C01"": 0.02535778343110459, ""C02"": 0.02535778343110459, ""C03"": 0.02535778343110459, ""C04"": 0.02535778343110459, ""C05"": 0.024439882876626785}"
21,21,1,26,0.035407,5,"{""C01"": 1.14166, ""C02"": 1.178803, ""C03"": 1.573709, ""C04"": 1.597391, ""C05"": 2.312085}","{""C01"": 0, ""C02"": 0, ""C03"": 0, ""C04"": 0, ""C05"": 1585}","{""C01"": 0.025358090692286464, ""C02"": 0.025358090692286464, ""C03"": 0.025358090692286464, ""C04"": 0.025358090692286464, ""C05"": 0.024440189959398662}"
22,22,1,26,0.035272,5,"{""C01"": 1.150528, ""C02"": 1.187066, ""C03"": 1.581553, ""C04"": 1.599252, ""C05"": 2.310516}","{""C01"": 0, ""C02"": 0, ""C03"": 0, ""C04"": 0, ""C05"": 1585}","{""C01"": 0.025357466062459685, ""C02"": 0.025357466062459685, ""C03"": 0.025357466062459685, ""C04"": 0.025357466062459685, ""C05"": 0.024439565692258056}"
23,23,1,26,0.035632,5,"{""C01"": 1.159334, ""C02"": 1.19424, ""C03"": 1.586972, ""C04"": 1.598831, ""C05"": 2.307243}","{""C01"": 0, ""C02"": 0, ""C03"": 0, ""C04"": 0, ""C05"": 1586}","{""C01"": 0.025356741797437812, ""C02"": 0.025356741797437812, ""C03"": 0.025356741797437812, ""C04"": 0.025356741797437812, ""C05"": 0.024438261998479056}"
24,24,1,26,0.035195,5,"{""C01"": 1.167705, ""C02"": 1.200051, ""C03"": 1.589918, ""C04"": 1.596444, ""C05"": 2.30297}","{""C01"": 0, ""C02"": 0, ""C03"": 0, ""C04"": 0, ""C05"": 1587}","{""C01"": 0.02535561519765847, ""C02"": 0.02535561519765847, ""C03"": 0.02535561519765847, ""C04"": 0.02535561519765847, ""C05"": 0.024436556203616296}"
25,25,1,26,0.035194,5,"{""C01"": 1.17528, ""C02"": 1.2043, ""C03"": 1.590479, ""C04"": 1.592509, ""C05"": 2.298429}","{""C01"": 0, ""C02"": 0, ""C03"": 0, ""C04"": 0, ""C05"": 1588}","{""C01"": 0.02535437696043355, ""C02"": 0.02535437696043355, ""C03"": 0.02535437696043355, ""C04"": 0.02535437696043355, ""C05"": 0.024434738836059035}"
26,26,1,26,0.035404,5,"{""C01"": 1.18174, ""C02"": 1.206872, ""C03"": 1.588868, ""C04"": 1.58752, ""C05"": 2.294338}","{""C01"": 0, ""C02"": 0, ""C03"": 0, ""C04"": 0, ""C05"": 1589}","{""C01"": 0.02535331489263505, ""C02"": 0.02535331489263505, ""C03"": 0.02535331489263505, ""C04"": 0.02535331489263505, ""C05"": 0.024433097535889778}"
27,27,1,26,0.035625,5,"{""C01"": 1.186824, ""C02"": 1.207749, ""C03"": 1.585421, ""C04"": 1.582022, ""C05"": 2.291354}","{""C01"": 0, ""C02"": 0, ""C03"": 0, ""C04"": 0, ""C05"": 1589}","{""C01"": 0.025352114344980428, ""C02"": 0.025352114344980428, ""C03"": 0.025352114344980428, ""C04"": 0.025352114344980428, ""C05"": 0.02443189768340545}"
28,28,1,26,0.035460,5,"{""C01"": 1.190344, ""C02"": 1.207005, ""C03"": 1.580568, ""C04"": 1.576573, ""C05"": 2.290039}","{""C01"": 0, ""C02"": 0, ""C03"": 0, ""C04"": 0, ""C05"": 1590}","{""C01"": 0.025352165158001844, ""C02"": 0.025352165158001844, ""C03"": 0.025352165158001844, ""C04"": 0.025352165158001844, ""C05"": 0.02443136861972868}"
29,29,1,26,0.035638,5,"{""C01"": 1.192204, ""C02"": 1.204808, ""C03"": 1.574813, ""C04"": 1.571714, ""C05"": 2.290827}","{""C01"": 0, ""C02"": 0, ""C03"": 0, ""C04"": 0, ""C05"": 1590}","{""C01"": 0.025352482588572006, ""C02"": 0.025352482588572006, ""C03"": 0.025352482588572006, ""C04"": 0.025352482588572006, ""C05"": 0.024431685866611152}"
30,30,1,26,0.035200,5,"{""C01"": 1.192401, ""C02"": 1.201408, ""C03"": 1.568703, ""C04"": 1.567935, ""C05"": 2.293994}","{""C01"": 0, ""C02"": 0, ""C03"": 0, ""C04"": 0, ""C05"": 1589}","{""C01"": 0.025353176608018002, ""C02"": 0.025353176608018002, ""C03"": 0.025353176608018002, ""C04"": 0.025353176608018002, ""C05"": 0.024432959331347634}"
31,31,1,26,0.035899,5,"{""C01"": 1.191028, ""C02"": 1.197122, ""C03"": 1.562792, ""C04"": 1.565648, ""C05"": 2.299648}","{""C01"": 0, ""C02"": 0, ""C03"": 0, ""C04"": 0, ""C05"": 1588}","{""C01"": 0.025354865612058797, ""C02"": 0.025354865612058797, ""C03"": 0.025354865612058797, ""C04"": 0.025354865612058797, ""C05"": 0.0244352272045302}"
32,32,1,26,0.035494,5,"{""C01"": 1.188268, ""C02"": 1.192313, ""C03"": 1.557612, ""C04"": 1.565157, ""C05"": 2.30772}","{""C01"": 0, ""C02"": 0, ""C03"": 0, ""C04"": 0, ""C05"": 1586}","{""C01"": 0.02535693209837403, ""C02"": 0.02535693209837403, ""C03"": 0.02535693209837403, ""C04"": 0.02535693209837403, ""C05"": 0.02443845218899306}"
33,33,1,26,0.035402,5,"{""C01"": 1.184384, ""C02"": 1.187373, ""C03"": 1.553636, ""C04"": 1.566645, ""C05"": 2.317971}","{""C01"": 0, ""C02"": 0, ""C03"": 0, ""C04"": 0, ""C05"": 1584}","{""C01"": 0.025359848413125885, ""C02"": 0.025359848413125885, ""C03"": 0.025359848413125885, ""C04"": 0.025359848413125885, ""C05"": 0.02444252650864194}"
34,34,1,26,0.035394,5,"{""C01"": 1.179703, ""C02"": 1.182692, ""C03"": 1.551254, ""C04"": 1.570161, ""C05"": 2.33001}","{""C01"": 0, ""C02"": 0, ""C03"": 0, ""C04"": 0, ""C05"": 1581}","{""C01"": 0.02536286529718687, ""C02"": 0.02536286529718687, ""C03"": 0.02536286529718687, ""C04"": 0.02536286529718687, ""C05"": 0.024447281188995577}"
35,35,1,25,0.033975,5,"{""C01"": 1.174594, ""C02"": 1.178642, ""C03"": 1.550745, ""C04"": 1.575617, ""C05"": 2.343315}","{""C01"": 0, ""C02"": 0, ""C03"": 0, ""C04"": 0, ""C05"": 1578}","{""C01"": 0.025366345034901386, ""C02"": 0.025366345034901386, ""C03"": 0.025366345034901386, ""C04"": 0.025366345034901386, ""C05"": 0.02445249845438395}"
36,36,1,25,0.034169,5,"{""C01"": 1.169449, ""C02"": 1.175548, ""C03"": 1.552263, ""C04"": 1.582799, ""C05"": 2.357274}","{""C01"": 0, ""C02"": 0, ""C03"": 0, ""C04"": 0, ""C05"": 1575}","{""C01"": 0.025370039671010355, ""C02"": 0.025370039671010355, ""C03"": 0.025370039671010355, ""C04"": 0.025370039671010355, ""C05"": 0.02445793049285318}"
37,37,1,25,0.034198,5,"{""C01"": 1.164656, ""C02"": 1.17367, ""C03"": 1.555828, ""C04"": 1.591372, ""C05"": 2.371215}","{""C01"": 0, ""C02"": 0, ""C03"": 0, ""C04"": 0, ""C05"": 1572}","{""C01"": 0.025373685191117018, ""C02"": 0.025373685191117018, ""C03"": 0.025373685191117018, ""C04"": 0.025373685191117018, ""C05"": 0.02446331344390495}"
38,38,1,25,0.034690,5,"{""C01"": 1.160578, ""C02"": 1.173189, ""C03"": 1.561325, ""C04"": 1.600911, ""C05"": 2.384456}","{""C01"": 0, ""C02"": 0, ""C03"": 0, ""C04"": 0, ""C05"": 1570}","{""C01"": 0.02537760226643712, ""C02"": 0.02537760226643712, ""C03"": 0.02537760226643712, ""C04"": 0.02537760226643712, ""C05"": 0.02446838793420767}"
39,39,1,25,0.034314,5,"{""C01"": 1.157526, ""C02"": 1.174194, ""C03"": 1.568512, ""C04"": 1.610922, ""C05"": 2.396346}","{""C01"": 0, ""C02"": 0, ""C03"": 0, ""C04"": 0, ""C05"": 1567}","{""C01"": 0.025380389279848176, ""C02"": 0.025380389279848176, ""C03"": 0.025380389279848176, ""C04"": 0.025380389279848176, ""C05"": 0.024472912881374292}"
40,40,1,25,0.034693,5,"{""C01"": 1.155746, ""C02"": 1.176679, ""C03"": 1.577033, ""C04"": 1.620873, ""C05"": 2.406305}","{""C01"": 0, ""C02"": 0, ""C03"": 0, ""C04"": 0, ""C05"": 1565}","{""C01"": 0.02538299860977901, ""C02"": 0.02538299860977901, ""C03"": 0.02538299860977901, ""C04"": 0.02538299860977901, ""C05"": 0.02447668039259176}"
41,41,1,25,0.035645,5,"{""C01"": 1.155401, ""C02"": 1.18054, ""C03"": 1.586444, ""C04"": 1.630233, ""C05"": 2.413863}","{""C01"": 0, ""C02"": 0, ""C03"": 0, ""C04"": 0, ""C05"": 1564}","{""C01"": 0.025385265712777674, ""C02"": 0.025385265712777674, ""C03"": 0.025385265712777674, ""C04"": 0.025385265712777674, ""C05"": 0.02447952601906803}"
42,42,1,26,0.035577,5,"{""C01"": 1.156559, ""C02"": 1.185585, ""C03"": 1.596241, ""C04"": 1.638499, ""C05"": 2.418688}","{""C01"": 0, ""C02"": 0, ""C03"": 0, ""C04"": 0, ""C05"": 1563}","{""C01"": 0.025386497031974195, ""C02"": 0.025386497031974195, ""C03"": 0.025386497031974195, ""C04"": 0.025386497031974195, ""C05"": 0.024481336471550322}"
43,43,1,26,0.036832,5,"{""C01"": 1.159193, ""C02"": 1.191545, ""C03"": 1.605888, ""C04"": 1.645232, ""C05"": 2.420609}","{""C01"": 0, ""C02"": 0, ""C03"": 0, ""C04"": 0, ""C05"": 1562}","{""C01"": 0.02538663661571576, ""C02"": 0.02538663661571576, ""C03"": 0.02538663661571576, ""C04"": 0.02538663661571576, ""C05"": 0.02448205583267156}"
44,44,1,26,0.035289,5,"{""C01"": 1.163182, ""C02"": 1.198091, ""C03"": 1.614855, ""C04"": 1.650082, ""C05"": 2.419627}","{""C01"": 0, ""C02"": 0, ""C03"": 0, ""C04"": 0, ""C05"": 1562}","{""C01"": 0.025386268615176802, ""C02"": 0.025386268615176802, ""C03"": 0.025386268615176802, ""C04"": 0.025386268615176802, ""C05"": 0.02448168804924293}"
45,45,1,26,0.035276,5,"{""C01"": 1.168315, ""C02"": 1.204855, ""C03"": 1.62265, ""C04"": 1.652812, ""C05"": 2.415915}","{""C01"": 0, ""C02"": 0, ""C03"": 0, ""C04"": 0, ""C05"": 1563}","{""C01"": 0.025385456398778455, ""C02"": 0.025385456398778455, ""C03"": 0.025385456398778455, ""C04"": 0.025385456398778455, ""C05"": 0.024480296451893886}"
46,46,1,26,0.035288,5,"{""C01"": 1.17431, ""C02"": 1.211452, ""C03"": 1.628847, ""C04"": 1.653313, ""C05"": 2.409808}","{""C01"": 0, ""C02"": 0, ""C03"": 0, ""C04"": 0, ""C05"": 1564}","{""C01"": 0.02538373938717635, ""C02"": 0.02538373938717635, ""C03"": 0.02538373938717635, ""C04"": 0.02538373938717635, ""C05"": 0.02447800059272529}"
47,47,1,26,0.035481,5,"{""C01"": 1.180827, ""C02"": 1.217506, ""C03"": 1.633116, ""C04"": 1.651609, ""C05"": 2.401781}","{""C01"": 0, ""C02"": 0, ""C03"": 0, ""C04"": 0, ""C05"": 1566}","{""C01"": 0.025381868941207572, ""C02"": 0.025381868941207572, ""C03"": 0.025381868941207572, ""C04"": 0.025381868941207572, ""C05"": 0.024474971530460767}"
48,48,1,26,0.035386,5,"{""C01"": 1.187493, ""C02"": 1.222671, ""C03"": 1.635246, ""C04"": 1.647859, ""C05"": 2.392426}","{""C01"": 0, ""C02"": 0, ""C03"": 0, ""C04"": 0, ""C05"": 1568}","{""C01"": 0.02537948006851433, ""C02"": 0.02537948006851433, ""C03"": 0.02537948006851433, ""C04"": 0.02537948006851433, ""C05"": 0.024471424346937345}"
49,49,1,26,0.035508,5,"{""C01"": 1.193922, ""C02"": 1.226656, ""C03"": 1.635151, ""C04"": 1.642344, ""C05"": 2.382406}","{""C01"": 0, ""C02"": 0, ""C03"": 0, ""C04"": 0, ""C05"": 1570}","{""C01"": 0.025376818546885158, ""C02"": 0.025376818546885158, ""C03"": 0.025376818546885158, ""C04"": 0.025376818546885158, ""C05"": 0.02446760467447697}"
50,50,1,26,0.035315,5,"{""C01"": 1.199741, ""C02"": 1.229239, ""C03"": 1.632883, ""C04"": 1.635451, ""C05"": 2.372424}","{""C01"": 0, ""C02"": 0, ""C03"": 0, ""C04"": 0, ""C05"": 1572}","{""C01"": 0.02537415043089547, ""C02"": 0.02537415043089547, ""C03"": 0.02537415043089547, ""C04"": 0.02537415043089547, ""C05"": 0.02446377841110844}"
51,51,1,26,0.035124,5,"{""C01"": 1.204614, ""C02"": 1.230286, ""C03"": 1.628625, ""C04"": 1.627653, ""C05"": 2.363173}","{""C01"": 0, ""C02"": 0, ""C03"": 0, ""C04"": 0, ""C05"": 1574}","{""C01"": 0.02537174375933343, ""C02"": 0.02537174375933343, ""C03"": 0.02537174375933343, ""C04"": 0.02537174375933343, ""C05"": 0.024460213438782717}"
52,52,1,26,0.035397,5,"{""C01"": 1.208262, ""C02"": 1.229754, ""C03"": 1.62268, ""C04"": 1.619471, ""C05"": 2.355296}","{""C01"": 0, ""C02"": 0, ""C03"": 0, ""C04"": 0, ""C05"": 1576}","{""C01"": 0.025369852430171855, ""C02"": 0.025369852430171855, ""C03"": 0.025369852430171855, ""C04"": 0.025369852430171855, ""C05"": 0.02445716350776001}"
53,53,1,26,0.035388,5,"{""C01"": 1.210479, ""C02"": 1.227699, ""C03"": 1.615455, ""C04"": 1.611453, ""C05"": 2.349345}","{""C01"": 0, ""C02"": 0, ""C03"": 0, ""C04"": 0, ""C05"": 1577}","{""C01"": 0.025368118057263606, ""C02"": 0.025368118057263606, ""C03"": 0.025368118057263606, ""C04"": 0.025368118057263606, ""C05"": 0.02445485029474102}"
54,54,1,26,0.036413,5,"{""C01"": 1.211148, ""C02"": 1.224269, ""C03"": 1.607433, ""C04"": 1.60413, ""C05"": 2.34575}","{""C01"": 0, ""C02"": 0, ""C03"": 0, ""C04"": 0, ""C05"": 1578}","{""C01"": 0.025367296358774896, ""C02"": 0.025367296358774896, ""C03"": 0.025367296358774896, ""C04"": 0.025367296358774896, ""C05"": 0.02445344922319638}"
55,55,1,26,0.036610,5,"{""C01"": 1.210246, ""C02"": 1.219696, ""C03"": 1.599144, ""C04"": 1.597988, ""C05"": 2.344789}","{""C01"": 0, ""C02"": 0, ""C03"": 0, ""C04"": 0, ""C05"": 1578}","{""C01"": 0.025366921080549443, ""C02"": 0.025366921080549443, ""C03"": 0.025366921080549443, ""C04"": 0.025366921080549443, ""C05"": 0.024453074163934357}"
56,56,1,26,0.036595,5,"{""C01"": 1.207847, ""C02"": 1.214281, ""C03"": 1.591133, ""C04"": 1.59344, ""C05"": 2.346573}","{""C01"": 0, ""C02"": 0, ""C03"": 0, ""C04"": 0, ""C05"": 1578}","{""C01"": 0.02536761756841191, ""C02"": 0.02536761756841191, ""C03"": 0.02536761756841191, ""C04"": 0.02536761756841191, ""C05"": 0.024453770245414314}"
57,57,1,26,0.035616,5,"{""C01"": 1.204117, ""C02"": 1.208379, ""C03"": 1.583925, ""C04"": 1.590796, ""C05"": 2.351037}","{""C01"": 0, ""C02"": 0, ""C03"": 0, ""C04"": 0, ""C05"": 1577}","{""C01"": 0.02536877696910611, ""C02"": 0.02536877696910611, ""C03"": 0.02536877696910611, ""C04"": 0.02536877696910611, ""C05"": 0.024455508821860938}"
58,58,1,26,0.035334,5,"{""C01"": 1.199302, ""C02"": 1.202371, ""C03"": 1.577994, ""C04"": 1.590245, ""C05"": 2.357949}","{""C01"": 0, ""C02"": 0, ""C03"": 0, ""C04"": 0, ""C05"": 1575}","{""C01"": 0.025370301480082402, ""C02"": 0.025370301480082402, ""C03"": 0.025370301480082402, ""C04"": 0.025370301480082402, ""C05"": 0.024458192148854963}"
59,59,1,25,0.033995,5,"{""C01"": 1.193717, ""C02"": 1.196645, ""C03"": 1.573733, ""C04"": 1.591845, ""C05"": 2.36692}","{""C01"": 0, ""C02"": 0, ""C03"": 0, ""C04"": 0, ""C05"": 1573}","{""C01"": 0.02537261049706631, ""C02"": 0.02537261049706631, ""C03"": 0.02537261049706631, ""C04"": 0.02537261049706631, ""C05"": 0.024461659523967214}"
60,60,1,25,0.033950,5,"{""C01"": 1.187722, ""C02"": 1.19157, ""C03"": 1.571429, ""C04"": 1.595519, ""C05"": 2.377431}","{""C01"": 0, ""C02"": 0, ""C03"": 0, ""C04"": 0, ""C05"": 1571}","{""C01"": 0.025375493270712104, ""C02"": 0.025375493270712104, ""C03"": 0.025375493270712104, ""C04"": 0.025375493270712104, ""C05"": 0.024465700319518342}"
61,61,1,25,0.034112,5,"{""C01"": 1.181701, ""C02"": 1.187474, ""C03"": 1.571244, ""C04"": 1.601059, ""C05"": 2.388864}","{""C01"": 0, ""C02"": 0, ""C03"": 0, ""C04"": 0, ""C05"": 1569}","{""C01"": 0.025378704087952814, ""C02"": 0.025378704087952814, ""C03"": 0.025378704087952814, ""C04"": 0.025378704087952814, ""C05"": 0.024470068965287115}"
62,62,1,25,0.033892,5,"{""C01"": 1.176042, ""C02"": 1.184624, ""C03"": 1.573211, ""C04"": 1.60814, ""C05"": 2.40054}","{""C01"": 0, ""C02"": 0, ""C03"": 0, ""C04"": 0, ""C05"": 1566}","{""C01"": 0.025381399061326568, ""C02"": 0.025381399061326568, ""C03"": 0.025381399061326568, ""C04"": 0.025381399061326568, ""C05"": 0.02447450192702663}"
63,63,1,25,0.035875,5,"{""C01"": 1.171106, ""C02"": 1.183207, ""C03"": 1.577224, ""C04"": 1.616339, ""C05"": 2.411766}","{""C01"": 0, ""C02"": 0, ""C03"": 0, ""C04"": 0, ""C05"": 1564}","{""C01"": 0.025384476857931645, ""C02"": 0.025384476857931645, ""C03"": 0.025384476857931645, ""C04"": 0.025384476857931645, ""C05"": 0.024478737628996137}"
64,64,1,25,0.040902,5,"{""C01"": 1.16721, ""C02"": 1.183322, ""C03"": 1.583051, ""C04"": 1.625163, ""C05"": 2.421871}","{""C01"": 0, ""C02"": 0, ""C03"": 0, ""C04"": 0, ""C05"": 1562}","{""C01"": 0.025387109224939558, ""C02"": 0.025387109224939558, ""C03"": 0.025387109224939558, ""C04"": 0.025387109224939558, ""C05"": 0.02448252816306319}"
65,65,1,25,0.035329,5,"{""C01"": 1.164605, ""C02"": 1.18497, ""C03"": 1.590345, ""C04"": 1.63408, ""C05"": 2.430254}","{""C01"": 0, ""C02"": 0, ""C03"": 0, ""C04"": 0, ""C05"": 1560}","{""C01"": 0.025389079394239927, ""C02"": 0.025389079394239927, ""C03"": 0.025389079394239927, ""C04"": 0.025389079394239927, ""C05"": 0.024485656890287415}"
66,66,1,25,0.035320,5,"{""C01"": 1.163464, ""C02"": 1.188057, ""C03"": 1.598666, ""C04"": 1.642548, ""C05"": 2.43642}","{""C01"": 0, ""C02"": 0, ""C03"": 0, ""C04"": 0, ""C05"": 1559}","{""C01"": 0.025390792933761203, ""C02"": 0.025390792933761203, ""C03"": 0.025390792933761203, ""C04"": 0.025390792933761203, ""C05"": 0.024487949278364847}"
67,67,1,25,0.059612,5,"{""C01"": 1.163863, ""C02"": 1.1924, ""C03"": 1.607511, ""C04"": 1.650055, ""C05"": 2.440008}","{""C01"": 0, ""C02"": 0, ""C03"": 0, ""C04"": 0, ""C05"": 1558}","{""C01"": 0.02539154381344655, ""C02"": 0.02539154381344655, ""C03"": 0.02539154381344655, ""C04"": 0.02539154381344655, ""C05"": 0.024489279575727555}"
68,68,1,26,0.038260,5,"{""C01"": 1.165786, ""C02"": 1.197737, ""C03"": 1.616342, ""C04"": 1.656147, ""C05"": 2.440816}","{""C01"": 0, ""C02"": 0, ""C03"": 0, ""C04"": 0, ""C05"": 1558}","{""C01"": 0.025391843289839025, ""C02"": 0.025391843289839025, ""C03"": 0.025391843289839025, ""C04"": 0.025391843289839025, ""C05"": 0.024489578874940635}"
69,69,1,26,0.035459,5,"{""C01"": 1.169121, ""C02"": 1.203742, ""C03"": 1.624622, ""C04"": 1.660456, ""C05"": 2.438814}","{""C01"": 0, ""C02"": 0, ""C03"": 0, ""C04"": 0, ""C05"": 1558}","{""C01"": 0.025391101004963376, ""C02"": 0.025391101004963376, ""C03"": 0.025391101004963376, ""C04"": 0.025391101004963376, ""C05"": 0.024488837029218866}"
70,70,1,26,0.035523,5,"{""C01"": 1.173666, ""C02"": 1.210048, ""C03"": 1.631847, ""C04"": 1.662725, ""C05"": 2.434146}","{""C01"": 0, ""C02"": 0, ""C03"": 0, ""C04"": 0, ""C05"": 1559}","{""C01"": 0.02538994775534524, ""C02"": 0.02538994775534524, ""C03"": 0.02538994775534524, ""C04"": 0.02538994775534524, ""C05"": 0.02448710459963114}"
71,71,1,26,0.035461,5,"{""C01"": 1.179146, ""C02"": 1.216269, ""C03"": 1.637578, ""C04"": 1.662824, ""C05"": 2.427119}","{""C01"": 0, ""C02"": 0, ""C03"": 0, ""C04"": 0, ""C05"": 1561}","{""C01"": 0.025388490588326443, ""C02"": 0.025388490588326443, ""C03"": 0.025388490588326443, ""C04"": 0.025388490588326443, ""C05"": 0.02448448857135908}"
72,72,1,26,0.035435,5,"{""C01"": 1.185224, ""C02"": 1.222025, ""C03"": 1.641467, ""C04"": 1.660756, ""C05"": 2.418186}","{""C01"": 0, ""C02"": 0, ""C03"": 0, ""C04"": 0, ""C05"": 1563}","{""C01"": 0.025386308773982, ""C02"": 0.025386308773982, ""C03"": 0.025386308773982, ""C04"": 0.025386308773982, ""C05"": 0.024481148324554006}"
73,73,1,26,0.035455,5,"{""C01"": 1.191528, ""C02"": 1.226963, ""C03"": 1.643282, ""C04"": 1.656657, ""C05"": 2.407919}","{""C01"": 0, ""C02"": 0, ""C03"": 0, ""C04"": 0, ""C05"": 1565}","{""C01"": 0.025383607691668433, ""C02"": 0.025383607691668433, ""C03"": 0.025383607691668433, ""C04"": 0.025383607691668433, ""C05"": 0.024477289115880367}"
74,74,1,26,0.035458,5,"{""C01"": 1.197671, ""C02"": 1.23078, ""C03"": 1.642918, ""C04"": 1.650791, ""C05"": 2.396969}","{""C01"": 0, ""C02"": 0, ""C03"": 0, ""C04"": 0, ""C05"": 1567}","{""C01"": 0.025380625744573518, ""C02"": 0.025380625744573518, ""C03"": 0.025380625744573518, ""C04"": 0.025380625744573518, ""C05"": 0.0244731492070753}"
75,75,1,26,0.035297,5,"{""C01"": 1.203277, ""C02"": 1.233243, ""C03"": 1.640405, ""C04"": 1.64353, ""C05"": 2.38603}","{""C01"": 0, ""C02"": 0, ""C03"": 0, ""C04"": 0, ""C05"": 1569}","{""C01"": 0.02537762298748658, ""C02"": 0.02537762298748658, ""C03"": 0.02537762298748658, ""C04"": 0.02537762298748658, ""C05"": 0.02446898849955244}"
76,76,1,26,0.035340,5,"{""C01"": 1.207999, ""C02"": 1.234205, ""C03"": 1.635906, ""C04"": 1.635333, ""C05"": 2.375795}","{""C01"": 0, ""C02"": 0, ""C03"": 0, ""C04"": 0, ""C05"": 1571}","{""C01"": 0.025374865385519516, ""C02"": 0.025374865385519516, ""C03"": 0.025374865385519516, ""C04"": 0.025374865385519516, ""C05"": 0.02446507280244712}"
77,77,1,26,0.035116,5,"{""C01"": 1.21155, ""C02"": 1.233608, ""C03"": 1.629708, ""C04"": 1.626715, ""C05"": 2.366911}","{""C01"": 0, ""C02"": 0, ""C03"": 0, ""C04"": 0, ""C05"": 1573}","{""C01"": 0.02537260702427313, ""C02"": 0.02537260702427313, ""C03"": 0.02537260702427313, ""C04"": 0.02537260702427313, ""C05"": 0.024461656053207367}"
78,78,1,26,0.035128,5,"{""C01"": 1.213711, ""C02"": 1.231494, ""C03"": 1.622202, ""C04"": 1.61822, ""C05"": 2.359941}","{""C01"": 0, ""C02"": 0, ""C03"": 0, ""C04"": 0, ""C05"": 1575}","{""C01"": 0.02537107346985809, ""C02"": 0.02537107346985809, ""C03"": 0.02537107346985809, ""C04"": 0.02537107346985809, ""C05"": 0.024458963687265665}"
79,79,1,26,0.035137,5,"{""C01"": 1.214351, ""C02"": 1.227998, ""C03"": 1.613861, ""C04"": 1.61038, ""C05"": 2.35533}","{""C01"": 0, ""C02"": 0, ""C03"": 0, ""C04"": 0, ""C05"": 1576}","{""C01"": 0.02536986563253356, ""C02"": 0.02536986563253356, ""C03"": 0.02536986563253356, ""C04"": 0.02536986563253356, ""C05"": 0.02445717670240776}"
80,80,1,26,0.035270,5,"{""C01"": 1.213435, ""C02"": 1.223339, ""C03"": 1.605208, ""C04"": 1.603688, ""C05"": 2.353371}","{""C01"": 0, ""C02"": 0, ""C03"": 0, ""C04"": 0, ""C05"": 1576}","{""C01"": 0.02536910448910465, ""C02"": 0.02536910448910465, ""C03"": 0.02536910448910465, ""C04"": 0.02536910448910465, ""C05"": 0.024456416003695323}"
81,81,1,26,0.035276,5,"{""C01"": 1.211022, ""C02"": 1.217811, ""C03"": 1.596787, ""C04"": 1.598566, ""C05"": 2.354196}","{""C01"": 0, ""C02"": 0, ""C03"": 0, ""C04"": 0, ""C05"": 1576}","{""C01"": 0.025369425144672747, ""C02"": 0.025369425144672747, ""C03"": 0.025369425144672747, ""C04"": 0.025369425144672747, ""C05"": 0.024456736471914577}"
82,82,1,26,0.035228,5,"{""C01"": 1.207264, ""C02"": 1.211761, ""C03"": 1.589125, ""C04"": 1.595336, ""C05"": 2.357762}","{""C01"": 0, ""C02"": 0, ""C03"": 0, ""C04"": 0, ""C05"": 1575}","{""C01"": 0.025370228960238023, ""C02"": 0.025370228960238023, ""C03"": 0.025370228960238023, ""C04"": 0.025370228960238023, ""C05"": 0.024458119671410584}"
83,83,1,26,0.035554,5,"{""C01"": 1.202399, ""C02"": 1.205566, ""C03"": 1.582703, ""C04"": 1.594204, ""C05"": 2.363854}","{""C01"": 0, ""C02"": 0, ""C03"": 0, ""C04"": 0, ""C05"": 1574}","{""C01"": 0.02537200700963911, ""C02"": 0.02537200700963911, ""C03"": 0.02537200700963911, ""C04"": 0.02537200700963911, ""C05"": 0.024460476535065726}"
84,84,1,26,0.035854,5,"{""C01"": 1.19673, ""C02"": 1.199615, ""C03"": 1.577925, ""C04"": 1.595243, ""C05"": 2.3721}","{""C01"": 0, ""C02"": 0, ""C03"": 0, ""C04"": 0, ""C05"": 1572}","{""C01"": 0.02537402578523172, ""C02"": 0.02537402578523172, ""C03"": 0.02537402578523172, ""C04"": 0.02537402578523172, ""C05"": 0.024463653838472734}"
85,85,1,25,0.034715,5,"{""C01"": 1.190613, ""C02"": 1.194279, ""C03"": 1.575091, ""C04"": 1.598394, ""C05"": 2.381994}","{""C01"": 0, ""C02"": 0, ""C03"": 0, ""C04"": 0, ""C05"": 1570}","{""C01"": 0.02537666091945992, ""C02"": 0.02537666091945992, ""C03"": 0.02537666091945992, ""C04"": 0.02537666091945992, ""C05"": 0.024467447139532257}"
86,86,1,25,0.034006,5,"{""C01"": 1.18443, ""C02"": 1.189893, ""C03"": 1.574381, ""C04"": 1.603463, ""C05"": 2.392927}","{""C01"": 0, ""C02"": 0, ""C03"": 0, ""C04"": 0, ""C05"": 1568}","{""C01"": 0.025379670633526266, ""C02"": 0.025379670633526266, ""C03"": 0.025379670633526266, ""C04"": 0.025379670633526266, ""C05"": 0.02447161479998676}"
87,87,1,25,0.033993,5,"{""C01"": 1.178567, ""C02"": 1.186731, ""C03"": 1.575842, ""C04"": 1.610139, ""C05"": 2.404224}","{""C01"": 0, ""C02"": 0, ""C03"": 0, ""C04"": 0, ""C05"": 1566}","{""C01"": 0.02538279289870675, ""C02"": 0.02538279289870675, ""C03"": 0.02538279289870675, ""C04"": 0.02538279289870675, ""C05"": 0.024475894944345707}"
88,88,1,25,0.033798,5,"{""C01"": 1.173391, ""C02"": 1.184992, ""C03"": 1.579386, ""C04"": 1.618009, ""C05"": 2.415189}","{""C01"": 0, ""C02"": 0, ""C03"": 0, ""C04"": 0, ""C05"": 1563}","{""C01"": 0.025385183661951374, ""C02"": 0.025385183661951374, ""C03"": 0.025385183661951374, ""C04"": 0.025385183661951374, ""C05"": 0.024480023875862848}"
89,89,1,25,0.047098,5,"{""C01"": 1.169225, ""C02"": 1.184785, ""C03"": 1.584797, ""C04"": 1.626587, ""C05"": 2.425144}","{""C01"": 0, ""C02"": 0, ""C03"": 0, ""C04"": 0, ""C05"": 1561}","{""C01"": 0.02538775292618828, ""C02"": 0.02538775292618828, ""C03"": 0.02538775292618828, ""C04"": 0.02538775292618828, ""C05"": 0.024483751344734}"
90,90,1,25,0.056820,5,"{""C01"": 1.166329, ""C02"": 1.186124, ""C03"": 1.591739, ""C04"": 1.635342, ""C05"": 2.433475}","{""C01"": 0, ""C02"": 0, ""C03"": 0, ""C04"": 0, ""C05"": 1560}","{""C01"": 0.0253902786497696, ""C02"": 0.0253902786497696, ""C03"": 0.0253902786497696, ""C04"": 0.0253902786497696, ""C05"": 0.024486855437275988}"
91,91,1,25,0.036693,5,"{""C01"": 1.164886, ""C02"": 1.188929, ""C03"": 1.599784, ""C04"": 1.643733, ""C05"": 2.439669}","{""C01"": 0, ""C02"": 0, ""C03"": 0, ""C04"": 0, ""C05"": 1558}","{""C01"": 0.025391418123633033, ""C02"": 0.025391418123633033, ""C03"": 0.025391418123633033, ""C04"": 0.025391418123633033, ""C05"": 0.024489153960275265}"
92,92,1,26,0.035346,5,"{""C01"": 1.164986, ""C02"": 1.193025, ""C03"": 1.608434, ""C04"": 1.651239, ""C05"": 2.443343}","{""C01"": 0, ""C02"": 0, ""C03"": 0, ""C04"": 0, ""C05"": 1558}","{""C01"": 0.025392778960572168, ""C02"": 0.025392778960572168, ""C03"": 0.025392778960572168, ""C04"": 0.025392778960572168, ""C05"": 0.02449051399208631}"
93,93,1,26,0.036296,5,"{""C01"": 1.166624, ""C02"": 1.19816, ""C03"": 1.617153, ""C04"": 1.657397, ""C05"": 2.444274}","{""C01"": 0, ""C02"": 0, ""C03"": 0, ""C04"": 0, ""C05"": 1557}","{""C01"": 0.025392542916355954, ""C02"": 0.025392542916355954, ""C03"": 0.025392542916355954, ""C04"": 0.025392542916355954, ""C05"": 0.02449085794972737}"
94,94,1,26,0.036295,5,"{""C01"": 1.1697, ""C02"": 1.204015, ""C03"": 1.625401, ""C04"": 1.661825, ""C05"": 2.442406}","{""C01"": 0, ""C02"": 0, ""C03"": 0, ""C04"": 0, ""C05"": 1558}","{""C01"": 0.02539243218318861, ""C02"": 0.02539243218318861, ""C03"": 0.02539243218318861, ""C04"": 0.02539243218318861, ""C05"": 0.02449016741987563}"
95,95,1,26,0.035575,5,"{""C01"": 1.174024, ""C02"": 1.210228, ""C03"": 1.632667, ""C04"": 1.664249, ""C05"": 2.437859}","{""C01"": 0, ""C02"": 0, ""C03"": 0, ""C04"": 0, ""C05"": 1559}","{""C01"": 0.02539132717214132, ""C02"": 0.02539132717214132, ""C03"": 0.02539132717214132, ""C04"": 0.02539132717214132, ""C05"": 0.024488483200884918}"
96,96,1,26,0.035640,5,"{""C01"": 1.179327, ""C02"": 1.216413, ""C03"": 1.638501, ""C04"": 1.664522, ""C05"": 2.430919}","{""C01"": 0, ""C02"": 0, ""C03"": 0, ""C04"": 0, ""C05"": 1560}","{""C01"": 0.025389327179879267, ""C02"": 0.025389327179879267, ""C03"": 0.025389327179879267, ""C04"": 0.025389327179879267, ""C05"": 0.024485904529533982}"
97,97,1,26,0.035665,5,"{""C01"": 1.185281, ""C02"": 1.222186, ""C03"": 1.642542, ""C04"": 1.662626, ""C05"": 2.422019}","{""C01"": 0, ""C02"": 0, ""C03"": 0, ""C04"": 0, ""C05"": 1562}","{""C01"": 0.025387164626218164, ""C02"": 0.025387164626218164, ""C03"": 0.025387164626218164, ""C04"": 0.025387164626218164, ""C05"": 0.02448258353165557}"
98,98,1,26,0.035546,5,"{""C01"": 1.191516, ""C02"": 1.22719, ""C03"": 1.644539, ""C04"": 1.658683, ""C05"": 2.411717}","{""C01"": 0, ""C02"": 0, ""C03"": 0, ""C04"": 0, ""C05"": 1564}","{""C01"": 0.02538445841300377, ""C02"": 0.02538445841300377, ""C03"": 0.02538445841300377, ""C04"": 0.02538445841300377, ""C05"": 0.024478719194935442}"
99,99,1,26,0.035469,5,"{""C01"": 1.197646, ""C02"": 1.231114, ""C03"": 1.644371, ""C04"": 1.652938, ""C05"": 2.400653}","{""C01"": 0, ""C02"": 0, ""C03"": 0, ""C04"": 0, ""C05"": 1566}","{""C01"": 0.025381441861207124, ""C02"": 0.025381441861207124, ""C03"": 0.025381441861207124, ""C04"": 0.025381441861207124, ""C05"": 0.02447454470172662}"
100,100,1,26,0.035524,5,"{""C01"": 1.203291, ""C02"": 1.233715, ""C03"": 1.642048, ""C04"": 1.645749, ""C05"": 2.38952}","{""C01"": 0, ""C02"": 0, ""C03"": 0, ""C04"": 0, ""C05"": 1569}","{""C01"": 0.025378954068585508, ""C02"": 0.025378954068585508, ""C03"": 0.025378954068585508, ""C04"": 0.025378954068585508, ""C05"": 0.02447031879914763}"
1,1,1,224,0.311942,5,"{""C01"": 1.452761, ""C02"": 1.647307, ""C03"": 1.595779, ""C04"": 1.609857, ""C05"": 1.309651}","{""C01"": 0, ""C02"": 1762, ""C03"": 0, ""C04"": 0, ""C05"": 0}","{""C01"": 0.02513170255345136, ""C02"": 0.02411129980207393, ""C03"": 0.02513170255345136, ""C04"": 0.02513170255345136, ""C05"": 0.02513170255345136}"
2,2,1,188,0.261795,5,"{""C01"": 1.46547, ""C02"": 1.654449, ""C03"": 1.59614, ""C04"": 1.609623, ""C05"": 1.350688}","{""C01"": 0, ""C02"": 1760, ""C03"": 0, ""C04"": 0, ""C05"": 0}","{""C01"": 0.025134966317024054, ""C02"": 0.024115721245588626, ""C03"": 0.025134966317024054, ""C04"": 0.025134966317024054, ""C05"": 0.025134966317024054}"
3,3,1,201,0.295920,5,"{""C01"": 1.464076, ""C02"": 1.699544, ""C03"": 1.656857, ""C04"": 1.627574, ""C05"": 1.356785}","{""C01"": 0, ""C02"": 1745, ""C03"": 0, ""C04"": 0, ""C05"": 0}","{""C01"": 0.025153628441452774, ""C02"": 0.02414307047248102, ""C03"": 0.025153628441452774, ""C04"": 0.025153628441452774, ""C05"": 0.025153628441452774}"
4,4,1,209,0.302591,5,"{""C01"": 1.515581, ""C02"": 1.700728, ""C03"": 1.658834, ""C04"": 1.626659, ""C05"": 1.38765}","{""C01"": 0, ""C02"": 1745, ""C03"": 0, ""C04"": 0, ""C05"": 0}","{""C01"": 0.025154334298938444, ""C02"": 0.02414377577708274, ""C03"": 0.025154334298938444, ""C04"": 0.025154334298938444, ""C05"": 0.025154334298938444}"
5,5,1,153,0.211923,5,"{""C01"": 1.535144, ""C02"": 1.721754, ""C03"": 1.657319, ""C04"": 1.663467, ""C05"": 1.417661}","{""C01"": 0, ""C02"": 1738, ""C03"": 0, ""C04"": 0, ""C05"": 0}","{""C01"": 0.025162696901049816, ""C02"": 0.024156192627891676, ""C03"": 0.025162696901049816, ""C04"": 0.025162696901049816, ""C05"": 0.025162696901049816}"
6,6,1,321,0.441763,5,"{""C01"": 1.524145, ""C02"": 1.743344, ""C03"": 1.687827, ""C04"": 1.718964, ""C05"": 1.414805}","{""C01"": 0, ""C02"": 1731, ""C03"": 0, ""C04"": 0, ""C05"": 0}","{""C01"": 0.025171187123339114, ""C02"": 0.024168736998798675, ""C03"": 0.025171187123339114, ""C04"": 0.025171187123339114, ""C05"": 0.025171187123339114}"
7,7,1,160,0.220792,5,"{""C01"": 1.546136, ""C02"": 1.750767, ""C03"": 1.692394, ""C04"": 1.695005, ""C05"": 1.421525}","{""C01"": 0, ""C02"": 1729, ""C03"": 0, ""C04"": 0, ""C05"": 0}","{""C01"": 0.025174295379392572, ""C02"": 0.024173003042982096, ""C03"": 0.025174295379392572, ""C04"": 0.025174295379392572, ""C05"": 0.025174295379392572}"
8,8,1,469,0.675086,5,"{""C01"": 1.582138, ""C02"": 1.722103, ""C03"": 1.702726, ""C04"": 1.704169, ""C05"": 1.455409}","{""C01"": 0, ""C02"": 1738, ""C03"": 0, ""C04"": 0, ""C05"": 0}","{""C01"": 0.025162901513466285, ""C02"": 0.02415639707932704, ""C03"": 0.025162901513466285, ""C04"": 0.025162901513466285, ""C05"": 0.025162901513466285}"
9,9,1,120,0.165890,5,"{""C01"": 1.571177, ""C02"": 1.801652, ""C03"": 1.704468, ""C04"": 1.720295, ""C05"": 1.455079}","{""C01"": 0, ""C02"": 1714, ""C03"": 0, ""C04"": 0, ""C05"": 0}","{""C01"": 0.025194226639972214, ""C02"": 0.024201620370760454, ""C03"": 0.025194226639972214, ""C04"": 0.025194226639972214, ""C05"": 0.025194226639972214}"
10,10,1,184,0.213114,5,"{""C01"": 1.561059, ""C02"": 1.76184, ""C03"": 1.710703, ""C04"": 1.704573, ""C05"": 1.453055}","{""C01"": 0, ""C02"": 1726, ""C03"": 0, ""C04"": 0, ""C05"": 0}","{""C01"": 0.02517887831154339, ""C02"": 0.024179322717691465, ""C03"": 0.02517887831154339, ""C04"": 0.02517887831154339, ""C05"": 0.02517887831154339}"
11,11,1,179,0.144313,5,"{""C01"": 1.573881, ""C02"": 1.767308, ""C03"": 1.717202, ""C04"": 1.704829, ""C05"": 1.461375}","{""C01"": 0, ""C02"": 1724, ""C03"": 0, ""C04"": 0, ""C05"": 0}","{""C01"": 0.025180821055185224, ""C02"": 0.024182424171269097, ""C03"": 0.025180821055185224, ""C04"": 0.025180821055185224, ""C05"": 0.025180821055185224}"
12,12,1,82,0.068042,5,"{""C01"": 1.572296, ""C02"": 1.83042, ""C03"": 1.697827, ""C04"": 1.673399, ""C05"": 1.457753}","{""C01"": 0, ""C02"": 1705, ""C03"": 0, ""C04"": 0, ""C05"": 0}","{""C01"": 0.0252047270059354, ""C02"": 0.02421733353577482, ""C03"": 0.0252047270059354, ""C04"": 0.0252047270059354, ""C05"": 0.0252047270059354}"
13,13,1,161,0.137439,5,"{""C01"": 1.616058, ""C02"": 1.790856, ""C03"": 1.733791, ""C04"": 1.674398, ""C05"": 1.433572}","{""C01"": 0, ""C02"": 1717, ""C03"": 0, ""C04"": 0, ""C05"": 0}","{""C01"": 0.02518998149312046, ""C02"": 0.02419563821910226, ""C03"": 0.02518998149312046, ""C04"": 0.02518998149312046, ""C05"": 0.02518998149312046}"
14,14,1,148,0.120570,5,"{""C01"": 1.601512, ""C02"": 1.782315, ""C03"": 1.717832, ""C04"": 1.703589, ""C05"": 1.462034}","{""C01"": 0, ""C02"": 1719, ""C03"": 0, ""C04"": 0, ""C05"": 0}","{""C01"": 0.025186372424510994, ""C02"": 0.024190871766568336, ""C03"": 0.025186372424510994, ""C04"": 0.025186372424510994, ""C05"": 0.025186372424510994}"
15,15,1,126,0.111943,5,"{""C01"": 1.566275, ""C02"": 1.815507, ""C03"": 1.737848, ""C04"": 1.682099, ""C05"": 1.449385}","{""C01"": 0, ""C02"": 1709, ""C03"": 0, ""C04"": 0, ""C05"": 0}","{""C01"": 0.02519893803566546, ""C02"": 0.024209228664875845, ""C03"": 0.02519893803566546, ""C04"": 0.02519893803566546, ""C05"": 0.02519893803566546}"
16,16,1,224,0.190763,5,"{""C01"": 1.574973, ""C02"": 1.778213, ""C03"": 1.736949, ""C04"": 1.687241, ""C05"": 1.445524}","{""C01"": 0, ""C02"": 1721, ""C03"": 0, ""C04"": 0, ""C05"": 0}","{""C01"": 0.02518523216603198, ""C02"": 0.024188572158188856, ""C03"": 0.02518523216603198, ""C04"": 0.02518523216603198, ""C05"": 0.02518523216603198}"
17,17,1,152,0.121750,5,"{""C01"": 1.5978, ""C02"": 1.770201, ""C03"": 1.700288, ""C04"": 1.708303, ""C05"": 1.418208}","{""C01"": 0, ""C02"": 1723, ""C03"": 0, ""C04"": 0, ""C05"": 0}","{""C01"": 0.025181877580712914, ""C02"": 0.02418405998448355, ""C03"": 0.025181877580712914, ""C04"": 0.025181877580712914, ""C05"": 0.025181877580712914}"
18,18,1,177,0.141813,5,"{""C01"": 1.608947, ""C02"": 1.766447, ""C03"": 1.714282, ""C04"": 1.707145, ""C05"": 1.457619}","{""C01"": 0, ""C02"": 1724, ""C03"": 0, ""C04"": 0, ""C05"": 0}","{""C01"": 0.025180333063213933, ""C02"": 0.02418193656667219, ""C03"": 0.025180333063213933, ""C04"": 0.025180333063213933, ""C05"": 0.025180333063213933}"
19,19,1,111,0.090502,5,"{""C01"": 1.577154, ""C02"": 1.779713, ""C03"": 1.691392, ""C04"": 1.669565, ""C05"": 1.427949}","{""C01"": 0, ""C02"": 1720, ""C03"": 0, ""C04"": 0, ""C05"": 0}","{""C01"": 0.02518549392664117, ""C02"": 0.02418941383884572, ""C03"": 0.02518549392664117, ""C04"": 0.02518549392664117, ""C05"": 0.02518549392664117}"
20,20,1,463,0.368402,5,"{""C01"": 1.563813, ""C02"": 1.754736, ""C03"": 1.73717, ""C04"": 1.719378, ""C05"": 1.416535}","{""C01"": 0, ""C02"": 1728, ""C03"": 0, ""C04"": 0, ""C05"": 0}","{""C01"": 0.025175987861246363, ""C02"": 0.02417527430882677, ""C03"": 0.025175987861246363, ""C04"": 0.025175987861246363, ""C05"": 0.025175987861246363}"
21,21,1,281,0.222579,5,"{""C01"": 1.596699, ""C02"": 1.736116, ""C03"": 1.703037, ""C04"": 1.688113, ""C05"": 1.423322}","{""C01"": 0, ""C02"": 1734, ""C03"": 0, ""C04"": 0, ""C05"": 0}","{""C01"": 0.025168748874881144, ""C02"": 0.024164560311231004, ""C03"": 0.025168748874881144, ""C04"": 0.025168748874881144, ""C05"": 0.025168748874881144}"
22,22,1,113,0.089800,5,"{""C01"": 1.61069, ""C02"": 1.79951, ""C03"": 1.71173, ""C04"": 1.703388, ""C05"": 1.433829}","{""C01"": 0, ""C02"": 1714, ""C03"": 0, ""C04"": 0, ""C05"": 0}","{""C01"": 0.025193042432292465, ""C02"": 0.024200437109184316, ""C03"": 0.025193042432292465, ""C04"": 0.025193042432292465, ""C05"": 0.025193042432292465}"
23,23,1,458,0.384076,5,"{""C01"": 1.552211, ""C02"": 1.745057, ""C03"": 1.727413, ""C04"": 1.69706, ""C05"": 1.427224}","{""C01"": 0, ""C02"": 1731, ""C03"": 0, ""C04"": 0, ""C05"": 0}","{""C01"": 0.02517217461886921, ""C02"": 0.02416972371393827, ""C03"": 0.02517217461886921, ""C04"": 0.02517217461886921, ""C05"": 0.02517217461886921}"
24,24,1,112,0.092104,5,"{""C01"": 1.570495, ""C02"": 1.791601, ""C03"": 1.703551, ""C04"": 1.70336, ""C05"": 1.427623}","{""C01"": 0, ""C02"": 1717, ""C03"": 0, ""C04"": 0, ""C05"": 0}","{""C01"": 0.025190396172795768, ""C02"": 0.024196052568108282, ""C03"": 0.025190396172795768, ""C04"": 0.025190396172795768, ""C05"": 0.025190396172795768}"
25,25,1,161,0.134992,5,"{""C01"": 1.587054, ""C02"": 1.776005, ""C03"": 1.719474, ""C04"": 1.701087, ""C05"": 1.430701}","{""C01"": 0, ""C02"": 1721, ""C03"": 0, ""C04"": 0, ""C05"": 0}","{""C01"": 0.02518399022458205, ""C02"": 0.024187331204513995, ""C03"": 0.02518399022458205, ""C04"": 0.02518399022458205, ""C05"": 0.02518399022458205}"
26,26,1,116,0.093027,5,"{""C01"": 1.581702, ""C02"": 1.798475, ""C03"": 1.68439, ""C04"": 1.714456, ""C05"": 1.444655}","{""C01"": 0, ""C02"": 1715, ""C03"": 0, ""C04"": 0, ""C05"": 0}","{""C01"": 0.025193050336741102, ""C02"": 0.024199864875514426, ""C03"": 0.025193050336741102, ""C04"": 0.025193050336741102, ""C05"": 0.025193050336741102}"
27,27,1,124,0.097792,5,"{""C01"": 1.613653, ""C02"": 1.820866, ""C03"": 1.710317, ""C04"": 1.740968, ""C05"": 1.442304}","{""C01"": 0, ""C02"": 1708, ""C03"": 0, ""C04"": 0, ""C05"": 0}","{""C01"": 0.025201282440148798, ""C02"": 0.024212151325353173, ""C03"": 0.025201282440148798, ""C04"": 0.025201282440148798, ""C05"": 0.025201282440148798}"
28,28,1,134,0.106011,5,"{""C01"": 1.613871, ""C02"": 1.811061, ""C03"": 1.738213, ""C04"": 1.70872, ""C05"": 1.465933}","{""C01"": 0, ""C02"": 1711, ""C03"": 0, ""C04"": 0, ""C05"": 0}","{""C01"": 0.025197664285357857, ""C02"": 0.02420679566544862, ""C03"": 0.025197664285357857, ""C04"": 0.025197664285357857, ""C05"": 0.025197664285357857}"
29,29,1,182,0.143170,5,"{""C01"": 1.626271, ""C02"": 1.779854, ""C03"": 1.728571, ""C04"": 1.724724, ""C05"": 1.459354}","{""C01"": 0, ""C02"": 1720, ""C03"": 0, ""C04"": 0, ""C05"": 0}","{""C01"": 0.02518557308283606, ""C02"": 0.02418949293204471, ""C03"": 0.02518557308283606, ""C04"": 0.02518557308283606, ""C05"": 0.02518557308283606}"
30,30,1,99,0.079643,5,"{""C01"": 1.589825, ""C02"": 1.857115, ""C03"": 1.751755, ""C04"": 1.720697, ""C05"": 1.460144}","{""C01"": 0, ""C02"": 1697, ""C03"": 0, ""C04"": 0, ""C05"": 0}","{""C01"": 0.025214387017138726, ""C02"": 0.024231626885528847, ""C03"": 0.025214387017138726, ""C04"": 0.025214387017138726, ""C05"": 0.025214387017138726}"
31,31,1,105,0.083194,5,"{""C01"": 1.671515, ""C02"": 1.846147, ""C03"": 1.741667, ""C04"": 1.748608, ""C05"": 1.462943}","{""C01"": 0, ""C02"": 1700, ""C03"": 0, ""C04"": 0, ""C05"": 0}","{""C01"": 0.02521028428595569, ""C02"": 0.02422578703950951, ""C03"": 0.02521028428595569, ""C04"": 0.02521028428595569, ""C05"": 0.02521028428595569}"
32,32,1,83,0.065874,5,"{""C01"": 1.624468, ""C02"": 1.883385, ""C03"": 1.731536, ""C04"": 1.749526, ""C05"": 1.477758}","{""C01"": 0, ""C02"": 1690, ""C03"": 0, ""C04"": 0, ""C05"": 0}","{""C01"": 0.025224138776492377, ""C02"": 0.024245431761992654, ""C03"": 0.025224138776492377, ""C04"": 0.025224138776492377, ""C05"": 0.025224138776492377}"
33,33,1,119,0.095405,5,"{""C01"": 1.678566, ""C02"": 1.876089, ""C03"": 1.790866, ""C04"": 1.731696, ""C05"": 1.51008}","{""C01"": 0, ""C02"": 1692, ""C03"": 0, ""C04"": 0, ""C05"": 0}","{""C01"": 0.025221488392145344, ""C02"": 0.024241623235081385, ""C03"": 0.025221488392145344, ""C04"": 0.025221488392145344, ""C05"": 0.025221488392145344}"
34,34,1,91,0.072257,5,"{""C01"": 1.680941, ""C02"": 1.893533, ""C03"": 1.74027, ""C04"": 1.773471, ""C05"": 1.529383}","{""C01"": 0, ""C02"": 1687, ""C03"": 0, ""C04"": 0, ""C05"": 0}","{""C01"": 0.02522766631770401, ""C02"": 0.02425069688039012, ""C03"": 0.02522766631770401, ""C04"": 0.02522766631770401, ""C05"": 0.02522766631770401}"
35,35,1,110,0.088127,5,"{""C01"": 1.707131, ""C02"": 1.895307, ""C03"": 1.749248, ""C04"": 1.800744, ""C05"": 1.489743}","{""C01"": 0, ""C02"": 1686, ""C03"": 0, ""C04"": 0, ""C05"": 0}","{""C01"": 0.02522800287335944, ""C02"": 0.02425161331129502, ""C03"": 0.02522800287335944, ""C04"": 0.02522800287335944, ""C05"": 0.02522800287335944}"
36,36,1,97,0.078166,5,"{""C01"": 1.700929, ""C02"": 1.878105, ""C03"": 1.767591, ""C04"": 1.76844, ""C05"": 1.510462}","{""C01"": 0, ""C02"": 1691, ""C03"": 0, ""C04"": 0, ""C05"": 0}","{""C01"": 0.025221962802278397, ""C02"": 0.024242677406449815, ""C03"": 0.025221962802278397, ""C04"": 0.025221962802278397, ""C05"": 0.025221962802278397}"
37,37,1,123,0.098193,5,"{""C01"": 1.71168, ""C02"": 1.900769, ""C03"": 1.79085, ""C04"": 1.817911, ""C05"": 1.537504}","{""C01"": 0, ""C02"": 1685, ""C03"": 0, ""C04"": 0, ""C05"": 0}","{""C01"": 0.025230239821676312, ""C02"": 0.024254428588756947, ""C03"": 0.025230239821676312, ""C04"": 0.025230239821676312, ""C05"": 0.025230239821676312}"
38,38,1,123,0.121866,5,"{""C01"": 1.705001, ""C02"": 1.895972, ""C03"": 1.812209, ""C04"": 1.786263, ""C05"": 1.552153}","{""C01"": 0, ""C02"": 1686, ""C03"": 0, ""C04"": 0, ""C05"": 0}","{""C01"": 0.025228346541367033, ""C02"": 0.02425195669972321, ""C03"": 0.025228346541367033, ""C04"": 0.025228346541367033, ""C05"": 0.025228346541367033}"
39,39,1,93,0.080724,5,"{""C01"": 1.738213, ""C02"": 1.900793, ""C03"": 1.78398, ""C04"": 1.782784, ""C05"": 1.500052}","{""C01"": 0, ""C02"": 1685, ""C03"": 0, ""C04"": 0, ""C05"": 0}","{""C01"": 0.025230252179210017, ""C02"": 0.024254440936230616, ""C03"": 0.025230252179210017, ""C04"": 0.025230252179210017, ""C05"": 0.025230252179210017}"
40,40,1,91,0.077668,5,"{""C01"": 1.703411, ""C02"": 1.919713, ""C03"": 1.790015, ""C04"": 1.796319, ""C05"": 1.52851}","{""C01"": 0, ""C02"": 1680, ""C03"": 0, ""C04"": 0, ""C05"": 0}","{""C01"": 0.02523702653989164, ""C02"": 0.024264110528226808, ""C03"": 0.02523702653989164, ""C04"": 0.02523702653989164, ""C05"": 0.02523702653989164}"
41,41,1,147,0.118362,5,"{""C01"": 1.675569, ""C02"": 1.872226, ""C03"": 1.7977, ""C04"": 1.80512, ""C05"": 1.536266}","{""C01"": 0, ""C02"": 1693, ""C03"": 0, ""C04"": 0, ""C05"": 0}","{""C01"": 0.02522004296874633, ""C02"": 0.024239598837585183, ""C03"": 0.02522004296874633, ""C04"": 0.02522004296874633, ""C05"": 0.02522004296874633}"
42,42,1,94,0.074411,5,"{""C01"": 1.717166, ""C02"": 1.911664, ""C03"": 1.783164, ""C04"": 1.795546, ""C05"": 1.485314}","{""C01"": 0, ""C02"": 1682, ""C03"": 0, ""C04"": 0, ""C05"": 0}","{""C01"": 0.02523408613489278, ""C02"": 0.02426001221931623, ""C03"": 0.02523408613489278, ""C04"": 0.02523408613489278, ""C05"": 0.02523408613489278}"
43,43,1,102,0.081272,5,"{""C01"": 1.671734, ""C02"": 1.888934, ""C03"": 1.785837, ""C04"": 1.773429, ""C05"": 1.506113}","{""C01"": 0, ""C02"": 1688, ""C03"": 0, ""C04"": 0, ""C05"": 0}","{""C01"": 0.02522586339344629, ""C02"": 0.024248315273187937, ""C03"": 0.02522586339344629, ""C04"": 0.02522586339344629, ""C05"": 0.02522586339344629}"
44,44,1,91,0.071721,5,"{""C01"": 1.71894, ""C02"": 1.900956, ""C03"": 1.780886, ""C04"": 1.7826, ""C05"": 1.499679}","{""C01"": 0, ""C02"": 1685, ""C03"": 0, ""C04"": 0, ""C05"": 0}","{""C01"": 0.02523033610144139, ""C02"": 0.02425452479014264, ""C03"": 0.02523033610144139, ""C04"": 0.02523033610144139, ""C05"": 0.02523033610144139}"
45,45,1,124,0.099032,5,"{""C01"": 1.694716, ""C02"": 1.872153, ""C03"": 1.790962, ""C04"": 1.786554, ""C05"": 1.511657}","{""C01"": 0, ""C02"": 1693, ""C03"": 0, ""C04"": 0, ""C05"": 0}","{""C01"": 0.02522000462479078, ""C02"": 0.024239560524682416, ""C03"": 0.02522000462479078, ""C04"": 0.02522000462479078, ""C05"": 0.02522000462479078}"
46,46,1,96,0.077365,5,"{""C01"": 1.680527, ""C02"": 1.88009, ""C03"": 1.762162, ""C04"": 1.768525, ""C05"": 1.514477}","{""C01"": 0, ""C02"": 1691, ""C03"": 0, ""C04"": 0, ""C05"": 0}","{""C01"": 0.02522300042166277, ""C02"": 0.024243714184433947, ""C03"": 0.02522300042166277, ""C04"": 0.02522300042166277, ""C05"": 0.02522300042166277}"
47,47,1,91,0.072735,5,"{""C01"": 1.685796, ""C02"": 1.873354, ""C03"": 1.742727, ""C04"": 1.754105, ""C05"": 1.478213}","{""C01"": 0, ""C02"": 1693, ""C03"": 0, ""C04"": 0, ""C05"": 0}","{""C01"": 0.02522063518478479, ""C02"": 0.02424019057401404, ""C03"": 0.02522063518478479, ""C04"": 0.02522063518478479, ""C05"": 0.02522063518478479}"
48,48,1,90,0.071549,5,"{""C01"": 1.661723, ""C02"": 1.874847, ""C03"": 1.705015, ""C04"": 1.753239, ""C05"": 1.481072}","{""C01"": 0, ""C02"": 1692, ""C03"": 0, ""C04"": 0, ""C05"": 0}","{""C01"": 0.025220837505246466, ""C02"": 0.024240972875639002, ""C03"": 0.025220837505246466, ""C04"": 0.025220837505246466, ""C05"": 0.025220837505246466}"
49,49,1,92,0.072636,5,"{""C01"": 1.635664, ""C02"": 1.869475, ""C03"": 1.753071, ""C04"": 1.726215, ""C05"": 1.501005}","{""C01"": 0, ""C02"": 1694, ""C03"": 0, ""C04"": 0, ""C05"": 0}","{""C01"": 0.025219177460833533, ""C02"": 0.024238153885986366, ""C03"": 0.025219177460833533, ""C04"": 0.025219177460833533, ""C05"": 0.025219177460833533}"
50,50,1,84,0.066385,5,"{""C01"": 1.694825, ""C02"": 1.85648, ""C03"": 1.701256, ""C04"": 1.725962, ""C05"": 1.478637}","{""C01"": 0, ""C02"": 1697, ""C03"": 0, ""C04"": 0, ""C05"": 0}","{""C01"": 0.02521404980399286, ""C02"": 0.02423128994475515, ""C03"": 0.02521404980399286, ""C04"": 0.02521404980399286, ""C05"": 0.02521404980399286}"
51,51,1,92,0.073268,5,"{""C01"": 1.66024, ""C02"": 1.839077, ""C03"": 1.715762, ""C04"": 1.722336, ""C05"": 1.47967}","{""C01"": 0, ""C02"": 1703, ""C03"": 0, ""C04"": 0, ""C05"": 0}","{""C01"": 0.025208234730149617, ""C02"": 0.024221998715384784, ""C03"": 0.025208234730149617, ""C04"": 0.025208234730149617, ""C05"": 0.025208234730149617}"
52,52,1,96,0.078245,5,"{""C01"": 1.670329, ""C02"": 1.830535, ""C03"": 1.720971, ""C04"": 1.717784, ""C05"": 1.471601}","{""C01"": 0, ""C02"": 1705, ""C03"": 0, ""C04"": 0, ""C05"": 0}","{""C01"": 0.02520478922597673, ""C02"": 0.024217395705817893, ""C03"": 0.02520478922597673, ""C04"": 0.02520478922597673, ""C05"": 0.02520478922597673}"
53,53,1,75,0.060361,5,"{""C01"": 1.647102, ""C02"": 1.851977, ""C03"": 1.70064, ""C04"": 1.695857, ""C05"": 1.44761}","{""C01"": 0, ""C02"": 1699, ""C03"": 0, ""C04"": 0, ""C05"": 0}","{""C01"": 0.025212816163468668, ""C02"": 0.024228897016237427, ""C03"": 0.025212816163468668, ""C04"": 0.025212816163468668, ""C05"": 0.025212816163468668}"
54,54,1,115,0.097532,5,"{""C01"": 1.650278, ""C02"": 1.837892, ""C03"": 1.750132, ""C04"": 1.728179, ""C05"": 1.445201}","{""C01"": 0, ""C02"": 1703, ""C03"": 0, ""C04"": 0, ""C05"": 0}","{""C01"": 0.025207597316274186, ""C02"": 0.02422136181439342, ""C03"": 0.025207597316274186, ""C04"": 0.025207597316274186, ""C05"": 0.025207597316274186}"
55,55,1,98,0.088245,5,"{""C01"": 1.654548, ""C02"": 1.820876, ""C03"": 1.687835, ""C04"": 1.715612, ""C05"": 1.438163}","{""C01"": 0, ""C02"": 1708, ""C03"": 0, ""C04"": 0, ""C05"": 0}","{""C01"": 0.02520128788785196, ""C02"": 0.024212156768687206, ""C03"": 0.02520128788785196, ""C04"": 0.02520128788785196, ""C05"": 0.02520128788785196}"
56,56,1,78,0.090171,5,"{""C01"": 1.642584, ""C02"": 1.869652, ""C03"": 1.724878, ""C04"": 1.709172, ""C05"": 1.443966}","{""C01"": 0, ""C02"": 1694, ""C03"": 0, ""C04"": 0, ""C05"": 0}","{""C01"": 0.02521927059702883, ""C02"": 0.02423824694680321, ""C03"": 0.02521927059702883, ""C04"": 0.02521927059702883, ""C05"": 0.02521927059702883}"
57,57,1,88,0.070733,5,"{""C01"": 1.667127, ""C02"": 1.855687, ""C03"": 1.695348, ""C04"": 1.733111, ""C05"": 1.457701}","{""C01"": 0, ""C02"": 1698, ""C03"": 0, ""C04"": 0, ""C05"": 0}","{""C01"": 0.02521420940923834, ""C02"": 0.024230869278951846, ""C03"": 0.02521420940923834, ""C04"": 0.02521420940923834, ""C05"": 0.02521420940923834}"
58,58,1,82,0.065527,5,"{""C01"": 1.651119, ""C02"": 1.871584, ""C03"": 1.708862, ""C04"": 1.736948, ""C05"": 1.470372}","{""C01"": 0, ""C02"": 1693, ""C03"": 0, ""C04"": 0, ""C05"": 0}","{""C01"": 0.025219705677330034, ""C02"": 0.02423926181932043, ""C03"": 0.025219705677330034, ""C04"": 0.025219705677330034, ""C05"": 0.025219705677330034}"
59,59,1,106,0.084574,5,"{""C01"": 1.706352, ""C02"": 1.842733, ""C03"": 1.746157, ""C04"": 1.724348, ""C05"": 1.443545}","{""C01"": 0, ""C02"": 1701, ""C03"": 0, ""C04"": 0, ""C05"": 0}","{""C01"": 0.025209036374350305, ""C02"": 0.02422395999289024, ""C03"": 0.025209036374350305, ""C04"": 0.025209036374350305, ""C05"": 0.025209036374350305}"
60,60,1,132,0.105281,5,"{""C01"": 1.696153, ""C02"": 1.838732, ""C03"": 1.763162, ""C04"": 1.748207, ""C05"": 1.467017}","{""C01"": 0, ""C02"": 1703, ""C03"": 0, ""C04"": 0, ""C05"": 0}","{""C01"": 0.025208049215734413, ""C02"": 0.02422181335024205, ""C03"": 0.025208049215734413, ""C04"": 0.025208049215734413, ""C05"": 0.025208049215734413}"
61,61,1,78,0.065693,5,"{""C01"": 1.664671, ""C02"": 1.916693, ""C03"": 1.750166, ""C04"": 1.769637, ""C05"": 1.463508}","{""C01"": 0, ""C02"": 1681, ""C03"": 0, ""C04"": 0, ""C05"": 0}","{""C01"": 0.025236070889627885, ""C02"": 0.02426257550615608, ""C03"": 0.025236070889627885, ""C04"": 0.025236070889627885, ""C05"": 0.025236070889627885}"
62,62,1,73,0.058466,5,"{""C01"": 1.674183, ""C02"": 1.914785, ""C03"": 1.752776, ""C04"": 1.74112, ""C05"": 1.446583}","{""C01"": 0, ""C02"": 1681, ""C03"": 0, ""C04"": 0, ""C05"": 0}","{""C01"": 0.02523509857094207, ""C02"": 0.024261603981094806, ""C03"": 0.02523509857094207, ""C04"": 0.02523509857094207, ""C05"": 0.02523509857094207}"
63,63,1,85,0.068644,5,"{""C01"": 1.736475, ""C02"": 1.890257, ""C03"": 1.720193, ""C04"": 1.758921, ""C05"": 1.479433}","{""C01"": 0, ""C02"": 1688, ""C03"": 0, ""C04"": 0, ""C05"": 0}","{""C01"": 0.025226549929584147, ""C02"": 0.024249001251530608, ""C03"": 0.025226549929584147, ""C04"": 0.025226549929584147, ""C05"": 0.025226549929584147}"
64,64,1,100,0.080612,5,"{""C01"": 1.71415, ""C02"": 1.886653, ""C03"": 1.745518, ""C04"": 1.779504, ""C05"": 1.504454}","{""C01"": 0, ""C02"": 1689, ""C03"": 0, ""C04"": 0, ""C05"": 0}","{""C01"": 0.02522525914247424, ""C02"": 0.024247131365383704, ""C03"": 0.02522525914247424, ""C04"": 0.02522525914247424, ""C05"": 0.02522525914247424}"
65,65,1,82,0.070626,5,"{""C01"": 1.685883, ""C02"": 1.915, ""C03"": 1.765665, ""C04"": 1.776855, ""C05"": 1.504795}","{""C01"": 0, ""C02"": 1681, ""C03"": 0, ""C04"": 0, ""C05"": 0}","{""C01"": 0.025235208205759085, ""C02"": 0.02426171352642761, ""C03"": 0.025235208205759085, ""C04"": 0.025235208205759085, ""C05"": 0.025235208205759085}"
66,66,1,88,0.075419,5,"{""C01"": 1.738417, ""C02"": 1.921589, ""C03"": 1.76849, ""C04"": 1.794449, ""C05"": 1.496836}","{""C01"": 0, ""C02"": 1679, ""C03"": 0, ""C04"": 0, ""C05"": 0}","{""C01"": 0.025237398540519776, ""C02"": 0.02426506237792806, ""C03"": 0.025237398540519776, ""C04"": 0.025237398540519776, ""C05"": 0.025237398540519776}"
67,67,1,75,0.059987,5,"{""C01"": 1.719303, ""C02"": 1.95025, ""C03"": 1.775771, ""C04"": 1.794522, ""C05"": 1.564172}","{""C01"": 0, ""C02"": 1671, ""C03"": 0, ""C04"": 0, ""C05"": 0}","{""C01"": 0.02524715870447715, ""C02"": 0.024279455793122642, ""C03"": 0.02524715870447715, ""C04"": 0.02524715870447715, ""C05"": 0.02524715870447715}"
68,68,1,95,0.075880,5,"{""C01"": 1.778084, ""C02"": 1.902276, ""C03"": 1.765478, ""C04"": 1.788336, ""C05"": 1.506553}","{""C01"": 0, ""C02"": 1685, ""C03"": 0, ""C04"": 0, ""C05"": 0}","{""C01"": 0.025231015330812387, ""C02"": 0.024255203466556914, ""C03"": 0.025231015330812387, ""C04"": 0.025231015330812387, ""C05"": 0.025231015330812387}"
69,69,1,72,0.059511,5,"{""C01"": 1.764034, ""C02"": 1.969399, ""C03"": 1.782495, ""C04"": 1.801067, ""C05"": 1.528018}","{""C01"": 0, ""C02"": 1666, ""C03"": 0, ""C04"": 0, ""C05"": 0}","{""C01"": 0.0252537259361445, ""C02"": 0.02428891842138535, ""C03"": 0.0252537259361445, ""C04"": 0.0252537259361445, ""C05"": 0.0252537259361445}"
70,70,1,76,0.065008,5,"{""C01"": 1.771608, ""C02"": 1.965971, ""C03"": 1.714062, ""C04"": 1.809519, ""C05"": 1.518246}","{""C01"": 0, ""C02"": 1667, ""C03"": 0, ""C04"": 0, ""C05"": 0}","{""C01"": 0.0252526201598844, ""C02"": 0.024287233394970884, ""C03"": 0.0252526201598844, ""C04"": 0.0252526201598844, ""C05"": 0.0252526201598844}"
71,71,1,77,0.066523,5,"{""C01"": 1.731144, ""C02"": 1.960696, ""C03"": 1.768074, ""C04"": 1.807148, ""C05"": 1.500583}","{""C01"": 0, ""C02"": 1669, ""C03"": 0, ""C04"": 0, ""C05"": 0}","{""C01"": 0.02525117887614492, ""C02"": 0.02428463297757675, ""C03"": 0.02525117887614492, ""C04"": 0.02525117887614492, ""C05"": 0.02525117887614492}"
72,72,1,99,0.080238,5,"{""C01"": 1.750593, ""C02"": 1.938099, ""C03"": 1.774619, ""C04"": 1.828493, ""C05"": 1.549041}","{""C01"": 0, ""C02"": 1675, ""C03"": 0, ""C04"": 0, ""C05"": 0}","{""C01"": 0.0252434083956104, ""C02"": 0.024273387932975742, ""C03"": 0.0252434083956104, ""C04"": 0.0252434083956104, ""C05"": 0.0252434083956104}"
73,73,1,77,0.062269,5,"{""C01"": 1.764858, ""C02"": 1.92695, ""C03"": 1.754361, ""C04"": 1.775597, ""C05"": 1.514052}","{""C01"": 0, ""C02"": 1678, ""C03"": 0, ""C04"": 0, ""C05"": 0}","{""C01"": 0.02523953388353277, ""C02"": 0.02426777612882725, ""C03"": 0.02523953388353277, ""C04"": 0.02523953388353277, ""C05"": 0.02523953388353277}"
74,74,1,80,0.063258,5,"{""C01"": 1.760603, ""C02"": 1.931386, ""C03"": 1.74636, ""C04"": 1.788213, ""C05"": 1.516576}","{""C01"": 0, ""C02"": 1676, ""C03"": 0, ""C04"": 0, ""C05"": 0}","{""C01"": 0.025240612166744447, ""C02"": 0.024270013839022397, ""C03"": 0.025240612166744447, ""C04"": 0.025240612166744447, ""C05"": 0.025240612166744447}"
75,75,1,83,0.066504,5,"{""C01"": 1.746834, ""C02"": 1.939148, ""C03"": 1.778575, ""C04"": 1.801213, ""C05"": 1.511684}","{""C01"": 0, ""C02"": 1674, ""C03"": 0, ""C04"": 0, ""C05"": 0}","{""C01"": 0.02524335383966235, ""C02"": 0.02427391357791326, ""C03"": 0.02524335383966235, ""C04"": 0.02524335383966235, ""C05"": 0.02524335383966235}"
76,76,1,78,0.061860,5,"{""C01"": 1.779013, ""C02"": 1.926898, ""C03"": 1.757729, ""C04"": 1.764596, ""C05"": 1.473933}","{""C01"": 0, ""C02"": 1678, ""C03"": 0, ""C04"": 0, ""C05"": 0}","{""C01"": 0.025239507586744855, ""C02"": 0.024267749853545673, ""C03"": 0.025239507586744855, ""C04"": 0.025239507586744855, ""C05"": 0.025239507586744855}"
77,77,1,94,0.074810,5,"{""C01"": 1.756993, ""C02"": 1.890986, ""C03"": 1.723937, ""C04"": 1.775886, ""C05"": 1.464758}","{""C01"": 0, ""C02"": 1688, ""C03"": 0, ""C04"": 0, ""C05"": 0}","{""C01"": 0.02522692792576292, ""C02"": 0.02424937894058822, ""C03"": 0.02522692792576292, ""C04"": 0.02522692792576292, ""C05"": 0.02522692792576292}"
78,78,1,86,0.068376,5,"{""C01"": 1.714593, ""C02"": 1.894661, ""C03"": 1.730487, ""C04"": 1.765775, ""C05"": 1.502213}","{""C01"": 0, ""C02"": 1687, ""C03"": 0, ""C04"": 0, ""C05"": 0}","{""C01"": 0.025228249795136465, ""C02"": 0.024251279883440374, ""C03"": 0.025228249795136465, ""C04"": 0.025228249795136465, ""C05"": 0.025228249795136465}"
79,79,1,77,0.062173,5,"{""C01"": 1.71997, ""C02"": 1.921237, ""C03"": 1.728544, ""C04"": 1.771188, ""C05"": 1.458249}","{""C01"": 0, ""C02"": 1679, ""C03"": 0, ""C04"": 0, ""C05"": 0}","{""C01"": 0.025237219835371513, ""C02"": 0.024264883818827764, ""C03"": 0.025237219835371513, ""C04"": 0.025237219835371513, ""C05"": 0.025237219835371513}"
80,80,1,84,0.066514,5,"{""C01"": 1.716487, ""C02"": 1.898054, ""C03"": 1.726376, ""C04"": 1.76449, ""C05"": 1.489541}","{""C01"": 0, ""C02"": 1686, ""C03"": 0, ""C04"": 0, ""C05"": 0}","{""C01"": 0.025229421371169736, ""C02"": 0.024253030655105545, ""C03"": 0.025229421371169736, ""C04"": 0.025229421371169736, ""C05"": 0.025229421371169736}"
81,81,1,72,0.057575,5,"{""C01"": 1.676561, ""C02"": 1.882528, ""C03"": 1.712357, ""C04"": 1.721762, ""C05"": 1.4713}","{""C01"": 0, ""C02"": 1690, ""C03"": 0, ""C04"": 0, ""C05"": 0}","{""C01"": 0.02522369201352488, ""C02"": 0.024244985361541634, ""C03"": 0.02522369201352488, ""C04"": 0.02522369201352488, ""C05"": 0.02522369201352488}"
82,82,1,80,0.064341,5,"{""C01"": 1.709945, ""C02"": 1.857352, ""C03"": 1.6874, ""C04"": 1.718387, ""C05"": 1.434242}","{""C01"": 0, ""C02"": 1697, ""C03"": 0, ""C04"": 0, ""C05"": 0}","{""C01"": 0.025214512831581506, ""C02"": 0.024231752598348293, ""C03"": 0.025214512831581506, ""C04"": 0.025214512831581506, ""C05"": 0.025214512831581506}"
83,83,1,97,0.077661,5,"{""C01"": 1.729972, ""C02"": 1.861099, ""C03"": 1.679432, ""C04"": 1.751349, ""C05"": 1.453569}","{""C01"": 0, ""C02"": 1696, ""C03"": 0, ""C04"": 0, ""C05"": 0}","{""C01"": 0.025215918185074376, ""C02"": 0.024233736959189088, ""C03"": 0.025215918185074376, ""C04"": 0.025215918185074376, ""C05"": 0.025215918185074376}"
84,84,1,75,0.061444,5,"{""C01"": 1.722317, ""C02"": 1.877399, ""C03"": 1.700835, ""C04"": 1.726965, ""C05"": 1.432525}","{""C01"": 0, ""C02"": 1691, ""C03"": 0, ""C04"": 0, ""C05"": 0}","{""C01"": 0.025221593369311263, ""C02"": 0.024242308273043973, ""C03"": 0.025221593369311263, ""C04"": 0.025221593369311263, ""C05"": 0.025221593369311263}"
85,85,1,76,0.061297,5,"{""C01"": 1.688436, ""C02"": 1.879831, ""C03"": 1.72873, ""C04"": 1.698697, ""C05"": 1.415741}","{""C01"": 0, ""C02"": 1691, ""C03"": 0, ""C04"": 0, ""C05"": 0}","{""C01"": 0.025222865125154356, ""C02"": 0.024243578997639105, ""C03"": 0.025222865125154356, ""C04"": 0.025222865125154356, ""C05"": 0.025222865125154356}"
86,86,1,73,0.088649,5,"{""C01"": 1.648938, ""C02"": 1.854133, ""C03"": 1.659573, ""C04"": 1.699, ""C05"": 1.442298}","{""C01"": 0, ""C02"": 1698, ""C03"": 0, ""C04"": 0, ""C05"": 0}","{""C01"": 0.02521338316480555, ""C02"": 0.024230043701483416, ""C03"": 0.02521338316480555, ""C04"": 0.02521338316480555, ""C05"": 0.02521338316480555}"
87,87,1,69,0.057446,5,"{""C01"": 1.718833, ""C02"": 1.890379, ""C03"": 1.649085, ""C04"": 1.698339, ""C05"": 1.449731}","{""C01"": 0, ""C02"": 1688, ""C03"": 0, ""C04"": 0, ""C05"": 0}","{""C01"": 0.025226613203008605, ""C02"": 0.024249064473545898, ""C03"": 0.025226613203008605, ""C04"": 0.025226613203008605, ""C05"": 0.025226613203008605}"
88,88,1,70,0.056139,5,"{""C01"": 1.725521, ""C02"": 1.892404, ""C03"": 1.675179, ""C04"": 1.69755, ""C05"": 1.431585}","{""C01"": 0, ""C02"": 1687, ""C03"": 0, ""C04"": 0, ""C05"": 0}","{""C01"": 0.025227081815415567, ""C02"": 0.024250112853303887, ""C03"": 0.025227081815415567, ""C04"": 0.025227081815415567, ""C05"": 0.025227081815415567}"
89,89,1,91,0.072431,5,"{""C01"": 1.702196, ""C02"": 1.876109, ""C03"": 1.680598, ""C04"": 1.757691, ""C05"": 1.398109}","{""C01"": 0, ""C02"": 1692, ""C03"": 0, ""C04"": 0, ""C05"": 0}","{""C01"": 0.025221498868277056, ""C02"": 0.024241633702723555, ""C03"": 0.025221498868277056, ""C04"": 0.025221498868277056, ""C05"": 0.025221498868277056}"
90,90,1,77,0.061536,5,"{""C01"": 1.714887, ""C02"": 1.870778, ""C03"": 1.688768, ""C04"": 1.725022, ""C05"": 1.439871}","{""C01"": 0, ""C02"": 1693, ""C03"": 0, ""C04"": 0, ""C05"": 0}","{""C01"": 0.025219281985402908, ""C02"": 0.024238838470509005, ""C03"": 0.025219281985402908, ""C04"": 0.025219281985402908, ""C05"": 0.025219281985402908}"
91,91,1,64,0.051115,5,"{""C01"": 1.725217, ""C02"": 1.918484, ""C03"": 1.705589, ""C04"": 1.708996, ""C05"": 1.428767}","{""C01"": 0, ""C02"": 1680, ""C03"": 0, ""C04"": 0, ""C05"": 0}","{""C01"": 0.0252364016678865, ""C02"": 0.024263486166584254, ""C03"": 0.0252364016678865, ""C04"": 0.0252364016678865, ""C05"": 0.0252364016678865}"
92,92,1,81,0.064328,5,"{""C01"": 1.727026, ""C02"": 1.911253, ""C03"": 1.706939, ""C04"": 1.7715, ""C05"": 1.464696}","{""C01"": 0, ""C02"": 1682, ""C03"": 0, ""C04"": 0, ""C05"": 0}","{""C01"": 0.025233876061974636, ""C02"": 0.02425980231774877, ""C03"": 0.025233876061974636, ""C04"": 0.025233876061974636, ""C05"": 0.025233876061974636}"
93,93,1,65,0.051892,5,"{""C01"": 1.747005, ""C02"": 1.944971, ""C03"": 1.684562, ""C04"": 1.754281, ""C05"": 1.461792}","{""C01"": 0, ""C02"": 1673, ""C03"": 0, ""C04"": 0, ""C05"": 0}","{""C01"": 0.02524568783890252, ""C02"": 0.024276825819613244, ""C03"": 0.02524568783890252, ""C04"": 0.02524568783890252, ""C05"": 0.02524568783890252}"
94,94,1,69,0.054950,5,"{""C01"": 1.74206, ""C02"": 1.915407, ""C03"": 1.744185, ""C04"": 1.742201, ""C05"": 1.474415}","{""C01"": 0, ""C02"": 1681, ""C03"": 0, ""C04"": 0, ""C05"": 0}","{""C01"": 0.0252354156978859, ""C02"": 0.024261920849197812, ""C03"": 0.0252354156978859, ""C04"": 0.0252354156978859, ""C05"": 0.0252354156978859}"
95,95,1,73,0.058581,5,"{""C01"": 1.787987, ""C02"": 1.952544, ""C03"": 1.697221, ""C04"": 1.764521, ""C05"": 1.478871}","{""C01"": 0, ""C02"": 1671, ""C03"": 0, ""C04"": 0, ""C05"": 0}","{""C01"": 0.025248299827885123, ""C02"": 0.024280595979019964, ""C03"": 0.025248299827885123, ""C04"": 0.025248299827885123, ""C05"": 0.025248299827885123}"
96,96,1,73,0.059820,5,"{""C01"": 1.743302, ""C02"": 1.947953, ""C03"": 1.715583, ""C04"": 1.783086, ""C05"": 1.501786}","{""C01"": 0, ""C02"": 1672, ""C03"": 0, ""C04"": 0, ""C05"": 0}","{""C01"": 0.025246595252031906, ""C02"": 0.024278312645259245, ""C03"": 0.025246595252031906, ""C04"": 0.025246595252031906, ""C05"": 0.025246595252031906}"
97,97,1,72,0.058376,5,"{""C01"": 1.749665, ""C02"": 1.940097, ""C03"": 1.739685, ""C04"": 1.773935, ""C05"": 1.506028}","{""C01"": 0, ""C02"": 1674, ""C03"": 0, ""C04"": 0, ""C05"": 0}","{""C01"": 0.02524382970170716, ""C02"": 0.02427438904978093, ""C03"": 0.02524382970170716, ""C04"": 0.02524382970170716, ""C05"": 0.02524382970170716}"
98,98,1,75,0.061048,5,"{""C01"": 1.814742, ""C02"": 1.975843, ""C03"": 1.761456, ""C04"": 1.779295, ""C05"": 1.494787}","{""C01"": 0, ""C02"": 1665, ""C03"": 0, ""C04"": 0, ""C05"": 0}","{""C01"": 0.025256305211014934, ""C02"": 0.024292075731134937, ""C03"": 0.025256305211014934, ""C04"": 0.025256305211014934, ""C05"": 0.025256305211014934}"
99,99,1,67,0.053501,5,"{""C01"": 1.792804, ""C02"": 1.980169, ""C03"": 1.779949, ""C04"": 1.791097, ""C05"": 1.506866}","{""C01"": 0, ""C02"": 1663, ""C03"": 0, ""C04"": 0, ""C05"": 0}","{""C01"": 0.0252572573880845, ""C02"": 0.024294187447612754, ""C03"": 0.0252572573880845, ""C04"": 0.0252572573880845, ""C05"": 0.0252572573880845}"
100,100,1,69,0.055704,5,"{""C01"": 1.803214, ""C02"": 1.982811, ""C03"": 1.732598, ""C04"": 1.768858, ""C05"": 1.514451}","{""C01"": 0, ""C02"": 1663, ""C03"": 0, ""C04"": 0, ""C05"": 0}","{""C01"": 0.025258545444789005, ""C02"": 0.024295474440496227, ""C03"": 0.025258545444789005, ""C04"": 0.025258545444789005, ""C05"": 0.025258545444789005}"
1,1,1,853,1.225865,5,"{""C01"": 1.452761, ""C02"": 1.647307, ""C03"": 1.595779, ""C04"": 1.609857, ""C05"": 1.309651}","{""C01"": 0, ""C02"": 1756, ""C03"": 0, ""C04"": 0, ""C05"": 0}","{""C01"": 0.025128207909602393, ""C02"": 0.02411129980207393, ""C03"": 0.025128207909602393, ""C04"": 0.025128207909602393, ""C05"": 0.025128207909602393}"
2,2,1,496,0.685912,5,"{""C01"": 1.46547, ""C02"": 1.654449, ""C03"": 1.59614, ""C04"": 1.609623, ""C05"": 1.350688}","{""C01"": 0, ""C02"": 1754, ""C03"": 0, ""C04"": 0, ""C05"": 0}","{""C01"": 0.025131472774734764, ""C02"": 0.024115721245588626, ""C03"": 0.025131472774734764, ""C04"": 0.025131472774734764, ""C05"": 0.025131472774734764}"
3,3,1,563,0.776530,5,"{""C01"": 1.464076, ""C02"": 1.699544, ""C03"": 1.656857, ""C04"": 1.627574, ""C05"": 1.356785}","{""C01"": 0, ""C02"": 1739, ""C03"": 0, ""C04"": 0, ""C05"": 0}","{""C01"": 0.02515013412148319, ""C02"": 0.02414307047248102, ""C03"": 0.02515013412148319, ""C04"": 0.02515013412148319, ""C05"": 0.02515013412148319}"
4,4,1,628,0.894505,5,"{""C01"": 1.515581, ""C02"": 1.700728, ""C03"": 1.658834, ""C04"": 1.626659, ""C05"": 1.38765}","{""C01"": 0, ""C02"": 1739, ""C03"": 0, ""C04"": 0, ""C05"": 0}","{""C01"": 0.02515084108876124, ""C02"": 0.02414377577708274, ""C03"": 0.02515084108876124, ""C04"": 0.02515084108876124, ""C05"": 0.02515084108876124}"
5,5,1,461,0.730343,5,"{""C01"": 1.535144, ""C02"": 1.721754, ""C03"": 1.657319, ""C04"": 1.663467, ""C05"": 1.417661}","{""C01"": 0, ""C02"": 1732, ""C03"": 0, ""C04"": 0, ""C05"": 0}","{""C01"": 0.025159202790222934, ""C02"": 0.024156192627891676, ""C03"": 0.025159202790222934, ""C04"": 0.025159202790222934, ""C05"": 0.025159202790222934}"
6,6,1,910,1.083341,5,"{""C01"": 1.524145, ""C02"": 1.743344, ""C03"": 1.687827, ""C04"": 1.718964, ""C05"": 1.414805}","{""C01"": 0, ""C02"": 1725, ""C03"": 0, ""C04"": 0, ""C05"": 0}","{""C01"": 0.02516769231228773, ""C02"": 0.024168736998798675, ""C03"": 0.02516769231228773, ""C04"": 0.02516769231228773, ""C05"": 0.02516769231228773}"
7,7,1,506,0.423039,5,"{""C01"": 1.546136, ""C02"": 1.750767, ""C03"": 1.692394, ""C04"": 1.695005, ""C05"": 1.421525}","{""C01"": 0, ""C02"": 1723, ""C03"": 0, ""C04"": 0, ""C05"": 0}","{""C01"": 0.025170801452255337, ""C02"": 0.024173003042982096, ""C03"": 0.025170801452255337, ""C04"": 0.025170801452255337, ""C05"": 0.025170801452255337}"
8,8,1,1192,1.001436,5,"{""C01"": 1.582138, ""C02"": 1.722103, ""C03"": 1.702726, ""C04"": 1.704169, ""C05"": 1.455409}","{""C01"": 0, ""C02"": 1732, ""C03"": 0, ""C04"": 0, ""C05"": 0}","{""C01"": 0.025159407725778418, ""C02"": 0.02415639707932704, ""C03"": 0.025159407725778418, ""C04"": 0.025159407725778418, ""C05"": 0.025159407725778418}"
9,9,1,351,0.302877,5,"{""C01"": 1.571177, ""C02"": 1.801652, ""C03"": 1.704468, ""C04"": 1.720295, ""C05"": 1.455079}","{""C01"": 0, ""C02"": 1708, ""C03"": 0, ""C04"": 0, ""C05"": 0}","{""C01"": 0.025190734009114563, ""C02"": 0.024201620370760454, ""C03"": 0.025190734009114563, ""C04"": 0.025190734009114563, ""C05"": 0.025190734009114563}"
10,10,1,581,0.490333,5,"{""C01"": 1.561059, ""C02"": 1.76184, ""C03"": 1.710703, ""C04"": 1.704573, ""C05"": 1.453055}","{""C01"": 0, ""C02"": 1720, ""C03"": 0, ""C04"": 0, ""C05"": 0}","{""C01"": 0.02517538558905208, ""C02"": 0.024179322717691465, ""C03"": 0.02517538558905208, ""C04"": 0.02517538558905208, ""C05"": 0.02517538558905208}"
11,11,1,485,0.525665,5,"{""C01"": 1.573881, ""C02"": 1.767308, ""C03"": 1.717202, ""C04"": 1.704829, ""C05"": 1.461375}","{""C01"": 0, ""C02"": 1718, ""C03"": 0, ""C04"": 0, ""C05"": 0}","{""C01"": 0.025177327366125463, ""C02"": 0.024182424171269097, ""C03"": 0.025177327366125463, ""C04"": 0.025177327366125463, ""C05"": 0.025177327366125463}"
12,12,1,241,0.335918,5,"{""C01"": 1.572296, ""C02"": 1.83042, ""C03"": 1.697827, ""C04"": 1.673399, ""C05"": 1.457753}","{""C01"": 0, ""C02"": 1699, ""C03"": 0, ""C04"": 0, ""C05"": 0}","{""C01"": 0.02520123282576832, ""C02"": 0.02421733353577482, ""C03"": 0.02520123282576832, ""C04"": 0.02520123282576832, ""C05"": 0.02520123282576832}"
13,13,1,476,0.688509,5,"{""C01"": 1.616058, ""C02"": 1.790856, ""C03"": 1.733791, ""C04"": 1.674398, ""C05"": 1.433572}","{""C01"": 0, ""C02"": 1711, ""C03"": 0, ""C04"": 0, ""C05"": 0}","{""C01"": 0.025186488184353914, ""C02"": 0.02419563821910226, ""C03"": 0.025186488184353914, ""C04"": 0.025186488184353914, ""C05"": 0.025186488184353914}"
14,14,1,450,0.623575,5,"{""C01"": 1.601512, ""C02"": 1.782315, ""C03"": 1.717832, ""C04"": 1.703589, ""C05"": 1.462034}","{""C01"": 0, ""C02"": 1713, ""C03"": 0, ""C04"": 0, ""C05"": 0}","{""C01"": 0.025182877420623362, ""C02"": 0.024190871766568336, ""C03"": 0.025182877420623362, ""C04"": 0.025182877420623362, ""C05"": 0.025182877420623362}"
15,15,1,348,0.482365,5,"{""C01"": 1.566275, ""C02"": 1.815507, ""C03"": 1.737848, ""C04"": 1.682099, ""C05"": 1.449385}","{""C01"": 0, ""C02"": 1703, ""C03"": 0, ""C04"": 0, ""C05"": 0}","{""C01"": 0.025195442739591636, ""C02"": 0.024209228664875845, ""C03"": 0.025195442739591636, ""C04"": 0.025195442739591636, ""C05"": 0.025195442739591636}"
16,16,1,796,1.108384,5,"{""C01"": 1.574973, ""C02"": 1.778213, ""C03"": 1.736949, ""C04"": 1.687241, ""C05"": 1.445524}","{""C01"": 0, ""C02"": 1715, ""C03"": 0, ""C04"": 0, ""C05"": 0}","{""C01"": 0.02518173941348005, ""C02"": 0.024188572158188856, ""C03"": 0.02518173941348005, ""C04"": 0.02518173941348005, ""C05"": 0.02518173941348005}"
17,17,1,454,0.635774,5,"{""C01"": 1.5978, ""C02"": 1.770201, ""C03"": 1.700288, ""C04"": 1.708303, ""C05"": 1.418208}","{""C01"": 0, ""C02"": 1717, ""C03"": 0, ""C04"": 0, ""C05"": 0}","{""C01"": 0.025178383543410426, ""C02"": 0.02418405998448355, ""C03"": 0.025178383543410426, ""C04"": 0.025178383543410426, ""C05"": 0.025178383543410426}"
18,18,1,504,0.562788,5,"{""C01"": 1.608947, ""C02"": 1.766447, ""C03"": 1.714282, ""C04"": 1.707145, ""C05"": 1.457619}","{""C01"": 0, ""C02"": 1718, ""C03"": 0, ""C04"": 0, ""C05"": 0}","{""C01"": 0.0251768385965484, ""C02"": 0.02418193656667219, ""C03"": 0.0251768385965484, ""C04"": 0.0251768385965484, ""C05"": 0.0251768385965484}"
19,19,1,329,0.461821,5,"{""C01"": 1.577154, ""C02"": 1.779713, ""C03"": 1.691392, ""C04"": 1.669565, ""C05"": 1.427949}","{""C01"": 0, ""C02"": 1714, ""C03"": 0, ""C04"": 0, ""C05"": 0}","{""C01"": 0.025181999556421114, ""C02"": 0.02418941383884572, ""C03"": 0.025181999556421114, ""C04"": 0.025181999556421114, ""C05"": 0.025181999556421114}"
20,20,1,1162,1.626626,5,"{""C01"": 1.563813, ""C02"": 1.754736, ""C03"": 1.73717, ""C04"": 1.719378, ""C05"": 1.416535}","{""C01"": 0, ""C02"": 1722, ""C03"": 0, ""C04"": 0, ""C05"": 0}","{""C01"": 0.025172494597013192, ""C02"": 0.02417527430882677, ""C03"": 0.025172494597013192, ""C04"": 0.025172494597013192, ""C05"": 0.025172494597013192}"
21,21,1,841,1.164105,5,"{""C01"": 1.596699, ""C02"": 1.736116, ""C03"": 1.703037, ""C04"": 1.688113, ""C05"": 1.423322}","{""C01"": 0, ""C02"": 1728, ""C03"": 0, ""C04"": 0, ""C05"": 0}","{""C01"": 0.02516525626461269, ""C02"": 0.024164560311231004, ""C03"": 0.02516525626461269, ""C04"": 0.02516525626461269, ""C05"": 0.02516525626461269}"
22,22,1,328,0.450701,5,"{""C01"": 1.61069, ""C02"": 1.79951, ""C03"": 1.71173, ""C04"": 1.703388, ""C05"": 1.433829}","{""C01"": 0, ""C02"": 1708, ""C03"": 0, ""C04"": 0, ""C05"": 0}","{""C01"": 0.02518954790220558, ""C02"": 0.024200437109184316, ""C03"": 0.02518954790220558, ""C04"": 0.02518954790220558, ""C05"": 0.02518954790220558}"
23,23,1,931,1.006262,5,"{""C01"": 1.552211, ""C02"": 1.745057, ""C03"": 1.727413, ""C04"": 1.69706, ""C05"": 1.427224}","{""C01"": 0, ""C02"": 1725, ""C03"": 0, ""C04"": 0, ""C05"": 0}","{""C01"": 0.02516868137432958, ""C02"": 0.02416972371393827, ""C03"": 0.02516868137432958, ""C04"": 0.02516868137432958, ""C05"": 0.02516868137432958}"
24,24,1,331,0.275559,5,"{""C01"": 1.570495, ""C02"": 1.791601, ""C03"": 1.703551, ""C04"": 1.70336, ""C05"": 1.427623}","{""C01"": 0, ""C02"": 1711, ""C03"": 0, ""C04"": 0, ""C05"": 0}","{""C01"": 0.025186903527817744, ""C02"": 0.024196052568108282, ""C03"": 0.025186903527817744, ""C04"": 0.025186903527817744, ""C05"": 0.025186903527817744}"
25,25,1,472,0.400993,5,"{""C01"": 1.587054, ""C02"": 1.776005, ""C03"": 1.719474, ""C04"": 1.701087, ""C05"": 1.430701}","{""C01"": 0, ""C02"": 1715, ""C03"": 0, ""C04"": 0, ""C05"": 0}","{""C01"": 0.025180495489181234, ""C02"": 0.024187331204513995, ""C03"": 0.025180495489181234, ""C04"": 0.025180495489181234, ""C05"": 0.025180495489181234}"
26,26,1,349,0.297290,5,"{""C01"": 1.581702, ""C02"": 1.798475, ""C03"": 1.68439, ""C04"": 1.714456, ""C05"": 1.444655}","{""C01"": 0, ""C02"": 1709, ""C03"": 0, ""C04"": 0, ""C05"": 0}","{""C01"": 0.025189557862160317, ""C02"": 0.024199864875514426, ""C03"": 0.025189557862160317, ""C04"": 0.025189557862160317, ""C05"": 0.025189557862160317}"
27,27,1,353,0.291763,5,"{""C01"": 1.613653, ""C02"": 1.820866, ""C03"": 1.710317, ""C04"": 1.740968, ""C05"": 1.442304}","{""C01"": 0, ""C02"": 1702, ""C03"": 0, ""C04"": 0, ""C05"": 0}","{""C01"": 0.025197788866747728, ""C02"": 0.024212151325353173, ""C03"": 0.025197788866747728, ""C04"": 0.025197788866747728, ""C05"": 0.025197788866747728}"
28,28,1,419,0.354694,5,"{""C01"": 1.613871, ""C02"": 1.811061, ""C03"": 1.738213, ""C04"": 1.70872, ""C05"": 1.465933}","{""C01"": 0, ""C02"": 1705, ""C03"": 0, ""C04"": 0, ""C05"": 0}","{""C01"": 0.02519417103854925, ""C02"": 0.02420679566544862, ""C03"": 0.02519417103854925, ""C04"": 0.02519417103854925, ""C05"": 0.02519417103854925}"
29,29,1,588,0.497222,5,"{""C01"": 1.626271, ""C02"": 1.779854, ""C03"": 1.728571, ""C04"": 1.724724, ""C05"": 1.459354}","{""C01"": 0, ""C02"": 1714, ""C03"": 0, ""C04"": 0, ""C05"": 0}","{""C01"": 0.02518207883907385, ""C02"": 0.02418949293204471, ""C03"": 0.02518207883907385, ""C04"": 0.02518207883907385, ""C05"": 0.02518207883907385}"
30,30,1,302,0.299475,5,"{""C01"": 1.589825, ""C02"": 1.857115, ""C03"": 1.751755, ""C04"": 1.720697, ""C05"": 1.460144}","{""C01"": 0, ""C02"": 1691, ""C03"": 0, ""C04"": 0, ""C05"": 0}","{""C01"": 0.02521089198227275, ""C02"": 0.024231626885528847, ""C03"": 0.02521089198227275, ""C04"": 0.02521089198227275, ""C05"": 0.02521089198227275}"
31,31,1,316,0.260320,5,"{""C01"": 1.671515, ""C02"": 1.846147, ""C03"": 1.741667, ""C04"": 1.748608, ""C05"": 1.462943}","{""C01"": 0, ""C02"": 1694, ""C03"": 0, ""C04"": 0, ""C05"": 0}","{""C01"": 0.025206788794538207, ""C02"": 0.02422578703950951, ""C03"": 0.025206788794538207, ""C04"": 0.025206788794538207, ""C05"": 0.025206788794538207}"
32,32,1,242,0.212211,5,"{""C01"": 1.624468, ""C02"": 1.883385, ""C03"": 1.731536, ""C04"": 1.749526, ""C05"": 1.477758}","{""C01"": 0, ""C02"": 1684, ""C03"": 0, ""C04"": 0, ""C05"": 0}","{""C01"": 0.025220645109418363, ""C02"": 0.024245431761992654, ""C03"": 0.025220645109418363, ""C04"": 0.025220645109418363, ""C05"": 0.025220645109418363}"
33,33,1,337,0.277822,5,"{""C01"": 1.678566, ""C02"": 1.876089, ""C03"": 1.790866, ""C04"": 1.731696, ""C05"": 1.51008}","{""C01"": 0, ""C02"": 1686, ""C03"": 0, ""C04"": 0, ""C05"": 0}","{""C01"": 0.02521799455334682, ""C02"": 0.024241623235081385, ""C03"": 0.02521799455334682, ""C04"": 0.02521799455334682, ""C05"": 0.02521799455334682}"
34,34,1,262,0.237257,5,"{""C01"": 1.680941, ""C02"": 1.893533, ""C03"": 1.74027, ""C04"": 1.773471, ""C05"": 1.529383}","{""C01"": 0, ""C02"": 1681, ""C03"": 0, ""C04"": 0, ""C05"": 0}","{""C01"": 0.02522417217872419, ""C02"": 0.02425069688039012, ""C03"": 0.02522417217872419, ""C04"": 0.02522417217872419, ""C05"": 0.02522417217872419}"
35,35,1,324,0.268663,5,"{""C01"": 1.707131, ""C02"": 1.895307, ""C03"": 1.749248, ""C04"": 1.800744, ""C05"": 1.489743}","{""C01"": 0, ""C02"": 1680, ""C03"": 0, ""C04"": 0, ""C05"": 0}","{""C01"": 0.025224507206189753, ""C02"": 0.02425161331129502, ""C03"": 0.025224507206189753, ""C04"": 0.025224507206189753, ""C05"": 0.025224507206189753}"
36,36,1,286,0.244372,5,"{""C01"": 1.700929, ""C02"": 1.878105, ""C03"": 1.767591, ""C04"": 1.76844, ""C05"": 1.510462}","{""C01"": 0, ""C02"": 1685, ""C03"": 0, ""C04"": 0, ""C05"": 0}","{""C01"": 0.025218467664244903, ""C02"": 0.024242677406449815, ""C03"": 0.025218467664244903, ""C04"": 0.025218467664244903, ""C05"": 0.025218467664244903}"
37,37,1,351,0.282820,5,"{""C01"": 1.71168, ""C02"": 1.900769, ""C03"": 1.79085, ""C04"": 1.817911, ""C05"": 1.537504}","{""C01"": 0, ""C02"": 1679, ""C03"": 0, ""C04"": 0, ""C05"": 0}","{""C01"": 0.025226745730195413, ""C02"": 0.024254428588756947, ""C03"": 0.025226745730195413, ""C04"": 0.025226745730195413, ""C05"": 0.025226745730195413}"
38,38,1,350,0.297874,5,"{""C01"": 1.705001, ""C02"": 1.895972, ""C03"": 1.812209, ""C04"": 1.786263, ""C05"": 1.552153}","{""C01"": 0, ""C02"": 1680, ""C03"": 0, ""C04"": 0, ""C05"": 0}","{""C01"": 0.025224851435468043, ""C02"": 0.02425195669972321, ""C03"": 0.025224851435468043, ""C04"": 0.025224851435468043, ""C05"": 0.025224851435468043}"
39,39,1,271,0.222333,5,"{""C01"": 1.738213, ""C02"": 1.900793, ""C03"": 1.78398, ""C04"": 1.782784, ""C05"": 1.500052}","{""C01"": 0, ""C02"": 1679, ""C03"": 0, ""C04"": 0, ""C05"": 0}","{""C01"": 0.025226758107925004, ""C02"": 0.024254440936230616, ""C03"": 0.025226758107925004, ""C04"": 0.025226758107925004, ""C05"": 0.025226758107925004}"
40,40,1,267,0.235474,5,"{""C01"": 1.703411, ""C02"": 1.919713, ""C03"": 1.790015, ""C04"": 1.796319, ""C05"": 1.52851}","{""C01"": 0, ""C02"": 1674, ""C03"": 0, ""C04"": 0, ""C05"": 0}","{""C01"": 0.025233533148647777, ""C02"": 0.024264110528226808, ""C03"": 0.025233533148647777, ""C04"": 0.025233533148647777, ""C05"": 0.025233533148647777}"
41,41,1,445,0.362681,5,"{""C01"": 1.675569, ""C02"": 1.872226, ""C03"": 1.7977, ""C04"": 1.80512, ""C05"": 1.536266}","{""C01"": 0, ""C02"": 1687, ""C03"": 0, ""C04"": 0, ""C05"": 0}","{""C01"": 0.0252165488489709, ""C02"": 0.024239598837585183, ""C03"": 0.0252165488489709, ""C04"": 0.0252165488489709, ""C05"": 0.0252165488489709}"
42,42,1,270,0.230957,5,"{""C01"": 1.717166, ""C02"": 1.911664, ""C03"": 1.783164, ""C04"": 1.795546, ""C05"": 1.485314}","{""C01"": 0, ""C02"": 1676, ""C03"": 0, ""C04"": 0, ""C05"": 0}","{""C01"": 0.025230592093003254, ""C02"": 0.02426001221931623, ""C03"": 0.025230592093003254, ""C04"": 0.025230592093003254, ""C05"": 0.025230592093003254}"
43,43,1,297,0.272276,5,"{""C01"": 1.671734, ""C02"": 1.888934, ""C03"": 1.785837, ""C04"": 1.773429, ""C05"": 1.506113}","{""C01"": 0, ""C02"": 1682, ""C03"": 0, ""C04"": 0, ""C05"": 0}","{""C01"": 0.025222368389033828, ""C02"": 0.024248315273187937, ""C03"": 0.025222368389033828, ""C04"": 0.025222368389033828, ""C05"": 0.025222368389033828}"
44,44,1,269,0.221937,5,"{""C01"": 1.71894, ""C02"": 1.900956, ""C03"": 1.780886, ""C04"": 1.7826, ""C05"": 1.499679}","{""C01"": 0, ""C02"": 1679, ""C03"": 0, ""C04"": 0, ""C05"": 0}","{""C01"": 0.025226842167311664, ""C02"": 0.02425452479014264, ""C03"": 0.025226842167311664, ""C04"": 0.025226842167311664, ""C05"": 0.025226842167311664}"
45,45,1,338,0.282255,5,"{""C01"": 1.694716, ""C02"": 1.872153, ""C03"": 1.790962, ""C04"": 1.786554, ""C05"": 1.511657}","{""C01"": 0, ""C02"": 1687, ""C03"": 0, ""C04"": 0, ""C05"": 0}","{""C01"": 0.02521651044267667, ""C02"": 0.024239560524682416, ""C03"": 0.02521651044267667, ""C04"": 0.02521651044267667, ""C05"": 0.02521651044267667}"
46,46,1,275,0.229439,5,"{""C01"": 1.680527, ""C02"": 1.88009, ""C03"": 1.762162, ""C04"": 1.768525, ""C05"": 1.514477}","{""C01"": 0, ""C02"": 1685, ""C03"": 0, ""C04"": 0, ""C05"": 0}","{""C01"": 0.025219506972765773, ""C02"": 0.024243714184433947, ""C03"": 0.025219506972765773, ""C04"": 0.025219506972765773, ""C05"": 0.025219506972765773}"
47,47,1,265,0.228955,5,"{""C01"": 1.685796, ""C02"": 1.873354, ""C03"": 1.742727, ""C04"": 1.754105, ""C05"": 1.478213}","{""C01"": 0, ""C02"": 1687, ""C03"": 0, ""C04"": 0, ""C05"": 0}","{""C01"": 0.025217142027836092, ""C02"": 0.02424019057401404, ""C03"": 0.025217142027836092, ""C04"": 0.025217142027836092, ""C05"": 0.025217142027836092}"
48,48,1,261,0.214028,5,"{""C01"": 1.661723, ""C02"": 1.874847, ""C03"": 1.705015, ""C04"": 1.753239, ""C05"": 1.481072}","{""C01"": 0, ""C02"": 1686, ""C03"": 0, ""C04"": 0, ""C05"": 0}","{""C01"": 0.025217342607565835, ""C02"": 0.024240972875639002, ""C03"": 0.025217342607565835, ""C04"": 0.025217342607565835, ""C05"": 0.025217342607565835}"
49,49,1,265,0.231003,5,"{""C01"": 1.635664, ""C02"": 1.869475, ""C03"": 1.753071, ""C04"": 1.726215, ""C05"": 1.501005}","{""C01"": 0, ""C02"": 1688, ""C03"": 0, ""C04"": 0, ""C05"": 0}","{""C01"": 0.025215684002780153, ""C02"": 0.024238153885986366, ""C03"": 0.025215684002780153, ""C04"": 0.025215684002780153, ""C05"": 0.025215684002780153}"
50,50,1,246,0.202472,5,"{""C01"": 1.694825, ""C02"": 1.85648, ""C03"": 1.701256, ""C04"": 1.725962, ""C05"": 1.478637}","{""C01"": 0, ""C02"": 1691, ""C03"": 0, ""C04"": 0, ""C05"": 0}","{""C01"": 0.0252105542223391, ""C02"": 0.02423128994475515, ""C03"": 0.0252105542223391, ""C04"": 0.0252105542223391, ""C05"": 0.0252105542223391}"
51,51,1,267,0.226615,5,"{""C01"": 1.66024, ""C02"": 1.839077, ""C03"": 1.715762, ""C04"": 1.722336, ""C05"": 1.47967}","{""C01"": 0, ""C02"": 1697, ""C03"": 0, ""C04"": 0, ""C05"": 0}","{""C01"": 0.025204742101423178, ""C02"": 0.024221998715384784, ""C03"": 0.025204742101423178, ""C04"": 0.025204742101423178, ""C05"": 0.025204742101423178}"
52,52,1,275,0.228984,5,"{""C01"": 1.670329, ""C02"": 1.830535, ""C03"": 1.720971, ""C04"": 1.717784, ""C05"": 1.471601}","{""C01"": 0, ""C02"": 1699, ""C03"": 0, ""C04"": 0, ""C05"": 0}","{""C01"": 0.02520129514617915, ""C02"": 0.024217395705817893, ""C03"": 0.02520129514617915, ""C04"": 0.02520129514617915, ""C05"": 0.02520129514617915}"
53,53,1,218,0.180744,5,"{""C01"": 1.647102, ""C02"": 1.851977, ""C03"": 1.70064, ""C04"": 1.695857, ""C05"": 1.44761}","{""C01"": 0, ""C02"": 1693, ""C03"": 0, ""C04"": 0, ""C05"": 0}","{""C01"": 0.02520932270940751, ""C02"": 0.024228897016237427, ""C03"": 0.02520932270940751, ""C04"": 0.02520932270940751, ""C05"": 0.02520932270940751}"
54,54,1,344,0.291020,5,"{""C01"": 1.650278, ""C02"": 1.837892, ""C03"": 1.750132, ""C04"": 1.728179, ""C05"": 1.445201}","{""C01"": 0, ""C02"": 1697, ""C03"": 0, ""C04"": 0, ""C05"": 0}","{""C01"": 0.025204103657946425, ""C02"": 0.02422136181439342, ""C03"": 0.025204103657946425, ""C04"": 0.025204103657946425, ""C05"": 0.025204103657946425}"
55,55,1,288,0.244787,5,"{""C01"": 1.654548, ""C02"": 1.820876, ""C03"": 1.687835, ""C04"": 1.715612, ""C05"": 1.438163}","{""C01"": 0, ""C02"": 1702, ""C03"": 0, ""C04"": 0, ""C05"": 0}","{""C01"": 0.025197794323222, ""C02"": 0.024212156768687206, ""C03"": 0.025197794323222, ""C04"": 0.025197794323222, ""C05"": 0.025197794323222}"
56,56,1,222,0.184314,5,"{""C01"": 1.642584, ""C02"": 1.869652, ""C03"": 1.724878, ""C04"": 1.709172, ""C05"": 1.443966}","{""C01"": 0, ""C02"": 1688, ""C03"": 0, ""C04"": 0, ""C05"": 0}","{""C01"": 0.02521577729029903, ""C02"": 0.02423824694680321, ""C03"": 0.02521577729029903, ""C04"": 0.02521577729029903, ""C05"": 0.02521577729029903}"
57,57,1,256,0.217451,5,"{""C01"": 1.667127, ""C02"": 1.855687, ""C03"": 1.695348, ""C04"": 1.733111, ""C05"": 1.457701}","{""C01"": 0, ""C02"": 1692, ""C03"": 0, ""C04"": 0, ""C05"": 0}","{""C01"": 0.025210716150193435, ""C02"": 0.024230869278951846, ""C03"": 0.025210716150193435, ""C04"": 0.025210716150193435, ""C05"": 0.025210716150193435}"
58,58,1,242,0.202159,5,"{""C01"": 1.651119, ""C02"": 1.871584, ""C03"": 1.708862, ""C04"": 1.736948, ""C05"": 1.470372}","{""C01"": 0, ""C02"": 1687, ""C03"": 0, ""C04"": 0, ""C05"": 0}","{""C01"": 0.02521621100919741, ""C02"": 0.02423926181932043, ""C03"": 0.02521621100919741, ""C04"": 0.02521621100919741, ""C05"": 0.02521621100919741}"
59,59,1,303,0.261182,5,"{""C01"": 1.706352, ""C02"": 1.842733, ""C03"": 1.746157, ""C04"": 1.724348, ""C05"": 1.443545}","{""C01"": 0, ""C02"": 1695, ""C03"": 0, ""C04"": 0, ""C05"": 0}","{""C01"": 0.025205540924925482, ""C02"": 0.02422395999289024, ""C03"": 0.025205540924925482, ""C04"": 0.025205540924925482, ""C05"": 0.025205540924925482}"
60,60,1,421,0.355942,5,"{""C01"": 1.696153, ""C02"": 1.838732, ""C03"": 1.763162, ""C04"": 1.748207, ""C05"": 1.467017}","{""C01"": 0, ""C02"": 1697, ""C03"": 0, ""C04"": 0, ""C05"": 0}","{""C01"": 0.025204556287347094, ""C02"": 0.02422181335024205, ""C03"": 0.025204556287347094, ""C04"": 0.025204556287347094, ""C05"": 0.025204556287347094}"
61,61,1,224,0.193353,5,"{""C01"": 1.664671, ""C02"": 1.916693, ""C03"": 1.750166, ""C04"": 1.769637, ""C05"": 1.463508}","{""C01"": 0, ""C02"": 1675, ""C03"": 0, ""C04"": 0, ""C05"": 0}","{""C01"": 0.02523257801594947, ""C02"": 0.02426257550615608, ""C03"": 0.02523257801594947, ""C04"": 0.02523257801594947, ""C05"": 0.02523257801594947}"
62,62,1,207,0.178068,5,"{""C01"": 1.674183, ""C02"": 1.914785, ""C03"": 1.752776, ""C04"": 1.74112, ""C05"": 1.446583}","{""C01"": 0, ""C02"": 1675, ""C03"": 0, ""C04"": 0, ""C05"": 0}","{""C01"": 0.025231604104000174, ""C02"": 0.024261603981094806, ""C03"": 0.025231604104000174, ""C04"": 0.025231604104000174, ""C05"": 0.025231604104000174}"
63,63,1,248,0.217518,5,"{""C01"": 1.736475, ""C02"": 1.890257, ""C03"": 1.720193, ""C04"": 1.758921, ""C05"": 1.479433}","{""C01"": 0, ""C02"": 1682, ""C03"": 0, ""C04"": 0, ""C05"": 0}","{""C01"": 0.02522305604497027, ""C02"": 0.024249001251530608, ""C03"": 0.02522305604497027, ""C04"": 0.02522305604497027, ""C05"": 0.02522305604497027}"
64,64,1,301,0.263813,5,"{""C01"": 1.71415, ""C02"": 1.886653, ""C03"": 1.745518, ""C04"": 1.779504, ""C05"": 1.504454}","{""C01"": 0, ""C02"": 1683, ""C03"": 0, ""C04"": 0, ""C05"": 0}","{""C01"": 0.025221765227741624, ""C02"": 0.024247131365383704, ""C03"": 0.025221765227741624, ""C04"": 0.025221765227741624, ""C05"": 0.025221765227741624}"
65,65,1,235,0.229887,5,"{""C01"": 1.685883, ""C02"": 1.915, ""C03"": 1.765665, ""C04"": 1.776855, ""C05"": 1.504795}","{""C01"": 0, ""C02"": 1675, ""C03"": 0, ""C04"": 0, ""C05"": 0}","{""C01"": 0.025231713918463655, ""C02"": 0.02426171352642761, ""C03"": 0.025231713918463655, ""C04"": 0.025231713918463655, ""C05"": 0.025231713918463655}"
66,66,1,255,0.239537,5,"{""C01"": 1.738417, ""C02"": 1.921589, ""C03"": 1.76849, ""C04"": 1.794449, ""C05"": 1.496836}","{""C01"": 0, ""C02"": 1673, ""C03"": 0, ""C04"": 0, ""C05"": 0}","{""C01"": 0.025233903673544, ""C02"": 0.02426506237792806, ""C03"": 0.025233903673544, ""C04"": 0.025233903673544, ""C05"": 0.025233903673544}"
67,67,1,219,0.199989,5,"{""C01"": 1.719303, ""C02"": 1.95025, ""C03"": 1.775771, ""C04"": 1.794522, ""C05"": 1.564172}","{""C01"": 0, ""C02"": 1665, ""C03"": 0, ""C04"": 0, ""C05"": 0}","{""C01"": 0.025243663155988527, ""C02"": 0.024279455793122642, ""C03"": 0.025243663155988527, ""C04"": 0.025243663155988527, ""C05"": 0.025243663155988527}"
68,68,1,271,0.235970,5,"{""C01"": 1.778084, ""C02"": 1.902276, ""C03"": 1.765478, ""C04"": 1.788336, ""C05"": 1.506553}","{""C01"": 0, ""C02"": 1679, ""C03"": 0, ""C04"": 0, ""C05"": 0}","{""C01"": 0.025227522506776137, ""C02"": 0.024255203466556914, ""C03"": 0.025227522506776137, ""C04"": 0.025227522506776137, ""C05"": 0.025227522506776137}"
69,69,1,208,0.181068,5,"{""C01"": 1.764034, ""C02"": 1.969399, ""C03"": 1.782495, ""C04"": 1.801067, ""C05"": 1.528018}","{""C01"": 0, ""C02"": 1660, ""C03"": 0, ""C04"": 0, ""C05"": 0}","{""C01"": 0.025250230735173892, ""C02"": 0.02428891842138535, ""C03"": 0.025250230735173892, ""C04"": 0.025250230735173892, ""C05"": 0.025250230735173892}"
70,70,1,220,0.183891,5,"{""C01"": 1.771608, ""C02"": 1.965971, ""C03"": 1.714062, ""C04"": 1.809519, ""C05"": 1.518246}","{""C01"": 0, ""C02"": 1661, ""C03"": 0, ""C04"": 0, ""C05"": 0}","{""C01"": 0.02524912523240673, ""C02"": 0.024287233394970884, ""C03"": 0.02524912523240673, ""C04"": 0.02524912523240673, ""C05"": 0.02524912523240673}"
71,71,1,220,0.191821,5,"{""C01"": 1.731144, ""C02"": 1.960696, ""C03"": 1.768074, ""C04"": 1.807148, ""C05"": 1.500583}","{""C01"": 0, ""C02"": 1663, ""C03"": 0, ""C04"": 0, ""C05"": 0}","{""C01"": 0.025247685767147615, ""C02"": 0.02428463297757675, ""C03"": 0.025247685767147615, ""C04"": 0.025247685767147615, ""C05"": 0.025247685767147615}"
72,72,1,300,0.256509,5,"{""C01"": 1.750593, ""C02"": 1.938099, ""C03"": 1.774619, ""C04"": 1.828493, ""C05"": 1.549041}","{""C01"": 0, ""C02"": 1669, ""C03"": 0, ""C04"": 0, ""C05"": 0}","{""C01"": 0.025239915046327097, ""C02"": 0.024273387932975742, ""C03"": 0.025239915046327097, ""C04"": 0.025239915046327097, ""C05"": 0.025239915046327097}"
73,73,1,223,0.364117,5,"{""C01"": 1.764858, ""C02"": 1.92695, ""C03"": 1.754361, ""C04"": 1.775597, ""C05"": 1.514052}","{""C01"": 0, ""C02"": 1672, ""C03"": 0, ""C04"": 0, ""C05"": 0}","{""C01"": 0.02523604043412485, ""C02"": 0.02426777612882725, ""C03"": 0.02523604043412485, ""C04"": 0.02523604043412485, ""C05"": 0.02523604043412485}"
74,74,1,236,0.370155,5,"{""C01"": 1.760603, ""C02"": 1.931386, ""C03"": 1.74636, ""C04"": 1.788213, ""C05"": 1.516576}","{""C01"": 0, ""C02"": 1670, ""C03"": 0, ""C04"": 0, ""C05"": 0}","{""C01"": 0.02523711631018838, ""C02"": 0.024270013839022397, ""C03"": 0.02523711631018838, ""C04"": 0.02523711631018838, ""C05"": 0.02523711631018838}"
75,75,1,242,0.373967,5,"{""C01"": 1.746834, ""C02"": 1.939148, ""C03"": 1.778575, ""C04"": 1.801213, ""C05"": 1.511684}","{""C01"": 0, ""C02"": 1668, ""C03"": 0, ""C04"": 0, ""C05"": 0}","{""C01"": 0.02523985830827609, ""C02"": 0.02427391357791326, ""C03"": 0.02523985830827609, ""C04"": 0.02523985830827609, ""C05"": 0.02523985830827609}"
76,76,1,223,0.308475,5,"{""C01"": 1.779013, ""C02"": 1.926898, ""C03"": 1.757729, ""C04"": 1.764596, ""C05"": 1.473933}","{""C01"": 0, ""C02"": 1672, ""C03"": 0, ""C04"": 0, ""C05"": 0}","{""C01"": 0.02523601409416122, ""C02"": 0.024267749853545673, ""C03"": 0.02523601409416122, ""C04"": 0.02523601409416122, ""C05"": 0.02523601409416122}"
77,77,1,270,0.390564,5,"{""C01"": 1.756993, ""C02"": 1.890986, ""C03"": 1.723937, ""C04"": 1.775886, ""C05"": 1.464758}","{""C01"": 0, ""C02"": 1682, ""C03"": 0, ""C04"": 0, ""C05"": 0}","{""C01"": 0.025223434657708432, ""C02"": 0.02424937894058822, ""C03"": 0.025223434657708432, ""C04"": 0.025223434657708432, ""C05"": 0.025223434657708432}"
78,78,1,250,0.342898,5,"{""C01"": 1.714593, ""C02"": 1.894661, ""C03"": 1.730487, ""C04"": 1.765775, ""C05"": 1.502213}","{""C01"": 0, ""C02"": 1681, ""C03"": 0, ""C04"": 0, ""C05"": 0}","{""C01"": 0.025224756608502555, ""C02"": 0.024251279883440374, ""C03"": 0.025224756608502555, ""C04"": 0.025224756608502555, ""C05"": 0.025224756608502555}"
79,79,1,222,0.305653,5,"{""C01"": 1.71997, ""C02"": 1.921237, ""C03"": 1.728544, ""C04"": 1.771188, ""C05"": 1.458249}","{""C01"": 0, ""C02"": 1673, ""C03"": 0, ""C04"": 0, ""C05"": 0}","{""C01"": 0.02523372467519165, ""C02"": 0.024264883818827764, ""C03"": 0.02523372467519165, ""C04"": 0.02523372467519165, ""C05"": 0.02523372467519165}"
80,80,1,244,0.338733,5,"{""C01"": 1.716487, ""C02"": 1.898054, ""C03"": 1.726376, ""C04"": 1.76449, ""C05"": 1.489541}","{""C01"": 0, ""C02"": 1680, ""C03"": 0, ""C04"": 0, ""C05"": 0}","{""C01"": 0.0252259280207172, ""C02"": 0.024253030655105545, ""C03"": 0.0252259280207172, ""C04"": 0.0252259280207172, ""C05"": 0.0252259280207172}"
81,81,1,207,0.242487,5,"{""C01"": 1.676561, ""C02"": 1.882528, ""C03"": 1.712357, ""C04"": 1.721762, ""C05"": 1.4713}","{""C01"": 0, ""C02"": 1684, ""C03"": 0, ""C04"": 0, ""C05"": 0}","{""C01"": 0.025220197618686185, ""C02"": 0.024244985361541634, ""C03"": 0.025220197618686185, ""C04"": 0.025220197618686185, ""C05"": 0.025220197618686185}"
82,82,1,233,0.206569,5,"{""C01"": 1.709945, ""C02"": 1.857352, ""C03"": 1.6874, ""C04"": 1.718387, ""C05"": 1.434242}","{""C01"": 0, ""C02"": 1691, ""C03"": 0, ""C04"": 0, ""C05"": 0}","{""C01"": 0.02521101800072459, ""C02"": 0.024231752598348293, ""C03"": 0.02521101800072459, ""C04"": 0.02521101800072459, ""C05"": 0.02521101800072459}"
83,83,1,277,0.239673,5,"{""C01"": 1.729972, ""C02"": 1.861099, ""C03"": 1.679432, ""C04"": 1.751349, ""C05"": 1.453569}","{""C01"": 0, ""C02"": 1690, ""C03"": 0, ""C04"": 0, ""C05"": 0}","{""C01"": 0.025212423568478026, ""C02"": 0.024233736959189088, ""C03"": 0.025212423568478026, ""C04"": 0.025212423568478026, ""C05"": 0.025212423568478026}"
84,84,1,221,0.195900,5,"{""C01"": 1.722317, ""C02"": 1.877399, ""C03"": 1.700835, ""C04"": 1.726965, ""C05"": 1.432525}","{""C01"": 0, ""C02"": 1685, ""C03"": 0, ""C04"": 0, ""C05"": 0}","{""C01"": 0.02521809762989928, ""C02"": 0.024242308273043973, ""C03"": 0.02521809762989928, ""C04"": 0.02521809762989928, ""C05"": 0.02521809762989928}"
85,85,1,222,0.189957,5,"{""C01"": 1.688436, ""C02"": 1.879831, ""C03"": 1.72873, ""C04"": 1.698697, ""C05"": 1.415741}","{""C01"": 0, ""C02"": 1685, ""C03"": 0, ""C04"": 0, ""C05"": 0}","{""C01"": 0.02521937145600396, ""C02"": 0.024243578997639105, ""C03"": 0.02521937145600396, ""C04"": 0.02521937145600396, ""C05"": 0.02521937145600396}"
86,86,1,211,0.183594,5,"{""C01"": 1.648938, ""C02"": 1.854133, ""C03"": 1.659573, ""C04"": 1.699, ""C05"": 1.442298}","{""C01"": 0, ""C02"": 1692, ""C03"": 0, ""C04"": 0, ""C05"": 0}","{""C01"": 0.025209888566831637, ""C02"": 0.024230043701483416, ""C03"": 0.025209888566831637, ""C04"": 0.025209888566831637, ""C05"": 0.025209888566831637}"
87,87,1,200,0.179122,5,"{""C01"": 1.718833, ""C02"": 1.890379, ""C03"": 1.649085, ""C04"": 1.698339, ""C05"": 1.449731}","{""C01"": 0, ""C02"": 1682, ""C03"": 0, ""C04"": 0, ""C05"": 0}","{""C01"": 0.025223119421600923, ""C02"": 0.024249064473545898, ""C03"": 0.025223119421600923, ""C04"": 0.025223119421600923, ""C05"": 0.025223119421600923}"
88,88,1,203,0.170608,5,"{""C01"": 1.725521, ""C02"": 1.892404, ""C03"": 1.675179, ""C04"": 1.69755, ""C05"": 1.431585}","{""C01"": 0, ""C02"": 1681, ""C03"": 0, ""C04"": 0, ""C05"": 0}","{""C01"": 0.025223586722443486, ""C02"": 0.024250112853303887, ""C03"": 0.025223586722443486, ""C04"": 0.025223586722443486, ""C05"": 0.025223586722443486}"
89,89,1,261,0.226344,5,"{""C01"": 1.702196, ""C02"": 1.876109, ""C03"": 1.680598, ""C04"": 1.757691, ""C05"": 1.398109}","{""C01"": 0, ""C02"": 1686, ""C03"": 0, ""C04"": 0, ""C05"": 0}","{""C01"": 0.025218005046521733, ""C02"": 0.024241633702723555, ""C03"": 0.025218005046521733, ""C04"": 0.025218005046521733, ""C05"": 0.025218005046521733}"
90,90,1,221,0.188910,5,"{""C01"": 1.714887, ""C02"": 1.870778, ""C03"": 1.688768, ""C04"": 1.725022, ""C05"": 1.439871}","{""C01"": 0, ""C02"": 1687, ""C03"": 0, ""C04"": 0, ""C05"": 0}","{""C01"": 0.0252157866284584, ""C02"": 0.024238838470509005, ""C03"": 0.0252157866284584, ""C04"": 0.0252157866284584, ""C05"": 0.0252157866284584}"
91,91,1,183,0.152970,5,"{""C01"": 1.725217, ""C02"": 1.918484, ""C03"": 1.705589, ""C04"": 1.708996, ""C05"": 1.428767}","{""C01"": 0, ""C02"": 1674, ""C03"": 0, ""C04"": 0, ""C05"": 0}","{""C01"": 0.025232907252047354, ""C02"": 0.024263486166584254, ""C03"": 0.025232907252047354, ""C04"": 0.025232907252047354, ""C05"": 0.025232907252047354}"
92,92,1,240,0.212564,5,"{""C01"": 1.727026, ""C02"": 1.911253, ""C03"": 1.706939, ""C04"": 1.7715, ""C05"": 1.464696}","{""C01"": 0, ""C02"": 1676, ""C03"": 0, ""C04"": 0, ""C05"": 0}","{""C01"": 0.02523038167608624, ""C02"": 0.02425980231774877, ""C03"": 0.02523038167608624, ""C04"": 0.02523038167608624, ""C05"": 0.02523038167608624}"
93,93,1,187,0.152365,5,"{""C01"": 1.747005, ""C02"": 1.944971, ""C03"": 1.684562, ""C04"": 1.754281, ""C05"": 1.461792}","{""C01"": 0, ""C02"": 1667, ""C03"": 0, ""C04"": 0, ""C05"": 0}","{""C01"": 0.025242194057162853, ""C02"": 0.024276825819613244, ""C03"": 0.025242194057162853, ""C04"": 0.025242194057162853, ""C05"": 0.025242194057162853}"
94,94,1,200,0.162519,5,"{""C01"": 1.74206, ""C02"": 1.915407, ""C03"": 1.744185, ""C04"": 1.742201, ""C05"": 1.474415}","{""C01"": 0, ""C02"": 1675, ""C03"": 0, ""C04"": 0, ""C05"": 0}","{""C01"": 0.025231921750587458, ""C02"": 0.024261920849197812, ""C03"": 0.025231921750587458, ""C04"": 0.025231921750587458, ""C05"": 0.025231921750587458}"
95,95,1,211,0.183246,5,"{""C01"": 1.787987, ""C02"": 1.952544, ""C03"": 1.697221, ""C04"": 1.764521, ""C05"": 1.478871}","{""C01"": 0, ""C02"": 1665, ""C03"": 0, ""C04"": 0, ""C05"": 0}","{""C01"": 0.02524480616156838, ""C02"": 0.024280595979019964, ""C03"": 0.02524480616156838, ""C04"": 0.02524480616156838, ""C05"": 0.02524480616156838}"
96,96,1,209,0.168889,5,"{""C01"": 1.743302, ""C02"": 1.947953, ""C03"": 1.715583, ""C04"": 1.783086, ""C05"": 1.501786}","{""C01"": 0, ""C02"": 1666, ""C03"": 0, ""C04"": 0, ""C05"": 0}","{""C01"": 0.025243100870904867, ""C02"": 0.024278312645259245, ""C03"": 0.025243100870904867, ""C04"": 0.025243100870904867, ""C05"": 0.025243100870904867}"
97,97,1,207,0.177915,5,"{""C01"": 1.749665, ""C02"": 1.940097, ""C03"": 1.739685, ""C04"": 1.773935, ""C05"": 1.506028}","{""C01"": 0, ""C02"": 1668, ""C03"": 0, ""C04"": 0, ""C05"": 0}","{""C01"": 0.02524033495364543, ""C02"": 0.02427438904978093, ""C03"": 0.02524033495364543, ""C04"": 0.02524033495364543, ""C05"": 0.02524033495364543}"
98,98,1,218,0.192837,5,"{""C01"": 1.814742, ""C02"": 1.975843, ""C03"": 1.761456, ""C04"": 1.779295, ""C05"": 1.494787}","{""C01"": 0, ""C02"": 1659, ""C03"": 0, ""C04"": 0, ""C05"": 0}","{""C01"": 0.02525281217639555, ""C02"": 0.024292075731134937, ""C03"": 0.02525281217639555, ""C04"": 0.02525281217639555, ""C05"": 0.02525281217639555}"
99,99,1,188,0.151372,5,"{""C01"": 1.792804, ""C02"": 1.980169, ""C03"": 1.779949, ""C04"": 1.791097, ""C05"": 1.506866}","{""C01"": 0, ""C02"": 1657, ""C03"": 0, ""C04"": 0, ""C05"": 0}","{""C01"": 0.02525376172026758, ""C02"": 0.024294187447612754, ""C03"": 0.02525376172026758, ""C04"": 0.02525376172026758, ""C05"": 0.02525376172026758}"
100,100,1,201,0.172336,5,"{""C01"": 1.803214, ""C02"": 1.982811, ""C03"": 1.732598, ""C04"": 1.768858, ""C05"": 1.514451}","{""C01"": 0, ""C02"": 1657, ""C03"": 0, ""C04"": 0, ""C05"": 0}","{""C01"": 0.025255051912770166, ""C02"": 0.024295474440496227, ""C03"": 0.025255051912770166, ""C04"": 0.025255051912770166, ""C05"": 0.025255051912770166}"
1,1,1,101,0.142966,5,"{""C01"": 1.042744, ""C02"": 1.06733, ""C03"": 1.355583, ""C04"": 1.353882, ""C05"": 1.890127}","{""C01"": 0, ""C02"": 0, ""C03"": 0, ""C04"": 0, ""C05"": 1682}","{""C01"": 0.025222988505933033, ""C02"": 0.025222988505933033, ""C03"": 0.025222988505933033, ""C04"": 0.025222988505933033, ""C05"": 0.024248933877262818}"
2,2,1,100,0.136401,5,"{""C01"": 1.057263, ""C02"": 1.077619, ""C03"": 1.367979, ""C04"": 1.364416, ""C05"": 1.915167}","{""C01"": 0, ""C02"": 0, ""C03"": 0, ""C04"": 0, ""C05"": 1675}","{""C01"": 0.02523179920380786, ""C02"": 0.02523179920380786, ""C03"": 0.02523179920380786, ""C04"": 0.02523179920380786, ""C05"": 0.024261798602755718}"
3,3,1,100,0.136816,5,"{""C01"": 1.069537, ""C02"": 1.085641, ""C03"": 1.377926, ""C04"": 1.373964, ""C05"": 1.940024}","{""C01"": 0, ""C02"": 0, ""C03"": 0, ""C04"": 0, ""C05"": 1668}","{""C01"": 0.025240298300686845, ""C02"": 0.025240298300686845, ""C03"": 0.025240298300686845, ""C04"": 0.025240298300686845, ""C05"": 0.024274352487062993}"
4,4,1,99,0.137994,5,"{""C01"": 1.079526, ""C02"": 1.091621, ""C03"": 1.386012, ""C04"": 1.383142, ""C05"": 1.965243}","{""C01"": 0, ""C02"": 0, ""C03"": 0, ""C04"": 0, ""C05"": 1661}","{""C01"": 0.02524876592177465, ""C02"": 0.02524876592177465, ""C03"": 0.02524876592177465, ""C04"": 0.02524876592177465, ""C05"": 0.02428687497304662}"
5,5,1,98,0.133714,5,"{""C01"": 1.087283, ""C02"": 1.09586, ""C03"": 1.392857, ""C04"": 1.3925, ""C05"": 1.991202}","{""C01"": 0, ""C02"": 0, ""C03"": 0, ""C04"": 0, ""C05"": 1654}","{""C01"": 0.025257382696732875, ""C02"": 0.025257382696732875, ""C03"": 0.025257382696732875, ""C04"": 0.025257382696732875, ""C05"": 0.024299546242621192}"
6,6,1,97,0.132281,5,"{""C01"": 1.092953, ""C02"": 1.098722, ""C03"": 1.39908, ""C04"": 1.402502, ""C05"": 2.0181}","{""C01"": 0, ""C02"": 0, ""C03"": 0, ""C04"": 0, ""C05"": 1647}","{""C01"": 0.025266231435585693, ""C02"": 0.025266231435585693, ""C03"": 0.025266231435585693, ""C04"": 0.025266231435585693, ""C05"": 0.02431244889393649}"
7,7,1,97,0.135709,5,"{""C01"": 1.096769, ""C02"": 1.100614, ""C03"": 1.405269, ""C04"": 1.413501, ""C05"": 2.045952}","{""C01"": 0, ""C02"": 0, ""C03"": 0, ""C04"": 0, ""C05"": 1640}","{""C01"": 0.02527530234668894, ""C02"": 0.02527530234668894, ""C03"": 0.02527530234668894, ""C04"": 0.02527530234668894, ""C05"": 0.024325573151757977}"
8,8,1,96,0.130871,5,"{""C01"": 1.099035, ""C02"": 1.101962, ""C03"": 1.411945, ""C04"": 1.425719, ""C05"": 2.074597}","{""C01"": 0, ""C02"": 0, ""C03"": 0, ""C04"": 0, ""C05"": 1633}","{""C01"": 0.025284504540606226, ""C02"": 0.025284504540606226, ""C03"": 0.025284504540606226, ""C04"": 0.025284504540606226, ""C05"": 0.024338828347716626}"
9,9,1,96,0.143285,5,"{""C01"": 1.100119, ""C02"": 1.103188, ""C03"": 1.419537, ""C04"": 1.439239, ""C05"": 2.103718}","{""C01"": 0, ""C02"": 0, ""C03"": 0, ""C04"": 0, ""C05"": 1626}","{""C01"": 0.02529368254798603, ""C02"": 0.02529368254798603, ""C03"": 0.02529368254798603, ""C04"": 0.02529368254798603, ""C05"": 0.024352059401206754}"
10,10,1,95,0.163302,5,"{""C01"": 1.100423, ""C02"": 1.104688, ""C03"": 1.428358, ""C04"": 1.454008, ""C05"": 2.132865}","{""C01"": 0, ""C02"": 0, ""C03"": 0, ""C04"": 0, ""C05"": 1619}","{""C01"": 0.025302632819426185, ""C02"": 0.025302632819426185, ""C03"": 0.025302632819426185, ""C04"": 0.025302632819426185, ""C05"": 0.024365063281249287}"
11,11,1,95,0.130478,5,"{""C01"": 1.100369, ""C02"": 1.106807, ""C03"": 1.438593, ""C04"": 1.469838, ""C05"": 2.161494}","{""C01"": 0, ""C02"": 0, ""C03"": 0, ""C04"": 0, ""C05"": 1612}","{""C01"": 0.02531112528864092, ""C02"": 0.02531112528864092, ""C03"": 0.02531112528864092, ""C04"": 0.02531112528864092, ""C05"": 0.024377610517580434}"
12,12,1,95,0.130591,5,"{""C01"": 1.100367, ""C02"": 1.109823, ""C03"": 1.450285, ""C04"": 1.486427, ""C05"": 2.189007}","{""C01"": 0, ""C02"": 0, ""C03"": 0, ""C04"": 0, ""C05"": 1606}","{""C01"": 0.02531950662078311, ""C02"": 0.02531950662078311, ""C03"": 0.02531950662078311, ""C04"": 0.02531950662078311, ""C05"": 0.024389464535873626}"
13,13,1,95,0.132415,5,"{""C01"": 1.100799, ""C02"": 1.113927, ""C03"": 1.463341, ""C04"": 1.503377, ""C05"": 2.214791}","{""C01"": 0, ""C02"": 0, ""C03"": 0, ""C04"": 0, ""C05"": 1600}","{""C01"": 0.025326964091296894, ""C02"": 0.025326964091296894, ""C03"": 0.025326964091296894, ""C04"": 0.025326964091296894, ""C05"": 0.024400397049518522}"
14,14,1,95,0.132695,5,"{""C01"": 1.101992, ""C02"": 1.11922, ""C03"": 1.477542, ""C04"": 1.520225, ""C05"": 2.238267}","{""C01"": 0, ""C02"": 0, ""C03"": 0, ""C04"": 0, ""C05"": 1594}","{""C01"": 0.025333295306384382, ""C02"": 0.025333295306384382, ""C03"": 0.025333295306384382, ""C04"": 0.025333295306384382, ""C05"": 0.024410206217353708}"
15,15,1,95,0.129510,5,"{""C01"": 1.104202, ""C02"": 1.125702, ""C03"": 1.492553, ""C04"": 1.536472, ""C05"": 2.258929}","{""C01"": 0, ""C02"": 0, ""C03"": 0, ""C04"": 0, ""C05"": 1590}","{""C01"": 0.025339504203020502, ""C02"": 0.025339504203020502, ""C03"": 0.025339504203020502, ""C04"": 0.025339504203020502, ""C05"": 0.024418728602388782}"
16,16,1,95,0.131353,5,"{""C01"": 1.107599, ""C02"": 1.133278, ""C03"": 1.507952, ""C04"": 1.551622, ""C05"": 2.276379}","{""C01"": 0, ""C02"": 0, ""C03"": 0, ""C04"": 0, ""C05"": 1586}","{""C01"": 0.025344304996786443, ""C02"": 0.025344304996786443, ""C03"": 0.025344304996786443, ""C04"": 0.025344304996786443, ""C05"": 0.024425846528134072}"
17,17,1,95,0.131016,5,"{""C01"": 1.112256, ""C02"": 1.141761, ""C03"": 1.52326, ""C04"": 1.565208, ""C05"": 2.290357}","{""C01"": 0, ""C02"": 0, ""C03"": 0, ""C04"": 0, ""C05"": 1583}","{""C01"": 0.025348218098931924, ""C02"": 0.025348218098931924, ""C03"": 0.025348218098931924, ""C04"": 0.025348218098931924, ""C05"": 0.02443149666493953}"
18,18,1,95,0.129034,5,"{""C01"": 1.118152, ""C02"": 1.150892, ""C03"": 1.537968, ""C04"": 1.576829, ""C05"": 2.300766}","{""C01"": 0, ""C02"": 0, ""C03"": 0, ""C04"": 0, ""C05"": 1580}","{""C01"": 0.025350655090039503, ""C02"": 0.025350655090039503, ""C03"": 0.025350655090039503, ""C04"": 0.025350655090039503, ""C05"": 0.024435674543491805}"
19,19,1,96,0.133633,5,"{""C01"": 1.125167, ""C02"": 1.160349, ""C03"": 1.551575, ""C04"": 1.586177, ""C05"": 2.307672}","{""C01"": 0, ""C02"": 0, ""C03"": 0, ""C04"": 0, ""C05"": 1579}","{""C01"": 0.025352836880504465, ""C02"": 0.025352836880504465, ""C03"": 0.025352836880504465, ""C04"": 0.025352836880504465, ""C05"": 0.024438433052923373}"
20,20,1,96,0.132849,5,"{""C01"": 1.133096, ""C02"": 1.169777, ""C03"": 1.563619, ""C04"": 1.593054, ""C05"": 2.311313}","{""C01"": 0, ""C02"": 0, ""C03"": 0, ""C04"": 0, ""C05"": 1578}","{""C01"": 0.02535370655657196, ""C02"": 0.02535370655657196, ""C03"": 0.02535370655657196, ""C04"": 0.02535370655657196, ""C05"": 0.024439882876626785}"
21,21,1,96,0.130977,5,"{""C01"": 1.14166, ""C02"": 1.178803, ""C03"": 1.573709, ""C04"": 1.597391, ""C05"": 2.312085}","{""C01"": 0, ""C02"": 0, ""C03"": 0, ""C04"": 0, ""C05"": 1578}","{""C01"": 0.025354014444710693, ""C02"": 0.025354014444710693, ""C03"": 0.025354014444710693, ""C04"": 0.025354014444710693, ""C05"": 0.024440189959398662}"
22,22,1,96,0.130795,5,"{""C01"": 1.150528, ""C02"": 1.187066, ""C03"": 1.581553, ""C04"": 1.599252, ""C05"": 2.310516}","{""C01"": 0, ""C02"": 0, ""C03"": 0, ""C04"": 0, ""C05"": 1578}","{""C01"": 0.02535338854035589, ""C02"": 0.02535338854035589, ""C03"": 0.02535338854035589, ""C04"": 0.02535338854035589, ""C05"": 0.024439565692258056}"
23,23,1,97,0.131806,5,"{""C01"": 1.159334, ""C02"": 1.19424, ""C03"": 1.586972, ""C04"": 1.598831, ""C05"": 2.307243}","{""C01"": 0, ""C02"": 0, ""C03"": 0, ""C04"": 0, ""C05"": 1579}","{""C01"": 0.025352665377753256, ""C02"": 0.025352665377753256, ""C03"": 0.025352665377753256, ""C04"": 0.025352665377753256, ""C05"": 0.024438261998479056}"
24,24,1,97,0.151042,5,"{""C01"": 1.167705, ""C02"": 1.200051, ""C03"": 1.589918, ""C04"": 1.596444, ""C05"": 2.30297}","{""C01"": 0, ""C02"": 0, ""C03"": 0, ""C04"": 0, ""C05"": 1580}","{""C01"": 0.025351539059217443, ""C02"": 0.025351539059217443, ""C03"": 0.025351539059217443, ""C04"": 0.025351539059217443, ""C05"": 0.024436556203616296}"
25,25,1,97,0.134725,5,"{""C01"": 1.17528, ""C02"": 1.2043, ""C03"": 1.590479, ""C04"": 1.592509, ""C05"": 2.298429}","{""C01"": 0, ""C02"": 0, ""C03"": 0, ""C04"": 0, ""C05"": 1581}","{""C01"": 0.02535030087567766, ""C02"": 0.02535030087567766, ""C03"": 0.02535030087567766, ""C04"": 0.02535030087567766, ""C05"": 0.024434738836059035}"
26,26,1,97,0.132196,5,"{""C01"": 1.18174, ""C02"": 1.206872, ""C03"": 1.588868, ""C04"": 1.58752, ""C05"": 2.294338}","{""C01"": 0, ""C02"": 0, ""C03"": 0, ""C04"": 0, ""C05"": 1582}","{""C01"": 0.025349239220123984, ""C02"": 0.025349239220123984, ""C03"": 0.025349239220123984, ""C04"": 0.025349239220123984, ""C05"": 0.024433097535889778}"
27,27,1,97,0.145444,5,"{""C01"": 1.186824, ""C02"": 1.207749, ""C03"": 1.585421, ""C04"": 1.582022, ""C05"": 2.291354}","{""C01"": 0, ""C02"": 0, ""C03"": 0, ""C04"": 0, ""C05"": 1582}","{""C01"": 0.02534803622957381, ""C02"": 0.02534803622957381, ""C03"": 0.02534803622957381, ""C04"": 0.02534803622957381, ""C05"": 0.02443189768340545}"
28,28,1,97,0.133553,5,"{""C01"": 1.190344, ""C02"": 1.207005, ""C03"": 1.580568, ""C04"": 1.576573, ""C05"": 2.290039}","{""C01"": 0, ""C02"": 0, ""C03"": 0, ""C04"": 0, ""C05"": 1583}","{""C01"": 0.025348089719053404, ""C02"": 0.025348089719053404, ""C03"": 0.025348089719053404, ""C04"": 0.025348089719053404, ""C05"": 0.02443136861972868}"
29,29,1,97,0.132078,5,"{""C01"": 1.192204, ""C02"": 1.204808, ""C03"": 1.574813, ""C04"": 1.571714, ""C05"": 2.290827}","{""C01"": 0, ""C02"": 0, ""C03"": 0, ""C04"": 0, ""C05"": 1583}","{""C01"": 0.025348407795117517, ""C02"": 0.025348407795117517, ""C03"": 0.025348407795117517, ""C04"": 0.025348407795117517, ""C05"": 0.024431685866611152}"
30,30,1,96,0.156062,5,"{""C01"": 1.192401, ""C02"": 1.201408, ""C03"": 1.568703, ""C04"": 1.567935, ""C05"": 2.293994}","{""C01"": 0, ""C02"": 0, ""C03"": 0, ""C04"": 0, ""C05"": 1582}","{""C01"": 0.0253491006541159, ""C02"": 0.0253491006541159, ""C03"": 0.0253491006541159, ""C04"": 0.0253491006541159, ""C05"": 0.024432959331347634}"
31,31,1,96,0.129981,5,"{""C01"": 1.191028, ""C02"": 1.197122, ""C03"": 1.562792, ""C04"": 1.565648, ""C05"": 2.299648}","{""C01"": 0, ""C02"": 0, ""C03"": 0, ""C04"": 0, ""C05"": 1581}","{""C01"": 0.025350790522337047, ""C02"": 0.025350790522337047, ""C03"": 0.025350790522337047, ""C04"": 0.025350790522337047, ""C05"": 0.0244352272045302}"
32,32,1,95,0.130815,5,"{""C01"": 1.188268, ""C02"": 1.192313, ""C03"": 1.557612, ""C04"": 1.565157, ""C05"": 2.30772}","{""C01"": 0, ""C02"": 0, ""C03"": 0, ""C04"": 0, ""C05"": 1579}","{""C01"": 0.02535285606672695, ""C02"": 0.02535285606672695, ""C03"": 0.02535285606672695, ""C04"": 0.02535285606672695, ""C05"": 0.02443845218899306}"
33,33,1,95,0.129528,5,"{""C01"": 1.184384, ""C02"": 1.187373, ""C03"": 1.553636, ""C04"": 1.566645, ""C05"": 2.317971}","{""C01"": 0, ""C02"": 0, ""C03"": 0, ""C04"": 0, ""C05"": 1577}","{""C01"": 0.025355773172842114, ""C02"": 0.025355773172842114, ""C03"": 0.025355773172842114, ""C04"": 0.025355773172842114, ""C05"": 0.02444252650864194}"
34,34,1,95,0.114041,5,"{""C01"": 1.179703, ""C02"": 1.182692, ""C03"": 1.551254, ""C04"": 1.570161, ""C05"": 2.33001}","{""C01"": 0, ""C02"": 0, ""C03"": 0, ""C04"": 0, ""C05"": 1574}","{""C01"": 0.02535878847136444, ""C02"": 0.02535878847136444, ""C03"": 0.02535878847136444, ""C04"": 0.02535878847136444, ""C05"": 0.024447281188995577}"
35,35,1,94,0.084066,5,"{""C01"": 1.174594, ""C02"": 1.178642, ""C03"": 1.550745, ""C04"": 1.575617, ""C05"": 2.343315}","{""C01"": 0, ""C02"": 0, ""C03"": 0, ""C04"": 0, ""C05"": 1571}","{""C01"": 0.025362267567368313, ""C02"": 0.025362267567368313, ""C03"": 0.025362267567368313, ""C04"": 0.025362267567368313, ""C05"": 0.02445249845438395}"
36,36,1,94,0.080719,5,"{""C01"": 1.169449, ""C02"": 1.175548, ""C03"": 1.552263, ""C04"": 1.582799, ""C05"": 2.357274}","{""C01"": 0, ""C02"": 0, ""C03"": 0, ""C04"": 0, ""C05"": 1568}","{""C01"": 0.025365962002010647, ""C02"": 0.025365962002010647, ""C03"": 0.025365962002010647, ""C04"": 0.025365962002010647, ""C05"": 0.02445793049285318}"
37,37,1,94,0.079385,5,"{""C01"": 1.164656, ""C02"": 1.17367, ""C03"": 1.555828, ""C04"": 1.591372, ""C05"": 2.371215}","{""C01"": 0, ""C02"": 0, ""C03"": 0, ""C04"": 0, ""C05"": 1565}","{""C01"": 0.025369607220066343, ""C02"": 0.025369607220066343, ""C03"": 0.025369607220066343, ""C04"": 0.025369607220066343, ""C05"": 0.02446331344390495}"
38,38,1,94,0.080752,5,"{""C01"": 1.160578, ""C02"": 1.173189, ""C03"": 1.561325, ""C04"": 1.600911, ""C05"": 2.384456}","{""C01"": 0, ""C02"": 0, ""C03"": 0, ""C04"": 0, ""C05"": 1563}","{""C01"": 0.02537352715949981, ""C02"": 0.02537352715949981, ""C03"": 0.02537352715949981, ""C04"": 0.02537352715949981, ""C05"": 0.02446838793420767}"
39,39,1,94,0.082412,5,"{""C01"": 1.157526, ""C02"": 1.174194, ""C03"": 1.568512, ""C04"": 1.610922, ""C05"": 2.396346}","{""C01"": 0, ""C02"": 0, ""C03"": 0, ""C04"": 0, ""C05"": 1560}","{""C01"": 0.02537631210363224, ""C02"": 0.02537631210363224, ""C03"": 0.02537631210363224, ""C04"": 0.02537631210363224, ""C05"": 0.024472912881374292}"
40,40,1,94,0.080932,5,"{""C01"": 1.155746, ""C02"": 1.176679, ""C03"": 1.577033, ""C04"": 1.620873, ""C05"": 2.406305}","{""C01"": 0, ""C02"": 0, ""C03"": 0, ""C04"": 0, ""C05"": 1558}","{""C01"": 0.025378921604534727, ""C02"": 0.025378921604534727, ""C03"": 0.025378921604534727, ""C04"": 0.025378921604534727, ""C05"": 0.02447668039259176}"
41,41,1,94,0.079953,5,"{""C01"": 1.155401, ""C02"": 1.18054, ""C03"": 1.586444, ""C04"": 1.630233, ""C05"": 2.413863}","{""C01"": 0, ""C02"": 0, ""C03"": 0, ""C04"": 0, ""C05"": 1557}","{""C01"": 0.02538119078621033, ""C02"": 0.02538119078621033, ""C03"": 0.02538119078621033, ""C04"": 0.02538119078621033, ""C05"": 0.02447952601906803}"
42,42,1,94,0.080051,5,"{""C01"": 1.156559, ""C02"": 1.185585, ""C03"": 1.596241, ""C04"": 1.638499, ""C05"": 2.418688}","{""C01"": 0, ""C02"": 0, ""C03"": 0, ""C04"": 0, ""C05"": 1556}","{""C01"": 0.025382422041003078, ""C02"": 0.025382422041003078, ""C03"": 0.025382422041003078, ""C04"": 0.025382422041003078, ""C05"": 0.024481336471550322}"
43,43,1,95,0.089031,5,"{""C01"": 1.159193, ""C02"": 1.191545, ""C03"": 1.605888, ""C04"": 1.645232, ""C05"": 2.420609}","{""C01"": 0, ""C02"": 0, ""C03"": 0, ""C04"": 0, ""C05"": 1555}","{""C01"": 0.025382559296750387, ""C02"": 0.025382559296750387, ""C03"": 0.025382559296750387, ""C04"": 0.025382559296750387, ""C05"": 0.02448205583267156}"
44,44,1,95,0.080942,5,"{""C01"": 1.163182, ""C02"": 1.198091, ""C03"": 1.614855, ""C04"": 1.650082, ""C05"": 2.419627}","{""C01"": 0, ""C02"": 0, ""C03"": 0, ""C04"": 0, ""C05"": 1555}","{""C01"": 0.02538219053320835, ""C02"": 0.02538219053320835, ""C03"": 0.02538219053320835, ""C04"": 0.02538219053320835, ""C05"": 0.02448168804924293}"
45,45,1,95,0.080317,5,"{""C01"": 1.168315, ""C02"": 1.204855, ""C03"": 1.62265, ""C04"": 1.652812, ""C05"": 2.415915}","{""C01"": 0, ""C02"": 0, ""C03"": 0, ""C04"": 0, ""C05"": 1556}","{""C01"": 0.02538137925161707, ""C02"": 0.02538137925161707, ""C03"": 0.02538137925161707, ""C04"": 0.02538137925161707, ""C05"": 0.024480296451893886}"
46,46,1,96,0.081263,5,"{""C01"": 1.17431, ""C02"": 1.211452, ""C03"": 1.628847, ""C04"": 1.653313, ""C05"": 2.409808}","{""C01"": 0, ""C02"": 0, ""C03"": 0, ""C04"": 0, ""C05"": 1557}","{""C01"": 0.025379661300311315, ""C02"": 0.025379661300311315, ""C03"": 0.025379661300311315, ""C04"": 0.025379661300311315, ""C05"": 0.02447800059272529}"
47,47,1,96,0.085798,5,"{""C01"": 1.180827, ""C02"": 1.217506, ""C03"": 1.633116, ""C04"": 1.651609, ""C05"": 2.401781}","{""C01"": 0, ""C02"": 0, ""C03"": 0, ""C04"": 0, ""C05"": 1559}","{""C01"": 0.025377792212165018, ""C02"": 0.025377792212165018, ""C03"": 0.025377792212165018, ""C04"": 0.025377792212165018, ""C05"": 0.024474971530460767}"
48,48,1,96,0.083165,5,"{""C01"": 1.187493, ""C02"": 1.222671, ""C03"": 1.635246, ""C04"": 1.647859, ""C05"": 2.392426}","{""C01"": 0, ""C02"": 0, ""C03"": 0, ""C04"": 0, ""C05"": 1561}","{""C01"": 0.025375403623725312, ""C02"": 0.025375403623725312, ""C03"": 0.025375403623725312, ""C04"": 0.025375403623725312, ""C05"": 0.024471424346937345}"
49,49,1,96,0.080653,5,"{""C01"": 1.193922, ""C02"": 1.226656, ""C03"": 1.635151, ""C04"": 1.642344, ""C05"": 2.382406}","{""C01"": 0, ""C02"": 0, ""C03"": 0, ""C04"": 0, ""C05"": 1563}","{""C01"": 0.02537274182400813, ""C02"": 0.02537274182400813, ""C03"": 0.02537274182400813, ""C04"": 0.02537274182400813, ""C05"": 0.02446760467447697}"
50,50,1,96,0.080802,5,"{""C01"": 1.199741, ""C02"": 1.229239, ""C03"": 1.632883, ""C04"": 1.635451, ""C05"": 2.372424}","{""C01"": 0, ""C02"": 0, ""C03"": 0, ""C04"": 0, ""C05"": 1565}","{""C01"": 0.02537007341774393, ""C02"": 0.02537007341774393, ""C03"": 0.02537007341774393, ""C04"": 0.02537007341774393, ""C05"": 0.02446377841110844}"
51,51,1,96,0.081261,5,"{""C01"": 1.204614, ""C02"": 1.230286, ""C03"": 1.628625, ""C04"": 1.627653, ""C05"": 2.363173}","{""C01"": 0, ""C02"": 0, ""C03"": 0, ""C04"": 0, ""C05"": 1567}","{""C01"": 0.025367666994884366, ""C02"": 0.025367666994884366, ""C03"": 0.025367666994884366, ""C04"": 0.025367666994884366, ""C05"": 0.024460213438782717}"
52,52,1,97,0.085537,5,"{""C01"": 1.208262, ""C02"": 1.229754, ""C03"": 1.62268, ""C04"": 1.619471, ""C05"": 2.355296}","{""C01"": 0, ""C02"": 0, ""C03"": 0, ""C04"": 0, ""C05"": 1569}","{""C01"": 0.02536577697248936, ""C02"": 0.02536577697248936, ""C03"": 0.02536577697248936, ""C04"": 0.02536577697248936, ""C05"": 0.02445716350776001}"
53,53,1,96,0.083094,5,"{""C01"": 1.210479, ""C02"": 1.227699, ""C03"": 1.615455, ""C04"": 1.611453, ""C05"": 2.349345}","{""C01"": 0, ""C02"": 0, ""C03"": 0, ""C04"": 0, ""C05"": 1570}","{""C01"": 0.025364041633520087, ""C02"": 0.025364041633520087, ""C03"": 0.025364041633520087, ""C04"": 0.025364041633520087, ""C05"": 0.02445485029474102}"
54,54,1,96,0.080653,5,"{""C01"": 1.211148, ""C02"": 1.224269, ""C03"": 1.607433, ""C04"": 1.60413, ""C05"": 2.34575}","{""C01"": 0, ""C02"": 0, ""C03"": 0, ""C04"": 0, ""C05"": 1571}","{""C01"": 0.02536322084183784, ""C02"": 0.02536322084183784, ""C03"": 0.02536322084183784, ""C04"": 0.02536322084183784, ""C05"": 0.02445344922319638}"
55,55,1,96,0.080342,5,"{""C01"": 1.210246, ""C02"": 1.219696, ""C03"": 1.599144, ""C04"": 1.597988, ""C05"": 2.344789}","{""C01"": 0, ""C02"": 0, ""C03"": 0, ""C04"": 0, ""C05"": 1571}","{""C01"": 0.025362844794130868, ""C02"": 0.025362844794130868, ""C03"": 0.025362844794130868, ""C04"": 0.025362844794130868, ""C05"": 0.024453074163934357}"
56,56,1,96,0.081806,5,"{""C01"": 1.207847, ""C02"": 1.214281, ""C03"": 1.591133, ""C04"": 1.59344, ""C05"": 2.346573}","{""C01"": 0, ""C02"": 0, ""C03"": 0, ""C04"": 0, ""C05"": 1571}","{""C01"": 0.02536354271010334, ""C02"": 0.02536354271010334, ""C03"": 0.02536354271010334, ""C04"": 0.02536354271010334, ""C05"": 0.024453770245414314}"
57,57,1,95,0.084823,5,"{""C01"": 1.204117, ""C02"": 1.208379, ""C03"": 1.583925, ""C04"": 1.590796, ""C05"": 2.351037}","{""C01"": 0, ""C02"": 0, ""C03"": 0, ""C04"": 0, ""C05"": 1570}","{""C01"": 0.0253647018973589, ""C02"": 0.0253647018973589, ""C03"": 0.0253647018973589, ""C04"": 0.0253647018973589, ""C05"": 0.024455508821860938}"
58,58,1,95,0.082429,5,"{""C01"": 1.199302, ""C02"": 1.202371, ""C03"": 1.577994, ""C04"": 1.590245, ""C05"": 2.357949}","{""C01"": 0, ""C02"": 0, ""C03"": 0, ""C04"": 0, ""C05"": 1568}","{""C01"": 0.025366224349006525, ""C02"": 0.025366224349006525, ""C03"": 0.025366224349006525, ""C04"": 0.025366224349006525, ""C05"": 0.024458192148854963}"
59,59,1,94,0.079408,5,"{""C01"": 1.193717, ""C02"": 1.196645, ""C03"": 1.573733, ""C04"": 1.591845, ""C05"": 2.36692}","{""C01"": 0, ""C02"": 0, ""C03"": 0, ""C04"": 0, ""C05"": 1566}","{""C01"": 0.02536853291572061, ""C02"": 0.02536853291572061, ""C03"": 0.02536853291572061, ""C04"": 0.02536853291572061, ""C05"": 0.024461659523967214}"
60,60,1,94,0.078990,5,"{""C01"": 1.187722, ""C02"": 1.19157, ""C03"": 1.571429, ""C04"": 1.595519, ""C05"": 2.377431}","{""C01"": 0, ""C02"": 0, ""C03"": 0, ""C04"": 0, ""C05"": 1564}","{""C01"": 0.02537141642061355, ""C02"": 0.02537141642061355, ""C03"": 0.02537141642061355, ""C04"": 0.02537141642061355, ""C05"": 0.024465700319518342}"
61,61,1,94,0.079001,5,"{""C01"": 1.181701, ""C02"": 1.187474, ""C03"": 1.571244, ""C04"": 1.601059, ""C05"": 2.388864}","{""C01"": 0, ""C02"": 0, ""C03"": 0, ""C04"": 0, ""C05"": 1562}","{""C01"": 0.025374628648635253, ""C02"": 0.025374628648635253, ""C03"": 0.025374628648635253, ""C04"": 0.025374628648635253, ""C05"": 0.024470068965287115}"
62,62,1,94,0.083007,5,"{""C01"": 1.176042, ""C02"": 1.184624, ""C03"": 1.573211, ""C04"": 1.60814, ""C05"": 2.40054}","{""C01"": 0, ""C02"": 0, ""C03"": 0, ""C04"": 0, ""C05"": 1559}","{""C01"": 0.025377321360762026, ""C02"": 0.025377321360762026, ""C03"": 0.025377321360762026, ""C04"": 0.025377321360762026, ""C05"": 0.02447450192702663}"
63,63,1,94,0.082110,5,"{""C01"": 1.171106, ""C02"": 1.183207, ""C03"": 1.577224, ""C04"": 1.616339, ""C05"": 2.411766}","{""C01"": 0, ""C02"": 0, ""C03"": 0, ""C04"": 0, ""C05"": 1557}","{""C01"": 0.0253804002979912, ""C02"": 0.0253804002979912, ""C03"": 0.0253804002979912, ""C04"": 0.0253804002979912, ""C05"": 0.024478737628996137}"
64,64,1,94,0.078932,5,"{""C01"": 1.16721, ""C02"": 1.183322, ""C03"": 1.583051, ""C04"": 1.625163, ""C05"": 2.421871}","{""C01"": 0, ""C02"": 0, ""C03"": 0, ""C04"": 0, ""C05"": 1555}","{""C01"": 0.02538303288588975, ""C02"": 0.02538303288588975, ""C03"": 0.02538303288588975, ""C04"": 0.02538303288588975, ""C05"": 0.02448252816306319}"
65,65,1,94,0.079418,5,"{""C01"": 1.164605, ""C02"": 1.18497, ""C03"": 1.590345, ""C04"": 1.63408, ""C05"": 2.430254}","{""C01"": 0, ""C02"": 0, ""C03"": 0, ""C04"": 0, ""C05"": 1553}","{""C01"": 0.025385001902379856, ""C02"": 0.025385001902379856, ""C03"": 0.025385001902379856, ""C04"": 0.025385001902379856, ""C05"": 0.024485656890287415}"
66,66,1,94,0.081109,5,"{""C01"": 1.163464, ""C02"": 1.188057, ""C03"": 1.598666, ""C04"": 1.642548, ""C05"": 2.43642}","{""C01"": 0, ""C02"": 0, ""C03"": 0, ""C04"": 0, ""C05"": 1552}","{""C01"": 0.02538671637808118, ""C02"": 0.02538671637808118, ""C03"": 0.02538671637808118, ""C04"": 0.02538671637808118, ""C05"": 0.024487949278364847}"
67,67,1,94,0.082965,5,"{""C01"": 1.163863, ""C02"": 1.1924, ""C03"": 1.607511, ""C04"": 1.650055, ""C05"": 2.440008}","{""C01"": 0, ""C02"": 0, ""C03"": 0, ""C04"": 0, ""C05"": 1551}","{""C01"": 0.025387466193820304, ""C02"": 0.025387466193820304, ""C03"": 0.025387466193820304, ""C04"": 0.025387466193820304, ""C05"": 0.024489279575727555}"
68,68,1,94,0.082720,5,"{""C01"": 1.165786, ""C02"": 1.197737, ""C03"": 1.616342, ""C04"": 1.656147, ""C05"": 2.440816}","{""C01"": 0, ""C02"": 0, ""C03"": 0, ""C04"": 0, ""C05"": 1551}","{""C01"": 0.025387766292891523, ""C02"": 0.025387766292891523, ""C03"": 0.025387766292891523, ""C04"": 0.025387766292891523, ""C05"": 0.024489578874940635}"
69,69,1,95,0.080058,5,"{""C01"": 1.169121, ""C02"": 1.203742, ""C03"": 1.624622, ""C04"": 1.660456, ""C05"": 2.438814}","{""C01"": 0, ""C02"": 0, ""C03"": 0, ""C04"": 0, ""C05"": 1551}","{""C01"": 0.025387022464654727, ""C02"": 0.025387022464654727, ""C03"": 0.025387022464654727, ""C04"": 0.025387022464654727, ""C05"": 0.024488837029218866}"
70,70,1,95,0.080048,5,"{""C01"": 1.173666, ""C02"": 1.210048, ""C03"": 1.631847, ""C04"": 1.662725, ""C05"": 2.434146}","{""C01"": 0, ""C02"": 0, ""C03"": 0, ""C04"": 0, ""C05"": 1552}","{""C01"": 0.025385869443588893, ""C02"": 0.025385869443588893, ""C03"": 0.025385869443588893, ""C04"": 0.025385869443588893, ""C05"": 0.02448710459963114}"
71,71,1,96,0.082085,5,"{""C01"": 1.179146, ""C02"": 1.216269, ""C03"": 1.637578, ""C04"": 1.662824, ""C05"": 2.427119}","{""C01"": 0, ""C02"": 0, ""C03"": 0, ""C04"": 0, ""C05"": 1554}","{""C01"": 0.025384414495428276, ""C02"": 0.025384414495428276, ""C03"": 0.025384414495428276, ""C04"": 0.025384414495428276, ""C05"": 0.02448448857135908}"
72,72,1,96,0.087559,5,"{""C01"": 1.185224, ""C02"": 1.222025, ""C03"": 1.641467, ""C04"": 1.660756, ""C05"": 2.418186}","{""C01"": 0, ""C02"": 0, ""C03"": 0, ""C04"": 0, ""C05"": 1556}","{""C01"": 0.025382233392932912, ""C02"": 0.025382233392932912, ""C03"": 0.025382233392932912, ""C04"": 0.025382233392932912, ""C05"": 0.024481148324554006}"
73,73,1,96,0.083699,5,"{""C01"": 1.191528, ""C02"": 1.226963, ""C03"": 1.643282, ""C04"": 1.656657, ""C05"": 2.407919}","{""C01"": 0, ""C02"": 0, ""C03"": 0, ""C04"": 0, ""C05"": 1558}","{""C01"": 0.02537953194666548, ""C02"": 0.02537953194666548, ""C03"": 0.02537953194666548, ""C04"": 0.02537953194666548, ""C05"": 0.024477289115880367}"
74,74,1,96,0.080955,5,"{""C01"": 1.197671, ""C02"": 1.23078, ""C03"": 1.642918, ""C04"": 1.650791, ""C05"": 2.396969}","{""C01"": 0, ""C02"": 0, ""C03"": 0, ""C04"": 0, ""C05"": 1560}","{""C01"": 0.025376549056932554, ""C02"": 0.025376549056932554, ""C03"": 0.025376549056932554, ""C04"": 0.025376549056932554, ""C05"": 0.0244731492070753}"
75,75,1,96,0.081071,5,"{""C01"": 1.203277, ""C02"": 1.233243, ""C03"": 1.640405, ""C04"": 1.64353, ""C05"": 2.38603}","{""C01"": 0, ""C02"": 0, ""C03"": 0, ""C04"": 0, ""C05"": 1562}","{""C01"": 0.025373545317539006, ""C02"": 0.025373545317539006, ""C03"": 0.025373545317539006, ""C04"": 0.025373545317539006, ""C05"": 0.02446898849955244}"
76,76,1,96,0.082762,5,"{""C01"": 1.207999, ""C02"": 1.234205, ""C03"": 1.635906, ""C04"": 1.635333, ""C05"": 2.375795}","{""C01"": 0, ""C02"": 0, ""C03"": 0, ""C04"": 0, ""C05"": 1564}","{""C01"": 0.025370787241743298, ""C02"": 0.025370787241743298, ""C03"": 0.025370787241743298, ""C04"": 0.025370787241743298, ""C05"": 0.02446507280244712}"
77,77,1,96,0.084614,5,"{""C01"": 1.21155, ""C02"": 1.233608, ""C03"": 1.629708, ""C04"": 1.626715, ""C05"": 2.366911}","{""C01"": 0, ""C02"": 0, ""C03"": 0, ""C04"": 0, ""C05"": 1566}","{""C01"": 0.02536852943578219, ""C02"": 0.02536852943578219, ""C03"": 0.02536852943578219, ""C04"": 0.02536852943578219, ""C05"": 0.024461656053207367}"
78,78,1,97,0.080837,5,"{""C01"": 1.213711, ""C02"": 1.231494, ""C03"": 1.622202, ""C04"": 1.61822, ""C05"": 2.359941}","{""C01"": 0, ""C02"": 0, ""C03"": 0, ""C04"": 0, ""C05"": 1568}","{""C01"": 0.025366997924983217, ""C02"": 0.025366997924983217, ""C03"": 0.025366997924983217, ""C04"": 0.025366997924983217, ""C05"": 0.024458963687265665}"
79,79,1,96,0.080575,5,"{""C01"": 1.214351, ""C02"": 1.227998, ""C03"": 1.613861, ""C04"": 1.61038, ""C05"": 2.35533}","{""C01"": 0, ""C02"": 0, ""C03"": 0, ""C04"": 0, ""C05"": 1569}","{""C01"": 0.025365790201959504, ""C02"": 0.025365790201959504, ""C03"": 0.025365790201959504, ""C04"": 0.025365790201959504, ""C05"": 0.02445717670240776}"
80,80,1,96,0.081013,5,"{""C01"": 1.213435, ""C02"": 1.223339, ""C03"": 1.605208, ""C04"": 1.603688, ""C05"": 2.353371}","{""C01"": 0, ""C02"": 0, ""C03"": 0, ""C04"": 0, ""C05"": 1569}","{""C01"": 0.025365027495699022, ""C02"": 0.025365027495699022, ""C03"": 0.025365027495699022, ""C04"": 0.025365027495699022, ""C05"": 0.024456416003695323}"
81,81,1,95,0.094543,5,"{""C01"": 1.211022, ""C02"": 1.217811, ""C03"": 1.596787, ""C04"": 1.598566, ""C05"": 2.354196}","{""C01"": 0, ""C02"": 0, ""C03"": 0, ""C04"": 0, ""C05"": 1569}","{""C01"": 0.025365348809652216, ""C02"": 0.025365348809652216, ""C03"": 0.025365348809652216, ""C04"": 0.025365348809652216, ""C05"": 0.024456736471914577}"
82,82,1,95,0.081871,5,"{""C01"": 1.207264, ""C02"": 1.211761, ""C03"": 1.589125, ""C04"": 1.595336, ""C05"": 2.357762}","{""C01"": 0, ""C02"": 0, ""C03"": 0, ""C04"": 0, ""C05"": 1568}","{""C01"": 0.02536615168015921, ""C02"": 0.02536615168015921, ""C03"": 0.02536615168015921, ""C04"": 0.02536615168015921, ""C05"": 0.024458119671410584}"
83,83,1,95,0.077193,5,"{""C01"": 1.202399, ""C02"": 1.205566, ""C03"": 1.582703, ""C04"": 1.594204, ""C05"": 2.363854}","{""C01"": 0, ""C02"": 0, ""C03"": 0, ""C04"": 0, ""C05"": 1567}","{""C01"": 0.02536793078646324, ""C02"": 0.02536793078646324, ""C03"": 0.02536793078646324, ""C04"": 0.02536793078646324, ""C05"": 0.024460476535065726}"
84,84,1,94,0.077235,5,"{""C01"": 1.19673, ""C02"": 1.199615, ""C03"": 1.577925, ""C04"": 1.595243, ""C05"": 2.3721}","{""C01"": 0, ""C02"": 0, ""C03"": 0, ""C04"": 0, ""C05"": 1565}","{""C01"": 0.025369948515440513, ""C02"": 0.025369948515440513, ""C03"": 0.025369948515440513, ""C04"": 0.025369948515440513, ""C05"": 0.024463653838472734}"
85,85,1,94,0.082910,5,"{""C01"": 1.190613, ""C02"": 1.194279, ""C03"": 1.575091, ""C04"": 1.598394, ""C05"": 2.381994}","{""C01"": 0, ""C02"": 0, ""C03"": 0, ""C04"": 0, ""C05"": 1563}","{""C01"": 0.025372583871580368, ""C02"": 0.025372583871580368, ""C03"": 0.025372583871580368, ""C04"": 0.025372583871580368, ""C05"": 0.024467447139532257}"
86,86,1,94,0.080887,5,"{""C01"": 1.18443, ""C02"": 1.189893, ""C03"": 1.574381, ""C04"": 1.603463, ""C05"": 2.392927}","{""C01"": 0, ""C02"": 0, ""C03"": 0, ""C04"": 0, ""C05"": 1561}","{""C01"": 0.025375594582206715, ""C02"": 0.025375594582206715, ""C03"": 0.025375594582206715, ""C04"": 0.025375594582206715, ""C05"": 0.02447161479998676}"
87,87,1,94,0.076806,5,"{""C01"": 1.178567, ""C02"": 1.186731, ""C03"": 1.575842, ""C04"": 1.610139, ""C05"": 2.404224}","{""C01"": 0, ""C02"": 0, ""C03"": 0, ""C04"": 0, ""C05"": 1559}","{""C01"": 0.025378718080097756, ""C02"": 0.025378718080097756, ""C03"": 0.025378718080097756, ""C04"": 0.025378718080097756, ""C05"": 0.024475894944345707}"
88,88,1,94,0.078334,5,"{""C01"": 1.173391, ""C02"": 1.184992, ""C03"": 1.579386, ""C04"": 1.618009, ""C05"": 2.415189}","{""C01"": 0, ""C02"": 0, ""C03"": 0, ""C04"": 0, ""C05"": 1556}","{""C01"": 0.02538110594969714, ""C02"": 0.02538110594969714, ""C03"": 0.02538110594969714, ""C04"": 0.02538110594969714, ""C05"": 0.024480023875862848}"
89,89,1,94,0.077321,5,"{""C01"": 1.169225, ""C02"": 1.184785, ""C03"": 1.584797, ""C04"": 1.626587, ""C05"": 2.425144}","{""C01"": 0, ""C02"": 0, ""C03"": 0, ""C04"": 0, ""C05"": 1554}","{""C01"": 0.025383675302737427, ""C02"": 0.025383675302737427, ""C03"": 0.025383675302737427, ""C04"": 0.025383675302737427, ""C05"": 0.024483751344734}"
90,90,1,94,0.077502,5,"{""C01"": 1.166329, ""C02"": 1.186124, ""C03"": 1.591739, ""C04"": 1.635342, ""C05"": 2.433475}","{""C01"": 0, ""C02"": 0, ""C03"": 0, ""C04"": 0, ""C05"": 1553}","{""C01"": 0.025386203647989672, ""C02"": 0.025386203647989672, ""C03"": 0.025386203647989672, ""C04"": 0.025386203647989672, ""C05"": 0.024486855437275988}"
91,91,1,94,0.079007,5,"{""C01"": 1.164886, ""C02"": 1.188929, ""C03"": 1.599784, ""C04"": 1.643733, ""C05"": 2.439669}","{""C01"": 0, ""C02"": 0, ""C03"": 0, ""C04"": 0, ""C05"": 1551}","{""C01"": 0.025387340242672085, ""C02"": 0.025387340242672085, ""C03"": 0.025387340242672085, ""C04"": 0.025387340242672085, ""C05"": 0.024489153960275265}"
92,92,1,94,0.093214,5,"{""C01"": 1.164986, ""C02"": 1.193025, ""C03"": 1.608434, ""C04"": 1.651239, ""C05"": 2.443343}","{""C01"": 0, ""C02"": 0, ""C03"": 0, ""C04"": 0, ""C05"": 1551}","{""C01"": 0.025388703909150406, ""C02"": 0.025388703909150406, ""C03"": 0.025388703909150406, ""C04"": 0.025388703909150406, ""C05"": 0.02449051399208631}"
93,93,1,94,0.084675,5,"{""C01"": 1.166624, ""C02"": 1.19816, ""C03"": 1.617153, ""C04"": 1.657397, ""C05"": 2.444274}","{""C01"": 0, ""C02"": 0, ""C03"": 0, ""C04"": 0, ""C05"": 1550}","{""C01"": 0.025388464747928788, ""C02"": 0.025388464747928788, ""C03"": 0.025388464747928788, ""C04"": 0.025388464747928788, ""C05"": 0.02449085794972737}"
94,94,1,95,0.081335,5,"{""C01"": 1.1697, ""C02"": 1.204015, ""C03"": 1.625401, ""C04"": 1.661825, ""C05"": 2.442406}","{""C01"": 0, ""C02"": 0, ""C03"": 0, ""C04"": 0, ""C05"": 1551}","{""C01"": 0.02538835641070805, ""C02"": 0.02538835641070805, ""C03"": 0.02538835641070805, ""C04"": 0.02538835641070805, ""C05"": 0.02449016741987563}"
95,95,1,95,0.100272,5,"{""C01"": 1.174024, ""C02"": 1.210228, ""C03"": 1.632667, ""C04"": 1.664249, ""C05"": 2.437859}","{""C01"": 0, ""C02"": 0, ""C03"": 0, ""C04"": 0, ""C05"": 1552}","{""C01"": 0.025387251726515223, ""C02"": 0.025387251726515223, ""C03"": 0.025387251726515223, ""C04"": 0.025387251726515223, ""C05"": 0.024488483200884918}"
96,96,1,95,0.085155,5,"{""C01"": 1.179327, ""C02"": 1.216413, ""C03"": 1.638501, ""C04"": 1.664522, ""C05"": 2.430919}","{""C01"": 0, ""C02"": 0, ""C03"": 0, ""C04"": 0, ""C05"": 1553}","{""C01"": 0.025385250202498738, ""C02"": 0.025385250202498738, ""C03"": 0.025385250202498738, ""C04"": 0.025385250202498738, ""C05"": 0.024485904529533982}"
97,97,1,96,0.078694,5,"{""C01"": 1.185281, ""C02"": 1.222186, ""C03"": 1.642542, ""C04"": 1.662626, ""C05"": 2.422019}","{""C01"": 0, ""C02"": 0, ""C03"": 0, ""C04"": 0, ""C05"": 1555}","{""C01"": 0.025383088402039594, ""C02"": 0.025383088402039594, ""C03"": 0.025383088402039594, ""C04"": 0.025383088402039594, ""C05"": 0.02448258353165557}"
98,98,1,96,0.078540,5,"{""C01"": 1.191516, ""C02"": 1.22719, ""C03"": 1.644539, ""C04"": 1.658683, ""C05"": 2.411717}","{""C01"": 0, ""C02"": 0, ""C03"": 0, ""C04"": 0, ""C05"": 1557}","{""C01"": 0.025380381814872705, ""C02"": 0.025380381814872705, ""C03"": 0.025380381814872705, ""C04"": 0.025380381814872705, ""C05"": 0.024478719194935442}"
99,99,1,96,0.100891,5,"{""C01"": 1.197646, ""C02"": 1.231114, ""C03"": 1.644371, ""C04"": 1.652938, ""C05"": 2.400653}","{""C01"": 0, ""C02"": 0, ""C03"": 0, ""C04"": 0, ""C05"": 1559}","{""C01"": 0.025377364249134587, ""C02"": 0.025377364249134587, ""C03"": 0.025377364249134587, ""C04"": 0.025377364249134587, ""C05"": 0.02447454470172662}"
100,100,1,97,0.083071,5,"{""C01"": 1.203291, ""C02"": 1.233715, ""C03"": 1.642048, ""C04"": 1.645749, ""C05"": 2.38952}","{""C01"": 0, ""C02"": 0, ""C03"": 0, ""C04"": 0, ""C05"": 1562}","{""C01"": 0.025374879145067974, ""C02"": 0.025374879145067974, ""C03"": 0.025374879145067974, ""C04"": 0.025374879145067974, ""C05"": 0.02447031879914763}"
