game_id,iter_idx,converged,rounds,duration_sec,player_count,quality_scores_json,final_datasizes_json,final_payoffs_json
1,1,1,360,4.101259,25,"{""C01"": 1.012744, ""C02"": 1.03733, ""C03"": 1.050196, ""C04"": 1.054695, ""C05"": 1.05812, ""C06"": 1.014662, ""C07"": 1.052604, ""C08"": 1.018744, ""C09"": 1.04333, ""C10"": 1.356879, ""C11"": 1.258979, ""C12"": 1.295989, ""C13"": 1.339909, ""C14"": 1.379489, ""C15"": 1.40552, ""C16"": 1.262745, ""C17"": 1.342277, ""C18"": 1.362879, ""C19"": 1.264979, ""C20"": 1.977327, ""C21"": 1.889209, ""C22"": 1.87951, ""C23"": 1.882197, ""C24"": 1.883782, ""C25"": 1.983327}","{""C01"": 0, ""C02"": 0, ""C03"": 0, ""C04"": 0, ""C05"": 0, ""C06"": 0, ""C07"": 0, ""C08"": 0, ""C09"": 0, ""C10"": 0, ""C11"": 0, ""C12"": 0, ""C13"": 0, ""C14"": 0, ""C15"": 0, ""C16"": 0, ""C17"": 0, ""C18"": 0, ""C19"": 0, ""C20"": 653, ""C21"": 0, ""C22"": 0, ""C23"": 0, ""C24"": 0, ""C25"": 1011}","{""C01"": 0.0252582300668171, ""C02"": 0.0252582300668171, ""C03"": 0.0252582300668171, ""C04"": 0.0252582300668171, ""C05"": 0.0252582300668171, ""C06"": 0.0252582300668171, ""C07"": 0.0252582300668171, ""C08"": 0.0252582300668171, ""C09"": 0.0252582300668171, ""C10"": 0.0252582300668171, ""C11"": 0.0252582300668171, ""C12"": 0.0252582300668171, ""C13"": 0.0252582300668171, ""C14"": 0.0252582300668171, ""C15"": 0.0252582300668171, ""C16"": 0.0252582300668171, ""C17"": 0.0252582300668171, ""C18"": 0.0252582300668171, ""C19"": 0.0252582300668171, ""C20"": 0.024880065896487856, ""C21"": 0.0252582300668171, ""C22"": 0.0252582300668171, ""C23"": 0.0252582300668171, ""C24"": 0.0252582300668171, ""C25"": 0.024672745395129914}"
2,2,1,71,0.573405,25,"{""C01"": 1.027263, ""C02"": 1.047619, ""C03"": 1.05685, ""C04"": 1.060018, ""C05"": 1.065042, ""C06"": 1.029872, ""C07"": 1.058986, ""C08"": 1.033263, ""C09"": 1.053619, ""C10"": 1.374939, ""C11"": 1.28289, ""C12"": 1.323561, ""C13"": 1.367231, ""C14"": 1.402767, ""C15"": 1.422862, ""C16"": 1.287222, ""C17"": 1.369187, ""C18"": 1.380939, ""C19"": 1.28889, ""C20"": 2.001769, ""C21"": 1.911379, ""C22"": 1.904678, ""C23"": 1.914224, ""C24"": 1.909438, ""C25"": 2.007769}","{""C01"": 0, ""C02"": 0, ""C03"": 0, ""C04"": 0, ""C05"": 0, ""C06"": 0, ""C07"": 0, ""C08"": 0, ""C09"": 0, ""C10"": 0, ""C11"": 0, ""C12"": 0, ""C13"": 0, ""C14"": 0, ""C15"": 0, ""C16"": 0, ""C17"": 0, ""C18"": 0, ""C19"": 0, ""C20"": 796, ""C21"": 0, ""C22"": 0, ""C23"": 0, ""C24"": 0, ""C25"": 862}","{""C01"": 0.02526631662829966, ""C02"": 0.02526631662829966, ""C03"": 0.02526631662829966, ""C04"": 0.02526631662829966, ""C05"": 0.02526631662829966, ""C06"": 0.02526631662829966, ""C07"": 0.02526631662829966, ""C08"": 0.02526631662829966, ""C09"": 0.02526631662829966, ""C10"": 0.02526631662829966, ""C11"": 0.02526631662829966, ""C12"": 0.02526631662829966, ""C13"": 0.02526631662829966, ""C14"": 0.02526631662829966, ""C15"": 0.02526631662829966, ""C16"": 0.02526631662829966, ""C17"": 0.02526631662829966, ""C18"": 0.02526631662829966, ""C19"": 0.02526631662829966, ""C20"": 0.02480533855849556, ""C21"": 0.02526631662829966, ""C22"": 0.02526631662829966, ""C23"": 0.02526631662829966, ""C24"": 0.02526631662829966, ""C25"": 0.02476712058050093}"
3,3,1,78,0.678545,25,"{""C01"": 1.039537, ""C02"": 1.055641, ""C03"": 1.061906, ""C04"": 1.06479, ""C05"": 1.072344, ""C06"": 1.042788, ""C07"": 1.063605, ""C08"": 1.045537, ""C09"": 1.061641, ""C10"": 1.393848, ""C11"": 1.307155, ""C12"": 1.350201, ""C13"": 1.392149, ""C14"": 1.422676, ""C15"": 1.43683, ""C16"": 1.311971, ""C17"": 1.393549, ""C18"": 1.399848, ""C19"": 1.313155, ""C20"": 2.022509, ""C21"": 1.931735, ""C22"": 1.929692, ""C23"": 1.946747, ""C24"": 1.934856, ""C25"": 2.028509}","{""C01"": 0, ""C02"": 0, ""C03"": 0, ""C04"": 0, ""C05"": 0, ""C06"": 0, ""C07"": 0, ""C08"": 0, ""C09"": 0, ""C10"": 0, ""C11"": 0, ""C12"": 0, ""C13"": 0, ""C14"": 0, ""C15"": 0, ""C16"": 0, ""C17"": 0, ""C18"": 0, ""C19"": 0, ""C20"": 790, ""C21"": 0, ""C22"": 0, ""C23"": 0, ""C24"": 0, ""C25"": 863}","{""C01"": 0.02527330748913538, ""C02"": 0.02527330748913538, ""C03"": 0.02527330748913538, ""C04"": 0.02527330748913538, ""C05"": 0.02527330748913538, ""C06"": 0.02527330748913538, ""C07"": 0.02527330748913538, ""C08"": 0.02527330748913538, ""C09"": 0.02527330748913538, ""C10"": 0.02527330748913538, ""C11"": 0.02527330748913538, ""C12"": 0.02527330748913538, ""C13"": 0.02527330748913538, ""C14"": 0.02527330748913538, ""C15"": 0.02527330748913538, ""C16"": 0.02527330748913538, ""C17"": 0.02527330748913538, ""C18"": 0.02527330748913538, ""C19"": 0.02527330748913538, ""C20"": 0.024815804128400155, ""C21"": 0.02527330748913538, ""C22"": 0.02527330748913538, ""C23"": 0.02527330748913538, ""C24"": 0.02527330748913538, ""C25"": 0.02477353172583698}"
4,4,1,101,1.211158,25,"{""C01"": 1.049526, ""C02"": 1.061621, ""C03"": 1.065774, ""C04"": 1.069438, ""C05"": 1.080296, ""C06"": 1.053344, ""C07"": 1.066894, ""C08"": 1.055526, ""C09"": 1.067621, ""C10"": 1.413636, ""C11"": 1.331471, ""C12"": 1.375461, ""C13"": 1.414322, ""C14"": 1.439184, ""C15"": 1.447761, ""C16"": 1.336675, ""C17"": 1.415047, ""C18"": 1.419636, ""C19"": 1.337471, ""C20"": 2.040347, ""C21"": 1.951104, ""C22"": 1.95509, ""C23"": 1.979836, ""C24"": 1.960564, ""C25"": 2.046347}","{""C01"": 0, ""C02"": 0, ""C03"": 0, ""C04"": 0, ""C05"": 0, ""C06"": 0, ""C07"": 0, ""C08"": 0, ""C09"": 0, ""C10"": 0, ""C11"": 0, ""C12"": 0, ""C13"": 0, ""C14"": 0, ""C15"": 0, ""C16"": 0, ""C17"": 0, ""C18"": 0, ""C19"": 0, ""C20"": 779, ""C21"": 0, ""C22"": 0, ""C23"": 0, ""C24"": 0, ""C25"": 869}","{""C01"": 0.025278817667287096, ""C02"": 0.025278817667287096, ""C03"": 0.025278817667287096, ""C04"": 0.025278817667287096, ""C05"": 0.025278817667287096, ""C06"": 0.025278817667287096, ""C07"": 0.025278817667287096, ""C08"": 0.025278817667287096, ""C09"": 0.025278817667287096, ""C10"": 0.025278817667287096, ""C11"": 0.025278817667287096, ""C12"": 0.025278817667287096, ""C13"": 0.025278817667287096, ""C14"": 0.025278817667287096, ""C15"": 0.025278817667287096, ""C16"": 0.025278817667287096, ""C17"": 0.025278817667287096, ""C18"": 0.025278817667287096, ""C19"": 0.025278817667287096, ""C20"": 0.024827684606511476, ""C21"": 0.025278817667287096, ""C22"": 0.025278817667287096, ""C23"": 0.025278817667287096, ""C24"": 0.025278817667287096, ""C25"": 0.024775567817938788}"
5,5,1,122,1.697839,25,"{""C01"": 1.057283, ""C02"": 1.06586, ""C03"": 1.068886, ""C04"": 1.074346, ""C05"": 1.089077, ""C06"": 1.061574, ""C07"": 1.069316, ""C08"": 1.063283, ""C09"": 1.07186, ""C10"": 1.434196, ""C11"": 1.355451, ""C12"": 1.398891, ""C13"": 1.433494, ""C14"": 1.452389, ""C15"": 1.456098, ""C16"": 1.360937, ""C17"": 1.433455, ""C18"": 1.440196, ""C19"": 1.361451, ""C20"": 2.056121, ""C21"": 1.970226, ""C22"": 1.981237, ""C23"": 2.01338, ""C24"": 1.98692, ""C25"": 2.062121}","{""C01"": 0, ""C02"": 0, ""C03"": 0, ""C04"": 0, ""C05"": 0, ""C06"": 0, ""C07"": 0, ""C08"": 0, ""C09"": 0, ""C10"": 0, ""C11"": 0, ""C12"": 0, ""C13"": 0, ""C14"": 0, ""C15"": 0, ""C16"": 0, ""C17"": 0, ""C18"": 0, ""C19"": 0, ""C20"": 765, ""C21"": 0, ""C22"": 0, ""C23"": 0, ""C24"": 0, ""C25"": 879}","{""C01"": 0.025283862301258606, ""C02"": 0.025283862301258606, ""C03"": 0.025283862301258606, ""C04"": 0.025283862301258606, ""C05"": 0.025283862301258606, ""C06"": 0.025283862301258606, ""C07"": 0.025283862301258606, ""C08"": 0.025283862301258606, ""C09"": 0.025283862301258606, ""C10"": 0.025283862301258606, ""C11"": 0.025283862301258606, ""C12"": 0.025283862301258606, ""C13"": 0.025283862301258606, ""C14"": 0.025283862301258606, ""C15"": 0.025283862301258606, ""C16"": 0.025283862301258606, ""C17"": 0.025283862301258606, ""C18"": 0.025283862301258606, ""C19"": 0.025283862301258606, ""C20"": 0.024840836894977028, ""C21"": 0.025283862301258606, ""C22"": 0.025283862301258606, ""C23"": 0.025283862301258606, ""C24"": 0.025283862301258606, ""C25"": 0.024774821220197366}"
6,6,1,338,3.005431,25,"{""C01"": 1.062953, ""C02"": 1.068722, ""C03"": 1.071678, ""C04"": 1.079837, ""C05"": 1.098768, ""C06"": 1.067606, ""C07"": 1.071342, ""C08"": 1.068953, ""C09"": 1.074722, ""C10"": 1.455294, ""C11"": 1.378648, ""C12"": 1.420082, ""C13"": 1.449517, ""C14"": 1.462515, ""C15"": 1.462369, ""C16"": 1.3843, ""C17"": 1.448659, ""C18"": 1.461294, ""C19"": 1.384648, ""C20"": 2.070663, ""C21"": 1.989727, ""C22"": 2.008321, ""C23"": 2.047106, ""C24"": 2.014109, ""C25"": 2.076663}","{""C01"": 0, ""C02"": 0, ""C03"": 0, ""C04"": 0, ""C05"": 0, ""C06"": 0, ""C07"": 0, ""C08"": 0, ""C09"": 0, ""C10"": 0, ""C11"": 0, ""C12"": 0, ""C13"": 0, ""C14"": 0, ""C15"": 0, ""C16"": 0, ""C17"": 0, ""C18"": 0, ""C19"": 0, ""C20"": 657, ""C21"": 0, ""C22"": 0, ""C23"": 0, ""C24"": 0, ""C25"": 983}","{""C01"": 0.025288425538098333, ""C02"": 0.025288425538098333, ""C03"": 0.025288425538098333, ""C04"": 0.025288425538098333, ""C05"": 0.025288425538098333, ""C06"": 0.025288425538098333, ""C07"": 0.025288425538098333, ""C08"": 0.025288425538098333, ""C09"": 0.025288425538098333, ""C10"": 0.025288425538098333, ""C11"": 0.025288425538098333, ""C12"": 0.025288425538098333, ""C13"": 0.025288425538098333, ""C14"": 0.025288425538098333, ""C15"": 0.025288425538098333, ""C16"": 0.025288425538098333, ""C17"": 0.025288425538098333, ""C18"": 0.025288425538098333, ""C19"": 0.025288425538098333, ""C20"": 0.024907944895056506, ""C21"": 0.025288425538098333, ""C22"": 0.025288425538098333, ""C23"": 0.025288425538098333, ""C24"": 0.025288425538098333, ""C25"": 0.024719156233566617}"
7,7,1,685,5.550578,25,"{""C01"": 1.066769, ""C02"": 1.070614, ""C03"": 1.074559, ""C04"": 1.086153, ""C05"": 1.109351, ""C06"": 1.071659, ""C07"": 1.073422, ""C08"": 1.072769, ""C09"": 1.076614, ""C10"": 1.476594, ""C11"": 1.400593, ""C12"": 1.438689, ""C13"": 1.462371, ""C14"": 1.469906, ""C15"": 1.467158, ""C16"": 1.406292, ""C17"": 1.460675, ""C18"": 1.482594, ""C19"": 1.406593, ""C20"": 2.084755, ""C21"": 2.01008, ""C22"": 2.036345, ""C23"": 2.080604, ""C24"": 2.04213, ""C25"": 2.090755}","{""C01"": 0, ""C02"": 0, ""C03"": 0, ""C04"": 0, ""C05"": 0, ""C06"": 0, ""C07"": 0, ""C08"": 0, ""C09"": 0, ""C10"": 0, ""C11"": 0, ""C12"": 0, ""C13"": 0, ""C14"": 0, ""C15"": 0, ""C16"": 0, ""C17"": 0, ""C18"": 0, ""C19"": 0, ""C20"": 484, ""C21"": 0, ""C22"": 0, ""C23"": 0, ""C24"": 0, ""C25"": 1152}","{""C01"": 0.025292828520698682, ""C02"": 0.025292828520698682, ""C03"": 0.025292828520698682, ""C04"": 0.025292828520698682, ""C05"": 0.025292828520698682, ""C06"": 0.025292828520698682, ""C07"": 0.025292828520698682, ""C08"": 0.025292828520698682, ""C09"": 0.025292828520698682, ""C10"": 0.025292828520698682, ""C11"": 0.025292828520698682, ""C12"": 0.025292828520698682, ""C13"": 0.025292828520698682, ""C14"": 0.025292828520698682, ""C15"": 0.025292828520698682, ""C16"": 0.025292828520698682, ""C17"": 0.025292828520698682, ""C18"": 0.025292828520698682, ""C19"": 0.025292828520698682, ""C20"": 0.02501253532247609, ""C21"": 0.025292828520698682, ""C22"": 0.025292828520698682, ""C23"": 0.025292828520698682, ""C24"": 0.025292828520698682, ""C25"": 0.02462568825223174}"
8,8,1,1386,13.376287,25,"{""C01"": 1.069035, ""C02"": 1.071962, ""C03"": 1.077894, ""C04"": 1.093447, ""C05"": 1.120712, ""C06"": 1.07403, ""C07"": 1.075963, ""C08"": 1.075035, ""C09"": 1.077962, ""C10"": 1.497676, ""C11"": 1.42083, ""C12"": 1.454462, ""C13"": 1.472161, ""C14"": 1.475009, ""C15"": 1.471073, ""C16"": 1.426455, ""C17"": 1.469644, ""C18"": 1.503676, ""C19"": 1.42683, ""C20"": 2.099094, ""C21"": 2.031592, ""C22"": 2.065138, ""C23"": 2.113362, ""C24"": 2.070812, ""C25"": 2.105094}","{""C01"": 0, ""C02"": 0, ""C03"": 0, ""C04"": 0, ""C05"": 0, ""C06"": 0, ""C07"": 0, ""C08"": 0, ""C09"": 0, ""C10"": 0, ""C11"": 0, ""C12"": 0, ""C13"": 0, ""C14"": 0, ""C15"": 0, ""C16"": 0, ""C17"": 0, ""C18"": 0, ""C19"": 0, ""C20"": 0, ""C21"": 0, ""C22"": 0, ""C23"": 1630, ""C24"": 0, ""C25"": 0}","{""C01"": 0.025300348370144693, ""C02"": 0.025300348370144693, ""C03"": 0.025300348370144693, ""C04"": 0.025300348370144693, ""C05"": 0.025300348370144693, ""C06"": 0.025300348370144693, ""C07"": 0.025300348370144693, ""C08"": 0.025300348370144693, ""C09"": 0.025300348370144693, ""C10"": 0.025300348370144693, ""C11"": 0.025300348370144693, ""C12"": 0.025300348370144693, ""C13"": 0.025300348370144693, ""C14"": 0.025300348370144693, ""C15"": 0.025300348370144693, ""C16"": 0.025300348370144693, ""C17"": 0.025300348370144693, ""C18"": 0.025300348370144693, ""C19"": 0.025300348370144693, ""C20"": 0.025300348370144693, ""C21"": 0.025300348370144693, ""C22"": 0.025300348370144693, ""C23"": 0.024356388183735568, ""C24"": 0.025300348370144693, ""C25"": 0.025300348370144693}"
9,9,1,424,3.705361,25,"{""C01"": 1.070119, ""C02"": 1.073188, ""C03"": 1.081982, ""C04"": 1.101769, ""C05"": 1.132651, ""C06"": 1.075082, ""C07"": 1.079306, ""C08"": 1.076119, ""C09"": 1.079188, ""C10"": 1.518075, ""C11"": 1.438943, ""C12"": 1.467263, ""C13"": 1.479123, ""C14"": 1.47835, ""C15"": 1.474714, ""C16"": 1.444375, ""C17"": 1.475838, ""C18"": 1.524075, ""C19"": 1.444943, ""C20"": 2.114251, ""C21"": 2.054387, ""C22"": 2.094373, ""C23"": 2.144807, ""C24"": 2.099832, ""C25"": 2.120251}","{""C01"": 0, ""C02"": 0, ""C03"": 0, ""C04"": 0, ""C05"": 0, ""C06"": 0, ""C07"": 0, ""C08"": 0, ""C09"": 0, ""C10"": 0, ""C11"": 0, ""C12"": 0, ""C13"": 0, ""C14"": 0, ""C15"": 0, ""C16"": 0, ""C17"": 0, ""C18"": 0, ""C19"": 0, ""C20"": 0, ""C21"": 0, ""C22"": 0, ""C23"": 1622, ""C24"": 0, ""C25"": 0}","{""C01"": 0.02530965041970548, ""C02"": 0.02530965041970548, ""C03"": 0.02530965041970548, ""C04"": 0.02530965041970548, ""C05"": 0.02530965041970548, ""C06"": 0.02530965041970548, ""C07"": 0.02530965041970548, ""C08"": 0.02530965041970548, ""C09"": 0.02530965041970548, ""C10"": 0.02530965041970548, ""C11"": 0.02530965041970548, ""C12"": 0.02530965041970548, ""C13"": 0.02530965041970548, ""C14"": 0.02530965041970548, ""C15"": 0.02530965041970548, ""C16"": 0.02530965041970548, ""C17"": 0.02530965041970548, ""C18"": 0.02530965041970548, ""C19"": 0.02530965041970548, ""C20"": 0.02530965041970548, ""C21"": 0.02530965041970548, ""C22"": 0.02530965041970548, ""C23"": 0.02437032385406926, ""C24"": 0.02530965041970548, ""C25"": 0.02530965041970548}"
10,10,1,289,2.506049,25,"{""C01"": 1.070423, ""C02"": 1.074688, ""C03"": 1.08704, ""C04"": 1.111076, ""C05"": 1.144897, ""C06"": 1.075219, ""C07"": 1.083708, ""C08"": 1.076423, ""C09"": 1.080688, ""C10"": 1.537307, ""C11"": 1.454592, ""C12"": 1.477084, ""C13"": 1.48361, ""C14"": 1.480507, ""C15"": 1.478642, ""C16"": 1.459717, ""C17"": 1.479645, ""C18"": 1.543307, ""C19"": 1.460592, ""C20"": 2.130644, ""C21"": 2.078411, ""C22"": 2.123593, ""C23"": 2.174346, ""C24"": 2.128736, ""C25"": 2.136644}","{""C01"": 0, ""C02"": 0, ""C03"": 0, ""C04"": 0, ""C05"": 0, ""C06"": 0, ""C07"": 0, ""C08"": 0, ""C09"": 0, ""C10"": 0, ""C11"": 0, ""C12"": 0, ""C13"": 0, ""C14"": 0, ""C15"": 0, ""C16"": 0, ""C17"": 0, ""C18"": 0, ""C19"": 0, ""C20"": 0, ""C21"": 0, ""C22"": 0, ""C23"": 1615, ""C24"": 0, ""C25"": 0}","{""C01"": 0.025318445043657864, ""C02"": 0.025318445043657864, ""C03"": 0.025318445043657864, ""C04"": 0.025318445043657864, ""C05"": 0.025318445043657864, ""C06"": 0.025318445043657864, ""C07"": 0.025318445043657864, ""C08"": 0.025318445043657864, ""C09"": 0.025318445043657864, ""C10"": 0.025318445043657864, ""C11"": 0.025318445043657864, ""C12"": 0.025318445043657864, ""C13"": 0.025318445043657864, ""C14"": 0.025318445043657864, ""C15"": 0.025318445043657864, ""C16"": 0.025318445043657864, ""C17"": 0.025318445043657864, ""C18"": 0.025318445043657864, ""C19"": 0.025318445043657864, ""C20"": 0.025318445043657864, ""C21"": 0.025318445043657864, ""C22"": 0.025318445043657864, ""C23"": 0.024383172339944883, ""C24"": 0.025318445043657864, ""C25"": 0.025318445043657864}"
11,11,1,250,2.224333,25,"{""C01"": 1.070369, ""C02"": 1.076807, ""C03"": 1.093193, ""C04"": 1.121226, ""C05"": 1.157128, ""C06"": 1.074868, ""C07"": 1.089327, ""C08"": 1.076369, ""C09"": 1.082807, ""C10"": 1.554909, ""C11"": 1.467536, ""C12"": 1.484044, ""C13"": 1.486074, ""C14"": 1.482079, ""C15"": 1.483343, ""C16"": 1.47225, ""C17"": 1.481546, ""C18"": 1.560909, ""C19"": 1.473536, ""C20"": 2.148523, ""C21"": 2.103438, ""C22"": 2.15225, ""C23"": 2.20141, ""C24"": 2.156985, ""C25"": 2.154523}","{""C01"": 0, ""C02"": 0, ""C03"": 0, ""C04"": 0, ""C05"": 0, ""C06"": 0, ""C07"": 0, ""C08"": 0, ""C09"": 0, ""C10"": 0, ""C11"": 0, ""C12"": 0, ""C13"": 0, ""C14"": 0, ""C15"": 0, ""C16"": 0, ""C17"": 0, ""C18"": 0, ""C19"": 0, ""C20"": 0, ""C21"": 0, ""C22"": 0, ""C23"": 1609, ""C24"": 0, ""C25"": 0}","{""C01"": 0.025326542909727398, ""C02"": 0.025326542909727398, ""C03"": 0.025326542909727398, ""C04"": 0.025326542909727398, ""C05"": 0.025326542909727398, ""C06"": 0.025326542909727398, ""C07"": 0.025326542909727398, ""C08"": 0.025326542909727398, ""C09"": 0.025326542909727398, ""C10"": 0.025326542909727398, ""C11"": 0.025326542909727398, ""C12"": 0.025326542909727398, ""C13"": 0.025326542909727398, ""C14"": 0.025326542909727398, ""C15"": 0.025326542909727398, ""C16"": 0.025326542909727398, ""C17"": 0.025326542909727398, ""C18"": 0.025326542909727398, ""C19"": 0.025326542909727398, ""C20"": 0.025326542909727398, ""C21"": 0.025326542909727398, ""C22"": 0.025326542909727398, ""C23"": 0.024394744463348602, ""C24"": 0.025326542909727398, ""C25"": 0.025326542909727398}"
12,12,1,273,2.421006,25,"{""C01"": 1.070367, ""C02"": 1.079823, ""C03"": 1.100468, ""C04"": 1.131998, ""C05"": 1.168991, ""C06"": 1.074451, ""C07"": 1.09622, ""C08"": 1.076367, ""C09"": 1.085823, ""C10"": 1.570467, ""C11"": 1.477651, ""C12"": 1.488392, ""C13"": 1.487044, ""C14"": 1.483647, ""C15"": 1.489206, ""C16"": 1.481862, ""C17"": 1.482094, ""C18"": 1.576467, ""C19"": 1.483651, ""C20"": 2.167956, ""C21"": 2.129092, ""C22"": 2.179744, ""C23"": 2.225496, ""C24"": 2.183986, ""C25"": 2.173956}","{""C01"": 0, ""C02"": 0, ""C03"": 0, ""C04"": 0, ""C05"": 0, ""C06"": 0, ""C07"": 0, ""C08"": 0, ""C09"": 0, ""C10"": 0, ""C11"": 0, ""C12"": 0, ""C13"": 0, ""C14"": 0, ""C15"": 0, ""C16"": 0, ""C17"": 0, ""C18"": 0, ""C19"": 0, ""C20"": 0, ""C21"": 0, ""C22"": 0, ""C23"": 1603, ""C24"": 0, ""C25"": 0}","{""C01"": 0.025333209800409914, ""C02"": 0.025333209800409914, ""C03"": 0.025333209800409914, ""C04"": 0.025333209800409914, ""C05"": 0.025333209800409914, ""C06"": 0.025333209800409914, ""C07"": 0.025333209800409914, ""C08"": 0.025333209800409914, ""C09"": 0.025333209800409914, ""C10"": 0.025333209800409914, ""C11"": 0.025333209800409914, ""C12"": 0.025333209800409914, ""C13"": 0.025333209800409914, ""C14"": 0.025333209800409914, ""C15"": 0.025333209800409914, ""C16"": 0.025333209800409914, ""C17"": 0.025333209800409914, ""C18"": 0.025333209800409914, ""C19"": 0.025333209800409914, ""C20"": 0.025333209800409914, ""C21"": 0.025333209800409914, ""C22"": 0.025333209800409914, ""C23"": 0.024404886835771043, ""C24"": 0.025333209800409914, ""C25"": 0.025333209800409914}"
13,13,1,292,2.509344,25,"{""C01"": 1.070799, ""C02"": 1.083927, ""C03"": 1.108791, ""C04"": 1.143102, ""C05"": 1.18013, ""C06"": 1.074363, ""C07"": 1.104331, ""C08"": 1.076799, ""C09"": 1.089927, ""C10"": 1.583647, ""C11"": 1.484942, ""C12"": 1.490492, ""C13"": 1.487093, ""C14"": 1.48575, ""C15"": 1.496501, ""C16"": 1.488571, ""C17"": 1.481882, ""C18"": 1.589647, ""C19"": 1.490942, ""C20"": 2.188836, ""C21"": 2.154878, ""C22"": 2.205464, ""C23"": 2.246208, ""C24"": 2.209141, ""C25"": 2.194836}","{""C01"": 0, ""C02"": 0, ""C03"": 0, ""C04"": 0, ""C05"": 0, ""C06"": 0, ""C07"": 0, ""C08"": 0, ""C09"": 0, ""C10"": 0, ""C11"": 0, ""C12"": 0, ""C13"": 0, ""C14"": 0, ""C15"": 0, ""C16"": 0, ""C17"": 0, ""C18"": 0, ""C19"": 0, ""C20"": 0, ""C21"": 0, ""C22"": 0, ""C23"": 1599, ""C24"": 0, ""C25"": 0}","{""C01"": 0.02533950148380694, ""C02"": 0.02533950148380694, ""C03"": 0.02533950148380694, ""C04"": 0.02533950148380694, ""C05"": 0.02533950148380694, ""C06"": 0.02533950148380694, ""C07"": 0.02533950148380694, ""C08"": 0.02533950148380694, ""C09"": 0.02533950148380694, ""C10"": 0.02533950148380694, ""C11"": 0.02533950148380694, ""C12"": 0.02533950148380694, ""C13"": 0.02533950148380694, ""C14"": 0.02533950148380694, ""C15"": 0.02533950148380694, ""C16"": 0.02533950148380694, ""C17"": 0.02533950148380694, ""C18"": 0.02533950148380694, ""C19"": 0.02533950148380694, ""C20"": 0.02533950148380694, ""C21"": 0.02533950148380694, ""C22"": 0.02533950148380694, ""C23"": 0.02441349391667681, ""C24"": 0.02533950148380694, ""C25"": 0.02533950148380694}"
14,14,1,382,3.157843,25,"{""C01"": 1.071992, ""C02"": 1.08922, ""C03"": 1.118, ""C04"": 1.154202, ""C05"": 1.190206, ""C06"": 1.074952, ""C07"": 1.113511, ""C08"": 1.077992, ""C09"": 1.09522, ""C10"": 1.594222, ""C11"": 1.489547, ""C12"": 1.490805, ""C13"": 1.486809, ""C14"": 1.488847, ""C15"": 1.505365, ""C16"": 1.492533, ""C17"": 1.481509, ""C18"": 1.600222, ""C19"": 1.495547, ""C20"": 2.210887, ""C21"": 2.180216, ""C22"": 2.228833, ""C23"": 2.26328, ""C24"": 2.231884, ""C25"": 2.216887}","{""C01"": 0, ""C02"": 0, ""C03"": 0, ""C04"": 0, ""C05"": 0, ""C06"": 0, ""C07"": 0, ""C08"": 0, ""C09"": 0, ""C10"": 0, ""C11"": 0, ""C12"": 0, ""C13"": 0, ""C14"": 0, ""C15"": 0, ""C16"": 0, ""C17"": 0, ""C18"": 0, ""C19"": 0, ""C20"": 0, ""C21"": 0, ""C22"": 0, ""C23"": 1595, ""C24"": 0, ""C25"": 0}","{""C01"": 0.02534420094570594, ""C02"": 0.02534420094570594, ""C03"": 0.02534420094570594, ""C04"": 0.02534420094570594, ""C05"": 0.02534420094570594, ""C06"": 0.02534420094570594, ""C07"": 0.02534420094570594, ""C08"": 0.02534420094570594, ""C09"": 0.02534420094570594, ""C10"": 0.02534420094570594, ""C11"": 0.02534420094570594, ""C12"": 0.02534420094570594, ""C13"": 0.02534420094570594, ""C14"": 0.02534420094570594, ""C15"": 0.02534420094570594, ""C16"": 0.02534420094570594, ""C17"": 0.02534420094570594, ""C18"": 0.02534420094570594, ""C19"": 0.02534420094570594, ""C20"": 0.02534420094570594, ""C21"": 0.02534420094570594, ""C22"": 0.02534420094570594, ""C23"": 0.02442051014574115, ""C24"": 0.02534420094570594, ""C25"": 0.02534420094570594}"
15,15,1,450,3.875630,25,"{""C01"": 1.074202, ""C02"": 1.095702, ""C03"": 1.127853, ""C04"": 1.164938, ""C05"": 1.198924, ""C06"": 1.076494, ""C07"": 1.123518, ""C08"": 1.080202, ""C09"": 1.101702, ""C10"": 1.602083, ""C11"": 1.491729, ""C12"": 1.489859, ""C13"": 1.48676, ""C14"": 1.493294, ""C15"": 1.515796, ""C16"": 1.494029, ""C17"": 1.481547, ""C18"": 1.608083, ""C19"": 1.497729, ""C20"": 2.23369, ""C21"": 2.204483, ""C22"": 2.249353, ""C23"": 2.276604, ""C24"": 2.251733, ""C25"": 2.23969}","{""C01"": 0, ""C02"": 0, ""C03"": 0, ""C04"": 0, ""C05"": 0, ""C06"": 0, ""C07"": 0, ""C08"": 0, ""C09"": 0, ""C10"": 0, ""C11"": 0, ""C12"": 0, ""C13"": 0, ""C14"": 0, ""C15"": 0, ""C16"": 0, ""C17"": 0, ""C18"": 0, ""C19"": 0, ""C20"": 0, ""C21"": 0, ""C22"": 0, ""C23"": 1592, ""C24"": 0, ""C25"": 0}","{""C01"": 0.025347891212448417, ""C02"": 0.025347891212448417, ""C03"": 0.025347891212448417, ""C04"": 0.025347891212448417, ""C05"": 0.025347891212448417, ""C06"": 0.025347891212448417, ""C07"": 0.025347891212448417, ""C08"": 0.025347891212448417, ""C09"": 0.025347891212448417, ""C10"": 0.025347891212448417, ""C11"": 0.025347891212448417, ""C12"": 0.025347891212448417, ""C13"": 0.025347891212448417, ""C14"": 0.025347891212448417, ""C15"": 0.025347891212448417, ""C16"": 0.025347891212448417, ""C17"": 0.025347891212448417, ""C18"": 0.025347891212448417, ""C19"": 0.025347891212448417, ""C20"": 0.025347891212448417, ""C21"": 0.025347891212448417, ""C22"": 0.025347891212448417, ""C23"": 0.024425937844711372, ""C24"": 0.025347891212448417, ""C25"": 0.025347891212448417}"
16,16,1,639,5.418843,25,"{""C01"": 1.077599, ""C02"": 1.103278, ""C03"": 1.138043, ""C04"": 1.17495, ""C05"": 1.206047, ""C06"": 1.079184, ""C07"": 1.134038, ""C08"": 1.083599, ""C09"": 1.109278, ""C10"": 1.607254, ""C11"": 1.491864, ""C12"": 1.488227, ""C13"": 1.487459, ""C14"": 1.499328, ""C15"": 1.527659, ""C16"": 1.493455, ""C17"": 1.482504, ""C18"": 1.613254, ""C19"": 1.497864, ""C20"": 2.256716, ""C21"": 2.227058, ""C22"": 2.266635, ""C23"": 2.286239, ""C24"": 2.268312, ""C25"": 2.262716}","{""C01"": 0, ""C02"": 0, ""C03"": 0, ""C04"": 0, ""C05"": 0, ""C06"": 0, ""C07"": 0, ""C08"": 0, ""C09"": 0, ""C10"": 0, ""C11"": 0, ""C12"": 0, ""C13"": 0, ""C14"": 0, ""C15"": 0, ""C16"": 0, ""C17"": 0, ""C18"": 0, ""C19"": 0, ""C20"": 0, ""C21"": 0, ""C22"": 0, ""C23"": 1590, ""C24"": 0, ""C25"": 0}","{""C01"": 0.025350632159017047, ""C02"": 0.025350632159017047, ""C03"": 0.025350632159017047, ""C04"": 0.025350632159017047, ""C05"": 0.025350632159017047, ""C06"": 0.025350632159017047, ""C07"": 0.025350632159017047, ""C08"": 0.025350632159017047, ""C09"": 0.025350632159017047, ""C10"": 0.025350632159017047, ""C11"": 0.025350632159017047, ""C12"": 0.025350632159017047, ""C13"": 0.025350632159017047, ""C14"": 0.025350632159017047, ""C15"": 0.025350632159017047, ""C16"": 0.025350632159017047, ""C17"": 0.025350632159017047, ""C18"": 0.025350632159017047, ""C19"": 0.025350632159017047, ""C20"": 0.025350632159017047, ""C21"": 0.025350632159017047, ""C22"": 0.025350632159017047, ""C23"": 0.02442983683570799, ""C24"": 0.025350632159017047, ""C25"": 0.025350632159017047}"
17,17,1,894,7.722110,25,"{""C01"": 1.082256, ""C02"": 1.111761, ""C03"": 1.148223, ""C04"": 1.1839, ""C05"": 1.211419, ""C06"": 1.08312, ""C07"": 1.144706, ""C08"": 1.088256, ""C09"": 1.117761, ""C10"": 1.609889, ""C11"": 1.49042, ""C12"": 1.486485, ""C13"": 1.489341, ""C14"": 1.50705, ""C15"": 1.540691, ""C16"": 1.491299, ""C17"": 1.484805, ""C18"": 1.615889, ""C19"": 1.49642, ""C20"": 2.279359, ""C21"": 2.247364, ""C22"": 2.28043, ""C23"": 2.292412, ""C24"": 2.28139, ""C25"": 2.285359}","{""C01"": 0, ""C02"": 0, ""C03"": 0, ""C04"": 0, ""C05"": 0, ""C06"": 0, ""C07"": 0, ""C08"": 0, ""C09"": 0, ""C10"": 0, ""C11"": 0, ""C12"": 0, ""C13"": 0, ""C14"": 0, ""C15"": 0, ""C16"": 0, ""C17"": 0, ""C18"": 0, ""C19"": 0, ""C20"": 0, ""C21"": 0, ""C22"": 0, ""C23"": 1264, ""C24"": 0, ""C25"": 325}","{""C01"": 0.025351959460230444, ""C02"": 0.025351959460230444, ""C03"": 0.025351959460230444, ""C04"": 0.025351959460230444, ""C05"": 0.025351959460230444, ""C06"": 0.025351959460230444, ""C07"": 0.025351959460230444, ""C08"": 0.025351959460230444, ""C09"": 0.025351959460230444, ""C10"": 0.025351959460230444, ""C11"": 0.025351959460230444, ""C12"": 0.025351959460230444, ""C13"": 0.025351959460230444, ""C14"": 0.025351959460230444, ""C15"": 0.025351959460230444, ""C16"": 0.025351959460230444, ""C17"": 0.025351959460230444, ""C18"": 0.025351959460230444, ""C19"": 0.025351959460230444, ""C20"": 0.025351959460230444, ""C21"": 0.025351959460230444, ""C22"": 0.025351959460230444, ""C23"": 0.024619957698258685, ""C24"": 0.025351959460230444, ""C25"": 0.02516374605233304}"
18,18,1,651,5.737408,25,"{""C01"": 1.088152, ""C02"": 1.120892, ""C03"": 1.158027, ""C04"": 1.191499, ""C05"": 1.214972, ""C06"": 1.088308, ""C07"": 1.155131, ""C08"": 1.094152, ""C09"": 1.126892, ""C10"": 1.610268, ""C11"": 1.487931, ""C12"": 1.485187, ""C13"": 1.492731, ""C14"": 1.516423, ""C15"": 1.554526, ""C16"": 1.488116, ""C17"": 1.488756, ""C18"": 1.616268, ""C19"": 1.493931, ""C20"": 2.300981, ""C21"": 2.264907, ""C22"": 2.290649, ""C23"": 2.295507, ""C24"": 2.290892, ""C25"": 2.306981}","{""C01"": 0, ""C02"": 0, ""C03"": 0, ""C04"": 0, ""C05"": 0, ""C06"": 0, ""C07"": 0, ""C08"": 0, ""C09"": 0, ""C10"": 0, ""C11"": 0, ""C12"": 0, ""C13"": 0, ""C14"": 0, ""C15"": 0, ""C16"": 0, ""C17"": 0, ""C18"": 0, ""C19"": 0, ""C20"": 497, ""C21"": 0, ""C22"": 0, ""C23"": 0, ""C24"": 0, ""C25"": 1089}","{""C01"": 0.02535588644898991, ""C02"": 0.02535588644898991, ""C03"": 0.02535588644898991, ""C04"": 0.02535588644898991, ""C05"": 0.02535588644898991, ""C06"": 0.02535588644898991, ""C07"": 0.02535588644898991, ""C08"": 0.02535588644898991, ""C09"": 0.02535588644898991, ""C10"": 0.02535588644898991, ""C11"": 0.02535588644898991, ""C12"": 0.02535588644898991, ""C13"": 0.02535588644898991, ""C14"": 0.02535588644898991, ""C15"": 0.02535588644898991, ""C16"": 0.02535588644898991, ""C17"": 0.02535588644898991, ""C18"": 0.02535588644898991, ""C19"": 0.02535588644898991, ""C20"": 0.02506806500843648, ""C21"": 0.02535588644898991, ""C22"": 0.02535588644898991, ""C23"": 0.02535588644898991, ""C24"": 0.02535588644898991, ""C25"": 0.024725230561812712}"
19,19,1,217,1.824386,25,"{""C01"": 1.095167, ""C02"": 1.130349, ""C03"": 1.167093, ""C04"": 1.197523, ""C05"": 1.216734, ""C06"": 1.094651, ""C07"": 1.164918, ""C08"": 1.101167, ""C09"": 1.136349, ""C10"": 1.608781, ""C11"": 1.484965, ""C12"": 1.484825, ""C13"": 1.497833, ""C14"": 1.527278, ""C15"": 1.568718, ""C16"": 1.484494, ""C17"": 1.494537, ""C18"": 1.614781, ""C19"": 1.490965, ""C20"": 2.320952, ""C21"": 2.279312, ""C22"": 2.297374, ""C23"": 2.29605, ""C24"": 2.296917, ""C25"": 2.326952}","{""C01"": 0, ""C02"": 0, ""C03"": 0, ""C04"": 0, ""C05"": 0, ""C06"": 0, ""C07"": 0, ""C08"": 0, ""C09"": 0, ""C10"": 0, ""C11"": 0, ""C12"": 0, ""C13"": 0, ""C14"": 0, ""C15"": 0, ""C16"": 0, ""C17"": 0, ""C18"": 0, ""C19"": 0, ""C20"": 721, ""C21"": 0, ""C22"": 0, ""C23"": 0, ""C24"": 0, ""C25"": 862}","{""C01"": 0.025361741429605955, ""C02"": 0.025361741429605955, ""C03"": 0.025361741429605955, ""C04"": 0.025361741429605955, ""C05"": 0.025361741429605955, ""C06"": 0.025361741429605955, ""C07"": 0.025361741429605955, ""C08"": 0.025361741429605955, ""C09"": 0.025361741429605955, ""C10"": 0.025361741429605955, ""C11"": 0.025361741429605955, ""C12"": 0.025361741429605955, ""C13"": 0.025361741429605955, ""C14"": 0.025361741429605955, ""C15"": 0.025361741429605955, ""C16"": 0.025361741429605955, ""C17"": 0.025361741429605955, ""C18"": 0.025361741429605955, ""C19"": 0.025361741429605955, ""C20"": 0.024944197223162795, ""C21"": 0.025361741429605955, ""C22"": 0.025361741429605955, ""C23"": 0.025361741429605955, ""C24"": 0.025361741429605955, ""C25"": 0.024862544181009805}"
20,20,1,152,1.289882,25,"{""C01"": 1.103096, ""C02"": 1.139777, ""C03"": 1.175087, ""C04"": 1.201826, ""C05"": 1.216825, ""C06"": 1.101971, ""C07"": 1.173694, ""C08"": 1.109096, ""C09"": 1.145777, ""C10"": 1.605906, ""C11"": 1.482091, ""C12"": 1.485808, ""C13"": 1.504714, ""C14"": 1.539325, ""C15"": 1.582768, ""C16"": 1.481021, ""C17"": 1.502185, ""C18"": 1.611906, ""C19"": 1.488091, ""C20"": 2.338698, ""C21"": 2.29035, ""C22"": 2.300853, ""C23"": 2.294672, ""C24"": 2.299729, ""C25"": 2.344698}","{""C01"": 0, ""C02"": 0, ""C03"": 0, ""C04"": 0, ""C05"": 0, ""C06"": 0, ""C07"": 0, ""C08"": 0, ""C09"": 0, ""C10"": 0, ""C11"": 0, ""C12"": 0, ""C13"": 0, ""C14"": 0, ""C15"": 0, ""C16"": 0, ""C17"": 0, ""C18"": 0, ""C19"": 0, ""C20"": 738, ""C21"": 0, ""C22"": 0, ""C23"": 0, ""C24"": 0, ""C25"": 841}","{""C01"": 0.025366369581669462, ""C02"": 0.025366369581669462, ""C03"": 0.025366369581669462, ""C04"": 0.025366369581669462, ""C05"": 0.025366369581669462, ""C06"": 0.025366369581669462, ""C07"": 0.025366369581669462, ""C08"": 0.025366369581669462, ""C09"": 0.025366369581669462, ""C10"": 0.025366369581669462, ""C11"": 0.025366369581669462, ""C12"": 0.025366369581669462, ""C13"": 0.025366369581669462, ""C14"": 0.025366369581669462, ""C15"": 0.025366369581669462, ""C16"": 0.025366369581669462, ""C17"": 0.025366369581669462, ""C18"": 0.025366369581669462, ""C19"": 0.025366369581669462, ""C20"": 0.02493898036619782, ""C21"": 0.025366369581669462, ""C22"": 0.025366369581669462, ""C23"": 0.025366369581669462, ""C24"": 0.025366369581669462, ""C25"": 0.024879334203727278}"
21,21,1,116,1.021033,25,"{""C01"": 1.11166, ""C02"": 1.148803, ""C03"": 1.181728, ""C04"": 1.204358, ""C05"": 1.215455, ""C06"": 1.110009, ""C07"": 1.181139, ""C08"": 1.11766, ""C09"": 1.154803, ""C10"": 1.602178, ""C11"": 1.479845, ""C12"": 1.488431, ""C13"": 1.513304, ""C14"": 1.552172, ""C15"": 1.596161, ""C16"": 1.47825, ""C17"": 1.511595, ""C18"": 1.608178, ""C19"": 1.485845, ""C20"": 2.353737, ""C21"": 2.297957, ""C22"": 2.30149, ""C23"": 2.292081, ""C24"": 2.299747, ""C25"": 2.359737}","{""C01"": 0, ""C02"": 0, ""C03"": 0, ""C04"": 0, ""C05"": 0, ""C06"": 0, ""C07"": 0, ""C08"": 0, ""C09"": 0, ""C10"": 0, ""C11"": 0, ""C12"": 0, ""C13"": 0, ""C14"": 0, ""C15"": 0, ""C16"": 0, ""C17"": 0, ""C18"": 0, ""C19"": 0, ""C20"": 738, ""C21"": 0, ""C22"": 0, ""C23"": 0, ""C24"": 0, ""C25"": 838}","{""C01"": 0.025370485579585628, ""C02"": 0.025370485579585628, ""C03"": 0.025370485579585628, ""C04"": 0.025370485579585628, ""C05"": 0.025370485579585628, ""C06"": 0.025370485579585628, ""C07"": 0.025370485579585628, ""C08"": 0.025370485579585628, ""C09"": 0.025370485579585628, ""C10"": 0.025370485579585628, ""C11"": 0.025370485579585628, ""C12"": 0.025370485579585628, ""C13"": 0.025370485579585628, ""C14"": 0.025370485579585628, ""C15"": 0.025370485579585628, ""C16"": 0.025370485579585628, ""C17"": 0.025370485579585628, ""C18"": 0.025370485579585628, ""C19"": 0.025370485579585628, ""C20"": 0.024943096364113987, ""C21"": 0.025370485579585628, ""C22"": 0.025370485579585628, ""C23"": 0.025370485579585628, ""C24"": 0.025370485579585628, ""C25"": 0.024885187245305553}"
22,22,1,98,0.837668,25,"{""C01"": 1.120528, ""C02"": 1.157066, ""C03"": 1.186803, ""C04"": 1.20516, ""C05"": 1.212908, ""C06"": 1.118454, ""C07"": 1.186995, ""C08"": 1.126528, ""C09"": 1.163066, ""C10"": 1.598164, ""C11"": 1.478702, ""C12"": 1.492866, ""C13"": 1.523402, ""C14"": 1.565354, ""C15"": 1.608398, ""C16"": 1.476671, ""C17"": 1.522532, ""C18"": 1.604164, ""C19"": 1.484702, ""C20"": 2.365711, ""C21"": 2.302237, ""C22"": 2.299824, ""C23"": 2.289015, ""C24"": 2.297523, ""C25"": 2.371711}","{""C01"": 0, ""C02"": 0, ""C03"": 0, ""C04"": 0, ""C05"": 0, ""C06"": 0, ""C07"": 0, ""C08"": 0, ""C09"": 0, ""C10"": 0, ""C11"": 0, ""C12"": 0, ""C13"": 0, ""C14"": 0, ""C15"": 0, ""C16"": 0, ""C17"": 0, ""C18"": 0, ""C19"": 0, ""C20"": 745, ""C21"": 0, ""C22"": 0, ""C23"": 0, ""C24"": 0, ""C25"": 828}","{""C01"": 0.025373362209772432, ""C02"": 0.025373362209772432, ""C03"": 0.025373362209772432, ""C04"": 0.025373362209772432, ""C05"": 0.025373362209772432, ""C06"": 0.025373362209772432, ""C07"": 0.025373362209772432, ""C08"": 0.025373362209772432, ""C09"": 0.025373362209772432, ""C10"": 0.025373362209772432, ""C11"": 0.025373362209772432, ""C12"": 0.025373362209772432, ""C13"": 0.025373362209772432, ""C14"": 0.025373362209772432, ""C15"": 0.025373362209772432, ""C16"": 0.025373362209772432, ""C17"": 0.025373362209772432, ""C18"": 0.025373362209772432, ""C19"": 0.025373362209772432, ""C20"": 0.02494191916705377, ""C21"": 0.025373362209772432, ""C22"": 0.025373362209772432, ""C23"": 0.025373362209772432, ""C24"": 0.025373362209772432, ""C25"": 0.024893855856248037}"
23,23,1,91,0.761497,25,"{""C01"": 1.129334, ""C02"": 1.16424, ""C03"": 1.190183, ""C04"": 1.204368, ""C05"": 1.20953, ""C06"": 1.126955, ""C07"": 1.191094, ""C08"": 1.135334, ""C09"": 1.17024, ""C10"": 1.594423, ""C11"": 1.479041, ""C12"": 1.499147, ""C13"": 1.534692, ""C14"": 1.578363, ""C15"": 1.619029, ""C16"": 1.476676, ""C17"": 1.534641, ""C18"": 1.600423, ""C19"": 1.485041, ""C20"": 2.374414, ""C21"": 2.303461, ""C22"": 2.296497, ""C23"": 2.286203, ""C24"": 2.293712, ""C25"": 2.380414}","{""C01"": 0, ""C02"": 0, ""C03"": 0, ""C04"": 0, ""C05"": 0, ""C06"": 0, ""C07"": 0, ""C08"": 0, ""C09"": 0, ""C10"": 0, ""C11"": 0, ""C12"": 0, ""C13"": 0, ""C14"": 0, ""C15"": 0, ""C16"": 0, ""C17"": 0, ""C18"": 0, ""C19"": 0, ""C20"": 749, ""C21"": 0, ""C22"": 0, ""C23"": 0, ""C24"": 0, ""C25"": 822}","{""C01"": 0.025375540222217954, ""C02"": 0.025375540222217954, ""C03"": 0.025375540222217954, ""C04"": 0.025375540222217954, ""C05"": 0.025375540222217954, ""C06"": 0.025375540222217954, ""C07"": 0.025375540222217954, ""C08"": 0.025375540222217954, ""C09"": 0.025375540222217954, ""C10"": 0.025375540222217954, ""C11"": 0.025375540222217954, ""C12"": 0.025375540222217954, ""C13"": 0.025375540222217954, ""C14"": 0.025375540222217954, ""C15"": 0.025375540222217954, ""C16"": 0.025375540222217954, ""C17"": 0.025375540222217954, ""C18"": 0.025375540222217954, ""C19"": 0.025375540222217954, ""C20"": 0.024941781050060428, ""C21"": 0.025375540222217954, ""C22"": 0.025375540222217954, ""C23"": 0.025375540222217954, ""C24"": 0.025375540222217954, ""C25"": 0.024899508880320952}"
24,24,1,84,0.740677,25,"{""C01"": 1.137705, ""C02"": 1.170051, ""C03"": 1.191831, ""C04"": 1.202206, ""C05"": 1.205705, ""C06"": 1.135149, ""C07"": 1.19336, ""C08"": 1.143705, ""C09"": 1.176051, ""C10"": 1.591477, ""C11"": 1.481132, ""C12"": 1.507173, ""C13"": 1.546759, ""C14"": 1.590678, ""C15"": 1.627681, ""C16"": 1.478545, ""C17"": 1.547473, ""C18"": 1.597477, ""C19"": 1.487132, ""C20"": 2.379807, ""C21"": 2.302056, ""C22"": 2.292216, ""C23"": 2.284322, ""C24"": 2.289032, ""C25"": 2.385807}","{""C01"": 0, ""C02"": 0, ""C03"": 0, ""C04"": 0, ""C05"": 0, ""C06"": 0, ""C07"": 0, ""C08"": 0, ""C09"": 0, ""C10"": 0, ""C11"": 0, ""C12"": 0, ""C13"": 0, ""C14"": 0, ""C15"": 0, ""C16"": 0, ""C17"": 0, ""C18"": 0, ""C19"": 0, ""C20"": 752, ""C21"": 0, ""C22"": 0, ""C23"": 0, ""C24"": 0, ""C25"": 818}","{""C01"": 0.025377020158059704, ""C02"": 0.025377020158059704, ""C03"": 0.025377020158059704, ""C04"": 0.025377020158059704, ""C05"": 0.025377020158059704, ""C06"": 0.025377020158059704, ""C07"": 0.025377020158059704, ""C08"": 0.025377020158059704, ""C09"": 0.025377020158059704, ""C10"": 0.025377020158059704, ""C11"": 0.025377020158059704, ""C12"": 0.025377020158059704, ""C13"": 0.025377020158059704, ""C14"": 0.025377020158059704, ""C15"": 0.025377020158059704, ""C16"": 0.025377020158059704, ""C17"": 0.025377020158059704, ""C18"": 0.025377020158059704, ""C19"": 0.025377020158059704, ""C20"": 0.024941523571486848, ""C21"": 0.025377020158059704, ""C22"": 0.025377020158059704, ""C23"": 0.025377020158059704, ""C24"": 0.025377020158059704, ""C25"": 0.024903305097935313}"
25,25,1,82,0.689762,25,"{""C01"": 1.14528, ""C02"": 1.1743, ""C03"": 1.191805, ""C04"": 1.19897, ""C05"": 1.20183, ""C06"": 1.142683, ""C07"": 1.193819, ""C08"": 1.15128, ""C09"": 1.1803, ""C10"": 1.589778, ""C11"": 1.485113, ""C12"": 1.516714, ""C13"": 1.559124, ""C14"": 1.601803, ""C15"": 1.634086, ""C16"": 1.482421, ""C17"": 1.560514, ""C18"": 1.595778, ""C19"": 1.491113, ""C20"": 2.382019, ""C21"": 2.298574, ""C22"": 2.287715, ""C23"": 2.283953, ""C24"": 2.284227, ""C25"": 2.388019}","{""C01"": 0, ""C02"": 0, ""C03"": 0, ""C04"": 0, ""C05"": 0, ""C06"": 0, ""C07"": 0, ""C08"": 0, ""C09"": 0, ""C10"": 0, ""C11"": 0, ""C12"": 0, ""C13"": 0, ""C14"": 0, ""C15"": 0, ""C16"": 0, ""C17"": 0, ""C18"": 0, ""C19"": 0, ""C20"": 757, ""C21"": 0, ""C22"": 0, ""C23"": 0, ""C24"": 0, ""C25"": 813}","{""C01"": 0.02537785819794819, ""C02"": 0.02537785819794819, ""C03"": 0.02537785819794819, ""C04"": 0.02537785819794819, ""C05"": 0.02537785819794819, ""C06"": 0.02537785819794819, ""C07"": 0.02537785819794819, ""C08"": 0.02537785819794819, ""C09"": 0.02537785819794819, ""C10"": 0.02537785819794819, ""C11"": 0.02537785819794819, ""C12"": 0.02537785819794819, ""C13"": 0.02537785819794819, ""C14"": 0.02537785819794819, ""C15"": 0.02537785819794819, ""C16"": 0.02537785819794819, ""C17"": 0.02537785819794819, ""C18"": 0.02537785819794819, ""C19"": 0.02537785819794819, ""C20"": 0.024939465737091777, ""C21"": 0.02537785819794819, ""C22"": 0.02537785819794819, ""C23"": 0.02537785819794819, ""C24"": 0.02537785819794819, ""C25"": 0.024907038002594573}"
26,26,1,77,0.637679,25,"{""C01"": 1.15174, ""C02"": 1.176872, ""C03"": 1.190259, ""C04"": 1.19501, ""C05"": 1.198298, ""C06"": 1.149238, ""C07"": 1.192599, ""C08"": 1.15774, ""C09"": 1.182872, ""C10"": 1.589682, ""C11"": 1.490988, ""C12"": 1.527427, ""C13"": 1.571267, ""C14"": 1.611297, ""C15"": 1.638096, ""C16"": 1.488312, ""C17"": 1.573215, ""C18"": 1.595682, ""C19"": 1.496988, ""C20"": 2.381348, ""C21"": 2.293668, ""C22"": 2.283706, ""C23"": 2.285556, ""C24"": 2.280014, ""C25"": 2.387348}","{""C01"": 0, ""C02"": 0, ""C03"": 0, ""C04"": 0, ""C05"": 0, ""C06"": 0, ""C07"": 0, ""C08"": 0, ""C09"": 0, ""C10"": 0, ""C11"": 0, ""C12"": 0, ""C13"": 0, ""C14"": 0, ""C15"": 0, ""C16"": 0, ""C17"": 0, ""C18"": 0, ""C19"": 0, ""C20"": 754, ""C21"": 0, ""C22"": 0, ""C23"": 0, ""C24"": 0, ""C25"": 816}","{""C01"": 0.025377606267125527, ""C02"": 0.025377606267125527, ""C03"": 0.025377606267125527, ""C04"": 0.025377606267125527, ""C05"": 0.025377606267125527, ""C06"": 0.025377606267125527, ""C07"": 0.025377606267125527, ""C08"": 0.025377606267125527, ""C09"": 0.025377606267125527, ""C10"": 0.025377606267125527, ""C11"": 0.025377606267125527, ""C12"": 0.025377606267125527, ""C13"": 0.025377606267125527, ""C14"": 0.025377606267125527, ""C15"": 0.025377606267125527, ""C16"": 0.025377606267125527, ""C17"": 0.025377606267125527, ""C18"": 0.025377606267125527, ""C19"": 0.025377606267125527, ""C20"": 0.024940951160803554, ""C21"": 0.025377606267125527, ""C22"": 0.025377606267125527, ""C23"": 0.025377606267125527, ""C24"": 0.025377606267125527, ""C25"": 0.02490504893136498}"
27,27,1,77,0.633429,25,"{""C01"": 1.156824, ""C02"": 1.177749, ""C03"": 1.187427, ""C04"": 1.190714, ""C05"": 1.195469, ""C06"": 1.154551, ""C07"": 1.189918, ""C08"": 1.162824, ""C09"": 1.183749, ""C10"": 1.59143, ""C11"": 1.498624, ""C12"": 1.538879, ""C13"": 1.582668, ""C14"": 1.618803, ""C15"": 1.639695, ""C16"": 1.496085, ""C17"": 1.585031, ""C18"": 1.59743, ""C19"": 1.504624, ""C20"": 2.378241, ""C21"": 2.288045, ""C22"": 2.280845, ""C23"": 2.289434, ""C24"": 2.277054, ""C25"": 2.384241}","{""C01"": 0, ""C02"": 0, ""C03"": 0, ""C04"": 0, ""C05"": 0, ""C06"": 0, ""C07"": 0, ""C08"": 0, ""C09"": 0, ""C10"": 0, ""C11"": 0, ""C12"": 0, ""C13"": 0, ""C14"": 0, ""C15"": 0, ""C16"": 0, ""C17"": 0, ""C18"": 0, ""C19"": 0, ""C20"": 765, ""C21"": 0, ""C22"": 0, ""C23"": 0, ""C24"": 0, ""C25"": 806}","{""C01"": 0.025376983040645062, ""C02"": 0.025376983040645062, ""C03"": 0.025376983040645062, ""C04"": 0.025376983040645062, ""C05"": 0.025376983040645062, ""C06"": 0.025376983040645062, ""C07"": 0.025376983040645062, ""C08"": 0.025376983040645062, ""C09"": 0.025376983040645062, ""C10"": 0.025376983040645062, ""C11"": 0.025376983040645062, ""C12"": 0.025376983040645062, ""C13"": 0.025376983040645062, ""C14"": 0.025376983040645062, ""C15"": 0.025376983040645062, ""C16"": 0.025376983040645062, ""C17"": 0.025376983040645062, ""C18"": 0.025376983040645062, ""C19"": 0.025376983040645062, ""C20"": 0.024933957634363485, ""C21"": 0.025376983040645062, ""C22"": 0.025376983040645062, ""C23"": 0.025376983040645062, ""C24"": 0.025376983040645062, ""C25"": 0.02491021636095192}"
28,28,1,85,0.740940,25,"{""C01"": 1.160344, ""C02"": 1.177005, ""C03"": 1.183617, ""C04"": 1.186478, ""C05"": 1.193647, ""C06"": 1.158424, ""C07"": 1.186074, ""C08"": 1.166344, ""C09"": 1.183005, ""C10"": 1.595128, ""C11"": 1.507765, ""C12"": 1.550576, ""C13"": 1.592834, ""C14"": 1.624071, ""C15"": 1.639001, ""C16"": 1.505479, ""C17"": 1.595452, ""C18"": 1.601128, ""C19"": 1.513765, ""C20"": 2.373266, ""C21"": 2.282432, ""C22"": 2.279685, ""C23"": 2.295722, ""C24"": 2.275903, ""C25"": 2.379266}","{""C01"": 0, ""C02"": 0, ""C03"": 0, ""C04"": 0, ""C05"": 0, ""C06"": 0, ""C07"": 0, ""C08"": 0, ""C09"": 0, ""C10"": 0, ""C11"": 0, ""C12"": 0, ""C13"": 0, ""C14"": 0, ""C15"": 0, ""C16"": 0, ""C17"": 0, ""C18"": 0, ""C19"": 0, ""C20"": 754, ""C21"": 0, ""C22"": 0, ""C23"": 0, ""C24"": 0, ""C25"": 818}","{""C01"": 0.025375673458798306, ""C02"": 0.025375673458798306, ""C03"": 0.025375673458798306, ""C04"": 0.025375673458798306, ""C05"": 0.025375673458798306, ""C06"": 0.025375673458798306, ""C07"": 0.025375673458798306, ""C08"": 0.025375673458798306, ""C09"": 0.025375673458798306, ""C10"": 0.025375673458798306, ""C11"": 0.025375673458798306, ""C12"": 0.025375673458798306, ""C13"": 0.025375673458798306, ""C14"": 0.025375673458798306, ""C15"": 0.025375673458798306, ""C16"": 0.025375673458798306, ""C17"": 0.025375673458798306, ""C18"": 0.025375673458798306, ""C19"": 0.025375673458798306, ""C20"": 0.024939018352476333, ""C21"": 0.025375673458798306, ""C22"": 0.025375673458798306, ""C23"": 0.025375673458798306, ""C24"": 0.025375673458798306, ""C25"": 0.024901957379995607}"
29,29,1,101,0.826612,25,"{""C01"": 1.162204, ""C02"": 1.174808, ""C03"": 1.179187, ""C04"": 1.182687, ""C05"": 1.193069, ""C06"": 1.16075, ""C07"": 1.181428, ""C08"": 1.168204, ""C09"": 1.180808, ""C10"": 1.60075, ""C11"": 1.518043, ""C12"": 1.561993, ""C13"": 1.601336, ""C14"": 1.626976, ""C15"": 1.636259, ""C16"": 1.516119, ""C17"": 1.604036, ""C18"": 1.60675, ""C19"": 1.524043, ""C20"": 2.367084, ""C21"": 2.27753, ""C22"": 2.280649, ""C23"": 2.304382, ""C24"": 2.276984, ""C25"": 2.373084}","{""C01"": 0, ""C02"": 0, ""C03"": 0, ""C04"": 0, ""C05"": 0, ""C06"": 0, ""C07"": 0, ""C08"": 0, ""C09"": 0, ""C10"": 0, ""C11"": 0, ""C12"": 0, ""C13"": 0, ""C14"": 0, ""C15"": 0, ""C16"": 0, ""C17"": 0, ""C18"": 0, ""C19"": 0, ""C20"": 756, ""C21"": 0, ""C22"": 0, ""C23"": 0, ""C24"": 0, ""C25"": 817}","{""C01"": 0.025373874984302686, ""C02"": 0.025373874984302686, ""C03"": 0.025373874984302686, ""C04"": 0.025373874984302686, ""C05"": 0.025373874984302686, ""C06"": 0.025373874984302686, ""C07"": 0.025373874984302686, ""C08"": 0.025373874984302686, ""C09"": 0.025373874984302686, ""C10"": 0.025373874984302686, ""C11"": 0.025373874984302686, ""C12"": 0.025373874984302686, ""C13"": 0.025373874984302686, ""C14"": 0.025373874984302686, ""C15"": 0.025373874984302686, ""C16"": 0.025373874984302686, ""C17"": 0.025373874984302686, ""C18"": 0.025373874984302686, ""C19"": 0.025373874984302686, ""C20"": 0.02493606164162442, ""C21"": 0.025373874984302686, ""C22"": 0.025373874984302686, ""C23"": 0.025373874984302686, ""C24"": 0.025373874984302686, ""C25"": 0.024900738509616716}"
30,30,1,126,1.046607,25,"{""C01"": 1.162401, ""C02"": 1.171408, ""C03"": 1.174524, ""C04"": 1.17969, ""C05"": 1.193883, ""C06"": 1.161508, ""C07"": 1.176379, ""C08"": 1.168401, ""C09"": 1.177408, ""C10"": 1.608135, ""C11"": 1.529008, ""C12"": 1.572607, ""C13"": 1.607834, ""C14"": 1.627526, ""C15"": 1.631828, ""C16"": 1.527545, ""C17"": 1.61044, ""C18"": 1.614135, ""C19"": 1.535008, ""C20"": 2.360405, ""C21"": 2.273968, ""C22"": 2.284004, ""C23"": 2.3152, ""C24"": 2.28056, ""C25"": 2.366405}","{""C01"": 0, ""C02"": 0, ""C03"": 0, ""C04"": 0, ""C05"": 0, ""C06"": 0, ""C07"": 0, ""C08"": 0, ""C09"": 0, ""C10"": 0, ""C11"": 0, ""C12"": 0, ""C13"": 0, ""C14"": 0, ""C15"": 0, ""C16"": 0, ""C17"": 0, ""C18"": 0, ""C19"": 0, ""C20"": 740, ""C21"": 0, ""C22"": 0, ""C23"": 0, ""C24"": 0, ""C25"": 834}","{""C01"": 0.025371902712906153, ""C02"": 0.025371902712906153, ""C03"": 0.025371902712906153, ""C04"": 0.025371902712906153, ""C05"": 0.025371902712906153, ""C06"": 0.025371902712906153, ""C07"": 0.025371902712906153, ""C08"": 0.025371902712906153, ""C09"": 0.025371902712906153, ""C10"": 0.025371902712906153, ""C11"": 0.025371902712906153, ""C12"": 0.025371902712906153, ""C13"": 0.025371902712906153, ""C14"": 0.025371902712906153, ""C15"": 0.025371902712906153, ""C16"": 0.025371902712906153, ""C17"": 0.025371902712906153, ""C18"": 0.025371902712906153, ""C19"": 0.025371902712906153, ""C20"": 0.02494335554942987, ""C21"": 0.025371902712906153, ""C22"": 0.025371902712906153, ""C23"": 0.025371902712906153, ""C24"": 0.025371902712906153, ""C25"": 0.02488892181706391}"
31,31,1,195,1.635595,25,"{""C01"": 1.161028, ""C02"": 1.167122, ""C03"": 1.170025, ""C04"": 1.177779, ""C05"": 1.196143, ""C06"": 1.160772, ""C07"": 1.171343, ""C08"": 1.167028, ""C09"": 1.173122, ""C10"": 1.616998, ""C11"": 1.540154, ""C12"": 1.581935, ""C13"": 1.612098, ""C14"": 1.625861, ""C15"": 1.626159, ""C16"": 1.539237, ""C17"": 1.614439, ""C18"": 1.622998, ""C19"": 1.546154, ""C20"": 2.353949, ""C21"": 2.272273, ""C22"": 2.289845, ""C23"": 2.327807, ""C24"": 2.286722, ""C25"": 2.359949}","{""C01"": 0, ""C02"": 0, ""C03"": 0, ""C04"": 0, ""C05"": 0, ""C06"": 0, ""C07"": 0, ""C08"": 0, ""C09"": 0, ""C10"": 0, ""C11"": 0, ""C12"": 0, ""C13"": 0, ""C14"": 0, ""C15"": 0, ""C16"": 0, ""C17"": 0, ""C18"": 0, ""C19"": 0, ""C20"": 703, ""C21"": 0, ""C22"": 0, ""C23"": 0, ""C24"": 0, ""C25"": 873}","{""C01"": 0.025370619492862637, ""C02"": 0.025370619492862637, ""C03"": 0.025370619492862637, ""C04"": 0.025370619492862637, ""C05"": 0.025370619492862637, ""C06"": 0.025370619492862637, ""C07"": 0.025370619492862637, ""C08"": 0.025370619492862637, ""C09"": 0.025370619492862637, ""C10"": 0.025370619492862637, ""C11"": 0.025370619492862637, ""C12"": 0.025370619492862637, ""C13"": 0.025370619492862637, ""C14"": 0.025370619492862637, ""C15"": 0.025370619492862637, ""C16"": 0.025370619492862637, ""C17"": 0.025370619492862637, ""C18"": 0.025370619492862637, ""C19"": 0.025370619492862637, ""C20"": 0.024963499413626102, ""C21"": 0.025370619492862637, ""C22"": 0.025370619492862637, ""C23"": 0.025370619492862637, ""C24"": 0.025370619492862637, ""C25"": 0.02486505180648954}"
32,32,1,544,4.730440,25,"{""C01"": 1.158268, ""C02"": 1.162313, ""C03"": 1.166067, ""C04"": 1.17717, ""C05"": 1.199807, ""C06"": 1.158701, ""C07"": 1.166726, ""C08"": 1.164268, ""C09"": 1.168313, ""C10"": 1.626952, ""C11"": 1.550951, ""C12"": 1.58956, ""C13"": 1.614027, ""C14"": 1.62225, ""C15"": 1.619768, ""C16"": 1.55065, ""C17"": 1.615943, ""C18"": 1.632952, ""C19"": 1.556951, ""C20"": 2.3484, ""C21"": 2.272832, ""C22"": 2.298091, ""C23"": 2.341704, ""C24"": 2.295382, ""C25"": 2.3544}","{""C01"": 0, ""C02"": 0, ""C03"": 0, ""C04"": 0, ""C05"": 0, ""C06"": 0, ""C07"": 0, ""C08"": 0, ""C09"": 0, ""C10"": 0, ""C11"": 0, ""C12"": 0, ""C13"": 0, ""C14"": 0, ""C15"": 0, ""C16"": 0, ""C17"": 0, ""C18"": 0, ""C19"": 0, ""C20"": 528, ""C21"": 0, ""C22"": 0, ""C23"": 0, ""C24"": 0, ""C25"": 1048}","{""C01"": 0.025368722927456705, ""C02"": 0.025368722927456705, ""C03"": 0.025368722927456705, ""C04"": 0.025368722927456705, ""C05"": 0.025368722927456705, ""C06"": 0.025368722927456705, ""C07"": 0.025368722927456705, ""C08"": 0.025368722927456705, ""C09"": 0.025368722927456705, ""C10"": 0.025368722927456705, ""C11"": 0.025368722927456705, ""C12"": 0.025368722927456705, ""C13"": 0.025368722927456705, ""C14"": 0.025368722927456705, ""C15"": 0.025368722927456705, ""C16"": 0.025368722927456705, ""C17"": 0.025368722927456705, ""C18"": 0.025368722927456705, ""C19"": 0.025368722927456705, ""C20"": 0.025062948807304447, ""C21"": 0.025368722927456705, ""C22"": 0.025368722927456705, ""C23"": 0.025368722927456705, ""C24"": 0.025368722927456705, ""C25"": 0.024761810735340502}"
33,33,1,557,4.815056,25,"{""C01"": 1.154384, ""C02"": 1.157373, ""C03"": 1.162987, ""C04"": 1.177993, ""C05"": 1.204739, ""C06"": 1.155534, ""C07"": 1.1629, ""C08"": 1.160384, ""C09"": 1.163373, ""C10"": 1.637529, ""C11"": 1.56088, ""C12"": 1.59516, ""C13"": 1.613652, ""C14"": 1.617067, ""C15"": 1.613204, ""C16"": 1.561247, ""C17"": 1.615001, ""C18"": 1.643529, ""C19"": 1.56688, ""C20"": 2.344367, ""C21"": 2.275875, ""C22"": 2.308494, ""C23"": 2.356288, ""C24"": 2.306282, ""C25"": 2.350367}","{""C01"": 0, ""C02"": 0, ""C03"": 0, ""C04"": 0, ""C05"": 0, ""C06"": 0, ""C07"": 0, ""C08"": 0, ""C09"": 0, ""C10"": 0, ""C11"": 0, ""C12"": 0, ""C13"": 0, ""C14"": 0, ""C15"": 0, ""C16"": 0, ""C17"": 0, ""C18"": 0, ""C19"": 0, ""C20"": 0, ""C21"": 0, ""C22"": 0, ""C23"": 1047, ""C24"": 0, ""C25"": 529}","{""C01"": 0.025369465771766853, ""C02"": 0.025369465771766853, ""C03"": 0.025369465771766853, ""C04"": 0.025369465771766853, ""C05"": 0.025369465771766853, ""C06"": 0.025369465771766853, ""C07"": 0.025369465771766853, ""C08"": 0.025369465771766853, ""C09"": 0.025369465771766853, ""C10"": 0.025369465771766853, ""C11"": 0.025369465771766853, ""C12"": 0.025369465771766853, ""C13"": 0.025369465771766853, ""C14"": 0.025369465771766853, ""C15"": 0.025369465771766853, ""C16"": 0.025369465771766853, ""C17"": 0.025369465771766853, ""C18"": 0.025369465771766853, ""C19"": 0.025369465771766853, ""C20"": 0.025369465771766853, ""C21"": 0.025369465771766853, ""C22"": 0.025369465771766853, ""C23"": 0.024763132028586262, ""C24"": 0.025369465771766853, ""C25"": 0.025063112255527695}"
34,34,1,508,4.473316,25,"{""C01"": 1.149703, ""C02"": 1.152692, ""C03"": 1.161061, ""C04"": 1.18028, ""C05"": 1.210716, ""C06"": 1.151571, ""C07"": 1.16018, ""C08"": 1.155703, ""C09"": 1.158692, ""C10"": 1.648214, ""C11"": 1.569464, ""C12"": 1.598527, ""C13"": 1.61114, ""C14"": 1.610778, ""C15"": 1.607016, ""C16"": 1.570531, ""C17"": 1.611807, ""C18"": 1.654214, ""C19"": 1.575464, ""C20"": 2.342345, ""C21"": 2.281457, ""C22"": 2.320652, ""C23"": 2.3709, ""C24"": 2.319009, ""C25"": 2.348345}","{""C01"": 0, ""C02"": 0, ""C03"": 0, ""C04"": 0, ""C05"": 0, ""C06"": 0, ""C07"": 0, ""C08"": 0, ""C09"": 0, ""C10"": 0, ""C11"": 0, ""C12"": 0, ""C13"": 0, ""C14"": 0, ""C15"": 0, ""C16"": 0, ""C17"": 0, ""C18"": 0, ""C19"": 0, ""C20"": 0, ""C21"": 0, ""C22"": 0, ""C23"": 1571, ""C24"": 0, ""C25"": 0}","{""C01"": 0.025372982940680966, ""C02"": 0.025372982940680966, ""C03"": 0.025372982940680966, ""C04"": 0.025372982940680966, ""C05"": 0.025372982940680966, ""C06"": 0.025372982940680966, ""C07"": 0.025372982940680966, ""C08"": 0.025372982940680966, ""C09"": 0.025372982940680966, ""C10"": 0.025372982940680966, ""C11"": 0.025372982940680966, ""C12"": 0.025372982940680966, ""C13"": 0.025372982940680966, ""C14"": 0.025372982940680966, ""C15"": 0.025372982940680966, ""C16"": 0.025372982940680966, ""C17"": 0.025372982940680966, ""C18"": 0.025372982940680966, ""C19"": 0.025372982940680966, ""C20"": 0.025372982940680966, ""C21"": 0.025372982940680966, ""C22"": 0.025372982940680966, ""C23"": 0.024463192241724992, ""C24"": 0.025372982940680966, ""C25"": 0.025372982940680966}"
35,35,1,330,3.002760,25,"{""C01"": 1.144594, ""C02"": 1.148642, ""C03"": 1.160489, ""C04"": 1.18397, ""C05"": 1.217447, ""C06"": 1.147157, ""C07"": 1.158807, ""C08"": 1.150594, ""C09"": 1.154642, ""C10"": 1.658475, ""C11"": 1.576303, ""C12"": 1.599585, ""C13"": 1.606777, ""C14"": 1.603904, ""C15"": 1.601722, ""C16"": 1.578083, ""C17"": 1.606674, ""C18"": 1.664475, ""C19"": 1.582303, ""C20"": 2.342688, ""C21"": 2.28946, ""C22"": 2.334036, ""C23"": 2.384858, ""C24"": 2.333021, ""C25"": 2.348688}","{""C01"": 0, ""C02"": 0, ""C03"": 0, ""C04"": 0, ""C05"": 0, ""C06"": 0, ""C07"": 0, ""C08"": 0, ""C09"": 0, ""C10"": 0, ""C11"": 0, ""C12"": 0, ""C13"": 0, ""C14"": 0, ""C15"": 0, ""C16"": 0, ""C17"": 0, ""C18"": 0, ""C19"": 0, ""C20"": 0, ""C21"": 0, ""C22"": 0, ""C23"": 1569, ""C24"": 0, ""C25"": 0}","{""C01"": 0.025377175350153505, ""C02"": 0.025377175350153505, ""C03"": 0.025377175350153505, ""C04"": 0.025377175350153505, ""C05"": 0.025377175350153505, ""C06"": 0.025377175350153505, ""C07"": 0.025377175350153505, ""C08"": 0.025377175350153505, ""C09"": 0.025377175350153505, ""C10"": 0.025377175350153505, ""C11"": 0.025377175350153505, ""C12"": 0.025377175350153505, ""C13"": 0.025377175350153505, ""C14"": 0.025377175350153505, ""C15"": 0.025377175350153505, ""C16"": 0.025377175350153505, ""C17"": 0.025377175350153505, ""C18"": 0.025377175350153505, ""C19"": 0.025377175350153505, ""C20"": 0.025377175350153505, ""C21"": 0.025377175350153505, ""C22"": 0.025377175350153505, ""C23"": 0.024468541414156462, ""C24"": 0.025377175350153505, ""C25"": 0.025377175350153505}"
36,36,1,268,3.428185,25,"{""C01"": 1.139449, ""C02"": 1.145548, ""C03"": 1.161379, ""C04"": 1.188905, ""C05"": 1.224585, ""C06"": 1.142657, ""C07"": 1.158933, ""C08"": 1.145449, ""C09"": 1.151548, ""C10"": 1.667795, ""C11"": 1.581092, ""C12"": 1.59839, ""C13"": 1.600958, ""C14"": 1.596995, ""C15"": 1.597772, ""C16"": 1.583577, ""C17"": 1.600033, ""C18"": 1.673795, ""C19"": 1.587092, ""C20"": 2.345589, ""C21"": 2.299599, ""C22"": 2.348029, ""C23"": 2.397508, ""C24"": 2.347688, ""C25"": 2.351589}","{""C01"": 0, ""C02"": 0, ""C03"": 0, ""C04"": 0, ""C05"": 0, ""C06"": 0, ""C07"": 0, ""C08"": 0, ""C09"": 0, ""C10"": 0, ""C11"": 0, ""C12"": 0, ""C13"": 0, ""C14"": 0, ""C15"": 0, ""C16"": 0, ""C17"": 0, ""C18"": 0, ""C19"": 0, ""C20"": 0, ""C21"": 0, ""C22"": 0, ""C23"": 1566, ""C24"": 0, ""C25"": 0}","{""C01"": 0.025380249560732857, ""C02"": 0.025380249560732857, ""C03"": 0.025380249560732857, ""C04"": 0.025380249560732857, ""C05"": 0.025380249560732857, ""C06"": 0.025380249560732857, ""C07"": 0.025380249560732857, ""C08"": 0.025380249560732857, ""C09"": 0.025380249560732857, ""C10"": 0.025380249560732857, ""C11"": 0.025380249560732857, ""C12"": 0.025380249560732857, ""C13"": 0.025380249560732857, ""C14"": 0.025380249560732857, ""C15"": 0.025380249560732857, ""C16"": 0.025380249560732857, ""C17"": 0.025380249560732857, ""C18"": 0.025380249560732857, ""C19"": 0.025380249560732857, ""C20"": 0.025380249560732857, ""C21"": 0.025380249560732857, ""C22"": 0.025380249560732857, ""C23"": 0.02447335359623798, ""C24"": 0.025380249560732857, ""C25"": 0.025380249560732857}"
37,37,1,267,2.346196,25,"{""C01"": 1.134656, ""C02"": 1.14367, ""C03"": 1.163745, ""C04"": 1.194848, ""C05"": 1.231757, ""C06"": 1.138437, ""C07"": 1.16061, ""C08"": 1.140656, ""C09"": 1.14967, ""C10"": 1.675709, ""C11"": 1.58365, ""C12"": 1.595131, ""C13"": 1.594158, ""C14"": 1.590597, ""C15"": 1.595527, ""C16"": 1.586812, ""C17"": 1.592395, ""C18"": 1.681709, ""C19"": 1.58965, ""C20"": 2.351063, ""C21"": 2.311441, ""C22"": 2.361958, ""C23"": 2.40826, ""C24"": 2.362321, ""C25"": 2.357063}","{""C01"": 0, ""C02"": 0, ""C03"": 0, ""C04"": 0, ""C05"": 0, ""C06"": 0, ""C07"": 0, ""C08"": 0, ""C09"": 0, ""C10"": 0, ""C11"": 0, ""C12"": 0, ""C13"": 0, ""C14"": 0, ""C15"": 0, ""C16"": 0, ""C17"": 0, ""C18"": 0, ""C19"": 0, ""C20"": 0, ""C21"": 0, ""C22"": 0, ""C23"": 1564, ""C24"": 0, ""C25"": 0}","{""C01"": 0.025383155720843126, ""C02"": 0.025383155720843126, ""C03"": 0.025383155720843126, ""C04"": 0.025383155720843126, ""C05"": 0.025383155720843126, ""C06"": 0.025383155720843126, ""C07"": 0.025383155720843126, ""C08"": 0.025383155720843126, ""C09"": 0.025383155720843126, ""C10"": 0.025383155720843126, ""C11"": 0.025383155720843126, ""C12"": 0.025383155720843126, ""C13"": 0.025383155720843126, ""C14"": 0.025383155720843126, ""C15"": 0.025383155720843126, ""C16"": 0.025383155720843126, ""C17"": 0.025383155720843126, ""C18"": 0.025383155720843126, ""C19"": 0.025383155720843126, ""C20"": 0.025383155720843126, ""C21"": 0.025383155720843126, ""C22"": 0.025383155720843126, ""C23"": 0.024477417648423226, ""C24"": 0.025383155720843126, ""C25"": 0.025383155720843126}"
38,38,1,295,3.334701,25,"{""C01"": 1.130578, ""C02"": 1.143189, ""C03"": 1.167504, ""C04"": 1.201494, ""C05"": 1.238579, ""C06"": 1.13484, ""C07"": 1.163793, ""C08"": 1.136578, ""C09"": 1.149189, ""C10"": 1.681833, ""C11"": 1.583922, ""C12"": 1.590116, ""C13"": 1.586908, ""C14"": 1.585212, ""C15"": 1.595233, ""C16"": 1.587712, ""C17"": 1.584327, ""C18"": 1.687833, ""C19"": 1.589922, ""C20"": 2.358957, ""C21"": 2.324435, ""C22"": 2.37514, ""C23"": 2.416631, ""C24"": 2.376221, ""C25"": 2.364957}","{""C01"": 0, ""C02"": 0, ""C03"": 0, ""C04"": 0, ""C05"": 0, ""C06"": 0, ""C07"": 0, ""C08"": 0, ""C09"": 0, ""C10"": 0, ""C11"": 0, ""C12"": 0, ""C13"": 0, ""C14"": 0, ""C15"": 0, ""C16"": 0, ""C17"": 0, ""C18"": 0, ""C19"": 0, ""C20"": 0, ""C21"": 0, ""C22"": 0, ""C23"": 1562, ""C24"": 0, ""C25"": 0}","{""C01"": 0.025385144526385836, ""C02"": 0.025385144526385836, ""C03"": 0.025385144526385836, ""C04"": 0.025385144526385836, ""C05"": 0.025385144526385836, ""C06"": 0.025385144526385836, ""C07"": 0.025385144526385836, ""C08"": 0.025385144526385836, ""C09"": 0.025385144526385836, ""C10"": 0.025385144526385836, ""C11"": 0.025385144526385836, ""C12"": 0.025385144526385836, ""C13"": 0.025385144526385836, ""C14"": 0.025385144526385836, ""C15"": 0.025385144526385836, ""C16"": 0.025385144526385836, ""C17"": 0.025385144526385836, ""C18"": 0.025385144526385836, ""C19"": 0.025385144526385836, ""C20"": 0.025385144526385836, ""C21"": 0.025385144526385836, ""C22"": 0.025385144526385836, ""C23"": 0.024480565156233414, ""C24"": 0.025385144526385836, ""C25"": 0.025385144526385836}"
39,39,1,371,3.725994,25,"{""C01"": 1.127526, ""C02"": 1.144194, ""C03"": 1.17248, ""C04"": 1.208487, ""C05"": 1.244687, ""C06"": 1.132158, ""C07"": 1.168336, ""C08"": 1.133526, ""C09"": 1.150194, ""C10"": 1.685883, ""C11"": 1.581992, ""C12"": 1.583757, ""C13"": 1.579755, ""C14"": 1.581274, ""C15"": 1.597006, ""C16"": 1.586345, ""C17"": 1.576412, ""C18"": 1.691883, ""C19"": 1.587992, ""C20"": 2.368949, ""C21"": 2.337944, ""C22"": 2.386929, ""C23"": 2.422272, ""C24"": 2.388726, ""C25"": 2.374949}","{""C01"": 0, ""C02"": 0, ""C03"": 0, ""C04"": 0, ""C05"": 0, ""C06"": 0, ""C07"": 0, ""C08"": 0, ""C09"": 0, ""C10"": 0, ""C11"": 0, ""C12"": 0, ""C13"": 0, ""C14"": 0, ""C15"": 0, ""C16"": 0, ""C17"": 0, ""C18"": 0, ""C19"": 0, ""C20"": 0, ""C21"": 0, ""C22"": 0, ""C23"": 1561, ""C24"": 0, ""C25"": 0}","{""C01"": 0.02538667866693768, ""C02"": 0.02538667866693768, ""C03"": 0.02538667866693768, ""C04"": 0.02538667866693768, ""C05"": 0.02538667866693768, ""C06"": 0.02538667866693768, ""C07"": 0.02538667866693768, ""C08"": 0.02538667866693768, ""C09"": 0.02538667866693768, ""C10"": 0.02538667866693768, ""C11"": 0.02538667866693768, ""C12"": 0.02538667866693768, ""C13"": 0.02538667866693768, ""C14"": 0.02538667866693768, ""C15"": 0.02538667866693768, ""C16"": 0.02538667866693768, ""C17"": 0.02538667866693768, ""C18"": 0.02538667866693768, ""C19"": 0.02538667866693768, ""C20"": 0.02538667866693768, ""C21"": 0.02538667866693768, ""C22"": 0.02538667866693768, ""C23"": 0.02448267817057098, ""C24"": 0.02538667866693768, ""C25"": 0.02538667866693768}"
40,40,1,476,4.201355,25,"{""C01"": 1.125746, ""C02"": 1.146679, ""C03"": 1.178421, ""C04"": 1.21545, ""C05"": 1.249757, ""C06"": 1.130624, ""C07"": 1.174009, ""C08"": 1.131746, ""C09"": 1.152679, ""C10"": 1.687701, ""C11"": 1.578071, ""C12"": 1.576542, ""C13"": 1.573238, ""C14"": 1.579121, ""C15"": 1.60083, ""C16"": 1.582904, ""C17"": 1.569223, ""C18"": 1.693701, ""C19"": 1.584071, ""C20"": 2.38058, ""C21"": 2.351288, ""C22"": 2.39675, ""C23"": 2.424992, ""C24"": 2.399245, ""C25"": 2.38658}","{""C01"": 0, ""C02"": 0, ""C03"": 0, ""C04"": 0, ""C05"": 0, ""C06"": 0, ""C07"": 0, ""C08"": 0, ""C09"": 0, ""C10"": 0, ""C11"": 0, ""C12"": 0, ""C13"": 0, ""C14"": 0, ""C15"": 0, ""C16"": 0, ""C17"": 0, ""C18"": 0, ""C19"": 0, ""C20"": 0, ""C21"": 0, ""C22"": 0, ""C23"": 1560, ""C24"": 0, ""C25"": 0}","{""C01"": 0.0253871152207365, ""C02"": 0.0253871152207365, ""C03"": 0.0253871152207365, ""C04"": 0.0253871152207365, ""C05"": 0.0253871152207365, ""C06"": 0.0253871152207365, ""C07"": 0.0253871152207365, ""C08"": 0.0253871152207365, ""C09"": 0.0253871152207365, ""C10"": 0.0253871152207365, ""C11"": 0.0253871152207365, ""C12"": 0.0253871152207365, ""C13"": 0.0253871152207365, ""C14"": 0.0253871152207365, ""C15"": 0.0253871152207365, ""C16"": 0.0253871152207365, ""C17"": 0.0253871152207365, ""C18"": 0.0253871152207365, ""C19"": 0.0253871152207365, ""C20"": 0.0253871152207365, ""C21"": 0.0253871152207365, ""C22"": 0.0253871152207365, ""C23"": 0.024483694569922606, ""C24"": 0.0253871152207365, ""C25"": 0.0253871152207365}"
41,41,1,661,5.835774,25,"{""C01"": 1.125401, ""C02"": 1.15054, ""C03"": 1.185008, ""C04"": 1.222, ""C05"": 1.253524, ""C06"": 1.130393, ""C07"": 1.180508, ""C08"": 1.131401, ""C09"": 1.15654, ""C10"": 1.687259, ""C11"": 1.572489, ""C12"": 1.569003, ""C13"": 1.567848, ""C14"": 1.578972, ""C15"": 1.606551, ""C16"": 1.577707, ""C17"": 1.56328, ""C18"": 1.693259, ""C19"": 1.578489, ""C20"": 2.393273, ""C21"": 2.363786, ""C22"": 2.404143, ""C23"": 2.424771, ""C24"": 2.407303, ""C25"": 2.399273}","{""C01"": 0, ""C02"": 0, ""C03"": 0, ""C04"": 0, ""C05"": 0, ""C06"": 0, ""C07"": 0, ""C08"": 0, ""C09"": 0, ""C10"": 0, ""C11"": 0, ""C12"": 0, ""C13"": 0, ""C14"": 0, ""C15"": 0, ""C16"": 0, ""C17"": 0, ""C18"": 0, ""C19"": 0, ""C20"": 0, ""C21"": 0, ""C22"": 0, ""C23"": 1560, ""C24"": 0, ""C25"": 0}","{""C01"": 0.025387032590684783, ""C02"": 0.025387032590684783, ""C03"": 0.025387032590684783, ""C04"": 0.025387032590684783, ""C05"": 0.025387032590684783, ""C06"": 0.025387032590684783, ""C07"": 0.025387032590684783, ""C08"": 0.025387032590684783, ""C09"": 0.025387032590684783, ""C10"": 0.025387032590684783, ""C11"": 0.025387032590684783, ""C12"": 0.025387032590684783, ""C13"": 0.025387032590684783, ""C14"": 0.025387032590684783, ""C15"": 0.025387032590684783, ""C16"": 0.025387032590684783, ""C17"": 0.025387032590684783, ""C18"": 0.025387032590684783, ""C19"": 0.025387032590684783, ""C20"": 0.025387032590684783, ""C21"": 0.025387032590684783, ""C22"": 0.025387032590684783, ""C23"": 0.024483612013057553, ""C24"": 0.025387032590684783, ""C25"": 0.025387032590684783}"
42,42,1,1546,14.676488,25,"{""C01"": 1.126559, ""C02"": 1.155585, ""C03"": 1.191879, ""C04"": 1.227778, ""C05"": 1.255804, ""C06"": 1.131529, ""C07"": 1.187475, ""C08"": 1.132559, ""C09"": 1.161585, ""C10"": 1.684665, ""C11"": 1.565673, ""C12"": 1.561691, ""C13"": 1.563999, ""C14"": 1.580917, ""C15"": 1.613895, ""C16"": 1.571168, ""C17"": 1.559022, ""C18"": 1.690665, ""C19"": 1.571673, ""C20"": 2.40638, ""C21"": 2.374799, ""C22"": 2.408785, ""C23"": 2.42176, ""C24"": 2.412562, ""C25"": 2.41238}","{""C01"": 0, ""C02"": 0, ""C03"": 0, ""C04"": 0, ""C05"": 0, ""C06"": 0, ""C07"": 0, ""C08"": 0, ""C09"": 0, ""C10"": 0, ""C11"": 0, ""C12"": 0, ""C13"": 0, ""C14"": 0, ""C15"": 0, ""C16"": 0, ""C17"": 0, ""C18"": 0, ""C19"": 0, ""C20"": 0, ""C21"": 0, ""C22"": 0, ""C23"": 1561, ""C24"": 0, ""C25"": 0}","{""C01"": 0.025386486960055646, ""C02"": 0.025386486960055646, ""C03"": 0.025386486960055646, ""C04"": 0.025386486960055646, ""C05"": 0.025386486960055646, ""C06"": 0.025386486960055646, ""C07"": 0.025386486960055646, ""C08"": 0.025386486960055646, ""C09"": 0.025386486960055646, ""C10"": 0.025386486960055646, ""C11"": 0.025386486960055646, ""C12"": 0.025386486960055646, ""C13"": 0.025386486960055646, ""C14"": 0.025386486960055646, ""C15"": 0.025386486960055646, ""C16"": 0.025386486960055646, ""C17"": 0.025386486960055646, ""C18"": 0.025386486960055646, ""C19"": 0.025386486960055646, ""C20"": 0.025386486960055646, ""C21"": 0.025386486960055646, ""C22"": 0.025386486960055646, ""C23"": 0.024482486633374337, ""C24"": 0.025386486960055646, ""C25"": 0.025386486960055646}"
43,43,1,1001,8.875269,25,"{""C01"": 1.129193, ""C02"": 1.161545, ""C03"": 1.198652, ""C04"": 1.232469, ""C05"": 1.256497, ""C06"": 1.134005, ""C07"": 1.194524, ""C08"": 1.135193, ""C09"": 1.167545, ""C10"": 1.680154, ""C11"": 1.558121, ""C12"": 1.555135, ""C13"": 1.562005, ""C14"": 1.584908, ""C15"": 1.622478, ""C16"": 1.563778, ""C17"": 1.556781, ""C18"": 1.686154, ""C19"": 1.564121, ""C20"": 2.419213, ""C21"": 2.383772, ""C22"": 2.410518, ""C23"": 2.416277, ""C24"": 2.414848, ""C25"": 2.425213}","{""C01"": 0, ""C02"": 0, ""C03"": 0, ""C04"": 0, ""C05"": 0, ""C06"": 0, ""C07"": 0, ""C08"": 0, ""C09"": 0, ""C10"": 0, ""C11"": 0, ""C12"": 0, ""C13"": 0, ""C14"": 0, ""C15"": 0, ""C16"": 0, ""C17"": 0, ""C18"": 0, ""C19"": 0, ""C20"": 328, ""C21"": 0, ""C22"": 0, ""C23"": 123, ""C24"": 0, ""C25"": 1110}","{""C01"": 0.02538704400102637, ""C02"": 0.02538704400102637, ""C03"": 0.02538704400102637, ""C04"": 0.02538704400102637, ""C05"": 0.02538704400102637, ""C06"": 0.02538704400102637, ""C07"": 0.02538704400102637, ""C08"": 0.02538704400102637, ""C09"": 0.02538704400102637, ""C10"": 0.02538704400102637, ""C11"": 0.02538704400102637, ""C12"": 0.02538704400102637, ""C13"": 0.02538704400102637, ""C14"": 0.02538704400102637, ""C15"": 0.02538704400102637, ""C16"": 0.02538704400102637, ""C17"": 0.02538704400102637, ""C18"": 0.02538704400102637, ""C19"": 0.02538704400102637, ""C20"": 0.025197093700328698, ""C21"": 0.02538704400102637, ""C22"": 0.02538704400102637, ""C23"": 0.025315812465114433, ""C24"": 0.02538704400102637, ""C25"": 0.024744226888509385}"
44,44,1,310,2.778395,25,"{""C01"": 1.133182, ""C02"": 1.168091, ""C03"": 1.204948, ""C04"": 1.235824, ""C05"": 1.255604, ""C06"": 1.137706, ""C07"": 1.20126, ""C08"": 1.139182, ""C09"": 1.174091, ""C10"": 1.674076, ""C11"": 1.550372, ""C12"": 1.54981, ""C13"": 1.56206, ""C14"": 1.590768, ""C15"": 1.631837, ""C16"": 1.556071, ""C17"": 1.55676, ""C18"": 1.680076, ""C19"": 1.556372, ""C20"": 2.431095, ""C21"": 2.390268, ""C22"": 2.409353, ""C23"": 2.408781, ""C24"": 2.414163, ""C25"": 2.437095}","{""C01"": 0, ""C02"": 0, ""C03"": 0, ""C04"": 0, ""C05"": 0, ""C06"": 0, ""C07"": 0, ""C08"": 0, ""C09"": 0, ""C10"": 0, ""C11"": 0, ""C12"": 0, ""C13"": 0, ""C14"": 0, ""C15"": 0, ""C16"": 0, ""C17"": 0, ""C18"": 0, ""C19"": 0, ""C20"": 653, ""C21"": 0, ""C22"": 0, ""C23"": 0, ""C24"": 0, ""C25"": 906}","{""C01"": 0.025390109837434782, ""C02"": 0.025390109837434782, ""C03"": 0.025390109837434782, ""C04"": 0.025390109837434782, ""C05"": 0.025390109837434782, ""C06"": 0.025390109837434782, ""C07"": 0.025390109837434782, ""C08"": 0.025390109837434782, ""C09"": 0.025390109837434782, ""C10"": 0.025390109837434782, ""C11"": 0.025390109837434782, ""C12"": 0.025390109837434782, ""C13"": 0.025390109837434782, ""C14"": 0.025390109837434782, ""C15"": 0.025390109837434782, ""C16"": 0.025390109837434782, ""C17"": 0.025390109837434782, ""C18"": 0.025390109837434782, ""C19"": 0.025390109837434782, ""C20"": 0.02501194610205455, ""C21"": 0.025390109837434782, ""C22"": 0.025390109837434782, ""C23"": 0.025390109837434782, ""C24"": 0.025390109837434782, ""C25"": 0.024865432729208783}"
45,45,1,188,1.634396,25,"{""C01"": 1.138315, ""C02"": 1.174855, ""C03"": 1.210413, ""C04"": 1.237672, ""C05"": 1.253217, ""C06"": 1.142431, ""C07"": 1.207307, ""C08"": 1.144315, ""C09"": 1.180855, ""C10"": 1.666874, ""C11"": 1.542972, ""C12"": 1.546113, ""C13"": 1.564224, ""C14"": 1.598195, ""C15"": 1.641454, ""C16"": 1.548592, ""C17"": 1.559025, ""C18"": 1.672874, ""C19"": 1.548972, ""C20"": 2.441399, ""C21"": 2.393993, ""C22"": 2.405475, ""C23"": 2.399851, ""C24"": 2.410678, ""C25"": 2.447399}","{""C01"": 0, ""C02"": 0, ""C03"": 0, ""C04"": 0, ""C05"": 0, ""C06"": 0, ""C07"": 0, ""C08"": 0, ""C09"": 0, ""C10"": 0, ""C11"": 0, ""C12"": 0, ""C13"": 0, ""C14"": 0, ""C15"": 0, ""C16"": 0, ""C17"": 0, ""C18"": 0, ""C19"": 0, ""C20"": 705, ""C21"": 0, ""C22"": 0, ""C23"": 0, ""C24"": 0, ""C25"": 852}","{""C01"": 0.0253926939020106, ""C02"": 0.0253926939020106, ""C03"": 0.0253926939020106, ""C04"": 0.0253926939020106, ""C05"": 0.0253926939020106, ""C06"": 0.0253926939020106, ""C07"": 0.0253926939020106, ""C08"": 0.0253926939020106, ""C09"": 0.0253926939020106, ""C10"": 0.0253926939020106, ""C11"": 0.0253926939020106, ""C12"": 0.0253926939020106, ""C13"": 0.0253926939020106, ""C14"": 0.0253926939020106, ""C15"": 0.0253926939020106, ""C16"": 0.0253926939020106, ""C17"": 0.0253926939020106, ""C18"": 0.0253926939020106, ""C19"": 0.0253926939020106, ""C20"": 0.024984416053075168, ""C21"": 0.0253926939020106, ""C22"": 0.0253926939020106, ""C23"": 0.0253926939020106, ""C24"": 0.0253926939020106, ""C25"": 0.024899289250301233}"
46,46,1,136,1.243971,25,"{""C01"": 1.14431, ""C02"": 1.181452, ""C03"": 1.214745, ""C04"": 1.237935, ""C05"": 1.249523, ""C06"": 1.147914, ""C07"": 1.212332, ""C08"": 1.15031, ""C09"": 1.187452, ""C10"": 1.659055, ""C11"": 1.536442, ""C12"": 1.544334, ""C13"": 1.568424, ""C14"": 1.606789, ""C15"": 1.650792, ""C16"": 1.541864, ""C17"": 1.563497, ""C18"": 1.665055, ""C19"": 1.542442, ""C20"": 2.449589, ""C21"": 2.394821, ""C22"": 2.399229, ""C23"": 2.390146, ""C24"": 2.404731, ""C25"": 2.455589}","{""C01"": 0, ""C02"": 0, ""C03"": 0, ""C04"": 0, ""C05"": 0, ""C06"": 0, ""C07"": 0, ""C08"": 0, ""C09"": 0, ""C10"": 0, ""C11"": 0, ""C12"": 0, ""C13"": 0, ""C14"": 0, ""C15"": 0, ""C16"": 0, ""C17"": 0, ""C18"": 0, ""C19"": 0, ""C20"": 723, ""C21"": 0, ""C22"": 0, ""C23"": 0, ""C24"": 0, ""C25"": 833}","{""C01"": 0.025395108988018153, ""C02"": 0.025395108988018153, ""C03"": 0.025395108988018153, ""C04"": 0.025395108988018153, ""C05"": 0.025395108988018153, ""C06"": 0.025395108988018153, ""C07"": 0.025395108988018153, ""C08"": 0.025395108988018153, ""C09"": 0.025395108988018153, ""C10"": 0.025395108988018153, ""C11"": 0.025395108988018153, ""C12"": 0.025395108988018153, ""C13"": 0.025395108988018153, ""C14"": 0.025395108988018153, ""C15"": 0.025395108988018153, ""C16"": 0.025395108988018153, ""C17"": 0.025395108988018153, ""C18"": 0.025395108988018153, ""C19"": 0.025395108988018153, ""C20"": 0.0249764065452187, ""C21"": 0.025395108988018153, ""C22"": 0.025395108988018153, ""C23"": 0.025395108988018153, ""C24"": 0.025395108988018153, ""C25"": 0.024912706595602848}"
47,47,1,109,0.993183,25,"{""C01"": 1.150827, ""C02"": 1.187506, ""C03"": 1.217706, ""C04"": 1.236629, ""C05"": 1.244783, ""C06"": 1.153831, ""C07"": 1.21606, ""C08"": 1.156827, ""C09"": 1.193506, ""C10"": 1.651161, ""C11"": 1.531243, ""C12"": 1.544638, ""C13"": 1.574453, ""C14"": 1.616071, ""C15"": 1.659325, ""C16"": 1.536354, ""C17"": 1.569957, ""C18"": 1.657161, ""C19"": 1.537243, ""C20"": 2.455251, ""C21"": 2.392796, ""C22"": 2.3911, ""C23"": 2.380367, ""C24"": 2.3968, ""C25"": 2.461251}","{""C01"": 0, ""C02"": 0, ""C03"": 0, ""C04"": 0, ""C05"": 0, ""C06"": 0, ""C07"": 0, ""C08"": 0, ""C09"": 0, ""C10"": 0, ""C11"": 0, ""C12"": 0, ""C13"": 0, ""C14"": 0, ""C15"": 0, ""C16"": 0, ""C17"": 0, ""C18"": 0, ""C19"": 0, ""C20"": 739, ""C21"": 0, ""C22"": 0, ""C23"": 0, ""C24"": 0, ""C25"": 816}","{""C01"": 0.025396586536484356, ""C02"": 0.025396586536484356, ""C03"": 0.025396586536484356, ""C04"": 0.025396586536484356, ""C05"": 0.025396586536484356, ""C06"": 0.025396586536484356, ""C07"": 0.025396586536484356, ""C08"": 0.025396586536484356, ""C09"": 0.025396586536484356, ""C10"": 0.025396586536484356, ""C11"": 0.025396586536484356, ""C12"": 0.025396586536484356, ""C13"": 0.025396586536484356, ""C14"": 0.025396586536484356, ""C15"": 0.025396586536484356, ""C16"": 0.025396586536484356, ""C17"": 0.025396586536484356, ""C18"": 0.025396586536484356, ""C19"": 0.025396586536484356, ""C20"": 0.02496861820283457, ""C21"": 0.025396586536484356, ""C22"": 0.025396586536484356, ""C23"": 0.025396586536484356, ""C24"": 0.025396586536484356, ""C25"": 0.024924028996196248}"
48,48,1,94,0.823705,25,"{""C01"": 1.157493, ""C02"": 1.192671, ""C03"": 1.219145, ""C04"": 1.233868, ""C05"": 1.239324, ""C06"": 1.159833, ""C07"": 1.2183, ""C08"": 1.163493, ""C09"": 1.198671, ""C10"": 1.643735, ""C11"": 1.527751, ""C12"": 1.54706, ""C13"": 1.581989, ""C14"": 1.625516, ""C15"": 1.666575, ""C16"": 1.532447, ""C17"": 1.578065, ""C18"": 1.649735, ""C19"": 1.533751, ""C20"": 2.458125, ""C21"": 2.388135, ""C22"": 2.381684, ""C23"": 2.371212, ""C24"": 2.387477, ""C25"": 2.464125}","{""C01"": 0, ""C02"": 0, ""C03"": 0, ""C04"": 0, ""C05"": 0, ""C06"": 0, ""C07"": 0, ""C08"": 0, ""C09"": 0, ""C10"": 0, ""C11"": 0, ""C12"": 0, ""C13"": 0, ""C14"": 0, ""C15"": 0, ""C16"": 0, ""C17"": 0, ""C18"": 0, ""C19"": 0, ""C20"": 741, ""C21"": 0, ""C22"": 0, ""C23"": 0, ""C24"": 0, ""C25"": 813}","{""C01"": 0.02539705672953818, ""C02"": 0.02539705672953818, ""C03"": 0.02539705672953818, ""C04"": 0.02539705672953818, ""C05"": 0.02539705672953818, ""C06"": 0.02539705672953818, ""C07"": 0.02539705672953818, ""C08"": 0.02539705672953818, ""C09"": 0.02539705672953818, ""C10"": 0.02539705672953818, ""C11"": 0.02539705672953818, ""C12"": 0.02539705672953818, ""C13"": 0.02539705672953818, ""C14"": 0.02539705672953818, ""C15"": 0.02539705672953818, ""C16"": 0.02539705672953818, ""C17"": 0.02539705672953818, ""C18"": 0.02539705672953818, ""C19"": 0.02539705672953818, ""C20"": 0.02496793049083219, ""C21"": 0.02539705672953818, ""C22"": 0.02539705672953818, ""C23"": 0.02539705672953818, ""C24"": 0.02539705672953818, ""C25"": 0.024926237247717132}"
49,49,1,87,0.760117,25,"{""C01"": 1.163922, ""C02"": 1.196656, ""C03"": 1.219, ""C04"": 1.229852, ""C05"": 1.233514, ""C06"": 1.165557, ""C07"": 1.218948, ""C08"": 1.169922, ""C09"": 1.202656, ""C10"": 1.637288, ""C11"": 1.526231, ""C12"": 1.551498, ""C13"": 1.590612, ""C14"": 1.634585, ""C15"": 1.67214, ""C16"": 1.53042, ""C17"": 1.587375, ""C18"": 1.643288, ""C19"": 1.532231, ""C20"": 2.458116, ""C21"": 2.381213, ""C22"": 2.371651, ""C23"": 2.363333, ""C24"": 2.377429, ""C25"": 2.464116}","{""C01"": 0, ""C02"": 0, ""C03"": 0, ""C04"": 0, ""C05"": 0, ""C06"": 0, ""C07"": 0, ""C08"": 0, ""C09"": 0, ""C10"": 0, ""C11"": 0, ""C12"": 0, ""C13"": 0, ""C14"": 0, ""C15"": 0, ""C16"": 0, ""C17"": 0, ""C18"": 0, ""C19"": 0, ""C20"": 742, ""C21"": 0, ""C22"": 0, ""C23"": 0, ""C24"": 0, ""C25"": 812}","{""C01"": 0.025397052016043253, ""C02"": 0.025397052016043253, ""C03"": 0.025397052016043253, ""C04"": 0.025397052016043253, ""C05"": 0.025397052016043253, ""C06"": 0.025397052016043253, ""C07"": 0.025397052016043253, ""C08"": 0.025397052016043253, ""C09"": 0.025397052016043253, ""C10"": 0.025397052016043253, ""C11"": 0.025397052016043253, ""C12"": 0.025397052016043253, ""C13"": 0.025397052016043253, ""C14"": 0.025397052016043253, ""C15"": 0.025397052016043253, ""C16"": 0.025397052016043253, ""C17"": 0.025397052016043253, ""C18"": 0.025397052016043253, ""C19"": 0.025397052016043253, ""C20"": 0.024967346661462025, ""C21"": 0.025397052016043253, ""C22"": 0.025397052016043253, ""C23"": 0.025397052016043253, ""C24"": 0.025397052016043253, ""C25"": 0.024926811659332762}"
50,50,1,83,0.721938,25,"{""C01"": 1.169741, ""C02"": 1.199239, ""C03"": 1.217309, ""C04"": 1.224858, ""C05"": 1.227742, ""C06"": 1.170655, ""C07"": 1.218001, ""C08"": 1.175741, ""C09"": 1.205239, ""C10"": 1.632265, ""C11"": 1.526822, ""C12"": 1.557719, ""C13"": 1.599832, ""C14"": 1.642759, ""C15"": 1.675719, ""C16"": 1.530426, ""C17"": 1.597367, ""C18"": 1.638265, ""C19"": 1.532822, ""C20"": 2.455302, ""C21"": 2.372536, ""C22"": 2.361701, ""C23"": 2.3573, ""C24"": 2.367356, ""C25"": 2.461302}","{""C01"": 0, ""C02"": 0, ""C03"": 0, ""C04"": 0, ""C05"": 0, ""C06"": 0, ""C07"": 0, ""C08"": 0, ""C09"": 0, ""C10"": 0, ""C11"": 0, ""C12"": 0, ""C13"": 0, ""C14"": 0, ""C15"": 0, ""C16"": 0, ""C17"": 0, ""C18"": 0, ""C19"": 0, ""C20"": 748, ""C21"": 0, ""C22"": 0, ""C23"": 0, ""C24"": 0, ""C25"": 807}","{""C01"": 0.02539659250890708, ""C02"": 0.02539659250890708, ""C03"": 0.02539659250890708, ""C04"": 0.02539659250890708, ""C05"": 0.02539659250890708, ""C06"": 0.02539659250890708, ""C07"": 0.02539659250890708, ""C08"": 0.02539659250890708, ""C09"": 0.02539659250890708, ""C10"": 0.02539659250890708, ""C11"": 0.02539659250890708, ""C12"": 0.02539659250890708, ""C13"": 0.02539659250890708, ""C14"": 0.02539659250890708, ""C15"": 0.02539659250890708, ""C16"": 0.02539659250890708, ""C17"": 0.02539659250890708, ""C18"": 0.02539659250890708, ""C19"": 0.02539659250890708, ""C20"": 0.02496341211165398, ""C21"": 0.02539659250890708, ""C22"": 0.02539659250890708, ""C23"": 0.02539659250890708, ""C24"": 0.02539659250890708, ""C25"": 0.024929247051412515}"
51,51,1,81,0.701551,25,"{""C01"": 1.174614, ""C02"": 1.200286, ""C03"": 1.214201, ""C04"": 1.219221, ""C05"": 1.222391, ""C06"": 1.174818, ""C07"": 1.215547, ""C08"": 1.180614, ""C09"": 1.206286, ""C10"": 1.629021, ""C11"": 1.529531, ""C12"": 1.565381, ""C13"": 1.609115, ""C14"": 1.649573, ""C15"": 1.677131, ""C16"": 1.53249, ""C17"": 1.607473, ""C18"": 1.635021, ""C19"": 1.535531, ""C20"": 2.449931, ""C21"": 2.362718, ""C22"": 2.352528, ""C23"": 2.353559, ""C24"": 2.357957, ""C25"": 2.455931}","{""C01"": 0, ""C02"": 0, ""C03"": 0, ""C04"": 0, ""C05"": 0, ""C06"": 0, ""C07"": 0, ""C08"": 0, ""C09"": 0, ""C10"": 0, ""C11"": 0, ""C12"": 0, ""C13"": 0, ""C14"": 0, ""C15"": 0, ""C16"": 0, ""C17"": 0, ""C18"": 0, ""C19"": 0, ""C20"": 749, ""C21"": 0, ""C22"": 0, ""C23"": 0, ""C24"": 0, ""C25"": 807}","{""C01"": 0.02539519797313118, ""C02"": 0.02539519797313118, ""C03"": 0.02539519797313118, ""C04"": 0.02539519797313118, ""C05"": 0.02539519797313118, ""C06"": 0.02539519797313118, ""C07"": 0.02539519797313118, ""C08"": 0.02539519797313118, ""C09"": 0.02539519797313118, ""C10"": 0.02539519797313118, ""C11"": 0.02539519797313118, ""C12"": 0.02539519797313118, ""C13"": 0.02539519797313118, ""C14"": 0.02539519797313118, ""C15"": 0.02539519797313118, ""C16"": 0.02539519797313118, ""C17"": 0.02539519797313118, ""C18"": 0.02539519797313118, ""C19"": 0.02539519797313118, ""C20"": 0.024961438457699936, ""C21"": 0.02539519797313118, ""C22"": 0.02539519797313118, ""C23"": 0.02539519797313118, ""C24"": 0.02539519797313118, ""C25"": 0.024927852644963}"
52,52,1,76,1.029780,25,"{""C01"": 1.178262, ""C02"": 1.199754, ""C03"": 1.209893, ""C04"": 1.213315, ""C05"": 1.217818, ""C06"": 1.177791, ""C07"": 1.211769, ""C08"": 1.184262, ""C09"": 1.205754, ""C10"": 1.627797, ""C11"": 1.534228, ""C12"": 1.574044, ""C13"": 1.617926, ""C14"": 1.654641, ""C15"": 1.676328, ""C16"": 1.5365, ""C17"": 1.617122, ""C18"": 1.633797, ""C19"": 1.540228, ""C20"": 2.442405, ""C21"": 2.352437, ""C22"": 2.344769, ""C23"": 2.352412, ""C24"": 2.349871, ""C25"": 2.448405}","{""C01"": 0, ""C02"": 0, ""C03"": 0, ""C04"": 0, ""C05"": 0, ""C06"": 0, ""C07"": 0, ""C08"": 0, ""C09"": 0, ""C10"": 0, ""C11"": 0, ""C12"": 0, ""C13"": 0, ""C14"": 0, ""C15"": 0, ""C16"": 0, ""C17"": 0, ""C18"": 0, ""C19"": 0, ""C20"": 754, ""C21"": 0, ""C22"": 0, ""C23"": 0, ""C24"": 0, ""C25"": 803}","{""C01"": 0.02539299602204946, ""C02"": 0.02539299602204946, ""C03"": 0.02539299602204946, ""C04"": 0.02539299602204946, ""C05"": 0.02539299602204946, ""C06"": 0.02539299602204946, ""C07"": 0.02539299602204946, ""C08"": 0.02539299602204946, ""C09"": 0.02539299602204946, ""C10"": 0.02539299602204946, ""C11"": 0.02539299602204946, ""C12"": 0.02539299602204946, ""C13"": 0.02539299602204946, ""C14"": 0.02539299602204946, ""C15"": 0.02539299602204946, ""C16"": 0.02539299602204946, ""C17"": 0.02539299602204946, ""C18"": 0.02539299602204946, ""C19"": 0.02539299602204946, ""C20"": 0.024956341338074492, ""C21"": 0.02539299602204946, ""C22"": 0.02539299602204946, ""C23"": 0.02539299602204946, ""C24"": 0.02539299602204946, ""C25"": 0.02492796802604633}"
53,53,1,85,1.128030,25,"{""C01"": 1.180479, ""C02"": 1.197699, ""C03"": 1.204675, ""C04"": 1.20753, ""C05"": 1.214329, ""C06"": 1.179394, ""C07"": 1.20693, ""C08"": 1.186479, ""C09"": 1.203699, ""C10"": 1.628704, ""C11"": 1.540656, ""C12"": 1.583208, ""C13"": 1.625752, ""C14"": 1.657686, ""C15"": 1.673397, ""C16"": 1.542218, ""C17"": 1.625765, ""C18"": 1.634704, ""C19"": 1.546656, ""C20"": 2.433255, ""C21"": 2.342396, ""C22"": 2.338969, ""C23"": 2.353993, ""C24"": 2.343653, ""C25"": 2.439255}","{""C01"": 0, ""C02"": 0, ""C03"": 0, ""C04"": 0, ""C05"": 0, ""C06"": 0, ""C07"": 0, ""C08"": 0, ""C09"": 0, ""C10"": 0, ""C11"": 0, ""C12"": 0, ""C13"": 0, ""C14"": 0, ""C15"": 0, ""C16"": 0, ""C17"": 0, ""C18"": 0, ""C19"": 0, ""C20"": 748, ""C21"": 0, ""C22"": 0, ""C23"": 0, ""C24"": 0, ""C25"": 811}","{""C01"": 0.025390776677209265, ""C02"": 0.025390776677209265, ""C03"": 0.025390776677209265, ""C04"": 0.025390776677209265, ""C05"": 0.025390776677209265, ""C06"": 0.025390776677209265, ""C07"": 0.025390776677209265, ""C08"": 0.025390776677209265, ""C09"": 0.025390776677209265, ""C10"": 0.025390776677209265, ""C11"": 0.025390776677209265, ""C12"": 0.025390776677209265, ""C13"": 0.025390776677209265, ""C14"": 0.025390776677209265, ""C15"": 0.025390776677209265, ""C16"": 0.025390776677209265, ""C17"": 0.025390776677209265, ""C18"": 0.025390776677209265, ""C19"": 0.025390776677209265, ""C20"": 0.02495759660561206, ""C21"": 0.025390776677209265, ""C22"": 0.025390776677209265, ""C23"": 0.025390776677209265, ""C24"": 0.025390776677209265, ""C25"": 0.0249211154634643}"
54,54,1,100,1.335566,25,"{""C01"": 1.181148, ""C02"": 1.194269, ""C03"": 1.198891, ""C04"": 1.202246, ""C05"": 1.212162, ""C06"": 1.179531, ""C07"": 1.201354, ""C08"": 1.187148, ""C09"": 1.200269, ""C10"": 1.631721, ""C11"": 1.548452, ""C12"": 1.592336, ""C13"": 1.63214, ""C14"": 1.658551, ""C15"": 1.668552, ""C16"": 1.549303, ""C17"": 1.632912, ""C18"": 1.637721, ""C19"": 1.554452, ""C20"": 2.423109, ""C21"": 2.333277, ""C22"": 2.335548, ""C23"": 2.358262, ""C24"": 2.33973, ""C25"": 2.429109}","{""C01"": 0, ""C02"": 0, ""C03"": 0, ""C04"": 0, ""C05"": 0, ""C06"": 0, ""C07"": 0, ""C08"": 0, ""C09"": 0, ""C10"": 0, ""C11"": 0, ""C12"": 0, ""C13"": 0, ""C14"": 0, ""C15"": 0, ""C16"": 0, ""C17"": 0, ""C18"": 0, ""C19"": 0, ""C20"": 744, ""C21"": 0, ""C22"": 0, ""C23"": 0, ""C24"": 0, ""C25"": 817}","{""C01"": 0.025388165861667297, ""C02"": 0.025388165861667297, ""C03"": 0.025388165861667297, ""C04"": 0.025388165861667297, ""C05"": 0.025388165861667297, ""C06"": 0.025388165861667297, ""C07"": 0.025388165861667297, ""C08"": 0.025388165861667297, ""C09"": 0.025388165861667297, ""C10"": 0.025388165861667297, ""C11"": 0.025388165861667297, ""C12"": 0.025388165861667297, ""C13"": 0.025388165861667297, ""C14"": 0.025388165861667297, ""C15"": 0.025388165861667297, ""C16"": 0.025388165861667297, ""C17"": 0.025388165861667297, ""C18"": 0.025388165861667297, ""C19"": 0.025388165861667297, ""C20"": 0.024957302283190225, ""C21"": 0.025388165861667297, ""C22"": 0.025388165861667297, ""C23"": 0.025388165861667297, ""C24"": 0.025388165861667297, ""C25"": 0.024915030020251597}"
55,55,1,126,1.223685,25,"{""C01"": 1.180246, ""C02"": 1.189696, ""C03"": 1.19292, ""C04"": 1.197809, ""C05"": 1.211469, ""C06"": 1.178198, ""C07"": 1.195408, ""C08"": 1.186246, ""C09"": 1.195696, ""C10"": 1.636692, ""C11"": 1.55716, ""C12"": 1.600892, ""C13"": 1.636725, ""C14"": 1.657214, ""C15"": 1.662128, ""C16"": 1.557318, ""C17"": 1.638164, ""C18"": 1.642692, ""C19"": 1.56316, ""C20"": 2.412652, ""C21"": 2.325702, ""C22"": 2.334774, ""C23"": 2.365009, ""C24"": 2.338384, ""C25"": 2.418652}","{""C01"": 0, ""C02"": 0, ""C03"": 0, ""C04"": 0, ""C05"": 0, ""C06"": 0, ""C07"": 0, ""C08"": 0, ""C09"": 0, ""C10"": 0, ""C11"": 0, ""C12"": 0, ""C13"": 0, ""C14"": 0, ""C15"": 0, ""C16"": 0, ""C17"": 0, ""C18"": 0, ""C19"": 0, ""C20"": 731, ""C21"": 0, ""C22"": 0, ""C23"": 0, ""C24"": 0, ""C25"": 832}","{""C01"": 0.025385430429311337, ""C02"": 0.025385430429311337, ""C03"": 0.025385430429311337, ""C04"": 0.025385430429311337, ""C05"": 0.025385430429311337, ""C06"": 0.025385430429311337, ""C07"": 0.025385430429311337, ""C08"": 0.025385430429311337, ""C09"": 0.025385430429311337, ""C10"": 0.025385430429311337, ""C11"": 0.025385430429311337, ""C12"": 0.025385430429311337, ""C13"": 0.025385430429311337, ""C14"": 0.025385430429311337, ""C15"": 0.025385430429311337, ""C16"": 0.025385430429311337, ""C17"": 0.025385430429311337, ""C18"": 0.025385430429311337, ""C19"": 0.025385430429311337, ""C20"": 0.024962095435661316, ""C21"": 0.025385430429311337, ""C22"": 0.025385430429311337, ""C23"": 0.025385430429311337, ""C24"": 0.025385430429311337, ""C25"": 0.024903607981792208}"
56,56,1,189,1.664708,25,"{""C01"": 1.177847, ""C02"": 1.184281, ""C03"": 1.187151, ""C04"": 1.194514, ""C05"": 1.212313, ""C06"": 1.175485, ""C07"": 1.18948, ""C08"": 1.183847, ""C09"": 1.190281, ""C10"": 1.643336, ""C11"": 1.56627, ""C12"": 1.608374, ""C13"": 1.639252, ""C14"": 1.653788, ""C15"": 1.654552, ""C16"": 1.565774, ""C17"": 1.641239, ""C18"": 1.649336, ""C19"": 1.57227, ""C20"": 2.402586, ""C21"": 2.320192, ""C22"": 2.336745, ""C23"": 2.373865, ""C24"": 2.339723, ""C25"": 2.408586}","{""C01"": 0, ""C02"": 0, ""C03"": 0, ""C04"": 0, ""C05"": 0, ""C06"": 0, ""C07"": 0, ""C08"": 0, ""C09"": 0, ""C10"": 0, ""C11"": 0, ""C12"": 0, ""C13"": 0, ""C14"": 0, ""C15"": 0, ""C16"": 0, ""C17"": 0, ""C18"": 0, ""C19"": 0, ""C20"": 701, ""C21"": 0, ""C22"": 0, ""C23"": 0, ""C24"": 0, ""C25"": 864}","{""C01"": 0.025382845097993434, ""C02"": 0.025382845097993434, ""C03"": 0.025382845097993434, ""C04"": 0.025382845097993434, ""C05"": 0.025382845097993434, ""C06"": 0.025382845097993434, ""C07"": 0.025382845097993434, ""C08"": 0.025382845097993434, ""C09"": 0.025382845097993434, ""C10"": 0.025382845097993434, ""C11"": 0.025382845097993434, ""C12"": 0.025382845097993434, ""C13"": 0.025382845097993434, ""C14"": 0.025382845097993434, ""C15"": 0.025382845097993434, ""C16"": 0.025382845097993434, ""C17"": 0.025382845097993434, ""C18"": 0.025382845097993434, ""C19"": 0.025382845097993434, ""C20"": 0.024976883638111257, ""C21"": 0.025382845097993434, ""C22"": 0.025382845097993434, ""C23"": 0.025382845097993434, ""C24"": 0.025382845097993434, ""C25"": 0.024882490854293095}"
57,57,1,528,4.766230,25,"{""C01"": 1.174117, ""C02"": 1.178379, ""C03"": 1.18196, ""C04"": 1.192582, ""C05"": 1.214655, ""C06"": 1.171569, ""C07"": 1.183955, ""C08"": 1.180117, ""C09"": 1.184379, ""C10"": 1.651269, ""C11"": 1.575242, ""C12"": 1.614344, ""C13"": 1.63959, ""C14"": 1.648514, ""C15"": 1.646324, ""C16"": 1.57415, ""C17"": 1.64198, ""C18"": 1.657269, ""C19"": 1.581242, ""C20"": 2.393583, ""C21"": 2.317139, ""C22"": 2.341386, ""C23"": 2.384327, ""C24"": 2.343688, ""C25"": 2.399583}","{""C01"": 0, ""C02"": 0, ""C03"": 0, ""C04"": 0, ""C05"": 0, ""C06"": 0, ""C07"": 0, ""C08"": 0, ""C09"": 0, ""C10"": 0, ""C11"": 0, ""C12"": 0, ""C13"": 0, ""C14"": 0, ""C15"": 0, ""C16"": 0, ""C17"": 0, ""C18"": 0, ""C19"": 0, ""C20"": 535, ""C21"": 0, ""C22"": 0, ""C23"": 0, ""C24"": 0, ""C25"": 1032}","{""C01"": 0.025380840306850255, ""C02"": 0.025380840306850255, ""C03"": 0.025380840306850255, ""C04"": 0.025380840306850255, ""C05"": 0.025380840306850255, ""C06"": 0.025380840306850255, ""C07"": 0.025380840306850255, ""C08"": 0.025380840306850255, ""C09"": 0.025380840306850255, ""C10"": 0.025380840306850255, ""C11"": 0.025380840306850255, ""C12"": 0.025380840306850255, ""C13"": 0.025380840306850255, ""C14"": 0.025380840306850255, ""C15"": 0.025380840306850255, ""C16"": 0.025380840306850255, ""C17"": 0.025380840306850255, ""C18"": 0.025380840306850255, ""C19"": 0.025380840306850255, ""C20"": 0.025071012081542225, ""C21"": 0.025380840306850255, ""C22"": 0.025380840306850255, ""C23"": 0.025380840306850255, ""C24"": 0.025380840306850255, ""C25"": 0.024783193303213352}"
58,58,1,877,7.829848,25,"{""C01"": 1.169302, ""C02"": 1.172371, ""C03"": 1.177683, ""C04"": 1.192148, ""C05"": 1.218367, ""C06"": 1.166703, ""C07"": 1.179187, ""C08"": 1.175302, ""C09"": 1.178371, ""C10"": 1.660022, ""C11"": 1.583544, ""C12"": 1.618456, ""C13"": 1.637745, ""C14"": 1.641744, ""C15"": 1.63798, ""C16"": 1.58193, ""C17"": 1.640376, ""C18"": 1.666022, ""C19"": 1.589544, ""C20"": 2.386248, ""C21"": 2.316776, ""C22"": 2.348454, ""C23"": 2.395788, ""C24"": 2.350051, ""C25"": 2.392248}","{""C01"": 0, ""C02"": 0, ""C03"": 0, ""C04"": 0, ""C05"": 0, ""C06"": 0, ""C07"": 0, ""C08"": 0, ""C09"": 0, ""C10"": 0, ""C11"": 0, ""C12"": 0, ""C13"": 0, ""C14"": 0, ""C15"": 0, ""C16"": 0, ""C17"": 0, ""C18"": 0, ""C19"": 0, ""C20"": 0, ""C21"": 0, ""C22"": 0, ""C23"": 1034, ""C24"": 0, ""C25"": 533}","{""C01"": 0.0253797199749978, ""C02"": 0.0253797199749978, ""C03"": 0.0253797199749978, ""C04"": 0.0253797199749978, ""C05"": 0.0253797199749978, ""C06"": 0.0253797199749978, ""C07"": 0.0253797199749978, ""C08"": 0.0253797199749978, ""C09"": 0.0253797199749978, ""C10"": 0.0253797199749978, ""C11"": 0.0253797199749978, ""C12"": 0.0253797199749978, ""C13"": 0.0253797199749978, ""C14"": 0.0253797199749978, ""C15"": 0.0253797199749978, ""C16"": 0.0253797199749978, ""C17"": 0.0253797199749978, ""C18"": 0.0253797199749978, ""C19"": 0.0253797199749978, ""C20"": 0.0253797199749978, ""C21"": 0.0253797199749978, ""C22"": 0.0253797199749978, ""C23"": 0.024780915112578992, ""C24"": 0.0253797199749978, ""C25"": 0.025071050780461943}"
59,59,1,648,5.763398,25,"{""C01"": 1.163717, ""C02"": 1.166645, ""C03"": 1.174602, ""C04"": 1.193253, ""C05"": 1.223232, ""C06"": 1.161204, ""C07"": 1.175482, ""C08"": 1.169717, ""C09"": 1.172645, ""C10"": 1.669075, ""C11"": 1.590683, ""C12"": 1.620479, ""C13"": 1.633853, ""C14"": 1.633924, ""C15"": 1.630063, ""C16"": 1.588637, ""C17"": 1.636552, ""C18"": 1.675075, ""C19"": 1.596683, ""C20"": 2.381077, ""C21"": 2.319167, ""C22"": 2.357549, ""C23"": 2.407577, ""C24"": 2.358428, ""C25"": 2.387077}","{""C01"": 0, ""C02"": 0, ""C03"": 0, ""C04"": 0, ""C05"": 0, ""C06"": 0, ""C07"": 0, ""C08"": 0, ""C09"": 0, ""C10"": 0, ""C11"": 0, ""C12"": 0, ""C13"": 0, ""C14"": 0, ""C15"": 0, ""C16"": 0, ""C17"": 0, ""C18"": 0, ""C19"": 0, ""C20"": 0, ""C21"": 0, ""C22"": 0, ""C23"": 1564, ""C24"": 0, ""C25"": 0}","{""C01"": 0.025382898024493034, ""C02"": 0.025382898024493034, ""C03"": 0.025382898024493034, ""C04"": 0.025382898024493034, ""C05"": 0.025382898024493034, ""C06"": 0.025382898024493034, ""C07"": 0.025382898024493034, ""C08"": 0.025382898024493034, ""C09"": 0.025382898024493034, ""C10"": 0.025382898024493034, ""C11"": 0.025382898024493034, ""C12"": 0.025382898024493034, ""C13"": 0.025382898024493034, ""C14"": 0.025382898024493034, ""C15"": 0.025382898024493034, ""C16"": 0.025382898024493034, ""C17"": 0.025382898024493034, ""C18"": 0.025382898024493034, ""C19"": 0.025382898024493034, ""C20"": 0.025382898024493034, ""C21"": 0.025382898024493034, ""C22"": 0.025382898024493034, ""C23"": 0.02447716017969314, ""C24"": 0.025382898024493034, ""C25"": 0.025382898024493034}"
60,60,1,358,3.066388,25,"{""C01"": 1.157722, ""C02"": 1.16157, ""C03"": 1.172921, ""C04"": 1.195842, ""C05"": 1.228961, ""C06"": 1.155429, ""C07"": 1.173079, ""C08"": 1.163722, ""C09"": 1.16757, ""C10"": 1.677887, ""C11"": 1.596238, ""C12"": 1.620308, ""C13"": 1.628181, ""C14"": 1.625561, ""C15"": 1.623087, ""C16"": 1.593862, ""C17"": 1.630772, ""C18"": 1.683887, ""C19"": 1.602238, ""C20"": 2.378432, ""C21"": 2.324201, ""C22"": 2.368144, ""C23"": 2.419, ""C24"": 2.368307, ""C25"": 2.384432}","{""C01"": 0, ""C02"": 0, ""C03"": 0, ""C04"": 0, ""C05"": 0, ""C06"": 0, ""C07"": 0, ""C08"": 0, ""C09"": 0, ""C10"": 0, ""C11"": 0, ""C12"": 0, ""C13"": 0, ""C14"": 0, ""C15"": 0, ""C16"": 0, ""C17"": 0, ""C18"": 0, ""C19"": 0, ""C20"": 0, ""C21"": 0, ""C22"": 0, ""C23"": 1562, ""C24"": 0, ""C25"": 0}","{""C01"": 0.025386033535282876, ""C02"": 0.025386033535282876, ""C03"": 0.025386033535282876, ""C04"": 0.025386033535282876, ""C05"": 0.025386033535282876, ""C06"": 0.025386033535282876, ""C07"": 0.025386033535282876, ""C08"": 0.025386033535282876, ""C09"": 0.025386033535282876, ""C10"": 0.025386033535282876, ""C11"": 0.025386033535282876, ""C12"": 0.025386033535282876, ""C13"": 0.025386033535282876, ""C14"": 0.025386033535282876, ""C15"": 0.025386033535282876, ""C16"": 0.025386033535282876, ""C17"": 0.025386033535282876, ""C18"": 0.025386033535282876, ""C19"": 0.025386033535282876, ""C20"": 0.025386033535282876, ""C21"": 0.025386033535282876, ""C22"": 0.025386033535282876, ""C23"": 0.02448145337878201, ""C24"": 0.025386033535282876, ""C25"": 0.025386033535282876}"
61,61,1,275,2.444502,25,"{""C01"": 1.151701, ""C02"": 1.157474, ""C03"": 1.172757, ""C04"": 1.199767, ""C05"": 1.235209, ""C06"": 1.149753, ""C07"": 1.172131, ""C08"": 1.157701, ""C09"": 1.163474, ""C10"": 1.685931, ""C11"": 1.599884, ""C12"": 1.617974, ""C13"": 1.6211, ""C14"": 1.617197, ""C15"": 1.617507, ""C16"": 1.59729, ""C17"": 1.623413, ""C18"": 1.691931, ""C19"": 1.605884, ""C20"": 2.378511, ""C21"": 2.331601, ""C22"": 2.379617, ""C23"": 2.429382, ""C24"": 2.379083, ""C25"": 2.384511}","{""C01"": 0, ""C02"": 0, ""C03"": 0, ""C04"": 0, ""C05"": 0, ""C06"": 0, ""C07"": 0, ""C08"": 0, ""C09"": 0, ""C10"": 0, ""C11"": 0, ""C12"": 0, ""C13"": 0, ""C14"": 0, ""C15"": 0, ""C16"": 0, ""C17"": 0, ""C18"": 0, ""C19"": 0, ""C20"": 0, ""C21"": 0, ""C22"": 0, ""C23"": 1559, ""C24"": 0, ""C25"": 0}","{""C01"": 0.025388173371521203, ""C02"": 0.025388173371521203, ""C03"": 0.025388173371521203, ""C04"": 0.025388173371521203, ""C05"": 0.025388173371521203, ""C06"": 0.025388173371521203, ""C07"": 0.025388173371521203, ""C08"": 0.025388173371521203, ""C09"": 0.025388173371521203, ""C10"": 0.025388173371521203, ""C11"": 0.025388173371521203, ""C12"": 0.025388173371521203, ""C13"": 0.025388173371521203, ""C14"": 0.025388173371521203, ""C15"": 0.025388173371521203, ""C16"": 0.025388173371521203, ""C17"": 0.025388173371521203, ""C18"": 0.025388173371521203, ""C19"": 0.025388173371521203, ""C20"": 0.025388173371521203, ""C21"": 0.025388173371521203, ""C22"": 0.025388173371521203, ""C23"": 0.024485332016252324, ""C24"": 0.025388173371521203, ""C25"": 0.025388173371521203}"
62,62,1,264,2.685767,25,"{""C01"": 1.146042, ""C02"": 1.154624, ""C03"": 1.174131, ""C04"": 1.204795, ""C05"": 1.241599, ""C06"": 1.144552, ""C07"": 1.172702, ""C08"": 1.152042, ""C09"": 1.160624, ""C10"": 1.692726, ""C11"": 1.601413, ""C12"": 1.613643, ""C13"": 1.61307, ""C14"": 1.609369, ""C15"": 1.613688, ""C16"": 1.598719, ""C17"": 1.614946, ""C18"": 1.698726, ""C19"": 1.607413, ""C20"": 2.381343, ""C21"": 2.34094, ""C22"": 2.391287, ""C23"": 2.438111, ""C24"": 2.390091, ""C25"": 2.387343}","{""C01"": 0, ""C02"": 0, ""C03"": 0, ""C04"": 0, ""C05"": 0, ""C06"": 0, ""C07"": 0, ""C08"": 0, ""C09"": 0, ""C10"": 0, ""C11"": 0, ""C12"": 0, ""C13"": 0, ""C14"": 0, ""C15"": 0, ""C16"": 0, ""C17"": 0, ""C18"": 0, ""C19"": 0, ""C20"": 0, ""C21"": 0, ""C22"": 0, ""C23"": 1558, ""C24"": 0, ""C25"": 0}","{""C01"": 0.025390840141216897, ""C02"": 0.025390840141216897, ""C03"": 0.025390840141216897, ""C04"": 0.025390840141216897, ""C05"": 0.025390840141216897, ""C06"": 0.025390840141216897, ""C07"": 0.025390840141216897, ""C08"": 0.025390840141216897, ""C09"": 0.025390840141216897, ""C10"": 0.025390840141216897, ""C11"": 0.025390840141216897, ""C12"": 0.025390840141216897, ""C13"": 0.025390840141216897, ""C14"": 0.025390840141216897, ""C15"": 0.025390840141216897, ""C16"": 0.025390840141216897, ""C17"": 0.025390840141216897, ""C18"": 0.025390840141216897, ""C19"": 0.025390840141216897, ""C20"": 0.025390840141216897, ""C21"": 0.025390840141216897, ""C22"": 0.025390840141216897, ""C23"": 0.024488576654871176, ""C24"": 0.025390840141216897, ""C25"": 0.025390840141216897}"
63,63,1,288,2.943431,25,"{""C01"": 1.141106, ""C02"": 1.153207, ""C03"": 1.17697, ""C04"": 1.210623, ""C05"": 1.247746, ""C06"": 1.140172, ""C07"": 1.174761, ""C08"": 1.147106, ""C09"": 1.159207, ""C10"": 1.697867, ""C11"": 1.600748, ""C12"": 1.607601, ""C13"": 1.604609, ""C14"": 1.602584, ""C15"": 1.611886, ""C16"": 1.598075, ""C17"": 1.605908, ""C18"": 1.703867, ""C19"": 1.606748, ""C20"": 2.386782, ""C21"": 2.351669, ""C22"": 2.40246, ""C23"": 2.444674, ""C24"": 2.400651, ""C25"": 2.392782}","{""C01"": 0, ""C02"": 0, ""C03"": 0, ""C04"": 0, ""C05"": 0, ""C06"": 0, ""C07"": 0, ""C08"": 0, ""C09"": 0, ""C10"": 0, ""C11"": 0, ""C12"": 0, ""C13"": 0, ""C14"": 0, ""C15"": 0, ""C16"": 0, ""C17"": 0, ""C18"": 0, ""C19"": 0, ""C20"": 0, ""C21"": 0, ""C22"": 0, ""C23"": 1556, ""C24"": 0, ""C25"": 0}","{""C01"": 0.02539210994617358, ""C02"": 0.02539210994617358, ""C03"": 0.02539210994617358, ""C04"": 0.02539210994617358, ""C05"": 0.02539210994617358, ""C06"": 0.02539210994617358, ""C07"": 0.02539210994617358, ""C08"": 0.02539210994617358, ""C09"": 0.02539210994617358, ""C10"": 0.02539210994617358, ""C11"": 0.02539210994617358, ""C12"": 0.02539210994617358, ""C13"": 0.02539210994617358, ""C14"": 0.02539210994617358, ""C15"": 0.02539210994617358, ""C16"": 0.02539210994617358, ""C17"": 0.02539210994617358, ""C18"": 0.02539210994617358, ""C19"": 0.02539210994617358, ""C20"": 0.02539210994617358, ""C21"": 0.02539210994617358, ""C22"": 0.02539210994617358, ""C23"": 0.024491005801724558, ""C24"": 0.02539210994617358, ""C25"": 0.02539210994617358}"
64,64,1,353,3.684374,25,"{""C01"": 1.13721, ""C02"": 1.153322, ""C03"": 1.181105, ""C04"": 1.2169, ""C05"": 1.253277, ""C06"": 1.136908, ""C07"": 1.178179, ""C08"": 1.14321, ""C09"": 1.159322, ""C10"": 1.701051, ""C11"": 1.597948, ""C12"": 1.600241, ""C13"": 1.596258, ""C14"": 1.597279, ""C15"": 1.61223, ""C16"": 1.595417, ""C17"": 1.596866, ""C18"": 1.707051, ""C19"": 1.603948, ""C20"": 2.394521, ""C21"": 2.363148, ""C22"": 2.412469, ""C23"": 2.448693, ""C24"": 2.41011, ""C25"": 2.400521}","{""C01"": 0, ""C02"": 0, ""C03"": 0, ""C04"": 0, ""C05"": 0, ""C06"": 0, ""C07"": 0, ""C08"": 0, ""C09"": 0, ""C10"": 0, ""C11"": 0, ""C12"": 0, ""C13"": 0, ""C14"": 0, ""C15"": 0, ""C16"": 0, ""C17"": 0, ""C18"": 0, ""C19"": 0, ""C20"": 0, ""C21"": 0, ""C22"": 0, ""C23"": 1555, ""C24"": 0, ""C25"": 0}","{""C01"": 0.02539301383345985, ""C02"": 0.02539301383345985, ""C03"": 0.02539301383345985, ""C04"": 0.02539301383345985, ""C05"": 0.02539301383345985, ""C06"": 0.02539301383345985, ""C07"": 0.02539301383345985, ""C08"": 0.02539301383345985, ""C09"": 0.02539301383345985, ""C10"": 0.02539301383345985, ""C11"": 0.02539301383345985, ""C12"": 0.02539301383345985, ""C13"": 0.02539301383345985, ""C14"": 0.02539301383345985, ""C15"": 0.02539301383345985, ""C16"": 0.02539301383345985, ""C17"": 0.02539301383345985, ""C18"": 0.02539301383345985, ""C19"": 0.02539301383345985, ""C20"": 0.02539301383345985, ""C21"": 0.02539301383345985, ""C22"": 0.02539301383345985, ""C23"": 0.024492489121925004, ""C24"": 0.02539301383345985, ""C25"": 0.02539301383345985}"
65,65,1,422,3.611824,25,"{""C01"": 1.134605, ""C02"": 1.15497, ""C03"": 1.186291, ""C04"": 1.223244, ""C05"": 1.257857, ""C06"": 1.134989, ""C07"": 1.182749, ""C08"": 1.140605, ""C09"": 1.16097, ""C10"": 1.702096, ""C11"": 1.5932, ""C12"": 1.592035, ""C13"": 1.588554, ""C14"": 1.5938, ""C15"": 1.614713, ""C16"": 1.590926, ""C17"": 1.588387, ""C18"": 1.708096, ""C19"": 1.5992, ""C20"": 2.404103, ""C21"": 2.374692, ""C22"": 2.42072, ""C23"": 2.449944, ""C24"": 2.417886, ""C25"": 2.410103}","{""C01"": 0, ""C02"": 0, ""C03"": 0, ""C04"": 0, ""C05"": 0, ""C06"": 0, ""C07"": 0, ""C08"": 0, ""C09"": 0, ""C10"": 0, ""C11"": 0, ""C12"": 0, ""C13"": 0, ""C14"": 0, ""C15"": 0, ""C16"": 0, ""C17"": 0, ""C18"": 0, ""C19"": 0, ""C20"": 0, ""C21"": 0, ""C22"": 0, ""C23"": 1555, ""C24"": 0, ""C25"": 0}","{""C01"": 0.025393475451461173, ""C02"": 0.025393475451461173, ""C03"": 0.025393475451461173, ""C04"": 0.025393475451461173, ""C05"": 0.025393475451461173, ""C06"": 0.025393475451461173, ""C07"": 0.025393475451461173, ""C08"": 0.025393475451461173, ""C09"": 0.025393475451461173, ""C10"": 0.025393475451461173, ""C11"": 0.025393475451461173, ""C12"": 0.025393475451461173, ""C13"": 0.025393475451461173, ""C14"": 0.025393475451461173, ""C15"": 0.025393475451461173, ""C16"": 0.025393475451461173, ""C17"": 0.025393475451461173, ""C18"": 0.025393475451461173, ""C19"": 0.025393475451461173, ""C20"": 0.025393475451461173, ""C21"": 0.025393475451461173, ""C22"": 0.025393475451461173, ""C23"": 0.02449295032963303, ""C24"": 0.025393475451461173, ""C25"": 0.025393475451461173}"
66,66,1,581,6.160424,25,"{""C01"": 1.133464, ""C02"": 1.158057, ""C03"": 1.192212, ""C04"": 1.22927, ""C05"": 1.26121, ""C06"": 1.134564, ""C07"": 1.188189, ""C08"": 1.139464, ""C09"": 1.164057, ""C10"": 1.70095, ""C11"": 1.586816, ""C12"": 1.583508, ""C13"": 1.581988, ""C14"": 1.592377, ""C15"": 1.619196, ""C16"": 1.584909, ""C17"": 1.580996, ""C18"": 1.70695, ""C19"": 1.592816, ""C20"": 2.414958, ""C21"": 2.385607, ""C22"": 2.426723, ""C23"": 2.448374, ""C24"": 2.4235, ""C25"": 2.420958}","{""C01"": 0, ""C02"": 0, ""C03"": 0, ""C04"": 0, ""C05"": 0, ""C06"": 0, ""C07"": 0, ""C08"": 0, ""C09"": 0, ""C10"": 0, ""C11"": 0, ""C12"": 0, ""C13"": 0, ""C14"": 0, ""C15"": 0, ""C16"": 0, ""C17"": 0, ""C18"": 0, ""C19"": 0, ""C20"": 0, ""C21"": 0, ""C22"": 0, ""C23"": 1556, ""C24"": 0, ""C25"": 0}","{""C01"": 0.02539347711762184, ""C02"": 0.02539347711762184, ""C03"": 0.02539347711762184, ""C04"": 0.02539347711762184, ""C05"": 0.02539347711762184, ""C06"": 0.02539347711762184, ""C07"": 0.02539347711762184, ""C08"": 0.02539347711762184, ""C09"": 0.02539347711762184, ""C10"": 0.02539347711762184, ""C11"": 0.02539347711762184, ""C12"": 0.02539347711762184, ""C13"": 0.02539347711762184, ""C14"": 0.02539347711762184, ""C15"": 0.02539347711762184, ""C16"": 0.02539347711762184, ""C17"": 0.02539347711762184, ""C18"": 0.02539347711762184, ""C19"": 0.02539347711762184, ""C20"": 0.02539347711762184, ""C21"": 0.02539347711762184, ""C22"": 0.02539347711762184, ""C23"": 0.024492371758814538, ""C24"": 0.02539347711762184, ""C25"": 0.02539347711762184}"
67,67,1,967,9.623683,25,"{""C01"": 1.133863, ""C02"": 1.1624, ""C03"": 1.198508, ""C04"": 1.234611, ""C05"": 1.263135, ""C06"": 1.135682, ""C07"": 1.194162, ""C08"": 1.139863, ""C09"": 1.1684, ""C10"": 1.6977, ""C11"": 1.579205, ""C12"": 1.575204, ""C13"": 1.576983, ""C14"": 1.593113, ""C15"": 1.625413, ""C16"": 1.577762, ""C17"": 1.575153, ""C18"": 1.7037, ""C19"": 1.585205, ""C20"": 2.426436, ""C21"": 2.395238, ""C22"": 2.43013, ""C23"": 2.444106, ""C24"": 2.426614, ""C25"": 2.432436}","{""C01"": 0, ""C02"": 0, ""C03"": 0, ""C04"": 0, ""C05"": 0, ""C06"": 0, ""C07"": 0, ""C08"": 0, ""C09"": 0, ""C10"": 0, ""C11"": 0, ""C12"": 0, ""C13"": 0, ""C14"": 0, ""C15"": 0, ""C16"": 0, ""C17"": 0, ""C18"": 0, ""C19"": 0, ""C20"": 0, ""C21"": 0, ""C22"": 0, ""C23"": 1556, ""C24"": 0, ""C25"": 0}","{""C01"": 0.02539189979914218, ""C02"": 0.02539189979914218, ""C03"": 0.02539189979914218, ""C04"": 0.02539189979914218, ""C05"": 0.02539189979914218, ""C06"": 0.02539189979914218, ""C07"": 0.02539189979914218, ""C08"": 0.02539189979914218, ""C09"": 0.02539189979914218, ""C10"": 0.02539189979914218, ""C11"": 0.02539189979914218, ""C12"": 0.02539189979914218, ""C13"": 0.02539189979914218, ""C14"": 0.02539189979914218, ""C15"": 0.02539189979914218, ""C16"": 0.02539189979914218, ""C17"": 0.02539189979914218, ""C18"": 0.02539189979914218, ""C19"": 0.02539189979914218, ""C20"": 0.02539189979914218, ""C21"": 0.02539189979914218, ""C22"": 0.02539189979914218, ""C23"": 0.024490795841344393, ""C24"": 0.02539189979914218, ""C25"": 0.02539189979914218}"
68,68,1,574,5.078447,25,"{""C01"": 1.135786, ""C02"": 1.167737, ""C03"": 1.204797, ""C04"": 1.238943, ""C05"": 1.263522, ""C06"": 1.138302, ""C07"": 1.200305, ""C08"": 1.141786, ""C09"": 1.173737, ""C10"": 1.692559, ""C11"": 1.570854, ""C12"": 1.567651, ""C13"": 1.573862, ""C14"": 1.595973, ""C15"": 1.632991, ""C16"": 1.56996, ""C17"": 1.571217, ""C18"": 1.698559, ""C19"": 1.576854, ""C20"": 2.437842, ""C21"": 2.403008, ""C22"": 2.430749, ""C23"": 2.437424, ""C24"": 2.427041, ""C25"": 2.443842}","{""C01"": 0, ""C02"": 0, ""C03"": 0, ""C04"": 0, ""C05"": 0, ""C06"": 0, ""C07"": 0, ""C08"": 0, ""C09"": 0, ""C10"": 0, ""C11"": 0, ""C12"": 0, ""C13"": 0, ""C14"": 0, ""C15"": 0, ""C16"": 0, ""C17"": 0, ""C18"": 0, ""C19"": 0, ""C20"": 344, ""C21"": 0, ""C22"": 0, ""C23"": 327, ""C24"": 0, ""C25"": 887}","{""C01"": 0.025391974519403532, ""C02"": 0.025391974519403532, ""C03"": 0.025391974519403532, ""C04"": 0.025391974519403532, ""C05"": 0.025391974519403532, ""C06"": 0.025391974519403532, ""C07"": 0.025391974519403532, ""C08"": 0.025391974519403532, ""C09"": 0.025391974519403532, ""C10"": 0.025391974519403532, ""C11"": 0.025391974519403532, ""C12"": 0.025391974519403532, ""C13"": 0.025391974519403532, ""C14"": 0.025391974519403532, ""C15"": 0.025391974519403532, ""C16"": 0.025391974519403532, ""C17"": 0.025391974519403532, ""C18"": 0.025391974519403532, ""C19"": 0.025391974519403532, ""C20"": 0.025192758161770173, ""C21"": 0.025391974519403532, ""C22"": 0.025391974519403532, ""C23"": 0.02520260287514984, ""C24"": 0.025391974519403532, ""C25"": 0.024878300224973372}"
69,69,1,270,2.382237,25,"{""C01"": 1.139121, ""C02"": 1.173742, ""C03"": 1.210693, ""C04"": 1.242002, ""C05"": 1.262351, ""C06"": 1.142287, ""C07"": 1.206239, ""C08"": 1.145121, ""C09"": 1.179742, ""C10"": 1.685858, ""C11"": 1.562293, ""C12"": 1.561331, ""C13"": 1.572831, ""C14"": 1.600792, ""C15"": 1.641469, ""C16"": 1.562018, ""C17"": 1.569431, ""C18"": 1.691858, ""C19"": 1.568293, ""C20"": 2.448489, ""C21"": 2.408454, ""C22"": 2.428563, ""C23"": 2.428765, ""C24"": 2.424768, ""C25"": 2.454489}","{""C01"": 0, ""C02"": 0, ""C03"": 0, ""C04"": 0, ""C05"": 0, ""C06"": 0, ""C07"": 0, ""C08"": 0, ""C09"": 0, ""C10"": 0, ""C11"": 0, ""C12"": 0, ""C13"": 0, ""C14"": 0, ""C15"": 0, ""C16"": 0, ""C17"": 0, ""C18"": 0, ""C19"": 0, ""C20"": 664, ""C21"": 0, ""C22"": 0, ""C23"": 0, ""C24"": 0, ""C25"": 892}","{""C01"": 0.025394787718159312, ""C02"": 0.025394787718159312, ""C03"": 0.025394787718159312, ""C04"": 0.025394787718159312, ""C05"": 0.025394787718159312, ""C06"": 0.025394787718159312, ""C07"": 0.025394787718159312, ""C08"": 0.025394787718159312, ""C09"": 0.025394787718159312, ""C10"": 0.025394787718159312, ""C11"": 0.025394787718159312, ""C12"": 0.025394787718159312, ""C13"": 0.025394787718159312, ""C14"": 0.025394787718159312, ""C15"": 0.025394787718159312, ""C16"": 0.025394787718159312, ""C17"": 0.025394787718159312, ""C18"": 0.025394787718159312, ""C19"": 0.025394787718159312, ""C20"": 0.025010253247870463, ""C21"": 0.025394787718159312, ""C22"": 0.025394787718159312, ""C23"": 0.025394787718159312, ""C24"": 0.025394787718159312, ""C25"": 0.024878217478546287}"
70,70,1,178,1.586401,25,"{""C01"": 1.143666, ""C02"": 1.180048, ""C03"": 1.215836, ""C04"": 1.243606, ""C05"": 1.259704, ""C06"": 1.14741, ""C07"": 1.211602, ""C08"": 1.149666, ""C09"": 1.186048, ""C10"": 1.678025, ""C11"": 1.554064, ""C12"": 1.556647, ""C13"": 1.573966, ""C14"": 1.607281, ""C15"": 1.650331, ""C16"": 1.554458, ""C17"": 1.569902, ""C18"": 1.684025, ""C19"": 1.560064, ""C20"": 2.457734, ""C21"": 2.411255, ""C22"": 2.423726, ""C23"": 2.418687, ""C24"": 2.419952, ""C25"": 2.463734}","{""C01"": 0, ""C02"": 0, ""C03"": 0, ""C04"": 0, ""C05"": 0, ""C06"": 0, ""C07"": 0, ""C08"": 0, ""C09"": 0, ""C10"": 0, ""C11"": 0, ""C12"": 0, ""C13"": 0, ""C14"": 0, ""C15"": 0, ""C16"": 0, ""C17"": 0, ""C18"": 0, ""C19"": 0, ""C20"": 712, ""C21"": 0, ""C22"": 0, ""C23"": 0, ""C24"": 0, ""C25"": 842}","{""C01"": 0.025396954458002483, ""C02"": 0.025396954458002483, ""C03"": 0.025396954458002483, ""C04"": 0.025396954458002483, ""C05"": 0.025396954458002483, ""C06"": 0.025396954458002483, ""C07"": 0.025396954458002483, ""C08"": 0.025396954458002483, ""C09"": 0.025396954458002483, ""C10"": 0.025396954458002483, ""C11"": 0.025396954458002483, ""C12"": 0.025396954458002483, ""C13"": 0.025396954458002483, ""C14"": 0.025396954458002483, ""C15"": 0.025396954458002483, ""C16"": 0.025396954458002483, ""C17"": 0.025396954458002483, ""C18"": 0.025396954458002483, ""C19"": 0.025396954458002483, ""C20"": 0.024984622650306564, ""C21"": 0.025396954458002483, ""C22"": 0.025396954458002483, ""C23"": 0.025396954458002483, ""C24"": 0.025396954458002483, ""C25"": 0.024909340561314698}"
71,71,1,127,1.112066,25,"{""C01"": 1.149146, ""C02"": 1.186269, ""C03"": 1.219914, ""C04"": 1.243661, ""C05"": 1.255749, ""C06"": 1.153378, ""C07"": 1.21607, ""C08"": 1.155146, ""C09"": 1.192269, ""C10"": 1.669558, ""C11"": 1.546691, ""C12"": 1.553901, ""C13"": 1.577204, ""C14"": 1.615047, ""C15"": 1.659037, ""C16"": 1.547787, ""C17"": 1.572598, ""C18"": 1.675558, ""C19"": 1.552691, ""C20"": 2.465018, ""C21"": 2.411256, ""C22"": 2.416556, ""C23"": 2.407833, ""C24"": 2.412911, ""C25"": 2.471018}","{""C01"": 0, ""C02"": 0, ""C03"": 0, ""C04"": 0, ""C05"": 0, ""C06"": 0, ""C07"": 0, ""C08"": 0, ""C09"": 0, ""C10"": 0, ""C11"": 0, ""C12"": 0, ""C13"": 0, ""C14"": 0, ""C15"": 0, ""C16"": 0, ""C17"": 0, ""C18"": 0, ""C19"": 0, ""C20"": 732, ""C21"": 0, ""C22"": 0, ""C23"": 0, ""C24"": 0, ""C25"": 821}","{""C01"": 0.025399009849232823, ""C02"": 0.025399009849232823, ""C03"": 0.025399009849232823, ""C04"": 0.025399009849232823, ""C05"": 0.025399009849232823, ""C06"": 0.025399009849232823, ""C07"": 0.025399009849232823, ""C08"": 0.025399009849232823, ""C09"": 0.025399009849232823, ""C10"": 0.025399009849232823, ""C11"": 0.025399009849232823, ""C12"": 0.025399009849232823, ""C13"": 0.025399009849232823, ""C14"": 0.025399009849232823, ""C15"": 0.025399009849232823, ""C16"": 0.025399009849232823, ""C17"": 0.025399009849232823, ""C18"": 0.025399009849232823, ""C19"": 0.025399009849232823, ""C20"": 0.02497509534283006, ""C21"": 0.025399009849232823, ""C22"": 0.025399009849232823, ""C23"": 0.025399009849232823, ""C24"": 0.025399009849232823, ""C25"": 0.024923556772007412}"
72,72,1,106,1.464182,25,"{""C01"": 1.155224, ""C02"": 1.192025, ""C03"": 1.222677, ""C04"": 1.242169, ""C05"": 1.25074, ""C06"": 1.159834, ""C07"": 1.219372, ""C08"": 1.161224, ""C09"": 1.198025, ""C10"": 1.660991, ""C11"": 1.54064, ""C12"": 1.553273, ""C13"": 1.582355, ""C14"": 1.623615, ""C15"": 1.667054, ""C16"": 1.542449, ""C17"": 1.577352, ""C18"": 1.666991, ""C19"": 1.54664, ""C20"": 2.469906, ""C21"": 2.408472, ""C22"": 2.407516, ""C23"": 2.396894, ""C24"": 2.404103, ""C25"": 2.475906}","{""C01"": 0, ""C02"": 0, ""C03"": 0, ""C04"": 0, ""C05"": 0, ""C06"": 0, ""C07"": 0, ""C08"": 0, ""C09"": 0, ""C10"": 0, ""C11"": 0, ""C12"": 0, ""C13"": 0, ""C14"": 0, ""C15"": 0, ""C16"": 0, ""C17"": 0, ""C18"": 0, ""C19"": 0, ""C20"": 749, ""C21"": 0, ""C22"": 0, ""C23"": 0, ""C24"": 0, ""C25"": 803}","{""C01"": 0.025400187284780218, ""C02"": 0.025400187284780218, ""C03"": 0.025400187284780218, ""C04"": 0.025400187284780218, ""C05"": 0.025400187284780218, ""C06"": 0.025400187284780218, ""C07"": 0.025400187284780218, ""C08"": 0.025400187284780218, ""C09"": 0.025400187284780218, ""C10"": 0.025400187284780218, ""C11"": 0.025400187284780218, ""C12"": 0.025400187284780218, ""C13"": 0.025400187284780218, ""C14"": 0.025400187284780218, ""C15"": 0.025400187284780218, ""C16"": 0.025400187284780218, ""C17"": 0.025400187284780218, ""C18"": 0.025400187284780218, ""C19"": 0.025400187284780218, ""C20"": 0.024966427769348973, ""C21"": 0.025400187284780218, ""C22"": 0.025400187284780218, ""C23"": 0.025400187284780218, ""C24"": 0.025400187284780218, ""C25"": 0.024935158447988274}"
73,73,1,96,1.293196,25,"{""C01"": 1.161528, ""C02"": 1.196963, ""C03"": 1.223959, ""C04"": 1.239227, ""C05"": 1.244992, ""C06"": 1.166393, ""C07"": 1.221316, ""C08"": 1.167528, ""C09"": 1.202963, ""C10"": 1.652866, ""C11"": 1.536296, ""C12"": 1.554811, ""C13"": 1.589107, ""C14"": 1.632463, ""C15"": 1.673893, ""C16"": 1.538809, ""C17"": 1.58387, ""C18"": 1.658866, ""C19"": 1.542296, ""C20"": 2.472108, ""C21"": 2.403092, ""C22"": 2.397183, ""C23"": 2.386565, ""C24"": 2.394102, ""C25"": 2.478108}","{""C01"": 0, ""C02"": 0, ""C03"": 0, ""C04"": 0, ""C05"": 0, ""C06"": 0, ""C07"": 0, ""C08"": 0, ""C09"": 0, ""C10"": 0, ""C11"": 0, ""C12"": 0, ""C13"": 0, ""C14"": 0, ""C15"": 0, ""C16"": 0, ""C17"": 0, ""C18"": 0, ""C19"": 0, ""C20"": 743, ""C21"": 0, ""C22"": 0, ""C23"": 0, ""C24"": 0, ""C25"": 808}","{""C01"": 0.025400416113914817, ""C02"": 0.025400416113914817, ""C03"": 0.025400416113914817, ""C04"": 0.025400416113914817, ""C05"": 0.025400416113914817, ""C06"": 0.025400416113914817, ""C07"": 0.025400416113914817, ""C08"": 0.025400416113914817, ""C09"": 0.025400416113914817, ""C10"": 0.025400416113914817, ""C11"": 0.025400416113914817, ""C12"": 0.025400416113914817, ""C13"": 0.025400416113914817, ""C14"": 0.025400416113914817, ""C15"": 0.025400416113914817, ""C16"": 0.025400416113914817, ""C17"": 0.025400416113914817, ""C18"": 0.025400416113914817, ""C19"": 0.025400416113914817, ""C20"": 0.02497013176865341, ""C21"": 0.025400416113914817, ""C22"": 0.025400416113914817, ""C23"": 0.025400416113914817, ""C24"": 0.025400416113914817, ""C25"": 0.02493249258575177}"
74,74,1,91,1.091640,25,"{""C01"": 1.167671, ""C02"": 1.20078, ""C03"": 1.223686, ""C04"": 1.235024, ""C05"": 1.238867, ""C06"": 1.17266, ""C07"": 1.22179, ""C08"": 1.173671, ""C09"": 1.20678, ""C10"": 1.645697, ""C11"": 1.533939, ""C12"": 1.558426, ""C13"": 1.597049, ""C14"": 1.641048, ""C15"": 1.679137, ""C16"": 1.537127, ""C17"": 1.591751, ""C18"": 1.651697, ""C19"": 1.539939, ""C20"": 2.471501, ""C21"": 2.395464, ""C22"": 2.386212, ""C23"": 2.377503, ""C24"": 2.383554, ""C25"": 2.477501}","{""C01"": 0, ""C02"": 0, ""C03"": 0, ""C04"": 0, ""C05"": 0, ""C06"": 0, ""C07"": 0, ""C08"": 0, ""C09"": 0, ""C10"": 0, ""C11"": 0, ""C12"": 0, ""C13"": 0, ""C14"": 0, ""C15"": 0, ""C16"": 0, ""C17"": 0, ""C18"": 0, ""C19"": 0, ""C20"": 739, ""C21"": 0, ""C22"": 0, ""C23"": 0, ""C24"": 0, ""C25"": 813}","{""C01"": 0.025400781925636898, ""C02"": 0.025400781925636898, ""C03"": 0.025400781925636898, ""C04"": 0.025400781925636898, ""C05"": 0.025400781925636898, ""C06"": 0.025400781925636898, ""C07"": 0.025400781925636898, ""C08"": 0.025400781925636898, ""C09"": 0.025400781925636898, ""C10"": 0.025400781925636898, ""C11"": 0.025400781925636898, ""C12"": 0.025400781925636898, ""C13"": 0.025400781925636898, ""C14"": 0.025400781925636898, ""C15"": 0.025400781925636898, ""C16"": 0.025400781925636898, ""C17"": 0.025400781925636898, ""C18"": 0.025400781925636898, ""C19"": 0.025400781925636898, ""C20"": 0.024972813591987112, ""C21"": 0.025400781925636898, ""C22"": 0.025400781925636898, ""C23"": 0.025400781925636898, ""C24"": 0.025400781925636898, ""C25"": 0.024929961348266864}"
75,75,1,84,0.733651,25,"{""C01"": 1.173277, ""C02"": 1.203243, ""C03"": 1.221879, ""C04"": 1.229826, ""C05"": 1.232752, ""C06"": 1.178253, ""C07"": 1.220778, ""C08"": 1.179277, ""C09"": 1.209243, ""C10"": 1.639937, ""C11"": 1.533721, ""C12"": 1.563903, ""C13"": 1.605693, ""C14"": 1.648844, ""C15"": 1.682467, ""C16"": 1.537535, ""C17"": 1.60051, ""C18"": 1.645937, ""C19"": 1.539721, ""C20"": 2.468138, ""C21"": 2.386076, ""C22"": 2.3753, ""C23"": 2.370285, ""C24"": 2.373148, ""C25"": 2.474138}","{""C01"": 0, ""C02"": 0, ""C03"": 0, ""C04"": 0, ""C05"": 0, ""C06"": 0, ""C07"": 0, ""C08"": 0, ""C09"": 0, ""C10"": 0, ""C11"": 0, ""C12"": 0, ""C13"": 0, ""C14"": 0, ""C15"": 0, ""C16"": 0, ""C17"": 0, ""C18"": 0, ""C19"": 0, ""C20"": 748, ""C21"": 0, ""C22"": 0, ""C23"": 0, ""C24"": 0, ""C25"": 804}","{""C01"": 0.025399544507166166, ""C02"": 0.025399544507166166, ""C03"": 0.025399544507166166, ""C04"": 0.025399544507166166, ""C05"": 0.025399544507166166, ""C06"": 0.025399544507166166, ""C07"": 0.025399544507166166, ""C08"": 0.025399544507166166, ""C09"": 0.025399544507166166, ""C10"": 0.025399544507166166, ""C11"": 0.025399544507166166, ""C12"": 0.025399544507166166, ""C13"": 0.025399544507166166, ""C14"": 0.025399544507166166, ""C15"": 0.025399544507166166, ""C16"": 0.025399544507166166, ""C17"": 0.025399544507166166, ""C18"": 0.025399544507166166, ""C19"": 0.025399544507166166, ""C20"": 0.02496636445939099, ""C21"": 0.025399544507166166, ""C22"": 0.025399544507166166, ""C23"": 0.025399544507166166, ""C24"": 0.025399544507166166, ""C25"": 0.024933937124190737}"
76,76,1,81,0.679857,25,"{""C01"": 1.177999, ""C02"": 1.204205, ""C03"": 1.218655, ""C04"": 1.22396, ""C05"": 1.227031, ""C06"": 1.182826, ""C07"": 1.218355, ""C08"": 1.183999, ""C09"": 1.210205, ""C10"": 1.635951, ""C11"": 1.535664, ""C12"": 1.570907, ""C13"": 1.61451, ""C14"": 1.655373, ""C15"": 1.683683, ""C16"": 1.540038, ""C17"": 1.609612, ""C18"": 1.641951, ""C19"": 1.541664, ""C20"": 2.462238, ""C21"": 2.375523, ""C22"": 2.365137, ""C23"": 2.365371, ""C24"": 2.363561, ""C25"": 2.468238}","{""C01"": 0, ""C02"": 0, ""C03"": 0, ""C04"": 0, ""C05"": 0, ""C06"": 0, ""C07"": 0, ""C08"": 0, ""C09"": 0, ""C10"": 0, ""C11"": 0, ""C12"": 0, ""C13"": 0, ""C14"": 0, ""C15"": 0, ""C16"": 0, ""C17"": 0, ""C18"": 0, ""C19"": 0, ""C20"": 742, ""C21"": 0, ""C22"": 0, ""C23"": 0, ""C24"": 0, ""C25"": 811}","{""C01"": 0.025397979905651402, ""C02"": 0.025397979905651402, ""C03"": 0.025397979905651402, ""C04"": 0.025397979905651402, ""C05"": 0.025397979905651402, ""C06"": 0.025397979905651402, ""C07"": 0.025397979905651402, ""C08"": 0.025397979905651402, ""C09"": 0.025397979905651402, ""C10"": 0.025397979905651402, ""C11"": 0.025397979905651402, ""C12"": 0.025397979905651402, ""C13"": 0.025397979905651402, ""C14"": 0.025397979905651402, ""C15"": 0.025397979905651402, ""C16"": 0.025397979905651402, ""C17"": 0.025397979905651402, ""C18"": 0.025397979905651402, ""C19"": 0.025397979905651402, ""C20"": 0.024968274650464792, ""C21"": 0.025397979905651402, ""C22"": 0.025397979905651402, ""C23"": 0.025397979905651402, ""C24"": 0.025397979905651402, ""C25"": 0.02492831895757996}"
77,77,1,78,0.666825,25,"{""C01"": 1.18155, ""C02"": 1.203608, ""C03"": 1.214217, ""C04"": 1.217794, ""C05"": 1.222062, ""C06"": 1.186098, ""C07"": 1.21468, ""C08"": 1.18755, ""C09"": 1.209608, ""C10"": 1.633993, ""C11"": 1.539653, ""C12"": 1.579009, ""C13"": 1.622958, ""C14"": 1.660236, ""C15"": 1.682716, ""C16"": 1.544504, ""C17"": 1.618503, ""C18"": 1.639993, ""C19"": 1.545653, ""C20"": 2.45418, ""C21"": 2.364473, ""C22"": 2.356366, ""C23"": 2.363078, ""C24"": 2.355425, ""C25"": 2.46018}","{""C01"": 0, ""C02"": 0, ""C03"": 0, ""C04"": 0, ""C05"": 0, ""C06"": 0, ""C07"": 0, ""C08"": 0, ""C09"": 0, ""C10"": 0, ""C11"": 0, ""C12"": 0, ""C13"": 0, ""C14"": 0, ""C15"": 0, ""C16"": 0, ""C17"": 0, ""C18"": 0, ""C19"": 0, ""C20"": 751, ""C21"": 0, ""C22"": 0, ""C23"": 0, ""C24"": 0, ""C25"": 804}","{""C01"": 0.025396176340298462, ""C02"": 0.025396176340298462, ""C03"": 0.025396176340298462, ""C04"": 0.025396176340298462, ""C05"": 0.025396176340298462, ""C06"": 0.025396176340298462, ""C07"": 0.025396176340298462, ""C08"": 0.025396176340298462, ""C09"": 0.025396176340298462, ""C10"": 0.025396176340298462, ""C11"": 0.025396176340298462, ""C12"": 0.025396176340298462, ""C13"": 0.025396176340298462, ""C14"": 0.025396176340298462, ""C15"": 0.025396176340298462, ""C16"": 0.025396176340298462, ""C17"": 0.025396176340298462, ""C18"": 0.025396176340298462, ""C19"": 0.025396176340298462, ""C20"": 0.024961258588510928, ""C21"": 0.025396176340298462, ""C22"": 0.025396176340298462, ""C23"": 0.025396176340298462, ""C24"": 0.025396176340298462, ""C25"": 0.02493056861684218}"
78,78,1,85,0.751168,25,"{""C01"": 1.183711, ""C02"": 1.201494, ""C03"": 1.208846, ""C04"": 1.211716, ""C05"": 1.21816, ""C06"": 1.187859, ""C07"": 1.209995, ""C08"": 1.189711, ""C09"": 1.207494, ""C10"": 1.634191, ""C11"": 1.545447, ""C12"": 1.587713, ""C13"": 1.630518, ""C14"": 1.663136, ""C15"": 1.679633, ""C16"": 1.550678, ""C17"": 1.626645, ""C18"": 1.640191, ""C19"": 1.551447, ""C20"": 2.444476, ""C21"": 2.353624, ""C22"": 2.349544, ""C23"": 2.36356, ""C24"": 2.34928, ""C25"": 2.450476}","{""C01"": 0, ""C02"": 0, ""C03"": 0, ""C04"": 0, ""C05"": 0, ""C06"": 0, ""C07"": 0, ""C08"": 0, ""C09"": 0, ""C10"": 0, ""C11"": 0, ""C12"": 0, ""C13"": 0, ""C14"": 0, ""C15"": 0, ""C16"": 0, ""C17"": 0, ""C18"": 0, ""C19"": 0, ""C20"": 753, ""C21"": 0, ""C22"": 0, ""C23"": 0, ""C24"": 0, ""C25"": 804}","{""C01"": 0.025393762459212904, ""C02"": 0.025393762459212904, ""C03"": 0.025393762459212904, ""C04"": 0.025393762459212904, ""C05"": 0.025393762459212904, ""C06"": 0.025393762459212904, ""C07"": 0.025393762459212904, ""C08"": 0.025393762459212904, ""C09"": 0.025393762459212904, ""C10"": 0.025393762459212904, ""C11"": 0.025393762459212904, ""C12"": 0.025393762459212904, ""C13"": 0.025393762459212904, ""C14"": 0.025393762459212904, ""C15"": 0.025393762459212904, ""C16"": 0.025393762459212904, ""C17"": 0.025393762459212904, ""C18"": 0.025393762459212904, ""C19"": 0.025393762459212904, ""C20"": 0.024957686471069076, ""C21"": 0.025393762459212904, ""C22"": 0.025393762459212904, ""C23"": 0.025393762459212904, ""C24"": 0.025393762459212904, ""C25"": 0.02492815465939071}"
79,79,1,98,0.814959,25,"{""C01"": 1.184351, ""C02"": 1.197998, ""C03"": 1.202879, ""C04"": 1.206107, ""C05"": 1.215569, ""C06"": 1.187993, ""C07"": 1.204601, ""C08"": 1.190351, ""C09"": 1.203998, ""C10"": 1.63654, ""C11"": 1.55269, ""C12"": 1.596482, ""C13"": 1.636725, ""C14"": 1.663899, ""C15"": 1.674631, ""C16"": 1.558193, ""C17"": 1.633547, ""C18"": 1.64254, ""C19"": 1.55869, ""C20"": 2.433738, ""C21"": 2.34366, ""C22"": 2.345103, ""C23"": 2.366796, ""C24"": 2.345546, ""C25"": 2.439738}","{""C01"": 0, ""C02"": 0, ""C03"": 0, ""C04"": 0, ""C05"": 0, ""C06"": 0, ""C07"": 0, ""C08"": 0, ""C09"": 0, ""C10"": 0, ""C11"": 0, ""C12"": 0, ""C13"": 0, ""C14"": 0, ""C15"": 0, ""C16"": 0, ""C17"": 0, ""C18"": 0, ""C19"": 0, ""C20"": 748, ""C21"": 0, ""C22"": 0, ""C23"": 0, ""C24"": 0, ""C25"": 811}","{""C01"": 0.025390956050296898, ""C02"": 0.025390956050296898, ""C03"": 0.025390956050296898, ""C04"": 0.025390956050296898, ""C05"": 0.025390956050296898, ""C06"": 0.025390956050296898, ""C07"": 0.025390956050296898, ""C08"": 0.025390956050296898, ""C09"": 0.025390956050296898, ""C10"": 0.025390956050296898, ""C11"": 0.025390956050296898, ""C12"": 0.025390956050296898, ""C13"": 0.025390956050296898, ""C14"": 0.025390956050296898, ""C15"": 0.025390956050296898, ""C16"": 0.025390956050296898, ""C17"": 0.025390956050296898, ""C18"": 0.025390956050296898, ""C19"": 0.025390956050296898, ""C20"": 0.02495777592586554, ""C21"": 0.025390956050296898, ""C22"": 0.025390956050296898, ""C23"": 0.025390956050296898, ""C24"": 0.025390956050296898, ""C25"": 0.02492129467695414}"
80,80,1,119,1.053634,25,"{""C01"": 1.183435, ""C02"": 1.193339, ""C03"": 1.19669, ""C04"": 1.201319, ""C05"": 1.214454, ""C06"": 1.186483, ""C07"": 1.198842, ""C08"": 1.189435, ""C09"": 1.199339, ""C10"": 1.640896, ""C11"": 1.560938, ""C12"": 1.604776, ""C13"": 1.641199, ""C14"": 1.662484, ""C15"": 1.668025, ""C16"": 1.566599, ""C17"": 1.638798, ""C18"": 1.646896, ""C19"": 1.566938, ""C20"": 2.422645, ""C21"": 2.33521, ""C22"": 2.343331, ""C23"": 2.372594, ""C24"": 2.344492, ""C25"": 2.428645}","{""C01"": 0, ""C02"": 0, ""C03"": 0, ""C04"": 0, ""C05"": 0, ""C06"": 0, ""C07"": 0, ""C08"": 0, ""C09"": 0, ""C10"": 0, ""C11"": 0, ""C12"": 0, ""C13"": 0, ""C14"": 0, ""C15"": 0, ""C16"": 0, ""C17"": 0, ""C18"": 0, ""C19"": 0, ""C20"": 733, ""C21"": 0, ""C22"": 0, ""C23"": 0, ""C24"": 0, ""C25"": 828}","{""C01"": 0.025388008340730295, ""C02"": 0.025388008340730295, ""C03"": 0.025388008340730295, ""C04"": 0.025388008340730295, ""C05"": 0.025388008340730295, ""C06"": 0.025388008340730295, ""C07"": 0.025388008340730295, ""C08"": 0.025388008340730295, ""C09"": 0.025388008340730295, ""C10"": 0.025388008340730295, ""C11"": 0.025388008340730295, ""C12"": 0.025388008340730295, ""C13"": 0.025388008340730295, ""C14"": 0.025388008340730295, ""C15"": 0.025388008340730295, ""C16"": 0.025388008340730295, ""C17"": 0.025388008340730295, ""C18"": 0.025388008340730295, ""C19"": 0.025388008340730295, ""C20"": 0.024963515098434187, ""C21"": 0.025388008340730295, ""C22"": 0.025388008340730295, ""C23"": 0.025388008340730295, ""C24"": 0.025388008340730295, ""C25"": 0.024908502309041333}"
81,81,1,184,1.879295,25,"{""C01"": 1.181022, ""C02"": 1.187811, ""C03"": 1.190667, ""C04"": 1.197652, ""C05"": 1.214888, ""C06"": 1.18341, ""C07"": 1.193083, ""C08"": 1.187022, ""C09"": 1.193811, ""C10"": 1.646996, ""C11"": 1.569683, ""C12"": 1.612085, ""C13"": 1.643667, ""C14"": 1.658982, ""C15"": 1.660232, ""C16"": 1.575381, ""C17"": 1.642092, ""C18"": 1.652996, ""C19"": 1.575683, ""C20"": 2.411893, ""C21"": 2.328807, ""C22"": 2.344344, ""C23"": 2.380603, ""C24"": 2.34622, ""C25"": 2.417893}","{""C01"": 0, ""C02"": 0, ""C03"": 0, ""C04"": 0, ""C05"": 0, ""C06"": 0, ""C07"": 0, ""C08"": 0, ""C09"": 0, ""C10"": 0, ""C11"": 0, ""C12"": 0, ""C13"": 0, ""C14"": 0, ""C15"": 0, ""C16"": 0, ""C17"": 0, ""C18"": 0, ""C19"": 0, ""C20"": 704, ""C21"": 0, ""C22"": 0, ""C23"": 0, ""C24"": 0, ""C25"": 859}","{""C01"": 0.025385184227383742, ""C02"": 0.025385184227383742, ""C03"": 0.025385184227383742, ""C04"": 0.025385184227383742, ""C05"": 0.025385184227383742, ""C06"": 0.025385184227383742, ""C07"": 0.025385184227383742, ""C08"": 0.025385184227383742, ""C09"": 0.025385184227383742, ""C10"": 0.025385184227383742, ""C11"": 0.025385184227383742, ""C12"": 0.025385184227383742, ""C13"": 0.025385184227383742, ""C14"": 0.025385184227383742, ""C15"": 0.025385184227383742, ""C16"": 0.025385184227383742, ""C17"": 0.025385184227383742, ""C18"": 0.025385184227383742, ""C19"": 0.025385184227383742, ""C20"": 0.024977485471954525, ""C21"": 0.025385184227383742, ""C22"": 0.025385184227383742, ""C23"": 0.025385184227383742, ""C24"": 0.025385184227383742, ""C25"": 0.024887725732941533}"
82,82,1,506,6.618283,25,"{""C01"": 1.177264, ""C02"": 1.181761, ""C03"": 1.185187, ""C04"": 1.195338, ""C05"": 1.216846, ""C06"": 1.178949, ""C07"": 1.187687, ""C08"": 1.183264, ""C09"": 1.187761, ""C10"": 1.654465, ""C11"": 1.578385, ""C12"": 1.617959, ""C13"": 1.643979, ""C14"": 1.653616, ""C15"": 1.651741, ""C16"": 1.583999, ""C17"": 1.643242, ""C18"": 1.660465, ""C19"": 1.584385, ""C20"": 2.402159, ""C21"": 2.324858, ""C22"": 2.348089, ""C23"": 2.390331, ""C24"": 2.350661, ""C25"": 2.408159}","{""C01"": 0, ""C02"": 0, ""C03"": 0, ""C04"": 0, ""C05"": 0, ""C06"": 0, ""C07"": 0, ""C08"": 0, ""C09"": 0, ""C10"": 0, ""C11"": 0, ""C12"": 0, ""C13"": 0, ""C14"": 0, ""C15"": 0, ""C16"": 0, ""C17"": 0, ""C18"": 0, ""C19"": 0, ""C20"": 538, ""C21"": 0, ""C22"": 0, ""C23"": 0, ""C24"": 0, ""C25"": 1027}","{""C01"": 0.025382919838490142, ""C02"": 0.025382919838490142, ""C03"": 0.025382919838490142, ""C04"": 0.025382919838490142, ""C05"": 0.025382919838490142, ""C06"": 0.025382919838490142, ""C07"": 0.025382919838490142, ""C08"": 0.025382919838490142, ""C09"": 0.025382919838490142, ""C10"": 0.025382919838490142, ""C11"": 0.025382919838490142, ""C12"": 0.025382919838490142, ""C13"": 0.025382919838490142, ""C14"": 0.025382919838490142, ""C15"": 0.025382919838490142, ""C16"": 0.025382919838490142, ""C17"": 0.025382919838490142, ""C18"": 0.025382919838490142, ""C19"": 0.025382919838490142, ""C20"": 0.025071354258647673, ""C21"": 0.025382919838490142, ""C22"": 0.025382919838490142, ""C23"": 0.025382919838490142, ""C24"": 0.025382919838490142, ""C25"": 0.024788168814462608}"
83,83,1,107,0.959796,25,"{""C01"": 1.172399, ""C02"": 1.175566, ""C03"": 1.180593, ""C04"": 1.194523, ""C05"": 1.220209, ""C06"": 1.173363, ""C07"": 1.182992, ""C08"": 1.178399, ""C09"": 1.181566, ""C10"": 1.662841, ""C11"": 1.586509, ""C12"": 1.622037, ""C13"": 1.642122, ""C14"": 1.646724, ""C15"": 1.643085, ""C16"": 1.59192, ""C17"": 1.642198, ""C18"": 1.668841, ""C19"": 1.592509, ""C20"": 2.394057, ""C21"": 2.323616, ""C22"": 2.354339, ""C23"": 2.401183, ""C24"": 2.357571, ""C25"": 2.400057}","{""C01"": 0, ""C02"": 0, ""C03"": 0, ""C04"": 0, ""C05"": 0, ""C06"": 0, ""C07"": 0, ""C08"": 0, ""C09"": 0, ""C10"": 0, ""C11"": 0, ""C12"": 0, ""C13"": 0, ""C14"": 0, ""C15"": 0, ""C16"": 0, ""C17"": 0, ""C18"": 0, ""C19"": 0, ""C20"": 463, ""C21"": 0, ""C22"": 0, ""C23"": 565, ""C24"": 0, ""C25"": 539}","{""C01"": 0.0253812785652507, ""C02"": 0.0253812785652507, ""C03"": 0.0253812785652507, ""C04"": 0.0253812785652507, ""C05"": 0.0253812785652507, ""C06"": 0.0253812785652507, ""C07"": 0.0253812785652507, ""C08"": 0.0253812785652507, ""C09"": 0.0253812785652507, ""C10"": 0.0253812785652507, ""C11"": 0.0253812785652507, ""C12"": 0.0253812785652507, ""C13"": 0.0253812785652507, ""C14"": 0.0253812785652507, ""C15"": 0.0253812785652507, ""C16"": 0.0253812785652507, ""C17"": 0.0253812785652507, ""C18"": 0.0253812785652507, ""C19"": 0.0253812785652507, ""C20"": 0.02511314684876917, ""C21"": 0.0253812785652507, ""C22"": 0.0253812785652507, ""C23"": 0.025054079685000803, ""C24"": 0.0253812785652507, ""C25"": 0.02506913579115701}"
84,84,1,678,6.714618,25,"{""C01"": 1.16673, ""C02"": 1.169615, ""C03"": 1.177174, ""C04"": 1.195259, ""C05"": 1.22477, ""C06"": 1.166982, ""C07"": 1.179294, ""C08"": 1.17273, ""C09"": 1.175615, ""C10"": 1.671609, ""C11"": 1.593552, ""C12"": 1.624069, ""C13"": 1.638213, ""C14"": 1.638738, ""C15"": 1.634804, ""C16"": 1.598648, ""C17"": 1.639042, ""C18"": 1.677609, ""C19"": 1.599552, ""C20"": 2.388096, ""C21"": 2.325165, ""C22"": 2.362714, ""C23"": 2.41249, ""C24"": 2.366556, ""C25"": 2.394096}","{""C01"": 0, ""C02"": 0, ""C03"": 0, ""C04"": 0, ""C05"": 0, ""C06"": 0, ""C07"": 0, ""C08"": 0, ""C09"": 0, ""C10"": 0, ""C11"": 0, ""C12"": 0, ""C13"": 0, ""C14"": 0, ""C15"": 0, ""C16"": 0, ""C17"": 0, ""C18"": 0, ""C19"": 0, ""C20"": 0, ""C21"": 0, ""C22"": 0, ""C23"": 1563, ""C24"": 0, ""C25"": 0}","{""C01"": 0.02538416867569733, ""C02"": 0.02538416867569733, ""C03"": 0.02538416867569733, ""C04"": 0.02538416867569733, ""C05"": 0.02538416867569733, ""C06"": 0.02538416867569733, ""C07"": 0.02538416867569733, ""C08"": 0.02538416867569733, ""C09"": 0.02538416867569733, ""C10"": 0.02538416867569733, ""C11"": 0.02538416867569733, ""C12"": 0.02538416867569733, ""C13"": 0.02538416867569733, ""C14"": 0.02538416867569733, ""C15"": 0.02538416867569733, ""C16"": 0.02538416867569733, ""C17"": 0.02538416867569733, ""C18"": 0.02538416867569733, ""C19"": 0.02538416867569733, ""C20"": 0.02538416867569733, ""C21"": 0.02538416867569733, ""C22"": 0.02538416867569733, ""C23"": 0.024479009937884617, ""C24"": 0.02538416867569733, ""C25"": 0.02538416867569733}"
85,85,1,381,4.615980,25,"{""C01"": 1.160613, ""C02"": 1.164279, ""C03"": 1.175144, ""C04"": 1.197503, ""C05"": 1.230248, ""C06"": 1.160187, ""C07"": 1.17682, ""C08"": 1.166613, ""C09"": 1.170279, ""C10"": 1.680226, ""C11"": 1.599081, ""C12"": 1.623933, ""C13"": 1.6325, ""C14"": 1.630159, ""C15"": 1.627418, ""C16"": 1.603758, ""C17"": 1.633988, ""C18"": 1.686226, ""C19"": 1.605081, ""C20"": 2.384654, ""C21"": 2.329414, ""C22"": 2.372698, ""C23"": 2.423555, ""C24"": 2.377086, ""C25"": 2.390654}","{""C01"": 0, ""C02"": 0, ""C03"": 0, ""C04"": 0, ""C05"": 0, ""C06"": 0, ""C07"": 0, ""C08"": 0, ""C09"": 0, ""C10"": 0, ""C11"": 0, ""C12"": 0, ""C13"": 0, ""C14"": 0, ""C15"": 0, ""C16"": 0, ""C17"": 0, ""C18"": 0, ""C19"": 0, ""C20"": 0, ""C21"": 0, ""C22"": 0, ""C23"": 1561, ""C24"": 0, ""C25"": 0}","{""C01"": 0.02538715879744928, ""C02"": 0.02538715879744928, ""C03"": 0.02538715879744928, ""C04"": 0.02538715879744928, ""C05"": 0.02538715879744928, ""C06"": 0.02538715879744928, ""C07"": 0.02538715879744928, ""C08"": 0.02538715879744928, ""C09"": 0.02538715879744928, ""C10"": 0.02538715879744928, ""C11"": 0.02538715879744928, ""C12"": 0.02538715879744928, ""C13"": 0.02538715879744928, ""C14"": 0.02538715879744928, ""C15"": 0.02538715879744928, ""C16"": 0.02538715879744928, ""C17"": 0.02538715879744928, ""C18"": 0.02538715879744928, ""C19"": 0.02538715879744928, ""C20"": 0.02538715879744928, ""C21"": 0.02538715879744928, ""C22"": 0.02538715879744928, ""C23"": 0.024483157876098283, ""C24"": 0.02538715879744928, ""C25"": 0.02538715879744928}"
86,86,1,281,2.542641,25,"{""C01"": 1.15443, ""C02"": 1.159893, ""C03"": 1.174631, ""C04"": 1.201119, ""C05"": 1.236304, ""C06"": 1.153385, ""C07"": 1.175722, ""C08"": 1.16043, ""C09"": 1.165893, ""C10"": 1.688162, ""C11"": 1.602755, ""C12"": 1.621641, ""C13"": 1.625341, ""C14"": 1.621524, ""C15"": 1.62139, ""C16"": 1.606922, ""C17"": 1.627366, ""C18"": 1.694162, ""C19"": 1.608755, ""C20"": 2.38395, ""C21"": 2.336106, ""C22"": 2.383678, ""C23"": 2.433697, ""C24"": 2.388536, ""C25"": 2.38995}","{""C01"": 0, ""C02"": 0, ""C03"": 0, ""C04"": 0, ""C05"": 0, ""C06"": 0, ""C07"": 0, ""C08"": 0, ""C09"": 0, ""C10"": 0, ""C11"": 0, ""C12"": 0, ""C13"": 0, ""C14"": 0, ""C15"": 0, ""C16"": 0, ""C17"": 0, ""C18"": 0, ""C19"": 0, ""C20"": 0, ""C21"": 0, ""C22"": 0, ""C23"": 1559, ""C24"": 0, ""C25"": 0}","{""C01"": 0.025389780738943907, ""C02"": 0.025389780738943907, ""C03"": 0.025389780738943907, ""C04"": 0.025389780738943907, ""C05"": 0.025389780738943907, ""C06"": 0.025389780738943907, ""C07"": 0.025389780738943907, ""C08"": 0.025389780738943907, ""C09"": 0.025389780738943907, ""C10"": 0.025389780738943907, ""C11"": 0.025389780738943907, ""C12"": 0.025389780738943907, ""C13"": 0.025389780738943907, ""C14"": 0.025389780738943907, ""C15"": 0.025389780738943907, ""C16"": 0.025389780738943907, ""C17"": 0.025389780738943907, ""C18"": 0.025389780738943907, ""C19"": 0.025389780738943907, ""C20"": 0.025389780738943907, ""C21"": 0.025389780738943907, ""C22"": 0.025389780738943907, ""C23"": 0.02448693795896551, ""C24"": 0.025389780738943907, ""C25"": 0.025389780738943907}"
87,87,1,288,3.204477,25,"{""C01"": 1.148567, ""C02"": 1.156731, ""C03"": 1.17567, ""C04"": 1.205882, ""C05"": 1.242565, ""C06"": 1.146983, ""C07"": 1.176066, ""C08"": 1.154567, ""C09"": 1.162731, ""C10"": 1.694924, ""C11"": 1.60435, ""C12"": 1.617337, ""C13"": 1.617186, ""C14"": 1.613372, ""C15"": 1.617097, ""C16"": 1.607929, ""C17"": 1.619601, ""C18"": 1.700924, ""C19"": 1.61035, ""C20"": 2.386035, ""C21"": 2.344831, ""C22"": 2.394975, ""C23"": 2.44229, ""C24"": 2.400217, ""C25"": 2.392035}","{""C01"": 0, ""C02"": 0, ""C03"": 0, ""C04"": 0, ""C05"": 0, ""C06"": 0, ""C07"": 0, ""C08"": 0, ""C09"": 0, ""C10"": 0, ""C11"": 0, ""C12"": 0, ""C13"": 0, ""C14"": 0, ""C15"": 0, ""C16"": 0, ""C17"": 0, ""C18"": 0, ""C19"": 0, ""C20"": 0, ""C21"": 0, ""C22"": 0, ""C23"": 1557, ""C24"": 0, ""C25"": 0}","{""C01"": 0.02539180861276452, ""C02"": 0.02539180861276452, ""C03"": 0.02539180861276452, ""C04"": 0.02539180861276452, ""C05"": 0.02539180861276452, ""C06"": 0.02539180861276452, ""C07"": 0.02539180861276452, ""C08"": 0.02539180861276452, ""C09"": 0.02539180861276452, ""C10"": 0.02539180861276452, ""C11"": 0.02539180861276452, ""C12"": 0.02539180861276452, ""C13"": 0.02539180861276452, ""C14"": 0.02539180861276452, ""C15"": 0.02539180861276452, ""C16"": 0.02539180861276452, ""C17"": 0.02539180861276452, ""C18"": 0.02539180861276452, ""C19"": 0.02539180861276452, ""C20"": 0.02539180861276452, ""C21"": 0.02539180861276452, ""C22"": 0.02539180861276452, ""C23"": 0.02449012450094189, ""C24"": 0.02539180861276452, ""C25"": 0.02539180861276452}"
88,88,1,337,3.437850,25,"{""C01"": 1.143391, ""C02"": 1.154992, ""C03"": 1.178197, ""C04"": 1.211499, ""C05"": 1.248641, ""C06"": 1.141369, ""C07"": 1.177825, ""C08"": 1.149391, ""C09"": 1.160992, ""C10"": 1.700097, ""C11"": 1.603768, ""C12"": 1.611294, ""C13"": 1.608543, ""C14"": 1.606214, ""C15"": 1.614809, ""C16"": 1.6067, ""C17"": 1.611186, ""C18"": 1.706097, ""C19"": 1.609768, ""C20"": 2.390783, ""C21"": 2.35505, ""C22"": 2.405893, ""C23"": 2.448806, ""C24"": 2.411423, ""C25"": 2.396783}","{""C01"": 0, ""C02"": 0, ""C03"": 0, ""C04"": 0, ""C05"": 0, ""C06"": 0, ""C07"": 0, ""C08"": 0, ""C09"": 0, ""C10"": 0, ""C11"": 0, ""C12"": 0, ""C13"": 0, ""C14"": 0, ""C15"": 0, ""C16"": 0, ""C17"": 0, ""C18"": 0, ""C19"": 0, ""C20"": 0, ""C21"": 0, ""C22"": 0, ""C23"": 1555, ""C24"": 0, ""C25"": 0}","{""C01"": 0.025393055544527407, ""C02"": 0.025393055544527407, ""C03"": 0.025393055544527407, ""C04"": 0.025393055544527407, ""C05"": 0.025393055544527407, ""C06"": 0.025393055544527407, ""C07"": 0.025393055544527407, ""C08"": 0.025393055544527407, ""C09"": 0.025393055544527407, ""C10"": 0.025393055544527407, ""C11"": 0.025393055544527407, ""C12"": 0.025393055544527407, ""C13"": 0.025393055544527407, ""C14"": 0.025393055544527407, ""C15"": 0.025393055544527407, ""C16"": 0.025393055544527407, ""C17"": 0.025393055544527407, ""C18"": 0.025393055544527407, ""C19"": 0.025393055544527407, ""C20"": 0.025393055544527407, ""C21"": 0.025393055544527407, ""C22"": 0.025393055544527407, ""C23"": 0.024492530795919384, ""C24"": 0.025393055544527407, ""C25"": 0.025393055544527407}"
89,89,1,388,3.383828,25,"{""C01"": 1.139225, ""C02"": 1.154785, ""C03"": 1.182057, ""C04"": 1.217622, ""C05"": 1.254158, ""C06"": 1.13688, ""C07"": 1.180883, ""C08"": 1.145225, ""C09"": 1.160785, ""C10"": 1.703361, ""C11"": 1.601049, ""C12"": 1.60389, ""C13"": 1.599953, ""C14"": 1.600497, ""C15"": 1.614672, ""C16"": 1.603293, ""C17"": 1.60265, ""C18"": 1.709361, ""C19"": 1.607049, ""C20"": 2.397904, ""C21"": 2.366134, ""C22"": 2.415758, ""C23"": 2.452843, ""C24"": 2.421474, ""C25"": 2.403904}","{""C01"": 0, ""C02"": 0, ""C03"": 0, ""C04"": 0, ""C05"": 0, ""C06"": 0, ""C07"": 0, ""C08"": 0, ""C09"": 0, ""C10"": 0, ""C11"": 0, ""C12"": 0, ""C13"": 0, ""C14"": 0, ""C15"": 0, ""C16"": 0, ""C17"": 0, ""C18"": 0, ""C19"": 0, ""C20"": 0, ""C21"": 0, ""C22"": 0, ""C23"": 1555, ""C24"": 0, ""C25"": 0}","{""C01"": 0.025394543857371207, ""C02"": 0.025394543857371207, ""C03"": 0.025394543857371207, ""C04"": 0.025394543857371207, ""C05"": 0.025394543857371207, ""C06"": 0.025394543857371207, ""C07"": 0.025394543857371207, ""C08"": 0.025394543857371207, ""C09"": 0.025394543857371207, ""C10"": 0.025394543857371207, ""C11"": 0.025394543857371207, ""C12"": 0.025394543857371207, ""C13"": 0.025394543857371207, ""C14"": 0.025394543857371207, ""C15"": 0.025394543857371207, ""C16"": 0.025394543857371207, ""C17"": 0.025394543857371207, ""C18"": 0.025394543857371207, ""C19"": 0.025394543857371207, ""C20"": 0.025394543857371207, ""C21"": 0.025394543857371207, ""C22"": 0.025394543857371207, ""C23"": 0.024494017785893205, ""C24"": 0.025394543857371207, ""C25"": 0.025394543857371207}"
90,90,1,480,4.240535,25,"{""C01"": 1.136329, ""C02"": 1.156124, ""C03"": 1.187012, ""C04"": 1.223871, ""C05"": 1.258773, ""C06"": 1.13379, ""C07"": 1.185046, ""C08"": 1.142329, ""C09"": 1.162124, ""C10"": 1.704515, ""C11"": 1.596365, ""C12"": 1.595586, ""C13"": 1.591953, ""C14"": 1.596579, ""C15"": 1.616696, ""C16"": 1.597898, ""C17"": 1.594528, ""C18"": 1.710515, ""C19"": 1.602365, ""C20"": 2.40696, ""C21"": 2.377397, ""C22"": 2.42396, ""C23"": 2.454156, ""C24"": 2.429757, ""C25"": 2.41296}","{""C01"": 0, ""C02"": 0, ""C03"": 0, ""C04"": 0, ""C05"": 0, ""C06"": 0, ""C07"": 0, ""C08"": 0, ""C09"": 0, ""C10"": 0, ""C11"": 0, ""C12"": 0, ""C13"": 0, ""C14"": 0, ""C15"": 0, ""C16"": 0, ""C17"": 0, ""C18"": 0, ""C19"": 0, ""C20"": 0, ""C21"": 0, ""C22"": 0, ""C23"": 1554, ""C24"": 0, ""C25"": 0}","{""C01"": 0.025394446183462163, ""C02"": 0.025394446183462163, ""C03"": 0.025394446183462163, ""C04"": 0.025394446183462163, ""C05"": 0.025394446183462163, ""C06"": 0.025394446183462163, ""C07"": 0.025394446183462163, ""C08"": 0.025394446183462163, ""C09"": 0.025394446183462163, ""C10"": 0.025394446183462163, ""C11"": 0.025394446183462163, ""C12"": 0.025394446183462163, ""C13"": 0.025394446183462163, ""C14"": 0.025394446183462163, ""C15"": 0.025394446183462163, ""C16"": 0.025394446183462163, ""C17"": 0.025394446183462163, ""C18"": 0.025394446183462163, ""C19"": 0.025394446183462163, ""C20"": 0.025394446183462163, ""C21"": 0.025394446183462163, ""C22"": 0.025394446183462163, ""C23"": 0.024494500435183888, ""C24"": 0.025394446183462163, ""C25"": 0.025394446183462163}"
91,91,1,690,7.083654,25,"{""C01"": 1.134886, ""C02"": 1.158929, ""C03"": 1.192755, ""C04"": 1.229861, ""C05"": 1.262202, ""C06"": 1.132286, ""C07"": 1.190047, ""C08"": 1.140886, ""C09"": 1.164929, ""C10"": 1.703491, ""C11"": 1.590008, ""C12"": 1.586903, ""C13"": 1.585042, ""C14"": 1.594707, ""C15"": 1.620759, ""C16"": 1.59083, ""C17"": 1.587325, ""C18"": 1.709491, ""C19"": 1.596008, ""C20"": 2.417392, ""C21"": 2.388144, ""C22"": 2.429995, ""C23"": 2.452668, ""C24"": 2.435764, ""C25"": 2.423392}","{""C01"": 0, ""C02"": 0, ""C03"": 0, ""C04"": 0, ""C05"": 0, ""C06"": 0, ""C07"": 0, ""C08"": 0, ""C09"": 0, ""C10"": 0, ""C11"": 0, ""C12"": 0, ""C13"": 0, ""C14"": 0, ""C15"": 0, ""C16"": 0, ""C17"": 0, ""C18"": 0, ""C19"": 0, ""C20"": 0, ""C21"": 0, ""C22"": 0, ""C23"": 1555, ""C24"": 0, ""C25"": 0}","{""C01"": 0.025394479414704255, ""C02"": 0.025394479414704255, ""C03"": 0.025394479414704255, ""C04"": 0.025394479414704255, ""C05"": 0.025394479414704255, ""C06"": 0.025394479414704255, ""C07"": 0.025394479414704255, ""C08"": 0.025394479414704255, ""C09"": 0.025394479414704255, ""C10"": 0.025394479414704255, ""C11"": 0.025394479414704255, ""C12"": 0.025394479414704255, ""C13"": 0.025394479414704255, ""C14"": 0.025394479414704255, ""C15"": 0.025394479414704255, ""C16"": 0.025394479414704255, ""C17"": 0.025394479414704255, ""C18"": 0.025394479414704255, ""C19"": 0.025394479414704255, ""C20"": 0.025394479414704255, ""C21"": 0.025394479414704255, ""C22"": 0.025394479414704255, ""C23"": 0.024493953400507307, ""C24"": 0.025394479414704255, ""C25"": 0.025394479414704255}"
92,92,1,1456,12.642627,25,"{""C01"": 1.134986, ""C02"": 1.163025, ""C03"": 1.19893, ""C04"": 1.235219, ""C05"": 1.264232, ""C06"": 1.132463, ""C07"": 1.195571, ""C08"": 1.140986, ""C09"": 1.169025, ""C10"": 1.700355, ""C11"": 1.582378, ""C12"": 1.578382, ""C13"": 1.579653, ""C14"": 1.594999, ""C15"": 1.626609, ""C16"": 1.582509, ""C17"": 1.581487, ""C18"": 1.706355, ""C19"": 1.588378, ""C20"": 2.428555, ""C21"": 2.39771, ""C22"": 2.43349, ""C23"": 2.448473, ""C24"": 2.439125, ""C25"": 2.434555}","{""C01"": 0, ""C02"": 0, ""C03"": 0, ""C04"": 0, ""C05"": 0, ""C06"": 0, ""C07"": 0, ""C08"": 0, ""C09"": 0, ""C10"": 0, ""C11"": 0, ""C12"": 0, ""C13"": 0, ""C14"": 0, ""C15"": 0, ""C16"": 0, ""C17"": 0, ""C18"": 0, ""C19"": 0, ""C20"": 0, ""C21"": 0, ""C22"": 0, ""C23"": 1556, ""C24"": 0, ""C25"": 0}","{""C01"": 0.02539351365721844, ""C02"": 0.02539351365721844, ""C03"": 0.02539351365721844, ""C04"": 0.02539351365721844, ""C05"": 0.02539351365721844, ""C06"": 0.02539351365721844, ""C07"": 0.02539351365721844, ""C08"": 0.02539351365721844, ""C09"": 0.02539351365721844, ""C10"": 0.02539351365721844, ""C11"": 0.02539351365721844, ""C12"": 0.02539351365721844, ""C13"": 0.02539351365721844, ""C14"": 0.02539351365721844, ""C15"": 0.02539351365721844, ""C16"": 0.02539351365721844, ""C17"": 0.02539351365721844, ""C18"": 0.02539351365721844, ""C19"": 0.02539351365721844, ""C20"": 0.02539351365721844, ""C21"": 0.02539351365721844, ""C22"": 0.02539351365721844, ""C23"": 0.02449240826595464, ""C24"": 0.02539351365721844, ""C25"": 0.02539351365721844}"
93,93,1,341,2.969661,25,"{""C01"": 1.136624, ""C02"": 1.16816, ""C03"": 1.205154, ""C04"": 1.239614, ""C05"": 1.264738, ""C06"": 1.134311, ""C07"": 1.201268, ""C08"": 1.142624, ""C09"": 1.17416, ""C10"": 1.695302, ""C11"": 1.573949, ""C12"": 1.570555, ""C13"": 1.576122, ""C14"": 1.597439, ""C15"": 1.633885, ""C16"": 1.573428, ""C17"": 1.577369, ""C18"": 1.701302, ""C19"": 1.579949, ""C20"": 2.43976, ""C21"": 2.405504, ""C22"": 2.434232, ""C23"": 2.441838, ""C24"": 2.439629, ""C25"": 2.44576}","{""C01"": 0, ""C02"": 0, ""C03"": 0, ""C04"": 0, ""C05"": 0, ""C06"": 0, ""C07"": 0, ""C08"": 0, ""C09"": 0, ""C10"": 0, ""C11"": 0, ""C12"": 0, ""C13"": 0, ""C14"": 0, ""C15"": 0, ""C16"": 0, ""C17"": 0, ""C18"": 0, ""C19"": 0, ""C20"": 301, ""C21"": 0, ""C22"": 0, ""C23"": 331, ""C24"": 299, ""C25"": 627}","{""C01"": 0.025392500654201178, ""C02"": 0.025392500654201178, ""C03"": 0.025392500654201178, ""C04"": 0.025392500654201178, ""C05"": 0.025392500654201178, ""C06"": 0.025392500654201178, ""C07"": 0.025392500654201178, ""C08"": 0.025392500654201178, ""C09"": 0.025392500654201178, ""C10"": 0.025392500654201178, ""C11"": 0.025392500654201178, ""C12"": 0.025392500654201178, ""C13"": 0.025392500654201178, ""C14"": 0.025392500654201178, ""C15"": 0.025392500654201178, ""C16"": 0.025392500654201178, ""C17"": 0.025392500654201178, ""C18"": 0.025392500654201178, ""C19"": 0.025392500654201178, ""C20"": 0.025218186082579277, ""C21"": 0.025392500654201178, ""C22"": 0.025392500654201178, ""C23"": 0.025200813289099986, ""C24"": 0.025219344318935567, ""C25"": 0.025029396971154798}"
94,94,1,377,3.302299,25,"{""C01"": 1.1397, ""C02"": 1.174015, ""C03"": 1.211043, ""C04"": 1.242774, ""C05"": 1.263691, ""C06"": 1.137724, ""C07"": 1.206781, ""C08"": 1.1457, ""C09"": 1.180015, ""C10"": 1.688651, ""C11"": 1.565249, ""C12"": 1.563911, ""C13"": 1.574672, ""C14"": 1.601877, ""C15"": 1.642137, ""C16"": 1.564134, ""C17"": 1.57522, ""C18"": 1.694651, ""C19"": 1.571249, ""C20"": 2.450311, ""C21"": 2.411046, ""C22"": 2.432179, ""C23"": 2.433178, ""C24"": 2.437239, ""C25"": 2.456311}","{""C01"": 0, ""C02"": 0, ""C03"": 0, ""C04"": 0, ""C05"": 0, ""C06"": 0, ""C07"": 0, ""C08"": 0, ""C09"": 0, ""C10"": 0, ""C11"": 0, ""C12"": 0, ""C13"": 0, ""C14"": 0, ""C15"": 0, ""C16"": 0, ""C17"": 0, ""C18"": 0, ""C19"": 0, ""C20"": 603, ""C21"": 0, ""C22"": 0, ""C23"": 0, ""C24"": 0, ""C25"": 952}","{""C01"": 0.02539496397367541, ""C02"": 0.02539496397367541, ""C03"": 0.02539496397367541, ""C04"": 0.02539496397367541, ""C05"": 0.02539496397367541, ""C06"": 0.02539496397367541, ""C07"": 0.02539496397367541, ""C08"": 0.02539496397367541, ""C09"": 0.02539496397367541, ""C10"": 0.02539496397367541, ""C11"": 0.02539496397367541, ""C12"": 0.02539496397367541, ""C13"": 0.02539496397367541, ""C14"": 0.02539496397367541, ""C15"": 0.02539496397367541, ""C16"": 0.02539496397367541, ""C17"": 0.02539496397367541, ""C18"": 0.02539496397367541, ""C19"": 0.02539496397367541, ""C20"": 0.025045756162454354, ""C21"": 0.02539496397367541, ""C22"": 0.02539496397367541, ""C23"": 0.02539496397367541, ""C24"": 0.02539496397367541, ""C25"": 0.02484364743729773}"
95,95,1,203,1.753066,25,"{""C01"": 1.144024, ""C02"": 1.180228, ""C03"": 1.21623, ""C04"": 1.244503, ""C05"": 1.261156, ""C06"": 1.142499, ""C07"": 1.211765, ""C08"": 1.150024, ""C09"": 1.186228, ""C10"": 1.680815, ""C11"": 1.55682, ""C12"": 1.558864, ""C13"": 1.575393, ""C14"": 1.608038, ""C15"": 1.650853, ""C16"": 1.555187, ""C17"": 1.575161, ""C18"": 1.686815, ""C19"": 1.56282, ""C20"": 2.459558, ""C21"": 2.413993, ""C22"": 2.42746, ""C23"": 2.423034, ""C24"": 2.432091, ""C25"": 2.465558}","{""C01"": 0, ""C02"": 0, ""C03"": 0, ""C04"": 0, ""C05"": 0, ""C06"": 0, ""C07"": 0, ""C08"": 0, ""C09"": 0, ""C10"": 0, ""C11"": 0, ""C12"": 0, ""C13"": 0, ""C14"": 0, ""C15"": 0, ""C16"": 0, ""C17"": 0, ""C18"": 0, ""C19"": 0, ""C20"": 707, ""C21"": 0, ""C22"": 0, ""C23"": 0, ""C24"": 0, ""C25"": 847}","{""C01"": 0.025397629760052595, ""C02"": 0.025397629760052595, ""C03"": 0.025397629760052595, ""C04"": 0.025397629760052595, ""C05"": 0.025397629760052595, ""C06"": 0.025397629760052595, ""C07"": 0.025397629760052595, ""C08"": 0.025397629760052595, ""C09"": 0.025397629760052595, ""C10"": 0.025397629760052595, ""C11"": 0.025397629760052595, ""C12"": 0.025397629760052595, ""C13"": 0.025397629760052595, ""C14"": 0.025397629760052595, ""C15"": 0.025397629760052595, ""C16"": 0.025397629760052595, ""C17"": 0.025397629760052595, ""C18"": 0.025397629760052595, ""C19"": 0.025397629760052595, ""C20"": 0.024988193208103478, ""C21"": 0.025397629760052595, ""C22"": 0.025397629760052595, ""C23"": 0.025397629760052595, ""C24"": 0.025397629760052595, ""C25"": 0.02490711965602727}"
96,96,1,145,1.254944,25,"{""C01"": 1.149327, ""C02"": 1.186413, ""C03"": 1.220394, ""C04"": 1.244694, ""C05"": 1.257292, ""C06"": 1.148351, ""C07"": 1.215908, ""C08"": 1.155327, ""C09"": 1.192413, ""C10"": 1.672284, ""C11"": 1.549187, ""C12"": 1.555731, ""C13"": 1.578243, ""C14"": 1.615543, ""C15"": 1.659494, ""C16"": 1.547126, ""C17"": 1.577184, ""C18"": 1.678284, ""C19"": 1.555187, ""C20"": 2.466927, ""C21"": 2.414165, ""C22"": 2.420373, ""C23"": 2.41204, ""C24"": 2.424494, ""C25"": 2.472927}","{""C01"": 0, ""C02"": 0, ""C03"": 0, ""C04"": 0, ""C05"": 0, ""C06"": 0, ""C07"": 0, ""C08"": 0, ""C09"": 0, ""C10"": 0, ""C11"": 0, ""C12"": 0, ""C13"": 0, ""C14"": 0, ""C15"": 0, ""C16"": 0, ""C17"": 0, ""C18"": 0, ""C19"": 0, ""C20"": 723, ""C21"": 0, ""C22"": 0, ""C23"": 0, ""C24"": 0, ""C25"": 829}","{""C01"": 0.02539913813814461, ""C02"": 0.02539913813814461, ""C03"": 0.02539913813814461, ""C04"": 0.02539913813814461, ""C05"": 0.02539913813814461, ""C06"": 0.02539913813814461, ""C07"": 0.02539913813814461, ""C08"": 0.02539913813814461, ""C09"": 0.02539913813814461, ""C10"": 0.02539913813814461, ""C11"": 0.02539913813814461, ""C12"": 0.02539913813814461, ""C13"": 0.02539913813814461, ""C14"": 0.02539913813814461, ""C15"": 0.02539913813814461, ""C16"": 0.02539913813814461, ""C17"": 0.02539913813814461, ""C18"": 0.02539913813814461, ""C19"": 0.02539913813814461, ""C20"": 0.024980436142419092, ""C21"": 0.02539913813814461, ""C22"": 0.02539913813814461, ""C23"": 0.02539913813814461, ""C24"": 0.02539913813814461, ""C25"": 0.02491905309608393}"
97,97,1,111,0.985791,25,"{""C01"": 1.155281, ""C02"": 1.192186, ""C03"": 1.223278, ""C04"": 1.243338, ""C05"": 1.25234, ""C06"": 1.154933, ""C07"": 1.218954, ""C08"": 1.161281, ""C09"": 1.198186, ""C10"": 1.663589, ""C11"": 1.542827, ""C12"": 1.554707, ""C13"": 1.583047, ""C14"": 1.623925, ""C15"": 1.667523, ""C16"": 1.54044, ""C17"": 1.581151, ""C18"": 1.669589, ""C19"": 1.548827, ""C20"": 2.471964, ""C21"": 2.411554, ""C22"": 2.411361, ""C23"": 2.400882, ""C24"": 2.414902, ""C25"": 2.477964}","{""C01"": 0, ""C02"": 0, ""C03"": 0, ""C04"": 0, ""C05"": 0, ""C06"": 0, ""C07"": 0, ""C08"": 0, ""C09"": 0, ""C10"": 0, ""C11"": 0, ""C12"": 0, ""C13"": 0, ""C14"": 0, ""C15"": 0, ""C16"": 0, ""C17"": 0, ""C18"": 0, ""C19"": 0, ""C20"": 739, ""C21"": 0, ""C22"": 0, ""C23"": 0, ""C24"": 0, ""C25"": 812}","{""C01"": 0.025400369354469085, ""C02"": 0.025400369354469085, ""C03"": 0.025400369354469085, ""C04"": 0.025400369354469085, ""C05"": 0.025400369354469085, ""C06"": 0.025400369354469085, ""C07"": 0.025400369354469085, ""C08"": 0.025400369354469085, ""C09"": 0.025400369354469085, ""C10"": 0.025400369354469085, ""C11"": 0.025400369354469085, ""C12"": 0.025400369354469085, ""C13"": 0.025400369354469085, ""C14"": 0.025400369354469085, ""C15"": 0.025400369354469085, ""C16"": 0.025400369354469085, ""C17"": 0.025400369354469085, ""C18"": 0.025400369354469085, ""C19"": 0.025400369354469085, ""C20"": 0.024972401492144754, ""C21"": 0.025400369354469085, ""C22"": 0.025400369354469085, ""C23"": 0.025400369354469085, ""C24"": 0.025400369354469085, ""C25"": 0.024930129384569136}"
98,98,1,98,0.780424,25,"{""C01"": 1.161516, ""C02"": 1.19719, ""C03"": 1.224702, ""C04"": 1.240519, ""C05"": 1.246609, ""C06"": 1.161851, ""C07"": 1.220716, ""C08"": 1.167516, ""C09"": 1.20319, ""C10"": 1.655274, ""C11"": 1.538137, ""C12"": 1.555857, ""C13"": 1.589506, ""C14"": 1.632666, ""C15"": 1.674442, ""C16"": 1.535537, ""C17"": 1.586798, ""C18"": 1.661274, ""C19"": 1.544137, ""C20"": 2.474357, ""C21"": 2.406325, ""C22"": 2.400987, ""C23"": 2.390258, ""C24"": 2.403891, ""C25"": 2.480357}","{""C01"": 0, ""C02"": 0, ""C03"": 0, ""C04"": 0, ""C05"": 0, ""C06"": 0, ""C07"": 0, ""C08"": 0, ""C09"": 0, ""C10"": 0, ""C11"": 0, ""C12"": 0, ""C13"": 0, ""C14"": 0, ""C15"": 0, ""C16"": 0, ""C17"": 0, ""C18"": 0, ""C19"": 0, ""C20"": 738, ""C21"": 0, ""C22"": 0, ""C23"": 0, ""C24"": 0, ""C25"": 813}","{""C01"": 0.025401240782397402, ""C02"": 0.025401240782397402, ""C03"": 0.025401240782397402, ""C04"": 0.025401240782397402, ""C05"": 0.025401240782397402, ""C06"": 0.025401240782397402, ""C07"": 0.025401240782397402, ""C08"": 0.025401240782397402, ""C09"": 0.025401240782397402, ""C10"": 0.025401240782397402, ""C11"": 0.025401240782397402, ""C12"": 0.025401240782397402, ""C13"": 0.025401240782397402, ""C14"": 0.025401240782397402, ""C15"": 0.025401240782397402, ""C16"": 0.025401240782397402, ""C17"": 0.025401240782397402, ""C18"": 0.025401240782397402, ""C19"": 0.025401240782397402, ""C20"": 0.02497385156692576, ""C21"": 0.025401240782397402, ""C22"": 0.025401240782397402, ""C23"": 0.025401240782397402, ""C24"": 0.025401240782397402, ""C25"": 0.024930420911965585}"
99,99,1,89,0.723529,25,"{""C01"": 1.167646, ""C02"": 1.201114, ""C03"": 1.22458, ""C04"": 1.236413, ""C05"": 1.240455, ""C06"": 1.168696, ""C07"": 1.221089, ""C08"": 1.173646, ""C09"": 1.207114, ""C10"": 1.647856, ""C11"": 1.53541, ""C12"": 1.559112, ""C13"": 1.597222, ""C14"": 1.641222, ""C15"": 1.679824, ""C16"": 1.532715, ""C17"": 1.593765, ""C18"": 1.653856, ""C19"": 1.54141, ""C20"": 2.47396, ""C21"": 2.398806, ""C22"": 2.389897, ""C23"": 2.380828, ""C24"": 2.392122, ""C25"": 2.47996}","{""C01"": 0, ""C02"": 0, ""C03"": 0, ""C04"": 0, ""C05"": 0, ""C06"": 0, ""C07"": 0, ""C08"": 0, ""C09"": 0, ""C10"": 0, ""C11"": 0, ""C12"": 0, ""C13"": 0, ""C14"": 0, ""C15"": 0, ""C16"": 0, ""C17"": 0, ""C18"": 0, ""C19"": 0, ""C20"": 742, ""C21"": 0, ""C22"": 0, ""C23"": 0, ""C24"": 0, ""C25"": 809}","{""C01"": 0.025401090907324925, ""C02"": 0.025401090907324925, ""C03"": 0.025401090907324925, ""C04"": 0.025401090907324925, ""C05"": 0.025401090907324925, ""C06"": 0.025401090907324925, ""C07"": 0.025401090907324925, ""C08"": 0.025401090907324925, ""C09"": 0.025401090907324925, ""C10"": 0.025401090907324925, ""C11"": 0.025401090907324925, ""C12"": 0.025401090907324925, ""C13"": 0.025401090907324925, ""C14"": 0.025401090907324925, ""C15"": 0.025401090907324925, ""C16"": 0.025401090907324925, ""C17"": 0.025401090907324925, ""C18"": 0.025401090907324925, ""C19"": 0.025401090907324925, ""C20"": 0.0249713852191407, ""C21"": 0.025401090907324925, ""C22"": 0.025401090907324925, ""C23"": 0.025401090907324925, ""C24"": 0.025401090907324925, ""C25"": 0.024932587654542253}"
100,100,1,85,0.696680,25,"{""C01"": 1.173291, ""C02"": 1.203715, ""C03"": 1.222919, ""C04"": 1.231276, ""C05"": 1.234264, ""C06"": 1.175061, ""C07"": 1.220054, ""C08"": 1.179291, ""C09"": 1.209715, ""C10"": 1.641797, ""C11"": 1.534816, ""C12"": 1.56427, ""C13"": 1.605715, ""C14"": 1.649063, ""C15"": 1.683334, ""C16"": 1.532147, ""C17"": 1.601603, ""C18"": 1.647797, ""C19"": 1.540816, ""C20"": 2.4708, ""C21"": 2.389467, ""C22"": 2.378784, ""C23"": 2.373183, ""C24"": 2.380301, ""C25"": 2.4768}","{""C01"": 0, ""C02"": 0, ""C03"": 0, ""C04"": 0, ""C05"": 0, ""C06"": 0, ""C07"": 0, ""C08"": 0, ""C09"": 0, ""C10"": 0, ""C11"": 0, ""C12"": 0, ""C13"": 0, ""C14"": 0, ""C15"": 0, ""C16"": 0, ""C17"": 0, ""C18"": 0, ""C19"": 0, ""C20"": 742, ""C21"": 0, ""C22"": 0, ""C23"": 0, ""C24"": 0, ""C25"": 810}","{""C01"": 0.025400522615488003, ""C02"": 0.025400522615488003, ""C03"": 0.025400522615488003, ""C04"": 0.025400522615488003, ""C05"": 0.025400522615488003, ""C06"": 0.025400522615488003, ""C07"": 0.025400522615488003, ""C08"": 0.025400522615488003, ""C09"": 0.025400522615488003, ""C10"": 0.025400522615488003, ""C11"": 0.025400522615488003, ""C12"": 0.025400522615488003, ""C13"": 0.025400522615488003, ""C14"": 0.025400522615488003, ""C15"": 0.025400522615488003, ""C16"": 0.025400522615488003, ""C17"": 0.025400522615488003, ""C18"": 0.025400522615488003, ""C19"": 0.025400522615488003, ""C20"": 0.02497081692730378, ""C21"": 0.025400522615488003, ""C22"": 0.025400522615488003, ""C23"": 0.025400522615488003, ""C24"": 0.025400522615488003, ""C25"": 0.024931439632636106}"
1,1,1,360,4.470748,25,"{""C01"": 1.012744, ""C02"": 1.03733, ""C03"": 1.050196, ""C04"": 1.054695, ""C05"": 1.05812, ""C06"": 1.014662, ""C07"": 1.052604, ""C08"": 1.018744, ""C09"": 1.04333, ""C10"": 1.356879, ""C11"": 1.258979, ""C12"": 1.295989, ""C13"": 1.339909, ""C14"": 1.379489, ""C15"": 1.40552, ""C16"": 1.262745, ""C17"": 1.342277, ""C18"": 1.362879, ""C19"": 1.264979, ""C20"": 1.977327, ""C21"": 1.889209, ""C22"": 1.87951, ""C23"": 1.882197, ""C24"": 1.883782, ""C25"": 1.983327}","{""C01"": 0, ""C02"": 0, ""C03"": 0, ""C04"": 0, ""C05"": 0, ""C06"": 0, ""C07"": 0, ""C08"": 0, ""C09"": 0, ""C10"": 0, ""C11"": 0, ""C12"": 0, ""C13"": 0, ""C14"": 0, ""C15"": 0, ""C16"": 0, ""C17"": 0, ""C18"": 0, ""C19"": 0, ""C20"": 653, ""C21"": 0, ""C22"": 0, ""C23"": 0, ""C24"": 0, ""C25"": 1011}","{""C01"": 0.0252582300668171, ""C02"": 0.0252582300668171, ""C03"": 0.0252582300668171, ""C04"": 0.0252582300668171, ""C05"": 0.0252582300668171, ""C06"": 0.0252582300668171, ""C07"": 0.0252582300668171, ""C08"": 0.0252582300668171, ""C09"": 0.0252582300668171, ""C10"": 0.0252582300668171, ""C11"": 0.0252582300668171, ""C12"": 0.0252582300668171, ""C13"": 0.0252582300668171, ""C14"": 0.0252582300668171, ""C15"": 0.0252582300668171, ""C16"": 0.0252582300668171, ""C17"": 0.0252582300668171, ""C18"": 0.0252582300668171, ""C19"": 0.0252582300668171, ""C20"": 0.024880065896487856, ""C21"": 0.0252582300668171, ""C22"": 0.0252582300668171, ""C23"": 0.0252582300668171, ""C24"": 0.0252582300668171, ""C25"": 0.024672745395129914}"
2,2,1,73,0.599413,25,"{""C01"": 1.027263, ""C02"": 1.047619, ""C03"": 1.05685, ""C04"": 1.060018, ""C05"": 1.065042, ""C06"": 1.029872, ""C07"": 1.058986, ""C08"": 1.033263, ""C09"": 1.053619, ""C10"": 1.374939, ""C11"": 1.28289, ""C12"": 1.323561, ""C13"": 1.367231, ""C14"": 1.402767, ""C15"": 1.422862, ""C16"": 1.287222, ""C17"": 1.369187, ""C18"": 1.380939, ""C19"": 1.28889, ""C20"": 2.001769, ""C21"": 1.911379, ""C22"": 1.904678, ""C23"": 1.914224, ""C24"": 1.909438, ""C25"": 2.007769}","{""C01"": 0, ""C02"": 0, ""C03"": 0, ""C04"": 0, ""C05"": 0, ""C06"": 0, ""C07"": 0, ""C08"": 0, ""C09"": 0, ""C10"": 0, ""C11"": 0, ""C12"": 0, ""C13"": 0, ""C14"": 0, ""C15"": 0, ""C16"": 0, ""C17"": 0, ""C18"": 0, ""C19"": 0, ""C20"": 796, ""C21"": 0, ""C22"": 0, ""C23"": 0, ""C24"": 0, ""C25"": 862}","{""C01"": 0.02526631662829966, ""C02"": 0.02526631662829966, ""C03"": 0.02526631662829966, ""C04"": 0.02526631662829966, ""C05"": 0.02526631662829966, ""C06"": 0.02526631662829966, ""C07"": 0.02526631662829966, ""C08"": 0.02526631662829966, ""C09"": 0.02526631662829966, ""C10"": 0.02526631662829966, ""C11"": 0.02526631662829966, ""C12"": 0.02526631662829966, ""C13"": 0.02526631662829966, ""C14"": 0.02526631662829966, ""C15"": 0.02526631662829966, ""C16"": 0.02526631662829966, ""C17"": 0.02526631662829966, ""C18"": 0.02526631662829966, ""C19"": 0.02526631662829966, ""C20"": 0.02480533855849556, ""C21"": 0.02526631662829966, ""C22"": 0.02526631662829966, ""C23"": 0.02526631662829966, ""C24"": 0.02526631662829966, ""C25"": 0.02476712058050093}"
3,3,1,80,0.711724,25,"{""C01"": 1.039537, ""C02"": 1.055641, ""C03"": 1.061906, ""C04"": 1.06479, ""C05"": 1.072344, ""C06"": 1.042788, ""C07"": 1.063605, ""C08"": 1.045537, ""C09"": 1.061641, ""C10"": 1.393848, ""C11"": 1.307155, ""C12"": 1.350201, ""C13"": 1.392149, ""C14"": 1.422676, ""C15"": 1.43683, ""C16"": 1.311971, ""C17"": 1.393549, ""C18"": 1.399848, ""C19"": 1.313155, ""C20"": 2.022509, ""C21"": 1.931735, ""C22"": 1.929692, ""C23"": 1.946747, ""C24"": 1.934856, ""C25"": 2.028509}","{""C01"": 0, ""C02"": 0, ""C03"": 0, ""C04"": 0, ""C05"": 0, ""C06"": 0, ""C07"": 0, ""C08"": 0, ""C09"": 0, ""C10"": 0, ""C11"": 0, ""C12"": 0, ""C13"": 0, ""C14"": 0, ""C15"": 0, ""C16"": 0, ""C17"": 0, ""C18"": 0, ""C19"": 0, ""C20"": 790, ""C21"": 0, ""C22"": 0, ""C23"": 0, ""C24"": 0, ""C25"": 863}","{""C01"": 0.02527330748913538, ""C02"": 0.02527330748913538, ""C03"": 0.02527330748913538, ""C04"": 0.02527330748913538, ""C05"": 0.02527330748913538, ""C06"": 0.02527330748913538, ""C07"": 0.02527330748913538, ""C08"": 0.02527330748913538, ""C09"": 0.02527330748913538, ""C10"": 0.02527330748913538, ""C11"": 0.02527330748913538, ""C12"": 0.02527330748913538, ""C13"": 0.02527330748913538, ""C14"": 0.02527330748913538, ""C15"": 0.02527330748913538, ""C16"": 0.02527330748913538, ""C17"": 0.02527330748913538, ""C18"": 0.02527330748913538, ""C19"": 0.02527330748913538, ""C20"": 0.024815804128400155, ""C21"": 0.02527330748913538, ""C22"": 0.02527330748913538, ""C23"": 0.02527330748913538, ""C24"": 0.02527330748913538, ""C25"": 0.02477353172583698}"
4,4,1,106,0.889939,25,"{""C01"": 1.049526, ""C02"": 1.061621, ""C03"": 1.065774, ""C04"": 1.069438, ""C05"": 1.080296, ""C06"": 1.053344, ""C07"": 1.066894, ""C08"": 1.055526, ""C09"": 1.067621, ""C10"": 1.413636, ""C11"": 1.331471, ""C12"": 1.375461, ""C13"": 1.414322, ""C14"": 1.439184, ""C15"": 1.447761, ""C16"": 1.336675, ""C17"": 1.415047, ""C18"": 1.419636, ""C19"": 1.337471, ""C20"": 2.040347, ""C21"": 1.951104, ""C22"": 1.95509, ""C23"": 1.979836, ""C24"": 1.960564, ""C25"": 2.046347}","{""C01"": 0, ""C02"": 0, ""C03"": 0, ""C04"": 0, ""C05"": 0, ""C06"": 0, ""C07"": 0, ""C08"": 0, ""C09"": 0, ""C10"": 0, ""C11"": 0, ""C12"": 0, ""C13"": 0, ""C14"": 0, ""C15"": 0, ""C16"": 0, ""C17"": 0, ""C18"": 0, ""C19"": 0, ""C20"": 779, ""C21"": 0, ""C22"": 0, ""C23"": 0, ""C24"": 0, ""C25"": 869}","{""C01"": 0.025278817667287096, ""C02"": 0.025278817667287096, ""C03"": 0.025278817667287096, ""C04"": 0.025278817667287096, ""C05"": 0.025278817667287096, ""C06"": 0.025278817667287096, ""C07"": 0.025278817667287096, ""C08"": 0.025278817667287096, ""C09"": 0.025278817667287096, ""C10"": 0.025278817667287096, ""C11"": 0.025278817667287096, ""C12"": 0.025278817667287096, ""C13"": 0.025278817667287096, ""C14"": 0.025278817667287096, ""C15"": 0.025278817667287096, ""C16"": 0.025278817667287096, ""C17"": 0.025278817667287096, ""C18"": 0.025278817667287096, ""C19"": 0.025278817667287096, ""C20"": 0.024827684606511476, ""C21"": 0.025278817667287096, ""C22"": 0.025278817667287096, ""C23"": 0.025278817667287096, ""C24"": 0.025278817667287096, ""C25"": 0.024775567817938788}"
5,5,1,124,1.088659,25,"{""C01"": 1.057283, ""C02"": 1.06586, ""C03"": 1.068886, ""C04"": 1.074346, ""C05"": 1.089077, ""C06"": 1.061574, ""C07"": 1.069316, ""C08"": 1.063283, ""C09"": 1.07186, ""C10"": 1.434196, ""C11"": 1.355451, ""C12"": 1.398891, ""C13"": 1.433494, ""C14"": 1.452389, ""C15"": 1.456098, ""C16"": 1.360937, ""C17"": 1.433455, ""C18"": 1.440196, ""C19"": 1.361451, ""C20"": 2.056121, ""C21"": 1.970226, ""C22"": 1.981237, ""C23"": 2.01338, ""C24"": 1.98692, ""C25"": 2.062121}","{""C01"": 0, ""C02"": 0, ""C03"": 0, ""C04"": 0, ""C05"": 0, ""C06"": 0, ""C07"": 0, ""C08"": 0, ""C09"": 0, ""C10"": 0, ""C11"": 0, ""C12"": 0, ""C13"": 0, ""C14"": 0, ""C15"": 0, ""C16"": 0, ""C17"": 0, ""C18"": 0, ""C19"": 0, ""C20"": 765, ""C21"": 0, ""C22"": 0, ""C23"": 0, ""C24"": 0, ""C25"": 879}","{""C01"": 0.025283862301258606, ""C02"": 0.025283862301258606, ""C03"": 0.025283862301258606, ""C04"": 0.025283862301258606, ""C05"": 0.025283862301258606, ""C06"": 0.025283862301258606, ""C07"": 0.025283862301258606, ""C08"": 0.025283862301258606, ""C09"": 0.025283862301258606, ""C10"": 0.025283862301258606, ""C11"": 0.025283862301258606, ""C12"": 0.025283862301258606, ""C13"": 0.025283862301258606, ""C14"": 0.025283862301258606, ""C15"": 0.025283862301258606, ""C16"": 0.025283862301258606, ""C17"": 0.025283862301258606, ""C18"": 0.025283862301258606, ""C19"": 0.025283862301258606, ""C20"": 0.024840836894977028, ""C21"": 0.025283862301258606, ""C22"": 0.025283862301258606, ""C23"": 0.025283862301258606, ""C24"": 0.025283862301258606, ""C25"": 0.024774821220197366}"
6,6,1,339,3.039951,25,"{""C01"": 1.062953, ""C02"": 1.068722, ""C03"": 1.071678, ""C04"": 1.079837, ""C05"": 1.098768, ""C06"": 1.067606, ""C07"": 1.071342, ""C08"": 1.068953, ""C09"": 1.074722, ""C10"": 1.455294, ""C11"": 1.378648, ""C12"": 1.420082, ""C13"": 1.449517, ""C14"": 1.462515, ""C15"": 1.462369, ""C16"": 1.3843, ""C17"": 1.448659, ""C18"": 1.461294, ""C19"": 1.384648, ""C20"": 2.070663, ""C21"": 1.989727, ""C22"": 2.008321, ""C23"": 2.047106, ""C24"": 2.014109, ""C25"": 2.076663}","{""C01"": 0, ""C02"": 0, ""C03"": 0, ""C04"": 0, ""C05"": 0, ""C06"": 0, ""C07"": 0, ""C08"": 0, ""C09"": 0, ""C10"": 0, ""C11"": 0, ""C12"": 0, ""C13"": 0, ""C14"": 0, ""C15"": 0, ""C16"": 0, ""C17"": 0, ""C18"": 0, ""C19"": 0, ""C20"": 657, ""C21"": 0, ""C22"": 0, ""C23"": 0, ""C24"": 0, ""C25"": 983}","{""C01"": 0.025288425538098333, ""C02"": 0.025288425538098333, ""C03"": 0.025288425538098333, ""C04"": 0.025288425538098333, ""C05"": 0.025288425538098333, ""C06"": 0.025288425538098333, ""C07"": 0.025288425538098333, ""C08"": 0.025288425538098333, ""C09"": 0.025288425538098333, ""C10"": 0.025288425538098333, ""C11"": 0.025288425538098333, ""C12"": 0.025288425538098333, ""C13"": 0.025288425538098333, ""C14"": 0.025288425538098333, ""C15"": 0.025288425538098333, ""C16"": 0.025288425538098333, ""C17"": 0.025288425538098333, ""C18"": 0.025288425538098333, ""C19"": 0.025288425538098333, ""C20"": 0.024907944895056506, ""C21"": 0.025288425538098333, ""C22"": 0.025288425538098333, ""C23"": 0.025288425538098333, ""C24"": 0.025288425538098333, ""C25"": 0.024719156233566617}"
7,7,1,686,6.010929,25,"{""C01"": 1.066769, ""C02"": 1.070614, ""C03"": 1.074559, ""C04"": 1.086153, ""C05"": 1.109351, ""C06"": 1.071659, ""C07"": 1.073422, ""C08"": 1.072769, ""C09"": 1.076614, ""C10"": 1.476594, ""C11"": 1.400593, ""C12"": 1.438689, ""C13"": 1.462371, ""C14"": 1.469906, ""C15"": 1.467158, ""C16"": 1.406292, ""C17"": 1.460675, ""C18"": 1.482594, ""C19"": 1.406593, ""C20"": 2.084755, ""C21"": 2.01008, ""C22"": 2.036345, ""C23"": 2.080604, ""C24"": 2.04213, ""C25"": 2.090755}","{""C01"": 0, ""C02"": 0, ""C03"": 0, ""C04"": 0, ""C05"": 0, ""C06"": 0, ""C07"": 0, ""C08"": 0, ""C09"": 0, ""C10"": 0, ""C11"": 0, ""C12"": 0, ""C13"": 0, ""C14"": 0, ""C15"": 0, ""C16"": 0, ""C17"": 0, ""C18"": 0, ""C19"": 0, ""C20"": 484, ""C21"": 0, ""C22"": 0, ""C23"": 0, ""C24"": 0, ""C25"": 1152}","{""C01"": 0.025292828520698682, ""C02"": 0.025292828520698682, ""C03"": 0.025292828520698682, ""C04"": 0.025292828520698682, ""C05"": 0.025292828520698682, ""C06"": 0.025292828520698682, ""C07"": 0.025292828520698682, ""C08"": 0.025292828520698682, ""C09"": 0.025292828520698682, ""C10"": 0.025292828520698682, ""C11"": 0.025292828520698682, ""C12"": 0.025292828520698682, ""C13"": 0.025292828520698682, ""C14"": 0.025292828520698682, ""C15"": 0.025292828520698682, ""C16"": 0.025292828520698682, ""C17"": 0.025292828520698682, ""C18"": 0.025292828520698682, ""C19"": 0.025292828520698682, ""C20"": 0.02501253532247609, ""C21"": 0.025292828520698682, ""C22"": 0.025292828520698682, ""C23"": 0.025292828520698682, ""C24"": 0.025292828520698682, ""C25"": 0.02462568825223174}"
8,8,1,1380,13.852359,25,"{""C01"": 1.069035, ""C02"": 1.071962, ""C03"": 1.077894, ""C04"": 1.093447, ""C05"": 1.120712, ""C06"": 1.07403, ""C07"": 1.075963, ""C08"": 1.075035, ""C09"": 1.077962, ""C10"": 1.497676, ""C11"": 1.42083, ""C12"": 1.454462, ""C13"": 1.472161, ""C14"": 1.475009, ""C15"": 1.471073, ""C16"": 1.426455, ""C17"": 1.469644, ""C18"": 1.503676, ""C19"": 1.42683, ""C20"": 2.099094, ""C21"": 2.031592, ""C22"": 2.065138, ""C23"": 2.113362, ""C24"": 2.070812, ""C25"": 2.105094}","{""C01"": 0, ""C02"": 0, ""C03"": 0, ""C04"": 0, ""C05"": 0, ""C06"": 0, ""C07"": 0, ""C08"": 0, ""C09"": 0, ""C10"": 0, ""C11"": 0, ""C12"": 0, ""C13"": 0, ""C14"": 0, ""C15"": 0, ""C16"": 0, ""C17"": 0, ""C18"": 0, ""C19"": 0, ""C20"": 0, ""C21"": 0, ""C22"": 0, ""C23"": 1630, ""C24"": 0, ""C25"": 0}","{""C01"": 0.025300348370144693, ""C02"": 0.025300348370144693, ""C03"": 0.025300348370144693, ""C04"": 0.025300348370144693, ""C05"": 0.025300348370144693, ""C06"": 0.025300348370144693, ""C07"": 0.025300348370144693, ""C08"": 0.025300348370144693, ""C09"": 0.025300348370144693, ""C10"": 0.025300348370144693, ""C11"": 0.025300348370144693, ""C12"": 0.025300348370144693, ""C13"": 0.025300348370144693, ""C14"": 0.025300348370144693, ""C15"": 0.025300348370144693, ""C16"": 0.025300348370144693, ""C17"": 0.025300348370144693, ""C18"": 0.025300348370144693, ""C19"": 0.025300348370144693, ""C20"": 0.025300348370144693, ""C21"": 0.025300348370144693, ""C22"": 0.025300348370144693, ""C23"": 0.024356388183735568, ""C24"": 0.025300348370144693, ""C25"": 0.025300348370144693}"
9,9,1,427,5.229593,25,"{""C01"": 1.070119, ""C02"": 1.073188, ""C03"": 1.081982, ""C04"": 1.101769, ""C05"": 1.132651, ""C06"": 1.075082, ""C07"": 1.079306, ""C08"": 1.076119, ""C09"": 1.079188, ""C10"": 1.518075, ""C11"": 1.438943, ""C12"": 1.467263, ""C13"": 1.479123, ""C14"": 1.47835, ""C15"": 1.474714, ""C16"": 1.444375, ""C17"": 1.475838, ""C18"": 1.524075, ""C19"": 1.444943, ""C20"": 2.114251, ""C21"": 2.054387, ""C22"": 2.094373, ""C23"": 2.144807, ""C24"": 2.099832, ""C25"": 2.120251}","{""C01"": 0, ""C02"": 0, ""C03"": 0, ""C04"": 0, ""C05"": 0, ""C06"": 0, ""C07"": 0, ""C08"": 0, ""C09"": 0, ""C10"": 0, ""C11"": 0, ""C12"": 0, ""C13"": 0, ""C14"": 0, ""C15"": 0, ""C16"": 0, ""C17"": 0, ""C18"": 0, ""C19"": 0, ""C20"": 0, ""C21"": 0, ""C22"": 0, ""C23"": 1622, ""C24"": 0, ""C25"": 0}","{""C01"": 0.02530965041970548, ""C02"": 0.02530965041970548, ""C03"": 0.02530965041970548, ""C04"": 0.02530965041970548, ""C05"": 0.02530965041970548, ""C06"": 0.02530965041970548, ""C07"": 0.02530965041970548, ""C08"": 0.02530965041970548, ""C09"": 0.02530965041970548, ""C10"": 0.02530965041970548, ""C11"": 0.02530965041970548, ""C12"": 0.02530965041970548, ""C13"": 0.02530965041970548, ""C14"": 0.02530965041970548, ""C15"": 0.02530965041970548, ""C16"": 0.02530965041970548, ""C17"": 0.02530965041970548, ""C18"": 0.02530965041970548, ""C19"": 0.02530965041970548, ""C20"": 0.02530965041970548, ""C21"": 0.02530965041970548, ""C22"": 0.02530965041970548, ""C23"": 0.02437032385406926, ""C24"": 0.02530965041970548, ""C25"": 0.02530965041970548}"
10,10,1,291,3.750588,25,"{""C01"": 1.070423, ""C02"": 1.074688, ""C03"": 1.08704, ""C04"": 1.111076, ""C05"": 1.144897, ""C06"": 1.075219, ""C07"": 1.083708, ""C08"": 1.076423, ""C09"": 1.080688, ""C10"": 1.537307, ""C11"": 1.454592, ""C12"": 1.477084, ""C13"": 1.48361, ""C14"": 1.480507, ""C15"": 1.478642, ""C16"": 1.459717, ""C17"": 1.479645, ""C18"": 1.543307, ""C19"": 1.460592, ""C20"": 2.130644, ""C21"": 2.078411, ""C22"": 2.123593, ""C23"": 2.174346, ""C24"": 2.128736, ""C25"": 2.136644}","{""C01"": 0, ""C02"": 0, ""C03"": 0, ""C04"": 0, ""C05"": 0, ""C06"": 0, ""C07"": 0, ""C08"": 0, ""C09"": 0, ""C10"": 0, ""C11"": 0, ""C12"": 0, ""C13"": 0, ""C14"": 0, ""C15"": 0, ""C16"": 0, ""C17"": 0, ""C18"": 0, ""C19"": 0, ""C20"": 0, ""C21"": 0, ""C22"": 0, ""C23"": 1615, ""C24"": 0, ""C25"": 0}","{""C01"": 0.025318445043657864, ""C02"": 0.025318445043657864, ""C03"": 0.025318445043657864, ""C04"": 0.025318445043657864, ""C05"": 0.025318445043657864, ""C06"": 0.025318445043657864, ""C07"": 0.025318445043657864, ""C08"": 0.025318445043657864, ""C09"": 0.025318445043657864, ""C10"": 0.025318445043657864, ""C11"": 0.025318445043657864, ""C12"": 0.025318445043657864, ""C13"": 0.025318445043657864, ""C14"": 0.025318445043657864, ""C15"": 0.025318445043657864, ""C16"": 0.025318445043657864, ""C17"": 0.025318445043657864, ""C18"": 0.025318445043657864, ""C19"": 0.025318445043657864, ""C20"": 0.025318445043657864, ""C21"": 0.025318445043657864, ""C22"": 0.025318445043657864, ""C23"": 0.024383172339944883, ""C24"": 0.025318445043657864, ""C25"": 0.025318445043657864}"
11,11,1,252,2.132979,25,"{""C01"": 1.070369, ""C02"": 1.076807, ""C03"": 1.093193, ""C04"": 1.121226, ""C05"": 1.157128, ""C06"": 1.074868, ""C07"": 1.089327, ""C08"": 1.076369, ""C09"": 1.082807, ""C10"": 1.554909, ""C11"": 1.467536, ""C12"": 1.484044, ""C13"": 1.486074, ""C14"": 1.482079, ""C15"": 1.483343, ""C16"": 1.47225, ""C17"": 1.481546, ""C18"": 1.560909, ""C19"": 1.473536, ""C20"": 2.148523, ""C21"": 2.103438, ""C22"": 2.15225, ""C23"": 2.20141, ""C24"": 2.156985, ""C25"": 2.154523}","{""C01"": 0, ""C02"": 0, ""C03"": 0, ""C04"": 0, ""C05"": 0, ""C06"": 0, ""C07"": 0, ""C08"": 0, ""C09"": 0, ""C10"": 0, ""C11"": 0, ""C12"": 0, ""C13"": 0, ""C14"": 0, ""C15"": 0, ""C16"": 0, ""C17"": 0, ""C18"": 0, ""C19"": 0, ""C20"": 0, ""C21"": 0, ""C22"": 0, ""C23"": 1609, ""C24"": 0, ""C25"": 0}","{""C01"": 0.025326542909727398, ""C02"": 0.025326542909727398, ""C03"": 0.025326542909727398, ""C04"": 0.025326542909727398, ""C05"": 0.025326542909727398, ""C06"": 0.025326542909727398, ""C07"": 0.025326542909727398, ""C08"": 0.025326542909727398, ""C09"": 0.025326542909727398, ""C10"": 0.025326542909727398, ""C11"": 0.025326542909727398, ""C12"": 0.025326542909727398, ""C13"": 0.025326542909727398, ""C14"": 0.025326542909727398, ""C15"": 0.025326542909727398, ""C16"": 0.025326542909727398, ""C17"": 0.025326542909727398, ""C18"": 0.025326542909727398, ""C19"": 0.025326542909727398, ""C20"": 0.025326542909727398, ""C21"": 0.025326542909727398, ""C22"": 0.025326542909727398, ""C23"": 0.024394744463348602, ""C24"": 0.025326542909727398, ""C25"": 0.025326542909727398}"
12,12,1,274,3.303614,25,"{""C01"": 1.070367, ""C02"": 1.079823, ""C03"": 1.100468, ""C04"": 1.131998, ""C05"": 1.168991, ""C06"": 1.074451, ""C07"": 1.09622, ""C08"": 1.076367, ""C09"": 1.085823, ""C10"": 1.570467, ""C11"": 1.477651, ""C12"": 1.488392, ""C13"": 1.487044, ""C14"": 1.483647, ""C15"": 1.489206, ""C16"": 1.481862, ""C17"": 1.482094, ""C18"": 1.576467, ""C19"": 1.483651, ""C20"": 2.167956, ""C21"": 2.129092, ""C22"": 2.179744, ""C23"": 2.225496, ""C24"": 2.183986, ""C25"": 2.173956}","{""C01"": 0, ""C02"": 0, ""C03"": 0, ""C04"": 0, ""C05"": 0, ""C06"": 0, ""C07"": 0, ""C08"": 0, ""C09"": 0, ""C10"": 0, ""C11"": 0, ""C12"": 0, ""C13"": 0, ""C14"": 0, ""C15"": 0, ""C16"": 0, ""C17"": 0, ""C18"": 0, ""C19"": 0, ""C20"": 0, ""C21"": 0, ""C22"": 0, ""C23"": 1603, ""C24"": 0, ""C25"": 0}","{""C01"": 0.025333209800409914, ""C02"": 0.025333209800409914, ""C03"": 0.025333209800409914, ""C04"": 0.025333209800409914, ""C05"": 0.025333209800409914, ""C06"": 0.025333209800409914, ""C07"": 0.025333209800409914, ""C08"": 0.025333209800409914, ""C09"": 0.025333209800409914, ""C10"": 0.025333209800409914, ""C11"": 0.025333209800409914, ""C12"": 0.025333209800409914, ""C13"": 0.025333209800409914, ""C14"": 0.025333209800409914, ""C15"": 0.025333209800409914, ""C16"": 0.025333209800409914, ""C17"": 0.025333209800409914, ""C18"": 0.025333209800409914, ""C19"": 0.025333209800409914, ""C20"": 0.025333209800409914, ""C21"": 0.025333209800409914, ""C22"": 0.025333209800409914, ""C23"": 0.024404886835771043, ""C24"": 0.025333209800409914, ""C25"": 0.025333209800409914}"
13,13,1,295,4.337646,25,"{""C01"": 1.070799, ""C02"": 1.083927, ""C03"": 1.108791, ""C04"": 1.143102, ""C05"": 1.18013, ""C06"": 1.074363, ""C07"": 1.104331, ""C08"": 1.076799, ""C09"": 1.089927, ""C10"": 1.583647, ""C11"": 1.484942, ""C12"": 1.490492, ""C13"": 1.487093, ""C14"": 1.48575, ""C15"": 1.496501, ""C16"": 1.488571, ""C17"": 1.481882, ""C18"": 1.589647, ""C19"": 1.490942, ""C20"": 2.188836, ""C21"": 2.154878, ""C22"": 2.205464, ""C23"": 2.246208, ""C24"": 2.209141, ""C25"": 2.194836}","{""C01"": 0, ""C02"": 0, ""C03"": 0, ""C04"": 0, ""C05"": 0, ""C06"": 0, ""C07"": 0, ""C08"": 0, ""C09"": 0, ""C10"": 0, ""C11"": 0, ""C12"": 0, ""C13"": 0, ""C14"": 0, ""C15"": 0, ""C16"": 0, ""C17"": 0, ""C18"": 0, ""C19"": 0, ""C20"": 0, ""C21"": 0, ""C22"": 0, ""C23"": 1599, ""C24"": 0, ""C25"": 0}","{""C01"": 0.02533950148380694, ""C02"": 0.02533950148380694, ""C03"": 0.02533950148380694, ""C04"": 0.02533950148380694, ""C05"": 0.02533950148380694, ""C06"": 0.02533950148380694, ""C07"": 0.02533950148380694, ""C08"": 0.02533950148380694, ""C09"": 0.02533950148380694, ""C10"": 0.02533950148380694, ""C11"": 0.02533950148380694, ""C12"": 0.02533950148380694, ""C13"": 0.02533950148380694, ""C14"": 0.02533950148380694, ""C15"": 0.02533950148380694, ""C16"": 0.02533950148380694, ""C17"": 0.02533950148380694, ""C18"": 0.02533950148380694, ""C19"": 0.02533950148380694, ""C20"": 0.02533950148380694, ""C21"": 0.02533950148380694, ""C22"": 0.02533950148380694, ""C23"": 0.02441349391667681, ""C24"": 0.02533950148380694, ""C25"": 0.02533950148380694}"
14,14,1,384,4.303195,25,"{""C01"": 1.071992, ""C02"": 1.08922, ""C03"": 1.118, ""C04"": 1.154202, ""C05"": 1.190206, ""C06"": 1.074952, ""C07"": 1.113511, ""C08"": 1.077992, ""C09"": 1.09522, ""C10"": 1.594222, ""C11"": 1.489547, ""C12"": 1.490805, ""C13"": 1.486809, ""C14"": 1.488847, ""C15"": 1.505365, ""C16"": 1.492533, ""C17"": 1.481509, ""C18"": 1.600222, ""C19"": 1.495547, ""C20"": 2.210887, ""C21"": 2.180216, ""C22"": 2.228833, ""C23"": 2.26328, ""C24"": 2.231884, ""C25"": 2.216887}","{""C01"": 0, ""C02"": 0, ""C03"": 0, ""C04"": 0, ""C05"": 0, ""C06"": 0, ""C07"": 0, ""C08"": 0, ""C09"": 0, ""C10"": 0, ""C11"": 0, ""C12"": 0, ""C13"": 0, ""C14"": 0, ""C15"": 0, ""C16"": 0, ""C17"": 0, ""C18"": 0, ""C19"": 0, ""C20"": 0, ""C21"": 0, ""C22"": 0, ""C23"": 1595, ""C24"": 0, ""C25"": 0}","{""C01"": 0.02534420094570594, ""C02"": 0.02534420094570594, ""C03"": 0.02534420094570594, ""C04"": 0.02534420094570594, ""C05"": 0.02534420094570594, ""C06"": 0.02534420094570594, ""C07"": 0.02534420094570594, ""C08"": 0.02534420094570594, ""C09"": 0.02534420094570594, ""C10"": 0.02534420094570594, ""C11"": 0.02534420094570594, ""C12"": 0.02534420094570594, ""C13"": 0.02534420094570594, ""C14"": 0.02534420094570594, ""C15"": 0.02534420094570594, ""C16"": 0.02534420094570594, ""C17"": 0.02534420094570594, ""C18"": 0.02534420094570594, ""C19"": 0.02534420094570594, ""C20"": 0.02534420094570594, ""C21"": 0.02534420094570594, ""C22"": 0.02534420094570594, ""C23"": 0.02442051014574115, ""C24"": 0.02534420094570594, ""C25"": 0.02534420094570594}"
15,15,1,452,4.841100,25,"{""C01"": 1.074202, ""C02"": 1.095702, ""C03"": 1.127853, ""C04"": 1.164938, ""C05"": 1.198924, ""C06"": 1.076494, ""C07"": 1.123518, ""C08"": 1.080202, ""C09"": 1.101702, ""C10"": 1.602083, ""C11"": 1.491729, ""C12"": 1.489859, ""C13"": 1.48676, ""C14"": 1.493294, ""C15"": 1.515796, ""C16"": 1.494029, ""C17"": 1.481547, ""C18"": 1.608083, ""C19"": 1.497729, ""C20"": 2.23369, ""C21"": 2.204483, ""C22"": 2.249353, ""C23"": 2.276604, ""C24"": 2.251733, ""C25"": 2.23969}","{""C01"": 0, ""C02"": 0, ""C03"": 0, ""C04"": 0, ""C05"": 0, ""C06"": 0, ""C07"": 0, ""C08"": 0, ""C09"": 0, ""C10"": 0, ""C11"": 0, ""C12"": 0, ""C13"": 0, ""C14"": 0, ""C15"": 0, ""C16"": 0, ""C17"": 0, ""C18"": 0, ""C19"": 0, ""C20"": 0, ""C21"": 0, ""C22"": 0, ""C23"": 1592, ""C24"": 0, ""C25"": 0}","{""C01"": 0.025347891212448417, ""C02"": 0.025347891212448417, ""C03"": 0.025347891212448417, ""C04"": 0.025347891212448417, ""C05"": 0.025347891212448417, ""C06"": 0.025347891212448417, ""C07"": 0.025347891212448417, ""C08"": 0.025347891212448417, ""C09"": 0.025347891212448417, ""C10"": 0.025347891212448417, ""C11"": 0.025347891212448417, ""C12"": 0.025347891212448417, ""C13"": 0.025347891212448417, ""C14"": 0.025347891212448417, ""C15"": 0.025347891212448417, ""C16"": 0.025347891212448417, ""C17"": 0.025347891212448417, ""C18"": 0.025347891212448417, ""C19"": 0.025347891212448417, ""C20"": 0.025347891212448417, ""C21"": 0.025347891212448417, ""C22"": 0.025347891212448417, ""C23"": 0.024425937844711372, ""C24"": 0.025347891212448417, ""C25"": 0.025347891212448417}"
16,16,1,638,6.679468,25,"{""C01"": 1.077599, ""C02"": 1.103278, ""C03"": 1.138043, ""C04"": 1.17495, ""C05"": 1.206047, ""C06"": 1.079184, ""C07"": 1.134038, ""C08"": 1.083599, ""C09"": 1.109278, ""C10"": 1.607254, ""C11"": 1.491864, ""C12"": 1.488227, ""C13"": 1.487459, ""C14"": 1.499328, ""C15"": 1.527659, ""C16"": 1.493455, ""C17"": 1.482504, ""C18"": 1.613254, ""C19"": 1.497864, ""C20"": 2.256716, ""C21"": 2.227058, ""C22"": 2.266635, ""C23"": 2.286239, ""C24"": 2.268312, ""C25"": 2.262716}","{""C01"": 0, ""C02"": 0, ""C03"": 0, ""C04"": 0, ""C05"": 0, ""C06"": 0, ""C07"": 0, ""C08"": 0, ""C09"": 0, ""C10"": 0, ""C11"": 0, ""C12"": 0, ""C13"": 0, ""C14"": 0, ""C15"": 0, ""C16"": 0, ""C17"": 0, ""C18"": 0, ""C19"": 0, ""C20"": 0, ""C21"": 0, ""C22"": 0, ""C23"": 1590, ""C24"": 0, ""C25"": 0}","{""C01"": 0.025350632159017047, ""C02"": 0.025350632159017047, ""C03"": 0.025350632159017047, ""C04"": 0.025350632159017047, ""C05"": 0.025350632159017047, ""C06"": 0.025350632159017047, ""C07"": 0.025350632159017047, ""C08"": 0.025350632159017047, ""C09"": 0.025350632159017047, ""C10"": 0.025350632159017047, ""C11"": 0.025350632159017047, ""C12"": 0.025350632159017047, ""C13"": 0.025350632159017047, ""C14"": 0.025350632159017047, ""C15"": 0.025350632159017047, ""C16"": 0.025350632159017047, ""C17"": 0.025350632159017047, ""C18"": 0.025350632159017047, ""C19"": 0.025350632159017047, ""C20"": 0.025350632159017047, ""C21"": 0.025350632159017047, ""C22"": 0.025350632159017047, ""C23"": 0.02442983683570799, ""C24"": 0.025350632159017047, ""C25"": 0.025350632159017047}"
17,17,1,898,7.898218,25,"{""C01"": 1.082256, ""C02"": 1.111761, ""C03"": 1.148223, ""C04"": 1.1839, ""C05"": 1.211419, ""C06"": 1.08312, ""C07"": 1.144706, ""C08"": 1.088256, ""C09"": 1.117761, ""C10"": 1.609889, ""C11"": 1.49042, ""C12"": 1.486485, ""C13"": 1.489341, ""C14"": 1.50705, ""C15"": 1.540691, ""C16"": 1.491299, ""C17"": 1.484805, ""C18"": 1.615889, ""C19"": 1.49642, ""C20"": 2.279359, ""C21"": 2.247364, ""C22"": 2.28043, ""C23"": 2.292412, ""C24"": 2.28139, ""C25"": 2.285359}","{""C01"": 0, ""C02"": 0, ""C03"": 0, ""C04"": 0, ""C05"": 0, ""C06"": 0, ""C07"": 0, ""C08"": 0, ""C09"": 0, ""C10"": 0, ""C11"": 0, ""C12"": 0, ""C13"": 0, ""C14"": 0, ""C15"": 0, ""C16"": 0, ""C17"": 0, ""C18"": 0, ""C19"": 0, ""C20"": 0, ""C21"": 0, ""C22"": 0, ""C23"": 1264, ""C24"": 0, ""C25"": 325}","{""C01"": 0.025351959460230444, ""C02"": 0.025351959460230444, ""C03"": 0.025351959460230444, ""C04"": 0.025351959460230444, ""C05"": 0.025351959460230444, ""C06"": 0.025351959460230444, ""C07"": 0.025351959460230444, ""C08"": 0.025351959460230444, ""C09"": 0.025351959460230444, ""C10"": 0.025351959460230444, ""C11"": 0.025351959460230444, ""C12"": 0.025351959460230444, ""C13"": 0.025351959460230444, ""C14"": 0.025351959460230444, ""C15"": 0.025351959460230444, ""C16"": 0.025351959460230444, ""C17"": 0.025351959460230444, ""C18"": 0.025351959460230444, ""C19"": 0.025351959460230444, ""C20"": 0.025351959460230444, ""C21"": 0.025351959460230444, ""C22"": 0.025351959460230444, ""C23"": 0.024619957698258685, ""C24"": 0.025351959460230444, ""C25"": 0.02516374605233304}"
18,18,1,653,5.663080,25,"{""C01"": 1.088152, ""C02"": 1.120892, ""C03"": 1.158027, ""C04"": 1.191499, ""C05"": 1.214972, ""C06"": 1.088308, ""C07"": 1.155131, ""C08"": 1.094152, ""C09"": 1.126892, ""C10"": 1.610268, ""C11"": 1.487931, ""C12"": 1.485187, ""C13"": 1.492731, ""C14"": 1.516423, ""C15"": 1.554526, ""C16"": 1.488116, ""C17"": 1.488756, ""C18"": 1.616268, ""C19"": 1.493931, ""C20"": 2.300981, ""C21"": 2.264907, ""C22"": 2.290649, ""C23"": 2.295507, ""C24"": 2.290892, ""C25"": 2.306981}","{""C01"": 0, ""C02"": 0, ""C03"": 0, ""C04"": 0, ""C05"": 0, ""C06"": 0, ""C07"": 0, ""C08"": 0, ""C09"": 0, ""C10"": 0, ""C11"": 0, ""C12"": 0, ""C13"": 0, ""C14"": 0, ""C15"": 0, ""C16"": 0, ""C17"": 0, ""C18"": 0, ""C19"": 0, ""C20"": 497, ""C21"": 0, ""C22"": 0, ""C23"": 0, ""C24"": 0, ""C25"": 1089}","{""C01"": 0.02535588644898991, ""C02"": 0.02535588644898991, ""C03"": 0.02535588644898991, ""C04"": 0.02535588644898991, ""C05"": 0.02535588644898991, ""C06"": 0.02535588644898991, ""C07"": 0.02535588644898991, ""C08"": 0.02535588644898991, ""C09"": 0.02535588644898991, ""C10"": 0.02535588644898991, ""C11"": 0.02535588644898991, ""C12"": 0.02535588644898991, ""C13"": 0.02535588644898991, ""C14"": 0.02535588644898991, ""C15"": 0.02535588644898991, ""C16"": 0.02535588644898991, ""C17"": 0.02535588644898991, ""C18"": 0.02535588644898991, ""C19"": 0.02535588644898991, ""C20"": 0.02506806500843648, ""C21"": 0.02535588644898991, ""C22"": 0.02535588644898991, ""C23"": 0.02535588644898991, ""C24"": 0.02535588644898991, ""C25"": 0.024725230561812712}"
19,19,1,217,2.857783,25,"{""C01"": 1.095167, ""C02"": 1.130349, ""C03"": 1.167093, ""C04"": 1.197523, ""C05"": 1.216734, ""C06"": 1.094651, ""C07"": 1.164918, ""C08"": 1.101167, ""C09"": 1.136349, ""C10"": 1.608781, ""C11"": 1.484965, ""C12"": 1.484825, ""C13"": 1.497833, ""C14"": 1.527278, ""C15"": 1.568718, ""C16"": 1.484494, ""C17"": 1.494537, ""C18"": 1.614781, ""C19"": 1.490965, ""C20"": 2.320952, ""C21"": 2.279312, ""C22"": 2.297374, ""C23"": 2.29605, ""C24"": 2.296917, ""C25"": 2.326952}","{""C01"": 0, ""C02"": 0, ""C03"": 0, ""C04"": 0, ""C05"": 0, ""C06"": 0, ""C07"": 0, ""C08"": 0, ""C09"": 0, ""C10"": 0, ""C11"": 0, ""C12"": 0, ""C13"": 0, ""C14"": 0, ""C15"": 0, ""C16"": 0, ""C17"": 0, ""C18"": 0, ""C19"": 0, ""C20"": 724, ""C21"": 0, ""C22"": 0, ""C23"": 0, ""C24"": 0, ""C25"": 859}","{""C01"": 0.025361736936881388, ""C02"": 0.025361736936881388, ""C03"": 0.025361736936881388, ""C04"": 0.025361736936881388, ""C05"": 0.025361736936881388, ""C06"": 0.025361736936881388, ""C07"": 0.025361736936881388, ""C08"": 0.025361736936881388, ""C09"": 0.025361736936881388, ""C10"": 0.025361736936881388, ""C11"": 0.025361736936881388, ""C12"": 0.025361736936881388, ""C13"": 0.025361736936881388, ""C14"": 0.025361736936881388, ""C15"": 0.025361736936881388, ""C16"": 0.025361736936881388, ""C17"": 0.025361736936881388, ""C18"": 0.025361736936881388, ""C19"": 0.025361736936881388, ""C20"": 0.02494245537590379, ""C21"": 0.025361736936881388, ""C22"": 0.025361736936881388, ""C23"": 0.025361736936881388, ""C24"": 0.025361736936881388, ""C25"": 0.024864277055241947}"
20,20,1,153,1.680744,25,"{""C01"": 1.103096, ""C02"": 1.139777, ""C03"": 1.175087, ""C04"": 1.201826, ""C05"": 1.216825, ""C06"": 1.101971, ""C07"": 1.173694, ""C08"": 1.109096, ""C09"": 1.145777, ""C10"": 1.605906, ""C11"": 1.482091, ""C12"": 1.485808, ""C13"": 1.504714, ""C14"": 1.539325, ""C15"": 1.582768, ""C16"": 1.481021, ""C17"": 1.502185, ""C18"": 1.611906, ""C19"": 1.488091, ""C20"": 2.338698, ""C21"": 2.29035, ""C22"": 2.300853, ""C23"": 2.294672, ""C24"": 2.299729, ""C25"": 2.344698}","{""C01"": 0, ""C02"": 0, ""C03"": 0, ""C04"": 0, ""C05"": 0, ""C06"": 0, ""C07"": 0, ""C08"": 0, ""C09"": 0, ""C10"": 0, ""C11"": 0, ""C12"": 0, ""C13"": 0, ""C14"": 0, ""C15"": 0, ""C16"": 0, ""C17"": 0, ""C18"": 0, ""C19"": 0, ""C20"": 735, ""C21"": 0, ""C22"": 0, ""C23"": 0, ""C24"": 0, ""C25"": 844}","{""C01"": 0.02536637404137157, ""C02"": 0.02536637404137157, ""C03"": 0.02536637404137157, ""C04"": 0.02536637404137157, ""C05"": 0.02536637404137157, ""C06"": 0.02536637404137157, ""C07"": 0.02536637404137157, ""C08"": 0.02536637404137157, ""C09"": 0.02536637404137157, ""C10"": 0.02536637404137157, ""C11"": 0.02536637404137157, ""C12"": 0.02536637404137157, ""C13"": 0.02536637404137157, ""C14"": 0.02536637404137157, ""C15"": 0.02536637404137157, ""C16"": 0.02536637404137157, ""C17"": 0.02536637404137157, ""C18"": 0.02536637404137157, ""C19"": 0.02536637404137157, ""C20"": 0.024940722180434367, ""C21"": 0.02536637404137157, ""C22"": 0.02536637404137157, ""C23"": 0.02536637404137157, ""C24"": 0.02536637404137157, ""C25"": 0.02487760129653171}"
21,21,1,119,1.092404,25,"{""C01"": 1.11166, ""C02"": 1.148803, ""C03"": 1.181728, ""C04"": 1.204358, ""C05"": 1.215455, ""C06"": 1.110009, ""C07"": 1.181139, ""C08"": 1.11766, ""C09"": 1.154803, ""C10"": 1.602178, ""C11"": 1.479845, ""C12"": 1.488431, ""C13"": 1.513304, ""C14"": 1.552172, ""C15"": 1.596161, ""C16"": 1.47825, ""C17"": 1.511595, ""C18"": 1.608178, ""C19"": 1.485845, ""C20"": 2.353737, ""C21"": 2.297957, ""C22"": 2.30149, ""C23"": 2.292081, ""C24"": 2.299747, ""C25"": 2.359737}","{""C01"": 0, ""C02"": 0, ""C03"": 0, ""C04"": 0, ""C05"": 0, ""C06"": 0, ""C07"": 0, ""C08"": 0, ""C09"": 0, ""C10"": 0, ""C11"": 0, ""C12"": 0, ""C13"": 0, ""C14"": 0, ""C15"": 0, ""C16"": 0, ""C17"": 0, ""C18"": 0, ""C19"": 0, ""C20"": 737, ""C21"": 0, ""C22"": 0, ""C23"": 0, ""C24"": 0, ""C25"": 839}","{""C01"": 0.025370487056422655, ""C02"": 0.025370487056422655, ""C03"": 0.025370487056422655, ""C04"": 0.025370487056422655, ""C05"": 0.025370487056422655, ""C06"": 0.025370487056422655, ""C07"": 0.025370487056422655, ""C08"": 0.025370487056422655, ""C09"": 0.025370487056422655, ""C10"": 0.025370487056422655, ""C11"": 0.025370487056422655, ""C12"": 0.025370487056422655, ""C13"": 0.025370487056422655, ""C14"": 0.025370487056422655, ""C15"": 0.025370487056422655, ""C16"": 0.025370487056422655, ""C17"": 0.025370487056422655, ""C18"": 0.025370487056422655, ""C19"": 0.025370487056422655, ""C20"": 0.02494367695912916, ""C21"": 0.025370487056422655, ""C22"": 0.025370487056422655, ""C23"": 0.025370487056422655, ""C24"": 0.025370487056422655, ""C25"": 0.02488460959986226}"
22,22,1,100,0.846820,25,"{""C01"": 1.120528, ""C02"": 1.157066, ""C03"": 1.186803, ""C04"": 1.20516, ""C05"": 1.212908, ""C06"": 1.118454, ""C07"": 1.186995, ""C08"": 1.126528, ""C09"": 1.163066, ""C10"": 1.598164, ""C11"": 1.478702, ""C12"": 1.492866, ""C13"": 1.523402, ""C14"": 1.565354, ""C15"": 1.608398, ""C16"": 1.476671, ""C17"": 1.522532, ""C18"": 1.604164, ""C19"": 1.484702, ""C20"": 2.365711, ""C21"": 2.302237, ""C22"": 2.299824, ""C23"": 2.289015, ""C24"": 2.297523, ""C25"": 2.371711}","{""C01"": 0, ""C02"": 0, ""C03"": 0, ""C04"": 0, ""C05"": 0, ""C06"": 0, ""C07"": 0, ""C08"": 0, ""C09"": 0, ""C10"": 0, ""C11"": 0, ""C12"": 0, ""C13"": 0, ""C14"": 0, ""C15"": 0, ""C16"": 0, ""C17"": 0, ""C18"": 0, ""C19"": 0, ""C20"": 745, ""C21"": 0, ""C22"": 0, ""C23"": 0, ""C24"": 0, ""C25"": 828}","{""C01"": 0.025373362209772432, ""C02"": 0.025373362209772432, ""C03"": 0.025373362209772432, ""C04"": 0.025373362209772432, ""C05"": 0.025373362209772432, ""C06"": 0.025373362209772432, ""C07"": 0.025373362209772432, ""C08"": 0.025373362209772432, ""C09"": 0.025373362209772432, ""C10"": 0.025373362209772432, ""C11"": 0.025373362209772432, ""C12"": 0.025373362209772432, ""C13"": 0.025373362209772432, ""C14"": 0.025373362209772432, ""C15"": 0.025373362209772432, ""C16"": 0.025373362209772432, ""C17"": 0.025373362209772432, ""C18"": 0.025373362209772432, ""C19"": 0.025373362209772432, ""C20"": 0.02494191916705377, ""C21"": 0.025373362209772432, ""C22"": 0.025373362209772432, ""C23"": 0.025373362209772432, ""C24"": 0.025373362209772432, ""C25"": 0.024893855856248037}"
23,23,1,92,0.767302,25,"{""C01"": 1.129334, ""C02"": 1.16424, ""C03"": 1.190183, ""C04"": 1.204368, ""C05"": 1.20953, ""C06"": 1.126955, ""C07"": 1.191094, ""C08"": 1.135334, ""C09"": 1.17024, ""C10"": 1.594423, ""C11"": 1.479041, ""C12"": 1.499147, ""C13"": 1.534692, ""C14"": 1.578363, ""C15"": 1.619029, ""C16"": 1.476676, ""C17"": 1.534641, ""C18"": 1.600423, ""C19"": 1.485041, ""C20"": 2.374414, ""C21"": 2.303461, ""C22"": 2.296497, ""C23"": 2.286203, ""C24"": 2.293712, ""C25"": 2.380414}","{""C01"": 0, ""C02"": 0, ""C03"": 0, ""C04"": 0, ""C05"": 0, ""C06"": 0, ""C07"": 0, ""C08"": 0, ""C09"": 0, ""C10"": 0, ""C11"": 0, ""C12"": 0, ""C13"": 0, ""C14"": 0, ""C15"": 0, ""C16"": 0, ""C17"": 0, ""C18"": 0, ""C19"": 0, ""C20"": 747, ""C21"": 0, ""C22"": 0, ""C23"": 0, ""C24"": 0, ""C25"": 824}","{""C01"": 0.025375543152098626, ""C02"": 0.025375543152098626, ""C03"": 0.025375543152098626, ""C04"": 0.025375543152098626, ""C05"": 0.025375543152098626, ""C06"": 0.025375543152098626, ""C07"": 0.025375543152098626, ""C08"": 0.025375543152098626, ""C09"": 0.025375543152098626, ""C10"": 0.025375543152098626, ""C11"": 0.025375543152098626, ""C12"": 0.025375543152098626, ""C13"": 0.025375543152098626, ""C14"": 0.025375543152098626, ""C15"": 0.025375543152098626, ""C16"": 0.025375543152098626, ""C17"": 0.025375543152098626, ""C18"": 0.025375543152098626, ""C19"": 0.025375543152098626, ""C20"": 0.02494294221357844, ""C21"": 0.025375543152098626, ""C22"": 0.025375543152098626, ""C23"": 0.025375543152098626, ""C24"": 0.025375543152098626, ""C25"": 0.024898353565680823}"
24,24,1,86,1.002197,25,"{""C01"": 1.137705, ""C02"": 1.170051, ""C03"": 1.191831, ""C04"": 1.202206, ""C05"": 1.205705, ""C06"": 1.135149, ""C07"": 1.19336, ""C08"": 1.143705, ""C09"": 1.176051, ""C10"": 1.591477, ""C11"": 1.481132, ""C12"": 1.507173, ""C13"": 1.546759, ""C14"": 1.590678, ""C15"": 1.627681, ""C16"": 1.478545, ""C17"": 1.547473, ""C18"": 1.597477, ""C19"": 1.487132, ""C20"": 2.379807, ""C21"": 2.302056, ""C22"": 2.292216, ""C23"": 2.284322, ""C24"": 2.289032, ""C25"": 2.385807}","{""C01"": 0, ""C02"": 0, ""C03"": 0, ""C04"": 0, ""C05"": 0, ""C06"": 0, ""C07"": 0, ""C08"": 0, ""C09"": 0, ""C10"": 0, ""C11"": 0, ""C12"": 0, ""C13"": 0, ""C14"": 0, ""C15"": 0, ""C16"": 0, ""C17"": 0, ""C18"": 0, ""C19"": 0, ""C20"": 752, ""C21"": 0, ""C22"": 0, ""C23"": 0, ""C24"": 0, ""C25"": 818}","{""C01"": 0.025377020158059704, ""C02"": 0.025377020158059704, ""C03"": 0.025377020158059704, ""C04"": 0.025377020158059704, ""C05"": 0.025377020158059704, ""C06"": 0.025377020158059704, ""C07"": 0.025377020158059704, ""C08"": 0.025377020158059704, ""C09"": 0.025377020158059704, ""C10"": 0.025377020158059704, ""C11"": 0.025377020158059704, ""C12"": 0.025377020158059704, ""C13"": 0.025377020158059704, ""C14"": 0.025377020158059704, ""C15"": 0.025377020158059704, ""C16"": 0.025377020158059704, ""C17"": 0.025377020158059704, ""C18"": 0.025377020158059704, ""C19"": 0.025377020158059704, ""C20"": 0.024941523571486848, ""C21"": 0.025377020158059704, ""C22"": 0.025377020158059704, ""C23"": 0.025377020158059704, ""C24"": 0.025377020158059704, ""C25"": 0.024903305097935313}"
25,25,1,83,1.221377,25,"{""C01"": 1.14528, ""C02"": 1.1743, ""C03"": 1.191805, ""C04"": 1.19897, ""C05"": 1.20183, ""C06"": 1.142683, ""C07"": 1.193819, ""C08"": 1.15128, ""C09"": 1.1803, ""C10"": 1.589778, ""C11"": 1.485113, ""C12"": 1.516714, ""C13"": 1.559124, ""C14"": 1.601803, ""C15"": 1.634086, ""C16"": 1.482421, ""C17"": 1.560514, ""C18"": 1.595778, ""C19"": 1.491113, ""C20"": 2.382019, ""C21"": 2.298574, ""C22"": 2.287715, ""C23"": 2.283953, ""C24"": 2.284227, ""C25"": 2.388019}","{""C01"": 0, ""C02"": 0, ""C03"": 0, ""C04"": 0, ""C05"": 0, ""C06"": 0, ""C07"": 0, ""C08"": 0, ""C09"": 0, ""C10"": 0, ""C11"": 0, ""C12"": 0, ""C13"": 0, ""C14"": 0, ""C15"": 0, ""C16"": 0, ""C17"": 0, ""C18"": 0, ""C19"": 0, ""C20"": 755, ""C21"": 0, ""C22"": 0, ""C23"": 0, ""C24"": 0, ""C25"": 815}","{""C01"": 0.02537786111696297, ""C02"": 0.02537786111696297, ""C03"": 0.02537786111696297, ""C04"": 0.02537786111696297, ""C05"": 0.02537786111696297, ""C06"": 0.02537786111696297, ""C07"": 0.02537786111696297, ""C08"": 0.02537786111696297, ""C09"": 0.02537786111696297, ""C10"": 0.02537786111696297, ""C11"": 0.02537786111696297, ""C12"": 0.02537786111696297, ""C13"": 0.02537786111696297, ""C14"": 0.02537786111696297, ""C15"": 0.02537786111696297, ""C16"": 0.02537786111696297, ""C17"": 0.02537786111696297, ""C18"": 0.02537786111696297, ""C19"": 0.02537786111696297, ""C20"": 0.024940626892462847, ""C21"": 0.02537786111696297, ""C22"": 0.02537786111696297, ""C23"": 0.02537786111696297, ""C24"": 0.02537786111696297, ""C25"": 0.024905882677113113}"
26,26,1,80,1.181529,25,"{""C01"": 1.15174, ""C02"": 1.176872, ""C03"": 1.190259, ""C04"": 1.19501, ""C05"": 1.198298, ""C06"": 1.149238, ""C07"": 1.192599, ""C08"": 1.15774, ""C09"": 1.182872, ""C10"": 1.589682, ""C11"": 1.490988, ""C12"": 1.527427, ""C13"": 1.571267, ""C14"": 1.611297, ""C15"": 1.638096, ""C16"": 1.488312, ""C17"": 1.573215, ""C18"": 1.595682, ""C19"": 1.496988, ""C20"": 2.381348, ""C21"": 2.293668, ""C22"": 2.283706, ""C23"": 2.285556, ""C24"": 2.280014, ""C25"": 2.387348}","{""C01"": 0, ""C02"": 0, ""C03"": 0, ""C04"": 0, ""C05"": 0, ""C06"": 0, ""C07"": 0, ""C08"": 0, ""C09"": 0, ""C10"": 0, ""C11"": 0, ""C12"": 0, ""C13"": 0, ""C14"": 0, ""C15"": 0, ""C16"": 0, ""C17"": 0, ""C18"": 0, ""C19"": 0, ""C20"": 754, ""C21"": 0, ""C22"": 0, ""C23"": 0, ""C24"": 0, ""C25"": 816}","{""C01"": 0.025377606267125527, ""C02"": 0.025377606267125527, ""C03"": 0.025377606267125527, ""C04"": 0.025377606267125527, ""C05"": 0.025377606267125527, ""C06"": 0.025377606267125527, ""C07"": 0.025377606267125527, ""C08"": 0.025377606267125527, ""C09"": 0.025377606267125527, ""C10"": 0.025377606267125527, ""C11"": 0.025377606267125527, ""C12"": 0.025377606267125527, ""C13"": 0.025377606267125527, ""C14"": 0.025377606267125527, ""C15"": 0.025377606267125527, ""C16"": 0.025377606267125527, ""C17"": 0.025377606267125527, ""C18"": 0.025377606267125527, ""C19"": 0.025377606267125527, ""C20"": 0.024940951160803554, ""C21"": 0.025377606267125527, ""C22"": 0.025377606267125527, ""C23"": 0.025377606267125527, ""C24"": 0.025377606267125527, ""C25"": 0.02490504893136498}"
27,27,1,79,1.228074,25,"{""C01"": 1.156824, ""C02"": 1.177749, ""C03"": 1.187427, ""C04"": 1.190714, ""C05"": 1.195469, ""C06"": 1.154551, ""C07"": 1.189918, ""C08"": 1.162824, ""C09"": 1.183749, ""C10"": 1.59143, ""C11"": 1.498624, ""C12"": 1.538879, ""C13"": 1.582668, ""C14"": 1.618803, ""C15"": 1.639695, ""C16"": 1.496085, ""C17"": 1.585031, ""C18"": 1.59743, ""C19"": 1.504624, ""C20"": 2.378241, ""C21"": 2.288045, ""C22"": 2.280845, ""C23"": 2.289434, ""C24"": 2.277054, ""C25"": 2.384241}","{""C01"": 0, ""C02"": 0, ""C03"": 0, ""C04"": 0, ""C05"": 0, ""C06"": 0, ""C07"": 0, ""C08"": 0, ""C09"": 0, ""C10"": 0, ""C11"": 0, ""C12"": 0, ""C13"": 0, ""C14"": 0, ""C15"": 0, ""C16"": 0, ""C17"": 0, ""C18"": 0, ""C19"": 0, ""C20"": 765, ""C21"": 0, ""C22"": 0, ""C23"": 0, ""C24"": 0, ""C25"": 806}","{""C01"": 0.025376983040645062, ""C02"": 0.025376983040645062, ""C03"": 0.025376983040645062, ""C04"": 0.025376983040645062, ""C05"": 0.025376983040645062, ""C06"": 0.025376983040645062, ""C07"": 0.025376983040645062, ""C08"": 0.025376983040645062, ""C09"": 0.025376983040645062, ""C10"": 0.025376983040645062, ""C11"": 0.025376983040645062, ""C12"": 0.025376983040645062, ""C13"": 0.025376983040645062, ""C14"": 0.025376983040645062, ""C15"": 0.025376983040645062, ""C16"": 0.025376983040645062, ""C17"": 0.025376983040645062, ""C18"": 0.025376983040645062, ""C19"": 0.025376983040645062, ""C20"": 0.024933957634363485, ""C21"": 0.025376983040645062, ""C22"": 0.025376983040645062, ""C23"": 0.025376983040645062, ""C24"": 0.025376983040645062, ""C25"": 0.02491021636095192}"
28,28,1,87,0.808137,25,"{""C01"": 1.160344, ""C02"": 1.177005, ""C03"": 1.183617, ""C04"": 1.186478, ""C05"": 1.193647, ""C06"": 1.158424, ""C07"": 1.186074, ""C08"": 1.166344, ""C09"": 1.183005, ""C10"": 1.595128, ""C11"": 1.507765, ""C12"": 1.550576, ""C13"": 1.592834, ""C14"": 1.624071, ""C15"": 1.639001, ""C16"": 1.505479, ""C17"": 1.595452, ""C18"": 1.601128, ""C19"": 1.513765, ""C20"": 2.373266, ""C21"": 2.282432, ""C22"": 2.279685, ""C23"": 2.295722, ""C24"": 2.275903, ""C25"": 2.379266}","{""C01"": 0, ""C02"": 0, ""C03"": 0, ""C04"": 0, ""C05"": 0, ""C06"": 0, ""C07"": 0, ""C08"": 0, ""C09"": 0, ""C10"": 0, ""C11"": 0, ""C12"": 0, ""C13"": 0, ""C14"": 0, ""C15"": 0, ""C16"": 0, ""C17"": 0, ""C18"": 0, ""C19"": 0, ""C20"": 752, ""C21"": 0, ""C22"": 0, ""C23"": 0, ""C24"": 0, ""C25"": 820}","{""C01"": 0.025375676388053728, ""C02"": 0.025375676388053728, ""C03"": 0.025375676388053728, ""C04"": 0.025375676388053728, ""C05"": 0.025375676388053728, ""C06"": 0.025375676388053728, ""C07"": 0.025375676388053728, ""C08"": 0.025375676388053728, ""C09"": 0.025375676388053728, ""C10"": 0.025375676388053728, ""C11"": 0.025375676388053728, ""C12"": 0.025375676388053728, ""C13"": 0.025375676388053728, ""C14"": 0.025375676388053728, ""C15"": 0.025375676388053728, ""C16"": 0.025375676388053728, ""C17"": 0.025375676388053728, ""C18"": 0.025375676388053728, ""C19"": 0.025375676388053728, ""C20"": 0.024940179518088045, ""C21"": 0.025375676388053728, ""C22"": 0.025375676388053728, ""C23"": 0.025375676388053728, ""C24"": 0.025375676388053728, ""C25"": 0.024900802064736847}"
29,29,1,104,0.863101,25,"{""C01"": 1.162204, ""C02"": 1.174808, ""C03"": 1.179187, ""C04"": 1.182687, ""C05"": 1.193069, ""C06"": 1.16075, ""C07"": 1.181428, ""C08"": 1.168204, ""C09"": 1.180808, ""C10"": 1.60075, ""C11"": 1.518043, ""C12"": 1.561993, ""C13"": 1.601336, ""C14"": 1.626976, ""C15"": 1.636259, ""C16"": 1.516119, ""C17"": 1.604036, ""C18"": 1.60675, ""C19"": 1.524043, ""C20"": 2.367084, ""C21"": 2.27753, ""C22"": 2.280649, ""C23"": 2.304382, ""C24"": 2.276984, ""C25"": 2.373084}","{""C01"": 0, ""C02"": 0, ""C03"": 0, ""C04"": 0, ""C05"": 0, ""C06"": 0, ""C07"": 0, ""C08"": 0, ""C09"": 0, ""C10"": 0, ""C11"": 0, ""C12"": 0, ""C13"": 0, ""C14"": 0, ""C15"": 0, ""C16"": 0, ""C17"": 0, ""C18"": 0, ""C19"": 0, ""C20"": 756, ""C21"": 0, ""C22"": 0, ""C23"": 0, ""C24"": 0, ""C25"": 817}","{""C01"": 0.025373874984302686, ""C02"": 0.025373874984302686, ""C03"": 0.025373874984302686, ""C04"": 0.025373874984302686, ""C05"": 0.025373874984302686, ""C06"": 0.025373874984302686, ""C07"": 0.025373874984302686, ""C08"": 0.025373874984302686, ""C09"": 0.025373874984302686, ""C10"": 0.025373874984302686, ""C11"": 0.025373874984302686, ""C12"": 0.025373874984302686, ""C13"": 0.025373874984302686, ""C14"": 0.025373874984302686, ""C15"": 0.025373874984302686, ""C16"": 0.025373874984302686, ""C17"": 0.025373874984302686, ""C18"": 0.025373874984302686, ""C19"": 0.025373874984302686, ""C20"": 0.02493606164162442, ""C21"": 0.025373874984302686, ""C22"": 0.025373874984302686, ""C23"": 0.025373874984302686, ""C24"": 0.025373874984302686, ""C25"": 0.024900738509616716}"
30,30,1,128,1.055395,25,"{""C01"": 1.162401, ""C02"": 1.171408, ""C03"": 1.174524, ""C04"": 1.17969, ""C05"": 1.193883, ""C06"": 1.161508, ""C07"": 1.176379, ""C08"": 1.168401, ""C09"": 1.177408, ""C10"": 1.608135, ""C11"": 1.529008, ""C12"": 1.572607, ""C13"": 1.607834, ""C14"": 1.627526, ""C15"": 1.631828, ""C16"": 1.527545, ""C17"": 1.61044, ""C18"": 1.614135, ""C19"": 1.535008, ""C20"": 2.360405, ""C21"": 2.273968, ""C22"": 2.284004, ""C23"": 2.3152, ""C24"": 2.28056, ""C25"": 2.366405}","{""C01"": 0, ""C02"": 0, ""C03"": 0, ""C04"": 0, ""C05"": 0, ""C06"": 0, ""C07"": 0, ""C08"": 0, ""C09"": 0, ""C10"": 0, ""C11"": 0, ""C12"": 0, ""C13"": 0, ""C14"": 0, ""C15"": 0, ""C16"": 0, ""C17"": 0, ""C18"": 0, ""C19"": 0, ""C20"": 739, ""C21"": 0, ""C22"": 0, ""C23"": 0, ""C24"": 0, ""C25"": 835}","{""C01"": 0.025371904186401728, ""C02"": 0.025371904186401728, ""C03"": 0.025371904186401728, ""C04"": 0.025371904186401728, ""C05"": 0.025371904186401728, ""C06"": 0.025371904186401728, ""C07"": 0.025371904186401728, ""C08"": 0.025371904186401728, ""C09"": 0.025371904186401728, ""C10"": 0.025371904186401728, ""C11"": 0.025371904186401728, ""C12"": 0.025371904186401728, ""C13"": 0.025371904186401728, ""C14"": 0.025371904186401728, ""C15"": 0.025371904186401728, ""C16"": 0.025371904186401728, ""C17"": 0.025371904186401728, ""C18"": 0.025371904186401728, ""C19"": 0.025371904186401728, ""C20"": 0.024943936139738852, ""C21"": 0.025371904186401728, ""C22"": 0.025371904186401728, ""C23"": 0.025371904186401728, ""C24"": 0.025371904186401728, ""C25"": 0.024888344168283245}"
31,31,1,199,1.965166,25,"{""C01"": 1.161028, ""C02"": 1.167122, ""C03"": 1.170025, ""C04"": 1.177779, ""C05"": 1.196143, ""C06"": 1.160772, ""C07"": 1.171343, ""C08"": 1.167028, ""C09"": 1.173122, ""C10"": 1.616998, ""C11"": 1.540154, ""C12"": 1.581935, ""C13"": 1.612098, ""C14"": 1.625861, ""C15"": 1.626159, ""C16"": 1.539237, ""C17"": 1.614439, ""C18"": 1.622998, ""C19"": 1.546154, ""C20"": 2.353949, ""C21"": 2.272273, ""C22"": 2.289845, ""C23"": 2.327807, ""C24"": 2.286722, ""C25"": 2.359949}","{""C01"": 0, ""C02"": 0, ""C03"": 0, ""C04"": 0, ""C05"": 0, ""C06"": 0, ""C07"": 0, ""C08"": 0, ""C09"": 0, ""C10"": 0, ""C11"": 0, ""C12"": 0, ""C13"": 0, ""C14"": 0, ""C15"": 0, ""C16"": 0, ""C17"": 0, ""C18"": 0, ""C19"": 0, ""C20"": 700, ""C21"": 0, ""C22"": 0, ""C23"": 0, ""C24"": 0, ""C25"": 876}","{""C01"": 0.02537062392241507, ""C02"": 0.02537062392241507, ""C03"": 0.02537062392241507, ""C04"": 0.02537062392241507, ""C05"": 0.02537062392241507, ""C06"": 0.02537062392241507, ""C07"": 0.02537062392241507, ""C08"": 0.02537062392241507, ""C09"": 0.02537062392241507, ""C10"": 0.02537062392241507, ""C11"": 0.02537062392241507, ""C12"": 0.02537062392241507, ""C13"": 0.02537062392241507, ""C14"": 0.02537062392241507, ""C15"": 0.02537062392241507, ""C16"": 0.02537062392241507, ""C17"": 0.02537062392241507, ""C18"": 0.02537062392241507, ""C19"": 0.02537062392241507, ""C20"": 0.02496524119771297, ""C21"": 0.02537062392241507, ""C22"": 0.02537062392241507, ""C23"": 0.02537062392241507, ""C24"": 0.02537062392241507, ""C25"": 0.02486331886920446}"
32,32,1,547,5.971086,25,"{""C01"": 1.158268, ""C02"": 1.162313, ""C03"": 1.166067, ""C04"": 1.17717, ""C05"": 1.199807, ""C06"": 1.158701, ""C07"": 1.166726, ""C08"": 1.164268, ""C09"": 1.168313, ""C10"": 1.626952, ""C11"": 1.550951, ""C12"": 1.58956, ""C13"": 1.614027, ""C14"": 1.62225, ""C15"": 1.619768, ""C16"": 1.55065, ""C17"": 1.615943, ""C18"": 1.632952, ""C19"": 1.556951, ""C20"": 2.3484, ""C21"": 2.272832, ""C22"": 2.298091, ""C23"": 2.341704, ""C24"": 2.295382, ""C25"": 2.3544}","{""C01"": 0, ""C02"": 0, ""C03"": 0, ""C04"": 0, ""C05"": 0, ""C06"": 0, ""C07"": 0, ""C08"": 0, ""C09"": 0, ""C10"": 0, ""C11"": 0, ""C12"": 0, ""C13"": 0, ""C14"": 0, ""C15"": 0, ""C16"": 0, ""C17"": 0, ""C18"": 0, ""C19"": 0, ""C20"": 529, ""C21"": 0, ""C22"": 0, ""C23"": 0, ""C24"": 0, ""C25"": 1047}","{""C01"": 0.02536872144645301, ""C02"": 0.02536872144645301, ""C03"": 0.02536872144645301, ""C04"": 0.02536872144645301, ""C05"": 0.02536872144645301, ""C06"": 0.02536872144645301, ""C07"": 0.02536872144645301, ""C08"": 0.02536872144645301, ""C09"": 0.02536872144645301, ""C10"": 0.02536872144645301, ""C11"": 0.02536872144645301, ""C12"": 0.02536872144645301, ""C13"": 0.02536872144645301, ""C14"": 0.02536872144645301, ""C15"": 0.02536872144645301, ""C16"": 0.02536872144645301, ""C17"": 0.02536872144645301, ""C18"": 0.02536872144645301, ""C19"": 0.02536872144645301, ""C20"": 0.025062368209492095, ""C21"": 0.02536872144645301, ""C22"": 0.02536872144645301, ""C23"": 0.02536872144645301, ""C24"": 0.02536872144645301, ""C25"": 0.02476238837662721}"
33,33,1,559,4.697724,25,"{""C01"": 1.154384, ""C02"": 1.157373, ""C03"": 1.162987, ""C04"": 1.177993, ""C05"": 1.204739, ""C06"": 1.155534, ""C07"": 1.1629, ""C08"": 1.160384, ""C09"": 1.163373, ""C10"": 1.637529, ""C11"": 1.56088, ""C12"": 1.59516, ""C13"": 1.613652, ""C14"": 1.617067, ""C15"": 1.613204, ""C16"": 1.561247, ""C17"": 1.615001, ""C18"": 1.643529, ""C19"": 1.56688, ""C20"": 2.344367, ""C21"": 2.275875, ""C22"": 2.308494, ""C23"": 2.356288, ""C24"": 2.306282, ""C25"": 2.350367}","{""C01"": 0, ""C02"": 0, ""C03"": 0, ""C04"": 0, ""C05"": 0, ""C06"": 0, ""C07"": 0, ""C08"": 0, ""C09"": 0, ""C10"": 0, ""C11"": 0, ""C12"": 0, ""C13"": 0, ""C14"": 0, ""C15"": 0, ""C16"": 0, ""C17"": 0, ""C18"": 0, ""C19"": 0, ""C20"": 0, ""C21"": 0, ""C22"": 0, ""C23"": 1048, ""C24"": 0, ""C25"": 528}","{""C01"": 0.025369467231534742, ""C02"": 0.025369467231534742, ""C03"": 0.025369467231534742, ""C04"": 0.025369467231534742, ""C05"": 0.025369467231534742, ""C06"": 0.025369467231534742, ""C07"": 0.025369467231534742, ""C08"": 0.025369467231534742, ""C09"": 0.025369467231534742, ""C10"": 0.025369467231534742, ""C11"": 0.025369467231534742, ""C12"": 0.025369467231534742, ""C13"": 0.025369467231534742, ""C14"": 0.025369467231534742, ""C15"": 0.025369467231534742, ""C16"": 0.025369467231534742, ""C17"": 0.025369467231534742, ""C18"": 0.025369467231534742, ""C19"": 0.025369467231534742, ""C20"": 0.025369467231534742, ""C21"": 0.025369467231534742, ""C22"": 0.025369467231534742, ""C23"": 0.02476255436612287, ""C24"": 0.025369467231534742, ""C25"": 0.025063692833473733}"
34,34,1,510,4.312841,25,"{""C01"": 1.149703, ""C02"": 1.152692, ""C03"": 1.161061, ""C04"": 1.18028, ""C05"": 1.210716, ""C06"": 1.151571, ""C07"": 1.16018, ""C08"": 1.155703, ""C09"": 1.158692, ""C10"": 1.648214, ""C11"": 1.569464, ""C12"": 1.598527, ""C13"": 1.61114, ""C14"": 1.610778, ""C15"": 1.607016, ""C16"": 1.570531, ""C17"": 1.611807, ""C18"": 1.654214, ""C19"": 1.575464, ""C20"": 2.342345, ""C21"": 2.281457, ""C22"": 2.320652, ""C23"": 2.3709, ""C24"": 2.319009, ""C25"": 2.348345}","{""C01"": 0, ""C02"": 0, ""C03"": 0, ""C04"": 0, ""C05"": 0, ""C06"": 0, ""C07"": 0, ""C08"": 0, ""C09"": 0, ""C10"": 0, ""C11"": 0, ""C12"": 0, ""C13"": 0, ""C14"": 0, ""C15"": 0, ""C16"": 0, ""C17"": 0, ""C18"": 0, ""C19"": 0, ""C20"": 0, ""C21"": 0, ""C22"": 0, ""C23"": 1571, ""C24"": 0, ""C25"": 0}","{""C01"": 0.025372982940680966, ""C02"": 0.025372982940680966, ""C03"": 0.025372982940680966, ""C04"": 0.025372982940680966, ""C05"": 0.025372982940680966, ""C06"": 0.025372982940680966, ""C07"": 0.025372982940680966, ""C08"": 0.025372982940680966, ""C09"": 0.025372982940680966, ""C10"": 0.025372982940680966, ""C11"": 0.025372982940680966, ""C12"": 0.025372982940680966, ""C13"": 0.025372982940680966, ""C14"": 0.025372982940680966, ""C15"": 0.025372982940680966, ""C16"": 0.025372982940680966, ""C17"": 0.025372982940680966, ""C18"": 0.025372982940680966, ""C19"": 0.025372982940680966, ""C20"": 0.025372982940680966, ""C21"": 0.025372982940680966, ""C22"": 0.025372982940680966, ""C23"": 0.024463192241724992, ""C24"": 0.025372982940680966, ""C25"": 0.025372982940680966}"
35,35,1,331,3.003500,25,"{""C01"": 1.144594, ""C02"": 1.148642, ""C03"": 1.160489, ""C04"": 1.18397, ""C05"": 1.217447, ""C06"": 1.147157, ""C07"": 1.158807, ""C08"": 1.150594, ""C09"": 1.154642, ""C10"": 1.658475, ""C11"": 1.576303, ""C12"": 1.599585, ""C13"": 1.606777, ""C14"": 1.603904, ""C15"": 1.601722, ""C16"": 1.578083, ""C17"": 1.606674, ""C18"": 1.664475, ""C19"": 1.582303, ""C20"": 2.342688, ""C21"": 2.28946, ""C22"": 2.334036, ""C23"": 2.384858, ""C24"": 2.333021, ""C25"": 2.348688}","{""C01"": 0, ""C02"": 0, ""C03"": 0, ""C04"": 0, ""C05"": 0, ""C06"": 0, ""C07"": 0, ""C08"": 0, ""C09"": 0, ""C10"": 0, ""C11"": 0, ""C12"": 0, ""C13"": 0, ""C14"": 0, ""C15"": 0, ""C16"": 0, ""C17"": 0, ""C18"": 0, ""C19"": 0, ""C20"": 0, ""C21"": 0, ""C22"": 0, ""C23"": 1569, ""C24"": 0, ""C25"": 0}","{""C01"": 0.025377175350153505, ""C02"": 0.025377175350153505, ""C03"": 0.025377175350153505, ""C04"": 0.025377175350153505, ""C05"": 0.025377175350153505, ""C06"": 0.025377175350153505, ""C07"": 0.025377175350153505, ""C08"": 0.025377175350153505, ""C09"": 0.025377175350153505, ""C10"": 0.025377175350153505, ""C11"": 0.025377175350153505, ""C12"": 0.025377175350153505, ""C13"": 0.025377175350153505, ""C14"": 0.025377175350153505, ""C15"": 0.025377175350153505, ""C16"": 0.025377175350153505, ""C17"": 0.025377175350153505, ""C18"": 0.025377175350153505, ""C19"": 0.025377175350153505, ""C20"": 0.025377175350153505, ""C21"": 0.025377175350153505, ""C22"": 0.025377175350153505, ""C23"": 0.024468541414156462, ""C24"": 0.025377175350153505, ""C25"": 0.025377175350153505}"
36,36,1,270,2.345855,25,"{""C01"": 1.139449, ""C02"": 1.145548, ""C03"": 1.161379, ""C04"": 1.188905, ""C05"": 1.224585, ""C06"": 1.142657, ""C07"": 1.158933, ""C08"": 1.145449, ""C09"": 1.151548, ""C10"": 1.667795, ""C11"": 1.581092, ""C12"": 1.59839, ""C13"": 1.600958, ""C14"": 1.596995, ""C15"": 1.597772, ""C16"": 1.583577, ""C17"": 1.600033, ""C18"": 1.673795, ""C19"": 1.587092, ""C20"": 2.345589, ""C21"": 2.299599, ""C22"": 2.348029, ""C23"": 2.397508, ""C24"": 2.347688, ""C25"": 2.351589}","{""C01"": 0, ""C02"": 0, ""C03"": 0, ""C04"": 0, ""C05"": 0, ""C06"": 0, ""C07"": 0, ""C08"": 0, ""C09"": 0, ""C10"": 0, ""C11"": 0, ""C12"": 0, ""C13"": 0, ""C14"": 0, ""C15"": 0, ""C16"": 0, ""C17"": 0, ""C18"": 0, ""C19"": 0, ""C20"": 0, ""C21"": 0, ""C22"": 0, ""C23"": 1566, ""C24"": 0, ""C25"": 0}","{""C01"": 0.025380249560732857, ""C02"": 0.025380249560732857, ""C03"": 0.025380249560732857, ""C04"": 0.025380249560732857, ""C05"": 0.025380249560732857, ""C06"": 0.025380249560732857, ""C07"": 0.025380249560732857, ""C08"": 0.025380249560732857, ""C09"": 0.025380249560732857, ""C10"": 0.025380249560732857, ""C11"": 0.025380249560732857, ""C12"": 0.025380249560732857, ""C13"": 0.025380249560732857, ""C14"": 0.025380249560732857, ""C15"": 0.025380249560732857, ""C16"": 0.025380249560732857, ""C17"": 0.025380249560732857, ""C18"": 0.025380249560732857, ""C19"": 0.025380249560732857, ""C20"": 0.025380249560732857, ""C21"": 0.025380249560732857, ""C22"": 0.025380249560732857, ""C23"": 0.02447335359623798, ""C24"": 0.025380249560732857, ""C25"": 0.025380249560732857}"
37,37,1,269,2.399950,25,"{""C01"": 1.134656, ""C02"": 1.14367, ""C03"": 1.163745, ""C04"": 1.194848, ""C05"": 1.231757, ""C06"": 1.138437, ""C07"": 1.16061, ""C08"": 1.140656, ""C09"": 1.14967, ""C10"": 1.675709, ""C11"": 1.58365, ""C12"": 1.595131, ""C13"": 1.594158, ""C14"": 1.590597, ""C15"": 1.595527, ""C16"": 1.586812, ""C17"": 1.592395, ""C18"": 1.681709, ""C19"": 1.58965, ""C20"": 2.351063, ""C21"": 2.311441, ""C22"": 2.361958, ""C23"": 2.40826, ""C24"": 2.362321, ""C25"": 2.357063}","{""C01"": 0, ""C02"": 0, ""C03"": 0, ""C04"": 0, ""C05"": 0, ""C06"": 0, ""C07"": 0, ""C08"": 0, ""C09"": 0, ""C10"": 0, ""C11"": 0, ""C12"": 0, ""C13"": 0, ""C14"": 0, ""C15"": 0, ""C16"": 0, ""C17"": 0, ""C18"": 0, ""C19"": 0, ""C20"": 0, ""C21"": 0, ""C22"": 0, ""C23"": 1564, ""C24"": 0, ""C25"": 0}","{""C01"": 0.025383155720843126, ""C02"": 0.025383155720843126, ""C03"": 0.025383155720843126, ""C04"": 0.025383155720843126, ""C05"": 0.025383155720843126, ""C06"": 0.025383155720843126, ""C07"": 0.025383155720843126, ""C08"": 0.025383155720843126, ""C09"": 0.025383155720843126, ""C10"": 0.025383155720843126, ""C11"": 0.025383155720843126, ""C12"": 0.025383155720843126, ""C13"": 0.025383155720843126, ""C14"": 0.025383155720843126, ""C15"": 0.025383155720843126, ""C16"": 0.025383155720843126, ""C17"": 0.025383155720843126, ""C18"": 0.025383155720843126, ""C19"": 0.025383155720843126, ""C20"": 0.025383155720843126, ""C21"": 0.025383155720843126, ""C22"": 0.025383155720843126, ""C23"": 0.024477417648423226, ""C24"": 0.025383155720843126, ""C25"": 0.025383155720843126}"
38,38,1,296,2.565159,25,"{""C01"": 1.130578, ""C02"": 1.143189, ""C03"": 1.167504, ""C04"": 1.201494, ""C05"": 1.238579, ""C06"": 1.13484, ""C07"": 1.163793, ""C08"": 1.136578, ""C09"": 1.149189, ""C10"": 1.681833, ""C11"": 1.583922, ""C12"": 1.590116, ""C13"": 1.586908, ""C14"": 1.585212, ""C15"": 1.595233, ""C16"": 1.587712, ""C17"": 1.584327, ""C18"": 1.687833, ""C19"": 1.589922, ""C20"": 2.358957, ""C21"": 2.324435, ""C22"": 2.37514, ""C23"": 2.416631, ""C24"": 2.376221, ""C25"": 2.364957}","{""C01"": 0, ""C02"": 0, ""C03"": 0, ""C04"": 0, ""C05"": 0, ""C06"": 0, ""C07"": 0, ""C08"": 0, ""C09"": 0, ""C10"": 0, ""C11"": 0, ""C12"": 0, ""C13"": 0, ""C14"": 0, ""C15"": 0, ""C16"": 0, ""C17"": 0, ""C18"": 0, ""C19"": 0, ""C20"": 0, ""C21"": 0, ""C22"": 0, ""C23"": 1562, ""C24"": 0, ""C25"": 0}","{""C01"": 0.025385144526385836, ""C02"": 0.025385144526385836, ""C03"": 0.025385144526385836, ""C04"": 0.025385144526385836, ""C05"": 0.025385144526385836, ""C06"": 0.025385144526385836, ""C07"": 0.025385144526385836, ""C08"": 0.025385144526385836, ""C09"": 0.025385144526385836, ""C10"": 0.025385144526385836, ""C11"": 0.025385144526385836, ""C12"": 0.025385144526385836, ""C13"": 0.025385144526385836, ""C14"": 0.025385144526385836, ""C15"": 0.025385144526385836, ""C16"": 0.025385144526385836, ""C17"": 0.025385144526385836, ""C18"": 0.025385144526385836, ""C19"": 0.025385144526385836, ""C20"": 0.025385144526385836, ""C21"": 0.025385144526385836, ""C22"": 0.025385144526385836, ""C23"": 0.024480565156233414, ""C24"": 0.025385144526385836, ""C25"": 0.025385144526385836}"
39,39,1,373,3.300001,25,"{""C01"": 1.127526, ""C02"": 1.144194, ""C03"": 1.17248, ""C04"": 1.208487, ""C05"": 1.244687, ""C06"": 1.132158, ""C07"": 1.168336, ""C08"": 1.133526, ""C09"": 1.150194, ""C10"": 1.685883, ""C11"": 1.581992, ""C12"": 1.583757, ""C13"": 1.579755, ""C14"": 1.581274, ""C15"": 1.597006, ""C16"": 1.586345, ""C17"": 1.576412, ""C18"": 1.691883, ""C19"": 1.587992, ""C20"": 2.368949, ""C21"": 2.337944, ""C22"": 2.386929, ""C23"": 2.422272, ""C24"": 2.388726, ""C25"": 2.374949}","{""C01"": 0, ""C02"": 0, ""C03"": 0, ""C04"": 0, ""C05"": 0, ""C06"": 0, ""C07"": 0, ""C08"": 0, ""C09"": 0, ""C10"": 0, ""C11"": 0, ""C12"": 0, ""C13"": 0, ""C14"": 0, ""C15"": 0, ""C16"": 0, ""C17"": 0, ""C18"": 0, ""C19"": 0, ""C20"": 0, ""C21"": 0, ""C22"": 0, ""C23"": 1561, ""C24"": 0, ""C25"": 0}","{""C01"": 0.02538667866693768, ""C02"": 0.02538667866693768, ""C03"": 0.02538667866693768, ""C04"": 0.02538667866693768, ""C05"": 0.02538667866693768, ""C06"": 0.02538667866693768, ""C07"": 0.02538667866693768, ""C08"": 0.02538667866693768, ""C09"": 0.02538667866693768, ""C10"": 0.02538667866693768, ""C11"": 0.02538667866693768, ""C12"": 0.02538667866693768, ""C13"": 0.02538667866693768, ""C14"": 0.02538667866693768, ""C15"": 0.02538667866693768, ""C16"": 0.02538667866693768, ""C17"": 0.02538667866693768, ""C18"": 0.02538667866693768, ""C19"": 0.02538667866693768, ""C20"": 0.02538667866693768, ""C21"": 0.02538667866693768, ""C22"": 0.02538667866693768, ""C23"": 0.02448267817057098, ""C24"": 0.02538667866693768, ""C25"": 0.02538667866693768}"
40,40,1,477,4.156576,25,"{""C01"": 1.125746, ""C02"": 1.146679, ""C03"": 1.178421, ""C04"": 1.21545, ""C05"": 1.249757, ""C06"": 1.130624, ""C07"": 1.174009, ""C08"": 1.131746, ""C09"": 1.152679, ""C10"": 1.687701, ""C11"": 1.578071, ""C12"": 1.576542, ""C13"": 1.573238, ""C14"": 1.579121, ""C15"": 1.60083, ""C16"": 1.582904, ""C17"": 1.569223, ""C18"": 1.693701, ""C19"": 1.584071, ""C20"": 2.38058, ""C21"": 2.351288, ""C22"": 2.39675, ""C23"": 2.424992, ""C24"": 2.399245, ""C25"": 2.38658}","{""C01"": 0, ""C02"": 0, ""C03"": 0, ""C04"": 0, ""C05"": 0, ""C06"": 0, ""C07"": 0, ""C08"": 0, ""C09"": 0, ""C10"": 0, ""C11"": 0, ""C12"": 0, ""C13"": 0, ""C14"": 0, ""C15"": 0, ""C16"": 0, ""C17"": 0, ""C18"": 0, ""C19"": 0, ""C20"": 0, ""C21"": 0, ""C22"": 0, ""C23"": 1560, ""C24"": 0, ""C25"": 0}","{""C01"": 0.0253871152207365, ""C02"": 0.0253871152207365, ""C03"": 0.0253871152207365, ""C04"": 0.0253871152207365, ""C05"": 0.0253871152207365, ""C06"": 0.0253871152207365, ""C07"": 0.0253871152207365, ""C08"": 0.0253871152207365, ""C09"": 0.0253871152207365, ""C10"": 0.0253871152207365, ""C11"": 0.0253871152207365, ""C12"": 0.0253871152207365, ""C13"": 0.0253871152207365, ""C14"": 0.0253871152207365, ""C15"": 0.0253871152207365, ""C16"": 0.0253871152207365, ""C17"": 0.0253871152207365, ""C18"": 0.0253871152207365, ""C19"": 0.0253871152207365, ""C20"": 0.0253871152207365, ""C21"": 0.0253871152207365, ""C22"": 0.0253871152207365, ""C23"": 0.024483694569922606, ""C24"": 0.0253871152207365, ""C25"": 0.0253871152207365}"
41,41,1,664,5.760518,25,"{""C01"": 1.125401, ""C02"": 1.15054, ""C03"": 1.185008, ""C04"": 1.222, ""C05"": 1.253524, ""C06"": 1.130393, ""C07"": 1.180508, ""C08"": 1.131401, ""C09"": 1.15654, ""C10"": 1.687259, ""C11"": 1.572489, ""C12"": 1.569003, ""C13"": 1.567848, ""C14"": 1.578972, ""C15"": 1.606551, ""C16"": 1.577707, ""C17"": 1.56328, ""C18"": 1.693259, ""C19"": 1.578489, ""C20"": 2.393273, ""C21"": 2.363786, ""C22"": 2.404143, ""C23"": 2.424771, ""C24"": 2.407303, ""C25"": 2.399273}","{""C01"": 0, ""C02"": 0, ""C03"": 0, ""C04"": 0, ""C05"": 0, ""C06"": 0, ""C07"": 0, ""C08"": 0, ""C09"": 0, ""C10"": 0, ""C11"": 0, ""C12"": 0, ""C13"": 0, ""C14"": 0, ""C15"": 0, ""C16"": 0, ""C17"": 0, ""C18"": 0, ""C19"": 0, ""C20"": 0, ""C21"": 0, ""C22"": 0, ""C23"": 1560, ""C24"": 0, ""C25"": 0}","{""C01"": 0.025387032590684783, ""C02"": 0.025387032590684783, ""C03"": 0.025387032590684783, ""C04"": 0.025387032590684783, ""C05"": 0.025387032590684783, ""C06"": 0.025387032590684783, ""C07"": 0.025387032590684783, ""C08"": 0.025387032590684783, ""C09"": 0.025387032590684783, ""C10"": 0.025387032590684783, ""C11"": 0.025387032590684783, ""C12"": 0.025387032590684783, ""C13"": 0.025387032590684783, ""C14"": 0.025387032590684783, ""C15"": 0.025387032590684783, ""C16"": 0.025387032590684783, ""C17"": 0.025387032590684783, ""C18"": 0.025387032590684783, ""C19"": 0.025387032590684783, ""C20"": 0.025387032590684783, ""C21"": 0.025387032590684783, ""C22"": 0.025387032590684783, ""C23"": 0.024483612013057553, ""C24"": 0.025387032590684783, ""C25"": 0.025387032590684783}"
42,42,1,1548,13.690152,25,"{""C01"": 1.126559, ""C02"": 1.155585, ""C03"": 1.191879, ""C04"": 1.227778, ""C05"": 1.255804, ""C06"": 1.131529, ""C07"": 1.187475, ""C08"": 1.132559, ""C09"": 1.161585, ""C10"": 1.684665, ""C11"": 1.565673, ""C12"": 1.561691, ""C13"": 1.563999, ""C14"": 1.580917, ""C15"": 1.613895, ""C16"": 1.571168, ""C17"": 1.559022, ""C18"": 1.690665, ""C19"": 1.571673, ""C20"": 2.40638, ""C21"": 2.374799, ""C22"": 2.408785, ""C23"": 2.42176, ""C24"": 2.412562, ""C25"": 2.41238}","{""C01"": 0, ""C02"": 0, ""C03"": 0, ""C04"": 0, ""C05"": 0, ""C06"": 0, ""C07"": 0, ""C08"": 0, ""C09"": 0, ""C10"": 0, ""C11"": 0, ""C12"": 0, ""C13"": 0, ""C14"": 0, ""C15"": 0, ""C16"": 0, ""C17"": 0, ""C18"": 0, ""C19"": 0, ""C20"": 0, ""C21"": 0, ""C22"": 0, ""C23"": 1561, ""C24"": 0, ""C25"": 0}","{""C01"": 0.025386486960055646, ""C02"": 0.025386486960055646, ""C03"": 0.025386486960055646, ""C04"": 0.025386486960055646, ""C05"": 0.025386486960055646, ""C06"": 0.025386486960055646, ""C07"": 0.025386486960055646, ""C08"": 0.025386486960055646, ""C09"": 0.025386486960055646, ""C10"": 0.025386486960055646, ""C11"": 0.025386486960055646, ""C12"": 0.025386486960055646, ""C13"": 0.025386486960055646, ""C14"": 0.025386486960055646, ""C15"": 0.025386486960055646, ""C16"": 0.025386486960055646, ""C17"": 0.025386486960055646, ""C18"": 0.025386486960055646, ""C19"": 0.025386486960055646, ""C20"": 0.025386486960055646, ""C21"": 0.025386486960055646, ""C22"": 0.025386486960055646, ""C23"": 0.024482486633374337, ""C24"": 0.025386486960055646, ""C25"": 0.025386486960055646}"
43,43,1,1003,8.644781,25,"{""C01"": 1.129193, ""C02"": 1.161545, ""C03"": 1.198652, ""C04"": 1.232469, ""C05"": 1.256497, ""C06"": 1.134005, ""C07"": 1.194524, ""C08"": 1.135193, ""C09"": 1.167545, ""C10"": 1.680154, ""C11"": 1.558121, ""C12"": 1.555135, ""C13"": 1.562005, ""C14"": 1.584908, ""C15"": 1.622478, ""C16"": 1.563778, ""C17"": 1.556781, ""C18"": 1.686154, ""C19"": 1.564121, ""C20"": 2.419213, ""C21"": 2.383772, ""C22"": 2.410518, ""C23"": 2.416277, ""C24"": 2.414848, ""C25"": 2.425213}","{""C01"": 0, ""C02"": 0, ""C03"": 0, ""C04"": 0, ""C05"": 0, ""C06"": 0, ""C07"": 0, ""C08"": 0, ""C09"": 0, ""C10"": 0, ""C11"": 0, ""C12"": 0, ""C13"": 0, ""C14"": 0, ""C15"": 0, ""C16"": 0, ""C17"": 0, ""C18"": 0, ""C19"": 0, ""C20"": 330, ""C21"": 0, ""C22"": 0, ""C23"": 121, ""C24"": 0, ""C25"": 1110}","{""C01"": 0.02538704540845904, ""C02"": 0.02538704540845904, ""C03"": 0.02538704540845904, ""C04"": 0.02538704540845904, ""C05"": 0.02538704540845904, ""C06"": 0.02538704540845904, ""C07"": 0.02538704540845904, ""C08"": 0.02538704540845904, ""C09"": 0.02538704540845904, ""C10"": 0.02538704540845904, ""C11"": 0.02538704540845904, ""C12"": 0.02538704540845904, ""C13"": 0.02538704540845904, ""C14"": 0.02538704540845904, ""C15"": 0.02538704540845904, ""C16"": 0.02538704540845904, ""C17"": 0.02538704540845904, ""C18"": 0.02538704540845904, ""C19"": 0.02538704540845904, ""C20"": 0.025195936870090963, ""C21"": 0.02538704540845904, ""C22"": 0.02538704540845904, ""C23"": 0.025316972108903393, ""C24"": 0.02538704540845904, ""C25"": 0.024744228291995796}"
44,44,1,313,4.425622,25,"{""C01"": 1.133182, ""C02"": 1.168091, ""C03"": 1.204948, ""C04"": 1.235824, ""C05"": 1.255604, ""C06"": 1.137706, ""C07"": 1.20126, ""C08"": 1.139182, ""C09"": 1.174091, ""C10"": 1.674076, ""C11"": 1.550372, ""C12"": 1.54981, ""C13"": 1.56206, ""C14"": 1.590768, ""C15"": 1.631837, ""C16"": 1.556071, ""C17"": 1.55676, ""C18"": 1.680076, ""C19"": 1.556372, ""C20"": 2.431095, ""C21"": 2.390268, ""C22"": 2.409353, ""C23"": 2.408781, ""C24"": 2.414163, ""C25"": 2.437095}","{""C01"": 0, ""C02"": 0, ""C03"": 0, ""C04"": 0, ""C05"": 0, ""C06"": 0, ""C07"": 0, ""C08"": 0, ""C09"": 0, ""C10"": 0, ""C11"": 0, ""C12"": 0, ""C13"": 0, ""C14"": 0, ""C15"": 0, ""C16"": 0, ""C17"": 0, ""C18"": 0, ""C19"": 0, ""C20"": 652, ""C21"": 0, ""C22"": 0, ""C23"": 0, ""C24"": 0, ""C25"": 907}","{""C01"": 0.02539011126845342, ""C02"": 0.02539011126845342, ""C03"": 0.02539011126845342, ""C04"": 0.02539011126845342, ""C05"": 0.02539011126845342, ""C06"": 0.02539011126845342, ""C07"": 0.02539011126845342, ""C08"": 0.02539011126845342, ""C09"": 0.02539011126845342, ""C10"": 0.02539011126845342, ""C11"": 0.02539011126845342, ""C12"": 0.02539011126845342, ""C13"": 0.02539011126845342, ""C14"": 0.02539011126845342, ""C15"": 0.02539011126845342, ""C16"": 0.02539011126845342, ""C17"": 0.02539011126845342, ""C18"": 0.02539011126845342, ""C19"": 0.02539011126845342, ""C20"": 0.025012526649912943, ""C21"": 0.02539011126845342, ""C22"": 0.02539011126845342, ""C23"": 0.02539011126845342, ""C24"": 0.02539011126845342, ""C25"": 0.02486485503803049}"
45,45,1,192,1.579467,25,"{""C01"": 1.138315, ""C02"": 1.174855, ""C03"": 1.210413, ""C04"": 1.237672, ""C05"": 1.253217, ""C06"": 1.142431, ""C07"": 1.207307, ""C08"": 1.144315, ""C09"": 1.180855, ""C10"": 1.666874, ""C11"": 1.542972, ""C12"": 1.546113, ""C13"": 1.564224, ""C14"": 1.598195, ""C15"": 1.641454, ""C16"": 1.548592, ""C17"": 1.559025, ""C18"": 1.672874, ""C19"": 1.548972, ""C20"": 2.441399, ""C21"": 2.393993, ""C22"": 2.405475, ""C23"": 2.399851, ""C24"": 2.410678, ""C25"": 2.447399}","{""C01"": 0, ""C02"": 0, ""C03"": 0, ""C04"": 0, ""C05"": 0, ""C06"": 0, ""C07"": 0, ""C08"": 0, ""C09"": 0, ""C10"": 0, ""C11"": 0, ""C12"": 0, ""C13"": 0, ""C14"": 0, ""C15"": 0, ""C16"": 0, ""C17"": 0, ""C18"": 0, ""C19"": 0, ""C20"": 703, ""C21"": 0, ""C22"": 0, ""C23"": 0, ""C24"": 0, ""C25"": 854}","{""C01"": 0.02539269675212283, ""C02"": 0.02539269675212283, ""C03"": 0.02539269675212283, ""C04"": 0.02539269675212283, ""C05"": 0.02539269675212283, ""C06"": 0.02539269675212283, ""C07"": 0.02539269675212283, ""C08"": 0.02539269675212283, ""C09"": 0.02539269675212283, ""C10"": 0.02539269675212283, ""C11"": 0.02539269675212283, ""C12"": 0.02539269675212283, ""C13"": 0.02539269675212283, ""C14"": 0.02539269675212283, ""C15"": 0.02539269675212283, ""C16"": 0.02539269675212283, ""C17"": 0.02539269675212283, ""C18"": 0.02539269675212283, ""C19"": 0.02539269675212283, ""C20"": 0.024985577136874448, ""C21"": 0.02539269675212283, ""C22"": 0.02539269675212283, ""C23"": 0.02539269675212283, ""C24"": 0.02539269675212283, ""C25"": 0.024898133856042292}"
46,46,1,138,1.232072,25,"{""C01"": 1.14431, ""C02"": 1.181452, ""C03"": 1.214745, ""C04"": 1.237935, ""C05"": 1.249523, ""C06"": 1.147914, ""C07"": 1.212332, ""C08"": 1.15031, ""C09"": 1.187452, ""C10"": 1.659055, ""C11"": 1.536442, ""C12"": 1.544334, ""C13"": 1.568424, ""C14"": 1.606789, ""C15"": 1.650792, ""C16"": 1.541864, ""C17"": 1.563497, ""C18"": 1.665055, ""C19"": 1.542442, ""C20"": 2.449589, ""C21"": 2.394821, ""C22"": 2.399229, ""C23"": 2.390146, ""C24"": 2.404731, ""C25"": 2.455589}","{""C01"": 0, ""C02"": 0, ""C03"": 0, ""C04"": 0, ""C05"": 0, ""C06"": 0, ""C07"": 0, ""C08"": 0, ""C09"": 0, ""C10"": 0, ""C11"": 0, ""C12"": 0, ""C13"": 0, ""C14"": 0, ""C15"": 0, ""C16"": 0, ""C17"": 0, ""C18"": 0, ""C19"": 0, ""C20"": 724, ""C21"": 0, ""C22"": 0, ""C23"": 0, ""C24"": 0, ""C25"": 832}","{""C01"": 0.025395107568512848, ""C02"": 0.025395107568512848, ""C03"": 0.025395107568512848, ""C04"": 0.025395107568512848, ""C05"": 0.025395107568512848, ""C06"": 0.025395107568512848, ""C07"": 0.025395107568512848, ""C08"": 0.025395107568512848, ""C09"": 0.025395107568512848, ""C10"": 0.025395107568512848, ""C11"": 0.025395107568512848, ""C12"": 0.025395107568512848, ""C13"": 0.025395107568512848, ""C14"": 0.025395107568512848, ""C15"": 0.025395107568512848, ""C16"": 0.025395107568512848, ""C17"": 0.025395107568512848, ""C18"": 0.025395107568512848, ""C19"": 0.025395107568512848, ""C20"": 0.02497582600753525, ""C21"": 0.025395107568512848, ""C22"": 0.025395107568512848, ""C23"": 0.025395107568512848, ""C24"": 0.025395107568512848, ""C25"": 0.02491328429827037}"
47,47,1,112,0.966099,25,"{""C01"": 1.150827, ""C02"": 1.187506, ""C03"": 1.217706, ""C04"": 1.236629, ""C05"": 1.244783, ""C06"": 1.153831, ""C07"": 1.21606, ""C08"": 1.156827, ""C09"": 1.193506, ""C10"": 1.651161, ""C11"": 1.531243, ""C12"": 1.544638, ""C13"": 1.574453, ""C14"": 1.616071, ""C15"": 1.659325, ""C16"": 1.536354, ""C17"": 1.569957, ""C18"": 1.657161, ""C19"": 1.537243, ""C20"": 2.455251, ""C21"": 2.392796, ""C22"": 2.3911, ""C23"": 2.380367, ""C24"": 2.3968, ""C25"": 2.461251}","{""C01"": 0, ""C02"": 0, ""C03"": 0, ""C04"": 0, ""C05"": 0, ""C06"": 0, ""C07"": 0, ""C08"": 0, ""C09"": 0, ""C10"": 0, ""C11"": 0, ""C12"": 0, ""C13"": 0, ""C14"": 0, ""C15"": 0, ""C16"": 0, ""C17"": 0, ""C18"": 0, ""C19"": 0, ""C20"": 742, ""C21"": 0, ""C22"": 0, ""C23"": 0, ""C24"": 0, ""C25"": 813}","{""C01"": 0.025396582288134226, ""C02"": 0.025396582288134226, ""C03"": 0.025396582288134226, ""C04"": 0.025396582288134226, ""C05"": 0.025396582288134226, ""C06"": 0.025396582288134226, ""C07"": 0.025396582288134226, ""C08"": 0.025396582288134226, ""C09"": 0.025396582288134226, ""C10"": 0.025396582288134226, ""C11"": 0.025396582288134226, ""C12"": 0.025396582288134226, ""C13"": 0.025396582288134226, ""C14"": 0.025396582288134226, ""C15"": 0.025396582288134226, ""C16"": 0.025396582288134226, ""C17"": 0.025396582288134226, ""C18"": 0.025396582288134226, ""C19"": 0.025396582288134226, ""C20"": 0.024966876599950002, ""C21"": 0.025396582288134226, ""C22"": 0.025396582288134226, ""C23"": 0.025396582288134226, ""C24"": 0.025396582288134226, ""C25"": 0.024925762114344194}"
48,48,1,96,1.390234,25,"{""C01"": 1.157493, ""C02"": 1.192671, ""C03"": 1.219145, ""C04"": 1.233868, ""C05"": 1.239324, ""C06"": 1.159833, ""C07"": 1.2183, ""C08"": 1.163493, ""C09"": 1.198671, ""C10"": 1.643735, ""C11"": 1.527751, ""C12"": 1.54706, ""C13"": 1.581989, ""C14"": 1.625516, ""C15"": 1.666575, ""C16"": 1.532447, ""C17"": 1.578065, ""C18"": 1.649735, ""C19"": 1.533751, ""C20"": 2.458125, ""C21"": 2.388135, ""C22"": 2.381684, ""C23"": 2.371212, ""C24"": 2.387477, ""C25"": 2.464125}","{""C01"": 0, ""C02"": 0, ""C03"": 0, ""C04"": 0, ""C05"": 0, ""C06"": 0, ""C07"": 0, ""C08"": 0, ""C09"": 0, ""C10"": 0, ""C11"": 0, ""C12"": 0, ""C13"": 0, ""C14"": 0, ""C15"": 0, ""C16"": 0, ""C17"": 0, ""C18"": 0, ""C19"": 0, ""C20"": 743, ""C21"": 0, ""C22"": 0, ""C23"": 0, ""C24"": 0, ""C25"": 811}","{""C01"": 0.025397053899464422, ""C02"": 0.025397053899464422, ""C03"": 0.025397053899464422, ""C04"": 0.025397053899464422, ""C05"": 0.025397053899464422, ""C06"": 0.025397053899464422, ""C07"": 0.025397053899464422, ""C08"": 0.025397053899464422, ""C09"": 0.025397053899464422, ""C10"": 0.025397053899464422, ""C11"": 0.025397053899464422, ""C12"": 0.025397053899464422, ""C13"": 0.025397053899464422, ""C14"": 0.025397053899464422, ""C15"": 0.025397053899464422, ""C16"": 0.025397053899464422, ""C17"": 0.025397053899464422, ""C18"": 0.025397053899464422, ""C19"": 0.025397053899464422, ""C20"": 0.02496676942705814, ""C21"": 0.025397053899464422, ""C22"": 0.025397053899464422, ""C23"": 0.025397053899464422, ""C24"": 0.025397053899464422, ""C25"": 0.024927392661974492}"
49,49,1,90,1.279201,25,"{""C01"": 1.163922, ""C02"": 1.196656, ""C03"": 1.219, ""C04"": 1.229852, ""C05"": 1.233514, ""C06"": 1.165557, ""C07"": 1.218948, ""C08"": 1.169922, ""C09"": 1.202656, ""C10"": 1.637288, ""C11"": 1.526231, ""C12"": 1.551498, ""C13"": 1.590612, ""C14"": 1.634585, ""C15"": 1.67214, ""C16"": 1.53042, ""C17"": 1.587375, ""C18"": 1.643288, ""C19"": 1.532231, ""C20"": 2.458116, ""C21"": 2.381213, ""C22"": 2.371651, ""C23"": 2.363333, ""C24"": 2.377429, ""C25"": 2.464116}","{""C01"": 0, ""C02"": 0, ""C03"": 0, ""C04"": 0, ""C05"": 0, ""C06"": 0, ""C07"": 0, ""C08"": 0, ""C09"": 0, ""C10"": 0, ""C11"": 0, ""C12"": 0, ""C13"": 0, ""C14"": 0, ""C15"": 0, ""C16"": 0, ""C17"": 0, ""C18"": 0, ""C19"": 0, ""C20"": 743, ""C21"": 0, ""C22"": 0, ""C23"": 0, ""C24"": 0, ""C25"": 811}","{""C01"": 0.025397050600997256, ""C02"": 0.025397050600997256, ""C03"": 0.025397050600997256, ""C04"": 0.025397050600997256, ""C05"": 0.025397050600997256, ""C06"": 0.025397050600997256, ""C07"": 0.025397050600997256, ""C08"": 0.025397050600997256, ""C09"": 0.025397050600997256, ""C10"": 0.025397050600997256, ""C11"": 0.025397050600997256, ""C12"": 0.025397050600997256, ""C13"": 0.025397050600997256, ""C14"": 0.025397050600997256, ""C15"": 0.025397050600997256, ""C16"": 0.025397050600997256, ""C17"": 0.025397050600997256, ""C18"": 0.025397050600997256, ""C19"": 0.025397050600997256, ""C20"": 0.0249667661295659, ""C21"": 0.025397050600997256, ""C22"": 0.025397050600997256, ""C23"": 0.025397050600997256, ""C24"": 0.025397050600997256, ""C25"": 0.02492738936645222}"
50,50,1,85,1.197789,25,"{""C01"": 1.169741, ""C02"": 1.199239, ""C03"": 1.217309, ""C04"": 1.224858, ""C05"": 1.227742, ""C06"": 1.170655, ""C07"": 1.218001, ""C08"": 1.175741, ""C09"": 1.205239, ""C10"": 1.632265, ""C11"": 1.526822, ""C12"": 1.557719, ""C13"": 1.599832, ""C14"": 1.642759, ""C15"": 1.675719, ""C16"": 1.530426, ""C17"": 1.597367, ""C18"": 1.638265, ""C19"": 1.532822, ""C20"": 2.455302, ""C21"": 2.372536, ""C22"": 2.361701, ""C23"": 2.3573, ""C24"": 2.367356, ""C25"": 2.461302}","{""C01"": 0, ""C02"": 0, ""C03"": 0, ""C04"": 0, ""C05"": 0, ""C06"": 0, ""C07"": 0, ""C08"": 0, ""C09"": 0, ""C10"": 0, ""C11"": 0, ""C12"": 0, ""C13"": 0, ""C14"": 0, ""C15"": 0, ""C16"": 0, ""C17"": 0, ""C18"": 0, ""C19"": 0, ""C20"": 749, ""C21"": 0, ""C22"": 0, ""C23"": 0, ""C24"": 0, ""C25"": 806}","{""C01"": 0.02539659109280734, ""C02"": 0.02539659109280734, ""C03"": 0.02539659109280734, ""C04"": 0.02539659109280734, ""C05"": 0.02539659109280734, ""C06"": 0.02539659109280734, ""C07"": 0.02539659109280734, ""C08"": 0.02539659109280734, ""C09"": 0.02539659109280734, ""C10"": 0.02539659109280734, ""C11"": 0.02539659109280734, ""C12"": 0.02539659109280734, ""C13"": 0.02539659109280734, ""C14"": 0.02539659109280734, ""C15"": 0.02539659109280734, ""C16"": 0.02539659109280734, ""C17"": 0.02539659109280734, ""C18"": 0.02539659109280734, ""C19"": 0.02539659109280734, ""C20"": 0.024962831577376096, ""C21"": 0.02539659109280734, ""C22"": 0.02539659109280734, ""C23"": 0.02539659109280734, ""C24"": 0.02539659109280734, ""C25"": 0.024929824757478777}"
51,51,1,82,1.142775,25,"{""C01"": 1.174614, ""C02"": 1.200286, ""C03"": 1.214201, ""C04"": 1.219221, ""C05"": 1.222391, ""C06"": 1.174818, ""C07"": 1.215547, ""C08"": 1.180614, ""C09"": 1.206286, ""C10"": 1.629021, ""C11"": 1.529531, ""C12"": 1.565381, ""C13"": 1.609115, ""C14"": 1.649573, ""C15"": 1.677131, ""C16"": 1.53249, ""C17"": 1.607473, ""C18"": 1.635021, ""C19"": 1.535531, ""C20"": 2.449931, ""C21"": 2.362718, ""C22"": 2.352528, ""C23"": 2.353559, ""C24"": 2.357957, ""C25"": 2.455931}","{""C01"": 0, ""C02"": 0, ""C03"": 0, ""C04"": 0, ""C05"": 0, ""C06"": 0, ""C07"": 0, ""C08"": 0, ""C09"": 0, ""C10"": 0, ""C11"": 0, ""C12"": 0, ""C13"": 0, ""C14"": 0, ""C15"": 0, ""C16"": 0, ""C17"": 0, ""C18"": 0, ""C19"": 0, ""C20"": 751, ""C21"": 0, ""C22"": 0, ""C23"": 0, ""C24"": 0, ""C25"": 805}","{""C01"": 0.02539519513452629, ""C02"": 0.02539519513452629, ""C03"": 0.02539519513452629, ""C04"": 0.02539519513452629, ""C05"": 0.02539519513452629, ""C06"": 0.02539519513452629, ""C07"": 0.02539519513452629, ""C08"": 0.02539519513452629, ""C09"": 0.02539519513452629, ""C10"": 0.02539519513452629, ""C11"": 0.02539519513452629, ""C12"": 0.02539519513452629, ""C13"": 0.02539519513452629, ""C14"": 0.02539519513452629, ""C15"": 0.02539519513452629, ""C16"": 0.02539519513452629, ""C17"": 0.02539519513452629, ""C18"": 0.02539519513452629, ""C19"": 0.02539519513452629, ""C20"": 0.024960277382738753, ""C21"": 0.02539519513452629, ""C22"": 0.02539519513452629, ""C23"": 0.02539519513452629, ""C24"": 0.02539519513452629, ""C25"": 0.02492900805070297}"
52,52,1,78,1.104340,25,"{""C01"": 1.178262, ""C02"": 1.199754, ""C03"": 1.209893, ""C04"": 1.213315, ""C05"": 1.217818, ""C06"": 1.177791, ""C07"": 1.211769, ""C08"": 1.184262, ""C09"": 1.205754, ""C10"": 1.627797, ""C11"": 1.534228, ""C12"": 1.574044, ""C13"": 1.617926, ""C14"": 1.654641, ""C15"": 1.676328, ""C16"": 1.5365, ""C17"": 1.617122, ""C18"": 1.633797, ""C19"": 1.540228, ""C20"": 2.442405, ""C21"": 2.352437, ""C22"": 2.344769, ""C23"": 2.352412, ""C24"": 2.349871, ""C25"": 2.448405}","{""C01"": 0, ""C02"": 0, ""C03"": 0, ""C04"": 0, ""C05"": 0, ""C06"": 0, ""C07"": 0, ""C08"": 0, ""C09"": 0, ""C10"": 0, ""C11"": 0, ""C12"": 0, ""C13"": 0, ""C14"": 0, ""C15"": 0, ""C16"": 0, ""C17"": 0, ""C18"": 0, ""C19"": 0, ""C20"": 754, ""C21"": 0, ""C22"": 0, ""C23"": 0, ""C24"": 0, ""C25"": 803}","{""C01"": 0.02539299602204946, ""C02"": 0.02539299602204946, ""C03"": 0.02539299602204946, ""C04"": 0.02539299602204946, ""C05"": 0.02539299602204946, ""C06"": 0.02539299602204946, ""C07"": 0.02539299602204946, ""C08"": 0.02539299602204946, ""C09"": 0.02539299602204946, ""C10"": 0.02539299602204946, ""C11"": 0.02539299602204946, ""C12"": 0.02539299602204946, ""C13"": 0.02539299602204946, ""C14"": 0.02539299602204946, ""C15"": 0.02539299602204946, ""C16"": 0.02539299602204946, ""C17"": 0.02539299602204946, ""C18"": 0.02539299602204946, ""C19"": 0.02539299602204946, ""C20"": 0.024956341338074492, ""C21"": 0.02539299602204946, ""C22"": 0.02539299602204946, ""C23"": 0.02539299602204946, ""C24"": 0.02539299602204946, ""C25"": 0.02492796802604633}"
53,53,1,87,0.893619,25,"{""C01"": 1.180479, ""C02"": 1.197699, ""C03"": 1.204675, ""C04"": 1.20753, ""C05"": 1.214329, ""C06"": 1.179394, ""C07"": 1.20693, ""C08"": 1.186479, ""C09"": 1.203699, ""C10"": 1.628704, ""C11"": 1.540656, ""C12"": 1.583208, ""C13"": 1.625752, ""C14"": 1.657686, ""C15"": 1.673397, ""C16"": 1.542218, ""C17"": 1.625765, ""C18"": 1.634704, ""C19"": 1.546656, ""C20"": 2.433255, ""C21"": 2.342396, ""C22"": 2.338969, ""C23"": 2.353993, ""C24"": 2.343653, ""C25"": 2.439255}","{""C01"": 0, ""C02"": 0, ""C03"": 0, ""C04"": 0, ""C05"": 0, ""C06"": 0, ""C07"": 0, ""C08"": 0, ""C09"": 0, ""C10"": 0, ""C11"": 0, ""C12"": 0, ""C13"": 0, ""C14"": 0, ""C15"": 0, ""C16"": 0, ""C17"": 0, ""C18"": 0, ""C19"": 0, ""C20"": 745, ""C21"": 0, ""C22"": 0, ""C23"": 0, ""C24"": 0, ""C25"": 814}","{""C01"": 0.025390780965635504, ""C02"": 0.025390780965635504, ""C03"": 0.025390780965635504, ""C04"": 0.025390780965635504, ""C05"": 0.025390780965635504, ""C06"": 0.025390780965635504, ""C07"": 0.025390780965635504, ""C08"": 0.025390780965635504, ""C09"": 0.025390780965635504, ""C10"": 0.025390780965635504, ""C11"": 0.025390780965635504, ""C12"": 0.025390780965635504, ""C13"": 0.025390780965635504, ""C14"": 0.025390780965635504, ""C15"": 0.025390780965635504, ""C16"": 0.025390780965635504, ""C17"": 0.025390780965635504, ""C18"": 0.025390780965635504, ""C19"": 0.025390780965635504, ""C20"": 0.024959338244561403, ""C21"": 0.025390780965635504, ""C22"": 0.025390780965635504, ""C23"": 0.025390780965635504, ""C24"": 0.025390780965635504, ""C25"": 0.024919382385311443}"
54,54,1,102,1.438539,25,"{""C01"": 1.181148, ""C02"": 1.194269, ""C03"": 1.198891, ""C04"": 1.202246, ""C05"": 1.212162, ""C06"": 1.179531, ""C07"": 1.201354, ""C08"": 1.187148, ""C09"": 1.200269, ""C10"": 1.631721, ""C11"": 1.548452, ""C12"": 1.592336, ""C13"": 1.63214, ""C14"": 1.658551, ""C15"": 1.668552, ""C16"": 1.549303, ""C17"": 1.632912, ""C18"": 1.637721, ""C19"": 1.554452, ""C20"": 2.423109, ""C21"": 2.333277, ""C22"": 2.335548, ""C23"": 2.358262, ""C24"": 2.33973, ""C25"": 2.429109}","{""C01"": 0, ""C02"": 0, ""C03"": 0, ""C04"": 0, ""C05"": 0, ""C06"": 0, ""C07"": 0, ""C08"": 0, ""C09"": 0, ""C10"": 0, ""C11"": 0, ""C12"": 0, ""C13"": 0, ""C14"": 0, ""C15"": 0, ""C16"": 0, ""C17"": 0, ""C18"": 0, ""C19"": 0, ""C20"": 745, ""C21"": 0, ""C22"": 0, ""C23"": 0, ""C24"": 0, ""C25"": 816}","{""C01"": 0.025388164426150134, ""C02"": 0.025388164426150134, ""C03"": 0.025388164426150134, ""C04"": 0.025388164426150134, ""C05"": 0.025388164426150134, ""C06"": 0.025388164426150134, ""C07"": 0.025388164426150134, ""C08"": 0.025388164426150134, ""C09"": 0.025388164426150134, ""C10"": 0.025388164426150134, ""C11"": 0.025388164426150134, ""C12"": 0.025388164426150134, ""C13"": 0.025388164426150134, ""C14"": 0.025388164426150134, ""C15"": 0.025388164426150134, ""C16"": 0.025388164426150134, ""C17"": 0.025388164426150134, ""C18"": 0.025388164426150134, ""C19"": 0.025388164426150134, ""C20"": 0.024956721730835886, ""C21"": 0.025388164426150134, ""C22"": 0.025388164426150134, ""C23"": 0.025388164426150134, ""C24"": 0.025388164426150134, ""C25"": 0.024915607706939066}"
55,55,1,128,1.817509,25,"{""C01"": 1.180246, ""C02"": 1.189696, ""C03"": 1.19292, ""C04"": 1.197809, ""C05"": 1.211469, ""C06"": 1.178198, ""C07"": 1.195408, ""C08"": 1.186246, ""C09"": 1.195696, ""C10"": 1.636692, ""C11"": 1.55716, ""C12"": 1.600892, ""C13"": 1.636725, ""C14"": 1.657214, ""C15"": 1.662128, ""C16"": 1.557318, ""C17"": 1.638164, ""C18"": 1.642692, ""C19"": 1.56316, ""C20"": 2.412652, ""C21"": 2.325702, ""C22"": 2.334774, ""C23"": 2.365009, ""C24"": 2.338384, ""C25"": 2.418652}","{""C01"": 0, ""C02"": 0, ""C03"": 0, ""C04"": 0, ""C05"": 0, ""C06"": 0, ""C07"": 0, ""C08"": 0, ""C09"": 0, ""C10"": 0, ""C11"": 0, ""C12"": 0, ""C13"": 0, ""C14"": 0, ""C15"": 0, ""C16"": 0, ""C17"": 0, ""C18"": 0, ""C19"": 0, ""C20"": 730, ""C21"": 0, ""C22"": 0, ""C23"": 0, ""C24"": 0, ""C25"": 833}","{""C01"": 0.02538543187116689, ""C02"": 0.02538543187116689, ""C03"": 0.02538543187116689, ""C04"": 0.02538543187116689, ""C05"": 0.02538543187116689, ""C06"": 0.02538543187116689, ""C07"": 0.02538543187116689, ""C08"": 0.02538543187116689, ""C09"": 0.02538543187116689, ""C10"": 0.02538543187116689, ""C11"": 0.02538543187116689, ""C12"": 0.02538543187116689, ""C13"": 0.02538543187116689, ""C14"": 0.02538543187116689, ""C15"": 0.02538543187116689, ""C16"": 0.02538543187116689, ""C17"": 0.02538543187116689, ""C18"": 0.02538543187116689, ""C19"": 0.02538543187116689, ""C20"": 0.02496267599434984, ""C21"": 0.02538543187116689, ""C22"": 0.02538543187116689, ""C23"": 0.02538543187116689, ""C24"": 0.02538543187116689, ""C25"": 0.02490303030143055}"
56,56,1,192,1.640353,25,"{""C01"": 1.177847, ""C02"": 1.184281, ""C03"": 1.187151, ""C04"": 1.194514, ""C05"": 1.212313, ""C06"": 1.175485, ""C07"": 1.18948, ""C08"": 1.183847, ""C09"": 1.190281, ""C10"": 1.643336, ""C11"": 1.56627, ""C12"": 1.608374, ""C13"": 1.639252, ""C14"": 1.653788, ""C15"": 1.654552, ""C16"": 1.565774, ""C17"": 1.641239, ""C18"": 1.649336, ""C19"": 1.57227, ""C20"": 2.402586, ""C21"": 2.320192, ""C22"": 2.336745, ""C23"": 2.373865, ""C24"": 2.339723, ""C25"": 2.408586}","{""C01"": 0, ""C02"": 0, ""C03"": 0, ""C04"": 0, ""C05"": 0, ""C06"": 0, ""C07"": 0, ""C08"": 0, ""C09"": 0, ""C10"": 0, ""C11"": 0, ""C12"": 0, ""C13"": 0, ""C14"": 0, ""C15"": 0, ""C16"": 0, ""C17"": 0, ""C18"": 0, ""C19"": 0, ""C20"": 700, ""C21"": 0, ""C22"": 0, ""C23"": 0, ""C24"": 0, ""C25"": 865}","{""C01"": 0.025382846545860052, ""C02"": 0.025382846545860052, ""C03"": 0.025382846545860052, ""C04"": 0.025382846545860052, ""C05"": 0.025382846545860052, ""C06"": 0.025382846545860052, ""C07"": 0.025382846545860052, ""C08"": 0.025382846545860052, ""C09"": 0.025382846545860052, ""C10"": 0.025382846545860052, ""C11"": 0.025382846545860052, ""C12"": 0.025382846545860052, ""C13"": 0.025382846545860052, ""C14"": 0.025382846545860052, ""C15"": 0.025382846545860052, ""C16"": 0.025382846545860052, ""C17"": 0.025382846545860052, ""C18"": 0.025382846545860052, ""C19"": 0.025382846545860052, ""C20"": 0.0249774642028071, ""C21"": 0.025382846545860052, ""C22"": 0.025382846545860052, ""C23"": 0.025382846545860052, ""C24"": 0.025382846545860052, ""C25"": 0.02488191317993118}"
57,57,1,529,7.177654,25,"{""C01"": 1.174117, ""C02"": 1.178379, ""C03"": 1.18196, ""C04"": 1.192582, ""C05"": 1.214655, ""C06"": 1.171569, ""C07"": 1.183955, ""C08"": 1.180117, ""C09"": 1.184379, ""C10"": 1.651269, ""C11"": 1.575242, ""C12"": 1.614344, ""C13"": 1.63959, ""C14"": 1.648514, ""C15"": 1.646324, ""C16"": 1.57415, ""C17"": 1.64198, ""C18"": 1.657269, ""C19"": 1.581242, ""C20"": 2.393583, ""C21"": 2.317139, ""C22"": 2.341386, ""C23"": 2.384327, ""C24"": 2.343688, ""C25"": 2.399583}","{""C01"": 0, ""C02"": 0, ""C03"": 0, ""C04"": 0, ""C05"": 0, ""C06"": 0, ""C07"": 0, ""C08"": 0, ""C09"": 0, ""C10"": 0, ""C11"": 0, ""C12"": 0, ""C13"": 0, ""C14"": 0, ""C15"": 0, ""C16"": 0, ""C17"": 0, ""C18"": 0, ""C19"": 0, ""C20"": 536, ""C21"": 0, ""C22"": 0, ""C23"": 0, ""C24"": 0, ""C25"": 1031}","{""C01"": 0.02538083885430746, ""C02"": 0.02538083885430746, ""C03"": 0.02538083885430746, ""C04"": 0.02538083885430746, ""C05"": 0.02538083885430746, ""C06"": 0.02538083885430746, ""C07"": 0.02538083885430746, ""C08"": 0.02538083885430746, ""C09"": 0.02538083885430746, ""C10"": 0.02538083885430746, ""C11"": 0.02538083885430746, ""C12"": 0.02538083885430746, ""C13"": 0.02538083885430746, ""C14"": 0.02538083885430746, ""C15"": 0.02538083885430746, ""C16"": 0.02538083885430746, ""C17"": 0.02538083885430746, ""C18"": 0.02538083885430746, ""C19"": 0.02538083885430746, ""C20"": 0.025070431510821282, ""C21"": 0.02538083885430746, ""C22"": 0.02538083885430746, ""C23"": 0.02538083885430746, ""C24"": 0.02538083885430746, ""C25"": 0.02478377097290575}"
58,58,1,876,9.940993,25,"{""C01"": 1.169302, ""C02"": 1.172371, ""C03"": 1.177683, ""C04"": 1.192148, ""C05"": 1.218367, ""C06"": 1.166703, ""C07"": 1.179187, ""C08"": 1.175302, ""C09"": 1.178371, ""C10"": 1.660022, ""C11"": 1.583544, ""C12"": 1.618456, ""C13"": 1.637745, ""C14"": 1.641744, ""C15"": 1.63798, ""C16"": 1.58193, ""C17"": 1.640376, ""C18"": 1.666022, ""C19"": 1.589544, ""C20"": 2.386248, ""C21"": 2.316776, ""C22"": 2.348454, ""C23"": 2.395788, ""C24"": 2.350051, ""C25"": 2.392248}","{""C01"": 0, ""C02"": 0, ""C03"": 0, ""C04"": 0, ""C05"": 0, ""C06"": 0, ""C07"": 0, ""C08"": 0, ""C09"": 0, ""C10"": 0, ""C11"": 0, ""C12"": 0, ""C13"": 0, ""C14"": 0, ""C15"": 0, ""C16"": 0, ""C17"": 0, ""C18"": 0, ""C19"": 0, ""C20"": 0, ""C21"": 0, ""C22"": 0, ""C23"": 1032, ""C24"": 0, ""C25"": 535}","{""C01"": 0.02537971825791041, ""C02"": 0.02537971825791041, ""C03"": 0.02537971825791041, ""C04"": 0.02537971825791041, ""C05"": 0.02537971825791041, ""C06"": 0.02537971825791041, ""C07"": 0.02537971825791041, ""C08"": 0.02537971825791041, ""C09"": 0.02537971825791041, ""C10"": 0.02537971825791041, ""C11"": 0.02537971825791041, ""C12"": 0.02537971825791041, ""C13"": 0.02537971825791041, ""C14"": 0.02537971825791041, ""C15"": 0.02537971825791041, ""C16"": 0.02537971825791041, ""C17"": 0.02537971825791041, ""C18"": 0.02537971825791041, ""C19"": 0.02537971825791041, ""C20"": 0.02537971825791041, ""C21"": 0.02537971825791041, ""C22"": 0.02537971825791041, ""C23"": 0.02478207163664202, ""C24"": 0.02537971825791041, ""C25"": 0.025069890828616315}"
59,59,1,648,6.069110,25,"{""C01"": 1.163717, ""C02"": 1.166645, ""C03"": 1.174602, ""C04"": 1.193253, ""C05"": 1.223232, ""C06"": 1.161204, ""C07"": 1.175482, ""C08"": 1.169717, ""C09"": 1.172645, ""C10"": 1.669075, ""C11"": 1.590683, ""C12"": 1.620479, ""C13"": 1.633853, ""C14"": 1.633924, ""C15"": 1.630063, ""C16"": 1.588637, ""C17"": 1.636552, ""C18"": 1.675075, ""C19"": 1.596683, ""C20"": 2.381077, ""C21"": 2.319167, ""C22"": 2.357549, ""C23"": 2.407577, ""C24"": 2.358428, ""C25"": 2.387077}","{""C01"": 0, ""C02"": 0, ""C03"": 0, ""C04"": 0, ""C05"": 0, ""C06"": 0, ""C07"": 0, ""C08"": 0, ""C09"": 0, ""C10"": 0, ""C11"": 0, ""C12"": 0, ""C13"": 0, ""C14"": 0, ""C15"": 0, ""C16"": 0, ""C17"": 0, ""C18"": 0, ""C19"": 0, ""C20"": 0, ""C21"": 0, ""C22"": 0, ""C23"": 1564, ""C24"": 0, ""C25"": 0}","{""C01"": 0.025382898024493034, ""C02"": 0.025382898024493034, ""C03"": 0.025382898024493034, ""C04"": 0.025382898024493034, ""C05"": 0.025382898024493034, ""C06"": 0.025382898024493034, ""C07"": 0.025382898024493034, ""C08"": 0.025382898024493034, ""C09"": 0.025382898024493034, ""C10"": 0.025382898024493034, ""C11"": 0.025382898024493034, ""C12"": 0.025382898024493034, ""C13"": 0.025382898024493034, ""C14"": 0.025382898024493034, ""C15"": 0.025382898024493034, ""C16"": 0.025382898024493034, ""C17"": 0.025382898024493034, ""C18"": 0.025382898024493034, ""C19"": 0.025382898024493034, ""C20"": 0.025382898024493034, ""C21"": 0.025382898024493034, ""C22"": 0.025382898024493034, ""C23"": 0.02447716017969314, ""C24"": 0.025382898024493034, ""C25"": 0.025382898024493034}"
60,60,1,360,3.483783,25,"{""C01"": 1.157722, ""C02"": 1.16157, ""C03"": 1.172921, ""C04"": 1.195842, ""C05"": 1.228961, ""C06"": 1.155429, ""C07"": 1.173079, ""C08"": 1.163722, ""C09"": 1.16757, ""C10"": 1.677887, ""C11"": 1.596238, ""C12"": 1.620308, ""C13"": 1.628181, ""C14"": 1.625561, ""C15"": 1.623087, ""C16"": 1.593862, ""C17"": 1.630772, ""C18"": 1.683887, ""C19"": 1.602238, ""C20"": 2.378432, ""C21"": 2.324201, ""C22"": 2.368144, ""C23"": 2.419, ""C24"": 2.368307, ""C25"": 2.384432}","{""C01"": 0, ""C02"": 0, ""C03"": 0, ""C04"": 0, ""C05"": 0, ""C06"": 0, ""C07"": 0, ""C08"": 0, ""C09"": 0, ""C10"": 0, ""C11"": 0, ""C12"": 0, ""C13"": 0, ""C14"": 0, ""C15"": 0, ""C16"": 0, ""C17"": 0, ""C18"": 0, ""C19"": 0, ""C20"": 0, ""C21"": 0, ""C22"": 0, ""C23"": 1562, ""C24"": 0, ""C25"": 0}","{""C01"": 0.025386033535282876, ""C02"": 0.025386033535282876, ""C03"": 0.025386033535282876, ""C04"": 0.025386033535282876, ""C05"": 0.025386033535282876, ""C06"": 0.025386033535282876, ""C07"": 0.025386033535282876, ""C08"": 0.025386033535282876, ""C09"": 0.025386033535282876, ""C10"": 0.025386033535282876, ""C11"": 0.025386033535282876, ""C12"": 0.025386033535282876, ""C13"": 0.025386033535282876, ""C14"": 0.025386033535282876, ""C15"": 0.025386033535282876, ""C16"": 0.025386033535282876, ""C17"": 0.025386033535282876, ""C18"": 0.025386033535282876, ""C19"": 0.025386033535282876, ""C20"": 0.025386033535282876, ""C21"": 0.025386033535282876, ""C22"": 0.025386033535282876, ""C23"": 0.02448145337878201, ""C24"": 0.025386033535282876, ""C25"": 0.025386033535282876}"
61,61,1,276,2.972238,25,"{""C01"": 1.151701, ""C02"": 1.157474, ""C03"": 1.172757, ""C04"": 1.199767, ""C05"": 1.235209, ""C06"": 1.149753, ""C07"": 1.172131, ""C08"": 1.157701, ""C09"": 1.163474, ""C10"": 1.685931, ""C11"": 1.599884, ""C12"": 1.617974, ""C13"": 1.6211, ""C14"": 1.617197, ""C15"": 1.617507, ""C16"": 1.59729, ""C17"": 1.623413, ""C18"": 1.691931, ""C19"": 1.605884, ""C20"": 2.378511, ""C21"": 2.331601, ""C22"": 2.379617, ""C23"": 2.429382, ""C24"": 2.379083, ""C25"": 2.384511}","{""C01"": 0, ""C02"": 0, ""C03"": 0, ""C04"": 0, ""C05"": 0, ""C06"": 0, ""C07"": 0, ""C08"": 0, ""C09"": 0, ""C10"": 0, ""C11"": 0, ""C12"": 0, ""C13"": 0, ""C14"": 0, ""C15"": 0, ""C16"": 0, ""C17"": 0, ""C18"": 0, ""C19"": 0, ""C20"": 0, ""C21"": 0, ""C22"": 0, ""C23"": 1559, ""C24"": 0, ""C25"": 0}","{""C01"": 0.025388173371521203, ""C02"": 0.025388173371521203, ""C03"": 0.025388173371521203, ""C04"": 0.025388173371521203, ""C05"": 0.025388173371521203, ""C06"": 0.025388173371521203, ""C07"": 0.025388173371521203, ""C08"": 0.025388173371521203, ""C09"": 0.025388173371521203, ""C10"": 0.025388173371521203, ""C11"": 0.025388173371521203, ""C12"": 0.025388173371521203, ""C13"": 0.025388173371521203, ""C14"": 0.025388173371521203, ""C15"": 0.025388173371521203, ""C16"": 0.025388173371521203, ""C17"": 0.025388173371521203, ""C18"": 0.025388173371521203, ""C19"": 0.025388173371521203, ""C20"": 0.025388173371521203, ""C21"": 0.025388173371521203, ""C22"": 0.025388173371521203, ""C23"": 0.024485332016252324, ""C24"": 0.025388173371521203, ""C25"": 0.025388173371521203}"
62,62,1,265,4.026955,25,"{""C01"": 1.146042, ""C02"": 1.154624, ""C03"": 1.174131, ""C04"": 1.204795, ""C05"": 1.241599, ""C06"": 1.144552, ""C07"": 1.172702, ""C08"": 1.152042, ""C09"": 1.160624, ""C10"": 1.692726, ""C11"": 1.601413, ""C12"": 1.613643, ""C13"": 1.61307, ""C14"": 1.609369, ""C15"": 1.613688, ""C16"": 1.598719, ""C17"": 1.614946, ""C18"": 1.698726, ""C19"": 1.607413, ""C20"": 2.381343, ""C21"": 2.34094, ""C22"": 2.391287, ""C23"": 2.438111, ""C24"": 2.390091, ""C25"": 2.387343}","{""C01"": 0, ""C02"": 0, ""C03"": 0, ""C04"": 0, ""C05"": 0, ""C06"": 0, ""C07"": 0, ""C08"": 0, ""C09"": 0, ""C10"": 0, ""C11"": 0, ""C12"": 0, ""C13"": 0, ""C14"": 0, ""C15"": 0, ""C16"": 0, ""C17"": 0, ""C18"": 0, ""C19"": 0, ""C20"": 0, ""C21"": 0, ""C22"": 0, ""C23"": 1558, ""C24"": 0, ""C25"": 0}","{""C01"": 0.025390840141216897, ""C02"": 0.025390840141216897, ""C03"": 0.025390840141216897, ""C04"": 0.025390840141216897, ""C05"": 0.025390840141216897, ""C06"": 0.025390840141216897, ""C07"": 0.025390840141216897, ""C08"": 0.025390840141216897, ""C09"": 0.025390840141216897, ""C10"": 0.025390840141216897, ""C11"": 0.025390840141216897, ""C12"": 0.025390840141216897, ""C13"": 0.025390840141216897, ""C14"": 0.025390840141216897, ""C15"": 0.025390840141216897, ""C16"": 0.025390840141216897, ""C17"": 0.025390840141216897, ""C18"": 0.025390840141216897, ""C19"": 0.025390840141216897, ""C20"": 0.025390840141216897, ""C21"": 0.025390840141216897, ""C22"": 0.025390840141216897, ""C23"": 0.024488576654871176, ""C24"": 0.025390840141216897, ""C25"": 0.025390840141216897}"
63,63,1,290,3.278085,25,"{""C01"": 1.141106, ""C02"": 1.153207, ""C03"": 1.17697, ""C04"": 1.210623, ""C05"": 1.247746, ""C06"": 1.140172, ""C07"": 1.174761, ""C08"": 1.147106, ""C09"": 1.159207, ""C10"": 1.697867, ""C11"": 1.600748, ""C12"": 1.607601, ""C13"": 1.604609, ""C14"": 1.602584, ""C15"": 1.611886, ""C16"": 1.598075, ""C17"": 1.605908, ""C18"": 1.703867, ""C19"": 1.606748, ""C20"": 2.386782, ""C21"": 2.351669, ""C22"": 2.40246, ""C23"": 2.444674, ""C24"": 2.400651, ""C25"": 2.392782}","{""C01"": 0, ""C02"": 0, ""C03"": 0, ""C04"": 0, ""C05"": 0, ""C06"": 0, ""C07"": 0, ""C08"": 0, ""C09"": 0, ""C10"": 0, ""C11"": 0, ""C12"": 0, ""C13"": 0, ""C14"": 0, ""C15"": 0, ""C16"": 0, ""C17"": 0, ""C18"": 0, ""C19"": 0, ""C20"": 0, ""C21"": 0, ""C22"": 0, ""C23"": 1556, ""C24"": 0, ""C25"": 0}","{""C01"": 0.02539210994617358, ""C02"": 0.02539210994617358, ""C03"": 0.02539210994617358, ""C04"": 0.02539210994617358, ""C05"": 0.02539210994617358, ""C06"": 0.02539210994617358, ""C07"": 0.02539210994617358, ""C08"": 0.02539210994617358, ""C09"": 0.02539210994617358, ""C10"": 0.02539210994617358, ""C11"": 0.02539210994617358, ""C12"": 0.02539210994617358, ""C13"": 0.02539210994617358, ""C14"": 0.02539210994617358, ""C15"": 0.02539210994617358, ""C16"": 0.02539210994617358, ""C17"": 0.02539210994617358, ""C18"": 0.02539210994617358, ""C19"": 0.02539210994617358, ""C20"": 0.02539210994617358, ""C21"": 0.02539210994617358, ""C22"": 0.02539210994617358, ""C23"": 0.024491005801724558, ""C24"": 0.02539210994617358, ""C25"": 0.02539210994617358}"
64,64,1,354,3.553237,25,"{""C01"": 1.13721, ""C02"": 1.153322, ""C03"": 1.181105, ""C04"": 1.2169, ""C05"": 1.253277, ""C06"": 1.136908, ""C07"": 1.178179, ""C08"": 1.14321, ""C09"": 1.159322, ""C10"": 1.701051, ""C11"": 1.597948, ""C12"": 1.600241, ""C13"": 1.596258, ""C14"": 1.597279, ""C15"": 1.61223, ""C16"": 1.595417, ""C17"": 1.596866, ""C18"": 1.707051, ""C19"": 1.603948, ""C20"": 2.394521, ""C21"": 2.363148, ""C22"": 2.412469, ""C23"": 2.448693, ""C24"": 2.41011, ""C25"": 2.400521}","{""C01"": 0, ""C02"": 0, ""C03"": 0, ""C04"": 0, ""C05"": 0, ""C06"": 0, ""C07"": 0, ""C08"": 0, ""C09"": 0, ""C10"": 0, ""C11"": 0, ""C12"": 0, ""C13"": 0, ""C14"": 0, ""C15"": 0, ""C16"": 0, ""C17"": 0, ""C18"": 0, ""C19"": 0, ""C20"": 0, ""C21"": 0, ""C22"": 0, ""C23"": 1555, ""C24"": 0, ""C25"": 0}","{""C01"": 0.02539301383345985, ""C02"": 0.02539301383345985, ""C03"": 0.02539301383345985, ""C04"": 0.02539301383345985, ""C05"": 0.02539301383345985, ""C06"": 0.02539301383345985, ""C07"": 0.02539301383345985, ""C08"": 0.02539301383345985, ""C09"": 0.02539301383345985, ""C10"": 0.02539301383345985, ""C11"": 0.02539301383345985, ""C12"": 0.02539301383345985, ""C13"": 0.02539301383345985, ""C14"": 0.02539301383345985, ""C15"": 0.02539301383345985, ""C16"": 0.02539301383345985, ""C17"": 0.02539301383345985, ""C18"": 0.02539301383345985, ""C19"": 0.02539301383345985, ""C20"": 0.02539301383345985, ""C21"": 0.02539301383345985, ""C22"": 0.02539301383345985, ""C23"": 0.024492489121925004, ""C24"": 0.02539301383345985, ""C25"": 0.02539301383345985}"
65,65,1,424,5.318126,25,"{""C01"": 1.134605, ""C02"": 1.15497, ""C03"": 1.186291, ""C04"": 1.223244, ""C05"": 1.257857, ""C06"": 1.134989, ""C07"": 1.182749, ""C08"": 1.140605, ""C09"": 1.16097, ""C10"": 1.702096, ""C11"": 1.5932, ""C12"": 1.592035, ""C13"": 1.588554, ""C14"": 1.5938, ""C15"": 1.614713, ""C16"": 1.590926, ""C17"": 1.588387, ""C18"": 1.708096, ""C19"": 1.5992, ""C20"": 2.404103, ""C21"": 2.374692, ""C22"": 2.42072, ""C23"": 2.449944, ""C24"": 2.417886, ""C25"": 2.410103}","{""C01"": 0, ""C02"": 0, ""C03"": 0, ""C04"": 0, ""C05"": 0, ""C06"": 0, ""C07"": 0, ""C08"": 0, ""C09"": 0, ""C10"": 0, ""C11"": 0, ""C12"": 0, ""C13"": 0, ""C14"": 0, ""C15"": 0, ""C16"": 0, ""C17"": 0, ""C18"": 0, ""C19"": 0, ""C20"": 0, ""C21"": 0, ""C22"": 0, ""C23"": 1555, ""C24"": 0, ""C25"": 0}","{""C01"": 0.025393475451461173, ""C02"": 0.025393475451461173, ""C03"": 0.025393475451461173, ""C04"": 0.025393475451461173, ""C05"": 0.025393475451461173, ""C06"": 0.025393475451461173, ""C07"": 0.025393475451461173, ""C08"": 0.025393475451461173, ""C09"": 0.025393475451461173, ""C10"": 0.025393475451461173, ""C11"": 0.025393475451461173, ""C12"": 0.025393475451461173, ""C13"": 0.025393475451461173, ""C14"": 0.025393475451461173, ""C15"": 0.025393475451461173, ""C16"": 0.025393475451461173, ""C17"": 0.025393475451461173, ""C18"": 0.025393475451461173, ""C19"": 0.025393475451461173, ""C20"": 0.025393475451461173, ""C21"": 0.025393475451461173, ""C22"": 0.025393475451461173, ""C23"": 0.02449295032963303, ""C24"": 0.025393475451461173, ""C25"": 0.025393475451461173}"
66,66,1,584,4.954600,25,"{""C01"": 1.133464, ""C02"": 1.158057, ""C03"": 1.192212, ""C04"": 1.22927, ""C05"": 1.26121, ""C06"": 1.134564, ""C07"": 1.188189, ""C08"": 1.139464, ""C09"": 1.164057, ""C10"": 1.70095, ""C11"": 1.586816, ""C12"": 1.583508, ""C13"": 1.581988, ""C14"": 1.592377, ""C15"": 1.619196, ""C16"": 1.584909, ""C17"": 1.580996, ""C18"": 1.70695, ""C19"": 1.592816, ""C20"": 2.414958, ""C21"": 2.385607, ""C22"": 2.426723, ""C23"": 2.448374, ""C24"": 2.4235, ""C25"": 2.420958}","{""C01"": 0, ""C02"": 0, ""C03"": 0, ""C04"": 0, ""C05"": 0, ""C06"": 0, ""C07"": 0, ""C08"": 0, ""C09"": 0, ""C10"": 0, ""C11"": 0, ""C12"": 0, ""C13"": 0, ""C14"": 0, ""C15"": 0, ""C16"": 0, ""C17"": 0, ""C18"": 0, ""C19"": 0, ""C20"": 0, ""C21"": 0, ""C22"": 0, ""C23"": 1556, ""C24"": 0, ""C25"": 0}","{""C01"": 0.02539347711762184, ""C02"": 0.02539347711762184, ""C03"": 0.02539347711762184, ""C04"": 0.02539347711762184, ""C05"": 0.02539347711762184, ""C06"": 0.02539347711762184, ""C07"": 0.02539347711762184, ""C08"": 0.02539347711762184, ""C09"": 0.02539347711762184, ""C10"": 0.02539347711762184, ""C11"": 0.02539347711762184, ""C12"": 0.02539347711762184, ""C13"": 0.02539347711762184, ""C14"": 0.02539347711762184, ""C15"": 0.02539347711762184, ""C16"": 0.02539347711762184, ""C17"": 0.02539347711762184, ""C18"": 0.02539347711762184, ""C19"": 0.02539347711762184, ""C20"": 0.02539347711762184, ""C21"": 0.02539347711762184, ""C22"": 0.02539347711762184, ""C23"": 0.024492371758814538, ""C24"": 0.02539347711762184, ""C25"": 0.02539347711762184}"
67,67,1,968,8.456278,25,"{""C01"": 1.133863, ""C02"": 1.1624, ""C03"": 1.198508, ""C04"": 1.234611, ""C05"": 1.263135, ""C06"": 1.135682, ""C07"": 1.194162, ""C08"": 1.139863, ""C09"": 1.1684, ""C10"": 1.6977, ""C11"": 1.579205, ""C12"": 1.575204, ""C13"": 1.576983, ""C14"": 1.593113, ""C15"": 1.625413, ""C16"": 1.577762, ""C17"": 1.575153, ""C18"": 1.7037, ""C19"": 1.585205, ""C20"": 2.426436, ""C21"": 2.395238, ""C22"": 2.43013, ""C23"": 2.444106, ""C24"": 2.426614, ""C25"": 2.432436}","{""C01"": 0, ""C02"": 0, ""C03"": 0, ""C04"": 0, ""C05"": 0, ""C06"": 0, ""C07"": 0, ""C08"": 0, ""C09"": 0, ""C10"": 0, ""C11"": 0, ""C12"": 0, ""C13"": 0, ""C14"": 0, ""C15"": 0, ""C16"": 0, ""C17"": 0, ""C18"": 0, ""C19"": 0, ""C20"": 0, ""C21"": 0, ""C22"": 0, ""C23"": 1556, ""C24"": 0, ""C25"": 0}","{""C01"": 0.02539189979914218, ""C02"": 0.02539189979914218, ""C03"": 0.02539189979914218, ""C04"": 0.02539189979914218, ""C05"": 0.02539189979914218, ""C06"": 0.02539189979914218, ""C07"": 0.02539189979914218, ""C08"": 0.02539189979914218, ""C09"": 0.02539189979914218, ""C10"": 0.02539189979914218, ""C11"": 0.02539189979914218, ""C12"": 0.02539189979914218, ""C13"": 0.02539189979914218, ""C14"": 0.02539189979914218, ""C15"": 0.02539189979914218, ""C16"": 0.02539189979914218, ""C17"": 0.02539189979914218, ""C18"": 0.02539189979914218, ""C19"": 0.02539189979914218, ""C20"": 0.02539189979914218, ""C21"": 0.02539189979914218, ""C22"": 0.02539189979914218, ""C23"": 0.024490795841344393, ""C24"": 0.02539189979914218, ""C25"": 0.02539189979914218}"
68,68,1,575,6.166969,25,"{""C01"": 1.135786, ""C02"": 1.167737, ""C03"": 1.204797, ""C04"": 1.238943, ""C05"": 1.263522, ""C06"": 1.138302, ""C07"": 1.200305, ""C08"": 1.141786, ""C09"": 1.173737, ""C10"": 1.692559, ""C11"": 1.570854, ""C12"": 1.567651, ""C13"": 1.573862, ""C14"": 1.595973, ""C15"": 1.632991, ""C16"": 1.56996, ""C17"": 1.571217, ""C18"": 1.698559, ""C19"": 1.576854, ""C20"": 2.437842, ""C21"": 2.403008, ""C22"": 2.430749, ""C23"": 2.437424, ""C24"": 2.427041, ""C25"": 2.443842}","{""C01"": 0, ""C02"": 0, ""C03"": 0, ""C04"": 0, ""C05"": 0, ""C06"": 0, ""C07"": 0, ""C08"": 0, ""C09"": 0, ""C10"": 0, ""C11"": 0, ""C12"": 0, ""C13"": 0, ""C14"": 0, ""C15"": 0, ""C16"": 0, ""C17"": 0, ""C18"": 0, ""C19"": 0, ""C20"": 343, ""C21"": 0, ""C22"": 0, ""C23"": 327, ""C24"": 0, ""C25"": 888}","{""C01"": 0.025391975946118903, ""C02"": 0.025391975946118903, ""C03"": 0.025391975946118903, ""C04"": 0.025391975946118903, ""C05"": 0.025391975946118903, ""C06"": 0.025391975946118903, ""C07"": 0.025391975946118903, ""C08"": 0.025391975946118903, ""C09"": 0.025391975946118903, ""C10"": 0.025391975946118903, ""C11"": 0.025391975946118903, ""C12"": 0.025391975946118903, ""C13"": 0.025391975946118903, ""C14"": 0.025391975946118903, ""C15"": 0.025391975946118903, ""C16"": 0.025391975946118903, ""C17"": 0.025391975946118903, ""C18"": 0.025391975946118903, ""C19"": 0.025391975946118903, ""C20"": 0.025193338705328548, ""C21"": 0.025391975946118903, ""C22"": 0.025391975946118903, ""C23"": 0.02520260430186521, ""C24"": 0.025391975946118903, ""C25"": 0.024877722529501305}"
69,69,1,274,2.289718,25,"{""C01"": 1.139121, ""C02"": 1.173742, ""C03"": 1.210693, ""C04"": 1.242002, ""C05"": 1.262351, ""C06"": 1.142287, ""C07"": 1.206239, ""C08"": 1.145121, ""C09"": 1.179742, ""C10"": 1.685858, ""C11"": 1.562293, ""C12"": 1.561331, ""C13"": 1.572831, ""C14"": 1.600792, ""C15"": 1.641469, ""C16"": 1.562018, ""C17"": 1.569431, ""C18"": 1.691858, ""C19"": 1.568293, ""C20"": 2.448489, ""C21"": 2.408454, ""C22"": 2.428563, ""C23"": 2.428765, ""C24"": 2.424768, ""C25"": 2.454489}","{""C01"": 0, ""C02"": 0, ""C03"": 0, ""C04"": 0, ""C05"": 0, ""C06"": 0, ""C07"": 0, ""C08"": 0, ""C09"": 0, ""C10"": 0, ""C11"": 0, ""C12"": 0, ""C13"": 0, ""C14"": 0, ""C15"": 0, ""C16"": 0, ""C17"": 0, ""C18"": 0, ""C19"": 0, ""C20"": 665, ""C21"": 0, ""C22"": 0, ""C23"": 0, ""C24"": 0, ""C25"": 891}","{""C01"": 0.02539478629791589, ""C02"": 0.02539478629791589, ""C03"": 0.02539478629791589, ""C04"": 0.02539478629791589, ""C05"": 0.02539478629791589, ""C06"": 0.02539478629791589, ""C07"": 0.02539478629791589, ""C08"": 0.02539478629791589, ""C09"": 0.02539478629791589, ""C10"": 0.02539478629791589, ""C11"": 0.02539478629791589, ""C12"": 0.02539478629791589, ""C13"": 0.02539478629791589, ""C14"": 0.02539478629791589, ""C15"": 0.02539478629791589, ""C16"": 0.02539478629791589, ""C17"": 0.02539478629791589, ""C18"": 0.02539478629791589, ""C19"": 0.02539478629791589, ""C20"": 0.025009672709448896, ""C21"": 0.02539478629791589, ""C22"": 0.02539478629791589, ""C23"": 0.02539478629791589, ""C24"": 0.02539478629791589, ""C25"": 0.02487879518047723}"
70,70,1,181,1.546403,25,"{""C01"": 1.143666, ""C02"": 1.180048, ""C03"": 1.215836, ""C04"": 1.243606, ""C05"": 1.259704, ""C06"": 1.14741, ""C07"": 1.211602, ""C08"": 1.149666, ""C09"": 1.186048, ""C10"": 1.678025, ""C11"": 1.554064, ""C12"": 1.556647, ""C13"": 1.573966, ""C14"": 1.607281, ""C15"": 1.650331, ""C16"": 1.554458, ""C17"": 1.569902, ""C18"": 1.684025, ""C19"": 1.560064, ""C20"": 2.457734, ""C21"": 2.411255, ""C22"": 2.423726, ""C23"": 2.418687, ""C24"": 2.419952, ""C25"": 2.463734}","{""C01"": 0, ""C02"": 0, ""C03"": 0, ""C04"": 0, ""C05"": 0, ""C06"": 0, ""C07"": 0, ""C08"": 0, ""C09"": 0, ""C10"": 0, ""C11"": 0, ""C12"": 0, ""C13"": 0, ""C14"": 0, ""C15"": 0, ""C16"": 0, ""C17"": 0, ""C18"": 0, ""C19"": 0, ""C20"": 709, ""C21"": 0, ""C22"": 0, ""C23"": 0, ""C24"": 0, ""C25"": 845}","{""C01"": 0.02539695870379216, ""C02"": 0.02539695870379216, ""C03"": 0.02539695870379216, ""C04"": 0.02539695870379216, ""C05"": 0.02539695870379216, ""C06"": 0.02539695870379216, ""C07"": 0.02539695870379216, ""C08"": 0.02539695870379216, ""C09"": 0.02539695870379216, ""C10"": 0.02539695870379216, ""C11"": 0.02539695870379216, ""C12"": 0.02539695870379216, ""C13"": 0.02539695870379216, ""C14"": 0.02539695870379216, ""C15"": 0.02539695870379216, ""C16"": 0.02539695870379216, ""C17"": 0.02539695870379216, ""C18"": 0.02539695870379216, ""C19"": 0.02539695870379216, ""C20"": 0.02498636424664616, ""C21"": 0.02539695870379216, ""C22"": 0.02539695870379216, ""C23"": 0.02539695870379216, ""C24"": 0.02539695870379216, ""C25"": 0.024907607440606425}"
71,71,1,130,1.072481,25,"{""C01"": 1.149146, ""C02"": 1.186269, ""C03"": 1.219914, ""C04"": 1.243661, ""C05"": 1.255749, ""C06"": 1.153378, ""C07"": 1.21607, ""C08"": 1.155146, ""C09"": 1.192269, ""C10"": 1.669558, ""C11"": 1.546691, ""C12"": 1.553901, ""C13"": 1.577204, ""C14"": 1.615047, ""C15"": 1.659037, ""C16"": 1.547787, ""C17"": 1.572598, ""C18"": 1.675558, ""C19"": 1.552691, ""C20"": 2.465018, ""C21"": 2.411256, ""C22"": 2.416556, ""C23"": 2.407833, ""C24"": 2.412911, ""C25"": 2.471018}","{""C01"": 0, ""C02"": 0, ""C03"": 0, ""C04"": 0, ""C05"": 0, ""C06"": 0, ""C07"": 0, ""C08"": 0, ""C09"": 0, ""C10"": 0, ""C11"": 0, ""C12"": 0, ""C13"": 0, ""C14"": 0, ""C15"": 0, ""C16"": 0, ""C17"": 0, ""C18"": 0, ""C19"": 0, ""C20"": 732, ""C21"": 0, ""C22"": 0, ""C23"": 0, ""C24"": 0, ""C25"": 821}","{""C01"": 0.025399009849232823, ""C02"": 0.025399009849232823, ""C03"": 0.025399009849232823, ""C04"": 0.025399009849232823, ""C05"": 0.025399009849232823, ""C06"": 0.025399009849232823, ""C07"": 0.025399009849232823, ""C08"": 0.025399009849232823, ""C09"": 0.025399009849232823, ""C10"": 0.025399009849232823, ""C11"": 0.025399009849232823, ""C12"": 0.025399009849232823, ""C13"": 0.025399009849232823, ""C14"": 0.025399009849232823, ""C15"": 0.025399009849232823, ""C16"": 0.025399009849232823, ""C17"": 0.025399009849232823, ""C18"": 0.025399009849232823, ""C19"": 0.025399009849232823, ""C20"": 0.02497509534283006, ""C21"": 0.025399009849232823, ""C22"": 0.025399009849232823, ""C23"": 0.025399009849232823, ""C24"": 0.025399009849232823, ""C25"": 0.024923556772007412}"
72,72,1,108,0.944493,25,"{""C01"": 1.155224, ""C02"": 1.192025, ""C03"": 1.222677, ""C04"": 1.242169, ""C05"": 1.25074, ""C06"": 1.159834, ""C07"": 1.219372, ""C08"": 1.161224, ""C09"": 1.198025, ""C10"": 1.660991, ""C11"": 1.54064, ""C12"": 1.553273, ""C13"": 1.582355, ""C14"": 1.623615, ""C15"": 1.667054, ""C16"": 1.542449, ""C17"": 1.577352, ""C18"": 1.666991, ""C19"": 1.54664, ""C20"": 2.469906, ""C21"": 2.408472, ""C22"": 2.407516, ""C23"": 2.396894, ""C24"": 2.404103, ""C25"": 2.475906}","{""C01"": 0, ""C02"": 0, ""C03"": 0, ""C04"": 0, ""C05"": 0, ""C06"": 0, ""C07"": 0, ""C08"": 0, ""C09"": 0, ""C10"": 0, ""C11"": 0, ""C12"": 0, ""C13"": 0, ""C14"": 0, ""C15"": 0, ""C16"": 0, ""C17"": 0, ""C18"": 0, ""C19"": 0, ""C20"": 751, ""C21"": 0, ""C22"": 0, ""C23"": 0, ""C24"": 0, ""C25"": 801}","{""C01"": 0.02540018446903579, ""C02"": 0.02540018446903579, ""C03"": 0.02540018446903579, ""C04"": 0.02540018446903579, ""C05"": 0.02540018446903579, ""C06"": 0.02540018446903579, ""C07"": 0.02540018446903579, ""C08"": 0.02540018446903579, ""C09"": 0.02540018446903579, ""C10"": 0.02540018446903579, ""C11"": 0.02540018446903579, ""C12"": 0.02540018446903579, ""C13"": 0.02540018446903579, ""C14"": 0.02540018446903579, ""C15"": 0.02540018446903579, ""C16"": 0.02540018446903579, ""C17"": 0.02540018446903579, ""C18"": 0.02540018446903579, ""C19"": 0.02540018446903579, ""C20"": 0.024965266717248254, ""C21"": 0.02540018446903579, ""C22"": 0.02540018446903579, ""C23"": 0.02540018446903579, ""C24"": 0.02540018446903579, ""C25"": 0.0249363138765452}"
73,73,1,98,0.832027,25,"{""C01"": 1.161528, ""C02"": 1.196963, ""C03"": 1.223959, ""C04"": 1.239227, ""C05"": 1.244992, ""C06"": 1.166393, ""C07"": 1.221316, ""C08"": 1.167528, ""C09"": 1.202963, ""C10"": 1.652866, ""C11"": 1.536296, ""C12"": 1.554811, ""C13"": 1.589107, ""C14"": 1.632463, ""C15"": 1.673893, ""C16"": 1.538809, ""C17"": 1.58387, ""C18"": 1.658866, ""C19"": 1.542296, ""C20"": 2.472108, ""C21"": 2.403092, ""C22"": 2.397183, ""C23"": 2.386565, ""C24"": 2.394102, ""C25"": 2.478108}","{""C01"": 0, ""C02"": 0, ""C03"": 0, ""C04"": 0, ""C05"": 0, ""C06"": 0, ""C07"": 0, ""C08"": 0, ""C09"": 0, ""C10"": 0, ""C11"": 0, ""C12"": 0, ""C13"": 0, ""C14"": 0, ""C15"": 0, ""C16"": 0, ""C17"": 0, ""C18"": 0, ""C19"": 0, ""C20"": 743, ""C21"": 0, ""C22"": 0, ""C23"": 0, ""C24"": 0, ""C25"": 808}","{""C01"": 0.025400416113914817, ""C02"": 0.025400416113914817, ""C03"": 0.025400416113914817, ""C04"": 0.025400416113914817, ""C05"": 0.025400416113914817, ""C06"": 0.025400416113914817, ""C07"": 0.025400416113914817, ""C08"": 0.025400416113914817, ""C09"": 0.025400416113914817, ""C10"": 0.025400416113914817, ""C11"": 0.025400416113914817, ""C12"": 0.025400416113914817, ""C13"": 0.025400416113914817, ""C14"": 0.025400416113914817, ""C15"": 0.025400416113914817, ""C16"": 0.025400416113914817, ""C17"": 0.025400416113914817, ""C18"": 0.025400416113914817, ""C19"": 0.025400416113914817, ""C20"": 0.02497013176865341, ""C21"": 0.025400416113914817, ""C22"": 0.025400416113914817, ""C23"": 0.025400416113914817, ""C24"": 0.025400416113914817, ""C25"": 0.02493249258575177}"
74,74,1,93,0.805125,25,"{""C01"": 1.167671, ""C02"": 1.20078, ""C03"": 1.223686, ""C04"": 1.235024, ""C05"": 1.238867, ""C06"": 1.17266, ""C07"": 1.22179, ""C08"": 1.173671, ""C09"": 1.20678, ""C10"": 1.645697, ""C11"": 1.533939, ""C12"": 1.558426, ""C13"": 1.597049, ""C14"": 1.641048, ""C15"": 1.679137, ""C16"": 1.537127, ""C17"": 1.591751, ""C18"": 1.651697, ""C19"": 1.539939, ""C20"": 2.471501, ""C21"": 2.395464, ""C22"": 2.386212, ""C23"": 2.377503, ""C24"": 2.383554, ""C25"": 2.477501}","{""C01"": 0, ""C02"": 0, ""C03"": 0, ""C04"": 0, ""C05"": 0, ""C06"": 0, ""C07"": 0, ""C08"": 0, ""C09"": 0, ""C10"": 0, ""C11"": 0, ""C12"": 0, ""C13"": 0, ""C14"": 0, ""C15"": 0, ""C16"": 0, ""C17"": 0, ""C18"": 0, ""C19"": 0, ""C20"": 740, ""C21"": 0, ""C22"": 0, ""C23"": 0, ""C24"": 0, ""C25"": 812}","{""C01"": 0.02540078051912445, ""C02"": 0.02540078051912445, ""C03"": 0.02540078051912445, ""C04"": 0.02540078051912445, ""C05"": 0.02540078051912445, ""C06"": 0.02540078051912445, ""C07"": 0.02540078051912445, ""C08"": 0.02540078051912445, ""C09"": 0.02540078051912445, ""C10"": 0.02540078051912445, ""C11"": 0.02540078051912445, ""C12"": 0.02540078051912445, ""C13"": 0.02540078051912445, ""C14"": 0.02540078051912445, ""C15"": 0.02540078051912445, ""C16"": 0.02540078051912445, ""C17"": 0.02540078051912445, ""C18"": 0.02540078051912445, ""C19"": 0.02540078051912445, ""C20"": 0.02497223306729652, ""C21"": 0.02540078051912445, ""C22"": 0.02540078051912445, ""C23"": 0.02540078051912445, ""C24"": 0.02540078051912445, ""C25"": 0.02493053906390126}"
75,75,1,85,0.706135,25,"{""C01"": 1.173277, ""C02"": 1.203243, ""C03"": 1.221879, ""C04"": 1.229826, ""C05"": 1.232752, ""C06"": 1.178253, ""C07"": 1.220778, ""C08"": 1.179277, ""C09"": 1.209243, ""C10"": 1.639937, ""C11"": 1.533721, ""C12"": 1.563903, ""C13"": 1.605693, ""C14"": 1.648844, ""C15"": 1.682467, ""C16"": 1.537535, ""C17"": 1.60051, ""C18"": 1.645937, ""C19"": 1.539721, ""C20"": 2.468138, ""C21"": 2.386076, ""C22"": 2.3753, ""C23"": 2.370285, ""C24"": 2.373148, ""C25"": 2.474138}","{""C01"": 0, ""C02"": 0, ""C03"": 0, ""C04"": 0, ""C05"": 0, ""C06"": 0, ""C07"": 0, ""C08"": 0, ""C09"": 0, ""C10"": 0, ""C11"": 0, ""C12"": 0, ""C13"": 0, ""C14"": 0, ""C15"": 0, ""C16"": 0, ""C17"": 0, ""C18"": 0, ""C19"": 0, ""C20"": 749, ""C21"": 0, ""C22"": 0, ""C23"": 0, ""C24"": 0, ""C25"": 803}","{""C01"": 0.025399543097826563, ""C02"": 0.025399543097826563, ""C03"": 0.025399543097826563, ""C04"": 0.025399543097826563, ""C05"": 0.025399543097826563, ""C06"": 0.025399543097826563, ""C07"": 0.025399543097826563, ""C08"": 0.025399543097826563, ""C09"": 0.025399543097826563, ""C10"": 0.025399543097826563, ""C11"": 0.025399543097826563, ""C12"": 0.025399543097826563, ""C13"": 0.025399543097826563, ""C14"": 0.025399543097826563, ""C15"": 0.025399543097826563, ""C16"": 0.025399543097826563, ""C17"": 0.025399543097826563, ""C18"": 0.025399543097826563, ""C19"": 0.025399543097826563, ""C20"": 0.02496578393319764, ""C21"": 0.025399543097826563, ""C22"": 0.025399543097826563, ""C23"": 0.025399543097826563, ""C24"": 0.025399543097826563, ""C25"": 0.024934514837005848}"
76,76,1,83,1.233672,25,"{""C01"": 1.177999, ""C02"": 1.204205, ""C03"": 1.218655, ""C04"": 1.22396, ""C05"": 1.227031, ""C06"": 1.182826, ""C07"": 1.218355, ""C08"": 1.183999, ""C09"": 1.210205, ""C10"": 1.635951, ""C11"": 1.535664, ""C12"": 1.570907, ""C13"": 1.61451, ""C14"": 1.655373, ""C15"": 1.683683, ""C16"": 1.540038, ""C17"": 1.609612, ""C18"": 1.641951, ""C19"": 1.541664, ""C20"": 2.462238, ""C21"": 2.375523, ""C22"": 2.365137, ""C23"": 2.365371, ""C24"": 2.363561, ""C25"": 2.468238}","{""C01"": 0, ""C02"": 0, ""C03"": 0, ""C04"": 0, ""C05"": 0, ""C06"": 0, ""C07"": 0, ""C08"": 0, ""C09"": 0, ""C10"": 0, ""C11"": 0, ""C12"": 0, ""C13"": 0, ""C14"": 0, ""C15"": 0, ""C16"": 0, ""C17"": 0, ""C18"": 0, ""C19"": 0, ""C20"": 743, ""C21"": 0, ""C22"": 0, ""C23"": 0, ""C24"": 0, ""C25"": 810}","{""C01"": 0.025397978492731454, ""C02"": 0.025397978492731454, ""C03"": 0.025397978492731454, ""C04"": 0.025397978492731454, ""C05"": 0.025397978492731454, ""C06"": 0.025397978492731454, ""C07"": 0.025397978492731454, ""C08"": 0.025397978492731454, ""C09"": 0.025397978492731454, ""C10"": 0.025397978492731454, ""C11"": 0.025397978492731454, ""C12"": 0.025397978492731454, ""C13"": 0.025397978492731454, ""C14"": 0.025397978492731454, ""C15"": 0.025397978492731454, ""C16"": 0.025397978492731454, ""C17"": 0.025397978492731454, ""C18"": 0.025397978492731454, ""C19"": 0.025397978492731454, ""C20"": 0.02496769412069376, ""C21"": 0.025397978492731454, ""C22"": 0.025397978492731454, ""C23"": 0.025397978492731454, ""C24"": 0.025397978492731454, ""C25"": 0.02492889666682235}"
77,77,1,81,1.350526,25,"{""C01"": 1.18155, ""C02"": 1.203608, ""C03"": 1.214217, ""C04"": 1.217794, ""C05"": 1.222062, ""C06"": 1.186098, ""C07"": 1.21468, ""C08"": 1.18755, ""C09"": 1.209608, ""C10"": 1.633993, ""C11"": 1.539653, ""C12"": 1.579009, ""C13"": 1.622958, ""C14"": 1.660236, ""C15"": 1.682716, ""C16"": 1.544504, ""C17"": 1.618503, ""C18"": 1.639993, ""C19"": 1.545653, ""C20"": 2.45418, ""C21"": 2.364473, ""C22"": 2.356366, ""C23"": 2.363078, ""C24"": 2.355425, ""C25"": 2.46018}","{""C01"": 0, ""C02"": 0, ""C03"": 0, ""C04"": 0, ""C05"": 0, ""C06"": 0, ""C07"": 0, ""C08"": 0, ""C09"": 0, ""C10"": 0, ""C11"": 0, ""C12"": 0, ""C13"": 0, ""C14"": 0, ""C15"": 0, ""C16"": 0, ""C17"": 0, ""C18"": 0, ""C19"": 0, ""C20"": 748, ""C21"": 0, ""C22"": 0, ""C23"": 0, ""C24"": 0, ""C25"": 807}","{""C01"": 0.025396180591442566, ""C02"": 0.025396180591442566, ""C03"": 0.025396180591442566, ""C04"": 0.025396180591442566, ""C05"": 0.025396180591442566, ""C06"": 0.025396180591442566, ""C07"": 0.025396180591442566, ""C08"": 0.025396180591442566, ""C09"": 0.025396180591442566, ""C10"": 0.025396180591442566, ""C11"": 0.025396180591442566, ""C12"": 0.025396180591442566, ""C13"": 0.025396180591442566, ""C14"": 0.025396180591442566, ""C15"": 0.025396180591442566, ""C16"": 0.025396180591442566, ""C17"": 0.025396180591442566, ""C18"": 0.025396180591442566, ""C19"": 0.025396180591442566, ""C20"": 0.024963000194189466, ""C21"": 0.025396180591442566, ""C22"": 0.025396180591442566, ""C23"": 0.025396180591442566, ""C24"": 0.025396180591442566, ""C25"": 0.024928835501480298}"
78,78,1,87,1.238657,25,"{""C01"": 1.183711, ""C02"": 1.201494, ""C03"": 1.208846, ""C04"": 1.211716, ""C05"": 1.21816, ""C06"": 1.187859, ""C07"": 1.209995, ""C08"": 1.189711, ""C09"": 1.207494, ""C10"": 1.634191, ""C11"": 1.545447, ""C12"": 1.587713, ""C13"": 1.630518, ""C14"": 1.663136, ""C15"": 1.679633, ""C16"": 1.550678, ""C17"": 1.626645, ""C18"": 1.640191, ""C19"": 1.551447, ""C20"": 2.444476, ""C21"": 2.353624, ""C22"": 2.349544, ""C23"": 2.36356, ""C24"": 2.34928, ""C25"": 2.450476}","{""C01"": 0, ""C02"": 0, ""C03"": 0, ""C04"": 0, ""C05"": 0, ""C06"": 0, ""C07"": 0, ""C08"": 0, ""C09"": 0, ""C10"": 0, ""C11"": 0, ""C12"": 0, ""C13"": 0, ""C14"": 0, ""C15"": 0, ""C16"": 0, ""C17"": 0, ""C18"": 0, ""C19"": 0, ""C20"": 752, ""C21"": 0, ""C22"": 0, ""C23"": 0, ""C24"": 0, ""C25"": 805}","{""C01"": 0.025393763881810694, ""C02"": 0.025393763881810694, ""C03"": 0.025393763881810694, ""C04"": 0.025393763881810694, ""C05"": 0.025393763881810694, ""C06"": 0.025393763881810694, ""C07"": 0.025393763881810694, ""C08"": 0.025393763881810694, ""C09"": 0.025393763881810694, ""C10"": 0.025393763881810694, ""C11"": 0.025393763881810694, ""C12"": 0.025393763881810694, ""C13"": 0.025393763881810694, ""C14"": 0.025393763881810694, ""C15"": 0.025393763881810694, ""C16"": 0.025393763881810694, ""C17"": 0.025393763881810694, ""C18"": 0.025393763881810694, ""C19"": 0.025393763881810694, ""C20"": 0.02495826701184501, ""C21"": 0.025393763881810694, ""C22"": 0.025393763881810694, ""C23"": 0.025393763881810694, ""C24"": 0.025393763881810694, ""C25"": 0.02492757695980947}"
79,79,1,101,1.414043,25,"{""C01"": 1.184351, ""C02"": 1.197998, ""C03"": 1.202879, ""C04"": 1.206107, ""C05"": 1.215569, ""C06"": 1.187993, ""C07"": 1.204601, ""C08"": 1.190351, ""C09"": 1.203998, ""C10"": 1.63654, ""C11"": 1.55269, ""C12"": 1.596482, ""C13"": 1.636725, ""C14"": 1.663899, ""C15"": 1.674631, ""C16"": 1.558193, ""C17"": 1.633547, ""C18"": 1.64254, ""C19"": 1.55869, ""C20"": 2.433738, ""C21"": 2.34366, ""C22"": 2.345103, ""C23"": 2.366796, ""C24"": 2.345546, ""C25"": 2.439738}","{""C01"": 0, ""C02"": 0, ""C03"": 0, ""C04"": 0, ""C05"": 0, ""C06"": 0, ""C07"": 0, ""C08"": 0, ""C09"": 0, ""C10"": 0, ""C11"": 0, ""C12"": 0, ""C13"": 0, ""C14"": 0, ""C15"": 0, ""C16"": 0, ""C17"": 0, ""C18"": 0, ""C19"": 0, ""C20"": 751, ""C21"": 0, ""C22"": 0, ""C23"": 0, ""C24"": 0, ""C25"": 808}","{""C01"": 0.025390951763083106, ""C02"": 0.025390951763083106, ""C03"": 0.025390951763083106, ""C04"": 0.025390951763083106, ""C05"": 0.025390951763083106, ""C06"": 0.025390951763083106, ""C07"": 0.025390951763083106, ""C08"": 0.025390951763083106, ""C09"": 0.025390951763083106, ""C10"": 0.025390951763083106, ""C11"": 0.025390951763083106, ""C12"": 0.025390951763083106, ""C13"": 0.025390951763083106, ""C14"": 0.025390951763083106, ""C15"": 0.025390951763083106, ""C16"": 0.025390951763083106, ""C17"": 0.025390951763083106, ""C18"": 0.025390951763083106, ""C19"": 0.025390951763083106, ""C20"": 0.024956034288127434, ""C21"": 0.025390951763083106, ""C22"": 0.025390951763083106, ""C23"": 0.025390951763083106, ""C24"": 0.025390951763083106, ""C25"": 0.02492302775631611}"
80,80,1,121,1.397791,25,"{""C01"": 1.183435, ""C02"": 1.193339, ""C03"": 1.19669, ""C04"": 1.201319, ""C05"": 1.214454, ""C06"": 1.186483, ""C07"": 1.198842, ""C08"": 1.189435, ""C09"": 1.199339, ""C10"": 1.640896, ""C11"": 1.560938, ""C12"": 1.604776, ""C13"": 1.641199, ""C14"": 1.662484, ""C15"": 1.668025, ""C16"": 1.566599, ""C17"": 1.638798, ""C18"": 1.646896, ""C19"": 1.566938, ""C20"": 2.422645, ""C21"": 2.33521, ""C22"": 2.343331, ""C23"": 2.372594, ""C24"": 2.344492, ""C25"": 2.428645}","{""C01"": 0, ""C02"": 0, ""C03"": 0, ""C04"": 0, ""C05"": 0, ""C06"": 0, ""C07"": 0, ""C08"": 0, ""C09"": 0, ""C10"": 0, ""C11"": 0, ""C12"": 0, ""C13"": 0, ""C14"": 0, ""C15"": 0, ""C16"": 0, ""C17"": 0, ""C18"": 0, ""C19"": 0, ""C20"": 733, ""C21"": 0, ""C22"": 0, ""C23"": 0, ""C24"": 0, ""C25"": 828}","{""C01"": 0.025388008340730295, ""C02"": 0.025388008340730295, ""C03"": 0.025388008340730295, ""C04"": 0.025388008340730295, ""C05"": 0.025388008340730295, ""C06"": 0.025388008340730295, ""C07"": 0.025388008340730295, ""C08"": 0.025388008340730295, ""C09"": 0.025388008340730295, ""C10"": 0.025388008340730295, ""C11"": 0.025388008340730295, ""C12"": 0.025388008340730295, ""C13"": 0.025388008340730295, ""C14"": 0.025388008340730295, ""C15"": 0.025388008340730295, ""C16"": 0.025388008340730295, ""C17"": 0.025388008340730295, ""C18"": 0.025388008340730295, ""C19"": 0.025388008340730295, ""C20"": 0.024963515098434187, ""C21"": 0.025388008340730295, ""C22"": 0.025388008340730295, ""C23"": 0.025388008340730295, ""C24"": 0.025388008340730295, ""C25"": 0.024908502309041333}"
81,81,1,186,1.589485,25,"{""C01"": 1.181022, ""C02"": 1.187811, ""C03"": 1.190667, ""C04"": 1.197652, ""C05"": 1.214888, ""C06"": 1.18341, ""C07"": 1.193083, ""C08"": 1.187022, ""C09"": 1.193811, ""C10"": 1.646996, ""C11"": 1.569683, ""C12"": 1.612085, ""C13"": 1.643667, ""C14"": 1.658982, ""C15"": 1.660232, ""C16"": 1.575381, ""C17"": 1.642092, ""C18"": 1.652996, ""C19"": 1.575683, ""C20"": 2.411893, ""C21"": 2.328807, ""C22"": 2.344344, ""C23"": 2.380603, ""C24"": 2.34622, ""C25"": 2.417893}","{""C01"": 0, ""C02"": 0, ""C03"": 0, ""C04"": 0, ""C05"": 0, ""C06"": 0, ""C07"": 0, ""C08"": 0, ""C09"": 0, ""C10"": 0, ""C11"": 0, ""C12"": 0, ""C13"": 0, ""C14"": 0, ""C15"": 0, ""C16"": 0, ""C17"": 0, ""C18"": 0, ""C19"": 0, ""C20"": 708, ""C21"": 0, ""C22"": 0, ""C23"": 0, ""C24"": 0, ""C25"": 855}","{""C01"": 0.025385178457641558, ""C02"": 0.025385178457641558, ""C03"": 0.025385178457641558, ""C04"": 0.025385178457641558, ""C05"": 0.025385178457641558, ""C06"": 0.025385178457641558, ""C07"": 0.025385178457641558, ""C08"": 0.025385178457641558, ""C09"": 0.025385178457641558, ""C10"": 0.025385178457641558, ""C11"": 0.025385178457641558, ""C12"": 0.025385178457641558, ""C13"": 0.025385178457641558, ""C14"": 0.025385178457641558, ""C15"": 0.025385178457641558, ""C16"": 0.025385178457641558, ""C17"": 0.025385178457641558, ""C18"": 0.025385178457641558, ""C19"": 0.025385178457641558, ""C20"": 0.024975163234881952, ""C21"": 0.025385178457641558, ""C22"": 0.025385178457641558, ""C23"": 0.025385178457641558, ""C24"": 0.025385178457641558, ""C25"": 0.02489003645207342}"
82,82,1,509,5.495572,25,"{""C01"": 1.177264, ""C02"": 1.181761, ""C03"": 1.185187, ""C04"": 1.195338, ""C05"": 1.216846, ""C06"": 1.178949, ""C07"": 1.187687, ""C08"": 1.183264, ""C09"": 1.187761, ""C10"": 1.654465, ""C11"": 1.578385, ""C12"": 1.617959, ""C13"": 1.643979, ""C14"": 1.653616, ""C15"": 1.651741, ""C16"": 1.583999, ""C17"": 1.643242, ""C18"": 1.660465, ""C19"": 1.584385, ""C20"": 2.402159, ""C21"": 2.324858, ""C22"": 2.348089, ""C23"": 2.390331, ""C24"": 2.350661, ""C25"": 2.408159}","{""C01"": 0, ""C02"": 0, ""C03"": 0, ""C04"": 0, ""C05"": 0, ""C06"": 0, ""C07"": 0, ""C08"": 0, ""C09"": 0, ""C10"": 0, ""C11"": 0, ""C12"": 0, ""C13"": 0, ""C14"": 0, ""C15"": 0, ""C16"": 0, ""C17"": 0, ""C18"": 0, ""C19"": 0, ""C20"": 536, ""C21"": 0, ""C22"": 0, ""C23"": 0, ""C24"": 0, ""C25"": 1029}","{""C01"": 0.025382922733871743, ""C02"": 0.025382922733871743, ""C03"": 0.025382922733871743, ""C04"": 0.025382922733871743, ""C05"": 0.025382922733871743, ""C06"": 0.025382922733871743, ""C07"": 0.025382922733871743, ""C08"": 0.025382922733871743, ""C09"": 0.025382922733871743, ""C10"": 0.025382922733871743, ""C11"": 0.025382922733871743, ""C12"": 0.025382922733871743, ""C13"": 0.025382922733871743, ""C14"": 0.025382922733871743, ""C15"": 0.025382922733871743, ""C16"": 0.025382922733871743, ""C17"": 0.025382922733871743, ""C18"": 0.025382922733871743, ""C19"": 0.025382922733871743, ""C20"": 0.025072515390385564, ""C21"": 0.025382922733871743, ""C22"": 0.025382922733871743, ""C23"": 0.025382922733871743, ""C24"": 0.025382922733871743, ""C25"": 0.02478701346539048}"
83,83,1,109,1.381865,25,"{""C01"": 1.172399, ""C02"": 1.175566, ""C03"": 1.180593, ""C04"": 1.194523, ""C05"": 1.220209, ""C06"": 1.173363, ""C07"": 1.182992, ""C08"": 1.178399, ""C09"": 1.181566, ""C10"": 1.662841, ""C11"": 1.586509, ""C12"": 1.622037, ""C13"": 1.642122, ""C14"": 1.646724, ""C15"": 1.643085, ""C16"": 1.59192, ""C17"": 1.642198, ""C18"": 1.668841, ""C19"": 1.592509, ""C20"": 2.394057, ""C21"": 2.323616, ""C22"": 2.354339, ""C23"": 2.401183, ""C24"": 2.357571, ""C25"": 2.400057}","{""C01"": 0, ""C02"": 0, ""C03"": 0, ""C04"": 0, ""C05"": 0, ""C06"": 0, ""C07"": 0, ""C08"": 0, ""C09"": 0, ""C10"": 0, ""C11"": 0, ""C12"": 0, ""C13"": 0, ""C14"": 0, ""C15"": 0, ""C16"": 0, ""C17"": 0, ""C18"": 0, ""C19"": 0, ""C20"": 462, ""C21"": 0, ""C22"": 0, ""C23"": 563, ""C24"": 0, ""C25"": 542}","{""C01"": 0.025381279471965362, ""C02"": 0.025381279471965362, ""C03"": 0.025381279471965362, ""C04"": 0.025381279471965362, ""C05"": 0.025381279471965362, ""C06"": 0.025381279471965362, ""C07"": 0.025381279471965362, ""C08"": 0.025381279471965362, ""C09"": 0.025381279471965362, ""C10"": 0.025381279471965362, ""C11"": 0.025381279471965362, ""C12"": 0.025381279471965362, ""C13"": 0.025381279471965362, ""C14"": 0.025381279471965362, ""C15"": 0.025381279471965362, ""C16"": 0.025381279471965362, ""C17"": 0.025381279471965362, ""C18"": 0.025381279471965362, ""C19"": 0.025381279471965362, ""C20"": 0.02511372687366198, ""C21"": 0.025381279471965362, ""C22"": 0.025381279471965362, ""C23"": 0.02505523882553874, ""C24"": 0.025381279471965362, ""C25"": 0.025067399341648044}"
84,84,1,682,8.916576,25,"{""C01"": 1.16673, ""C02"": 1.169615, ""C03"": 1.177174, ""C04"": 1.195259, ""C05"": 1.22477, ""C06"": 1.166982, ""C07"": 1.179294, ""C08"": 1.17273, ""C09"": 1.175615, ""C10"": 1.671609, ""C11"": 1.593552, ""C12"": 1.624069, ""C13"": 1.638213, ""C14"": 1.638738, ""C15"": 1.634804, ""C16"": 1.598648, ""C17"": 1.639042, ""C18"": 1.677609, ""C19"": 1.599552, ""C20"": 2.388096, ""C21"": 2.325165, ""C22"": 2.362714, ""C23"": 2.41249, ""C24"": 2.366556, ""C25"": 2.394096}","{""C01"": 0, ""C02"": 0, ""C03"": 0, ""C04"": 0, ""C05"": 0, ""C06"": 0, ""C07"": 0, ""C08"": 0, ""C09"": 0, ""C10"": 0, ""C11"": 0, ""C12"": 0, ""C13"": 0, ""C14"": 0, ""C15"": 0, ""C16"": 0, ""C17"": 0, ""C18"": 0, ""C19"": 0, ""C20"": 0, ""C21"": 0, ""C22"": 0, ""C23"": 1563, ""C24"": 0, ""C25"": 0}","{""C01"": 0.02538416867569733, ""C02"": 0.02538416867569733, ""C03"": 0.02538416867569733, ""C04"": 0.02538416867569733, ""C05"": 0.02538416867569733, ""C06"": 0.02538416867569733, ""C07"": 0.02538416867569733, ""C08"": 0.02538416867569733, ""C09"": 0.02538416867569733, ""C10"": 0.02538416867569733, ""C11"": 0.02538416867569733, ""C12"": 0.02538416867569733, ""C13"": 0.02538416867569733, ""C14"": 0.02538416867569733, ""C15"": 0.02538416867569733, ""C16"": 0.02538416867569733, ""C17"": 0.02538416867569733, ""C18"": 0.02538416867569733, ""C19"": 0.02538416867569733, ""C20"": 0.02538416867569733, ""C21"": 0.02538416867569733, ""C22"": 0.02538416867569733, ""C23"": 0.024479009937884617, ""C24"": 0.02538416867569733, ""C25"": 0.02538416867569733}"
85,85,1,382,3.283975,25,"{""C01"": 1.160613, ""C02"": 1.164279, ""C03"": 1.175144, ""C04"": 1.197503, ""C05"": 1.230248, ""C06"": 1.160187, ""C07"": 1.17682, ""C08"": 1.166613, ""C09"": 1.170279, ""C10"": 1.680226, ""C11"": 1.599081, ""C12"": 1.623933, ""C13"": 1.6325, ""C14"": 1.630159, ""C15"": 1.627418, ""C16"": 1.603758, ""C17"": 1.633988, ""C18"": 1.686226, ""C19"": 1.605081, ""C20"": 2.384654, ""C21"": 2.329414, ""C22"": 2.372698, ""C23"": 2.423555, ""C24"": 2.377086, ""C25"": 2.390654}","{""C01"": 0, ""C02"": 0, ""C03"": 0, ""C04"": 0, ""C05"": 0, ""C06"": 0, ""C07"": 0, ""C08"": 0, ""C09"": 0, ""C10"": 0, ""C11"": 0, ""C12"": 0, ""C13"": 0, ""C14"": 0, ""C15"": 0, ""C16"": 0, ""C17"": 0, ""C18"": 0, ""C19"": 0, ""C20"": 0, ""C21"": 0, ""C22"": 0, ""C23"": 1561, ""C24"": 0, ""C25"": 0}","{""C01"": 0.02538715879744928, ""C02"": 0.02538715879744928, ""C03"": 0.02538715879744928, ""C04"": 0.02538715879744928, ""C05"": 0.02538715879744928, ""C06"": 0.02538715879744928, ""C07"": 0.02538715879744928, ""C08"": 0.02538715879744928, ""C09"": 0.02538715879744928, ""C10"": 0.02538715879744928, ""C11"": 0.02538715879744928, ""C12"": 0.02538715879744928, ""C13"": 0.02538715879744928, ""C14"": 0.02538715879744928, ""C15"": 0.02538715879744928, ""C16"": 0.02538715879744928, ""C17"": 0.02538715879744928, ""C18"": 0.02538715879744928, ""C19"": 0.02538715879744928, ""C20"": 0.02538715879744928, ""C21"": 0.02538715879744928, ""C22"": 0.02538715879744928, ""C23"": 0.024483157876098283, ""C24"": 0.02538715879744928, ""C25"": 0.02538715879744928}"
86,86,1,284,3.811625,25,"{""C01"": 1.15443, ""C02"": 1.159893, ""C03"": 1.174631, ""C04"": 1.201119, ""C05"": 1.236304, ""C06"": 1.153385, ""C07"": 1.175722, ""C08"": 1.16043, ""C09"": 1.165893, ""C10"": 1.688162, ""C11"": 1.602755, ""C12"": 1.621641, ""C13"": 1.625341, ""C14"": 1.621524, ""C15"": 1.62139, ""C16"": 1.606922, ""C17"": 1.627366, ""C18"": 1.694162, ""C19"": 1.608755, ""C20"": 2.38395, ""C21"": 2.336106, ""C22"": 2.383678, ""C23"": 2.433697, ""C24"": 2.388536, ""C25"": 2.38995}","{""C01"": 0, ""C02"": 0, ""C03"": 0, ""C04"": 0, ""C05"": 0, ""C06"": 0, ""C07"": 0, ""C08"": 0, ""C09"": 0, ""C10"": 0, ""C11"": 0, ""C12"": 0, ""C13"": 0, ""C14"": 0, ""C15"": 0, ""C16"": 0, ""C17"": 0, ""C18"": 0, ""C19"": 0, ""C20"": 0, ""C21"": 0, ""C22"": 0, ""C23"": 1559, ""C24"": 0, ""C25"": 0}","{""C01"": 0.025389780738943907, ""C02"": 0.025389780738943907, ""C03"": 0.025389780738943907, ""C04"": 0.025389780738943907, ""C05"": 0.025389780738943907, ""C06"": 0.025389780738943907, ""C07"": 0.025389780738943907, ""C08"": 0.025389780738943907, ""C09"": 0.025389780738943907, ""C10"": 0.025389780738943907, ""C11"": 0.025389780738943907, ""C12"": 0.025389780738943907, ""C13"": 0.025389780738943907, ""C14"": 0.025389780738943907, ""C15"": 0.025389780738943907, ""C16"": 0.025389780738943907, ""C17"": 0.025389780738943907, ""C18"": 0.025389780738943907, ""C19"": 0.025389780738943907, ""C20"": 0.025389780738943907, ""C21"": 0.025389780738943907, ""C22"": 0.025389780738943907, ""C23"": 0.02448693795896551, ""C24"": 0.025389780738943907, ""C25"": 0.025389780738943907}"
87,87,1,291,2.419952,25,"{""C01"": 1.148567, ""C02"": 1.156731, ""C03"": 1.17567, ""C04"": 1.205882, ""C05"": 1.242565, ""C06"": 1.146983, ""C07"": 1.176066, ""C08"": 1.154567, ""C09"": 1.162731, ""C10"": 1.694924, ""C11"": 1.60435, ""C12"": 1.617337, ""C13"": 1.617186, ""C14"": 1.613372, ""C15"": 1.617097, ""C16"": 1.607929, ""C17"": 1.619601, ""C18"": 1.700924, ""C19"": 1.61035, ""C20"": 2.386035, ""C21"": 2.344831, ""C22"": 2.394975, ""C23"": 2.44229, ""C24"": 2.400217, ""C25"": 2.392035}","{""C01"": 0, ""C02"": 0, ""C03"": 0, ""C04"": 0, ""C05"": 0, ""C06"": 0, ""C07"": 0, ""C08"": 0, ""C09"": 0, ""C10"": 0, ""C11"": 0, ""C12"": 0, ""C13"": 0, ""C14"": 0, ""C15"": 0, ""C16"": 0, ""C17"": 0, ""C18"": 0, ""C19"": 0, ""C20"": 0, ""C21"": 0, ""C22"": 0, ""C23"": 1557, ""C24"": 0, ""C25"": 0}","{""C01"": 0.02539180861276452, ""C02"": 0.02539180861276452, ""C03"": 0.02539180861276452, ""C04"": 0.02539180861276452, ""C05"": 0.02539180861276452, ""C06"": 0.02539180861276452, ""C07"": 0.02539180861276452, ""C08"": 0.02539180861276452, ""C09"": 0.02539180861276452, ""C10"": 0.02539180861276452, ""C11"": 0.02539180861276452, ""C12"": 0.02539180861276452, ""C13"": 0.02539180861276452, ""C14"": 0.02539180861276452, ""C15"": 0.02539180861276452, ""C16"": 0.02539180861276452, ""C17"": 0.02539180861276452, ""C18"": 0.02539180861276452, ""C19"": 0.02539180861276452, ""C20"": 0.02539180861276452, ""C21"": 0.02539180861276452, ""C22"": 0.02539180861276452, ""C23"": 0.02449012450094189, ""C24"": 0.02539180861276452, ""C25"": 0.02539180861276452}"
88,88,1,339,2.771693,25,"{""C01"": 1.143391, ""C02"": 1.154992, ""C03"": 1.178197, ""C04"": 1.211499, ""C05"": 1.248641, ""C06"": 1.141369, ""C07"": 1.177825, ""C08"": 1.149391, ""C09"": 1.160992, ""C10"": 1.700097, ""C11"": 1.603768, ""C12"": 1.611294, ""C13"": 1.608543, ""C14"": 1.606214, ""C15"": 1.614809, ""C16"": 1.6067, ""C17"": 1.611186, ""C18"": 1.706097, ""C19"": 1.609768, ""C20"": 2.390783, ""C21"": 2.35505, ""C22"": 2.405893, ""C23"": 2.448806, ""C24"": 2.411423, ""C25"": 2.396783}","{""C01"": 0, ""C02"": 0, ""C03"": 0, ""C04"": 0, ""C05"": 0, ""C06"": 0, ""C07"": 0, ""C08"": 0, ""C09"": 0, ""C10"": 0, ""C11"": 0, ""C12"": 0, ""C13"": 0, ""C14"": 0, ""C15"": 0, ""C16"": 0, ""C17"": 0, ""C18"": 0, ""C19"": 0, ""C20"": 0, ""C21"": 0, ""C22"": 0, ""C23"": 1555, ""C24"": 0, ""C25"": 0}","{""C01"": 0.025393055544527407, ""C02"": 0.025393055544527407, ""C03"": 0.025393055544527407, ""C04"": 0.025393055544527407, ""C05"": 0.025393055544527407, ""C06"": 0.025393055544527407, ""C07"": 0.025393055544527407, ""C08"": 0.025393055544527407, ""C09"": 0.025393055544527407, ""C10"": 0.025393055544527407, ""C11"": 0.025393055544527407, ""C12"": 0.025393055544527407, ""C13"": 0.025393055544527407, ""C14"": 0.025393055544527407, ""C15"": 0.025393055544527407, ""C16"": 0.025393055544527407, ""C17"": 0.025393055544527407, ""C18"": 0.025393055544527407, ""C19"": 0.025393055544527407, ""C20"": 0.025393055544527407, ""C21"": 0.025393055544527407, ""C22"": 0.025393055544527407, ""C23"": 0.024492530795919384, ""C24"": 0.025393055544527407, ""C25"": 0.025393055544527407}"
89,89,1,393,3.418449,25,"{""C01"": 1.139225, ""C02"": 1.154785, ""C03"": 1.182057, ""C04"": 1.217622, ""C05"": 1.254158, ""C06"": 1.13688, ""C07"": 1.180883, ""C08"": 1.145225, ""C09"": 1.160785, ""C10"": 1.703361, ""C11"": 1.601049, ""C12"": 1.60389, ""C13"": 1.599953, ""C14"": 1.600497, ""C15"": 1.614672, ""C16"": 1.603293, ""C17"": 1.60265, ""C18"": 1.709361, ""C19"": 1.607049, ""C20"": 2.397904, ""C21"": 2.366134, ""C22"": 2.415758, ""C23"": 2.452843, ""C24"": 2.421474, ""C25"": 2.403904}","{""C01"": 0, ""C02"": 0, ""C03"": 0, ""C04"": 0, ""C05"": 0, ""C06"": 0, ""C07"": 0, ""C08"": 0, ""C09"": 0, ""C10"": 0, ""C11"": 0, ""C12"": 0, ""C13"": 0, ""C14"": 0, ""C15"": 0, ""C16"": 0, ""C17"": 0, ""C18"": 0, ""C19"": 0, ""C20"": 0, ""C21"": 0, ""C22"": 0, ""C23"": 1555, ""C24"": 0, ""C25"": 0}","{""C01"": 0.025394543857371207, ""C02"": 0.025394543857371207, ""C03"": 0.025394543857371207, ""C04"": 0.025394543857371207, ""C05"": 0.025394543857371207, ""C06"": 0.025394543857371207, ""C07"": 0.025394543857371207, ""C08"": 0.025394543857371207, ""C09"": 0.025394543857371207, ""C10"": 0.025394543857371207, ""C11"": 0.025394543857371207, ""C12"": 0.025394543857371207, ""C13"": 0.025394543857371207, ""C14"": 0.025394543857371207, ""C15"": 0.025394543857371207, ""C16"": 0.025394543857371207, ""C17"": 0.025394543857371207, ""C18"": 0.025394543857371207, ""C19"": 0.025394543857371207, ""C20"": 0.025394543857371207, ""C21"": 0.025394543857371207, ""C22"": 0.025394543857371207, ""C23"": 0.024494017785893205, ""C24"": 0.025394543857371207, ""C25"": 0.025394543857371207}"
90,90,1,481,3.938626,25,"{""C01"": 1.136329, ""C02"": 1.156124, ""C03"": 1.187012, ""C04"": 1.223871, ""C05"": 1.258773, ""C06"": 1.13379, ""C07"": 1.185046, ""C08"": 1.142329, ""C09"": 1.162124, ""C10"": 1.704515, ""C11"": 1.596365, ""C12"": 1.595586, ""C13"": 1.591953, ""C14"": 1.596579, ""C15"": 1.616696, ""C16"": 1.597898, ""C17"": 1.594528, ""C18"": 1.710515, ""C19"": 1.602365, ""C20"": 2.40696, ""C21"": 2.377397, ""C22"": 2.42396, ""C23"": 2.454156, ""C24"": 2.429757, ""C25"": 2.41296}","{""C01"": 0, ""C02"": 0, ""C03"": 0, ""C04"": 0, ""C05"": 0, ""C06"": 0, ""C07"": 0, ""C08"": 0, ""C09"": 0, ""C10"": 0, ""C11"": 0, ""C12"": 0, ""C13"": 0, ""C14"": 0, ""C15"": 0, ""C16"": 0, ""C17"": 0, ""C18"": 0, ""C19"": 0, ""C20"": 0, ""C21"": 0, ""C22"": 0, ""C23"": 1554, ""C24"": 0, ""C25"": 0}","{""C01"": 0.025394446183462163, ""C02"": 0.025394446183462163, ""C03"": 0.025394446183462163, ""C04"": 0.025394446183462163, ""C05"": 0.025394446183462163, ""C06"": 0.025394446183462163, ""C07"": 0.025394446183462163, ""C08"": 0.025394446183462163, ""C09"": 0.025394446183462163, ""C10"": 0.025394446183462163, ""C11"": 0.025394446183462163, ""C12"": 0.025394446183462163, ""C13"": 0.025394446183462163, ""C14"": 0.025394446183462163, ""C15"": 0.025394446183462163, ""C16"": 0.025394446183462163, ""C17"": 0.025394446183462163, ""C18"": 0.025394446183462163, ""C19"": 0.025394446183462163, ""C20"": 0.025394446183462163, ""C21"": 0.025394446183462163, ""C22"": 0.025394446183462163, ""C23"": 0.024494500435183888, ""C24"": 0.025394446183462163, ""C25"": 0.025394446183462163}"
91,91,1,696,6.017838,25,"{""C01"": 1.134886, ""C02"": 1.158929, ""C03"": 1.192755, ""C04"": 1.229861, ""C05"": 1.262202, ""C06"": 1.132286, ""C07"": 1.190047, ""C08"": 1.140886, ""C09"": 1.164929, ""C10"": 1.703491, ""C11"": 1.590008, ""C12"": 1.586903, ""C13"": 1.585042, ""C14"": 1.594707, ""C15"": 1.620759, ""C16"": 1.59083, ""C17"": 1.587325, ""C18"": 1.709491, ""C19"": 1.596008, ""C20"": 2.417392, ""C21"": 2.388144, ""C22"": 2.429995, ""C23"": 2.452668, ""C24"": 2.435764, ""C25"": 2.423392}","{""C01"": 0, ""C02"": 0, ""C03"": 0, ""C04"": 0, ""C05"": 0, ""C06"": 0, ""C07"": 0, ""C08"": 0, ""C09"": 0, ""C10"": 0, ""C11"": 0, ""C12"": 0, ""C13"": 0, ""C14"": 0, ""C15"": 0, ""C16"": 0, ""C17"": 0, ""C18"": 0, ""C19"": 0, ""C20"": 0, ""C21"": 0, ""C22"": 0, ""C23"": 1555, ""C24"": 0, ""C25"": 0}","{""C01"": 0.025394479414704255, ""C02"": 0.025394479414704255, ""C03"": 0.025394479414704255, ""C04"": 0.025394479414704255, ""C05"": 0.025394479414704255, ""C06"": 0.025394479414704255, ""C07"": 0.025394479414704255, ""C08"": 0.025394479414704255, ""C09"": 0.025394479414704255, ""C10"": 0.025394479414704255, ""C11"": 0.025394479414704255, ""C12"": 0.025394479414704255, ""C13"": 0.025394479414704255, ""C14"": 0.025394479414704255, ""C15"": 0.025394479414704255, ""C16"": 0.025394479414704255, ""C17"": 0.025394479414704255, ""C18"": 0.025394479414704255, ""C19"": 0.025394479414704255, ""C20"": 0.025394479414704255, ""C21"": 0.025394479414704255, ""C22"": 0.025394479414704255, ""C23"": 0.024493953400507307, ""C24"": 0.025394479414704255, ""C25"": 0.025394479414704255}"
92,92,1,1458,15.201806,25,"{""C01"": 1.134986, ""C02"": 1.163025, ""C03"": 1.19893, ""C04"": 1.235219, ""C05"": 1.264232, ""C06"": 1.132463, ""C07"": 1.195571, ""C08"": 1.140986, ""C09"": 1.169025, ""C10"": 1.700355, ""C11"": 1.582378, ""C12"": 1.578382, ""C13"": 1.579653, ""C14"": 1.594999, ""C15"": 1.626609, ""C16"": 1.582509, ""C17"": 1.581487, ""C18"": 1.706355, ""C19"": 1.588378, ""C20"": 2.428555, ""C21"": 2.39771, ""C22"": 2.43349, ""C23"": 2.448473, ""C24"": 2.439125, ""C25"": 2.434555}","{""C01"": 0, ""C02"": 0, ""C03"": 0, ""C04"": 0, ""C05"": 0, ""C06"": 0, ""C07"": 0, ""C08"": 0, ""C09"": 0, ""C10"": 0, ""C11"": 0, ""C12"": 0, ""C13"": 0, ""C14"": 0, ""C15"": 0, ""C16"": 0, ""C17"": 0, ""C18"": 0, ""C19"": 0, ""C20"": 0, ""C21"": 0, ""C22"": 0, ""C23"": 1556, ""C24"": 0, ""C25"": 0}","{""C01"": 0.02539351365721844, ""C02"": 0.02539351365721844, ""C03"": 0.02539351365721844, ""C04"": 0.02539351365721844, ""C05"": 0.02539351365721844, ""C06"": 0.02539351365721844, ""C07"": 0.02539351365721844, ""C08"": 0.02539351365721844, ""C09"": 0.02539351365721844, ""C10"": 0.02539351365721844, ""C11"": 0.02539351365721844, ""C12"": 0.02539351365721844, ""C13"": 0.02539351365721844, ""C14"": 0.02539351365721844, ""C15"": 0.02539351365721844, ""C16"": 0.02539351365721844, ""C17"": 0.02539351365721844, ""C18"": 0.02539351365721844, ""C19"": 0.02539351365721844, ""C20"": 0.02539351365721844, ""C21"": 0.02539351365721844, ""C22"": 0.02539351365721844, ""C23"": 0.02449240826595464, ""C24"": 0.02539351365721844, ""C25"": 0.02539351365721844}"
93,93,1,345,2.822364,25,"{""C01"": 1.136624, ""C02"": 1.16816, ""C03"": 1.205154, ""C04"": 1.239614, ""C05"": 1.264738, ""C06"": 1.134311, ""C07"": 1.201268, ""C08"": 1.142624, ""C09"": 1.17416, ""C10"": 1.695302, ""C11"": 1.573949, ""C12"": 1.570555, ""C13"": 1.576122, ""C14"": 1.597439, ""C15"": 1.633885, ""C16"": 1.573428, ""C17"": 1.577369, ""C18"": 1.701302, ""C19"": 1.579949, ""C20"": 2.43976, ""C21"": 2.405504, ""C22"": 2.434232, ""C23"": 2.441838, ""C24"": 2.439629, ""C25"": 2.44576}","{""C01"": 0, ""C02"": 0, ""C03"": 0, ""C04"": 0, ""C05"": 0, ""C06"": 0, ""C07"": 0, ""C08"": 0, ""C09"": 0, ""C10"": 0, ""C11"": 0, ""C12"": 0, ""C13"": 0, ""C14"": 0, ""C15"": 0, ""C16"": 0, ""C17"": 0, ""C18"": 0, ""C19"": 0, ""C20"": 301, ""C21"": 0, ""C22"": 0, ""C23"": 333, ""C24"": 297, ""C25"": 627}","{""C01"": 0.025392501703846923, ""C02"": 0.025392501703846923, ""C03"": 0.025392501703846923, ""C04"": 0.025392501703846923, ""C05"": 0.025392501703846923, ""C06"": 0.025392501703846923, ""C07"": 0.025392501703846923, ""C08"": 0.025392501703846923, ""C09"": 0.025392501703846923, ""C10"": 0.025392501703846923, ""C11"": 0.025392501703846923, ""C12"": 0.025392501703846923, ""C13"": 0.025392501703846923, ""C14"": 0.025392501703846923, ""C15"": 0.025392501703846923, ""C16"": 0.025392501703846923, ""C17"": 0.025392501703846923, ""C18"": 0.025392501703846923, ""C19"": 0.025392501703846923, ""C20"": 0.025218187132225022, ""C21"": 0.025392501703846923, ""C22"": 0.025392501703846923, ""C23"": 0.025199656101405937, ""C24"": 0.025220503604937605, ""C25"": 0.02502939801785003}"
94,94,1,380,4.314949,25,"{""C01"": 1.1397, ""C02"": 1.174015, ""C03"": 1.211043, ""C04"": 1.242774, ""C05"": 1.263691, ""C06"": 1.137724, ""C07"": 1.206781, ""C08"": 1.1457, ""C09"": 1.180015, ""C10"": 1.688651, ""C11"": 1.565249, ""C12"": 1.563911, ""C13"": 1.574672, ""C14"": 1.601877, ""C15"": 1.642137, ""C16"": 1.564134, ""C17"": 1.57522, ""C18"": 1.694651, ""C19"": 1.571249, ""C20"": 2.450311, ""C21"": 2.411046, ""C22"": 2.432179, ""C23"": 2.433178, ""C24"": 2.437239, ""C25"": 2.456311}","{""C01"": 0, ""C02"": 0, ""C03"": 0, ""C04"": 0, ""C05"": 0, ""C06"": 0, ""C07"": 0, ""C08"": 0, ""C09"": 0, ""C10"": 0, ""C11"": 0, ""C12"": 0, ""C13"": 0, ""C14"": 0, ""C15"": 0, ""C16"": 0, ""C17"": 0, ""C18"": 0, ""C19"": 0, ""C20"": 603, ""C21"": 0, ""C22"": 0, ""C23"": 0, ""C24"": 0, ""C25"": 952}","{""C01"": 0.02539496397367541, ""C02"": 0.02539496397367541, ""C03"": 0.02539496397367541, ""C04"": 0.02539496397367541, ""C05"": 0.02539496397367541, ""C06"": 0.02539496397367541, ""C07"": 0.02539496397367541, ""C08"": 0.02539496397367541, ""C09"": 0.02539496397367541, ""C10"": 0.02539496397367541, ""C11"": 0.02539496397367541, ""C12"": 0.02539496397367541, ""C13"": 0.02539496397367541, ""C14"": 0.02539496397367541, ""C15"": 0.02539496397367541, ""C16"": 0.02539496397367541, ""C17"": 0.02539496397367541, ""C18"": 0.02539496397367541, ""C19"": 0.02539496397367541, ""C20"": 0.025045756162454354, ""C21"": 0.02539496397367541, ""C22"": 0.02539496397367541, ""C23"": 0.02539496397367541, ""C24"": 0.02539496397367541, ""C25"": 0.02484364743729773}"
95,95,1,204,1.952027,25,"{""C01"": 1.144024, ""C02"": 1.180228, ""C03"": 1.21623, ""C04"": 1.244503, ""C05"": 1.261156, ""C06"": 1.142499, ""C07"": 1.211765, ""C08"": 1.150024, ""C09"": 1.186228, ""C10"": 1.680815, ""C11"": 1.55682, ""C12"": 1.558864, ""C13"": 1.575393, ""C14"": 1.608038, ""C15"": 1.650853, ""C16"": 1.555187, ""C17"": 1.575161, ""C18"": 1.686815, ""C19"": 1.56282, ""C20"": 2.459558, ""C21"": 2.413993, ""C22"": 2.42746, ""C23"": 2.423034, ""C24"": 2.432091, ""C25"": 2.465558}","{""C01"": 0, ""C02"": 0, ""C03"": 0, ""C04"": 0, ""C05"": 0, ""C06"": 0, ""C07"": 0, ""C08"": 0, ""C09"": 0, ""C10"": 0, ""C11"": 0, ""C12"": 0, ""C13"": 0, ""C14"": 0, ""C15"": 0, ""C16"": 0, ""C17"": 0, ""C18"": 0, ""C19"": 0, ""C20"": 706, ""C21"": 0, ""C22"": 0, ""C23"": 0, ""C24"": 0, ""C25"": 848}","{""C01"": 0.025397631173771362, ""C02"": 0.025397631173771362, ""C03"": 0.025397631173771362, ""C04"": 0.025397631173771362, ""C05"": 0.025397631173771362, ""C06"": 0.025397631173771362, ""C07"": 0.025397631173771362, ""C08"": 0.025397631173771362, ""C09"": 0.025397631173771362, ""C10"": 0.025397631173771362, ""C11"": 0.025397631173771362, ""C12"": 0.025397631173771362, ""C13"": 0.025397631173771362, ""C14"": 0.025397631173771362, ""C15"": 0.025397631173771362, ""C16"": 0.025397631173771362, ""C17"": 0.025397631173771362, ""C18"": 0.025397631173771362, ""C19"": 0.025397631173771362, ""C20"": 0.02498877374000039, ""C21"": 0.025397631173771362, ""C22"": 0.025397631173771362, ""C23"": 0.025397631173771362, ""C24"": 0.025397631173771362, ""C25"": 0.024906541947584286}"
96,96,1,147,1.200600,25,"{""C01"": 1.149327, ""C02"": 1.186413, ""C03"": 1.220394, ""C04"": 1.244694, ""C05"": 1.257292, ""C06"": 1.148351, ""C07"": 1.215908, ""C08"": 1.155327, ""C09"": 1.192413, ""C10"": 1.672284, ""C11"": 1.549187, ""C12"": 1.555731, ""C13"": 1.578243, ""C14"": 1.615543, ""C15"": 1.659494, ""C16"": 1.547126, ""C17"": 1.577184, ""C18"": 1.678284, ""C19"": 1.555187, ""C20"": 2.466927, ""C21"": 2.414165, ""C22"": 2.420373, ""C23"": 2.41204, ""C24"": 2.424494, ""C25"": 2.472927}","{""C01"": 0, ""C02"": 0, ""C03"": 0, ""C04"": 0, ""C05"": 0, ""C06"": 0, ""C07"": 0, ""C08"": 0, ""C09"": 0, ""C10"": 0, ""C11"": 0, ""C12"": 0, ""C13"": 0, ""C14"": 0, ""C15"": 0, ""C16"": 0, ""C17"": 0, ""C18"": 0, ""C19"": 0, ""C20"": 723, ""C21"": 0, ""C22"": 0, ""C23"": 0, ""C24"": 0, ""C25"": 829}","{""C01"": 0.02539913813814461, ""C02"": 0.02539913813814461, ""C03"": 0.02539913813814461, ""C04"": 0.02539913813814461, ""C05"": 0.02539913813814461, ""C06"": 0.02539913813814461, ""C07"": 0.02539913813814461, ""C08"": 0.02539913813814461, ""C09"": 0.02539913813814461, ""C10"": 0.02539913813814461, ""C11"": 0.02539913813814461, ""C12"": 0.02539913813814461, ""C13"": 0.02539913813814461, ""C14"": 0.02539913813814461, ""C15"": 0.02539913813814461, ""C16"": 0.02539913813814461, ""C17"": 0.02539913813814461, ""C18"": 0.02539913813814461, ""C19"": 0.02539913813814461, ""C20"": 0.024980436142419092, ""C21"": 0.02539913813814461, ""C22"": 0.02539913813814461, ""C23"": 0.02539913813814461, ""C24"": 0.02539913813814461, ""C25"": 0.02491905309608393}"
97,97,1,113,0.937475,25,"{""C01"": 1.155281, ""C02"": 1.192186, ""C03"": 1.223278, ""C04"": 1.243338, ""C05"": 1.25234, ""C06"": 1.154933, ""C07"": 1.218954, ""C08"": 1.161281, ""C09"": 1.198186, ""C10"": 1.663589, ""C11"": 1.542827, ""C12"": 1.554707, ""C13"": 1.583047, ""C14"": 1.623925, ""C15"": 1.667523, ""C16"": 1.54044, ""C17"": 1.581151, ""C18"": 1.669589, ""C19"": 1.548827, ""C20"": 2.471964, ""C21"": 2.411554, ""C22"": 2.411361, ""C23"": 2.400882, ""C24"": 2.414902, ""C25"": 2.477964}","{""C01"": 0, ""C02"": 0, ""C03"": 0, ""C04"": 0, ""C05"": 0, ""C06"": 0, ""C07"": 0, ""C08"": 0, ""C09"": 0, ""C10"": 0, ""C11"": 0, ""C12"": 0, ""C13"": 0, ""C14"": 0, ""C15"": 0, ""C16"": 0, ""C17"": 0, ""C18"": 0, ""C19"": 0, ""C20"": 742, ""C21"": 0, ""C22"": 0, ""C23"": 0, ""C24"": 0, ""C25"": 809}","{""C01"": 0.025400365132095384, ""C02"": 0.025400365132095384, ""C03"": 0.025400365132095384, ""C04"": 0.025400365132095384, ""C05"": 0.025400365132095384, ""C06"": 0.025400365132095384, ""C07"": 0.025400365132095384, ""C08"": 0.025400365132095384, ""C09"": 0.025400365132095384, ""C10"": 0.025400365132095384, ""C11"": 0.025400365132095384, ""C12"": 0.025400365132095384, ""C13"": 0.025400365132095384, ""C14"": 0.025400365132095384, ""C15"": 0.025400365132095384, ""C16"": 0.025400365132095384, ""C17"": 0.025400365132095384, ""C18"": 0.025400365132095384, ""C19"": 0.025400365132095384, ""C20"": 0.024970659919207272, ""C21"": 0.025400365132095384, ""C22"": 0.025400365132095384, ""C23"": 0.025400365132095384, ""C24"": 0.025400365132095384, ""C25"": 0.02493186252865167}"
98,98,1,100,0.840882,25,"{""C01"": 1.161516, ""C02"": 1.19719, ""C03"": 1.224702, ""C04"": 1.240519, ""C05"": 1.246609, ""C06"": 1.161851, ""C07"": 1.220716, ""C08"": 1.167516, ""C09"": 1.20319, ""C10"": 1.655274, ""C11"": 1.538137, ""C12"": 1.555857, ""C13"": 1.589506, ""C14"": 1.632666, ""C15"": 1.674442, ""C16"": 1.535537, ""C17"": 1.586798, ""C18"": 1.661274, ""C19"": 1.544137, ""C20"": 2.474357, ""C21"": 2.406325, ""C22"": 2.400987, ""C23"": 2.390258, ""C24"": 2.403891, ""C25"": 2.480357}","{""C01"": 0, ""C02"": 0, ""C03"": 0, ""C04"": 0, ""C05"": 0, ""C06"": 0, ""C07"": 0, ""C08"": 0, ""C09"": 0, ""C10"": 0, ""C11"": 0, ""C12"": 0, ""C13"": 0, ""C14"": 0, ""C15"": 0, ""C16"": 0, ""C17"": 0, ""C18"": 0, ""C19"": 0, ""C20"": 738, ""C21"": 0, ""C22"": 0, ""C23"": 0, ""C24"": 0, ""C25"": 813}","{""C01"": 0.025401240782397402, ""C02"": 0.025401240782397402, ""C03"": 0.025401240782397402, ""C04"": 0.025401240782397402, ""C05"": 0.025401240782397402, ""C06"": 0.025401240782397402, ""C07"": 0.025401240782397402, ""C08"": 0.025401240782397402, ""C09"": 0.025401240782397402, ""C10"": 0.025401240782397402, ""C11"": 0.025401240782397402, ""C12"": 0.025401240782397402, ""C13"": 0.025401240782397402, ""C14"": 0.025401240782397402, ""C15"": 0.025401240782397402, ""C16"": 0.025401240782397402, ""C17"": 0.025401240782397402, ""C18"": 0.025401240782397402, ""C19"": 0.025401240782397402, ""C20"": 0.02497385156692576, ""C21"": 0.025401240782397402, ""C22"": 0.025401240782397402, ""C23"": 0.025401240782397402, ""C24"": 0.025401240782397402, ""C25"": 0.024930420911965585}"
99,99,1,93,0.762482,25,"{""C01"": 1.167646, ""C02"": 1.201114, ""C03"": 1.22458, ""C04"": 1.236413, ""C05"": 1.240455, ""C06"": 1.168696, ""C07"": 1.221089, ""C08"": 1.173646, ""C09"": 1.207114, ""C10"": 1.647856, ""C11"": 1.53541, ""C12"": 1.559112, ""C13"": 1.597222, ""C14"": 1.641222, ""C15"": 1.679824, ""C16"": 1.532715, ""C17"": 1.593765, ""C18"": 1.653856, ""C19"": 1.54141, ""C20"": 2.47396, ""C21"": 2.398806, ""C22"": 2.389897, ""C23"": 2.380828, ""C24"": 2.392122, ""C25"": 2.47996}","{""C01"": 0, ""C02"": 0, ""C03"": 0, ""C04"": 0, ""C05"": 0, ""C06"": 0, ""C07"": 0, ""C08"": 0, ""C09"": 0, ""C10"": 0, ""C11"": 0, ""C12"": 0, ""C13"": 0, ""C14"": 0, ""C15"": 0, ""C16"": 0, ""C17"": 0, ""C18"": 0, ""C19"": 0, ""C20"": 741, ""C21"": 0, ""C22"": 0, ""C23"": 0, ""C24"": 0, ""C25"": 810}","{""C01"": 0.025401092313128898, ""C02"": 0.025401092313128898, ""C03"": 0.025401092313128898, ""C04"": 0.025401092313128898, ""C05"": 0.025401092313128898, ""C06"": 0.025401092313128898, ""C07"": 0.025401092313128898, ""C08"": 0.025401092313128898, ""C09"": 0.025401092313128898, ""C10"": 0.025401092313128898, ""C11"": 0.025401092313128898, ""C12"": 0.025401092313128898, ""C13"": 0.025401092313128898, ""C14"": 0.025401092313128898, ""C15"": 0.025401092313128898, ""C16"": 0.025401092313128898, ""C17"": 0.025401092313128898, ""C18"": 0.025401092313128898, ""C19"": 0.025401092313128898, ""C20"": 0.02497196574312282, ""C21"": 0.025401092313128898, ""C22"": 0.025401092313128898, ""C23"": 0.025401092313128898, ""C24"": 0.025401092313128898, ""C25"": 0.024932009938198798}"
100,100,1,87,0.735976,25,"{""C01"": 1.173291, ""C02"": 1.203715, ""C03"": 1.222919, ""C04"": 1.231276, ""C05"": 1.234264, ""C06"": 1.175061, ""C07"": 1.220054, ""C08"": 1.179291, ""C09"": 1.209715, ""C10"": 1.641797, ""C11"": 1.534816, ""C12"": 1.56427, ""C13"": 1.605715, ""C14"": 1.649063, ""C15"": 1.683334, ""C16"": 1.532147, ""C17"": 1.601603, ""C18"": 1.647797, ""C19"": 1.540816, ""C20"": 2.4708, ""C21"": 2.389467, ""C22"": 2.378784, ""C23"": 2.373183, ""C24"": 2.380301, ""C25"": 2.4768}","{""C01"": 0, ""C02"": 0, ""C03"": 0, ""C04"": 0, ""C05"": 0, ""C06"": 0, ""C07"": 0, ""C08"": 0, ""C09"": 0, ""C10"": 0, ""C11"": 0, ""C12"": 0, ""C13"": 0, ""C14"": 0, ""C15"": 0, ""C16"": 0, ""C17"": 0, ""C18"": 0, ""C19"": 0, ""C20"": 741, ""C21"": 0, ""C22"": 0, ""C23"": 0, ""C24"": 0, ""C25"": 811}","{""C01"": 0.025400524022589396, ""C02"": 0.025400524022589396, ""C03"": 0.025400524022589396, ""C04"": 0.025400524022589396, ""C05"": 0.025400524022589396, ""C06"": 0.025400524022589396, ""C07"": 0.025400524022589396, ""C08"": 0.025400524022589396, ""C09"": 0.025400524022589396, ""C10"": 0.025400524022589396, ""C11"": 0.025400524022589396, ""C12"": 0.025400524022589396, ""C13"": 0.025400524022589396, ""C14"": 0.025400524022589396, ""C15"": 0.025400524022589396, ""C16"": 0.025400524022589396, ""C17"": 0.025400524022589396, ""C18"": 0.025400524022589396, ""C19"": 0.025400524022589396, ""C20"": 0.024971397452583317, ""C21"": 0.025400524022589396, ""C22"": 0.025400524022589396, ""C23"": 0.025400524022589396, ""C24"": 0.025400524022589396, ""C25"": 0.024930861917589028}"
1,1,1,1137,9.917657,25,"{""C01"": 1.452761, ""C02"": 1.647307, ""C03"": 1.595779, ""C04"": 1.609857, ""C05"": 1.309651, ""C06"": 1.7112, ""C07"": 1.529866, ""C08"": 1.535494, ""C09"": 1.545339, ""C10"": 1.490027, ""C11"": 1.382104, ""C12"": 1.605923, ""C13"": 1.521092, ""C14"": 1.484694, ""C15"": 1.718751, ""C16"": 1.422051, ""C17"": 1.579754, ""C18"": 1.612256, ""C19"": 1.730687, ""C20"": 1.372602, ""C21"": 1.610366, ""C22"": 1.525548, ""C23"": 1.649777, ""C24"": 1.489287, ""C25"": 1.568914}","{""C01"": 0, ""C02"": 0, ""C03"": 0, ""C04"": 0, ""C05"": 0, ""C06"": 0, ""C07"": 0, ""C08"": 0, ""C09"": 0, ""C10"": 0, ""C11"": 0, ""C12"": 0, ""C13"": 0, ""C14"": 0, ""C15"": 0, ""C16"": 0, ""C17"": 0, ""C18"": 0, ""C19"": 1734, ""C20"": 0, ""C21"": 0, ""C22"": 0, ""C23"": 0, ""C24"": 0, ""C25"": 0}","{""C01"": 0.02516559326429256, ""C02"": 0.02516559326429256, ""C03"": 0.02516559326429256, ""C04"": 0.02516559326429256, ""C05"": 0.02516559326429256, ""C06"": 0.02516559326429256, ""C07"": 0.02516559326429256, ""C08"": 0.02516559326429256, ""C09"": 0.02516559326429256, ""C10"": 0.02516559326429256, ""C11"": 0.02516559326429256, ""C12"": 0.02516559326429256, ""C13"": 0.02516559326429256, ""C14"": 0.02516559326429256, ""C15"": 0.02516559326429256, ""C16"": 0.02516559326429256, ""C17"": 0.02516559326429256, ""C18"": 0.02516559326429256, ""C19"": 0.024161407831431274, ""C20"": 0.02516559326429256, ""C21"": 0.02516559326429256, ""C22"": 0.02516559326429256, ""C23"": 0.02516559326429256, ""C24"": 0.02516559326429256, ""C25"": 0.02516559326429256}"
2,2,1,175,1.333739,25,"{""C01"": 1.46547, ""C02"": 1.654449, ""C03"": 1.59614, ""C04"": 1.609623, ""C05"": 1.350688, ""C06"": 1.765728, ""C07"": 1.593968, ""C08"": 1.559309, ""C09"": 1.530848, ""C10"": 1.453279, ""C11"": 1.399266, ""C12"": 1.682308, ""C13"": 1.572769, ""C14"": 1.494584, ""C15"": 1.762449, ""C16"": 1.433862, ""C17"": 1.642827, ""C18"": 1.620668, ""C19"": 1.716271, ""C20"": 1.386689, ""C21"": 1.642656, ""C22"": 1.560546, ""C23"": 1.659111, ""C24"": 1.448463, ""C25"": 1.618402}","{""C01"": 0, ""C02"": 0, ""C03"": 0, ""C04"": 0, ""C05"": 0, ""C06"": 887, ""C07"": 0, ""C08"": 0, ""C09"": 0, ""C10"": 0, ""C11"": 0, ""C12"": 0, ""C13"": 0, ""C14"": 0, ""C15"": 838, ""C16"": 0, ""C17"": 0, ""C18"": 0, ""C19"": 0, ""C20"": 0, ""C21"": 0, ""C22"": 0, ""C23"": 0, ""C24"": 0, ""C25"": 0}","{""C01"": 0.025179602043676863, ""C02"": 0.025179602043676863, ""C03"": 0.025179602043676863, ""C04"": 0.025179602043676863, ""C05"": 0.025179602043676863, ""C06"": 0.024665929085612198, ""C07"": 0.025179602043676863, ""C08"": 0.025179602043676863, ""C09"": 0.025179602043676863, ""C10"": 0.025179602043676863, ""C11"": 0.025179602043676863, ""C12"": 0.025179602043676863, ""C13"": 0.025179602043676863, ""C14"": 0.025179602043676863, ""C15"": 0.024694302267891897, ""C16"": 0.025179602043676863, ""C17"": 0.025179602043676863, ""C18"": 0.025179602043676863, ""C19"": 0.025179602043676863, ""C20"": 0.025179602043676863, ""C21"": 0.025179602043676863, ""C22"": 0.025179602043676863, ""C23"": 0.025179602043676863, ""C24"": 0.025179602043676863, ""C25"": 0.025179602043676863}"
3,3,1,195,1.471320,25,"{""C01"": 1.464076, ""C02"": 1.699544, ""C03"": 1.656857, ""C04"": 1.627574, ""C05"": 1.356785, ""C06"": 1.817279, ""C07"": 1.635244, ""C08"": 1.591753, ""C09"": 1.580458, ""C10"": 1.496836, ""C11"": 1.397984, ""C12"": 1.669753, ""C13"": 1.6089, ""C14"": 1.563213, ""C15"": 1.727528, ""C16"": 1.477164, ""C17"": 1.62652, ""C18"": 1.646029, ""C19"": 1.725465, ""C20"": 1.448859, ""C21"": 1.66854, ""C22"": 1.618141, ""C23"": 1.697453, ""C24"": 1.497901, ""C25"": 1.642726}","{""C01"": 0, ""C02"": 0, ""C03"": 0, ""C04"": 0, ""C05"": 0, ""C06"": 1708, ""C07"": 0, ""C08"": 0, ""C09"": 0, ""C10"": 0, ""C11"": 0, ""C12"": 0, ""C13"": 0, ""C14"": 0, ""C15"": 0, ""C16"": 0, ""C17"": 0, ""C18"": 0, ""C19"": 0, ""C20"": 0, ""C21"": 0, ""C22"": 0, ""C23"": 0, ""C24"": 0, ""C25"": 0}","{""C01"": 0.02519932553197146, ""C02"": 0.02519932553197146, ""C03"": 0.02519932553197146, ""C04"": 0.02519932553197146, ""C05"": 0.02519932553197146, ""C06"": 0.024210196432358954, ""C07"": 0.02519932553197146, ""C08"": 0.02519932553197146, ""C09"": 0.02519932553197146, ""C10"": 0.02519932553197146, ""C11"": 0.02519932553197146, ""C12"": 0.02519932553197146, ""C13"": 0.02519932553197146, ""C14"": 0.02519932553197146, ""C15"": 0.02519932553197146, ""C16"": 0.02519932553197146, ""C17"": 0.02519932553197146, ""C18"": 0.02519932553197146, ""C19"": 0.02519932553197146, ""C20"": 0.02519932553197146, ""C21"": 0.02519932553197146, ""C22"": 0.02519932553197146, ""C23"": 0.02519932553197146, ""C24"": 0.02519932553197146, ""C25"": 0.02519932553197146}"
4,4,1,335,2.506797,25,"{""C01"": 1.515581, ""C02"": 1.700728, ""C03"": 1.658834, ""C04"": 1.626659, ""C05"": 1.38765, ""C06"": 1.820274, ""C07"": 1.603577, ""C08"": 1.591804, ""C09"": 1.622808, ""C10"": 1.48121, ""C11"": 1.423856, ""C12"": 1.717906, ""C13"": 1.586253, ""C14"": 1.549498, ""C15"": 1.758607, ""C16"": 1.470092, ""C17"": 1.624126, ""C18"": 1.65854, ""C19"": 1.778755, ""C20"": 1.414934, ""C21"": 1.673399, ""C22"": 1.584287, ""C23"": 1.730527, ""C24"": 1.52128, ""C25"": 1.653136}","{""C01"": 0, ""C02"": 0, ""C03"": 0, ""C04"": 0, ""C05"": 0, ""C06"": 1707, ""C07"": 0, ""C08"": 0, ""C09"": 0, ""C10"": 0, ""C11"": 0, ""C12"": 0, ""C13"": 0, ""C14"": 0, ""C15"": 0, ""C16"": 0, ""C17"": 0, ""C18"": 0, ""C19"": 0, ""C20"": 0, ""C21"": 0, ""C22"": 0, ""C23"": 0, ""C24"": 0, ""C25"": 0}","{""C01"": 0.02520037875265896, ""C02"": 0.02520037875265896, ""C03"": 0.02520037875265896, ""C04"": 0.02520037875265896, ""C05"": 0.02520037875265896, ""C06"": 0.024211829002331733, ""C07"": 0.02520037875265896, ""C08"": 0.02520037875265896, ""C09"": 0.02520037875265896, ""C10"": 0.02520037875265896, ""C11"": 0.02520037875265896, ""C12"": 0.02520037875265896, ""C13"": 0.02520037875265896, ""C14"": 0.02520037875265896, ""C15"": 0.02520037875265896, ""C16"": 0.02520037875265896, ""C17"": 0.02520037875265896, ""C18"": 0.02520037875265896, ""C19"": 0.02520037875265896, ""C20"": 0.02520037875265896, ""C21"": 0.02520037875265896, ""C22"": 0.02520037875265896, ""C23"": 0.02520037875265896, ""C24"": 0.02520037875265896, ""C25"": 0.02520037875265896}"
5,5,1,582,4.427609,25,"{""C01"": 1.535144, ""C02"": 1.721754, ""C03"": 1.657319, ""C04"": 1.663467, ""C05"": 1.417661, ""C06"": 1.81215, ""C07"": 1.652116, ""C08"": 1.592256, ""C09"": 1.640764, ""C10"": 1.544384, ""C11"": 1.440616, ""C12"": 1.708213, ""C13"": 1.628682, ""C14"": 1.570322, ""C15"": 1.784766, ""C16"": 1.503546, ""C17"": 1.657135, ""C18"": 1.66338, ""C19"": 1.783041, ""C20"": 1.463326, ""C21"": 1.683299, ""C22"": 1.583245, ""C23"": 1.729049, ""C24"": 1.547122, ""C25"": 1.649328}","{""C01"": 0, ""C02"": 0, ""C03"": 0, ""C04"": 0, ""C05"": 0, ""C06"": 1709, ""C07"": 0, ""C08"": 0, ""C09"": 0, ""C10"": 0, ""C11"": 0, ""C12"": 0, ""C13"": 0, ""C14"": 0, ""C15"": 0, ""C16"": 0, ""C17"": 0, ""C18"": 0, ""C19"": 0, ""C20"": 0, ""C21"": 0, ""C22"": 0, ""C23"": 0, ""C24"": 0, ""C25"": 0}","{""C01"": 0.025197099376956758, ""C02"": 0.025197099376956758, ""C03"": 0.025197099376956758, ""C04"": 0.025197099376956758, ""C05"": 0.025197099376956758, ""C06"": 0.024207392181111384, ""C07"": 0.025197099376956758, ""C08"": 0.025197099376956758, ""C09"": 0.025197099376956758, ""C10"": 0.025197099376956758, ""C11"": 0.025197099376956758, ""C12"": 0.025197099376956758, ""C13"": 0.025197099376956758, ""C14"": 0.025197099376956758, ""C15"": 0.025197099376956758, ""C16"": 0.025197099376956758, ""C17"": 0.025197099376956758, ""C18"": 0.025197099376956758, ""C19"": 0.025197099376956758, ""C20"": 0.025197099376956758, ""C21"": 0.025197099376956758, ""C22"": 0.025197099376956758, ""C23"": 0.025197099376956758, ""C24"": 0.025197099376956758, ""C25"": 0.025197099376956758}"
6,6,1,228,1.751378,25,"{""C01"": 1.524145, ""C02"": 1.743344, ""C03"": 1.687827, ""C04"": 1.718964, ""C05"": 1.414805, ""C06"": 1.836265, ""C07"": 1.669595, ""C08"": 1.591946, ""C09"": 1.625756, ""C10"": 1.560116, ""C11"": 1.453387, ""C12"": 1.753269, ""C13"": 1.617567, ""C14"": 1.591957, ""C15"": 1.829575, ""C16"": 1.489073, ""C17"": 1.67184, ""C18"": 1.673224, ""C19"": 1.798384, ""C20"": 1.470677, ""C21"": 1.744784, ""C22"": 1.631059, ""C23"": 1.740557, ""C24"": 1.561531, ""C25"": 1.675425}","{""C01"": 0, ""C02"": 0, ""C03"": 0, ""C04"": 0, ""C05"": 0, ""C06"": 946, ""C07"": 0, ""C08"": 0, ""C09"": 0, ""C10"": 0, ""C11"": 0, ""C12"": 0, ""C13"": 0, ""C14"": 0, ""C15"": 759, ""C16"": 0, ""C17"": 0, ""C18"": 0, ""C19"": 0, ""C20"": 0, ""C21"": 0, ""C22"": 0, ""C23"": 0, ""C24"": 0, ""C25"": 0}","{""C01"": 0.025206276411852968, ""C02"": 0.025206276411852968, ""C03"": 0.025206276411852968, ""C04"": 0.025206276411852968, ""C05"": 0.025206276411852968, ""C06"": 0.024658435756554332, ""C07"": 0.025206276411852968, ""C08"": 0.025206276411852968, ""C09"": 0.025206276411852968, ""C10"": 0.025206276411852968, ""C11"": 0.025206276411852968, ""C12"": 0.025206276411852968, ""C13"": 0.025206276411852968, ""C14"": 0.025206276411852968, ""C15"": 0.024766725714640263, ""C16"": 0.025206276411852968, ""C17"": 0.025206276411852968, ""C18"": 0.025206276411852968, ""C19"": 0.025206276411852968, ""C20"": 0.025206276411852968, ""C21"": 0.025206276411852968, ""C22"": 0.025206276411852968, ""C23"": 0.025206276411852968, ""C24"": 0.025206276411852968, ""C25"": 0.025206276411852968}"
7,7,1,626,6.334653,25,"{""C01"": 1.546136, ""C02"": 1.750767, ""C03"": 1.692394, ""C04"": 1.695005, ""C05"": 1.421525, ""C06"": 1.837213, ""C07"": 1.67838, ""C08"": 1.63192, ""C09"": 1.673179, ""C10"": 1.521556, ""C11"": 1.48072, ""C12"": 1.741534, ""C13"": 1.646823, ""C14"": 1.622408, ""C15"": 1.813745, ""C16"": 1.549965, ""C17"": 1.72085, ""C18"": 1.70236, ""C19"": 1.79889, ""C20"": 1.486872, ""C21"": 1.70547, ""C22"": 1.660021, ""C23"": 1.743754, ""C24"": 1.543898, ""C25"": 1.682662}","{""C01"": 0, ""C02"": 0, ""C03"": 0, ""C04"": 0, ""C05"": 0, ""C06"": 1702, ""C07"": 0, ""C08"": 0, ""C09"": 0, ""C10"": 0, ""C11"": 0, ""C12"": 0, ""C13"": 0, ""C14"": 0, ""C15"": 0, ""C16"": 0, ""C17"": 0, ""C18"": 0, ""C19"": 0, ""C20"": 0, ""C21"": 0, ""C22"": 0, ""C23"": 0, ""C24"": 0, ""C25"": 0}","{""C01"": 0.025206650682916235, ""C02"": 0.025206650682916235, ""C03"": 0.025206650682916235, ""C04"": 0.025206650682916235, ""C05"": 0.025206650682916235, ""C06"": 0.024220996603042926, ""C07"": 0.025206650682916235, ""C08"": 0.025206650682916235, ""C09"": 0.025206650682916235, ""C10"": 0.025206650682916235, ""C11"": 0.025206650682916235, ""C12"": 0.025206650682916235, ""C13"": 0.025206650682916235, ""C14"": 0.025206650682916235, ""C15"": 0.025206650682916235, ""C16"": 0.025206650682916235, ""C17"": 0.025206650682916235, ""C18"": 0.025206650682916235, ""C19"": 0.025206650682916235, ""C20"": 0.025206650682916235, ""C21"": 0.025206650682916235, ""C22"": 0.025206650682916235, ""C23"": 0.025206650682916235, ""C24"": 0.025206650682916235, ""C25"": 0.025206650682916235}"
8,8,1,218,1.673952,25,"{""C01"": 1.582138, ""C02"": 1.722103, ""C03"": 1.702726, ""C04"": 1.704169, ""C05"": 1.455409, ""C06"": 1.905248, ""C07"": 1.700602, ""C08"": 1.651505, ""C09"": 1.661548, ""C10"": 1.556116, ""C11"": 1.491036, ""C12"": 1.729152, ""C13"": 1.674589, ""C14"": 1.565802, ""C15"": 1.832101, ""C16"": 1.52203, ""C17"": 1.679669, ""C18"": 1.7147, ""C19"": 1.79356, ""C20"": 1.525627, ""C21"": 1.721886, ""C22"": 1.658945, ""C23"": 1.817219, ""C24"": 1.55369, ""C25"": 1.652374}","{""C01"": 0, ""C02"": 0, ""C03"": 0, ""C04"": 0, ""C05"": 0, ""C06"": 1683, ""C07"": 0, ""C08"": 0, ""C09"": 0, ""C10"": 0, ""C11"": 0, ""C12"": 0, ""C13"": 0, ""C14"": 0, ""C15"": 0, ""C16"": 0, ""C17"": 0, ""C18"": 0, ""C19"": 0, ""C20"": 0, ""C21"": 0, ""C22"": 0, ""C23"": 0, ""C24"": 0, ""C25"": 0}","{""C01"": 0.025231380686897315, ""C02"": 0.025231380686897315, ""C03"": 0.025231380686897315, ""C04"": 0.025231380686897315, ""C05"": 0.025231380686897315, ""C06"": 0.02425672916653496, ""C07"": 0.025231380686897315, ""C08"": 0.025231380686897315, ""C09"": 0.025231380686897315, ""C10"": 0.025231380686897315, ""C11"": 0.025231380686897315, ""C12"": 0.025231380686897315, ""C13"": 0.025231380686897315, ""C14"": 0.025231380686897315, ""C15"": 0.025231380686897315, ""C16"": 0.025231380686897315, ""C17"": 0.025231380686897315, ""C18"": 0.025231380686897315, ""C19"": 0.025231380686897315, ""C20"": 0.025231380686897315, ""C21"": 0.025231380686897315, ""C22"": 0.025231380686897315, ""C23"": 0.025231380686897315, ""C24"": 0.025231380686897315, ""C25"": 0.025231380686897315}"
9,9,1,346,2.641905,25,"{""C01"": 1.571177, ""C02"": 1.801652, ""C03"": 1.704468, ""C04"": 1.720295, ""C05"": 1.455079, ""C06"": 1.862617, ""C07"": 1.68971, ""C08"": 1.640499, ""C09"": 1.666707, ""C10"": 1.577345, ""C11"": 1.47749, ""C12"": 1.765238, ""C13"": 1.68333, ""C14"": 1.620739, ""C15"": 1.82131, ""C16"": 1.5362, ""C17"": 1.695902, ""C18"": 1.712888, ""C19"": 1.811326, ""C20"": 1.49707, ""C21"": 1.698292, ""C22"": 1.695177, ""C23"": 1.768624, ""C24"": 1.534295, ""C25"": 1.653402}","{""C01"": 0, ""C02"": 0, ""C03"": 0, ""C04"": 0, ""C05"": 0, ""C06"": 1695, ""C07"": 0, ""C08"": 0, ""C09"": 0, ""C10"": 0, ""C11"": 0, ""C12"": 0, ""C13"": 0, ""C14"": 0, ""C15"": 0, ""C16"": 0, ""C17"": 0, ""C18"": 0, ""C19"": 0, ""C20"": 0, ""C21"": 0, ""C22"": 0, ""C23"": 0, ""C24"": 0, ""C25"": 0}","{""C01"": 0.025216140368512024, ""C02"": 0.025216140368512024, ""C03"": 0.025216140368512024, ""C04"": 0.025216140368512024, ""C05"": 0.025216140368512024, ""C06"": 0.02423453946050278, ""C07"": 0.025216140368512024, ""C08"": 0.025216140368512024, ""C09"": 0.025216140368512024, ""C10"": 0.025216140368512024, ""C11"": 0.025216140368512024, ""C12"": 0.025216140368512024, ""C13"": 0.025216140368512024, ""C14"": 0.025216140368512024, ""C15"": 0.025216140368512024, ""C16"": 0.025216140368512024, ""C17"": 0.025216140368512024, ""C18"": 0.025216140368512024, ""C19"": 0.025216140368512024, ""C20"": 0.025216140368512024, ""C21"": 0.025216140368512024, ""C22"": 0.025216140368512024, ""C23"": 0.025216140368512024, ""C24"": 0.025216140368512024, ""C25"": 0.025216140368512024}"
10,10,1,497,3.779615,25,"{""C01"": 1.561059, ""C02"": 1.76184, ""C03"": 1.710703, ""C04"": 1.704573, ""C05"": 1.453055, ""C06"": 1.882482, ""C07"": 1.689487, ""C08"": 1.679695, ""C09"": 1.687102, ""C10"": 1.571485, ""C11"": 1.502659, ""C12"": 1.758638, ""C13"": 1.662335, ""C14"": 1.627067, ""C15"": 1.85621, ""C16"": 1.54123, ""C17"": 1.747405, ""C18"": 1.707135, ""C19"": 1.837178, ""C20"": 1.500275, ""C21"": 1.780648, ""C22"": 1.663057, ""C23"": 1.797653, ""C24"": 1.597046, ""C25"": 1.700654}","{""C01"": 0, ""C02"": 0, ""C03"": 0, ""C04"": 0, ""C05"": 0, ""C06"": 1689, ""C07"": 0, ""C08"": 0, ""C09"": 0, ""C10"": 0, ""C11"": 0, ""C12"": 0, ""C13"": 0, ""C14"": 0, ""C15"": 0, ""C16"": 0, ""C17"": 0, ""C18"": 0, ""C19"": 0, ""C20"": 0, ""C21"": 0, ""C22"": 0, ""C23"": 0, ""C24"": 0, ""C25"": 0}","{""C01"": 0.0252230868760535, ""C02"": 0.0252230868760535, ""C03"": 0.0252230868760535, ""C04"": 0.0252230868760535, ""C05"": 0.0252230868760535, ""C06"": 0.024244961392347046, ""C07"": 0.0252230868760535, ""C08"": 0.0252230868760535, ""C09"": 0.0252230868760535, ""C10"": 0.0252230868760535, ""C11"": 0.0252230868760535, ""C12"": 0.0252230868760535, ""C13"": 0.0252230868760535, ""C14"": 0.0252230868760535, ""C15"": 0.0252230868760535, ""C16"": 0.0252230868760535, ""C17"": 0.0252230868760535, ""C18"": 0.0252230868760535, ""C19"": 0.0252230868760535, ""C20"": 0.0252230868760535, ""C21"": 0.0252230868760535, ""C22"": 0.0252230868760535, ""C23"": 0.0252230868760535, ""C24"": 0.0252230868760535, ""C25"": 0.0252230868760535}"
11,11,1,291,3.234156,25,"{""C01"": 1.573881, ""C02"": 1.767308, ""C03"": 1.717202, ""C04"": 1.704829, ""C05"": 1.461375, ""C06"": 1.907423, ""C07"": 1.680263, ""C08"": 1.654415, ""C09"": 1.695133, ""C10"": 1.564407, ""C11"": 1.459864, ""C12"": 1.771111, ""C13"": 1.698764, ""C14"": 1.662114, ""C15"": 1.854041, ""C16"": 1.558644, ""C17"": 1.719964, ""C18"": 1.734212, ""C19"": 1.842813, ""C20"": 1.546596, ""C21"": 1.742566, ""C22"": 1.6859, ""C23"": 1.772527, ""C24"": 1.587656, ""C25"": 1.704791}","{""C01"": 0, ""C02"": 0, ""C03"": 0, ""C04"": 0, ""C05"": 0, ""C06"": 1682, ""C07"": 0, ""C08"": 0, ""C09"": 0, ""C10"": 0, ""C11"": 0, ""C12"": 0, ""C13"": 0, ""C14"": 0, ""C15"": 0, ""C16"": 0, ""C17"": 0, ""C18"": 0, ""C19"": 0, ""C20"": 0, ""C21"": 0, ""C22"": 0, ""C23"": 0, ""C24"": 0, ""C25"": 0}","{""C01"": 0.025231915276592742, ""C02"": 0.025231915276592742, ""C03"": 0.025231915276592742, ""C04"": 0.025231915276592742, ""C05"": 0.025231915276592742, ""C06"": 0.02425784367074295, ""C07"": 0.025231915276592742, ""C08"": 0.025231915276592742, ""C09"": 0.025231915276592742, ""C10"": 0.025231915276592742, ""C11"": 0.025231915276592742, ""C12"": 0.025231915276592742, ""C13"": 0.025231915276592742, ""C14"": 0.025231915276592742, ""C15"": 0.025231915276592742, ""C16"": 0.025231915276592742, ""C17"": 0.025231915276592742, ""C18"": 0.025231915276592742, ""C19"": 0.025231915276592742, ""C20"": 0.025231915276592742, ""C21"": 0.025231915276592742, ""C22"": 0.025231915276592742, ""C23"": 0.025231915276592742, ""C24"": 0.025231915276592742, ""C25"": 0.025231915276592742}"
12,12,1,835,7.661922,25,"{""C01"": 1.572296, ""C02"": 1.83042, ""C03"": 1.697827, ""C04"": 1.673399, ""C05"": 1.457753, ""C06"": 1.885346, ""C07"": 1.663616, ""C08"": 1.656198, ""C09"": 1.675857, ""C10"": 1.563746, ""C11"": 1.465313, ""C12"": 1.779696, ""C13"": 1.638135, ""C14"": 1.617672, ""C15"": 1.84808, ""C16"": 1.527558, ""C17"": 1.725497, ""C18"": 1.715375, ""C19"": 1.864964, ""C20"": 1.513957, ""C21"": 1.756603, ""C22"": 1.66286, ""C23"": 1.787656, ""C24"": 1.614355, ""C25"": 1.686973}","{""C01"": 0, ""C02"": 0, ""C03"": 0, ""C04"": 0, ""C05"": 0, ""C06"": 1688, ""C07"": 0, ""C08"": 0, ""C09"": 0, ""C10"": 0, ""C11"": 0, ""C12"": 0, ""C13"": 0, ""C14"": 0, ""C15"": 0, ""C16"": 0, ""C17"": 0, ""C18"": 0, ""C19"": 0, ""C20"": 0, ""C21"": 0, ""C22"": 0, ""C23"": 0, ""C24"": 0, ""C25"": 0}","{""C01"": 0.025223997961531477, ""C02"": 0.025223997961531477, ""C03"": 0.025223997961531477, ""C04"": 0.025223997961531477, ""C05"": 0.025223997961531477, ""C06"": 0.024246451982537724, ""C07"": 0.025223997961531477, ""C08"": 0.025223997961531477, ""C09"": 0.025223997961531477, ""C10"": 0.025223997961531477, ""C11"": 0.025223997961531477, ""C12"": 0.025223997961531477, ""C13"": 0.025223997961531477, ""C14"": 0.025223997961531477, ""C15"": 0.025223997961531477, ""C16"": 0.025223997961531477, ""C17"": 0.025223997961531477, ""C18"": 0.025223997961531477, ""C19"": 0.025223997961531477, ""C20"": 0.025223997961531477, ""C21"": 0.025223997961531477, ""C22"": 0.025223997961531477, ""C23"": 0.025223997961531477, ""C24"": 0.025223997961531477, ""C25"": 0.025223997961531477}"
13,13,1,486,3.720152,25,"{""C01"": 1.616058, ""C02"": 1.790856, ""C03"": 1.733791, ""C04"": 1.674398, ""C05"": 1.433572, ""C06"": 1.873786, ""C07"": 1.713068, ""C08"": 1.66554, ""C09"": 1.691838, ""C10"": 1.546914, ""C11"": 1.490707, ""C12"": 1.790345, ""C13"": 1.675988, ""C14"": 1.660909, ""C15"": 1.843198, ""C16"": 1.543874, ""C17"": 1.680197, ""C18"": 1.713583, ""C19"": 1.825111, ""C20"": 1.517495, ""C21"": 1.747038, ""C22"": 1.654545, ""C23"": 1.784269, ""C24"": 1.569298, ""C25"": 1.715602}","{""C01"": 0, ""C02"": 0, ""C03"": 0, ""C04"": 0, ""C05"": 0, ""C06"": 1692, ""C07"": 0, ""C08"": 0, ""C09"": 0, ""C10"": 0, ""C11"": 0, ""C12"": 0, ""C13"": 0, ""C14"": 0, ""C15"": 0, ""C16"": 0, ""C17"": 0, ""C18"": 0, ""C19"": 0, ""C20"": 0, ""C21"": 0, ""C22"": 0, ""C23"": 0, ""C24"": 0, ""C25"": 0}","{""C01"": 0.02522028097586272, ""C02"": 0.02522028097586272, ""C03"": 0.02522028097586272, ""C04"": 0.02522028097586272, ""C05"": 0.02522028097586272, ""C06"": 0.024240417058954883, ""C07"": 0.02522028097586272, ""C08"": 0.02522028097586272, ""C09"": 0.02522028097586272, ""C10"": 0.02522028097586272, ""C11"": 0.02522028097586272, ""C12"": 0.02522028097586272, ""C13"": 0.02522028097586272, ""C14"": 0.02522028097586272, ""C15"": 0.02522028097586272, ""C16"": 0.02522028097586272, ""C17"": 0.02522028097586272, ""C18"": 0.02522028097586272, ""C19"": 0.02522028097586272, ""C20"": 0.02522028097586272, ""C21"": 0.02522028097586272, ""C22"": 0.02522028097586272, ""C23"": 0.02522028097586272, ""C24"": 0.02522028097586272, ""C25"": 0.02522028097586272}"
14,14,1,179,1.367977,25,"{""C01"": 1.601512, ""C02"": 1.782315, ""C03"": 1.717832, ""C04"": 1.703589, ""C05"": 1.462034, ""C06"": 1.917311, ""C07"": 1.710478, ""C08"": 1.645095, ""C09"": 1.698534, ""C10"": 1.585983, ""C11"": 1.464816, ""C12"": 1.765923, ""C13"": 1.709216, ""C14"": 1.636977, ""C15"": 1.824851, ""C16"": 1.518569, ""C17"": 1.73716, ""C18"": 1.717994, ""C19"": 1.817897, ""C20"": 1.513201, ""C21"": 1.761647, ""C22"": 1.648928, ""C23"": 1.79857, ""C24"": 1.612836, ""C25"": 1.701285}","{""C01"": 0, ""C02"": 0, ""C03"": 0, ""C04"": 0, ""C05"": 0, ""C06"": 1679, ""C07"": 0, ""C08"": 0, ""C09"": 0, ""C10"": 0, ""C11"": 0, ""C12"": 0, ""C13"": 0, ""C14"": 0, ""C15"": 0, ""C16"": 0, ""C17"": 0, ""C18"": 0, ""C19"": 0, ""C20"": 0, ""C21"": 0, ""C22"": 0, ""C23"": 0, ""C24"": 0, ""C25"": 0}","{""C01"": 0.025235223423048056, ""C02"": 0.025235223423048056, ""C03"": 0.025235223423048056, ""C04"": 0.025235223423048056, ""C05"": 0.025235223423048056, ""C06"": 0.024262889710149303, ""C07"": 0.025235223423048056, ""C08"": 0.025235223423048056, ""C09"": 0.025235223423048056, ""C10"": 0.025235223423048056, ""C11"": 0.025235223423048056, ""C12"": 0.025235223423048056, ""C13"": 0.025235223423048056, ""C14"": 0.025235223423048056, ""C15"": 0.025235223423048056, ""C16"": 0.025235223423048056, ""C17"": 0.025235223423048056, ""C18"": 0.025235223423048056, ""C19"": 0.025235223423048056, ""C20"": 0.025235223423048056, ""C21"": 0.025235223423048056, ""C22"": 0.025235223423048056, ""C23"": 0.025235223423048056, ""C24"": 0.025235223423048056, ""C25"": 0.025235223423048056}"
15,15,1,376,4.096488,25,"{""C01"": 1.566275, ""C02"": 1.815507, ""C03"": 1.737848, ""C04"": 1.682099, ""C05"": 1.449385, ""C06"": 1.87497, ""C07"": 1.702129, ""C08"": 1.637216, ""C09"": 1.66434, ""C10"": 1.556579, ""C11"": 1.481493, ""C12"": 1.78469, ""C13"": 1.680954, ""C14"": 1.617863, ""C15"": 1.83519, ""C16"": 1.543303, ""C17"": 1.669625, ""C18"": 1.702155, ""C19"": 1.789796, ""C20"": 1.498142, ""C21"": 1.75125, ""C22"": 1.677887, ""C23"": 1.78611, ""C24"": 1.624657, ""C25"": 1.67347}","{""C01"": 0, ""C02"": 0, ""C03"": 0, ""C04"": 0, ""C05"": 0, ""C06"": 1691, ""C07"": 0, ""C08"": 0, ""C09"": 0, ""C10"": 0, ""C11"": 0, ""C12"": 0, ""C13"": 0, ""C14"": 0, ""C15"": 0, ""C16"": 0, ""C17"": 0, ""C18"": 0, ""C19"": 0, ""C20"": 0, ""C21"": 0, ""C22"": 0, ""C23"": 0, ""C24"": 0, ""C25"": 0}","{""C01"": 0.02522032078306538, ""C02"": 0.02522032078306538, ""C03"": 0.02522032078306538, ""C04"": 0.02522032078306538, ""C05"": 0.02522032078306538, ""C06"": 0.02424103731123078, ""C07"": 0.02522032078306538, ""C08"": 0.02522032078306538, ""C09"": 0.02522032078306538, ""C10"": 0.02522032078306538, ""C11"": 0.02522032078306538, ""C12"": 0.02522032078306538, ""C13"": 0.02522032078306538, ""C14"": 0.02522032078306538, ""C15"": 0.02522032078306538, ""C16"": 0.02522032078306538, ""C17"": 0.02522032078306538, ""C18"": 0.02522032078306538, ""C19"": 0.02522032078306538, ""C20"": 0.02522032078306538, ""C21"": 0.02522032078306538, ""C22"": 0.02522032078306538, ""C23"": 0.02522032078306538, ""C24"": 0.02522032078306538, ""C25"": 0.02522032078306538}"
16,16,1,449,3.547899,25,"{""C01"": 1.574973, ""C02"": 1.778213, ""C03"": 1.736949, ""C04"": 1.687241, ""C05"": 1.445524, ""C06"": 1.841435, ""C07"": 1.669115, ""C08"": 1.654885, ""C09"": 1.664735, ""C10"": 1.53975, ""C11"": 1.500524, ""C12"": 1.770773, ""C13"": 1.649419, ""C14"": 1.597344, ""C15"": 1.816565, ""C16"": 1.519455, ""C17"": 1.706678, ""C18"": 1.725251, ""C19"": 1.842985, ""C20"": 1.539537, ""C21"": 1.718504, ""C22"": 1.682883, ""C23"": 1.778459, ""C24"": 1.601179, ""C25"": 1.656868}","{""C01"": 0, ""C02"": 0, ""C03"": 0, ""C04"": 0, ""C05"": 0, ""C06"": 831, ""C07"": 0, ""C08"": 0, ""C09"": 0, ""C10"": 0, ""C11"": 0, ""C12"": 0, ""C13"": 0, ""C14"": 0, ""C15"": 0, ""C16"": 0, ""C17"": 0, ""C18"": 0, ""C19"": 870, ""C20"": 0, ""C21"": 0, ""C22"": 0, ""C23"": 0, ""C24"": 0, ""C25"": 0}","{""C01"": 0.025208765322463036, ""C02"": 0.025208765322463036, ""C03"": 0.025208765322463036, ""C04"": 0.025208765322463036, ""C05"": 0.025208765322463036, ""C06"": 0.02472752122601555, ""C07"": 0.025208765322463036, ""C08"": 0.025208765322463036, ""C09"": 0.025208765322463036, ""C10"": 0.025208765322463036, ""C11"": 0.025208765322463036, ""C12"": 0.025208765322463036, ""C13"": 0.025208765322463036, ""C14"": 0.025208765322463036, ""C15"": 0.025208765322463036, ""C16"": 0.025208765322463036, ""C17"": 0.025208765322463036, ""C18"": 0.025208765322463036, ""C19"": 0.024704937611137703, ""C20"": 0.025208765322463036, ""C21"": 0.025208765322463036, ""C22"": 0.025208765322463036, ""C23"": 0.025208765322463036, ""C24"": 0.025208765322463036, ""C25"": 0.025208765322463036}"
17,17,1,518,4.067660,25,"{""C01"": 1.5978, ""C02"": 1.770201, ""C03"": 1.700288, ""C04"": 1.708303, ""C05"": 1.418208, ""C06"": 1.851685, ""C07"": 1.689475, ""C08"": 1.653234, ""C09"": 1.693579, ""C10"": 1.54, ""C11"": 1.517693, ""C12"": 1.77402, ""C13"": 1.653484, ""C14"": 1.603647, ""C15"": 1.787201, ""C16"": 1.531303, ""C17"": 1.694132, ""C18"": 1.69667, ""C19"": 1.823973, ""C20"": 1.526516, ""C21"": 1.725329, ""C22"": 1.664587, ""C23"": 1.76962, ""C24"": 1.596561, ""C25"": 1.675376}","{""C01"": 0, ""C02"": 0, ""C03"": 0, ""C04"": 0, ""C05"": 0, ""C06"": 1698, ""C07"": 0, ""C08"": 0, ""C09"": 0, ""C10"": 0, ""C11"": 0, ""C12"": 0, ""C13"": 0, ""C14"": 0, ""C15"": 0, ""C16"": 0, ""C17"": 0, ""C18"": 0, ""C19"": 0, ""C20"": 0, ""C21"": 0, ""C22"": 0, ""C23"": 0, ""C24"": 0, ""C25"": 0}","{""C01"": 0.025212079541268348, ""C02"": 0.025212079541268348, ""C03"": 0.025212079541268348, ""C04"": 0.025212079541268348, ""C05"": 0.025212079541268348, ""C06"": 0.024228741554176744, ""C07"": 0.025212079541268348, ""C08"": 0.025212079541268348, ""C09"": 0.025212079541268348, ""C10"": 0.025212079541268348, ""C11"": 0.025212079541268348, ""C12"": 0.025212079541268348, ""C13"": 0.025212079541268348, ""C14"": 0.025212079541268348, ""C15"": 0.025212079541268348, ""C16"": 0.025212079541268348, ""C17"": 0.025212079541268348, ""C18"": 0.025212079541268348, ""C19"": 0.025212079541268348, ""C20"": 0.025212079541268348, ""C21"": 0.025212079541268348, ""C22"": 0.025212079541268348, ""C23"": 0.025212079541268348, ""C24"": 0.025212079541268348, ""C25"": 0.025212079541268348}"
18,18,1,243,1.898541,25,"{""C01"": 1.608947, ""C02"": 1.766447, ""C03"": 1.714282, ""C04"": 1.707145, ""C05"": 1.457619, ""C06"": 1.902844, ""C07"": 1.685564, ""C08"": 1.606207, ""C09"": 1.656122, ""C10"": 1.52632, ""C11"": 1.462222, ""C12"": 1.764785, ""C13"": 1.687657, ""C14"": 1.634349, ""C15"": 1.838297, ""C16"": 1.508341, ""C17"": 1.688382, ""C18"": 1.708593, ""C19"": 1.817054, ""C20"": 1.512063, ""C21"": 1.731361, ""C22"": 1.676125, ""C23"": 1.763708, ""C24"": 1.57653, ""C25"": 1.673128}","{""C01"": 0, ""C02"": 0, ""C03"": 0, ""C04"": 0, ""C05"": 0, ""C06"": 1683, ""C07"": 0, ""C08"": 0, ""C09"": 0, ""C10"": 0, ""C11"": 0, ""C12"": 0, ""C13"": 0, ""C14"": 0, ""C15"": 0, ""C16"": 0, ""C17"": 0, ""C18"": 0, ""C19"": 0, ""C20"": 0, ""C21"": 0, ""C22"": 0, ""C23"": 0, ""C24"": 0, ""C25"": 0}","{""C01"": 0.025230145295215237, ""C02"": 0.025230145295215237, ""C03"": 0.025230145295215237, ""C04"": 0.025230145295215237, ""C05"": 0.025230145295215237, ""C06"": 0.024255495116855184, ""C07"": 0.025230145295215237, ""C08"": 0.025230145295215237, ""C09"": 0.025230145295215237, ""C10"": 0.025230145295215237, ""C11"": 0.025230145295215237, ""C12"": 0.025230145295215237, ""C13"": 0.025230145295215237, ""C14"": 0.025230145295215237, ""C15"": 0.025230145295215237, ""C16"": 0.025230145295215237, ""C17"": 0.025230145295215237, ""C18"": 0.025230145295215237, ""C19"": 0.025230145295215237, ""C20"": 0.025230145295215237, ""C21"": 0.025230145295215237, ""C22"": 0.025230145295215237, ""C23"": 0.025230145295215237, ""C24"": 0.025230145295215237, ""C25"": 0.025230145295215237}"
19,19,1,204,1.581813,25,"{""C01"": 1.577154, ""C02"": 1.779713, ""C03"": 1.691392, ""C04"": 1.669565, ""C05"": 1.427949, ""C06"": 1.888042, ""C07"": 1.692364, ""C08"": 1.646272, ""C09"": 1.702862, ""C10"": 1.538111, ""C11"": 1.498717, ""C12"": 1.784347, ""C13"": 1.663905, ""C14"": 1.634234, ""C15"": 1.807471, ""C16"": 1.497398, ""C17"": 1.68186, ""C18"": 1.716193, ""C19"": 1.780543, ""C20"": 1.523374, ""C21"": 1.728988, ""C22"": 1.641414, ""C23"": 1.74965, ""C24"": 1.572896, ""C25"": 1.635564}","{""C01"": 0, ""C02"": 0, ""C03"": 0, ""C04"": 0, ""C05"": 0, ""C06"": 1687, ""C07"": 0, ""C08"": 0, ""C09"": 0, ""C10"": 0, ""C11"": 0, ""C12"": 0, ""C13"": 0, ""C14"": 0, ""C15"": 0, ""C16"": 0, ""C17"": 0, ""C18"": 0, ""C19"": 0, ""C20"": 0, ""C21"": 0, ""C22"": 0, ""C23"": 0, ""C24"": 0, ""C25"": 0}","{""C01"": 0.025224818749878183, ""C02"": 0.025224818749878183, ""C03"": 0.025224818749878183, ""C04"": 0.025224818749878183, ""C05"": 0.025224818749878183, ""C06"": 0.024247852373842083, ""C07"": 0.025224818749878183, ""C08"": 0.025224818749878183, ""C09"": 0.025224818749878183, ""C10"": 0.025224818749878183, ""C11"": 0.025224818749878183, ""C12"": 0.025224818749878183, ""C13"": 0.025224818749878183, ""C14"": 0.025224818749878183, ""C15"": 0.025224818749878183, ""C16"": 0.025224818749878183, ""C17"": 0.025224818749878183, ""C18"": 0.025224818749878183, ""C19"": 0.025224818749878183, ""C20"": 0.025224818749878183, ""C21"": 0.025224818749878183, ""C22"": 0.025224818749878183, ""C23"": 0.025224818749878183, ""C24"": 0.025224818749878183, ""C25"": 0.025224818749878183}"
20,20,1,245,1.884296,25,"{""C01"": 1.563813, ""C02"": 1.754736, ""C03"": 1.73717, ""C04"": 1.719378, ""C05"": 1.416535, ""C06"": 1.879349, ""C07"": 1.69048, ""C08"": 1.68435, ""C09"": 1.633271, ""C10"": 1.558554, ""C11"": 1.456259, ""C12"": 1.749845, ""C13"": 1.673669, ""C14"": 1.637142, ""C15"": 1.812868, ""C16"": 1.495292, ""C17"": 1.72041, ""C18"": 1.693761, ""C19"": 1.790847, ""C20"": 1.531899, ""C21"": 1.732467, ""C22"": 1.667852, ""C23"": 1.722043, ""C24"": 1.575947, ""C25"": 1.667947}","{""C01"": 0, ""C02"": 0, ""C03"": 0, ""C04"": 0, ""C05"": 0, ""C06"": 1690, ""C07"": 0, ""C08"": 0, ""C09"": 0, ""C10"": 0, ""C11"": 0, ""C12"": 0, ""C13"": 0, ""C14"": 0, ""C15"": 0, ""C16"": 0, ""C17"": 0, ""C18"": 0, ""C19"": 0, ""C20"": 0, ""C21"": 0, ""C22"": 0, ""C23"": 0, ""C24"": 0, ""C25"": 0}","{""C01"": 0.025222032174902334, ""C02"": 0.025222032174902334, ""C03"": 0.025222032174902334, ""C04"": 0.025222032174902334, ""C05"": 0.025222032174902334, ""C06"": 0.024243327342197786, ""C07"": 0.025222032174902334, ""C08"": 0.025222032174902334, ""C09"": 0.025222032174902334, ""C10"": 0.025222032174902334, ""C11"": 0.025222032174902334, ""C12"": 0.025222032174902334, ""C13"": 0.025222032174902334, ""C14"": 0.025222032174902334, ""C15"": 0.025222032174902334, ""C16"": 0.025222032174902334, ""C17"": 0.025222032174902334, ""C18"": 0.025222032174902334, ""C19"": 0.025222032174902334, ""C20"": 0.025222032174902334, ""C21"": 0.025222032174902334, ""C22"": 0.025222032174902334, ""C23"": 0.025222032174902334, ""C24"": 0.025222032174902334, ""C25"": 0.025222032174902334}"
21,21,1,357,2.717746,25,"{""C01"": 1.596699, ""C02"": 1.736116, ""C03"": 1.703037, ""C04"": 1.688113, ""C05"": 1.423322, ""C06"": 1.858213, ""C07"": 1.623859, ""C08"": 1.647155, ""C09"": 1.667302, ""C10"": 1.521366, ""C11"": 1.472925, ""C12"": 1.770436, ""C13"": 1.65875, ""C14"": 1.637166, ""C15"": 1.816208, ""C16"": 1.507021, ""C17"": 1.704526, ""C18"": 1.723212, ""C19"": 1.817992, ""C20"": 1.48356, ""C21"": 1.753827, ""C22"": 1.648435, ""C23"": 1.757046, ""C24"": 1.577642, ""C25"": 1.66782}","{""C01"": 0, ""C02"": 0, ""C03"": 0, ""C04"": 0, ""C05"": 0, ""C06"": 1696, ""C07"": 0, ""C08"": 0, ""C09"": 0, ""C10"": 0, ""C11"": 0, ""C12"": 0, ""C13"": 0, ""C14"": 0, ""C15"": 0, ""C16"": 0, ""C17"": 0, ""C18"": 0, ""C19"": 0, ""C20"": 0, ""C21"": 0, ""C22"": 0, ""C23"": 0, ""C24"": 0, ""C25"": 0}","{""C01"": 0.025214388610498503, ""C02"": 0.025214388610498503, ""C03"": 0.025214388610498503, ""C04"": 0.025214388610498503, ""C05"": 0.025214388610498503, ""C06"": 0.02423220910519999, ""C07"": 0.025214388610498503, ""C08"": 0.025214388610498503, ""C09"": 0.025214388610498503, ""C10"": 0.025214388610498503, ""C11"": 0.025214388610498503, ""C12"": 0.025214388610498503, ""C13"": 0.025214388610498503, ""C14"": 0.025214388610498503, ""C15"": 0.025214388610498503, ""C16"": 0.025214388610498503, ""C17"": 0.025214388610498503, ""C18"": 0.025214388610498503, ""C19"": 0.025214388610498503, ""C20"": 0.025214388610498503, ""C21"": 0.025214388610498503, ""C22"": 0.025214388610498503, ""C23"": 0.025214388610498503, ""C24"": 0.025214388610498503, ""C25"": 0.025214388610498503}"
22,22,0,100000,786.789325,25,"{""C01"": 1.61069, ""C02"": 1.79951, ""C03"": 1.71173, ""C04"": 1.703388, ""C05"": 1.433829, ""C06"": 1.837145, ""C07"": 1.667459, ""C08"": 1.612528, ""C09"": 1.661838, ""C10"": 1.523844, ""C11"": 1.503199, ""C12"": 1.75201, ""C13"": 1.685889, ""C14"": 1.615604, ""C15"": 1.818342, ""C16"": 1.496003, ""C17"": 1.698054, ""C18"": 1.699168, ""C19"": 1.803854, ""C20"": 1.535031, ""C21"": 1.775502, ""C22"": 1.635782, ""C23"": 1.759584, ""C24"": 1.594091, ""C25"": 1.667575}","{""C01"": 16, ""C02"": 150, ""C03"": 72, ""C04"": 68, ""C05"": 0, ""C06"": 223, ""C07"": 48, ""C08"": 17, ""C09"": 44, ""C10"": 0, ""C11"": 0, ""C12"": 92, ""C13"": 58, ""C14"": 20, ""C15"": 183, ""C16"": 0, ""C17"": 64, ""C18"": 65, ""C19"": 158, ""C20"": 0, ""C21"": 110, ""C22"": 32, ""C23"": 96, ""C24"": 8, ""C25"": 48}","{""C01"": 0.025244121113246268, ""C02"": 0.025156690933670345, ""C03"": 0.02520608262772102, ""C04"": 0.025209551050037, ""C05"": 0.02525369373648452, ""C06"": 0.02511678286235927, ""C07"": 0.025222988808029756, ""C08"": 0.02524314411850591, ""C09"": 0.025225656076976674, ""C10"": 0.02525369373648452, ""C11"": 0.02525369373648452, ""C12"": 0.025190881317742192, ""C13"": 0.025216359973427985, ""C14"": 0.025241669401980305, ""C15"": 0.025138721169606245, ""C16"": 0.02525369373648452, ""C17"": 0.025211830268939653, ""C18"": 0.02521126809695265, ""C19"": 0.025152491886799588, ""C20"": 0.02525369373648452, ""C21"": 0.025179006706475607, ""C22"": 0.025234104201439372, ""C23"": 0.02518831259234039, ""C24"": 0.025248500139128882, ""C25"": 0.02522298662230424}"
23,23,1,371,2.841638,25,"{""C01"": 1.552211, ""C02"": 1.745057, ""C03"": 1.727413, ""C04"": 1.69706, ""C05"": 1.427224, ""C06"": 1.849884, ""C07"": 1.673824, ""C08"": 1.649326, ""C09"": 1.64163, ""C10"": 1.516861, ""C11"": 1.471719, ""C12"": 1.752124, ""C13"": 1.678186, ""C14"": 1.652177, ""C15"": 1.80562, ""C16"": 1.536937, ""C17"": 1.701455, ""C18"": 1.687994, ""C19"": 1.80972, ""C20"": 1.491067, ""C21"": 1.741054, ""C22"": 1.696403, ""C23"": 1.744991, ""C24"": 1.571874, ""C25"": 1.654418}","{""C01"": 0, ""C02"": 0, ""C03"": 0, ""C04"": 0, ""C05"": 0, ""C06"": 1698, ""C07"": 0, ""C08"": 0, ""C09"": 0, ""C10"": 0, ""C11"": 0, ""C12"": 0, ""C13"": 0, ""C14"": 0, ""C15"": 0, ""C16"": 0, ""C17"": 0, ""C18"": 0, ""C19"": 0, ""C20"": 0, ""C21"": 0, ""C22"": 0, ""C23"": 0, ""C24"": 0, ""C25"": 0}","{""C01"": 0.025211118857212167, ""C02"": 0.025211118857212167, ""C03"": 0.025211118857212167, ""C04"": 0.025211118857212167, ""C05"": 0.025211118857212167, ""C06"": 0.024227781903567558, ""C07"": 0.025211118857212167, ""C08"": 0.025211118857212167, ""C09"": 0.025211118857212167, ""C10"": 0.025211118857212167, ""C11"": 0.025211118857212167, ""C12"": 0.025211118857212167, ""C13"": 0.025211118857212167, ""C14"": 0.025211118857212167, ""C15"": 0.025211118857212167, ""C16"": 0.025211118857212167, ""C17"": 0.025211118857212167, ""C18"": 0.025211118857212167, ""C19"": 0.025211118857212167, ""C20"": 0.025211118857212167, ""C21"": 0.025211118857212167, ""C22"": 0.025211118857212167, ""C23"": 0.025211118857212167, ""C24"": 0.025211118857212167, ""C25"": 0.025211118857212167}"
24,24,1,203,1.566099,25,"{""C01"": 1.570495, ""C02"": 1.791601, ""C03"": 1.703551, ""C04"": 1.70336, ""C05"": 1.427623, ""C06"": 1.883079, ""C07"": 1.696663, ""C08"": 1.672397, ""C09"": 1.651263, ""C10"": 1.562235, ""C11"": 1.474818, ""C12"": 1.755464, ""C13"": 1.668948, ""C14"": 1.620229, ""C15"": 1.793865, ""C16"": 1.504685, ""C17"": 1.705991, ""C18"": 1.707191, ""C19"": 1.799039, ""C20"": 1.513862, ""C21"": 1.742612, ""C22"": 1.640927, ""C23"": 1.750889, ""C24"": 1.61584, ""C25"": 1.672537}","{""C01"": 0, ""C02"": 0, ""C03"": 0, ""C04"": 0, ""C05"": 0, ""C06"": 1689, ""C07"": 0, ""C08"": 0, ""C09"": 0, ""C10"": 0, ""C11"": 0, ""C12"": 0, ""C13"": 0, ""C14"": 0, ""C15"": 0, ""C16"": 0, ""C17"": 0, ""C18"": 0, ""C19"": 0, ""C20"": 0, ""C21"": 0, ""C22"": 0, ""C23"": 0, ""C24"": 0, ""C25"": 0}","{""C01"": 0.02522339822506449, ""C02"": 0.02522339822506449, ""C03"": 0.02522339822506449, ""C04"": 0.02522339822506449, ""C05"": 0.02522339822506449, ""C06"": 0.024245272404459943, ""C07"": 0.02522339822506449, ""C08"": 0.02522339822506449, ""C09"": 0.02522339822506449, ""C10"": 0.02522339822506449, ""C11"": 0.02522339822506449, ""C12"": 0.02522339822506449, ""C13"": 0.02522339822506449, ""C14"": 0.02522339822506449, ""C15"": 0.02522339822506449, ""C16"": 0.02522339822506449, ""C17"": 0.02522339822506449, ""C18"": 0.02522339822506449, ""C19"": 0.02522339822506449, ""C20"": 0.02522339822506449, ""C21"": 0.02522339822506449, ""C22"": 0.02522339822506449, ""C23"": 0.02522339822506449, ""C24"": 0.02522339822506449, ""C25"": 0.02522339822506449}"
25,25,1,259,2.012715,25,"{""C01"": 1.587054, ""C02"": 1.776005, ""C03"": 1.719474, ""C04"": 1.701087, ""C05"": 1.430701, ""C06"": 1.870881, ""C07"": 1.716827, ""C08"": 1.681214, ""C09"": 1.693285, ""C10"": 1.531197, ""C11"": 1.467243, ""C12"": 1.730268, ""C13"": 1.680237, ""C14"": 1.602744, ""C15"": 1.775732, ""C16"": 1.524979, ""C17"": 1.709522, ""C18"": 1.712294, ""C19"": 1.800578, ""C20"": 1.512975, ""C21"": 1.740166, ""C22"": 1.652104, ""C23"": 1.777497, ""C24"": 1.629706, ""C25"": 1.659723}","{""C01"": 0, ""C02"": 0, ""C03"": 0, ""C04"": 0, ""C05"": 0, ""C06"": 1692, ""C07"": 0, ""C08"": 0, ""C09"": 0, ""C10"": 0, ""C11"": 0, ""C12"": 0, ""C13"": 0, ""C14"": 0, ""C15"": 0, ""C16"": 0, ""C17"": 0, ""C18"": 0, ""C19"": 0, ""C20"": 0, ""C21"": 0, ""C22"": 0, ""C23"": 0, ""C24"": 0, ""C25"": 0}","{""C01"": 0.02521875485449794, ""C02"": 0.02521875485449794, ""C03"": 0.02521875485449794, ""C04"": 0.02521875485449794, ""C05"": 0.02521875485449794, ""C06"": 0.02423889258573081, ""C07"": 0.02521875485449794, ""C08"": 0.02521875485449794, ""C09"": 0.02521875485449794, ""C10"": 0.02521875485449794, ""C11"": 0.02521875485449794, ""C12"": 0.02521875485449794, ""C13"": 0.02521875485449794, ""C14"": 0.02521875485449794, ""C15"": 0.02521875485449794, ""C16"": 0.02521875485449794, ""C17"": 0.02521875485449794, ""C18"": 0.02521875485449794, ""C19"": 0.02521875485449794, ""C20"": 0.02521875485449794, ""C21"": 0.02521875485449794, ""C22"": 0.02521875485449794, ""C23"": 0.02521875485449794, ""C24"": 0.02521875485449794, ""C25"": 0.02521875485449794}"
26,26,1,306,2.399014,25,"{""C01"": 1.581702, ""C02"": 1.798475, ""C03"": 1.68439, ""C04"": 1.714456, ""C05"": 1.444655, ""C06"": 1.884369, ""C07"": 1.663377, ""C08"": 1.672112, ""C09"": 1.673263, ""C10"": 1.558881, ""C11"": 1.503184, ""C12"": 1.739709, ""C13"": 1.682091, ""C14"": 1.650075, ""C15"": 1.825834, ""C16"": 1.525443, ""C17"": 1.67141, ""C18"": 1.705521, ""C19"": 1.835432, ""C20"": 1.48975, ""C21"": 1.721811, ""C22"": 1.679146, ""C23"": 1.758363, ""C24"": 1.633626, ""C25"": 1.702503}","{""C01"": 0, ""C02"": 0, ""C03"": 0, ""C04"": 0, ""C05"": 0, ""C06"": 1689, ""C07"": 0, ""C08"": 0, ""C09"": 0, ""C10"": 0, ""C11"": 0, ""C12"": 0, ""C13"": 0, ""C14"": 0, ""C15"": 0, ""C16"": 0, ""C17"": 0, ""C18"": 0, ""C19"": 0, ""C20"": 0, ""C21"": 0, ""C22"": 0, ""C23"": 0, ""C24"": 0, ""C25"": 0}","{""C01"": 0.02522407049816576, ""C02"": 0.02522407049816576, ""C03"": 0.02522407049816576, ""C04"": 0.02522407049816576, ""C05"": 0.02522407049816576, ""C06"": 0.024245943950104785, ""C07"": 0.02522407049816576, ""C08"": 0.02522407049816576, ""C09"": 0.02522407049816576, ""C10"": 0.02522407049816576, ""C11"": 0.02522407049816576, ""C12"": 0.02522407049816576, ""C13"": 0.02522407049816576, ""C14"": 0.02522407049816576, ""C15"": 0.02522407049816576, ""C16"": 0.02522407049816576, ""C17"": 0.02522407049816576, ""C18"": 0.02522407049816576, ""C19"": 0.02522407049816576, ""C20"": 0.02522407049816576, ""C21"": 0.02522407049816576, ""C22"": 0.02522407049816576, ""C23"": 0.02522407049816576, ""C24"": 0.02522407049816576, ""C25"": 0.02522407049816576}"
27,27,1,796,6.028976,25,"{""C01"": 1.613653, ""C02"": 1.820866, ""C03"": 1.710317, ""C04"": 1.740968, ""C05"": 1.442304, ""C06"": 1.870105, ""C07"": 1.718963, ""C08"": 1.644192, ""C09"": 1.688222, ""C10"": 1.518724, ""C11"": 1.510564, ""C12"": 1.760317, ""C13"": 1.678395, ""C14"": 1.665712, ""C15"": 1.783436, ""C16"": 1.534824, ""C17"": 1.703994, ""C18"": 1.749731, ""C19"": 1.848163, ""C20"": 1.512333, ""C21"": 1.760219, ""C22"": 1.688921, ""C23"": 1.768534, ""C24"": 1.609717, ""C25"": 1.650314}","{""C01"": 0, ""C02"": 0, ""C03"": 0, ""C04"": 0, ""C05"": 0, ""C06"": 1693, ""C07"": 0, ""C08"": 0, ""C09"": 0, ""C10"": 0, ""C11"": 0, ""C12"": 0, ""C13"": 0, ""C14"": 0, ""C15"": 0, ""C16"": 0, ""C17"": 0, ""C18"": 0, ""C19"": 0, ""C20"": 0, ""C21"": 0, ""C22"": 0, ""C23"": 0, ""C24"": 0, ""C25"": 0}","{""C01"": 0.025218928004013708, ""C02"": 0.025218928004013708, ""C03"": 0.025218928004013708, ""C04"": 0.025218928004013708, ""C05"": 0.025218928004013708, ""C06"": 0.024238485060922757, ""C07"": 0.025218928004013708, ""C08"": 0.025218928004013708, ""C09"": 0.025218928004013708, ""C10"": 0.025218928004013708, ""C11"": 0.025218928004013708, ""C12"": 0.025218928004013708, ""C13"": 0.025218928004013708, ""C14"": 0.025218928004013708, ""C15"": 0.025218928004013708, ""C16"": 0.025218928004013708, ""C17"": 0.025218928004013708, ""C18"": 0.025218928004013708, ""C19"": 0.025218928004013708, ""C20"": 0.025218928004013708, ""C21"": 0.025218928004013708, ""C22"": 0.025218928004013708, ""C23"": 0.025218928004013708, ""C24"": 0.025218928004013708, ""C25"": 0.025218928004013708}"
28,28,1,185,1.403593,25,"{""C01"": 1.613871, ""C02"": 1.811061, ""C03"": 1.738213, ""C04"": 1.70872, ""C05"": 1.465933, ""C06"": 1.915122, ""C07"": 1.693172, ""C08"": 1.665625, ""C09"": 1.709513, ""C10"": 1.556468, ""C11"": 1.511752, ""C12"": 1.784776, ""C13"": 1.689431, ""C14"": 1.653639, ""C15"": 1.824489, ""C16"": 1.536587, ""C17"": 1.733528, ""C18"": 1.711672, ""C19"": 1.820823, ""C20"": 1.515419, ""C21"": 1.765977, ""C22"": 1.68078, ""C23"": 1.773358, ""C24"": 1.618207, ""C25"": 1.681596}","{""C01"": 0, ""C02"": 0, ""C03"": 0, ""C04"": 0, ""C05"": 0, ""C06"": 1680, ""C07"": 0, ""C08"": 0, ""C09"": 0, ""C10"": 0, ""C11"": 0, ""C12"": 0, ""C13"": 0, ""C14"": 0, ""C15"": 0, ""C16"": 0, ""C17"": 0, ""C18"": 0, ""C19"": 0, ""C20"": 0, ""C21"": 0, ""C22"": 0, ""C23"": 0, ""C24"": 0, ""C25"": 0}","{""C01"": 0.025234689308638147, ""C02"": 0.025234689308638147, ""C03"": 0.025234689308638147, ""C04"": 0.025234689308638147, ""C05"": 0.025234689308638147, ""C06"": 0.024261775679061234, ""C07"": 0.025234689308638147, ""C08"": 0.025234689308638147, ""C09"": 0.025234689308638147, ""C10"": 0.025234689308638147, ""C11"": 0.025234689308638147, ""C12"": 0.025234689308638147, ""C13"": 0.025234689308638147, ""C14"": 0.025234689308638147, ""C15"": 0.025234689308638147, ""C16"": 0.025234689308638147, ""C17"": 0.025234689308638147, ""C18"": 0.025234689308638147, ""C19"": 0.025234689308638147, ""C20"": 0.025234689308638147, ""C21"": 0.025234689308638147, ""C22"": 0.025234689308638147, ""C23"": 0.025234689308638147, ""C24"": 0.025234689308638147, ""C25"": 0.025234689308638147}"
29,29,1,440,3.369418,25,"{""C01"": 1.626271, ""C02"": 1.779854, ""C03"": 1.728571, ""C04"": 1.724724, ""C05"": 1.459354, ""C06"": 1.916376, ""C07"": 1.700218, ""C08"": 1.644542, ""C09"": 1.735315, ""C10"": 1.524099, ""C11"": 1.52106, ""C12"": 1.80238, ""C13"": 1.735081, ""C14"": 1.67031, ""C15"": 1.878699, ""C16"": 1.551537, ""C17"": 1.705874, ""C18"": 1.747076, ""C19"": 1.86891, ""C20"": 1.56064, ""C21"": 1.773084, ""C22"": 1.724166, ""C23"": 1.753284, ""C24"": 1.654734, ""C25"": 1.663721}","{""C01"": 0, ""C02"": 0, ""C03"": 0, ""C04"": 0, ""C05"": 0, ""C06"": 1680, ""C07"": 0, ""C08"": 0, ""C09"": 0, ""C10"": 0, ""C11"": 0, ""C12"": 0, ""C13"": 0, ""C14"": 0, ""C15"": 0, ""C16"": 0, ""C17"": 0, ""C18"": 0, ""C19"": 0, ""C20"": 0, ""C21"": 0, ""C22"": 0, ""C23"": 0, ""C24"": 0, ""C25"": 0}","{""C01"": 0.0252353285175171, ""C02"": 0.0252353285175171, ""C03"": 0.0252353285175171, ""C04"": 0.0252353285175171, ""C05"": 0.0252353285175171, ""C06"": 0.024262414192191894, ""C07"": 0.0252353285175171, ""C08"": 0.0252353285175171, ""C09"": 0.0252353285175171, ""C10"": 0.0252353285175171, ""C11"": 0.0252353285175171, ""C12"": 0.0252353285175171, ""C13"": 0.0252353285175171, ""C14"": 0.0252353285175171, ""C15"": 0.0252353285175171, ""C16"": 0.0252353285175171, ""C17"": 0.0252353285175171, ""C18"": 0.0252353285175171, ""C19"": 0.0252353285175171, ""C20"": 0.0252353285175171, ""C21"": 0.0252353285175171, ""C22"": 0.0252353285175171, ""C23"": 0.0252353285175171, ""C24"": 0.0252353285175171, ""C25"": 0.0252353285175171}"
30,30,1,462,3.494684,25,"{""C01"": 1.589825, ""C02"": 1.857115, ""C03"": 1.751755, ""C04"": 1.720697, ""C05"": 1.460144, ""C06"": 1.914366, ""C07"": 1.69805, ""C08"": 1.702737, ""C09"": 1.715078, ""C10"": 1.571989, ""C11"": 1.503424, ""C12"": 1.798248, ""C13"": 1.685058, ""C14"": 1.681772, ""C15"": 1.854357, ""C16"": 1.567737, ""C17"": 1.723824, ""C18"": 1.735853, ""C19"": 1.882687, ""C20"": 1.524503, ""C21"": 1.76128, ""C22"": 1.691396, ""C23"": 1.803271, ""C24"": 1.665754, ""C25"": 1.702043}","{""C01"": 0, ""C02"": 0, ""C03"": 0, ""C04"": 0, ""C05"": 0, ""C06"": 1680, ""C07"": 0, ""C08"": 0, ""C09"": 0, ""C10"": 0, ""C11"": 0, ""C12"": 0, ""C13"": 0, ""C14"": 0, ""C15"": 0, ""C16"": 0, ""C17"": 0, ""C18"": 0, ""C19"": 0, ""C20"": 0, ""C21"": 0, ""C22"": 0, ""C23"": 0, ""C24"": 0, ""C25"": 0}","{""C01"": 0.025234303653355897, ""C02"": 0.025234303653355897, ""C03"": 0.025234303653355897, ""C04"": 0.025234303653355897, ""C05"": 0.025234303653355897, ""C06"": 0.024261390443536045, ""C07"": 0.025234303653355897, ""C08"": 0.025234303653355897, ""C09"": 0.025234303653355897, ""C10"": 0.025234303653355897, ""C11"": 0.025234303653355897, ""C12"": 0.025234303653355897, ""C13"": 0.025234303653355897, ""C14"": 0.025234303653355897, ""C15"": 0.025234303653355897, ""C16"": 0.025234303653355897, ""C17"": 0.025234303653355897, ""C18"": 0.025234303653355897, ""C19"": 0.025234303653355897, ""C20"": 0.025234303653355897, ""C21"": 0.025234303653355897, ""C22"": 0.025234303653355897, ""C23"": 0.025234303653355897, ""C24"": 0.025234303653355897, ""C25"": 0.025234303653355897}"
31,31,1,469,3.561087,25,"{""C01"": 1.671515, ""C02"": 1.846147, ""C03"": 1.741667, ""C04"": 1.748608, ""C05"": 1.462943, ""C06"": 1.92518, ""C07"": 1.780027, ""C08"": 1.691477, ""C09"": 1.715558, ""C10"": 1.58119, ""C11"": 1.516768, ""C12"": 1.844673, ""C13"": 1.710305, ""C14"": 1.687566, ""C15"": 1.851568, ""C16"": 1.572221, ""C17"": 1.745714, ""C18"": 1.743576, ""C19"": 1.893689, ""C20"": 1.524783, ""C21"": 1.768772, ""C22"": 1.673959, ""C23"": 1.824227, ""C24"": 1.670203, ""C25"": 1.699683}","{""C01"": 0, ""C02"": 0, ""C03"": 0, ""C04"": 0, ""C05"": 0, ""C06"": 1677, ""C07"": 0, ""C08"": 0, ""C09"": 0, ""C10"": 0, ""C11"": 0, ""C12"": 0, ""C13"": 0, ""C14"": 0, ""C15"": 0, ""C16"": 0, ""C17"": 0, ""C18"": 0, ""C19"": 0, ""C20"": 0, ""C21"": 0, ""C22"": 0, ""C23"": 0, ""C24"": 0, ""C25"": 0}","{""C01"": 0.025238056978745843, ""C02"": 0.025238056978745843, ""C03"": 0.025238056978745843, ""C04"": 0.025238056978745843, ""C05"": 0.025238056978745843, ""C06"": 0.02426688117690926, ""C07"": 0.025238056978745843, ""C08"": 0.025238056978745843, ""C09"": 0.025238056978745843, ""C10"": 0.025238056978745843, ""C11"": 0.025238056978745843, ""C12"": 0.025238056978745843, ""C13"": 0.025238056978745843, ""C14"": 0.025238056978745843, ""C15"": 0.025238056978745843, ""C16"": 0.025238056978745843, ""C17"": 0.025238056978745843, ""C18"": 0.025238056978745843, ""C19"": 0.025238056978745843, ""C20"": 0.025238056978745843, ""C21"": 0.025238056978745843, ""C22"": 0.025238056978745843, ""C23"": 0.025238056978745843, ""C24"": 0.025238056978745843, ""C25"": 0.025238056978745843}"
32,32,1,216,1.705334,25,"{""C01"": 1.624468, ""C02"": 1.883385, ""C03"": 1.731536, ""C04"": 1.749526, ""C05"": 1.477758, ""C06"": 1.963359, ""C07"": 1.741787, ""C08"": 1.732128, ""C09"": 1.719939, ""C10"": 1.570003, ""C11"": 1.514287, ""C12"": 1.85626, ""C13"": 1.752999, ""C14"": 1.685509, ""C15"": 1.883181, ""C16"": 1.583467, ""C17"": 1.773016, ""C18"": 1.816492, ""C19"": 1.881538, ""C20"": 1.549283, ""C21"": 1.798944, ""C22"": 1.735234, ""C23"": 1.7893, ""C24"": 1.651111, ""C25"": 1.754941}","{""C01"": 0, ""C02"": 0, ""C03"": 0, ""C04"": 0, ""C05"": 0, ""C06"": 1667, ""C07"": 0, ""C08"": 0, ""C09"": 0, ""C10"": 0, ""C11"": 0, ""C12"": 0, ""C13"": 0, ""C14"": 0, ""C15"": 0, ""C16"": 0, ""C17"": 0, ""C18"": 0, ""C19"": 0, ""C20"": 0, ""C21"": 0, ""C22"": 0, ""C23"": 0, ""C24"": 0, ""C25"": 0}","{""C01"": 0.025251332213039435, ""C02"": 0.025251332213039435, ""C03"": 0.025251332213039435, ""C04"": 0.025251332213039435, ""C05"": 0.025251332213039435, ""C06"": 0.024285946928409165, ""C07"": 0.025251332213039435, ""C08"": 0.025251332213039435, ""C09"": 0.025251332213039435, ""C10"": 0.025251332213039435, ""C11"": 0.025251332213039435, ""C12"": 0.025251332213039435, ""C13"": 0.025251332213039435, ""C14"": 0.025251332213039435, ""C15"": 0.025251332213039435, ""C16"": 0.025251332213039435, ""C17"": 0.025251332213039435, ""C18"": 0.025251332213039435, ""C19"": 0.025251332213039435, ""C20"": 0.025251332213039435, ""C21"": 0.025251332213039435, ""C22"": 0.025251332213039435, ""C23"": 0.025251332213039435, ""C24"": 0.025251332213039435, ""C25"": 0.025251332213039435}"
33,33,1,327,2.573807,25,"{""C01"": 1.678566, ""C02"": 1.876089, ""C03"": 1.790866, ""C04"": 1.731696, ""C05"": 1.51008, ""C06"": 1.947677, ""C07"": 1.753319, ""C08"": 1.750414, ""C09"": 1.723598, ""C10"": 1.545984, ""C11"": 1.541481, ""C12"": 1.845612, ""C13"": 1.725077, ""C14"": 1.693572, ""C15"": 1.846798, ""C16"": 1.564922, ""C17"": 1.77452, ""C18"": 1.7846, ""C19"": 1.902159, ""C20"": 1.56248, ""C21"": 1.780356, ""C22"": 1.709583, ""C23"": 1.819904, ""C24"": 1.675957, ""C25"": 1.718826}","{""C01"": 0, ""C02"": 0, ""C03"": 0, ""C04"": 0, ""C05"": 0, ""C06"": 1671, ""C07"": 0, ""C08"": 0, ""C09"": 0, ""C10"": 0, ""C11"": 0, ""C12"": 0, ""C13"": 0, ""C14"": 0, ""C15"": 0, ""C16"": 0, ""C17"": 0, ""C18"": 0, ""C19"": 0, ""C20"": 0, ""C21"": 0, ""C22"": 0, ""C23"": 0, ""C24"": 0, ""C25"": 0}","{""C01"": 0.025245876464722275, ""C02"": 0.025245876464722275, ""C03"": 0.025245876464722275, ""C04"": 0.025245876464722275, ""C05"": 0.025245876464722275, ""C06"": 0.024278175134729574, ""C07"": 0.025245876464722275, ""C08"": 0.025245876464722275, ""C09"": 0.025245876464722275, ""C10"": 0.025245876464722275, ""C11"": 0.025245876464722275, ""C12"": 0.025245876464722275, ""C13"": 0.025245876464722275, ""C14"": 0.025245876464722275, ""C15"": 0.025245876464722275, ""C16"": 0.025245876464722275, ""C17"": 0.025245876464722275, ""C18"": 0.025245876464722275, ""C19"": 0.025245876464722275, ""C20"": 0.025245876464722275, ""C21"": 0.025245876464722275, ""C22"": 0.025245876464722275, ""C23"": 0.025245876464722275, ""C24"": 0.025245876464722275, ""C25"": 0.025245876464722275}"
34,34,1,437,3.586951,25,"{""C01"": 1.680941, ""C02"": 1.893533, ""C03"": 1.74027, ""C04"": 1.773471, ""C05"": 1.529383, ""C06"": 1.972033, ""C07"": 1.745708, ""C08"": 1.720253, ""C09"": 1.755546, ""C10"": 1.561267, ""C11"": 1.521813, ""C12"": 1.817603, ""C13"": 1.730374, ""C14"": 1.708137, ""C15"": 1.896351, ""C16"": 1.589937, ""C17"": 1.84677, ""C18"": 1.797021, ""C19"": 1.936278, ""C20"": 1.587085, ""C21"": 1.799561, ""C22"": 1.706585, ""C23"": 1.816286, ""C24"": 1.711482, ""C25"": 1.755127}","{""C01"": 0, ""C02"": 0, ""C03"": 0, ""C04"": 0, ""C05"": 0, ""C06"": 1665, ""C07"": 0, ""C08"": 0, ""C09"": 0, ""C10"": 0, ""C11"": 0, ""C12"": 0, ""C13"": 0, ""C14"": 0, ""C15"": 0, ""C16"": 0, ""C17"": 0, ""C18"": 0, ""C19"": 0, ""C20"": 0, ""C21"": 0, ""C22"": 0, ""C23"": 0, ""C24"": 0, ""C25"": 0}","{""C01"": 0.025254438373357516, ""C02"": 0.025254438373357516, ""C03"": 0.025254438373357516, ""C04"": 0.025254438373357516, ""C05"": 0.025254438373357516, ""C06"": 0.024290210694233413, ""C07"": 0.025254438373357516, ""C08"": 0.025254438373357516, ""C09"": 0.025254438373357516, ""C10"": 0.025254438373357516, ""C11"": 0.025254438373357516, ""C12"": 0.025254438373357516, ""C13"": 0.025254438373357516, ""C14"": 0.025254438373357516, ""C15"": 0.025254438373357516, ""C16"": 0.025254438373357516, ""C17"": 0.025254438373357516, ""C18"": 0.025254438373357516, ""C19"": 0.025254438373357516, ""C20"": 0.025254438373357516, ""C21"": 0.025254438373357516, ""C22"": 0.025254438373357516, ""C23"": 0.025254438373357516, ""C24"": 0.025254438373357516, ""C25"": 0.025254438373357516}"
35,35,1,298,2.333283,25,"{""C01"": 1.707131, ""C02"": 1.895307, ""C03"": 1.749248, ""C04"": 1.800744, ""C05"": 1.489743, ""C06"": 1.961541, ""C07"": 1.789025, ""C08"": 1.722585, ""C09"": 1.740104, ""C10"": 1.572274, ""C11"": 1.523394, ""C12"": 1.81789, ""C13"": 1.743342, ""C14"": 1.709995, ""C15"": 1.894454, ""C16"": 1.57108, ""C17"": 1.827552, ""C18"": 1.782953, ""C19"": 1.903866, ""C20"": 1.568509, ""C21"": 1.832085, ""C22"": 1.731607, ""C23"": 1.804467, ""C24"": 1.700643, ""C25"": 1.752804}","{""C01"": 0, ""C02"": 0, ""C03"": 0, ""C04"": 0, ""C05"": 0, ""C06"": 1667, ""C07"": 0, ""C08"": 0, ""C09"": 0, ""C10"": 0, ""C11"": 0, ""C12"": 0, ""C13"": 0, ""C14"": 0, ""C15"": 0, ""C16"": 0, ""C17"": 0, ""C18"": 0, ""C19"": 0, ""C20"": 0, ""C21"": 0, ""C22"": 0, ""C23"": 0, ""C24"": 0, ""C25"": 0}","{""C01"": 0.025250434302628577, ""C02"": 0.025250434302628577, ""C03"": 0.025250434302628577, ""C04"": 0.025250434302628577, ""C05"": 0.025250434302628577, ""C06"": 0.02428505000367818, ""C07"": 0.025250434302628577, ""C08"": 0.025250434302628577, ""C09"": 0.025250434302628577, ""C10"": 0.025250434302628577, ""C11"": 0.025250434302628577, ""C12"": 0.025250434302628577, ""C13"": 0.025250434302628577, ""C14"": 0.025250434302628577, ""C15"": 0.025250434302628577, ""C16"": 0.025250434302628577, ""C17"": 0.025250434302628577, ""C18"": 0.025250434302628577, ""C19"": 0.025250434302628577, ""C20"": 0.025250434302628577, ""C21"": 0.025250434302628577, ""C22"": 0.025250434302628577, ""C23"": 0.025250434302628577, ""C24"": 0.025250434302628577, ""C25"": 0.025250434302628577}"
36,36,1,366,2.871923,25,"{""C01"": 1.700929, ""C02"": 1.878105, ""C03"": 1.767591, ""C04"": 1.76844, ""C05"": 1.510462, ""C06"": 1.95993, ""C07"": 1.787797, ""C08"": 1.756245, ""C09"": 1.788001, ""C10"": 1.596961, ""C11"": 1.560628, ""C12"": 1.880143, ""C13"": 1.750154, ""C14"": 1.745324, ""C15"": 1.89806, ""C16"": 1.638144, ""C17"": 1.814811, ""C18"": 1.806464, ""C19"": 1.909157, ""C20"": 1.596279, ""C21"": 1.839186, ""C22"": 1.753622, ""C23"": 1.83124, ""C24"": 1.678353, ""C25"": 1.754694}","{""C01"": 0, ""C02"": 0, ""C03"": 0, ""C04"": 0, ""C05"": 0, ""C06"": 1668, ""C07"": 0, ""C08"": 0, ""C09"": 0, ""C10"": 0, ""C11"": 0, ""C12"": 0, ""C13"": 0, ""C14"": 0, ""C15"": 0, ""C16"": 0, ""C17"": 0, ""C18"": 0, ""C19"": 0, ""C20"": 0, ""C21"": 0, ""C22"": 0, ""C23"": 0, ""C24"": 0, ""C25"": 0}","{""C01"": 0.02525021913911503, ""C02"": 0.02525021913911503, ""C03"": 0.02525021913911503, ""C04"": 0.02525021913911503, ""C05"": 0.02525021913911503, ""C06"": 0.024284254568271067, ""C07"": 0.02525021913911503, ""C08"": 0.02525021913911503, ""C09"": 0.02525021913911503, ""C10"": 0.02525021913911503, ""C11"": 0.02525021913911503, ""C12"": 0.02525021913911503, ""C13"": 0.02525021913911503, ""C14"": 0.02525021913911503, ""C15"": 0.02525021913911503, ""C16"": 0.02525021913911503, ""C17"": 0.02525021913911503, ""C18"": 0.02525021913911503, ""C19"": 0.02525021913911503, ""C20"": 0.02525021913911503, ""C21"": 0.02525021913911503, ""C22"": 0.02525021913911503, ""C23"": 0.02525021913911503, ""C24"": 0.02525021913911503, ""C25"": 0.02525021913911503}"
37,37,1,466,3.682777,25,"{""C01"": 1.71168, ""C02"": 1.900769, ""C03"": 1.79085, ""C04"": 1.817911, ""C05"": 1.537504, ""C06"": 1.987752, ""C07"": 1.807324, ""C08"": 1.727081, ""C09"": 1.793827, ""C10"": 1.610934, ""C11"": 1.570022, ""C12"": 1.834573, ""C13"": 1.739703, ""C14"": 1.7382, ""C15"": 1.869675, ""C16"": 1.58125, ""C17"": 1.795841, ""C18"": 1.818454, ""C19"": 1.955791, ""C20"": 1.599574, ""C21"": 1.832781, ""C22"": 1.74743, ""C23"": 1.83067, ""C24"": 1.699075, ""C25"": 1.791182}","{""C01"": 0, ""C02"": 0, ""C03"": 0, ""C04"": 0, ""C05"": 0, ""C06"": 1660, ""C07"": 0, ""C08"": 0, ""C09"": 0, ""C10"": 0, ""C11"": 0, ""C12"": 0, ""C13"": 0, ""C14"": 0, ""C15"": 0, ""C16"": 0, ""C17"": 0, ""C18"": 0, ""C19"": 0, ""C20"": 0, ""C21"": 0, ""C22"": 0, ""C23"": 0, ""C24"": 0, ""C25"": 0}","{""C01"": 0.025259205155213252, ""C02"": 0.025259205155213252, ""C03"": 0.025259205155213252, ""C04"": 0.025259205155213252, ""C05"": 0.025259205155213252, ""C06"": 0.024297874788136428, ""C07"": 0.025259205155213252, ""C08"": 0.025259205155213252, ""C09"": 0.025259205155213252, ""C10"": 0.025259205155213252, ""C11"": 0.025259205155213252, ""C12"": 0.025259205155213252, ""C13"": 0.025259205155213252, ""C14"": 0.025259205155213252, ""C15"": 0.025259205155213252, ""C16"": 0.025259205155213252, ""C17"": 0.025259205155213252, ""C18"": 0.025259205155213252, ""C19"": 0.025259205155213252, ""C20"": 0.025259205155213252, ""C21"": 0.025259205155213252, ""C22"": 0.025259205155213252, ""C23"": 0.025259205155213252, ""C24"": 0.025259205155213252, ""C25"": 0.025259205155213252}"
38,38,1,332,2.609378,25,"{""C01"": 1.705001, ""C02"": 1.895972, ""C03"": 1.812209, ""C04"": 1.786263, ""C05"": 1.552153, ""C06"": 1.984426, ""C07"": 1.824611, ""C08"": 1.770459, ""C09"": 1.78856, ""C10"": 1.61732, ""C11"": 1.58389, ""C12"": 1.858923, ""C13"": 1.761156, ""C14"": 1.73115, ""C15"": 1.899076, ""C16"": 1.603174, ""C17"": 1.815307, ""C18"": 1.826606, ""C19"": 1.934137, ""C20"": 1.570884, ""C21"": 1.844506, ""C22"": 1.748818, ""C23"": 1.859323, ""C24"": 1.735422, ""C25"": 1.739625}","{""C01"": 0, ""C02"": 0, ""C03"": 0, ""C04"": 0, ""C05"": 0, ""C06"": 1661, ""C07"": 0, ""C08"": 0, ""C09"": 0, ""C10"": 0, ""C11"": 0, ""C12"": 0, ""C13"": 0, ""C14"": 0, ""C15"": 0, ""C16"": 0, ""C17"": 0, ""C18"": 0, ""C19"": 0, ""C20"": 0, ""C21"": 0, ""C22"": 0, ""C23"": 0, ""C24"": 0, ""C25"": 0}","{""C01"": 0.025258169543498077, ""C02"": 0.025258169543498077, ""C03"": 0.025258169543498077, ""C04"": 0.025258169543498077, ""C05"": 0.025258169543498077, ""C06"": 0.024296259803931578, ""C07"": 0.025258169543498077, ""C08"": 0.025258169543498077, ""C09"": 0.025258169543498077, ""C10"": 0.025258169543498077, ""C11"": 0.025258169543498077, ""C12"": 0.025258169543498077, ""C13"": 0.025258169543498077, ""C14"": 0.025258169543498077, ""C15"": 0.025258169543498077, ""C16"": 0.025258169543498077, ""C17"": 0.025258169543498077, ""C18"": 0.025258169543498077, ""C19"": 0.025258169543498077, ""C20"": 0.025258169543498077, ""C21"": 0.025258169543498077, ""C22"": 0.025258169543498077, ""C23"": 0.025258169543498077, ""C24"": 0.025258169543498077, ""C25"": 0.025258169543498077}"
39,39,1,338,2.629339,25,"{""C01"": 1.738213, ""C02"": 1.900793, ""C03"": 1.78398, ""C04"": 1.782784, ""C05"": 1.500052, ""C06"": 1.969615, ""C07"": 1.802622, ""C08"": 1.745714, ""C09"": 1.785082, ""C10"": 1.620148, ""C11"": 1.555617, ""C12"": 1.850077, ""C13"": 1.787942, ""C14"": 1.736669, ""C15"": 1.914246, ""C16"": 1.595065, ""C17"": 1.837951, ""C18"": 1.816371, ""C19"": 1.899309, ""C20"": 1.608743, ""C21"": 1.842414, ""C22"": 1.738446, ""C23"": 1.848338, ""C24"": 1.743789, ""C25"": 1.744293}","{""C01"": 0, ""C02"": 0, ""C03"": 0, ""C04"": 0, ""C05"": 0, ""C06"": 1665, ""C07"": 0, ""C08"": 0, ""C09"": 0, ""C10"": 0, ""C11"": 0, ""C12"": 0, ""C13"": 0, ""C14"": 0, ""C15"": 0, ""C16"": 0, ""C17"": 0, ""C18"": 0, ""C19"": 0, ""C20"": 0, ""C21"": 0, ""C22"": 0, ""C23"": 0, ""C24"": 0, ""C25"": 0}","{""C01"": 0.025253250862291535, ""C02"": 0.025253250862291535, ""C03"": 0.025253250862291535, ""C04"": 0.025253250862291535, ""C05"": 0.025253250862291535, ""C06"": 0.024289024488501523, ""C07"": 0.025253250862291535, ""C08"": 0.025253250862291535, ""C09"": 0.025253250862291535, ""C10"": 0.025253250862291535, ""C11"": 0.025253250862291535, ""C12"": 0.025253250862291535, ""C13"": 0.025253250862291535, ""C14"": 0.025253250862291535, ""C15"": 0.025253250862291535, ""C16"": 0.025253250862291535, ""C17"": 0.025253250862291535, ""C18"": 0.025253250862291535, ""C19"": 0.025253250862291535, ""C20"": 0.025253250862291535, ""C21"": 0.025253250862291535, ""C22"": 0.025253250862291535, ""C23"": 0.025253250862291535, ""C24"": 0.025253250862291535, ""C25"": 0.025253250862291535}"
40,40,1,266,2.093448,25,"{""C01"": 1.703411, ""C02"": 1.919713, ""C03"": 1.790015, ""C04"": 1.796319, ""C05"": 1.52851, ""C06"": 1.983019, ""C07"": 1.804555, ""C08"": 1.779168, ""C09"": 1.802435, ""C10"": 1.581551, ""C11"": 1.571961, ""C12"": 1.868895, ""C13"": 1.788254, ""C14"": 1.759651, ""C15"": 1.911775, ""C16"": 1.595029, ""C17"": 1.773934, ""C18"": 1.843832, ""C19"": 1.910694, ""C20"": 1.615325, ""C21"": 1.866611, ""C22"": 1.738759, ""C23"": 1.830612, ""C24"": 1.706861, ""C25"": 1.737291}","{""C01"": 0, ""C02"": 0, ""C03"": 0, ""C04"": 0, ""C05"": 0, ""C06"": 1662, ""C07"": 0, ""C08"": 0, ""C09"": 0, ""C10"": 0, ""C11"": 0, ""C12"": 0, ""C13"": 0, ""C14"": 0, ""C15"": 0, ""C16"": 0, ""C17"": 0, ""C18"": 0, ""C19"": 0, ""C20"": 0, ""C21"": 0, ""C22"": 0, ""C23"": 0, ""C24"": 0, ""C25"": 0}","{""C01"": 0.025258065795125476, ""C02"": 0.025258065795125476, ""C03"": 0.025258065795125476, ""C04"": 0.025258065795125476, ""C05"": 0.025258065795125476, ""C06"": 0.02429557565696993, ""C07"": 0.025258065795125476, ""C08"": 0.025258065795125476, ""C09"": 0.025258065795125476, ""C10"": 0.025258065795125476, ""C11"": 0.025258065795125476, ""C12"": 0.025258065795125476, ""C13"": 0.025258065795125476, ""C14"": 0.025258065795125476, ""C15"": 0.025258065795125476, ""C16"": 0.025258065795125476, ""C17"": 0.025258065795125476, ""C18"": 0.025258065795125476, ""C19"": 0.025258065795125476, ""C20"": 0.025258065795125476, ""C21"": 0.025258065795125476, ""C22"": 0.025258065795125476, ""C23"": 0.025258065795125476, ""C24"": 0.025258065795125476, ""C25"": 0.025258065795125476}"
41,41,1,479,3.778911,25,"{""C01"": 1.675569, ""C02"": 1.872226, ""C03"": 1.7977, ""C04"": 1.80512, ""C05"": 1.536266, ""C06"": 1.971659, ""C07"": 1.772554, ""C08"": 1.74027, ""C09"": 1.785599, ""C10"": 1.571072, ""C11"": 1.523016, ""C12"": 1.846876, ""C13"": 1.744462, ""C14"": 1.774979, ""C15"": 1.896286, ""C16"": 1.584123, ""C17"": 1.811654, ""C18"": 1.822284, ""C19"": 1.940826, ""C20"": 1.57174, ""C21"": 1.833415, ""C22"": 1.748022, ""C23"": 1.833192, ""C24"": 1.731584, ""C25"": 1.76935}","{""C01"": 0, ""C02"": 0, ""C03"": 0, ""C04"": 0, ""C05"": 0, ""C06"": 1665, ""C07"": 0, ""C08"": 0, ""C09"": 0, ""C10"": 0, ""C11"": 0, ""C12"": 0, ""C13"": 0, ""C14"": 0, ""C15"": 0, ""C16"": 0, ""C17"": 0, ""C18"": 0, ""C19"": 0, ""C20"": 0, ""C21"": 0, ""C22"": 0, ""C23"": 0, ""C24"": 0, ""C25"": 0}","{""C01"": 0.025254254835976264, ""C02"": 0.025254254835976264, ""C03"": 0.025254254835976264, ""C04"": 0.025254254835976264, ""C05"": 0.025254254835976264, ""C06"": 0.024290027358604527, ""C07"": 0.025254254835976264, ""C08"": 0.025254254835976264, ""C09"": 0.025254254835976264, ""C10"": 0.025254254835976264, ""C11"": 0.025254254835976264, ""C12"": 0.025254254835976264, ""C13"": 0.025254254835976264, ""C14"": 0.025254254835976264, ""C15"": 0.025254254835976264, ""C16"": 0.025254254835976264, ""C17"": 0.025254254835976264, ""C18"": 0.025254254835976264, ""C19"": 0.025254254835976264, ""C20"": 0.025254254835976264, ""C21"": 0.025254254835976264, ""C22"": 0.025254254835976264, ""C23"": 0.025254254835976264, ""C24"": 0.025254254835976264, ""C25"": 0.025254254835976264}"
42,42,1,494,3.757652,25,"{""C01"": 1.717166, ""C02"": 1.911664, ""C03"": 1.783164, ""C04"": 1.795546, ""C05"": 1.485314, ""C06"": 1.953968, ""C07"": 1.771118, ""C08"": 1.778148, ""C09"": 1.784772, ""C10"": 1.570438, ""C11"": 1.556679, ""C12"": 1.878467, ""C13"": 1.768755, ""C14"": 1.761511, ""C15"": 1.904168, ""C16"": 1.594907, ""C17"": 1.7892, ""C18"": 1.788238, ""C19"": 1.897145, ""C20"": 1.58565, ""C21"": 1.855354, ""C22"": 1.741674, ""C23"": 1.852201, ""C24"": 1.741696, ""C25"": 1.758778}","{""C01"": 0, ""C02"": 0, ""C03"": 0, ""C04"": 0, ""C05"": 0, ""C06"": 1669, ""C07"": 0, ""C08"": 0, ""C09"": 0, ""C10"": 0, ""C11"": 0, ""C12"": 0, ""C13"": 0, ""C14"": 0, ""C15"": 0, ""C16"": 0, ""C17"": 0, ""C18"": 0, ""C19"": 0, ""C20"": 0, ""C21"": 0, ""C22"": 0, ""C23"": 0, ""C24"": 0, ""C25"": 0}","{""C01"": 0.025247845064990906, ""C02"": 0.025247845064990906, ""C03"": 0.025247845064990906, ""C04"": 0.025247845064990906, ""C05"": 0.025247845064990906, ""C06"": 0.024281302590517927, ""C07"": 0.025247845064990906, ""C08"": 0.025247845064990906, ""C09"": 0.025247845064990906, ""C10"": 0.025247845064990906, ""C11"": 0.025247845064990906, ""C12"": 0.025247845064990906, ""C13"": 0.025247845064990906, ""C14"": 0.025247845064990906, ""C15"": 0.025247845064990906, ""C16"": 0.025247845064990906, ""C17"": 0.025247845064990906, ""C18"": 0.025247845064990906, ""C19"": 0.025247845064990906, ""C20"": 0.025247845064990906, ""C21"": 0.025247845064990906, ""C22"": 0.025247845064990906, ""C23"": 0.025247845064990906, ""C24"": 0.025247845064990906, ""C25"": 0.025247845064990906}"
43,43,1,329,2.509222,25,"{""C01"": 1.671734, ""C02"": 1.888934, ""C03"": 1.785837, ""C04"": 1.773429, ""C05"": 1.506113, ""C06"": 1.957878, ""C07"": 1.805415, ""C08"": 1.763888, ""C09"": 1.782231, ""C10"": 1.582483, ""C11"": 1.583754, ""C12"": 1.880473, ""C13"": 1.791776, ""C14"": 1.722502, ""C15"": 1.901495, ""C16"": 1.573962, ""C17"": 1.77197, ""C18"": 1.8115, ""C19"": 1.876686, ""C20"": 1.580313, ""C21"": 1.827387, ""C22"": 1.698275, ""C23"": 1.83668, ""C24"": 1.717514, ""C25"": 1.740774}","{""C01"": 0, ""C02"": 0, ""C03"": 0, ""C04"": 0, ""C05"": 0, ""C06"": 1668, ""C07"": 0, ""C08"": 0, ""C09"": 0, ""C10"": 0, ""C11"": 0, ""C12"": 0, ""C13"": 0, ""C14"": 0, ""C15"": 0, ""C16"": 0, ""C17"": 0, ""C18"": 0, ""C19"": 0, ""C20"": 0, ""C21"": 0, ""C22"": 0, ""C23"": 0, ""C24"": 0, ""C25"": 0}","{""C01"": 0.025249203258838296, ""C02"": 0.025249203258838296, ""C03"": 0.025249203258838296, ""C04"": 0.025249203258838296, ""C05"": 0.025249203258838296, ""C06"": 0.024283239802446323, ""C07"": 0.025249203258838296, ""C08"": 0.025249203258838296, ""C09"": 0.025249203258838296, ""C10"": 0.025249203258838296, ""C11"": 0.025249203258838296, ""C12"": 0.025249203258838296, ""C13"": 0.025249203258838296, ""C14"": 0.025249203258838296, ""C15"": 0.025249203258838296, ""C16"": 0.025249203258838296, ""C17"": 0.025249203258838296, ""C18"": 0.025249203258838296, ""C19"": 0.025249203258838296, ""C20"": 0.025249203258838296, ""C21"": 0.025249203258838296, ""C22"": 0.025249203258838296, ""C23"": 0.025249203258838296, ""C24"": 0.025249203258838296, ""C25"": 0.025249203258838296}"
44,44,1,248,1.912596,25,"{""C01"": 1.71894, ""C02"": 1.900956, ""C03"": 1.780886, ""C04"": 1.7826, ""C05"": 1.499679, ""C06"": 1.991172, ""C07"": 1.783993, ""C08"": 1.759301, ""C09"": 1.78319, ""C10"": 1.564091, ""C11"": 1.534068, ""C12"": 1.870181, ""C13"": 1.750496, ""C14"": 1.752537, ""C15"": 1.854302, ""C16"": 1.57188, ""C17"": 1.809056, ""C18"": 1.815799, ""C19"": 1.924015, ""C20"": 1.58215, ""C21"": 1.808481, ""C22"": 1.74594, ""C23"": 1.836818, ""C24"": 1.700742, ""C25"": 1.70415}","{""C01"": 0, ""C02"": 0, ""C03"": 0, ""C04"": 0, ""C05"": 0, ""C06"": 1659, ""C07"": 0, ""C08"": 0, ""C09"": 0, ""C10"": 0, ""C11"": 0, ""C12"": 0, ""C13"": 0, ""C14"": 0, ""C15"": 0, ""C16"": 0, ""C17"": 0, ""C18"": 0, ""C19"": 0, ""C20"": 0, ""C21"": 0, ""C22"": 0, ""C23"": 0, ""C24"": 0, ""C25"": 0}","{""C01"": 0.025260282761142658, ""C02"": 0.025260282761142658, ""C03"": 0.025260282761142658, ""C04"": 0.025260282761142658, ""C05"": 0.025260282761142658, ""C06"": 0.0242995317204643, ""C07"": 0.025260282761142658, ""C08"": 0.025260282761142658, ""C09"": 0.025260282761142658, ""C10"": 0.025260282761142658, ""C11"": 0.025260282761142658, ""C12"": 0.025260282761142658, ""C13"": 0.025260282761142658, ""C14"": 0.025260282761142658, ""C15"": 0.025260282761142658, ""C16"": 0.025260282761142658, ""C17"": 0.025260282761142658, ""C18"": 0.025260282761142658, ""C19"": 0.025260282761142658, ""C20"": 0.025260282761142658, ""C21"": 0.025260282761142658, ""C22"": 0.025260282761142658, ""C23"": 0.025260282761142658, ""C24"": 0.025260282761142658, ""C25"": 0.025260282761142658}"
45,45,1,238,1.827937,25,"{""C01"": 1.694716, ""C02"": 1.872153, ""C03"": 1.790962, ""C04"": 1.786554, ""C05"": 1.511657, ""C06"": 1.960646, ""C07"": 1.768724, ""C08"": 1.704671, ""C09"": 1.743322, ""C10"": 1.530375, ""C11"": 1.574203, ""C12"": 1.8543, ""C13"": 1.73683, ""C14"": 1.755343, ""C15"": 1.876432, ""C16"": 1.576305, ""C17"": 1.791718, ""C18"": 1.775259, ""C19"": 1.88073, ""C20"": 1.563528, ""C21"": 1.83188, ""C22"": 1.728551, ""C23"": 1.812136, ""C24"": 1.724381, ""C25"": 1.717504}","{""C01"": 0, ""C02"": 0, ""C03"": 0, ""C04"": 0, ""C05"": 0, ""C06"": 1668, ""C07"": 0, ""C08"": 0, ""C09"": 0, ""C10"": 0, ""C11"": 0, ""C12"": 0, ""C13"": 0, ""C14"": 0, ""C15"": 0, ""C16"": 0, ""C17"": 0, ""C18"": 0, ""C19"": 0, ""C20"": 0, ""C21"": 0, ""C22"": 0, ""C23"": 0, ""C24"": 0, ""C25"": 0}","{""C01"": 0.025250573243127225, ""C02"": 0.025250573243127225, ""C03"": 0.025250573243127225, ""C04"": 0.025250573243127225, ""C05"": 0.025250573243127225, ""C06"": 0.024284608283807678, ""C07"": 0.025250573243127225, ""C08"": 0.025250573243127225, ""C09"": 0.025250573243127225, ""C10"": 0.025250573243127225, ""C11"": 0.025250573243127225, ""C12"": 0.025250573243127225, ""C13"": 0.025250573243127225, ""C14"": 0.025250573243127225, ""C15"": 0.025250573243127225, ""C16"": 0.025250573243127225, ""C17"": 0.025250573243127225, ""C18"": 0.025250573243127225, ""C19"": 0.025250573243127225, ""C20"": 0.025250573243127225, ""C21"": 0.025250573243127225, ""C22"": 0.025250573243127225, ""C23"": 0.025250573243127225, ""C24"": 0.025250573243127225, ""C25"": 0.025250573243127225}"
46,46,1,428,3.374118,25,"{""C01"": 1.680527, ""C02"": 1.88009, ""C03"": 1.762162, ""C04"": 1.768525, ""C05"": 1.514477, ""C06"": 1.953861, ""C07"": 1.775607, ""C08"": 1.733517, ""C09"": 1.786542, ""C10"": 1.551538, ""C11"": 1.580104, ""C12"": 1.845071, ""C13"": 1.756758, ""C14"": 1.695899, ""C15"": 1.877748, ""C16"": 1.576741, ""C17"": 1.799281, ""C18"": 1.796438, ""C19"": 1.913481, ""C20"": 1.56436, ""C21"": 1.818891, ""C22"": 1.728318, ""C23"": 1.802864, ""C24"": 1.684632, ""C25"": 1.728652}","{""C01"": 0, ""C02"": 0, ""C03"": 0, ""C04"": 0, ""C05"": 0, ""C06"": 1669, ""C07"": 0, ""C08"": 0, ""C09"": 0, ""C10"": 0, ""C11"": 0, ""C12"": 0, ""C13"": 0, ""C14"": 0, ""C15"": 0, ""C16"": 0, ""C17"": 0, ""C18"": 0, ""C19"": 0, ""C20"": 0, ""C21"": 0, ""C22"": 0, ""C23"": 0, ""C24"": 0, ""C25"": 0}","{""C01"": 0.02524779190991698, ""C02"": 0.02524779190991698, ""C03"": 0.02524779190991698, ""C04"": 0.02524779190991698, ""C05"": 0.02524779190991698, ""C06"": 0.02428124949371672, ""C07"": 0.02524779190991698, ""C08"": 0.02524779190991698, ""C09"": 0.02524779190991698, ""C10"": 0.02524779190991698, ""C11"": 0.02524779190991698, ""C12"": 0.02524779190991698, ""C13"": 0.02524779190991698, ""C14"": 0.02524779190991698, ""C15"": 0.02524779190991698, ""C16"": 0.02524779190991698, ""C17"": 0.02524779190991698, ""C18"": 0.02524779190991698, ""C19"": 0.02524779190991698, ""C20"": 0.02524779190991698, ""C21"": 0.02524779190991698, ""C22"": 0.02524779190991698, ""C23"": 0.02524779190991698, ""C24"": 0.02524779190991698, ""C25"": 0.02524779190991698}"
47,47,1,524,4.003256,25,"{""C01"": 1.685796, ""C02"": 1.873354, ""C03"": 1.742727, ""C04"": 1.754105, ""C05"": 1.478213, ""C06"": 1.91212, ""C07"": 1.752828, ""C08"": 1.729275, ""C09"": 1.725622, ""C10"": 1.520413, ""C11"": 1.524601, ""C12"": 1.828422, ""C13"": 1.768148, ""C14"": 1.732762, ""C15"": 1.831594, ""C16"": 1.573833, ""C17"": 1.803972, ""C18"": 1.751928, ""C19"": 1.876273, ""C20"": 1.577802, ""C21"": 1.807088, ""C22"": 1.726697, ""C23"": 1.778144, ""C24"": 1.681774, ""C25"": 1.693811}","{""C01"": 0, ""C02"": 0, ""C03"": 0, ""C04"": 0, ""C05"": 0, ""C06"": 1681, ""C07"": 0, ""C08"": 0, ""C09"": 0, ""C10"": 0, ""C11"": 0, ""C12"": 0, ""C13"": 0, ""C14"": 0, ""C15"": 0, ""C16"": 0, ""C17"": 0, ""C18"": 0, ""C19"": 0, ""C20"": 0, ""C21"": 0, ""C22"": 0, ""C23"": 0, ""C24"": 0, ""C25"": 0}","{""C01"": 0.025233738117473273, ""C02"": 0.025233738117473273, ""C03"": 0.025233738117473273, ""C04"": 0.025233738117473273, ""C05"": 0.025233738117473273, ""C06"": 0.024260245025827257, ""C07"": 0.025233738117473273, ""C08"": 0.025233738117473273, ""C09"": 0.025233738117473273, ""C10"": 0.025233738117473273, ""C11"": 0.025233738117473273, ""C12"": 0.025233738117473273, ""C13"": 0.025233738117473273, ""C14"": 0.025233738117473273, ""C15"": 0.025233738117473273, ""C16"": 0.025233738117473273, ""C17"": 0.025233738117473273, ""C18"": 0.025233738117473273, ""C19"": 0.025233738117473273, ""C20"": 0.025233738117473273, ""C21"": 0.025233738117473273, ""C22"": 0.025233738117473273, ""C23"": 0.025233738117473273, ""C24"": 0.025233738117473273, ""C25"": 0.025233738117473273}"
48,48,1,240,1.876602,25,"{""C01"": 1.661723, ""C02"": 1.874847, ""C03"": 1.705015, ""C04"": 1.753239, ""C05"": 1.481072, ""C06"": 1.955323, ""C07"": 1.759276, ""C08"": 1.706316, ""C09"": 1.734806, ""C10"": 1.567086, ""C11"": 1.530482, ""C12"": 1.818985, ""C13"": 1.737071, ""C14"": 1.729473, ""C15"": 1.885901, ""C16"": 1.52338, ""C17"": 1.777571, ""C18"": 1.750913, ""C19"": 1.878021, ""C20"": 1.564957, ""C21"": 1.845944, ""C22"": 1.728015, ""C23"": 1.821362, ""C24"": 1.708794, ""C25"": 1.696934}","{""C01"": 0, ""C02"": 0, ""C03"": 0, ""C04"": 0, ""C05"": 0, ""C06"": 1669, ""C07"": 0, ""C08"": 0, ""C09"": 0, ""C10"": 0, ""C11"": 0, ""C12"": 0, ""C13"": 0, ""C14"": 0, ""C15"": 0, ""C16"": 0, ""C17"": 0, ""C18"": 0, ""C19"": 0, ""C20"": 0, ""C21"": 0, ""C22"": 0, ""C23"": 0, ""C24"": 0, ""C25"": 0}","{""C01"": 0.02524851782999532, ""C02"": 0.02524851782999532, ""C03"": 0.02524851782999532, ""C04"": 0.02524851782999532, ""C05"": 0.02524851782999532, ""C06"": 0.024281974617973195, ""C07"": 0.02524851782999532, ""C08"": 0.02524851782999532, ""C09"": 0.02524851782999532, ""C10"": 0.02524851782999532, ""C11"": 0.02524851782999532, ""C12"": 0.02524851782999532, ""C13"": 0.02524851782999532, ""C14"": 0.02524851782999532, ""C15"": 0.02524851782999532, ""C16"": 0.02524851782999532, ""C17"": 0.02524851782999532, ""C18"": 0.02524851782999532, ""C19"": 0.02524851782999532, ""C20"": 0.02524851782999532, ""C21"": 0.02524851782999532, ""C22"": 0.02524851782999532, ""C23"": 0.02524851782999532, ""C24"": 0.02524851782999532, ""C25"": 0.02524851782999532}"
49,49,1,304,2.312435,25,"{""C01"": 1.635664, ""C02"": 1.869475, ""C03"": 1.753071, ""C04"": 1.726215, ""C05"": 1.501005, ""C06"": 1.933856, ""C07"": 1.703745, ""C08"": 1.723644, ""C09"": 1.758069, ""C10"": 1.525822, ""C11"": 1.506324, ""C12"": 1.835608, ""C13"": 1.739696, ""C14"": 1.709574, ""C15"": 1.862019, ""C16"": 1.537698, ""C17"": 1.755915, ""C18"": 1.788797, ""C19"": 1.880812, ""C20"": 1.566892, ""C21"": 1.811026, ""C22"": 1.674883, ""C23"": 1.810901, ""C24"": 1.722902, ""C25"": 1.70283}","{""C01"": 0, ""C02"": 0, ""C03"": 0, ""C04"": 0, ""C05"": 0, ""C06"": 1675, ""C07"": 0, ""C08"": 0, ""C09"": 0, ""C10"": 0, ""C11"": 0, ""C12"": 0, ""C13"": 0, ""C14"": 0, ""C15"": 0, ""C16"": 0, ""C17"": 0, ""C18"": 0, ""C19"": 0, ""C20"": 0, ""C21"": 0, ""C22"": 0, ""C23"": 0, ""C24"": 0, ""C25"": 0}","{""C01"": 0.025241275544712338, ""C02"": 0.025241275544712338, ""C03"": 0.025241275544712338, ""C04"": 0.025241275544712338, ""C05"": 0.025241275544712338, ""C06"": 0.02427125723231335, ""C07"": 0.025241275544712338, ""C08"": 0.025241275544712338, ""C09"": 0.025241275544712338, ""C10"": 0.025241275544712338, ""C11"": 0.025241275544712338, ""C12"": 0.025241275544712338, ""C13"": 0.025241275544712338, ""C14"": 0.025241275544712338, ""C15"": 0.025241275544712338, ""C16"": 0.025241275544712338, ""C17"": 0.025241275544712338, ""C18"": 0.025241275544712338, ""C19"": 0.025241275544712338, ""C20"": 0.025241275544712338, ""C21"": 0.025241275544712338, ""C22"": 0.025241275544712338, ""C23"": 0.025241275544712338, ""C24"": 0.025241275544712338, ""C25"": 0.025241275544712338}"
50,50,1,498,3.780929,25,"{""C01"": 1.694825, ""C02"": 1.85648, ""C03"": 1.701256, ""C04"": 1.725962, ""C05"": 1.478637, ""C06"": 1.907835, ""C07"": 1.686648, ""C08"": 1.697329, ""C09"": 1.77295, ""C10"": 1.537965, ""C11"": 1.522565, ""C12"": 1.815942, ""C13"": 1.706914, ""C14"": 1.698161, ""C15"": 1.799417, ""C16"": 1.585992, ""C17"": 1.758744, ""C18"": 1.752735, ""C19"": 1.87952, ""C20"": 1.525077, ""C21"": 1.793737, ""C22"": 1.714324, ""C23"": 1.788886, ""C24"": 1.680019, ""C25"": 1.691721}","{""C01"": 0, ""C02"": 0, ""C03"": 0, ""C04"": 0, ""C05"": 0, ""C06"": 1682, ""C07"": 0, ""C08"": 0, ""C09"": 0, ""C10"": 0, ""C11"": 0, ""C12"": 0, ""C13"": 0, ""C14"": 0, ""C15"": 0, ""C16"": 0, ""C17"": 0, ""C18"": 0, ""C19"": 0, ""C20"": 0, ""C21"": 0, ""C22"": 0, ""C23"": 0, ""C24"": 0, ""C25"": 0}","{""C01"": 0.02523212647722252, ""C02"": 0.02523212647722252, ""C03"": 0.02523212647722252, ""C04"": 0.02523212647722252, ""C05"": 0.02523212647722252, ""C06"": 0.02425805464179645, ""C07"": 0.02523212647722252, ""C08"": 0.02523212647722252, ""C09"": 0.02523212647722252, ""C10"": 0.02523212647722252, ""C11"": 0.02523212647722252, ""C12"": 0.02523212647722252, ""C13"": 0.02523212647722252, ""C14"": 0.02523212647722252, ""C15"": 0.02523212647722252, ""C16"": 0.02523212647722252, ""C17"": 0.02523212647722252, ""C18"": 0.02523212647722252, ""C19"": 0.02523212647722252, ""C20"": 0.02523212647722252, ""C21"": 0.02523212647722252, ""C22"": 0.02523212647722252, ""C23"": 0.02523212647722252, ""C24"": 0.02523212647722252, ""C25"": 0.02523212647722252}"
51,51,1,366,2.785947,25,"{""C01"": 1.66024, ""C02"": 1.839077, ""C03"": 1.715762, ""C04"": 1.722336, ""C05"": 1.47967, ""C06"": 1.917295, ""C07"": 1.719787, ""C08"": 1.710159, ""C09"": 1.732184, ""C10"": 1.501604, ""C11"": 1.512797, ""C12"": 1.822374, ""C13"": 1.723489, ""C14"": 1.679514, ""C15"": 1.876007, ""C16"": 1.497611, ""C17"": 1.776207, ""C18"": 1.742059, ""C19"": 1.845763, ""C20"": 1.542508, ""C21"": 1.788321, ""C22"": 1.699413, ""C23"": 1.760901, ""C24"": 1.658916, ""C25"": 1.678797}","{""C01"": 0, ""C02"": 0, ""C03"": 0, ""C04"": 0, ""C05"": 0, ""C06"": 1679, ""C07"": 0, ""C08"": 0, ""C09"": 0, ""C10"": 0, ""C11"": 0, ""C12"": 0, ""C13"": 0, ""C14"": 0, ""C15"": 0, ""C16"": 0, ""C17"": 0, ""C18"": 0, ""C19"": 0, ""C20"": 0, ""C21"": 0, ""C22"": 0, ""C23"": 0, ""C24"": 0, ""C25"": 0}","{""C01"": 0.02523521527468757, ""C02"": 0.02523521527468757, ""C03"": 0.02523521527468757, ""C04"": 0.02523521527468757, ""C05"": 0.02523521527468757, ""C06"": 0.024262881570663426, ""C07"": 0.02523521527468757, ""C08"": 0.02523521527468757, ""C09"": 0.02523521527468757, ""C10"": 0.02523521527468757, ""C11"": 0.02523521527468757, ""C12"": 0.02523521527468757, ""C13"": 0.02523521527468757, ""C14"": 0.02523521527468757, ""C15"": 0.02523521527468757, ""C16"": 0.02523521527468757, ""C17"": 0.02523521527468757, ""C18"": 0.02523521527468757, ""C19"": 0.02523521527468757, ""C20"": 0.02523521527468757, ""C21"": 0.02523521527468757, ""C22"": 0.02523521527468757, ""C23"": 0.02523521527468757, ""C24"": 0.02523521527468757, ""C25"": 0.02523521527468757}"
52,52,1,208,1.627371,25,"{""C01"": 1.670329, ""C02"": 1.830535, ""C03"": 1.720971, ""C04"": 1.717784, ""C05"": 1.471601, ""C06"": 1.931918, ""C07"": 1.734966, ""C08"": 1.696657, ""C09"": 1.730074, ""C10"": 1.476379, ""C11"": 1.476569, ""C12"": 1.818423, ""C13"": 1.713749, ""C14"": 1.681629, ""C15"": 1.820158, ""C16"": 1.500367, ""C17"": 1.745009, ""C18"": 1.759318, ""C19"": 1.84569, ""C20"": 1.537131, ""C21"": 1.801322, ""C22"": 1.705982, ""C23"": 1.770945, ""C24"": 1.66826, ""C25"": 1.669843}","{""C01"": 0, ""C02"": 0, ""C03"": 0, ""C04"": 0, ""C05"": 0, ""C06"": 1675, ""C07"": 0, ""C08"": 0, ""C09"": 0, ""C10"": 0, ""C11"": 0, ""C12"": 0, ""C13"": 0, ""C14"": 0, ""C15"": 0, ""C16"": 0, ""C17"": 0, ""C18"": 0, ""C19"": 0, ""C20"": 0, ""C21"": 0, ""C22"": 0, ""C23"": 0, ""C24"": 0, ""C25"": 0}","{""C01"": 0.02524029908876886, ""C02"": 0.02524029908876886, ""C03"": 0.02524029908876886, ""C04"": 0.02524029908876886, ""C05"": 0.02524029908876886, ""C06"": 0.02427028184265356, ""C07"": 0.02524029908876886, ""C08"": 0.02524029908876886, ""C09"": 0.02524029908876886, ""C10"": 0.02524029908876886, ""C11"": 0.02524029908876886, ""C12"": 0.02524029908876886, ""C13"": 0.02524029908876886, ""C14"": 0.02524029908876886, ""C15"": 0.02524029908876886, ""C16"": 0.02524029908876886, ""C17"": 0.02524029908876886, ""C18"": 0.02524029908876886, ""C19"": 0.02524029908876886, ""C20"": 0.02524029908876886, ""C21"": 0.02524029908876886, ""C22"": 0.02524029908876886, ""C23"": 0.02524029908876886, ""C24"": 0.02524029908876886, ""C25"": 0.02524029908876886}"
53,53,1,217,1.689628,25,"{""C01"": 1.647102, ""C02"": 1.851977, ""C03"": 1.70064, ""C04"": 1.695857, ""C05"": 1.44761, ""C06"": 1.89371, ""C07"": 1.747298, ""C08"": 1.681187, ""C09"": 1.743728, ""C10"": 1.5172, ""C11"": 1.476431, ""C12"": 1.78979, ""C13"": 1.725101, ""C14"": 1.683306, ""C15"": 1.820931, ""C16"": 1.501411, ""C17"": 1.782662, ""C18"": 1.759389, ""C19"": 1.891584, ""C20"": 1.50501, ""C21"": 1.783703, ""C22"": 1.669253, ""C23"": 1.756733, ""C24"": 1.65613, ""C25"": 1.665291}","{""C01"": 0, ""C02"": 0, ""C03"": 0, ""C04"": 0, ""C05"": 0, ""C06"": 882, ""C07"": 0, ""C08"": 0, ""C09"": 0, ""C10"": 0, ""C11"": 0, ""C12"": 0, ""C13"": 0, ""C14"": 0, ""C15"": 0, ""C16"": 0, ""C17"": 0, ""C18"": 0, ""C19"": 805, ""C20"": 0, ""C21"": 0, ""C22"": 0, ""C23"": 0, ""C24"": 0, ""C25"": 0}","{""C01"": 0.025227232788208917, ""C02"": 0.025227232788208917, ""C03"": 0.025227232788208917, ""C04"": 0.025227232788208917, ""C05"": 0.025227232788208917, ""C06"": 0.024716455171299584, ""C07"": 0.025227232788208917, ""C08"": 0.025227232788208917, ""C09"": 0.025227232788208917, ""C10"": 0.025227232788208917, ""C11"": 0.025227232788208917, ""C12"": 0.025227232788208917, ""C13"": 0.025227232788208917, ""C14"": 0.025227232788208917, ""C15"": 0.025227232788208917, ""C16"": 0.025227232788208917, ""C17"": 0.025227232788208917, ""C18"": 0.025227232788208917, ""C19"": 0.02476104491558474, ""C20"": 0.025227232788208917, ""C21"": 0.025227232788208917, ""C22"": 0.025227232788208917, ""C23"": 0.025227232788208917, ""C24"": 0.025227232788208917, ""C25"": 0.025227232788208917}"
54,54,1,446,3.450593,25,"{""C01"": 1.650278, ""C02"": 1.837892, ""C03"": 1.750132, ""C04"": 1.728179, ""C05"": 1.445201, ""C06"": 1.90071, ""C07"": 1.71254, ""C08"": 1.658811, ""C09"": 1.716465, ""C10"": 1.474019, ""C11"": 1.48998, ""C12"": 1.78767, ""C13"": 1.662982, ""C14"": 1.68715, ""C15"": 1.784536, ""C16"": 1.505752, ""C17"": 1.730361, ""C18"": 1.776291, ""C19"": 1.866974, ""C20"": 1.51151, ""C21"": 1.776987, ""C22"": 1.693142, ""C23"": 1.739158, ""C24"": 1.659303, ""C25"": 1.658402}","{""C01"": 0, ""C02"": 0, ""C03"": 0, ""C04"": 0, ""C05"": 0, ""C06"": 1684, ""C07"": 0, ""C08"": 0, ""C09"": 0, ""C10"": 0, ""C11"": 0, ""C12"": 0, ""C13"": 0, ""C14"": 0, ""C15"": 0, ""C16"": 0, ""C17"": 0, ""C18"": 0, ""C19"": 0, ""C20"": 0, ""C21"": 0, ""C22"": 0, ""C23"": 0, ""C24"": 0, ""C25"": 0}","{""C01"": 0.02522962834550728, ""C02"": 0.02522962834550728, ""C03"": 0.02522962834550728, ""C04"": 0.02522962834550728, ""C05"": 0.02522962834550728, ""C06"": 0.024254398233584697, ""C07"": 0.02522962834550728, ""C08"": 0.02522962834550728, ""C09"": 0.02522962834550728, ""C10"": 0.02522962834550728, ""C11"": 0.02522962834550728, ""C12"": 0.02522962834550728, ""C13"": 0.02522962834550728, ""C14"": 0.02522962834550728, ""C15"": 0.02522962834550728, ""C16"": 0.02522962834550728, ""C17"": 0.02522962834550728, ""C18"": 0.02522962834550728, ""C19"": 0.02522962834550728, ""C20"": 0.02522962834550728, ""C21"": 0.02522962834550728, ""C22"": 0.02522962834550728, ""C23"": 0.02522962834550728, ""C24"": 0.02522962834550728, ""C25"": 0.02522962834550728}"
55,55,1,243,1.873650,25,"{""C01"": 1.654548, ""C02"": 1.820876, ""C03"": 1.687835, ""C04"": 1.715612, ""C05"": 1.438163, ""C06"": 1.927053, ""C07"": 1.744455, ""C08"": 1.705418, ""C09"": 1.742852, ""C10"": 1.486236, ""C11"": 1.495027, ""C12"": 1.803545, ""C13"": 1.660717, ""C14"": 1.713481, ""C15"": 1.809866, ""C16"": 1.513791, ""C17"": 1.742831, ""C18"": 1.762519, ""C19"": 1.861448, ""C20"": 1.532698, ""C21"": 1.765776, ""C22"": 1.647705, ""C23"": 1.721523, ""C24"": 1.645217, ""C25"": 1.631238}","{""C01"": 0, ""C02"": 0, ""C03"": 0, ""C04"": 0, ""C05"": 0, ""C06"": 1677, ""C07"": 0, ""C08"": 0, ""C09"": 0, ""C10"": 0, ""C11"": 0, ""C12"": 0, ""C13"": 0, ""C14"": 0, ""C15"": 0, ""C16"": 0, ""C17"": 0, ""C18"": 0, ""C19"": 0, ""C20"": 0, ""C21"": 0, ""C22"": 0, ""C23"": 0, ""C24"": 0, ""C25"": 0}","{""C01"": 0.025239005006779253, ""C02"": 0.025239005006779253, ""C03"": 0.025239005006779253, ""C04"": 0.025239005006779253, ""C05"": 0.025239005006779253, ""C06"": 0.024267828171044826, ""C07"": 0.025239005006779253, ""C08"": 0.025239005006779253, ""C09"": 0.025239005006779253, ""C10"": 0.025239005006779253, ""C11"": 0.025239005006779253, ""C12"": 0.025239005006779253, ""C13"": 0.025239005006779253, ""C14"": 0.025239005006779253, ""C15"": 0.025239005006779253, ""C16"": 0.025239005006779253, ""C17"": 0.025239005006779253, ""C18"": 0.025239005006779253, ""C19"": 0.025239005006779253, ""C20"": 0.025239005006779253, ""C21"": 0.025239005006779253, ""C22"": 0.025239005006779253, ""C23"": 0.025239005006779253, ""C24"": 0.025239005006779253, ""C25"": 0.025239005006779253}"
56,56,1,461,3.727217,25,"{""C01"": 1.642584, ""C02"": 1.869652, ""C03"": 1.724878, ""C04"": 1.709172, ""C05"": 1.443966, ""C06"": 1.906413, ""C07"": 1.731592, ""C08"": 1.685726, ""C09"": 1.742887, ""C10"": 1.503325, ""C11"": 1.483852, ""C12"": 1.799932, ""C13"": 1.672745, ""C14"": 1.718278, ""C15"": 1.83461, ""C16"": 1.508267, ""C17"": 1.737818, ""C18"": 1.733583, ""C19"": 1.874005, ""C20"": 1.514507, ""C21"": 1.764684, ""C22"": 1.692787, ""C23"": 1.752108, ""C24"": 1.67033, ""C25"": 1.638139}","{""C01"": 0, ""C02"": 0, ""C03"": 0, ""C04"": 0, ""C05"": 0, ""C06"": 1682, ""C07"": 0, ""C08"": 0, ""C09"": 0, ""C10"": 0, ""C11"": 0, ""C12"": 0, ""C13"": 0, ""C14"": 0, ""C15"": 0, ""C16"": 0, ""C17"": 0, ""C18"": 0, ""C19"": 0, ""C20"": 0, ""C21"": 0, ""C22"": 0, ""C23"": 0, ""C24"": 0, ""C25"": 0}","{""C01"": 0.025231397246004317, ""C02"": 0.025231397246004317, ""C03"": 0.025231397246004317, ""C04"": 0.025231397246004317, ""C05"": 0.025231397246004317, ""C06"": 0.024257326203247512, ""C07"": 0.025231397246004317, ""C08"": 0.025231397246004317, ""C09"": 0.025231397246004317, ""C10"": 0.025231397246004317, ""C11"": 0.025231397246004317, ""C12"": 0.025231397246004317, ""C13"": 0.025231397246004317, ""C14"": 0.025231397246004317, ""C15"": 0.025231397246004317, ""C16"": 0.025231397246004317, ""C17"": 0.025231397246004317, ""C18"": 0.025231397246004317, ""C19"": 0.025231397246004317, ""C20"": 0.025231397246004317, ""C21"": 0.025231397246004317, ""C22"": 0.025231397246004317, ""C23"": 0.025231397246004317, ""C24"": 0.025231397246004317, ""C25"": 0.025231397246004317}"
57,57,1,269,2.076470,25,"{""C01"": 1.667127, ""C02"": 1.855687, ""C03"": 1.695348, ""C04"": 1.733111, ""C05"": 1.457701, ""C06"": 1.925839, ""C07"": 1.720792, ""C08"": 1.719607, ""C09"": 1.740759, ""C10"": 1.507025, ""C11"": 1.495308, ""C12"": 1.792238, ""C13"": 1.70354, ""C14"": 1.694781, ""C15"": 1.821156, ""C16"": 1.537027, ""C17"": 1.70579, ""C18"": 1.772547, ""C19"": 1.865943, ""C20"": 1.520796, ""C21"": 1.771716, ""C22"": 1.703896, ""C23"": 1.750077, ""C24"": 1.674965, ""C25"": 1.658542}","{""C01"": 0, ""C02"": 0, ""C03"": 0, ""C04"": 0, ""C05"": 0, ""C06"": 1677, ""C07"": 0, ""C08"": 0, ""C09"": 0, ""C10"": 0, ""C11"": 0, ""C12"": 0, ""C13"": 0, ""C14"": 0, ""C15"": 0, ""C16"": 0, ""C17"": 0, ""C18"": 0, ""C19"": 0, ""C20"": 0, ""C21"": 0, ""C22"": 0, ""C23"": 0, ""C24"": 0, ""C25"": 0}","{""C01"": 0.025238390688070475, ""C02"": 0.025238390688070475, ""C03"": 0.025238390688070475, ""C04"": 0.025238390688070475, ""C05"": 0.025238390688070475, ""C06"": 0.02426721452230342, ""C07"": 0.025238390688070475, ""C08"": 0.025238390688070475, ""C09"": 0.025238390688070475, ""C10"": 0.025238390688070475, ""C11"": 0.025238390688070475, ""C12"": 0.025238390688070475, ""C13"": 0.025238390688070475, ""C14"": 0.025238390688070475, ""C15"": 0.025238390688070475, ""C16"": 0.025238390688070475, ""C17"": 0.025238390688070475, ""C18"": 0.025238390688070475, ""C19"": 0.025238390688070475, ""C20"": 0.025238390688070475, ""C21"": 0.025238390688070475, ""C22"": 0.025238390688070475, ""C23"": 0.025238390688070475, ""C24"": 0.025238390688070475, ""C25"": 0.025238390688070475}"
58,58,1,445,3.445153,25,"{""C01"": 1.651119, ""C02"": 1.871584, ""C03"": 1.708862, ""C04"": 1.736948, ""C05"": 1.470372, ""C06"": 1.915846, ""C07"": 1.729818, ""C08"": 1.664694, ""C09"": 1.734786, ""C10"": 1.46668, ""C11"": 1.518566, ""C12"": 1.772646, ""C13"": 1.726074, ""C14"": 1.711788, ""C15"": 1.811403, ""C16"": 1.532181, ""C17"": 1.776753, ""C18"": 1.766454, ""C19"": 1.882045, ""C20"": 1.527251, ""C21"": 1.790708, ""C22"": 1.671455, ""C23"": 1.770887, ""C24"": 1.690079, ""C25"": 1.642743}","{""C01"": 0, ""C02"": 0, ""C03"": 0, ""C04"": 0, ""C05"": 0, ""C06"": 1680, ""C07"": 0, ""C08"": 0, ""C09"": 0, ""C10"": 0, ""C11"": 0, ""C12"": 0, ""C13"": 0, ""C14"": 0, ""C15"": 0, ""C16"": 0, ""C17"": 0, ""C18"": 0, ""C19"": 0, ""C20"": 0, ""C21"": 0, ""C22"": 0, ""C23"": 0, ""C24"": 0, ""C25"": 0}","{""C01"": 0.025235058431887447, ""C02"": 0.025235058431887447, ""C03"": 0.025235058431887447, ""C04"": 0.025235058431887447, ""C05"": 0.025235058431887447, ""C06"": 0.02426214440054, ""C07"": 0.025235058431887447, ""C08"": 0.025235058431887447, ""C09"": 0.025235058431887447, ""C10"": 0.025235058431887447, ""C11"": 0.025235058431887447, ""C12"": 0.025235058431887447, ""C13"": 0.025235058431887447, ""C14"": 0.025235058431887447, ""C15"": 0.025235058431887447, ""C16"": 0.025235058431887447, ""C17"": 0.025235058431887447, ""C18"": 0.025235058431887447, ""C19"": 0.025235058431887447, ""C20"": 0.025235058431887447, ""C21"": 0.025235058431887447, ""C22"": 0.025235058431887447, ""C23"": 0.025235058431887447, ""C24"": 0.025235058431887447, ""C25"": 0.025235058431887447}"
59,59,1,453,3.543163,25,"{""C01"": 1.706352, ""C02"": 1.842733, ""C03"": 1.746157, ""C04"": 1.724348, ""C05"": 1.443545, ""C06"": 1.893309, ""C07"": 1.736515, ""C08"": 1.690461, ""C09"": 1.757024, ""C10"": 1.476915, ""C11"": 1.508306, ""C12"": 1.761993, ""C13"": 1.712203, ""C14"": 1.656016, ""C15"": 1.854475, ""C16"": 1.513314, ""C17"": 1.747571, ""C18"": 1.775961, ""C19"": 1.835269, ""C20"": 1.536932, ""C21"": 1.784294, ""C22"": 1.696579, ""C23"": 1.748899, ""C24"": 1.691074, ""C25"": 1.664008}","{""C01"": 0, ""C02"": 0, ""C03"": 0, ""C04"": 0, ""C05"": 0, ""C06"": 1686, ""C07"": 0, ""C08"": 0, ""C09"": 0, ""C10"": 0, ""C11"": 0, ""C12"": 0, ""C13"": 0, ""C14"": 0, ""C15"": 0, ""C16"": 0, ""C17"": 0, ""C18"": 0, ""C19"": 0, ""C20"": 0, ""C21"": 0, ""C22"": 0, ""C23"": 0, ""C24"": 0, ""C25"": 0}","{""C01"": 0.025226969260621374, ""C02"": 0.025226969260621374, ""C03"": 0.025226969260621374, ""C04"": 0.025226969260621374, ""C05"": 0.025226969260621374, ""C06"": 0.024250581046478824, ""C07"": 0.025226969260621374, ""C08"": 0.025226969260621374, ""C09"": 0.025226969260621374, ""C10"": 0.025226969260621374, ""C11"": 0.025226969260621374, ""C12"": 0.025226969260621374, ""C13"": 0.025226969260621374, ""C14"": 0.025226969260621374, ""C15"": 0.025226969260621374, ""C16"": 0.025226969260621374, ""C17"": 0.025226969260621374, ""C18"": 0.025226969260621374, ""C19"": 0.025226969260621374, ""C20"": 0.025226969260621374, ""C21"": 0.025226969260621374, ""C22"": 0.025226969260621374, ""C23"": 0.025226969260621374, ""C24"": 0.025226969260621374, ""C25"": 0.025226969260621374}"
60,60,1,269,2.125698,25,"{""C01"": 1.696153, ""C02"": 1.838732, ""C03"": 1.763162, ""C04"": 1.748207, ""C05"": 1.467017, ""C06"": 1.935439, ""C07"": 1.758045, ""C08"": 1.720348, ""C09"": 1.770906, ""C10"": 1.478139, ""C11"": 1.518769, ""C12"": 1.811193, ""C13"": 1.708899, ""C14"": 1.717013, ""C15"": 1.866362, ""C16"": 1.526564, ""C17"": 1.758835, ""C18"": 1.746883, ""C19"": 1.873974, ""C20"": 1.522414, ""C21"": 1.844388, ""C22"": 1.717934, ""C23"": 1.745878, ""C24"": 1.706266, ""C25"": 1.656225}","{""C01"": 0, ""C02"": 0, ""C03"": 0, ""C04"": 0, ""C05"": 0, ""C06"": 1674, ""C07"": 0, ""C08"": 0, ""C09"": 0, ""C10"": 0, ""C11"": 0, ""C12"": 0, ""C13"": 0, ""C14"": 0, ""C15"": 0, ""C16"": 0, ""C17"": 0, ""C18"": 0, ""C19"": 0, ""C20"": 0, ""C21"": 0, ""C22"": 0, ""C23"": 0, ""C24"": 0, ""C25"": 0}","{""C01"": 0.025241490754407445, ""C02"": 0.025241490754407445, ""C03"": 0.025241490754407445, ""C04"": 0.025241490754407445, ""C05"": 0.025241490754407445, ""C06"": 0.024272052709186333, ""C07"": 0.025241490754407445, ""C08"": 0.025241490754407445, ""C09"": 0.025241490754407445, ""C10"": 0.025241490754407445, ""C11"": 0.025241490754407445, ""C12"": 0.025241490754407445, ""C13"": 0.025241490754407445, ""C14"": 0.025241490754407445, ""C15"": 0.025241490754407445, ""C16"": 0.025241490754407445, ""C17"": 0.025241490754407445, ""C18"": 0.025241490754407445, ""C19"": 0.025241490754407445, ""C20"": 0.025241490754407445, ""C21"": 0.025241490754407445, ""C22"": 0.025241490754407445, ""C23"": 0.025241490754407445, ""C24"": 0.025241490754407445, ""C25"": 0.025241490754407445}"
61,61,1,911,7.019946,25,"{""C01"": 1.664671, ""C02"": 1.916693, ""C03"": 1.750166, ""C04"": 1.769637, ""C05"": 1.463508, ""C06"": 1.931006, ""C07"": 1.750646, ""C08"": 1.724563, ""C09"": 1.748605, ""C10"": 1.521948, ""C11"": 1.521706, ""C12"": 1.834365, ""C13"": 1.723155, ""C14"": 1.726067, ""C15"": 1.844156, ""C16"": 1.508595, ""C17"": 1.750779, ""C18"": 1.767941, ""C19"": 1.882961, ""C20"": 1.549551, ""C21"": 1.804691, ""C22"": 1.696954, ""C23"": 1.797938, ""C24"": 1.755517, ""C25"": 1.676387}","{""C01"": 0, ""C02"": 0, ""C03"": 0, ""C04"": 0, ""C05"": 0, ""C06"": 1676, ""C07"": 0, ""C08"": 0, ""C09"": 0, ""C10"": 0, ""C11"": 0, ""C12"": 0, ""C13"": 0, ""C14"": 0, ""C15"": 0, ""C16"": 0, ""C17"": 0, ""C18"": 0, ""C19"": 0, ""C20"": 0, ""C21"": 0, ""C22"": 0, ""C23"": 0, ""C24"": 0, ""C25"": 0}","{""C01"": 0.025240420512735617, ""C02"": 0.025240420512735617, ""C03"": 0.025240420512735617, ""C04"": 0.025240420512735617, ""C05"": 0.025240420512735617, ""C06"": 0.024269822632789234, ""C07"": 0.025240420512735617, ""C08"": 0.025240420512735617, ""C09"": 0.025240420512735617, ""C10"": 0.025240420512735617, ""C11"": 0.025240420512735617, ""C12"": 0.025240420512735617, ""C13"": 0.025240420512735617, ""C14"": 0.025240420512735617, ""C15"": 0.025240420512735617, ""C16"": 0.025240420512735617, ""C17"": 0.025240420512735617, ""C18"": 0.025240420512735617, ""C19"": 0.025240420512735617, ""C20"": 0.025240420512735617, ""C21"": 0.025240420512735617, ""C22"": 0.025240420512735617, ""C23"": 0.025240420512735617, ""C24"": 0.025240420512735617, ""C25"": 0.025240420512735617}"
62,62,0,100000,779.638347,25,"{""C01"": 1.674183, ""C02"": 1.914785, ""C03"": 1.752776, ""C04"": 1.74112, ""C05"": 1.446583, ""C06"": 1.909458, ""C07"": 1.755258, ""C08"": 1.772366, ""C09"": 1.777054, ""C10"": 1.506768, ""C11"": 1.527395, ""C12"": 1.82134, ""C13"": 1.715583, ""C14"": 1.752118, ""C15"": 1.845878, ""C16"": 1.5676, ""C17"": 1.798305, ""C18"": 1.80824, ""C19"": 1.893917, ""C20"": 1.554478, ""C21"": 1.794424, ""C22"": 1.721933, ""C23"": 1.785939, ""C24"": 1.718143, ""C25"": 1.678872}","{""C01"": 20, ""C02"": 262, ""C03"": 73, ""C04"": 64, ""C05"": 0, ""C06"": 252, ""C07"": 74, ""C08"": 84, ""C09"": 88, ""C10"": 0, ""C11"": 0, ""C12"": 113, ""C13"": 49, ""C14"": 72, ""C15"": 141, ""C16"": 0, ""C17"": 100, ""C18"": 106, ""C19"": 226, ""C20"": 0, ""C21"": 98, ""C22"": 53, ""C23"": 93, ""C24"": 49, ""C25"": 24}","{""C01"": 0.02510649102922716, ""C02"": 0.024992724070557314, ""C03"": 0.025083816911336574, ""C04"": 0.025088041864952067, ""C05"": 0.025110872271885937, ""C06"": 0.024998196199627513, ""C07"": 0.0250839068765129, ""C08"": 0.025079924961593877, ""C09"": 0.025077795649651125, ""C10"": 0.025110872271885937, ""C11"": 0.025110872271885937, ""C12"": 0.025068163036196457, ""C13"": 0.02509418867855297, ""C14"": 0.025084372210050804, ""C15"": 0.025054896761563188, ""C16"": 0.025110872271885937, ""C17"": 0.02507347960683022, ""C18"": 0.025071028271928836, ""C19"": 0.025011184163986615, ""C20"": 0.025110872271885937, ""C21"": 0.025073889551611626, ""C22"": 0.025092059814835335, ""C23"": 0.02507584473334212, ""C24"": 0.02509426343433836, ""C25"": 0.02510485027553951}"
63,63,1,303,2.361961,25,"{""C01"": 1.736475, ""C02"": 1.890257, ""C03"": 1.720193, ""C04"": 1.758921, ""C05"": 1.479433, ""C06"": 1.947887, ""C07"": 1.764058, ""C08"": 1.721985, ""C09"": 1.80046, ""C10"": 1.510449, ""C11"": 1.551928, ""C12"": 1.827808, ""C13"": 1.714278, ""C14"": 1.74039, ""C15"": 1.831006, ""C16"": 1.557886, ""C17"": 1.800782, ""C18"": 1.778995, ""C19"": 1.86825, ""C20"": 1.558359, ""C21"": 1.835531, ""C22"": 1.715905, ""C23"": 1.815003, ""C24"": 1.743955, ""C25"": 1.646633}","{""C01"": 0, ""C02"": 0, ""C03"": 0, ""C04"": 0, ""C05"": 0, ""C06"": 1671, ""C07"": 0, ""C08"": 0, ""C09"": 0, ""C10"": 0, ""C11"": 0, ""C12"": 0, ""C13"": 0, ""C14"": 0, ""C15"": 0, ""C16"": 0, ""C17"": 0, ""C18"": 0, ""C19"": 0, ""C20"": 0, ""C21"": 0, ""C22"": 0, ""C23"": 0, ""C24"": 0, ""C25"": 0}","{""C01"": 0.025245981209565865, ""C02"": 0.025245981209565865, ""C03"": 0.025245981209565865, ""C04"": 0.025245981209565865, ""C05"": 0.025245981209565865, ""C06"": 0.024278279764891234, ""C07"": 0.025245981209565865, ""C08"": 0.025245981209565865, ""C09"": 0.025245981209565865, ""C10"": 0.025245981209565865, ""C11"": 0.025245981209565865, ""C12"": 0.025245981209565865, ""C13"": 0.025245981209565865, ""C14"": 0.025245981209565865, ""C15"": 0.025245981209565865, ""C16"": 0.025245981209565865, ""C17"": 0.025245981209565865, ""C18"": 0.025245981209565865, ""C19"": 0.025245981209565865, ""C20"": 0.025245981209565865, ""C21"": 0.025245981209565865, ""C22"": 0.025245981209565865, ""C23"": 0.025245981209565865, ""C24"": 0.025245981209565865, ""C25"": 0.025245981209565865}"
64,64,1,367,2.853602,25,"{""C01"": 1.71415, ""C02"": 1.886653, ""C03"": 1.745518, ""C04"": 1.779504, ""C05"": 1.504454, ""C06"": 1.954049, ""C07"": 1.78302, ""C08"": 1.728468, ""C09"": 1.791269, ""C10"": 1.524073, ""C11"": 1.538657, ""C12"": 1.873939, ""C13"": 1.749331, ""C14"": 1.750337, ""C15"": 1.842038, ""C16"": 1.548864, ""C17"": 1.786959, ""C18"": 1.790602, ""C19"": 1.911903, ""C20"": 1.574547, ""C21"": 1.820954, ""C22"": 1.691107, ""C23"": 1.77501, ""C24"": 1.736008, ""C25"": 1.685577}","{""C01"": 0, ""C02"": 0, ""C03"": 0, ""C04"": 0, ""C05"": 0, ""C06"": 1669, ""C07"": 0, ""C08"": 0, ""C09"": 0, ""C10"": 0, ""C11"": 0, ""C12"": 0, ""C13"": 0, ""C14"": 0, ""C15"": 0, ""C16"": 0, ""C17"": 0, ""C18"": 0, ""C19"": 0, ""C20"": 0, ""C21"": 0, ""C22"": 0, ""C23"": 0, ""C24"": 0, ""C25"": 0}","{""C01"": 0.02524788530105597, ""C02"": 0.02524788530105597, ""C03"": 0.02524788530105597, ""C04"": 0.02524788530105597, ""C05"": 0.02524788530105597, ""C06"": 0.024281342782473025, ""C07"": 0.02524788530105597, ""C08"": 0.02524788530105597, ""C09"": 0.02524788530105597, ""C10"": 0.02524788530105597, ""C11"": 0.02524788530105597, ""C12"": 0.02524788530105597, ""C13"": 0.02524788530105597, ""C14"": 0.02524788530105597, ""C15"": 0.02524788530105597, ""C16"": 0.02524788530105597, ""C17"": 0.02524788530105597, ""C18"": 0.02524788530105597, ""C19"": 0.02524788530105597, ""C20"": 0.02524788530105597, ""C21"": 0.02524788530105597, ""C22"": 0.02524788530105597, ""C23"": 0.02524788530105597, ""C24"": 0.02524788530105597, ""C25"": 0.02524788530105597}"
65,65,1,434,3.377085,25,"{""C01"": 1.685883, ""C02"": 1.915, ""C03"": 1.765665, ""C04"": 1.776855, ""C05"": 1.504795, ""C06"": 1.955494, ""C07"": 1.793712, ""C08"": 1.770852, ""C09"": 1.802892, ""C10"": 1.513974, ""C11"": 1.580222, ""C12"": 1.850318, ""C13"": 1.762496, ""C14"": 1.734205, ""C15"": 1.867311, ""C16"": 1.574723, ""C17"": 1.79789, ""C18"": 1.833107, ""C19"": 1.892505, ""C20"": 1.585414, ""C21"": 1.840935, ""C22"": 1.724537, ""C23"": 1.809427, ""C24"": 1.72731, ""C25"": 1.714023}","{""C01"": 0, ""C02"": 0, ""C03"": 0, ""C04"": 0, ""C05"": 0, ""C06"": 1669, ""C07"": 0, ""C08"": 0, ""C09"": 0, ""C10"": 0, ""C11"": 0, ""C12"": 0, ""C13"": 0, ""C14"": 0, ""C15"": 0, ""C16"": 0, ""C17"": 0, ""C18"": 0, ""C19"": 0, ""C20"": 0, ""C21"": 0, ""C22"": 0, ""C23"": 0, ""C24"": 0, ""C25"": 0}","{""C01"": 0.025248602684131913, ""C02"": 0.025248602684131913, ""C03"": 0.025248602684131913, ""C04"": 0.025248602684131913, ""C05"": 0.025248602684131913, ""C06"": 0.02428205937908295, ""C07"": 0.025248602684131913, ""C08"": 0.025248602684131913, ""C09"": 0.025248602684131913, ""C10"": 0.025248602684131913, ""C11"": 0.025248602684131913, ""C12"": 0.025248602684131913, ""C13"": 0.025248602684131913, ""C14"": 0.025248602684131913, ""C15"": 0.025248602684131913, ""C16"": 0.025248602684131913, ""C17"": 0.025248602684131913, ""C18"": 0.025248602684131913, ""C19"": 0.025248602684131913, ""C20"": 0.025248602684131913, ""C21"": 0.025248602684131913, ""C22"": 0.025248602684131913, ""C23"": 0.025248602684131913, ""C24"": 0.025248602684131913, ""C25"": 0.025248602684131913}"
66,66,1,322,2.543233,25,"{""C01"": 1.738417, ""C02"": 1.921589, ""C03"": 1.76849, ""C04"": 1.794449, ""C05"": 1.496836, ""C06"": 1.976259, ""C07"": 1.812822, ""C08"": 1.783752, ""C09"": 1.784309, ""C10"": 1.525778, ""C11"": 1.542278, ""C12"": 1.841173, ""C13"": 1.770038, ""C14"": 1.80536, ""C15"": 1.866159, ""C16"": 1.538445, ""C17"": 1.798447, ""C18"": 1.839348, ""C19"": 1.89916, ""C20"": 1.58989, ""C21"": 1.851589, ""C22"": 1.731583, ""C23"": 1.803197, ""C24"": 1.746756, ""C25"": 1.71554}","{""C01"": 0, ""C02"": 0, ""C03"": 0, ""C04"": 0, ""C05"": 0, ""C06"": 1663, ""C07"": 0, ""C08"": 0, ""C09"": 0, ""C10"": 0, ""C11"": 0, ""C12"": 0, ""C13"": 0, ""C14"": 0, ""C15"": 0, ""C16"": 0, ""C17"": 0, ""C18"": 0, ""C19"": 0, ""C20"": 0, ""C21"": 0, ""C22"": 0, ""C23"": 0, ""C24"": 0, ""C25"": 0}","{""C01"": 0.025255346535923706, ""C02"": 0.025255346535923706, ""C03"": 0.025255346535923706, ""C04"": 0.025255346535923706, ""C05"": 0.025255346535923706, ""C06"": 0.02429227887956679, ""C07"": 0.025255346535923706, ""C08"": 0.025255346535923706, ""C09"": 0.025255346535923706, ""C10"": 0.025255346535923706, ""C11"": 0.025255346535923706, ""C12"": 0.025255346535923706, ""C13"": 0.025255346535923706, ""C14"": 0.025255346535923706, ""C15"": 0.025255346535923706, ""C16"": 0.025255346535923706, ""C17"": 0.025255346535923706, ""C18"": 0.025255346535923706, ""C19"": 0.025255346535923706, ""C20"": 0.025255346535923706, ""C21"": 0.025255346535923706, ""C22"": 0.025255346535923706, ""C23"": 0.025255346535923706, ""C24"": 0.025255346535923706, ""C25"": 0.025255346535923706}"
67,67,1,841,6.514951,25,"{""C01"": 1.719303, ""C02"": 1.95025, ""C03"": 1.775771, ""C04"": 1.794522, ""C05"": 1.564172, ""C06"": 1.97078, ""C07"": 1.777284, ""C08"": 1.756855, ""C09"": 1.834517, ""C10"": 1.532851, ""C11"": 1.529701, ""C12"": 1.898718, ""C13"": 1.736581, ""C14"": 1.820331, ""C15"": 1.850135, ""C16"": 1.574964, ""C17"": 1.802042, ""C18"": 1.839738, ""C19"": 1.940488, ""C20"": 1.590661, ""C21"": 1.848022, ""C22"": 1.757488, ""C23"": 1.832858, ""C24"": 1.749963, ""C25"": 1.711795}","{""C01"": 0, ""C02"": 0, ""C03"": 0, ""C04"": 0, ""C05"": 0, ""C06"": 1665, ""C07"": 0, ""C08"": 0, ""C09"": 0, ""C10"": 0, ""C11"": 0, ""C12"": 0, ""C13"": 0, ""C14"": 0, ""C15"": 0, ""C16"": 0, ""C17"": 0, ""C18"": 0, ""C19"": 0, ""C20"": 0, ""C21"": 0, ""C22"": 0, ""C23"": 0, ""C24"": 0, ""C25"": 0}","{""C01"": 0.02525382327409803, ""C02"": 0.02525382327409803, ""C03"": 0.02525382327409803, ""C04"": 0.02525382327409803, ""C05"": 0.02525382327409803, ""C06"": 0.02428959627111149, ""C07"": 0.02525382327409803, ""C08"": 0.02525382327409803, ""C09"": 0.02525382327409803, ""C10"": 0.02525382327409803, ""C11"": 0.02525382327409803, ""C12"": 0.02525382327409803, ""C13"": 0.02525382327409803, ""C14"": 0.02525382327409803, ""C15"": 0.02525382327409803, ""C16"": 0.02525382327409803, ""C17"": 0.02525382327409803, ""C18"": 0.02525382327409803, ""C19"": 0.02525382327409803, ""C20"": 0.02525382327409803, ""C21"": 0.02525382327409803, ""C22"": 0.02525382327409803, ""C23"": 0.02525382327409803, ""C24"": 0.02525382327409803, ""C25"": 0.02525382327409803}"
68,68,1,256,1.962937,25,"{""C01"": 1.778084, ""C02"": 1.902276, ""C03"": 1.765478, ""C04"": 1.788336, ""C05"": 1.506553, ""C06"": 1.986709, ""C07"": 1.816669, ""C08"": 1.760583, ""C09"": 1.807638, ""C10"": 1.503719, ""C11"": 1.524867, ""C12"": 1.90723, ""C13"": 1.79733, ""C14"": 1.793087, ""C15"": 1.883562, ""C16"": 1.555783, ""C17"": 1.820526, ""C18"": 1.82417, ""C19"": 1.90393, ""C20"": 1.570762, ""C21"": 1.854596, ""C22"": 1.810119, ""C23"": 1.812681, ""C24"": 1.77702, ""C25"": 1.740521}","{""C01"": 0, ""C02"": 0, ""C03"": 0, ""C04"": 0, ""C05"": 0, ""C06"": 1661, ""C07"": 0, ""C08"": 0, ""C09"": 0, ""C10"": 0, ""C11"": 0, ""C12"": 0, ""C13"": 0, ""C14"": 0, ""C15"": 0, ""C16"": 0, ""C17"": 0, ""C18"": 0, ""C19"": 0, ""C20"": 0, ""C21"": 0, ""C22"": 0, ""C23"": 0, ""C24"": 0, ""C25"": 0}","{""C01"": 0.02525927985692998, ""C02"": 0.02525927985692998, ""C03"": 0.02525927985692998, ""C04"": 0.02525927985692998, ""C05"": 0.02525927985692998, ""C06"": 0.024297368893670585, ""C07"": 0.02525927985692998, ""C08"": 0.02525927985692998, ""C09"": 0.02525927985692998, ""C10"": 0.02525927985692998, ""C11"": 0.02525927985692998, ""C12"": 0.02525927985692998, ""C13"": 0.02525927985692998, ""C14"": 0.02525927985692998, ""C15"": 0.02525927985692998, ""C16"": 0.02525927985692998, ""C17"": 0.02525927985692998, ""C18"": 0.02525927985692998, ""C19"": 0.02525927985692998, ""C20"": 0.02525927985692998, ""C21"": 0.02525927985692998, ""C22"": 0.02525927985692998, ""C23"": 0.02525927985692998, ""C24"": 0.02525927985692998, ""C25"": 0.02525927985692998}"
69,69,1,198,1.505033,25,"{""C01"": 1.764034, ""C02"": 1.969399, ""C03"": 1.782495, ""C04"": 1.801067, ""C05"": 1.528018, ""C06"": 1.974665, ""C07"": 1.788266, ""C08"": 1.756035, ""C09"": 1.816966, ""C10"": 1.507863, ""C11"": 1.573667, ""C12"": 1.861714, ""C13"": 1.778008, ""C14"": 1.787634, ""C15"": 1.866841, ""C16"": 1.560919, ""C17"": 1.832962, ""C18"": 1.789574, ""C19"": 1.927349, ""C20"": 1.593319, ""C21"": 1.842685, ""C22"": 1.762233, ""C23"": 1.815529, ""C24"": 1.756813, ""C25"": 1.719701}","{""C01"": 0, ""C02"": 780, ""C03"": 0, ""C04"": 0, ""C05"": 0, ""C06"": 886, ""C07"": 0, ""C08"": 0, ""C09"": 0, ""C10"": 0, ""C11"": 0, ""C12"": 0, ""C13"": 0, ""C14"": 0, ""C15"": 0, ""C16"": 0, ""C17"": 0, ""C18"": 0, ""C19"": 0, ""C20"": 0, ""C21"": 0, ""C22"": 0, ""C23"": 0, ""C24"": 0, ""C25"": 0}","{""C01"": 0.02525510095741626, ""C02"": 0.024803389207497733, ""C03"": 0.02525510095741626, ""C04"": 0.02525510095741626, ""C05"": 0.02525510095741626, ""C06"": 0.02474200711393474, ""C07"": 0.02525510095741626, ""C08"": 0.02525510095741626, ""C09"": 0.02525510095741626, ""C10"": 0.02525510095741626, ""C11"": 0.02525510095741626, ""C12"": 0.02525510095741626, ""C13"": 0.02525510095741626, ""C14"": 0.02525510095741626, ""C15"": 0.02525510095741626, ""C16"": 0.02525510095741626, ""C17"": 0.02525510095741626, ""C18"": 0.02525510095741626, ""C19"": 0.02525510095741626, ""C20"": 0.02525510095741626, ""C21"": 0.02525510095741626, ""C22"": 0.02525510095741626, ""C23"": 0.02525510095741626, ""C24"": 0.02525510095741626, ""C25"": 0.02525510095741626}"
70,70,1,365,2.779466,25,"{""C01"": 1.771608, ""C02"": 1.965971, ""C03"": 1.714062, ""C04"": 1.809519, ""C05"": 1.518246, ""C06"": 2.009821, ""C07"": 1.797057, ""C08"": 1.794295, ""C09"": 1.798931, ""C10"": 1.52359, ""C11"": 1.589068, ""C12"": 1.886781, ""C13"": 1.782778, ""C14"": 1.802189, ""C15"": 1.871103, ""C16"": 1.585298, ""C17"": 1.810835, ""C18"": 1.832046, ""C19"": 1.930029, ""C20"": 1.580968, ""C21"": 1.844256, ""C22"": 1.768751, ""C23"": 1.802027, ""C24"": 1.75403, ""C25"": 1.744547}","{""C01"": 0, ""C02"": 0, ""C03"": 0, ""C04"": 0, ""C05"": 0, ""C06"": 1655, ""C07"": 0, ""C08"": 0, ""C09"": 0, ""C10"": 0, ""C11"": 0, ""C12"": 0, ""C13"": 0, ""C14"": 0, ""C15"": 0, ""C16"": 0, ""C17"": 0, ""C18"": 0, ""C19"": 0, ""C20"": 0, ""C21"": 0, ""C22"": 0, ""C23"": 0, ""C24"": 0, ""C25"": 0}","{""C01"": 0.025266938302742417, ""C02"": 0.025266938302742417, ""C03"": 0.025266938302742417, ""C04"": 0.025266938302742417, ""C05"": 0.025266938302742417, ""C06"": 0.02430850197475926, ""C07"": 0.025266938302742417, ""C08"": 0.025266938302742417, ""C09"": 0.025266938302742417, ""C10"": 0.025266938302742417, ""C11"": 0.025266938302742417, ""C12"": 0.025266938302742417, ""C13"": 0.025266938302742417, ""C14"": 0.025266938302742417, ""C15"": 0.025266938302742417, ""C16"": 0.025266938302742417, ""C17"": 0.025266938302742417, ""C18"": 0.025266938302742417, ""C19"": 0.025266938302742417, ""C20"": 0.025266938302742417, ""C21"": 0.025266938302742417, ""C22"": 0.025266938302742417, ""C23"": 0.025266938302742417, ""C24"": 0.025266938302742417, ""C25"": 0.025266938302742417}"
1,1,1,650,6.365030,25,"{""C01"": 1.452761, ""C02"": 1.647307, ""C03"": 1.595779, ""C04"": 1.609857, ""C05"": 1.309651, ""C06"": 1.7112, ""C07"": 1.529866, ""C08"": 1.535494, ""C09"": 1.545339, ""C10"": 1.490027, ""C11"": 1.382104, ""C12"": 1.605923, ""C13"": 1.521092, ""C14"": 1.484694, ""C15"": 1.718751, ""C16"": 1.422051, ""C17"": 1.579754, ""C18"": 1.612256, ""C19"": 1.730687, ""C20"": 1.372602, ""C21"": 1.610366, ""C22"": 1.525548, ""C23"": 1.649777, ""C24"": 1.489287, ""C25"": 1.568914}","{""C01"": 0, ""C02"": 0, ""C03"": 0, ""C04"": 0, ""C05"": 0, ""C06"": 0, ""C07"": 0, ""C08"": 0, ""C09"": 0, ""C10"": 0, ""C11"": 0, ""C12"": 0, ""C13"": 0, ""C14"": 0, ""C15"": 572, ""C16"": 0, ""C17"": 0, ""C18"": 0, ""C19"": 1161, ""C20"": 0, ""C21"": 0, ""C22"": 0, ""C23"": 0, ""C24"": 0, ""C25"": 0}","{""C01"": 0.025162711990934658, ""C02"": 0.025162711990934658, ""C03"": 0.025162711990934658, ""C04"": 0.025162711990934658, ""C05"": 0.025162711990934658, ""C06"": 0.025162711990934658, ""C07"": 0.025162711990934658, ""C08"": 0.025162711990934658, ""C09"": 0.025162711990934658, ""C10"": 0.025162711990934658, ""C11"": 0.025162711990934658, ""C12"": 0.025162711990934658, ""C13"": 0.025162711990934658, ""C14"": 0.025162711990934658, ""C15"": 0.024831456894108303, ""C16"": 0.025162711990934658, ""C17"": 0.025162711990934658, ""C18"": 0.025162711990934658, ""C19"": 0.024490378885647167, ""C20"": 0.025162711990934658, ""C21"": 0.025162711990934658, ""C22"": 0.025162711990934658, ""C23"": 0.025162711990934658, ""C24"": 0.025162711990934658, ""C25"": 0.025162711990934658}"
2,2,1,310,2.434094,25,"{""C01"": 1.46547, ""C02"": 1.654449, ""C03"": 1.59614, ""C04"": 1.609623, ""C05"": 1.350688, ""C06"": 1.765728, ""C07"": 1.593968, ""C08"": 1.559309, ""C09"": 1.530848, ""C10"": 1.453279, ""C11"": 1.399266, ""C12"": 1.682308, ""C13"": 1.572769, ""C14"": 1.494584, ""C15"": 1.762449, ""C16"": 1.433862, ""C17"": 1.642827, ""C18"": 1.620668, ""C19"": 1.716271, ""C20"": 1.386689, ""C21"": 1.642656, ""C22"": 1.560546, ""C23"": 1.659111, ""C24"": 1.448463, ""C25"": 1.618402}","{""C01"": 0, ""C02"": 0, ""C03"": 0, ""C04"": 0, ""C05"": 0, ""C06"": 881, ""C07"": 0, ""C08"": 0, ""C09"": 0, ""C10"": 0, ""C11"": 0, ""C12"": 0, ""C13"": 0, ""C14"": 0, ""C15"": 839, ""C16"": 0, ""C17"": 0, ""C18"": 0, ""C19"": 0, ""C20"": 0, ""C21"": 0, ""C22"": 0, ""C23"": 0, ""C24"": 0, ""C25"": 0}","{""C01"": 0.025176688225634222, ""C02"": 0.025176688225634222, ""C03"": 0.025176688225634222, ""C04"": 0.025176688225634222, ""C05"": 0.025176688225634222, ""C06"": 0.02466650712791183, ""C07"": 0.025176688225634222, ""C08"": 0.025176688225634222, ""C09"": 0.025176688225634222, ""C10"": 0.025176688225634222, ""C11"": 0.025176688225634222, ""C12"": 0.025176688225634222, ""C13"": 0.025176688225634222, ""C14"": 0.025176688225634222, ""C15"": 0.02469082109260359, ""C16"": 0.025176688225634222, ""C17"": 0.025176688225634222, ""C18"": 0.025176688225634222, ""C19"": 0.025176688225634222, ""C20"": 0.025176688225634222, ""C21"": 0.025176688225634222, ""C22"": 0.025176688225634222, ""C23"": 0.025176688225634222, ""C24"": 0.025176688225634222, ""C25"": 0.025176688225634222}"
3,3,1,336,3.399552,25,"{""C01"": 1.464076, ""C02"": 1.699544, ""C03"": 1.656857, ""C04"": 1.627574, ""C05"": 1.356785, ""C06"": 1.817279, ""C07"": 1.635244, ""C08"": 1.591753, ""C09"": 1.580458, ""C10"": 1.496836, ""C11"": 1.397984, ""C12"": 1.669753, ""C13"": 1.6089, ""C14"": 1.563213, ""C15"": 1.727528, ""C16"": 1.477164, ""C17"": 1.62652, ""C18"": 1.646029, ""C19"": 1.725465, ""C20"": 1.448859, ""C21"": 1.66854, ""C22"": 1.618141, ""C23"": 1.697453, ""C24"": 1.497901, ""C25"": 1.642726}","{""C01"": 0, ""C02"": 0, ""C03"": 0, ""C04"": 0, ""C05"": 0, ""C06"": 1703, ""C07"": 0, ""C08"": 0, ""C09"": 0, ""C10"": 0, ""C11"": 0, ""C12"": 0, ""C13"": 0, ""C14"": 0, ""C15"": 0, ""C16"": 0, ""C17"": 0, ""C18"": 0, ""C19"": 0, ""C20"": 0, ""C21"": 0, ""C22"": 0, ""C23"": 0, ""C24"": 0, ""C25"": 0}","{""C01"": 0.02519641284168425, ""C02"": 0.02519641284168425, ""C03"": 0.02519641284168425, ""C04"": 0.02519641284168425, ""C05"": 0.02519641284168425, ""C06"": 0.024210196432358954, ""C07"": 0.02519641284168425, ""C08"": 0.02519641284168425, ""C09"": 0.02519641284168425, ""C10"": 0.02519641284168425, ""C11"": 0.02519641284168425, ""C12"": 0.02519641284168425, ""C13"": 0.02519641284168425, ""C14"": 0.02519641284168425, ""C15"": 0.02519641284168425, ""C16"": 0.02519641284168425, ""C17"": 0.02519641284168425, ""C18"": 0.02519641284168425, ""C19"": 0.02519641284168425, ""C20"": 0.02519641284168425, ""C21"": 0.02519641284168425, ""C22"": 0.02519641284168425, ""C23"": 0.02519641284168425, ""C24"": 0.02519641284168425, ""C25"": 0.02519641284168425}"
4,4,1,828,8.259426,25,"{""C01"": 1.515581, ""C02"": 1.700728, ""C03"": 1.658834, ""C04"": 1.626659, ""C05"": 1.38765, ""C06"": 1.820274, ""C07"": 1.603577, ""C08"": 1.591804, ""C09"": 1.622808, ""C10"": 1.48121, ""C11"": 1.423856, ""C12"": 1.717906, ""C13"": 1.586253, ""C14"": 1.549498, ""C15"": 1.758607, ""C16"": 1.470092, ""C17"": 1.624126, ""C18"": 1.65854, ""C19"": 1.778755, ""C20"": 1.414934, ""C21"": 1.673399, ""C22"": 1.584287, ""C23"": 1.730527, ""C24"": 1.52128, ""C25"": 1.653136}","{""C01"": 0, ""C02"": 0, ""C03"": 0, ""C04"": 0, ""C05"": 0, ""C06"": 1702, ""C07"": 0, ""C08"": 0, ""C09"": 0, ""C10"": 0, ""C11"": 0, ""C12"": 0, ""C13"": 0, ""C14"": 0, ""C15"": 0, ""C16"": 0, ""C17"": 0, ""C18"": 0, ""C19"": 0, ""C20"": 0, ""C21"": 0, ""C22"": 0, ""C23"": 0, ""C24"": 0, ""C25"": 0}","{""C01"": 0.025197465765646104, ""C02"": 0.025197465765646104, ""C03"": 0.025197465765646104, ""C04"": 0.025197465765646104, ""C05"": 0.025197465765646104, ""C06"": 0.024211829002331733, ""C07"": 0.025197465765646104, ""C08"": 0.025197465765646104, ""C09"": 0.025197465765646104, ""C10"": 0.025197465765646104, ""C11"": 0.025197465765646104, ""C12"": 0.025197465765646104, ""C13"": 0.025197465765646104, ""C14"": 0.025197465765646104, ""C15"": 0.025197465765646104, ""C16"": 0.025197465765646104, ""C17"": 0.025197465765646104, ""C18"": 0.025197465765646104, ""C19"": 0.025197465765646104, ""C20"": 0.025197465765646104, ""C21"": 0.025197465765646104, ""C22"": 0.025197465765646104, ""C23"": 0.025197465765646104, ""C24"": 0.025197465765646104, ""C25"": 0.025197465765646104}"
5,5,1,1138,9.574290,25,"{""C01"": 1.535144, ""C02"": 1.721754, ""C03"": 1.657319, ""C04"": 1.663467, ""C05"": 1.417661, ""C06"": 1.81215, ""C07"": 1.652116, ""C08"": 1.592256, ""C09"": 1.640764, ""C10"": 1.544384, ""C11"": 1.440616, ""C12"": 1.708213, ""C13"": 1.628682, ""C14"": 1.570322, ""C15"": 1.784766, ""C16"": 1.503546, ""C17"": 1.657135, ""C18"": 1.66338, ""C19"": 1.783041, ""C20"": 1.463326, ""C21"": 1.683299, ""C22"": 1.583245, ""C23"": 1.729049, ""C24"": 1.547122, ""C25"": 1.649328}","{""C01"": 0, ""C02"": 0, ""C03"": 0, ""C04"": 0, ""C05"": 0, ""C06"": 1704, ""C07"": 0, ""C08"": 0, ""C09"": 0, ""C10"": 0, ""C11"": 0, ""C12"": 0, ""C13"": 0, ""C14"": 0, ""C15"": 0, ""C16"": 0, ""C17"": 0, ""C18"": 0, ""C19"": 0, ""C20"": 0, ""C21"": 0, ""C22"": 0, ""C23"": 0, ""C24"": 0, ""C25"": 0}","{""C01"": 0.02519418541124324, ""C02"": 0.02519418541124324, ""C03"": 0.02519418541124324, ""C04"": 0.02519418541124324, ""C05"": 0.02519418541124324, ""C06"": 0.024207392181111384, ""C07"": 0.02519418541124324, ""C08"": 0.02519418541124324, ""C09"": 0.02519418541124324, ""C10"": 0.02519418541124324, ""C11"": 0.02519418541124324, ""C12"": 0.02519418541124324, ""C13"": 0.02519418541124324, ""C14"": 0.02519418541124324, ""C15"": 0.02519418541124324, ""C16"": 0.02519418541124324, ""C17"": 0.02519418541124324, ""C18"": 0.02519418541124324, ""C19"": 0.02519418541124324, ""C20"": 0.02519418541124324, ""C21"": 0.02519418541124324, ""C22"": 0.02519418541124324, ""C23"": 0.02519418541124324, ""C24"": 0.02519418541124324, ""C25"": 0.02519418541124324}"
6,6,1,399,5.070398,25,"{""C01"": 1.524145, ""C02"": 1.743344, ""C03"": 1.687827, ""C04"": 1.718964, ""C05"": 1.414805, ""C06"": 1.836265, ""C07"": 1.669595, ""C08"": 1.591946, ""C09"": 1.625756, ""C10"": 1.560116, ""C11"": 1.453387, ""C12"": 1.753269, ""C13"": 1.617567, ""C14"": 1.591957, ""C15"": 1.829575, ""C16"": 1.489073, ""C17"": 1.67184, ""C18"": 1.673224, ""C19"": 1.798384, ""C20"": 1.470677, ""C21"": 1.744784, ""C22"": 1.631059, ""C23"": 1.740557, ""C24"": 1.561531, ""C25"": 1.675425}","{""C01"": 0, ""C02"": 0, ""C03"": 0, ""C04"": 0, ""C05"": 0, ""C06"": 936, ""C07"": 0, ""C08"": 0, ""C09"": 0, ""C10"": 0, ""C11"": 0, ""C12"": 0, ""C13"": 0, ""C14"": 0, ""C15"": 764, ""C16"": 0, ""C17"": 0, ""C18"": 0, ""C19"": 0, ""C20"": 0, ""C21"": 0, ""C22"": 0, ""C23"": 0, ""C24"": 0, ""C25"": 0}","{""C01"": 0.025203352553409483, ""C02"": 0.025203352553409483, ""C03"": 0.025203352553409483, ""C04"": 0.025203352553409483, ""C05"": 0.025203352553409483, ""C06"": 0.024661320792609222, ""C07"": 0.025203352553409483, ""C08"": 0.025203352553409483, ""C09"": 0.025203352553409483, ""C10"": 0.025203352553409483, ""C11"": 0.025203352553409483, ""C12"": 0.025203352553409483, ""C13"": 0.025203352553409483, ""C14"": 0.025203352553409483, ""C15"": 0.02476091335069287, ""C16"": 0.025203352553409483, ""C17"": 0.025203352553409483, ""C18"": 0.025203352553409483, ""C19"": 0.025203352553409483, ""C20"": 0.025203352553409483, ""C21"": 0.025203352553409483, ""C22"": 0.025203352553409483, ""C23"": 0.025203352553409483, ""C24"": 0.025203352553409483, ""C25"": 0.025203352553409483}"
7,7,1,1099,9.615322,25,"{""C01"": 1.546136, ""C02"": 1.750767, ""C03"": 1.692394, ""C04"": 1.695005, ""C05"": 1.421525, ""C06"": 1.837213, ""C07"": 1.67838, ""C08"": 1.63192, ""C09"": 1.673179, ""C10"": 1.521556, ""C11"": 1.48072, ""C12"": 1.741534, ""C13"": 1.646823, ""C14"": 1.622408, ""C15"": 1.813745, ""C16"": 1.549965, ""C17"": 1.72085, ""C18"": 1.70236, ""C19"": 1.79889, ""C20"": 1.486872, ""C21"": 1.70547, ""C22"": 1.660021, ""C23"": 1.743754, ""C24"": 1.543898, ""C25"": 1.682662}","{""C01"": 0, ""C02"": 0, ""C03"": 0, ""C04"": 0, ""C05"": 0, ""C06"": 1697, ""C07"": 0, ""C08"": 0, ""C09"": 0, ""C10"": 0, ""C11"": 0, ""C12"": 0, ""C13"": 0, ""C14"": 0, ""C15"": 0, ""C16"": 0, ""C17"": 0, ""C18"": 0, ""C19"": 0, ""C20"": 0, ""C21"": 0, ""C22"": 0, ""C23"": 0, ""C24"": 0, ""C25"": 0}","{""C01"": 0.025203737562126016, ""C02"": 0.025203737562126016, ""C03"": 0.025203737562126016, ""C04"": 0.025203737562126016, ""C05"": 0.025203737562126016, ""C06"": 0.024220996603042926, ""C07"": 0.025203737562126016, ""C08"": 0.025203737562126016, ""C09"": 0.025203737562126016, ""C10"": 0.025203737562126016, ""C11"": 0.025203737562126016, ""C12"": 0.025203737562126016, ""C13"": 0.025203737562126016, ""C14"": 0.025203737562126016, ""C15"": 0.025203737562126016, ""C16"": 0.025203737562126016, ""C17"": 0.025203737562126016, ""C18"": 0.025203737562126016, ""C19"": 0.025203737562126016, ""C20"": 0.025203737562126016, ""C21"": 0.025203737562126016, ""C22"": 0.025203737562126016, ""C23"": 0.025203737562126016, ""C24"": 0.025203737562126016, ""C25"": 0.025203737562126016}"
8,8,1,436,3.347133,25,"{""C01"": 1.582138, ""C02"": 1.722103, ""C03"": 1.702726, ""C04"": 1.704169, ""C05"": 1.455409, ""C06"": 1.905248, ""C07"": 1.700602, ""C08"": 1.651505, ""C09"": 1.661548, ""C10"": 1.556116, ""C11"": 1.491036, ""C12"": 1.729152, ""C13"": 1.674589, ""C14"": 1.565802, ""C15"": 1.832101, ""C16"": 1.52203, ""C17"": 1.679669, ""C18"": 1.7147, ""C19"": 1.79356, ""C20"": 1.525627, ""C21"": 1.721886, ""C22"": 1.658945, ""C23"": 1.817219, ""C24"": 1.55369, ""C25"": 1.652374}","{""C01"": 0, ""C02"": 0, ""C03"": 0, ""C04"": 0, ""C05"": 0, ""C06"": 1678, ""C07"": 0, ""C08"": 0, ""C09"": 0, ""C10"": 0, ""C11"": 0, ""C12"": 0, ""C13"": 0, ""C14"": 0, ""C15"": 0, ""C16"": 0, ""C17"": 0, ""C18"": 0, ""C19"": 0, ""C20"": 0, ""C21"": 0, ""C22"": 0, ""C23"": 0, ""C24"": 0, ""C25"": 0}","{""C01"": 0.025228468295833043, ""C02"": 0.025228468295833043, ""C03"": 0.025228468295833043, ""C04"": 0.025228468295833043, ""C05"": 0.025228468295833043, ""C06"": 0.02425672916653496, ""C07"": 0.025228468295833043, ""C08"": 0.025228468295833043, ""C09"": 0.025228468295833043, ""C10"": 0.025228468295833043, ""C11"": 0.025228468295833043, ""C12"": 0.025228468295833043, ""C13"": 0.025228468295833043, ""C14"": 0.025228468295833043, ""C15"": 0.025228468295833043, ""C16"": 0.025228468295833043, ""C17"": 0.025228468295833043, ""C18"": 0.025228468295833043, ""C19"": 0.025228468295833043, ""C20"": 0.025228468295833043, ""C21"": 0.025228468295833043, ""C22"": 0.025228468295833043, ""C23"": 0.025228468295833043, ""C24"": 0.025228468295833043, ""C25"": 0.025228468295833043}"
9,9,1,807,6.234923,25,"{""C01"": 1.571177, ""C02"": 1.801652, ""C03"": 1.704468, ""C04"": 1.720295, ""C05"": 1.455079, ""C06"": 1.862617, ""C07"": 1.68971, ""C08"": 1.640499, ""C09"": 1.666707, ""C10"": 1.577345, ""C11"": 1.47749, ""C12"": 1.765238, ""C13"": 1.68333, ""C14"": 1.620739, ""C15"": 1.82131, ""C16"": 1.5362, ""C17"": 1.695902, ""C18"": 1.712888, ""C19"": 1.811326, ""C20"": 1.49707, ""C21"": 1.698292, ""C22"": 1.695177, ""C23"": 1.768624, ""C24"": 1.534295, ""C25"": 1.653402}","{""C01"": 0, ""C02"": 0, ""C03"": 0, ""C04"": 0, ""C05"": 0, ""C06"": 1690, ""C07"": 0, ""C08"": 0, ""C09"": 0, ""C10"": 0, ""C11"": 0, ""C12"": 0, ""C13"": 0, ""C14"": 0, ""C15"": 0, ""C16"": 0, ""C17"": 0, ""C18"": 0, ""C19"": 0, ""C20"": 0, ""C21"": 0, ""C22"": 0, ""C23"": 0, ""C24"": 0, ""C25"": 0}","{""C01"": 0.02521322802215553, ""C02"": 0.02521322802215553, ""C03"": 0.02521322802215553, ""C04"": 0.02521322802215553, ""C05"": 0.02521322802215553, ""C06"": 0.02423453946050278, ""C07"": 0.02521322802215553, ""C08"": 0.02521322802215553, ""C09"": 0.02521322802215553, ""C10"": 0.02521322802215553, ""C11"": 0.02521322802215553, ""C12"": 0.02521322802215553, ""C13"": 0.02521322802215553, ""C14"": 0.02521322802215553, ""C15"": 0.02521322802215553, ""C16"": 0.02521322802215553, ""C17"": 0.02521322802215553, ""C18"": 0.02521322802215553, ""C19"": 0.02521322802215553, ""C20"": 0.02521322802215553, ""C21"": 0.02521322802215553, ""C22"": 0.02521322802215553, ""C23"": 0.02521322802215553, ""C24"": 0.02521322802215553, ""C25"": 0.02521322802215553}"
10,10,1,1087,8.479916,25,"{""C01"": 1.561059, ""C02"": 1.76184, ""C03"": 1.710703, ""C04"": 1.704573, ""C05"": 1.453055, ""C06"": 1.882482, ""C07"": 1.689487, ""C08"": 1.679695, ""C09"": 1.687102, ""C10"": 1.571485, ""C11"": 1.502659, ""C12"": 1.758638, ""C13"": 1.662335, ""C14"": 1.627067, ""C15"": 1.85621, ""C16"": 1.54123, ""C17"": 1.747405, ""C18"": 1.707135, ""C19"": 1.837178, ""C20"": 1.500275, ""C21"": 1.780648, ""C22"": 1.663057, ""C23"": 1.797653, ""C24"": 1.597046, ""C25"": 1.700654}","{""C01"": 0, ""C02"": 0, ""C03"": 0, ""C04"": 0, ""C05"": 0, ""C06"": 1684, ""C07"": 0, ""C08"": 0, ""C09"": 0, ""C10"": 0, ""C11"": 0, ""C12"": 0, ""C13"": 0, ""C14"": 0, ""C15"": 0, ""C16"": 0, ""C17"": 0, ""C18"": 0, ""C19"": 0, ""C20"": 0, ""C21"": 0, ""C22"": 0, ""C23"": 0, ""C24"": 0, ""C25"": 0}","{""C01"": 0.025220173590950468, ""C02"": 0.025220173590950468, ""C03"": 0.025220173590950468, ""C04"": 0.025220173590950468, ""C05"": 0.025220173590950468, ""C06"": 0.024244961392347046, ""C07"": 0.025220173590950468, ""C08"": 0.025220173590950468, ""C09"": 0.025220173590950468, ""C10"": 0.025220173590950468, ""C11"": 0.025220173590950468, ""C12"": 0.025220173590950468, ""C13"": 0.025220173590950468, ""C14"": 0.025220173590950468, ""C15"": 0.025220173590950468, ""C16"": 0.025220173590950468, ""C17"": 0.025220173590950468, ""C18"": 0.025220173590950468, ""C19"": 0.025220173590950468, ""C20"": 0.025220173590950468, ""C21"": 0.025220173590950468, ""C22"": 0.025220173590950468, ""C23"": 0.025220173590950468, ""C24"": 0.025220173590950468, ""C25"": 0.025220173590950468}"
11,11,1,530,4.079775,25,"{""C01"": 1.573881, ""C02"": 1.767308, ""C03"": 1.717202, ""C04"": 1.704829, ""C05"": 1.461375, ""C06"": 1.907423, ""C07"": 1.680263, ""C08"": 1.654415, ""C09"": 1.695133, ""C10"": 1.564407, ""C11"": 1.459864, ""C12"": 1.771111, ""C13"": 1.698764, ""C14"": 1.662114, ""C15"": 1.854041, ""C16"": 1.558644, ""C17"": 1.719964, ""C18"": 1.734212, ""C19"": 1.842813, ""C20"": 1.546596, ""C21"": 1.742566, ""C22"": 1.6859, ""C23"": 1.772527, ""C24"": 1.587656, ""C25"": 1.704791}","{""C01"": 0, ""C02"": 0, ""C03"": 0, ""C04"": 0, ""C05"": 0, ""C06"": 1677, ""C07"": 0, ""C08"": 0, ""C09"": 0, ""C10"": 0, ""C11"": 0, ""C12"": 0, ""C13"": 0, ""C14"": 0, ""C15"": 0, ""C16"": 0, ""C17"": 0, ""C18"": 0, ""C19"": 0, ""C20"": 0, ""C21"": 0, ""C22"": 0, ""C23"": 0, ""C24"": 0, ""C25"": 0}","{""C01"": 0.025229001879376017, ""C02"": 0.025229001879376017, ""C03"": 0.025229001879376017, ""C04"": 0.025229001879376017, ""C05"": 0.025229001879376017, ""C06"": 0.02425784367074295, ""C07"": 0.025229001879376017, ""C08"": 0.025229001879376017, ""C09"": 0.025229001879376017, ""C10"": 0.025229001879376017, ""C11"": 0.025229001879376017, ""C12"": 0.025229001879376017, ""C13"": 0.025229001879376017, ""C14"": 0.025229001879376017, ""C15"": 0.025229001879376017, ""C16"": 0.025229001879376017, ""C17"": 0.025229001879376017, ""C18"": 0.025229001879376017, ""C19"": 0.025229001879376017, ""C20"": 0.025229001879376017, ""C21"": 0.025229001879376017, ""C22"": 0.025229001879376017, ""C23"": 0.025229001879376017, ""C24"": 0.025229001879376017, ""C25"": 0.025229001879376017}"
12,12,1,1084,8.415666,25,"{""C01"": 1.572296, ""C02"": 1.83042, ""C03"": 1.697827, ""C04"": 1.673399, ""C05"": 1.457753, ""C06"": 1.885346, ""C07"": 1.663616, ""C08"": 1.656198, ""C09"": 1.675857, ""C10"": 1.563746, ""C11"": 1.465313, ""C12"": 1.779696, ""C13"": 1.638135, ""C14"": 1.617672, ""C15"": 1.84808, ""C16"": 1.527558, ""C17"": 1.725497, ""C18"": 1.715375, ""C19"": 1.864964, ""C20"": 1.513957, ""C21"": 1.756603, ""C22"": 1.66286, ""C23"": 1.787656, ""C24"": 1.614355, ""C25"": 1.686973}","{""C01"": 0, ""C02"": 0, ""C03"": 0, ""C04"": 0, ""C05"": 0, ""C06"": 1683, ""C07"": 0, ""C08"": 0, ""C09"": 0, ""C10"": 0, ""C11"": 0, ""C12"": 0, ""C13"": 0, ""C14"": 0, ""C15"": 0, ""C16"": 0, ""C17"": 0, ""C18"": 0, ""C19"": 0, ""C20"": 0, ""C21"": 0, ""C22"": 0, ""C23"": 0, ""C24"": 0, ""C25"": 0}","{""C01"": 0.0252210841845186, ""C02"": 0.0252210841845186, ""C03"": 0.0252210841845186, ""C04"": 0.0252210841845186, ""C05"": 0.0252210841845186, ""C06"": 0.024246451982537724, ""C07"": 0.0252210841845186, ""C08"": 0.0252210841845186, ""C09"": 0.0252210841845186, ""C10"": 0.0252210841845186, ""C11"": 0.0252210841845186, ""C12"": 0.0252210841845186, ""C13"": 0.0252210841845186, ""C14"": 0.0252210841845186, ""C15"": 0.0252210841845186, ""C16"": 0.0252210841845186, ""C17"": 0.0252210841845186, ""C18"": 0.0252210841845186, ""C19"": 0.0252210841845186, ""C20"": 0.0252210841845186, ""C21"": 0.0252210841845186, ""C22"": 0.0252210841845186, ""C23"": 0.0252210841845186, ""C24"": 0.0252210841845186, ""C25"": 0.0252210841845186}"
13,13,1,930,7.139440,25,"{""C01"": 1.616058, ""C02"": 1.790856, ""C03"": 1.733791, ""C04"": 1.674398, ""C05"": 1.433572, ""C06"": 1.873786, ""C07"": 1.713068, ""C08"": 1.66554, ""C09"": 1.691838, ""C10"": 1.546914, ""C11"": 1.490707, ""C12"": 1.790345, ""C13"": 1.675988, ""C14"": 1.660909, ""C15"": 1.843198, ""C16"": 1.543874, ""C17"": 1.680197, ""C18"": 1.713583, ""C19"": 1.825111, ""C20"": 1.517495, ""C21"": 1.747038, ""C22"": 1.654545, ""C23"": 1.784269, ""C24"": 1.569298, ""C25"": 1.715602}","{""C01"": 0, ""C02"": 0, ""C03"": 0, ""C04"": 0, ""C05"": 0, ""C06"": 1687, ""C07"": 0, ""C08"": 0, ""C09"": 0, ""C10"": 0, ""C11"": 0, ""C12"": 0, ""C13"": 0, ""C14"": 0, ""C15"": 0, ""C16"": 0, ""C17"": 0, ""C18"": 0, ""C19"": 0, ""C20"": 0, ""C21"": 0, ""C22"": 0, ""C23"": 0, ""C24"": 0, ""C25"": 0}","{""C01"": 0.02521736906487472, ""C02"": 0.02521736906487472, ""C03"": 0.02521736906487472, ""C04"": 0.02521736906487472, ""C05"": 0.02521736906487472, ""C06"": 0.024240417058954883, ""C07"": 0.02521736906487472, ""C08"": 0.02521736906487472, ""C09"": 0.02521736906487472, ""C10"": 0.02521736906487472, ""C11"": 0.02521736906487472, ""C12"": 0.02521736906487472, ""C13"": 0.02521736906487472, ""C14"": 0.02521736906487472, ""C15"": 0.02521736906487472, ""C16"": 0.02521736906487472, ""C17"": 0.02521736906487472, ""C18"": 0.02521736906487472, ""C19"": 0.02521736906487472, ""C20"": 0.02521736906487472, ""C21"": 0.02521736906487472, ""C22"": 0.02521736906487472, ""C23"": 0.02521736906487472, ""C24"": 0.02521736906487472, ""C25"": 0.02521736906487472}"
14,14,1,330,2.560714,25,"{""C01"": 1.601512, ""C02"": 1.782315, ""C03"": 1.717832, ""C04"": 1.703589, ""C05"": 1.462034, ""C06"": 1.917311, ""C07"": 1.710478, ""C08"": 1.645095, ""C09"": 1.698534, ""C10"": 1.585983, ""C11"": 1.464816, ""C12"": 1.765923, ""C13"": 1.709216, ""C14"": 1.636977, ""C15"": 1.824851, ""C16"": 1.518569, ""C17"": 1.73716, ""C18"": 1.717994, ""C19"": 1.817897, ""C20"": 1.513201, ""C21"": 1.761647, ""C22"": 1.648928, ""C23"": 1.79857, ""C24"": 1.612836, ""C25"": 1.701285}","{""C01"": 0, ""C02"": 0, ""C03"": 0, ""C04"": 0, ""C05"": 0, ""C06"": 1674, ""C07"": 0, ""C08"": 0, ""C09"": 0, ""C10"": 0, ""C11"": 0, ""C12"": 0, ""C13"": 0, ""C14"": 0, ""C15"": 0, ""C16"": 0, ""C17"": 0, ""C18"": 0, ""C19"": 0, ""C20"": 0, ""C21"": 0, ""C22"": 0, ""C23"": 0, ""C24"": 0, ""C25"": 0}","{""C01"": 0.025232309329300415, ""C02"": 0.025232309329300415, ""C03"": 0.025232309329300415, ""C04"": 0.025232309329300415, ""C05"": 0.025232309329300415, ""C06"": 0.024262889710149303, ""C07"": 0.025232309329300415, ""C08"": 0.025232309329300415, ""C09"": 0.025232309329300415, ""C10"": 0.025232309329300415, ""C11"": 0.025232309329300415, ""C12"": 0.025232309329300415, ""C13"": 0.025232309329300415, ""C14"": 0.025232309329300415, ""C15"": 0.025232309329300415, ""C16"": 0.025232309329300415, ""C17"": 0.025232309329300415, ""C18"": 0.025232309329300415, ""C19"": 0.025232309329300415, ""C20"": 0.025232309329300415, ""C21"": 0.025232309329300415, ""C22"": 0.025232309329300415, ""C23"": 0.025232309329300415, ""C24"": 0.025232309329300415, ""C25"": 0.025232309329300415}"
15,15,1,805,6.210106,25,"{""C01"": 1.566275, ""C02"": 1.815507, ""C03"": 1.737848, ""C04"": 1.682099, ""C05"": 1.449385, ""C06"": 1.87497, ""C07"": 1.702129, ""C08"": 1.637216, ""C09"": 1.66434, ""C10"": 1.556579, ""C11"": 1.481493, ""C12"": 1.78469, ""C13"": 1.680954, ""C14"": 1.617863, ""C15"": 1.83519, ""C16"": 1.543303, ""C17"": 1.669625, ""C18"": 1.702155, ""C19"": 1.789796, ""C20"": 1.498142, ""C21"": 1.75125, ""C22"": 1.677887, ""C23"": 1.78611, ""C24"": 1.624657, ""C25"": 1.67347}","{""C01"": 0, ""C02"": 0, ""C03"": 0, ""C04"": 0, ""C05"": 0, ""C06"": 1686, ""C07"": 0, ""C08"": 0, ""C09"": 0, ""C10"": 0, ""C11"": 0, ""C12"": 0, ""C13"": 0, ""C14"": 0, ""C15"": 0, ""C16"": 0, ""C17"": 0, ""C18"": 0, ""C19"": 0, ""C20"": 0, ""C21"": 0, ""C22"": 0, ""C23"": 0, ""C24"": 0, ""C25"": 0}","{""C01"": 0.02521740720032481, ""C02"": 0.02521740720032481, ""C03"": 0.02521740720032481, ""C04"": 0.02521740720032481, ""C05"": 0.02521740720032481, ""C06"": 0.02424103731123078, ""C07"": 0.02521740720032481, ""C08"": 0.02521740720032481, ""C09"": 0.02521740720032481, ""C10"": 0.02521740720032481, ""C11"": 0.02521740720032481, ""C12"": 0.02521740720032481, ""C13"": 0.02521740720032481, ""C14"": 0.02521740720032481, ""C15"": 0.02521740720032481, ""C16"": 0.02521740720032481, ""C17"": 0.02521740720032481, ""C18"": 0.02521740720032481, ""C19"": 0.02521740720032481, ""C20"": 0.02521740720032481, ""C21"": 0.02521740720032481, ""C22"": 0.02521740720032481, ""C23"": 0.02521740720032481, ""C24"": 0.02521740720032481, ""C25"": 0.02521740720032481}"
16,16,1,596,4.584411,25,"{""C01"": 1.574973, ""C02"": 1.778213, ""C03"": 1.736949, ""C04"": 1.687241, ""C05"": 1.445524, ""C06"": 1.841435, ""C07"": 1.669115, ""C08"": 1.654885, ""C09"": 1.664735, ""C10"": 1.53975, ""C11"": 1.500524, ""C12"": 1.770773, ""C13"": 1.649419, ""C14"": 1.597344, ""C15"": 1.816565, ""C16"": 1.519455, ""C17"": 1.706678, ""C18"": 1.725251, ""C19"": 1.842985, ""C20"": 1.539537, ""C21"": 1.718504, ""C22"": 1.682883, ""C23"": 1.778459, ""C24"": 1.601179, ""C25"": 1.656868}","{""C01"": 0, ""C02"": 0, ""C03"": 0, ""C04"": 0, ""C05"": 0, ""C06"": 624, ""C07"": 0, ""C08"": 0, ""C09"": 0, ""C10"": 0, ""C11"": 0, ""C12"": 0, ""C13"": 0, ""C14"": 0, ""C15"": 0, ""C16"": 0, ""C17"": 0, ""C18"": 0, ""C19"": 1072, ""C20"": 0, ""C21"": 0, ""C22"": 0, ""C23"": 0, ""C24"": 0, ""C25"": 0}","{""C01"": 0.02520595377766835, ""C02"": 0.02520595377766835, ""C03"": 0.02520595377766835, ""C04"": 0.02520595377766835, ""C05"": 0.02520595377766835, ""C06"": 0.024844601608284608, ""C07"": 0.02520595377766835, ""C08"": 0.02520595377766835, ""C09"": 0.02520595377766835, ""C10"": 0.02520595377766835, ""C11"": 0.02520595377766835, ""C12"": 0.02520595377766835, ""C13"": 0.02520595377766835, ""C14"": 0.02520595377766835, ""C15"": 0.02520595377766835, ""C16"": 0.02520595377766835, ""C17"": 0.02520595377766835, ""C18"": 0.02520595377766835, ""C19"": 0.02458516101021126, ""C20"": 0.02520595377766835, ""C21"": 0.02520595377766835, ""C22"": 0.02520595377766835, ""C23"": 0.02520595377766835, ""C24"": 0.02520595377766835, ""C25"": 0.02520595377766835}"
17,17,1,906,7.009856,25,"{""C01"": 1.5978, ""C02"": 1.770201, ""C03"": 1.700288, ""C04"": 1.708303, ""C05"": 1.418208, ""C06"": 1.851685, ""C07"": 1.689475, ""C08"": 1.653234, ""C09"": 1.693579, ""C10"": 1.54, ""C11"": 1.517693, ""C12"": 1.77402, ""C13"": 1.653484, ""C14"": 1.603647, ""C15"": 1.787201, ""C16"": 1.531303, ""C17"": 1.694132, ""C18"": 1.69667, ""C19"": 1.823973, ""C20"": 1.526516, ""C21"": 1.725329, ""C22"": 1.664587, ""C23"": 1.76962, ""C24"": 1.596561, ""C25"": 1.675376}","{""C01"": 0, ""C02"": 0, ""C03"": 0, ""C04"": 0, ""C05"": 0, ""C06"": 1693, ""C07"": 0, ""C08"": 0, ""C09"": 0, ""C10"": 0, ""C11"": 0, ""C12"": 0, ""C13"": 0, ""C14"": 0, ""C15"": 0, ""C16"": 0, ""C17"": 0, ""C18"": 0, ""C19"": 0, ""C20"": 0, ""C21"": 0, ""C22"": 0, ""C23"": 0, ""C24"": 0, ""C25"": 0}","{""C01"": 0.02520916686986474, ""C02"": 0.02520916686986474, ""C03"": 0.02520916686986474, ""C04"": 0.02520916686986474, ""C05"": 0.02520916686986474, ""C06"": 0.024228741554176744, ""C07"": 0.02520916686986474, ""C08"": 0.02520916686986474, ""C09"": 0.02520916686986474, ""C10"": 0.02520916686986474, ""C11"": 0.02520916686986474, ""C12"": 0.02520916686986474, ""C13"": 0.02520916686986474, ""C14"": 0.02520916686986474, ""C15"": 0.02520916686986474, ""C16"": 0.02520916686986474, ""C17"": 0.02520916686986474, ""C18"": 0.02520916686986474, ""C19"": 0.02520916686986474, ""C20"": 0.02520916686986474, ""C21"": 0.02520916686986474, ""C22"": 0.02520916686986474, ""C23"": 0.02520916686986474, ""C24"": 0.02520916686986474, ""C25"": 0.02520916686986474}"
18,18,1,459,3.505715,25,"{""C01"": 1.608947, ""C02"": 1.766447, ""C03"": 1.714282, ""C04"": 1.707145, ""C05"": 1.457619, ""C06"": 1.902844, ""C07"": 1.685564, ""C08"": 1.606207, ""C09"": 1.656122, ""C10"": 1.52632, ""C11"": 1.462222, ""C12"": 1.764785, ""C13"": 1.687657, ""C14"": 1.634349, ""C15"": 1.838297, ""C16"": 1.508341, ""C17"": 1.688382, ""C18"": 1.708593, ""C19"": 1.817054, ""C20"": 1.512063, ""C21"": 1.731361, ""C22"": 1.676125, ""C23"": 1.763708, ""C24"": 1.57653, ""C25"": 1.673128}","{""C01"": 0, ""C02"": 0, ""C03"": 0, ""C04"": 0, ""C05"": 0, ""C06"": 1678, ""C07"": 0, ""C08"": 0, ""C09"": 0, ""C10"": 0, ""C11"": 0, ""C12"": 0, ""C13"": 0, ""C14"": 0, ""C15"": 0, ""C16"": 0, ""C17"": 0, ""C18"": 0, ""C19"": 0, ""C20"": 0, ""C21"": 0, ""C22"": 0, ""C23"": 0, ""C24"": 0, ""C25"": 0}","{""C01"": 0.025227231220303445, ""C02"": 0.025227231220303445, ""C03"": 0.025227231220303445, ""C04"": 0.025227231220303445, ""C05"": 0.025227231220303445, ""C06"": 0.024255495116855184, ""C07"": 0.025227231220303445, ""C08"": 0.025227231220303445, ""C09"": 0.025227231220303445, ""C10"": 0.025227231220303445, ""C11"": 0.025227231220303445, ""C12"": 0.025227231220303445, ""C13"": 0.025227231220303445, ""C14"": 0.025227231220303445, ""C15"": 0.025227231220303445, ""C16"": 0.025227231220303445, ""C17"": 0.025227231220303445, ""C18"": 0.025227231220303445, ""C19"": 0.025227231220303445, ""C20"": 0.025227231220303445, ""C21"": 0.025227231220303445, ""C22"": 0.025227231220303445, ""C23"": 0.025227231220303445, ""C24"": 0.025227231220303445, ""C25"": 0.025227231220303445}"
19,19,1,364,2.786212,25,"{""C01"": 1.577154, ""C02"": 1.779713, ""C03"": 1.691392, ""C04"": 1.669565, ""C05"": 1.427949, ""C06"": 1.888042, ""C07"": 1.692364, ""C08"": 1.646272, ""C09"": 1.702862, ""C10"": 1.538111, ""C11"": 1.498717, ""C12"": 1.784347, ""C13"": 1.663905, ""C14"": 1.634234, ""C15"": 1.807471, ""C16"": 1.497398, ""C17"": 1.68186, ""C18"": 1.716193, ""C19"": 1.780543, ""C20"": 1.523374, ""C21"": 1.728988, ""C22"": 1.641414, ""C23"": 1.74965, ""C24"": 1.572896, ""C25"": 1.635564}","{""C01"": 0, ""C02"": 0, ""C03"": 0, ""C04"": 0, ""C05"": 0, ""C06"": 1682, ""C07"": 0, ""C08"": 0, ""C09"": 0, ""C10"": 0, ""C11"": 0, ""C12"": 0, ""C13"": 0, ""C14"": 0, ""C15"": 0, ""C16"": 0, ""C17"": 0, ""C18"": 0, ""C19"": 0, ""C20"": 0, ""C21"": 0, ""C22"": 0, ""C23"": 0, ""C24"": 0, ""C25"": 0}","{""C01"": 0.025221904357675656, ""C02"": 0.025221904357675656, ""C03"": 0.025221904357675656, ""C04"": 0.025221904357675656, ""C05"": 0.025221904357675656, ""C06"": 0.024247852373842083, ""C07"": 0.025221904357675656, ""C08"": 0.025221904357675656, ""C09"": 0.025221904357675656, ""C10"": 0.025221904357675656, ""C11"": 0.025221904357675656, ""C12"": 0.025221904357675656, ""C13"": 0.025221904357675656, ""C14"": 0.025221904357675656, ""C15"": 0.025221904357675656, ""C16"": 0.025221904357675656, ""C17"": 0.025221904357675656, ""C18"": 0.025221904357675656, ""C19"": 0.025221904357675656, ""C20"": 0.025221904357675656, ""C21"": 0.025221904357675656, ""C22"": 0.025221904357675656, ""C23"": 0.025221904357675656, ""C24"": 0.025221904357675656, ""C25"": 0.025221904357675656}"
20,20,1,453,3.482934,25,"{""C01"": 1.563813, ""C02"": 1.754736, ""C03"": 1.73717, ""C04"": 1.719378, ""C05"": 1.416535, ""C06"": 1.879349, ""C07"": 1.69048, ""C08"": 1.68435, ""C09"": 1.633271, ""C10"": 1.558554, ""C11"": 1.456259, ""C12"": 1.749845, ""C13"": 1.673669, ""C14"": 1.637142, ""C15"": 1.812868, ""C16"": 1.495292, ""C17"": 1.72041, ""C18"": 1.693761, ""C19"": 1.790847, ""C20"": 1.531899, ""C21"": 1.732467, ""C22"": 1.667852, ""C23"": 1.722043, ""C24"": 1.575947, ""C25"": 1.667947}","{""C01"": 0, ""C02"": 0, ""C03"": 0, ""C04"": 0, ""C05"": 0, ""C06"": 1685, ""C07"": 0, ""C08"": 0, ""C09"": 0, ""C10"": 0, ""C11"": 0, ""C12"": 0, ""C13"": 0, ""C14"": 0, ""C15"": 0, ""C16"": 0, ""C17"": 0, ""C18"": 0, ""C19"": 0, ""C20"": 0, ""C21"": 0, ""C22"": 0, ""C23"": 0, ""C24"": 0, ""C25"": 0}","{""C01"": 0.025219119186322067, ""C02"": 0.025219119186322067, ""C03"": 0.025219119186322067, ""C04"": 0.025219119186322067, ""C05"": 0.025219119186322067, ""C06"": 0.024243327342197786, ""C07"": 0.025219119186322067, ""C08"": 0.025219119186322067, ""C09"": 0.025219119186322067, ""C10"": 0.025219119186322067, ""C11"": 0.025219119186322067, ""C12"": 0.025219119186322067, ""C13"": 0.025219119186322067, ""C14"": 0.025219119186322067, ""C15"": 0.025219119186322067, ""C16"": 0.025219119186322067, ""C17"": 0.025219119186322067, ""C18"": 0.025219119186322067, ""C19"": 0.025219119186322067, ""C20"": 0.025219119186322067, ""C21"": 0.025219119186322067, ""C22"": 0.025219119186322067, ""C23"": 0.025219119186322067, ""C24"": 0.025219119186322067, ""C25"": 0.025219119186322067}"
21,21,1,640,4.969977,25,"{""C01"": 1.596699, ""C02"": 1.736116, ""C03"": 1.703037, ""C04"": 1.688113, ""C05"": 1.423322, ""C06"": 1.858213, ""C07"": 1.623859, ""C08"": 1.647155, ""C09"": 1.667302, ""C10"": 1.521366, ""C11"": 1.472925, ""C12"": 1.770436, ""C13"": 1.65875, ""C14"": 1.637166, ""C15"": 1.816208, ""C16"": 1.507021, ""C17"": 1.704526, ""C18"": 1.723212, ""C19"": 1.817992, ""C20"": 1.48356, ""C21"": 1.753827, ""C22"": 1.648435, ""C23"": 1.757046, ""C24"": 1.577642, ""C25"": 1.66782}","{""C01"": 0, ""C02"": 0, ""C03"": 0, ""C04"": 0, ""C05"": 0, ""C06"": 1691, ""C07"": 0, ""C08"": 0, ""C09"": 0, ""C10"": 0, ""C11"": 0, ""C12"": 0, ""C13"": 0, ""C14"": 0, ""C15"": 0, ""C16"": 0, ""C17"": 0, ""C18"": 0, ""C19"": 0, ""C20"": 0, ""C21"": 0, ""C22"": 0, ""C23"": 0, ""C24"": 0, ""C25"": 0}","{""C01"": 0.02521147561744906, ""C02"": 0.02521147561744906, ""C03"": 0.02521147561744906, ""C04"": 0.02521147561744906, ""C05"": 0.02521147561744906, ""C06"": 0.02423220910519999, ""C07"": 0.02521147561744906, ""C08"": 0.02521147561744906, ""C09"": 0.02521147561744906, ""C10"": 0.02521147561744906, ""C11"": 0.02521147561744906, ""C12"": 0.02521147561744906, ""C13"": 0.02521147561744906, ""C14"": 0.02521147561744906, ""C15"": 0.02521147561744906, ""C16"": 0.02521147561744906, ""C17"": 0.02521147561744906, ""C18"": 0.02521147561744906, ""C19"": 0.02521147561744906, ""C20"": 0.02521147561744906, ""C21"": 0.02521147561744906, ""C22"": 0.02521147561744906, ""C23"": 0.02521147561744906, ""C24"": 0.02521147561744906, ""C25"": 0.02521147561744906}"
22,22,1,996,7.707273,25,"{""C01"": 1.61069, ""C02"": 1.79951, ""C03"": 1.71173, ""C04"": 1.703388, ""C05"": 1.433829, ""C06"": 1.837145, ""C07"": 1.667459, ""C08"": 1.612528, ""C09"": 1.661838, ""C10"": 1.523844, ""C11"": 1.503199, ""C12"": 1.75201, ""C13"": 1.685889, ""C14"": 1.615604, ""C15"": 1.818342, ""C16"": 1.496003, ""C17"": 1.698054, ""C18"": 1.699168, ""C19"": 1.803854, ""C20"": 1.535031, ""C21"": 1.775502, ""C22"": 1.635782, ""C23"": 1.759584, ""C24"": 1.594091, ""C25"": 1.667575}","{""C01"": 0, ""C02"": 0, ""C03"": 0, ""C04"": 0, ""C05"": 0, ""C06"": 1697, ""C07"": 0, ""C08"": 0, ""C09"": 0, ""C10"": 0, ""C11"": 0, ""C12"": 0, ""C13"": 0, ""C14"": 0, ""C15"": 0, ""C16"": 0, ""C17"": 0, ""C18"": 0, ""C19"": 0, ""C20"": 0, ""C21"": 0, ""C22"": 0, ""C23"": 0, ""C24"": 0, ""C25"": 0}","{""C01"": 0.025203700887765343, ""C02"": 0.025203700887765343, ""C03"": 0.025203700887765343, ""C04"": 0.025203700887765343, ""C05"": 0.025203700887765343, ""C06"": 0.02422096001728492, ""C07"": 0.025203700887765343, ""C08"": 0.025203700887765343, ""C09"": 0.025203700887765343, ""C10"": 0.025203700887765343, ""C11"": 0.025203700887765343, ""C12"": 0.025203700887765343, ""C13"": 0.025203700887765343, ""C14"": 0.025203700887765343, ""C15"": 0.025203700887765343, ""C16"": 0.025203700887765343, ""C17"": 0.025203700887765343, ""C18"": 0.025203700887765343, ""C19"": 0.025203700887765343, ""C20"": 0.025203700887765343, ""C21"": 0.025203700887765343, ""C22"": 0.025203700887765343, ""C23"": 0.025203700887765343, ""C24"": 0.025203700887765343, ""C25"": 0.025203700887765343}"
23,23,1,644,4.911726,25,"{""C01"": 1.552211, ""C02"": 1.745057, ""C03"": 1.727413, ""C04"": 1.69706, ""C05"": 1.427224, ""C06"": 1.849884, ""C07"": 1.673824, ""C08"": 1.649326, ""C09"": 1.64163, ""C10"": 1.516861, ""C11"": 1.471719, ""C12"": 1.752124, ""C13"": 1.678186, ""C14"": 1.652177, ""C15"": 1.80562, ""C16"": 1.536937, ""C17"": 1.701455, ""C18"": 1.687994, ""C19"": 1.80972, ""C20"": 1.491067, ""C21"": 1.741054, ""C22"": 1.696403, ""C23"": 1.744991, ""C24"": 1.571874, ""C25"": 1.654418}","{""C01"": 0, ""C02"": 0, ""C03"": 0, ""C04"": 0, ""C05"": 0, ""C06"": 1693, ""C07"": 0, ""C08"": 0, ""C09"": 0, ""C10"": 0, ""C11"": 0, ""C12"": 0, ""C13"": 0, ""C14"": 0, ""C15"": 0, ""C16"": 0, ""C17"": 0, ""C18"": 0, ""C19"": 0, ""C20"": 0, ""C21"": 0, ""C22"": 0, ""C23"": 0, ""C24"": 0, ""C25"": 0}","{""C01"": 0.025208204889160313, ""C02"": 0.025208204889160313, ""C03"": 0.025208204889160313, ""C04"": 0.025208204889160313, ""C05"": 0.025208204889160313, ""C06"": 0.024227781903567558, ""C07"": 0.025208204889160313, ""C08"": 0.025208204889160313, ""C09"": 0.025208204889160313, ""C10"": 0.025208204889160313, ""C11"": 0.025208204889160313, ""C12"": 0.025208204889160313, ""C13"": 0.025208204889160313, ""C14"": 0.025208204889160313, ""C15"": 0.025208204889160313, ""C16"": 0.025208204889160313, ""C17"": 0.025208204889160313, ""C18"": 0.025208204889160313, ""C19"": 0.025208204889160313, ""C20"": 0.025208204889160313, ""C21"": 0.025208204889160313, ""C22"": 0.025208204889160313, ""C23"": 0.025208204889160313, ""C24"": 0.025208204889160313, ""C25"": 0.025208204889160313}"
24,24,1,361,2.795773,25,"{""C01"": 1.570495, ""C02"": 1.791601, ""C03"": 1.703551, ""C04"": 1.70336, ""C05"": 1.427623, ""C06"": 1.883079, ""C07"": 1.696663, ""C08"": 1.672397, ""C09"": 1.651263, ""C10"": 1.562235, ""C11"": 1.474818, ""C12"": 1.755464, ""C13"": 1.668948, ""C14"": 1.620229, ""C15"": 1.793865, ""C16"": 1.504685, ""C17"": 1.705991, ""C18"": 1.707191, ""C19"": 1.799039, ""C20"": 1.513862, ""C21"": 1.742612, ""C22"": 1.640927, ""C23"": 1.750889, ""C24"": 1.61584, ""C25"": 1.672537}","{""C01"": 0, ""C02"": 0, ""C03"": 0, ""C04"": 0, ""C05"": 0, ""C06"": 1684, ""C07"": 0, ""C08"": 0, ""C09"": 0, ""C10"": 0, ""C11"": 0, ""C12"": 0, ""C13"": 0, ""C14"": 0, ""C15"": 0, ""C16"": 0, ""C17"": 0, ""C18"": 0, ""C19"": 0, ""C20"": 0, ""C21"": 0, ""C22"": 0, ""C23"": 0, ""C24"": 0, ""C25"": 0}","{""C01"": 0.02522048536267074, ""C02"": 0.02522048536267074, ""C03"": 0.02522048536267074, ""C04"": 0.02522048536267074, ""C05"": 0.02522048536267074, ""C06"": 0.024245272404459943, ""C07"": 0.02522048536267074, ""C08"": 0.02522048536267074, ""C09"": 0.02522048536267074, ""C10"": 0.02522048536267074, ""C11"": 0.02522048536267074, ""C12"": 0.02522048536267074, ""C13"": 0.02522048536267074, ""C14"": 0.02522048536267074, ""C15"": 0.02522048536267074, ""C16"": 0.02522048536267074, ""C17"": 0.02522048536267074, ""C18"": 0.02522048536267074, ""C19"": 0.02522048536267074, ""C20"": 0.02522048536267074, ""C21"": 0.02522048536267074, ""C22"": 0.02522048536267074, ""C23"": 0.02522048536267074, ""C24"": 0.02522048536267074, ""C25"": 0.02522048536267074}"
25,25,1,432,3.313694,25,"{""C01"": 1.587054, ""C02"": 1.776005, ""C03"": 1.719474, ""C04"": 1.701087, ""C05"": 1.430701, ""C06"": 1.870881, ""C07"": 1.716827, ""C08"": 1.681214, ""C09"": 1.693285, ""C10"": 1.531197, ""C11"": 1.467243, ""C12"": 1.730268, ""C13"": 1.680237, ""C14"": 1.602744, ""C15"": 1.775732, ""C16"": 1.524979, ""C17"": 1.709522, ""C18"": 1.712294, ""C19"": 1.800578, ""C20"": 1.512975, ""C21"": 1.740166, ""C22"": 1.652104, ""C23"": 1.777497, ""C24"": 1.629706, ""C25"": 1.659723}","{""C01"": 0, ""C02"": 0, ""C03"": 0, ""C04"": 0, ""C05"": 0, ""C06"": 1687, ""C07"": 0, ""C08"": 0, ""C09"": 0, ""C10"": 0, ""C11"": 0, ""C12"": 0, ""C13"": 0, ""C14"": 0, ""C15"": 0, ""C16"": 0, ""C17"": 0, ""C18"": 0, ""C19"": 0, ""C20"": 0, ""C21"": 0, ""C22"": 0, ""C23"": 0, ""C24"": 0, ""C25"": 0}","{""C01"": 0.025215840875586773, ""C02"": 0.025215840875586773, ""C03"": 0.025215840875586773, ""C04"": 0.025215840875586773, ""C05"": 0.025215840875586773, ""C06"": 0.02423889258573081, ""C07"": 0.025215840875586773, ""C08"": 0.025215840875586773, ""C09"": 0.025215840875586773, ""C10"": 0.025215840875586773, ""C11"": 0.025215840875586773, ""C12"": 0.025215840875586773, ""C13"": 0.025215840875586773, ""C14"": 0.025215840875586773, ""C15"": 0.025215840875586773, ""C16"": 0.025215840875586773, ""C17"": 0.025215840875586773, ""C18"": 0.025215840875586773, ""C19"": 0.025215840875586773, ""C20"": 0.025215840875586773, ""C21"": 0.025215840875586773, ""C22"": 0.025215840875586773, ""C23"": 0.025215840875586773, ""C24"": 0.025215840875586773, ""C25"": 0.025215840875586773}"
26,26,1,585,4.620835,25,"{""C01"": 1.581702, ""C02"": 1.798475, ""C03"": 1.68439, ""C04"": 1.714456, ""C05"": 1.444655, ""C06"": 1.884369, ""C07"": 1.663377, ""C08"": 1.672112, ""C09"": 1.673263, ""C10"": 1.558881, ""C11"": 1.503184, ""C12"": 1.739709, ""C13"": 1.682091, ""C14"": 1.650075, ""C15"": 1.825834, ""C16"": 1.525443, ""C17"": 1.67141, ""C18"": 1.705521, ""C19"": 1.835432, ""C20"": 1.48975, ""C21"": 1.721811, ""C22"": 1.679146, ""C23"": 1.758363, ""C24"": 1.633626, ""C25"": 1.702503}","{""C01"": 0, ""C02"": 0, ""C03"": 0, ""C04"": 0, ""C05"": 0, ""C06"": 1684, ""C07"": 0, ""C08"": 0, ""C09"": 0, ""C10"": 0, ""C11"": 0, ""C12"": 0, ""C13"": 0, ""C14"": 0, ""C15"": 0, ""C16"": 0, ""C17"": 0, ""C18"": 0, ""C19"": 0, ""C20"": 0, ""C21"": 0, ""C22"": 0, ""C23"": 0, ""C24"": 0, ""C25"": 0}","{""C01"": 0.02522115854851885, ""C02"": 0.02522115854851885, ""C03"": 0.02522115854851885, ""C04"": 0.02522115854851885, ""C05"": 0.02522115854851885, ""C06"": 0.024245943950104785, ""C07"": 0.02522115854851885, ""C08"": 0.02522115854851885, ""C09"": 0.02522115854851885, ""C10"": 0.02522115854851885, ""C11"": 0.02522115854851885, ""C12"": 0.02522115854851885, ""C13"": 0.02522115854851885, ""C14"": 0.02522115854851885, ""C15"": 0.02522115854851885, ""C16"": 0.02522115854851885, ""C17"": 0.02522115854851885, ""C18"": 0.02522115854851885, ""C19"": 0.02522115854851885, ""C20"": 0.02522115854851885, ""C21"": 0.02522115854851885, ""C22"": 0.02522115854851885, ""C23"": 0.02522115854851885, ""C24"": 0.02522115854851885, ""C25"": 0.02522115854851885}"
27,27,1,925,7.146535,25,"{""C01"": 1.613653, ""C02"": 1.820866, ""C03"": 1.710317, ""C04"": 1.740968, ""C05"": 1.442304, ""C06"": 1.870105, ""C07"": 1.718963, ""C08"": 1.644192, ""C09"": 1.688222, ""C10"": 1.518724, ""C11"": 1.510564, ""C12"": 1.760317, ""C13"": 1.678395, ""C14"": 1.665712, ""C15"": 1.783436, ""C16"": 1.534824, ""C17"": 1.703994, ""C18"": 1.749731, ""C19"": 1.848163, ""C20"": 1.512333, ""C21"": 1.760219, ""C22"": 1.688921, ""C23"": 1.768534, ""C24"": 1.609717, ""C25"": 1.650314}","{""C01"": 0, ""C02"": 0, ""C03"": 0, ""C04"": 0, ""C05"": 0, ""C06"": 1688, ""C07"": 0, ""C08"": 0, ""C09"": 0, ""C10"": 0, ""C11"": 0, ""C12"": 0, ""C13"": 0, ""C14"": 0, ""C15"": 0, ""C16"": 0, ""C17"": 0, ""C18"": 0, ""C19"": 0, ""C20"": 0, ""C21"": 0, ""C22"": 0, ""C23"": 0, ""C24"": 0, ""C25"": 0}","{""C01"": 0.025216015984483905, ""C02"": 0.025216015984483905, ""C03"": 0.025216015984483905, ""C04"": 0.025216015984483905, ""C05"": 0.025216015984483905, ""C06"": 0.024238485060922757, ""C07"": 0.025216015984483905, ""C08"": 0.025216015984483905, ""C09"": 0.025216015984483905, ""C10"": 0.025216015984483905, ""C11"": 0.025216015984483905, ""C12"": 0.025216015984483905, ""C13"": 0.025216015984483905, ""C14"": 0.025216015984483905, ""C15"": 0.025216015984483905, ""C16"": 0.025216015984483905, ""C17"": 0.025216015984483905, ""C18"": 0.025216015984483905, ""C19"": 0.025216015984483905, ""C20"": 0.025216015984483905, ""C21"": 0.025216015984483905, ""C22"": 0.025216015984483905, ""C23"": 0.025216015984483905, ""C24"": 0.025216015984483905, ""C25"": 0.025216015984483905}"
28,28,1,350,2.779551,25,"{""C01"": 1.613871, ""C02"": 1.811061, ""C03"": 1.738213, ""C04"": 1.70872, ""C05"": 1.465933, ""C06"": 1.915122, ""C07"": 1.693172, ""C08"": 1.665625, ""C09"": 1.709513, ""C10"": 1.556468, ""C11"": 1.511752, ""C12"": 1.784776, ""C13"": 1.689431, ""C14"": 1.653639, ""C15"": 1.824489, ""C16"": 1.536587, ""C17"": 1.733528, ""C18"": 1.711672, ""C19"": 1.820823, ""C20"": 1.515419, ""C21"": 1.765977, ""C22"": 1.68078, ""C23"": 1.773358, ""C24"": 1.618207, ""C25"": 1.681596}","{""C01"": 0, ""C02"": 0, ""C03"": 0, ""C04"": 0, ""C05"": 0, ""C06"": 1675, ""C07"": 0, ""C08"": 0, ""C09"": 0, ""C10"": 0, ""C11"": 0, ""C12"": 0, ""C13"": 0, ""C14"": 0, ""C15"": 0, ""C16"": 0, ""C17"": 0, ""C18"": 0, ""C19"": 0, ""C20"": 0, ""C21"": 0, ""C22"": 0, ""C23"": 0, ""C24"": 0, ""C25"": 0}","{""C01"": 0.025231776223794133, ""C02"": 0.025231776223794133, ""C03"": 0.025231776223794133, ""C04"": 0.025231776223794133, ""C05"": 0.025231776223794133, ""C06"": 0.024261775679061234, ""C07"": 0.025231776223794133, ""C08"": 0.025231776223794133, ""C09"": 0.025231776223794133, ""C10"": 0.025231776223794133, ""C11"": 0.025231776223794133, ""C12"": 0.025231776223794133, ""C13"": 0.025231776223794133, ""C14"": 0.025231776223794133, ""C15"": 0.025231776223794133, ""C16"": 0.025231776223794133, ""C17"": 0.025231776223794133, ""C18"": 0.025231776223794133, ""C19"": 0.025231776223794133, ""C20"": 0.025231776223794133, ""C21"": 0.025231776223794133, ""C22"": 0.025231776223794133, ""C23"": 0.025231776223794133, ""C24"": 0.025231776223794133, ""C25"": 0.025231776223794133}"
29,29,1,652,4.975284,25,"{""C01"": 1.626271, ""C02"": 1.779854, ""C03"": 1.728571, ""C04"": 1.724724, ""C05"": 1.459354, ""C06"": 1.916376, ""C07"": 1.700218, ""C08"": 1.644542, ""C09"": 1.735315, ""C10"": 1.524099, ""C11"": 1.52106, ""C12"": 1.80238, ""C13"": 1.735081, ""C14"": 1.67031, ""C15"": 1.878699, ""C16"": 1.551537, ""C17"": 1.705874, ""C18"": 1.747076, ""C19"": 1.86891, ""C20"": 1.56064, ""C21"": 1.773084, ""C22"": 1.724166, ""C23"": 1.753284, ""C24"": 1.654734, ""C25"": 1.663721}","{""C01"": 0, ""C02"": 0, ""C03"": 0, ""C04"": 0, ""C05"": 0, ""C06"": 1675, ""C07"": 0, ""C08"": 0, ""C09"": 0, ""C10"": 0, ""C11"": 0, ""C12"": 0, ""C13"": 0, ""C14"": 0, ""C15"": 0, ""C16"": 0, ""C17"": 0, ""C18"": 0, ""C19"": 0, ""C20"": 0, ""C21"": 0, ""C22"": 0, ""C23"": 0, ""C24"": 0, ""C25"": 0}","{""C01"": 0.02523241630565394, ""C02"": 0.02523241630565394, ""C03"": 0.02523241630565394, ""C04"": 0.02523241630565394, ""C05"": 0.02523241630565394, ""C06"": 0.024262414192191894, ""C07"": 0.02523241630565394, ""C08"": 0.02523241630565394, ""C09"": 0.02523241630565394, ""C10"": 0.02523241630565394, ""C11"": 0.02523241630565394, ""C12"": 0.02523241630565394, ""C13"": 0.02523241630565394, ""C14"": 0.02523241630565394, ""C15"": 0.02523241630565394, ""C16"": 0.02523241630565394, ""C17"": 0.02523241630565394, ""C18"": 0.02523241630565394, ""C19"": 0.02523241630565394, ""C20"": 0.02523241630565394, ""C21"": 0.02523241630565394, ""C22"": 0.02523241630565394, ""C23"": 0.02523241630565394, ""C24"": 0.02523241630565394, ""C25"": 0.02523241630565394}"
30,30,1,873,6.680784,25,"{""C01"": 1.589825, ""C02"": 1.857115, ""C03"": 1.751755, ""C04"": 1.720697, ""C05"": 1.460144, ""C06"": 1.914366, ""C07"": 1.69805, ""C08"": 1.702737, ""C09"": 1.715078, ""C10"": 1.571989, ""C11"": 1.503424, ""C12"": 1.798248, ""C13"": 1.685058, ""C14"": 1.681772, ""C15"": 1.854357, ""C16"": 1.567737, ""C17"": 1.723824, ""C18"": 1.735853, ""C19"": 1.882687, ""C20"": 1.524503, ""C21"": 1.76128, ""C22"": 1.691396, ""C23"": 1.803271, ""C24"": 1.665754, ""C25"": 1.702043}","{""C01"": 0, ""C02"": 0, ""C03"": 0, ""C04"": 0, ""C05"": 0, ""C06"": 1675, ""C07"": 0, ""C08"": 0, ""C09"": 0, ""C10"": 0, ""C11"": 0, ""C12"": 0, ""C13"": 0, ""C14"": 0, ""C15"": 0, ""C16"": 0, ""C17"": 0, ""C18"": 0, ""C19"": 0, ""C20"": 0, ""C21"": 0, ""C22"": 0, ""C23"": 0, ""C24"": 0, ""C25"": 0}","{""C01"": 0.025231390041827187, ""C02"": 0.025231390041827187, ""C03"": 0.025231390041827187, ""C04"": 0.025231390041827187, ""C05"": 0.025231390041827187, ""C06"": 0.024261390443536045, ""C07"": 0.025231390041827187, ""C08"": 0.025231390041827187, ""C09"": 0.025231390041827187, ""C10"": 0.025231390041827187, ""C11"": 0.025231390041827187, ""C12"": 0.025231390041827187, ""C13"": 0.025231390041827187, ""C14"": 0.025231390041827187, ""C15"": 0.025231390041827187, ""C16"": 0.025231390041827187, ""C17"": 0.025231390041827187, ""C18"": 0.025231390041827187, ""C19"": 0.025231390041827187, ""C20"": 0.025231390041827187, ""C21"": 0.025231390041827187, ""C22"": 0.025231390041827187, ""C23"": 0.025231390041827187, ""C24"": 0.025231390041827187, ""C25"": 0.025231390041827187}"
31,31,1,889,6.887236,25,"{""C01"": 1.671515, ""C02"": 1.846147, ""C03"": 1.741667, ""C04"": 1.748608, ""C05"": 1.462943, ""C06"": 1.92518, ""C07"": 1.780027, ""C08"": 1.691477, ""C09"": 1.715558, ""C10"": 1.58119, ""C11"": 1.516768, ""C12"": 1.844673, ""C13"": 1.710305, ""C14"": 1.687566, ""C15"": 1.851568, ""C16"": 1.572221, ""C17"": 1.745714, ""C18"": 1.743576, ""C19"": 1.893689, ""C20"": 1.524783, ""C21"": 1.768772, ""C22"": 1.673959, ""C23"": 1.824227, ""C24"": 1.670203, ""C25"": 1.699683}","{""C01"": 0, ""C02"": 0, ""C03"": 0, ""C04"": 0, ""C05"": 0, ""C06"": 1672, ""C07"": 0, ""C08"": 0, ""C09"": 0, ""C10"": 0, ""C11"": 0, ""C12"": 0, ""C13"": 0, ""C14"": 0, ""C15"": 0, ""C16"": 0, ""C17"": 0, ""C18"": 0, ""C19"": 0, ""C20"": 0, ""C21"": 0, ""C22"": 0, ""C23"": 0, ""C24"": 0, ""C25"": 0}","{""C01"": 0.02523514327914271, ""C02"": 0.02523514327914271, ""C03"": 0.02523514327914271, ""C04"": 0.02523514327914271, ""C05"": 0.02523514327914271, ""C06"": 0.02426688117690926, ""C07"": 0.02523514327914271, ""C08"": 0.02523514327914271, ""C09"": 0.02523514327914271, ""C10"": 0.02523514327914271, ""C11"": 0.02523514327914271, ""C12"": 0.02523514327914271, ""C13"": 0.02523514327914271, ""C14"": 0.02523514327914271, ""C15"": 0.02523514327914271, ""C16"": 0.02523514327914271, ""C17"": 0.02523514327914271, ""C18"": 0.02523514327914271, ""C19"": 0.02523514327914271, ""C20"": 0.02523514327914271, ""C21"": 0.02523514327914271, ""C22"": 0.02523514327914271, ""C23"": 0.02523514327914271, ""C24"": 0.02523514327914271, ""C25"": 0.02523514327914271}"
32,32,1,419,3.185406,25,"{""C01"": 1.624468, ""C02"": 1.883385, ""C03"": 1.731536, ""C04"": 1.749526, ""C05"": 1.477758, ""C06"": 1.963359, ""C07"": 1.741787, ""C08"": 1.732128, ""C09"": 1.719939, ""C10"": 1.570003, ""C11"": 1.514287, ""C12"": 1.85626, ""C13"": 1.752999, ""C14"": 1.685509, ""C15"": 1.883181, ""C16"": 1.583467, ""C17"": 1.773016, ""C18"": 1.816492, ""C19"": 1.881538, ""C20"": 1.549283, ""C21"": 1.798944, ""C22"": 1.735234, ""C23"": 1.7893, ""C24"": 1.651111, ""C25"": 1.754941}","{""C01"": 0, ""C02"": 0, ""C03"": 0, ""C04"": 0, ""C05"": 0, ""C06"": 1662, ""C07"": 0, ""C08"": 0, ""C09"": 0, ""C10"": 0, ""C11"": 0, ""C12"": 0, ""C13"": 0, ""C14"": 0, ""C15"": 0, ""C16"": 0, ""C17"": 0, ""C18"": 0, ""C19"": 0, ""C20"": 0, ""C21"": 0, ""C22"": 0, ""C23"": 0, ""C24"": 0, ""C25"": 0}","{""C01"": 0.02524841927675034, ""C02"": 0.02524841927675034, ""C03"": 0.02524841927675034, ""C04"": 0.02524841927675034, ""C05"": 0.02524841927675034, ""C06"": 0.024285946928409165, ""C07"": 0.02524841927675034, ""C08"": 0.02524841927675034, ""C09"": 0.02524841927675034, ""C10"": 0.02524841927675034, ""C11"": 0.02524841927675034, ""C12"": 0.02524841927675034, ""C13"": 0.02524841927675034, ""C14"": 0.02524841927675034, ""C15"": 0.02524841927675034, ""C16"": 0.02524841927675034, ""C17"": 0.02524841927675034, ""C18"": 0.02524841927675034, ""C19"": 0.02524841927675034, ""C20"": 0.02524841927675034, ""C21"": 0.02524841927675034, ""C22"": 0.02524841927675034, ""C23"": 0.02524841927675034, ""C24"": 0.02524841927675034, ""C25"": 0.02524841927675034}"
33,33,1,790,6.103784,25,"{""C01"": 1.678566, ""C02"": 1.876089, ""C03"": 1.790866, ""C04"": 1.731696, ""C05"": 1.51008, ""C06"": 1.947677, ""C07"": 1.753319, ""C08"": 1.750414, ""C09"": 1.723598, ""C10"": 1.545984, ""C11"": 1.541481, ""C12"": 1.845612, ""C13"": 1.725077, ""C14"": 1.693572, ""C15"": 1.846798, ""C16"": 1.564922, ""C17"": 1.77452, ""C18"": 1.7846, ""C19"": 1.902159, ""C20"": 1.56248, ""C21"": 1.780356, ""C22"": 1.709583, ""C23"": 1.819904, ""C24"": 1.675957, ""C25"": 1.718826}","{""C01"": 0, ""C02"": 0, ""C03"": 0, ""C04"": 0, ""C05"": 0, ""C06"": 1666, ""C07"": 0, ""C08"": 0, ""C09"": 0, ""C10"": 0, ""C11"": 0, ""C12"": 0, ""C13"": 0, ""C14"": 0, ""C15"": 0, ""C16"": 0, ""C17"": 0, ""C18"": 0, ""C19"": 0, ""C20"": 0, ""C21"": 0, ""C22"": 0, ""C23"": 0, ""C24"": 0, ""C25"": 0}","{""C01"": 0.025242963020534498, ""C02"": 0.025242963020534498, ""C03"": 0.025242963020534498, ""C04"": 0.025242963020534498, ""C05"": 0.025242963020534498, ""C06"": 0.024278175134729574, ""C07"": 0.025242963020534498, ""C08"": 0.025242963020534498, ""C09"": 0.025242963020534498, ""C10"": 0.025242963020534498, ""C11"": 0.025242963020534498, ""C12"": 0.025242963020534498, ""C13"": 0.025242963020534498, ""C14"": 0.025242963020534498, ""C15"": 0.025242963020534498, ""C16"": 0.025242963020534498, ""C17"": 0.025242963020534498, ""C18"": 0.025242963020534498, ""C19"": 0.025242963020534498, ""C20"": 0.025242963020534498, ""C21"": 0.025242963020534498, ""C22"": 0.025242963020534498, ""C23"": 0.025242963020534498, ""C24"": 0.025242963020534498, ""C25"": 0.025242963020534498}"
34,34,1,847,7.717665,25,"{""C01"": 1.680941, ""C02"": 1.893533, ""C03"": 1.74027, ""C04"": 1.773471, ""C05"": 1.529383, ""C06"": 1.972033, ""C07"": 1.745708, ""C08"": 1.720253, ""C09"": 1.755546, ""C10"": 1.561267, ""C11"": 1.521813, ""C12"": 1.817603, ""C13"": 1.730374, ""C14"": 1.708137, ""C15"": 1.896351, ""C16"": 1.589937, ""C17"": 1.84677, ""C18"": 1.797021, ""C19"": 1.936278, ""C20"": 1.587085, ""C21"": 1.799561, ""C22"": 1.706585, ""C23"": 1.816286, ""C24"": 1.711482, ""C25"": 1.755127}","{""C01"": 0, ""C02"": 0, ""C03"": 0, ""C04"": 0, ""C05"": 0, ""C06"": 1660, ""C07"": 0, ""C08"": 0, ""C09"": 0, ""C10"": 0, ""C11"": 0, ""C12"": 0, ""C13"": 0, ""C14"": 0, ""C15"": 0, ""C16"": 0, ""C17"": 0, ""C18"": 0, ""C19"": 0, ""C20"": 0, ""C21"": 0, ""C22"": 0, ""C23"": 0, ""C24"": 0, ""C25"": 0}","{""C01"": 0.025251526214435008, ""C02"": 0.025251526214435008, ""C03"": 0.025251526214435008, ""C04"": 0.025251526214435008, ""C05"": 0.025251526214435008, ""C06"": 0.024290210694233413, ""C07"": 0.025251526214435008, ""C08"": 0.025251526214435008, ""C09"": 0.025251526214435008, ""C10"": 0.025251526214435008, ""C11"": 0.025251526214435008, ""C12"": 0.025251526214435008, ""C13"": 0.025251526214435008, ""C14"": 0.025251526214435008, ""C15"": 0.025251526214435008, ""C16"": 0.025251526214435008, ""C17"": 0.025251526214435008, ""C18"": 0.025251526214435008, ""C19"": 0.025251526214435008, ""C20"": 0.025251526214435008, ""C21"": 0.025251526214435008, ""C22"": 0.025251526214435008, ""C23"": 0.025251526214435008, ""C24"": 0.025251526214435008, ""C25"": 0.025251526214435008}"
35,35,1,482,3.762808,25,"{""C01"": 1.707131, ""C02"": 1.895307, ""C03"": 1.749248, ""C04"": 1.800744, ""C05"": 1.489743, ""C06"": 1.961541, ""C07"": 1.789025, ""C08"": 1.722585, ""C09"": 1.740104, ""C10"": 1.572274, ""C11"": 1.523394, ""C12"": 1.81789, ""C13"": 1.743342, ""C14"": 1.709995, ""C15"": 1.894454, ""C16"": 1.57108, ""C17"": 1.827552, ""C18"": 1.782953, ""C19"": 1.903866, ""C20"": 1.568509, ""C21"": 1.832085, ""C22"": 1.731607, ""C23"": 1.804467, ""C24"": 1.700643, ""C25"": 1.752804}","{""C01"": 0, ""C02"": 0, ""C03"": 0, ""C04"": 0, ""C05"": 0, ""C06"": 1662, ""C07"": 0, ""C08"": 0, ""C09"": 0, ""C10"": 0, ""C11"": 0, ""C12"": 0, ""C13"": 0, ""C14"": 0, ""C15"": 0, ""C16"": 0, ""C17"": 0, ""C18"": 0, ""C19"": 0, ""C20"": 0, ""C21"": 0, ""C22"": 0, ""C23"": 0, ""C24"": 0, ""C25"": 0}","{""C01"": 0.02524752012953166, ""C02"": 0.02524752012953166, ""C03"": 0.02524752012953166, ""C04"": 0.02524752012953166, ""C05"": 0.02524752012953166, ""C06"": 0.02428505000367818, ""C07"": 0.02524752012953166, ""C08"": 0.02524752012953166, ""C09"": 0.02524752012953166, ""C10"": 0.02524752012953166, ""C11"": 0.02524752012953166, ""C12"": 0.02524752012953166, ""C13"": 0.02524752012953166, ""C14"": 0.02524752012953166, ""C15"": 0.02524752012953166, ""C16"": 0.02524752012953166, ""C17"": 0.02524752012953166, ""C18"": 0.02524752012953166, ""C19"": 0.02524752012953166, ""C20"": 0.02524752012953166, ""C21"": 0.02524752012953166, ""C22"": 0.02524752012953166, ""C23"": 0.02524752012953166, ""C24"": 0.02524752012953166, ""C25"": 0.02524752012953166}"
36,36,1,592,4.517957,25,"{""C01"": 1.700929, ""C02"": 1.878105, ""C03"": 1.767591, ""C04"": 1.76844, ""C05"": 1.510462, ""C06"": 1.95993, ""C07"": 1.787797, ""C08"": 1.756245, ""C09"": 1.788001, ""C10"": 1.596961, ""C11"": 1.560628, ""C12"": 1.880143, ""C13"": 1.750154, ""C14"": 1.745324, ""C15"": 1.89806, ""C16"": 1.638144, ""C17"": 1.814811, ""C18"": 1.806464, ""C19"": 1.909157, ""C20"": 1.596279, ""C21"": 1.839186, ""C22"": 1.753622, ""C23"": 1.83124, ""C24"": 1.678353, ""C25"": 1.754694}","{""C01"": 0, ""C02"": 0, ""C03"": 0, ""C04"": 0, ""C05"": 0, ""C06"": 1663, ""C07"": 0, ""C08"": 0, ""C09"": 0, ""C10"": 0, ""C11"": 0, ""C12"": 0, ""C13"": 0, ""C14"": 0, ""C15"": 0, ""C16"": 0, ""C17"": 0, ""C18"": 0, ""C19"": 0, ""C20"": 0, ""C21"": 0, ""C22"": 0, ""C23"": 0, ""C24"": 0, ""C25"": 0}","{""C01"": 0.0252473064207666, ""C02"": 0.0252473064207666, ""C03"": 0.0252473064207666, ""C04"": 0.0252473064207666, ""C05"": 0.0252473064207666, ""C06"": 0.024284254568271067, ""C07"": 0.0252473064207666, ""C08"": 0.0252473064207666, ""C09"": 0.0252473064207666, ""C10"": 0.0252473064207666, ""C11"": 0.0252473064207666, ""C12"": 0.0252473064207666, ""C13"": 0.0252473064207666, ""C14"": 0.0252473064207666, ""C15"": 0.0252473064207666, ""C16"": 0.0252473064207666, ""C17"": 0.0252473064207666, ""C18"": 0.0252473064207666, ""C19"": 0.0252473064207666, ""C20"": 0.0252473064207666, ""C21"": 0.0252473064207666, ""C22"": 0.0252473064207666, ""C23"": 0.0252473064207666, ""C24"": 0.0252473064207666, ""C25"": 0.0252473064207666}"
37,37,1,902,6.921075,25,"{""C01"": 1.71168, ""C02"": 1.900769, ""C03"": 1.79085, ""C04"": 1.817911, ""C05"": 1.537504, ""C06"": 1.987752, ""C07"": 1.807324, ""C08"": 1.727081, ""C09"": 1.793827, ""C10"": 1.610934, ""C11"": 1.570022, ""C12"": 1.834573, ""C13"": 1.739703, ""C14"": 1.7382, ""C15"": 1.869675, ""C16"": 1.58125, ""C17"": 1.795841, ""C18"": 1.818454, ""C19"": 1.955791, ""C20"": 1.599574, ""C21"": 1.832781, ""C22"": 1.74743, ""C23"": 1.83067, ""C24"": 1.699075, ""C25"": 1.791182}","{""C01"": 0, ""C02"": 0, ""C03"": 0, ""C04"": 0, ""C05"": 0, ""C06"": 1655, ""C07"": 0, ""C08"": 0, ""C09"": 0, ""C10"": 0, ""C11"": 0, ""C12"": 0, ""C13"": 0, ""C14"": 0, ""C15"": 0, ""C16"": 0, ""C17"": 0, ""C18"": 0, ""C19"": 0, ""C20"": 0, ""C21"": 0, ""C22"": 0, ""C23"": 0, ""C24"": 0, ""C25"": 0}","{""C01"": 0.025256290800913073, ""C02"": 0.025256290800913073, ""C03"": 0.025256290800913073, ""C04"": 0.025256290800913073, ""C05"": 0.025256290800913073, ""C06"": 0.024297874788136428, ""C07"": 0.025256290800913073, ""C08"": 0.025256290800913073, ""C09"": 0.025256290800913073, ""C10"": 0.025256290800913073, ""C11"": 0.025256290800913073, ""C12"": 0.025256290800913073, ""C13"": 0.025256290800913073, ""C14"": 0.025256290800913073, ""C15"": 0.025256290800913073, ""C16"": 0.025256290800913073, ""C17"": 0.025256290800913073, ""C18"": 0.025256290800913073, ""C19"": 0.025256290800913073, ""C20"": 0.025256290800913073, ""C21"": 0.025256290800913073, ""C22"": 0.025256290800913073, ""C23"": 0.025256290800913073, ""C24"": 0.025256290800913073, ""C25"": 0.025256290800913073}"
38,38,1,734,6.117895,25,"{""C01"": 1.705001, ""C02"": 1.895972, ""C03"": 1.812209, ""C04"": 1.786263, ""C05"": 1.552153, ""C06"": 1.984426, ""C07"": 1.824611, ""C08"": 1.770459, ""C09"": 1.78856, ""C10"": 1.61732, ""C11"": 1.58389, ""C12"": 1.858923, ""C13"": 1.761156, ""C14"": 1.73115, ""C15"": 1.899076, ""C16"": 1.603174, ""C17"": 1.815307, ""C18"": 1.826606, ""C19"": 1.934137, ""C20"": 1.570884, ""C21"": 1.844506, ""C22"": 1.748818, ""C23"": 1.859323, ""C24"": 1.735422, ""C25"": 1.739625}","{""C01"": 0, ""C02"": 0, ""C03"": 0, ""C04"": 0, ""C05"": 0, ""C06"": 1656, ""C07"": 0, ""C08"": 0, ""C09"": 0, ""C10"": 0, ""C11"": 0, ""C12"": 0, ""C13"": 0, ""C14"": 0, ""C15"": 0, ""C16"": 0, ""C17"": 0, ""C18"": 0, ""C19"": 0, ""C20"": 0, ""C21"": 0, ""C22"": 0, ""C23"": 0, ""C24"": 0, ""C25"": 0}","{""C01"": 0.025255255515464037, ""C02"": 0.025255255515464037, ""C03"": 0.025255255515464037, ""C04"": 0.025255255515464037, ""C05"": 0.025255255515464037, ""C06"": 0.024296259803931578, ""C07"": 0.025255255515464037, ""C08"": 0.025255255515464037, ""C09"": 0.025255255515464037, ""C10"": 0.025255255515464037, ""C11"": 0.025255255515464037, ""C12"": 0.025255255515464037, ""C13"": 0.025255255515464037, ""C14"": 0.025255255515464037, ""C15"": 0.025255255515464037, ""C16"": 0.025255255515464037, ""C17"": 0.025255255515464037, ""C18"": 0.025255255515464037, ""C19"": 0.025255255515464037, ""C20"": 0.025255255515464037, ""C21"": 0.025255255515464037, ""C22"": 0.025255255515464037, ""C23"": 0.025255255515464037, ""C24"": 0.025255255515464037, ""C25"": 0.025255255515464037}"
39,39,1,480,4.680988,25,"{""C01"": 1.738213, ""C02"": 1.900793, ""C03"": 1.78398, ""C04"": 1.782784, ""C05"": 1.500052, ""C06"": 1.969615, ""C07"": 1.802622, ""C08"": 1.745714, ""C09"": 1.785082, ""C10"": 1.620148, ""C11"": 1.555617, ""C12"": 1.850077, ""C13"": 1.787942, ""C14"": 1.736669, ""C15"": 1.914246, ""C16"": 1.595065, ""C17"": 1.837951, ""C18"": 1.816371, ""C19"": 1.899309, ""C20"": 1.608743, ""C21"": 1.842414, ""C22"": 1.738446, ""C23"": 1.848338, ""C24"": 1.743789, ""C25"": 1.744293}","{""C01"": 0, ""C02"": 0, ""C03"": 0, ""C04"": 0, ""C05"": 0, ""C06"": 1660, ""C07"": 0, ""C08"": 0, ""C09"": 0, ""C10"": 0, ""C11"": 0, ""C12"": 0, ""C13"": 0, ""C14"": 0, ""C15"": 0, ""C16"": 0, ""C17"": 0, ""C18"": 0, ""C19"": 0, ""C20"": 0, ""C21"": 0, ""C22"": 0, ""C23"": 0, ""C24"": 0, ""C25"": 0}","{""C01"": 0.025250337065458428, ""C02"": 0.025250337065458428, ""C03"": 0.025250337065458428, ""C04"": 0.025250337065458428, ""C05"": 0.025250337065458428, ""C06"": 0.024289024488501523, ""C07"": 0.025250337065458428, ""C08"": 0.025250337065458428, ""C09"": 0.025250337065458428, ""C10"": 0.025250337065458428, ""C11"": 0.025250337065458428, ""C12"": 0.025250337065458428, ""C13"": 0.025250337065458428, ""C14"": 0.025250337065458428, ""C15"": 0.025250337065458428, ""C16"": 0.025250337065458428, ""C17"": 0.025250337065458428, ""C18"": 0.025250337065458428, ""C19"": 0.025250337065458428, ""C20"": 0.025250337065458428, ""C21"": 0.025250337065458428, ""C22"": 0.025250337065458428, ""C23"": 0.025250337065458428, ""C24"": 0.025250337065458428, ""C25"": 0.025250337065458428}"
40,40,1,471,3.606064,25,"{""C01"": 1.703411, ""C02"": 1.919713, ""C03"": 1.790015, ""C04"": 1.796319, ""C05"": 1.52851, ""C06"": 1.983019, ""C07"": 1.804555, ""C08"": 1.779168, ""C09"": 1.802435, ""C10"": 1.581551, ""C11"": 1.571961, ""C12"": 1.868895, ""C13"": 1.788254, ""C14"": 1.759651, ""C15"": 1.911775, ""C16"": 1.595029, ""C17"": 1.773934, ""C18"": 1.843832, ""C19"": 1.910694, ""C20"": 1.615325, ""C21"": 1.866611, ""C22"": 1.738759, ""C23"": 1.830612, ""C24"": 1.706861, ""C25"": 1.737291}","{""C01"": 0, ""C02"": 0, ""C03"": 0, ""C04"": 0, ""C05"": 0, ""C06"": 1657, ""C07"": 0, ""C08"": 0, ""C09"": 0, ""C10"": 0, ""C11"": 0, ""C12"": 0, ""C13"": 0, ""C14"": 0, ""C15"": 0, ""C16"": 0, ""C17"": 0, ""C18"": 0, ""C19"": 0, ""C20"": 0, ""C21"": 0, ""C22"": 0, ""C23"": 0, ""C24"": 0, ""C25"": 0}","{""C01"": 0.02525515338088849, ""C02"": 0.02525515338088849, ""C03"": 0.02525515338088849, ""C04"": 0.02525515338088849, ""C05"": 0.02525515338088849, ""C06"": 0.02429557565696993, ""C07"": 0.02525515338088849, ""C08"": 0.02525515338088849, ""C09"": 0.02525515338088849, ""C10"": 0.02525515338088849, ""C11"": 0.02525515338088849, ""C12"": 0.02525515338088849, ""C13"": 0.02525515338088849, ""C14"": 0.02525515338088849, ""C15"": 0.02525515338088849, ""C16"": 0.02525515338088849, ""C17"": 0.02525515338088849, ""C18"": 0.02525515338088849, ""C19"": 0.02525515338088849, ""C20"": 0.02525515338088849, ""C21"": 0.02525515338088849, ""C22"": 0.02525515338088849, ""C23"": 0.02525515338088849, ""C24"": 0.02525515338088849, ""C25"": 0.02525515338088849}"
41,41,1,886,6.841879,25,"{""C01"": 1.675569, ""C02"": 1.872226, ""C03"": 1.7977, ""C04"": 1.80512, ""C05"": 1.536266, ""C06"": 1.971659, ""C07"": 1.772554, ""C08"": 1.74027, ""C09"": 1.785599, ""C10"": 1.571072, ""C11"": 1.523016, ""C12"": 1.846876, ""C13"": 1.744462, ""C14"": 1.774979, ""C15"": 1.896286, ""C16"": 1.584123, ""C17"": 1.811654, ""C18"": 1.822284, ""C19"": 1.940826, ""C20"": 1.57174, ""C21"": 1.833415, ""C22"": 1.748022, ""C23"": 1.833192, ""C24"": 1.731584, ""C25"": 1.76935}","{""C01"": 0, ""C02"": 0, ""C03"": 0, ""C04"": 0, ""C05"": 0, ""C06"": 1660, ""C07"": 0, ""C08"": 0, ""C09"": 0, ""C10"": 0, ""C11"": 0, ""C12"": 0, ""C13"": 0, ""C14"": 0, ""C15"": 0, ""C16"": 0, ""C17"": 0, ""C18"": 0, ""C19"": 0, ""C20"": 0, ""C21"": 0, ""C22"": 0, ""C23"": 0, ""C24"": 0, ""C25"": 0}","{""C01"": 0.02525134242389826, ""C02"": 0.02525134242389826, ""C03"": 0.02525134242389826, ""C04"": 0.02525134242389826, ""C05"": 0.02525134242389826, ""C06"": 0.024290027358604527, ""C07"": 0.02525134242389826, ""C08"": 0.02525134242389826, ""C09"": 0.02525134242389826, ""C10"": 0.02525134242389826, ""C11"": 0.02525134242389826, ""C12"": 0.02525134242389826, ""C13"": 0.02525134242389826, ""C14"": 0.02525134242389826, ""C15"": 0.02525134242389826, ""C16"": 0.02525134242389826, ""C17"": 0.02525134242389826, ""C18"": 0.02525134242389826, ""C19"": 0.02525134242389826, ""C20"": 0.02525134242389826, ""C21"": 0.02525134242389826, ""C22"": 0.02525134242389826, ""C23"": 0.02525134242389826, ""C24"": 0.02525134242389826, ""C25"": 0.02525134242389826}"
42,42,1,735,5.640236,25,"{""C01"": 1.717166, ""C02"": 1.911664, ""C03"": 1.783164, ""C04"": 1.795546, ""C05"": 1.485314, ""C06"": 1.953968, ""C07"": 1.771118, ""C08"": 1.778148, ""C09"": 1.784772, ""C10"": 1.570438, ""C11"": 1.556679, ""C12"": 1.878467, ""C13"": 1.768755, ""C14"": 1.761511, ""C15"": 1.904168, ""C16"": 1.594907, ""C17"": 1.7892, ""C18"": 1.788238, ""C19"": 1.897145, ""C20"": 1.58565, ""C21"": 1.855354, ""C22"": 1.741674, ""C23"": 1.852201, ""C24"": 1.741696, ""C25"": 1.758778}","{""C01"": 0, ""C02"": 0, ""C03"": 0, ""C04"": 0, ""C05"": 0, ""C06"": 1664, ""C07"": 0, ""C08"": 0, ""C09"": 0, ""C10"": 0, ""C11"": 0, ""C12"": 0, ""C13"": 0, ""C14"": 0, ""C15"": 0, ""C16"": 0, ""C17"": 0, ""C18"": 0, ""C19"": 0, ""C20"": 0, ""C21"": 0, ""C22"": 0, ""C23"": 0, ""C24"": 0, ""C25"": 0}","{""C01"": 0.025244930829747034, ""C02"": 0.025244930829747034, ""C03"": 0.025244930829747034, ""C04"": 0.025244930829747034, ""C05"": 0.025244930829747034, ""C06"": 0.024281302590517927, ""C07"": 0.025244930829747034, ""C08"": 0.025244930829747034, ""C09"": 0.025244930829747034, ""C10"": 0.025244930829747034, ""C11"": 0.025244930829747034, ""C12"": 0.025244930829747034, ""C13"": 0.025244930829747034, ""C14"": 0.025244930829747034, ""C15"": 0.025244930829747034, ""C16"": 0.025244930829747034, ""C17"": 0.025244930829747034, ""C18"": 0.025244930829747034, ""C19"": 0.025244930829747034, ""C20"": 0.025244930829747034, ""C21"": 0.025244930829747034, ""C22"": 0.025244930829747034, ""C23"": 0.025244930829747034, ""C24"": 0.025244930829747034, ""C25"": 0.025244930829747034}"
43,43,1,525,4.411073,25,"{""C01"": 1.671734, ""C02"": 1.888934, ""C03"": 1.785837, ""C04"": 1.773429, ""C05"": 1.506113, ""C06"": 1.957878, ""C07"": 1.805415, ""C08"": 1.763888, ""C09"": 1.782231, ""C10"": 1.582483, ""C11"": 1.583754, ""C12"": 1.880473, ""C13"": 1.791776, ""C14"": 1.722502, ""C15"": 1.901495, ""C16"": 1.573962, ""C17"": 1.77197, ""C18"": 1.8115, ""C19"": 1.876686, ""C20"": 1.580313, ""C21"": 1.827387, ""C22"": 1.698275, ""C23"": 1.83668, ""C24"": 1.717514, ""C25"": 1.740774}","{""C01"": 0, ""C02"": 0, ""C03"": 0, ""C04"": 0, ""C05"": 0, ""C06"": 1663, ""C07"": 0, ""C08"": 0, ""C09"": 0, ""C10"": 0, ""C11"": 0, ""C12"": 0, ""C13"": 0, ""C14"": 0, ""C15"": 0, ""C16"": 0, ""C17"": 0, ""C18"": 0, ""C19"": 0, ""C20"": 0, ""C21"": 0, ""C22"": 0, ""C23"": 0, ""C24"": 0, ""C25"": 0}","{""C01"": 0.02524628914210504, ""C02"": 0.02524628914210504, ""C03"": 0.02524628914210504, ""C04"": 0.02524628914210504, ""C05"": 0.02524628914210504, ""C06"": 0.024283239802446323, ""C07"": 0.02524628914210504, ""C08"": 0.02524628914210504, ""C09"": 0.02524628914210504, ""C10"": 0.02524628914210504, ""C11"": 0.02524628914210504, ""C12"": 0.02524628914210504, ""C13"": 0.02524628914210504, ""C14"": 0.02524628914210504, ""C15"": 0.02524628914210504, ""C16"": 0.02524628914210504, ""C17"": 0.02524628914210504, ""C18"": 0.02524628914210504, ""C19"": 0.02524628914210504, ""C20"": 0.02524628914210504, ""C21"": 0.02524628914210504, ""C22"": 0.02524628914210504, ""C23"": 0.02524628914210504, ""C24"": 0.02524628914210504, ""C25"": 0.02524628914210504}"
44,44,1,463,4.997856,25,"{""C01"": 1.71894, ""C02"": 1.900956, ""C03"": 1.780886, ""C04"": 1.7826, ""C05"": 1.499679, ""C06"": 1.991172, ""C07"": 1.783993, ""C08"": 1.759301, ""C09"": 1.78319, ""C10"": 1.564091, ""C11"": 1.534068, ""C12"": 1.870181, ""C13"": 1.750496, ""C14"": 1.752537, ""C15"": 1.854302, ""C16"": 1.57188, ""C17"": 1.809056, ""C18"": 1.815799, ""C19"": 1.924015, ""C20"": 1.58215, ""C21"": 1.808481, ""C22"": 1.74594, ""C23"": 1.836818, ""C24"": 1.700742, ""C25"": 1.70415}","{""C01"": 0, ""C02"": 0, ""C03"": 0, ""C04"": 0, ""C05"": 0, ""C06"": 1654, ""C07"": 0, ""C08"": 0, ""C09"": 0, ""C10"": 0, ""C11"": 0, ""C12"": 0, ""C13"": 0, ""C14"": 0, ""C15"": 0, ""C16"": 0, ""C17"": 0, ""C18"": 0, ""C19"": 0, ""C20"": 0, ""C21"": 0, ""C22"": 0, ""C23"": 0, ""C24"": 0, ""C25"": 0}","{""C01"": 0.025257368138401626, ""C02"": 0.025257368138401626, ""C03"": 0.025257368138401626, ""C04"": 0.025257368138401626, ""C05"": 0.025257368138401626, ""C06"": 0.0242995317204643, ""C07"": 0.025257368138401626, ""C08"": 0.025257368138401626, ""C09"": 0.025257368138401626, ""C10"": 0.025257368138401626, ""C11"": 0.025257368138401626, ""C12"": 0.025257368138401626, ""C13"": 0.025257368138401626, ""C14"": 0.025257368138401626, ""C15"": 0.025257368138401626, ""C16"": 0.025257368138401626, ""C17"": 0.025257368138401626, ""C18"": 0.025257368138401626, ""C19"": 0.025257368138401626, ""C20"": 0.025257368138401626, ""C21"": 0.025257368138401626, ""C22"": 0.025257368138401626, ""C23"": 0.025257368138401626, ""C24"": 0.025257368138401626, ""C25"": 0.025257368138401626}"
45,45,1,404,4.478127,25,"{""C01"": 1.694716, ""C02"": 1.872153, ""C03"": 1.790962, ""C04"": 1.786554, ""C05"": 1.511657, ""C06"": 1.960646, ""C07"": 1.768724, ""C08"": 1.704671, ""C09"": 1.743322, ""C10"": 1.530375, ""C11"": 1.574203, ""C12"": 1.8543, ""C13"": 1.73683, ""C14"": 1.755343, ""C15"": 1.876432, ""C16"": 1.576305, ""C17"": 1.791718, ""C18"": 1.775259, ""C19"": 1.88073, ""C20"": 1.563528, ""C21"": 1.83188, ""C22"": 1.728551, ""C23"": 1.812136, ""C24"": 1.724381, ""C25"": 1.717504}","{""C01"": 0, ""C02"": 0, ""C03"": 0, ""C04"": 0, ""C05"": 0, ""C06"": 1663, ""C07"": 0, ""C08"": 0, ""C09"": 0, ""C10"": 0, ""C11"": 0, ""C12"": 0, ""C13"": 0, ""C14"": 0, ""C15"": 0, ""C16"": 0, ""C17"": 0, ""C18"": 0, ""C19"": 0, ""C20"": 0, ""C21"": 0, ""C22"": 0, ""C23"": 0, ""C24"": 0, ""C25"": 0}","{""C01"": 0.025247661012227543, ""C02"": 0.025247661012227543, ""C03"": 0.025247661012227543, ""C04"": 0.025247661012227543, ""C05"": 0.025247661012227543, ""C06"": 0.024284608283807678, ""C07"": 0.025247661012227543, ""C08"": 0.025247661012227543, ""C09"": 0.025247661012227543, ""C10"": 0.025247661012227543, ""C11"": 0.025247661012227543, ""C12"": 0.025247661012227543, ""C13"": 0.025247661012227543, ""C14"": 0.025247661012227543, ""C15"": 0.025247661012227543, ""C16"": 0.025247661012227543, ""C17"": 0.025247661012227543, ""C18"": 0.025247661012227543, ""C19"": 0.025247661012227543, ""C20"": 0.025247661012227543, ""C21"": 0.025247661012227543, ""C22"": 0.025247661012227543, ""C23"": 0.025247661012227543, ""C24"": 0.025247661012227543, ""C25"": 0.025247661012227543}"
46,46,1,803,6.215652,25,"{""C01"": 1.680527, ""C02"": 1.88009, ""C03"": 1.762162, ""C04"": 1.768525, ""C05"": 1.514477, ""C06"": 1.953861, ""C07"": 1.775607, ""C08"": 1.733517, ""C09"": 1.786542, ""C10"": 1.551538, ""C11"": 1.580104, ""C12"": 1.845071, ""C13"": 1.756758, ""C14"": 1.695899, ""C15"": 1.877748, ""C16"": 1.576741, ""C17"": 1.799281, ""C18"": 1.796438, ""C19"": 1.913481, ""C20"": 1.56436, ""C21"": 1.818891, ""C22"": 1.728318, ""C23"": 1.802864, ""C24"": 1.684632, ""C25"": 1.728652}","{""C01"": 0, ""C02"": 0, ""C03"": 0, ""C04"": 0, ""C05"": 0, ""C06"": 1664, ""C07"": 0, ""C08"": 0, ""C09"": 0, ""C10"": 0, ""C11"": 0, ""C12"": 0, ""C13"": 0, ""C14"": 0, ""C15"": 0, ""C16"": 0, ""C17"": 0, ""C18"": 0, ""C19"": 0, ""C20"": 0, ""C21"": 0, ""C22"": 0, ""C23"": 0, ""C24"": 0, ""C25"": 0}","{""C01"": 0.025244877601554347, ""C02"": 0.025244877601554347, ""C03"": 0.025244877601554347, ""C04"": 0.025244877601554347, ""C05"": 0.025244877601554347, ""C06"": 0.02428124949371672, ""C07"": 0.025244877601554347, ""C08"": 0.025244877601554347, ""C09"": 0.025244877601554347, ""C10"": 0.025244877601554347, ""C11"": 0.025244877601554347, ""C12"": 0.025244877601554347, ""C13"": 0.025244877601554347, ""C14"": 0.025244877601554347, ""C15"": 0.025244877601554347, ""C16"": 0.025244877601554347, ""C17"": 0.025244877601554347, ""C18"": 0.025244877601554347, ""C19"": 0.025244877601554347, ""C20"": 0.025244877601554347, ""C21"": 0.025244877601554347, ""C22"": 0.025244877601554347, ""C23"": 0.025244877601554347, ""C24"": 0.025244877601554347, ""C25"": 0.025244877601554347}"
47,47,1,669,5.145312,25,"{""C01"": 1.685796, ""C02"": 1.873354, ""C03"": 1.742727, ""C04"": 1.754105, ""C05"": 1.478213, ""C06"": 1.91212, ""C07"": 1.752828, ""C08"": 1.729275, ""C09"": 1.725622, ""C10"": 1.520413, ""C11"": 1.524601, ""C12"": 1.828422, ""C13"": 1.768148, ""C14"": 1.732762, ""C15"": 1.831594, ""C16"": 1.573833, ""C17"": 1.803972, ""C18"": 1.751928, ""C19"": 1.876273, ""C20"": 1.577802, ""C21"": 1.807088, ""C22"": 1.726697, ""C23"": 1.778144, ""C24"": 1.681774, ""C25"": 1.693811}","{""C01"": 0, ""C02"": 0, ""C03"": 0, ""C04"": 0, ""C05"": 0, ""C06"": 1676, ""C07"": 0, ""C08"": 0, ""C09"": 0, ""C10"": 0, ""C11"": 0, ""C12"": 0, ""C13"": 0, ""C14"": 0, ""C15"": 0, ""C16"": 0, ""C17"": 0, ""C18"": 0, ""C19"": 0, ""C20"": 0, ""C21"": 0, ""C22"": 0, ""C23"": 0, ""C24"": 0, ""C25"": 0}","{""C01"": 0.025230825471106014, ""C02"": 0.025230825471106014, ""C03"": 0.025230825471106014, ""C04"": 0.025230825471106014, ""C05"": 0.025230825471106014, ""C06"": 0.024260245025827257, ""C07"": 0.025230825471106014, ""C08"": 0.025230825471106014, ""C09"": 0.025230825471106014, ""C10"": 0.025230825471106014, ""C11"": 0.025230825471106014, ""C12"": 0.025230825471106014, ""C13"": 0.025230825471106014, ""C14"": 0.025230825471106014, ""C15"": 0.025230825471106014, ""C16"": 0.025230825471106014, ""C17"": 0.025230825471106014, ""C18"": 0.025230825471106014, ""C19"": 0.025230825471106014, ""C20"": 0.025230825471106014, ""C21"": 0.025230825471106014, ""C22"": 0.025230825471106014, ""C23"": 0.025230825471106014, ""C24"": 0.025230825471106014, ""C25"": 0.025230825471106014}"
48,48,1,449,3.457318,25,"{""C01"": 1.661723, ""C02"": 1.874847, ""C03"": 1.705015, ""C04"": 1.753239, ""C05"": 1.481072, ""C06"": 1.955323, ""C07"": 1.759276, ""C08"": 1.706316, ""C09"": 1.734806, ""C10"": 1.567086, ""C11"": 1.530482, ""C12"": 1.818985, ""C13"": 1.737071, ""C14"": 1.729473, ""C15"": 1.885901, ""C16"": 1.52338, ""C17"": 1.777571, ""C18"": 1.750913, ""C19"": 1.878021, ""C20"": 1.564957, ""C21"": 1.845944, ""C22"": 1.728015, ""C23"": 1.821362, ""C24"": 1.708794, ""C25"": 1.696934}","{""C01"": 0, ""C02"": 0, ""C03"": 0, ""C04"": 0, ""C05"": 0, ""C06"": 1664, ""C07"": 0, ""C08"": 0, ""C09"": 0, ""C10"": 0, ""C11"": 0, ""C12"": 0, ""C13"": 0, ""C14"": 0, ""C15"": 0, ""C16"": 0, ""C17"": 0, ""C18"": 0, ""C19"": 0, ""C20"": 0, ""C21"": 0, ""C22"": 0, ""C23"": 0, ""C24"": 0, ""C25"": 0}","{""C01"": 0.025245604520206244, ""C02"": 0.025245604520206244, ""C03"": 0.025245604520206244, ""C04"": 0.025245604520206244, ""C05"": 0.025245604520206244, ""C06"": 0.024281974617973195, ""C07"": 0.025245604520206244, ""C08"": 0.025245604520206244, ""C09"": 0.025245604520206244, ""C10"": 0.025245604520206244, ""C11"": 0.025245604520206244, ""C12"": 0.025245604520206244, ""C13"": 0.025245604520206244, ""C14"": 0.025245604520206244, ""C15"": 0.025245604520206244, ""C16"": 0.025245604520206244, ""C17"": 0.025245604520206244, ""C18"": 0.025245604520206244, ""C19"": 0.025245604520206244, ""C20"": 0.025245604520206244, ""C21"": 0.025245604520206244, ""C22"": 0.025245604520206244, ""C23"": 0.025245604520206244, ""C24"": 0.025245604520206244, ""C25"": 0.025245604520206244}"
49,49,1,553,4.271510,25,"{""C01"": 1.635664, ""C02"": 1.869475, ""C03"": 1.753071, ""C04"": 1.726215, ""C05"": 1.501005, ""C06"": 1.933856, ""C07"": 1.703745, ""C08"": 1.723644, ""C09"": 1.758069, ""C10"": 1.525822, ""C11"": 1.506324, ""C12"": 1.835608, ""C13"": 1.739696, ""C14"": 1.709574, ""C15"": 1.862019, ""C16"": 1.537698, ""C17"": 1.755915, ""C18"": 1.788797, ""C19"": 1.880812, ""C20"": 1.566892, ""C21"": 1.811026, ""C22"": 1.674883, ""C23"": 1.810901, ""C24"": 1.722902, ""C25"": 1.70283}","{""C01"": 0, ""C02"": 0, ""C03"": 0, ""C04"": 0, ""C05"": 0, ""C06"": 1670, ""C07"": 0, ""C08"": 0, ""C09"": 0, ""C10"": 0, ""C11"": 0, ""C12"": 0, ""C13"": 0, ""C14"": 0, ""C15"": 0, ""C16"": 0, ""C17"": 0, ""C18"": 0, ""C19"": 0, ""C20"": 0, ""C21"": 0, ""C22"": 0, ""C23"": 0, ""C24"": 0, ""C25"": 0}","{""C01"": 0.025238362768258638, ""C02"": 0.025238362768258638, ""C03"": 0.025238362768258638, ""C04"": 0.025238362768258638, ""C05"": 0.025238362768258638, ""C06"": 0.02427125723231335, ""C07"": 0.025238362768258638, ""C08"": 0.025238362768258638, ""C09"": 0.025238362768258638, ""C10"": 0.025238362768258638, ""C11"": 0.025238362768258638, ""C12"": 0.025238362768258638, ""C13"": 0.025238362768258638, ""C14"": 0.025238362768258638, ""C15"": 0.025238362768258638, ""C16"": 0.025238362768258638, ""C17"": 0.025238362768258638, ""C18"": 0.025238362768258638, ""C19"": 0.025238362768258638, ""C20"": 0.025238362768258638, ""C21"": 0.025238362768258638, ""C22"": 0.025238362768258638, ""C23"": 0.025238362768258638, ""C24"": 0.025238362768258638, ""C25"": 0.025238362768258638}"
50,50,1,898,6.884281,25,"{""C01"": 1.694825, ""C02"": 1.85648, ""C03"": 1.701256, ""C04"": 1.725962, ""C05"": 1.478637, ""C06"": 1.907835, ""C07"": 1.686648, ""C08"": 1.697329, ""C09"": 1.77295, ""C10"": 1.537965, ""C11"": 1.522565, ""C12"": 1.815942, ""C13"": 1.706914, ""C14"": 1.698161, ""C15"": 1.799417, ""C16"": 1.585992, ""C17"": 1.758744, ""C18"": 1.752735, ""C19"": 1.87952, ""C20"": 1.525077, ""C21"": 1.793737, ""C22"": 1.714324, ""C23"": 1.788886, ""C24"": 1.680019, ""C25"": 1.691721}","{""C01"": 0, ""C02"": 0, ""C03"": 0, ""C04"": 0, ""C05"": 0, ""C06"": 1677, ""C07"": 0, ""C08"": 0, ""C09"": 0, ""C10"": 0, ""C11"": 0, ""C12"": 0, ""C13"": 0, ""C14"": 0, ""C15"": 0, ""C16"": 0, ""C17"": 0, ""C18"": 0, ""C19"": 0, ""C20"": 0, ""C21"": 0, ""C22"": 0, ""C23"": 0, ""C24"": 0, ""C25"": 0}","{""C01"": 0.025229213368062456, ""C02"": 0.025229213368062456, ""C03"": 0.025229213368062456, ""C04"": 0.025229213368062456, ""C05"": 0.025229213368062456, ""C06"": 0.02425805464179645, ""C07"": 0.025229213368062456, ""C08"": 0.025229213368062456, ""C09"": 0.025229213368062456, ""C10"": 0.025229213368062456, ""C11"": 0.025229213368062456, ""C12"": 0.025229213368062456, ""C13"": 0.025229213368062456, ""C14"": 0.025229213368062456, ""C15"": 0.025229213368062456, ""C16"": 0.025229213368062456, ""C17"": 0.025229213368062456, ""C18"": 0.025229213368062456, ""C19"": 0.025229213368062456, ""C20"": 0.025229213368062456, ""C21"": 0.025229213368062456, ""C22"": 0.025229213368062456, ""C23"": 0.025229213368062456, ""C24"": 0.025229213368062456, ""C25"": 0.025229213368062456}"
51,51,1,798,6.153068,25,"{""C01"": 1.66024, ""C02"": 1.839077, ""C03"": 1.715762, ""C04"": 1.722336, ""C05"": 1.47967, ""C06"": 1.917295, ""C07"": 1.719787, ""C08"": 1.710159, ""C09"": 1.732184, ""C10"": 1.501604, ""C11"": 1.512797, ""C12"": 1.822374, ""C13"": 1.723489, ""C14"": 1.679514, ""C15"": 1.876007, ""C16"": 1.497611, ""C17"": 1.776207, ""C18"": 1.742059, ""C19"": 1.845763, ""C20"": 1.542508, ""C21"": 1.788321, ""C22"": 1.699413, ""C23"": 1.760901, ""C24"": 1.658916, ""C25"": 1.678797}","{""C01"": 0, ""C02"": 0, ""C03"": 0, ""C04"": 0, ""C05"": 0, ""C06"": 1674, ""C07"": 0, ""C08"": 0, ""C09"": 0, ""C10"": 0, ""C11"": 0, ""C12"": 0, ""C13"": 0, ""C14"": 0, ""C15"": 0, ""C16"": 0, ""C17"": 0, ""C18"": 0, ""C19"": 0, ""C20"": 0, ""C21"": 0, ""C22"": 0, ""C23"": 0, ""C24"": 0, ""C25"": 0}","{""C01"": 0.02523230116980496, ""C02"": 0.02523230116980496, ""C03"": 0.02523230116980496, ""C04"": 0.02523230116980496, ""C05"": 0.02523230116980496, ""C06"": 0.024262881570663426, ""C07"": 0.02523230116980496, ""C08"": 0.02523230116980496, ""C09"": 0.02523230116980496, ""C10"": 0.02523230116980496, ""C11"": 0.02523230116980496, ""C12"": 0.02523230116980496, ""C13"": 0.02523230116980496, ""C14"": 0.02523230116980496, ""C15"": 0.02523230116980496, ""C16"": 0.02523230116980496, ""C17"": 0.02523230116980496, ""C18"": 0.02523230116980496, ""C19"": 0.02523230116980496, ""C20"": 0.02523230116980496, ""C21"": 0.02523230116980496, ""C22"": 0.02523230116980496, ""C23"": 0.02523230116980496, ""C24"": 0.02523230116980496, ""C25"": 0.02523230116980496}"
52,52,1,350,2.668237,25,"{""C01"": 1.670329, ""C02"": 1.830535, ""C03"": 1.720971, ""C04"": 1.717784, ""C05"": 1.471601, ""C06"": 1.931918, ""C07"": 1.734966, ""C08"": 1.696657, ""C09"": 1.730074, ""C10"": 1.476379, ""C11"": 1.476569, ""C12"": 1.818423, ""C13"": 1.713749, ""C14"": 1.681629, ""C15"": 1.820158, ""C16"": 1.500367, ""C17"": 1.745009, ""C18"": 1.759318, ""C19"": 1.84569, ""C20"": 1.537131, ""C21"": 1.801322, ""C22"": 1.705982, ""C23"": 1.770945, ""C24"": 1.66826, ""C25"": 1.669843}","{""C01"": 0, ""C02"": 0, ""C03"": 0, ""C04"": 0, ""C05"": 0, ""C06"": 1670, ""C07"": 0, ""C08"": 0, ""C09"": 0, ""C10"": 0, ""C11"": 0, ""C12"": 0, ""C13"": 0, ""C14"": 0, ""C15"": 0, ""C16"": 0, ""C17"": 0, ""C18"": 0, ""C19"": 0, ""C20"": 0, ""C21"": 0, ""C22"": 0, ""C23"": 0, ""C24"": 0, ""C25"": 0}","{""C01"": 0.025237384974393387, ""C02"": 0.025237384974393387, ""C03"": 0.025237384974393387, ""C04"": 0.025237384974393387, ""C05"": 0.025237384974393387, ""C06"": 0.02427028184265356, ""C07"": 0.025237384974393387, ""C08"": 0.025237384974393387, ""C09"": 0.025237384974393387, ""C10"": 0.025237384974393387, ""C11"": 0.025237384974393387, ""C12"": 0.025237384974393387, ""C13"": 0.025237384974393387, ""C14"": 0.025237384974393387, ""C15"": 0.025237384974393387, ""C16"": 0.025237384974393387, ""C17"": 0.025237384974393387, ""C18"": 0.025237384974393387, ""C19"": 0.025237384974393387, ""C20"": 0.025237384974393387, ""C21"": 0.025237384974393387, ""C22"": 0.025237384974393387, ""C23"": 0.025237384974393387, ""C24"": 0.025237384974393387, ""C25"": 0.025237384974393387}"
53,53,1,333,3.382685,25,"{""C01"": 1.647102, ""C02"": 1.851977, ""C03"": 1.70064, ""C04"": 1.695857, ""C05"": 1.44761, ""C06"": 1.89371, ""C07"": 1.747298, ""C08"": 1.681187, ""C09"": 1.743728, ""C10"": 1.5172, ""C11"": 1.476431, ""C12"": 1.78979, ""C13"": 1.725101, ""C14"": 1.683306, ""C15"": 1.820931, ""C16"": 1.501411, ""C17"": 1.782662, ""C18"": 1.759389, ""C19"": 1.891584, ""C20"": 1.50501, ""C21"": 1.783703, ""C22"": 1.669253, ""C23"": 1.756733, ""C24"": 1.65613, ""C25"": 1.665291}","{""C01"": 0, ""C02"": 0, ""C03"": 0, ""C04"": 0, ""C05"": 0, ""C06"": 851, ""C07"": 0, ""C08"": 0, ""C09"": 0, ""C10"": 0, ""C11"": 0, ""C12"": 0, ""C13"": 0, ""C14"": 0, ""C15"": 0, ""C16"": 0, ""C17"": 0, ""C18"": 0, ""C19"": 831, ""C20"": 0, ""C21"": 0, ""C22"": 0, ""C23"": 0, ""C24"": 0, ""C25"": 0}","{""C01"": 0.025224303073242083, ""C02"": 0.025224303073242083, ""C03"": 0.025224303073242083, ""C04"": 0.025224303073242083, ""C05"": 0.025224303073242083, ""C06"": 0.024731495335224857, ""C07"": 0.025224303073242083, ""C08"": 0.025224303073242083, ""C09"": 0.025224303073242083, ""C10"": 0.025224303073242083, ""C11"": 0.025224303073242083, ""C12"": 0.025224303073242083, ""C13"": 0.025224303073242083, ""C14"": 0.025224303073242083, ""C15"": 0.025224303073242083, ""C16"": 0.025224303073242083, ""C17"": 0.025224303073242083, ""C18"": 0.025224303073242083, ""C19"": 0.02474307207417165, ""C20"": 0.025224303073242083, ""C21"": 0.025224303073242083, ""C22"": 0.025224303073242083, ""C23"": 0.025224303073242083, ""C24"": 0.025224303073242083, ""C25"": 0.025224303073242083}"
54,54,1,860,7.153622,25,"{""C01"": 1.650278, ""C02"": 1.837892, ""C03"": 1.750132, ""C04"": 1.728179, ""C05"": 1.445201, ""C06"": 1.90071, ""C07"": 1.71254, ""C08"": 1.658811, ""C09"": 1.716465, ""C10"": 1.474019, ""C11"": 1.48998, ""C12"": 1.78767, ""C13"": 1.662982, ""C14"": 1.68715, ""C15"": 1.784536, ""C16"": 1.505752, ""C17"": 1.730361, ""C18"": 1.776291, ""C19"": 1.866974, ""C20"": 1.51151, ""C21"": 1.776987, ""C22"": 1.693142, ""C23"": 1.739158, ""C24"": 1.659303, ""C25"": 1.658402}","{""C01"": 0, ""C02"": 0, ""C03"": 0, ""C04"": 0, ""C05"": 0, ""C06"": 1679, ""C07"": 0, ""C08"": 0, ""C09"": 0, ""C10"": 0, ""C11"": 0, ""C12"": 0, ""C13"": 0, ""C14"": 0, ""C15"": 0, ""C16"": 0, ""C17"": 0, ""C18"": 0, ""C19"": 0, ""C20"": 0, ""C21"": 0, ""C22"": 0, ""C23"": 0, ""C24"": 0, ""C25"": 0}","{""C01"": 0.02522671530064141, ""C02"": 0.02522671530064141, ""C03"": 0.02522671530064141, ""C04"": 0.02522671530064141, ""C05"": 0.02522671530064141, ""C06"": 0.024254398233584697, ""C07"": 0.02522671530064141, ""C08"": 0.02522671530064141, ""C09"": 0.02522671530064141, ""C10"": 0.02522671530064141, ""C11"": 0.02522671530064141, ""C12"": 0.02522671530064141, ""C13"": 0.02522671530064141, ""C14"": 0.02522671530064141, ""C15"": 0.02522671530064141, ""C16"": 0.02522671530064141, ""C17"": 0.02522671530064141, ""C18"": 0.02522671530064141, ""C19"": 0.02522671530064141, ""C20"": 0.02522671530064141, ""C21"": 0.02522671530064141, ""C22"": 0.02522671530064141, ""C23"": 0.02522671530064141, ""C24"": 0.02522671530064141, ""C25"": 0.02522671530064141}"
55,55,1,462,3.519013,25,"{""C01"": 1.654548, ""C02"": 1.820876, ""C03"": 1.687835, ""C04"": 1.715612, ""C05"": 1.438163, ""C06"": 1.927053, ""C07"": 1.744455, ""C08"": 1.705418, ""C09"": 1.742852, ""C10"": 1.486236, ""C11"": 1.495027, ""C12"": 1.803545, ""C13"": 1.660717, ""C14"": 1.713481, ""C15"": 1.809866, ""C16"": 1.513791, ""C17"": 1.742831, ""C18"": 1.762519, ""C19"": 1.861448, ""C20"": 1.532698, ""C21"": 1.765776, ""C22"": 1.647705, ""C23"": 1.721523, ""C24"": 1.645217, ""C25"": 1.631238}","{""C01"": 0, ""C02"": 0, ""C03"": 0, ""C04"": 0, ""C05"": 0, ""C06"": 1672, ""C07"": 0, ""C08"": 0, ""C09"": 0, ""C10"": 0, ""C11"": 0, ""C12"": 0, ""C13"": 0, ""C14"": 0, ""C15"": 0, ""C16"": 0, ""C17"": 0, ""C18"": 0, ""C19"": 0, ""C20"": 0, ""C21"": 0, ""C22"": 0, ""C23"": 0, ""C24"": 0, ""C25"": 0}","{""C01"": 0.02523609260445532, ""C02"": 0.02523609260445532, ""C03"": 0.02523609260445532, ""C04"": 0.02523609260445532, ""C05"": 0.02523609260445532, ""C06"": 0.024267828171044826, ""C07"": 0.02523609260445532, ""C08"": 0.02523609260445532, ""C09"": 0.02523609260445532, ""C10"": 0.02523609260445532, ""C11"": 0.02523609260445532, ""C12"": 0.02523609260445532, ""C13"": 0.02523609260445532, ""C14"": 0.02523609260445532, ""C15"": 0.02523609260445532, ""C16"": 0.02523609260445532, ""C17"": 0.02523609260445532, ""C18"": 0.02523609260445532, ""C19"": 0.02523609260445532, ""C20"": 0.02523609260445532, ""C21"": 0.02523609260445532, ""C22"": 0.02523609260445532, ""C23"": 0.02523609260445532, ""C24"": 0.02523609260445532, ""C25"": 0.02523609260445532}"
56,56,1,935,7.196763,25,"{""C01"": 1.642584, ""C02"": 1.869652, ""C03"": 1.724878, ""C04"": 1.709172, ""C05"": 1.443966, ""C06"": 1.906413, ""C07"": 1.731592, ""C08"": 1.685726, ""C09"": 1.742887, ""C10"": 1.503325, ""C11"": 1.483852, ""C12"": 1.799932, ""C13"": 1.672745, ""C14"": 1.718278, ""C15"": 1.83461, ""C16"": 1.508267, ""C17"": 1.737818, ""C18"": 1.733583, ""C19"": 1.874005, ""C20"": 1.514507, ""C21"": 1.764684, ""C22"": 1.692787, ""C23"": 1.752108, ""C24"": 1.67033, ""C25"": 1.638139}","{""C01"": 0, ""C02"": 0, ""C03"": 0, ""C04"": 0, ""C05"": 0, ""C06"": 1677, ""C07"": 0, ""C08"": 0, ""C09"": 0, ""C10"": 0, ""C11"": 0, ""C12"": 0, ""C13"": 0, ""C14"": 0, ""C15"": 0, ""C16"": 0, ""C17"": 0, ""C18"": 0, ""C19"": 0, ""C20"": 0, ""C21"": 0, ""C22"": 0, ""C23"": 0, ""C24"": 0, ""C25"": 0}","{""C01"": 0.025228483142257674, ""C02"": 0.025228483142257674, ""C03"": 0.025228483142257674, ""C04"": 0.025228483142257674, ""C05"": 0.025228483142257674, ""C06"": 0.024257326203247512, ""C07"": 0.025228483142257674, ""C08"": 0.025228483142257674, ""C09"": 0.025228483142257674, ""C10"": 0.025228483142257674, ""C11"": 0.025228483142257674, ""C12"": 0.025228483142257674, ""C13"": 0.025228483142257674, ""C14"": 0.025228483142257674, ""C15"": 0.025228483142257674, ""C16"": 0.025228483142257674, ""C17"": 0.025228483142257674, ""C18"": 0.025228483142257674, ""C19"": 0.025228483142257674, ""C20"": 0.025228483142257674, ""C21"": 0.025228483142257674, ""C22"": 0.025228483142257674, ""C23"": 0.025228483142257674, ""C24"": 0.025228483142257674, ""C25"": 0.025228483142257674}"
57,57,1,478,3.701369,25,"{""C01"": 1.667127, ""C02"": 1.855687, ""C03"": 1.695348, ""C04"": 1.733111, ""C05"": 1.457701, ""C06"": 1.925839, ""C07"": 1.720792, ""C08"": 1.719607, ""C09"": 1.740759, ""C10"": 1.507025, ""C11"": 1.495308, ""C12"": 1.792238, ""C13"": 1.70354, ""C14"": 1.694781, ""C15"": 1.821156, ""C16"": 1.537027, ""C17"": 1.70579, ""C18"": 1.772547, ""C19"": 1.865943, ""C20"": 1.520796, ""C21"": 1.771716, ""C22"": 1.703896, ""C23"": 1.750077, ""C24"": 1.674965, ""C25"": 1.658542}","{""C01"": 0, ""C02"": 0, ""C03"": 0, ""C04"": 0, ""C05"": 0, ""C06"": 1672, ""C07"": 0, ""C08"": 0, ""C09"": 0, ""C10"": 0, ""C11"": 0, ""C12"": 0, ""C13"": 0, ""C14"": 0, ""C15"": 0, ""C16"": 0, ""C17"": 0, ""C18"": 0, ""C19"": 0, ""C20"": 0, ""C21"": 0, ""C22"": 0, ""C23"": 0, ""C24"": 0, ""C25"": 0}","{""C01"": 0.02523547744510765, ""C02"": 0.02523547744510765, ""C03"": 0.02523547744510765, ""C04"": 0.02523547744510765, ""C05"": 0.02523547744510765, ""C06"": 0.02426721452230342, ""C07"": 0.02523547744510765, ""C08"": 0.02523547744510765, ""C09"": 0.02523547744510765, ""C10"": 0.02523547744510765, ""C11"": 0.02523547744510765, ""C12"": 0.02523547744510765, ""C13"": 0.02523547744510765, ""C14"": 0.02523547744510765, ""C15"": 0.02523547744510765, ""C16"": 0.02523547744510765, ""C17"": 0.02523547744510765, ""C18"": 0.02523547744510765, ""C19"": 0.02523547744510765, ""C20"": 0.02523547744510765, ""C21"": 0.02523547744510765, ""C22"": 0.02523547744510765, ""C23"": 0.02523547744510765, ""C24"": 0.02523547744510765, ""C25"": 0.02523547744510765}"
58,58,1,787,7.042127,25,"{""C01"": 1.651119, ""C02"": 1.871584, ""C03"": 1.708862, ""C04"": 1.736948, ""C05"": 1.470372, ""C06"": 1.915846, ""C07"": 1.729818, ""C08"": 1.664694, ""C09"": 1.734786, ""C10"": 1.46668, ""C11"": 1.518566, ""C12"": 1.772646, ""C13"": 1.726074, ""C14"": 1.711788, ""C15"": 1.811403, ""C16"": 1.532181, ""C17"": 1.776753, ""C18"": 1.766454, ""C19"": 1.882045, ""C20"": 1.527251, ""C21"": 1.790708, ""C22"": 1.671455, ""C23"": 1.770887, ""C24"": 1.690079, ""C25"": 1.642743}","{""C01"": 0, ""C02"": 0, ""C03"": 0, ""C04"": 0, ""C05"": 0, ""C06"": 1675, ""C07"": 0, ""C08"": 0, ""C09"": 0, ""C10"": 0, ""C11"": 0, ""C12"": 0, ""C13"": 0, ""C14"": 0, ""C15"": 0, ""C16"": 0, ""C17"": 0, ""C18"": 0, ""C19"": 0, ""C20"": 0, ""C21"": 0, ""C22"": 0, ""C23"": 0, ""C24"": 0, ""C25"": 0}","{""C01"": 0.025232145851159557, ""C02"": 0.025232145851159557, ""C03"": 0.025232145851159557, ""C04"": 0.025232145851159557, ""C05"": 0.025232145851159557, ""C06"": 0.02426214440054, ""C07"": 0.025232145851159557, ""C08"": 0.025232145851159557, ""C09"": 0.025232145851159557, ""C10"": 0.025232145851159557, ""C11"": 0.025232145851159557, ""C12"": 0.025232145851159557, ""C13"": 0.025232145851159557, ""C14"": 0.025232145851159557, ""C15"": 0.025232145851159557, ""C16"": 0.025232145851159557, ""C17"": 0.025232145851159557, ""C18"": 0.025232145851159557, ""C19"": 0.025232145851159557, ""C20"": 0.025232145851159557, ""C21"": 0.025232145851159557, ""C22"": 0.025232145851159557, ""C23"": 0.025232145851159557, ""C24"": 0.025232145851159557, ""C25"": 0.025232145851159557}"
59,59,1,824,6.385183,25,"{""C01"": 1.706352, ""C02"": 1.842733, ""C03"": 1.746157, ""C04"": 1.724348, ""C05"": 1.443545, ""C06"": 1.893309, ""C07"": 1.736515, ""C08"": 1.690461, ""C09"": 1.757024, ""C10"": 1.476915, ""C11"": 1.508306, ""C12"": 1.761993, ""C13"": 1.712203, ""C14"": 1.656016, ""C15"": 1.854475, ""C16"": 1.513314, ""C17"": 1.747571, ""C18"": 1.775961, ""C19"": 1.835269, ""C20"": 1.536932, ""C21"": 1.784294, ""C22"": 1.696579, ""C23"": 1.748899, ""C24"": 1.691074, ""C25"": 1.664008}","{""C01"": 0, ""C02"": 0, ""C03"": 0, ""C04"": 0, ""C05"": 0, ""C06"": 1681, ""C07"": 0, ""C08"": 0, ""C09"": 0, ""C10"": 0, ""C11"": 0, ""C12"": 0, ""C13"": 0, ""C14"": 0, ""C15"": 0, ""C16"": 0, ""C17"": 0, ""C18"": 0, ""C19"": 0, ""C20"": 0, ""C21"": 0, ""C22"": 0, ""C23"": 0, ""C24"": 0, ""C25"": 0}","{""C01"": 0.025224056061348185, ""C02"": 0.025224056061348185, ""C03"": 0.025224056061348185, ""C04"": 0.025224056061348185, ""C05"": 0.025224056061348185, ""C06"": 0.024250581046478824, ""C07"": 0.025224056061348185, ""C08"": 0.025224056061348185, ""C09"": 0.025224056061348185, ""C10"": 0.025224056061348185, ""C11"": 0.025224056061348185, ""C12"": 0.025224056061348185, ""C13"": 0.025224056061348185, ""C14"": 0.025224056061348185, ""C15"": 0.025224056061348185, ""C16"": 0.025224056061348185, ""C17"": 0.025224056061348185, ""C18"": 0.025224056061348185, ""C19"": 0.025224056061348185, ""C20"": 0.025224056061348185, ""C21"": 0.025224056061348185, ""C22"": 0.025224056061348185, ""C23"": 0.025224056061348185, ""C24"": 0.025224056061348185, ""C25"": 0.025224056061348185}"
60,60,1,476,3.714174,25,"{""C01"": 1.696153, ""C02"": 1.838732, ""C03"": 1.763162, ""C04"": 1.748207, ""C05"": 1.467017, ""C06"": 1.935439, ""C07"": 1.758045, ""C08"": 1.720348, ""C09"": 1.770906, ""C10"": 1.478139, ""C11"": 1.518769, ""C12"": 1.811193, ""C13"": 1.708899, ""C14"": 1.717013, ""C15"": 1.866362, ""C16"": 1.526564, ""C17"": 1.758835, ""C18"": 1.746883, ""C19"": 1.873974, ""C20"": 1.522414, ""C21"": 1.844388, ""C22"": 1.717934, ""C23"": 1.745878, ""C24"": 1.706266, ""C25"": 1.656225}","{""C01"": 0, ""C02"": 0, ""C03"": 0, ""C04"": 0, ""C05"": 0, ""C06"": 1669, ""C07"": 0, ""C08"": 0, ""C09"": 0, ""C10"": 0, ""C11"": 0, ""C12"": 0, ""C13"": 0, ""C14"": 0, ""C15"": 0, ""C16"": 0, ""C17"": 0, ""C18"": 0, ""C19"": 0, ""C20"": 0, ""C21"": 0, ""C22"": 0, ""C23"": 0, ""C24"": 0, ""C25"": 0}","{""C01"": 0.025238576529205956, ""C02"": 0.025238576529205956, ""C03"": 0.025238576529205956, ""C04"": 0.025238576529205956, ""C05"": 0.025238576529205956, ""C06"": 0.024272052709186333, ""C07"": 0.025238576529205956, ""C08"": 0.025238576529205956, ""C09"": 0.025238576529205956, ""C10"": 0.025238576529205956, ""C11"": 0.025238576529205956, ""C12"": 0.025238576529205956, ""C13"": 0.025238576529205956, ""C14"": 0.025238576529205956, ""C15"": 0.025238576529205956, ""C16"": 0.025238576529205956, ""C17"": 0.025238576529205956, ""C18"": 0.025238576529205956, ""C19"": 0.025238576529205956, ""C20"": 0.025238576529205956, ""C21"": 0.025238576529205956, ""C22"": 0.025238576529205956, ""C23"": 0.025238576529205956, ""C24"": 0.025238576529205956, ""C25"": 0.025238576529205956}"
61,61,1,369,2.837678,25,"{""C01"": 1.664671, ""C02"": 1.916693, ""C03"": 1.750166, ""C04"": 1.769637, ""C05"": 1.463508, ""C06"": 1.931006, ""C07"": 1.750646, ""C08"": 1.724563, ""C09"": 1.748605, ""C10"": 1.521948, ""C11"": 1.521706, ""C12"": 1.834365, ""C13"": 1.723155, ""C14"": 1.726067, ""C15"": 1.844156, ""C16"": 1.508595, ""C17"": 1.750779, ""C18"": 1.767941, ""C19"": 1.882961, ""C20"": 1.549551, ""C21"": 1.804691, ""C22"": 1.696954, ""C23"": 1.797938, ""C24"": 1.755517, ""C25"": 1.676387}","{""C01"": 0, ""C02"": 754, ""C03"": 0, ""C04"": 0, ""C05"": 0, ""C06"": 922, ""C07"": 0, ""C08"": 0, ""C09"": 0, ""C10"": 0, ""C11"": 0, ""C12"": 0, ""C13"": 0, ""C14"": 0, ""C15"": 0, ""C16"": 0, ""C17"": 0, ""C18"": 0, ""C19"": 0, ""C20"": 0, ""C21"": 0, ""C22"": 0, ""C23"": 0, ""C24"": 0, ""C25"": 0}","{""C01"": 0.025237164530964168, ""C02"": 0.024800509737939347, ""C03"": 0.025237164530964168, ""C04"": 0.025237164530964168, ""C05"": 0.025237164530964168, ""C06"": 0.024703241054386843, ""C07"": 0.025237164530964168, ""C08"": 0.025237164530964168, ""C09"": 0.025237164530964168, ""C10"": 0.025237164530964168, ""C11"": 0.025237164530964168, ""C12"": 0.025237164530964168, ""C13"": 0.025237164530964168, ""C14"": 0.025237164530964168, ""C15"": 0.025237164530964168, ""C16"": 0.025237164530964168, ""C17"": 0.025237164530964168, ""C18"": 0.025237164530964168, ""C19"": 0.025237164530964168, ""C20"": 0.025237164530964168, ""C21"": 0.025237164530964168, ""C22"": 0.025237164530964168, ""C23"": 0.025237164530964168, ""C24"": 0.025237164530964168, ""C25"": 0.025237164530964168}"
62,62,1,620,4.791163,25,"{""C01"": 1.674183, ""C02"": 1.914785, ""C03"": 1.752776, ""C04"": 1.74112, ""C05"": 1.446583, ""C06"": 1.909458, ""C07"": 1.755258, ""C08"": 1.772366, ""C09"": 1.777054, ""C10"": 1.506768, ""C11"": 1.527395, ""C12"": 1.82134, ""C13"": 1.715583, ""C14"": 1.752118, ""C15"": 1.845878, ""C16"": 1.5676, ""C17"": 1.798305, ""C18"": 1.80824, ""C19"": 1.893917, ""C20"": 1.554478, ""C21"": 1.794424, ""C22"": 1.721933, ""C23"": 1.785939, ""C24"": 1.718143, ""C25"": 1.678872}","{""C01"": 0, ""C02"": 1099, ""C03"": 0, ""C04"": 0, ""C05"": 0, ""C06"": 578, ""C07"": 0, ""C08"": 0, ""C09"": 0, ""C10"": 0, ""C11"": 0, ""C12"": 0, ""C13"": 0, ""C14"": 0, ""C15"": 0, ""C16"": 0, ""C17"": 0, ""C18"": 0, ""C19"": 0, ""C20"": 0, ""C21"": 0, ""C22"": 0, ""C23"": 0, ""C24"": 0, ""C25"": 0}","{""C01"": 0.025231832956400163, ""C02"": 0.024595403123361007, ""C03"": 0.025231832956400163, ""C04"": 0.025231832956400163, ""C05"": 0.025231832956400163, ""C06"": 0.024897111301278266, ""C07"": 0.025231832956400163, ""C08"": 0.025231832956400163, ""C09"": 0.025231832956400163, ""C10"": 0.025231832956400163, ""C11"": 0.025231832956400163, ""C12"": 0.025231832956400163, ""C13"": 0.025231832956400163, ""C14"": 0.025231832956400163, ""C15"": 0.025231832956400163, ""C16"": 0.025231832956400163, ""C17"": 0.025231832956400163, ""C18"": 0.025231832956400163, ""C19"": 0.025231832956400163, ""C20"": 0.025231832956400163, ""C21"": 0.025231832956400163, ""C22"": 0.025231832956400163, ""C23"": 0.025231832956400163, ""C24"": 0.025231832956400163, ""C25"": 0.025231832956400163}"
63,63,1,486,3.727973,25,"{""C01"": 1.736475, ""C02"": 1.890257, ""C03"": 1.720193, ""C04"": 1.758921, ""C05"": 1.479433, ""C06"": 1.947887, ""C07"": 1.764058, ""C08"": 1.721985, ""C09"": 1.80046, ""C10"": 1.510449, ""C11"": 1.551928, ""C12"": 1.827808, ""C13"": 1.714278, ""C14"": 1.74039, ""C15"": 1.831006, ""C16"": 1.557886, ""C17"": 1.800782, ""C18"": 1.778995, ""C19"": 1.86825, ""C20"": 1.558359, ""C21"": 1.835531, ""C22"": 1.715905, ""C23"": 1.815003, ""C24"": 1.743955, ""C25"": 1.646633}","{""C01"": 0, ""C02"": 0, ""C03"": 0, ""C04"": 0, ""C05"": 0, ""C06"": 1666, ""C07"": 0, ""C08"": 0, ""C09"": 0, ""C10"": 0, ""C11"": 0, ""C12"": 0, ""C13"": 0, ""C14"": 0, ""C15"": 0, ""C16"": 0, ""C17"": 0, ""C18"": 0, ""C19"": 0, ""C20"": 0, ""C21"": 0, ""C22"": 0, ""C23"": 0, ""C24"": 0, ""C25"": 0}","{""C01"": 0.025243067909276815, ""C02"": 0.025243067909276815, ""C03"": 0.025243067909276815, ""C04"": 0.025243067909276815, ""C05"": 0.025243067909276815, ""C06"": 0.024278279764891234, ""C07"": 0.025243067909276815, ""C08"": 0.025243067909276815, ""C09"": 0.025243067909276815, ""C10"": 0.025243067909276815, ""C11"": 0.025243067909276815, ""C12"": 0.025243067909276815, ""C13"": 0.025243067909276815, ""C14"": 0.025243067909276815, ""C15"": 0.025243067909276815, ""C16"": 0.025243067909276815, ""C17"": 0.025243067909276815, ""C18"": 0.025243067909276815, ""C19"": 0.025243067909276815, ""C20"": 0.025243067909276815, ""C21"": 0.025243067909276815, ""C22"": 0.025243067909276815, ""C23"": 0.025243067909276815, ""C24"": 0.025243067909276815, ""C25"": 0.025243067909276815}"
64,64,1,782,6.047259,25,"{""C01"": 1.71415, ""C02"": 1.886653, ""C03"": 1.745518, ""C04"": 1.779504, ""C05"": 1.504454, ""C06"": 1.954049, ""C07"": 1.78302, ""C08"": 1.728468, ""C09"": 1.791269, ""C10"": 1.524073, ""C11"": 1.538657, ""C12"": 1.873939, ""C13"": 1.749331, ""C14"": 1.750337, ""C15"": 1.842038, ""C16"": 1.548864, ""C17"": 1.786959, ""C18"": 1.790602, ""C19"": 1.911903, ""C20"": 1.574547, ""C21"": 1.820954, ""C22"": 1.691107, ""C23"": 1.77501, ""C24"": 1.736008, ""C25"": 1.685577}","{""C01"": 0, ""C02"": 0, ""C03"": 0, ""C04"": 0, ""C05"": 0, ""C06"": 1664, ""C07"": 0, ""C08"": 0, ""C09"": 0, ""C10"": 0, ""C11"": 0, ""C12"": 0, ""C13"": 0, ""C14"": 0, ""C15"": 0, ""C16"": 0, ""C17"": 0, ""C18"": 0, ""C19"": 0, ""C20"": 0, ""C21"": 0, ""C22"": 0, ""C23"": 0, ""C24"": 0, ""C25"": 0}","{""C01"": 0.025244971121159865, ""C02"": 0.025244971121159865, ""C03"": 0.025244971121159865, ""C04"": 0.025244971121159865, ""C05"": 0.025244971121159865, ""C06"": 0.024281342782473025, ""C07"": 0.025244971121159865, ""C08"": 0.025244971121159865, ""C09"": 0.025244971121159865, ""C10"": 0.025244971121159865, ""C11"": 0.025244971121159865, ""C12"": 0.025244971121159865, ""C13"": 0.025244971121159865, ""C14"": 0.025244971121159865, ""C15"": 0.025244971121159865, ""C16"": 0.025244971121159865, ""C17"": 0.025244971121159865, ""C18"": 0.025244971121159865, ""C19"": 0.025244971121159865, ""C20"": 0.025244971121159865, ""C21"": 0.025244971121159865, ""C22"": 0.025244971121159865, ""C23"": 0.025244971121159865, ""C24"": 0.025244971121159865, ""C25"": 0.025244971121159865}"
65,65,1,802,6.172751,25,"{""C01"": 1.685883, ""C02"": 1.915, ""C03"": 1.765665, ""C04"": 1.776855, ""C05"": 1.504795, ""C06"": 1.955494, ""C07"": 1.793712, ""C08"": 1.770852, ""C09"": 1.802892, ""C10"": 1.513974, ""C11"": 1.580222, ""C12"": 1.850318, ""C13"": 1.762496, ""C14"": 1.734205, ""C15"": 1.867311, ""C16"": 1.574723, ""C17"": 1.79789, ""C18"": 1.833107, ""C19"": 1.892505, ""C20"": 1.585414, ""C21"": 1.840935, ""C22"": 1.724537, ""C23"": 1.809427, ""C24"": 1.72731, ""C25"": 1.714023}","{""C01"": 0, ""C02"": 0, ""C03"": 0, ""C04"": 0, ""C05"": 0, ""C06"": 1664, ""C07"": 0, ""C08"": 0, ""C09"": 0, ""C10"": 0, ""C11"": 0, ""C12"": 0, ""C13"": 0, ""C14"": 0, ""C15"": 0, ""C16"": 0, ""C17"": 0, ""C18"": 0, ""C19"": 0, ""C20"": 0, ""C21"": 0, ""C22"": 0, ""C23"": 0, ""C24"": 0, ""C25"": 0}","{""C01"": 0.025245689491070297, ""C02"": 0.025245689491070297, ""C03"": 0.025245689491070297, ""C04"": 0.025245689491070297, ""C05"": 0.025245689491070297, ""C06"": 0.02428205937908295, ""C07"": 0.025245689491070297, ""C08"": 0.025245689491070297, ""C09"": 0.025245689491070297, ""C10"": 0.025245689491070297, ""C11"": 0.025245689491070297, ""C12"": 0.025245689491070297, ""C13"": 0.025245689491070297, ""C14"": 0.025245689491070297, ""C15"": 0.025245689491070297, ""C16"": 0.025245689491070297, ""C17"": 0.025245689491070297, ""C18"": 0.025245689491070297, ""C19"": 0.025245689491070297, ""C20"": 0.025245689491070297, ""C21"": 0.025245689491070297, ""C22"": 0.025245689491070297, ""C23"": 0.025245689491070297, ""C24"": 0.025245689491070297, ""C25"": 0.025245689491070297}"
66,66,1,490,3.785568,25,"{""C01"": 1.738417, ""C02"": 1.921589, ""C03"": 1.76849, ""C04"": 1.794449, ""C05"": 1.496836, ""C06"": 1.976259, ""C07"": 1.812822, ""C08"": 1.783752, ""C09"": 1.784309, ""C10"": 1.525778, ""C11"": 1.542278, ""C12"": 1.841173, ""C13"": 1.770038, ""C14"": 1.80536, ""C15"": 1.866159, ""C16"": 1.538445, ""C17"": 1.798447, ""C18"": 1.839348, ""C19"": 1.89916, ""C20"": 1.58989, ""C21"": 1.851589, ""C22"": 1.731583, ""C23"": 1.803197, ""C24"": 1.746756, ""C25"": 1.71554}","{""C01"": 0, ""C02"": 0, ""C03"": 0, ""C04"": 0, ""C05"": 0, ""C06"": 1658, ""C07"": 0, ""C08"": 0, ""C09"": 0, ""C10"": 0, ""C11"": 0, ""C12"": 0, ""C13"": 0, ""C14"": 0, ""C15"": 0, ""C16"": 0, ""C17"": 0, ""C18"": 0, ""C19"": 0, ""C20"": 0, ""C21"": 0, ""C22"": 0, ""C23"": 0, ""C24"": 0, ""C25"": 0}","{""C01"": 0.025252432121189036, ""C02"": 0.025252432121189036, ""C03"": 0.025252432121189036, ""C04"": 0.025252432121189036, ""C05"": 0.025252432121189036, ""C06"": 0.02429227887956679, ""C07"": 0.025252432121189036, ""C08"": 0.025252432121189036, ""C09"": 0.025252432121189036, ""C10"": 0.025252432121189036, ""C11"": 0.025252432121189036, ""C12"": 0.025252432121189036, ""C13"": 0.025252432121189036, ""C14"": 0.025252432121189036, ""C15"": 0.025252432121189036, ""C16"": 0.025252432121189036, ""C17"": 0.025252432121189036, ""C18"": 0.025252432121189036, ""C19"": 0.025252432121189036, ""C20"": 0.025252432121189036, ""C21"": 0.025252432121189036, ""C22"": 0.025252432121189036, ""C23"": 0.025252432121189036, ""C24"": 0.025252432121189036, ""C25"": 0.025252432121189036}"
67,67,1,1145,8.766500,25,"{""C01"": 1.719303, ""C02"": 1.95025, ""C03"": 1.775771, ""C04"": 1.794522, ""C05"": 1.564172, ""C06"": 1.97078, ""C07"": 1.777284, ""C08"": 1.756855, ""C09"": 1.834517, ""C10"": 1.532851, ""C11"": 1.529701, ""C12"": 1.898718, ""C13"": 1.736581, ""C14"": 1.820331, ""C15"": 1.850135, ""C16"": 1.574964, ""C17"": 1.802042, ""C18"": 1.839738, ""C19"": 1.940488, ""C20"": 1.590661, ""C21"": 1.848022, ""C22"": 1.757488, ""C23"": 1.832858, ""C24"": 1.749963, ""C25"": 1.711795}","{""C01"": 0, ""C02"": 0, ""C03"": 0, ""C04"": 0, ""C05"": 0, ""C06"": 1660, ""C07"": 0, ""C08"": 0, ""C09"": 0, ""C10"": 0, ""C11"": 0, ""C12"": 0, ""C13"": 0, ""C14"": 0, ""C15"": 0, ""C16"": 0, ""C17"": 0, ""C18"": 0, ""C19"": 0, ""C20"": 0, ""C21"": 0, ""C22"": 0, ""C23"": 0, ""C24"": 0, ""C25"": 0}","{""C01"": 0.025250910266769802, ""C02"": 0.025250910266769802, ""C03"": 0.025250910266769802, ""C04"": 0.025250910266769802, ""C05"": 0.025250910266769802, ""C06"": 0.02428959627111149, ""C07"": 0.025250910266769802, ""C08"": 0.025250910266769802, ""C09"": 0.025250910266769802, ""C10"": 0.025250910266769802, ""C11"": 0.025250910266769802, ""C12"": 0.025250910266769802, ""C13"": 0.025250910266769802, ""C14"": 0.025250910266769802, ""C15"": 0.025250910266769802, ""C16"": 0.025250910266769802, ""C17"": 0.025250910266769802, ""C18"": 0.025250910266769802, ""C19"": 0.025250910266769802, ""C20"": 0.025250910266769802, ""C21"": 0.025250910266769802, ""C22"": 0.025250910266769802, ""C23"": 0.025250910266769802, ""C24"": 0.025250910266769802, ""C25"": 0.025250910266769802}"
68,68,1,426,3.309002,25,"{""C01"": 1.778084, ""C02"": 1.902276, ""C03"": 1.765478, ""C04"": 1.788336, ""C05"": 1.506553, ""C06"": 1.986709, ""C07"": 1.816669, ""C08"": 1.760583, ""C09"": 1.807638, ""C10"": 1.503719, ""C11"": 1.524867, ""C12"": 1.90723, ""C13"": 1.79733, ""C14"": 1.793087, ""C15"": 1.883562, ""C16"": 1.555783, ""C17"": 1.820526, ""C18"": 1.82417, ""C19"": 1.90393, ""C20"": 1.570762, ""C21"": 1.854596, ""C22"": 1.810119, ""C23"": 1.812681, ""C24"": 1.77702, ""C25"": 1.740521}","{""C01"": 0, ""C02"": 0, ""C03"": 0, ""C04"": 0, ""C05"": 0, ""C06"": 1656, ""C07"": 0, ""C08"": 0, ""C09"": 0, ""C10"": 0, ""C11"": 0, ""C12"": 0, ""C13"": 0, ""C14"": 0, ""C15"": 0, ""C16"": 0, ""C17"": 0, ""C18"": 0, ""C19"": 0, ""C20"": 0, ""C21"": 0, ""C22"": 0, ""C23"": 0, ""C24"": 0, ""C25"": 0}","{""C01"": 0.02525636736437964, ""C02"": 0.02525636736437964, ""C03"": 0.02525636736437964, ""C04"": 0.02525636736437964, ""C05"": 0.02525636736437964, ""C06"": 0.024297368893670585, ""C07"": 0.02525636736437964, ""C08"": 0.02525636736437964, ""C09"": 0.02525636736437964, ""C10"": 0.02525636736437964, ""C11"": 0.02525636736437964, ""C12"": 0.02525636736437964, ""C13"": 0.02525636736437964, ""C14"": 0.02525636736437964, ""C15"": 0.02525636736437964, ""C16"": 0.02525636736437964, ""C17"": 0.02525636736437964, ""C18"": 0.02525636736437964, ""C19"": 0.02525636736437964, ""C20"": 0.02525636736437964, ""C21"": 0.02525636736437964, ""C22"": 0.02525636736437964, ""C23"": 0.02525636736437964, ""C24"": 0.02525636736437964, ""C25"": 0.02525636736437964}"
69,69,1,327,2.522017,25,"{""C01"": 1.764034, ""C02"": 1.969399, ""C03"": 1.782495, ""C04"": 1.801067, ""C05"": 1.528018, ""C06"": 1.974665, ""C07"": 1.788266, ""C08"": 1.756035, ""C09"": 1.816966, ""C10"": 1.507863, ""C11"": 1.573667, ""C12"": 1.861714, ""C13"": 1.778008, ""C14"": 1.787634, ""C15"": 1.866841, ""C16"": 1.560919, ""C17"": 1.832962, ""C18"": 1.789574, ""C19"": 1.927349, ""C20"": 1.593319, ""C21"": 1.842685, ""C22"": 1.762233, ""C23"": 1.815529, ""C24"": 1.756813, ""C25"": 1.719701}","{""C01"": 0, ""C02"": 808, ""C03"": 0, ""C04"": 0, ""C05"": 0, ""C06"": 853, ""C07"": 0, ""C08"": 0, ""C09"": 0, ""C10"": 0, ""C11"": 0, ""C12"": 0, ""C13"": 0, ""C14"": 0, ""C15"": 0, ""C16"": 0, ""C17"": 0, ""C18"": 0, ""C19"": 0, ""C20"": 0, ""C21"": 0, ""C22"": 0, ""C23"": 0, ""C24"": 0, ""C25"": 0}","{""C01"": 0.025252144216751912, ""C02"": 0.024784227189261373, ""C03"": 0.025252144216751912, ""C04"": 0.025252144216751912, ""C05"": 0.025252144216751912, ""C06"": 0.02475817916385325, ""C07"": 0.025252144216751912, ""C08"": 0.025252144216751912, ""C09"": 0.025252144216751912, ""C10"": 0.025252144216751912, ""C11"": 0.025252144216751912, ""C12"": 0.025252144216751912, ""C13"": 0.025252144216751912, ""C14"": 0.025252144216751912, ""C15"": 0.025252144216751912, ""C16"": 0.025252144216751912, ""C17"": 0.025252144216751912, ""C18"": 0.025252144216751912, ""C19"": 0.025252144216751912, ""C20"": 0.025252144216751912, ""C21"": 0.025252144216751912, ""C22"": 0.025252144216751912, ""C23"": 0.025252144216751912, ""C24"": 0.025252144216751912, ""C25"": 0.025252144216751912}"
70,70,1,808,6.206226,25,"{""C01"": 1.771608, ""C02"": 1.965971, ""C03"": 1.714062, ""C04"": 1.809519, ""C05"": 1.518246, ""C06"": 2.009821, ""C07"": 1.797057, ""C08"": 1.794295, ""C09"": 1.798931, ""C10"": 1.52359, ""C11"": 1.589068, ""C12"": 1.886781, ""C13"": 1.782778, ""C14"": 1.802189, ""C15"": 1.871103, ""C16"": 1.585298, ""C17"": 1.810835, ""C18"": 1.832046, ""C19"": 1.930029, ""C20"": 1.580968, ""C21"": 1.844256, ""C22"": 1.768751, ""C23"": 1.802027, ""C24"": 1.75403, ""C25"": 1.744547}","{""C01"": 0, ""C02"": 0, ""C03"": 0, ""C04"": 0, ""C05"": 0, ""C06"": 1650, ""C07"": 0, ""C08"": 0, ""C09"": 0, ""C10"": 0, ""C11"": 0, ""C12"": 0, ""C13"": 0, ""C14"": 0, ""C15"": 0, ""C16"": 0, ""C17"": 0, ""C18"": 0, ""C19"": 0, ""C20"": 0, ""C21"": 0, ""C22"": 0, ""C23"": 0, ""C24"": 0, ""C25"": 0}","{""C01"": 0.02526402585974294, ""C02"": 0.02526402585974294, ""C03"": 0.02526402585974294, ""C04"": 0.02526402585974294, ""C05"": 0.02526402585974294, ""C06"": 0.02430850197475926, ""C07"": 0.02526402585974294, ""C08"": 0.02526402585974294, ""C09"": 0.02526402585974294, ""C10"": 0.02526402585974294, ""C11"": 0.02526402585974294, ""C12"": 0.02526402585974294, ""C13"": 0.02526402585974294, ""C14"": 0.02526402585974294, ""C15"": 0.02526402585974294, ""C16"": 0.02526402585974294, ""C17"": 0.02526402585974294, ""C18"": 0.02526402585974294, ""C19"": 0.02526402585974294, ""C20"": 0.02526402585974294, ""C21"": 0.02526402585974294, ""C22"": 0.02526402585974294, ""C23"": 0.02526402585974294, ""C24"": 0.02526402585974294, ""C25"": 0.02526402585974294}"
71,71,1,207,1.610509,25,"{""C01"": 1.731144, ""C02"": 1.960696, ""C03"": 1.768074, ""C04"": 1.807148, ""C05"": 1.500583, ""C06"": 1.947017, ""C07"": 1.803842, ""C08"": 1.782365, ""C09"": 1.855368, ""C10"": 1.523365, ""C11"": 1.559357, ""C12"": 1.892821, ""C13"": 1.783708, ""C14"": 1.810328, ""C15"": 1.896915, ""C16"": 1.565041, ""C17"": 1.840842, ""C18"": 1.826935, ""C19"": 1.9486, ""C20"": 1.578409, ""C21"": 1.836634, ""C22"": 1.720453, ""C23"": 1.832206, ""C24"": 1.755972, ""C25"": 1.70888}","{""C01"": 0, ""C02"": 653, ""C03"": 0, ""C04"": 0, ""C05"": 0, ""C06"": 500, ""C07"": 0, ""C08"": 0, ""C09"": 0, ""C10"": 0, ""C11"": 0, ""C12"": 0, ""C13"": 0, ""C14"": 0, ""C15"": 0, ""C16"": 0, ""C17"": 0, ""C18"": 0, ""C19"": 516, ""C20"": 0, ""C21"": 0, ""C22"": 0, ""C23"": 0, ""C24"": 0, ""C25"": 0}","{""C01"": 0.02524729361128683, ""C02"": 0.024869153256650237, ""C03"": 0.02524729361128683, ""C04"": 0.02524729361128683, ""C05"": 0.02524729361128683, ""C06"": 0.02495773513654642, ""C07"": 0.02524729361128683, ""C08"": 0.02524729361128683, ""C09"": 0.02524729361128683, ""C10"": 0.02524729361128683, ""C11"": 0.02524729361128683, ""C12"": 0.02524729361128683, ""C13"": 0.02524729361128683, ""C14"": 0.02524729361128683, ""C15"": 0.02524729361128683, ""C16"": 0.02524729361128683, ""C17"": 0.02524729361128683, ""C18"": 0.02524729361128683, ""C19"": 0.02494847029701447, ""C20"": 0.02524729361128683, ""C21"": 0.02524729361128683, ""C22"": 0.02524729361128683, ""C23"": 0.02524729361128683, ""C24"": 0.02524729361128683, ""C25"": 0.02524729361128683}"
72,72,1,900,8.083098,25,"{""C01"": 1.750593, ""C02"": 1.938099, ""C03"": 1.774619, ""C04"": 1.828493, ""C05"": 1.549041, ""C06"": 1.983587, ""C07"": 1.828613, ""C08"": 1.725405, ""C09"": 1.809872, ""C10"": 1.4869, ""C11"": 1.628886, ""C12"": 1.873177, ""C13"": 1.786784, ""C14"": 1.792938, ""C15"": 1.862427, ""C16"": 1.558902, ""C17"": 1.782982, ""C18"": 1.846915, ""C19"": 1.949213, ""C20"": 1.597002, ""C21"": 1.867705, ""C22"": 1.784472, ""C23"": 1.83224, ""C24"": 1.795526, ""C25"": 1.754501}","{""C01"": 0, ""C02"": 0, ""C03"": 0, ""C04"": 0, ""C05"": 0, ""C06"": 1656, ""C07"": 0, ""C08"": 0, ""C09"": 0, ""C10"": 0, ""C11"": 0, ""C12"": 0, ""C13"": 0, ""C14"": 0, ""C15"": 0, ""C16"": 0, ""C17"": 0, ""C18"": 0, ""C19"": 0, ""C20"": 0, ""C21"": 0, ""C22"": 0, ""C23"": 0, ""C24"": 0, ""C25"": 0}","{""C01"": 0.025254846443348106, ""C02"": 0.025254846443348106, ""C03"": 0.025254846443348106, ""C04"": 0.025254846443348106, ""C05"": 0.025254846443348106, ""C06"": 0.024295851746937134, ""C07"": 0.025254846443348106, ""C08"": 0.025254846443348106, ""C09"": 0.025254846443348106, ""C10"": 0.025254846443348106, ""C11"": 0.025254846443348106, ""C12"": 0.025254846443348106, ""C13"": 0.025254846443348106, ""C14"": 0.025254846443348106, ""C15"": 0.025254846443348106, ""C16"": 0.025254846443348106, ""C17"": 0.025254846443348106, ""C18"": 0.025254846443348106, ""C19"": 0.025254846443348106, ""C20"": 0.025254846443348106, ""C21"": 0.025254846443348106, ""C22"": 0.025254846443348106, ""C23"": 0.025254846443348106, ""C24"": 0.025254846443348106, ""C25"": 0.025254846443348106}"
73,73,1,681,6.529354,25,"{""C01"": 1.764858, ""C02"": 1.92695, ""C03"": 1.754361, ""C04"": 1.775597, ""C05"": 1.514052, ""C06"": 1.979848, ""C07"": 1.789066, ""C08"": 1.819446, ""C09"": 1.810412, ""C10"": 1.547399, ""C11"": 1.551924, ""C12"": 1.902733, ""C13"": 1.779783, ""C14"": 1.798067, ""C15"": 1.873146, ""C16"": 1.552116, ""C17"": 1.821001, ""C18"": 1.834863, ""C19"": 1.941202, ""C20"": 1.6081, ""C21"": 1.859291, ""C22"": 1.751819, ""C23"": 1.801634, ""C24"": 1.756591, ""C25"": 1.707901}","{""C01"": 0, ""C02"": 0, ""C03"": 0, ""C04"": 0, ""C05"": 0, ""C06"": 1657, ""C07"": 0, ""C08"": 0, ""C09"": 0, ""C10"": 0, ""C11"": 0, ""C12"": 0, ""C13"": 0, ""C14"": 0, ""C15"": 0, ""C16"": 0, ""C17"": 0, ""C18"": 0, ""C19"": 0, ""C20"": 0, ""C21"": 0, ""C22"": 0, ""C23"": 0, ""C24"": 0, ""C25"": 0}","{""C01"": 0.02525360479230733, ""C02"": 0.02525360479230733, ""C03"": 0.02525360479230733, ""C04"": 0.02525360479230733, ""C05"": 0.02525360479230733, ""C06"": 0.024294030908813498, ""C07"": 0.02525360479230733, ""C08"": 0.02525360479230733, ""C09"": 0.02525360479230733, ""C10"": 0.02525360479230733, ""C11"": 0.02525360479230733, ""C12"": 0.02525360479230733, ""C13"": 0.02525360479230733, ""C14"": 0.02525360479230733, ""C15"": 0.02525360479230733, ""C16"": 0.02525360479230733, ""C17"": 0.02525360479230733, ""C18"": 0.02525360479230733, ""C19"": 0.02525360479230733, ""C20"": 0.02525360479230733, ""C21"": 0.02525360479230733, ""C22"": 0.02525360479230733, ""C23"": 0.02525360479230733, ""C24"": 0.02525360479230733, ""C25"": 0.02525360479230733}"
74,74,1,548,4.212947,25,"{""C01"": 1.760603, ""C02"": 1.931386, ""C03"": 1.74636, ""C04"": 1.788213, ""C05"": 1.516576, ""C06"": 1.987767, ""C07"": 1.80264, ""C08"": 1.788297, ""C09"": 1.829669, ""C10"": 1.488416, ""C11"": 1.573993, ""C12"": 1.900711, ""C13"": 1.780838, ""C14"": 1.784287, ""C15"": 1.880047, ""C16"": 1.557924, ""C17"": 1.84299, ""C18"": 1.795793, ""C19"": 1.922211, ""C20"": 1.608169, ""C21"": 1.858255, ""C22"": 1.762569, ""C23"": 1.825179, ""C24"": 1.77666, ""C25"": 1.713929}","{""C01"": 0, ""C02"": 0, ""C03"": 0, ""C04"": 0, ""C05"": 0, ""C06"": 1655, ""C07"": 0, ""C08"": 0, ""C09"": 0, ""C10"": 0, ""C11"": 0, ""C12"": 0, ""C13"": 0, ""C14"": 0, ""C15"": 0, ""C16"": 0, ""C17"": 0, ""C18"": 0, ""C19"": 0, ""C20"": 0, ""C21"": 0, ""C22"": 0, ""C23"": 0, ""C24"": 0, ""C25"": 0}","{""C01"": 0.025256298096369437, ""C02"": 0.025256298096369437, ""C03"": 0.025256298096369437, ""C04"": 0.025256298096369437, ""C05"": 0.025256298096369437, ""C06"": 0.02429788206547695, ""C07"": 0.025256298096369437, ""C08"": 0.025256298096369437, ""C09"": 0.025256298096369437, ""C10"": 0.025256298096369437, ""C11"": 0.025256298096369437, ""C12"": 0.025256298096369437, ""C13"": 0.025256298096369437, ""C14"": 0.025256298096369437, ""C15"": 0.025256298096369437, ""C16"": 0.025256298096369437, ""C17"": 0.025256298096369437, ""C18"": 0.025256298096369437, ""C19"": 0.025256298096369437, ""C20"": 0.025256298096369437, ""C21"": 0.025256298096369437, ""C22"": 0.025256298096369437, ""C23"": 0.025256298096369437, ""C24"": 0.025256298096369437, ""C25"": 0.025256298096369437}"
75,75,1,899,6.953313,25,"{""C01"": 1.746834, ""C02"": 1.939148, ""C03"": 1.778575, ""C04"": 1.801213, ""C05"": 1.511684, ""C06"": 1.964674, ""C07"": 1.817456, ""C08"": 1.730749, ""C09"": 1.807004, ""C10"": 1.482783, ""C11"": 1.554028, ""C12"": 1.852476, ""C13"": 1.729822, ""C14"": 1.793897, ""C15"": 1.857708, ""C16"": 1.559411, ""C17"": 1.834347, ""C18"": 1.805224, ""C19"": 1.90669, ""C20"": 1.599799, ""C21"": 1.845771, ""C22"": 1.722971, ""C23"": 1.777276, ""C24"": 1.790967, ""C25"": 1.690301}","{""C01"": 0, ""C02"": 0, ""C03"": 0, ""C04"": 0, ""C05"": 0, ""C06"": 1661, ""C07"": 0, ""C08"": 0, ""C09"": 0, ""C10"": 0, ""C11"": 0, ""C12"": 0, ""C13"": 0, ""C14"": 0, ""C15"": 0, ""C16"": 0, ""C17"": 0, ""C18"": 0, ""C19"": 0, ""C20"": 0, ""C21"": 0, ""C22"": 0, ""C23"": 0, ""C24"": 0, ""C25"": 0}","{""C01"": 0.02524848495179141, ""C02"": 0.02524848495179141, ""C03"": 0.02524848495179141, ""C04"": 0.02524848495179141, ""C05"": 0.02524848495179141, ""C06"": 0.024286594697995368, ""C07"": 0.02524848495179141, ""C08"": 0.02524848495179141, ""C09"": 0.02524848495179141, ""C10"": 0.02524848495179141, ""C11"": 0.02524848495179141, ""C12"": 0.02524848495179141, ""C13"": 0.02524848495179141, ""C14"": 0.02524848495179141, ""C15"": 0.02524848495179141, ""C16"": 0.02524848495179141, ""C17"": 0.02524848495179141, ""C18"": 0.02524848495179141, ""C19"": 0.02524848495179141, ""C20"": 0.02524848495179141, ""C21"": 0.02524848495179141, ""C22"": 0.02524848495179141, ""C23"": 0.02524848495179141, ""C24"": 0.02524848495179141, ""C25"": 0.02524848495179141}"
76,76,1,629,4.922967,25,"{""C01"": 1.779013, ""C02"": 1.926898, ""C03"": 1.757729, ""C04"": 1.764596, ""C05"": 1.473933, ""C06"": 1.968018, ""C07"": 1.762121, ""C08"": 1.746348, ""C09"": 1.783996, ""C10"": 1.501783, ""C11"": 1.553078, ""C12"": 1.880679, ""C13"": 1.752535, ""C14"": 1.818286, ""C15"": 1.860403, ""C16"": 1.557864, ""C17"": 1.794851, ""C18"": 1.825872, ""C19"": 1.92866, ""C20"": 1.572771, ""C21"": 1.839775, ""C22"": 1.728639, ""C23"": 1.764563, ""C24"": 1.754034, ""C25"": 1.713321}","{""C01"": 0, ""C02"": 0, ""C03"": 0, ""C04"": 0, ""C05"": 0, ""C06"": 1661, ""C07"": 0, ""C08"": 0, ""C09"": 0, ""C10"": 0, ""C11"": 0, ""C12"": 0, ""C13"": 0, ""C14"": 0, ""C15"": 0, ""C16"": 0, ""C17"": 0, ""C18"": 0, ""C19"": 0, ""C20"": 0, ""C21"": 0, ""C22"": 0, ""C23"": 0, ""C24"": 0, ""C25"": 0}","{""C01"": 0.025250134507860067, ""C02"": 0.025250134507860067, ""C03"": 0.025250134507860067, ""C04"": 0.025250134507860067, ""C05"": 0.025250134507860067, ""C06"": 0.024288240174033294, ""C07"": 0.025250134507860067, ""C08"": 0.025250134507860067, ""C09"": 0.025250134507860067, ""C10"": 0.025250134507860067, ""C11"": 0.025250134507860067, ""C12"": 0.025250134507860067, ""C13"": 0.025250134507860067, ""C14"": 0.025250134507860067, ""C15"": 0.025250134507860067, ""C16"": 0.025250134507860067, ""C17"": 0.025250134507860067, ""C18"": 0.025250134507860067, ""C19"": 0.025250134507860067, ""C20"": 0.025250134507860067, ""C21"": 0.025250134507860067, ""C22"": 0.025250134507860067, ""C23"": 0.025250134507860067, ""C24"": 0.025250134507860067, ""C25"": 0.025250134507860067}"
77,77,1,489,5.288886,25,"{""C01"": 1.756993, ""C02"": 1.890986, ""C03"": 1.723937, ""C04"": 1.775886, ""C05"": 1.464758, ""C06"": 1.966594, ""C07"": 1.786885, ""C08"": 1.76139, ""C09"": 1.82416, ""C10"": 1.498134, ""C11"": 1.554603, ""C12"": 1.857416, ""C13"": 1.760856, ""C14"": 1.800301, ""C15"": 1.844042, ""C16"": 1.538291, ""C17"": 1.788271, ""C18"": 1.780392, ""C19"": 1.910435, ""C20"": 1.571242, ""C21"": 1.814182, ""C22"": 1.727501, ""C23"": 1.777633, ""C24"": 1.738108, ""C25"": 1.681849}","{""C01"": 0, ""C02"": 0, ""C03"": 0, ""C04"": 0, ""C05"": 0, ""C06"": 1661, ""C07"": 0, ""C08"": 0, ""C09"": 0, ""C10"": 0, ""C11"": 0, ""C12"": 0, ""C13"": 0, ""C14"": 0, ""C15"": 0, ""C16"": 0, ""C17"": 0, ""C18"": 0, ""C19"": 0, ""C20"": 0, ""C21"": 0, ""C22"": 0, ""C23"": 0, ""C24"": 0, ""C25"": 0}","{""C01"": 0.025249432565361565, ""C02"": 0.025249432565361565, ""C03"": 0.025249432565361565, ""C04"": 0.025249432565361565, ""C05"": 0.025249432565361565, ""C06"": 0.024287539967766034, ""C07"": 0.025249432565361565, ""C08"": 0.025249432565361565, ""C09"": 0.025249432565361565, ""C10"": 0.025249432565361565, ""C11"": 0.025249432565361565, ""C12"": 0.025249432565361565, ""C13"": 0.025249432565361565, ""C14"": 0.025249432565361565, ""C15"": 0.025249432565361565, ""C16"": 0.025249432565361565, ""C17"": 0.025249432565361565, ""C18"": 0.025249432565361565, ""C19"": 0.025249432565361565, ""C20"": 0.025249432565361565, ""C21"": 0.025249432565361565, ""C22"": 0.025249432565361565, ""C23"": 0.025249432565361565, ""C24"": 0.025249432565361565, ""C25"": 0.025249432565361565}"
78,78,1,823,6.323596,25,"{""C01"": 1.714593, ""C02"": 1.894661, ""C03"": 1.730487, ""C04"": 1.765775, ""C05"": 1.502213, ""C06"": 1.958778, ""C07"": 1.785763, ""C08"": 1.730182, ""C09"": 1.79658, ""C10"": 1.440312, ""C11"": 1.504202, ""C12"": 1.858005, ""C13"": 1.724057, ""C14"": 1.748593, ""C15"": 1.828681, ""C16"": 1.550528, ""C17"": 1.793981, ""C18"": 1.75928, ""C19"": 1.920255, ""C20"": 1.599408, ""C21"": 1.8565, ""C22"": 1.688774, ""C23"": 1.750731, ""C24"": 1.735351, ""C25"": 1.666491}","{""C01"": 0, ""C02"": 0, ""C03"": 0, ""C04"": 0, ""C05"": 0, ""C06"": 1663, ""C07"": 0, ""C08"": 0, ""C09"": 0, ""C10"": 0, ""C11"": 0, ""C12"": 0, ""C13"": 0, ""C14"": 0, ""C15"": 0, ""C16"": 0, ""C17"": 0, ""C18"": 0, ""C19"": 0, ""C20"": 0, ""C21"": 0, ""C22"": 0, ""C23"": 0, ""C24"": 0, ""C25"": 0}","{""C01"": 0.025246735508270446, ""C02"": 0.025246735508270446, ""C03"": 0.025246735508270446, ""C04"": 0.025246735508270446, ""C05"": 0.025246735508270446, ""C06"": 0.02428368506603249, ""C07"": 0.025246735508270446, ""C08"": 0.025246735508270446, ""C09"": 0.025246735508270446, ""C10"": 0.025246735508270446, ""C11"": 0.025246735508270446, ""C12"": 0.025246735508270446, ""C13"": 0.025246735508270446, ""C14"": 0.025246735508270446, ""C15"": 0.025246735508270446, ""C16"": 0.025246735508270446, ""C17"": 0.025246735508270446, ""C18"": 0.025246735508270446, ""C19"": 0.025246735508270446, ""C20"": 0.025246735508270446, ""C21"": 0.025246735508270446, ""C22"": 0.025246735508270446, ""C23"": 0.025246735508270446, ""C24"": 0.025246735508270446, ""C25"": 0.025246735508270446}"
79,79,1,484,3.715176,25,"{""C01"": 1.71997, ""C02"": 1.921237, ""C03"": 1.728544, ""C04"": 1.771188, ""C05"": 1.458249, ""C06"": 1.930714, ""C07"": 1.754589, ""C08"": 1.719144, ""C09"": 1.797598, ""C10"": 1.488775, ""C11"": 1.523459, ""C12"": 1.830002, ""C13"": 1.738421, ""C14"": 1.772335, ""C15"": 1.864713, ""C16"": 1.52057, ""C17"": 1.779818, ""C18"": 1.826922, ""C19"": 1.891394, ""C20"": 1.560031, ""C21"": 1.798341, ""C22"": 1.689526, ""C23"": 1.772878, ""C24"": 1.738399, ""C25"": 1.639052}","{""C01"": 0, ""C02"": 641, ""C03"": 0, ""C04"": 0, ""C05"": 0, ""C06"": 1033, ""C07"": 0, ""C08"": 0, ""C09"": 0, ""C10"": 0, ""C11"": 0, ""C12"": 0, ""C13"": 0, ""C14"": 0, ""C15"": 0, ""C16"": 0, ""C17"": 0, ""C18"": 0, ""C19"": 0, ""C20"": 0, ""C21"": 0, ""C22"": 0, ""C23"": 0, ""C24"": 0, ""C25"": 0}","{""C01"": 0.02523727534294909, ""C02"": 0.024866063851039108, ""C03"": 0.02523727534294909, ""C04"": 0.02523727534294909, ""C05"": 0.02523727534294909, ""C06"": 0.024639068095395168, ""C07"": 0.02523727534294909, ""C08"": 0.02523727534294909, ""C09"": 0.02523727534294909, ""C10"": 0.02523727534294909, ""C11"": 0.02523727534294909, ""C12"": 0.02523727534294909, ""C13"": 0.02523727534294909, ""C14"": 0.02523727534294909, ""C15"": 0.02523727534294909, ""C16"": 0.02523727534294909, ""C17"": 0.02523727534294909, ""C18"": 0.02523727534294909, ""C19"": 0.02523727534294909, ""C20"": 0.02523727534294909, ""C21"": 0.02523727534294909, ""C22"": 0.02523727534294909, ""C23"": 0.02523727534294909, ""C24"": 0.02523727534294909, ""C25"": 0.02523727534294909}"
80,80,1,978,7.478753,25,"{""C01"": 1.716487, ""C02"": 1.898054, ""C03"": 1.726376, ""C04"": 1.76449, ""C05"": 1.489541, ""C06"": 1.916576, ""C07"": 1.746846, ""C08"": 1.723932, ""C09"": 1.744862, ""C10"": 1.424607, ""C11"": 1.540654, ""C12"": 1.851517, ""C13"": 1.715692, ""C14"": 1.744133, ""C15"": 1.83197, ""C16"": 1.501021, ""C17"": 1.779141, ""C18"": 1.75397, ""C19"": 1.8641, ""C20"": 1.516123, ""C21"": 1.819941, ""C22"": 1.691603, ""C23"": 1.752467, ""C24"": 1.726316, ""C25"": 1.676886}","{""C01"": 0, ""C02"": 0, ""C03"": 0, ""C04"": 0, ""C05"": 0, ""C06"": 1675, ""C07"": 0, ""C08"": 0, ""C09"": 0, ""C10"": 0, ""C11"": 0, ""C12"": 0, ""C13"": 0, ""C14"": 0, ""C15"": 0, ""C16"": 0, ""C17"": 0, ""C18"": 0, ""C19"": 0, ""C20"": 0, ""C21"": 0, ""C22"": 0, ""C23"": 0, ""C24"": 0, ""C25"": 0}","{""C01"": 0.025232518335617043, ""C02"": 0.025232518335617043, ""C03"": 0.025232518335617043, ""C04"": 0.025232518335617043, ""C05"": 0.025232518335617043, ""C06"": 0.02426251597209286, ""C07"": 0.025232518335617043, ""C08"": 0.025232518335617043, ""C09"": 0.025232518335617043, ""C10"": 0.025232518335617043, ""C11"": 0.025232518335617043, ""C12"": 0.025232518335617043, ""C13"": 0.025232518335617043, ""C14"": 0.025232518335617043, ""C15"": 0.025232518335617043, ""C16"": 0.025232518335617043, ""C17"": 0.025232518335617043, ""C18"": 0.025232518335617043, ""C19"": 0.025232518335617043, ""C20"": 0.025232518335617043, ""C21"": 0.025232518335617043, ""C22"": 0.025232518335617043, ""C23"": 0.025232518335617043, ""C24"": 0.025232518335617043, ""C25"": 0.025232518335617043}"
81,81,1,612,4.742772,25,"{""C01"": 1.676561, ""C02"": 1.882528, ""C03"": 1.712357, ""C04"": 1.721762, ""C05"": 1.4713, ""C06"": 1.937133, ""C07"": 1.737588, ""C08"": 1.754551, ""C09"": 1.763275, ""C10"": 1.449125, ""C11"": 1.473979, ""C12"": 1.818681, ""C13"": 1.712051, ""C14"": 1.707538, ""C15"": 1.799618, ""C16"": 1.527237, ""C17"": 1.764589, ""C18"": 1.757128, ""C19"": 1.888139, ""C20"": 1.54517, ""C21"": 1.832083, ""C22"": 1.668576, ""C23"": 1.75059, ""C24"": 1.725676, ""C25"": 1.627837}","{""C01"": 0, ""C02"": 0, ""C03"": 0, ""C04"": 0, ""C05"": 0, ""C06"": 1669, ""C07"": 0, ""C08"": 0, ""C09"": 0, ""C10"": 0, ""C11"": 0, ""C12"": 0, ""C13"": 0, ""C14"": 0, ""C15"": 0, ""C16"": 0, ""C17"": 0, ""C18"": 0, ""C19"": 0, ""C20"": 0, ""C21"": 0, ""C22"": 0, ""C23"": 0, ""C24"": 0, ""C25"": 0}","{""C01"": 0.02523942926316544, ""C02"": 0.02523942926316544, ""C03"": 0.02523942926316544, ""C04"": 0.02523942926316544, ""C05"": 0.02523942926316544, ""C06"": 0.024272903345075144, ""C07"": 0.02523942926316544, ""C08"": 0.02523942926316544, ""C09"": 0.02523942926316544, ""C10"": 0.02523942926316544, ""C11"": 0.02523942926316544, ""C12"": 0.02523942926316544, ""C13"": 0.02523942926316544, ""C14"": 0.02523942926316544, ""C15"": 0.02523942926316544, ""C16"": 0.02523942926316544, ""C17"": 0.02523942926316544, ""C18"": 0.02523942926316544, ""C19"": 0.02523942926316544, ""C20"": 0.02523942926316544, ""C21"": 0.02523942926316544, ""C22"": 0.02523942926316544, ""C23"": 0.02523942926316544, ""C24"": 0.02523942926316544, ""C25"": 0.02523942926316544}"
82,82,1,541,4.224988,25,"{""C01"": 1.709945, ""C02"": 1.857352, ""C03"": 1.6874, ""C04"": 1.718387, ""C05"": 1.434242, ""C06"": 1.922247, ""C07"": 1.718754, ""C08"": 1.729602, ""C09"": 1.757941, ""C10"": 1.427529, ""C11"": 1.527659, ""C12"": 1.829621, ""C13"": 1.694135, ""C14"": 1.7144, ""C15"": 1.780988, ""C16"": 1.489506, ""C17"": 1.766102, ""C18"": 1.77797, ""C19"": 1.868173, ""C20"": 1.537386, ""C21"": 1.785986, ""C22"": 1.662365, ""C23"": 1.769118, ""C24"": 1.696129, ""C25"": 1.628514}","{""C01"": 0, ""C02"": 0, ""C03"": 0, ""C04"": 0, ""C05"": 0, ""C06"": 1673, ""C07"": 0, ""C08"": 0, ""C09"": 0, ""C10"": 0, ""C11"": 0, ""C12"": 0, ""C13"": 0, ""C14"": 0, ""C15"": 0, ""C16"": 0, ""C17"": 0, ""C18"": 0, ""C19"": 0, ""C20"": 0, ""C21"": 0, ""C22"": 0, ""C23"": 0, ""C24"": 0, ""C25"": 0}","{""C01"": 0.025234238150251748, ""C02"": 0.025234238150251748, ""C03"": 0.025234238150251748, ""C04"": 0.025234238150251748, ""C05"": 0.025234238150251748, ""C06"": 0.02426539603383896, ""C07"": 0.025234238150251748, ""C08"": 0.025234238150251748, ""C09"": 0.025234238150251748, ""C10"": 0.025234238150251748, ""C11"": 0.025234238150251748, ""C12"": 0.025234238150251748, ""C13"": 0.025234238150251748, ""C14"": 0.025234238150251748, ""C15"": 0.025234238150251748, ""C16"": 0.025234238150251748, ""C17"": 0.025234238150251748, ""C18"": 0.025234238150251748, ""C19"": 0.025234238150251748, ""C20"": 0.025234238150251748, ""C21"": 0.025234238150251748, ""C22"": 0.025234238150251748, ""C23"": 0.025234238150251748, ""C24"": 0.025234238150251748, ""C25"": 0.025234238150251748}"
83,83,1,456,3.471180,25,"{""C01"": 1.729972, ""C02"": 1.861099, ""C03"": 1.679432, ""C04"": 1.751349, ""C05"": 1.453569, ""C06"": 1.89263, ""C07"": 1.779853, ""C08"": 1.687793, ""C09"": 1.759975, ""C10"": 1.406137, ""C11"": 1.505382, ""C12"": 1.805653, ""C13"": 1.708533, ""C14"": 1.745326, ""C15"": 1.82991, ""C16"": 1.495271, ""C17"": 1.775421, ""C18"": 1.774134, ""C19"": 1.906253, ""C20"": 1.534379, ""C21"": 1.810505, ""C22"": 1.678003, ""C23"": 1.733762, ""C24"": 1.769657, ""C25"": 1.641053}","{""C01"": 0, ""C02"": 0, ""C03"": 0, ""C04"": 0, ""C05"": 0, ""C06"": 676, ""C07"": 0, ""C08"": 0, ""C09"": 0, ""C10"": 0, ""C11"": 0, ""C12"": 0, ""C13"": 0, ""C14"": 0, ""C15"": 0, ""C16"": 0, ""C17"": 0, ""C18"": 0, ""C19"": 1006, ""C20"": 0, ""C21"": 0, ""C22"": 0, ""C23"": 0, ""C24"": 0, ""C25"": 0}","{""C01"": 0.02522849962438592, ""C02"": 0.02522849962438592, ""C03"": 0.02522849962438592, ""C04"": 0.02522849962438592, ""C05"": 0.02522849962438592, ""C06"": 0.024837016217649943, ""C07"": 0.02522849962438592, ""C08"": 0.02522849962438592, ""C09"": 0.02522849962438592, ""C10"": 0.02522849962438592, ""C11"": 0.02522849962438592, ""C12"": 0.02522849962438592, ""C13"": 0.02522849962438592, ""C14"": 0.02522849962438592, ""C15"": 0.02522849962438592, ""C16"": 0.02522849962438592, ""C17"": 0.02522849962438592, ""C18"": 0.02522849962438592, ""C19"": 0.02464593041705739, ""C20"": 0.02522849962438592, ""C21"": 0.02522849962438592, ""C22"": 0.02522849962438592, ""C23"": 0.02522849962438592, ""C24"": 0.02522849962438592, ""C25"": 0.02522849962438592}"
84,84,1,480,3.753592,25,"{""C01"": 1.722317, ""C02"": 1.877399, ""C03"": 1.700835, ""C04"": 1.726965, ""C05"": 1.432525, ""C06"": 1.940845, ""C07"": 1.76092, ""C08"": 1.714544, ""C09"": 1.738642, ""C10"": 1.416279, ""C11"": 1.463764, ""C12"": 1.792924, ""C13"": 1.715882, ""C14"": 1.725564, ""C15"": 1.774776, ""C16"": 1.456438, ""C17"": 1.741193, ""C18"": 1.769701, ""C19"": 1.873069, ""C20"": 1.523539, ""C21"": 1.812559, ""C22"": 1.665708, ""C23"": 1.726512, ""C24"": 1.7424, ""C25"": 1.626924}","{""C01"": 0, ""C02"": 0, ""C03"": 0, ""C04"": 0, ""C05"": 0, ""C06"": 1668, ""C07"": 0, ""C08"": 0, ""C09"": 0, ""C10"": 0, ""C11"": 0, ""C12"": 0, ""C13"": 0, ""C14"": 0, ""C15"": 0, ""C16"": 0, ""C17"": 0, ""C18"": 0, ""C19"": 0, ""C20"": 0, ""C21"": 0, ""C22"": 0, ""C23"": 0, ""C24"": 0, ""C25"": 0}","{""C01"": 0.025240710405119715, ""C02"": 0.025240710405119715, ""C03"": 0.025240710405119715, ""C04"": 0.025240710405119715, ""C05"": 0.025240710405119715, ""C06"": 0.02427476357687481, ""C07"": 0.025240710405119715, ""C08"": 0.025240710405119715, ""C09"": 0.025240710405119715, ""C10"": 0.025240710405119715, ""C11"": 0.025240710405119715, ""C12"": 0.025240710405119715, ""C13"": 0.025240710405119715, ""C14"": 0.025240710405119715, ""C15"": 0.025240710405119715, ""C16"": 0.025240710405119715, ""C17"": 0.025240710405119715, ""C18"": 0.025240710405119715, ""C19"": 0.025240710405119715, ""C20"": 0.025240710405119715, ""C21"": 0.025240710405119715, ""C22"": 0.025240710405119715, ""C23"": 0.025240710405119715, ""C24"": 0.025240710405119715, ""C25"": 0.025240710405119715}"
85,85,1,1154,8.977262,25,"{""C01"": 1.688436, ""C02"": 1.879831, ""C03"": 1.72873, ""C04"": 1.698697, ""C05"": 1.415741, ""C06"": 1.904552, ""C07"": 1.749353, ""C08"": 1.69295, ""C09"": 1.723934, ""C10"": 1.420986, ""C11"": 1.486275, ""C12"": 1.82086, ""C13"": 1.673336, ""C14"": 1.770041, ""C15"": 1.792506, ""C16"": 1.435554, ""C17"": 1.738882, ""C18"": 1.730884, ""C19"": 1.883808, ""C20"": 1.535711, ""C21"": 1.807772, ""C22"": 1.701448, ""C23"": 1.720552, ""C24"": 1.711568, ""C25"": 1.581038}","{""C01"": 0, ""C02"": 0, ""C03"": 0, ""C04"": 0, ""C05"": 0, ""C06"": 1678, ""C07"": 0, ""C08"": 0, ""C09"": 0, ""C10"": 0, ""C11"": 0, ""C12"": 0, ""C13"": 0, ""C14"": 0, ""C15"": 0, ""C16"": 0, ""C17"": 0, ""C18"": 0, ""C19"": 0, ""C20"": 0, ""C21"": 0, ""C22"": 0, ""C23"": 0, ""C24"": 0, ""C25"": 0}","{""C01"": 0.025228110374977672, ""C02"": 0.025228110374977672, ""C03"": 0.025228110374977672, ""C04"": 0.025228110374977672, ""C05"": 0.025228110374977672, ""C06"": 0.02425637212116136, ""C07"": 0.025228110374977672, ""C08"": 0.025228110374977672, ""C09"": 0.025228110374977672, ""C10"": 0.025228110374977672, ""C11"": 0.025228110374977672, ""C12"": 0.025228110374977672, ""C13"": 0.025228110374977672, ""C14"": 0.025228110374977672, ""C15"": 0.025228110374977672, ""C16"": 0.025228110374977672, ""C17"": 0.025228110374977672, ""C18"": 0.025228110374977672, ""C19"": 0.025228110374977672, ""C20"": 0.025228110374977672, ""C21"": 0.025228110374977672, ""C22"": 0.025228110374977672, ""C23"": 0.025228110374977672, ""C24"": 0.025228110374977672, ""C25"": 0.025228110374977672}"
86,86,1,842,6.497866,25,"{""C01"": 1.648938, ""C02"": 1.854133, ""C03"": 1.659573, ""C04"": 1.699, ""C05"": 1.442298, ""C06"": 1.892149, ""C07"": 1.725257, ""C08"": 1.720701, ""C09"": 1.736604, ""C10"": 1.408808, ""C11"": 1.491024, ""C12"": 1.79033, ""C13"": 1.718174, ""C14"": 1.723218, ""C15"": 1.798841, ""C16"": 1.460631, ""C17"": 1.748152, ""C18"": 1.740066, ""C19"": 1.828828, ""C20"": 1.495918, ""C21"": 1.789213, ""C22"": 1.674136, ""C23"": 1.715957, ""C24"": 1.717862, ""C25"": 1.594273}","{""C01"": 0, ""C02"": 0, ""C03"": 0, ""C04"": 0, ""C05"": 0, ""C06"": 1681, ""C07"": 0, ""C08"": 0, ""C09"": 0, ""C10"": 0, ""C11"": 0, ""C12"": 0, ""C13"": 0, ""C14"": 0, ""C15"": 0, ""C16"": 0, ""C17"": 0, ""C18"": 0, ""C19"": 0, ""C20"": 0, ""C21"": 0, ""C22"": 0, ""C23"": 0, ""C24"": 0, ""C25"": 0}","{""C01"": 0.025223454418694113, ""C02"": 0.025223454418694113, ""C03"": 0.025223454418694113, ""C04"": 0.025223454418694113, ""C05"": 0.025223454418694113, ""C06"": 0.024249980872524248, ""C07"": 0.025223454418694113, ""C08"": 0.025223454418694113, ""C09"": 0.025223454418694113, ""C10"": 0.025223454418694113, ""C11"": 0.025223454418694113, ""C12"": 0.025223454418694113, ""C13"": 0.025223454418694113, ""C14"": 0.025223454418694113, ""C15"": 0.025223454418694113, ""C16"": 0.025223454418694113, ""C17"": 0.025223454418694113, ""C18"": 0.025223454418694113, ""C19"": 0.025223454418694113, ""C20"": 0.025223454418694113, ""C21"": 0.025223454418694113, ""C22"": 0.025223454418694113, ""C23"": 0.025223454418694113, ""C24"": 0.025223454418694113, ""C25"": 0.025223454418694113}"
87,87,1,629,4.833893,25,"{""C01"": 1.718833, ""C02"": 1.890379, ""C03"": 1.649085, ""C04"": 1.698339, ""C05"": 1.449731, ""C06"": 1.908831, ""C07"": 1.714954, ""C08"": 1.682815, ""C09"": 1.759859, ""C10"": 1.392517, ""C11"": 1.471775, ""C12"": 1.790835, ""C13"": 1.722778, ""C14"": 1.738408, ""C15"": 1.770931, ""C16"": 1.467424, ""C17"": 1.757406, ""C18"": 1.714382, ""C19"": 1.901611, ""C20"": 1.503541, ""C21"": 1.787492, ""C22"": 1.698436, ""C23"": 1.707267, ""C24"": 1.697318, ""C25"": 1.619999}","{""C01"": 0, ""C02"": 0, ""C03"": 0, ""C04"": 0, ""C05"": 0, ""C06"": 1107, ""C07"": 0, ""C08"": 0, ""C09"": 0, ""C10"": 0, ""C11"": 0, ""C12"": 0, ""C13"": 0, ""C14"": 0, ""C15"": 0, ""C16"": 0, ""C17"": 0, ""C18"": 0, ""C19"": 572, ""C20"": 0, ""C21"": 0, ""C22"": 0, ""C23"": 0, ""C24"": 0, ""C25"": 0}","{""C01"": 0.025229628886570224, ""C02"": 0.025229628886570224, ""C03"": 0.025229628886570224, ""C04"": 0.025229628886570224, ""C05"": 0.025229628886570224, ""C06"": 0.02458856701326564, ""C07"": 0.025229628886570224, ""C08"": 0.025229628886570224, ""C09"": 0.025229628886570224, ""C10"": 0.025229628886570224, ""C11"": 0.025229628886570224, ""C12"": 0.025229628886570224, ""C13"": 0.025229628886570224, ""C14"": 0.025229628886570224, ""C15"": 0.025229628886570224, ""C16"": 0.025229628886570224, ""C17"": 0.025229628886570224, ""C18"": 0.025229628886570224, ""C19"": 0.024898379285383028, ""C20"": 0.025229628886570224, ""C21"": 0.025229628886570224, ""C22"": 0.025229628886570224, ""C23"": 0.025229628886570224, ""C24"": 0.025229628886570224, ""C25"": 0.025229628886570224}"
88,88,1,323,2.487610,25,"{""C01"": 1.725521, ""C02"": 1.892404, ""C03"": 1.675179, ""C04"": 1.69755, ""C05"": 1.431585, ""C06"": 1.88176, ""C07"": 1.73785, ""C08"": 1.720017, ""C09"": 1.795899, ""C10"": 1.379917, ""C11"": 1.491726, ""C12"": 1.792299, ""C13"": 1.700093, ""C14"": 1.722396, ""C15"": 1.78288, ""C16"": 1.46805, ""C17"": 1.743136, ""C18"": 1.746661, ""C19"": 1.841979, ""C20"": 1.496749, ""C21"": 1.783626, ""C22"": 1.667678, ""C23"": 1.683403, ""C24"": 1.728884, ""C25"": 1.64837}","{""C01"": 0, ""C02"": 884, ""C03"": 0, ""C04"": 0, ""C05"": 0, ""C06"": 802, ""C07"": 0, ""C08"": 0, ""C09"": 0, ""C10"": 0, ""C11"": 0, ""C12"": 0, ""C13"": 0, ""C14"": 0, ""C15"": 0, ""C16"": 0, ""C17"": 0, ""C18"": 0, ""C19"": 0, ""C20"": 0, ""C21"": 0, ""C22"": 0, ""C23"": 0, ""C24"": 0, ""C25"": 0}","{""C01"": 0.025223872297954017, ""C02"": 0.024711953402881324, ""C03"": 0.025223872297954017, ""C04"": 0.025223872297954017, ""C05"": 0.025223872297954017, ""C06"": 0.024759421281422597, ""C07"": 0.025223872297954017, ""C08"": 0.025223872297954017, ""C09"": 0.025223872297954017, ""C10"": 0.025223872297954017, ""C11"": 0.025223872297954017, ""C12"": 0.025223872297954017, ""C13"": 0.025223872297954017, ""C14"": 0.025223872297954017, ""C15"": 0.025223872297954017, ""C16"": 0.025223872297954017, ""C17"": 0.025223872297954017, ""C18"": 0.025223872297954017, ""C19"": 0.025223872297954017, ""C20"": 0.025223872297954017, ""C21"": 0.025223872297954017, ""C22"": 0.025223872297954017, ""C23"": 0.025223872297954017, ""C24"": 0.025223872297954017, ""C25"": 0.025223872297954017}"
89,89,1,614,4.772807,25,"{""C01"": 1.702196, ""C02"": 1.876109, ""C03"": 1.680598, ""C04"": 1.757691, ""C05"": 1.398109, ""C06"": 1.919453, ""C07"": 1.76075, ""C08"": 1.715234, ""C09"": 1.756277, ""C10"": 1.395984, ""C11"": 1.499269, ""C12"": 1.812604, ""C13"": 1.691, ""C14"": 1.732947, ""C15"": 1.810328, ""C16"": 1.482643, ""C17"": 1.783484, ""C18"": 1.73031, ""C19"": 1.876306, ""C20"": 1.524017, ""C21"": 1.791846, ""C22"": 1.661444, ""C23"": 1.709952, ""C24"": 1.716203, ""C25"": 1.585266}","{""C01"": 0, ""C02"": 0, ""C03"": 0, ""C04"": 0, ""C05"": 0, ""C06"": 1674, ""C07"": 0, ""C08"": 0, ""C09"": 0, ""C10"": 0, ""C11"": 0, ""C12"": 0, ""C13"": 0, ""C14"": 0, ""C15"": 0, ""C16"": 0, ""C17"": 0, ""C18"": 0, ""C19"": 0, ""C20"": 0, ""C21"": 0, ""C22"": 0, ""C23"": 0, ""C24"": 0, ""C25"": 0}","{""C01"": 0.025233400786377924, ""C02"": 0.025233400786377924, ""C03"": 0.025233400786377924, ""C04"": 0.025233400786377924, ""C05"": 0.025233400786377924, ""C06"": 0.024263978490567918, ""C07"": 0.025233400786377924, ""C08"": 0.025233400786377924, ""C09"": 0.025233400786377924, ""C10"": 0.025233400786377924, ""C11"": 0.025233400786377924, ""C12"": 0.025233400786377924, ""C13"": 0.025233400786377924, ""C14"": 0.025233400786377924, ""C15"": 0.025233400786377924, ""C16"": 0.025233400786377924, ""C17"": 0.025233400786377924, ""C18"": 0.025233400786377924, ""C19"": 0.025233400786377924, ""C20"": 0.025233400786377924, ""C21"": 0.025233400786377924, ""C22"": 0.025233400786377924, ""C23"": 0.025233400786377924, ""C24"": 0.025233400786377924, ""C25"": 0.025233400786377924}"
90,90,1,1381,10.595729,25,"{""C01"": 1.714887, ""C02"": 1.870778, ""C03"": 1.688768, ""C04"": 1.725022, ""C05"": 1.439871, ""C06"": 1.908932, ""C07"": 1.752113, ""C08"": 1.724353, ""C09"": 1.783168, ""C10"": 1.413258, ""C11"": 1.512567, ""C12"": 1.832345, ""C13"": 1.67095, ""C14"": 1.75805, ""C15"": 1.823671, ""C16"": 1.460624, ""C17"": 1.759026, ""C18"": 1.737533, ""C19"": 1.891573, ""C20"": 1.527369, ""C21"": 1.817496, ""C22"": 1.681894, ""C23"": 1.71729, ""C24"": 1.726515, ""C25"": 1.613811}","{""C01"": 0, ""C02"": 0, ""C03"": 0, ""C04"": 0, ""C05"": 0, ""C06"": 1677, ""C07"": 0, ""C08"": 0, ""C09"": 0, ""C10"": 0, ""C11"": 0, ""C12"": 0, ""C13"": 0, ""C14"": 0, ""C15"": 0, ""C16"": 0, ""C17"": 0, ""C18"": 0, ""C19"": 0, ""C20"": 0, ""C21"": 0, ""C22"": 0, ""C23"": 0, ""C24"": 0, ""C25"": 0}","{""C01"": 0.02522977615785589, ""C02"": 0.02522977615785589, ""C03"": 0.02522977615785589, ""C04"": 0.02522977615785589, ""C05"": 0.02522977615785589, ""C06"": 0.024258616054098014, ""C07"": 0.02522977615785589, ""C08"": 0.02522977615785589, ""C09"": 0.02522977615785589, ""C10"": 0.02522977615785589, ""C11"": 0.02522977615785589, ""C12"": 0.02522977615785589, ""C13"": 0.02522977615785589, ""C14"": 0.02522977615785589, ""C15"": 0.02522977615785589, ""C16"": 0.02522977615785589, ""C17"": 0.02522977615785589, ""C18"": 0.02522977615785589, ""C19"": 0.02522977615785589, ""C20"": 0.02522977615785589, ""C21"": 0.02522977615785589, ""C22"": 0.02522977615785589, ""C23"": 0.02522977615785589, ""C24"": 0.02522977615785589, ""C25"": 0.02522977615785589}"
91,91,1,879,6.673192,25,"{""C01"": 1.725217, ""C02"": 1.918484, ""C03"": 1.705589, ""C04"": 1.708996, ""C05"": 1.428767, ""C06"": 1.949725, ""C07"": 1.725037, ""C08"": 1.689704, ""C09"": 1.771702, ""C10"": 1.400055, ""C11"": 1.506447, ""C12"": 1.813836, ""C13"": 1.731859, ""C14"": 1.777279, ""C15"": 1.793373, ""C16"": 1.471645, ""C17"": 1.744511, ""C18"": 1.746774, ""C19"": 1.89688, ""C20"": 1.54365, ""C21"": 1.80059, ""C22"": 1.683625, ""C23"": 1.741118, ""C24"": 1.743068, ""C25"": 1.616019}","{""C01"": 0, ""C02"": 0, ""C03"": 0, ""C04"": 0, ""C05"": 0, ""C06"": 1665, ""C07"": 0, ""C08"": 0, ""C09"": 0, ""C10"": 0, ""C11"": 0, ""C12"": 0, ""C13"": 0, ""C14"": 0, ""C15"": 0, ""C16"": 0, ""C17"": 0, ""C18"": 0, ""C19"": 0, ""C20"": 0, ""C21"": 0, ""C22"": 0, ""C23"": 0, ""C24"": 0, ""C25"": 0}","{""C01"": 0.0252434012944477, ""C02"": 0.0252434012944477, ""C03"": 0.0252434012944477, ""C04"": 0.0252434012944477, ""C05"": 0.0252434012944477, ""C06"": 0.024279194577547097, ""C07"": 0.0252434012944477, ""C08"": 0.0252434012944477, ""C09"": 0.0252434012944477, ""C10"": 0.0252434012944477, ""C11"": 0.0252434012944477, ""C12"": 0.0252434012944477, ""C13"": 0.0252434012944477, ""C14"": 0.0252434012944477, ""C15"": 0.0252434012944477, ""C16"": 0.0252434012944477, ""C17"": 0.0252434012944477, ""C18"": 0.0252434012944477, ""C19"": 0.0252434012944477, ""C20"": 0.0252434012944477, ""C21"": 0.0252434012944477, ""C22"": 0.0252434012944477, ""C23"": 0.0252434012944477, ""C24"": 0.0252434012944477, ""C25"": 0.0252434012944477}"
92,92,1,1541,11.768506,25,"{""C01"": 1.727026, ""C02"": 1.911253, ""C03"": 1.706939, ""C04"": 1.7715, ""C05"": 1.464696, ""C06"": 1.935132, ""C07"": 1.754343, ""C08"": 1.761028, ""C09"": 1.785562, ""C10"": 1.443869, ""C11"": 1.539204, ""C12"": 1.85635, ""C13"": 1.733682, ""C14"": 1.785325, ""C15"": 1.814679, ""C16"": 1.512313, ""C17"": 1.774599, ""C18"": 1.755289, ""C19"": 1.917907, ""C20"": 1.536431, ""C21"": 1.777751, ""C22"": 1.677519, ""C23"": 1.733906, ""C24"": 1.740297, ""C25"": 1.63036}","{""C01"": 0, ""C02"": 0, ""C03"": 0, ""C04"": 0, ""C05"": 0, ""C06"": 1669, ""C07"": 0, ""C08"": 0, ""C09"": 0, ""C10"": 0, ""C11"": 0, ""C12"": 0, ""C13"": 0, ""C14"": 0, ""C15"": 0, ""C16"": 0, ""C17"": 0, ""C18"": 0, ""C19"": 0, ""C20"": 0, ""C21"": 0, ""C22"": 0, ""C23"": 0, ""C24"": 0, ""C25"": 0}","{""C01"": 0.025238421873571615, ""C02"": 0.025238421873571615, ""C03"": 0.025238421873571615, ""C04"": 0.025238421873571615, ""C05"": 0.025238421873571615, ""C06"": 0.02427189843405837, ""C07"": 0.025238421873571615, ""C08"": 0.025238421873571615, ""C09"": 0.025238421873571615, ""C10"": 0.025238421873571615, ""C11"": 0.025238421873571615, ""C12"": 0.025238421873571615, ""C13"": 0.025238421873571615, ""C14"": 0.025238421873571615, ""C15"": 0.025238421873571615, ""C16"": 0.025238421873571615, ""C17"": 0.025238421873571615, ""C18"": 0.025238421873571615, ""C19"": 0.025238421873571615, ""C20"": 0.025238421873571615, ""C21"": 0.025238421873571615, ""C22"": 0.025238421873571615, ""C23"": 0.025238421873571615, ""C24"": 0.025238421873571615, ""C25"": 0.025238421873571615}"
93,93,1,582,4.505944,25,"{""C01"": 1.747005, ""C02"": 1.944971, ""C03"": 1.684562, ""C04"": 1.754281, ""C05"": 1.461792, ""C06"": 1.936461, ""C07"": 1.769518, ""C08"": 1.724758, ""C09"": 1.764562, ""C10"": 1.429095, ""C11"": 1.500207, ""C12"": 1.823629, ""C13"": 1.709907, ""C14"": 1.746881, ""C15"": 1.811509, ""C16"": 1.500408, ""C17"": 1.742318, ""C18"": 1.801825, ""C19"": 1.914459, ""C20"": 1.566014, ""C21"": 1.837656, ""C22"": 1.700205, ""C23"": 1.698995, ""C24"": 1.73399, ""C25"": 1.647824}","{""C01"": 0, ""C02"": 1080, ""C03"": 0, ""C04"": 0, ""C05"": 0, ""C06"": 589, ""C07"": 0, ""C08"": 0, ""C09"": 0, ""C10"": 0, ""C11"": 0, ""C12"": 0, ""C13"": 0, ""C14"": 0, ""C15"": 0, ""C16"": 0, ""C17"": 0, ""C18"": 0, ""C19"": 0, ""C20"": 0, ""C21"": 0, ""C22"": 0, ""C23"": 0, ""C24"": 0, ""C25"": 0}","{""C01"": 0.02524185704544757, ""C02"": 0.02461643381448773, ""C03"": 0.02524185704544757, ""C04"": 0.02524185704544757, ""C05"": 0.02524185704544757, ""C06"": 0.024900762174759002, ""C07"": 0.02524185704544757, ""C08"": 0.02524185704544757, ""C09"": 0.02524185704544757, ""C10"": 0.02524185704544757, ""C11"": 0.02524185704544757, ""C12"": 0.02524185704544757, ""C13"": 0.02524185704544757, ""C14"": 0.02524185704544757, ""C15"": 0.02524185704544757, ""C16"": 0.02524185704544757, ""C17"": 0.02524185704544757, ""C18"": 0.02524185704544757, ""C19"": 0.02524185704544757, ""C20"": 0.02524185704544757, ""C21"": 0.02524185704544757, ""C22"": 0.02524185704544757, ""C23"": 0.02524185704544757, ""C24"": 0.02524185704544757, ""C25"": 0.02524185704544757}"
94,94,1,267,2.100820,25,"{""C01"": 1.74206, ""C02"": 1.915407, ""C03"": 1.744185, ""C04"": 1.742201, ""C05"": 1.474415, ""C06"": 1.93188, ""C07"": 1.799436, ""C08"": 1.753426, ""C09"": 1.780181, ""C10"": 1.421065, ""C11"": 1.517356, ""C12"": 1.826579, ""C13"": 1.740396, ""C14"": 1.781122, ""C15"": 1.795222, ""C16"": 1.495137, ""C17"": 1.771436, ""C18"": 1.764607, ""C19"": 1.926987, ""C20"": 1.573066, ""C21"": 1.834899, ""C22"": 1.684387, ""C23"": 1.705481, ""C24"": 1.739401, ""C25"": 1.665079}","{""C01"": 0, ""C02"": 437, ""C03"": 0, ""C04"": 0, ""C05"": 0, ""C06"": 673, ""C07"": 0, ""C08"": 0, ""C09"": 0, ""C10"": 0, ""C11"": 0, ""C12"": 0, ""C13"": 0, ""C14"": 0, ""C15"": 0, ""C16"": 0, ""C17"": 0, ""C18"": 0, ""C19"": 565, ""C20"": 0, ""C21"": 0, ""C22"": 0, ""C23"": 0, ""C24"": 0, ""C25"": 0}","{""C01"": 0.025237273914160585, ""C02"": 0.02498419927031085, ""C03"": 0.025237273914160585, ""C04"": 0.025237273914160585, ""C05"": 0.025237273914160585, ""C06"": 0.02484755237039604, ""C07"": 0.025237273914160585, ""C08"": 0.025237273914160585, ""C09"": 0.025237273914160585, ""C10"": 0.025237273914160585, ""C11"": 0.025237273914160585, ""C12"": 0.025237273914160585, ""C13"": 0.025237273914160585, ""C14"": 0.025237273914160585, ""C15"": 0.025237273914160585, ""C16"": 0.025237273914160585, ""C17"": 0.025237273914160585, ""C18"": 0.025237273914160585, ""C19"": 0.024910084828740617, ""C20"": 0.025237273914160585, ""C21"": 0.025237273914160585, ""C22"": 0.025237273914160585, ""C23"": 0.025237273914160585, ""C24"": 0.025237273914160585, ""C25"": 0.025237273914160585}"
95,95,1,292,2.218859,25,"{""C01"": 1.787987, ""C02"": 1.952544, ""C03"": 1.697221, ""C04"": 1.764521, ""C05"": 1.478871, ""C06"": 1.964067, ""C07"": 1.793527, ""C08"": 1.751361, ""C09"": 1.781119, ""C10"": 1.415988, ""C11"": 1.541097, ""C12"": 1.86414, ""C13"": 1.751421, ""C14"": 1.791193, ""C15"": 1.825086, ""C16"": 1.502252, ""C17"": 1.800874, ""C18"": 1.775115, ""C19"": 1.900054, ""C20"": 1.594369, ""C21"": 1.793926, ""C22"": 1.696492, ""C23"": 1.746384, ""C24"": 1.790989, ""C25"": 1.659594}","{""C01"": 0, ""C02"": 779, ""C03"": 0, ""C04"": 0, ""C05"": 0, ""C06"": 887, ""C07"": 0, ""C08"": 0, ""C09"": 0, ""C10"": 0, ""C11"": 0, ""C12"": 0, ""C13"": 0, ""C14"": 0, ""C15"": 0, ""C16"": 0, ""C17"": 0, ""C18"": 0, ""C19"": 0, ""C20"": 0, ""C21"": 0, ""C22"": 0, ""C23"": 0, ""C24"": 0, ""C25"": 0}","{""C01"": 0.02524843609251662, ""C02"": 0.02479730505105587, ""C03"": 0.02524843609251662, ""C04"": 0.02524843609251662, ""C05"": 0.02524843609251662, ""C06"": 0.024734782080322742, ""C07"": 0.02524843609251662, ""C08"": 0.02524843609251662, ""C09"": 0.02524843609251662, ""C10"": 0.02524843609251662, ""C11"": 0.02524843609251662, ""C12"": 0.02524843609251662, ""C13"": 0.02524843609251662, ""C14"": 0.02524843609251662, ""C15"": 0.02524843609251662, ""C16"": 0.02524843609251662, ""C17"": 0.02524843609251662, ""C18"": 0.02524843609251662, ""C19"": 0.02524843609251662, ""C20"": 0.02524843609251662, ""C21"": 0.02524843609251662, ""C22"": 0.02524843609251662, ""C23"": 0.02524843609251662, ""C24"": 0.02524843609251662, ""C25"": 0.02524843609251662}"
96,96,1,540,4.147514,25,"{""C01"": 1.743302, ""C02"": 1.947953, ""C03"": 1.715583, ""C04"": 1.783086, ""C05"": 1.501786, ""C06"": 1.964116, ""C07"": 1.796829, ""C08"": 1.766765, ""C09"": 1.811759, ""C10"": 1.442618, ""C11"": 1.557915, ""C12"": 1.878851, ""C13"": 1.768391, ""C14"": 1.792922, ""C15"": 1.834389, ""C16"": 1.493325, ""C17"": 1.787759, ""C18"": 1.793943, ""C19"": 1.915912, ""C20"": 1.573667, ""C21"": 1.854093, ""C22"": 1.730396, ""C23"": 1.753755, ""C24"": 1.798763, ""C25"": 1.640372}","{""C01"": 0, ""C02"": 592, ""C03"": 0, ""C04"": 0, ""C05"": 0, ""C06"": 1074, ""C07"": 0, ""C08"": 0, ""C09"": 0, ""C10"": 0, ""C11"": 0, ""C12"": 0, ""C13"": 0, ""C14"": 0, ""C15"": 0, ""C16"": 0, ""C17"": 0, ""C18"": 0, ""C19"": 0, ""C20"": 0, ""C21"": 0, ""C22"": 0, ""C23"": 0, ""C24"": 0, ""C25"": 0}","{""C01"": 0.02524828428261576, ""C02"": 0.024905446321153414, ""C03"": 0.02524828428261576, ""C04"": 0.02524828428261576, ""C05"": 0.02524828428261576, ""C06"": 0.02462633649262205, ""C07"": 0.02524828428261576, ""C08"": 0.02524828428261576, ""C09"": 0.02524828428261576, ""C10"": 0.02524828428261576, ""C11"": 0.02524828428261576, ""C12"": 0.02524828428261576, ""C13"": 0.02524828428261576, ""C14"": 0.02524828428261576, ""C15"": 0.02524828428261576, ""C16"": 0.02524828428261576, ""C17"": 0.02524828428261576, ""C18"": 0.02524828428261576, ""C19"": 0.02524828428261576, ""C20"": 0.02524828428261576, ""C21"": 0.02524828428261576, ""C22"": 0.02524828428261576, ""C23"": 0.02524828428261576, ""C24"": 0.02524828428261576, ""C25"": 0.02524828428261576}"
97,97,1,472,3.683285,25,"{""C01"": 1.749665, ""C02"": 1.940097, ""C03"": 1.739685, ""C04"": 1.773935, ""C05"": 1.506028, ""C06"": 2.001839, ""C07"": 1.808281, ""C08"": 1.767325, ""C09"": 1.84536, ""C10"": 1.47353, ""C11"": 1.582187, ""C12"": 1.862808, ""C13"": 1.757512, ""C14"": 1.833438, ""C15"": 1.801839, ""C16"": 1.505282, ""C17"": 1.816153, ""C18"": 1.810118, ""C19"": 1.926334, ""C20"": 1.563984, ""C21"": 1.873304, ""C22"": 1.733431, ""C23"": 1.785076, ""C24"": 1.770585, ""C25"": 1.658403}","{""C01"": 0, ""C02"": 0, ""C03"": 0, ""C04"": 0, ""C05"": 0, ""C06"": 1652, ""C07"": 0, ""C08"": 0, ""C09"": 0, ""C10"": 0, ""C11"": 0, ""C12"": 0, ""C13"": 0, ""C14"": 0, ""C15"": 0, ""C16"": 0, ""C17"": 0, ""C18"": 0, ""C19"": 0, ""C20"": 0, ""C21"": 0, ""C22"": 0, ""C23"": 0, ""C24"": 0, ""C25"": 0}","{""C01"": 0.02526135793001838, ""C02"": 0.02526135793001838, ""C03"": 0.02526135793001838, ""C04"": 0.02526135793001838, ""C05"": 0.02526135793001838, ""C06"": 0.02430467613705007, ""C07"": 0.02526135793001838, ""C08"": 0.02526135793001838, ""C09"": 0.02526135793001838, ""C10"": 0.02526135793001838, ""C11"": 0.02526135793001838, ""C12"": 0.02526135793001838, ""C13"": 0.02526135793001838, ""C14"": 0.02526135793001838, ""C15"": 0.02526135793001838, ""C16"": 0.02526135793001838, ""C17"": 0.02526135793001838, ""C18"": 0.02526135793001838, ""C19"": 0.02526135793001838, ""C20"": 0.02526135793001838, ""C21"": 0.02526135793001838, ""C22"": 0.02526135793001838, ""C23"": 0.02526135793001838, ""C24"": 0.02526135793001838, ""C25"": 0.02526135793001838}"
98,98,1,886,6.974153,25,"{""C01"": 1.814742, ""C02"": 1.975843, ""C03"": 1.761456, ""C04"": 1.779295, ""C05"": 1.494787, ""C06"": 1.94312, ""C07"": 1.76651, ""C08"": 1.776141, ""C09"": 1.839435, ""C10"": 1.44149, ""C11"": 1.543953, ""C12"": 1.888621, ""C13"": 1.765251, ""C14"": 1.811049, ""C15"": 1.837713, ""C16"": 1.517052, ""C17"": 1.834911, ""C18"": 1.802631, ""C19"": 1.92015, ""C20"": 1.58809, ""C21"": 1.869178, ""C22"": 1.713107, ""C23"": 1.762294, ""C24"": 1.79568, ""C25"": 1.649908}","{""C01"": 0, ""C02"": 1659, ""C03"": 0, ""C04"": 0, ""C05"": 0, ""C06"": 0, ""C07"": 0, ""C08"": 0, ""C09"": 0, ""C10"": 0, ""C11"": 0, ""C12"": 0, ""C13"": 0, ""C14"": 0, ""C15"": 0, ""C16"": 0, ""C17"": 0, ""C18"": 0, ""C19"": 0, ""C20"": 0, ""C21"": 0, ""C22"": 0, ""C23"": 0, ""C24"": 0, ""C25"": 0}","{""C01"": 0.02525281217639555, ""C02"": 0.024292075731134937, ""C03"": 0.02525281217639555, ""C04"": 0.02525281217639555, ""C05"": 0.02525281217639555, ""C06"": 0.02525281217639555, ""C07"": 0.02525281217639555, ""C08"": 0.02525281217639555, ""C09"": 0.02525281217639555, ""C10"": 0.02525281217639555, ""C11"": 0.02525281217639555, ""C12"": 0.02525281217639555, ""C13"": 0.02525281217639555, ""C14"": 0.02525281217639555, ""C15"": 0.02525281217639555, ""C16"": 0.02525281217639555, ""C17"": 0.02525281217639555, ""C18"": 0.02525281217639555, ""C19"": 0.02525281217639555, ""C20"": 0.02525281217639555, ""C21"": 0.02525281217639555, ""C22"": 0.02525281217639555, ""C23"": 0.02525281217639555, ""C24"": 0.02525281217639555, ""C25"": 0.02525281217639555}"
99,99,1,1105,8.498637,25,"{""C01"": 1.792804, ""C02"": 1.980169, ""C03"": 1.779949, ""C04"": 1.791097, ""C05"": 1.506866, ""C06"": 1.945591, ""C07"": 1.801375, ""C08"": 1.769239, ""C09"": 1.849486, ""C10"": 1.438775, ""C11"": 1.549826, ""C12"": 1.896633, ""C13"": 1.770861, ""C14"": 1.825718, ""C15"": 1.867896, ""C16"": 1.491017, ""C17"": 1.838583, ""C18"": 1.812971, ""C19"": 1.951088, ""C20"": 1.561336, ""C21"": 1.89801, ""C22"": 1.762861, ""C23"": 1.784029, ""C24"": 1.774915, ""C25"": 1.673903}","{""C01"": 0, ""C02"": 1657, ""C03"": 0, ""C04"": 0, ""C05"": 0, ""C06"": 0, ""C07"": 0, ""C08"": 0, ""C09"": 0, ""C10"": 0, ""C11"": 0, ""C12"": 0, ""C13"": 0, ""C14"": 0, ""C15"": 0, ""C16"": 0, ""C17"": 0, ""C18"": 0, ""C19"": 0, ""C20"": 0, ""C21"": 0, ""C22"": 0, ""C23"": 0, ""C24"": 0, ""C25"": 0}","{""C01"": 0.02525376172026758, ""C02"": 0.024294187447612754, ""C03"": 0.02525376172026758, ""C04"": 0.02525376172026758, ""C05"": 0.02525376172026758, ""C06"": 0.02525376172026758, ""C07"": 0.02525376172026758, ""C08"": 0.02525376172026758, ""C09"": 0.02525376172026758, ""C10"": 0.02525376172026758, ""C11"": 0.02525376172026758, ""C12"": 0.02525376172026758, ""C13"": 0.02525376172026758, ""C14"": 0.02525376172026758, ""C15"": 0.02525376172026758, ""C16"": 0.02525376172026758, ""C17"": 0.02525376172026758, ""C18"": 0.02525376172026758, ""C19"": 0.02525376172026758, ""C20"": 0.02525376172026758, ""C21"": 0.02525376172026758, ""C22"": 0.02525376172026758, ""C23"": 0.02525376172026758, ""C24"": 0.02525376172026758, ""C25"": 0.02525376172026758}"
100,100,1,246,2.023780,25,"{""C01"": 1.803214, ""C02"": 1.982811, ""C03"": 1.732598, ""C04"": 1.768858, ""C05"": 1.514451, ""C06"": 1.971804, ""C07"": 1.799237, ""C08"": 1.771629, ""C09"": 1.828298, ""C10"": 1.444817, ""C11"": 1.533873, ""C12"": 1.909357, ""C13"": 1.808745, ""C14"": 1.812937, ""C15"": 1.835541, ""C16"": 1.528172, ""C17"": 1.875665, ""C18"": 1.836515, ""C19"": 1.900391, ""C20"": 1.597879, ""C21"": 1.839302, ""C22"": 1.740503, ""C23"": 1.779757, ""C24"": 1.802269, ""C25"": 1.689718}","{""C01"": 0, ""C02"": 882, ""C03"": 0, ""C04"": 0, ""C05"": 0, ""C06"": 779, ""C07"": 0, ""C08"": 0, ""C09"": 0, ""C10"": 0, ""C11"": 0, ""C12"": 0, ""C13"": 0, ""C14"": 0, ""C15"": 0, ""C16"": 0, ""C17"": 0, ""C18"": 0, ""C19"": 0, ""C20"": 0, ""C21"": 0, ""C22"": 0, ""C23"": 0, ""C24"": 0, ""C25"": 0}","{""C01"": 0.025254862507919904, ""C02"": 0.024744103114239493, ""C03"": 0.025254862507919904, ""C04"": 0.025254862507919904, ""C05"": 0.025254862507919904, ""C06"": 0.024803731960104672, ""C07"": 0.025254862507919904, ""C08"": 0.025254862507919904, ""C09"": 0.025254862507919904, ""C10"": 0.025254862507919904, ""C11"": 0.025254862507919904, ""C12"": 0.025254862507919904, ""C13"": 0.025254862507919904, ""C14"": 0.025254862507919904, ""C15"": 0.025254862507919904, ""C16"": 0.025254862507919904, ""C17"": 0.025254862507919904, ""C18"": 0.025254862507919904, ""C19"": 0.025254862507919904, ""C20"": 0.025254862507919904, ""C21"": 0.025254862507919904, ""C22"": 0.025254862507919904, ""C23"": 0.025254862507919904, ""C24"": 0.025254862507919904, ""C25"": 0.025254862507919904}"
