game_id,iter_idx,converged,rounds,duration_sec,player_count,quality_scores_json,final_datasizes_json,final_payoffs_json
1,1,1,290,4.287356,25,"{""C01"": 0.777828, ""C02"": 1.128206, ""C03"": 1.170588, ""C04"": 1.0277, ""C05"": 1.109726, ""C06"": 0.701984, ""C07"": 0.709378, ""C08"": 1.214184, ""C09"": 1.179942, ""C10"": 1.204526, ""C11"": 0.951708, ""C12"": 1.284148, ""C13"": 0.958244, ""C14"": 1.074978, ""C15"": 0.917799, ""C16"": 0.77041, ""C17"": 1.207503, ""C18"": 0.877289, ""C19"": 1.235726, ""C20"": 1.098997, ""C21"": 0.896708, ""C22"": 1.238119, ""C23"": 1.27445, ""C24"": 0.952037, ""C25"": 0.820223}","{""C01"": 0, ""C02"": 0, ""C03"": 0, ""C04"": 0, ""C05"": 0, ""C06"": 0, ""C07"": 0, ""C08"": 0, ""C09"": 0, ""C10"": 0, ""C11"": 0, ""C12"": 1068, ""C13"": 0, ""C14"": 0, ""C15"": 0, ""C16"": 0, ""C17"": 0, ""C18"": 0, ""C19"": 0, ""C20"": 0, ""C21"": 0, ""C22"": 0, ""C23"": 837, ""C24"": 0, ""C25"": 0}","{""C01"": 0.02494597172146068, ""C02"": 0.02494597172146068, ""C03"": 0.02494597172146068, ""C04"": 0.02494597172146068, ""C05"": 0.02494597172146068, ""C06"": 0.02494597172146068, ""C07"": 0.02494597172146068, ""C08"": 0.02494597172146068, ""C09"": 0.02494597172146068, ""C10"": 0.02494597172146068, ""C11"": 0.02494597172146068, ""C12"": 0.02432749538488934, ""C13"": 0.02494597172146068, ""C14"": 0.02494597172146068, ""C15"": 0.02494597172146068, ""C16"": 0.02494597172146068, ""C17"": 0.02494597172146068, ""C18"": 0.02494597172146068, ""C19"": 0.02494597172146068, ""C20"": 0.02494597172146068, ""C21"": 0.02494597172146068, ""C22"": 0.02494597172146068, ""C23"": 0.0244612498063526, ""C24"": 0.02494597172146068, ""C25"": 0.02494597172146068}"
2,2,1,1047,11.981046,25,"{""C01"": 1.040409, ""C02"": 1.128206, ""C03"": 1.170588, ""C04"": 1.0277, ""C05"": 1.109726, ""C06"": 1.292291, ""C07"": 1.012079, ""C08"": 1.214184, ""C09"": 1.28732, ""C10"": 1.204526, ""C11"": 1.267566, ""C12"": 1.284148, ""C13"": 1.269468, ""C14"": 1.074978, ""C15"": 1.15011, ""C16"": 1.150847, ""C17"": 1.240179, ""C18"": 0.877289, ""C19"": 1.235726, ""C20"": 1.098997, ""C21"": 1.113057, ""C22"": 1.238119, ""C23"": 1.27445, ""C24"": 1.034469, ""C25"": 1.310757}","{""C01"": 0, ""C02"": 0, ""C03"": 0, ""C04"": 0, ""C05"": 0, ""C06"": 0, ""C07"": 0, ""C08"": 0, ""C09"": 0, ""C10"": 0, ""C11"": 0, ""C12"": 0, ""C13"": 0, ""C14"": 0, ""C15"": 0, ""C16"": 0, ""C17"": 0, ""C18"": 0, ""C19"": 0, ""C20"": 0, ""C21"": 0, ""C22"": 0, ""C23"": 0, ""C24"": 0, ""C25"": 1887}","{""C01"": 0.02496180792934463, ""C02"": 0.02496180792934463, ""C03"": 0.02496180792934463, ""C04"": 0.02496180792934463, ""C05"": 0.02496180792934463, ""C06"": 0.02496180792934463, ""C07"": 0.02496180792934463, ""C08"": 0.02496180792934463, ""C09"": 0.02496180792934463, ""C10"": 0.02496180792934463, ""C11"": 0.02496180792934463, ""C12"": 0.02496180792934463, ""C13"": 0.02496180792934463, ""C14"": 0.02496180792934463, ""C15"": 0.02496180792934463, ""C16"": 0.02496180792934463, ""C17"": 0.02496180792934463, ""C18"": 0.02496180792934463, ""C19"": 0.02496180792934463, ""C20"": 0.02496180792934463, ""C21"": 0.02496180792934463, ""C22"": 0.02496180792934463, ""C23"": 0.02496180792934463, ""C24"": 0.02496180792934463, ""C25"": 0.023869032076596148}"
3,3,1,452,5.065971,25,"{""C01"": 1.040409, ""C02"": 1.128206, ""C03"": 1.178457, ""C04"": 1.293203, ""C05"": 1.257092, ""C06"": 1.292291, ""C07"": 1.012079, ""C08"": 1.337399, ""C09"": 1.28732, ""C10"": 1.204526, ""C11"": 1.267566, ""C12"": 1.284148, ""C13"": 1.269468, ""C14"": 1.199277, ""C15"": 1.234233, ""C16"": 1.150847, ""C17"": 1.240179, ""C18"": 0.877289, ""C19"": 1.235726, ""C20"": 1.193013, ""C21"": 1.320979, ""C22"": 1.389992, ""C23"": 1.27445, ""C24"": 1.034469, ""C25"": 1.310757}","{""C01"": 0, ""C02"": 0, ""C03"": 0, ""C04"": 0, ""C05"": 0, ""C06"": 0, ""C07"": 0, ""C08"": 0, ""C09"": 0, ""C10"": 0, ""C11"": 0, ""C12"": 0, ""C13"": 0, ""C14"": 0, ""C15"": 0, ""C16"": 0, ""C17"": 0, ""C18"": 0, ""C19"": 0, ""C20"": 0, ""C21"": 0, ""C22"": 1853, ""C23"": 0, ""C24"": 0, ""C25"": 0}","{""C01"": 0.025005996914320497, ""C02"": 0.025005996914320497, ""C03"": 0.025005996914320497, ""C04"": 0.025005996914320497, ""C05"": 0.025005996914320497, ""C06"": 0.025005996914320497, ""C07"": 0.025005996914320497, ""C08"": 0.025005996914320497, ""C09"": 0.025005996914320497, ""C10"": 0.025005996914320497, ""C11"": 0.025005996914320497, ""C12"": 0.025005996914320497, ""C13"": 0.025005996914320497, ""C14"": 0.025005996914320497, ""C15"": 0.025005996914320497, ""C16"": 0.025005996914320497, ""C17"": 0.025005996914320497, ""C18"": 0.025005996914320497, ""C19"": 0.025005996914320497, ""C20"": 0.025005996914320497, ""C21"": 0.025005996914320497, ""C22"": 0.023932909969277827, ""C23"": 0.025005996914320497, ""C24"": 0.025005996914320497, ""C25"": 0.025005996914320497}"
4,4,1,467,4.068564,25,"{""C01"": 1.0876, ""C02"": 1.26819, ""C03"": 1.178457, ""C04"": 1.293203, ""C05"": 1.257092, ""C06"": 1.292291, ""C07"": 1.012079, ""C08"": 1.337399, ""C09"": 1.324829, ""C10"": 1.204526, ""C11"": 1.267566, ""C12"": 1.284148, ""C13"": 1.269468, ""C14"": 1.199277, ""C15"": 1.234233, ""C16"": 1.311084, ""C17"": 1.240179, ""C18"": 0.877289, ""C19"": 1.235726, ""C20"": 1.193013, ""C21"": 1.320979, ""C22"": 1.389992, ""C23"": 1.27445, ""C24"": 1.034469, ""C25"": 1.310757}","{""C01"": 0, ""C02"": 0, ""C03"": 0, ""C04"": 0, ""C05"": 0, ""C06"": 0, ""C07"": 0, ""C08"": 0, ""C09"": 0, ""C10"": 0, ""C11"": 0, ""C12"": 0, ""C13"": 0, ""C14"": 0, ""C15"": 0, ""C16"": 0, ""C17"": 0, ""C18"": 0, ""C19"": 0, ""C20"": 0, ""C21"": 0, ""C22"": 1853, ""C23"": 0, ""C24"": 0, ""C25"": 0}","{""C01"": 0.025005996914320497, ""C02"": 0.025005996914320497, ""C03"": 0.025005996914320497, ""C04"": 0.025005996914320497, ""C05"": 0.025005996914320497, ""C06"": 0.025005996914320497, ""C07"": 0.025005996914320497, ""C08"": 0.025005996914320497, ""C09"": 0.025005996914320497, ""C10"": 0.025005996914320497, ""C11"": 0.025005996914320497, ""C12"": 0.025005996914320497, ""C13"": 0.025005996914320497, ""C14"": 0.025005996914320497, ""C15"": 0.025005996914320497, ""C16"": 0.025005996914320497, ""C17"": 0.025005996914320497, ""C18"": 0.025005996914320497, ""C19"": 0.025005996914320497, ""C20"": 0.025005996914320497, ""C21"": 0.025005996914320497, ""C22"": 0.023932909969277827, ""C23"": 0.025005996914320497, ""C24"": 0.025005996914320497, ""C25"": 0.025005996914320497}"
5,5,1,720,6.234387,25,"{""C01"": 1.0876, ""C02"": 1.26819, ""C03"": 1.178457, ""C04"": 1.293203, ""C05"": 1.286639, ""C06"": 1.292291, ""C07"": 1.012079, ""C08"": 1.337399, ""C09"": 1.324829, ""C10"": 1.204526, ""C11"": 1.267566, ""C12"": 1.284148, ""C13"": 1.269468, ""C14"": 1.199277, ""C15"": 1.362911, ""C16"": 1.311084, ""C17"": 1.301106, ""C18"": 0.877289, ""C19"": 1.343177, ""C20"": 1.193013, ""C21"": 1.320979, ""C22"": 1.389992, ""C23"": 1.27445, ""C24"": 1.034469, ""C25"": 1.363342}","{""C01"": 0, ""C02"": 0, ""C03"": 0, ""C04"": 0, ""C05"": 0, ""C06"": 0, ""C07"": 0, ""C08"": 0, ""C09"": 0, ""C10"": 0, ""C11"": 0, ""C12"": 0, ""C13"": 0, ""C14"": 0, ""C15"": 0, ""C16"": 0, ""C17"": 0, ""C18"": 0, ""C19"": 0, ""C20"": 0, ""C21"": 0, ""C22"": 1853, ""C23"": 0, ""C24"": 0, ""C25"": 0}","{""C01"": 0.025005996914320497, ""C02"": 0.025005996914320497, ""C03"": 0.025005996914320497, ""C04"": 0.025005996914320497, ""C05"": 0.025005996914320497, ""C06"": 0.025005996914320497, ""C07"": 0.025005996914320497, ""C08"": 0.025005996914320497, ""C09"": 0.025005996914320497, ""C10"": 0.025005996914320497, ""C11"": 0.025005996914320497, ""C12"": 0.025005996914320497, ""C13"": 0.025005996914320497, ""C14"": 0.025005996914320497, ""C15"": 0.025005996914320497, ""C16"": 0.025005996914320497, ""C17"": 0.025005996914320497, ""C18"": 0.025005996914320497, ""C19"": 0.025005996914320497, ""C20"": 0.025005996914320497, ""C21"": 0.025005996914320497, ""C22"": 0.023932909969277827, ""C23"": 0.025005996914320497, ""C24"": 0.025005996914320497, ""C25"": 0.025005996914320497}"
6,6,1,1028,8.974397,25,"{""C01"": 1.0876, ""C02"": 1.26819, ""C03"": 1.178457, ""C04"": 1.293203, ""C05"": 1.286639, ""C06"": 1.360015, ""C07"": 1.190548, ""C08"": 1.337399, ""C09"": 1.335647, ""C10"": 1.204526, ""C11"": 1.363305, ""C12"": 1.284148, ""C13"": 1.269468, ""C14"": 1.225029, ""C15"": 1.362911, ""C16"": 1.311084, ""C17"": 1.301106, ""C18"": 1.056716, ""C19"": 1.343177, ""C20"": 1.283334, ""C21"": 1.445166, ""C22"": 1.492761, ""C23"": 1.474848, ""C24"": 1.36885, ""C25"": 1.445152}","{""C01"": 0, ""C02"": 0, ""C03"": 0, ""C04"": 0, ""C05"": 0, ""C06"": 0, ""C07"": 0, ""C08"": 0, ""C09"": 0, ""C10"": 0, ""C11"": 0, ""C12"": 0, ""C13"": 0, ""C14"": 0, ""C15"": 0, ""C16"": 0, ""C17"": 0, ""C18"": 0, ""C19"": 0, ""C20"": 0, ""C21"": 0, ""C22"": 1812, ""C23"": 0, ""C24"": 0, ""C25"": 0}","{""C01"": 0.025058325569662754, ""C02"": 0.025058325569662754, ""C03"": 0.025058325569662754, ""C04"": 0.025058325569662754, ""C05"": 0.025058325569662754, ""C06"": 0.025058325569662754, ""C07"": 0.025058325569662754, ""C08"": 0.025058325569662754, ""C09"": 0.025058325569662754, ""C10"": 0.025058325569662754, ""C11"": 0.025058325569662754, ""C12"": 0.025058325569662754, ""C13"": 0.025058325569662754, ""C14"": 0.025058325569662754, ""C15"": 0.025058325569662754, ""C16"": 0.025058325569662754, ""C17"": 0.025058325569662754, ""C18"": 0.025058325569662754, ""C19"": 0.025058325569662754, ""C20"": 0.025058325569662754, ""C21"": 0.025058325569662754, ""C22"": 0.02400898294755733, ""C23"": 0.025058325569662754, ""C24"": 0.025058325569662754, ""C25"": 0.025058325569662754}"
7,7,1,295,2.559591,25,"{""C01"": 1.0876, ""C02"": 1.26819, ""C03"": 1.178457, ""C04"": 1.293203, ""C05"": 1.286639, ""C06"": 1.360015, ""C07"": 1.351543, ""C08"": 1.337399, ""C09"": 1.335647, ""C10"": 1.204526, ""C11"": 1.363305, ""C12"": 1.284148, ""C13"": 1.269468, ""C14"": 1.341262, ""C15"": 1.362911, ""C16"": 1.311084, ""C17"": 1.301106, ""C18"": 1.056716, ""C19"": 1.343177, ""C20"": 1.283334, ""C21"": 1.578881, ""C22"": 1.492761, ""C23"": 1.474848, ""C24"": 1.36885, ""C25"": 1.683093}","{""C01"": 0, ""C02"": 0, ""C03"": 0, ""C04"": 0, ""C05"": 0, ""C06"": 0, ""C07"": 0, ""C08"": 0, ""C09"": 0, ""C10"": 0, ""C11"": 0, ""C12"": 0, ""C13"": 0, ""C14"": 0, ""C15"": 0, ""C16"": 0, ""C17"": 0, ""C18"": 0, ""C19"": 0, ""C20"": 0, ""C21"": 0, ""C22"": 0, ""C23"": 0, ""C24"": 0, ""C25"": 1745}","{""C01"": 0.02514374628010904, ""C02"": 0.02514374628010904, ""C03"": 0.02514374628010904, ""C04"": 0.02514374628010904, ""C05"": 0.02514374628010904, ""C06"": 0.02514374628010904, ""C07"": 0.02514374628010904, ""C08"": 0.02514374628010904, ""C09"": 0.02514374628010904, ""C10"": 0.02514374628010904, ""C11"": 0.02514374628010904, ""C12"": 0.02514374628010904, ""C13"": 0.02514374628010904, ""C14"": 0.02514374628010904, ""C15"": 0.02514374628010904, ""C16"": 0.02514374628010904, ""C17"": 0.02514374628010904, ""C18"": 0.02514374628010904, ""C19"": 0.02514374628010904, ""C20"": 0.02514374628010904, ""C21"": 0.02514374628010904, ""C22"": 0.02514374628010904, ""C23"": 0.02514374628010904, ""C24"": 0.02514374628010904, ""C25"": 0.0241332049587722}"
8,8,1,339,2.949363,25,"{""C01"": 1.14495, ""C02"": 1.26819, ""C03"": 1.27973, ""C04"": 1.293203, ""C05"": 1.286639, ""C06"": 1.360015, ""C07"": 1.351543, ""C08"": 1.337399, ""C09"": 1.335647, ""C10"": 1.402813, ""C11"": 1.363305, ""C12"": 1.284148, ""C13"": 1.269468, ""C14"": 1.341262, ""C15"": 1.362911, ""C16"": 1.311084, ""C17"": 1.301106, ""C18"": 1.238988, ""C19"": 1.343177, ""C20"": 1.283334, ""C21"": 1.578881, ""C22"": 1.572361, ""C23"": 1.474848, ""C24"": 1.598528, ""C25"": 1.683093}","{""C01"": 0, ""C02"": 0, ""C03"": 0, ""C04"": 0, ""C05"": 0, ""C06"": 0, ""C07"": 0, ""C08"": 0, ""C09"": 0, ""C10"": 0, ""C11"": 0, ""C12"": 0, ""C13"": 0, ""C14"": 0, ""C15"": 0, ""C16"": 0, ""C17"": 0, ""C18"": 0, ""C19"": 0, ""C20"": 0, ""C21"": 0, ""C22"": 0, ""C23"": 0, ""C24"": 0, ""C25"": 1745}","{""C01"": 0.02514374628010904, ""C02"": 0.02514374628010904, ""C03"": 0.02514374628010904, ""C04"": 0.02514374628010904, ""C05"": 0.02514374628010904, ""C06"": 0.02514374628010904, ""C07"": 0.02514374628010904, ""C08"": 0.02514374628010904, ""C09"": 0.02514374628010904, ""C10"": 0.02514374628010904, ""C11"": 0.02514374628010904, ""C12"": 0.02514374628010904, ""C13"": 0.02514374628010904, ""C14"": 0.02514374628010904, ""C15"": 0.02514374628010904, ""C16"": 0.02514374628010904, ""C17"": 0.02514374628010904, ""C18"": 0.02514374628010904, ""C19"": 0.02514374628010904, ""C20"": 0.02514374628010904, ""C21"": 0.02514374628010904, ""C22"": 0.02514374628010904, ""C23"": 0.02514374628010904, ""C24"": 0.02514374628010904, ""C25"": 0.0241332049587722}"
9,9,1,255,2.202254,25,"{""C01"": 1.310181, ""C02"": 1.26819, ""C03"": 1.27973, ""C04"": 1.293203, ""C05"": 1.286639, ""C06"": 1.360015, ""C07"": 1.351543, ""C08"": 1.337399, ""C09"": 1.399576, ""C10"": 1.402813, ""C11"": 1.363305, ""C12"": 1.437881, ""C13"": 1.380256, ""C14"": 1.341262, ""C15"": 1.430166, ""C16"": 1.311084, ""C17"": 1.301106, ""C18"": 1.238988, ""C19"": 1.343177, ""C20"": 1.283334, ""C21"": 1.578881, ""C22"": 1.745724, ""C23"": 1.806985, ""C24"": 1.808069, ""C25"": 1.683093}","{""C01"": 0, ""C02"": 0, ""C03"": 0, ""C04"": 0, ""C05"": 0, ""C06"": 0, ""C07"": 0, ""C08"": 0, ""C09"": 0, ""C10"": 0, ""C11"": 0, ""C12"": 0, ""C13"": 0, ""C14"": 0, ""C15"": 0, ""C16"": 0, ""C17"": 0, ""C18"": 0, ""C19"": 0, ""C20"": 0, ""C21"": 0, ""C22"": 0, ""C23"": 811, ""C24"": 895, ""C25"": 0}","{""C01"": 0.0251928249554961, ""C02"": 0.0251928249554961, ""C03"": 0.0251928249554961, ""C04"": 0.0251928249554961, ""C05"": 0.0251928249554961, ""C06"": 0.0251928249554961, ""C07"": 0.0251928249554961, ""C08"": 0.0251928249554961, ""C09"": 0.0251928249554961, ""C10"": 0.0251928249554961, ""C11"": 0.0251928249554961, ""C12"": 0.0251928249554961, ""C13"": 0.0251928249554961, ""C14"": 0.0251928249554961, ""C15"": 0.0251928249554961, ""C16"": 0.0251928249554961, ""C17"": 0.0251928249554961, ""C18"": 0.0251928249554961, ""C19"": 0.0251928249554961, ""C20"": 0.0251928249554961, ""C21"": 0.0251928249554961, ""C22"": 0.0251928249554961, ""C23"": 0.024723179563601632, ""C24"": 0.024674536970556455, ""C25"": 0.0251928249554961}"
10,10,1,197,1.713614,25,"{""C01"": 1.310181, ""C02"": 1.26819, ""C03"": 1.27973, ""C04"": 1.293203, ""C05"": 1.286639, ""C06"": 1.360015, ""C07"": 1.351543, ""C08"": 1.337399, ""C09"": 1.399576, ""C10"": 1.402813, ""C11"": 1.363305, ""C12"": 1.437881, ""C13"": 1.380256, ""C14"": 1.462725, ""C15"": 1.430166, ""C16"": 1.394435, ""C17"": 1.414992, ""C18"": 1.238988, ""C19"": 1.343177, ""C20"": 1.395525, ""C21"": 1.805833, ""C22"": 1.745724, ""C23"": 1.806985, ""C24"": 1.808069, ""C25"": 1.683093}","{""C01"": 0, ""C02"": 0, ""C03"": 0, ""C04"": 0, ""C05"": 0, ""C06"": 0, ""C07"": 0, ""C08"": 0, ""C09"": 0, ""C10"": 0, ""C11"": 0, ""C12"": 0, ""C13"": 0, ""C14"": 0, ""C15"": 0, ""C16"": 0, ""C17"": 0, ""C18"": 0, ""C19"": 0, ""C20"": 0, ""C21"": 549, ""C22"": 0, ""C23"": 567, ""C24"": 591, ""C25"": 0}","{""C01"": 0.0251930977795905, ""C02"": 0.0251930977795905, ""C03"": 0.0251930977795905, ""C04"": 0.0251930977795905, ""C05"": 0.0251930977795905, ""C06"": 0.0251930977795905, ""C07"": 0.0251930977795905, ""C08"": 0.0251930977795905, ""C09"": 0.0251930977795905, ""C10"": 0.0251930977795905, ""C11"": 0.0251930977795905, ""C12"": 0.0251930977795905, ""C13"": 0.0251930977795905, ""C14"": 0.0251930977795905, ""C15"": 0.0251930977795905, ""C16"": 0.0251930977795905, ""C17"": 0.0251930977795905, ""C18"": 0.0251930977795905, ""C19"": 0.0251930977795905, ""C20"": 0.0251930977795905, ""C21"": 0.02487517644058053, ""C22"": 0.0251930977795905, ""C23"": 0.024864755370573373, ""C24"": 0.024850859636884493, ""C25"": 0.0251930977795905}"
11,11,1,323,2.810111,25,"{""C01"": 1.310181, ""C02"": 1.26819, ""C03"": 1.27973, ""C04"": 1.32146, ""C05"": 1.286639, ""C06"": 1.473274, ""C07"": 1.351543, ""C08"": 1.337399, ""C09"": 1.474986, ""C10"": 1.402813, ""C11"": 1.363305, ""C12"": 1.437881, ""C13"": 1.380256, ""C14"": 1.462725, ""C15"": 1.430166, ""C16"": 1.394435, ""C17"": 1.414992, ""C18"": 1.238988, ""C19"": 1.343177, ""C20"": 1.395525, ""C21"": 1.805833, ""C22"": 1.825567, ""C23"": 1.806985, ""C24"": 1.808069, ""C25"": 1.934405}","{""C01"": 0, ""C02"": 0, ""C03"": 0, ""C04"": 0, ""C05"": 0, ""C06"": 0, ""C07"": 0, ""C08"": 0, ""C09"": 0, ""C10"": 0, ""C11"": 0, ""C12"": 0, ""C13"": 0, ""C14"": 0, ""C15"": 0, ""C16"": 0, ""C17"": 0, ""C18"": 0, ""C19"": 0, ""C20"": 0, ""C21"": 0, ""C22"": 0, ""C23"": 0, ""C24"": 0, ""C25"": 1670}","{""C01"": 0.025238639499755522, ""C02"": 0.025238639499755522, ""C03"": 0.025238639499755522, ""C04"": 0.025238639499755522, ""C05"": 0.025238639499755522, ""C06"": 0.025238639499755522, ""C07"": 0.025238639499755522, ""C08"": 0.025238639499755522, ""C09"": 0.025238639499755522, ""C10"": 0.025238639499755522, ""C11"": 0.025238639499755522, ""C12"": 0.025238639499755522, ""C13"": 0.025238639499755522, ""C14"": 0.025238639499755522, ""C15"": 0.025238639499755522, ""C16"": 0.025238639499755522, ""C17"": 0.025238639499755522, ""C18"": 0.025238639499755522, ""C19"": 0.025238639499755522, ""C20"": 0.025238639499755522, ""C21"": 0.025238639499755522, ""C22"": 0.025238639499755522, ""C23"": 0.025238639499755522, ""C24"": 0.025238639499755522, ""C25"": 0.024271533283361037}"
12,12,1,323,2.785888,25,"{""C01"": 1.310181, ""C02"": 1.26819, ""C03"": 1.27973, ""C04"": 1.324645, ""C05"": 1.286639, ""C06"": 1.473274, ""C07"": 1.351543, ""C08"": 1.455094, ""C09"": 1.474986, ""C10"": 1.402813, ""C11"": 1.363305, ""C12"": 1.437881, ""C13"": 1.380256, ""C14"": 1.462725, ""C15"": 1.430166, ""C16"": 1.394435, ""C17"": 1.414992, ""C18"": 1.238988, ""C19"": 1.343177, ""C20"": 1.395525, ""C21"": 1.805833, ""C22"": 1.825567, ""C23"": 1.806985, ""C24"": 1.808069, ""C25"": 1.934405}","{""C01"": 0, ""C02"": 0, ""C03"": 0, ""C04"": 0, ""C05"": 0, ""C06"": 0, ""C07"": 0, ""C08"": 0, ""C09"": 0, ""C10"": 0, ""C11"": 0, ""C12"": 0, ""C13"": 0, ""C14"": 0, ""C15"": 0, ""C16"": 0, ""C17"": 0, ""C18"": 0, ""C19"": 0, ""C20"": 0, ""C21"": 0, ""C22"": 0, ""C23"": 0, ""C24"": 0, ""C25"": 1670}","{""C01"": 0.025238639499755522, ""C02"": 0.025238639499755522, ""C03"": 0.025238639499755522, ""C04"": 0.025238639499755522, ""C05"": 0.025238639499755522, ""C06"": 0.025238639499755522, ""C07"": 0.025238639499755522, ""C08"": 0.025238639499755522, ""C09"": 0.025238639499755522, ""C10"": 0.025238639499755522, ""C11"": 0.025238639499755522, ""C12"": 0.025238639499755522, ""C13"": 0.025238639499755522, ""C14"": 0.025238639499755522, ""C15"": 0.025238639499755522, ""C16"": 0.025238639499755522, ""C17"": 0.025238639499755522, ""C18"": 0.025238639499755522, ""C19"": 0.025238639499755522, ""C20"": 0.025238639499755522, ""C21"": 0.025238639499755522, ""C22"": 0.025238639499755522, ""C23"": 0.025238639499755522, ""C24"": 0.025238639499755522, ""C25"": 0.024271533283361037}"
13,13,1,324,2.797657,25,"{""C01"": 1.310181, ""C02"": 1.26819, ""C03"": 1.27973, ""C04"": 1.324645, ""C05"": 1.286639, ""C06"": 1.473274, ""C07"": 1.351543, ""C08"": 1.455094, ""C09"": 1.474986, ""C10"": 1.402813, ""C11"": 1.467102, ""C12"": 1.437881, ""C13"": 1.380256, ""C14"": 1.509571, ""C15"": 1.430166, ""C16"": 1.394435, ""C17"": 1.523582, ""C18"": 1.246309, ""C19"": 1.343177, ""C20"": 1.395525, ""C21"": 1.805833, ""C22"": 1.825567, ""C23"": 1.806985, ""C24"": 1.808069, ""C25"": 1.934405}","{""C01"": 0, ""C02"": 0, ""C03"": 0, ""C04"": 0, ""C05"": 0, ""C06"": 0, ""C07"": 0, ""C08"": 0, ""C09"": 0, ""C10"": 0, ""C11"": 0, ""C12"": 0, ""C13"": 0, ""C14"": 0, ""C15"": 0, ""C16"": 0, ""C17"": 0, ""C18"": 0, ""C19"": 0, ""C20"": 0, ""C21"": 0, ""C22"": 0, ""C23"": 0, ""C24"": 0, ""C25"": 1670}","{""C01"": 0.025238639499755522, ""C02"": 0.025238639499755522, ""C03"": 0.025238639499755522, ""C04"": 0.025238639499755522, ""C05"": 0.025238639499755522, ""C06"": 0.025238639499755522, ""C07"": 0.025238639499755522, ""C08"": 0.025238639499755522, ""C09"": 0.025238639499755522, ""C10"": 0.025238639499755522, ""C11"": 0.025238639499755522, ""C12"": 0.025238639499755522, ""C13"": 0.025238639499755522, ""C14"": 0.025238639499755522, ""C15"": 0.025238639499755522, ""C16"": 0.025238639499755522, ""C17"": 0.025238639499755522, ""C18"": 0.025238639499755522, ""C19"": 0.025238639499755522, ""C20"": 0.025238639499755522, ""C21"": 0.025238639499755522, ""C22"": 0.025238639499755522, ""C23"": 0.025238639499755522, ""C24"": 0.025238639499755522, ""C25"": 0.024271533283361037}"
14,14,1,938,10.105296,25,"{""C01"": 1.310181, ""C02"": 1.26819, ""C03"": 1.27973, ""C04"": 1.324645, ""C05"": 1.286639, ""C06"": 1.533929, ""C07"": 1.351543, ""C08"": 1.455094, ""C09"": 1.474986, ""C10"": 1.402813, ""C11"": 1.467102, ""C12"": 1.437881, ""C13"": 1.396, ""C14"": 1.509571, ""C15"": 1.430166, ""C16"": 1.394435, ""C17"": 1.523582, ""C18"": 1.246309, ""C19"": 1.504785, ""C20"": 1.395525, ""C21"": 1.843026, ""C22"": 1.825567, ""C23"": 1.955511, ""C24"": 1.808069, ""C25"": 1.934405}","{""C01"": 0, ""C02"": 0, ""C03"": 0, ""C04"": 0, ""C05"": 0, ""C06"": 0, ""C07"": 0, ""C08"": 0, ""C09"": 0, ""C10"": 0, ""C11"": 0, ""C12"": 0, ""C13"": 0, ""C14"": 0, ""C15"": 0, ""C16"": 0, ""C17"": 0, ""C18"": 0, ""C19"": 0, ""C20"": 0, ""C21"": 0, ""C22"": 0, ""C23"": 1664, ""C24"": 0, ""C25"": 0}","{""C01"": 0.02524569793787397, ""C02"": 0.02524569793787397, ""C03"": 0.02524569793787397, ""C04"": 0.02524569793787397, ""C05"": 0.02524569793787397, ""C06"": 0.02524569793787397, ""C07"": 0.02524569793787397, ""C08"": 0.02524569793787397, ""C09"": 0.02524569793787397, ""C10"": 0.02524569793787397, ""C11"": 0.02524569793787397, ""C12"": 0.02524569793787397, ""C13"": 0.02524569793787397, ""C14"": 0.02524569793787397, ""C15"": 0.02524569793787397, ""C16"": 0.02524569793787397, ""C17"": 0.02524569793787397, ""C18"": 0.02524569793787397, ""C19"": 0.02524569793787397, ""C20"": 0.02524569793787397, ""C21"": 0.02524569793787397, ""C22"": 0.02524569793787397, ""C23"": 0.024282067805035303, ""C24"": 0.02524569793787397, ""C25"": 0.02524569793787397}"
15,15,1,324,2.826753,25,"{""C01"": 1.310181, ""C02"": 1.276291, ""C03"": 1.27973, ""C04"": 1.324645, ""C05"": 1.286639, ""C06"": 1.533929, ""C07"": 1.351543, ""C08"": 1.455094, ""C09"": 1.474986, ""C10"": 1.402813, ""C11"": 1.467102, ""C12"": 1.437881, ""C13"": 1.396, ""C14"": 1.509571, ""C15"": 1.564989, ""C16"": 1.489561, ""C17"": 1.523582, ""C18"": 1.381896, ""C19"": 1.504785, ""C20"": 1.395525, ""C21"": 1.943853, ""C22"": 2.115165, ""C23"": 1.992917, ""C24"": 1.987718, ""C25"": 1.934405}","{""C01"": 0, ""C02"": 0, ""C03"": 0, ""C04"": 0, ""C05"": 0, ""C06"": 0, ""C07"": 0, ""C08"": 0, ""C09"": 0, ""C10"": 0, ""C11"": 0, ""C12"": 0, ""C13"": 0, ""C14"": 0, ""C15"": 0, ""C16"": 0, ""C17"": 0, ""C18"": 0, ""C19"": 0, ""C20"": 0, ""C21"": 0, ""C22"": 1623, ""C23"": 0, ""C24"": 0, ""C25"": 0}","{""C01"": 0.0252970792522976, ""C02"": 0.0252970792522976, ""C03"": 0.0252970792522976, ""C04"": 0.0252970792522976, ""C05"": 0.0252970792522976, ""C06"": 0.0252970792522976, ""C07"": 0.0252970792522976, ""C08"": 0.0252970792522976, ""C09"": 0.0252970792522976, ""C10"": 0.0252970792522976, ""C11"": 0.0252970792522976, ""C12"": 0.0252970792522976, ""C13"": 0.0252970792522976, ""C14"": 0.0252970792522976, ""C15"": 0.0252970792522976, ""C16"": 0.0252970792522976, ""C17"": 0.0252970792522976, ""C18"": 0.0252970792522976, ""C19"": 0.0252970792522976, ""C20"": 0.0252970792522976, ""C21"": 0.0252970792522976, ""C22"": 0.02435719448172959, ""C23"": 0.0252970792522976, ""C24"": 0.0252970792522976, ""C25"": 0.0252970792522976}"
16,16,1,843,9.687142,25,"{""C01"": 1.341816, ""C02"": 1.276291, ""C03"": 1.318985, ""C04"": 1.324645, ""C05"": 1.286639, ""C06"": 1.533929, ""C07"": 1.561339, ""C08"": 1.455094, ""C09"": 1.526511, ""C10"": 1.402813, ""C11"": 1.467102, ""C12"": 1.596829, ""C13"": 1.396, ""C14"": 1.509571, ""C15"": 1.564989, ""C16"": 1.489561, ""C17"": 1.523582, ""C18"": 1.381896, ""C19"": 1.504785, ""C20"": 1.490566, ""C21"": 1.965912, ""C22"": 2.115165, ""C23"": 1.992917, ""C24"": 1.987718, ""C25"": 2.158363}","{""C01"": 0, ""C02"": 0, ""C03"": 0, ""C04"": 0, ""C05"": 0, ""C06"": 0, ""C07"": 0, ""C08"": 0, ""C09"": 0, ""C10"": 0, ""C11"": 0, ""C12"": 0, ""C13"": 0, ""C14"": 0, ""C15"": 0, ""C16"": 0, ""C17"": 0, ""C18"": 0, ""C19"": 0, ""C20"": 0, ""C21"": 0, ""C22"": 0, ""C23"": 0, ""C24"": 0, ""C25"": 1613}","{""C01"": 0.02531034414134886, ""C02"": 0.02531034414134886, ""C03"": 0.02531034414134886, ""C04"": 0.02531034414134886, ""C05"": 0.02531034414134886, ""C06"": 0.02531034414134886, ""C07"": 0.02531034414134886, ""C08"": 0.02531034414134886, ""C09"": 0.02531034414134886, ""C10"": 0.02531034414134886, ""C11"": 0.02531034414134886, ""C12"": 0.02531034414134886, ""C13"": 0.02531034414134886, ""C14"": 0.02531034414134886, ""C15"": 0.02531034414134886, ""C16"": 0.02531034414134886, ""C17"": 0.02531034414134886, ""C18"": 0.02531034414134886, ""C19"": 0.02531034414134886, ""C20"": 0.02531034414134886, ""C21"": 0.02531034414134886, ""C22"": 0.02531034414134886, ""C23"": 0.02531034414134886, ""C24"": 0.02531034414134886, ""C25"": 0.02437624901438131}"
17,17,1,844,9.048166,25,"{""C01"": 1.341816, ""C02"": 1.276291, ""C03"": 1.318985, ""C04"": 1.324645, ""C05"": 1.286639, ""C06"": 1.533929, ""C07"": 1.561339, ""C08"": 1.60811, ""C09"": 1.526511, ""C10"": 1.402813, ""C11"": 1.467102, ""C12"": 1.596829, ""C13"": 1.433096, ""C14"": 1.509571, ""C15"": 1.564989, ""C16"": 1.612276, ""C17"": 1.523582, ""C18"": 1.381896, ""C19"": 1.524672, ""C20"": 1.593459, ""C21"": 1.965912, ""C22"": 2.115165, ""C23"": 2.02026, ""C24"": 2.030404, ""C25"": 2.158363}","{""C01"": 0, ""C02"": 0, ""C03"": 0, ""C04"": 0, ""C05"": 0, ""C06"": 0, ""C07"": 0, ""C08"": 0, ""C09"": 0, ""C10"": 0, ""C11"": 0, ""C12"": 0, ""C13"": 0, ""C14"": 0, ""C15"": 0, ""C16"": 0, ""C17"": 0, ""C18"": 0, ""C19"": 0, ""C20"": 0, ""C21"": 0, ""C22"": 0, ""C23"": 0, ""C24"": 0, ""C25"": 1613}","{""C01"": 0.02531034414134886, ""C02"": 0.02531034414134886, ""C03"": 0.02531034414134886, ""C04"": 0.02531034414134886, ""C05"": 0.02531034414134886, ""C06"": 0.02531034414134886, ""C07"": 0.02531034414134886, ""C08"": 0.02531034414134886, ""C09"": 0.02531034414134886, ""C10"": 0.02531034414134886, ""C11"": 0.02531034414134886, ""C12"": 0.02531034414134886, ""C13"": 0.02531034414134886, ""C14"": 0.02531034414134886, ""C15"": 0.02531034414134886, ""C16"": 0.02531034414134886, ""C17"": 0.02531034414134886, ""C18"": 0.02531034414134886, ""C19"": 0.02531034414134886, ""C20"": 0.02531034414134886, ""C21"": 0.02531034414134886, ""C22"": 0.02531034414134886, ""C23"": 0.02531034414134886, ""C24"": 0.02531034414134886, ""C25"": 0.02437624901438131}"
18,18,1,818,7.177804,25,"{""C01"": 1.341816, ""C02"": 1.276291, ""C03"": 1.318985, ""C04"": 1.324645, ""C05"": 1.286639, ""C06"": 1.533929, ""C07"": 1.561339, ""C08"": 1.60811, ""C09"": 1.526511, ""C10"": 1.406481, ""C11"": 1.467102, ""C12"": 1.596829, ""C13"": 1.444633, ""C14"": 1.509571, ""C15"": 1.564989, ""C16"": 1.612276, ""C17"": 1.523582, ""C18"": 1.381896, ""C19"": 1.524672, ""C20"": 1.593459, ""C21"": 1.965912, ""C22"": 2.115165, ""C23"": 2.339857, ""C24"": 2.292411, ""C25"": 2.158363}","{""C01"": 0, ""C02"": 0, ""C03"": 0, ""C04"": 0, ""C05"": 0, ""C06"": 0, ""C07"": 0, ""C08"": 0, ""C09"": 0, ""C10"": 0, ""C11"": 0, ""C12"": 0, ""C13"": 0, ""C14"": 0, ""C15"": 0, ""C16"": 0, ""C17"": 0, ""C18"": 0, ""C19"": 0, ""C20"": 0, ""C21"": 0, ""C22"": 0, ""C23"": 1572, ""C24"": 0, ""C25"": 0}","{""C01"": 0.02536149582716528, ""C02"": 0.02536149582716528, ""C03"": 0.02536149582716528, ""C04"": 0.02536149582716528, ""C05"": 0.02536149582716528, ""C06"": 0.02536149582716528, ""C07"": 0.02536149582716528, ""C08"": 0.02536149582716528, ""C09"": 0.02536149582716528, ""C10"": 0.02536149582716528, ""C11"": 0.02536149582716528, ""C12"": 0.02536149582716528, ""C13"": 0.02536149582716528, ""C14"": 0.02536149582716528, ""C15"": 0.02536149582716528, ""C16"": 0.02536149582716528, ""C17"": 0.02536149582716528, ""C18"": 0.02536149582716528, ""C19"": 0.02536149582716528, ""C20"": 0.02536149582716528, ""C21"": 0.02536149582716528, ""C22"": 0.02536149582716528, ""C23"": 0.024451146305182983, ""C24"": 0.02536149582716528, ""C25"": 0.02536149582716528}"
19,19,1,870,7.666345,25,"{""C01"": 1.341816, ""C02"": 1.276291, ""C03"": 1.318985, ""C04"": 1.324645, ""C05"": 1.286639, ""C06"": 1.533929, ""C07"": 1.561339, ""C08"": 1.60811, ""C09"": 1.526511, ""C10"": 1.629677, ""C11"": 1.467102, ""C12"": 1.596829, ""C13"": 1.480316, ""C14"": 1.509571, ""C15"": 1.592899, ""C16"": 1.612276, ""C17"": 1.523582, ""C18"": 1.381896, ""C19"": 1.524672, ""C20"": 1.593459, ""C21"": 2.144751, ""C22"": 2.370334, ""C23"": 2.339857, ""C24"": 2.292411, ""C25"": 2.158363}","{""C01"": 0, ""C02"": 0, ""C03"": 0, ""C04"": 0, ""C05"": 0, ""C06"": 0, ""C07"": 0, ""C08"": 0, ""C09"": 0, ""C10"": 0, ""C11"": 0, ""C12"": 0, ""C13"": 0, ""C14"": 0, ""C15"": 0, ""C16"": 0, ""C17"": 0, ""C18"": 0, ""C19"": 0, ""C20"": 0, ""C21"": 0, ""C22"": 1566, ""C23"": 0, ""C24"": 0, ""C25"": 0}","{""C01"": 0.025369851579636962, ""C02"": 0.025369851579636962, ""C03"": 0.025369851579636962, ""C04"": 0.025369851579636962, ""C05"": 0.025369851579636962, ""C06"": 0.025369851579636962, ""C07"": 0.025369851579636962, ""C08"": 0.025369851579636962, ""C09"": 0.025369851579636962, ""C10"": 0.025369851579636962, ""C11"": 0.025369851579636962, ""C12"": 0.025369851579636962, ""C13"": 0.025369851579636962, ""C14"": 0.025369851579636962, ""C15"": 0.025369851579636962, ""C16"": 0.025369851579636962, ""C17"": 0.025369851579636962, ""C18"": 0.025369851579636962, ""C19"": 0.025369851579636962, ""C20"": 0.025369851579636962, ""C21"": 0.025369851579636962, ""C22"": 0.024462974709743165, ""C23"": 0.025369851579636962, ""C24"": 0.025369851579636962, ""C25"": 0.025369851579636962}"
20,20,1,1062,9.229005,25,"{""C01"": 1.341816, ""C02"": 1.276291, ""C03"": 1.318985, ""C04"": 1.335742, ""C05"": 1.286639, ""C06"": 1.533929, ""C07"": 1.561339, ""C08"": 1.60811, ""C09"": 1.663664, ""C10"": 1.629677, ""C11"": 1.467102, ""C12"": 1.596829, ""C13"": 1.480316, ""C14"": 1.509571, ""C15"": 1.608022, ""C16"": 1.612276, ""C17"": 1.613381, ""C18"": 1.61277, ""C19"": 1.524672, ""C20"": 1.677803, ""C21"": 2.163144, ""C22"": 2.370334, ""C23"": 2.339857, ""C24"": 2.313657, ""C25"": 2.158363}","{""C01"": 0, ""C02"": 0, ""C03"": 0, ""C04"": 0, ""C05"": 0, ""C06"": 0, ""C07"": 0, ""C08"": 0, ""C09"": 0, ""C10"": 0, ""C11"": 0, ""C12"": 0, ""C13"": 0, ""C14"": 0, ""C15"": 0, ""C16"": 0, ""C17"": 0, ""C18"": 0, ""C19"": 0, ""C20"": 0, ""C21"": 0, ""C22"": 1566, ""C23"": 0, ""C24"": 0, ""C25"": 0}","{""C01"": 0.025369851579636962, ""C02"": 0.025369851579636962, ""C03"": 0.025369851579636962, ""C04"": 0.025369851579636962, ""C05"": 0.025369851579636962, ""C06"": 0.025369851579636962, ""C07"": 0.025369851579636962, ""C08"": 0.025369851579636962, ""C09"": 0.025369851579636962, ""C10"": 0.025369851579636962, ""C11"": 0.025369851579636962, ""C12"": 0.025369851579636962, ""C13"": 0.025369851579636962, ""C14"": 0.025369851579636962, ""C15"": 0.025369851579636962, ""C16"": 0.025369851579636962, ""C17"": 0.025369851579636962, ""C18"": 0.025369851579636962, ""C19"": 0.025369851579636962, ""C20"": 0.025369851579636962, ""C21"": 0.025369851579636962, ""C22"": 0.024462974709743165, ""C23"": 0.025369851579636962, ""C24"": 0.025369851579636962, ""C25"": 0.025369851579636962}"
21,21,1,300,2.669079,25,"{""C01"": 1.341816, ""C02"": 1.276291, ""C03"": 1.318985, ""C04"": 1.335742, ""C05"": 1.286639, ""C06"": 1.533929, ""C07"": 1.668159, ""C08"": 1.60811, ""C09"": 1.663664, ""C10"": 1.629677, ""C11"": 1.60005, ""C12"": 1.596829, ""C13"": 1.480316, ""C14"": 1.509571, ""C15"": 1.608022, ""C16"": 1.612276, ""C17"": 1.613381, ""C18"": 1.61277, ""C19"": 1.525821, ""C20"": 1.677803, ""C21"": 2.236775, ""C22"": 2.370334, ""C23"": 2.53009, ""C24"": 2.313657, ""C25"": 2.158363}","{""C01"": 0, ""C02"": 0, ""C03"": 0, ""C04"": 0, ""C05"": 0, ""C06"": 0, ""C07"": 0, ""C08"": 0, ""C09"": 0, ""C10"": 0, ""C11"": 0, ""C12"": 0, ""C13"": 0, ""C14"": 0, ""C15"": 0, ""C16"": 0, ""C17"": 0, ""C18"": 0, ""C19"": 0, ""C20"": 0, ""C21"": 0, ""C22"": 0, ""C23"": 1533, ""C24"": 0, ""C25"": 0}","{""C01"": 0.025409621413184993, ""C02"": 0.025409621413184993, ""C03"": 0.025409621413184993, ""C04"": 0.025409621413184993, ""C05"": 0.025409621413184993, ""C06"": 0.025409621413184993, ""C07"": 0.025409621413184993, ""C08"": 0.025409621413184993, ""C09"": 0.025409621413184993, ""C10"": 0.025409621413184993, ""C11"": 0.025409621413184993, ""C12"": 0.025409621413184993, ""C13"": 0.025409621413184993, ""C14"": 0.025409621413184993, ""C15"": 0.025409621413184993, ""C16"": 0.025409621413184993, ""C17"": 0.025409621413184993, ""C18"": 0.025409621413184993, ""C19"": 0.025409621413184993, ""C20"": 0.025409621413184993, ""C21"": 0.025409621413184993, ""C22"": 0.025409621413184993, ""C23"": 0.02452186038834682, ""C24"": 0.025409621413184993, ""C25"": 0.025409621413184993}"
22,22,1,743,6.474597,25,"{""C01"": 1.341816, ""C02"": 1.276291, ""C03"": 1.318985, ""C04"": 1.335742, ""C05"": 1.286639, ""C06"": 1.533929, ""C07"": 1.668159, ""C08"": 1.60811, ""C09"": 1.663664, ""C10"": 1.629677, ""C11"": 1.60005, ""C12"": 1.596829, ""C13"": 1.643217, ""C14"": 1.509571, ""C15"": 1.680721, ""C16"": 1.612276, ""C17"": 1.613381, ""C18"": 1.61277, ""C19"": 1.694821, ""C20"": 1.677803, ""C21"": 2.594985, ""C22"": 2.370334, ""C23"": 2.53009, ""C24"": 2.313657, ""C25"": 2.45314}","{""C01"": 0, ""C02"": 0, ""C03"": 0, ""C04"": 0, ""C05"": 0, ""C06"": 0, ""C07"": 0, ""C08"": 0, ""C09"": 0, ""C10"": 0, ""C11"": 0, ""C12"": 0, ""C13"": 0, ""C14"": 0, ""C15"": 0, ""C16"": 0, ""C17"": 0, ""C18"": 0, ""C19"": 0, ""C20"": 0, ""C21"": 1521, ""C22"": 0, ""C23"": 0, ""C24"": 0, ""C25"": 0}","{""C01"": 0.02542521328816516, ""C02"": 0.02542521328816516, ""C03"": 0.02542521328816516, ""C04"": 0.02542521328816516, ""C05"": 0.02542521328816516, ""C06"": 0.02542521328816516, ""C07"": 0.02542521328816516, ""C08"": 0.02542521328816516, ""C09"": 0.02542521328816516, ""C10"": 0.02542521328816516, ""C11"": 0.02542521328816516, ""C12"": 0.02542521328816516, ""C13"": 0.02542521328816516, ""C14"": 0.02542521328816516, ""C15"": 0.02542521328816516, ""C16"": 0.02542521328816516, ""C17"": 0.02542521328816516, ""C18"": 0.02542521328816516, ""C19"": 0.02542521328816516, ""C20"": 0.02542521328816516, ""C21"": 0.024544400406463964, ""C22"": 0.02542521328816516, ""C23"": 0.02542521328816516, ""C24"": 0.02542521328816516, ""C25"": 0.02542521328816516}"
23,23,1,195,1.707264,25,"{""C01"": 1.341816, ""C02"": 1.276291, ""C03"": 1.318985, ""C04"": 1.335742, ""C05"": 1.286639, ""C06"": 1.553085, ""C07"": 1.668159, ""C08"": 1.60811, ""C09"": 1.663664, ""C10"": 1.656726, ""C11"": 1.60005, ""C12"": 1.596829, ""C13"": 1.643217, ""C14"": 1.509571, ""C15"": 1.680721, ""C16"": 1.612276, ""C17"": 1.613381, ""C18"": 1.61277, ""C19"": 1.694821, ""C20"": 1.677803, ""C21"": 2.594985, ""C22"": 2.370334, ""C23"": 2.579701, ""C24"": 2.313657, ""C25"": 2.45314}","{""C01"": 0, ""C02"": 0, ""C03"": 0, ""C04"": 0, ""C05"": 0, ""C06"": 0, ""C07"": 0, ""C08"": 0, ""C09"": 0, ""C10"": 0, ""C11"": 0, ""C12"": 0, ""C13"": 0, ""C14"": 0, ""C15"": 0, ""C16"": 0, ""C17"": 0, ""C18"": 0, ""C19"": 0, ""C20"": 0, ""C21"": 796, ""C22"": 0, ""C23"": 729, ""C24"": 0, ""C25"": 0}","{""C01"": 0.02542504160530623, ""C02"": 0.02542504160530623, ""C03"": 0.02542504160530623, ""C04"": 0.02542504160530623, ""C05"": 0.02542504160530623, ""C06"": 0.02542504160530623, ""C07"": 0.02542504160530623, ""C08"": 0.02542504160530623, ""C09"": 0.02542504160530623, ""C10"": 0.02542504160530623, ""C11"": 0.02542504160530623, ""C12"": 0.02542504160530623, ""C13"": 0.02542504160530623, ""C14"": 0.02542504160530623, ""C15"": 0.02542504160530623, ""C16"": 0.02542504160530623, ""C17"": 0.02542504160530623, ""C18"": 0.02542504160530623, ""C19"": 0.02542504160530623, ""C20"": 0.02542504160530623, ""C21"": 0.024964090877441326, ""C22"": 0.02542504160530623, ""C23"": 0.025002868292755775, ""C24"": 0.02542504160530623, ""C25"": 0.02542504160530623}"
24,24,1,465,4.007831,25,"{""C01"": 1.341816, ""C02"": 1.276291, ""C03"": 1.318985, ""C04"": 1.335742, ""C05"": 1.286639, ""C06"": 1.69323, ""C07"": 1.668159, ""C08"": 1.638811, ""C09"": 1.663664, ""C10"": 1.656726, ""C11"": 1.60005, ""C12"": 1.596829, ""C13"": 1.643217, ""C14"": 1.585123, ""C15"": 1.763059, ""C16"": 1.612276, ""C17"": 1.613381, ""C18"": 1.61277, ""C19"": 1.694821, ""C20"": 1.677803, ""C21"": 2.747599, ""C22"": 2.370334, ""C23"": 2.579701, ""C24"": 2.341501, ""C25"": 2.650853}","{""C01"": 0, ""C02"": 0, ""C03"": 0, ""C04"": 0, ""C05"": 0, ""C06"": 0, ""C07"": 0, ""C08"": 0, ""C09"": 0, ""C10"": 0, ""C11"": 0, ""C12"": 0, ""C13"": 0, ""C14"": 0, ""C15"": 0, ""C16"": 0, ""C17"": 0, ""C18"": 0, ""C19"": 0, ""C20"": 0, ""C21"": 1494, ""C22"": 0, ""C23"": 0, ""C24"": 0, ""C25"": 0}","{""C01"": 0.02545978092758626, ""C02"": 0.02545978092758626, ""C03"": 0.02545978092758626, ""C04"": 0.02545978092758626, ""C05"": 0.02545978092758626, ""C06"": 0.02545978092758626, ""C07"": 0.02545978092758626, ""C08"": 0.02545978092758626, ""C09"": 0.02545978092758626, ""C10"": 0.02545978092758626, ""C11"": 0.02545978092758626, ""C12"": 0.02545978092758626, ""C13"": 0.02545978092758626, ""C14"": 0.02545978092758626, ""C15"": 0.02545978092758626, ""C16"": 0.02545978092758626, ""C17"": 0.02545978092758626, ""C18"": 0.02545978092758626, ""C19"": 0.02545978092758626, ""C20"": 0.02545978092758626, ""C21"": 0.024594602606008292, ""C22"": 0.02545978092758626, ""C23"": 0.02545978092758626, ""C24"": 0.02545978092758626, ""C25"": 0.02545978092758626}"
25,25,1,444,3.787209,25,"{""C01"": 1.341816, ""C02"": 1.276291, ""C03"": 1.318985, ""C04"": 1.335742, ""C05"": 1.286639, ""C06"": 1.69323, ""C07"": 1.668159, ""C08"": 1.672775, ""C09"": 1.663664, ""C10"": 1.656726, ""C11"": 1.60005, ""C12"": 1.596829, ""C13"": 1.643217, ""C14"": 1.585123, ""C15"": 1.763059, ""C16"": 1.612276, ""C17"": 1.613381, ""C18"": 1.61277, ""C19"": 1.694821, ""C20"": 1.677803, ""C21"": 2.747599, ""C22"": 2.370334, ""C23"": 2.723898, ""C24"": 2.468117, ""C25"": 2.847311}","{""C01"": 0, ""C02"": 0, ""C03"": 0, ""C04"": 0, ""C05"": 0, ""C06"": 0, ""C07"": 0, ""C08"": 0, ""C09"": 0, ""C10"": 0, ""C11"": 0, ""C12"": 0, ""C13"": 0, ""C14"": 0, ""C15"": 0, ""C16"": 0, ""C17"": 0, ""C18"": 0, ""C19"": 0, ""C20"": 0, ""C21"": 0, ""C22"": 0, ""C23"": 0, ""C24"": 0, ""C25"": 1477}","{""C01"": 0.02548079395975221, ""C02"": 0.02548079395975221, ""C03"": 0.02548079395975221, ""C04"": 0.02548079395975221, ""C05"": 0.02548079395975221, ""C06"": 0.02548079395975221, ""C07"": 0.02548079395975221, ""C08"": 0.02548079395975221, ""C09"": 0.02548079395975221, ""C10"": 0.02548079395975221, ""C11"": 0.02548079395975221, ""C12"": 0.02548079395975221, ""C13"": 0.02548079395975221, ""C14"": 0.02548079395975221, ""C15"": 0.02548079395975221, ""C16"": 0.02548079395975221, ""C17"": 0.02548079395975221, ""C18"": 0.02548079395975221, ""C19"": 0.02548079395975221, ""C20"": 0.02548079395975221, ""C21"": 0.02548079395975221, ""C22"": 0.02548079395975221, ""C23"": 0.02548079395975221, ""C24"": 0.02548079395975221, ""C25"": 0.02462546162312419}"
26,26,1,445,3.857235,25,"{""C01"": 1.341816, ""C02"": 1.276291, ""C03"": 1.318985, ""C04"": 1.335742, ""C05"": 1.286639, ""C06"": 1.69323, ""C07"": 1.668159, ""C08"": 1.672775, ""C09"": 1.663664, ""C10"": 1.656726, ""C11"": 1.60005, ""C12"": 1.596829, ""C13"": 1.795148, ""C14"": 1.585123, ""C15"": 1.763059, ""C16"": 1.736821, ""C17"": 1.771995, ""C18"": 1.61277, ""C19"": 1.694821, ""C20"": 1.752871, ""C21"": 2.747599, ""C22"": 2.456868, ""C23"": 2.723898, ""C24"": 2.468117, ""C25"": 2.847311}","{""C01"": 0, ""C02"": 0, ""C03"": 0, ""C04"": 0, ""C05"": 0, ""C06"": 0, ""C07"": 0, ""C08"": 0, ""C09"": 0, ""C10"": 0, ""C11"": 0, ""C12"": 0, ""C13"": 0, ""C14"": 0, ""C15"": 0, ""C16"": 0, ""C17"": 0, ""C18"": 0, ""C19"": 0, ""C20"": 0, ""C21"": 0, ""C22"": 0, ""C23"": 0, ""C24"": 0, ""C25"": 1477}","{""C01"": 0.02548079395975221, ""C02"": 0.02548079395975221, ""C03"": 0.02548079395975221, ""C04"": 0.02548079395975221, ""C05"": 0.02548079395975221, ""C06"": 0.02548079395975221, ""C07"": 0.02548079395975221, ""C08"": 0.02548079395975221, ""C09"": 0.02548079395975221, ""C10"": 0.02548079395975221, ""C11"": 0.02548079395975221, ""C12"": 0.02548079395975221, ""C13"": 0.02548079395975221, ""C14"": 0.02548079395975221, ""C15"": 0.02548079395975221, ""C16"": 0.02548079395975221, ""C17"": 0.02548079395975221, ""C18"": 0.02548079395975221, ""C19"": 0.02548079395975221, ""C20"": 0.02548079395975221, ""C21"": 0.02548079395975221, ""C22"": 0.02548079395975221, ""C23"": 0.02548079395975221, ""C24"": 0.02548079395975221, ""C25"": 0.02462546162312419}"
27,27,1,441,3.773852,25,"{""C01"": 1.341816, ""C02"": 1.276291, ""C03"": 1.320742, ""C04"": 1.335742, ""C05"": 1.286639, ""C06"": 1.69323, ""C07"": 1.668159, ""C08"": 1.672775, ""C09"": 1.663664, ""C10"": 1.656726, ""C11"": 1.774352, ""C12"": 1.596829, ""C13"": 1.795148, ""C14"": 1.585123, ""C15"": 1.763059, ""C16"": 1.736821, ""C17"": 1.771995, ""C18"": 1.809224, ""C19"": 1.69854, ""C20"": 1.752871, ""C21"": 2.747599, ""C22"": 2.456868, ""C23"": 2.723898, ""C24"": 2.594092, ""C25"": 2.85112}","{""C01"": 0, ""C02"": 0, ""C03"": 0, ""C04"": 0, ""C05"": 0, ""C06"": 0, ""C07"": 0, ""C08"": 0, ""C09"": 0, ""C10"": 0, ""C11"": 0, ""C12"": 0, ""C13"": 0, ""C14"": 0, ""C15"": 0, ""C16"": 0, ""C17"": 0, ""C18"": 0, ""C19"": 0, ""C20"": 0, ""C21"": 0, ""C22"": 0, ""C23"": 0, ""C24"": 0, ""C25"": 1476}","{""C01"": 0.025481363306333132, ""C02"": 0.025481363306333132, ""C03"": 0.025481363306333132, ""C04"": 0.025481363306333132, ""C05"": 0.025481363306333132, ""C06"": 0.025481363306333132, ""C07"": 0.025481363306333132, ""C08"": 0.025481363306333132, ""C09"": 0.025481363306333132, ""C10"": 0.025481363306333132, ""C11"": 0.025481363306333132, ""C12"": 0.025481363306333132, ""C13"": 0.025481363306333132, ""C14"": 0.025481363306333132, ""C15"": 0.025481363306333132, ""C16"": 0.025481363306333132, ""C17"": 0.025481363306333132, ""C18"": 0.025481363306333132, ""C19"": 0.025481363306333132, ""C20"": 0.025481363306333132, ""C21"": 0.025481363306333132, ""C22"": 0.025481363306333132, ""C23"": 0.025481363306333132, ""C24"": 0.025481363306333132, ""C25"": 0.024626612019255614}"
28,28,1,567,4.852914,25,"{""C01"": 1.341816, ""C02"": 1.276291, ""C03"": 1.320742, ""C04"": 1.335742, ""C05"": 1.286639, ""C06"": 1.69323, ""C07"": 1.668159, ""C08"": 1.672775, ""C09"": 1.765803, ""C10"": 1.831969, ""C11"": 1.774352, ""C12"": 1.596829, ""C13"": 1.795148, ""C14"": 1.754493, ""C15"": 1.763059, ""C16"": 1.736821, ""C17"": 1.771995, ""C18"": 1.809224, ""C19"": 1.745355, ""C20"": 1.752871, ""C21"": 2.844872, ""C22"": 2.615895, ""C23"": 2.723898, ""C24"": 2.935558, ""C25"": 2.85112}","{""C01"": 0, ""C02"": 0, ""C03"": 0, ""C04"": 0, ""C05"": 0, ""C06"": 0, ""C07"": 0, ""C08"": 0, ""C09"": 0, ""C10"": 0, ""C11"": 0, ""C12"": 0, ""C13"": 0, ""C14"": 0, ""C15"": 0, ""C16"": 0, ""C17"": 0, ""C18"": 0, ""C19"": 0, ""C20"": 0, ""C21"": 0, ""C22"": 0, ""C23"": 0, ""C24"": 1463, ""C25"": 0}","{""C01"": 0.02549883469480302, ""C02"": 0.02549883469480302, ""C03"": 0.02549883469480302, ""C04"": 0.02549883469480302, ""C05"": 0.02549883469480302, ""C06"": 0.02549883469480302, ""C07"": 0.02549883469480302, ""C08"": 0.02549883469480302, ""C09"": 0.02549883469480302, ""C10"": 0.02549883469480302, ""C11"": 0.02549883469480302, ""C12"": 0.02549883469480302, ""C13"": 0.02549883469480302, ""C14"": 0.02549883469480302, ""C15"": 0.02549883469480302, ""C16"": 0.02549883469480302, ""C17"": 0.02549883469480302, ""C18"": 0.02549883469480302, ""C19"": 0.02549883469480302, ""C20"": 0.02549883469480302, ""C21"": 0.02549883469480302, ""C22"": 0.02549883469480302, ""C23"": 0.02549883469480302, ""C24"": 0.024651608700335465, ""C25"": 0.02549883469480302}"
29,29,1,728,6.320063,25,"{""C01"": 1.341816, ""C02"": 1.276291, ""C03"": 1.320742, ""C04"": 1.335742, ""C05"": 1.286639, ""C06"": 1.695538, ""C07"": 1.668159, ""C08"": 1.672775, ""C09"": 1.765803, ""C10"": 1.831969, ""C11"": 1.774352, ""C12"": 1.85702, ""C13"": 1.860811, ""C14"": 1.754493, ""C15"": 1.763059, ""C16"": 1.736821, ""C17"": 1.771995, ""C18"": 1.809224, ""C19"": 1.745355, ""C20"": 1.752871, ""C21"": 2.844872, ""C22"": 2.740326, ""C23"": 3.009351, ""C24"": 3.090371, ""C25"": 2.85112}","{""C01"": 0, ""C02"": 0, ""C03"": 0, ""C04"": 0, ""C05"": 0, ""C06"": 0, ""C07"": 0, ""C08"": 0, ""C09"": 0, ""C10"": 0, ""C11"": 0, ""C12"": 0, ""C13"": 0, ""C14"": 0, ""C15"": 0, ""C16"": 0, ""C17"": 0, ""C18"": 0, ""C19"": 0, ""C20"": 0, ""C21"": 0, ""C22"": 0, ""C23"": 0, ""C24"": 1439, ""C25"": 0}","{""C01"": 0.025528393141432806, ""C02"": 0.025528393141432806, ""C03"": 0.025528393141432806, ""C04"": 0.025528393141432806, ""C05"": 0.025528393141432806, ""C06"": 0.025528393141432806, ""C07"": 0.025528393141432806, ""C08"": 0.025528393141432806, ""C09"": 0.025528393141432806, ""C10"": 0.025528393141432806, ""C11"": 0.025528393141432806, ""C12"": 0.025528393141432806, ""C13"": 0.025528393141432806, ""C14"": 0.025528393141432806, ""C15"": 0.025528393141432806, ""C16"": 0.025528393141432806, ""C17"": 0.025528393141432806, ""C18"": 0.025528393141432806, ""C19"": 0.025528393141432806, ""C20"": 0.025528393141432806, ""C21"": 0.025528393141432806, ""C22"": 0.025528393141432806, ""C23"": 0.025528393141432806, ""C24"": 0.024695067529532475, ""C25"": 0.025528393141432806}"
30,30,1,456,3.929113,25,"{""C01"": 1.341816, ""C02"": 1.276291, ""C03"": 1.320742, ""C04"": 1.335742, ""C05"": 1.286639, ""C06"": 1.695538, ""C07"": 1.668159, ""C08"": 1.719072, ""C09"": 1.851398, ""C10"": 1.831969, ""C11"": 1.774352, ""C12"": 1.85702, ""C13"": 1.860811, ""C14"": 1.754493, ""C15"": 1.834653, ""C16"": 1.736821, ""C17"": 1.779885, ""C18"": 1.809224, ""C19"": 1.745355, ""C20"": 1.752871, ""C21"": 2.96817, ""C22"": 2.740326, ""C23"": 3.009351, ""C24"": 3.090371, ""C25"": 3.197967}","{""C01"": 0, ""C02"": 0, ""C03"": 0, ""C04"": 0, ""C05"": 0, ""C06"": 0, ""C07"": 0, ""C08"": 0, ""C09"": 0, ""C10"": 0, ""C11"": 0, ""C12"": 0, ""C13"": 0, ""C14"": 0, ""C15"": 0, ""C16"": 0, ""C17"": 0, ""C18"": 0, ""C19"": 0, ""C20"": 0, ""C21"": 0, ""C22"": 0, ""C23"": 0, ""C24"": 0, ""C25"": 1423}","{""C01"": 0.02554767480027692, ""C02"": 0.02554767480027692, ""C03"": 0.02554767480027692, ""C04"": 0.02554767480027692, ""C05"": 0.02554767480027692, ""C06"": 0.02554767480027692, ""C07"": 0.02554767480027692, ""C08"": 0.02554767480027692, ""C09"": 0.02554767480027692, ""C10"": 0.02554767480027692, ""C11"": 0.02554767480027692, ""C12"": 0.02554767480027692, ""C13"": 0.02554767480027692, ""C14"": 0.02554767480027692, ""C15"": 0.02554767480027692, ""C16"": 0.02554767480027692, ""C17"": 0.02554767480027692, ""C18"": 0.02554767480027692, ""C19"": 0.02554767480027692, ""C20"": 0.02554767480027692, ""C21"": 0.02554767480027692, ""C22"": 0.02554767480027692, ""C23"": 0.02554767480027692, ""C24"": 0.02554767480027692, ""C25"": 0.024723617313995874}"
31,31,1,716,6.184418,25,"{""C01"": 1.341816, ""C02"": 1.276291, ""C03"": 1.320742, ""C04"": 1.335742, ""C05"": 1.286639, ""C06"": 1.695538, ""C07"": 1.753647, ""C08"": 1.86996, ""C09"": 1.851398, ""C10"": 1.831969, ""C11"": 1.774352, ""C12"": 1.85702, ""C13"": 1.860811, ""C14"": 1.754493, ""C15"": 1.870746, ""C16"": 1.736821, ""C17"": 1.779885, ""C18"": 1.809224, ""C19"": 1.748038, ""C20"": 1.752871, ""C21"": 3.127054, ""C22"": 2.992927, ""C23"": 3.042742, ""C24"": 3.090371, ""C25"": 3.197967}","{""C01"": 0, ""C02"": 0, ""C03"": 0, ""C04"": 0, ""C05"": 0, ""C06"": 0, ""C07"": 0, ""C08"": 0, ""C09"": 0, ""C10"": 0, ""C11"": 0, ""C12"": 0, ""C13"": 0, ""C14"": 0, ""C15"": 0, ""C16"": 0, ""C17"": 0, ""C18"": 0, ""C19"": 0, ""C20"": 0, ""C21"": 0, ""C22"": 0, ""C23"": 0, ""C24"": 0, ""C25"": 1423}","{""C01"": 0.02554767480027692, ""C02"": 0.02554767480027692, ""C03"": 0.02554767480027692, ""C04"": 0.02554767480027692, ""C05"": 0.02554767480027692, ""C06"": 0.02554767480027692, ""C07"": 0.02554767480027692, ""C08"": 0.02554767480027692, ""C09"": 0.02554767480027692, ""C10"": 0.02554767480027692, ""C11"": 0.02554767480027692, ""C12"": 0.02554767480027692, ""C13"": 0.02554767480027692, ""C14"": 0.02554767480027692, ""C15"": 0.02554767480027692, ""C16"": 0.02554767480027692, ""C17"": 0.02554767480027692, ""C18"": 0.02554767480027692, ""C19"": 0.02554767480027692, ""C20"": 0.02554767480027692, ""C21"": 0.02554767480027692, ""C22"": 0.02554767480027692, ""C23"": 0.02554767480027692, ""C24"": 0.02554767480027692, ""C25"": 0.024723617313995874}"
32,32,1,495,4.253657,25,"{""C01"": 1.341816, ""C02"": 1.276291, ""C03"": 1.320742, ""C04"": 1.335742, ""C05"": 1.286639, ""C06"": 1.74558, ""C07"": 1.753647, ""C08"": 1.86996, ""C09"": 1.851398, ""C10"": 1.831969, ""C11"": 1.867628, ""C12"": 1.85702, ""C13"": 1.860811, ""C14"": 1.833014, ""C15"": 1.870746, ""C16"": 1.736821, ""C17"": 1.779885, ""C18"": 1.809224, ""C19"": 1.748038, ""C20"": 1.752871, ""C21"": 3.127054, ""C22"": 2.992927, ""C23"": 3.042742, ""C24"": 3.178156, ""C25"": 3.197967}","{""C01"": 0, ""C02"": 0, ""C03"": 0, ""C04"": 0, ""C05"": 0, ""C06"": 0, ""C07"": 0, ""C08"": 0, ""C09"": 0, ""C10"": 0, ""C11"": 0, ""C12"": 0, ""C13"": 0, ""C14"": 0, ""C15"": 0, ""C16"": 0, ""C17"": 0, ""C18"": 0, ""C19"": 0, ""C20"": 0, ""C21"": 0, ""C22"": 0, ""C23"": 0, ""C24"": 507, ""C25"": 919}","{""C01"": 0.025547592441532763, ""C02"": 0.025547592441532763, ""C03"": 0.025547592441532763, ""C04"": 0.025547592441532763, ""C05"": 0.025547592441532763, ""C06"": 0.025547592441532763, ""C07"": 0.025547592441532763, ""C08"": 0.025547592441532763, ""C09"": 0.025547592441532763, ""C10"": 0.025547592441532763, ""C11"": 0.025547592441532763, ""C12"": 0.025547592441532763, ""C13"": 0.025547592441532763, ""C14"": 0.025547592441532763, ""C15"": 0.025547592441532763, ""C16"": 0.025547592441532763, ""C17"": 0.025547592441532763, ""C18"": 0.025547592441532763, ""C19"": 0.025547592441532763, ""C20"": 0.025547592441532763, ""C21"": 0.025547592441532763, ""C22"": 0.025547592441532763, ""C23"": 0.025547592441532763, ""C24"": 0.02525398354872793, ""C25"": 0.025015411274119208}"
33,33,1,931,7.993084,25,"{""C01"": 1.341816, ""C02"": 1.276291, ""C03"": 1.320742, ""C04"": 1.376551, ""C05"": 1.286639, ""C06"": 1.74558, ""C07"": 1.753647, ""C08"": 1.86996, ""C09"": 1.851398, ""C10"": 1.942023, ""C11"": 1.867628, ""C12"": 1.866148, ""C13"": 1.860811, ""C14"": 1.833014, ""C15"": 1.890306, ""C16"": 1.746117, ""C17"": 1.914737, ""C18"": 1.874282, ""C19"": 1.748038, ""C20"": 1.752871, ""C21"": 3.127054, ""C22"": 2.992927, ""C23"": 3.256356, ""C24"": 3.178156, ""C25"": 3.197967}","{""C01"": 0, ""C02"": 0, ""C03"": 0, ""C04"": 0, ""C05"": 0, ""C06"": 0, ""C07"": 0, ""C08"": 0, ""C09"": 0, ""C10"": 0, ""C11"": 0, ""C12"": 0, ""C13"": 0, ""C14"": 0, ""C15"": 0, ""C16"": 0, ""C17"": 0, ""C18"": 0, ""C19"": 0, ""C20"": 0, ""C21"": 0, ""C22"": 0, ""C23"": 1415, ""C24"": 0, ""C25"": 0}","{""C01"": 0.025558011692369667, ""C02"": 0.025558011692369667, ""C03"": 0.025558011692369667, ""C04"": 0.025558011692369667, ""C05"": 0.025558011692369667, ""C06"": 0.025558011692369667, ""C07"": 0.025558011692369667, ""C08"": 0.025558011692369667, ""C09"": 0.025558011692369667, ""C10"": 0.025558011692369667, ""C11"": 0.025558011692369667, ""C12"": 0.025558011692369667, ""C13"": 0.025558011692369667, ""C14"": 0.025558011692369667, ""C15"": 0.025558011692369667, ""C16"": 0.025558011692369667, ""C17"": 0.025558011692369667, ""C18"": 0.025558011692369667, ""C19"": 0.025558011692369667, ""C20"": 0.025558011692369667, ""C21"": 0.025558011692369667, ""C22"": 0.025558011692369667, ""C23"": 0.024738586220182275, ""C24"": 0.025558011692369667, ""C25"": 0.025558011692369667}"
34,34,1,495,4.259451,25,"{""C01"": 1.341816, ""C02"": 1.276291, ""C03"": 1.320742, ""C04"": 1.376551, ""C05"": 1.36977, ""C06"": 1.74558, ""C07"": 1.818866, ""C08"": 1.86996, ""C09"": 1.851398, ""C10"": 1.942023, ""C11"": 1.86885, ""C12"": 1.866148, ""C13"": 1.860811, ""C14"": 1.833014, ""C15"": 1.890306, ""C16"": 1.762111, ""C17"": 1.914737, ""C18"": 1.874282, ""C19"": 1.748038, ""C20"": 1.783522, ""C21"": 3.127054, ""C22"": 2.992927, ""C23"": 3.329813, ""C24"": 3.197361, ""C25"": 3.197967}","{""C01"": 0, ""C02"": 0, ""C03"": 0, ""C04"": 0, ""C05"": 0, ""C06"": 0, ""C07"": 0, ""C08"": 0, ""C09"": 0, ""C10"": 0, ""C11"": 0, ""C12"": 0, ""C13"": 0, ""C14"": 0, ""C15"": 0, ""C16"": 0, ""C17"": 0, ""C18"": 0, ""C19"": 0, ""C20"": 0, ""C21"": 0, ""C22"": 0, ""C23"": 1405, ""C24"": 0, ""C25"": 0}","{""C01"": 0.025570557682568856, ""C02"": 0.025570557682568856, ""C03"": 0.025570557682568856, ""C04"": 0.025570557682568856, ""C05"": 0.025570557682568856, ""C06"": 0.025570557682568856, ""C07"": 0.025570557682568856, ""C08"": 0.025570557682568856, ""C09"": 0.025570557682568856, ""C10"": 0.025570557682568856, ""C11"": 0.025570557682568856, ""C12"": 0.025570557682568856, ""C13"": 0.025570557682568856, ""C14"": 0.025570557682568856, ""C15"": 0.025570557682568856, ""C16"": 0.025570557682568856, ""C17"": 0.025570557682568856, ""C18"": 0.025570557682568856, ""C19"": 0.025570557682568856, ""C20"": 0.025570557682568856, ""C21"": 0.025570557682568856, ""C22"": 0.025570557682568856, ""C23"": 0.024756923305324554, ""C24"": 0.025570557682568856, ""C25"": 0.025570557682568856}"
35,35,1,242,2.098826,25,"{""C01"": 1.341816, ""C02"": 1.276291, ""C03"": 1.320742, ""C04"": 1.376551, ""C05"": 1.36977, ""C06"": 1.74558, ""C07"": 1.818866, ""C08"": 1.86996, ""C09"": 1.851398, ""C10"": 1.942023, ""C11"": 1.86885, ""C12"": 1.866148, ""C13"": 1.860811, ""C14"": 1.833014, ""C15"": 1.890306, ""C16"": 1.797699, ""C17"": 1.914737, ""C18"": 1.874282, ""C19"": 1.748038, ""C20"": 1.783522, ""C21"": 3.311534, ""C22"": 3.114772, ""C23"": 3.329813, ""C24"": 3.197361, ""C25"": 3.197967}","{""C01"": 0, ""C02"": 0, ""C03"": 0, ""C04"": 0, ""C05"": 0, ""C06"": 0, ""C07"": 0, ""C08"": 0, ""C09"": 0, ""C10"": 0, ""C11"": 0, ""C12"": 0, ""C13"": 0, ""C14"": 0, ""C15"": 0, ""C16"": 0, ""C17"": 0, ""C18"": 0, ""C19"": 0, ""C20"": 0, ""C21"": 669, ""C22"": 0, ""C23"": 740, ""C24"": 0, ""C25"": 0}","{""C01"": 0.025570749190698044, ""C02"": 0.025570749190698044, ""C03"": 0.025570749190698044, ""C04"": 0.025570749190698044, ""C05"": 0.025570749190698044, ""C06"": 0.025570749190698044, ""C07"": 0.025570749190698044, ""C08"": 0.025570749190698044, ""C09"": 0.025570749190698044, ""C10"": 0.025570749190698044, ""C11"": 0.025570749190698044, ""C12"": 0.025570749190698044, ""C13"": 0.025570749190698044, ""C14"": 0.025570749190698044, ""C15"": 0.025570749190698044, ""C16"": 0.025570749190698044, ""C17"": 0.025570749190698044, ""C18"": 0.025570749190698044, ""C19"": 0.025570749190698044, ""C20"": 0.025570749190698044, ""C21"": 0.0251833232724578, ""C22"": 0.025570749190698044, ""C23"": 0.025142226618806163, ""C24"": 0.025570749190698044, ""C25"": 0.025570749190698044}"
36,36,1,386,3.336183,25,"{""C01"": 1.341816, ""C02"": 1.276291, ""C03"": 1.320742, ""C04"": 1.376551, ""C05"": 1.36977, ""C06"": 1.74558, ""C07"": 1.818866, ""C08"": 1.86996, ""C09"": 1.851398, ""C10"": 1.942023, ""C11"": 1.86885, ""C12"": 1.918776, ""C13"": 1.860811, ""C14"": 1.833014, ""C15"": 1.890306, ""C16"": 1.814466, ""C17"": 1.98363, ""C18"": 1.874282, ""C19"": 1.748038, ""C20"": 1.783522, ""C21"": 3.493715, ""C22"": 3.136974, ""C23"": 3.329813, ""C24"": 3.197361, ""C25"": 3.197967}","{""C01"": 0, ""C02"": 0, ""C03"": 0, ""C04"": 0, ""C05"": 0, ""C06"": 0, ""C07"": 0, ""C08"": 0, ""C09"": 0, ""C10"": 0, ""C11"": 0, ""C12"": 0, ""C13"": 0, ""C14"": 0, ""C15"": 0, ""C16"": 0, ""C17"": 0, ""C18"": 0, ""C19"": 0, ""C20"": 0, ""C21"": 1383, ""C22"": 0, ""C23"": 0, ""C24"": 0, ""C25"": 0}","{""C01"": 0.025596872310645002, ""C02"": 0.025596872310645002, ""C03"": 0.025596872310645002, ""C04"": 0.025596872310645002, ""C05"": 0.025596872310645002, ""C06"": 0.025596872310645002, ""C07"": 0.025596872310645002, ""C08"": 0.025596872310645002, ""C09"": 0.025596872310645002, ""C10"": 0.025596872310645002, ""C11"": 0.025596872310645002, ""C12"": 0.025596872310645002, ""C13"": 0.025596872310645002, ""C14"": 0.025596872310645002, ""C15"": 0.025596872310645002, ""C16"": 0.025596872310645002, ""C17"": 0.025596872310645002, ""C18"": 0.025596872310645002, ""C19"": 0.025596872310645002, ""C20"": 0.025596872310645002, ""C21"": 0.024795982142406064, ""C22"": 0.025596872310645002, ""C23"": 0.025596872310645002, ""C24"": 0.025596872310645002, ""C25"": 0.025596872310645002}"
37,37,1,355,3.080998,25,"{""C01"": 1.341816, ""C02"": 1.276291, ""C03"": 1.320742, ""C04"": 1.376551, ""C05"": 1.386657, ""C06"": 1.74558, ""C07"": 1.818866, ""C08"": 1.86996, ""C09"": 1.851398, ""C10"": 2.009489, ""C11"": 1.86885, ""C12"": 1.918776, ""C13"": 1.972988, ""C14"": 1.833014, ""C15"": 1.965322, ""C16"": 1.850753, ""C17"": 1.98363, ""C18"": 1.874282, ""C19"": 1.748038, ""C20"": 1.881983, ""C21"": 3.493715, ""C22"": 3.256785, ""C23"": 3.488053, ""C24"": 3.197361, ""C25"": 3.415048}","{""C01"": 0, ""C02"": 0, ""C03"": 0, ""C04"": 0, ""C05"": 0, ""C06"": 0, ""C07"": 0, ""C08"": 0, ""C09"": 0, ""C10"": 0, ""C11"": 0, ""C12"": 0, ""C13"": 0, ""C14"": 0, ""C15"": 0, ""C16"": 0, ""C17"": 0, ""C18"": 0, ""C19"": 0, ""C20"": 0, ""C21"": 756, ""C22"": 0, ""C23"": 629, ""C24"": 0, ""C25"": 0}","{""C01"": 0.025597445932615176, ""C02"": 0.025597445932615176, ""C03"": 0.025597445932615176, ""C04"": 0.025597445932615176, ""C05"": 0.025597445932615176, ""C06"": 0.025597445932615176, ""C07"": 0.025597445932615176, ""C08"": 0.025597445932615176, ""C09"": 0.025597445932615176, ""C10"": 0.025597445932615176, ""C11"": 0.025597445932615176, ""C12"": 0.025597445932615176, ""C13"": 0.025597445932615176, ""C14"": 0.025597445932615176, ""C15"": 0.025597445932615176, ""C16"": 0.025597445932615176, ""C17"": 0.025597445932615176, ""C18"": 0.025597445932615176, ""C19"": 0.025597445932615176, ""C20"": 0.025597445932615176, ""C21"": 0.025159657436047478, ""C22"": 0.025597445932615176, ""C23"": 0.025233197633180514, ""C24"": 0.025597445932615176, ""C25"": 0.025597445932615176}"
38,38,1,308,2.636510,25,"{""C01"": 1.354344, ""C02"": 1.276291, ""C03"": 1.320742, ""C04"": 1.376551, ""C05"": 1.386657, ""C06"": 1.752889, ""C07"": 1.914231, ""C08"": 1.86996, ""C09"": 1.948882, ""C10"": 2.009489, ""C11"": 1.904996, ""C12"": 1.918776, ""C13"": 1.972988, ""C14"": 1.833014, ""C15"": 1.965322, ""C16"": 1.850753, ""C17"": 2.012407, ""C18"": 1.874282, ""C19"": 2.034391, ""C20"": 2.002357, ""C21"": 3.625638, ""C22"": 3.267763, ""C23"": 3.510137, ""C24"": 3.298574, ""C25"": 3.588613}","{""C01"": 0, ""C02"": 0, ""C03"": 0, ""C04"": 0, ""C05"": 0, ""C06"": 0, ""C07"": 0, ""C08"": 0, ""C09"": 0, ""C10"": 0, ""C11"": 0, ""C12"": 0, ""C13"": 0, ""C14"": 0, ""C15"": 0, ""C16"": 0, ""C17"": 0, ""C18"": 0, ""C19"": 0, ""C20"": 0, ""C21"": 774, ""C22"": 0, ""C23"": 0, ""C24"": 0, ""C25"": 599}","{""C01"": 0.025617264273363666, ""C02"": 0.025617264273363666, ""C03"": 0.025617264273363666, ""C04"": 0.025617264273363666, ""C05"": 0.025617264273363666, ""C06"": 0.025617264273363666, ""C07"": 0.025617264273363666, ""C08"": 0.025617264273363666, ""C09"": 0.025617264273363666, ""C10"": 0.025617264273363666, ""C11"": 0.025617264273363666, ""C12"": 0.025617264273363666, ""C13"": 0.025617264273363666, ""C14"": 0.025617264273363666, ""C15"": 0.025617264273363666, ""C16"": 0.025617264273363666, ""C17"": 0.025617264273363666, ""C18"": 0.025617264273363666, ""C19"": 0.025617264273363666, ""C20"": 0.025617264273363666, ""C21"": 0.02516905632837341, ""C22"": 0.025617264273363666, ""C23"": 0.025617264273363666, ""C24"": 0.025617264273363666, ""C25"": 0.0252703724846543}"
39,39,1,927,8.038272,25,"{""C01"": 1.354344, ""C02"": 1.276291, ""C03"": 1.363075, ""C04"": 1.376551, ""C05"": 1.386657, ""C06"": 1.952873, ""C07"": 1.914231, ""C08"": 1.974753, ""C09"": 1.948882, ""C10"": 2.009489, ""C11"": 1.904996, ""C12"": 1.918776, ""C13"": 1.972988, ""C14"": 1.833014, ""C15"": 2.051166, ""C16"": 1.850753, ""C17"": 2.012407, ""C18"": 1.874282, ""C19"": 2.034391, ""C20"": 2.002357, ""C21"": 3.625638, ""C22"": 3.362682, ""C23"": 3.510137, ""C24"": 3.684373, ""C25"": 3.588613}","{""C01"": 0, ""C02"": 0, ""C03"": 0, ""C04"": 0, ""C05"": 0, ""C06"": 0, ""C07"": 0, ""C08"": 0, ""C09"": 0, ""C10"": 0, ""C11"": 0, ""C12"": 0, ""C13"": 0, ""C14"": 0, ""C15"": 0, ""C16"": 0, ""C17"": 0, ""C18"": 0, ""C19"": 0, ""C20"": 0, ""C21"": 0, ""C22"": 0, ""C23"": 0, ""C24"": 1360, ""C25"": 0}","{""C01"": 0.025626058133111432, ""C02"": 0.025626058133111432, ""C03"": 0.025626058133111432, ""C04"": 0.025626058133111432, ""C05"": 0.025626058133111432, ""C06"": 0.025626058133111432, ""C07"": 0.025626058133111432, ""C08"": 0.025626058133111432, ""C09"": 0.025626058133111432, ""C10"": 0.025626058133111432, ""C11"": 0.025626058133111432, ""C12"": 0.025626058133111432, ""C13"": 0.025626058133111432, ""C14"": 0.025626058133111432, ""C15"": 0.025626058133111432, ""C16"": 0.025626058133111432, ""C17"": 0.025626058133111432, ""C18"": 0.025626058133111432, ""C19"": 0.025626058133111432, ""C20"": 0.025626058133111432, ""C21"": 0.025626058133111432, ""C22"": 0.025626058133111432, ""C23"": 0.025626058133111432, ""C24"": 0.024838486331962124, ""C25"": 0.025626058133111432}"
40,40,1,460,3.976026,25,"{""C01"": 1.354344, ""C02"": 1.276291, ""C03"": 1.363075, ""C04"": 1.376551, ""C05"": 1.386657, ""C06"": 1.952873, ""C07"": 2.057205, ""C08"": 1.974753, ""C09"": 1.948882, ""C10"": 2.009489, ""C11"": 1.904996, ""C12"": 2.094992, ""C13"": 1.972988, ""C14"": 1.999973, ""C15"": 2.051166, ""C16"": 1.850753, ""C17"": 2.012407, ""C18"": 1.908872, ""C19"": 2.034391, ""C20"": 2.002357, ""C21"": 3.625638, ""C22"": 3.69816, ""C23"": 3.510137, ""C24"": 3.684373, ""C25"": 3.588613}","{""C01"": 0, ""C02"": 0, ""C03"": 0, ""C04"": 0, ""C05"": 0, ""C06"": 0, ""C07"": 0, ""C08"": 0, ""C09"": 0, ""C10"": 0, ""C11"": 0, ""C12"": 0, ""C13"": 0, ""C14"": 0, ""C15"": 0, ""C16"": 0, ""C17"": 0, ""C18"": 0, ""C19"": 0, ""C20"": 0, ""C21"": 0, ""C22"": 774, ""C23"": 0, ""C24"": 587, ""C25"": 0}","{""C01"": 0.0256283333103694, ""C02"": 0.0256283333103694, ""C03"": 0.0256283333103694, ""C04"": 0.0256283333103694, ""C05"": 0.0256283333103694, ""C06"": 0.0256283333103694, ""C07"": 0.0256283333103694, ""C08"": 0.0256283333103694, ""C09"": 0.0256283333103694, ""C10"": 0.0256283333103694, ""C11"": 0.0256283333103694, ""C12"": 0.0256283333103694, ""C13"": 0.0256283333103694, ""C14"": 0.0256283333103694, ""C15"": 0.0256283333103694, ""C16"": 0.0256283333103694, ""C17"": 0.0256283333103694, ""C18"": 0.0256283333103694, ""C19"": 0.0256283333103694, ""C20"": 0.0256283333103694, ""C21"": 0.0256283333103694, ""C22"": 0.02518012232876381, ""C23"": 0.0256283333103694, ""C24"": 0.025288401070418416, ""C25"": 0.0256283333103694}"
41,41,1,432,3.809724,25,"{""C01"": 1.354344, ""C02"": 1.276291, ""C03"": 1.387212, ""C04"": 1.376551, ""C05"": 1.386657, ""C06"": 2.089419, ""C07"": 2.057205, ""C08"": 1.974753, ""C09"": 1.948882, ""C10"": 2.009489, ""C11"": 1.904996, ""C12"": 2.094992, ""C13"": 1.972988, ""C14"": 1.999973, ""C15"": 2.051166, ""C16"": 1.850753, ""C17"": 2.012407, ""C18"": 2.035409, ""C19"": 2.034391, ""C20"": 2.002357, ""C21"": 3.625638, ""C22"": 3.69816, ""C23"": 3.847608, ""C24"": 3.684373, ""C25"": 3.588613}","{""C01"": 0, ""C02"": 0, ""C03"": 0, ""C04"": 0, ""C05"": 0, ""C06"": 0, ""C07"": 0, ""C08"": 0, ""C09"": 0, ""C10"": 0, ""C11"": 0, ""C12"": 0, ""C13"": 0, ""C14"": 0, ""C15"": 0, ""C16"": 0, ""C17"": 0, ""C18"": 0, ""C19"": 0, ""C20"": 0, ""C21"": 0, ""C22"": 0, ""C23"": 1341, ""C24"": 0, ""C25"": 0}","{""C01"": 0.025649202807330004, ""C02"": 0.025649202807330004, ""C03"": 0.025649202807330004, ""C04"": 0.025649202807330004, ""C05"": 0.025649202807330004, ""C06"": 0.025649202807330004, ""C07"": 0.025649202807330004, ""C08"": 0.025649202807330004, ""C09"": 0.025649202807330004, ""C10"": 0.025649202807330004, ""C11"": 0.025649202807330004, ""C12"": 0.025649202807330004, ""C13"": 0.025649202807330004, ""C14"": 0.025649202807330004, ""C15"": 0.025649202807330004, ""C16"": 0.025649202807330004, ""C17"": 0.025649202807330004, ""C18"": 0.025649202807330004, ""C19"": 0.025649202807330004, ""C20"": 0.025649202807330004, ""C21"": 0.025649202807330004, ""C22"": 0.025649202807330004, ""C23"": 0.024872636019487526, ""C24"": 0.025649202807330004, ""C25"": 0.025649202807330004}"
42,42,1,758,6.573218,25,"{""C01"": 1.354344, ""C02"": 1.276291, ""C03"": 1.387212, ""C04"": 1.376551, ""C05"": 1.386657, ""C06"": 2.089419, ""C07"": 2.057205, ""C08"": 1.974753, ""C09"": 1.99775, ""C10"": 2.009489, ""C11"": 2.023731, ""C12"": 2.094992, ""C13"": 1.972988, ""C14"": 1.999973, ""C15"": 2.053688, ""C16"": 1.850753, ""C17"": 2.096513, ""C18"": 2.113977, ""C19"": 2.034391, ""C20"": 2.090906, ""C21"": 3.65215, ""C22"": 3.69816, ""C23"": 3.847608, ""C24"": 3.922681, ""C25"": 3.588613}","{""C01"": 0, ""C02"": 0, ""C03"": 0, ""C04"": 0, ""C05"": 0, ""C06"": 0, ""C07"": 0, ""C08"": 0, ""C09"": 0, ""C10"": 0, ""C11"": 0, ""C12"": 0, ""C13"": 0, ""C14"": 0, ""C15"": 0, ""C16"": 0, ""C17"": 0, ""C18"": 0, ""C19"": 0, ""C20"": 0, ""C21"": 0, ""C22"": 0, ""C23"": 0, ""C24"": 1333, ""C25"": 0}","{""C01"": 0.02565964243818783, ""C02"": 0.02565964243818783, ""C03"": 0.02565964243818783, ""C04"": 0.02565964243818783, ""C05"": 0.02565964243818783, ""C06"": 0.02565964243818783, ""C07"": 0.02565964243818783, ""C08"": 0.02565964243818783, ""C09"": 0.02565964243818783, ""C10"": 0.02565964243818783, ""C11"": 0.02565964243818783, ""C12"": 0.02565964243818783, ""C13"": 0.02565964243818783, ""C14"": 0.02565964243818783, ""C15"": 0.02565964243818783, ""C16"": 0.02565964243818783, ""C17"": 0.02565964243818783, ""C18"": 0.02565964243818783, ""C19"": 0.02565964243818783, ""C20"": 0.02565964243818783, ""C21"": 0.02565964243818783, ""C22"": 0.02565964243818783, ""C23"": 0.02565964243818783, ""C24"": 0.02488770715293159, ""C25"": 0.02565964243818783}"
43,43,1,742,6.400014,25,"{""C01"": 1.354344, ""C02"": 1.276291, ""C03"": 1.416821, ""C04"": 1.376551, ""C05"": 1.386657, ""C06"": 2.089419, ""C07"": 2.057205, ""C08"": 2.003101, ""C09"": 1.99775, ""C10"": 2.009489, ""C11"": 2.106773, ""C12"": 2.094992, ""C13"": 1.972988, ""C14"": 1.999973, ""C15"": 2.053688, ""C16"": 2.072209, ""C17"": 2.096513, ""C18"": 2.113977, ""C19"": 2.066423, ""C20"": 2.090906, ""C21"": 3.65215, ""C22"": 3.845219, ""C23"": 3.847608, ""C24"": 3.922681, ""C25"": 3.988805}","{""C01"": 0, ""C02"": 0, ""C03"": 0, ""C04"": 0, ""C05"": 0, ""C06"": 0, ""C07"": 0, ""C08"": 0, ""C09"": 0, ""C10"": 0, ""C11"": 0, ""C12"": 0, ""C13"": 0, ""C14"": 0, ""C15"": 0, ""C16"": 0, ""C17"": 0, ""C18"": 0, ""C19"": 0, ""C20"": 0, ""C21"": 0, ""C22"": 0, ""C23"": 0, ""C24"": 0, ""C25"": 1326}","{""C01"": 0.02566855210391153, ""C02"": 0.02566855210391153, ""C03"": 0.02566855210391153, ""C04"": 0.02566855210391153, ""C05"": 0.02566855210391153, ""C06"": 0.02566855210391153, ""C07"": 0.02566855210391153, ""C08"": 0.02566855210391153, ""C09"": 0.02566855210391153, ""C10"": 0.02566855210391153, ""C11"": 0.02566855210391153, ""C12"": 0.02566855210391153, ""C13"": 0.02566855210391153, ""C14"": 0.02566855210391153, ""C15"": 0.02566855210391153, ""C16"": 0.02566855210391153, ""C17"": 0.02566855210391153, ""C18"": 0.02566855210391153, ""C19"": 0.02566855210391153, ""C20"": 0.02566855210391153, ""C21"": 0.02566855210391153, ""C22"": 0.02566855210391153, ""C23"": 0.02566855210391153, ""C24"": 0.02566855210391153, ""C25"": 0.024900670066489293}"
44,44,1,741,6.343931,25,"{""C01"": 1.354344, ""C02"": 1.276291, ""C03"": 1.416821, ""C04"": 1.376551, ""C05"": 1.386657, ""C06"": 2.089419, ""C07"": 2.057205, ""C08"": 2.084519, ""C09"": 1.99775, ""C10"": 2.009489, ""C11"": 2.106773, ""C12"": 2.094992, ""C13"": 1.972988, ""C14"": 1.999973, ""C15"": 2.116461, ""C16"": 2.145014, ""C17"": 2.096513, ""C18"": 2.113977, ""C19"": 2.066423, ""C20"": 2.090906, ""C21"": 3.65215, ""C22"": 3.845219, ""C23"": 3.847608, ""C24"": 3.922681, ""C25"": 3.988805}","{""C01"": 0, ""C02"": 0, ""C03"": 0, ""C04"": 0, ""C05"": 0, ""C06"": 0, ""C07"": 0, ""C08"": 0, ""C09"": 0, ""C10"": 0, ""C11"": 0, ""C12"": 0, ""C13"": 0, ""C14"": 0, ""C15"": 0, ""C16"": 0, ""C17"": 0, ""C18"": 0, ""C19"": 0, ""C20"": 0, ""C21"": 0, ""C22"": 0, ""C23"": 0, ""C24"": 0, ""C25"": 1326}","{""C01"": 0.02566855210391153, ""C02"": 0.02566855210391153, ""C03"": 0.02566855210391153, ""C04"": 0.02566855210391153, ""C05"": 0.02566855210391153, ""C06"": 0.02566855210391153, ""C07"": 0.02566855210391153, ""C08"": 0.02566855210391153, ""C09"": 0.02566855210391153, ""C10"": 0.02566855210391153, ""C11"": 0.02566855210391153, ""C12"": 0.02566855210391153, ""C13"": 0.02566855210391153, ""C14"": 0.02566855210391153, ""C15"": 0.02566855210391153, ""C16"": 0.02566855210391153, ""C17"": 0.02566855210391153, ""C18"": 0.02566855210391153, ""C19"": 0.02566855210391153, ""C20"": 0.02566855210391153, ""C21"": 0.02566855210391153, ""C22"": 0.02566855210391153, ""C23"": 0.02566855210391153, ""C24"": 0.02566855210391153, ""C25"": 0.024900670066489293}"
45,45,1,1029,8.861290,25,"{""C01"": 1.354344, ""C02"": 1.276291, ""C03"": 1.416821, ""C04"": 1.431997, ""C05"": 1.386657, ""C06"": 2.089419, ""C07"": 2.057205, ""C08"": 2.084519, ""C09"": 1.99775, ""C10"": 2.109404, ""C11"": 2.106773, ""C12"": 2.094992, ""C13"": 1.991072, ""C14"": 1.999973, ""C15"": 2.116461, ""C16"": 2.145014, ""C17"": 2.096513, ""C18"": 2.113977, ""C19"": 2.066423, ""C20"": 2.090906, ""C21"": 3.72288, ""C22"": 3.845219, ""C23"": 3.847608, ""C24"": 3.942378, ""C25"": 3.988805}","{""C01"": 0, ""C02"": 0, ""C03"": 0, ""C04"": 0, ""C05"": 0, ""C06"": 0, ""C07"": 0, ""C08"": 0, ""C09"": 0, ""C10"": 0, ""C11"": 0, ""C12"": 0, ""C13"": 0, ""C14"": 0, ""C15"": 0, ""C16"": 0, ""C17"": 0, ""C18"": 0, ""C19"": 0, ""C20"": 0, ""C21"": 0, ""C22"": 0, ""C23"": 0, ""C24"": 0, ""C25"": 1326}","{""C01"": 0.02566855210391153, ""C02"": 0.02566855210391153, ""C03"": 0.02566855210391153, ""C04"": 0.02566855210391153, ""C05"": 0.02566855210391153, ""C06"": 0.02566855210391153, ""C07"": 0.02566855210391153, ""C08"": 0.02566855210391153, ""C09"": 0.02566855210391153, ""C10"": 0.02566855210391153, ""C11"": 0.02566855210391153, ""C12"": 0.02566855210391153, ""C13"": 0.02566855210391153, ""C14"": 0.02566855210391153, ""C15"": 0.02566855210391153, ""C16"": 0.02566855210391153, ""C17"": 0.02566855210391153, ""C18"": 0.02566855210391153, ""C19"": 0.02566855210391153, ""C20"": 0.02566855210391153, ""C21"": 0.02566855210391153, ""C22"": 0.02566855210391153, ""C23"": 0.02566855210391153, ""C24"": 0.02566855210391153, ""C25"": 0.024900670066489293}"
46,46,1,310,2.702065,25,"{""C01"": 1.354344, ""C02"": 1.276291, ""C03"": 1.416821, ""C04"": 1.431997, ""C05"": 1.425754, ""C06"": 2.089419, ""C07"": 2.057205, ""C08"": 2.084519, ""C09"": 2.186979, ""C10"": 2.201074, ""C11"": 2.106773, ""C12"": 2.094992, ""C13"": 1.991072, ""C14"": 1.999973, ""C15"": 2.126459, ""C16"": 2.16669, ""C17"": 2.096513, ""C18"": 2.200262, ""C19"": 2.094496, ""C20"": 2.090906, ""C21"": 4.158248, ""C22"": 4.037798, ""C23"": 4.16193, ""C24"": 3.942378, ""C25"": 3.988805}","{""C01"": 0, ""C02"": 0, ""C03"": 0, ""C04"": 0, ""C05"": 0, ""C06"": 0, ""C07"": 0, ""C08"": 0, ""C09"": 0, ""C10"": 0, ""C11"": 0, ""C12"": 0, ""C13"": 0, ""C14"": 0, ""C15"": 0, ""C16"": 0, ""C17"": 0, ""C18"": 0, ""C19"": 0, ""C20"": 0, ""C21"": 631, ""C22"": 0, ""C23"": 678, ""C24"": 0, ""C25"": 0}","{""C01"": 0.02569102399887721, ""C02"": 0.02569102399887721, ""C03"": 0.02569102399887721, ""C04"": 0.02569102399887721, ""C05"": 0.02569102399887721, ""C06"": 0.02569102399887721, ""C07"": 0.02569102399887721, ""C08"": 0.02569102399887721, ""C09"": 0.02569102399887721, ""C10"": 0.02569102399887721, ""C11"": 0.02569102399887721, ""C12"": 0.02569102399887721, ""C13"": 0.02569102399887721, ""C14"": 0.02569102399887721, ""C15"": 0.02569102399887721, ""C16"": 0.02569102399887721, ""C17"": 0.02569102399887721, ""C18"": 0.02569102399887721, ""C19"": 0.02569102399887721, ""C20"": 0.02569102399887721, ""C21"": 0.02532562269084916, ""C22"": 0.02569102399887721, ""C23"": 0.02529840861400613, ""C24"": 0.02569102399887721, ""C25"": 0.02569102399887721}"
47,47,1,513,4.513263,25,"{""C01"": 1.354344, ""C02"": 1.336452, ""C03"": 1.431247, ""C04"": 1.431997, ""C05"": 1.425754, ""C06"": 2.094969, ""C07"": 2.057205, ""C08"": 2.084519, ""C09"": 2.186979, ""C10"": 2.201074, ""C11"": 2.124162, ""C12"": 2.094992, ""C13"": 2.189465, ""C14"": 1.999973, ""C15"": 2.126459, ""C16"": 2.16669, ""C17"": 2.096513, ""C18"": 2.200262, ""C19"": 2.154351, ""C20"": 2.113914, ""C21"": 4.158248, ""C22"": 4.037798, ""C23"": 4.16193, ""C24"": 4.103509, ""C25"": 3.988805}","{""C01"": 0, ""C02"": 0, ""C03"": 0, ""C04"": 0, ""C05"": 0, ""C06"": 0, ""C07"": 0, ""C08"": 0, ""C09"": 0, ""C10"": 0, ""C11"": 0, ""C12"": 0, ""C13"": 0, ""C14"": 0, ""C15"": 0, ""C16"": 0, ""C17"": 0, ""C18"": 0, ""C19"": 0, ""C20"": 0, ""C21"": 514, ""C22"": 0, ""C23"": 795, ""C24"": 0, ""C25"": 0}","{""C01"": 0.02569108455034326, ""C02"": 0.02569108455034326, ""C03"": 0.02569108455034326, ""C04"": 0.02569108455034326, ""C05"": 0.02569108455034326, ""C06"": 0.02569108455034326, ""C07"": 0.02569108455034326, ""C08"": 0.02569108455034326, ""C09"": 0.02569108455034326, ""C10"": 0.02569108455034326, ""C11"": 0.02569108455034326, ""C12"": 0.02569108455034326, ""C13"": 0.02569108455034326, ""C14"": 0.02569108455034326, ""C15"": 0.02569108455034326, ""C16"": 0.02569108455034326, ""C17"": 0.02569108455034326, ""C18"": 0.02569108455034326, ""C19"": 0.02569108455034326, ""C20"": 0.02569108455034326, ""C21"": 0.025393439530335998, ""C22"": 0.02569108455034326, ""C23"": 0.025230711425452686, ""C24"": 0.02569108455034326, ""C25"": 0.02569108455034326}"
48,48,1,513,4.397134,25,"{""C01"": 1.354344, ""C02"": 1.336452, ""C03"": 1.431247, ""C04"": 1.431997, ""C05"": 1.425754, ""C06"": 2.094969, ""C07"": 2.057205, ""C08"": 2.084519, ""C09"": 2.186979, ""C10"": 2.225552, ""C11"": 2.188078, ""C12"": 2.094992, ""C13"": 2.189465, ""C14"": 1.999973, ""C15"": 2.126459, ""C16"": 2.16669, ""C17"": 2.096513, ""C18"": 2.200262, ""C19"": 2.154351, ""C20"": 2.113914, ""C21"": 4.158248, ""C22"": 4.037798, ""C23"": 4.16193, ""C24"": 4.103509, ""C25"": 3.988805}","{""C01"": 0, ""C02"": 0, ""C03"": 0, ""C04"": 0, ""C05"": 0, ""C06"": 0, ""C07"": 0, ""C08"": 0, ""C09"": 0, ""C10"": 0, ""C11"": 0, ""C12"": 0, ""C13"": 0, ""C14"": 0, ""C15"": 0, ""C16"": 0, ""C17"": 0, ""C18"": 0, ""C19"": 0, ""C20"": 0, ""C21"": 513, ""C22"": 0, ""C23"": 796, ""C24"": 0, ""C25"": 0}","{""C01"": 0.02569108506784684, ""C02"": 0.02569108506784684, ""C03"": 0.02569108506784684, ""C04"": 0.02569108506784684, ""C05"": 0.02569108506784684, ""C06"": 0.02569108506784684, ""C07"": 0.02569108506784684, ""C08"": 0.02569108506784684, ""C09"": 0.02569108506784684, ""C10"": 0.02569108506784684, ""C11"": 0.02569108506784684, ""C12"": 0.02569108506784684, ""C13"": 0.02569108506784684, ""C14"": 0.02569108506784684, ""C15"": 0.02569108506784684, ""C16"": 0.02569108506784684, ""C17"": 0.02569108506784684, ""C18"": 0.02569108506784684, ""C19"": 0.02569108506784684, ""C20"": 0.02569108506784684, ""C21"": 0.02539401916141287, ""C22"": 0.02569108506784684, ""C23"": 0.025230132820169268, ""C24"": 0.02569108506784684, ""C25"": 0.02569108506784684}"
49,49,1,635,5.514209,25,"{""C01"": 1.354344, ""C02"": 1.336452, ""C03"": 1.431247, ""C04"": 1.431997, ""C05"": 1.425754, ""C06"": 2.094969, ""C07"": 2.138244, ""C08"": 2.084519, ""C09"": 2.186979, ""C10"": 2.225552, ""C11"": 2.188078, ""C12"": 2.094992, ""C13"": 2.189465, ""C14"": 2.171214, ""C15"": 2.126459, ""C16"": 2.16669, ""C17"": 2.096513, ""C18"": 2.200262, ""C19"": 2.154351, ""C20"": 2.113914, ""C21"": 4.229267, ""C22"": 4.037798, ""C23"": 4.171096, ""C24"": 4.103509, ""C25"": 4.357244}","{""C01"": 0, ""C02"": 0, ""C03"": 0, ""C04"": 0, ""C05"": 0, ""C06"": 0, ""C07"": 0, ""C08"": 0, ""C09"": 0, ""C10"": 0, ""C11"": 0, ""C12"": 0, ""C13"": 0, ""C14"": 0, ""C15"": 0, ""C16"": 0, ""C17"": 0, ""C18"": 0, ""C19"": 0, ""C20"": 0, ""C21"": 0, ""C22"": 0, ""C23"": 0, ""C24"": 0, ""C25"": 1289}","{""C01"": 0.025714499863574283, ""C02"": 0.025714499863574283, ""C03"": 0.025714499863574283, ""C04"": 0.025714499863574283, ""C05"": 0.025714499863574283, ""C06"": 0.025714499863574283, ""C07"": 0.025714499863574283, ""C08"": 0.025714499863574283, ""C09"": 0.025714499863574283, ""C10"": 0.025714499863574283, ""C11"": 0.025714499863574283, ""C12"": 0.025714499863574283, ""C13"": 0.025714499863574283, ""C14"": 0.025714499863574283, ""C15"": 0.025714499863574283, ""C16"": 0.025714499863574283, ""C17"": 0.025714499863574283, ""C18"": 0.025714499863574283, ""C19"": 0.025714499863574283, ""C20"": 0.025714499863574283, ""C21"": 0.025714499863574283, ""C22"": 0.025714499863574283, ""C23"": 0.025714499863574283, ""C24"": 0.025714499863574283, ""C25"": 0.024968045566180066}"
50,50,1,346,2.997543,25,"{""C01"": 1.354344, ""C02"": 1.336452, ""C03"": 1.431247, ""C04"": 1.431997, ""C05"": 1.425754, ""C06"": 2.094969, ""C07"": 2.138244, ""C08"": 2.19623, ""C09"": 2.186979, ""C10"": 2.225552, ""C11"": 2.188078, ""C12"": 2.254972, ""C13"": 2.189465, ""C14"": 2.171214, ""C15"": 2.126459, ""C16"": 2.16669, ""C17"": 2.253615, ""C18"": 2.200262, ""C19"": 2.154351, ""C20"": 2.234878, ""C21"": 4.229267, ""C22"": 4.121823, ""C23"": 4.171096, ""C24"": 4.121297, ""C25"": 4.463561}","{""C01"": 0, ""C02"": 0, ""C03"": 0, ""C04"": 0, ""C05"": 0, ""C06"": 0, ""C07"": 0, ""C08"": 0, ""C09"": 0, ""C10"": 0, ""C11"": 0, ""C12"": 0, ""C13"": 0, ""C14"": 0, ""C15"": 0, ""C16"": 0, ""C17"": 0, ""C18"": 0, ""C19"": 0, ""C20"": 0, ""C21"": 0, ""C22"": 0, ""C23"": 0, ""C24"": 0, ""C25"": 1279}","{""C01"": 0.025726765356673675, ""C02"": 0.025726765356673675, ""C03"": 0.025726765356673675, ""C04"": 0.025726765356673675, ""C05"": 0.025726765356673675, ""C06"": 0.025726765356673675, ""C07"": 0.025726765356673675, ""C08"": 0.025726765356673675, ""C09"": 0.025726765356673675, ""C10"": 0.025726765356673675, ""C11"": 0.025726765356673675, ""C12"": 0.025726765356673675, ""C13"": 0.025726765356673675, ""C14"": 0.025726765356673675, ""C15"": 0.025726765356673675, ""C16"": 0.025726765356673675, ""C17"": 0.025726765356673675, ""C18"": 0.025726765356673675, ""C19"": 0.025726765356673675, ""C20"": 0.025726765356673675, ""C21"": 0.025726765356673675, ""C22"": 0.025726765356673675, ""C23"": 0.025726765356673675, ""C24"": 0.025726765356673675, ""C25"": 0.024986102791481044}"
51,51,1,694,5.978797,25,"{""C01"": 1.354344, ""C02"": 1.33693, ""C03"": 1.431247, ""C04"": 1.431997, ""C05"": 1.425754, ""C06"": 2.214452, ""C07"": 2.138244, ""C08"": 2.19623, ""C09"": 2.186979, ""C10"": 2.225552, ""C11"": 2.188078, ""C12"": 2.306914, ""C13"": 2.189465, ""C14"": 2.171214, ""C15"": 2.223411, ""C16"": 2.16669, ""C17"": 2.253615, ""C18"": 2.200262, ""C19"": 2.154351, ""C20"": 2.234878, ""C21"": 4.235593, ""C22"": 4.151317, ""C23"": 4.363009, ""C24"": 4.121297, ""C25"": 4.463561}","{""C01"": 0, ""C02"": 0, ""C03"": 0, ""C04"": 0, ""C05"": 0, ""C06"": 0, ""C07"": 0, ""C08"": 0, ""C09"": 0, ""C10"": 0, ""C11"": 0, ""C12"": 0, ""C13"": 0, ""C14"": 0, ""C15"": 0, ""C16"": 0, ""C17"": 0, ""C18"": 0, ""C19"": 0, ""C20"": 0, ""C21"": 0, ""C22"": 0, ""C23"": 0, ""C24"": 0, ""C25"": 1279}","{""C01"": 0.025726765356673675, ""C02"": 0.025726765356673675, ""C03"": 0.025726765356673675, ""C04"": 0.025726765356673675, ""C05"": 0.025726765356673675, ""C06"": 0.025726765356673675, ""C07"": 0.025726765356673675, ""C08"": 0.025726765356673675, ""C09"": 0.025726765356673675, ""C10"": 0.025726765356673675, ""C11"": 0.025726765356673675, ""C12"": 0.025726765356673675, ""C13"": 0.025726765356673675, ""C14"": 0.025726765356673675, ""C15"": 0.025726765356673675, ""C16"": 0.025726765356673675, ""C17"": 0.025726765356673675, ""C18"": 0.025726765356673675, ""C19"": 0.025726765356673675, ""C20"": 0.025726765356673675, ""C21"": 0.025726765356673675, ""C22"": 0.025726765356673675, ""C23"": 0.025726765356673675, ""C24"": 0.025726765356673675, ""C25"": 0.024986102791481044}"
52,52,1,347,2.961791,25,"{""C01"": 1.354344, ""C02"": 1.33693, ""C03"": 1.431247, ""C04"": 1.431997, ""C05"": 1.425754, ""C06"": 2.214452, ""C07"": 2.159098, ""C08"": 2.256061, ""C09"": 2.279631, ""C10"": 2.278949, ""C11"": 2.188078, ""C12"": 2.306914, ""C13"": 2.189465, ""C14"": 2.262422, ""C15"": 2.223411, ""C16"": 2.16669, ""C17"": 2.253615, ""C18"": 2.200262, ""C19"": 2.154351, ""C20"": 2.234878, ""C21"": 4.235593, ""C22"": 4.261715, ""C23"": 4.363009, ""C24"": 4.473905, ""C25"": 4.463561}","{""C01"": 0, ""C02"": 0, ""C03"": 0, ""C04"": 0, ""C05"": 0, ""C06"": 0, ""C07"": 0, ""C08"": 0, ""C09"": 0, ""C10"": 0, ""C11"": 0, ""C12"": 0, ""C13"": 0, ""C14"": 0, ""C15"": 0, ""C16"": 0, ""C17"": 0, ""C18"": 0, ""C19"": 0, ""C20"": 0, ""C21"": 0, ""C22"": 0, ""C23"": 0, ""C24"": 686, ""C25"": 593}","{""C01"": 0.025727695172839196, ""C02"": 0.025727695172839196, ""C03"": 0.025727695172839196, ""C04"": 0.025727695172839196, ""C05"": 0.025727695172839196, ""C06"": 0.025727695172839196, ""C07"": 0.025727695172839196, ""C08"": 0.025727695172839196, ""C09"": 0.025727695172839196, ""C10"": 0.025727695172839196, ""C11"": 0.025727695172839196, ""C12"": 0.025727695172839196, ""C13"": 0.025727695172839196, ""C14"": 0.025727695172839196, ""C15"": 0.025727695172839196, ""C16"": 0.025727695172839196, ""C17"": 0.025727695172839196, ""C18"": 0.025727695172839196, ""C19"": 0.025727695172839196, ""C20"": 0.025727695172839196, ""C21"": 0.025727695172839196, ""C22"": 0.025727695172839196, ""C23"": 0.025727695172839196, ""C24"": 0.025330452230403356, ""C25"": 0.02538429834220883}"
53,53,1,900,7.740451,25,"{""C01"": 1.354344, ""C02"": 1.33693, ""C03"": 1.431247, ""C04"": 1.431997, ""C05"": 1.425754, ""C06"": 2.214452, ""C07"": 2.289664, ""C08"": 2.256061, ""C09"": 2.279631, ""C10"": 2.278949, ""C11"": 2.188078, ""C12"": 2.346134, ""C13"": 2.189465, ""C14"": 2.349787, ""C15"": 2.223411, ""C16"": 2.16669, ""C17"": 2.253615, ""C18"": 2.200262, ""C19"": 2.154351, ""C20"": 2.234878, ""C21"": 4.545643, ""C22"": 4.27985, ""C23"": 4.363009, ""C24"": 4.473905, ""C25"": 4.463561}","{""C01"": 0, ""C02"": 0, ""C03"": 0, ""C04"": 0, ""C05"": 0, ""C06"": 0, ""C07"": 0, ""C08"": 0, ""C09"": 0, ""C10"": 0, ""C11"": 0, ""C12"": 0, ""C13"": 0, ""C14"": 0, ""C15"": 0, ""C16"": 0, ""C17"": 0, ""C18"": 0, ""C19"": 0, ""C20"": 0, ""C21"": 1271, ""C22"": 0, ""C23"": 0, ""C24"": 0, ""C25"": 0}","{""C01"": 0.025735686181198175, ""C02"": 0.025735686181198175, ""C03"": 0.025735686181198175, ""C04"": 0.025735686181198175, ""C05"": 0.025735686181198175, ""C06"": 0.025735686181198175, ""C07"": 0.025735686181198175, ""C08"": 0.025735686181198175, ""C09"": 0.025735686181198175, ""C10"": 0.025735686181198175, ""C11"": 0.025735686181198175, ""C12"": 0.025735686181198175, ""C13"": 0.025735686181198175, ""C14"": 0.025735686181198175, ""C15"": 0.025735686181198175, ""C16"": 0.025735686181198175, ""C17"": 0.025735686181198175, ""C18"": 0.025735686181198175, ""C19"": 0.025735686181198175, ""C20"": 0.025735686181198175, ""C21"": 0.024999659935554232, ""C22"": 0.025735686181198175, ""C23"": 0.025735686181198175, ""C24"": 0.025735686181198175, ""C25"": 0.025735686181198175}"
54,54,1,433,3.712175,25,"{""C01"": 1.354344, ""C02"": 1.33693, ""C03"": 1.431247, ""C04"": 1.431997, ""C05"": 1.425754, ""C06"": 2.304182, ""C07"": 2.289664, ""C08"": 2.256061, ""C09"": 2.279631, ""C10"": 2.278949, ""C11"": 2.264805, ""C12"": 2.346134, ""C13"": 2.304789, ""C14"": 2.349787, ""C15"": 2.223411, ""C16"": 2.16669, ""C17"": 2.341707, ""C18"": 2.200262, ""C19"": 2.154351, ""C20"": 2.234878, ""C21"": 4.606161, ""C22"": 4.27985, ""C23"": 4.363009, ""C24"": 4.512776, ""C25"": 4.652246}","{""C01"": 0, ""C02"": 0, ""C03"": 0, ""C04"": 0, ""C05"": 0, ""C06"": 0, ""C07"": 0, ""C08"": 0, ""C09"": 0, ""C10"": 0, ""C11"": 0, ""C12"": 0, ""C13"": 0, ""C14"": 0, ""C15"": 0, ""C16"": 0, ""C17"": 0, ""C18"": 0, ""C19"": 0, ""C20"": 0, ""C21"": 447, ""C22"": 0, ""C23"": 0, ""C24"": 0, ""C25"": 819}","{""C01"": 0.025747359164103076, ""C02"": 0.025747359164103076, ""C03"": 0.025747359164103076, ""C04"": 0.025747359164103076, ""C05"": 0.025747359164103076, ""C06"": 0.025747359164103076, ""C07"": 0.025747359164103076, ""C08"": 0.025747359164103076, ""C09"": 0.025747359164103076, ""C10"": 0.025747359164103076, ""C11"": 0.025747359164103076, ""C12"": 0.025747359164103076, ""C13"": 0.025747359164103076, ""C14"": 0.025747359164103076, ""C15"": 0.025747359164103076, ""C16"": 0.025747359164103076, ""C17"": 0.025747359164103076, ""C18"": 0.025747359164103076, ""C19"": 0.025747359164103076, ""C20"": 0.025747359164103076, ""C21"": 0.025488493932067903, ""C22"": 0.025747359164103076, ""C23"": 0.025747359164103076, ""C24"": 0.025747359164103076, ""C25"": 0.02527309449091557}"
55,55,1,666,5.739933,25,"{""C01"": 1.354344, ""C02"": 1.442391, ""C03"": 1.431247, ""C04"": 1.431997, ""C05"": 1.425754, ""C06"": 2.304182, ""C07"": 2.289664, ""C08"": 2.256061, ""C09"": 2.369379, ""C10"": 2.278949, ""C11"": 2.264805, ""C12"": 2.346134, ""C13"": 2.304789, ""C14"": 2.349787, ""C15"": 2.223411, ""C16"": 2.344471, ""C17"": 2.341707, ""C18"": 2.200262, ""C19"": 2.154351, ""C20"": 2.234878, ""C21"": 4.606161, ""C22"": 4.69533, ""C23"": 4.363009, ""C24"": 4.614016, ""C25"": 4.652246}","{""C01"": 0, ""C02"": 0, ""C03"": 0, ""C04"": 0, ""C05"": 0, ""C06"": 0, ""C07"": 0, ""C08"": 0, ""C09"": 0, ""C10"": 0, ""C11"": 0, ""C12"": 0, ""C13"": 0, ""C14"": 0, ""C15"": 0, ""C16"": 0, ""C17"": 0, ""C18"": 0, ""C19"": 0, ""C20"": 0, ""C21"": 0, ""C22"": 938, ""C23"": 0, ""C24"": 0, ""C25"": 323}","{""C01"": 0.025752090811926337, ""C02"": 0.025752090811926337, ""C03"": 0.025752090811926337, ""C04"": 0.025752090811926337, ""C05"": 0.025752090811926337, ""C06"": 0.025752090811926337, ""C07"": 0.025752090811926337, ""C08"": 0.025752090811926337, ""C09"": 0.025752090811926337, ""C10"": 0.025752090811926337, ""C11"": 0.025752090811926337, ""C12"": 0.025752090811926337, ""C13"": 0.025752090811926337, ""C14"": 0.025752090811926337, ""C15"": 0.025752090811926337, ""C16"": 0.025752090811926337, ""C17"": 0.025752090811926337, ""C18"": 0.025752090811926337, ""C19"": 0.025752090811926337, ""C20"": 0.025752090811926337, ""C21"": 0.025752090811926337, ""C22"": 0.025208909948289726, ""C23"": 0.025752090811926337, ""C24"": 0.025752090811926337, ""C25"": 0.02556503654423507}"
56,56,1,712,6.055961,25,"{""C01"": 1.354344, ""C02"": 1.442391, ""C03"": 1.431247, ""C04"": 1.431997, ""C05"": 1.425754, ""C06"": 2.304182, ""C07"": 2.289664, ""C08"": 2.256061, ""C09"": 2.369379, ""C10"": 2.278949, ""C11"": 2.330756, ""C12"": 2.416619, ""C13"": 2.368624, ""C14"": 2.349787, ""C15"": 2.223845, ""C16"": 2.344471, ""C17"": 2.341707, ""C18"": 2.401756, ""C19"": 2.154351, ""C20"": 2.234878, ""C21"": 4.691475, ""C22"": 4.69533, ""C23"": 4.798261, ""C24"": 4.614016, ""C25"": 4.872779}","{""C01"": 0, ""C02"": 0, ""C03"": 0, ""C04"": 0, ""C05"": 0, ""C06"": 0, ""C07"": 0, ""C08"": 0, ""C09"": 0, ""C10"": 0, ""C11"": 0, ""C12"": 0, ""C13"": 0, ""C14"": 0, ""C15"": 0, ""C16"": 0, ""C17"": 0, ""C18"": 0, ""C19"": 0, ""C20"": 0, ""C21"": 0, ""C22"": 0, ""C23"": 0, ""C24"": 0, ""C25"": 1243}","{""C01"": 0.02577045738622681, ""C02"": 0.02577045738622681, ""C03"": 0.02577045738622681, ""C04"": 0.02577045738622681, ""C05"": 0.02577045738622681, ""C06"": 0.02577045738622681, ""C07"": 0.02577045738622681, ""C08"": 0.02577045738622681, ""C09"": 0.02577045738622681, ""C10"": 0.02577045738622681, ""C11"": 0.02577045738622681, ""C12"": 0.02577045738622681, ""C13"": 0.02577045738622681, ""C14"": 0.02577045738622681, ""C15"": 0.02577045738622681, ""C16"": 0.02577045738622681, ""C17"": 0.02577045738622681, ""C18"": 0.02577045738622681, ""C19"": 0.02577045738622681, ""C20"": 0.02577045738622681, ""C21"": 0.02577045738622681, ""C22"": 0.02577045738622681, ""C23"": 0.02577045738622681, ""C24"": 0.02577045738622681, ""C25"": 0.02505064650807669}"
57,57,1,466,3.960060,25,"{""C01"": 1.391202, ""C02"": 1.442391, ""C03"": 1.431247, ""C04"": 1.431997, ""C05"": 1.425754, ""C06"": 2.304182, ""C07"": 2.289664, ""C08"": 2.387657, ""C09"": 2.369379, ""C10"": 2.278949, ""C11"": 2.330756, ""C12"": 2.416619, ""C13"": 2.368624, ""C14"": 2.349787, ""C15"": 2.23769, ""C16"": 2.344471, ""C17"": 2.341707, ""C18"": 2.401756, ""C19"": 2.154351, ""C20"": 2.280514, ""C21"": 4.691475, ""C22"": 4.870004, ""C23"": 4.798261, ""C24"": 4.614016, ""C25"": 4.872779}","{""C01"": 0, ""C02"": 0, ""C03"": 0, ""C04"": 0, ""C05"": 0, ""C06"": 0, ""C07"": 0, ""C08"": 0, ""C09"": 0, ""C10"": 0, ""C11"": 0, ""C12"": 0, ""C13"": 0, ""C14"": 0, ""C15"": 0, ""C16"": 0, ""C17"": 0, ""C18"": 0, ""C19"": 0, ""C20"": 0, ""C21"": 0, ""C22"": 557, ""C23"": 0, ""C24"": 0, ""C25"": 687}","{""C01"": 0.02577085726359711, ""C02"": 0.02577085726359711, ""C03"": 0.02577085726359711, ""C04"": 0.02577085726359711, ""C05"": 0.02577085726359711, ""C06"": 0.02577085726359711, ""C07"": 0.02577085726359711, ""C08"": 0.02577085726359711, ""C09"": 0.02577085726359711, ""C10"": 0.02577085726359711, ""C11"": 0.02577085726359711, ""C12"": 0.02577085726359711, ""C13"": 0.02577085726359711, ""C14"": 0.02577085726359711, ""C15"": 0.02577085726359711, ""C16"": 0.02577085726359711, ""C17"": 0.02577085726359711, ""C18"": 0.02577085726359711, ""C19"": 0.02577085726359711, ""C20"": 0.02577085726359711, ""C21"": 0.02577085726359711, ""C22"": 0.025448314133634208, ""C23"": 0.02577085726359711, ""C24"": 0.02577085726359711, ""C25"": 0.025373031876872447}"
58,58,1,330,2.812415,25,"{""C01"": 1.391202, ""C02"": 1.442391, ""C03"": 1.431247, ""C04"": 1.431997, ""C05"": 1.425754, ""C06"": 2.304182, ""C07"": 2.37129, ""C08"": 2.387657, ""C09"": 2.369379, ""C10"": 2.278949, ""C11"": 2.330756, ""C12"": 2.416619, ""C13"": 2.368624, ""C14"": 2.349787, ""C15"": 2.354915, ""C16"": 2.344471, ""C17"": 2.341707, ""C18"": 2.401756, ""C19"": 2.363749, ""C20"": 2.30994, ""C21"": 4.691475, ""C22"": 4.870004, ""C23"": 4.798261, ""C24"": 4.890735, ""C25"": 4.872779}","{""C01"": 0, ""C02"": 0, ""C03"": 0, ""C04"": 0, ""C05"": 0, ""C06"": 0, ""C07"": 0, ""C08"": 0, ""C09"": 0, ""C10"": 0, ""C11"": 0, ""C12"": 0, ""C13"": 0, ""C14"": 0, ""C15"": 0, ""C16"": 0, ""C17"": 0, ""C18"": 0, ""C19"": 0, ""C20"": 0, ""C21"": 0, ""C22"": 350, ""C23"": 0, ""C24"": 539, ""C25"": 356}","{""C01"": 0.025772671104381556, ""C02"": 0.025772671104381556, ""C03"": 0.025772671104381556, ""C04"": 0.025772671104381556, ""C05"": 0.025772671104381556, ""C06"": 0.025772671104381556, ""C07"": 0.025772671104381556, ""C08"": 0.025772671104381556, ""C09"": 0.025772671104381556, ""C10"": 0.025772671104381556, ""C11"": 0.025772671104381556, ""C12"": 0.025772671104381556, ""C13"": 0.025772671104381556, ""C14"": 0.025772671104381556, ""C15"": 0.025772671104381556, ""C16"": 0.025772671104381556, ""C17"": 0.025772671104381556, ""C18"": 0.025772671104381556, ""C19"": 0.025772671104381556, ""C20"": 0.025772671104381556, ""C21"": 0.025772671104381556, ""C22"": 0.0255699902957641, ""C23"": 0.025772671104381556, ""C24"": 0.025460555254744603, ""C25"": 0.02556651763132246}"
59,59,1,301,2.577729,25,"{""C01"": 1.445808, ""C02"": 1.442391, ""C03"": 1.431247, ""C04"": 1.431997, ""C05"": 1.425754, ""C06"": 2.399094, ""C07"": 2.37129, ""C08"": 2.387657, ""C09"": 2.369379, ""C10"": 2.278949, ""C11"": 2.330756, ""C12"": 2.416619, ""C13"": 2.368624, ""C14"": 2.415455, ""C15"": 2.354915, ""C16"": 2.344471, ""C17"": 2.341707, ""C18"": 2.401756, ""C19"": 2.363749, ""C20"": 2.30994, ""C21"": 4.691475, ""C22"": 4.870004, ""C23"": 4.798261, ""C24"": 5.006751, ""C25"": 4.993774}","{""C01"": 0, ""C02"": 0, ""C03"": 0, ""C04"": 0, ""C05"": 0, ""C06"": 0, ""C07"": 0, ""C08"": 0, ""C09"": 0, ""C10"": 0, ""C11"": 0, ""C12"": 0, ""C13"": 0, ""C14"": 0, ""C15"": 0, ""C16"": 0, ""C17"": 0, ""C18"": 0, ""C19"": 0, ""C20"": 0, ""C21"": 0, ""C22"": 0, ""C23"": 0, ""C24"": 655, ""C25"": 579}","{""C01"": 0.025783972137571512, ""C02"": 0.025783972137571512, ""C03"": 0.025783972137571512, ""C04"": 0.025783972137571512, ""C05"": 0.025783972137571512, ""C06"": 0.025783972137571512, ""C07"": 0.025783972137571512, ""C08"": 0.025783972137571512, ""C09"": 0.025783972137571512, ""C10"": 0.025783972137571512, ""C11"": 0.025783972137571512, ""C12"": 0.025783972137571512, ""C13"": 0.025783972137571512, ""C14"": 0.025783972137571512, ""C15"": 0.025783972137571512, ""C16"": 0.025783972137571512, ""C17"": 0.025783972137571512, ""C18"": 0.025783972137571512, ""C19"": 0.025783972137571512, ""C20"": 0.025783972137571512, ""C21"": 0.025783972137571512, ""C22"": 0.025783972137571512, ""C23"": 0.025783972137571512, ""C24"": 0.02540468110358627, ""C25"": 0.025448681411789777}"
60,60,1,179,1.528129,25,"{""C01"": 1.445808, ""C02"": 1.442391, ""C03"": 1.431247, ""C04"": 1.431997, ""C05"": 1.425754, ""C06"": 2.399094, ""C07"": 2.37129, ""C08"": 2.387657, ""C09"": 2.369379, ""C10"": 2.278949, ""C11"": 2.330756, ""C12"": 2.416619, ""C13"": 2.501257, ""C14"": 2.456103, ""C15"": 2.354915, ""C16"": 2.420317, ""C17"": 2.341707, ""C18"": 2.401756, ""C19"": 2.363749, ""C20"": 2.501972, ""C21"": 4.976801, ""C22"": 4.870004, ""C23"": 5.006815, ""C24"": 5.006751, ""C25"": 4.993774}","{""C01"": 0, ""C02"": 0, ""C03"": 0, ""C04"": 0, ""C05"": 0, ""C06"": 0, ""C07"": 0, ""C08"": 0, ""C09"": 0, ""C10"": 0, ""C11"": 0, ""C12"": 0, ""C13"": 0, ""C14"": 0, ""C15"": 0, ""C16"": 0, ""C17"": 0, ""C18"": 0, ""C19"": 0, ""C20"": 0, ""C21"": 251, ""C22"": 0, ""C23"": 362, ""C24"": 362, ""C25"": 260}","{""C01"": 0.025784165378679835, ""C02"": 0.025784165378679835, ""C03"": 0.025784165378679835, ""C04"": 0.025784165378679835, ""C05"": 0.025784165378679835, ""C06"": 0.025784165378679835, ""C07"": 0.025784165378679835, ""C08"": 0.025784165378679835, ""C09"": 0.025784165378679835, ""C10"": 0.025784165378679835, ""C11"": 0.025784165378679835, ""C12"": 0.025784165378679835, ""C13"": 0.025784165378679835, ""C14"": 0.025784165378679835, ""C15"": 0.025784165378679835, ""C16"": 0.025784165378679835, ""C17"": 0.025784165378679835, ""C18"": 0.025784165378679835, ""C19"": 0.025784165378679835, ""C20"": 0.025784165378679835, ""C21"": 0.02563881272258241, ""C22"": 0.025784165378679835, ""C23"": 0.025574553982447755, ""C24"": 0.025574553915805646, ""C25"": 0.025633611754278827}"
61,61,1,469,4.033697,25,"{""C01"": 1.445808, ""C02"": 1.442391, ""C03"": 1.431247, ""C04"": 1.431997, ""C05"": 1.425754, ""C06"": 2.399094, ""C07"": 2.37129, ""C08"": 2.387657, ""C09"": 2.369379, ""C10"": 2.278949, ""C11"": 2.330756, ""C12"": 2.416619, ""C13"": 2.501257, ""C14"": 2.456103, ""C15"": 2.354915, ""C16"": 2.420317, ""C17"": 2.354565, ""C18"": 2.401756, ""C19"": 2.363749, ""C20"": 2.501972, ""C21"": 4.976801, ""C22"": 5.019614, ""C23"": 5.006815, ""C24"": 5.006751, ""C25"": 5.204091}","{""C01"": 0, ""C02"": 0, ""C03"": 0, ""C04"": 0, ""C05"": 0, ""C06"": 0, ""C07"": 0, ""C08"": 0, ""C09"": 0, ""C10"": 0, ""C11"": 0, ""C12"": 0, ""C13"": 0, ""C14"": 0, ""C15"": 0, ""C16"": 0, ""C17"": 0, ""C18"": 0, ""C19"": 0, ""C20"": 0, ""C21"": 0, ""C22"": 0, ""C23"": 0, ""C24"": 0, ""C25"": 1217}","{""C01"": 0.02580262948456437, ""C02"": 0.02580262948456437, ""C03"": 0.02580262948456437, ""C04"": 0.02580262948456437, ""C05"": 0.02580262948456437, ""C06"": 0.02580262948456437, ""C07"": 0.02580262948456437, ""C08"": 0.02580262948456437, ""C09"": 0.02580262948456437, ""C10"": 0.02580262948456437, ""C11"": 0.02580262948456437, ""C12"": 0.02580262948456437, ""C13"": 0.02580262948456437, ""C14"": 0.02580262948456437, ""C15"": 0.02580262948456437, ""C16"": 0.02580262948456437, ""C17"": 0.02580262948456437, ""C18"": 0.02580262948456437, ""C19"": 0.02580262948456437, ""C20"": 0.02580262948456437, ""C21"": 0.02580262948456437, ""C22"": 0.02580262948456437, ""C23"": 0.02580262948456437, ""C24"": 0.02580262948456437, ""C25"": 0.02509787596683325}"
62,62,1,444,3.775832,25,"{""C01"": 1.462696, ""C02"": 1.442391, ""C03"": 1.431247, ""C04"": 1.431997, ""C05"": 1.425754, ""C06"": 2.399094, ""C07"": 2.37129, ""C08"": 2.448508, ""C09"": 2.369379, ""C10"": 2.428072, ""C11"": 2.352976, ""C12"": 2.416619, ""C13"": 2.501257, ""C14"": 2.456103, ""C15"": 2.354915, ""C16"": 2.420317, ""C17"": 2.354565, ""C18"": 2.401756, ""C19"": 2.363749, ""C20"": 2.501972, ""C21"": 4.976801, ""C22"": 5.019614, ""C23"": 5.165384, ""C24"": 5.236793, ""C25"": 5.291312}","{""C01"": 0, ""C02"": 0, ""C03"": 0, ""C04"": 0, ""C05"": 0, ""C06"": 0, ""C07"": 0, ""C08"": 0, ""C09"": 0, ""C10"": 0, ""C11"": 0, ""C12"": 0, ""C13"": 0, ""C14"": 0, ""C15"": 0, ""C16"": 0, ""C17"": 0, ""C18"": 0, ""C19"": 0, ""C20"": 0, ""C21"": 0, ""C22"": 0, ""C23"": 0, ""C24"": 438, ""C25"": 777}","{""C01"": 0.025810634848725228, ""C02"": 0.025810634848725228, ""C03"": 0.025810634848725228, ""C04"": 0.025810634848725228, ""C05"": 0.025810634848725228, ""C06"": 0.025810634848725228, ""C07"": 0.025810634848725228, ""C08"": 0.025810634848725228, ""C09"": 0.025810634848725228, ""C10"": 0.025810634848725228, ""C11"": 0.025810634848725228, ""C12"": 0.025810634848725228, ""C13"": 0.025810634848725228, ""C14"": 0.025810634848725228, ""C15"": 0.025810634848725228, ""C16"": 0.025810634848725228, ""C17"": 0.025810634848725228, ""C18"": 0.025810634848725228, ""C19"": 0.025810634848725228, ""C20"": 0.025810634848725228, ""C21"": 0.025810634848725228, ""C22"": 0.025810634848725228, ""C23"": 0.025810634848725228, ""C24"": 0.025556981610481876, ""C25"": 0.025360693564715955}"
63,63,1,646,6.467573,25,"{""C01"": 1.462696, ""C02"": 1.442391, ""C03"": 1.431247, ""C04"": 1.431997, ""C05"": 1.425754, ""C06"": 2.399094, ""C07"": 2.37129, ""C08"": 2.448508, ""C09"": 2.369379, ""C10"": 2.453276, ""C11"": 2.429206, ""C12"": 2.416619, ""C13"": 2.501257, ""C14"": 2.456103, ""C15"": 2.354915, ""C16"": 2.420317, ""C17"": 2.354565, ""C18"": 2.435926, ""C19"": 2.363749, ""C20"": 2.501972, ""C21"": 4.984913, ""C22"": 5.019614, ""C23"": 5.165384, ""C24"": 5.236793, ""C25"": 5.369324}","{""C01"": 0, ""C02"": 0, ""C03"": 0, ""C04"": 0, ""C05"": 0, ""C06"": 0, ""C07"": 0, ""C08"": 0, ""C09"": 0, ""C10"": 0, ""C11"": 0, ""C12"": 0, ""C13"": 0, ""C14"": 0, ""C15"": 0, ""C16"": 0, ""C17"": 0, ""C18"": 0, ""C19"": 0, ""C20"": 0, ""C21"": 0, ""C22"": 0, ""C23"": 0, ""C24"": 0, ""C25"": 1205}","{""C01"": 0.02581777732817378, ""C02"": 0.02581777732817378, ""C03"": 0.02581777732817378, ""C04"": 0.02581777732817378, ""C05"": 0.02581777732817378, ""C06"": 0.02581777732817378, ""C07"": 0.02581777732817378, ""C08"": 0.02581777732817378, ""C09"": 0.02581777732817378, ""C10"": 0.02581777732817378, ""C11"": 0.02581777732817378, ""C12"": 0.02581777732817378, ""C13"": 0.02581777732817378, ""C14"": 0.02581777732817378, ""C15"": 0.02581777732817378, ""C16"": 0.02581777732817378, ""C17"": 0.02581777732817378, ""C18"": 0.02581777732817378, ""C19"": 0.02581777732817378, ""C20"": 0.02581777732817378, ""C21"": 0.02581777732817378, ""C22"": 0.02581777732817378, ""C23"": 0.02581777732817378, ""C24"": 0.02581777732817378, ""C25"": 0.02511997226543731}"
64,64,1,796,7.360253,25,"{""C01"": 1.462696, ""C02"": 1.442391, ""C03"": 1.431247, ""C04"": 1.431997, ""C05"": 1.425754, ""C06"": 2.399094, ""C07"": 2.37129, ""C08"": 2.448508, ""C09"": 2.369379, ""C10"": 2.453276, ""C11"": 2.429206, ""C12"": 2.459151, ""C13"": 2.501257, ""C14"": 2.456103, ""C15"": 2.354915, ""C16"": 2.420317, ""C17"": 2.354565, ""C18"": 2.435926, ""C19"": 2.380661, ""C20"": 2.501972, ""C21"": 5.249263, ""C22"": 5.019614, ""C23"": 5.165384, ""C24"": 5.236793, ""C25"": 5.369324}","{""C01"": 0, ""C02"": 0, ""C03"": 0, ""C04"": 0, ""C05"": 0, ""C06"": 0, ""C07"": 0, ""C08"": 0, ""C09"": 0, ""C10"": 0, ""C11"": 0, ""C12"": 0, ""C13"": 0, ""C14"": 0, ""C15"": 0, ""C16"": 0, ""C17"": 0, ""C18"": 0, ""C19"": 0, ""C20"": 0, ""C21"": 0, ""C22"": 0, ""C23"": 0, ""C24"": 0, ""C25"": 1205}","{""C01"": 0.02581777732817378, ""C02"": 0.02581777732817378, ""C03"": 0.02581777732817378, ""C04"": 0.02581777732817378, ""C05"": 0.02581777732817378, ""C06"": 0.02581777732817378, ""C07"": 0.02581777732817378, ""C08"": 0.02581777732817378, ""C09"": 0.02581777732817378, ""C10"": 0.02581777732817378, ""C11"": 0.02581777732817378, ""C12"": 0.02581777732817378, ""C13"": 0.02581777732817378, ""C14"": 0.02581777732817378, ""C15"": 0.02581777732817378, ""C16"": 0.02581777732817378, ""C17"": 0.02581777732817378, ""C18"": 0.02581777732817378, ""C19"": 0.02581777732817378, ""C20"": 0.02581777732817378, ""C21"": 0.02581777732817378, ""C22"": 0.02581777732817378, ""C23"": 0.02581777732817378, ""C24"": 0.02581777732817378, ""C25"": 0.02511997226543731}"
65,65,1,535,4.610878,25,"{""C01"": 1.462696, ""C02"": 1.442391, ""C03"": 1.431247, ""C04"": 1.431997, ""C05"": 1.480232, ""C06"": 2.399094, ""C07"": 2.44092, ""C08"": 2.547193, ""C09"": 2.369379, ""C10"": 2.453276, ""C11"": 2.464209, ""C12"": 2.459151, ""C13"": 2.501257, ""C14"": 2.584685, ""C15"": 2.354915, ""C16"": 2.420317, ""C17"": 2.354565, ""C18"": 2.435926, ""C19"": 2.532747, ""C20"": 2.501972, ""C21"": 5.249263, ""C22"": 5.18653, ""C23"": 5.168445, ""C24"": 5.236793, ""C25"": 5.429053}","{""C01"": 0, ""C02"": 0, ""C03"": 0, ""C04"": 0, ""C05"": 0, ""C06"": 0, ""C07"": 0, ""C08"": 0, ""C09"": 0, ""C10"": 0, ""C11"": 0, ""C12"": 0, ""C13"": 0, ""C14"": 0, ""C15"": 0, ""C16"": 0, ""C17"": 0, ""C18"": 0, ""C19"": 0, ""C20"": 0, ""C21"": 0, ""C22"": 0, ""C23"": 0, ""C24"": 0, ""C25"": 1201}","{""C01"": 0.025823230359177482, ""C02"": 0.025823230359177482, ""C03"": 0.025823230359177482, ""C04"": 0.025823230359177482, ""C05"": 0.025823230359177482, ""C06"": 0.025823230359177482, ""C07"": 0.025823230359177482, ""C08"": 0.025823230359177482, ""C09"": 0.025823230359177482, ""C10"": 0.025823230359177482, ""C11"": 0.025823230359177482, ""C12"": 0.025823230359177482, ""C13"": 0.025823230359177482, ""C14"": 0.025823230359177482, ""C15"": 0.025823230359177482, ""C16"": 0.025823230359177482, ""C17"": 0.025823230359177482, ""C18"": 0.025823230359177482, ""C19"": 0.025823230359177482, ""C20"": 0.025823230359177482, ""C21"": 0.025823230359177482, ""C22"": 0.025823230359177482, ""C23"": 0.025823230359177482, ""C24"": 0.025823230359177482, ""C25"": 0.025127740019987365}"
66,66,1,654,5.595817,25,"{""C01"": 1.462696, ""C02"": 1.442391, ""C03"": 1.431247, ""C04"": 1.431997, ""C05"": 1.480232, ""C06"": 2.463087, ""C07"": 2.44092, ""C08"": 2.547193, ""C09"": 2.369379, ""C10"": 2.453276, ""C11"": 2.474097, ""C12"": 2.459151, ""C13"": 2.501257, ""C14"": 2.584685, ""C15"": 2.627759, ""C16"": 2.420317, ""C17"": 2.487095, ""C18"": 2.435926, ""C19"": 2.532747, ""C20"": 2.501972, ""C21"": 5.249263, ""C22"": 5.18653, ""C23"": 5.297923, ""C24"": 5.236793, ""C25"": 5.429053}","{""C01"": 0, ""C02"": 0, ""C03"": 0, ""C04"": 0, ""C05"": 0, ""C06"": 0, ""C07"": 0, ""C08"": 0, ""C09"": 0, ""C10"": 0, ""C11"": 0, ""C12"": 0, ""C13"": 0, ""C14"": 0, ""C15"": 0, ""C16"": 0, ""C17"": 0, ""C18"": 0, ""C19"": 0, ""C20"": 0, ""C21"": 0, ""C22"": 0, ""C23"": 0, ""C24"": 0, ""C25"": 1201}","{""C01"": 0.025823230359177482, ""C02"": 0.025823230359177482, ""C03"": 0.025823230359177482, ""C04"": 0.025823230359177482, ""C05"": 0.025823230359177482, ""C06"": 0.025823230359177482, ""C07"": 0.025823230359177482, ""C08"": 0.025823230359177482, ""C09"": 0.025823230359177482, ""C10"": 0.025823230359177482, ""C11"": 0.025823230359177482, ""C12"": 0.025823230359177482, ""C13"": 0.025823230359177482, ""C14"": 0.025823230359177482, ""C15"": 0.025823230359177482, ""C16"": 0.025823230359177482, ""C17"": 0.025823230359177482, ""C18"": 0.025823230359177482, ""C19"": 0.025823230359177482, ""C20"": 0.025823230359177482, ""C21"": 0.025823230359177482, ""C22"": 0.025823230359177482, ""C23"": 0.025823230359177482, ""C24"": 0.025823230359177482, ""C25"": 0.025127740019987365}"
67,67,1,757,7.995687,25,"{""C01"": 1.462696, ""C02"": 1.442391, ""C03"": 1.431247, ""C04"": 1.431997, ""C05"": 1.480232, ""C06"": 2.463087, ""C07"": 2.44092, ""C08"": 2.552787, ""C09"": 2.369379, ""C10"": 2.453276, ""C11"": 2.474097, ""C12"": 2.459151, ""C13"": 2.501257, ""C14"": 2.584685, ""C15"": 2.627759, ""C16"": 2.420317, ""C17"": 2.487095, ""C18"": 2.435926, ""C19"": 2.532747, ""C20"": 2.501972, ""C21"": 5.33202, ""C22"": 5.51408, ""C23"": 5.306091, ""C24"": 5.236793, ""C25"": 5.429053}","{""C01"": 0, ""C02"": 0, ""C03"": 0, ""C04"": 0, ""C05"": 0, ""C06"": 0, ""C07"": 0, ""C08"": 0, ""C09"": 0, ""C10"": 0, ""C11"": 0, ""C12"": 0, ""C13"": 0, ""C14"": 0, ""C15"": 0, ""C16"": 0, ""C17"": 0, ""C18"": 0, ""C19"": 0, ""C20"": 0, ""C21"": 0, ""C22"": 1195, ""C23"": 0, ""C24"": 0, ""C25"": 0}","{""C01"": 0.025830620647661284, ""C02"": 0.025830620647661284, ""C03"": 0.025830620647661284, ""C04"": 0.025830620647661284, ""C05"": 0.025830620647661284, ""C06"": 0.025830620647661284, ""C07"": 0.025830620647661284, ""C08"": 0.025830620647661284, ""C09"": 0.025830620647661284, ""C10"": 0.025830620647661284, ""C11"": 0.025830620647661284, ""C12"": 0.025830620647661284, ""C13"": 0.025830620647661284, ""C14"": 0.025830620647661284, ""C15"": 0.025830620647661284, ""C16"": 0.025830620647661284, ""C17"": 0.025830620647661284, ""C18"": 0.025830620647661284, ""C19"": 0.025830620647661284, ""C20"": 0.025830620647661284, ""C21"": 0.025830620647661284, ""C22"": 0.025138605145723504, ""C23"": 0.025830620647661284, ""C24"": 0.025830620647661284, ""C25"": 0.025830620647661284}"
68,68,1,645,5.482315,25,"{""C01"": 1.462696, ""C02"": 1.442391, ""C03"": 1.431247, ""C04"": 1.431997, ""C05"": 1.480232, ""C06"": 2.463087, ""C07"": 2.475881, ""C08"": 2.552787, ""C09"": 2.369379, ""C10"": 2.453276, ""C11"": 2.474097, ""C12"": 2.459151, ""C13"": 2.501257, ""C14"": 2.584685, ""C15"": 2.627759, ""C16"": 2.420317, ""C17"": 2.487095, ""C18"": 2.435926, ""C19"": 2.541574, ""C20"": 2.548414, ""C21"": 5.33202, ""C22"": 5.51408, ""C23"": 5.440743, ""C24"": 5.422257, ""C25"": 5.653483}","{""C01"": 0, ""C02"": 0, ""C03"": 0, ""C04"": 0, ""C05"": 0, ""C06"": 0, ""C07"": 0, ""C08"": 0, ""C09"": 0, ""C10"": 0, ""C11"": 0, ""C12"": 0, ""C13"": 0, ""C14"": 0, ""C15"": 0, ""C16"": 0, ""C17"": 0, ""C18"": 0, ""C19"": 0, ""C20"": 0, ""C21"": 0, ""C22"": 0, ""C23"": 0, ""C24"": 0, ""C25"": 1185}","{""C01"": 0.02584216970939132, ""C02"": 0.02584216970939132, ""C03"": 0.02584216970939132, ""C04"": 0.02584216970939132, ""C05"": 0.02584216970939132, ""C06"": 0.02584216970939132, ""C07"": 0.02584216970939132, ""C08"": 0.02584216970939132, ""C09"": 0.02584216970939132, ""C10"": 0.02584216970939132, ""C11"": 0.02584216970939132, ""C12"": 0.02584216970939132, ""C13"": 0.02584216970939132, ""C14"": 0.02584216970939132, ""C15"": 0.02584216970939132, ""C16"": 0.02584216970939132, ""C17"": 0.02584216970939132, ""C18"": 0.02584216970939132, ""C19"": 0.02584216970939132, ""C20"": 0.02584216970939132, ""C21"": 0.02584216970939132, ""C22"": 0.02584216970939132, ""C23"": 0.02584216970939132, ""C24"": 0.02584216970939132, ""C25"": 0.02515594831849267}"
69,69,1,266,2.268477,25,"{""C01"": 1.462696, ""C02"": 1.442391, ""C03"": 1.431247, ""C04"": 1.431997, ""C05"": 1.480232, ""C06"": 2.463087, ""C07"": 2.575063, ""C08"": 2.552787, ""C09"": 2.369379, ""C10"": 2.453276, ""C11"": 2.556439, ""C12"": 2.459151, ""C13"": 2.553285, ""C14"": 2.584685, ""C15"": 2.627759, ""C16"": 2.562402, ""C17"": 2.487095, ""C18"": 2.435926, ""C19"": 2.541574, ""C20"": 2.548414, ""C21"": 5.484444, ""C22"": 5.652801, ""C23"": 5.440743, ""C24"": 5.422257, ""C25"": 5.653483}","{""C01"": 0, ""C02"": 0, ""C03"": 0, ""C04"": 0, ""C05"": 0, ""C06"": 0, ""C07"": 0, ""C08"": 0, ""C09"": 0, ""C10"": 0, ""C11"": 0, ""C12"": 0, ""C13"": 0, ""C14"": 0, ""C15"": 0, ""C16"": 0, ""C17"": 0, ""C18"": 0, ""C19"": 0, ""C20"": 0, ""C21"": 0, ""C22"": 591, ""C23"": 0, ""C24"": 0, ""C25"": 595}","{""C01"": 0.025842713720042848, ""C02"": 0.025842713720042848, ""C03"": 0.025842713720042848, ""C04"": 0.025842713720042848, ""C05"": 0.025842713720042848, ""C06"": 0.025842713720042848, ""C07"": 0.025842713720042848, ""C08"": 0.025842713720042848, ""C09"": 0.025842713720042848, ""C10"": 0.025842713720042848, ""C11"": 0.025842713720042848, ""C12"": 0.025842713720042848, ""C13"": 0.025842713720042848, ""C14"": 0.025842713720042848, ""C15"": 0.025842713720042848, ""C16"": 0.025842713720042848, ""C17"": 0.025842713720042848, ""C18"": 0.025842713720042848, ""C19"": 0.025842713720042848, ""C20"": 0.025842713720042848, ""C21"": 0.025842713720042848, ""C22"": 0.025500481749292352, ""C23"": 0.025842713720042848, ""C24"": 0.025842713720042848, ""C25"": 0.025498165836005983}"
70,70,1,217,1.886465,25,"{""C01"": 1.462696, ""C02"": 1.449838, ""C03"": 1.46378, ""C04"": 1.431997, ""C05"": 1.480232, ""C06"": 2.556741, ""C07"": 2.575063, ""C08"": 2.552787, ""C09"": 2.369379, ""C10"": 2.667555, ""C11"": 2.556439, ""C12"": 2.459151, ""C13"": 2.553285, ""C14"": 2.681579, ""C15"": 2.627759, ""C16"": 2.562402, ""C17"": 2.487095, ""C18"": 2.435926, ""C19"": 2.541574, ""C20"": 2.548414, ""C21"": 5.484444, ""C22"": 5.652801, ""C23"": 5.440743, ""C24"": 5.669105, ""C25"": 5.653483}","{""C01"": 0, ""C02"": 0, ""C03"": 0, ""C04"": 0, ""C05"": 0, ""C06"": 0, ""C07"": 0, ""C08"": 0, ""C09"": 0, ""C10"": 0, ""C11"": 0, ""C12"": 0, ""C13"": 0, ""C14"": 0, ""C15"": 0, ""C16"": 0, ""C17"": 0, ""C18"": 0, ""C19"": 0, ""C20"": 0, ""C21"": 0, ""C22"": 382, ""C23"": 0, ""C24"": 419, ""C25"": 385}","{""C01"": 0.025843405791573057, ""C02"": 0.025843405791573057, ""C03"": 0.025843405791573057, ""C04"": 0.025843405791573057, ""C05"": 0.025843405791573057, ""C06"": 0.025843405791573057, ""C07"": 0.025843405791573057, ""C08"": 0.025843405791573057, ""C09"": 0.025843405791573057, ""C10"": 0.025843405791573057, ""C11"": 0.025843405791573057, ""C12"": 0.025843405791573057, ""C13"": 0.025843405791573057, ""C14"": 0.025843405791573057, ""C15"": 0.025843405791573057, ""C16"": 0.025843405791573057, ""C17"": 0.025843405791573057, ""C18"": 0.025843405791573057, ""C19"": 0.025843405791573057, ""C20"": 0.025843405791573057, ""C21"": 0.025843405791573057, ""C22"": 0.025622202714012342, ""C23"": 0.025843405791573057, ""C24"": 0.025600789633571357, ""C25"": 0.02562046584886535}"
71,71,1,217,1.849742,25,"{""C01"": 1.462696, ""C02"": 1.449838, ""C03"": 1.46378, ""C04"": 1.479557, ""C05"": 1.480232, ""C06"": 2.556741, ""C07"": 2.575063, ""C08"": 2.552787, ""C09"": 2.430991, ""C10"": 2.667555, ""C11"": 2.556439, ""C12"": 2.459151, ""C13"": 2.553285, ""C14"": 2.681579, ""C15"": 2.627759, ""C16"": 2.562402, ""C17"": 2.602767, ""C18"": 2.546306, ""C19"": 2.541574, ""C20"": 2.596313, ""C21"": 5.484444, ""C22"": 5.652801, ""C23"": 5.440743, ""C24"": 5.669105, ""C25"": 5.653483}","{""C01"": 0, ""C02"": 0, ""C03"": 0, ""C04"": 0, ""C05"": 0, ""C06"": 0, ""C07"": 0, ""C08"": 0, ""C09"": 0, ""C10"": 0, ""C11"": 0, ""C12"": 0, ""C13"": 0, ""C14"": 0, ""C15"": 0, ""C16"": 0, ""C17"": 0, ""C18"": 0, ""C19"": 0, ""C20"": 0, ""C21"": 0, ""C22"": 382, ""C23"": 0, ""C24"": 419, ""C25"": 385}","{""C01"": 0.025843405791573057, ""C02"": 0.025843405791573057, ""C03"": 0.025843405791573057, ""C04"": 0.025843405791573057, ""C05"": 0.025843405791573057, ""C06"": 0.025843405791573057, ""C07"": 0.025843405791573057, ""C08"": 0.025843405791573057, ""C09"": 0.025843405791573057, ""C10"": 0.025843405791573057, ""C11"": 0.025843405791573057, ""C12"": 0.025843405791573057, ""C13"": 0.025843405791573057, ""C14"": 0.025843405791573057, ""C15"": 0.025843405791573057, ""C16"": 0.025843405791573057, ""C17"": 0.025843405791573057, ""C18"": 0.025843405791573057, ""C19"": 0.025843405791573057, ""C20"": 0.025843405791573057, ""C21"": 0.025843405791573057, ""C22"": 0.025622202714012342, ""C23"": 0.025843405791573057, ""C24"": 0.025600789633571357, ""C25"": 0.02562046584886535}"
72,72,1,219,1.921386,25,"{""C01"": 1.462696, ""C02"": 1.449838, ""C03"": 1.46378, ""C04"": 1.479557, ""C05"": 1.480232, ""C06"": 2.556741, ""C07"": 2.575063, ""C08"": 2.552787, ""C09"": 2.430991, ""C10"": 2.667555, ""C11"": 2.556439, ""C12"": 2.609487, ""C13"": 2.553285, ""C14"": 2.681579, ""C15"": 2.627759, ""C16"": 2.654227, ""C17"": 2.602767, ""C18"": 2.723421, ""C19"": 2.585708, ""C20"": 2.596313, ""C21"": 5.48814, ""C22"": 5.652801, ""C23"": 5.440743, ""C24"": 5.669685, ""C25"": 5.653483}","{""C01"": 0, ""C02"": 0, ""C03"": 0, ""C04"": 0, ""C05"": 0, ""C06"": 0, ""C07"": 0, ""C08"": 0, ""C09"": 0, ""C10"": 0, ""C11"": 0, ""C12"": 0, ""C13"": 0, ""C14"": 0, ""C15"": 0, ""C16"": 0, ""C17"": 0, ""C18"": 0, ""C19"": 0, ""C20"": 0, ""C21"": 0, ""C22"": 382, ""C23"": 0, ""C24"": 418, ""C25"": 386}","{""C01"": 0.025843429244274047, ""C02"": 0.025843429244274047, ""C03"": 0.025843429244274047, ""C04"": 0.025843429244274047, ""C05"": 0.025843429244274047, ""C06"": 0.025843429244274047, ""C07"": 0.025843429244274047, ""C08"": 0.025843429244274047, ""C09"": 0.025843429244274047, ""C10"": 0.025843429244274047, ""C11"": 0.025843429244274047, ""C12"": 0.025843429244274047, ""C13"": 0.025843429244274047, ""C14"": 0.025843429244274047, ""C15"": 0.025843429244274047, ""C16"": 0.025843429244274047, ""C17"": 0.025843429244274047, ""C18"": 0.025843429244274047, ""C19"": 0.025843429244274047, ""C20"": 0.025843429244274047, ""C21"": 0.025843429244274047, ""C22"": 0.025622225964790687, ""C23"": 0.025843429244274047, ""C24"": 0.025601392478377706, ""C25"": 0.025619909981441362}"
73,73,1,962,8.263776,25,"{""C01"": 1.462696, ""C02"": 1.449838, ""C03"": 1.516656, ""C04"": 1.479557, ""C05"": 1.480232, ""C06"": 2.60496, ""C07"": 2.575063, ""C08"": 2.552787, ""C09"": 2.430991, ""C10"": 2.667555, ""C11"": 2.556439, ""C12"": 2.609487, ""C13"": 2.553285, ""C14"": 2.753441, ""C15"": 2.627759, ""C16"": 2.654227, ""C17"": 2.602767, ""C18"": 2.723421, ""C19"": 2.704794, ""C20"": 2.7649, ""C21"": 5.551263, ""C22"": 5.865078, ""C23"": 5.51032, ""C24"": 5.773327, ""C25"": 5.787002}","{""C01"": 0, ""C02"": 0, ""C03"": 0, ""C04"": 0, ""C05"": 0, ""C06"": 0, ""C07"": 0, ""C08"": 0, ""C09"": 0, ""C10"": 0, ""C11"": 0, ""C12"": 0, ""C13"": 0, ""C14"": 0, ""C15"": 0, ""C16"": 0, ""C17"": 0, ""C18"": 0, ""C19"": 0, ""C20"": 0, ""C21"": 0, ""C22"": 1171, ""C23"": 0, ""C24"": 0, ""C25"": 0}","{""C01"": 0.02585933481028628, ""C02"": 0.02585933481028628, ""C03"": 0.02585933481028628, ""C04"": 0.02585933481028628, ""C05"": 0.02585933481028628, ""C06"": 0.02585933481028628, ""C07"": 0.02585933481028628, ""C08"": 0.02585933481028628, ""C09"": 0.02585933481028628, ""C10"": 0.02585933481028628, ""C11"": 0.02585933481028628, ""C12"": 0.02585933481028628, ""C13"": 0.02585933481028628, ""C14"": 0.02585933481028628, ""C15"": 0.02585933481028628, ""C16"": 0.02585933481028628, ""C17"": 0.02585933481028628, ""C18"": 0.02585933481028628, ""C19"": 0.02585933481028628, ""C20"": 0.02585933481028628, ""C21"": 0.02585933481028628, ""C22"": 0.025181221633436033, ""C23"": 0.02585933481028628, ""C24"": 0.02585933481028628, ""C25"": 0.02585933481028628}"
74,74,1,458,3.919410,25,"{""C01"": 1.462696, ""C02"": 1.449838, ""C03"": 1.516656, ""C04"": 1.524737, ""C05"": 1.480232, ""C06"": 2.60496, ""C07"": 2.686919, ""C08"": 2.552787, ""C09"": 2.719634, ""C10"": 2.710359, ""C11"": 2.556439, ""C12"": 2.609487, ""C13"": 2.553285, ""C14"": 2.763175, ""C15"": 2.652719, ""C16"": 2.664041, ""C17"": 2.694935, ""C18"": 2.723421, ""C19"": 2.704794, ""C20"": 2.7649, ""C21"": 5.865262, ""C22"": 5.865078, ""C23"": 5.761134, ""C24"": 5.773327, ""C25"": 6.079118}","{""C01"": 0, ""C02"": 0, ""C03"": 0, ""C04"": 0, ""C05"": 0, ""C06"": 0, ""C07"": 0, ""C08"": 0, ""C09"": 0, ""C10"": 0, ""C11"": 0, ""C12"": 0, ""C13"": 0, ""C14"": 0, ""C15"": 0, ""C16"": 0, ""C17"": 0, ""C18"": 0, ""C19"": 0, ""C20"": 0, ""C21"": 0, ""C22"": 0, ""C23"": 0, ""C24"": 0, ""C25"": 1158}","{""C01"": 0.025876178452942877, ""C02"": 0.025876178452942877, ""C03"": 0.025876178452942877, ""C04"": 0.025876178452942877, ""C05"": 0.025876178452942877, ""C06"": 0.025876178452942877, ""C07"": 0.025876178452942877, ""C08"": 0.025876178452942877, ""C09"": 0.025876178452942877, ""C10"": 0.025876178452942877, ""C11"": 0.025876178452942877, ""C12"": 0.025876178452942877, ""C13"": 0.025876178452942877, ""C14"": 0.025876178452942877, ""C15"": 0.025876178452942877, ""C16"": 0.025876178452942877, ""C17"": 0.025876178452942877, ""C18"": 0.025876178452942877, ""C19"": 0.025876178452942877, ""C20"": 0.025876178452942877, ""C21"": 0.025876178452942877, ""C22"": 0.025876178452942877, ""C23"": 0.025876178452942877, ""C24"": 0.025876178452942877, ""C25"": 0.025205591004011096}"
75,75,1,459,3.916773,25,"{""C01"": 1.462696, ""C02"": 1.449838, ""C03"": 1.516656, ""C04"": 1.524737, ""C05"": 1.480232, ""C06"": 2.647723, ""C07"": 2.686919, ""C08"": 2.605602, ""C09"": 2.719634, ""C10"": 2.710359, ""C11"": 2.602976, ""C12"": 2.609487, ""C13"": 2.725774, ""C14"": 2.763175, ""C15"": 2.652719, ""C16"": 2.664041, ""C17"": 2.694935, ""C18"": 2.723421, ""C19"": 2.704794, ""C20"": 2.7649, ""C21"": 5.865262, ""C22"": 5.865078, ""C23"": 5.761134, ""C24"": 5.773816, ""C25"": 6.079118}","{""C01"": 0, ""C02"": 0, ""C03"": 0, ""C04"": 0, ""C05"": 0, ""C06"": 0, ""C07"": 0, ""C08"": 0, ""C09"": 0, ""C10"": 0, ""C11"": 0, ""C12"": 0, ""C13"": 0, ""C14"": 0, ""C15"": 0, ""C16"": 0, ""C17"": 0, ""C18"": 0, ""C19"": 0, ""C20"": 0, ""C21"": 0, ""C22"": 0, ""C23"": 0, ""C24"": 0, ""C25"": 1158}","{""C01"": 0.025876178452942877, ""C02"": 0.025876178452942877, ""C03"": 0.025876178452942877, ""C04"": 0.025876178452942877, ""C05"": 0.025876178452942877, ""C06"": 0.025876178452942877, ""C07"": 0.025876178452942877, ""C08"": 0.025876178452942877, ""C09"": 0.025876178452942877, ""C10"": 0.025876178452942877, ""C11"": 0.025876178452942877, ""C12"": 0.025876178452942877, ""C13"": 0.025876178452942877, ""C14"": 0.025876178452942877, ""C15"": 0.025876178452942877, ""C16"": 0.025876178452942877, ""C17"": 0.025876178452942877, ""C18"": 0.025876178452942877, ""C19"": 0.025876178452942877, ""C20"": 0.025876178452942877, ""C21"": 0.025876178452942877, ""C22"": 0.025876178452942877, ""C23"": 0.025876178452942877, ""C24"": 0.025876178452942877, ""C25"": 0.025205591004011096}"
76,76,1,507,4.368563,25,"{""C01"": 1.462696, ""C02"": 1.449838, ""C03"": 1.516656, ""C04"": 1.524737, ""C05"": 1.480232, ""C06"": 2.647723, ""C07"": 2.749156, ""C08"": 2.605602, ""C09"": 2.719634, ""C10"": 2.710359, ""C11"": 2.675457, ""C12"": 2.609487, ""C13"": 2.725774, ""C14"": 2.776194, ""C15"": 2.66551, ""C16"": 2.664041, ""C17"": 2.694935, ""C18"": 2.723421, ""C19"": 2.704794, ""C20"": 2.7649, ""C21"": 5.952614, ""C22"": 5.865078, ""C23"": 5.862333, ""C24"": 6.021138, ""C25"": 6.079118}","{""C01"": 0, ""C02"": 0, ""C03"": 0, ""C04"": 0, ""C05"": 0, ""C06"": 0, ""C07"": 0, ""C08"": 0, ""C09"": 0, ""C10"": 0, ""C11"": 0, ""C12"": 0, ""C13"": 0, ""C14"": 0, ""C15"": 0, ""C16"": 0, ""C17"": 0, ""C18"": 0, ""C19"": 0, ""C20"": 0, ""C21"": 0, ""C22"": 0, ""C23"": 0, ""C24"": 447, ""C25"": 715}","{""C01"": 0.02587602415419943, ""C02"": 0.02587602415419943, ""C03"": 0.02587602415419943, ""C04"": 0.02587602415419943, ""C05"": 0.02587602415419943, ""C06"": 0.02587602415419943, ""C07"": 0.02587602415419943, ""C08"": 0.02587602415419943, ""C09"": 0.02587602415419943, ""C10"": 0.02587602415419943, ""C11"": 0.02587602415419943, ""C12"": 0.02587602415419943, ""C13"": 0.02587602415419943, ""C14"": 0.02587602415419943, ""C15"": 0.02587602415419943, ""C16"": 0.02587602415419943, ""C17"": 0.02587602415419943, ""C18"": 0.02587602415419943, ""C19"": 0.02587602415419943, ""C20"": 0.02587602415419943, ""C21"": 0.02587602415419943, ""C22"": 0.02587602415419943, ""C23"": 0.02587602415419943, ""C24"": 0.025617159387783132, ""C25"": 0.025461987806408078}"
77,77,1,275,2.345347,25,"{""C01"": 1.485385, ""C02"": 1.449838, ""C03"": 1.516656, ""C04"": 1.524737, ""C05"": 1.493223, ""C06"": 2.691559, ""C07"": 2.749156, ""C08"": 2.808751, ""C09"": 2.719634, ""C10"": 2.710359, ""C11"": 2.712452, ""C12"": 2.609487, ""C13"": 2.762612, ""C14"": 2.776194, ""C15"": 2.769798, ""C16"": 2.664041, ""C17"": 2.694935, ""C18"": 2.723421, ""C19"": 2.704794, ""C20"": 2.7649, ""C21"": 5.952614, ""C22"": 6.07237, ""C23"": 6.082483, ""C24"": 6.021138, ""C25"": 6.079118}","{""C01"": 0, ""C02"": 0, ""C03"": 0, ""C04"": 0, ""C05"": 0, ""C06"": 0, ""C07"": 0, ""C08"": 0, ""C09"": 0, ""C10"": 0, ""C11"": 0, ""C12"": 0, ""C13"": 0, ""C14"": 0, ""C15"": 0, ""C16"": 0, ""C17"": 0, ""C18"": 0, ""C19"": 0, ""C20"": 0, ""C21"": 0, ""C22"": 245, ""C23"": 389, ""C24"": 223, ""C25"": 303}","{""C01"": 0.02587607091514388, ""C02"": 0.02587607091514388, ""C03"": 0.02587607091514388, ""C04"": 0.02587607091514388, ""C05"": 0.02587607091514388, ""C06"": 0.02587607091514388, ""C07"": 0.02587607091514388, ""C08"": 0.02587607091514388, ""C09"": 0.02587607091514388, ""C10"": 0.02587607091514388, ""C11"": 0.02587607091514388, ""C12"": 0.02587607091514388, ""C13"": 0.02587607091514388, ""C14"": 0.02587607091514388, ""C15"": 0.02587607091514388, ""C16"": 0.02587607091514388, ""C17"": 0.02587607091514388, ""C18"": 0.02587607091514388, ""C19"": 0.02587607091514388, ""C20"": 0.02587607091514388, ""C21"": 0.02587607091514388, ""C22"": 0.025734213748850446, ""C23"": 0.02565082945019469, ""C24"": 0.02574692856182546, ""C25"": 0.025700630726900955}"
78,78,1,276,2.328171,25,"{""C01"": 1.485385, ""C02"": 1.449838, ""C03"": 1.516656, ""C04"": 1.524737, ""C05"": 1.493223, ""C06"": 2.81376, ""C07"": 2.749156, ""C08"": 2.808751, ""C09"": 2.719634, ""C10"": 2.710359, ""C11"": 2.815392, ""C12"": 2.609487, ""C13"": 2.762612, ""C14"": 2.776194, ""C15"": 2.774161, ""C16"": 2.664041, ""C17"": 2.697783, ""C18"": 2.767525, ""C19"": 2.758633, ""C20"": 2.7649, ""C21"": 5.952614, ""C22"": 6.07237, ""C23"": 6.082483, ""C24"": 6.021138, ""C25"": 6.079118}","{""C01"": 0, ""C02"": 0, ""C03"": 0, ""C04"": 0, ""C05"": 0, ""C06"": 0, ""C07"": 0, ""C08"": 0, ""C09"": 0, ""C10"": 0, ""C11"": 0, ""C12"": 0, ""C13"": 0, ""C14"": 0, ""C15"": 0, ""C16"": 0, ""C17"": 0, ""C18"": 0, ""C19"": 0, ""C20"": 0, ""C21"": 0, ""C22"": 244, ""C23"": 389, ""C24"": 223, ""C25"": 304}","{""C01"": 0.025876071565702236, ""C02"": 0.025876071565702236, ""C03"": 0.025876071565702236, ""C04"": 0.025876071565702236, ""C05"": 0.025876071565702236, ""C06"": 0.025876071565702236, ""C07"": 0.025876071565702236, ""C08"": 0.025876071565702236, ""C09"": 0.025876071565702236, ""C10"": 0.025876071565702236, ""C11"": 0.025876071565702236, ""C12"": 0.025876071565702236, ""C13"": 0.025876071565702236, ""C14"": 0.025876071565702236, ""C15"": 0.025876071565702236, ""C16"": 0.025876071565702236, ""C17"": 0.025876071565702236, ""C18"": 0.025876071565702236, ""C19"": 0.025876071565702236, ""C20"": 0.025876071565702236, ""C21"": 0.025876071565702236, ""C22"": 0.02573479351103494, ""C23"": 0.02565083009337778, ""C24"": 0.02574692921156568, ""C25"": 0.02570005225190994}"
79,79,1,368,3.153866,25,"{""C01"": 1.485385, ""C02"": 1.449838, ""C03"": 1.516656, ""C04"": 1.524737, ""C05"": 1.493223, ""C06"": 2.81376, ""C07"": 2.749156, ""C08"": 2.808751, ""C09"": 2.719634, ""C10"": 2.710359, ""C11"": 2.815392, ""C12"": 2.609487, ""C13"": 2.762612, ""C14"": 2.791285, ""C15"": 2.774161, ""C16"": 2.771967, ""C17"": 2.750536, ""C18"": 2.767525, ""C19"": 2.802652, ""C20"": 2.7649, ""C21"": 5.952614, ""C22"": 6.286279, ""C23"": 6.149211, ""C24"": 6.260033, ""C25"": 6.142493}","{""C01"": 0, ""C02"": 0, ""C03"": 0, ""C04"": 0, ""C05"": 0, ""C06"": 0, ""C07"": 0, ""C08"": 0, ""C09"": 0, ""C10"": 0, ""C11"": 0, ""C12"": 0, ""C13"": 0, ""C14"": 0, ""C15"": 0, ""C16"": 0, ""C17"": 0, ""C18"": 0, ""C19"": 0, ""C20"": 0, ""C21"": 0, ""C22"": 608, ""C23"": 0, ""C24"": 540, ""C25"": 0}","{""C01"": 0.025891613208250397, ""C02"": 0.025891613208250397, ""C03"": 0.025891613208250397, ""C04"": 0.025891613208250397, ""C05"": 0.025891613208250397, ""C06"": 0.025891613208250397, ""C07"": 0.025891613208250397, ""C08"": 0.025891613208250397, ""C09"": 0.025891613208250397, ""C10"": 0.025891613208250397, ""C11"": 0.025891613208250397, ""C12"": 0.025891613208250397, ""C13"": 0.025891613208250397, ""C14"": 0.025891613208250397, ""C15"": 0.025891613208250397, ""C16"": 0.025891613208250397, ""C17"": 0.025891613208250397, ""C18"": 0.025891613208250397, ""C19"": 0.025891613208250397, ""C20"": 0.025891613208250397, ""C21"": 0.025891613208250397, ""C22"": 0.02553953964249804, ""C23"": 0.025891613208250397, ""C24"": 0.02557890151738075, ""C25"": 0.025891613208250397}"
80,80,1,589,5.076168,25,"{""C01"": 1.485385, ""C02"": 1.449838, ""C03"": 1.516656, ""C04"": 1.524737, ""C05"": 1.493223, ""C06"": 2.81376, ""C07"": 2.749156, ""C08"": 2.808751, ""C09"": 2.719634, ""C10"": 2.710359, ""C11"": 2.844644, ""C12"": 2.609487, ""C13"": 2.762612, ""C14"": 2.791285, ""C15"": 2.774161, ""C16"": 2.771967, ""C17"": 2.750536, ""C18"": 2.767525, ""C19"": 2.802652, ""C20"": 2.7649, ""C21"": 5.964511, ""C22"": 6.286279, ""C23"": 6.402242, ""C24"": 6.260033, ""C25"": 6.360622}","{""C01"": 0, ""C02"": 0, ""C03"": 0, ""C04"": 0, ""C05"": 0, ""C06"": 0, ""C07"": 0, ""C08"": 0, ""C09"": 0, ""C10"": 0, ""C11"": 0, ""C12"": 0, ""C13"": 0, ""C14"": 0, ""C15"": 0, ""C16"": 0, ""C17"": 0, ""C18"": 0, ""C19"": 0, ""C20"": 0, ""C21"": 0, ""C22"": 0, ""C23"": 821, ""C24"": 0, ""C25"": 320}","{""C01"": 0.02589984790668924, ""C02"": 0.02589984790668924, ""C03"": 0.02589984790668924, ""C04"": 0.02589984790668924, ""C05"": 0.02589984790668924, ""C06"": 0.02589984790668924, ""C07"": 0.02589984790668924, ""C08"": 0.02589984790668924, ""C09"": 0.02589984790668924, ""C10"": 0.02589984790668924, ""C11"": 0.02589984790668924, ""C12"": 0.02589984790668924, ""C13"": 0.02589984790668924, ""C14"": 0.02589984790668924, ""C15"": 0.02589984790668924, ""C16"": 0.02589984790668924, ""C17"": 0.02589984790668924, ""C18"": 0.02589984790668924, ""C19"": 0.02589984790668924, ""C20"": 0.02589984790668924, ""C21"": 0.02589984790668924, ""C22"": 0.02589984790668924, ""C23"": 0.02542442286480427, ""C24"": 0.02589984790668924, ""C25"": 0.02571453620436968}"
81,81,1,290,2.492052,25,"{""C01"": 1.485385, ""C02"": 1.449838, ""C03"": 1.536555, ""C04"": 1.524737, ""C05"": 1.493223, ""C06"": 2.86935, ""C07"": 2.749156, ""C08"": 2.863489, ""C09"": 2.751178, ""C10"": 2.912762, ""C11"": 2.844644, ""C12"": 2.739187, ""C13"": 2.938141, ""C14"": 2.791285, ""C15"": 2.774161, ""C16"": 2.872497, ""C17"": 2.750536, ""C18"": 2.767525, ""C19"": 2.802652, ""C20"": 2.7649, ""C21"": 6.115506, ""C22"": 6.391417, ""C23"": 6.402242, ""C24"": 6.260033, ""C25"": 6.360622}","{""C01"": 0, ""C02"": 0, ""C03"": 0, ""C04"": 0, ""C05"": 0, ""C06"": 0, ""C07"": 0, ""C08"": 0, ""C09"": 0, ""C10"": 0, ""C11"": 0, ""C12"": 0, ""C13"": 0, ""C14"": 0, ""C15"": 0, ""C16"": 0, ""C17"": 0, ""C18"": 0, ""C19"": 0, ""C20"": 0, ""C21"": 0, ""C22"": 344, ""C23"": 476, ""C24"": 0, ""C25"": 321}","{""C01"": 0.025899503156390224, ""C02"": 0.025899503156390224, ""C03"": 0.025899503156390224, ""C04"": 0.025899503156390224, ""C05"": 0.025899503156390224, ""C06"": 0.025899503156390224, ""C07"": 0.025899503156390224, ""C08"": 0.025899503156390224, ""C09"": 0.025899503156390224, ""C10"": 0.025899503156390224, ""C11"": 0.025899503156390224, ""C12"": 0.025899503156390224, ""C13"": 0.025899503156390224, ""C14"": 0.025899503156390224, ""C15"": 0.025899503156390224, ""C16"": 0.025899503156390224, ""C17"": 0.025899503156390224, ""C18"": 0.025899503156390224, ""C19"": 0.025899503156390224, ""C20"": 0.025899503156390224, ""C21"": 0.025899503156390224, ""C22"": 0.025700312720239565, ""C23"": 0.025623877858725858, ""C24"": 0.025899503156390224, ""C25"": 0.025713614099587292}"
82,82,1,262,2.235410,25,"{""C01"": 1.485385, ""C02"": 1.449838, ""C03"": 1.536555, ""C04"": 1.524737, ""C05"": 1.493223, ""C06"": 2.86935, ""C07"": 2.897152, ""C08"": 2.863489, ""C09"": 2.913543, ""C10"": 2.912762, ""C11"": 2.844644, ""C12"": 2.935971, ""C13"": 2.938141, ""C14"": 2.791285, ""C15"": 2.903107, ""C16"": 2.872497, ""C17"": 2.750536, ""C18"": 2.776492, ""C19"": 2.802652, ""C20"": 2.7649, ""C21"": 6.429393, ""C22"": 6.391417, ""C23"": 6.402242, ""C24"": 6.260033, ""C25"": 6.360622}","{""C01"": 0, ""C02"": 0, ""C03"": 0, ""C04"": 0, ""C05"": 0, ""C06"": 0, ""C07"": 0, ""C08"": 0, ""C09"": 0, ""C10"": 0, ""C11"": 0, ""C12"": 0, ""C13"": 0, ""C14"": 0, ""C15"": 0, ""C16"": 0, ""C17"": 0, ""C18"": 0, ""C19"": 0, ""C20"": 0, ""C21"": 433, ""C22"": 238, ""C23"": 242, ""C24"": 0, ""C25"": 229}","{""C01"": 0.025901617203761135, ""C02"": 0.025901617203761135, ""C03"": 0.025901617203761135, ""C04"": 0.025901617203761135, ""C05"": 0.025901617203761135, ""C06"": 0.025901617203761135, ""C07"": 0.025901617203761135, ""C08"": 0.025901617203761135, ""C09"": 0.025901617203761135, ""C10"": 0.025901617203761135, ""C11"": 0.025901617203761135, ""C12"": 0.025901617203761135, ""C13"": 0.025901617203761135, ""C14"": 0.025901617203761135, ""C15"": 0.025901617203761135, ""C16"": 0.025901617203761135, ""C17"": 0.025901617203761135, ""C18"": 0.025901617203761135, ""C19"": 0.025901617203761135, ""C20"": 0.025901617203761135, ""C21"": 0.025650891678573404, ""C22"": 0.025763795327032477, ""C23"": 0.02576148438768032, ""C24"": 0.025901617203761135, ""C25"": 0.025768999520348067}"
83,83,1,437,3.779450,25,"{""C01"": 1.485385, ""C02"": 1.449838, ""C03"": 1.536555, ""C04"": 1.524737, ""C05"": 1.493223, ""C06"": 2.86935, ""C07"": 2.897152, ""C08"": 2.915462, ""C09"": 2.913543, ""C10"": 2.912762, ""C11"": 2.844644, ""C12"": 2.935971, ""C13"": 2.938141, ""C14"": 2.838722, ""C15"": 2.964834, ""C16"": 2.872497, ""C17"": 2.750536, ""C18"": 2.956682, ""C19"": 2.802652, ""C20"": 2.819388, ""C21"": 6.452208, ""C22"": 6.391417, ""C23"": 6.402242, ""C24"": 6.618269, ""C25"": 6.561205}","{""C01"": 0, ""C02"": 0, ""C03"": 0, ""C04"": 0, ""C05"": 0, ""C06"": 0, ""C07"": 0, ""C08"": 0, ""C09"": 0, ""C10"": 0, ""C11"": 0, ""C12"": 0, ""C13"": 0, ""C14"": 0, ""C15"": 0, ""C16"": 0, ""C17"": 0, ""C18"": 0, ""C19"": 0, ""C20"": 0, ""C21"": 0, ""C22"": 0, ""C23"": 0, ""C24"": 674, ""C25"": 456}","{""C01"": 0.02591434625343865, ""C02"": 0.02591434625343865, ""C03"": 0.02591434625343865, ""C04"": 0.02591434625343865, ""C05"": 0.02591434625343865, ""C06"": 0.02591434625343865, ""C07"": 0.02591434625343865, ""C08"": 0.02591434625343865, ""C09"": 0.02591434625343865, ""C10"": 0.02591434625343865, ""C11"": 0.02591434625343865, ""C12"": 0.02591434625343865, ""C13"": 0.02591434625343865, ""C14"": 0.02591434625343865, ""C15"": 0.02591434625343865, ""C16"": 0.02591434625343865, ""C17"": 0.02591434625343865, ""C18"": 0.02591434625343865, ""C19"": 0.02591434625343865, ""C20"": 0.02591434625343865, ""C21"": 0.02591434625343865, ""C22"": 0.02591434625343865, ""C23"": 0.02591434625343865, ""C24"": 0.025524056662336328, ""C25"": 0.025650272114089885}"
84,84,1,422,3.620194,25,"{""C01"": 1.485385, ""C02"": 1.449838, ""C03"": 1.536555, ""C04"": 1.524737, ""C05"": 1.50619, ""C06"": 2.86935, ""C07"": 2.897152, ""C08"": 2.915462, ""C09"": 2.913543, ""C10"": 2.912762, ""C11"": 2.892669, ""C12"": 2.935971, ""C13"": 2.938141, ""C14"": 2.838722, ""C15"": 2.964834, ""C16"": 2.872497, ""C17"": 2.750536, ""C18"": 2.956682, ""C19"": 2.802652, ""C20"": 2.819388, ""C21"": 6.452208, ""C22"": 6.52743, ""C23"": 6.402242, ""C24"": 6.618269, ""C25"": 6.673206}","{""C01"": 0, ""C02"": 0, ""C03"": 0, ""C04"": 0, ""C05"": 0, ""C06"": 0, ""C07"": 0, ""C08"": 0, ""C09"": 0, ""C10"": 0, ""C11"": 0, ""C12"": 0, ""C13"": 0, ""C14"": 0, ""C15"": 0, ""C16"": 0, ""C17"": 0, ""C18"": 0, ""C19"": 0, ""C20"": 0, ""C21"": 0, ""C22"": 0, ""C23"": 0, ""C24"": 428, ""C25"": 699}","{""C01"": 0.02591827879458246, ""C02"": 0.02591827879458246, ""C03"": 0.02591827879458246, ""C04"": 0.02591827879458246, ""C05"": 0.02591827879458246, ""C06"": 0.02591827879458246, ""C07"": 0.02591827879458246, ""C08"": 0.02591827879458246, ""C09"": 0.02591827879458246, ""C10"": 0.02591827879458246, ""C11"": 0.02591827879458246, ""C12"": 0.02591827879458246, ""C13"": 0.02591827879458246, ""C14"": 0.02591827879458246, ""C15"": 0.02591827879458246, ""C16"": 0.02591827879458246, ""C17"": 0.02591827879458246, ""C18"": 0.02591827879458246, ""C19"": 0.02591827879458246, ""C20"": 0.02591827879458246, ""C21"": 0.02591827879458246, ""C22"": 0.02591827879458246, ""C23"": 0.02591827879458246, ""C24"": 0.025670419746817223, ""C25"": 0.025513508487341026}"
85,85,1,742,6.408075,25,"{""C01"": 1.485385, ""C02"": 1.449838, ""C03"": 1.536555, ""C04"": 1.524737, ""C05"": 1.50619, ""C06"": 2.86935, ""C07"": 2.897152, ""C08"": 2.915462, ""C09"": 2.913543, ""C10"": 2.912762, ""C11"": 2.970562, ""C12"": 2.935971, ""C13"": 2.938141, ""C14"": 2.838722, ""C15"": 2.964834, ""C16"": 2.872497, ""C17"": 2.750536, ""C18"": 2.956682, ""C19"": 2.802652, ""C20"": 3.007952, ""C21"": 6.452208, ""C22"": 6.52743, ""C23"": 6.402659, ""C24"": 6.618269, ""C25"": 6.726054}","{""C01"": 0, ""C02"": 0, ""C03"": 0, ""C04"": 0, ""C05"": 0, ""C06"": 0, ""C07"": 0, ""C08"": 0, ""C09"": 0, ""C10"": 0, ""C11"": 0, ""C12"": 0, ""C13"": 0, ""C14"": 0, ""C15"": 0, ""C16"": 0, ""C17"": 0, ""C18"": 0, ""C19"": 0, ""C20"": 0, ""C21"": 0, ""C22"": 0, ""C23"": 0, ""C24"": 0, ""C25"": 1120}","{""C01"": 0.0259214294810491, ""C02"": 0.0259214294810491, ""C03"": 0.0259214294810491, ""C04"": 0.0259214294810491, ""C05"": 0.0259214294810491, ""C06"": 0.0259214294810491, ""C07"": 0.0259214294810491, ""C08"": 0.0259214294810491, ""C09"": 0.0259214294810491, ""C10"": 0.0259214294810491, ""C11"": 0.0259214294810491, ""C12"": 0.0259214294810491, ""C13"": 0.0259214294810491, ""C14"": 0.0259214294810491, ""C15"": 0.0259214294810491, ""C16"": 0.0259214294810491, ""C17"": 0.0259214294810491, ""C18"": 0.0259214294810491, ""C19"": 0.0259214294810491, ""C20"": 0.0259214294810491, ""C21"": 0.0259214294810491, ""C22"": 0.0259214294810491, ""C23"": 0.0259214294810491, ""C24"": 0.0259214294810491, ""C25"": 0.025272854712648354}"
86,86,1,1047,12.017983,25,"{""C01"": 1.485385, ""C02"": 1.449838, ""C03"": 1.536555, ""C04"": 1.524737, ""C05"": 1.50619, ""C06"": 2.86935, ""C07"": 2.897152, ""C08"": 2.915462, ""C09"": 2.913543, ""C10"": 2.93818, ""C11"": 2.995033, ""C12"": 2.935971, ""C13"": 2.949441, ""C14"": 2.838722, ""C15"": 3.028967, ""C16"": 2.872497, ""C17"": 2.750536, ""C18"": 2.956682, ""C19"": 2.802652, ""C20"": 3.007952, ""C21"": 6.628663, ""C22"": 6.52743, ""C23"": 6.757683, ""C24"": 6.769012, ""C25"": 6.861839}","{""C01"": 0, ""C02"": 0, ""C03"": 0, ""C04"": 0, ""C05"": 0, ""C06"": 0, ""C07"": 0, ""C08"": 0, ""C09"": 0, ""C10"": 0, ""C11"": 0, ""C12"": 0, ""C13"": 0, ""C14"": 0, ""C15"": 0, ""C16"": 0, ""C17"": 0, ""C18"": 0, ""C19"": 0, ""C20"": 0, ""C21"": 0, ""C22"": 0, ""C23"": 0, ""C24"": 0, ""C25"": 1113}","{""C01"": 0.02593041464029286, ""C02"": 0.02593041464029286, ""C03"": 0.02593041464029286, ""C04"": 0.02593041464029286, ""C05"": 0.02593041464029286, ""C06"": 0.02593041464029286, ""C07"": 0.02593041464029286, ""C08"": 0.02593041464029286, ""C09"": 0.02593041464029286, ""C10"": 0.02593041464029286, ""C11"": 0.02593041464029286, ""C12"": 0.02593041464029286, ""C13"": 0.02593041464029286, ""C14"": 0.02593041464029286, ""C15"": 0.02593041464029286, ""C16"": 0.02593041464029286, ""C17"": 0.02593041464029286, ""C18"": 0.02593041464029286, ""C19"": 0.02593041464029286, ""C20"": 0.02593041464029286, ""C21"": 0.02593041464029286, ""C22"": 0.02593041464029286, ""C23"": 0.02593041464029286, ""C24"": 0.02593041464029286, ""C25"": 0.0252858923793479}"
87,87,1,797,6.951077,25,"{""C01"": 1.485385, ""C02"": 1.449838, ""C03"": 1.536555, ""C04"": 1.524737, ""C05"": 1.537716, ""C06"": 2.86935, ""C07"": 2.897152, ""C08"": 2.915462, ""C09"": 2.995093, ""C10"": 2.93818, ""C11"": 2.995033, ""C12"": 2.935971, ""C13"": 2.949441, ""C14"": 2.838722, ""C15"": 3.034675, ""C16"": 2.872497, ""C17"": 2.836085, ""C18"": 2.956682, ""C19"": 2.802652, ""C20"": 3.052491, ""C21"": 6.628663, ""C22"": 6.595486, ""C23"": 6.757683, ""C24"": 6.769012, ""C25"": 6.877966}","{""C01"": 0, ""C02"": 0, ""C03"": 0, ""C04"": 0, ""C05"": 0, ""C06"": 0, ""C07"": 0, ""C08"": 0, ""C09"": 0, ""C10"": 0, ""C11"": 0, ""C12"": 0, ""C13"": 0, ""C14"": 0, ""C15"": 0, ""C16"": 0, ""C17"": 0, ""C18"": 0, ""C19"": 0, ""C20"": 0, ""C21"": 0, ""C22"": 0, ""C23"": 0, ""C24"": 0, ""C25"": 1112}","{""C01"": 0.025931360123306324, ""C02"": 0.025931360123306324, ""C03"": 0.025931360123306324, ""C04"": 0.025931360123306324, ""C05"": 0.025931360123306324, ""C06"": 0.025931360123306324, ""C07"": 0.025931360123306324, ""C08"": 0.025931360123306324, ""C09"": 0.025931360123306324, ""C10"": 0.025931360123306324, ""C11"": 0.025931360123306324, ""C12"": 0.025931360123306324, ""C13"": 0.025931360123306324, ""C14"": 0.025931360123306324, ""C15"": 0.025931360123306324, ""C16"": 0.025931360123306324, ""C17"": 0.025931360123306324, ""C18"": 0.025931360123306324, ""C19"": 0.025931360123306324, ""C20"": 0.025931360123306324, ""C21"": 0.025931360123306324, ""C22"": 0.025931360123306324, ""C23"": 0.025931360123306324, ""C24"": 0.025931360123306324, ""C25"": 0.02528741807574298}"
88,88,1,463,3.975576,25,"{""C01"": 1.485385, ""C02"": 1.449838, ""C03"": 1.536555, ""C04"": 1.524737, ""C05"": 1.537716, ""C06"": 2.86935, ""C07"": 2.942203, ""C08"": 2.915462, ""C09"": 3.037202, ""C10"": 2.93818, ""C11"": 2.995033, ""C12"": 2.935971, ""C13"": 2.949441, ""C14"": 3.074681, ""C15"": 3.034675, ""C16"": 2.872497, ""C17"": 2.836085, ""C18"": 2.956682, ""C19"": 2.802652, ""C20"": 3.052491, ""C21"": 6.628663, ""C22"": 6.631398, ""C23"": 6.890087, ""C24"": 6.769012, ""C25"": 6.877966}","{""C01"": 0, ""C02"": 0, ""C03"": 0, ""C04"": 0, ""C05"": 0, ""C06"": 0, ""C07"": 0, ""C08"": 0, ""C09"": 0, ""C10"": 0, ""C11"": 0, ""C12"": 0, ""C13"": 0, ""C14"": 0, ""C15"": 0, ""C16"": 0, ""C17"": 0, ""C18"": 0, ""C19"": 0, ""C20"": 0, ""C21"": 0, ""C22"": 0, ""C23"": 687, ""C24"": 0, ""C25"": 426}","{""C01"": 0.02593265533991379, ""C02"": 0.02593265533991379, ""C03"": 0.02593265533991379, ""C04"": 0.02593265533991379, ""C05"": 0.02593265533991379, ""C06"": 0.02593265533991379, ""C07"": 0.02593265533991379, ""C08"": 0.02593265533991379, ""C09"": 0.02593265533991379, ""C10"": 0.02593265533991379, ""C11"": 0.02593265533991379, ""C12"": 0.02593265533991379, ""C13"": 0.02593265533991379, ""C14"": 0.02593265533991379, ""C15"": 0.02593265533991379, ""C16"": 0.02593265533991379, ""C17"": 0.02593265533991379, ""C18"": 0.02593265533991379, ""C19"": 0.02593265533991379, ""C20"": 0.02593265533991379, ""C21"": 0.02593265533991379, ""C22"": 0.02593265533991379, ""C23"": 0.025534832416275403, ""C24"": 0.02593265533991379, ""C25"": 0.025685973531052033}"
89,89,1,387,3.312919,25,"{""C01"": 1.503071, ""C02"": 1.449838, ""C03"": 1.536555, ""C04"": 1.524737, ""C05"": 1.537716, ""C06"": 2.86935, ""C07"": 2.942203, ""C08"": 2.915462, ""C09"": 3.037202, ""C10"": 2.93818, ""C11"": 2.995033, ""C12"": 2.946522, ""C13"": 2.949441, ""C14"": 3.074681, ""C15"": 3.034675, ""C16"": 2.872497, ""C17"": 2.836085, ""C18"": 2.956682, ""C19"": 2.964713, ""C20"": 3.052491, ""C21"": 6.777695, ""C22"": 6.650641, ""C23"": 6.890087, ""C24"": 6.769012, ""C25"": 6.877966}","{""C01"": 0, ""C02"": 0, ""C03"": 0, ""C04"": 0, ""C05"": 0, ""C06"": 0, ""C07"": 0, ""C08"": 0, ""C09"": 0, ""C10"": 0, ""C11"": 0, ""C12"": 0, ""C13"": 0, ""C14"": 0, ""C15"": 0, ""C16"": 0, ""C17"": 0, ""C18"": 0, ""C19"": 0, ""C20"": 0, ""C21"": 0, ""C22"": 0, ""C23"": 568, ""C24"": 0, ""C25"": 545}","{""C01"": 0.025932532634470234, ""C02"": 0.025932532634470234, ""C03"": 0.025932532634470234, ""C04"": 0.025932532634470234, ""C05"": 0.025932532634470234, ""C06"": 0.025932532634470234, ""C07"": 0.025932532634470234, ""C08"": 0.025932532634470234, ""C09"": 0.025932532634470234, ""C10"": 0.025932532634470234, ""C11"": 0.025932532634470234, ""C12"": 0.025932532634470234, ""C13"": 0.025932532634470234, ""C14"": 0.025932532634470234, ""C15"": 0.025932532634470234, ""C16"": 0.025932532634470234, ""C17"": 0.025932532634470234, ""C18"": 0.025932532634470234, ""C19"": 0.025932532634470234, ""C20"": 0.025932532634470234, ""C21"": 0.025932532634470234, ""C22"": 0.025932532634470234, ""C23"": 0.025603626222045744, ""C24"": 0.025932532634470234, ""C25"": 0.02561693688915057}"
90,90,1,691,5.947501,25,"{""C01"": 1.503071, ""C02"": 1.449838, ""C03"": 1.536555, ""C04"": 1.524737, ""C05"": 1.537716, ""C06"": 2.86935, ""C07"": 2.942203, ""C08"": 2.915462, ""C09"": 3.037202, ""C10"": 2.93818, ""C11"": 2.995033, ""C12"": 2.976503, ""C13"": 3.00566, ""C14"": 3.074681, ""C15"": 3.087036, ""C16"": 2.872497, ""C17"": 2.862231, ""C18"": 2.956682, ""C19"": 2.964713, ""C20"": 3.052491, ""C21"": 6.788075, ""C22"": 6.650641, ""C23"": 7.016791, ""C24"": 6.769012, ""C25"": 6.877966}","{""C01"": 0, ""C02"": 0, ""C03"": 0, ""C04"": 0, ""C05"": 0, ""C06"": 0, ""C07"": 0, ""C08"": 0, ""C09"": 0, ""C10"": 0, ""C11"": 0, ""C12"": 0, ""C13"": 0, ""C14"": 0, ""C15"": 0, ""C16"": 0, ""C17"": 0, ""C18"": 0, ""C19"": 0, ""C20"": 0, ""C21"": 0, ""C22"": 0, ""C23"": 1105, ""C24"": 0, ""C25"": 0}","{""C01"": 0.025940249286413045, ""C02"": 0.025940249286413045, ""C03"": 0.025940249286413045, ""C04"": 0.025940249286413045, ""C05"": 0.025940249286413045, ""C06"": 0.025940249286413045, ""C07"": 0.025940249286413045, ""C08"": 0.025940249286413045, ""C09"": 0.025940249286413045, ""C10"": 0.025940249286413045, ""C11"": 0.025940249286413045, ""C12"": 0.025940249286413045, ""C13"": 0.025940249286413045, ""C14"": 0.025940249286413045, ""C15"": 0.025940249286413045, ""C16"": 0.025940249286413045, ""C17"": 0.025940249286413045, ""C18"": 0.025940249286413045, ""C19"": 0.025940249286413045, ""C20"": 0.025940249286413045, ""C21"": 0.025940249286413045, ""C22"": 0.025940249286413045, ""C23"": 0.02530036008787676, ""C24"": 0.025940249286413045, ""C25"": 0.025940249286413045}"
91,91,1,510,4.388114,25,"{""C01"": 1.503071, ""C02"": 1.449838, ""C03"": 1.536555, ""C04"": 1.524737, ""C05"": 1.537716, ""C06"": 2.86935, ""C07"": 2.942203, ""C08"": 2.915462, ""C09"": 3.037202, ""C10"": 2.93818, ""C11"": 2.995033, ""C12"": 3.012003, ""C13"": 3.00566, ""C14"": 3.074681, ""C15"": 3.148113, ""C16"": 2.872497, ""C17"": 2.862231, ""C18"": 2.956682, ""C19"": 2.964713, ""C20"": 3.052491, ""C21"": 6.788075, ""C22"": 6.916237, ""C23"": 7.016791, ""C24"": 6.784934, ""C25"": 7.007192}","{""C01"": 0, ""C02"": 0, ""C03"": 0, ""C04"": 0, ""C05"": 0, ""C06"": 0, ""C07"": 0, ""C08"": 0, ""C09"": 0, ""C10"": 0, ""C11"": 0, ""C12"": 0, ""C13"": 0, ""C14"": 0, ""C15"": 0, ""C16"": 0, ""C17"": 0, ""C18"": 0, ""C19"": 0, ""C20"": 0, ""C21"": 0, ""C22"": 0, ""C23"": 667, ""C24"": 0, ""C25"": 439}","{""C01"": 0.0259404835618961, ""C02"": 0.0259404835618961, ""C03"": 0.0259404835618961, ""C04"": 0.0259404835618961, ""C05"": 0.0259404835618961, ""C06"": 0.0259404835618961, ""C07"": 0.0259404835618961, ""C08"": 0.0259404835618961, ""C09"": 0.0259404835618961, ""C10"": 0.0259404835618961, ""C11"": 0.0259404835618961, ""C12"": 0.0259404835618961, ""C13"": 0.0259404835618961, ""C14"": 0.0259404835618961, ""C15"": 0.0259404835618961, ""C16"": 0.0259404835618961, ""C17"": 0.0259404835618961, ""C18"": 0.0259404835618961, ""C19"": 0.0259404835618961, ""C20"": 0.0259404835618961, ""C21"": 0.0259404835618961, ""C22"": 0.0259404835618961, ""C23"": 0.025554245343256423, ""C24"": 0.0259404835618961, ""C25"": 0.025686277290774304}"
92,92,1,705,7.110714,25,"{""C01"": 1.503071, ""C02"": 1.449838, ""C03"": 1.536555, ""C04"": 1.524737, ""C05"": 1.537716, ""C06"": 2.919393, ""C07"": 3.042653, ""C08"": 2.915462, ""C09"": 3.07332, ""C10"": 2.93818, ""C11"": 2.995033, ""C12"": 3.012003, ""C13"": 3.00566, ""C14"": 3.074681, ""C15"": 3.148113, ""C16"": 2.916002, ""C17"": 2.862231, ""C18"": 2.956682, ""C19"": 2.976824, ""C20"": 3.052491, ""C21"": 6.788075, ""C22"": 6.916237, ""C23"": 7.179892, ""C24"": 6.784934, ""C25"": 7.007192}","{""C01"": 0, ""C02"": 0, ""C03"": 0, ""C04"": 0, ""C05"": 0, ""C06"": 0, ""C07"": 0, ""C08"": 0, ""C09"": 0, ""C10"": 0, ""C11"": 0, ""C12"": 0, ""C13"": 0, ""C14"": 0, ""C15"": 0, ""C16"": 0, ""C17"": 0, ""C18"": 0, ""C19"": 0, ""C20"": 0, ""C21"": 0, ""C22"": 0, ""C23"": 1097, ""C24"": 0, ""C25"": 0}","{""C01"": 0.02595039705484231, ""C02"": 0.02595039705484231, ""C03"": 0.02595039705484231, ""C04"": 0.02595039705484231, ""C05"": 0.02595039705484231, ""C06"": 0.02595039705484231, ""C07"": 0.02595039705484231, ""C08"": 0.02595039705484231, ""C09"": 0.02595039705484231, ""C10"": 0.02595039705484231, ""C11"": 0.02595039705484231, ""C12"": 0.02595039705484231, ""C13"": 0.02595039705484231, ""C14"": 0.02595039705484231, ""C15"": 0.02595039705484231, ""C16"": 0.02595039705484231, ""C17"": 0.02595039705484231, ""C18"": 0.02595039705484231, ""C19"": 0.02595039705484231, ""C20"": 0.02595039705484231, ""C21"": 0.02595039705484231, ""C22"": 0.02595039705484231, ""C23"": 0.02531513969555779, ""C24"": 0.02595039705484231, ""C25"": 0.02595039705484231}"
93,93,1,736,6.289466,25,"{""C01"": 1.503071, ""C02"": 1.449838, ""C03"": 1.536555, ""C04"": 1.524737, ""C05"": 1.537716, ""C06"": 2.919393, ""C07"": 3.042653, ""C08"": 2.915462, ""C09"": 3.07332, ""C10"": 3.065754, ""C11"": 2.995033, ""C12"": 3.012003, ""C13"": 3.063856, ""C14"": 3.074681, ""C15"": 3.148113, ""C16"": 2.916002, ""C17"": 2.862231, ""C18"": 2.979726, ""C19"": 2.976824, ""C20"": 3.052491, ""C21"": 6.890157, ""C22"": 6.916237, ""C23"": 7.179892, ""C24"": 7.045803, ""C25"": 7.045572}","{""C01"": 0, ""C02"": 0, ""C03"": 0, ""C04"": 0, ""C05"": 0, ""C06"": 0, ""C07"": 0, ""C08"": 0, ""C09"": 0, ""C10"": 0, ""C11"": 0, ""C12"": 0, ""C13"": 0, ""C14"": 0, ""C15"": 0, ""C16"": 0, ""C17"": 0, ""C18"": 0, ""C19"": 0, ""C20"": 0, ""C21"": 0, ""C22"": 0, ""C23"": 1097, ""C24"": 0, ""C25"": 0}","{""C01"": 0.02595039705484231, ""C02"": 0.02595039705484231, ""C03"": 0.02595039705484231, ""C04"": 0.02595039705484231, ""C05"": 0.02595039705484231, ""C06"": 0.02595039705484231, ""C07"": 0.02595039705484231, ""C08"": 0.02595039705484231, ""C09"": 0.02595039705484231, ""C10"": 0.02595039705484231, ""C11"": 0.02595039705484231, ""C12"": 0.02595039705484231, ""C13"": 0.02595039705484231, ""C14"": 0.02595039705484231, ""C15"": 0.02595039705484231, ""C16"": 0.02595039705484231, ""C17"": 0.02595039705484231, ""C18"": 0.02595039705484231, ""C19"": 0.02595039705484231, ""C20"": 0.02595039705484231, ""C21"": 0.02595039705484231, ""C22"": 0.02595039705484231, ""C23"": 0.02531513969555779, ""C24"": 0.02595039705484231, ""C25"": 0.02595039705484231}"
94,94,1,235,2.029894,25,"{""C01"": 1.503071, ""C02"": 1.449838, ""C03"": 1.536555, ""C04"": 1.524737, ""C05"": 1.564553, ""C06"": 2.919393, ""C07"": 3.042653, ""C08"": 2.915462, ""C09"": 3.07332, ""C10"": 3.065754, ""C11"": 2.995033, ""C12"": 3.012003, ""C13"": 3.063856, ""C14"": 3.185591, ""C15"": 3.148113, ""C16"": 3.128939, ""C17"": 3.109022, ""C18"": 3.082893, ""C19"": 3.04079, ""C20"": 3.052491, ""C21"": 6.890157, ""C22"": 6.916237, ""C23"": 7.179892, ""C24"": 7.166071, ""C25"": 7.256846}","{""C01"": 0, ""C02"": 0, ""C03"": 0, ""C04"": 0, ""C05"": 0, ""C06"": 0, ""C07"": 0, ""C08"": 0, ""C09"": 0, ""C10"": 0, ""C11"": 0, ""C12"": 0, ""C13"": 0, ""C14"": 0, ""C15"": 0, ""C16"": 0, ""C17"": 0, ""C18"": 0, ""C19"": 0, ""C20"": 0, ""C21"": 0, ""C22"": 0, ""C23"": 336, ""C24"": 293, ""C25"": 471}","{""C01"": 0.025954765020814147, ""C02"": 0.025954765020814147, ""C03"": 0.025954765020814147, ""C04"": 0.025954765020814147, ""C05"": 0.025954765020814147, ""C06"": 0.025954765020814147, ""C07"": 0.025954765020814147, ""C08"": 0.025954765020814147, ""C09"": 0.025954765020814147, ""C10"": 0.025954765020814147, ""C11"": 0.025954765020814147, ""C12"": 0.025954765020814147, ""C13"": 0.025954765020814147, ""C14"": 0.025954765020814147, ""C15"": 0.025954765020814147, ""C16"": 0.025954765020814147, ""C17"": 0.025954765020814147, ""C18"": 0.025954765020814147, ""C19"": 0.025954765020814147, ""C20"": 0.025954765020814147, ""C21"": 0.025954765020814147, ""C22"": 0.025954765020814147, ""C23"": 0.02576018295625567, ""C24"": 0.025785083394617412, ""C25"": 0.025682038899364008}"
95,95,1,281,2.444875,25,"{""C01"": 1.503071, ""C02"": 1.449838, ""C03"": 1.536555, ""C04"": 1.524737, ""C05"": 1.564553, ""C06"": 3.116415, ""C07"": 3.042653, ""C08"": 2.915462, ""C09"": 3.07332, ""C10"": 3.065754, ""C11"": 2.995033, ""C12"": 3.012003, ""C13"": 3.063856, ""C14"": 3.185591, ""C15"": 3.148113, ""C16"": 3.128939, ""C17"": 3.109022, ""C18"": 3.082893, ""C19"": 3.04079, ""C20"": 3.093601, ""C21"": 7.05304, ""C22"": 6.916237, ""C23"": 7.179892, ""C24"": 7.166071, ""C25"": 7.25876}","{""C01"": 0, ""C02"": 0, ""C03"": 0, ""C04"": 0, ""C05"": 0, ""C06"": 0, ""C07"": 0, ""C08"": 0, ""C09"": 0, ""C10"": 0, ""C11"": 0, ""C12"": 0, ""C13"": 0, ""C14"": 0, ""C15"": 0, ""C16"": 0, ""C17"": 0, ""C18"": 0, ""C19"": 0, ""C20"": 0, ""C21"": 0, ""C22"": 0, ""C23"": 327, ""C24"": 288, ""C25"": 485}","{""C01"": 0.025954932795385674, ""C02"": 0.025954932795385674, ""C03"": 0.025954932795385674, ""C04"": 0.025954932795385674, ""C05"": 0.025954932795385674, ""C06"": 0.025954932795385674, ""C07"": 0.025954932795385674, ""C08"": 0.025954932795385674, ""C09"": 0.025954932795385674, ""C10"": 0.025954932795385674, ""C11"": 0.025954932795385674, ""C12"": 0.025954932795385674, ""C13"": 0.025954932795385674, ""C14"": 0.025954932795385674, ""C15"": 0.025954932795385674, ""C16"": 0.025954932795385674, ""C17"": 0.025954932795385674, ""C18"": 0.025954932795385674, ""C19"": 0.025954932795385674, ""C20"": 0.025954932795385674, ""C21"": 0.025954932795385674, ""C22"": 0.025954932795385674, ""C23"": 0.02576556213570671, ""C24"": 0.025788146760079667, ""C25"": 0.02567409838044193}"
96,96,1,348,3.008869,25,"{""C01"": 1.531501, ""C02"": 1.562618, ""C03"": 1.536555, ""C04"": 1.524737, ""C05"": 1.564553, ""C06"": 3.116415, ""C07"": 3.042653, ""C08"": 3.025895, ""C09"": 3.149701, ""C10"": 3.065754, ""C11"": 2.995033, ""C12"": 3.012003, ""C13"": 3.130456, ""C14"": 3.185591, ""C15"": 3.148113, ""C16"": 3.128939, ""C17"": 3.109022, ""C18"": 3.082893, ""C19"": 3.04079, ""C20"": 3.093601, ""C21"": 7.091568, ""C22"": 6.916237, ""C23"": 7.179892, ""C24"": 7.193659, ""C25"": 7.25876}","{""C01"": 0, ""C02"": 0, ""C03"": 0, ""C04"": 0, ""C05"": 0, ""C06"": 0, ""C07"": 0, ""C08"": 0, ""C09"": 0, ""C10"": 0, ""C11"": 0, ""C12"": 0, ""C13"": 0, ""C14"": 0, ""C15"": 0, ""C16"": 0, ""C17"": 0, ""C18"": 0, ""C19"": 0, ""C20"": 0, ""C21"": 0, ""C22"": 0, ""C23"": 245, ""C24"": 319, ""C25"": 535}","{""C01"": 0.025955347809671694, ""C02"": 0.025955347809671694, ""C03"": 0.025955347809671694, ""C04"": 0.025955347809671694, ""C05"": 0.025955347809671694, ""C06"": 0.025955347809671694, ""C07"": 0.025955347809671694, ""C08"": 0.025955347809671694, ""C09"": 0.025955347809671694, ""C10"": 0.025955347809671694, ""C11"": 0.025955347809671694, ""C12"": 0.025955347809671694, ""C13"": 0.025955347809671694, ""C14"": 0.025955347809671694, ""C15"": 0.025955347809671694, ""C16"": 0.025955347809671694, ""C17"": 0.025955347809671694, ""C18"": 0.025955347809671694, ""C19"": 0.025955347809671694, ""C20"": 0.025955347809671694, ""C21"": 0.025955347809671694, ""C22"": 0.025955347809671694, ""C23"": 0.02581346428795926, ""C24"": 0.025770611421625098, ""C25"": 0.02564555250239203}"
97,97,1,549,4.680455,25,"{""C01"": 1.531501, ""C02"": 1.562618, ""C03"": 1.536555, ""C04"": 1.55694, ""C05"": 1.564553, ""C06"": 3.116415, ""C07"": 3.042653, ""C08"": 3.026985, ""C09"": 3.149701, ""C10"": 3.166384, ""C11"": 2.995033, ""C12"": 3.174591, ""C13"": 3.130456, ""C14"": 3.185591, ""C15"": 3.148113, ""C16"": 3.128939, ""C17"": 3.109022, ""C18"": 3.082893, ""C19"": 3.04079, ""C20"": 3.093601, ""C21"": 7.091568, ""C22"": 7.191463, ""C23"": 7.361474, ""C24"": 7.45565, ""C25"": 7.302183}","{""C01"": 0, ""C02"": 0, ""C03"": 0, ""C04"": 0, ""C05"": 0, ""C06"": 0, ""C07"": 0, ""C08"": 0, ""C09"": 0, ""C10"": 0, ""C11"": 0, ""C12"": 0, ""C13"": 0, ""C14"": 0, ""C15"": 0, ""C16"": 0, ""C17"": 0, ""C18"": 0, ""C19"": 0, ""C20"": 0, ""C21"": 0, ""C22"": 0, ""C23"": 298, ""C24"": 789, ""C25"": 0}","{""C01"": 0.025966427631215858, ""C02"": 0.025966427631215858, ""C03"": 0.025966427631215858, ""C04"": 0.025966427631215858, ""C05"": 0.025966427631215858, ""C06"": 0.025966427631215858, ""C07"": 0.025966427631215858, ""C08"": 0.025966427631215858, ""C09"": 0.025966427631215858, ""C10"": 0.025966427631215858, ""C11"": 0.025966427631215858, ""C12"": 0.025966427631215858, ""C13"": 0.025966427631215858, ""C14"": 0.025966427631215858, ""C15"": 0.025966427631215858, ""C16"": 0.025966427631215858, ""C17"": 0.025966427631215858, ""C18"": 0.025966427631215858, ""C19"": 0.025966427631215858, ""C20"": 0.025966427631215858, ""C21"": 0.025966427631215858, ""C22"": 0.025966427631215858, ""C23"": 0.025793850414128395, ""C24"": 0.025509542275824207, ""C25"": 0.025966427631215858}"
98,98,1,410,3.446674,25,"{""C01"": 1.531501, ""C02"": 1.562618, ""C03"": 1.536555, ""C04"": 1.55694, ""C05"": 1.564553, ""C06"": 3.128824, ""C07"": 3.212284, ""C08"": 3.026985, ""C09"": 3.149701, ""C10"": 3.166384, ""C11"": 2.995033, ""C12"": 3.174591, ""C13"": 3.130456, ""C14"": 3.276777, ""C15"": 3.148113, ""C16"": 3.128939, ""C17"": 3.186641, ""C18"": 3.082893, ""C19"": 3.04079, ""C20"": 3.112702, ""C21"": 7.214874, ""C22"": 7.191463, ""C23"": 7.500988, ""C24"": 7.534918, ""C25"": 7.347247}","{""C01"": 0, ""C02"": 0, ""C03"": 0, ""C04"": 0, ""C05"": 0, ""C06"": 0, ""C07"": 0, ""C08"": 0, ""C09"": 0, ""C10"": 0, ""C11"": 0, ""C12"": 0, ""C13"": 0, ""C14"": 0, ""C15"": 0, ""C16"": 0, ""C17"": 0, ""C18"": 0, ""C19"": 0, ""C20"": 0, ""C21"": 0, ""C22"": 0, ""C23"": 393, ""C24"": 689, ""C25"": 0}","{""C01"": 0.0259713766020475, ""C02"": 0.0259713766020475, ""C03"": 0.0259713766020475, ""C04"": 0.0259713766020475, ""C05"": 0.0259713766020475, ""C06"": 0.0259713766020475, ""C07"": 0.0259713766020475, ""C08"": 0.0259713766020475, ""C09"": 0.0259713766020475, ""C10"": 0.0259713766020475, ""C11"": 0.0259713766020475, ""C12"": 0.0259713766020475, ""C13"": 0.0259713766020475, ""C14"": 0.0259713766020475, ""C15"": 0.0259713766020475, ""C16"": 0.0259713766020475, ""C17"": 0.0259713766020475, ""C18"": 0.0259713766020475, ""C19"": 0.0259713766020475, ""C20"": 0.0259713766020475, ""C21"": 0.0259713766020475, ""C22"": 0.0259713766020475, ""C23"": 0.02574379684719257, ""C24"": 0.025572398176462976, ""C25"": 0.0259713766020475}"
99,99,1,413,3.547856,25,"{""C01"": 1.531501, ""C02"": 1.562618, ""C03"": 1.536555, ""C04"": 1.55694, ""C05"": 1.564553, ""C06"": 3.128824, ""C07"": 3.212284, ""C08"": 3.026985, ""C09"": 3.149701, ""C10"": 3.166384, ""C11"": 3.230693, ""C12"": 3.271144, ""C13"": 3.130456, ""C14"": 3.276777, ""C15"": 3.148113, ""C16"": 3.128939, ""C17"": 3.186641, ""C18"": 3.082893, ""C19"": 3.107958, ""C20"": 3.112702, ""C21"": 7.214874, ""C22"": 7.245036, ""C23"": 7.500988, ""C24"": 7.534918, ""C25"": 7.347247}","{""C01"": 0, ""C02"": 0, ""C03"": 0, ""C04"": 0, ""C05"": 0, ""C06"": 0, ""C07"": 0, ""C08"": 0, ""C09"": 0, ""C10"": 0, ""C11"": 0, ""C12"": 0, ""C13"": 0, ""C14"": 0, ""C15"": 0, ""C16"": 0, ""C17"": 0, ""C18"": 0, ""C19"": 0, ""C20"": 0, ""C21"": 0, ""C22"": 0, ""C23"": 407, ""C24"": 675, ""C25"": 0}","{""C01"": 0.025971339627830145, ""C02"": 0.025971339627830145, ""C03"": 0.025971339627830145, ""C04"": 0.025971339627830145, ""C05"": 0.025971339627830145, ""C06"": 0.025971339627830145, ""C07"": 0.025971339627830145, ""C08"": 0.025971339627830145, ""C09"": 0.025971339627830145, ""C10"": 0.025971339627830145, ""C11"": 0.025971339627830145, ""C12"": 0.025971339627830145, ""C13"": 0.025971339627830145, ""C14"": 0.025971339627830145, ""C15"": 0.025971339627830145, ""C16"": 0.025971339627830145, ""C17"": 0.025971339627830145, ""C18"": 0.025971339627830145, ""C19"": 0.025971339627830145, ""C20"": 0.025971339627830145, ""C21"": 0.025971339627830145, ""C22"": 0.025971339627830145, ""C23"": 0.025735652896690803, ""C24"": 0.025580469306081228, ""C25"": 0.025971339627830145}"
100,100,1,610,5.196087,25,"{""C01"": 1.531501, ""C02"": 1.562618, ""C03"": 1.536555, ""C04"": 1.587058, ""C05"": 1.564553, ""C06"": 3.128824, ""C07"": 3.212284, ""C08"": 3.052571, ""C09"": 3.149701, ""C10"": 3.166384, ""C11"": 3.230693, ""C12"": 3.271144, ""C13"": 3.130456, ""C14"": 3.302183, ""C15"": 3.318346, ""C16"": 3.128939, ""C17"": 3.186641, ""C18"": 3.082893, ""C19"": 3.107958, ""C20"": 3.112702, ""C21"": 7.285501, ""C22"": 7.416267, ""C23"": 7.500988, ""C24"": 7.534918, ""C25"": 7.424327}","{""C01"": 0, ""C02"": 0, ""C03"": 0, ""C04"": 0, ""C05"": 0, ""C06"": 0, ""C07"": 0, ""C08"": 0, ""C09"": 0, ""C10"": 0, ""C11"": 0, ""C12"": 0, ""C13"": 0, ""C14"": 0, ""C15"": 0, ""C16"": 0, ""C17"": 0, ""C18"": 0, ""C19"": 0, ""C20"": 0, ""C21"": 0, ""C22"": 0, ""C23"": 317, ""C24"": 764, ""C25"": 0}","{""C01"": 0.025970990665886845, ""C02"": 0.025970990665886845, ""C03"": 0.025970990665886845, ""C04"": 0.025970990665886845, ""C05"": 0.025970990665886845, ""C06"": 0.025970990665886845, ""C07"": 0.025970990665886845, ""C08"": 0.025970990665886845, ""C09"": 0.025970990665886845, ""C10"": 0.025970990665886845, ""C11"": 0.025970990665886845, ""C12"": 0.025970990665886845, ""C13"": 0.025970990665886845, ""C14"": 0.025970990665886845, ""C15"": 0.025970990665886845, ""C16"": 0.025970990665886845, ""C17"": 0.025970990665886845, ""C18"": 0.025970990665886845, ""C19"": 0.025970990665886845, ""C20"": 0.025970990665886845, ""C21"": 0.025970990665886845, ""C22"": 0.025970990665886845, ""C23"": 0.025787427395811423, ""C24"": 0.02552858306842696, ""C25"": 0.025970990665886845}"
