game_id,iter_idx,converged,rounds,duration_sec,player_count,quality_scores_json,final_datasizes_json,final_payoffs_json
1,1,1,366,3.217458,20,"{""C01"": 1.012744, ""C02"": 1.03733, ""C03"": 1.050196, ""C04"": 1.054695, ""C05"": 1.05812, ""C06"": 1.014662, ""C07"": 1.052604, ""C08"": 1.356879, ""C09"": 1.258979, ""C10"": 1.295989, ""C11"": 1.339909, ""C12"": 1.379489, ""C13"": 1.40552, ""C14"": 1.262745, ""C15"": 1.342277, ""C16"": 1.977327, ""C17"": 1.889209, ""C18"": 1.87951, ""C19"": 1.882197, ""C20"": 1.883782}","{""C01"": 0, ""C02"": 0, ""C03"": 0, ""C04"": 0, ""C05"": 0, ""C06"": 0, ""C07"": 0, ""C08"": 0, ""C09"": 0, ""C10"": 0, ""C11"": 0, ""C12"": 0, ""C13"": 0, ""C14"": 0, ""C15"": 0, ""C16"": 1658, ""C17"": 0, ""C18"": 0, ""C19"": 0, ""C20"": 0}","{""C01"": 0.025252955330959503, ""C02"": 0.025252955330959503, ""C03"": 0.025252955330959503, ""C04"": 0.025252955330959503, ""C05"": 0.025252955330959503, ""C06"": 0.025252955330959503, ""C07"": 0.025252955330959503, ""C08"": 0.025252955330959503, ""C09"": 0.025252955330959503, ""C10"": 0.025252955330959503, ""C11"": 0.025252955330959503, ""C12"": 0.025252955330959503, ""C13"": 0.025252955330959503, ""C14"": 0.025252955330959503, ""C15"": 0.025252955330959503, ""C16"": 0.024292800792684973, ""C17"": 0.025252955330959503, ""C18"": 0.025252955330959503, ""C19"": 0.025252955330959503, ""C20"": 0.025252955330959503}"
2,2,1,366,2.185605,20,"{""C01"": 1.027263, ""C02"": 1.047619, ""C03"": 1.05685, ""C04"": 1.060018, ""C05"": 1.065042, ""C06"": 1.029872, ""C07"": 1.058986, ""C08"": 1.374939, ""C09"": 1.28289, ""C10"": 1.323561, ""C11"": 1.367231, ""C12"": 1.402767, ""C13"": 1.422862, ""C14"": 1.287222, ""C15"": 1.369187, ""C16"": 2.001769, ""C17"": 1.911379, ""C18"": 1.904678, ""C19"": 1.914224, ""C20"": 1.909438}","{""C01"": 0, ""C02"": 0, ""C03"": 0, ""C04"": 0, ""C05"": 0, ""C06"": 0, ""C07"": 0, ""C08"": 0, ""C09"": 0, ""C10"": 0, ""C11"": 0, ""C12"": 0, ""C13"": 0, ""C14"": 0, ""C15"": 0, ""C16"": 1652, ""C17"": 0, ""C18"": 0, ""C19"": 0, ""C20"": 0}","{""C01"": 0.025261324204317023, ""C02"": 0.025261324204317023, ""C03"": 0.025261324204317023, ""C04"": 0.025261324204317023, ""C05"": 0.025261324204317023, ""C06"": 0.025261324204317023, ""C07"": 0.025261324204317023, ""C08"": 0.025261324204317023, ""C09"": 0.025261324204317023, ""C10"": 0.025261324204317023, ""C11"": 0.025261324204317023, ""C12"": 0.025261324204317023, ""C13"": 0.025261324204317023, ""C14"": 0.025261324204317023, ""C15"": 0.025261324204317023, ""C16"": 0.024304642495266378, ""C17"": 0.025261324204317023, ""C18"": 0.025261324204317023, ""C19"": 0.025261324204317023, ""C20"": 0.025261324204317023}"
3,3,1,403,3.897118,20,"{""C01"": 1.039537, ""C02"": 1.055641, ""C03"": 1.061906, ""C04"": 1.06479, ""C05"": 1.072344, ""C06"": 1.042788, ""C07"": 1.063605, ""C08"": 1.393848, ""C09"": 1.307155, ""C10"": 1.350201, ""C11"": 1.392149, ""C12"": 1.422676, ""C13"": 1.43683, ""C14"": 1.311971, ""C15"": 1.393549, ""C16"": 2.022509, ""C17"": 1.931735, ""C18"": 1.929692, ""C19"": 1.946747, ""C20"": 1.934856}","{""C01"": 0, ""C02"": 0, ""C03"": 0, ""C04"": 0, ""C05"": 0, ""C06"": 0, ""C07"": 0, ""C08"": 0, ""C09"": 0, ""C10"": 0, ""C11"": 0, ""C12"": 0, ""C13"": 0, ""C14"": 0, ""C15"": 0, ""C16"": 1646, ""C17"": 0, ""C18"": 0, ""C19"": 0, ""C20"": 0}","{""C01"": 0.025267746378419165, ""C02"": 0.025267746378419165, ""C03"": 0.025267746378419165, ""C04"": 0.025267746378419165, ""C05"": 0.025267746378419165, ""C06"": 0.025267746378419165, ""C07"": 0.025267746378419165, ""C08"": 0.025267746378419165, ""C09"": 0.025267746378419165, ""C10"": 0.025267746378419165, ""C11"": 0.025267746378419165, ""C12"": 0.025267746378419165, ""C13"": 0.025267746378419165, ""C14"": 0.025267746378419165, ""C15"": 0.025267746378419165, ""C16"": 0.02431454233983186, ""C17"": 0.025267746378419165, ""C18"": 0.025267746378419165, ""C19"": 0.025267746378419165, ""C20"": 0.025267746378419165}"
4,4,1,496,3.175195,20,"{""C01"": 1.049526, ""C02"": 1.061621, ""C03"": 1.065774, ""C04"": 1.069438, ""C05"": 1.080296, ""C06"": 1.053344, ""C07"": 1.066894, ""C08"": 1.413636, ""C09"": 1.331471, ""C10"": 1.375461, ""C11"": 1.414322, ""C12"": 1.439184, ""C13"": 1.447761, ""C14"": 1.336675, ""C15"": 1.415047, ""C16"": 2.040347, ""C17"": 1.951104, ""C18"": 1.95509, ""C19"": 1.979836, ""C20"": 1.960564}","{""C01"": 0, ""C02"": 0, ""C03"": 0, ""C04"": 0, ""C05"": 0, ""C06"": 0, ""C07"": 0, ""C08"": 0, ""C09"": 0, ""C10"": 0, ""C11"": 0, ""C12"": 0, ""C13"": 0, ""C14"": 0, ""C15"": 0, ""C16"": 1642, ""C17"": 0, ""C18"": 0, ""C19"": 0, ""C20"": 0}","{""C01"": 0.025273841232925212, ""C02"": 0.025273841232925212, ""C03"": 0.025273841232925212, ""C04"": 0.025273841232925212, ""C05"": 0.025273841232925212, ""C06"": 0.025273841232925212, ""C07"": 0.025273841232925212, ""C08"": 0.025273841232925212, ""C09"": 0.025273841232925212, ""C10"": 0.025273841232925212, ""C11"": 0.025273841232925212, ""C12"": 0.025273841232925212, ""C13"": 0.025273841232925212, ""C14"": 0.025273841232925212, ""C15"": 0.025273841232925212, ""C16"": 0.02432295110853663, ""C17"": 0.025273841232925212, ""C18"": 0.025273841232925212, ""C19"": 0.025273841232925212, ""C20"": 0.025273841232925212}"
5,5,1,787,5.549265,20,"{""C01"": 1.057283, ""C02"": 1.06586, ""C03"": 1.068886, ""C04"": 1.074346, ""C05"": 1.089077, ""C06"": 1.061574, ""C07"": 1.069316, ""C08"": 1.434196, ""C09"": 1.355451, ""C10"": 1.398891, ""C11"": 1.433494, ""C12"": 1.452389, ""C13"": 1.456098, ""C14"": 1.360937, ""C15"": 1.433455, ""C16"": 2.056121, ""C17"": 1.970226, ""C18"": 1.981237, ""C19"": 2.01338, ""C20"": 1.98692}","{""C01"": 0, ""C02"": 0, ""C03"": 0, ""C04"": 0, ""C05"": 0, ""C06"": 0, ""C07"": 0, ""C08"": 0, ""C09"": 0, ""C10"": 0, ""C11"": 0, ""C12"": 0, ""C13"": 0, ""C14"": 0, ""C15"": 0, ""C16"": 1638, ""C17"": 0, ""C18"": 0, ""C19"": 0, ""C20"": 0}","{""C01"": 0.025278880242478707, ""C02"": 0.025278880242478707, ""C03"": 0.025278880242478707, ""C04"": 0.025278880242478707, ""C05"": 0.025278880242478707, ""C06"": 0.025278880242478707, ""C07"": 0.025278880242478707, ""C08"": 0.025278880242478707, ""C09"": 0.025278880242478707, ""C10"": 0.025278880242478707, ""C11"": 0.025278880242478707, ""C12"": 0.025278880242478707, ""C13"": 0.025278880242478707, ""C14"": 0.025278880242478707, ""C15"": 0.025278880242478707, ""C16"": 0.024330306667269458, ""C17"": 0.025278880242478707, ""C18"": 0.025278880242478707, ""C19"": 0.025278880242478707, ""C20"": 0.025278880242478707}"
6,6,1,915,6.761023,20,"{""C01"": 1.062953, ""C02"": 1.068722, ""C03"": 1.071678, ""C04"": 1.079837, ""C05"": 1.098768, ""C06"": 1.067606, ""C07"": 1.071342, ""C08"": 1.455294, ""C09"": 1.378648, ""C10"": 1.420082, ""C11"": 1.449517, ""C12"": 1.462515, ""C13"": 1.462369, ""C14"": 1.3843, ""C15"": 1.448659, ""C16"": 2.070663, ""C17"": 1.989727, ""C18"": 2.008321, ""C19"": 2.047106, ""C20"": 2.014109}","{""C01"": 0, ""C02"": 0, ""C03"": 0, ""C04"": 0, ""C05"": 0, ""C06"": 0, ""C07"": 0, ""C08"": 0, ""C09"": 0, ""C10"": 0, ""C11"": 0, ""C12"": 0, ""C13"": 0, ""C14"": 0, ""C15"": 0, ""C16"": 1634, ""C17"": 0, ""C18"": 0, ""C19"": 0, ""C20"": 0}","{""C01"": 0.02528327765248234, ""C02"": 0.02528327765248234, ""C03"": 0.02528327765248234, ""C04"": 0.02528327765248234, ""C05"": 0.02528327765248234, ""C06"": 0.02528327765248234, ""C07"": 0.02528327765248234, ""C08"": 0.02528327765248234, ""C09"": 0.02528327765248234, ""C10"": 0.02528327765248234, ""C11"": 0.02528327765248234, ""C12"": 0.02528327765248234, ""C13"": 0.02528327765248234, ""C14"": 0.02528327765248234, ""C15"": 0.02528327765248234, ""C16"": 0.024337022239478468, ""C17"": 0.02528327765248234, ""C18"": 0.02528327765248234, ""C19"": 0.02528327765248234, ""C20"": 0.02528327765248234}"
7,7,1,369,3.566905,20,"{""C01"": 1.066769, ""C02"": 1.070614, ""C03"": 1.074559, ""C04"": 1.086153, ""C05"": 1.109351, ""C06"": 1.071659, ""C07"": 1.073422, ""C08"": 1.476594, ""C09"": 1.400593, ""C10"": 1.438689, ""C11"": 1.462371, ""C12"": 1.469906, ""C13"": 1.467158, ""C14"": 1.406292, ""C15"": 1.460675, ""C16"": 2.084755, ""C17"": 2.01008, ""C18"": 2.036345, ""C19"": 2.080604, ""C20"": 2.04213}","{""C01"": 0, ""C02"": 0, ""C03"": 0, ""C04"": 0, ""C05"": 0, ""C06"": 0, ""C07"": 0, ""C08"": 0, ""C09"": 0, ""C10"": 0, ""C11"": 0, ""C12"": 0, ""C13"": 0, ""C14"": 0, ""C15"": 0, ""C16"": 838, ""C17"": 0, ""C18"": 0, ""C19"": 794, ""C20"": 0}","{""C01"": 0.02528765236262702, ""C02"": 0.02528765236262702, ""C03"": 0.02528765236262702, ""C04"": 0.02528765236262702, ""C05"": 0.02528765236262702, ""C06"": 0.02528765236262702, ""C07"": 0.02528765236262702, ""C08"": 0.02528765236262702, ""C09"": 0.02528765236262702, ""C10"": 0.02528765236262702, ""C11"": 0.02528765236262702, ""C12"": 0.02528765236262702, ""C13"": 0.02528765236262702, ""C14"": 0.02528765236262702, ""C15"": 0.02528765236262702, ""C16"": 0.024802375431444836, ""C17"": 0.02528765236262702, ""C18"": 0.02528765236262702, ""C19"": 0.024827846814440592, ""C20"": 0.02528765236262702}"
8,8,1,499,3.787087,20,"{""C01"": 1.069035, ""C02"": 1.071962, ""C03"": 1.077894, ""C04"": 1.093447, ""C05"": 1.120712, ""C06"": 1.07403, ""C07"": 1.075963, ""C08"": 1.497676, ""C09"": 1.42083, ""C10"": 1.454462, ""C11"": 1.472161, ""C12"": 1.475009, ""C13"": 1.471073, ""C14"": 1.426455, ""C15"": 1.469644, ""C16"": 2.099094, ""C17"": 2.031592, ""C18"": 2.065138, ""C19"": 2.113362, ""C20"": 2.070812}","{""C01"": 0, ""C02"": 0, ""C03"": 0, ""C04"": 0, ""C05"": 0, ""C06"": 0, ""C07"": 0, ""C08"": 0, ""C09"": 0, ""C10"": 0, ""C11"": 0, ""C12"": 0, ""C13"": 0, ""C14"": 0, ""C15"": 0, ""C16"": 667, ""C17"": 0, ""C18"": 0, ""C19"": 961, ""C20"": 0}","{""C01"": 0.02529656089469705, ""C02"": 0.02529656089469705, ""C03"": 0.02529656089469705, ""C04"": 0.02529656089469705, ""C05"": 0.02529656089469705, ""C06"": 0.02529656089469705, ""C07"": 0.02529656089469705, ""C08"": 0.02529656089469705, ""C09"": 0.02529656089469705, ""C10"": 0.02529656089469705, ""C11"": 0.02529656089469705, ""C12"": 0.02529656089469705, ""C13"": 0.02529656089469705, ""C14"": 0.02529656089469705, ""C15"": 0.02529656089469705, ""C16"": 0.024910290129887498, ""C17"": 0.02529656089469705, ""C18"": 0.02529656089469705, ""C19"": 0.024740052076572556, ""C20"": 0.02529656089469705}"
9,9,1,906,6.529817,20,"{""C01"": 1.070119, ""C02"": 1.073188, ""C03"": 1.081982, ""C04"": 1.101769, ""C05"": 1.132651, ""C06"": 1.075082, ""C07"": 1.079306, ""C08"": 1.518075, ""C09"": 1.438943, ""C10"": 1.467263, ""C11"": 1.479123, ""C12"": 1.47835, ""C13"": 1.474714, ""C14"": 1.444375, ""C15"": 1.475838, ""C16"": 2.114251, ""C17"": 2.054387, ""C18"": 2.094373, ""C19"": 2.144807, ""C20"": 2.099832}","{""C01"": 0, ""C02"": 0, ""C03"": 0, ""C04"": 0, ""C05"": 0, ""C06"": 0, ""C07"": 0, ""C08"": 0, ""C09"": 0, ""C10"": 0, ""C11"": 0, ""C12"": 0, ""C13"": 0, ""C14"": 0, ""C15"": 0, ""C16"": 0, ""C17"": 0, ""C18"": 0, ""C19"": 1616, ""C20"": 0}","{""C01"": 0.02530615533634617, ""C02"": 0.02530615533634617, ""C03"": 0.02530615533634617, ""C04"": 0.02530615533634617, ""C05"": 0.02530615533634617, ""C06"": 0.02530615533634617, ""C07"": 0.02530615533634617, ""C08"": 0.02530615533634617, ""C09"": 0.02530615533634617, ""C10"": 0.02530615533634617, ""C11"": 0.02530615533634617, ""C12"": 0.02530615533634617, ""C13"": 0.02530615533634617, ""C14"": 0.02530615533634617, ""C15"": 0.02530615533634617, ""C16"": 0.02530615533634617, ""C17"": 0.02530615533634617, ""C18"": 0.02530615533634617, ""C19"": 0.02437032385406926, ""C20"": 0.02530615533634617}"
10,10,1,791,5.451810,20,"{""C01"": 1.070423, ""C02"": 1.074688, ""C03"": 1.08704, ""C04"": 1.111076, ""C05"": 1.144897, ""C06"": 1.075219, ""C07"": 1.083708, ""C08"": 1.537307, ""C09"": 1.454592, ""C10"": 1.477084, ""C11"": 1.48361, ""C12"": 1.480507, ""C13"": 1.478642, ""C14"": 1.459717, ""C15"": 1.479645, ""C16"": 2.130644, ""C17"": 2.078411, ""C18"": 2.123593, ""C19"": 2.174346, ""C20"": 2.128736}","{""C01"": 0, ""C02"": 0, ""C03"": 0, ""C04"": 0, ""C05"": 0, ""C06"": 0, ""C07"": 0, ""C08"": 0, ""C09"": 0, ""C10"": 0, ""C11"": 0, ""C12"": 0, ""C13"": 0, ""C14"": 0, ""C15"": 0, ""C16"": 0, ""C17"": 0, ""C18"": 0, ""C19"": 1609, ""C20"": 0}","{""C01"": 0.025314949827366345, ""C02"": 0.025314949827366345, ""C03"": 0.025314949827366345, ""C04"": 0.025314949827366345, ""C05"": 0.025314949827366345, ""C06"": 0.025314949827366345, ""C07"": 0.025314949827366345, ""C08"": 0.025314949827366345, ""C09"": 0.025314949827366345, ""C10"": 0.025314949827366345, ""C11"": 0.025314949827366345, ""C12"": 0.025314949827366345, ""C13"": 0.025314949827366345, ""C14"": 0.025314949827366345, ""C15"": 0.025314949827366345, ""C16"": 0.025314949827366345, ""C17"": 0.025314949827366345, ""C18"": 0.025314949827366345, ""C19"": 0.024383172339944883, ""C20"": 0.025314949827366345}"
11,11,1,788,4.827360,20,"{""C01"": 1.070369, ""C02"": 1.076807, ""C03"": 1.093193, ""C04"": 1.121226, ""C05"": 1.157128, ""C06"": 1.074868, ""C07"": 1.089327, ""C08"": 1.554909, ""C09"": 1.467536, ""C10"": 1.484044, ""C11"": 1.486074, ""C12"": 1.482079, ""C13"": 1.483343, ""C14"": 1.47225, ""C15"": 1.481546, ""C16"": 2.148523, ""C17"": 2.103438, ""C18"": 2.15225, ""C19"": 2.20141, ""C20"": 2.156985}","{""C01"": 0, ""C02"": 0, ""C03"": 0, ""C04"": 0, ""C05"": 0, ""C06"": 0, ""C07"": 0, ""C08"": 0, ""C09"": 0, ""C10"": 0, ""C11"": 0, ""C12"": 0, ""C13"": 0, ""C14"": 0, ""C15"": 0, ""C16"": 0, ""C17"": 0, ""C18"": 0, ""C19"": 1603, ""C20"": 0}","{""C01"": 0.025323048545791857, ""C02"": 0.025323048545791857, ""C03"": 0.025323048545791857, ""C04"": 0.025323048545791857, ""C05"": 0.025323048545791857, ""C06"": 0.025323048545791857, ""C07"": 0.025323048545791857, ""C08"": 0.025323048545791857, ""C09"": 0.025323048545791857, ""C10"": 0.025323048545791857, ""C11"": 0.025323048545791857, ""C12"": 0.025323048545791857, ""C13"": 0.025323048545791857, ""C14"": 0.025323048545791857, ""C15"": 0.025323048545791857, ""C16"": 0.025323048545791857, ""C17"": 0.025323048545791857, ""C18"": 0.025323048545791857, ""C19"": 0.024394744463348602, ""C20"": 0.025323048545791857}"
12,12,1,807,4.831601,20,"{""C01"": 1.070367, ""C02"": 1.079823, ""C03"": 1.100468, ""C04"": 1.131998, ""C05"": 1.168991, ""C06"": 1.074451, ""C07"": 1.09622, ""C08"": 1.570467, ""C09"": 1.477651, ""C10"": 1.488392, ""C11"": 1.487044, ""C12"": 1.483647, ""C13"": 1.489206, ""C14"": 1.481862, ""C15"": 1.482094, ""C16"": 2.167956, ""C17"": 2.129092, ""C18"": 2.179744, ""C19"": 2.225496, ""C20"": 2.183986}","{""C01"": 0, ""C02"": 0, ""C03"": 0, ""C04"": 0, ""C05"": 0, ""C06"": 0, ""C07"": 0, ""C08"": 0, ""C09"": 0, ""C10"": 0, ""C11"": 0, ""C12"": 0, ""C13"": 0, ""C14"": 0, ""C15"": 0, ""C16"": 0, ""C17"": 0, ""C18"": 0, ""C19"": 1597, ""C20"": 0}","{""C01"": 0.02532971382987427, ""C02"": 0.02532971382987427, ""C03"": 0.02532971382987427, ""C04"": 0.02532971382987427, ""C05"": 0.02532971382987427, ""C06"": 0.02532971382987427, ""C07"": 0.02532971382987427, ""C08"": 0.02532971382987427, ""C09"": 0.02532971382987427, ""C10"": 0.02532971382987427, ""C11"": 0.02532971382987427, ""C12"": 0.02532971382987427, ""C13"": 0.02532971382987427, ""C14"": 0.02532971382987427, ""C15"": 0.02532971382987427, ""C16"": 0.02532971382987427, ""C17"": 0.02532971382987427, ""C18"": 0.02532971382987427, ""C19"": 0.024404886835771043, ""C20"": 0.02532971382987427}"
13,13,1,1021,5.962495,20,"{""C01"": 1.070799, ""C02"": 1.083927, ""C03"": 1.108791, ""C04"": 1.143102, ""C05"": 1.18013, ""C06"": 1.074363, ""C07"": 1.104331, ""C08"": 1.583647, ""C09"": 1.484942, ""C10"": 1.490492, ""C11"": 1.487093, ""C12"": 1.48575, ""C13"": 1.496501, ""C14"": 1.488571, ""C15"": 1.481882, ""C16"": 2.188836, ""C17"": 2.154878, ""C18"": 2.205464, ""C19"": 2.246208, ""C20"": 2.209141}","{""C01"": 0, ""C02"": 0, ""C03"": 0, ""C04"": 0, ""C05"": 0, ""C06"": 0, ""C07"": 0, ""C08"": 0, ""C09"": 0, ""C10"": 0, ""C11"": 0, ""C12"": 0, ""C13"": 0, ""C14"": 0, ""C15"": 0, ""C16"": 0, ""C17"": 0, ""C18"": 0, ""C19"": 1593, ""C20"": 0}","{""C01"": 0.02533600763529935, ""C02"": 0.02533600763529935, ""C03"": 0.02533600763529935, ""C04"": 0.02533600763529935, ""C05"": 0.02533600763529935, ""C06"": 0.02533600763529935, ""C07"": 0.02533600763529935, ""C08"": 0.02533600763529935, ""C09"": 0.02533600763529935, ""C10"": 0.02533600763529935, ""C11"": 0.02533600763529935, ""C12"": 0.02533600763529935, ""C13"": 0.02533600763529935, ""C14"": 0.02533600763529935, ""C15"": 0.02533600763529935, ""C16"": 0.02533600763529935, ""C17"": 0.02533600763529935, ""C18"": 0.02533600763529935, ""C19"": 0.02441349391667681, ""C20"": 0.02533600763529935}"
14,14,1,1124,6.726499,20,"{""C01"": 1.071992, ""C02"": 1.08922, ""C03"": 1.118, ""C04"": 1.154202, ""C05"": 1.190206, ""C06"": 1.074952, ""C07"": 1.113511, ""C08"": 1.594222, ""C09"": 1.489547, ""C10"": 1.490805, ""C11"": 1.486809, ""C12"": 1.488847, ""C13"": 1.505365, ""C14"": 1.492533, ""C15"": 1.481509, ""C16"": 2.210887, ""C17"": 2.180216, ""C18"": 2.228833, ""C19"": 2.26328, ""C20"": 2.231884}","{""C01"": 0, ""C02"": 0, ""C03"": 0, ""C04"": 0, ""C05"": 0, ""C06"": 0, ""C07"": 0, ""C08"": 0, ""C09"": 0, ""C10"": 0, ""C11"": 0, ""C12"": 0, ""C13"": 0, ""C14"": 0, ""C15"": 0, ""C16"": 0, ""C17"": 0, ""C18"": 0, ""C19"": 1589, ""C20"": 0}","{""C01"": 0.02534070646879219, ""C02"": 0.02534070646879219, ""C03"": 0.02534070646879219, ""C04"": 0.02534070646879219, ""C05"": 0.02534070646879219, ""C06"": 0.02534070646879219, ""C07"": 0.02534070646879219, ""C08"": 0.02534070646879219, ""C09"": 0.02534070646879219, ""C10"": 0.02534070646879219, ""C11"": 0.02534070646879219, ""C12"": 0.02534070646879219, ""C13"": 0.02534070646879219, ""C14"": 0.02534070646879219, ""C15"": 0.02534070646879219, ""C16"": 0.02534070646879219, ""C17"": 0.02534070646879219, ""C18"": 0.02534070646879219, ""C19"": 0.02442051014574115, ""C20"": 0.02534070646879219}"
15,15,1,1139,6.644784,20,"{""C01"": 1.074202, ""C02"": 1.095702, ""C03"": 1.127853, ""C04"": 1.164938, ""C05"": 1.198924, ""C06"": 1.076494, ""C07"": 1.123518, ""C08"": 1.602083, ""C09"": 1.491729, ""C10"": 1.489859, ""C11"": 1.48676, ""C12"": 1.493294, ""C13"": 1.515796, ""C14"": 1.494029, ""C15"": 1.481547, ""C16"": 2.23369, ""C17"": 2.204483, ""C18"": 2.249353, ""C19"": 2.276604, ""C20"": 2.251733}","{""C01"": 0, ""C02"": 0, ""C03"": 0, ""C04"": 0, ""C05"": 0, ""C06"": 0, ""C07"": 0, ""C08"": 0, ""C09"": 0, ""C10"": 0, ""C11"": 0, ""C12"": 0, ""C13"": 0, ""C14"": 0, ""C15"": 0, ""C16"": 0, ""C17"": 0, ""C18"": 0, ""C19"": 1586, ""C20"": 0}","{""C01"": 0.02534439655154172, ""C02"": 0.02534439655154172, ""C03"": 0.02534439655154172, ""C04"": 0.02534439655154172, ""C05"": 0.02534439655154172, ""C06"": 0.02534439655154172, ""C07"": 0.02534439655154172, ""C08"": 0.02534439655154172, ""C09"": 0.02534439655154172, ""C10"": 0.02534439655154172, ""C11"": 0.02534439655154172, ""C12"": 0.02534439655154172, ""C13"": 0.02534439655154172, ""C14"": 0.02534439655154172, ""C15"": 0.02534439655154172, ""C16"": 0.02534439655154172, ""C17"": 0.02534439655154172, ""C18"": 0.02534439655154172, ""C19"": 0.024425937844711372, ""C20"": 0.02534439655154172}"
16,16,1,596,3.438156,20,"{""C01"": 1.077599, ""C02"": 1.103278, ""C03"": 1.138043, ""C04"": 1.17495, ""C05"": 1.206047, ""C06"": 1.079184, ""C07"": 1.134038, ""C08"": 1.607254, ""C09"": 1.491864, ""C10"": 1.488227, ""C11"": 1.487459, ""C12"": 1.499328, ""C13"": 1.527659, ""C14"": 1.493455, ""C15"": 1.482504, ""C16"": 2.256716, ""C17"": 2.227058, ""C18"": 2.266635, ""C19"": 2.286239, ""C20"": 2.268312}","{""C01"": 0, ""C02"": 0, ""C03"": 0, ""C04"": 0, ""C05"": 0, ""C06"": 0, ""C07"": 0, ""C08"": 0, ""C09"": 0, ""C10"": 0, ""C11"": 0, ""C12"": 0, ""C13"": 0, ""C14"": 0, ""C15"": 0, ""C16"": 0, ""C17"": 0, ""C18"": 313, ""C19"": 869, ""C20"": 407}","{""C01"": 0.02534662648947482, ""C02"": 0.02534662648947482, ""C03"": 0.02534662648947482, ""C04"": 0.02534662648947482, ""C05"": 0.02534662648947482, ""C06"": 0.02534662648947482, ""C07"": 0.02534662648947482, ""C08"": 0.02534662648947482, ""C09"": 0.02534662648947482, ""C10"": 0.02534662648947482, ""C11"": 0.02534662648947482, ""C12"": 0.02534662648947482, ""C13"": 0.02534662648947482, ""C14"": 0.02534662648947482, ""C15"": 0.02534662648947482, ""C16"": 0.02534662648947482, ""C17"": 0.02534662648947482, ""C18"": 0.02516536249971517, ""C19"": 0.024843399172680435, ""C20"": 0.025110925888819108}"
17,17,1,324,1.871171,20,"{""C01"": 1.082256, ""C02"": 1.111761, ""C03"": 1.148223, ""C04"": 1.1839, ""C05"": 1.211419, ""C06"": 1.08312, ""C07"": 1.144706, ""C08"": 1.609889, ""C09"": 1.49042, ""C10"": 1.486485, ""C11"": 1.489341, ""C12"": 1.50705, ""C13"": 1.540691, ""C14"": 1.491299, ""C15"": 1.484805, ""C16"": 2.279359, ""C17"": 2.247364, ""C18"": 2.28043, ""C19"": 2.292412, ""C20"": 2.28139}","{""C01"": 0, ""C02"": 0, ""C03"": 0, ""C04"": 0, ""C05"": 0, ""C06"": 0, ""C07"": 0, ""C08"": 0, ""C09"": 0, ""C10"": 0, ""C11"": 0, ""C12"": 0, ""C13"": 0, ""C14"": 0, ""C15"": 0, ""C16"": 324, ""C17"": 0, ""C18"": 327, ""C19"": 609, ""C20"": 327}","{""C01"": 0.02534838924206942, ""C02"": 0.02534838924206942, ""C03"": 0.02534838924206942, ""C04"": 0.02534838924206942, ""C05"": 0.02534838924206942, ""C06"": 0.02534838924206942, ""C07"": 0.02534838924206942, ""C08"": 0.02534838924206942, ""C09"": 0.02534838924206942, ""C10"": 0.02534838924206942, ""C11"": 0.02534838924206942, ""C12"": 0.02534838924206942, ""C13"": 0.02534838924206942, ""C14"": 0.02534838924206942, ""C15"": 0.02534838924206942, ""C16"": 0.0251607584584368, ""C17"": 0.02534838924206942, ""C18"": 0.025159022297758727, ""C19"": 0.02499573217869099, ""C20"": 0.025159023273118728}"
18,18,1,340,1.995391,20,"{""C01"": 1.088152, ""C02"": 1.120892, ""C03"": 1.158027, ""C04"": 1.191499, ""C05"": 1.214972, ""C06"": 1.088308, ""C07"": 1.155131, ""C08"": 1.610268, ""C09"": 1.487931, ""C10"": 1.485187, ""C11"": 1.492731, ""C12"": 1.516423, ""C13"": 1.554526, ""C14"": 1.488116, ""C15"": 1.488756, ""C16"": 2.300981, ""C17"": 2.264907, ""C18"": 2.290649, ""C19"": 2.295507, ""C20"": 2.290892}","{""C01"": 0, ""C02"": 0, ""C03"": 0, ""C04"": 0, ""C05"": 0, ""C06"": 0, ""C07"": 0, ""C08"": 0, ""C09"": 0, ""C10"": 0, ""C11"": 0, ""C12"": 0, ""C13"": 0, ""C14"": 0, ""C15"": 0, ""C16"": 610, ""C17"": 0, ""C18"": 323, ""C19"": 328, ""C20"": 323}","{""C01"": 0.02535094769911389, ""C02"": 0.02535094769911389, ""C03"": 0.02535094769911389, ""C04"": 0.02535094769911389, ""C05"": 0.02535094769911389, ""C06"": 0.02535094769911389, ""C07"": 0.02535094769911389, ""C08"": 0.02535094769911389, ""C09"": 0.02535094769911389, ""C10"": 0.02535094769911389, ""C11"": 0.02535094769911389, ""C12"": 0.02535094769911389, ""C13"": 0.02535094769911389, ""C14"": 0.02535094769911389, ""C15"": 0.02535094769911389, ""C16"": 0.024997709855679263, ""C17"": 0.02535094769911389, ""C18"": 0.025163898211352335, ""C19"": 0.025161009628552913, ""C20"": 0.02516389845724252}"
19,19,1,1283,7.631957,20,"{""C01"": 1.095167, ""C02"": 1.130349, ""C03"": 1.167093, ""C04"": 1.197523, ""C05"": 1.216734, ""C06"": 1.094651, ""C07"": 1.164918, ""C08"": 1.608781, ""C09"": 1.484965, ""C10"": 1.484825, ""C11"": 1.497833, ""C12"": 1.527278, ""C13"": 1.568718, ""C14"": 1.484494, ""C15"": 1.494537, ""C16"": 2.320952, ""C17"": 2.279312, ""C18"": 2.297374, ""C19"": 2.29605, ""C20"": 2.296917}","{""C01"": 0, ""C02"": 0, ""C03"": 0, ""C04"": 0, ""C05"": 0, ""C06"": 0, ""C07"": 0, ""C08"": 0, ""C09"": 0, ""C10"": 0, ""C11"": 0, ""C12"": 0, ""C13"": 0, ""C14"": 0, ""C15"": 0, ""C16"": 1576, ""C17"": 0, ""C18"": 0, ""C19"": 0, ""C20"": 0}","{""C01"": 0.02535637260242142, ""C02"": 0.02535637260242142, ""C03"": 0.02535637260242142, ""C04"": 0.02535637260242142, ""C05"": 0.02535637260242142, ""C06"": 0.02535637260242142, ""C07"": 0.02535637260242142, ""C08"": 0.02535637260242142, ""C09"": 0.02535637260242142, ""C10"": 0.02535637260242142, ""C11"": 0.02535637260242142, ""C12"": 0.02535637260242142, ""C13"": 0.02535637260242142, ""C14"": 0.02535637260242142, ""C15"": 0.02535637260242142, ""C16"": 0.024443706794052746, ""C17"": 0.02535637260242142, ""C18"": 0.02535637260242142, ""C19"": 0.02535637260242142, ""C20"": 0.02535637260242142}"
20,20,1,1065,6.334090,20,"{""C01"": 1.103096, ""C02"": 1.139777, ""C03"": 1.175087, ""C04"": 1.201826, ""C05"": 1.216825, ""C06"": 1.101971, ""C07"": 1.173694, ""C08"": 1.605906, ""C09"": 1.482091, ""C10"": 1.485808, ""C11"": 1.504714, ""C12"": 1.539325, ""C13"": 1.582768, ""C14"": 1.481021, ""C15"": 1.502185, ""C16"": 2.338698, ""C17"": 2.29035, ""C18"": 2.300853, ""C19"": 2.294672, ""C20"": 2.299729}","{""C01"": 0, ""C02"": 0, ""C03"": 0, ""C04"": 0, ""C05"": 0, ""C06"": 0, ""C07"": 0, ""C08"": 0, ""C09"": 0, ""C10"": 0, ""C11"": 0, ""C12"": 0, ""C13"": 0, ""C14"": 0, ""C15"": 0, ""C16"": 1572, ""C17"": 0, ""C18"": 0, ""C19"": 0, ""C20"": 0}","{""C01"": 0.025361040735893695, ""C02"": 0.025361040735893695, ""C03"": 0.025361040735893695, ""C04"": 0.025361040735893695, ""C05"": 0.025361040735893695, ""C06"": 0.025361040735893695, ""C07"": 0.025361040735893695, ""C08"": 0.025361040735893695, ""C09"": 0.025361040735893695, ""C10"": 0.025361040735893695, ""C11"": 0.025361040735893695, ""C12"": 0.025361040735893695, ""C13"": 0.025361040735893695, ""C14"": 0.025361040735893695, ""C15"": 0.025361040735893695, ""C16"": 0.02445069240926684, ""C17"": 0.025361040735893695, ""C18"": 0.025361040735893695, ""C19"": 0.025361040735893695, ""C20"": 0.025361040735893695}"
21,21,1,684,4.026005,20,"{""C01"": 1.11166, ""C02"": 1.148803, ""C03"": 1.181728, ""C04"": 1.204358, ""C05"": 1.215455, ""C06"": 1.110009, ""C07"": 1.181139, ""C08"": 1.602178, ""C09"": 1.479845, ""C10"": 1.488431, ""C11"": 1.513304, ""C12"": 1.552172, ""C13"": 1.596161, ""C14"": 1.47825, ""C15"": 1.511595, ""C16"": 2.353737, ""C17"": 2.297957, ""C18"": 2.30149, ""C19"": 2.292081, ""C20"": 2.299747}","{""C01"": 0, ""C02"": 0, ""C03"": 0, ""C04"": 0, ""C05"": 0, ""C06"": 0, ""C07"": 0, ""C08"": 0, ""C09"": 0, ""C10"": 0, ""C11"": 0, ""C12"": 0, ""C13"": 0, ""C14"": 0, ""C15"": 0, ""C16"": 1569, ""C17"": 0, ""C18"": 0, ""C19"": 0, ""C20"": 0}","{""C01"": 0.025365170062555217, ""C02"": 0.025365170062555217, ""C03"": 0.025365170062555217, ""C04"": 0.025365170062555217, ""C05"": 0.025365170062555217, ""C06"": 0.025365170062555217, ""C07"": 0.025365170062555217, ""C08"": 0.025365170062555217, ""C09"": 0.025365170062555217, ""C10"": 0.025365170062555217, ""C11"": 0.025365170062555217, ""C12"": 0.025365170062555217, ""C13"": 0.025365170062555217, ""C14"": 0.025365170062555217, ""C15"": 0.025365170062555217, ""C16"": 0.024456558195301438, ""C17"": 0.025365170062555217, ""C18"": 0.025365170062555217, ""C19"": 0.025365170062555217, ""C20"": 0.025365170062555217}"
22,22,1,644,3.742443,20,"{""C01"": 1.120528, ""C02"": 1.157066, ""C03"": 1.186803, ""C04"": 1.20516, ""C05"": 1.212908, ""C06"": 1.118454, ""C07"": 1.186995, ""C08"": 1.598164, ""C09"": 1.478702, ""C10"": 1.492866, ""C11"": 1.523402, ""C12"": 1.565354, ""C13"": 1.608398, ""C14"": 1.476671, ""C15"": 1.522532, ""C16"": 2.365711, ""C17"": 2.302237, ""C18"": 2.299824, ""C19"": 2.289015, ""C20"": 2.297523}","{""C01"": 0, ""C02"": 0, ""C03"": 0, ""C04"": 0, ""C05"": 0, ""C06"": 0, ""C07"": 0, ""C08"": 0, ""C09"": 0, ""C10"": 0, ""C11"": 0, ""C12"": 0, ""C13"": 0, ""C14"": 0, ""C15"": 0, ""C16"": 1567, ""C17"": 0, ""C18"": 0, ""C19"": 0, ""C20"": 0}","{""C01"": 0.025368649548648384, ""C02"": 0.025368649548648384, ""C03"": 0.025368649548648384, ""C04"": 0.025368649548648384, ""C05"": 0.025368649548648384, ""C06"": 0.025368649548648384, ""C07"": 0.025368649548648384, ""C08"": 0.025368649548648384, ""C09"": 0.025368649548648384, ""C10"": 0.025368649548648384, ""C11"": 0.025368649548648384, ""C12"": 0.025368649548648384, ""C13"": 0.025368649548648384, ""C14"": 0.025368649548648384, ""C15"": 0.025368649548648384, ""C16"": 0.024461193402710472, ""C17"": 0.025368649548648384, ""C18"": 0.025368649548648384, ""C19"": 0.025368649548648384, ""C20"": 0.025368649548648384}"
23,23,1,500,2.943678,20,"{""C01"": 1.129334, ""C02"": 1.16424, ""C03"": 1.190183, ""C04"": 1.204368, ""C05"": 1.20953, ""C06"": 1.126955, ""C07"": 1.191094, ""C08"": 1.594423, ""C09"": 1.479041, ""C10"": 1.499147, ""C11"": 1.534692, ""C12"": 1.578363, ""C13"": 1.619029, ""C14"": 1.476676, ""C15"": 1.534641, ""C16"": 2.374414, ""C17"": 2.303461, ""C18"": 2.296497, ""C19"": 2.286203, ""C20"": 2.293712}","{""C01"": 0, ""C02"": 0, ""C03"": 0, ""C04"": 0, ""C05"": 0, ""C06"": 0, ""C07"": 0, ""C08"": 0, ""C09"": 0, ""C10"": 0, ""C11"": 0, ""C12"": 0, ""C13"": 0, ""C14"": 0, ""C15"": 0, ""C16"": 1565, ""C17"": 0, ""C18"": 0, ""C19"": 0, ""C20"": 0}","{""C01"": 0.02537084001843623, ""C02"": 0.02537084001843623, ""C03"": 0.02537084001843623, ""C04"": 0.02537084001843623, ""C05"": 0.02537084001843623, ""C06"": 0.02537084001843623, ""C07"": 0.02537084001843623, ""C08"": 0.02537084001843623, ""C09"": 0.02537084001843623, ""C10"": 0.02537084001843623, ""C11"": 0.02537084001843623, ""C12"": 0.02537084001843623, ""C13"": 0.02537084001843623, ""C14"": 0.02537084001843623, ""C15"": 0.02537084001843623, ""C16"": 0.024464542988389928, ""C17"": 0.02537084001843623, ""C18"": 0.02537084001843623, ""C19"": 0.02537084001843623, ""C20"": 0.02537084001843623}"
24,24,1,495,2.871641,20,"{""C01"": 1.137705, ""C02"": 1.170051, ""C03"": 1.191831, ""C04"": 1.202206, ""C05"": 1.205705, ""C06"": 1.135149, ""C07"": 1.19336, ""C08"": 1.591477, ""C09"": 1.481132, ""C10"": 1.507173, ""C11"": 1.546759, ""C12"": 1.590678, ""C13"": 1.627681, ""C14"": 1.478545, ""C15"": 1.547473, ""C16"": 2.379807, ""C17"": 2.302056, ""C18"": 2.292216, ""C19"": 2.284322, ""C20"": 2.289032}","{""C01"": 0, ""C02"": 0, ""C03"": 0, ""C04"": 0, ""C05"": 0, ""C06"": 0, ""C07"": 0, ""C08"": 0, ""C09"": 0, ""C10"": 0, ""C11"": 0, ""C12"": 0, ""C13"": 0, ""C14"": 0, ""C15"": 0, ""C16"": 1564, ""C17"": 0, ""C18"": 0, ""C19"": 0, ""C20"": 0}","{""C01"": 0.02537232906590335, ""C02"": 0.02537232906590335, ""C03"": 0.02537232906590335, ""C04"": 0.02537232906590335, ""C05"": 0.02537232906590335, ""C06"": 0.02537232906590335, ""C07"": 0.02537232906590335, ""C08"": 0.02537232906590335, ""C09"": 0.02537232906590335, ""C10"": 0.02537232906590335, ""C11"": 0.02537232906590335, ""C12"": 0.02537232906590335, ""C13"": 0.02537232906590335, ""C14"": 0.02537232906590335, ""C15"": 0.02537232906590335, ""C16"": 0.02446661055422574, ""C17"": 0.02537232906590335, ""C18"": 0.02537232906590335, ""C19"": 0.02537232906590335, ""C20"": 0.02537232906590335}"
25,25,1,491,2.854163,20,"{""C01"": 1.14528, ""C02"": 1.1743, ""C03"": 1.191805, ""C04"": 1.19897, ""C05"": 1.20183, ""C06"": 1.142683, ""C07"": 1.193819, ""C08"": 1.589778, ""C09"": 1.485113, ""C10"": 1.516714, ""C11"": 1.559124, ""C12"": 1.601803, ""C13"": 1.634086, ""C14"": 1.482421, ""C15"": 1.560514, ""C16"": 2.382019, ""C17"": 2.298574, ""C18"": 2.287715, ""C19"": 2.283953, ""C20"": 2.284227}","{""C01"": 0, ""C02"": 0, ""C03"": 0, ""C04"": 0, ""C05"": 0, ""C06"": 0, ""C07"": 0, ""C08"": 0, ""C09"": 0, ""C10"": 0, ""C11"": 0, ""C12"": 0, ""C13"": 0, ""C14"": 0, ""C15"": 0, ""C16"": 1563, ""C17"": 0, ""C18"": 0, ""C19"": 0, ""C20"": 0}","{""C01"": 0.02537259345720974, ""C02"": 0.02537259345720974, ""C03"": 0.02537259345720974, ""C04"": 0.02537259345720974, ""C05"": 0.02537259345720974, ""C06"": 0.02537259345720974, ""C07"": 0.02537259345720974, ""C08"": 0.02537259345720974, ""C09"": 0.02537259345720974, ""C10"": 0.02537259345720974, ""C11"": 0.02537259345720974, ""C12"": 0.02537259345720974, ""C13"": 0.02537259345720974, ""C14"": 0.02537259345720974, ""C15"": 0.02537259345720974, ""C16"": 0.024467456699826022, ""C17"": 0.02537259345720974, ""C18"": 0.02537259345720974, ""C19"": 0.02537259345720974, ""C20"": 0.02537259345720974}"
26,26,1,427,2.475258,20,"{""C01"": 1.15174, ""C02"": 1.176872, ""C03"": 1.190259, ""C04"": 1.19501, ""C05"": 1.198298, ""C06"": 1.149238, ""C07"": 1.192599, ""C08"": 1.589682, ""C09"": 1.490988, ""C10"": 1.527427, ""C11"": 1.571267, ""C12"": 1.611297, ""C13"": 1.638096, ""C14"": 1.488312, ""C15"": 1.573215, ""C16"": 2.381348, ""C17"": 2.293668, ""C18"": 2.283706, ""C19"": 2.285556, ""C20"": 2.280014}","{""C01"": 0, ""C02"": 0, ""C03"": 0, ""C04"": 0, ""C05"": 0, ""C06"": 0, ""C07"": 0, ""C08"": 0, ""C09"": 0, ""C10"": 0, ""C11"": 0, ""C12"": 0, ""C13"": 0, ""C14"": 0, ""C15"": 0, ""C16"": 1563, ""C17"": 0, ""C18"": 0, ""C19"": 0, ""C20"": 0}","{""C01"": 0.02537233612793964, ""C02"": 0.02537233612793964, ""C03"": 0.02537233612793964, ""C04"": 0.02537233612793964, ""C05"": 0.02537233612793964, ""C06"": 0.02537233612793964, ""C07"": 0.02537233612793964, ""C08"": 0.02537233612793964, ""C09"": 0.02537233612793964, ""C10"": 0.02537233612793964, ""C11"": 0.02537233612793964, ""C12"": 0.02537233612793964, ""C13"": 0.02537233612793964, ""C14"": 0.02537233612793964, ""C15"": 0.02537233612793964, ""C16"": 0.024467200050695075, ""C17"": 0.02537233612793964, ""C18"": 0.02537233612793964, ""C19"": 0.02537233612793964, ""C20"": 0.02537233612793964}"
27,27,1,402,2.338593,20,"{""C01"": 1.156824, ""C02"": 1.177749, ""C03"": 1.187427, ""C04"": 1.190714, ""C05"": 1.195469, ""C06"": 1.154551, ""C07"": 1.189918, ""C08"": 1.59143, ""C09"": 1.498624, ""C10"": 1.538879, ""C11"": 1.582668, ""C12"": 1.618803, ""C13"": 1.639695, ""C14"": 1.496085, ""C15"": 1.585031, ""C16"": 2.378241, ""C17"": 2.288045, ""C18"": 2.280845, ""C19"": 2.289434, ""C20"": 2.277054}","{""C01"": 0, ""C02"": 0, ""C03"": 0, ""C04"": 0, ""C05"": 0, ""C06"": 0, ""C07"": 0, ""C08"": 0, ""C09"": 0, ""C10"": 0, ""C11"": 0, ""C12"": 0, ""C13"": 0, ""C14"": 0, ""C15"": 0, ""C16"": 1564, ""C17"": 0, ""C18"": 0, ""C19"": 0, ""C20"": 0}","{""C01"": 0.025371727699329147, ""C02"": 0.025371727699329147, ""C03"": 0.025371727699329147, ""C04"": 0.025371727699329147, ""C05"": 0.025371727699329147, ""C06"": 0.025371727699329147, ""C07"": 0.025371727699329147, ""C08"": 0.025371727699329147, ""C09"": 0.025371727699329147, ""C10"": 0.025371727699329147, ""C11"": 0.025371727699329147, ""C12"": 0.025371727699329147, ""C13"": 0.025371727699329147, ""C14"": 0.025371727699329147, ""C15"": 0.025371727699329147, ""C16"": 0.024466010776060775, ""C17"": 0.025371727699329147, ""C18"": 0.025371727699329147, ""C19"": 0.025371727699329147, ""C20"": 0.025371727699329147}"
28,28,1,496,2.980470,20,"{""C01"": 1.160344, ""C02"": 1.177005, ""C03"": 1.183617, ""C04"": 1.186478, ""C05"": 1.193647, ""C06"": 1.158424, ""C07"": 1.186074, ""C08"": 1.595128, ""C09"": 1.507765, ""C10"": 1.550576, ""C11"": 1.592834, ""C12"": 1.624071, ""C13"": 1.639001, ""C14"": 1.505479, ""C15"": 1.595452, ""C16"": 2.373266, ""C17"": 2.282432, ""C18"": 2.279685, ""C19"": 2.295722, ""C20"": 2.275903}","{""C01"": 0, ""C02"": 0, ""C03"": 0, ""C04"": 0, ""C05"": 0, ""C06"": 0, ""C07"": 0, ""C08"": 0, ""C09"": 0, ""C10"": 0, ""C11"": 0, ""C12"": 0, ""C13"": 0, ""C14"": 0, ""C15"": 0, ""C16"": 1565, ""C17"": 0, ""C18"": 0, ""C19"": 0, ""C20"": 0}","{""C01"": 0.025370397893040852, ""C02"": 0.025370397893040852, ""C03"": 0.025370397893040852, ""C04"": 0.025370397893040852, ""C05"": 0.025370397893040852, ""C06"": 0.025370397893040852, ""C07"": 0.025370397893040852, ""C08"": 0.025370397893040852, ""C09"": 0.025370397893040852, ""C10"": 0.025370397893040852, ""C11"": 0.025370397893040852, ""C12"": 0.025370397893040852, ""C13"": 0.025370397893040852, ""C14"": 0.025370397893040852, ""C15"": 0.025370397893040852, ""C16"": 0.024464102029975062, ""C17"": 0.025370397893040852, ""C18"": 0.025370397893040852, ""C19"": 0.025370397893040852, ""C20"": 0.025370397893040852}"
29,29,1,652,3.834920,20,"{""C01"": 1.162204, ""C02"": 1.174808, ""C03"": 1.179187, ""C04"": 1.182687, ""C05"": 1.193069, ""C06"": 1.16075, ""C07"": 1.181428, ""C08"": 1.60075, ""C09"": 1.518043, ""C10"": 1.561993, ""C11"": 1.601336, ""C12"": 1.626976, ""C13"": 1.636259, ""C14"": 1.516119, ""C15"": 1.604036, ""C16"": 2.367084, ""C17"": 2.27753, ""C18"": 2.280649, ""C19"": 2.304382, ""C20"": 2.276984}","{""C01"": 0, ""C02"": 0, ""C03"": 0, ""C04"": 0, ""C05"": 0, ""C06"": 0, ""C07"": 0, ""C08"": 0, ""C09"": 0, ""C10"": 0, ""C11"": 0, ""C12"": 0, ""C13"": 0, ""C14"": 0, ""C15"": 0, ""C16"": 1566, ""C17"": 0, ""C18"": 0, ""C19"": 0, ""C20"": 0}","{""C01"": 0.025368596324546966, ""C02"": 0.025368596324546966, ""C03"": 0.025368596324546966, ""C04"": 0.025368596324546966, ""C05"": 0.025368596324546966, ""C06"": 0.025368596324546966, ""C07"": 0.025368596324546966, ""C08"": 0.025368596324546966, ""C09"": 0.025368596324546966, ""C10"": 0.025368596324546966, ""C11"": 0.025368596324546966, ""C12"": 0.025368596324546966, ""C13"": 0.025368596324546966, ""C14"": 0.025368596324546966, ""C15"": 0.025368596324546966, ""C16"": 0.02446172276554985, ""C17"": 0.025368596324546966, ""C18"": 0.025368596324546966, ""C19"": 0.025368596324546966, ""C20"": 0.025368596324546966}"
30,30,1,768,4.502005,20,"{""C01"": 1.162401, ""C02"": 1.171408, ""C03"": 1.174524, ""C04"": 1.17969, ""C05"": 1.193883, ""C06"": 1.161508, ""C07"": 1.176379, ""C08"": 1.608135, ""C09"": 1.529008, ""C10"": 1.572607, ""C11"": 1.607834, ""C12"": 1.627526, ""C13"": 1.631828, ""C14"": 1.527545, ""C15"": 1.61044, ""C16"": 2.360405, ""C17"": 2.273968, ""C18"": 2.284004, ""C19"": 2.3152, ""C20"": 2.28056}","{""C01"": 0, ""C02"": 0, ""C03"": 0, ""C04"": 0, ""C05"": 0, ""C06"": 0, ""C07"": 0, ""C08"": 0, ""C09"": 0, ""C10"": 0, ""C11"": 0, ""C12"": 0, ""C13"": 0, ""C14"": 0, ""C15"": 0, ""C16"": 1568, ""C17"": 0, ""C18"": 0, ""C19"": 0, ""C20"": 0}","{""C01"": 0.025367177978418254, ""C02"": 0.025367177978418254, ""C03"": 0.025367177978418254, ""C04"": 0.025367177978418254, ""C05"": 0.025367177978418254, ""C06"": 0.025367177978418254, ""C07"": 0.025367177978418254, ""C08"": 0.025367177978418254, ""C09"": 0.025367177978418254, ""C10"": 0.025367177978418254, ""C11"": 0.025367177978418254, ""C12"": 0.025367177978418254, ""C13"": 0.025367177978418254, ""C14"": 0.025367177978418254, ""C15"": 0.025367177978418254, ""C16"": 0.024459143266437115, ""C17"": 0.025367177978418254, ""C18"": 0.025367177978418254, ""C19"": 0.025367177978418254, ""C20"": 0.025367177978418254}"
31,31,1,962,5.626225,20,"{""C01"": 1.161028, ""C02"": 1.167122, ""C03"": 1.170025, ""C04"": 1.177779, ""C05"": 1.196143, ""C06"": 1.160772, ""C07"": 1.171343, ""C08"": 1.616998, ""C09"": 1.540154, ""C10"": 1.581935, ""C11"": 1.612098, ""C12"": 1.625861, ""C13"": 1.626159, ""C14"": 1.539237, ""C15"": 1.614439, ""C16"": 2.353949, ""C17"": 2.272273, ""C18"": 2.289845, ""C19"": 2.327807, ""C20"": 2.286722}","{""C01"": 0, ""C02"": 0, ""C03"": 0, ""C04"": 0, ""C05"": 0, ""C06"": 0, ""C07"": 0, ""C08"": 0, ""C09"": 0, ""C10"": 0, ""C11"": 0, ""C12"": 0, ""C13"": 0, ""C14"": 0, ""C15"": 0, ""C16"": 1569, ""C17"": 0, ""C18"": 0, ""C19"": 0, ""C20"": 0}","{""C01"": 0.02536525262745426, ""C02"": 0.02536525262745426, ""C03"": 0.02536525262745426, ""C04"": 0.02536525262745426, ""C05"": 0.02536525262745426, ""C06"": 0.02536525262745426, ""C07"": 0.02536525262745426, ""C08"": 0.02536525262745426, ""C09"": 0.02536525262745426, ""C10"": 0.02536525262745426, ""C11"": 0.02536525262745426, ""C12"": 0.02536525262745426, ""C13"": 0.02536525262745426, ""C14"": 0.02536525262745426, ""C15"": 0.02536525262745426, ""C16"": 0.02445664054288032, ""C17"": 0.02536525262745426, ""C18"": 0.02536525262745426, ""C19"": 0.02536525262745426, ""C20"": 0.02536525262745426}"
32,32,1,385,2.237658,20,"{""C01"": 1.158268, ""C02"": 1.162313, ""C03"": 1.166067, ""C04"": 1.17717, ""C05"": 1.199807, ""C06"": 1.158701, ""C07"": 1.166726, ""C08"": 1.626952, ""C09"": 1.550951, ""C10"": 1.58956, ""C11"": 1.614027, ""C12"": 1.62225, ""C13"": 1.619768, ""C14"": 1.55065, ""C15"": 1.615943, ""C16"": 2.3484, ""C17"": 2.272832, ""C18"": 2.298091, ""C19"": 2.341704, ""C20"": 2.295382}","{""C01"": 0, ""C02"": 0, ""C03"": 0, ""C04"": 0, ""C05"": 0, ""C06"": 0, ""C07"": 0, ""C08"": 0, ""C09"": 0, ""C10"": 0, ""C11"": 0, ""C12"": 0, ""C13"": 0, ""C14"": 0, ""C15"": 0, ""C16"": 838, ""C17"": 0, ""C18"": 0, ""C19"": 734, ""C20"": 0}","{""C01"": 0.025363618303753888, ""C02"": 0.025363618303753888, ""C03"": 0.025363618303753888, ""C04"": 0.025363618303753888, ""C05"": 0.025363618303753888, ""C06"": 0.025363618303753888, ""C07"": 0.025363618303753888, ""C08"": 0.025363618303753888, ""C09"": 0.025363618303753888, ""C10"": 0.025363618303753888, ""C11"": 0.025363618303753888, ""C12"": 0.025363618303753888, ""C13"": 0.025363618303753888, ""C14"": 0.025363618303753888, ""C15"": 0.025363618303753888, ""C16"": 0.024878342893339716, ""C17"": 0.025363618303753888, ""C18"": 0.025363618303753888, ""C19"": 0.024938557556379033, ""C20"": 0.025363618303753888}"
33,33,1,472,3.603021,20,"{""C01"": 1.154384, ""C02"": 1.157373, ""C03"": 1.162987, ""C04"": 1.177993, ""C05"": 1.204739, ""C06"": 1.155534, ""C07"": 1.1629, ""C08"": 1.637529, ""C09"": 1.56088, ""C10"": 1.59516, ""C11"": 1.613652, ""C12"": 1.617067, ""C13"": 1.613204, ""C14"": 1.561247, ""C15"": 1.615001, ""C16"": 2.344367, ""C17"": 2.275875, ""C18"": 2.308494, ""C19"": 2.356288, ""C20"": 2.306282}","{""C01"": 0, ""C02"": 0, ""C03"": 0, ""C04"": 0, ""C05"": 0, ""C06"": 0, ""C07"": 0, ""C08"": 0, ""C09"": 0, ""C10"": 0, ""C11"": 0, ""C12"": 0, ""C13"": 0, ""C14"": 0, ""C15"": 0, ""C16"": 650, ""C17"": 0, ""C18"": 0, ""C19"": 922, ""C20"": 0}","{""C01"": 0.025365994343743564, ""C02"": 0.025365994343743564, ""C03"": 0.025365994343743564, ""C04"": 0.025365994343743564, ""C05"": 0.025365994343743564, ""C06"": 0.025365994343743564, ""C07"": 0.025365994343743564, ""C08"": 0.025365994343743564, ""C09"": 0.025365994343743564, ""C10"": 0.025365994343743564, ""C11"": 0.025365994343743564, ""C12"": 0.025365994343743564, ""C13"": 0.025365994343743564, ""C14"": 0.025365994343743564, ""C15"": 0.025365994343743564, ""C16"": 0.02498957133278367, ""C17"": 0.025365994343743564, ""C18"": 0.025365994343743564, ""C19"": 0.024832070726754932, ""C20"": 0.025365994343743564}"
34,34,1,925,5.998355,20,"{""C01"": 1.149703, ""C02"": 1.152692, ""C03"": 1.161061, ""C04"": 1.18028, ""C05"": 1.210716, ""C06"": 1.151571, ""C07"": 1.16018, ""C08"": 1.648214, ""C09"": 1.569464, ""C10"": 1.598527, ""C11"": 1.61114, ""C12"": 1.610778, ""C13"": 1.607016, ""C14"": 1.570531, ""C15"": 1.611807, ""C16"": 2.342345, ""C17"": 2.281457, ""C18"": 2.320652, ""C19"": 2.3709, ""C20"": 2.319009}","{""C01"": 0, ""C02"": 0, ""C03"": 0, ""C04"": 0, ""C05"": 0, ""C06"": 0, ""C07"": 0, ""C08"": 0, ""C09"": 0, ""C10"": 0, ""C11"": 0, ""C12"": 0, ""C13"": 0, ""C14"": 0, ""C15"": 0, ""C16"": 0, ""C17"": 0, ""C18"": 0, ""C19"": 1565, ""C20"": 0}","{""C01"": 0.025369485697145158, ""C02"": 0.025369485697145158, ""C03"": 0.025369485697145158, ""C04"": 0.025369485697145158, ""C05"": 0.025369485697145158, ""C06"": 0.025369485697145158, ""C07"": 0.025369485697145158, ""C08"": 0.025369485697145158, ""C09"": 0.025369485697145158, ""C10"": 0.025369485697145158, ""C11"": 0.025369485697145158, ""C12"": 0.025369485697145158, ""C13"": 0.025369485697145158, ""C14"": 0.025369485697145158, ""C15"": 0.025369485697145158, ""C16"": 0.025369485697145158, ""C17"": 0.025369485697145158, ""C18"": 0.025369485697145158, ""C19"": 0.024463192241724992, ""C20"": 0.025369485697145158}"
35,35,1,819,6.082169,20,"{""C01"": 1.144594, ""C02"": 1.148642, ""C03"": 1.160489, ""C04"": 1.18397, ""C05"": 1.217447, ""C06"": 1.147157, ""C07"": 1.158807, ""C08"": 1.658475, ""C09"": 1.576303, ""C10"": 1.599585, ""C11"": 1.606777, ""C12"": 1.603904, ""C13"": 1.601722, ""C14"": 1.578083, ""C15"": 1.606674, ""C16"": 2.342688, ""C17"": 2.28946, ""C18"": 2.334036, ""C19"": 2.384858, ""C20"": 2.333021}","{""C01"": 0, ""C02"": 0, ""C03"": 0, ""C04"": 0, ""C05"": 0, ""C06"": 0, ""C07"": 0, ""C08"": 0, ""C09"": 0, ""C10"": 0, ""C11"": 0, ""C12"": 0, ""C13"": 0, ""C14"": 0, ""C15"": 0, ""C16"": 0, ""C17"": 0, ""C18"": 0, ""C19"": 1563, ""C20"": 0}","{""C01"": 0.02537368104620344, ""C02"": 0.02537368104620344, ""C03"": 0.02537368104620344, ""C04"": 0.02537368104620344, ""C05"": 0.02537368104620344, ""C06"": 0.02537368104620344, ""C07"": 0.02537368104620344, ""C08"": 0.02537368104620344, ""C09"": 0.02537368104620344, ""C10"": 0.02537368104620344, ""C11"": 0.02537368104620344, ""C12"": 0.02537368104620344, ""C13"": 0.02537368104620344, ""C14"": 0.02537368104620344, ""C15"": 0.02537368104620344, ""C16"": 0.02537368104620344, ""C17"": 0.02537368104620344, ""C18"": 0.02537368104620344, ""C19"": 0.024468541414156462, ""C20"": 0.02537368104620344}"
36,36,1,669,3.994657,20,"{""C01"": 1.139449, ""C02"": 1.145548, ""C03"": 1.161379, ""C04"": 1.188905, ""C05"": 1.224585, ""C06"": 1.142657, ""C07"": 1.158933, ""C08"": 1.667795, ""C09"": 1.581092, ""C10"": 1.59839, ""C11"": 1.600958, ""C12"": 1.596995, ""C13"": 1.597772, ""C14"": 1.583577, ""C15"": 1.600033, ""C16"": 2.345589, ""C17"": 2.299599, ""C18"": 2.348029, ""C19"": 2.397508, ""C20"": 2.347688}","{""C01"": 0, ""C02"": 0, ""C03"": 0, ""C04"": 0, ""C05"": 0, ""C06"": 0, ""C07"": 0, ""C08"": 0, ""C09"": 0, ""C10"": 0, ""C11"": 0, ""C12"": 0, ""C13"": 0, ""C14"": 0, ""C15"": 0, ""C16"": 0, ""C17"": 0, ""C18"": 0, ""C19"": 1560, ""C20"": 0}","{""C01"": 0.02537675398888775, ""C02"": 0.02537675398888775, ""C03"": 0.02537675398888775, ""C04"": 0.02537675398888775, ""C05"": 0.02537675398888775, ""C06"": 0.02537675398888775, ""C07"": 0.02537675398888775, ""C08"": 0.02537675398888775, ""C09"": 0.02537675398888775, ""C10"": 0.02537675398888775, ""C11"": 0.02537675398888775, ""C12"": 0.02537675398888775, ""C13"": 0.02537675398888775, ""C14"": 0.02537675398888775, ""C15"": 0.02537675398888775, ""C16"": 0.02537675398888775, ""C17"": 0.02537675398888775, ""C18"": 0.02537675398888775, ""C19"": 0.02447335359623798, ""C20"": 0.02537675398888775}"
37,37,1,729,4.314055,20,"{""C01"": 1.134656, ""C02"": 1.14367, ""C03"": 1.163745, ""C04"": 1.194848, ""C05"": 1.231757, ""C06"": 1.138437, ""C07"": 1.16061, ""C08"": 1.675709, ""C09"": 1.58365, ""C10"": 1.595131, ""C11"": 1.594158, ""C12"": 1.590597, ""C13"": 1.595527, ""C14"": 1.586812, ""C15"": 1.592395, ""C16"": 2.351063, ""C17"": 2.311441, ""C18"": 2.361958, ""C19"": 2.40826, ""C20"": 2.362321}","{""C01"": 0, ""C02"": 0, ""C03"": 0, ""C04"": 0, ""C05"": 0, ""C06"": 0, ""C07"": 0, ""C08"": 0, ""C09"": 0, ""C10"": 0, ""C11"": 0, ""C12"": 0, ""C13"": 0, ""C14"": 0, ""C15"": 0, ""C16"": 0, ""C17"": 0, ""C18"": 0, ""C19"": 1558, ""C20"": 0}","{""C01"": 0.025379660821034322, ""C02"": 0.025379660821034322, ""C03"": 0.025379660821034322, ""C04"": 0.025379660821034322, ""C05"": 0.025379660821034322, ""C06"": 0.025379660821034322, ""C07"": 0.025379660821034322, ""C08"": 0.025379660821034322, ""C09"": 0.025379660821034322, ""C10"": 0.025379660821034322, ""C11"": 0.025379660821034322, ""C12"": 0.025379660821034322, ""C13"": 0.025379660821034322, ""C14"": 0.025379660821034322, ""C15"": 0.025379660821034322, ""C16"": 0.025379660821034322, ""C17"": 0.025379660821034322, ""C18"": 0.025379660821034322, ""C19"": 0.024477417648423226, ""C20"": 0.025379660821034322}"
38,38,1,1099,6.353915,20,"{""C01"": 1.130578, ""C02"": 1.143189, ""C03"": 1.167504, ""C04"": 1.201494, ""C05"": 1.238579, ""C06"": 1.13484, ""C07"": 1.163793, ""C08"": 1.681833, ""C09"": 1.583922, ""C10"": 1.590116, ""C11"": 1.586908, ""C12"": 1.585212, ""C13"": 1.595233, ""C14"": 1.587712, ""C15"": 1.584327, ""C16"": 2.358957, ""C17"": 2.324435, ""C18"": 2.37514, ""C19"": 2.416631, ""C20"": 2.376221}","{""C01"": 0, ""C02"": 0, ""C03"": 0, ""C04"": 0, ""C05"": 0, ""C06"": 0, ""C07"": 0, ""C08"": 0, ""C09"": 0, ""C10"": 0, ""C11"": 0, ""C12"": 0, ""C13"": 0, ""C14"": 0, ""C15"": 0, ""C16"": 0, ""C17"": 0, ""C18"": 0, ""C19"": 1556, ""C20"": 0}","{""C01"": 0.025381648671543938, ""C02"": 0.025381648671543938, ""C03"": 0.025381648671543938, ""C04"": 0.025381648671543938, ""C05"": 0.025381648671543938, ""C06"": 0.025381648671543938, ""C07"": 0.025381648671543938, ""C08"": 0.025381648671543938, ""C09"": 0.025381648671543938, ""C10"": 0.025381648671543938, ""C11"": 0.025381648671543938, ""C12"": 0.025381648671543938, ""C13"": 0.025381648671543938, ""C14"": 0.025381648671543938, ""C15"": 0.025381648671543938, ""C16"": 0.025381648671543938, ""C17"": 0.025381648671543938, ""C18"": 0.025381648671543938, ""C19"": 0.024480565156233414, ""C20"": 0.025381648671543938}"
39,39,1,1106,6.504632,20,"{""C01"": 1.127526, ""C02"": 1.144194, ""C03"": 1.17248, ""C04"": 1.208487, ""C05"": 1.244687, ""C06"": 1.132158, ""C07"": 1.168336, ""C08"": 1.685883, ""C09"": 1.581992, ""C10"": 1.583757, ""C11"": 1.579755, ""C12"": 1.581274, ""C13"": 1.597006, ""C14"": 1.586345, ""C15"": 1.576412, ""C16"": 2.368949, ""C17"": 2.337944, ""C18"": 2.386929, ""C19"": 2.422272, ""C20"": 2.388726}","{""C01"": 0, ""C02"": 0, ""C03"": 0, ""C04"": 0, ""C05"": 0, ""C06"": 0, ""C07"": 0, ""C08"": 0, ""C09"": 0, ""C10"": 0, ""C11"": 0, ""C12"": 0, ""C13"": 0, ""C14"": 0, ""C15"": 0, ""C16"": 0, ""C17"": 0, ""C18"": 0, ""C19"": 1555, ""C20"": 0}","{""C01"": 0.025383183293169256, ""C02"": 0.025383183293169256, ""C03"": 0.025383183293169256, ""C04"": 0.025383183293169256, ""C05"": 0.025383183293169256, ""C06"": 0.025383183293169256, ""C07"": 0.025383183293169256, ""C08"": 0.025383183293169256, ""C09"": 0.025383183293169256, ""C10"": 0.025383183293169256, ""C11"": 0.025383183293169256, ""C12"": 0.025383183293169256, ""C13"": 0.025383183293169256, ""C14"": 0.025383183293169256, ""C15"": 0.025383183293169256, ""C16"": 0.025383183293169256, ""C17"": 0.025383183293169256, ""C18"": 0.025383183293169256, ""C19"": 0.02448267817057098, ""C20"": 0.025383183293169256}"
40,40,1,1133,6.700932,20,"{""C01"": 1.125746, ""C02"": 1.146679, ""C03"": 1.178421, ""C04"": 1.21545, ""C05"": 1.249757, ""C06"": 1.130624, ""C07"": 1.174009, ""C08"": 1.687701, ""C09"": 1.578071, ""C10"": 1.576542, ""C11"": 1.573238, ""C12"": 1.579121, ""C13"": 1.60083, ""C14"": 1.582904, ""C15"": 1.569223, ""C16"": 2.38058, ""C17"": 2.351288, ""C18"": 2.39675, ""C19"": 2.424992, ""C20"": 2.399245}","{""C01"": 0, ""C02"": 0, ""C03"": 0, ""C04"": 0, ""C05"": 0, ""C06"": 0, ""C07"": 0, ""C08"": 0, ""C09"": 0, ""C10"": 0, ""C11"": 0, ""C12"": 0, ""C13"": 0, ""C14"": 0, ""C15"": 0, ""C16"": 0, ""C17"": 0, ""C18"": 0, ""C19"": 1554, ""C20"": 0}","{""C01"": 0.02538361837651948, ""C02"": 0.02538361837651948, ""C03"": 0.02538361837651948, ""C04"": 0.02538361837651948, ""C05"": 0.02538361837651948, ""C06"": 0.02538361837651948, ""C07"": 0.02538361837651948, ""C08"": 0.02538361837651948, ""C09"": 0.02538361837651948, ""C10"": 0.02538361837651948, ""C11"": 0.02538361837651948, ""C12"": 0.02538361837651948, ""C13"": 0.02538361837651948, ""C14"": 0.02538361837651948, ""C15"": 0.02538361837651948, ""C16"": 0.02538361837651948, ""C17"": 0.02538361837651948, ""C18"": 0.02538361837651948, ""C19"": 0.024483694569922606, ""C20"": 0.02538361837651948}"
41,41,1,568,3.427396,20,"{""C01"": 1.125401, ""C02"": 1.15054, ""C03"": 1.185008, ""C04"": 1.222, ""C05"": 1.253524, ""C06"": 1.130393, ""C07"": 1.180508, ""C08"": 1.687259, ""C09"": 1.572489, ""C10"": 1.569003, ""C11"": 1.567848, ""C12"": 1.578972, ""C13"": 1.606551, ""C14"": 1.577707, ""C15"": 1.56328, ""C16"": 2.393273, ""C17"": 2.363786, ""C18"": 2.404143, ""C19"": 2.424771, ""C20"": 2.407303}","{""C01"": 0, ""C02"": 0, ""C03"": 0, ""C04"": 0, ""C05"": 0, ""C06"": 0, ""C07"": 0, ""C08"": 0, ""C09"": 0, ""C10"": 0, ""C11"": 0, ""C12"": 0, ""C13"": 0, ""C14"": 0, ""C15"": 0, ""C16"": 0, ""C17"": 0, ""C18"": 320, ""C19"": 860, ""C20"": 380}","{""C01"": 0.025383851244398126, ""C02"": 0.025383851244398126, ""C03"": 0.025383851244398126, ""C04"": 0.025383851244398126, ""C05"": 0.025383851244398126, ""C06"": 0.025383851244398126, ""C07"": 0.025383851244398126, ""C08"": 0.025383851244398126, ""C09"": 0.025383851244398126, ""C10"": 0.025383851244398126, ""C11"": 0.025383851244398126, ""C12"": 0.025383851244398126, ""C13"": 0.025383851244398126, ""C14"": 0.025383851244398126, ""C15"": 0.025383851244398126, ""C16"": 0.025383851244398126, ""C17"": 0.025383851244398126, ""C18"": 0.025198533427391454, ""C19"": 0.024885833021832348, ""C20"": 0.025163786918249238}"
42,42,1,323,1.919110,20,"{""C01"": 1.126559, ""C02"": 1.155585, ""C03"": 1.191879, ""C04"": 1.227778, ""C05"": 1.255804, ""C06"": 1.131529, ""C07"": 1.187475, ""C08"": 1.684665, ""C09"": 1.565673, ""C10"": 1.561691, ""C11"": 1.563999, ""C12"": 1.580917, ""C13"": 1.613895, ""C14"": 1.571168, ""C15"": 1.559022, ""C16"": 2.40638, ""C17"": 2.374799, ""C18"": 2.408785, ""C19"": 2.42176, ""C20"": 2.412562}","{""C01"": 0, ""C02"": 0, ""C03"": 0, ""C04"": 0, ""C05"": 0, ""C06"": 0, ""C07"": 0, ""C08"": 0, ""C09"": 0, ""C10"": 0, ""C11"": 0, ""C12"": 0, ""C13"": 0, ""C14"": 0, ""C15"": 0, ""C16"": 315, ""C17"": 0, ""C18"": 318, ""C19"": 603, ""C20"": 324}","{""C01"": 0.02538302933798499, ""C02"": 0.02538302933798499, ""C03"": 0.02538302933798499, ""C04"": 0.02538302933798499, ""C05"": 0.02538302933798499, ""C06"": 0.02538302933798499, ""C07"": 0.02538302933798499, ""C08"": 0.02538302933798499, ""C09"": 0.02538302933798499, ""C10"": 0.02538302933798499, ""C11"": 0.02538302933798499, ""C12"": 0.02538302933798499, ""C13"": 0.02538302933798499, ""C14"": 0.02538302933798499, ""C15"": 0.02538302933798499, ""C16"": 0.025200608822312363, ""C17"": 0.02538302933798499, ""C18"": 0.02519887324782676, ""C19"": 0.02503384491157049, ""C20"": 0.025195402696333868}"
43,43,1,335,2.013873,20,"{""C01"": 1.129193, ""C02"": 1.161545, ""C03"": 1.198652, ""C04"": 1.232469, ""C05"": 1.256497, ""C06"": 1.134005, ""C07"": 1.194524, ""C08"": 1.680154, ""C09"": 1.558121, ""C10"": 1.555135, ""C11"": 1.562005, ""C12"": 1.584908, ""C13"": 1.622478, ""C14"": 1.563778, ""C15"": 1.556781, ""C16"": 2.419213, ""C17"": 2.383772, ""C18"": 2.410518, ""C19"": 2.416277, ""C20"": 2.414848}","{""C01"": 0, ""C02"": 0, ""C03"": 0, ""C04"": 0, ""C05"": 0, ""C06"": 0, ""C07"": 0, ""C08"": 0, ""C09"": 0, ""C10"": 0, ""C11"": 0, ""C12"": 0, ""C13"": 0, ""C14"": 0, ""C15"": 0, ""C16"": 600, ""C17"": 0, ""C18"": 317, ""C19"": 321, ""C20"": 320}","{""C01"": 0.025382557193475833, ""C02"": 0.025382557193475833, ""C03"": 0.025382557193475833, ""C04"": 0.025382557193475833, ""C05"": 0.025382557193475833, ""C06"": 0.025382557193475833, ""C07"": 0.025382557193475833, ""C08"": 0.025382557193475833, ""C09"": 0.025382557193475833, ""C10"": 0.025382557193475833, ""C11"": 0.025382557193475833, ""C12"": 0.025382557193475833, ""C13"": 0.025382557193475833, ""C14"": 0.025382557193475833, ""C15"": 0.025382557193475833, ""C16"": 0.025035108599410723, ""C17"": 0.025382557193475833, ""C18"": 0.025198984124834102, ""C19"": 0.02519667649069888, ""C20"": 0.025197253209685765}"
44,44,1,399,2.332336,20,"{""C01"": 1.133182, ""C02"": 1.168091, ""C03"": 1.204948, ""C04"": 1.235824, ""C05"": 1.255604, ""C06"": 1.137706, ""C07"": 1.20126, ""C08"": 1.674076, ""C09"": 1.550372, ""C10"": 1.54981, ""C11"": 1.56206, ""C12"": 1.590768, ""C13"": 1.631837, ""C14"": 1.556071, ""C15"": 1.55676, ""C16"": 2.431095, ""C17"": 2.390268, ""C18"": 2.409353, ""C19"": 2.408781, ""C20"": 2.414163}","{""C01"": 0, ""C02"": 0, ""C03"": 0, ""C04"": 0, ""C05"": 0, ""C06"": 0, ""C07"": 0, ""C08"": 0, ""C09"": 0, ""C10"": 0, ""C11"": 0, ""C12"": 0, ""C13"": 0, ""C14"": 0, ""C15"": 0, ""C16"": 664, ""C17"": 0, ""C18"": 292, ""C19"": 288, ""C20"": 316}","{""C01"": 0.02538504954594145, ""C02"": 0.02538504954594145, ""C03"": 0.02538504954594145, ""C04"": 0.02538504954594145, ""C05"": 0.02538504954594145, ""C06"": 0.02538504954594145, ""C07"": 0.02538504954594145, ""C08"": 0.02538504954594145, ""C09"": 0.02538504954594145, ""C10"": 0.02538504954594145, ""C11"": 0.02538504954594145, ""C12"": 0.02538504954594145, ""C13"": 0.02538504954594145, ""C14"": 0.02538504954594145, ""C15"": 0.02538504954594145, ""C16"": 0.025000541998353987, ""C17"": 0.02538504954594145, ""C18"": 0.025215947037922862, ""C19"": 0.025218263510635445, ""C20"": 0.025202049885885185}"
45,45,1,1254,7.453917,20,"{""C01"": 1.138315, ""C02"": 1.174855, ""C03"": 1.210413, ""C04"": 1.237672, ""C05"": 1.253217, ""C06"": 1.142431, ""C07"": 1.207307, ""C08"": 1.666874, ""C09"": 1.542972, ""C10"": 1.546113, ""C11"": 1.564224, ""C12"": 1.598195, ""C13"": 1.641454, ""C14"": 1.548592, ""C15"": 1.559025, ""C16"": 2.441399, ""C17"": 2.393993, ""C18"": 2.405475, ""C19"": 2.399851, ""C20"": 2.410678}","{""C01"": 0, ""C02"": 0, ""C03"": 0, ""C04"": 0, ""C05"": 0, ""C06"": 0, ""C07"": 0, ""C08"": 0, ""C09"": 0, ""C10"": 0, ""C11"": 0, ""C12"": 0, ""C13"": 0, ""C14"": 0, ""C15"": 0, ""C16"": 1551, ""C17"": 0, ""C18"": 0, ""C19"": 0, ""C20"": 0}","{""C01"": 0.02538798273462918, ""C02"": 0.02538798273462918, ""C03"": 0.02538798273462918, ""C04"": 0.02538798273462918, ""C05"": 0.02538798273462918, ""C06"": 0.02538798273462918, ""C07"": 0.02538798273462918, ""C08"": 0.02538798273462918, ""C09"": 0.02538798273462918, ""C10"": 0.02538798273462918, ""C11"": 0.02538798273462918, ""C12"": 0.02538798273462918, ""C13"": 0.02538798273462918, ""C14"": 0.02538798273462918, ""C15"": 0.02538798273462918, ""C16"": 0.024489794739786217, ""C17"": 0.02538798273462918, ""C18"": 0.02538798273462918, ""C19"": 0.02538798273462918, ""C20"": 0.02538798273462918}"
46,46,1,867,5.174533,20,"{""C01"": 1.14431, ""C02"": 1.181452, ""C03"": 1.214745, ""C04"": 1.237935, ""C05"": 1.249523, ""C06"": 1.147914, ""C07"": 1.212332, ""C08"": 1.659055, ""C09"": 1.536442, ""C10"": 1.544334, ""C11"": 1.568424, ""C12"": 1.606789, ""C13"": 1.650792, ""C14"": 1.541864, ""C15"": 1.563497, ""C16"": 2.449589, ""C17"": 2.394821, ""C18"": 2.399229, ""C19"": 2.390146, ""C20"": 2.404731}","{""C01"": 0, ""C02"": 0, ""C03"": 0, ""C04"": 0, ""C05"": 0, ""C06"": 0, ""C07"": 0, ""C08"": 0, ""C09"": 0, ""C10"": 0, ""C11"": 0, ""C12"": 0, ""C13"": 0, ""C14"": 0, ""C15"": 0, ""C16"": 1549, ""C17"": 0, ""C18"": 0, ""C19"": 0, ""C20"": 0}","{""C01"": 0.02538984748925173, ""C02"": 0.02538984748925173, ""C03"": 0.02538984748925173, ""C04"": 0.02538984748925173, ""C05"": 0.02538984748925173, ""C06"": 0.02538984748925173, ""C07"": 0.02538984748925173, ""C08"": 0.02538984748925173, ""C09"": 0.02538984748925173, ""C10"": 0.02538984748925173, ""C11"": 0.02538984748925173, ""C12"": 0.02538984748925173, ""C13"": 0.02538984748925173, ""C14"": 0.02538984748925173, ""C15"": 0.02538984748925173, ""C16"": 0.02449281948632663, ""C17"": 0.02538984748925173, ""C18"": 0.02538984748925173, ""C19"": 0.02538984748925173, ""C20"": 0.02538984748925173}"
47,47,1,693,4.187723,20,"{""C01"": 1.150827, ""C02"": 1.187506, ""C03"": 1.217706, ""C04"": 1.236629, ""C05"": 1.244783, ""C06"": 1.153831, ""C07"": 1.21606, ""C08"": 1.651161, ""C09"": 1.531243, ""C10"": 1.544638, ""C11"": 1.574453, ""C12"": 1.616071, ""C13"": 1.659325, ""C14"": 1.536354, ""C15"": 1.569957, ""C16"": 2.455251, ""C17"": 2.392796, ""C18"": 2.3911, ""C19"": 2.380367, ""C20"": 2.3968}","{""C01"": 0, ""C02"": 0, ""C03"": 0, ""C04"": 0, ""C05"": 0, ""C06"": 0, ""C07"": 0, ""C08"": 0, ""C09"": 0, ""C10"": 0, ""C11"": 0, ""C12"": 0, ""C13"": 0, ""C14"": 0, ""C15"": 0, ""C16"": 1548, ""C17"": 0, ""C18"": 0, ""C19"": 0, ""C20"": 0}","{""C01"": 0.025391352490692576, ""C02"": 0.025391352490692576, ""C03"": 0.025391352490692576, ""C04"": 0.025391352490692576, ""C05"": 0.025391352490692576, ""C06"": 0.025391352490692576, ""C07"": 0.025391352490692576, ""C08"": 0.025391352490692576, ""C09"": 0.025391352490692576, ""C10"": 0.025391352490692576, ""C11"": 0.025391352490692576, ""C12"": 0.025391352490692576, ""C13"": 0.025391352490692576, ""C14"": 0.025391352490692576, ""C15"": 0.025391352490692576, ""C16"": 0.024494902955844024, ""C17"": 0.025391352490692576, ""C18"": 0.025391352490692576, ""C19"": 0.025391352490692576, ""C20"": 0.025391352490692576}"
48,48,1,515,3.115832,20,"{""C01"": 1.157493, ""C02"": 1.192671, ""C03"": 1.219145, ""C04"": 1.233868, ""C05"": 1.239324, ""C06"": 1.159833, ""C07"": 1.2183, ""C08"": 1.643735, ""C09"": 1.527751, ""C10"": 1.54706, ""C11"": 1.581989, ""C12"": 1.625516, ""C13"": 1.666575, ""C14"": 1.532447, ""C15"": 1.578065, ""C16"": 2.458125, ""C17"": 2.388135, ""C18"": 2.381684, ""C19"": 2.371212, ""C20"": 2.387477}","{""C01"": 0, ""C02"": 0, ""C03"": 0, ""C04"": 0, ""C05"": 0, ""C06"": 0, ""C07"": 0, ""C08"": 0, ""C09"": 0, ""C10"": 0, ""C11"": 0, ""C12"": 0, ""C13"": 0, ""C14"": 0, ""C15"": 0, ""C16"": 1548, ""C17"": 0, ""C18"": 0, ""C19"": 0, ""C20"": 0}","{""C01"": 0.0253924105488592, ""C02"": 0.0253924105488592, ""C03"": 0.0253924105488592, ""C04"": 0.0253924105488592, ""C05"": 0.0253924105488592, ""C06"": 0.0253924105488592, ""C07"": 0.0253924105488592, ""C08"": 0.0253924105488592, ""C09"": 0.0253924105488592, ""C10"": 0.0253924105488592, ""C11"": 0.0253924105488592, ""C12"": 0.0253924105488592, ""C13"": 0.0253924105488592, ""C14"": 0.0253924105488592, ""C15"": 0.0253924105488592, ""C16"": 0.024495958187950802, ""C17"": 0.0253924105488592, ""C18"": 0.0253924105488592, ""C19"": 0.0253924105488592, ""C20"": 0.0253924105488592}"
49,49,1,492,3.009143,20,"{""C01"": 1.163922, ""C02"": 1.196656, ""C03"": 1.219, ""C04"": 1.229852, ""C05"": 1.233514, ""C06"": 1.165557, ""C07"": 1.218948, ""C08"": 1.637288, ""C09"": 1.526231, ""C10"": 1.551498, ""C11"": 1.590612, ""C12"": 1.634585, ""C13"": 1.67214, ""C14"": 1.53042, ""C15"": 1.587375, ""C16"": 2.458116, ""C17"": 2.381213, ""C18"": 2.371651, ""C19"": 2.363333, ""C20"": 2.377429}","{""C01"": 0, ""C02"": 0, ""C03"": 0, ""C04"": 0, ""C05"": 0, ""C06"": 0, ""C07"": 0, ""C08"": 0, ""C09"": 0, ""C10"": 0, ""C11"": 0, ""C12"": 0, ""C13"": 0, ""C14"": 0, ""C15"": 0, ""C16"": 1548, ""C17"": 0, ""C18"": 0, ""C19"": 0, ""C20"": 0}","{""C01"": 0.025392407238346626, ""C02"": 0.025392407238346626, ""C03"": 0.025392407238346626, ""C04"": 0.025392407238346626, ""C05"": 0.025392407238346626, ""C06"": 0.025392407238346626, ""C07"": 0.025392407238346626, ""C08"": 0.025392407238346626, ""C09"": 0.025392407238346626, ""C10"": 0.025392407238346626, ""C11"": 0.025392407238346626, ""C12"": 0.025392407238346626, ""C13"": 0.025392407238346626, ""C14"": 0.025392407238346626, ""C15"": 0.025392407238346626, ""C16"": 0.024495954886280782, ""C17"": 0.025392407238346626, ""C18"": 0.025392407238346626, ""C19"": 0.025392407238346626, ""C20"": 0.025392407238346626}"
50,50,1,489,2.969000,20,"{""C01"": 1.169741, ""C02"": 1.199239, ""C03"": 1.217309, ""C04"": 1.224858, ""C05"": 1.227742, ""C06"": 1.170655, ""C07"": 1.218001, ""C08"": 1.632265, ""C09"": 1.526822, ""C10"": 1.557719, ""C11"": 1.599832, ""C12"": 1.642759, ""C13"": 1.675719, ""C14"": 1.530426, ""C15"": 1.597367, ""C16"": 2.455302, ""C17"": 2.372536, ""C18"": 2.361701, ""C19"": 2.3573, ""C20"": 2.367356}","{""C01"": 0, ""C02"": 0, ""C03"": 0, ""C04"": 0, ""C05"": 0, ""C06"": 0, ""C07"": 0, ""C08"": 0, ""C09"": 0, ""C10"": 0, ""C11"": 0, ""C12"": 0, ""C13"": 0, ""C14"": 0, ""C15"": 0, ""C16"": 1548, ""C17"": 0, ""C18"": 0, ""C19"": 0, ""C20"": 0}","{""C01"": 0.02539137128202623, ""C02"": 0.02539137128202623, ""C03"": 0.02539137128202623, ""C04"": 0.02539137128202623, ""C05"": 0.02539137128202623, ""C06"": 0.02539137128202623, ""C07"": 0.02539137128202623, ""C08"": 0.02539137128202623, ""C09"": 0.02539137128202623, ""C10"": 0.02539137128202623, ""C11"": 0.02539137128202623, ""C12"": 0.02539137128202623, ""C13"": 0.02539137128202623, ""C14"": 0.02539137128202623, ""C15"": 0.02539137128202623, ""C16"": 0.024494921696987453, ""C17"": 0.02539137128202623, ""C18"": 0.02539137128202623, ""C19"": 0.02539137128202623, ""C20"": 0.02539137128202623}"
51,51,1,488,2.918477,20,"{""C01"": 1.174614, ""C02"": 1.200286, ""C03"": 1.214201, ""C04"": 1.219221, ""C05"": 1.222391, ""C06"": 1.174818, ""C07"": 1.215547, ""C08"": 1.629021, ""C09"": 1.529531, ""C10"": 1.565381, ""C11"": 1.609115, ""C12"": 1.649573, ""C13"": 1.677131, ""C14"": 1.53249, ""C15"": 1.607473, ""C16"": 2.449931, ""C17"": 2.362718, ""C18"": 2.352528, ""C19"": 2.353559, ""C20"": 2.357957}","{""C01"": 0, ""C02"": 0, ""C03"": 0, ""C04"": 0, ""C05"": 0, ""C06"": 0, ""C07"": 0, ""C08"": 0, ""C09"": 0, ""C10"": 0, ""C11"": 0, ""C12"": 0, ""C13"": 0, ""C14"": 0, ""C15"": 0, ""C16"": 1549, ""C17"": 0, ""C18"": 0, ""C19"": 0, ""C20"": 0}","{""C01"": 0.02538997387893903, ""C02"": 0.02538997387893903, ""C03"": 0.02538997387893903, ""C04"": 0.02538997387893903, ""C05"": 0.02538997387893903, ""C06"": 0.02538997387893903, ""C07"": 0.02538997387893903, ""C08"": 0.02538997387893903, ""C09"": 0.02538997387893903, ""C10"": 0.02538997387893903, ""C11"": 0.02538997387893903, ""C12"": 0.02538997387893903, ""C13"": 0.02538997387893903, ""C14"": 0.02538997387893903, ""C15"": 0.02538997387893903, ""C16"": 0.02449294553867669, ""C17"": 0.02538997387893903, ""C18"": 0.02538997387893903, ""C19"": 0.02538997387893903, ""C20"": 0.02538997387893903}"
52,52,1,442,2.685564,20,"{""C01"": 1.178262, ""C02"": 1.199754, ""C03"": 1.209893, ""C04"": 1.213315, ""C05"": 1.217818, ""C06"": 1.177791, ""C07"": 1.211769, ""C08"": 1.627797, ""C09"": 1.534228, ""C10"": 1.574044, ""C11"": 1.617926, ""C12"": 1.654641, ""C13"": 1.676328, ""C14"": 1.5365, ""C15"": 1.617122, ""C16"": 2.442405, ""C17"": 2.352437, ""C18"": 2.344769, ""C19"": 2.352412, ""C20"": 2.349871}","{""C01"": 0, ""C02"": 0, ""C03"": 0, ""C04"": 0, ""C05"": 0, ""C06"": 0, ""C07"": 0, ""C08"": 0, ""C09"": 0, ""C10"": 0, ""C11"": 0, ""C12"": 0, ""C13"": 0, ""C14"": 0, ""C15"": 0, ""C16"": 1551, ""C17"": 0, ""C18"": 0, ""C19"": 0, ""C20"": 0}","{""C01"": 0.02538835603974121, ""C02"": 0.02538835603974121, ""C03"": 0.02538835603974121, ""C04"": 0.02538835603974121, ""C05"": 0.02538835603974121, ""C06"": 0.02538835603974121, ""C07"": 0.02538835603974121, ""C08"": 0.02538835603974121, ""C09"": 0.02538835603974121, ""C10"": 0.02538835603974121, ""C11"": 0.02538835603974121, ""C12"": 0.02538835603974121, ""C13"": 0.02538835603974121, ""C14"": 0.02538835603974121, ""C15"": 0.02538835603974121, ""C16"": 0.024490167049897583, ""C17"": 0.02538835603974121, ""C18"": 0.02538835603974121, ""C19"": 0.02538835603974121, ""C20"": 0.02538835603974121}"
53,53,1,493,3.018338,20,"{""C01"": 1.180479, ""C02"": 1.197699, ""C03"": 1.204675, ""C04"": 1.20753, ""C05"": 1.214329, ""C06"": 1.179394, ""C07"": 1.20693, ""C08"": 1.628704, ""C09"": 1.540656, ""C10"": 1.583208, ""C11"": 1.625752, ""C12"": 1.657686, ""C13"": 1.673397, ""C14"": 1.542218, ""C15"": 1.625765, ""C16"": 2.433255, ""C17"": 2.342396, ""C18"": 2.338969, ""C19"": 2.353993, ""C20"": 2.343653}","{""C01"": 0, ""C02"": 0, ""C03"": 0, ""C04"": 0, ""C05"": 0, ""C06"": 0, ""C07"": 0, ""C08"": 0, ""C09"": 0, ""C10"": 0, ""C11"": 0, ""C12"": 0, ""C13"": 0, ""C14"": 0, ""C15"": 0, ""C16"": 1553, ""C17"": 0, ""C18"": 0, ""C19"": 0, ""C20"": 0}","{""C01"": 0.025386121640604956, ""C02"": 0.025386121640604956, ""C03"": 0.025386121640604956, ""C04"": 0.025386121640604956, ""C05"": 0.025386121640604956, ""C06"": 0.025386121640604956, ""C07"": 0.025386121640604956, ""C08"": 0.025386121640604956, ""C09"": 0.025386121640604956, ""C10"": 0.025386121640604956, ""C11"": 0.025386121640604956, ""C12"": 0.025386121640604956, ""C13"": 0.025386121640604956, ""C14"": 0.025386121640604956, ""C15"": 0.025386121640604956, ""C16"": 0.024486773648171582, ""C17"": 0.025386121640604956, ""C18"": 0.025386121640604956, ""C19"": 0.025386121640604956, ""C20"": 0.025386121640604956}"
54,54,1,655,3.893259,20,"{""C01"": 1.181148, ""C02"": 1.194269, ""C03"": 1.198891, ""C04"": 1.202246, ""C05"": 1.212162, ""C06"": 1.179531, ""C07"": 1.201354, ""C08"": 1.631721, ""C09"": 1.548452, ""C10"": 1.592336, ""C11"": 1.63214, ""C12"": 1.658551, ""C13"": 1.668552, ""C14"": 1.549303, ""C15"": 1.632912, ""C16"": 2.423109, ""C17"": 2.333277, ""C18"": 2.335548, ""C19"": 2.358262, ""C20"": 2.33973}","{""C01"": 0, ""C02"": 0, ""C03"": 0, ""C04"": 0, ""C05"": 0, ""C06"": 0, ""C07"": 0, ""C08"": 0, ""C09"": 0, ""C10"": 0, ""C11"": 0, ""C12"": 0, ""C13"": 0, ""C14"": 0, ""C15"": 0, ""C16"": 1555, ""C17"": 0, ""C18"": 0, ""C19"": 0, ""C20"": 0}","{""C01"": 0.025383497118356718, ""C02"": 0.025383497118356718, ""C03"": 0.025383497118356718, ""C04"": 0.025383497118356718, ""C05"": 0.025383497118356718, ""C06"": 0.025383497118356718, ""C07"": 0.025383497118356718, ""C08"": 0.025383497118356718, ""C09"": 0.025383497118356718, ""C10"": 0.025383497118356718, ""C11"": 0.025383497118356718, ""C12"": 0.025383497118356718, ""C13"": 0.025383497118356718, ""C14"": 0.025383497118356718, ""C15"": 0.025383497118356718, ""C16"": 0.024482991161624765, ""C17"": 0.025383497118356718, ""C18"": 0.025383497118356718, ""C19"": 0.025383497118356718, ""C20"": 0.025383497118356718}"
55,55,1,679,4.049428,20,"{""C01"": 1.180246, ""C02"": 1.189696, ""C03"": 1.19292, ""C04"": 1.197809, ""C05"": 1.211469, ""C06"": 1.178198, ""C07"": 1.195408, ""C08"": 1.636692, ""C09"": 1.55716, ""C10"": 1.600892, ""C11"": 1.636725, ""C12"": 1.657214, ""C13"": 1.662128, ""C14"": 1.557318, ""C15"": 1.638164, ""C16"": 2.412652, ""C17"": 2.325702, ""C18"": 2.334774, ""C19"": 2.365009, ""C20"": 2.338384}","{""C01"": 0, ""C02"": 0, ""C03"": 0, ""C04"": 0, ""C05"": 0, ""C06"": 0, ""C07"": 0, ""C08"": 0, ""C09"": 0, ""C10"": 0, ""C11"": 0, ""C12"": 0, ""C13"": 0, ""C14"": 0, ""C15"": 0, ""C16"": 1557, ""C17"": 0, ""C18"": 0, ""C19"": 0, ""C20"": 0}","{""C01"": 0.025380734408326347, ""C02"": 0.025380734408326347, ""C03"": 0.025380734408326347, ""C04"": 0.025380734408326347, ""C05"": 0.025380734408326347, ""C06"": 0.025380734408326347, ""C07"": 0.025380734408326347, ""C08"": 0.025380734408326347, ""C09"": 0.025380734408326347, ""C10"": 0.025380734408326347, ""C11"": 0.025380734408326347, ""C12"": 0.025380734408326347, ""C13"": 0.025380734408326347, ""C14"": 0.025380734408326347, ""C15"": 0.025380734408326347, ""C16"": 0.024479070852530902, ""C17"": 0.025380734408326347, ""C18"": 0.025380734408326347, ""C19"": 0.025380734408326347, ""C20"": 0.025380734408326347}"
56,56,1,949,5.383502,20,"{""C01"": 1.177847, ""C02"": 1.184281, ""C03"": 1.187151, ""C04"": 1.194514, ""C05"": 1.212313, ""C06"": 1.175485, ""C07"": 1.18948, ""C08"": 1.643336, ""C09"": 1.56627, ""C10"": 1.608374, ""C11"": 1.639252, ""C12"": 1.653788, ""C13"": 1.654552, ""C14"": 1.565774, ""C15"": 1.641239, ""C16"": 2.402586, ""C17"": 2.320192, ""C18"": 2.336745, ""C19"": 2.373865, ""C20"": 2.339723}","{""C01"": 0, ""C02"": 0, ""C03"": 0, ""C04"": 0, ""C05"": 0, ""C06"": 0, ""C07"": 0, ""C08"": 0, ""C09"": 0, ""C10"": 0, ""C11"": 0, ""C12"": 0, ""C13"": 0, ""C14"": 0, ""C15"": 0, ""C16"": 1559, ""C17"": 0, ""C18"": 0, ""C19"": 0, ""C20"": 0}","{""C01"": 0.025378097449524906, ""C02"": 0.025378097449524906, ""C03"": 0.025378097449524906, ""C04"": 0.025378097449524906, ""C05"": 0.025378097449524906, ""C06"": 0.025378097449524906, ""C07"": 0.025378097449524906, ""C08"": 0.025378097449524906, ""C09"": 0.025378097449524906, ""C10"": 0.025378097449524906, ""C11"": 0.025378097449524906, ""C12"": 0.025378097449524906, ""C13"": 0.025378097449524906, ""C14"": 0.025378097449524906, ""C15"": 0.025378097449524906, ""C16"": 0.024475275958789146, ""C17"": 0.025378097449524906, ""C18"": 0.025378097449524906, ""C19"": 0.025378097449524906, ""C20"": 0.025378097449524906}"
57,57,1,465,2.705234,20,"{""C01"": 1.174117, ""C02"": 1.178379, ""C03"": 1.18196, ""C04"": 1.192582, ""C05"": 1.214655, ""C06"": 1.171569, ""C07"": 1.183955, ""C08"": 1.651269, ""C09"": 1.575242, ""C10"": 1.614344, ""C11"": 1.63959, ""C12"": 1.648514, ""C13"": 1.646324, ""C14"": 1.57415, ""C15"": 1.64198, ""C16"": 2.393583, ""C17"": 2.317139, ""C18"": 2.341386, ""C19"": 2.384327, ""C20"": 2.343688}","{""C01"": 0, ""C02"": 0, ""C03"": 0, ""C04"": 0, ""C05"": 0, ""C06"": 0, ""C07"": 0, ""C08"": 0, ""C09"": 0, ""C10"": 0, ""C11"": 0, ""C12"": 0, ""C13"": 0, ""C14"": 0, ""C15"": 0, ""C16"": 914, ""C17"": 0, ""C18"": 0, ""C19"": 649, ""C20"": 0}","{""C01"": 0.025375546738986454, ""C02"": 0.025375546738986454, ""C03"": 0.025375546738986454, ""C04"": 0.025375546738986454, ""C05"": 0.025375546738986454, ""C06"": 0.025375546738986454, ""C07"": 0.025375546738986454, ""C08"": 0.025375546738986454, ""C09"": 0.025375546738986454, ""C10"": 0.025375546738986454, ""C11"": 0.025375546738986454, ""C12"": 0.025375546738986454, ""C13"": 0.025375546738986454, ""C14"": 0.025375546738986454, ""C15"": 0.025375546738986454, ""C16"": 0.024846258247635124, ""C17"": 0.025375546738986454, ""C18"": 0.025375546738986454, ""C19"": 0.024999707405649146, ""C20"": 0.025375546738986454}"
58,58,1,464,2.741827,20,"{""C01"": 1.169302, ""C02"": 1.172371, ""C03"": 1.177683, ""C04"": 1.192148, ""C05"": 1.218367, ""C06"": 1.166703, ""C07"": 1.179187, ""C08"": 1.660022, ""C09"": 1.583544, ""C10"": 1.618456, ""C11"": 1.637745, ""C12"": 1.641744, ""C13"": 1.63798, ""C14"": 1.58193, ""C15"": 1.640376, ""C16"": 2.386248, ""C17"": 2.316776, ""C18"": 2.348454, ""C19"": 2.395788, ""C20"": 2.350051}","{""C01"": 0, ""C02"": 0, ""C03"": 0, ""C04"": 0, ""C05"": 0, ""C06"": 0, ""C07"": 0, ""C08"": 0, ""C09"": 0, ""C10"": 0, ""C11"": 0, ""C12"": 0, ""C13"": 0, ""C14"": 0, ""C15"": 0, ""C16"": 661, ""C17"": 0, ""C18"": 0, ""C19"": 902, ""C20"": 0}","{""C01"": 0.025376314772381295, ""C02"": 0.025376314772381295, ""C03"": 0.025376314772381295, ""C04"": 0.025376314772381295, ""C05"": 0.025376314772381295, ""C06"": 0.025376314772381295, ""C07"": 0.025376314772381295, ""C08"": 0.025376314772381295, ""C09"": 0.025376314772381295, ""C10"": 0.025376314772381295, ""C11"": 0.025376314772381295, ""C12"": 0.025376314772381295, ""C13"": 0.025376314772381295, ""C14"": 0.025376314772381295, ""C15"": 0.025376314772381295, ""C16"": 0.02499352478635232, ""C17"": 0.025376314772381295, ""C18"": 0.025376314772381295, ""C19"": 0.024853974074618514, ""C20"": 0.025376314772381295}"
59,59,1,896,5.449351,20,"{""C01"": 1.163717, ""C02"": 1.166645, ""C03"": 1.174602, ""C04"": 1.193253, ""C05"": 1.223232, ""C06"": 1.161204, ""C07"": 1.175482, ""C08"": 1.669075, ""C09"": 1.590683, ""C10"": 1.620479, ""C11"": 1.633853, ""C12"": 1.633924, ""C13"": 1.630063, ""C14"": 1.588637, ""C15"": 1.636552, ""C16"": 2.381077, ""C17"": 2.319167, ""C18"": 2.357549, ""C19"": 2.407577, ""C20"": 2.358428}","{""C01"": 0, ""C02"": 0, ""C03"": 0, ""C04"": 0, ""C05"": 0, ""C06"": 0, ""C07"": 0, ""C08"": 0, ""C09"": 0, ""C10"": 0, ""C11"": 0, ""C12"": 0, ""C13"": 0, ""C14"": 0, ""C15"": 0, ""C16"": 0, ""C17"": 0, ""C18"": 0, ""C19"": 1558, ""C20"": 0}","{""C01"": 0.02537940266758079, ""C02"": 0.02537940266758079, ""C03"": 0.02537940266758079, ""C04"": 0.02537940266758079, ""C05"": 0.02537940266758079, ""C06"": 0.02537940266758079, ""C07"": 0.02537940266758079, ""C08"": 0.02537940266758079, ""C09"": 0.02537940266758079, ""C10"": 0.02537940266758079, ""C11"": 0.02537940266758079, ""C12"": 0.02537940266758079, ""C13"": 0.02537940266758079, ""C14"": 0.02537940266758079, ""C15"": 0.02537940266758079, ""C16"": 0.02537940266758079, ""C17"": 0.02537940266758079, ""C18"": 0.02537940266758079, ""C19"": 0.02447716017969314, ""C20"": 0.02537940266758079}"
60,60,1,813,4.634742,20,"{""C01"": 1.157722, ""C02"": 1.16157, ""C03"": 1.172921, ""C04"": 1.195842, ""C05"": 1.228961, ""C06"": 1.155429, ""C07"": 1.173079, ""C08"": 1.677887, ""C09"": 1.596238, ""C10"": 1.620308, ""C11"": 1.628181, ""C12"": 1.625561, ""C13"": 1.623087, ""C14"": 1.593862, ""C15"": 1.630772, ""C16"": 2.378432, ""C17"": 2.324201, ""C18"": 2.368144, ""C19"": 2.419, ""C20"": 2.368307}","{""C01"": 0, ""C02"": 0, ""C03"": 0, ""C04"": 0, ""C05"": 0, ""C06"": 0, ""C07"": 0, ""C08"": 0, ""C09"": 0, ""C10"": 0, ""C11"": 0, ""C12"": 0, ""C13"": 0, ""C14"": 0, ""C15"": 0, ""C16"": 0, ""C17"": 0, ""C18"": 0, ""C19"": 1556, ""C20"": 0}","{""C01"": 0.02538253925958496, ""C02"": 0.02538253925958496, ""C03"": 0.02538253925958496, ""C04"": 0.02538253925958496, ""C05"": 0.02538253925958496, ""C06"": 0.02538253925958496, ""C07"": 0.02538253925958496, ""C08"": 0.02538253925958496, ""C09"": 0.02538253925958496, ""C10"": 0.02538253925958496, ""C11"": 0.02538253925958496, ""C12"": 0.02538253925958496, ""C13"": 0.02538253925958496, ""C14"": 0.02538253925958496, ""C15"": 0.02538253925958496, ""C16"": 0.02538253925958496, ""C17"": 0.02538253925958496, ""C18"": 0.02538253925958496, ""C19"": 0.02448145337878201, ""C20"": 0.02538253925958496}"
61,61,1,683,3.889498,20,"{""C01"": 1.151701, ""C02"": 1.157474, ""C03"": 1.172757, ""C04"": 1.199767, ""C05"": 1.235209, ""C06"": 1.149753, ""C07"": 1.172131, ""C08"": 1.685931, ""C09"": 1.599884, ""C10"": 1.617974, ""C11"": 1.6211, ""C12"": 1.617197, ""C13"": 1.617507, ""C14"": 1.59729, ""C15"": 1.623413, ""C16"": 2.378511, ""C17"": 2.331601, ""C18"": 2.379617, ""C19"": 2.429382, ""C20"": 2.379083}","{""C01"": 0, ""C02"": 0, ""C03"": 0, ""C04"": 0, ""C05"": 0, ""C06"": 0, ""C07"": 0, ""C08"": 0, ""C09"": 0, ""C10"": 0, ""C11"": 0, ""C12"": 0, ""C13"": 0, ""C14"": 0, ""C15"": 0, ""C16"": 0, ""C17"": 0, ""C18"": 0, ""C19"": 1553, ""C20"": 0}","{""C01"": 0.025384676161368358, ""C02"": 0.025384676161368358, ""C03"": 0.025384676161368358, ""C04"": 0.025384676161368358, ""C05"": 0.025384676161368358, ""C06"": 0.025384676161368358, ""C07"": 0.025384676161368358, ""C08"": 0.025384676161368358, ""C09"": 0.025384676161368358, ""C10"": 0.025384676161368358, ""C11"": 0.025384676161368358, ""C12"": 0.025384676161368358, ""C13"": 0.025384676161368358, ""C14"": 0.025384676161368358, ""C15"": 0.025384676161368358, ""C16"": 0.025384676161368358, ""C17"": 0.025384676161368358, ""C18"": 0.025384676161368358, ""C19"": 0.024485332016252324, ""C20"": 0.025384676161368358}"
62,62,1,743,5.684728,20,"{""C01"": 1.146042, ""C02"": 1.154624, ""C03"": 1.174131, ""C04"": 1.204795, ""C05"": 1.241599, ""C06"": 1.144552, ""C07"": 1.172702, ""C08"": 1.692726, ""C09"": 1.601413, ""C10"": 1.613643, ""C11"": 1.61307, ""C12"": 1.609369, ""C13"": 1.613688, ""C14"": 1.598719, ""C15"": 1.614946, ""C16"": 2.381343, ""C17"": 2.34094, ""C18"": 2.391287, ""C19"": 2.438111, ""C20"": 2.390091}","{""C01"": 0, ""C02"": 0, ""C03"": 0, ""C04"": 0, ""C05"": 0, ""C06"": 0, ""C07"": 0, ""C08"": 0, ""C09"": 0, ""C10"": 0, ""C11"": 0, ""C12"": 0, ""C13"": 0, ""C14"": 0, ""C15"": 0, ""C16"": 0, ""C17"": 0, ""C18"": 0, ""C19"": 1552, ""C20"": 0}","{""C01"": 0.025387345430086833, ""C02"": 0.025387345430086833, ""C03"": 0.025387345430086833, ""C04"": 0.025387345430086833, ""C05"": 0.025387345430086833, ""C06"": 0.025387345430086833, ""C07"": 0.025387345430086833, ""C08"": 0.025387345430086833, ""C09"": 0.025387345430086833, ""C10"": 0.025387345430086833, ""C11"": 0.025387345430086833, ""C12"": 0.025387345430086833, ""C13"": 0.025387345430086833, ""C14"": 0.025387345430086833, ""C15"": 0.025387345430086833, ""C16"": 0.025387345430086833, ""C17"": 0.025387345430086833, ""C18"": 0.025387345430086833, ""C19"": 0.024488576654871176, ""C20"": 0.025387345430086833}"
63,63,1,1066,6.223478,20,"{""C01"": 1.141106, ""C02"": 1.153207, ""C03"": 1.17697, ""C04"": 1.210623, ""C05"": 1.247746, ""C06"": 1.140172, ""C07"": 1.174761, ""C08"": 1.697867, ""C09"": 1.600748, ""C10"": 1.607601, ""C11"": 1.604609, ""C12"": 1.602584, ""C13"": 1.611886, ""C14"": 1.598075, ""C15"": 1.605908, ""C16"": 2.386782, ""C17"": 2.351669, ""C18"": 2.40246, ""C19"": 2.444674, ""C20"": 2.400651}","{""C01"": 0, ""C02"": 0, ""C03"": 0, ""C04"": 0, ""C05"": 0, ""C06"": 0, ""C07"": 0, ""C08"": 0, ""C09"": 0, ""C10"": 0, ""C11"": 0, ""C12"": 0, ""C13"": 0, ""C14"": 0, ""C15"": 0, ""C16"": 0, ""C17"": 0, ""C18"": 0, ""C19"": 1550, ""C20"": 0}","{""C01"": 0.025388612995322482, ""C02"": 0.025388612995322482, ""C03"": 0.025388612995322482, ""C04"": 0.025388612995322482, ""C05"": 0.025388612995322482, ""C06"": 0.025388612995322482, ""C07"": 0.025388612995322482, ""C08"": 0.025388612995322482, ""C09"": 0.025388612995322482, ""C10"": 0.025388612995322482, ""C11"": 0.025388612995322482, ""C12"": 0.025388612995322482, ""C13"": 0.025388612995322482, ""C14"": 0.025388612995322482, ""C15"": 0.025388612995322482, ""C16"": 0.025388612995322482, ""C17"": 0.025388612995322482, ""C18"": 0.025388612995322482, ""C19"": 0.024491005801724558, ""C20"": 0.025388612995322482}"
64,64,1,1098,6.371302,20,"{""C01"": 1.13721, ""C02"": 1.153322, ""C03"": 1.181105, ""C04"": 1.2169, ""C05"": 1.253277, ""C06"": 1.136908, ""C07"": 1.178179, ""C08"": 1.701051, ""C09"": 1.597948, ""C10"": 1.600241, ""C11"": 1.596258, ""C12"": 1.597279, ""C13"": 1.61223, ""C14"": 1.595417, ""C15"": 1.596866, ""C16"": 2.394521, ""C17"": 2.363148, ""C18"": 2.412469, ""C19"": 2.448693, ""C20"": 2.41011}","{""C01"": 0, ""C02"": 0, ""C03"": 0, ""C04"": 0, ""C05"": 0, ""C06"": 0, ""C07"": 0, ""C08"": 0, ""C09"": 0, ""C10"": 0, ""C11"": 0, ""C12"": 0, ""C13"": 0, ""C14"": 0, ""C15"": 0, ""C16"": 0, ""C17"": 0, ""C18"": 0, ""C19"": 1549, ""C20"": 0}","{""C01"": 0.025389516240748852, ""C02"": 0.025389516240748852, ""C03"": 0.025389516240748852, ""C04"": 0.025389516240748852, ""C05"": 0.025389516240748852, ""C06"": 0.025389516240748852, ""C07"": 0.025389516240748852, ""C08"": 0.025389516240748852, ""C09"": 0.025389516240748852, ""C10"": 0.025389516240748852, ""C11"": 0.025389516240748852, ""C12"": 0.025389516240748852, ""C13"": 0.025389516240748852, ""C14"": 0.025389516240748852, ""C15"": 0.025389516240748852, ""C16"": 0.025389516240748852, ""C17"": 0.025389516240748852, ""C18"": 0.025389516240748852, ""C19"": 0.024492489121925004, ""C20"": 0.025389516240748852}"
65,65,1,1117,7.984494,20,"{""C01"": 1.134605, ""C02"": 1.15497, ""C03"": 1.186291, ""C04"": 1.223244, ""C05"": 1.257857, ""C06"": 1.134989, ""C07"": 1.182749, ""C08"": 1.702096, ""C09"": 1.5932, ""C10"": 1.592035, ""C11"": 1.588554, ""C12"": 1.5938, ""C13"": 1.614713, ""C14"": 1.590926, ""C15"": 1.588387, ""C16"": 2.404103, ""C17"": 2.374692, ""C18"": 2.42072, ""C19"": 2.449944, ""C20"": 2.417886}","{""C01"": 0, ""C02"": 0, ""C03"": 0, ""C04"": 0, ""C05"": 0, ""C06"": 0, ""C07"": 0, ""C08"": 0, ""C09"": 0, ""C10"": 0, ""C11"": 0, ""C12"": 0, ""C13"": 0, ""C14"": 0, ""C15"": 0, ""C16"": 0, ""C17"": 0, ""C18"": 0, ""C19"": 1549, ""C20"": 0}","{""C01"": 0.025389978682716863, ""C02"": 0.025389978682716863, ""C03"": 0.025389978682716863, ""C04"": 0.025389978682716863, ""C05"": 0.025389978682716863, ""C06"": 0.025389978682716863, ""C07"": 0.025389978682716863, ""C08"": 0.025389978682716863, ""C09"": 0.025389978682716863, ""C10"": 0.025389978682716863, ""C11"": 0.025389978682716863, ""C12"": 0.025389978682716863, ""C13"": 0.025389978682716863, ""C14"": 0.025389978682716863, ""C15"": 0.025389978682716863, ""C16"": 0.025389978682716863, ""C17"": 0.025389978682716863, ""C18"": 0.025389978682716863, ""C19"": 0.02449295032963303, ""C20"": 0.025389978682716863}"
66,66,1,989,5.850133,20,"{""C01"": 1.133464, ""C02"": 1.158057, ""C03"": 1.192212, ""C04"": 1.22927, ""C05"": 1.26121, ""C06"": 1.134564, ""C07"": 1.188189, ""C08"": 1.70095, ""C09"": 1.586816, ""C10"": 1.583508, ""C11"": 1.581988, ""C12"": 1.592377, ""C13"": 1.619196, ""C14"": 1.584909, ""C15"": 1.580996, ""C16"": 2.414958, ""C17"": 2.385607, ""C18"": 2.426723, ""C19"": 2.448374, ""C20"": 2.4235}","{""C01"": 0, ""C02"": 0, ""C03"": 0, ""C04"": 0, ""C05"": 0, ""C06"": 0, ""C07"": 0, ""C08"": 0, ""C09"": 0, ""C10"": 0, ""C11"": 0, ""C12"": 0, ""C13"": 0, ""C14"": 0, ""C15"": 0, ""C16"": 0, ""C17"": 0, ""C18"": 320, ""C19"": 1232, ""C20"": 0}","{""C01"": 0.02538949777956935, ""C02"": 0.02538949777956935, ""C03"": 0.02538949777956935, ""C04"": 0.02538949777956935, ""C05"": 0.02538949777956935, ""C06"": 0.02538949777956935, ""C07"": 0.02538949777956935, ""C08"": 0.02538949777956935, ""C09"": 0.02538949777956935, ""C10"": 0.02538949777956935, ""C11"": 0.02538949777956935, ""C12"": 0.02538949777956935, ""C13"": 0.02538949777956935, ""C14"": 0.02538949777956935, ""C15"": 0.02538949777956935, ""C16"": 0.02538949777956935, ""C17"": 0.02538949777956935, ""C18"": 0.02520417996256268, ""C19"": 0.024676050599208733, ""C20"": 0.02538949777956935}"
67,67,1,325,1.870920,20,"{""C01"": 1.133863, ""C02"": 1.1624, ""C03"": 1.198508, ""C04"": 1.234611, ""C05"": 1.263135, ""C06"": 1.135682, ""C07"": 1.194162, ""C08"": 1.6977, ""C09"": 1.579205, ""C10"": 1.575204, ""C11"": 1.576983, ""C12"": 1.593113, ""C13"": 1.625413, ""C14"": 1.577762, ""C15"": 1.575153, ""C16"": 2.426436, ""C17"": 2.395238, ""C18"": 2.43013, ""C19"": 2.444106, ""C20"": 2.426614}","{""C01"": 0, ""C02"": 0, ""C03"": 0, ""C04"": 0, ""C05"": 0, ""C06"": 0, ""C07"": 0, ""C08"": 0, ""C09"": 0, ""C10"": 0, ""C11"": 0, ""C12"": 0, ""C13"": 0, ""C14"": 0, ""C15"": 0, ""C16"": 314, ""C17"": 0, ""C18"": 319, ""C19"": 609, ""C20"": 315}","{""C01"": 0.025388783110475696, ""C02"": 0.025388783110475696, ""C03"": 0.025388783110475696, ""C04"": 0.025388783110475696, ""C05"": 0.025388783110475696, ""C06"": 0.025388783110475696, ""C07"": 0.025388783110475696, ""C08"": 0.025388783110475696, ""C09"": 0.025388783110475696, ""C10"": 0.025388783110475696, ""C11"": 0.025388783110475696, ""C12"": 0.025388783110475696, ""C13"": 0.025388783110475696, ""C14"": 0.025388783110475696, ""C15"": 0.025388783110475696, ""C16"": 0.025206940566657166, ""C17"": 0.025388783110475696, ""C18"": 0.025204047121054042, ""C19"": 0.025036123477926765, ""C20"": 0.025206361490983854}"
68,68,1,337,2.065492,20,"{""C01"": 1.135786, ""C02"": 1.167737, ""C03"": 1.204797, ""C04"": 1.238943, ""C05"": 1.263522, ""C06"": 1.138302, ""C07"": 1.200305, ""C08"": 1.692559, ""C09"": 1.570854, ""C10"": 1.567651, ""C11"": 1.573862, ""C12"": 1.595973, ""C13"": 1.632991, ""C14"": 1.56996, ""C15"": 1.571217, ""C16"": 2.437842, ""C17"": 2.403008, ""C18"": 2.430749, ""C19"": 2.437424, ""C20"": 2.427041}","{""C01"": 0, ""C02"": 0, ""C03"": 0, ""C04"": 0, ""C05"": 0, ""C06"": 0, ""C07"": 0, ""C08"": 0, ""C09"": 0, ""C10"": 0, ""C11"": 0, ""C12"": 0, ""C13"": 0, ""C14"": 0, ""C15"": 0, ""C16"": 486, ""C17"": 0, ""C18"": 317, ""C19"": 439, ""C20"": 313}","{""C01"": 0.02538760491125297, ""C02"": 0.02538760491125297, ""C03"": 0.02538760491125297, ""C04"": 0.02538760491125297, ""C05"": 0.02538760491125297, ""C06"": 0.02538760491125297, ""C07"": 0.02538760491125297, ""C08"": 0.02538760491125297, ""C09"": 0.02538760491125297, ""C10"": 0.02538760491125297, ""C11"": 0.02538760491125297, ""C12"": 0.02538760491125297, ""C13"": 0.02538760491125297, ""C14"": 0.02538760491125297, ""C15"": 0.02538760491125297, ""C16"": 0.025106173325510375, ""C17"": 0.02538760491125297, ""C18"": 0.02520403249393211, ""C19"": 0.025133391085089375, ""C20"": 0.02520634472404177}"
69,69,1,848,5.126309,20,"{""C01"": 1.139121, ""C02"": 1.173742, ""C03"": 1.210693, ""C04"": 1.242002, ""C05"": 1.262351, ""C06"": 1.142287, ""C07"": 1.206239, ""C08"": 1.685858, ""C09"": 1.562293, ""C10"": 1.561331, ""C11"": 1.572831, ""C12"": 1.600792, ""C13"": 1.641469, ""C14"": 1.562018, ""C15"": 1.569431, ""C16"": 2.448489, ""C17"": 2.408454, ""C18"": 2.428563, ""C19"": 2.428765, ""C20"": 2.424768}","{""C01"": 0, ""C02"": 0, ""C03"": 0, ""C04"": 0, ""C05"": 0, ""C06"": 0, ""C07"": 0, ""C08"": 0, ""C09"": 0, ""C10"": 0, ""C11"": 0, ""C12"": 0, ""C13"": 0, ""C14"": 0, ""C15"": 0, ""C16"": 929, ""C17"": 0, ""C18"": 313, ""C19"": 313, ""C20"": 0}","{""C01"": 0.02538998504944813, ""C02"": 0.02538998504944813, ""C03"": 0.02538998504944813, ""C04"": 0.02538998504944813, ""C05"": 0.02538998504944813, ""C06"": 0.02538998504944813, ""C07"": 0.02538998504944813, ""C08"": 0.02538998504944813, ""C09"": 0.02538998504944813, ""C10"": 0.02538998504944813, ""C11"": 0.02538998504944813, ""C12"": 0.02538998504944813, ""C13"": 0.02538998504944813, ""C14"": 0.02538998504944813, ""C15"": 0.02538998504944813, ""C16"": 0.02485200681563778, ""C17"": 0.02538998504944813, ""C18"": 0.02520872105968848, ""C19"": 0.02520872105968848, ""C20"": 0.02538998504944813}"
70,70,1,1250,8.765435,20,"{""C01"": 1.143666, ""C02"": 1.180048, ""C03"": 1.215836, ""C04"": 1.243606, ""C05"": 1.259704, ""C06"": 1.14741, ""C07"": 1.211602, ""C08"": 1.678025, ""C09"": 1.554064, ""C10"": 1.556647, ""C11"": 1.573966, ""C12"": 1.607281, ""C13"": 1.650331, ""C14"": 1.554458, ""C15"": 1.569902, ""C16"": 2.457734, ""C17"": 2.411255, ""C18"": 2.423726, ""C19"": 2.418687, ""C20"": 2.419952}","{""C01"": 0, ""C02"": 0, ""C03"": 0, ""C04"": 0, ""C05"": 0, ""C06"": 0, ""C07"": 0, ""C08"": 0, ""C09"": 0, ""C10"": 0, ""C11"": 0, ""C12"": 0, ""C13"": 0, ""C14"": 0, ""C15"": 0, ""C16"": 1548, ""C17"": 0, ""C18"": 0, ""C19"": 0, ""C20"": 0}","{""C01"": 0.02539226670914431, ""C02"": 0.02539226670914431, ""C03"": 0.02539226670914431, ""C04"": 0.02539226670914431, ""C05"": 0.02539226670914431, ""C06"": 0.02539226670914431, ""C07"": 0.02539226670914431, ""C08"": 0.02539226670914431, ""C09"": 0.02539226670914431, ""C10"": 0.02539226670914431, ""C11"": 0.02539226670914431, ""C12"": 0.02539226670914431, ""C13"": 0.02539226670914431, ""C14"": 0.02539226670914431, ""C15"": 0.02539226670914431, ""C16"": 0.024495814732438167, ""C17"": 0.02539226670914431, ""C18"": 0.02539226670914431, ""C19"": 0.02539226670914431, ""C20"": 0.02539226670914431}"
71,71,1,701,4.114098,20,"{""C01"": 1.149146, ""C02"": 1.186269, ""C03"": 1.219914, ""C04"": 1.243661, ""C05"": 1.255749, ""C06"": 1.153378, ""C07"": 1.21607, ""C08"": 1.669558, ""C09"": 1.546691, ""C10"": 1.553901, ""C11"": 1.577204, ""C12"": 1.615047, ""C13"": 1.659037, ""C14"": 1.547787, ""C15"": 1.572598, ""C16"": 2.465018, ""C17"": 2.411256, ""C18"": 2.416556, ""C19"": 2.407833, ""C20"": 2.412911}","{""C01"": 0, ""C02"": 0, ""C03"": 0, ""C04"": 0, ""C05"": 0, ""C06"": 0, ""C07"": 0, ""C08"": 0, ""C09"": 0, ""C10"": 0, ""C11"": 0, ""C12"": 0, ""C13"": 0, ""C14"": 0, ""C15"": 0, ""C16"": 1546, ""C17"": 0, ""C18"": 0, ""C19"": 0, ""C20"": 0}","{""C01"": 0.025393773056539504, ""C02"": 0.025393773056539504, ""C03"": 0.025393773056539504, ""C04"": 0.025393773056539504, ""C05"": 0.025393773056539504, ""C06"": 0.025393773056539504, ""C07"": 0.025393773056539504, ""C08"": 0.025393773056539504, ""C09"": 0.025393773056539504, ""C10"": 0.025393773056539504, ""C11"": 0.025393773056539504, ""C12"": 0.025393773056539504, ""C13"": 0.025393773056539504, ""C14"": 0.025393773056539504, ""C15"": 0.025393773056539504, ""C16"": 0.02449848203105257, ""C17"": 0.025393773056539504, ""C18"": 0.025393773056539504, ""C19"": 0.025393773056539504, ""C20"": 0.025393773056539504}"
72,72,1,654,4.369367,20,"{""C01"": 1.155224, ""C02"": 1.192025, ""C03"": 1.222677, ""C04"": 1.242169, ""C05"": 1.25074, ""C06"": 1.159834, ""C07"": 1.219372, ""C08"": 1.660991, ""C09"": 1.54064, ""C10"": 1.553273, ""C11"": 1.582355, ""C12"": 1.623615, ""C13"": 1.667054, ""C14"": 1.542449, ""C15"": 1.577352, ""C16"": 2.469906, ""C17"": 2.408472, ""C18"": 2.407516, ""C19"": 2.396894, ""C20"": 2.404103}","{""C01"": 0, ""C02"": 0, ""C03"": 0, ""C04"": 0, ""C05"": 0, ""C06"": 0, ""C07"": 0, ""C08"": 0, ""C09"": 0, ""C10"": 0, ""C11"": 0, ""C12"": 0, ""C13"": 0, ""C14"": 0, ""C15"": 0, ""C16"": 1545, ""C17"": 0, ""C18"": 0, ""C19"": 0, ""C20"": 0}","{""C01"": 0.025394977974290953, ""C02"": 0.025394977974290953, ""C03"": 0.025394977974290953, ""C04"": 0.025394977974290953, ""C05"": 0.025394977974290953, ""C06"": 0.025394977974290953, ""C07"": 0.025394977974290953, ""C08"": 0.025394977974290953, ""C09"": 0.025394977974290953, ""C10"": 0.025394977974290953, ""C11"": 0.025394977974290953, ""C12"": 0.025394977974290953, ""C13"": 0.025394977974290953, ""C14"": 0.025394977974290953, ""C15"": 0.025394977974290953, ""C16"": 0.024500266217834746, ""C17"": 0.025394977974290953, ""C18"": 0.025394977974290953, ""C19"": 0.025394977974290953, ""C20"": 0.025394977974290953}"
73,73,1,554,4.028583,20,"{""C01"": 1.161528, ""C02"": 1.196963, ""C03"": 1.223959, ""C04"": 1.239227, ""C05"": 1.244992, ""C06"": 1.166393, ""C07"": 1.221316, ""C08"": 1.652866, ""C09"": 1.536296, ""C10"": 1.554811, ""C11"": 1.589107, ""C12"": 1.632463, ""C13"": 1.673893, ""C14"": 1.538809, ""C15"": 1.58387, ""C16"": 2.472108, ""C17"": 2.403092, ""C18"": 2.397183, ""C19"": 2.386565, ""C20"": 2.394102}","{""C01"": 0, ""C02"": 0, ""C03"": 0, ""C04"": 0, ""C05"": 0, ""C06"": 0, ""C07"": 0, ""C08"": 0, ""C09"": 0, ""C10"": 0, ""C11"": 0, ""C12"": 0, ""C13"": 0, ""C14"": 0, ""C15"": 0, ""C16"": 1545, ""C17"": 0, ""C18"": 0, ""C19"": 0, ""C20"": 0}","{""C01"": 0.025395782500766517, ""C02"": 0.025395782500766517, ""C03"": 0.025395782500766517, ""C04"": 0.025395782500766517, ""C05"": 0.025395782500766517, ""C06"": 0.025395782500766517, ""C07"": 0.025395782500766517, ""C08"": 0.025395782500766517, ""C09"": 0.025395782500766517, ""C10"": 0.025395782500766517, ""C11"": 0.025395782500766517, ""C12"": 0.025395782500766517, ""C13"": 0.025395782500766517, ""C14"": 0.025395782500766517, ""C15"": 0.025395782500766517, ""C16"": 0.02450106859092484, ""C17"": 0.025395782500766517, ""C18"": 0.025395782500766517, ""C19"": 0.025395782500766517, ""C20"": 0.025395782500766517}"
74,74,1,493,3.842460,20,"{""C01"": 1.167671, ""C02"": 1.20078, ""C03"": 1.223686, ""C04"": 1.235024, ""C05"": 1.238867, ""C06"": 1.17266, ""C07"": 1.22179, ""C08"": 1.645697, ""C09"": 1.533939, ""C10"": 1.558426, ""C11"": 1.597049, ""C12"": 1.641048, ""C13"": 1.679137, ""C14"": 1.537127, ""C15"": 1.591751, ""C16"": 2.471501, ""C17"": 2.395464, ""C18"": 2.386212, ""C19"": 2.377503, ""C20"": 2.383554}","{""C01"": 0, ""C02"": 0, ""C03"": 0, ""C04"": 0, ""C05"": 0, ""C06"": 0, ""C07"": 0, ""C08"": 0, ""C09"": 0, ""C10"": 0, ""C11"": 0, ""C12"": 0, ""C13"": 0, ""C14"": 0, ""C15"": 0, ""C16"": 1545, ""C17"": 0, ""C18"": 0, ""C19"": 0, ""C20"": 0}","{""C01"": 0.02539556083079418, ""C02"": 0.02539556083079418, ""C03"": 0.02539556083079418, ""C04"": 0.02539556083079418, ""C05"": 0.02539556083079418, ""C06"": 0.02539556083079418, ""C07"": 0.02539556083079418, ""C08"": 0.02539556083079418, ""C09"": 0.02539556083079418, ""C10"": 0.02539556083079418, ""C11"": 0.02539556083079418, ""C12"": 0.02539556083079418, ""C13"": 0.02539556083079418, ""C14"": 0.02539556083079418, ""C15"": 0.02539556083079418, ""C16"": 0.0245008475142796, ""C17"": 0.02539556083079418, ""C18"": 0.02539556083079418, ""C19"": 0.02539556083079418, ""C20"": 0.02539556083079418}"
75,75,1,490,3.371686,20,"{""C01"": 1.173277, ""C02"": 1.203243, ""C03"": 1.221879, ""C04"": 1.229826, ""C05"": 1.232752, ""C06"": 1.178253, ""C07"": 1.220778, ""C08"": 1.639937, ""C09"": 1.533721, ""C10"": 1.563903, ""C11"": 1.605693, ""C12"": 1.648844, ""C13"": 1.682467, ""C14"": 1.537535, ""C15"": 1.60051, ""C16"": 2.468138, ""C17"": 2.386076, ""C18"": 2.3753, ""C19"": 2.370285, ""C20"": 2.373148}","{""C01"": 0, ""C02"": 0, ""C03"": 0, ""C04"": 0, ""C05"": 0, ""C06"": 0, ""C07"": 0, ""C08"": 0, ""C09"": 0, ""C10"": 0, ""C11"": 0, ""C12"": 0, ""C13"": 0, ""C14"": 0, ""C15"": 0, ""C16"": 1546, ""C17"": 0, ""C18"": 0, ""C19"": 0, ""C20"": 0}","{""C01"": 0.02539491563651701, ""C02"": 0.02539491563651701, ""C03"": 0.02539491563651701, ""C04"": 0.02539491563651701, ""C05"": 0.02539491563651701, ""C06"": 0.02539491563651701, ""C07"": 0.02539491563651701, ""C08"": 0.02539491563651701, ""C09"": 0.02539491563651701, ""C10"": 0.02539491563651701, ""C11"": 0.02539491563651701, ""C12"": 0.02539491563651701, ""C13"": 0.02539491563651701, ""C14"": 0.02539491563651701, ""C15"": 0.02539491563651701, ""C16"": 0.024499621554931867, ""C17"": 0.02539491563651701, ""C18"": 0.02539491563651701, ""C19"": 0.02539491563651701, ""C20"": 0.02539491563651701}"
76,76,1,488,2.854885,20,"{""C01"": 1.177999, ""C02"": 1.204205, ""C03"": 1.218655, ""C04"": 1.22396, ""C05"": 1.227031, ""C06"": 1.182826, ""C07"": 1.218355, ""C08"": 1.635951, ""C09"": 1.535664, ""C10"": 1.570907, ""C11"": 1.61451, ""C12"": 1.655373, ""C13"": 1.683683, ""C14"": 1.540038, ""C15"": 1.609612, ""C16"": 2.462238, ""C17"": 2.375523, ""C18"": 2.365137, ""C19"": 2.365371, ""C20"": 2.363561}","{""C01"": 0, ""C02"": 0, ""C03"": 0, ""C04"": 0, ""C05"": 0, ""C06"": 0, ""C07"": 0, ""C08"": 0, ""C09"": 0, ""C10"": 0, ""C11"": 0, ""C12"": 0, ""C13"": 0, ""C14"": 0, ""C15"": 0, ""C16"": 1547, ""C17"": 0, ""C18"": 0, ""C19"": 0, ""C20"": 0}","{""C01"": 0.025393337680213762, ""C02"": 0.025393337680213762, ""C03"": 0.025393337680213762, ""C04"": 0.025393337680213762, ""C05"": 0.025393337680213762, ""C06"": 0.025393337680213762, ""C07"": 0.025393337680213762, ""C08"": 0.025393337680213762, ""C09"": 0.025393337680213762, ""C10"": 0.025393337680213762, ""C11"": 0.025393337680213762, ""C12"": 0.025393337680213762, ""C13"": 0.025393337680213762, ""C14"": 0.025393337680213762, ""C15"": 0.025393337680213762, ""C16"": 0.02449746532884841, ""C17"": 0.025393337680213762, ""C18"": 0.025393337680213762, ""C19"": 0.025393337680213762, ""C20"": 0.025393337680213762}"
77,77,1,466,2.794391,20,"{""C01"": 1.18155, ""C02"": 1.203608, ""C03"": 1.214217, ""C04"": 1.217794, ""C05"": 1.222062, ""C06"": 1.186098, ""C07"": 1.21468, ""C08"": 1.633993, ""C09"": 1.539653, ""C10"": 1.579009, ""C11"": 1.622958, ""C12"": 1.660236, ""C13"": 1.682716, ""C14"": 1.544504, ""C15"": 1.618503, ""C16"": 2.45418, ""C17"": 2.364473, ""C18"": 2.356366, ""C19"": 2.363078, ""C20"": 2.355425}","{""C01"": 0, ""C02"": 0, ""C03"": 0, ""C04"": 0, ""C05"": 0, ""C06"": 0, ""C07"": 0, ""C08"": 0, ""C09"": 0, ""C10"": 0, ""C11"": 0, ""C12"": 0, ""C13"": 0, ""C14"": 0, ""C15"": 0, ""C16"": 1548, ""C17"": 0, ""C18"": 0, ""C19"": 0, ""C20"": 0}","{""C01"": 0.02539095774088007, ""C02"": 0.02539095774088007, ""C03"": 0.02539095774088007, ""C04"": 0.02539095774088007, ""C05"": 0.02539095774088007, ""C06"": 0.02539095774088007, ""C07"": 0.02539095774088007, ""C08"": 0.02539095774088007, ""C09"": 0.02539095774088007, ""C10"": 0.02539095774088007, ""C11"": 0.02539095774088007, ""C12"": 0.02539095774088007, ""C13"": 0.02539095774088007, ""C14"": 0.02539095774088007, ""C15"": 0.02539095774088007, ""C16"": 0.02449450926036768, ""C17"": 0.02539095774088007, ""C18"": 0.02539095774088007, ""C19"": 0.02539095774088007, ""C20"": 0.02539095774088007}"
78,78,1,491,2.883251,20,"{""C01"": 1.183711, ""C02"": 1.201494, ""C03"": 1.208846, ""C04"": 1.211716, ""C05"": 1.21816, ""C06"": 1.187859, ""C07"": 1.209995, ""C08"": 1.634191, ""C09"": 1.545447, ""C10"": 1.587713, ""C11"": 1.630518, ""C12"": 1.663136, ""C13"": 1.679633, ""C14"": 1.550678, ""C15"": 1.626645, ""C16"": 2.444476, ""C17"": 2.353624, ""C18"": 2.349544, ""C19"": 2.36356, ""C20"": 2.34928}","{""C01"": 0, ""C02"": 0, ""C03"": 0, ""C04"": 0, ""C05"": 0, ""C06"": 0, ""C07"": 0, ""C08"": 0, ""C09"": 0, ""C10"": 0, ""C11"": 0, ""C12"": 0, ""C13"": 0, ""C14"": 0, ""C15"": 0, ""C16"": 1550, ""C17"": 0, ""C18"": 0, ""C19"": 0, ""C20"": 0}","{""C01"": 0.02538853961729308, ""C02"": 0.02538853961729308, ""C03"": 0.02538853961729308, ""C04"": 0.02538853961729308, ""C05"": 0.02538853961729308, ""C06"": 0.02538853961729308, ""C07"": 0.02538853961729308, ""C08"": 0.02538853961729308, ""C09"": 0.02538853961729308, ""C10"": 0.02538853961729308, ""C11"": 0.02538853961729308, ""C12"": 0.02538853961729308, ""C13"": 0.02538853961729308, ""C14"": 0.02538853961729308, ""C15"": 0.02538853961729308, ""C16"": 0.024490932619404895, ""C17"": 0.02538853961729308, ""C18"": 0.02538853961729308, ""C19"": 0.02538853961729308, ""C20"": 0.02538853961729308}"
79,79,1,575,3.358318,20,"{""C01"": 1.184351, ""C02"": 1.197998, ""C03"": 1.202879, ""C04"": 1.206107, ""C05"": 1.215569, ""C06"": 1.187993, ""C07"": 1.204601, ""C08"": 1.63654, ""C09"": 1.55269, ""C10"": 1.596482, ""C11"": 1.636725, ""C12"": 1.663899, ""C13"": 1.674631, ""C14"": 1.558193, ""C15"": 1.633547, ""C16"": 2.433738, ""C17"": 2.34366, ""C18"": 2.345103, ""C19"": 2.366796, ""C20"": 2.345546}","{""C01"": 0, ""C02"": 0, ""C03"": 0, ""C04"": 0, ""C05"": 0, ""C06"": 0, ""C07"": 0, ""C08"": 0, ""C09"": 0, ""C10"": 0, ""C11"": 0, ""C12"": 0, ""C13"": 0, ""C14"": 0, ""C15"": 0, ""C16"": 1553, ""C17"": 0, ""C18"": 0, ""C19"": 0, ""C20"": 0}","{""C01"": 0.025386301669875364, ""C02"": 0.025386301669875364, ""C03"": 0.025386301669875364, ""C04"": 0.025386301669875364, ""C05"": 0.025386301669875364, ""C06"": 0.025386301669875364, ""C07"": 0.025386301669875364, ""C08"": 0.025386301669875364, ""C09"": 0.025386301669875364, ""C10"": 0.025386301669875364, ""C11"": 0.025386301669875364, ""C12"": 0.025386301669875364, ""C13"": 0.025386301669875364, ""C14"": 0.025386301669875364, ""C15"": 0.025386301669875364, ""C16"": 0.0244869531982543, ""C17"": 0.025386301669875364, ""C18"": 0.025386301669875364, ""C19"": 0.025386301669875364, ""C20"": 0.025386301669875364}"
80,80,1,677,3.956854,20,"{""C01"": 1.183435, ""C02"": 1.193339, ""C03"": 1.19669, ""C04"": 1.201319, ""C05"": 1.214454, ""C06"": 1.186483, ""C07"": 1.198842, ""C08"": 1.640896, ""C09"": 1.560938, ""C10"": 1.604776, ""C11"": 1.641199, ""C12"": 1.662484, ""C13"": 1.668025, ""C14"": 1.566599, ""C15"": 1.638798, ""C16"": 2.422645, ""C17"": 2.33521, ""C18"": 2.343331, ""C19"": 2.372594, ""C20"": 2.344492}","{""C01"": 0, ""C02"": 0, ""C03"": 0, ""C04"": 0, ""C05"": 0, ""C06"": 0, ""C07"": 0, ""C08"": 0, ""C09"": 0, ""C10"": 0, ""C11"": 0, ""C12"": 0, ""C13"": 0, ""C14"": 0, ""C15"": 0, ""C16"": 1555, ""C17"": 0, ""C18"": 0, ""C19"": 0, ""C20"": 0}","{""C01"": 0.02538332316553911, ""C02"": 0.02538332316553911, ""C03"": 0.02538332316553911, ""C04"": 0.02538332316553911, ""C05"": 0.02538332316553911, ""C06"": 0.02538332316553911, ""C07"": 0.02538332316553911, ""C08"": 0.02538332316553911, ""C09"": 0.02538332316553911, ""C10"": 0.02538332316553911, ""C11"": 0.02538332316553911, ""C12"": 0.02538332316553911, ""C13"": 0.02538332316553911, ""C14"": 0.02538332316553911, ""C15"": 0.02538332316553911, ""C16"": 0.024482817671167723, ""C17"": 0.02538332316553911, ""C18"": 0.02538332316553911, ""C19"": 0.02538332316553911, ""C20"": 0.02538332316553911}"
81,81,1,944,5.516510,20,"{""C01"": 1.181022, ""C02"": 1.187811, ""C03"": 1.190667, ""C04"": 1.197652, ""C05"": 1.214888, ""C06"": 1.18341, ""C07"": 1.193083, ""C08"": 1.646996, ""C09"": 1.569683, ""C10"": 1.612085, ""C11"": 1.643667, ""C12"": 1.658982, ""C13"": 1.660232, ""C14"": 1.575381, ""C15"": 1.642092, ""C16"": 2.411893, ""C17"": 2.328807, ""C18"": 2.344344, ""C19"": 2.380603, ""C20"": 2.34622}","{""C01"": 0, ""C02"": 0, ""C03"": 0, ""C04"": 0, ""C05"": 0, ""C06"": 0, ""C07"": 0, ""C08"": 0, ""C09"": 0, ""C10"": 0, ""C11"": 0, ""C12"": 0, ""C13"": 0, ""C14"": 0, ""C15"": 0, ""C16"": 1557, ""C17"": 0, ""C18"": 0, ""C19"": 0, ""C20"": 0}","{""C01"": 0.02538044820066286, ""C02"": 0.02538044820066286, ""C03"": 0.02538044820066286, ""C04"": 0.02538044820066286, ""C05"": 0.02538044820066286, ""C06"": 0.02538044820066286, ""C07"": 0.02538044820066286, ""C08"": 0.02538044820066286, ""C09"": 0.02538044820066286, ""C10"": 0.02538044820066286, ""C11"": 0.02538044820066286, ""C12"": 0.02538044820066286, ""C13"": 0.02538044820066286, ""C14"": 0.02538044820066286, ""C15"": 0.02538044820066286, ""C16"": 0.02447878540452467, ""C17"": 0.02538044820066286, ""C18"": 0.02538044820066286, ""C19"": 0.02538044820066286, ""C20"": 0.02538044820066286}"
82,82,1,465,2.626371,20,"{""C01"": 1.177264, ""C02"": 1.181761, ""C03"": 1.185187, ""C04"": 1.195338, ""C05"": 1.216846, ""C06"": 1.178949, ""C07"": 1.187687, ""C08"": 1.654465, ""C09"": 1.578385, ""C10"": 1.617959, ""C11"": 1.643979, ""C12"": 1.653616, ""C13"": 1.651741, ""C14"": 1.583999, ""C15"": 1.643242, ""C16"": 2.402159, ""C17"": 2.324858, ""C18"": 2.348089, ""C19"": 2.390331, ""C20"": 2.350661}","{""C01"": 0, ""C02"": 0, ""C03"": 0, ""C04"": 0, ""C05"": 0, ""C06"": 0, ""C07"": 0, ""C08"": 0, ""C09"": 0, ""C10"": 0, ""C11"": 0, ""C12"": 0, ""C13"": 0, ""C14"": 0, ""C15"": 0, ""C16"": 918, ""C17"": 0, ""C18"": 0, ""C19"": 644, ""C20"": 0}","{""C01"": 0.025377835647126396, ""C02"": 0.025377835647126396, ""C03"": 0.025377835647126396, ""C04"": 0.025377835647126396, ""C05"": 0.025377835647126396, ""C06"": 0.025377835647126396, ""C07"": 0.025377835647126396, ""C08"": 0.025377835647126396, ""C09"": 0.025377835647126396, ""C10"": 0.025377835647126396, ""C11"": 0.025377835647126396, ""C12"": 0.025377835647126396, ""C13"": 0.025377835647126396, ""C14"": 0.025377835647126396, ""C15"": 0.025377835647126396, ""C16"": 0.02484623017449292, ""C17"": 0.025377835647126396, ""C18"": 0.025377835647126396, ""C19"": 0.025004888631629345, ""C20"": 0.025377835647126396}"
83,83,1,493,2.795980,20,"{""C01"": 1.172399, ""C02"": 1.175566, ""C03"": 1.180593, ""C04"": 1.194523, ""C05"": 1.220209, ""C06"": 1.173363, ""C07"": 1.182992, ""C08"": 1.662841, ""C09"": 1.586509, ""C10"": 1.622037, ""C11"": 1.642122, ""C12"": 1.646724, ""C13"": 1.643085, ""C14"": 1.59192, ""C15"": 1.642198, ""C16"": 2.394057, ""C17"": 2.323616, ""C18"": 2.354339, ""C19"": 2.401183, ""C20"": 2.357571}","{""C01"": 0, ""C02"": 0, ""C03"": 0, ""C04"": 0, ""C05"": 0, ""C06"": 0, ""C07"": 0, ""C08"": 0, ""C09"": 0, ""C10"": 0, ""C11"": 0, ""C12"": 0, ""C13"": 0, ""C14"": 0, ""C15"": 0, ""C16"": 649, ""C17"": 0, ""C18"": 0, ""C19"": 912, ""C20"": 0}","{""C01"": 0.025377608586004283, ""C02"": 0.025377608586004283, ""C03"": 0.025377608586004283, ""C04"": 0.025377608586004283, ""C05"": 0.025377608586004283, ""C06"": 0.025377608586004283, ""C07"": 0.025377608586004283, ""C08"": 0.025377608586004283, ""C09"": 0.025377608586004283, ""C10"": 0.025377608586004283, ""C11"": 0.025377608586004283, ""C12"": 0.025377608586004283, ""C13"": 0.025377608586004283, ""C14"": 0.025377608586004283, ""C15"": 0.025377608586004283, ""C16"": 0.025001771963105532, ""C17"": 0.025377608586004283, ""C18"": 0.025377608586004283, ""C19"": 0.024849477604857274, ""C20"": 0.025377608586004283}"
84,84,1,1074,6.167396,20,"{""C01"": 1.16673, ""C02"": 1.169615, ""C03"": 1.177174, ""C04"": 1.195259, ""C05"": 1.22477, ""C06"": 1.166982, ""C07"": 1.179294, ""C08"": 1.671609, ""C09"": 1.593552, ""C10"": 1.624069, ""C11"": 1.638213, ""C12"": 1.638738, ""C13"": 1.634804, ""C14"": 1.598648, ""C15"": 1.639042, ""C16"": 2.388096, ""C17"": 2.325165, ""C18"": 2.362714, ""C19"": 2.41249, ""C20"": 2.366556}","{""C01"": 0, ""C02"": 0, ""C03"": 0, ""C04"": 0, ""C05"": 0, ""C06"": 0, ""C07"": 0, ""C08"": 0, ""C09"": 0, ""C10"": 0, ""C11"": 0, ""C12"": 0, ""C13"": 0, ""C14"": 0, ""C15"": 0, ""C16"": 0, ""C17"": 0, ""C18"": 0, ""C19"": 1557, ""C20"": 0}","{""C01"": 0.025380673331568196, ""C02"": 0.025380673331568196, ""C03"": 0.025380673331568196, ""C04"": 0.025380673331568196, ""C05"": 0.025380673331568196, ""C06"": 0.025380673331568196, ""C07"": 0.025380673331568196, ""C08"": 0.025380673331568196, ""C09"": 0.025380673331568196, ""C10"": 0.025380673331568196, ""C11"": 0.025380673331568196, ""C12"": 0.025380673331568196, ""C13"": 0.025380673331568196, ""C14"": 0.025380673331568196, ""C15"": 0.025380673331568196, ""C16"": 0.025380673331568196, ""C17"": 0.025380673331568196, ""C18"": 0.025380673331568196, ""C19"": 0.024479009937884617, ""C20"": 0.025380673331568196}"
85,85,1,886,5.023853,20,"{""C01"": 1.160613, ""C02"": 1.164279, ""C03"": 1.175144, ""C04"": 1.197503, ""C05"": 1.230248, ""C06"": 1.160187, ""C07"": 1.17682, ""C08"": 1.680226, ""C09"": 1.599081, ""C10"": 1.623933, ""C11"": 1.6325, ""C12"": 1.630159, ""C13"": 1.627418, ""C14"": 1.603758, ""C15"": 1.633988, ""C16"": 2.384654, ""C17"": 2.329414, ""C18"": 2.372698, ""C19"": 2.423555, ""C20"": 2.377086}","{""C01"": 0, ""C02"": 0, ""C03"": 0, ""C04"": 0, ""C05"": 0, ""C06"": 0, ""C07"": 0, ""C08"": 0, ""C09"": 0, ""C10"": 0, ""C11"": 0, ""C12"": 0, ""C13"": 0, ""C14"": 0, ""C15"": 0, ""C16"": 0, ""C17"": 0, ""C18"": 0, ""C19"": 1555, ""C20"": 0}","{""C01"": 0.025383664277136078, ""C02"": 0.025383664277136078, ""C03"": 0.025383664277136078, ""C04"": 0.025383664277136078, ""C05"": 0.025383664277136078, ""C06"": 0.025383664277136078, ""C07"": 0.025383664277136078, ""C08"": 0.025383664277136078, ""C09"": 0.025383664277136078, ""C10"": 0.025383664277136078, ""C11"": 0.025383664277136078, ""C12"": 0.025383664277136078, ""C13"": 0.025383664277136078, ""C14"": 0.025383664277136078, ""C15"": 0.025383664277136078, ""C16"": 0.025383664277136078, ""C17"": 0.025383664277136078, ""C18"": 0.025383664277136078, ""C19"": 0.024483157876098283, ""C20"": 0.025383664277136078}"
86,86,1,810,4.578666,20,"{""C01"": 1.15443, ""C02"": 1.159893, ""C03"": 1.174631, ""C04"": 1.201119, ""C05"": 1.236304, ""C06"": 1.153385, ""C07"": 1.175722, ""C08"": 1.688162, ""C09"": 1.602755, ""C10"": 1.621641, ""C11"": 1.625341, ""C12"": 1.621524, ""C13"": 1.62139, ""C14"": 1.606922, ""C15"": 1.627366, ""C16"": 2.38395, ""C17"": 2.336106, ""C18"": 2.383678, ""C19"": 2.433697, ""C20"": 2.388536}","{""C01"": 0, ""C02"": 0, ""C03"": 0, ""C04"": 0, ""C05"": 0, ""C06"": 0, ""C07"": 0, ""C08"": 0, ""C09"": 0, ""C10"": 0, ""C11"": 0, ""C12"": 0, ""C13"": 0, ""C14"": 0, ""C15"": 0, ""C16"": 0, ""C17"": 0, ""C18"": 0, ""C19"": 1553, ""C20"": 0}","{""C01"": 0.025386286389915358, ""C02"": 0.025386286389915358, ""C03"": 0.025386286389915358, ""C04"": 0.025386286389915358, ""C05"": 0.025386286389915358, ""C06"": 0.025386286389915358, ""C07"": 0.025386286389915358, ""C08"": 0.025386286389915358, ""C09"": 0.025386286389915358, ""C10"": 0.025386286389915358, ""C11"": 0.025386286389915358, ""C12"": 0.025386286389915358, ""C13"": 0.025386286389915358, ""C14"": 0.025386286389915358, ""C15"": 0.025386286389915358, ""C16"": 0.025386286389915358, ""C17"": 0.025386286389915358, ""C18"": 0.025386286389915358, ""C19"": 0.02448693795896551, ""C20"": 0.025386286389915358}"
87,87,1,861,4.951534,20,"{""C01"": 1.148567, ""C02"": 1.156731, ""C03"": 1.17567, ""C04"": 1.205882, ""C05"": 1.242565, ""C06"": 1.146983, ""C07"": 1.176066, ""C08"": 1.694924, ""C09"": 1.60435, ""C10"": 1.617337, ""C11"": 1.617186, ""C12"": 1.613372, ""C13"": 1.617097, ""C14"": 1.607929, ""C15"": 1.619601, ""C16"": 2.386035, ""C17"": 2.344831, ""C18"": 2.394975, ""C19"": 2.44229, ""C20"": 2.400217}","{""C01"": 0, ""C02"": 0, ""C03"": 0, ""C04"": 0, ""C05"": 0, ""C06"": 0, ""C07"": 0, ""C08"": 0, ""C09"": 0, ""C10"": 0, ""C11"": 0, ""C12"": 0, ""C13"": 0, ""C14"": 0, ""C15"": 0, ""C16"": 0, ""C17"": 0, ""C18"": 0, ""C19"": 1551, ""C20"": 0}","{""C01"": 0.025388313377072397, ""C02"": 0.025388313377072397, ""C03"": 0.025388313377072397, ""C04"": 0.025388313377072397, ""C05"": 0.025388313377072397, ""C06"": 0.025388313377072397, ""C07"": 0.025388313377072397, ""C08"": 0.025388313377072397, ""C09"": 0.025388313377072397, ""C10"": 0.025388313377072397, ""C11"": 0.025388313377072397, ""C12"": 0.025388313377072397, ""C13"": 0.025388313377072397, ""C14"": 0.025388313377072397, ""C15"": 0.025388313377072397, ""C16"": 0.025388313377072397, ""C17"": 0.025388313377072397, ""C18"": 0.025388313377072397, ""C19"": 0.02449012450094189, ""C20"": 0.025388313377072397}"
88,88,1,1095,6.273696,20,"{""C01"": 1.143391, ""C02"": 1.154992, ""C03"": 1.178197, ""C04"": 1.211499, ""C05"": 1.248641, ""C06"": 1.141369, ""C07"": 1.177825, ""C08"": 1.700097, ""C09"": 1.603768, ""C10"": 1.611294, ""C11"": 1.608543, ""C12"": 1.606214, ""C13"": 1.614809, ""C14"": 1.6067, ""C15"": 1.611186, ""C16"": 2.390783, ""C17"": 2.35505, ""C18"": 2.405893, ""C19"": 2.448806, ""C20"": 2.411423}","{""C01"": 0, ""C02"": 0, ""C03"": 0, ""C04"": 0, ""C05"": 0, ""C06"": 0, ""C07"": 0, ""C08"": 0, ""C09"": 0, ""C10"": 0, ""C11"": 0, ""C12"": 0, ""C13"": 0, ""C14"": 0, ""C15"": 0, ""C16"": 0, ""C17"": 0, ""C18"": 0, ""C19"": 1549, ""C20"": 0}","{""C01"": 0.02538955802626798, ""C02"": 0.02538955802626798, ""C03"": 0.02538955802626798, ""C04"": 0.02538955802626798, ""C05"": 0.02538955802626798, ""C06"": 0.02538955802626798, ""C07"": 0.02538955802626798, ""C08"": 0.02538955802626798, ""C09"": 0.02538955802626798, ""C10"": 0.02538955802626798, ""C11"": 0.02538955802626798, ""C12"": 0.02538955802626798, ""C13"": 0.02538955802626798, ""C14"": 0.02538955802626798, ""C15"": 0.02538955802626798, ""C16"": 0.02538955802626798, ""C17"": 0.02538955802626798, ""C18"": 0.02538955802626798, ""C19"": 0.024492530795919384, ""C20"": 0.02538955802626798}"
89,89,1,1103,6.378191,20,"{""C01"": 1.139225, ""C02"": 1.154785, ""C03"": 1.182057, ""C04"": 1.217622, ""C05"": 1.254158, ""C06"": 1.13688, ""C07"": 1.180883, ""C08"": 1.703361, ""C09"": 1.601049, ""C10"": 1.60389, ""C11"": 1.599953, ""C12"": 1.600497, ""C13"": 1.614672, ""C14"": 1.603293, ""C15"": 1.60265, ""C16"": 2.397904, ""C17"": 2.366134, ""C18"": 2.415758, ""C19"": 2.452843, ""C20"": 2.421474}","{""C01"": 0, ""C02"": 0, ""C03"": 0, ""C04"": 0, ""C05"": 0, ""C06"": 0, ""C07"": 0, ""C08"": 0, ""C09"": 0, ""C10"": 0, ""C11"": 0, ""C12"": 0, ""C13"": 0, ""C14"": 0, ""C15"": 0, ""C16"": 0, ""C17"": 0, ""C18"": 0, ""C19"": 1549, ""C20"": 0}","{""C01"": 0.025391048995749815, ""C02"": 0.025391048995749815, ""C03"": 0.025391048995749815, ""C04"": 0.025391048995749815, ""C05"": 0.025391048995749815, ""C06"": 0.025391048995749815, ""C07"": 0.025391048995749815, ""C08"": 0.025391048995749815, ""C09"": 0.025391048995749815, ""C10"": 0.025391048995749815, ""C11"": 0.025391048995749815, ""C12"": 0.025391048995749815, ""C13"": 0.025391048995749815, ""C14"": 0.025391048995749815, ""C15"": 0.025391048995749815, ""C16"": 0.025391048995749815, ""C17"": 0.025391048995749815, ""C18"": 0.025391048995749815, ""C19"": 0.024494017785893205, ""C20"": 0.025391048995749815}"
90,90,1,1288,7.573173,20,"{""C01"": 1.136329, ""C02"": 1.156124, ""C03"": 1.187012, ""C04"": 1.223871, ""C05"": 1.258773, ""C06"": 1.13379, ""C07"": 1.185046, ""C08"": 1.704515, ""C09"": 1.596365, ""C10"": 1.595586, ""C11"": 1.591953, ""C12"": 1.596579, ""C13"": 1.616696, ""C14"": 1.597898, ""C15"": 1.594528, ""C16"": 2.40696, ""C17"": 2.377397, ""C18"": 2.42396, ""C19"": 2.454156, ""C20"": 2.429757}","{""C01"": 0, ""C02"": 0, ""C03"": 0, ""C04"": 0, ""C05"": 0, ""C06"": 0, ""C07"": 0, ""C08"": 0, ""C09"": 0, ""C10"": 0, ""C11"": 0, ""C12"": 0, ""C13"": 0, ""C14"": 0, ""C15"": 0, ""C16"": 0, ""C17"": 0, ""C18"": 0, ""C19"": 1548, ""C20"": 0}","{""C01"": 0.02539094889206235, ""C02"": 0.02539094889206235, ""C03"": 0.02539094889206235, ""C04"": 0.02539094889206235, ""C05"": 0.02539094889206235, ""C06"": 0.02539094889206235, ""C07"": 0.02539094889206235, ""C08"": 0.02539094889206235, ""C09"": 0.02539094889206235, ""C10"": 0.02539094889206235, ""C11"": 0.02539094889206235, ""C12"": 0.02539094889206235, ""C13"": 0.02539094889206235, ""C14"": 0.02539094889206235, ""C15"": 0.02539094889206235, ""C16"": 0.02539094889206235, ""C17"": 0.02539094889206235, ""C18"": 0.02539094889206235, ""C19"": 0.024494500435183888, ""C20"": 0.02539094889206235}"
91,91,1,539,3.168191,20,"{""C01"": 1.134886, ""C02"": 1.158929, ""C03"": 1.192755, ""C04"": 1.229861, ""C05"": 1.262202, ""C06"": 1.132286, ""C07"": 1.190047, ""C08"": 1.703491, ""C09"": 1.590008, ""C10"": 1.586903, ""C11"": 1.585042, ""C12"": 1.594707, ""C13"": 1.620759, ""C14"": 1.59083, ""C15"": 1.587325, ""C16"": 2.417392, ""C17"": 2.388144, ""C18"": 2.429995, ""C19"": 2.452668, ""C20"": 2.435764}","{""C01"": 0, ""C02"": 0, ""C03"": 0, ""C04"": 0, ""C05"": 0, ""C06"": 0, ""C07"": 0, ""C08"": 0, ""C09"": 0, ""C10"": 0, ""C11"": 0, ""C12"": 0, ""C13"": 0, ""C14"": 0, ""C15"": 0, ""C16"": 0, ""C17"": 0, ""C18"": 297, ""C19"": 812, ""C20"": 445}","{""C01"": 0.025390509632262817, ""C02"": 0.025390509632262817, ""C03"": 0.025390509632262817, ""C04"": 0.025390509632262817, ""C05"": 0.025390509632262817, ""C06"": 0.025390509632262817, ""C07"": 0.025390509632262817, ""C08"": 0.025390509632262817, ""C09"": 0.025390509632262817, ""C10"": 0.025390509632262817, ""C11"": 0.025390509632262817, ""C12"": 0.025390509632262817, ""C13"": 0.025390509632262817, ""C14"": 0.025390509632262817, ""C15"": 0.025390509632262817, ""C16"": 0.025390509632262817, ""C17"": 0.025390509632262817, ""C18"": 0.0252185115333535, ""C19"": 0.024920292695835344, ""C20"": 0.025132803845528854}"
92,92,1,316,1.796952,20,"{""C01"": 1.134986, ""C02"": 1.163025, ""C03"": 1.19893, ""C04"": 1.235219, ""C05"": 1.264232, ""C06"": 1.132463, ""C07"": 1.195571, ""C08"": 1.700355, ""C09"": 1.582378, ""C10"": 1.578382, ""C11"": 1.579653, ""C12"": 1.594999, ""C13"": 1.626609, ""C14"": 1.582509, ""C15"": 1.581487, ""C16"": 2.428555, ""C17"": 2.39771, ""C18"": 2.43349, ""C19"": 2.448473, ""C20"": 2.439125}","{""C01"": 0, ""C02"": 0, ""C03"": 0, ""C04"": 0, ""C05"": 0, ""C06"": 0, ""C07"": 0, ""C08"": 0, ""C09"": 0, ""C10"": 0, ""C11"": 0, ""C12"": 0, ""C13"": 0, ""C14"": 0, ""C15"": 0, ""C16"": 312, ""C17"": 0, ""C18"": 318, ""C19"": 600, ""C20"": 325}","{""C01"": 0.025389595720983746, ""C02"": 0.025389595720983746, ""C03"": 0.025389595720983746, ""C04"": 0.025389595720983746, ""C05"": 0.025389595720983746, ""C06"": 0.025389595720983746, ""C07"": 0.025389595720983746, ""C08"": 0.025389595720983746, ""C09"": 0.025389595720983746, ""C10"": 0.025389595720983746, ""C11"": 0.025389595720983746, ""C12"": 0.025389595720983746, ""C13"": 0.025389595720983746, ""C14"": 0.025389595720983746, ""C15"": 0.025389595720983746, ""C16"": 0.025208911159570732, ""C17"": 0.025389595720983746, ""C18"": 0.025205438971351208, ""C19"": 0.025042150614570345, ""C20"": 0.025201391014173236}"
93,93,1,333,1.877959,20,"{""C01"": 1.136624, ""C02"": 1.16816, ""C03"": 1.205154, ""C04"": 1.239614, ""C05"": 1.264738, ""C06"": 1.134311, ""C07"": 1.201268, ""C08"": 1.695302, ""C09"": 1.573949, ""C10"": 1.570555, ""C11"": 1.576122, ""C12"": 1.597439, ""C13"": 1.633885, ""C14"": 1.573428, ""C15"": 1.577369, ""C16"": 2.43976, ""C17"": 2.405504, ""C18"": 2.434232, ""C19"": 2.441838, ""C20"": 2.439629}","{""C01"": 0, ""C02"": 0, ""C03"": 0, ""C04"": 0, ""C05"": 0, ""C06"": 0, ""C07"": 0, ""C08"": 0, ""C09"": 0, ""C10"": 0, ""C11"": 0, ""C12"": 0, ""C13"": 0, ""C14"": 0, ""C15"": 0, ""C16"": 335, ""C17"": 0, ""C18"": 316, ""C19"": 576, ""C20"": 326}","{""C01"": 0.02538840016649746, ""C02"": 0.02538840016649746, ""C03"": 0.02538840016649746, ""C04"": 0.02538840016649746, ""C05"": 0.02538840016649746, ""C06"": 0.02538840016649746, ""C07"": 0.02538840016649746, ""C08"": 0.02538840016649746, ""C09"": 0.02538840016649746, ""C10"": 0.02538840016649746, ""C11"": 0.02538840016649746, ""C12"": 0.02538840016649746, ""C13"": 0.02538840016649746, ""C14"": 0.02538840016649746, ""C15"": 0.02538840016649746, ""C16"": 0.025194413120509022, ""C17"": 0.02538840016649746, ""C18"": 0.025205407297812333, ""C19"": 0.025054849585651462, ""C20"": 0.025199624680084416}"
94,94,1,340,1.958434,20,"{""C01"": 1.1397, ""C02"": 1.174015, ""C03"": 1.211043, ""C04"": 1.242774, ""C05"": 1.263691, ""C06"": 1.137724, ""C07"": 1.206781, ""C08"": 1.688651, ""C09"": 1.565249, ""C10"": 1.563911, ""C11"": 1.574672, ""C12"": 1.601877, ""C13"": 1.642137, ""C14"": 1.564134, ""C15"": 1.57522, ""C16"": 2.450311, ""C17"": 2.411046, ""C18"": 2.432179, ""C19"": 2.433178, ""C20"": 2.437239}","{""C01"": 0, ""C02"": 0, ""C03"": 0, ""C04"": 0, ""C05"": 0, ""C06"": 0, ""C07"": 0, ""C08"": 0, ""C09"": 0, ""C10"": 0, ""C11"": 0, ""C12"": 0, ""C13"": 0, ""C14"": 0, ""C15"": 0, ""C16"": 615, ""C17"": 0, ""C18"": 310, ""C19"": 313, ""C20"": 317}","{""C01"": 0.02539001278925483, ""C02"": 0.02539001278925483, ""C03"": 0.02539001278925483, ""C04"": 0.02539001278925483, ""C05"": 0.02539001278925483, ""C06"": 0.02539001278925483, ""C07"": 0.02539001278925483, ""C08"": 0.02539001278925483, ""C09"": 0.02539001278925483, ""C10"": 0.02539001278925483, ""C11"": 0.02539001278925483, ""C12"": 0.02539001278925483, ""C13"": 0.02539001278925483, ""C14"": 0.02539001278925483, ""C15"": 0.02539001278925483, ""C16"": 0.025033881308295317, ""C17"": 0.02539001278925483, ""C18"": 0.025210486938082373, ""C19"": 0.025208750300841593, ""C20"": 0.02520643702157455}"
95,95,1,1256,7.219752,20,"{""C01"": 1.144024, ""C02"": 1.180228, ""C03"": 1.21623, ""C04"": 1.244503, ""C05"": 1.261156, ""C06"": 1.142499, ""C07"": 1.211765, ""C08"": 1.680815, ""C09"": 1.55682, ""C10"": 1.558864, ""C11"": 1.575393, ""C12"": 1.608038, ""C13"": 1.650853, ""C14"": 1.555187, ""C15"": 1.575161, ""C16"": 2.459558, ""C17"": 2.413993, ""C18"": 2.42746, ""C19"": 2.423034, ""C20"": 2.432091}","{""C01"": 0, ""C02"": 0, ""C03"": 0, ""C04"": 0, ""C05"": 0, ""C06"": 0, ""C07"": 0, ""C08"": 0, ""C09"": 0, ""C10"": 0, ""C11"": 0, ""C12"": 0, ""C13"": 0, ""C14"": 0, ""C15"": 0, ""C16"": 1547, ""C17"": 0, ""C18"": 0, ""C19"": 0, ""C20"": 0}","{""C01"": 0.02539235321498788, ""C02"": 0.02539235321498788, ""C03"": 0.02539235321498788, ""C04"": 0.02539235321498788, ""C05"": 0.02539235321498788, ""C06"": 0.02539235321498788, ""C07"": 0.02539235321498788, ""C08"": 0.02539235321498788, ""C09"": 0.02539235321498788, ""C10"": 0.02539235321498788, ""C11"": 0.02539235321498788, ""C12"": 0.02539235321498788, ""C13"": 0.02539235321498788, ""C14"": 0.02539235321498788, ""C15"": 0.02539235321498788, ""C16"": 0.024496483494927328, ""C17"": 0.02539235321498788, ""C18"": 0.02539235321498788, ""C19"": 0.02539235321498788, ""C20"": 0.02539235321498788}"
96,96,1,944,5.579822,20,"{""C01"": 1.149327, ""C02"": 1.186413, ""C03"": 1.220394, ""C04"": 1.244694, ""C05"": 1.257292, ""C06"": 1.148351, ""C07"": 1.215908, ""C08"": 1.672284, ""C09"": 1.549187, ""C10"": 1.555731, ""C11"": 1.578243, ""C12"": 1.615543, ""C13"": 1.659494, ""C14"": 1.547126, ""C15"": 1.577184, ""C16"": 2.466927, ""C17"": 2.414165, ""C18"": 2.420373, ""C19"": 2.41204, ""C20"": 2.424494}","{""C01"": 0, ""C02"": 0, ""C03"": 0, ""C04"": 0, ""C05"": 0, ""C06"": 0, ""C07"": 0, ""C08"": 0, ""C09"": 0, ""C10"": 0, ""C11"": 0, ""C12"": 0, ""C13"": 0, ""C14"": 0, ""C15"": 0, ""C16"": 1546, ""C17"": 0, ""C18"": 0, ""C19"": 0, ""C20"": 0}","{""C01"": 0.025394472405115637, ""C02"": 0.025394472405115637, ""C03"": 0.025394472405115637, ""C04"": 0.025394472405115637, ""C05"": 0.025394472405115637, ""C06"": 0.025394472405115637, ""C07"": 0.025394472405115637, ""C08"": 0.025394472405115637, ""C09"": 0.025394472405115637, ""C10"": 0.025394472405115637, ""C11"": 0.025394472405115637, ""C12"": 0.025394472405115637, ""C13"": 0.025394472405115637, ""C14"": 0.025394472405115637, ""C15"": 0.025394472405115637, ""C16"": 0.024499179509076156, ""C17"": 0.025394472405115637, ""C18"": 0.025394472405115637, ""C19"": 0.025394472405115637, ""C20"": 0.025394472405115637}"
97,97,1,777,4.924775,20,"{""C01"": 1.155281, ""C02"": 1.192186, ""C03"": 1.223278, ""C04"": 1.243338, ""C05"": 1.25234, ""C06"": 1.154933, ""C07"": 1.218954, ""C08"": 1.663589, ""C09"": 1.542827, ""C10"": 1.554707, ""C11"": 1.583047, ""C12"": 1.623925, ""C13"": 1.667523, ""C14"": 1.54044, ""C15"": 1.581151, ""C16"": 2.471964, ""C17"": 2.411554, ""C18"": 2.411361, ""C19"": 2.400882, ""C20"": 2.414902}","{""C01"": 0, ""C02"": 0, ""C03"": 0, ""C04"": 0, ""C05"": 0, ""C06"": 0, ""C07"": 0, ""C08"": 0, ""C09"": 0, ""C10"": 0, ""C11"": 0, ""C12"": 0, ""C13"": 0, ""C14"": 0, ""C15"": 0, ""C16"": 1545, ""C17"": 0, ""C18"": 0, ""C19"": 0, ""C20"": 0}","{""C01"": 0.02539572992068856, ""C02"": 0.02539572992068856, ""C03"": 0.02539572992068856, ""C04"": 0.02539572992068856, ""C05"": 0.02539572992068856, ""C06"": 0.02539572992068856, ""C07"": 0.02539572992068856, ""C08"": 0.02539572992068856, ""C09"": 0.02539572992068856, ""C10"": 0.02539572992068856, ""C11"": 0.02539572992068856, ""C12"": 0.02539572992068856, ""C13"": 0.02539572992068856, ""C14"": 0.02539572992068856, ""C15"": 0.02539572992068856, ""C16"": 0.02450101615158443, ""C17"": 0.02539572992068856, ""C18"": 0.02539572992068856, ""C19"": 0.02539572992068856, ""C20"": 0.02539572992068856}"
98,98,1,607,3.625485,20,"{""C01"": 1.161516, ""C02"": 1.19719, ""C03"": 1.224702, ""C04"": 1.240519, ""C05"": 1.246609, ""C06"": 1.161851, ""C07"": 1.220716, ""C08"": 1.655274, ""C09"": 1.538137, ""C10"": 1.555857, ""C11"": 1.589506, ""C12"": 1.632666, ""C13"": 1.674442, ""C14"": 1.535537, ""C15"": 1.586798, ""C16"": 2.474357, ""C17"": 2.406325, ""C18"": 2.400987, ""C19"": 2.390258, ""C20"": 2.403891}","{""C01"": 0, ""C02"": 0, ""C03"": 0, ""C04"": 0, ""C05"": 0, ""C06"": 0, ""C07"": 0, ""C08"": 0, ""C09"": 0, ""C10"": 0, ""C11"": 0, ""C12"": 0, ""C13"": 0, ""C14"": 0, ""C15"": 0, ""C16"": 1544, ""C17"": 0, ""C18"": 0, ""C19"": 0, ""C20"": 0}","{""C01"": 0.02539601886391636, ""C02"": 0.02539601886391636, ""C03"": 0.02539601886391636, ""C04"": 0.02539601886391636, ""C05"": 0.02539601886391636, ""C06"": 0.02539601886391636, ""C07"": 0.02539601886391636, ""C08"": 0.02539601886391636, ""C09"": 0.02539601886391636, ""C10"": 0.02539601886391636, ""C11"": 0.02539601886391636, ""C12"": 0.02539601886391636, ""C13"": 0.02539601886391636, ""C14"": 0.02539601886391636, ""C15"": 0.02539601886391636, ""C16"": 0.024501886815837856, ""C17"": 0.02539601886391636, ""C18"": 0.02539601886391636, ""C19"": 0.02539601886391636, ""C20"": 0.02539601886391636}"
99,99,1,492,2.925774,20,"{""C01"": 1.167646, ""C02"": 1.201114, ""C03"": 1.22458, ""C04"": 1.236413, ""C05"": 1.240455, ""C06"": 1.168696, ""C07"": 1.221089, ""C08"": 1.647856, ""C09"": 1.53541, ""C10"": 1.559112, ""C11"": 1.597222, ""C12"": 1.641222, ""C13"": 1.679824, ""C14"": 1.532715, ""C15"": 1.593765, ""C16"": 2.47396, ""C17"": 2.398806, ""C18"": 2.389897, ""C19"": 2.380828, ""C20"": 2.392122}","{""C01"": 0, ""C02"": 0, ""C03"": 0, ""C04"": 0, ""C05"": 0, ""C06"": 0, ""C07"": 0, ""C08"": 0, ""C09"": 0, ""C10"": 0, ""C11"": 0, ""C12"": 0, ""C13"": 0, ""C14"": 0, ""C15"": 0, ""C16"": 1544, ""C17"": 0, ""C18"": 0, ""C19"": 0, ""C20"": 0}","{""C01"": 0.025395874042003358, ""C02"": 0.025395874042003358, ""C03"": 0.025395874042003358, ""C04"": 0.025395874042003358, ""C05"": 0.025395874042003358, ""C06"": 0.025395874042003358, ""C07"": 0.025395874042003358, ""C08"": 0.025395874042003358, ""C09"": 0.025395874042003358, ""C10"": 0.025395874042003358, ""C11"": 0.025395874042003358, ""C12"": 0.025395874042003358, ""C13"": 0.025395874042003358, ""C14"": 0.025395874042003358, ""C15"": 0.025395874042003358, ""C16"": 0.024501742381813532, ""C17"": 0.025395874042003358, ""C18"": 0.025395874042003358, ""C19"": 0.025395874042003358, ""C20"": 0.025395874042003358}"
100,100,1,490,2.904292,20,"{""C01"": 1.173291, ""C02"": 1.203715, ""C03"": 1.222919, ""C04"": 1.231276, ""C05"": 1.234264, ""C06"": 1.175061, ""C07"": 1.220054, ""C08"": 1.641797, ""C09"": 1.534816, ""C10"": 1.56427, ""C11"": 1.605715, ""C12"": 1.649063, ""C13"": 1.683334, ""C14"": 1.532147, ""C15"": 1.601603, ""C16"": 2.4708, ""C17"": 2.389467, ""C18"": 2.378784, ""C19"": 2.373183, ""C20"": 2.380301}","{""C01"": 0, ""C02"": 0, ""C03"": 0, ""C04"": 0, ""C05"": 0, ""C06"": 0, ""C07"": 0, ""C08"": 0, ""C09"": 0, ""C10"": 0, ""C11"": 0, ""C12"": 0, ""C13"": 0, ""C14"": 0, ""C15"": 0, ""C16"": 1545, ""C17"": 0, ""C18"": 0, ""C19"": 0, ""C20"": 0}","{""C01"": 0.025395304734000368, ""C02"": 0.025395304734000368, ""C03"": 0.025395304734000368, ""C04"": 0.025395304734000368, ""C05"": 0.025395304734000368, ""C06"": 0.025395304734000368, ""C07"": 0.025395304734000368, ""C08"": 0.025395304734000368, ""C09"": 0.025395304734000368, ""C10"": 0.025395304734000368, ""C11"": 0.025395304734000368, ""C12"": 0.025395304734000368, ""C13"": 0.025395304734000368, ""C14"": 0.025395304734000368, ""C15"": 0.025395304734000368, ""C16"": 0.024500592102952887, ""C17"": 0.025395304734000368, ""C18"": 0.025395304734000368, ""C19"": 0.025395304734000368, ""C20"": 0.025395304734000368}"
